ResponseId,state,empsta,weights,hcity,zip_code,urban,suburban,rural,ext_cold_impact_wlb,cold_imp_1,cold_imp_2,cold_imp_3,cold_imp_4,cold_imp_5,ext_cold_cope,ext_cold_likely_repeat,ext_cold_affect,ext_cold_lkly_normal_business,ext_cold_lkly_stay_home,ext_cold_lkly_seek_shelter,ext_cold_lkly_social_connection,ext_cold_lkly_leave_town,ext_cold_lkly_supplies,ext_cold_lkly_follow_officials,ext_cold_lkly_comm_supports,ext_cold_indoor_restaurant,ext_cold_takeout_pickup,ext_cold_food_delivery,ext_cold_public_indoors,ext_cold_wfh,ext_cold_commute,ext_cold_car_travel,ext_cold_transit_use,ext_cold_stay_home,ext_cold_stay_family_friends,ext_cold_check_family_friends,ext_cold_volunteer_community,CR,SE,PR,female,age_3150,age_5165,age_65p,age_cat,edu_bs,bs_grad,white,black,asian,hispanic_raw,hispanic_c,race_cat,in50,in50100,income_cat,hhsize1,hhsize2,hhsize_cat,child,dis_yes,work_out,tcom_no,sa_home,hhveh0,ac_raw,ac_c,PopDens_low,PopDens_medium,PopDens_high,PopDens_cat,EmpDens_low,EmpDens_medium,EmpDens_high,EmpDens_cat,NetworkDensity_low,NetworkDensity_medium,NetworkDensity_high,NetworkDensity_cat,Diversity_low,Diversity_medium,Diversity_high,Diversity_cat,TransitAccess_low,TransitAccess_medium,TransitAccess_high,TransitAccess_cat,NatWalkInd_very_low,NatWalkInd_low,NatWalkInd_high,NatWalkInd_very_high,NatWalkInd_cat
1001,26,4,1.080766134,0,64011,0,0,1,2,0,1,0,0,0,2,5,2,4,5,1,1,1,4,4,1,2,2,2,2,2,2,1,2,3,4,3,4,-0.583507714,-0.866495326,-1.476662817,1,1,0,0,2,0,0,1,0,0,2,0,4,1,0,1,0,1,2,0,1,0,0,0,1,-9,0,1,0,0,1,1,0,0,1,1,0,0,1,1,0,0,1,1,0,0,1,1,0,0,0,1
1003,34,4,0.200426179,0,27511,0,1,0,2,0,1,0,0,0,1,3,1,4,4,2,2,2,4,4,3,2,2,2,4,2,2,2,2,2,3,3,2,-0.261157732,-1.240921295,0.556773261,0,0,0,1,4,1,1,1,0,0,2,0,4,1,0,1,0,1,2,0,0,0,0,1,0,1,1,0,1,0,2,0,1,0,2,0,0,1,3,0,0,1,3,1,0,0,1,0,0,1,0,3
1006,48,4,0.269793111,0,24439,0,0,1,2,0,1,0,0,0,3,5,4,4,4,2,2,2,4,4,4,1,1,2,4,2,2,2,2,2,4,4,4,0.611257856,-1.110460585,-1.813361955,1,1,0,0,2,0,0,1,0,0,2,0,4,1,0,1,0,0,3,0,1,0,0,1,1,1,1,1,0,0,1,1,0,0,1,1,0,0,1,1,0,0,1,1,0,0,1,1,0,0,0,1
1009,26,4,0.282377914,0,63501,0,1,0,1,1,0,0,0,0,1,5,4,4,5,1,1,1,5,5,4,1,2,3,3,2,2,1,2,2,3,2,3,0.266949556,0.587818555,0.632522653,1,0,0,1,4,0,0,1,0,0,2,0,4,1,0,1,1,0,1,0,0,0,0,0,0,-9,0,0,1,0,2,0,1,0,2,1,0,0,1,0,0,1,3,1,0,0,1,0,1,0,0,2
1014,38,4,1.22E-08,0,97470,0,0,1,2,0,1,0,0,0,3,3,3,3,3,3,3,3,2,4,3,2,2,2,4,2,2,2,2,2,3,3,3,-0.630387057,-1.109210958,-0.529074917,1,0,0,0,1,0,0,1,1,0,2,0,2,1,0,1,1,0,1,0,1,0,0,0,1,-9,0,1,0,0,1,1,0,0,1,1,0,0,1,1,0,0,1,1,0,0,1,1,0,0,0,1
1015,51,2,0.559583118,0,53406,0,1,0,3,0,0,1,0,0,3,5,3,3,5,2,2,3,5,5,3,1,2,2,4,3,2,2,2,3,3,2,3,1.031601796,-0.409149708,-0.083535192,1,0,0,1,4,1,1,1,0,0,2,0,4,1,0,1,1,0,1,0,0,0,0,1,0,-9,0,0,1,0,2,0,1,0,2,0,1,0,2,0,1,0,2,0,1,0,2,0,0,1,0,3
1016,39,2,0.461104918,0,16510,0,1,0,2,0,1,0,0,0,1,5,3,5,5,1,1,1,3,5,1,2,2,2,4,2,2,2,2,2,4,3,4,1.283706444,-0.365564105,1.077534827,1,1,0,0,2,0,0,1,0,0,2,0,4,1,0,1,0,0,3,0,0,0,1,0,1,1,1,0,1,0,2,0,1,0,2,0,1,0,2,0,1,0,2,1,0,0,1,0,0,1,0,3
1017,1,1,1.679072662,0,36870,0,1,0,2,0,1,0,0,0,2,3,5,5,4,4,4,4,4,3,4,2,2,2,2,3,3,2,2,2,3,3,3,-0.232175026,0.718103637,0.460953979,1,0,1,0,3,0,0,0,1,0,2,0,2,1,0,1,1,0,1,0,0,0,0,0,0,1,1,1,0,0,1,1,0,0,1,0,1,0,2,1,0,0,1,1,0,0,1,1,0,0,0,1
1019,5,4,0.000285073,0,91344,0,1,0,2,0,1,0,0,0,1,3,3,5,5,1,1,1,4,5,5,2,2,2,4,2,2,1,2,3,4,2,2,0.030864806,0.324282572,0.012527591,1,0,0,1,4,1,1,1,0,0,2,0,4,1,0,1,1,0,1,0,0,0,0,1,0,-9,0,0,1,0,2,0,1,0,2,0,0,1,3,0,0,1,3,1,0,0,1,0,0,1,0,3
1020,44,4,0.787038468,0,37321,0,1,0,2,0,1,0,0,0,3,3,2,3,5,2,2,2,4,4,3,1,1,2,4,2,2,2,2,3,3,3,4,-0.701412941,-0.293133518,-1.61362034,1,0,1,0,3,0,0,1,0,0,2,0,4,1,0,1,1,0,1,0,0,0,0,0,1,-9,0,1,0,0,1,1,0,0,1,0,1,0,2,0,0,1,3,1,0,0,1,1,0,0,0,1
1021,18,4,0.809581264,0,42071,0,1,0,1,1,0,0,0,0,1,5,4,5,5,1,5,2,4,5,4,2,2,2,4,2,2,2,2,2,3,3,3,0.872350491,-0.904382883,-1.202029631,1,0,0,1,4,0,0,1,0,0,2,0,4,1,0,1,1,0,1,0,0,0,0,0,0,-9,0,1,0,0,1,0,1,0,2,1,0,0,1,1,0,0,1,1,0,0,1,1,0,0,0,1
1028,39,4,1.982650153,0,15120,1,0,0,2,0,1,0,0,0,2,5,1,4,5,4,5,1,4,5,5,2,2,2,3,2,2,2,1,3,3,2,4,0.436381491,-1.164875867,-0.687405826,1,0,1,0,3,0,0,1,0,0,2,0,4,1,0,1,1,0,1,0,1,0,0,0,1,1,1,0,0,1,3,0,0,1,3,1,0,0,1,0,1,0,2,1,0,0,1,0,0,0,1,4
1029,46,4,8.40E-05,0,84088,0,1,0,3,0,0,1,0,0,3,5,5,2,5,1,1,1,5,5,4,1,1,3,1,2,2,3,2,3,3,2,2,0.589318409,1.419674472,0.127813904,1,0,0,1,4,0,0,1,0,0,2,0,4,1,0,1,0,1,2,0,0,0,0,1,0,1,1,0,1,0,2,0,0,1,3,0,1,0,2,0,0,1,3,0,0,1,3,0,0,0,1,4
1031,18,4,0.1682515,0,40215,0,1,0,5,0,0,0,0,1,2,5,5,4,5,1,1,1,5,5,5,2,2,2,2,2,2,3,3,3,1,2,2,1.387478301,-0.57668298,0.76078856,1,0,0,1,4,0,0,0,1,0,2,0,2,1,0,1,1,0,1,0,0,0,0,0,1,-9,0,0,0,1,3,1,0,0,1,0,0,1,3,1,0,0,1,1,0,0,1,0,0,0,1,4
1036,49,4,0.061059046,0,98042,0,1,0,1,1,0,0,0,0,1,3,1,4,3,2,1,1,3,4,3,2,2,2,4,2,2,2,2,2,4,3,3,0.676311125,-0.34666752,0.935574127,0,0,0,1,4,0,1,1,0,0,2,0,4,0,1,2,1,0,1,0,0,0,0,1,0,-9,0,0,1,0,2,1,0,0,1,0,1,0,2,1,0,0,1,1,0,0,1,1,0,0,0,1
1040,49,2,0.013296319,0,98375,0,1,0,1,1,0,0,0,0,1,4,3,4,3,1,1,1,3,3,3,1,1,1,1,2,2,1,3,3,2,2,2,-2.012601179,0.004688332,-0.150620629,0,1,0,0,2,0,1,1,0,0,2,0,4,0,1,2,0,0,3,0,0,0,1,1,0,1,1,0,1,0,2,0,1,0,2,1,0,0,1,1,0,0,1,1,0,0,1,0,1,0,0,2
1041,49,2,0.022453993,0,98310,0,1,0,3,0,0,1,0,0,3,5,3,4,5,1,2,1,3,5,5,2,2,2,3,2,2,2,2,2,3,3,3,0.099803405,-0.180163475,0.317428595,1,1,0,0,2,0,0,1,0,0,2,0,4,1,0,1,1,0,1,0,0,0,1,0,0,-9,0,0,1,0,2,0,1,0,2,1,0,0,1,0,1,0,2,0,1,0,2,0,0,0,1,4
1042,49,4,0.005401777,0,98252,0,1,0,2,0,1,0,0,0,2,6,3,3,4,2,2,2,5,5,5,2,1,2,4,2,2,1,2,3,4,2,2,0.921827241,0.123147267,-0.6882367,1,0,0,1,4,0,0,1,0,0,2,0,4,0,1,2,0,0,3,1,0,0,0,1,0,-9,0,1,0,0,1,1,0,0,1,1,0,0,1,0,0,1,3,1,0,0,1,0,1,0,0,2
1043,49,4,0.014983686,0,98446,0,1,0,2,0,1,0,0,0,2,2,2,5,3,1,1,1,4,4,3,2,2,2,4,2,2,2,2,2,4,3,3,0.237386739,0.076048147,0.357250148,0,0,1,0,3,0,0,1,0,0,2,0,4,0,0,0,0,1,2,0,0,0,0,1,0,-9,0,1,0,0,1,1,0,0,1,1,0,0,1,0,0,1,3,1,0,0,1,1,0,0,0,1
1044,49,4,0.014256743,0,98087,1,0,0,2,0,1,0,0,0,3,5,2,3,5,1,1,1,3,4,4,1,2,2,3,2,2,2,2,2,4,3,3,0.68733314,-0.860512753,0.9309105,0,0,1,0,3,1,1,1,0,0,2,0,4,1,0,1,1,0,1,0,0,0,0,0,0,-9,0,0,0,1,3,0,1,0,2,0,0,1,3,0,1,0,2,1,0,0,1,0,0,0,1,4
1045,49,4,0.055252484,0,98043,0,1,0,4,0,0,0,1,0,3,3,2,4,3,1,2,2,4,4,3,2,1,2,1,3,2,3,1,3,3,3,4,0.051562046,-0.670052288,-0.630539948,1,1,0,0,2,0,0,0,0,0,2,0,5,0,0,0,0,1,2,0,0,0,0,0,0,-9,0,0,1,0,2,0,1,0,2,0,0,1,3,0,0,1,3,1,0,0,1,0,0,0,1,4
1048,49,2,0.049776315,0,98310,0,1,0,1,1,0,0,0,0,1,4,4,4,4,2,2,3,5,4,4,1,3,3,3,2,2,2,2,2,3,3,3,-0.169854832,0.050733827,-1.156756763,1,0,1,0,3,0,0,1,0,0,2,0,4,0,1,2,1,0,1,0,1,0,1,0,0,-9,0,0,1,0,2,0,1,0,2,1,0,0,1,0,1,0,2,0,1,0,2,0,0,0,1,4
1051,49,4,0.016060325,0,98103,1,0,0,1,1,0,0,0,0,2,4,1,3,4,1,3,1,3,4,2,2,2,2,3,2,1,2,1,3,3,3,3,0.397903887,0.005584789,0.216751695,0,0,0,1,4,0,1,1,0,0,2,0,4,0,1,2,0,1,2,0,0,0,0,1,0,-9,0,0,0,1,3,0,0,1,3,1,0,0,1,0,0,1,3,1,0,0,1,0,0,0,1,4
1052,49,4,0.016439288,0,98580,0,1,0,3,0,0,1,0,0,3,5,3,3,4,1,1,1,4,4,3,2,2,2,2,2,2,1,2,3,4,2,4,0.207841495,-0.551038299,-0.402229252,1,0,0,1,4,0,0,1,0,0,2,0,4,0,1,2,0,1,2,0,0,0,0,1,0,-9,0,1,0,0,1,1,0,0,1,1,0,0,1,1,0,0,1,0,1,0,2,1,0,0,0,1
1054,49,4,0.013653833,0,98023,0,1,0,2,0,1,0,0,0,3,4,3,4,2,3,2,1,4,4,4,2,3,3,2,3,1,2,2,2,1,2,1,0.351984335,-0.706229476,-0.703348563,1,1,0,0,2,0,0,0,1,0,2,0,2,1,0,1,0,1,2,0,0,0,0,1,0,0,0,0,0,1,3,0,1,0,2,1,0,0,1,1,0,0,1,1,0,0,1,0,0,1,0,3
1055,49,4,0.037429187,0,98445,0,1,0,4,0,0,0,1,0,3,5,3,2,5,1,1,1,5,5,3,1,1,3,4,2,2,1,1,3,1,2,4,0.655562374,0.005958322,-0.068527035,1,0,1,0,3,0,0,1,0,0,2,0,4,0,1,2,0,0,3,0,0,0,0,1,0,-9,0,0,1,0,2,1,0,0,1,1,0,0,1,1,0,0,1,1,0,0,1,1,0,0,0,1
1057,49,4,0.039469085,0,98466,0,1,0,3,0,0,1,0,0,2,5,3,2,5,2,2,2,5,5,3,2,2,3,4,2,2,1,2,3,3,2,4,1.519318963,-0.742995789,-2.127537884,0,0,1,0,3,1,1,1,0,0,2,0,4,1,0,1,1,0,1,0,1,0,0,0,0,0,0,0,1,0,2,0,1,0,2,1,0,0,1,1,0,0,1,1,0,0,1,0,0,0,1,4
1059,49,4,0.079167911,0,98008,1,0,0,2,0,1,0,0,0,2,5,3,2,4,1,1,1,3,4,1,2,2,2,4,2,2,2,2,2,4,2,4,-0.56883416,-0.122061678,0.346902458,0,0,0,1,4,1,1,1,0,0,2,0,4,0,0,3,1,0,1,0,0,0,0,1,0,0,0,0,0,1,3,0,0,1,3,0,1,0,2,1,0,0,1,1,0,0,1,0,0,0,1,4
1062,3,4,0.010219066,1,85304,1,0,0,1,1,0,0,0,0,1,1,0,5,5,2,4,1,5,5,5,2,2,2,4,2,2,2,2,2,3,3,3,0.435276982,-0.729937797,-0.222071517,1,0,0,1,4,1,1,1,0,0,2,0,4,1,0,1,0,1,2,0,1,0,0,1,0,1,1,0,0,1,3,0,1,0,2,1,0,0,1,0,1,0,2,1,0,0,1,0,0,0,1,4
1064,3,4,0.080316803,1,85087,0,1,0,1,1,0,0,0,0,1,1,0,5,3,3,4,4,4,4,4,2,2,2,3,3,1,2,2,3,3,3,3,0.215566644,-0.732278075,0.269236263,1,0,1,0,3,0,0,1,0,0,2,0,4,0,0,3,0,1,2,0,0,0,0,1,0,-9,0,1,0,0,1,1,0,0,1,1,0,0,1,1,0,0,1,1,0,0,1,1,0,0,0,1
1070,3,2,0.061035541,1,85234,0,1,0,4,0,0,0,1,0,2,1,0,5,1,1,1,1,5,5,3,2,2,2,2,2,3,2,2,1,4,2,4,-0.22705431,-0.598101047,1.436120364,0,0,1,0,3,1,1,1,0,0,2,0,4,0,0,3,0,0,3,0,0,0,1,1,0,-9,0,0,1,0,2,0,1,0,2,0,0,1,3,0,0,1,3,1,0,0,1,0,0,1,0,3
1071,49,2,0.008297534,0,98404,0,1,0,3,0,0,1,0,0,2,3,3,3,3,3,4,4,4,4,4,3,3,3,2,3,1,3,1,1,2,2,2,0.589115756,0.716364764,0.02324533,0,1,0,0,2,0,0,1,0,0,2,0,4,1,0,1,0,0,3,1,0,0,0,1,0,-9,0,0,0,1,3,0,1,0,2,0,1,0,2,1,0,0,1,0,1,0,2,0,0,0,1,4
1076,3,4,0.00105438,1,85021,1,0,0,3,0,0,1,0,0,3,1,3,2,5,3,5,4,4,5,5,2,3,3,3,3,1,1,3,3,2,2,3,0.964289106,0.082751826,0.738250695,1,0,0,1,4,0,0,1,0,0,2,0,4,1,0,1,1,0,1,0,1,0,0,0,1,1,1,0,0,1,3,0,0,1,3,1,0,0,1,0,1,0,2,0,0,1,3,0,0,0,1,4
1080,3,4,0.046607536,1,85016,1,0,0,2,0,1,0,0,0,1,1,0,4,4,1,2,4,2,4,4,2,2,2,3,2,2,2,2,2,4,3,3,1.332478734,1.548513672,0.848878352,1,0,0,1,4,0,0,1,0,0,2,0,4,0,0,3,0,1,2,0,0,0,0,0,0,-9,0,0,0,1,3,0,0,1,3,0,0,1,3,0,0,1,3,1,0,0,1,0,0,0,1,4
1086,3,2,0.084021678,1,85374,0,1,0,3,0,0,1,0,0,2,1,0,5,4,1,1,1,4,5,1,2,2,2,3,2,2,2,2,2,3,3,3,-0.663273403,-0.202086102,1.291054223,1,0,1,0,3,0,1,1,0,0,2,0,4,0,0,3,0,1,2,0,0,0,0,1,0,1,1,0,1,0,2,0,1,0,2,0,0,1,3,0,1,0,2,1,0,0,1,1,0,0,0,1
1088,3,4,0.104603156,1,85021,1,0,0,5,0,0,0,0,1,3,1,0,2,5,1,4,5,5,4,2,2,2,3,3,3,1,2,2,3,1,2,3,-0.145546862,-0.945444967,1.534089627,1,0,1,0,3,0,1,1,0,0,2,0,4,0,0,3,1,0,1,0,0,0,0,1,0,-9,0,0,0,1,3,0,0,1,3,1,0,0,1,0,1,0,2,0,0,1,3,0,0,0,1,4
1096,3,4,0.283835784,1,85213,0,1,0,2,0,1,0,0,0,2,1,5,4,5,1,1,2,4,5,3,2,2,2,4,2,2,2,2,3,3,2,3,0.355799415,0.677157152,0.972363241,0,0,0,1,4,0,0,1,0,0,2,0,4,1,0,1,1,0,1,0,0,0,0,1,0,1,1,0,1,0,2,0,1,0,2,0,1,0,2,1,0,0,1,0,1,0,2,0,0,1,0,3
1097,3,2,0.036987345,1,85338,0,1,0,3,0,0,1,0,0,2,1,3,4,4,2,2,4,4,4,2,1,2,1,1,3,2,3,2,3,3,2,2,0.686157288,-1.240982979,-0.096920113,1,0,1,0,3,0,1,1,0,0,2,0,4,0,1,2,0,1,2,0,0,0,1,1,0,1,1,1,0,0,1,1,0,0,1,0,1,0,2,0,0,1,3,1,0,0,1,0,1,0,0,2
1098,3,2,0.004491707,1,85225,1,0,0,4,0,0,0,1,0,4,2,5,1,5,1,5,1,5,5,5,1,1,3,4,3,2,2,1,2,1,4,4,1.548928509,-1.276821001,-0.763128117,1,1,0,0,2,1,1,1,0,0,2,0,4,1,0,1,0,0,3,0,1,0,0,1,0,1,1,0,0,1,3,0,1,0,2,0,0,1,3,0,1,0,2,1,0,0,1,0,0,1,0,3
1102,3,2,0.138260096,1,85033,0,1,0,3,0,0,1,0,0,3,1,0,3,5,3,3,3,5,5,5,2,2,2,3,2,2,2,2,2,3,3,3,0.730277103,1.482043513,-0.184381184,1,0,1,0,3,0,0,1,0,0,2,0,4,0,1,2,0,1,2,0,0,0,0,1,0,-9,0,0,0,1,3,0,1,0,2,1,0,0,1,1,0,0,1,1,0,0,1,0,0,1,0,3
1103,3,4,0.031249448,1,85338,0,1,0,2,0,1,0,0,0,3,1,4,2,5,2,2,2,5,4,4,1,2,2,3,2,2,1,2,2,2,3,2,0.909340833,0.905475023,0.051519485,1,0,1,0,3,0,0,1,0,0,2,0,4,0,1,2,0,1,2,0,0,0,0,1,0,-9,0,1,0,0,1,1,0,0,1,0,1,0,2,0,0,1,3,1,0,0,1,0,1,0,0,2
1106,3,2,0.043692321,1,85209,0,1,0,4,0,0,0,1,0,3,1,2,3,4,3,3,3,4,4,4,1,1,1,1,1,1,1,1,1,1,1,1,-1.918270387,-0.225071438,0.915768154,1,0,1,0,3,0,1,1,0,0,2,0,4,0,1,2,1,0,1,0,0,0,0,0,0,-9,0,0,1,0,2,0,1,0,2,0,0,1,3,1,0,0,1,1,0,0,1,0,0,1,0,3
1112,49,2,0.031040473,0,98155,0,1,0,4,0,0,0,1,0,4,5,4,2,5,3,5,1,5,5,4,3,3,2,3,1,2,3,1,2,3,3,1,1.009543315,0.085331246,-0.599251819,1,1,0,0,2,0,0,1,1,0,2,0,2,1,0,1,0,0,3,1,1,0,1,0,1,0,0,0,1,0,2,0,1,0,2,0,1,0,2,1,0,0,1,1,0,0,1,0,0,1,0,3
1113,49,4,0.04737658,0,98070,0,1,0,2,0,1,0,0,0,3,1,2,1,5,2,2,5,5,5,5,1,1,3,2,3,1,1,3,1,1,1,1,1.336558898,0.541629484,0.146369162,1,0,0,1,4,0,1,1,0,0,2,0,4,0,0,3,0,1,2,0,0,0,0,1,0,0,0,1,0,0,1,1,0,0,1,1,0,0,1,0,1,0,2,0,1,0,2,1,0,0,0,1
1118,49,4,0.011162241,0,98111,1,0,0,2,0,1,0,0,0,3,5,4,2,5,2,3,2,5,4,4,2,1,3,1,2,2,2,1,3,4,2,4,-0.836574733,0.140302003,-0.262474424,1,0,0,1,4,0,1,1,0,0,2,0,4,1,0,1,1,0,1,0,0,0,0,1,1,-9,0,0,0,0,0,0,0,0,0,0,0,0,0,0,0,0,0,0,0,0,0,0,0,0,0,0
1119,49,2,0.060728326,0,98409,0,1,0,3,0,0,1,0,0,1,5,3,4,4,1,1,1,4,4,3,2,2,2,4,2,2,2,2,2,4,4,4,-1.565987968,-0.433600335,0.264060701,1,1,0,0,2,0,0,1,0,0,2,0,4,0,1,2,0,1,2,0,0,0,1,0,0,-9,0,0,1,0,2,0,0,1,3,0,0,1,3,0,0,1,3,0,1,0,2,0,0,0,1,4
1121,49,4,0.037215196,0,98312,0,1,0,2,0,1,0,0,0,2,6,3,4,5,3,3,1,4,3,3,2,2,2,4,2,2,2,2,3,2,2,2,-1.106735019,-0.32273201,0.313581121,0,0,0,1,4,0,0,1,0,0,2,0,4,0,0,0,0,1,2,0,0,0,0,1,0,-9,0,0,1,0,2,0,1,0,2,0,0,1,3,1,0,0,1,1,0,0,1,0,0,1,0,3
1123,49,4,0.015949033,0,98092,0,1,0,4,0,0,0,1,0,3,3,3,2,5,2,2,2,5,5,3,1,1,2,1,2,2,1,2,2,2,3,4,0.642681964,-0.234841093,-0.449046042,1,0,0,1,4,1,1,1,0,0,2,0,4,1,0,1,1,0,1,0,0,0,0,0,0,-9,0,0,1,0,2,1,0,0,1,1,0,0,1,1,0,0,1,1,0,0,1,0,1,0,0,2
1126,49,4,0.013194596,0,98580,0,1,0,5,0,0,0,0,1,4,5,5,1,5,2,1,1,5,5,3,1,1,3,1,2,2,2,2,3,3,2,2,-2.531463852,-1.6260071,1.935249982,1,0,1,0,3,0,0,1,0,0,2,0,4,1,0,1,0,1,2,0,1,0,0,0,0,-9,0,1,0,0,1,1,0,0,1,1,0,0,1,1,0,0,1,0,1,0,2,1,0,0,0,1
1128,49,4,0.018705963,0,98409,0,1,0,2,0,1,0,0,0,2,3,3,3,5,1,1,1,5,5,1,2,2,2,4,2,2,2,2,2,4,3,4,0.972366198,-0.448016073,0.881683076,1,1,0,0,2,0,1,1,0,0,2,0,4,0,1,2,1,0,1,0,1,0,0,0,0,0,0,0,1,0,2,0,0,1,3,0,0,1,3,0,0,1,3,0,1,0,2,0,0,0,1,4
1129,49,4,0.013882818,0,98101,1,0,0,2,0,1,0,0,0,1,4,2,4,4,1,1,1,4,4,4,3,3,3,2,2,2,2,1,3,1,2,1,-0.009208824,-0.130719212,-0.3085549,1,0,0,1,4,1,1,1,0,0,2,0,4,0,1,2,0,1,2,0,0,0,0,0,1,-9,0,0,0,1,3,0,0,1,3,0,0,1,3,0,0,1,3,0,0,1,3,0,0,0,1,4
1131,49,2,0.026250428,0,98038,0,1,0,2,0,1,0,0,0,2,2,3,3,3,3,4,4,3,4,4,2,3,2,2,2,2,2,2,2,3,3,3,0.104781094,0.526718069,0.077450635,1,1,0,0,2,0,1,1,0,0,2,0,4,0,0,3,0,0,3,1,0,0,0,1,0,0,0,0,1,0,2,1,0,0,1,1,0,0,1,1,0,0,1,1,0,0,1,0,1,0,0,2
1133,49,2,0.032977939,0,98134,0,1,0,4,0,0,0,1,0,2,5,4,2,5,3,1,1,5,5,3,1,1,1,1,1,1,1,1,1,1,1,1,-0.718175795,-0.210031965,0.413332657,1,0,0,1,4,0,0,1,0,0,2,0,4,1,0,1,1,0,1,0,0,0,1,0,0,-9,0,1,0,0,1,0,0,1,3,0,0,1,3,0,1,0,2,0,0,1,3,0,0,0,1,4
1134,49,4,0.067669362,0,98002,1,0,0,3,0,0,1,0,0,3,5,3,4,5,4,5,2,5,4,5,2,2,2,3,2,2,2,2,3,4,3,4,0.60156723,0.688572487,0.84171882,1,0,1,0,3,0,0,1,0,0,2,0,4,1,0,1,1,0,1,0,1,0,0,0,0,0,0,0,0,1,3,0,0,1,3,0,1,0,2,0,1,0,2,0,1,0,2,0,0,0,1,4
1135,49,1,0.054086572,0,98034,1,0,0,3,0,0,1,0,0,1,3,3,3,5,5,5,3,5,5,5,2,2,2,3,2,2,2,1,3,2,2,4,1.394462538,0.432169577,0.556346617,1,0,1,0,3,0,0,1,0,0,2,0,4,1,0,1,1,0,1,0,0,0,1,1,0,1,1,0,0,1,3,0,0,1,3,0,1,0,2,0,1,0,2,1,0,0,1,0,0,1,0,3
1136,49,4,0.022927102,0,98043,0,1,0,2,0,1,0,0,0,2,5,5,1,5,1,1,1,5,5,4,1,2,1,4,2,2,2,1,3,4,3,1,-0.285206008,-0.898780573,0.963877789,0,0,0,1,4,0,0,1,0,0,2,0,4,1,0,1,1,0,1,0,1,0,0,1,1,-9,0,0,1,0,2,0,1,0,2,0,0,1,3,0,0,1,3,1,0,0,1,0,0,0,1,4
1137,49,4,0.039447706,0,98409,0,1,0,2,0,1,0,0,0,3,5,3,2,5,1,1,1,4,4,3,1,1,1,4,2,2,2,2,2,4,3,4,-0.401575231,-1.827539071,-0.454060619,1,0,1,0,3,0,0,1,0,0,2,0,4,1,0,1,1,0,1,0,0,0,0,0,1,-9,0,0,1,0,2,0,0,1,3,0,0,1,3,0,0,1,3,0,1,0,2,0,0,0,1,4
1138,49,4,0.073567491,0,98121,1,0,0,1,1,0,0,0,0,1,2,0,5,3,2,2,1,2,3,3,2,2,2,2,2,2,2,2,2,4,3,4,-1.898599456,-1.292899988,0.32641,1,0,1,0,3,0,0,1,0,0,2,0,4,1,0,1,1,0,1,0,1,0,0,0,1,-9,0,0,0,1,3,0,0,1,3,0,0,1,3,0,0,1,3,0,0,1,3,0,0,0,1,4
1139,49,4,0.016060325,0,98029,0,1,0,1,1,0,0,0,0,2,4,2,4,3,2,2,2,3,4,3,2,2,2,3,2,2,1,2,2,4,2,3,0.567707345,-0.001196085,-0.500347951,0,0,0,1,4,1,1,1,0,0,2,0,4,0,0,0,0,1,2,0,0,0,0,1,0,-9,0,0,0,1,3,1,0,0,1,1,0,0,1,1,0,0,1,1,0,0,1,0,0,1,0,3
1140,49,4,0.010419822,0,98290,0,1,0,5,0,0,0,0,1,5,3,5,3,5,2,1,1,2,1,1,2,2,2,3,2,2,1,1,3,2,2,3,-0.399667639,0.047259765,-0.866378506,1,0,1,0,3,0,0,1,0,0,2,0,4,1,0,1,0,0,3,1,1,0,0,0,0,-9,0,1,0,0,1,0,1,0,2,1,0,0,1,1,0,0,1,0,1,0,2,1,0,0,0,1
1141,49,4,0.006950587,0,98031,0,1,0,3,0,0,1,0,0,2,5,3,5,5,1,4,1,5,5,5,2,2,2,4,3,2,2,3,3,4,3,4,1.318649544,0.094666243,0.242404876,1,0,1,0,3,1,1,0,1,0,2,0,2,0,1,2,0,0,3,0,1,0,0,1,0,1,1,0,0,1,3,1,0,0,1,1,0,0,1,1,0,0,1,1,0,0,1,0,0,1,0,3
1143,49,2,0.020392845,0,98332,0,1,0,1,1,0,0,0,0,1,1,0,3,4,1,4,1,4,4,2,1,2,1,3,2,2,2,1,1,3,2,4,-0.219143098,-1.05372124,-0.101999023,1,1,0,0,2,0,0,1,0,0,2,0,4,1,0,1,0,1,2,0,0,0,1,0,0,-9,0,1,0,0,1,1,0,0,1,0,1,0,2,0,1,0,2,1,0,0,1,0,1,0,0,2
1148,3,4,0.016005259,1,85258,0,1,0,3,0,0,1,0,0,3,1,0,2,5,3,3,2,5,5,3,1,1,1,1,3,2,2,1,3,4,2,3,1.051491675,0.35873144,-0.385853703,1,0,0,1,4,0,1,1,0,0,2,0,4,1,0,1,0,1,2,0,0,0,0,1,0,1,1,0,1,0,2,0,0,1,3,0,0,1,3,0,1,0,2,1,0,0,1,0,0,1,0,3
1157,3,4,0.016843858,1,85033,0,1,0,5,0,0,0,0,1,4,4,5,1,5,4,5,1,5,5,5,1,1,1,1,1,1,3,1,3,2,2,4,0.651872951,1.460544664,-2.995893939,1,0,0,1,4,0,0,0,1,0,2,0,2,1,0,1,1,0,1,0,1,0,0,1,0,1,1,0,0,1,3,0,1,0,2,1,0,0,1,1,0,0,1,1,0,0,1,0,0,1,0,3
1164,3,4,0.006805185,1,85260,0,1,0,1,1,0,0,0,0,2,1,1,5,5,3,4,2,4,5,4,2,2,2,3,2,2,2,2,2,3,3,3,0.311733319,0.546804134,0.477167634,1,0,0,1,4,0,0,1,0,0,2,0,4,1,0,1,1,0,1,0,0,0,0,0,0,1,1,0,1,0,2,0,0,1,3,0,0,1,3,0,1,0,2,1,0,0,1,0,0,1,0,3
1165,3,4,0.010447929,1,85296,0,1,0,2,0,1,0,0,0,1,1,0,5,5,1,1,1,3,4,1,2,2,2,3,2,2,2,2,2,4,4,4,-0.817327581,-0.742405923,-0.757071793,1,0,0,1,4,0,0,1,0,0,2,0,4,1,0,1,1,0,1,0,1,0,0,0,0,1,1,0,1,0,2,0,1,0,2,0,0,1,3,0,1,0,2,1,0,0,1,0,1,0,0,2
1167,3,4,0.011984589,1,85032,0,1,0,2,0,1,0,0,0,2,4,2,4,4,1,1,1,5,4,1,1,2,2,4,2,2,1,2,3,4,4,4,-1.244360335,-0.906685515,0.914227247,1,0,0,1,4,0,0,1,0,0,2,0,4,1,0,1,1,0,1,0,0,0,0,1,0,-9,0,0,0,1,3,0,1,0,2,0,0,1,3,0,0,1,3,1,0,0,1,0,0,0,1,4
1170,3,2,0.021645061,1,85375,0,1,0,1,1,0,0,0,0,1,1,0,5,5,1,1,1,3,1,1,2,2,2,4,2,2,2,2,2,4,3,4,-0.818556953,0.373941524,0.832870322,1,0,0,1,4,0,0,1,0,0,2,0,4,1,0,1,1,0,1,0,0,0,0,0,0,1,1,1,0,0,1,1,0,0,1,0,1,0,2,1,0,0,1,1,0,0,1,1,0,0,0,1
1173,3,2,0.145078427,1,85225,1,0,0,2,0,1,0,0,0,2,1,0,2,5,1,2,1,5,5,2,1,1,3,2,3,1,1,1,3,3,2,3,-0.600019474,-0.672806032,-0.2901143,0,0,1,0,3,0,0,1,0,0,2,0,4,0,0,3,0,1,2,0,0,0,1,1,0,-9,0,0,0,1,3,0,1,0,2,0,0,1,3,0,1,0,2,1,0,0,1,0,0,1,0,3
1174,3,4,0.008021518,1,85083,0,1,0,3,0,0,1,0,0,2,1,2,5,2,2,2,4,3,5,5,2,2,3,2,3,1,2,3,3,2,2,2,0.039048979,0.247643956,0.191456422,1,0,0,1,4,0,1,1,0,0,2,0,4,0,1,2,1,0,1,0,0,0,0,0,0,1,1,0,1,0,2,1,0,0,1,0,1,0,2,1,0,0,1,1,0,0,1,1,0,0,0,1
1176,3,4,0.080153914,1,85226,0,1,0,1,1,0,0,0,0,1,4,1,5,3,1,1,1,4,5,3,2,2,2,3,2,2,2,2,2,4,3,3,0.451543043,-0.158952543,0.447349998,1,0,0,1,4,0,0,1,0,0,2,0,4,0,1,2,0,1,2,0,0,0,0,1,0,-9,0,0,1,0,2,0,0,1,3,0,0,1,3,0,0,1,3,1,0,0,1,0,0,0,1,4
1179,3,4,0.027531917,1,85392,0,1,0,3,0,0,1,0,0,2,1,4,2,4,3,3,2,4,5,4,1,1,2,2,2,2,2,2,3,3,2,3,-0.821717067,-0.489257998,0.856008136,0,0,1,0,3,0,1,1,0,0,2,0,4,0,1,2,0,1,2,0,1,0,0,1,0,-9,0,0,1,0,2,0,1,0,2,0,0,1,3,1,0,0,1,1,0,0,1,0,0,1,0,3
1181,3,4,0.041965403,1,85260,0,1,0,2,0,1,0,0,0,2,1,3,4,4,2,3,2,2,2,1,3,3,2,2,2,2,2,1,3,4,2,4,-1.378380183,0.256229221,-0.105537073,0,0,0,1,4,0,1,1,0,0,2,0,4,0,0,3,0,0,3,0,1,0,0,1,0,1,1,0,1,0,2,0,0,1,3,0,0,1,3,0,1,0,2,1,0,0,1,0,0,1,0,3
1182,3,2,0.021720177,1,85339,0,1,0,1,1,0,0,0,0,1,1,0,4,4,1,1,1,2,1,1,2,2,2,3,2,2,2,2,2,3,3,4,0.281057215,0.578606942,0.443430912,1,1,0,0,2,1,1,1,0,0,2,0,4,0,1,2,0,0,3,1,0,0,0,1,0,1,1,1,0,0,1,1,0,0,1,1,0,0,1,1,0,0,1,1,0,0,1,0,1,0,0,2
1186,3,4,0.002263335,0,85194,0,1,0,1,1,0,0,0,0,1,3,2,5,1,1,1,2,4,4,4,2,2,2,4,2,2,2,2,2,4,3,3,1.791629953,-0.050875371,-0.608374272,1,0,0,1,4,0,0,1,0,0,2,0,4,0,1,2,0,1,2,0,0,0,0,1,0,1,1,1,0,0,1,1,0,0,1,0,0,1,3,1,0,0,1,1,0,0,1,1,0,0,0,1
1189,3,4,0.009218309,1,85301,1,0,0,5,0,0,0,0,1,3,5,4,5,5,5,4,4,4,5,5,1,2,2,1,2,2,2,3,3,1,1,3,1.332820109,0.310899705,-0.162640931,1,0,1,0,3,0,0,1,0,0,2,0,4,1,0,1,0,0,3,0,1,0,0,0,0,-9,0,0,0,1,3,0,0,1,3,0,1,0,2,1,0,0,1,1,0,0,1,0,0,0,1,4
1193,3,2,0.019236008,1,85379,0,1,0,2,0,1,0,0,0,2,1,0,4,3,1,1,1,4,3,2,2,2,2,3,2,2,2,2,2,4,3,4,1.005033522,-0.197720164,0.03229897,1,1,0,0,2,0,1,1,0,0,2,0,4,0,0,0,0,0,3,1,0,0,1,1,0,1,1,0,0,1,3,1,0,0,1,0,1,0,2,1,0,0,1,1,0,0,1,1,0,0,0,1
1195,3,2,0.010328896,1,85003,0,1,0,4,0,0,0,1,0,2,4,4,5,5,5,5,4,5,5,4,1,3,3,1,3,1,3,1,3,2,2,1,0.860643629,0.812961033,0.397879527,0,1,0,0,2,1,1,0,1,0,2,0,2,1,0,1,0,0,3,0,0,0,1,0,0,-9,0,0,1,0,2,0,0,1,3,0,0,1,3,0,1,0,2,0,0,1,3,0,0,0,1,4
1200,3,2,0.019886256,1,85259,0,1,0,1,1,0,0,0,0,1,1,1,5,4,2,3,1,4,5,4,2,2,2,3,2,2,2,2,2,3,2,3,0.766380078,1.585199346,0.185264154,1,0,0,1,4,0,0,1,0,0,2,0,4,0,1,2,0,1,2,0,0,0,0,0,0,-9,0,0,1,0,2,1,0,0,1,0,0,1,3,0,1,0,2,1,0,0,1,0,1,0,0,2
1206,3,4,0.12859477,1,85032,0,1,0,1,1,0,0,0,0,3,1,1,4,2,1,2,2,5,3,4,2,2,2,3,2,2,2,2,2,3,3,3,0.753184501,0.381380384,0.980665169,1,0,1,0,3,0,0,1,0,0,2,0,4,0,0,3,0,0,3,0,0,0,0,1,0,-9,0,0,0,1,3,0,1,0,2,0,0,1,3,0,0,1,3,1,0,0,1,0,0,0,1,4
1207,3,4,0.030194881,1,85284,0,1,0,3,0,0,1,0,0,3,2,3,2,5,1,5,2,5,5,5,1,1,1,1,2,2,1,2,3,2,2,3,1.021042127,-0.534211421,0.038321494,1,0,0,1,4,1,1,1,0,0,2,0,4,0,1,2,1,0,1,0,0,0,0,1,0,-9,0,0,1,0,2,0,0,1,3,0,0,1,3,0,1,0,2,1,0,0,1,0,0,0,1,4
1214,3,4,0.005670019,1,85032,0,1,0,1,1,0,0,0,0,1,1,0,3,4,2,3,2,2,4,2,1,1,3,1,2,2,1,2,3,2,2,2,-0.495948276,-0.641546229,0.58071141,1,0,1,1,4,1,1,1,0,0,2,0,4,1,0,1,0,0,3,0,0,0,0,1,0,-9,0,0,0,1,3,0,1,0,2,0,0,1,3,0,0,1,3,1,0,0,1,0,0,0,1,4
1218,3,4,0.011791174,1,85298,0,1,0,1,1,0,0,0,0,1,1,0,4,5,5,5,5,5,5,5,1,3,3,2,3,1,3,2,1,1,1,1,1.34316931,0.526594476,0.769832036,1,0,0,0,1,0,1,0,0,1,2,0,3,1,0,1,0,0,3,1,0,0,0,1,0,1,1,0,0,0,0,0,0,0,0,0,0,0,0,0,0,0,0,0,0,0,0,0,0,0,0,0
1224,22,4,0.121062469,0,1108,1,0,0,2,0,1,0,0,0,3,5,3,3,4,3,5,3,4,5,4,3,1,2,1,2,2,2,1,3,2,2,1,-0.305005776,0.74380564,-0.912971599,1,1,0,0,2,0,0,0,1,0,2,0,2,1,0,1,0,0,3,0,0,0,0,1,0,1,1,0,0,1,3,0,0,1,3,1,0,0,1,1,0,0,1,1,0,0,1,0,0,0,1,4
1226,3,2,0.015291959,1,85392,0,1,0,2,0,1,0,0,0,2,2,3,2,3,4,3,3,3,4,4,1,3,2,2,1,3,2,3,2,3,2,3,-0.631450555,0.139761858,-0.68076896,1,1,0,0,2,1,1,1,0,0,2,0,4,0,1,2,1,0,1,0,0,1,0,0,0,0,0,0,1,0,2,0,1,0,2,0,0,1,3,1,0,0,1,1,0,0,1,0,0,1,0,3
1232,3,4,0.334278412,1,85375,0,1,0,1,1,0,0,0,0,1,3,4,3,3,3,3,3,3,3,3,2,2,2,3,2,2,2,2,2,3,3,3,-1.406455563,0.668367031,0.365702433,0,0,0,1,4,0,0,1,0,0,2,0,4,0,0,3,0,1,2,0,0,0,0,1,0,1,1,1,0,0,1,1,0,0,1,0,1,0,2,1,0,0,1,1,0,0,1,1,0,0,0,1
1233,3,4,0.127296201,1,85051,1,0,0,1,1,0,0,0,0,1,1,1,5,2,1,1,1,4,3,1,2,2,2,3,3,2,2,2,2,3,3,3,-0.00912272,-0.685769441,-0.340040266,1,0,1,0,3,1,1,1,0,0,2,0,4,0,0,3,1,0,1,0,0,0,0,1,0,1,1,0,0,1,3,0,0,1,3,0,0,1,3,0,1,0,2,1,0,0,1,0,0,0,1,4
1234,3,4,0.006157994,1,85205,0,1,0,3,0,0,1,0,0,2,6,3,5,4,1,2,1,4,3,3,2,2,2,3,2,2,2,2,2,3,3,3,-1.641816904,0.333529496,0.300721247,1,0,1,0,3,0,0,1,0,0,2,0,4,1,0,1,0,1,2,0,1,0,0,1,0,1,1,0,1,0,2,0,1,0,2,0,1,0,2,0,1,0,2,1,0,0,1,0,0,1,0,3
1236,3,2,0.040993953,1,85295,0,1,0,2,0,1,0,0,0,2,1,2,4,4,1,1,2,1,2,1,2,2,2,4,2,2,2,2,2,3,3,4,-0.334370736,-0.243320523,-0.03053147,0,1,0,0,2,0,1,1,0,0,2,0,4,0,1,2,0,1,2,0,0,0,0,0,0,1,1,0,1,0,2,0,0,1,3,0,0,1,3,0,0,1,3,1,0,0,1,0,0,1,0,3
1238,3,4,0.070669314,1,85345,0,1,0,1,1,0,0,0,0,1,1,0,5,2,1,1,1,1,2,1,2,2,2,3,2,2,2,2,2,4,3,3,0.362409048,-0.343838803,-0.262753216,1,0,1,0,3,0,0,0,0,0,1,1,1,1,0,1,1,0,1,0,0,0,0,0,0,1,1,0,1,0,2,0,1,0,2,0,0,1,3,1,0,0,1,1,0,0,1,0,0,1,0,3
1239,3,2,0.683381733,1,85224,0,1,0,3,0,0,1,0,0,3,1,4,2,5,1,1,1,5,4,4,1,1,2,1,2,2,1,2,3,1,3,2,0.15793204,0.516843746,0.331320051,1,1,0,0,2,0,0,0,0,1,2,0,3,0,0,3,0,1,2,0,0,0,0,0,0,-9,0,0,1,0,2,0,0,1,3,0,0,1,3,0,1,0,2,1,0,0,1,0,0,0,1,4
1240,3,2,0.083325073,1,85015,1,0,0,1,1,0,0,0,0,1,1,3,5,1,1,1,2,3,4,3,2,2,2,3,2,2,2,2,2,3,3,4,-0.953777745,0.046605021,-0.679643543,0,0,1,0,3,0,0,0,0,0,1,1,1,1,0,1,0,1,2,0,0,0,1,0,0,-9,0,0,0,1,3,0,0,1,3,0,1,0,2,0,1,0,2,0,0,1,3,0,0,0,1,4
1241,3,2,0.063694988,1,85382,0,1,0,1,1,0,0,0,0,1,1,0,5,3,3,2,2,2,4,4,2,2,1,3,2,2,1,1,2,1,4,3,-1.110712087,-0.67688026,0.495351793,0,1,0,0,2,0,0,1,0,0,1,1,1,1,0,1,1,0,1,0,0,0,0,1,0,-9,0,0,1,0,2,0,1,0,2,0,1,0,2,0,0,1,3,1,0,0,1,0,1,0,0,2
1246,49,2,0.209894363,0,98375,0,1,0,1,1,0,0,0,0,1,2,0,5,2,1,1,1,2,2,1,2,2,2,3,2,2,2,2,2,3,3,4,0.759396172,1.272209195,0.794144738,1,0,0,1,4,0,0,1,0,0,2,0,4,0,0,3,0,1,2,0,0,0,1,1,0,0,0,0,1,0,2,0,1,0,2,1,0,0,1,1,0,0,1,1,0,0,1,0,1,0,0,2
1251,49,2,0.137857953,0,98387,0,1,0,2,0,1,0,0,0,3,5,4,4,2,2,2,2,4,4,4,2,1,2,3,2,2,2,2,2,4,2,3,0.239707663,-1.125998335,0.084464665,1,0,1,0,3,0,0,1,0,0,2,0,4,0,0,3,0,1,2,0,0,0,1,1,0,1,1,0,1,0,2,1,0,0,1,1,0,0,1,1,0,0,1,1,0,0,1,0,1,0,0,2
1253,3,2,0.033655737,1,85201,1,0,0,3,0,0,1,0,0,1,2,1,4,4,2,2,2,3,4,4,3,1,1,3,2,2,2,2,2,3,3,3,-1.016859584,-0.061813874,-0.37152557,1,0,0,1,4,0,1,1,0,0,2,0,4,0,1,2,1,0,1,0,0,0,1,0,0,-9,0,0,0,1,3,0,0,1,3,0,1,0,2,0,0,1,3,0,0,1,3,0,0,0,1,4
1254,49,2,0.024599867,0,98125,1,0,0,3,0,0,1,0,0,2,6,3,4,4,1,1,1,4,3,3,2,2,2,3,2,2,2,2,2,1,3,3,-1.480634196,0.994668326,-0.285900537,1,0,1,0,3,0,0,1,0,0,2,0,4,1,0,1,1,0,1,0,0,0,1,1,0,-9,0,0,0,1,3,0,0,1,3,0,1,0,2,0,0,1,3,1,0,0,1,0,0,0,1,4
1255,3,2,0.05714765,1,85375,0,1,0,2,0,1,0,0,0,1,1,0,5,4,1,1,1,5,1,2,1,1,2,1,2,2,2,2,2,3,3,2,-0.623321979,0.166258531,1.386229266,0,0,1,0,3,1,1,1,0,0,2,0,4,0,1,2,0,1,2,0,0,0,1,1,0,-9,0,1,0,0,1,1,0,0,1,0,1,0,2,1,0,0,1,1,0,0,1,1,0,0,0,1
1256,49,4,0.016750473,0,98042,0,1,0,1,1,0,0,0,0,1,3,3,4,3,1,1,1,1,1,1,1,1,1,1,3,1,1,1,3,1,1,1,-0.889431184,0.069855313,-0.06276886,0,1,0,0,2,0,0,1,0,0,2,0,4,0,0,0,0,0,3,1,0,0,0,1,0,1,1,0,1,0,2,1,0,0,1,0,1,0,2,1,0,0,1,1,0,0,1,1,0,0,0,1
1258,3,4,0.0043763,1,85283,1,0,0,2,0,1,0,0,0,2,5,0,3,4,1,3,2,5,3,3,1,1,1,3,2,2,2,2,2,4,2,3,-0.744286126,-0.224058382,0.029600902,1,1,0,0,2,0,0,0,0,0,2,0,5,1,0,1,0,0,3,1,0,0,0,0,0,1,1,0,0,1,3,0,0,1,3,0,0,1,3,0,1,0,2,1,0,0,1,0,0,0,1,4
1263,3,2,0.03597339,1,85297,0,1,0,4,0,0,0,1,0,2,1,5,5,5,1,2,2,4,4,4,1,1,2,1,2,2,1,2,3,2,3,4,-1.326113105,0.614920894,-1.21982856,1,0,1,0,3,1,1,1,0,0,2,0,4,0,0,3,0,0,3,1,0,0,0,1,0,-9,0,0,0,1,3,1,0,0,1,0,0,1,3,1,0,0,1,1,0,0,1,0,1,0,0,2
1268,3,4,0.016363708,1,85283,1,0,0,1,1,0,0,0,0,1,6,0,2,5,1,1,1,5,5,3,1,1,1,1,3,1,1,1,3,1,2,1,1.20656525,-0.007811845,0.482216159,1,0,0,1,4,0,0,1,0,0,2,0,4,1,0,1,1,0,1,0,0,0,0,0,0,-9,0,0,0,1,3,0,0,1,3,0,0,1,3,0,1,0,2,1,0,0,1,0,0,0,1,4
1269,3,2,0.051007823,1,85297,0,1,0,2,0,1,0,0,0,2,1,0,4,3,1,1,2,3,4,3,1,2,2,3,2,2,2,1,3,4,2,4,0.170376365,-0.793259078,0.334028232,1,1,0,0,2,1,1,1,0,0,2,0,4,0,0,3,0,0,3,0,0,1,1,1,0,-9,0,0,0,1,3,1,0,0,1,0,0,1,3,1,0,0,1,1,0,0,1,0,1,0,0,2
1272,3,4,0.001950313,1,85210,1,0,0,5,0,0,0,0,1,3,1,5,2,5,1,1,1,5,3,1,1,1,1,1,2,2,1,1,2,1,3,1,-0.268800526,0.039973408,0.796936785,1,0,1,0,3,0,0,1,0,0,2,0,4,1,0,1,0,1,2,0,1,0,0,0,1,-9,0,0,0,1,3,0,0,1,3,0,0,1,3,0,1,0,2,0,0,1,3,0,0,0,1,4
1273,3,2,0.049421174,1,85050,0,1,0,3,0,0,1,0,0,2,4,3,3,4,1,4,1,5,4,1,1,1,3,1,1,2,2,1,3,2,2,1,0.651704045,-0.336782401,1.388687117,1,1,0,0,2,1,1,1,0,0,2,0,4,0,1,2,0,1,2,1,0,0,1,1,0,1,1,0,0,1,3,1,0,0,1,0,0,1,3,1,0,0,1,1,0,0,1,0,1,0,0,2
1274,3,2,0.031195235,1,85053,1,0,0,4,0,0,0,1,0,3,1,3,2,5,2,4,1,3,4,3,2,2,2,3,2,3,3,1,2,2,3,1,-0.932104484,0.045474706,-0.547230578,1,1,0,0,2,0,0,1,0,0,2,0,4,1,0,1,1,0,1,0,0,0,1,0,0,1,1,0,0,1,3,0,0,1,3,0,0,1,3,0,1,0,2,1,0,0,1,0,0,0,1,4
1275,49,4,0.012219852,0,98321,0,1,0,1,1,0,0,0,0,1,4,3,1,5,3,4,2,5,5,4,1,1,3,1,2,2,1,2,3,4,2,4,0.672344876,-0.233477766,0.032009847,1,0,0,1,4,1,1,1,0,0,2,0,4,0,0,0,1,0,1,0,0,0,0,0,0,-9,0,1,0,0,1,1,0,0,1,1,0,0,1,1,0,0,1,1,0,0,1,1,0,0,0,1
1276,49,2,0.024598279,0,98057,0,1,0,3,0,0,1,0,0,2,4,4,4,5,1,1,1,4,5,2,1,1,2,4,2,1,2,1,3,1,2,4,-0.245381116,-0.401835381,0.017381399,1,1,0,0,2,1,1,0,1,0,2,0,2,0,1,2,0,1,2,0,1,0,0,0,1,0,0,0,1,0,2,0,0,1,3,0,0,1,3,0,0,1,3,0,1,0,2,0,0,0,1,4
1277,49,4,0.048010868,0,98311,0,1,0,5,0,0,0,0,1,5,5,5,2,4,1,5,1,3,3,3,2,2,2,4,2,2,2,2,1,1,1,3,-1.764524641,-1.219892339,-0.988484435,1,1,0,0,2,0,0,1,0,0,2,0,4,0,1,2,0,1,2,0,0,0,0,1,0,-9,0,0,1,0,2,1,0,0,1,1,0,0,1,1,0,0,1,1,0,0,1,0,1,0,0,2
1278,49,4,0.028017428,0,98002,1,0,0,3,0,0,1,0,0,3,4,2,5,5,1,2,2,3,4,3,2,2,2,1,2,2,1,2,3,2,2,4,0.138261918,0.134612523,-0.085301903,1,0,1,0,3,0,0,1,0,0,2,0,4,1,0,1,1,0,1,0,1,0,0,0,0,-9,0,0,0,1,3,0,0,1,3,0,1,0,2,0,1,0,2,0,1,0,2,0,0,0,1,4
1279,49,2,0.053474802,0,98021,0,1,0,5,0,0,0,0,1,4,5,5,2,5,1,1,1,3,3,1,2,2,2,4,2,2,2,2,2,4,3,4,0.095432052,-1.106354821,-0.134662612,1,1,0,0,2,0,0,1,0,0,2,0,4,1,0,1,0,1,2,0,1,0,0,1,0,-9,0,0,1,0,2,0,1,0,2,0,0,1,3,1,0,0,1,1,0,0,1,0,1,0,0,2
1280,49,2,0.015917844,0,98391,0,1,0,3,0,0,1,0,0,2,4,3,2,4,2,2,2,5,4,2,1,1,1,1,3,1,1,1,3,1,2,1,0.694113756,-1.50572721,0.297482669,1,1,0,0,2,1,1,1,0,0,2,0,4,0,1,2,1,0,1,0,0,0,0,0,0,0,0,1,0,0,1,1,0,0,1,1,0,0,1,1,0,0,1,1,0,0,1,1,0,0,0,1
1282,49,4,0.010267331,0,98499,0,1,0,1,1,0,0,0,0,1,5,3,5,4,1,3,1,2,3,3,1,1,1,3,2,2,2,2,2,4,3,3,-0.453206432,-0.551235541,-0.828116941,1,0,0,1,4,0,1,1,0,0,2,0,4,1,0,1,1,0,1,0,0,0,0,1,0,1,1,0,1,0,2,0,0,1,3,0,0,1,3,0,0,1,3,0,1,0,2,0,0,0,1,4
1288,49,1,0.039327458,0,98034,1,0,0,3,0,0,1,0,0,3,5,4,2,4,1,2,1,5,5,5,1,1,3,1,3,1,1,2,3,3,2,3,0.689306022,0.021132965,0.590966764,1,1,0,0,2,0,1,1,0,0,2,0,4,0,0,3,0,0,3,1,0,0,1,0,0,0,0,0,0,1,3,0,0,1,3,0,1,0,2,0,1,0,2,1,0,0,1,0,0,1,0,3
1290,49,4,0.04736953,0,98310,0,1,0,2,0,1,0,0,0,3,4,5,2,5,3,5,3,5,5,3,2,2,3,1,2,1,2,2,2,3,3,1,0.915903054,1.153426456,0.239036998,0,0,0,1,4,0,0,0,0,0,2,0,5,0,1,2,0,0,3,0,1,0,0,1,0,-9,0,0,1,0,2,0,1,0,2,1,0,0,1,0,1,0,2,0,1,0,2,0,0,0,1,4
1294,49,2,0.317207492,0,98092,0,1,0,2,0,1,0,0,0,2,5,3,4,4,1,4,1,5,5,3,1,1,1,1,2,2,1,2,2,2,2,3,-1.169238512,0.899637419,0.821860439,1,0,1,0,3,0,0,1,0,0,2,0,4,0,0,3,0,1,2,0,1,0,0,0,0,-9,0,0,1,0,2,1,0,0,1,1,0,0,1,1,0,0,1,1,0,0,1,0,1,0,0,2
1295,49,4,0.026310393,0,98121,1,0,0,2,0,1,0,0,0,2,2,3,3,4,2,2,3,3,4,4,1,1,2,4,2,2,1,3,3,3,3,3,-0.813848343,0.561149877,0.067918105,0,0,1,0,3,1,1,0,0,0,2,0,5,0,0,0,1,0,1,0,0,0,0,0,0,-9,0,0,0,1,3,0,0,1,3,0,0,1,3,0,0,1,3,0,0,1,3,0,0,0,1,4
1298,49,4,0.028290517,0,98108,1,0,0,3,0,0,1,0,0,3,4,3,4,3,3,3,3,4,4,4,2,3,2,3,2,3,2,3,3,3,3,3,0.731800727,-0.075630966,0.359406545,1,0,0,0,1,1,1,0,0,1,2,0,3,0,1,2,0,0,3,1,0,0,0,1,0,1,1,0,0,1,3,0,0,1,3,0,0,1,3,0,1,0,2,0,0,1,3,0,0,0,1,4
1299,49,4,0.09942988,0,98125,1,0,0,3,0,0,1,0,0,4,4,2,2,5,1,1,1,4,4,4,1,3,1,1,2,2,2,2,3,3,2,2,-0.093771623,0.780141601,-0.12354174,0,0,1,0,3,0,0,1,0,0,2,0,4,1,0,1,1,0,1,0,1,0,0,0,1,-9,0,0,0,1,3,0,0,1,3,0,1,0,2,0,0,1,3,1,0,0,1,0,0,0,1,4
1300,49,2,0.012313233,0,98201,1,0,0,3,0,0,1,0,0,2,4,2,5,2,1,1,1,5,5,3,2,2,2,3,2,2,2,2,2,3,3,3,-1.449621672,0.537920759,1.369827854,0,1,0,0,2,0,0,1,0,0,2,0,4,1,0,1,0,0,3,1,0,0,1,0,0,-9,0,0,0,1,3,0,0,1,3,0,1,0,2,0,0,1,3,0,1,0,2,0,0,0,1,4
1302,49,4,0.045219128,0,98446,0,1,0,3,0,0,1,0,0,2,4,2,5,4,1,2,1,4,5,3,2,2,2,2,2,2,2,2,3,3,2,4,-0.791972873,-0.817314039,0.073953721,1,0,1,0,3,0,0,1,0,0,2,0,4,1,0,1,0,1,2,0,0,0,0,0,1,-9,0,1,0,0,1,1,0,0,1,1,0,0,1,0,0,1,3,1,0,0,1,1,0,0,0,1
1303,49,2,0.066699556,0,98014,0,1,0,4,0,0,0,1,0,3,5,2,4,4,1,1,1,5,3,3,2,2,1,1,2,1,1,2,1,1,4,2,-0.656081241,-0.670314322,0.307787986,1,0,1,0,3,0,0,1,0,0,2,0,4,0,0,3,0,1,2,0,0,0,1,1,0,-9,0,1,0,0,1,1,0,0,1,1,0,0,1,1,0,0,1,1,0,0,1,1,0,0,0,1
1305,49,2,0.035814019,0,98003,1,0,0,3,0,0,1,0,0,3,2,4,3,4,1,3,1,4,4,3,2,2,2,3,2,1,2,1,2,3,3,4,-0.125647286,0.136778609,0.151074733,1,0,0,1,4,1,1,0,0,1,2,0,3,1,0,1,0,1,2,0,0,0,0,1,0,-9,0,0,0,1,3,0,0,1,3,0,0,1,3,0,1,0,2,1,0,0,1,0,0,0,1,4
1309,49,1,0.156065677,0,98020,0,1,0,3,0,0,1,0,0,2,4,3,5,4,1,1,1,2,4,3,2,2,2,2,3,2,1,2,3,4,2,2,-1.200915422,0.600082316,0.505150271,1,1,0,0,2,0,0,1,0,0,1,1,1,0,0,3,0,0,3,0,0,0,0,1,0,0,0,0,1,0,2,1,0,0,1,1,0,0,1,0,1,0,2,0,1,0,2,0,0,1,0,3
1312,49,2,0.052178575,0,98310,0,1,0,3,0,0,1,0,0,3,4,3,2,5,1,5,2,4,3,4,1,1,3,1,3,1,1,1,3,2,2,2,-1.617769686,0.640320372,-0.148896371,1,1,0,0,2,0,0,1,0,0,2,0,4,0,1,2,0,1,2,1,0,0,0,0,0,-9,0,0,1,0,2,0,1,0,2,1,0,0,1,0,1,0,2,0,1,0,2,0,0,0,1,4
1315,49,4,0.005757324,0,98445,0,1,0,1,1,0,0,0,0,1,5,3,4,2,1,1,1,5,3,2,2,2,2,3,2,2,3,2,3,4,2,4,-1.307684096,-0.254513187,-0.112841864,1,0,1,0,3,0,0,1,0,0,2,0,4,1,0,1,0,0,3,1,0,0,0,0,0,0,0,0,1,0,2,1,0,0,1,1,0,0,1,1,0,0,1,1,0,0,1,1,0,0,0,1
1316,3,1,0.050118498,1,85281,1,0,0,3,0,0,1,0,0,1,4,4,5,5,4,5,4,5,4,5,3,2,2,2,2,3,2,3,2,3,2,3,1.090732783,0.11518283,0.524268208,1,1,0,0,2,1,1,1,0,0,2,0,4,0,1,2,1,0,1,0,0,0,0,1,0,1,1,0,0,1,3,0,0,1,3,0,0,1,3,0,1,0,2,0,0,1,3,0,0,0,1,4
1317,5,2,0.458982207,0,90001,1,0,0,2,0,1,0,0,0,2,5,4,4,3,4,3,4,2,3,4,2,3,2,1,3,2,2,2,3,3,2,4,0.116669982,0.903937337,-0.849641163,0,1,0,0,2,1,1,1,0,0,2,0,4,0,0,3,0,0,3,1,0,0,0,0,0,-9,0,0,0,1,3,0,0,1,3,1,0,0,1,0,0,1,3,0,0,1,3,0,0,0,1,4
1318,49,2,0.202414287,0,98075,0,1,0,3,0,0,1,0,0,3,5,4,2,5,2,2,2,5,5,5,1,1,1,4,2,1,2,1,2,1,3,3,-0.612367383,0.996748142,0.391240681,1,0,0,1,4,0,1,1,0,0,2,0,4,0,0,3,0,1,2,0,0,0,0,1,0,-9,0,0,1,0,2,1,0,0,1,1,0,0,1,0,1,0,2,1,0,0,1,0,1,0,0,2
1319,49,2,0.042451177,0,98168,0,1,0,4,0,0,0,1,0,2,5,4,4,4,2,2,2,4,5,4,1,1,1,1,3,1,2,1,3,1,2,2,-0.019926297,0.86355295,-0.168864332,0,1,0,0,2,1,1,1,0,0,1,1,1,0,1,2,1,0,1,0,0,0,0,0,1,0,0,0,1,0,2,0,1,0,2,0,0,1,3,0,1,0,2,0,1,0,2,0,0,1,0,3
1323,3,2,0.039940216,1,85215,0,1,0,3,0,0,1,0,0,3,1,1,3,4,3,4,3,4,4,4,1,1,3,1,3,1,1,1,3,3,3,3,0.012474418,0.502576966,0.04447294,1,0,0,1,4,1,1,1,0,0,2,0,4,0,1,2,1,0,1,0,0,0,0,1,0,1,1,0,1,0,2,0,1,0,2,0,0,1,3,1,0,0,1,1,0,0,1,0,1,0,0,2
1329,49,4,0.00949491,0,98443,0,1,0,2,0,1,0,0,0,4,5,3,3,4,3,4,2,4,4,4,2,2,2,4,3,2,1,1,3,3,2,3,-0.353465565,0.54456731,-1.013596356,0,0,1,0,3,0,0,1,0,0,2,0,4,1,0,1,0,0,3,0,1,0,0,1,0,-9,0,1,0,0,1,1,0,0,1,1,0,0,1,1,0,0,1,1,0,0,1,1,0,0,0,1
1331,3,4,0.05297854,1,85308,0,1,0,1,1,0,0,0,0,1,1,0,5,5,1,1,1,1,1,1,2,2,2,4,2,2,2,2,2,4,3,4,-0.062520945,-1.058812809,1.067574442,1,0,0,1,4,0,0,1,0,0,2,0,4,1,0,1,0,1,2,0,0,0,0,1,0,-9,0,0,1,0,2,0,1,0,2,0,0,1,3,0,1,0,2,1,0,0,1,0,0,1,0,3
1333,49,2,0.025235486,0,98005,0,1,0,1,1,0,0,0,0,1,1,1,5,4,1,5,1,4,5,5,2,2,2,3,3,3,2,2,2,3,3,3,1.192218369,1.390157901,0.782327766,1,0,0,1,4,0,0,1,0,0,2,0,4,0,1,2,1,0,1,0,0,0,1,1,0,-9,0,0,1,0,2,0,0,1,3,0,0,1,3,0,1,0,2,1,0,0,1,0,0,0,1,4
1334,49,4,0.032426051,0,98011,0,1,0,3,0,0,1,0,0,2,5,3,3,5,2,2,1,4,5,4,2,3,2,4,2,2,1,3,3,3,2,2,0.679151576,-2.047359907,-0.064276264,1,0,1,0,3,0,0,1,0,0,2,0,4,0,1,2,0,1,2,0,1,0,0,0,0,-9,0,0,1,0,2,0,0,1,3,0,0,1,3,0,1,0,2,1,0,0,1,0,0,1,0,3
1338,3,4,0.005106128,1,85051,1,0,0,2,0,1,0,0,0,2,1,4,1,5,3,3,1,4,4,5,1,1,1,1,1,1,1,1,3,1,2,1,-0.871236013,0.002626497,-0.673212899,0,0,0,1,4,0,0,1,0,0,2,0,4,1,0,1,1,0,1,0,1,0,0,0,1,-9,0,0,0,1,3,0,0,1,3,0,0,1,3,0,1,0,2,1,0,0,1,0,0,0,1,4
1341,3,2,0.086457548,1,85331,0,1,0,3,0,0,1,0,0,3,1,1,4,4,2,2,2,3,2,2,2,2,2,4,2,2,2,2,2,4,4,4,-0.062357583,-0.380636989,-0.506969273,1,0,0,1,4,1,1,1,0,0,2,0,4,0,0,3,0,1,2,0,1,0,0,1,0,1,1,1,0,0,1,1,0,0,1,0,0,1,3,0,1,0,2,1,0,0,1,1,0,0,0,1
1343,3,2,0.00093411,1,85009,1,0,0,2,0,1,0,0,0,1,3,1,5,3,1,1,1,2,4,4,2,2,3,1,2,2,2,2,2,1,3,4,-0.325616409,0.452198561,0.371191451,1,0,1,0,3,0,0,1,0,0,2,0,4,1,0,1,0,1,2,0,1,0,1,0,1,-9,0,0,0,1,3,0,0,1,3,0,0,1,3,0,1,0,2,1,0,0,1,0,0,0,1,4
1344,3,4,0.00330481,1,85201,1,0,0,3,0,0,1,0,0,5,2,4,2,4,1,4,1,5,4,5,2,2,3,3,2,2,1,2,3,2,2,2,-0.084397812,0.817973591,0.803541877,1,0,0,1,4,0,0,1,0,0,2,0,4,1,0,1,1,0,1,0,1,0,0,0,1,-9,0,0,0,1,3,0,0,1,3,0,1,0,2,0,0,1,3,0,0,1,3,0,0,0,1,4
1346,3,2,0.014951558,1,85031,0,1,0,1,1,0,0,0,0,2,3,2,4,3,3,4,3,4,4,3,2,2,3,2,2,2,3,1,3,3,2,3,-0.105453774,0.52227689,-0.446948995,1,1,0,0,2,0,0,1,0,0,2,0,4,0,1,2,0,0,3,1,0,0,1,1,0,1,1,0,0,1,3,0,1,0,2,1,0,0,1,1,0,0,1,1,0,0,1,0,0,0,1,4
1348,3,4,0.001950313,1,85210,1,0,0,2,0,1,0,0,0,2,1,0,5,5,1,1,1,2,1,1,2,2,2,4,2,2,2,2,2,4,4,4,0.207638527,0.215476203,-0.21419328,1,0,1,0,3,0,0,1,0,0,2,0,4,1,0,1,0,1,2,0,1,0,0,0,1,-9,0,0,0,1,3,0,0,1,3,0,0,1,3,0,1,0,2,0,0,1,3,0,0,0,1,4
1349,3,2,0.015077218,1,85373,0,1,0,4,0,0,0,1,0,1,1,0,4,5,3,4,2,2,4,3,2,2,2,2,2,2,2,2,2,3,3,3,0.774352965,-0.768951062,0.958115458,1,0,1,1,4,0,0,1,0,0,2,0,4,1,0,1,0,1,2,0,0,0,0,1,0,-9,0,0,1,0,2,1,0,0,1,0,1,0,2,1,0,0,1,1,0,0,1,1,0,0,0,1
1353,3,2,0.019301568,1,85295,0,1,0,2,0,1,0,0,0,1,1,1,2,5,3,4,2,4,4,4,1,1,3,3,3,1,1,1,3,1,2,2,0.51271275,0.049341007,0.270909423,1,0,1,0,3,0,0,1,0,0,2,0,4,0,1,2,0,1,2,0,0,0,0,1,0,-9,0,0,1,0,2,0,0,1,3,0,0,1,3,0,0,1,3,1,0,0,1,0,0,1,0,3
1356,3,2,0.106732703,1,85016,1,0,0,1,1,0,0,0,0,1,5,0,5,5,1,2,1,1,1,1,2,2,2,3,2,2,2,2,2,4,4,4,0.860240307,-1.780367562,-0.637741944,1,0,1,0,3,0,0,1,0,0,2,0,4,0,1,2,0,1,2,0,0,0,1,0,0,1,1,0,0,1,3,0,0,1,3,0,0,1,3,0,0,1,3,1,0,0,1,0,0,0,1,4
1359,3,2,0.790031402,1,85203,0,1,0,2,0,1,0,0,0,2,2,2,3,1,1,1,1,3,2,1,2,2,2,3,2,2,2,2,2,4,2,4,-0.643580111,-0.281073455,1.077041192,0,1,0,0,2,0,0,1,1,0,2,0,2,1,0,1,1,0,1,0,0,1,1,0,1,-9,0,0,0,1,3,0,1,0,2,0,1,0,2,0,0,1,3,0,0,1,3,0,0,0,1,4
1361,3,2,0.069779966,1,85209,0,1,0,1,1,0,0,0,0,1,6,1,2,5,1,1,1,1,4,1,1,2,1,4,1,2,1,1,2,1,1,1,-1.281909194,-0.768242391,1.067700434,1,0,1,0,3,0,1,0,0,1,2,0,3,0,0,3,1,0,1,0,0,0,1,0,0,1,1,0,1,0,2,0,1,0,2,0,0,1,3,1,0,0,1,1,0,0,1,0,0,1,0,3
1364,3,2,0.086457548,1,85383,0,1,0,2,0,1,0,0,0,2,1,1,4,5,1,1,1,4,3,4,1,1,3,1,3,1,1,1,3,1,2,1,0.885663705,1.033530974,1.215709758,1,0,0,1,4,0,1,1,0,0,2,0,4,0,0,3,0,1,2,0,0,0,0,1,0,1,1,0,1,0,2,1,0,0,1,0,1,0,2,0,1,0,2,1,0,0,1,1,0,0,0,1
1365,3,4,0.007961361,1,85301,1,0,0,4,0,0,0,1,0,4,4,4,1,5,1,4,3,2,4,4,1,1,3,1,2,1,1,1,2,2,3,2,-0.353147044,0.139537303,-0.158915248,1,1,0,0,2,0,0,1,0,0,2,0,4,1,0,1,0,1,2,0,0,0,0,0,0,-9,0,0,0,1,3,0,0,1,3,0,1,0,2,1,0,0,1,1,0,0,1,0,0,0,1,4
1370,3,4,0.872185105,1,85283,1,0,0,3,0,0,1,0,0,2,3,3,3,3,2,2,3,3,3,3,2,2,2,4,2,1,2,2,2,4,3,3,-0.773783646,0.085599602,-1.092219559,1,0,1,0,3,0,0,0,0,0,1,1,1,1,0,1,1,0,1,0,0,0,0,1,0,-9,0,0,0,1,3,0,0,1,3,0,0,1,3,0,1,0,2,1,0,0,1,0,0,0,1,4
1376,3,2,0.284894972,1,85032,0,1,0,3,0,0,1,0,0,3,3,2,4,4,1,2,1,1,1,1,2,2,2,4,2,2,2,2,2,3,3,4,-1.95269442,-0.611409224,-1.126130108,0,1,0,0,2,0,0,1,0,0,2,0,4,1,0,1,0,0,3,0,1,0,1,1,0,-9,0,0,0,1,3,0,1,0,2,0,0,1,3,0,0,1,3,1,0,0,1,0,0,0,1,4
1377,3,4,0.031249448,1,85354,0,0,1,2,0,1,0,0,0,3,1,0,2,5,2,2,2,5,5,5,2,2,2,1,2,2,2,2,3,4,2,3,-0.390964396,-0.794281484,1.355985385,1,0,1,0,3,0,0,1,0,0,2,0,4,0,1,2,0,1,2,0,1,0,0,1,0,1,1,1,0,0,1,1,0,0,1,1,0,0,1,0,0,1,3,1,0,0,1,1,0,0,0,1
1378,3,4,0.016796097,1,85378,0,1,0,2,0,1,0,0,0,2,2,1,4,5,2,2,2,4,4,3,2,1,2,1,2,2,1,2,3,2,2,4,0.929551252,-1.434458957,-0.390300718,1,0,0,1,4,1,1,1,0,0,2,0,4,1,0,1,1,0,1,0,0,0,0,1,0,1,1,0,1,0,2,0,1,0,2,0,0,1,3,1,0,0,1,1,0,0,1,1,0,0,0,1
1381,3,4,0.009526499,1,85017,1,0,0,1,1,0,0,0,0,2,1,0,5,3,2,3,1,4,5,5,2,2,2,3,2,2,2,2,2,3,3,3,-0.618787692,0.426267052,1.489402637,0,0,1,0,3,0,0,1,0,0,2,0,4,1,0,1,0,1,2,0,0,0,0,0,0,-9,0,0,0,1,3,0,0,1,3,0,0,1,3,0,1,0,2,1,0,0,1,0,0,1,0,3
1384,3,4,0.032616678,1,85085,0,1,0,3,0,0,1,0,0,3,1,3,4,5,4,3,2,4,3,3,2,2,2,3,2,2,2,2,3,3,3,4,-0.277281146,-0.716709197,-0.430352933,0,0,0,1,4,1,1,1,0,0,2,0,4,0,1,2,0,1,2,0,1,0,0,0,0,1,1,1,0,0,1,1,0,0,1,1,0,0,1,1,0,0,1,1,0,0,1,1,0,0,0,1
1387,3,2,0.133713546,1,85326,0,1,0,3,0,0,1,0,0,2,1,4,4,4,2,2,2,3,4,3,1,1,1,1,2,2,2,2,2,1,2,3,0.250168255,0.136518132,-0.328522558,0,0,0,1,4,0,0,0,0,0,2,0,5,0,1,2,0,1,2,0,0,0,1,1,0,-9,0,1,0,0,1,1,0,0,1,0,1,0,2,1,0,0,1,1,0,0,1,1,0,0,0,1
1388,3,4,0.046548668,1,85351,0,1,0,4,0,0,0,1,0,3,1,3,5,4,1,1,1,1,5,3,2,2,2,4,2,2,2,2,2,4,4,4,0.336633921,-0.544877154,-0.710349034,1,0,0,1,4,0,0,1,0,0,2,0,4,0,0,3,0,1,2,0,0,0,0,1,0,-9,0,0,1,0,2,1,0,0,1,0,1,0,2,1,0,0,1,1,0,0,1,0,1,0,0,2
1392,3,4,0.024215166,1,85374,0,1,0,1,1,0,0,0,0,2,1,0,4,5,1,2,2,3,4,3,2,2,2,4,2,2,2,2,2,3,3,3,0.618498032,0.610225167,0.042056934,1,0,0,1,4,1,1,1,0,0,2,0,4,0,1,2,0,1,2,0,0,0,0,1,0,-9,0,0,1,0,2,0,1,0,2,0,0,1,3,0,1,0,2,1,0,0,1,1,0,0,0,1
1403,3,2,0.105634188,1,85226,0,1,0,2,0,1,0,0,0,2,2,1,5,5,3,3,4,5,5,4,1,1,3,1,2,2,1,1,3,1,2,2,-1.156493454,-1.505555281,0.466232914,1,1,0,0,2,0,1,0,0,0,2,0,5,0,1,2,1,0,1,0,0,0,0,0,0,1,1,0,1,0,2,0,0,1,3,0,0,1,3,0,0,1,3,1,0,0,1,0,0,0,1,4
1404,3,2,0.009412368,1,85234,0,1,0,2,0,1,0,0,0,3,2,1,2,4,4,4,4,5,4,4,3,3,2,2,3,2,3,2,3,2,2,2,0.591051764,-0.635005034,-0.356351362,1,0,1,0,3,0,0,1,0,0,2,0,4,1,0,1,0,0,3,0,0,0,0,1,0,-9,0,0,1,0,2,0,1,0,2,0,0,1,3,0,0,1,3,1,0,0,1,0,0,1,0,3
1409,3,1,0.047741001,1,85301,1,0,0,2,0,1,0,0,0,1,2,3,4,4,4,3,5,5,5,3,1,3,2,3,2,2,1,3,3,2,2,2,0.031253235,0.449614467,0.699125131,1,0,0,0,1,0,0,1,0,0,1,1,1,1,0,1,0,0,3,0,0,0,0,1,0,1,1,0,0,1,3,0,0,1,3,0,1,0,2,1,0,0,1,1,0,0,1,0,0,0,1,4
1413,3,1,0.013896425,1,85003,0,1,0,1,1,0,0,0,0,2,1,1,5,4,3,3,1,1,5,3,2,2,2,3,2,2,3,2,2,3,3,3,0.666887085,0.026339772,0.061097797,1,0,0,0,1,0,0,0,1,0,2,0,2,1,0,1,0,0,3,0,0,0,0,0,0,1,1,0,1,0,2,0,0,1,3,0,0,1,3,0,1,0,2,0,0,1,3,0,0,0,1,4
1414,3,2,0.048319372,1,85373,0,1,0,4,0,0,0,1,0,2,2,0,2,5,3,3,4,5,5,5,2,1,1,1,2,2,2,2,3,1,2,2,-0.71927146,-0.933490946,0.400675499,1,0,1,0,3,0,0,1,0,0,1,1,1,1,0,1,0,0,3,0,0,0,0,0,0,-9,0,0,1,0,2,1,0,0,1,0,1,0,2,1,0,0,1,1,0,0,1,1,0,0,0,1
1417,3,4,0.103598353,1,85032,0,1,0,3,0,0,1,0,0,3,5,5,3,5,5,5,5,5,5,5,2,2,2,3,1,1,1,3,3,2,2,2,1.14011213,0.295969599,0.723154366,0,1,0,0,2,0,0,0,1,0,2,0,2,0,0,3,0,1,2,0,1,0,0,0,1,1,1,0,0,1,3,0,1,0,2,0,0,1,3,0,0,1,3,1,0,0,1,0,0,0,1,4
1419,3,3,0.002210611,1,85009,1,0,0,3,0,0,1,0,0,3,3,3,4,4,5,3,4,5,5,4,3,3,1,2,3,1,3,1,3,2,2,2,-0.560710609,1.580084019,0.311896993,0,1,0,0,2,0,1,0,1,0,2,0,2,1,0,1,0,0,3,0,0,0,0,0,0,-9,0,0,0,1,3,0,0,1,3,0,0,1,3,0,1,0,2,1,0,0,1,0,0,0,1,4
1428,49,4,0.026561301,0,98125,1,0,0,3,0,0,1,0,0,3,4,3,3,3,2,3,2,4,4,4,1,1,3,3,2,1,1,1,3,2,3,2,-0.411338101,0.188236391,0.018382932,1,0,0,1,4,0,0,1,0,0,2,0,4,1,0,1,1,0,1,0,1,0,0,0,0,0,0,0,0,1,3,0,0,1,3,0,1,0,2,0,0,1,3,1,0,0,1,0,0,0,1,4
1430,3,4,0.018241607,1,85296,0,1,0,1,1,0,0,0,0,2,1,0,5,3,1,1,1,1,5,3,2,2,2,3,2,2,2,2,2,3,3,4,0.656849833,0.409945505,0.626749182,1,0,1,0,3,0,0,1,0,0,2,0,4,1,0,1,1,0,1,0,0,0,0,1,0,-9,0,0,1,0,2,0,1,0,2,0,0,1,3,0,1,0,2,1,0,0,1,0,1,0,0,2
1433,3,4,0.005282993,1,85326,0,1,0,1,1,0,0,0,0,1,1,0,5,3,1,1,1,4,5,5,2,2,2,4,2,2,2,2,3,4,2,4,-0.159038902,-1.083738627,0.411288502,1,0,0,1,4,0,0,1,0,0,2,0,4,1,0,1,0,1,2,0,1,0,0,0,0,0,0,1,0,0,1,1,0,0,1,0,1,0,2,1,0,0,1,1,0,0,1,1,0,0,0,1
1441,3,2,0.140574847,1,85378,0,1,0,3,0,0,1,0,0,3,6,3,4,2,2,3,2,4,4,4,2,2,1,3,1,2,2,1,1,2,4,4,-0.214148957,0.378929126,0.085589445,0,1,0,0,2,0,0,1,0,0,2,0,4,0,1,2,0,0,3,1,0,0,1,1,0,1,1,0,1,0,2,0,1,0,2,0,0,1,3,1,0,0,1,1,0,0,1,1,0,0,0,1
1442,3,2,0.063330024,1,85338,0,1,0,2,0,1,0,0,0,2,2,2,4,3,3,4,4,5,5,4,2,3,2,3,2,2,1,3,3,2,2,2,0.25209147,1.196778149,-0.33135104,1,1,0,0,2,0,0,1,0,0,2,0,4,0,0,3,0,0,3,1,1,0,1,1,0,1,1,1,0,0,1,1,0,0,1,0,1,0,2,0,0,1,3,1,0,0,1,0,1,0,0,2
1450,49,2,0.012055551,0,99163,0,1,0,2,0,1,0,0,0,2,5,3,3,5,3,5,1,4,5,4,1,1,3,3,2,1,1,1,3,3,2,1,1.350604754,0.96030071,0.674894875,1,1,0,0,2,0,0,1,0,0,2,0,4,0,1,2,0,0,3,1,0,0,1,1,0,-9,0,0,0,1,3,0,1,0,2,1,0,0,1,0,1,0,2,1,0,0,1,0,1,0,0,2
1451,3,4,0.139048906,1,85254,0,1,0,2,0,1,0,0,0,1,1,0,5,5,1,1,1,3,4,1,2,2,2,4,2,2,2,2,2,4,3,4,-0.756932168,-0.137996651,0.839730324,0,0,0,1,4,0,1,1,0,0,2,0,4,0,0,3,0,1,2,0,0,0,0,1,0,1,1,0,1,0,2,0,0,1,3,0,0,1,3,0,1,0,2,1,0,0,1,0,0,1,0,3
1452,3,2,0.017314571,1,85295,0,1,0,1,1,0,0,0,0,1,6,0,5,1,1,1,1,1,1,1,3,1,2,3,2,2,2,2,2,3,3,3,-1.342964828,-0.24329589,0.777160707,1,0,0,0,1,1,1,1,0,0,1,1,1,1,0,1,0,0,3,0,0,0,1,1,0,1,1,0,1,0,2,0,0,1,3,0,0,1,3,0,0,1,3,1,0,0,1,0,0,1,0,3
1457,49,2,0.049424877,0,98023,0,1,0,2,0,1,0,0,0,2,5,3,4,4,1,2,3,4,3,2,2,1,3,2,2,2,2,2,3,1,3,4,-0.520753706,-0.474384857,-0.268740148,1,1,0,0,2,0,0,0,0,1,2,0,3,0,1,2,0,0,3,1,0,0,1,0,1,-9,0,0,0,1,3,0,1,0,2,1,0,0,1,1,0,0,1,1,0,0,1,0,0,1,0,3
1464,3,2,0.034636038,1,85304,1,0,0,1,1,0,0,0,0,2,3,3,5,4,1,1,1,1,3,1,2,2,2,2,2,2,2,2,3,3,3,3,-0.077186697,-0.35512441,0.821031906,1,1,0,0,2,0,0,1,0,0,2,0,4,0,1,2,0,1,2,0,1,0,0,1,0,1,1,0,0,1,3,0,1,0,2,1,0,0,1,0,1,0,2,1,0,0,1,0,0,0,1,4
1465,3,4,0.018235351,1,85262,0,1,0,3,0,0,1,0,0,3,1,4,4,5,2,3,4,5,5,3,1,3,2,1,2,2,1,2,3,3,2,2,1.001349623,-0.524686915,0.130591514,1,0,0,1,4,0,1,1,0,0,2,0,4,0,0,3,0,0,3,0,0,0,0,1,0,1,1,1,0,0,1,1,0,0,1,0,1,0,2,1,0,0,1,1,0,0,1,1,0,0,0,1
1467,3,2,0.076862437,1,85085,0,1,0,1,1,0,0,0,0,1,1,0,5,4,1,1,1,1,4,1,2,2,2,4,3,1,2,2,3,3,3,3,0.161831027,0.926529766,0.218737041,0,0,1,0,3,0,1,1,0,0,2,0,4,0,0,3,0,0,3,1,0,0,1,1,0,-9,0,1,0,0,1,1,0,0,1,1,0,0,1,1,0,0,1,1,0,0,1,1,0,0,0,1
1468,49,4,0.006310936,0,98275,0,1,0,5,0,0,0,0,1,5,6,4,2,4,1,2,1,3,2,2,3,2,2,4,2,2,1,1,3,3,2,4,-0.806913254,-0.496475734,-0.75409139,1,0,0,1,4,1,1,1,0,0,2,0,4,1,0,1,0,1,2,0,0,0,0,1,0,-9,0,0,1,0,2,0,1,0,2,1,0,0,1,1,0,0,1,0,1,0,2,0,0,1,0,3
1474,3,2,0.001263077,1,85381,0,1,0,2,0,1,0,0,0,3,1,0,3,3,2,3,3,3,4,3,2,2,2,4,2,2,3,3,2,4,2,4,-0.461421634,-1.812029729,-0.549701654,1,1,0,0,2,0,1,1,0,0,2,0,4,0,1,2,0,0,3,1,1,0,1,0,1,1,1,0,1,0,2,0,1,0,2,0,1,0,2,0,0,1,3,1,0,0,1,0,0,1,0,3
1475,3,4,0.028434677,1,85248,0,1,0,1,1,0,0,0,0,1,1,0,5,4,1,4,2,2,4,5,2,2,2,4,2,2,2,2,2,4,3,4,0.801173095,0.364927303,1.069217118,1,0,0,1,4,0,0,1,0,0,2,0,4,0,1,2,1,0,1,0,0,0,0,0,0,-9,0,0,1,0,2,0,1,0,2,0,0,1,3,0,1,0,2,1,0,0,1,0,1,0,0,2
1477,3,4,0.018335924,1,85212,0,1,0,3,0,0,1,0,0,2,1,1,5,5,2,2,3,5,5,4,3,2,2,3,2,2,2,2,3,4,2,2,0.629837119,0.775810442,-0.380412207,1,0,0,1,4,1,1,1,0,0,2,0,4,0,1,2,0,1,2,0,0,0,0,1,0,1,1,1,0,0,1,1,0,0,1,0,1,0,2,0,1,0,2,1,0,0,1,1,0,0,0,1
1480,3,4,0.090688166,1,85226,0,1,0,3,0,0,1,0,0,1,1,0,5,4,2,2,2,4,4,4,2,2,2,3,2,2,1,2,2,1,4,3,1.113026887,0.495724912,0.429484825,1,0,0,1,4,0,0,1,0,0,2,0,4,0,1,2,0,1,2,0,0,0,0,1,0,1,1,0,1,0,2,0,0,1,3,0,0,1,3,0,0,1,3,1,0,0,1,0,0,0,1,4
1483,3,4,0.122897117,1,85262,0,1,0,1,1,0,0,0,0,2,2,0,4,4,3,3,3,2,3,4,2,2,2,3,2,2,3,2,2,4,3,3,0.490623658,-0.360330463,0.061922008,0,0,0,1,4,0,1,1,0,0,2,0,4,0,0,3,0,1,2,0,0,0,0,1,0,-9,0,1,0,0,1,1,0,0,1,0,1,0,2,1,0,0,1,1,0,0,1,1,0,0,0,1
1485,3,4,0.017245226,1,85283,1,0,0,2,0,1,0,0,0,2,1,4,1,5,1,1,2,5,5,4,1,1,2,1,2,2,1,1,3,4,2,2,1.465812082,0.156093883,0.935899994,1,0,0,1,4,0,0,1,0,0,2,0,4,0,1,2,0,1,2,0,0,0,0,1,0,1,1,0,0,1,3,0,0,1,3,0,0,1,3,0,1,0,2,1,0,0,1,0,0,0,1,4
1486,3,4,0.009218309,1,85301,1,0,0,3,0,0,1,0,0,1,4,0,4,5,4,4,5,5,4,5,2,1,1,3,2,2,2,1,3,3,3,4,0.98876301,1.703493763,-0.353423708,1,0,1,0,3,0,0,1,0,0,2,0,4,1,0,1,0,0,3,0,1,0,0,0,0,-9,0,0,0,1,3,0,0,1,3,0,1,0,2,1,0,0,1,1,0,0,1,0,0,0,1,4
1489,3,2,0.00675412,1,85282,1,0,0,2,0,1,0,0,0,3,1,1,4,4,1,1,4,1,1,1,2,2,2,4,2,2,2,2,2,4,4,4,-0.30793393,-1.12143582,0.103586776,0,0,0,1,4,0,0,1,0,0,2,0,4,1,0,1,1,0,1,0,0,0,1,0,1,-9,0,0,0,1,3,0,0,1,3,0,0,1,3,0,0,1,3,0,1,0,2,0,0,0,1,4
1493,3,4,0.0266449,1,85339,0,1,0,2,0,1,0,0,0,1,1,0,5,3,1,1,1,3,4,3,2,2,2,3,2,2,2,2,2,3,3,3,-0.170211157,-0.288528973,0.459652694,0,0,0,1,4,0,0,1,0,0,2,0,4,0,1,2,0,1,2,0,0,0,0,1,0,-9,0,1,0,0,1,1,0,0,1,1,0,0,1,1,0,0,1,1,0,0,1,0,1,0,0,2
1498,3,4,0.023384107,1,85326,0,1,0,3,0,0,1,0,0,2,1,0,3,3,3,3,3,3,3,3,2,2,2,3,2,2,2,2,2,4,3,3,0.102211858,0.129100706,-0.030470712,0,0,1,0,3,0,0,1,0,0,2,0,4,1,0,1,0,1,2,0,1,0,0,1,0,1,1,1,0,0,1,1,0,0,1,0,1,0,2,1,0,0,1,1,0,0,1,1,0,0,0,1
1499,3,2,0.041661099,1,85335,0,1,0,3,0,0,1,0,0,2,1,1,1,3,1,4,4,4,4,4,1,1,1,1,3,1,3,1,3,2,2,2,0.384538738,0.237260212,-1.050680578,1,0,1,0,3,0,0,0,0,0,1,1,1,1,0,1,0,0,3,0,0,0,1,1,0,-9,0,0,0,1,3,1,0,0,1,0,1,0,2,1,0,0,1,1,0,0,1,1,0,0,0,1
1502,3,2,0.153650583,1,85202,1,0,0,3,0,0,1,0,0,3,1,1,3,4,2,2,2,4,4,4,1,1,1,2,3,1,1,1,3,1,2,1,-1.429578898,0.034300926,-0.364010863,0,0,1,0,3,0,0,1,0,0,2,0,4,1,0,1,1,0,1,0,0,0,0,0,1,-9,0,0,0,1,3,0,1,0,2,0,0,1,3,0,0,1,3,0,1,0,2,0,0,0,1,4
1503,3,2,0.050902338,1,85302,0,1,0,4,0,0,0,1,0,1,4,3,5,4,3,3,3,4,5,4,2,2,2,3,2,2,2,2,2,3,3,3,-0.156446417,0.754472614,0.016419099,0,1,0,0,2,1,1,1,0,0,1,1,1,0,1,2,0,0,3,1,0,0,1,1,0,1,1,0,0,1,3,0,1,0,2,1,0,0,1,0,1,0,2,1,0,0,1,0,0,0,1,4
1504,3,4,0.054612159,1,85037,0,1,0,1,1,0,0,0,0,2,1,1,5,4,1,4,3,4,5,4,2,2,3,3,2,2,2,2,3,2,2,2,0.048437147,0.649502155,0.031525819,1,0,1,0,3,0,0,1,0,0,2,0,4,0,0,3,0,1,2,0,0,0,0,0,0,-9,0,0,0,1,3,0,1,0,2,0,1,0,2,1,0,0,1,1,0,0,1,0,0,1,0,3
1506,3,1,0.292891463,1,85085,0,1,0,1,1,0,0,0,0,1,1,0,5,1,1,1,1,1,1,1,2,2,2,3,2,2,2,2,2,3,3,3,0.965709214,0.618187366,0.9670433,1,0,0,0,1,0,0,1,0,1,2,0,3,0,0,3,0,0,3,0,0,0,1,0,0,1,1,1,0,0,1,1,0,0,1,1,0,0,1,1,0,0,1,1,0,0,1,1,0,0,0,1
1511,3,4,0.002515097,1,85009,1,0,0,4,0,0,0,1,0,3,3,1,5,5,1,1,1,1,5,1,2,2,2,3,2,2,2,2,2,3,3,3,-1.428199371,-0.4192286,-1.589539628,1,1,0,0,2,0,0,1,0,0,2,0,4,1,0,1,0,1,2,0,1,0,0,1,1,1,1,0,0,1,3,0,0,1,3,0,0,1,3,0,1,0,2,1,0,0,1,0,0,0,1,4
1512,3,4,0.044898848,1,85387,0,1,0,2,0,1,0,0,0,2,1,0,3,3,3,3,3,3,3,3,1,1,1,1,2,2,3,2,3,1,1,1,-1.359162818,0.483772008,0.005537525,0,0,0,1,4,0,0,1,0,0,2,0,4,0,1,2,0,1,2,0,0,0,0,0,0,-9,0,1,0,0,1,1,0,0,1,1,0,0,1,1,0,0,1,1,0,0,1,1,0,0,0,1
1513,3,2,0.202265634,1,85281,1,0,0,3,0,0,1,0,0,2,6,2,4,2,1,2,2,4,4,3,1,1,1,1,1,1,1,1,2,4,3,1,-0.066539086,0.178833889,0.619082835,0,1,0,0,2,0,0,1,0,0,1,1,1,0,1,2,1,0,1,0,0,0,1,0,0,-9,0,0,0,1,3,0,0,1,3,0,0,1,3,0,1,0,2,0,0,1,3,0,0,0,1,4
1514,33,2,0.0299175,1,85201,1,0,0,4,0,0,0,1,0,2,5,3,3,5,2,5,2,5,5,5,1,2,1,1,3,1,1,1,3,2,2,2,1.558645997,1.484923189,-1.946613102,0,0,1,0,3,0,1,1,0,0,2,0,4,0,0,3,0,0,3,1,0,0,0,0,0,-9,0,0,0,1,3,0,0,1,3,0,1,0,2,0,0,1,3,0,0,1,3,0,0,0,1,4
1515,3,2,0.056404032,1,85041,0,1,0,2,0,1,0,0,0,1,2,0,5,1,1,1,1,4,2,1,2,1,2,4,2,2,3,2,2,3,2,3,-1.740383987,-0.263726341,0.636082246,0,0,1,0,3,0,0,1,0,0,2,0,4,0,1,2,1,0,1,0,0,0,1,1,0,1,1,0,0,1,3,1,0,0,1,1,0,0,1,1,0,0,1,1,0,0,1,0,0,1,0,3
1519,49,4,0.024379454,0,98204,1,0,0,5,0,0,0,0,1,5,3,5,3,5,3,5,3,5,5,3,3,1,2,4,2,2,2,1,3,3,2,1,0.355009953,-0.249450234,-2.100011694,1,0,1,0,3,1,1,1,0,0,2,0,4,1,0,1,1,0,1,0,0,0,0,0,0,0,0,0,0,1,3,0,0,1,3,0,1,0,2,0,0,1,3,1,0,0,1,0,0,0,1,4
1520,3,4,0.027061615,1,85351,0,1,0,2,0,1,0,0,0,1,1,1,3,5,2,3,3,4,4,3,1,1,1,1,2,2,1,2,3,1,2,4,0.500185928,-0.043502619,-0.952958281,1,0,0,1,4,0,0,1,0,0,2,0,4,0,1,2,0,1,2,0,0,0,0,1,0,1,1,0,1,0,2,1,0,0,1,0,1,0,2,1,0,0,1,1,0,0,1,0,1,0,0,2
1523,49,4,0.012448151,0,98133,1,0,0,2,0,1,0,0,0,3,4,4,2,5,2,2,2,5,5,4,1,1,2,1,2,2,1,2,3,4,2,4,0.702835068,-0.360758568,-0.377364508,1,0,1,0,3,1,1,1,0,0,2,0,4,1,0,1,0,1,2,0,0,0,0,0,0,-9,0,0,0,1,3,0,0,1,3,0,1,0,2,0,1,0,2,1,0,0,1,0,0,0,1,4
1524,3,2,0.023112425,1,85020,1,0,0,1,1,0,0,0,0,1,4,2,3,3,4,5,4,4,4,4,2,2,2,3,2,2,2,2,2,3,3,3,0.027951498,1.01338328,0.217464767,0,0,1,0,3,0,0,1,0,0,2,0,4,0,1,2,0,0,3,1,0,0,1,1,0,1,1,0,0,1,3,0,0,1,3,0,1,0,2,0,0,1,3,1,0,0,1,0,0,0,1,4
1534,3,2,0.101355876,1,85037,0,1,0,2,0,1,0,0,0,1,4,2,5,5,1,1,1,3,3,3,2,2,2,4,2,2,2,2,2,3,3,4,0.18151986,-0.772793383,-0.325210918,1,0,0,0,1,0,0,1,0,0,1,1,1,1,0,1,0,0,3,0,0,0,0,1,0,-9,0,0,0,1,3,0,1,0,2,0,1,0,2,1,0,0,1,1,0,0,1,0,0,1,0,3
1540,3,2,0.133582057,1,85048,0,1,0,2,0,1,0,0,0,2,1,1,3,3,3,2,3,4,3,3,2,2,2,3,2,2,2,2,2,4,3,3,0.136376,0.874843305,-0.10039503,0,0,0,1,4,1,1,1,0,0,2,0,4,0,0,3,0,1,2,0,0,0,0,1,0,1,1,0,1,0,2,0,1,0,2,0,0,1,3,1,0,0,1,1,0,0,1,0,0,1,0,3
1545,3,4,0.032616678,1,85085,0,1,0,4,0,0,0,1,0,4,1,4,4,5,2,4,5,4,4,2,1,1,2,1,2,2,1,1,3,2,2,4,0.464348465,-0.818399187,-1.243833622,0,0,0,1,4,1,1,1,0,0,2,0,4,0,1,2,0,1,2,0,1,0,0,0,0,-9,0,1,0,0,1,1,0,0,1,1,0,0,1,1,0,0,1,1,0,0,1,1,0,0,0,1
1547,3,4,0.018896779,1,85008,1,0,0,4,0,0,0,1,0,2,1,0,3,3,3,3,3,3,3,3,2,2,2,4,2,2,2,2,2,4,4,4,0.341776447,0.388946455,1.206661419,0,0,0,1,4,0,0,1,0,0,2,0,4,1,0,1,0,0,3,0,1,0,0,0,0,-9,0,0,0,1,3,0,0,1,3,0,1,0,2,0,0,1,3,0,1,0,2,0,0,1,0,3
1549,3,4,0.017890747,1,85051,1,0,0,1,1,0,0,0,0,4,4,5,1,4,1,4,3,4,4,1,2,2,2,4,2,2,2,2,2,3,3,4,-2.131348813,-1.265057226,1.189421586,1,0,0,0,1,0,0,0,0,0,2,0,5,1,0,1,0,1,2,0,1,0,0,0,0,0,0,0,0,1,3,0,0,1,3,0,0,1,3,0,1,0,2,1,0,0,1,0,0,0,1,4
1553,49,4,0.026055738,0,98258,0,1,0,2,0,1,0,0,0,2,4,3,2,4,3,3,1,4,5,4,1,1,1,1,2,1,1,1,3,3,2,2,0.367139174,0.463803054,-0.117761215,1,0,0,1,4,0,0,0,1,0,2,0,2,0,1,2,0,1,2,0,1,0,0,1,0,-9,0,0,1,0,2,1,0,0,1,1,0,0,1,1,0,0,1,0,1,0,2,0,1,0,0,2
1554,51,4,0.014869013,0,98371,0,1,0,1,1,0,0,0,0,1,5,1,4,5,1,3,1,4,4,1,2,2,3,4,2,2,2,2,2,4,3,4,1.069367566,0.234032463,0.423130234,1,0,0,1,4,0,0,1,0,0,2,0,4,0,1,2,0,1,2,0,1,0,0,0,0,1,1,0,1,0,2,0,1,0,2,0,1,0,2,1,0,0,1,0,0,1,3,0,0,1,0,3
1555,49,2,0.046597263,0,98367,0,1,0,3,0,0,1,0,0,2,5,3,4,5,1,1,1,5,4,4,1,1,1,1,2,1,2,1,2,1,4,2,0.096105769,0.692212732,1.166264349,0,0,0,1,4,1,1,1,0,0,2,0,4,0,0,0,0,1,2,0,0,0,0,1,0,-9,0,1,0,0,1,1,0,0,1,1,0,0,1,1,0,0,1,0,1,0,2,1,0,0,0,1
1557,3,2,0.052783415,1,85374,0,1,0,2,0,1,0,0,0,2,3,1,4,4,3,3,3,4,4,4,2,3,3,1,2,2,2,2,2,3,2,3,-0.035850108,0.221881016,0.205158485,1,1,0,0,2,1,1,1,0,0,2,0,4,0,0,3,0,0,3,1,0,0,1,1,0,1,1,0,1,0,2,0,1,0,2,0,0,1,3,0,1,0,2,1,0,0,1,1,0,0,0,1
1559,49,4,0.053070834,0,98403,0,1,0,1,1,0,0,0,0,1,1,0,4,3,1,1,4,4,4,3,2,2,2,3,2,2,2,2,2,3,2,2,0.896683426,0.665731035,-0.692534831,0,0,0,1,4,0,1,1,0,0,2,0,4,0,1,2,0,1,2,0,0,0,0,0,0,1,1,0,0,1,3,1,0,0,1,1,0,0,1,1,0,0,1,0,1,0,2,0,0,0,1,4
1562,3,4,0.008891702,1,85053,1,0,0,4,0,0,0,1,0,2,1,0,2,5,1,4,1,5,5,3,1,1,1,1,1,1,2,2,2,4,3,4,1.335462576,0.181663395,0.092484088,1,0,0,1,4,1,1,1,0,0,2,0,4,1,0,1,0,1,2,0,1,0,0,0,0,1,1,0,0,1,3,0,0,1,3,0,0,1,3,0,1,0,2,1,0,0,1,0,0,0,1,4
1568,3,4,0.02595097,1,85032,0,1,0,1,1,0,0,0,0,1,1,1,4,5,2,3,4,4,3,2,1,1,1,3,2,2,1,2,3,1,2,3,-1.776418373,-0.585974895,-0.485553953,0,0,0,1,4,1,1,1,0,0,2,0,4,1,0,1,1,0,1,0,0,0,0,1,0,1,1,0,0,1,3,0,1,0,2,0,0,1,3,0,0,1,3,1,0,0,1,0,0,0,1,4
1569,3,4,0.031660246,1,85379,0,1,0,3,0,0,1,0,0,2,1,0,4,4,2,2,1,3,4,3,1,2,2,4,2,2,2,2,1,4,2,4,0.552155623,0.081117689,-0.258443733,0,0,0,1,4,0,0,1,0,0,2,0,4,0,1,2,0,1,2,0,0,0,0,1,0,-9,0,0,0,1,3,1,0,0,1,0,1,0,2,1,0,0,1,1,0,0,1,1,0,0,0,1
1570,3,4,0.120115349,1,85205,0,1,0,4,0,0,0,1,0,4,4,4,3,4,1,1,1,1,1,1,1,1,1,1,1,1,1,1,1,1,1,1,-2.545978046,-0.946040029,-0.385292527,0,0,0,1,4,0,0,0,0,0,2,0,5,0,1,2,0,1,2,0,1,0,0,1,0,-9,0,0,1,0,2,0,1,0,2,0,1,0,2,0,1,0,2,1,0,0,1,0,0,1,0,3
1572,3,4,0.004147001,1,85306,1,0,0,1,1,0,0,0,0,1,1,3,3,4,3,4,3,4,4,3,3,2,2,2,3,3,2,2,3,2,2,4,0.860096482,0.225711706,-0.383332919,1,0,1,0,3,0,0,1,0,0,2,0,4,1,0,1,1,0,1,0,0,0,0,0,1,-9,0,0,0,1,3,0,0,1,3,0,1,0,2,0,1,0,2,1,0,0,1,0,0,0,1,4
1574,3,4,0.014692259,1,85310,0,1,0,2,0,1,0,0,0,1,1,2,4,5,1,1,2,4,5,4,1,1,1,1,2,2,1,2,3,4,2,1,0.771889804,0.181777883,0.791128097,1,0,1,0,3,0,0,1,0,0,2,0,4,0,1,2,0,0,3,0,0,0,0,1,0,-9,0,0,1,0,2,0,1,0,2,1,0,0,1,1,0,0,1,1,0,0,1,1,0,0,0,1
1576,3,4,0.043610179,1,85004,0,1,0,3,0,0,1,0,0,2,4,2,4,5,2,3,1,5,5,5,1,1,2,1,2,1,1,1,3,2,2,2,-0.328535821,-0.312063408,0.013915999,1,0,0,1,4,0,0,1,0,0,2,0,4,0,0,3,1,0,1,0,0,0,0,0,0,-9,0,0,1,0,2,0,0,1,3,0,0,1,3,0,1,0,2,0,0,1,3,0,0,0,1,4
1585,3,2,0.12676442,1,85298,0,1,0,1,1,0,0,0,0,3,2,5,5,4,3,4,5,5,5,4,2,3,2,3,2,3,2,1,2,2,2,3,0.207315546,1.693027245,0.897036756,0,0,0,0,1,0,0,1,0,0,2,0,4,0,1,2,0,1,2,0,0,0,1,1,0,1,1,0,0,0,0,0,0,0,0,0,0,0,0,0,0,0,0,0,0,0,0,0,0,0,0,0
1586,3,2,0.065660688,1,85395,0,1,0,3,0,0,1,0,0,1,4,2,5,3,1,4,1,5,5,4,1,1,1,4,2,2,2,2,2,3,3,4,-0.302938815,-0.634576814,-1.861431586,1,0,1,0,3,0,0,1,0,0,2,0,4,0,1,2,0,1,2,0,0,0,1,1,0,-9,0,0,1,0,2,0,1,0,2,0,0,1,3,0,1,0,2,1,0,0,1,1,0,0,0,1
1589,49,4,0.010267331,0,98311,0,1,0,1,1,0,0,0,0,1,6,1,4,5,1,2,1,5,5,5,1,1,1,1,2,2,1,2,3,3,2,4,0.776377456,0.064118905,-0.396925096,1,0,0,1,4,1,1,1,0,0,2,0,4,0,0,0,1,0,1,0,0,0,0,1,0,-9,0,0,1,0,2,1,0,0,1,1,0,0,1,1,0,0,1,1,0,0,1,0,1,0,0,2
1590,3,4,0.033684575,1,85027,0,1,0,1,1,0,0,0,0,1,2,0,4,4,1,3,3,4,4,4,2,2,2,3,2,1,2,2,3,3,3,4,-0.688380173,0.274782614,0.33109755,1,0,0,1,4,1,1,0,0,1,2,0,3,0,1,2,0,1,2,0,0,0,0,1,0,1,1,0,1,0,2,0,0,1,3,0,0,1,3,0,1,0,2,1,0,0,1,0,0,1,0,3
1591,3,4,0.043203734,1,85041,0,1,0,1,1,0,0,0,0,2,1,1,3,5,1,3,4,3,3,1,1,2,2,1,2,2,2,2,2,1,3,4,0.688210789,0.322371461,0.470335894,0,0,1,0,3,1,1,1,0,0,2,0,4,0,1,2,0,1,2,0,0,0,0,1,0,-9,0,0,0,1,3,1,0,0,1,1,0,0,1,1,0,0,1,1,0,0,1,0,0,1,0,3
1592,3,4,0.721034837,1,85207,0,1,0,3,0,0,1,0,0,2,6,3,4,5,3,5,2,5,5,5,3,1,2,2,2,2,3,2,3,2,2,3,0.310288265,1.430364809,0.671016144,1,0,0,0,1,0,0,1,1,0,2,0,2,1,0,1,0,0,3,1,0,0,0,0,0,1,1,0,1,0,2,1,0,0,1,0,0,1,3,1,0,0,1,1,0,0,1,0,1,0,0,2
1595,3,2,0.148493586,1,85392,0,1,0,2,0,1,0,0,0,2,4,2,4,1,1,1,1,1,4,3,2,2,2,3,2,2,1,2,2,4,2,3,-0.613242767,0.216551986,0.523577233,1,1,0,0,2,0,0,1,0,0,1,1,1,0,0,3,0,0,3,1,0,0,0,1,0,-9,0,0,1,0,2,0,1,0,2,0,0,1,3,1,0,0,1,1,0,0,1,0,0,1,0,3
1597,49,2,0.054273293,0,98074,0,1,0,2,0,1,0,0,0,2,5,1,4,3,1,2,1,3,5,4,2,3,1,1,2,1,1,2,3,3,2,4,-0.034486361,-0.406936752,-0.901053782,1,1,0,0,2,1,1,1,0,0,2,0,4,0,1,2,1,0,1,0,0,0,0,0,0,-9,0,0,1,0,2,1,0,0,1,1,0,0,1,1,0,0,1,1,0,0,1,0,1,0,0,2
1599,49,4,0.008657079,0,98115,1,0,0,3,0,0,1,0,0,4,2,5,4,4,4,4,4,4,4,4,1,3,1,2,3,1,3,3,1,2,2,2,-0.186024404,0.122847739,-0.202227438,1,1,0,0,2,0,0,1,0,0,2,0,4,0,1,2,0,0,3,0,1,0,0,1,0,0,0,0,0,1,3,0,0,1,3,0,1,0,2,0,0,1,3,1,0,0,1,0,0,0,1,4
1602,3,2,0.011603393,1,85015,1,0,0,4,0,0,0,1,0,1,5,0,1,5,1,5,5,5,3,3,1,1,1,1,1,2,2,1,2,3,3,1,-1.218807006,-1.364656675,0.71623681,1,0,1,0,3,0,0,0,0,1,2,0,3,1,0,1,0,0,3,0,0,0,1,0,0,-9,0,0,0,1,3,0,0,1,3,0,1,0,2,0,1,0,2,0,0,1,3,0,0,0,1,4
1603,3,2,0.024159563,1,85201,1,0,0,1,1,0,0,0,0,1,2,2,4,2,3,4,2,2,5,5,3,1,2,3,2,2,3,2,1,3,3,2,0.225832895,-0.106198,-0.631485531,1,0,1,0,3,0,0,1,0,0,2,0,4,1,0,1,1,0,1,0,0,0,1,0,0,1,1,0,0,1,3,0,0,1,3,0,1,0,2,0,0,1,3,0,0,1,3,0,0,0,1,4
1605,3,4,0.079806435,1,85392,0,1,0,2,0,1,0,0,0,2,1,0,3,5,1,1,1,5,4,4,1,1,1,1,2,1,1,1,3,3,3,3,-0.394836044,0.506172281,-0.424329679,1,1,0,0,2,0,0,1,0,0,2,0,4,0,0,3,0,1,2,0,0,0,0,1,0,1,1,0,1,0,2,0,1,0,2,0,0,1,3,1,0,0,1,1,0,0,1,0,0,1,0,3
1610,3,4,0.204863775,1,85034,0,1,0,3,0,0,1,0,0,3,2,1,4,3,1,1,2,4,5,2,1,2,2,1,3,2,2,1,2,1,2,2,-0.014389192,0.856343863,-1.562620652,0,1,0,0,2,0,0,0,0,1,2,0,3,1,0,1,1,0,1,0,0,0,0,1,0,-9,0,1,0,0,1,0,0,1,3,0,0,1,3,0,1,0,2,0,0,1,3,0,0,0,1,4
1613,49,4,0.01919949,0,98102,1,0,0,3,0,0,1,0,0,2,4,3,2,5,1,1,1,4,4,1,2,2,2,1,2,2,1,1,3,4,2,4,-0.056364454,-0.800994001,-0.216729892,1,0,0,1,4,1,1,1,0,0,2,0,4,1,0,1,1,0,1,0,0,0,0,0,0,0,0,0,0,1,3,0,0,1,3,0,0,1,3,0,0,1,3,0,0,1,3,0,0,0,1,4
1614,3,4,0.005857127,1,85009,1,0,0,1,1,0,0,0,0,1,1,2,5,4,2,1,1,4,4,4,2,2,2,3,2,2,2,2,2,3,3,3,0.109340169,-0.342843652,0.089923238,0,0,0,1,4,0,0,1,0,0,2,0,4,1,0,1,1,0,1,0,0,0,0,1,1,-9,0,0,0,1,3,0,0,1,3,0,0,1,3,0,1,0,2,1,0,0,1,0,0,0,1,4
1615,3,2,0.075905461,1,85040,1,0,0,3,0,0,1,0,0,3,1,4,2,2,2,1,3,1,1,1,1,3,3,4,1,2,3,2,2,1,2,2,-0.156026614,1.596065649,-0.085242495,0,0,0,0,1,0,0,0,1,0,1,1,1,1,0,1,0,1,2,1,0,0,0,0,0,1,1,0,0,1,3,0,0,1,3,0,1,0,2,1,0,0,1,1,0,0,1,0,0,1,0,3
1616,3,4,0.064243624,1,85021,1,0,0,1,1,0,0,0,0,3,3,2,3,3,3,3,3,3,3,3,2,2,2,3,2,2,2,2,2,3,3,3,-0.186946461,0.178101409,-0.946294144,0,0,0,0,1,0,0,1,0,0,2,0,4,1,0,1,0,1,2,0,0,0,0,1,0,-9,0,0,0,1,3,0,0,1,3,1,0,0,1,0,1,0,2,0,0,1,3,0,0,0,1,4
1619,3,2,0.065169304,1,85008,1,0,0,1,1,0,0,0,0,2,2,0,5,2,3,2,2,4,4,4,3,3,3,1,3,1,1,1,3,1,1,2,-1.409428606,-0.784341221,-0.084571396,0,1,0,0,2,1,1,1,0,0,2,0,4,0,1,2,1,0,1,0,0,0,1,1,0,-9,0,0,0,1,3,0,0,1,3,0,1,0,2,0,0,1,3,0,1,0,2,0,0,1,0,3
1620,3,4,0.078043734,1,85335,0,1,0,1,1,0,0,0,0,1,1,0,5,2,2,2,2,2,4,2,2,2,2,3,2,2,2,2,2,3,3,3,-1.017604184,-1.297377064,0.056761095,1,0,0,0,1,0,0,1,0,0,2,0,4,0,1,2,0,0,3,0,0,0,0,1,0,-9,0,0,0,1,3,1,0,0,1,0,1,0,2,1,0,0,1,1,0,0,1,1,0,0,0,1
1623,3,4,0.0328098,1,85306,1,0,0,4,0,0,0,1,0,2,1,1,1,5,3,5,3,5,5,5,1,1,2,4,2,2,1,2,3,3,2,2,0.151558089,-0.031039873,0.232858211,1,0,1,0,3,0,0,1,0,0,2,0,4,1,0,1,0,1,2,0,0,0,0,1,0,1,1,0,0,1,3,0,0,1,3,0,1,0,2,0,1,0,2,1,0,0,1,0,0,0,1,4
1624,49,4,0.021932242,0,98036,0,1,0,2,0,1,0,0,0,2,4,1,4,5,1,1,1,5,4,2,2,2,2,3,2,2,1,3,1,4,2,4,-0.201668135,0.136463854,0.139947633,1,0,0,1,4,0,0,1,0,0,2,0,4,0,1,2,0,1,2,0,0,0,0,1,0,1,1,0,1,0,2,0,0,1,3,1,0,0,1,1,0,0,1,1,0,0,1,0,0,1,0,3
1625,3,4,0.004069846,1,85015,1,0,0,2,0,1,0,0,0,1,2,2,4,4,2,3,1,4,4,4,1,1,3,1,2,2,2,1,3,1,3,1,-0.592356286,0.152204965,-0.399748316,0,0,0,1,4,0,0,0,1,0,2,0,2,1,0,1,1,0,1,0,0,0,0,0,1,-9,0,0,0,1,3,0,0,1,3,0,1,0,2,0,1,0,2,0,0,1,3,0,0,0,1,4
1630,3,2,0.215715012,1,85304,1,0,0,1,1,0,0,0,0,2,1,1,4,5,1,1,1,4,4,3,2,2,2,3,2,2,2,2,2,4,3,4,-0.372028056,-0.432600388,-0.148389819,0,0,1,0,3,0,0,1,0,0,2,0,4,0,1,2,1,0,1,0,0,0,1,1,0,-9,0,0,0,1,3,0,1,0,2,1,0,0,1,0,1,0,2,1,0,0,1,0,0,0,1,4
1633,3,4,0.01046409,1,85387,0,1,0,3,0,0,1,0,0,2,2,0,4,5,1,1,1,1,5,1,2,2,2,3,2,2,2,2,2,4,4,4,-0.266031397,-1.990745019,1.260122652,1,1,0,0,2,1,1,1,0,0,2,0,4,0,1,2,0,0,3,1,0,0,0,1,0,-9,0,1,0,0,1,1,0,0,1,1,0,0,1,1,0,0,1,1,0,0,1,1,0,0,0,1
1635,3,3,0.038156347,1,85308,0,1,0,4,0,0,0,1,0,3,1,0,5,4,1,1,1,3,5,2,2,2,2,2,2,2,2,1,2,1,1,1,-0.547235137,0.785019841,-1.51872271,0,0,1,0,3,0,1,1,0,0,2,0,4,0,1,2,1,0,1,0,1,0,0,1,0,1,1,0,1,0,2,0,1,0,2,0,0,1,3,0,1,0,2,1,0,0,1,0,0,1,0,3
1638,49,4,0.012748747,0,98445,0,1,0,1,1,0,0,0,0,2,3,1,4,5,1,1,1,5,5,1,2,1,2,4,2,2,2,2,2,4,3,4,-0.937451879,-1.342730073,-0.216512483,1,0,1,0,3,0,0,1,0,0,2,0,4,1,0,1,0,0,3,0,0,0,0,0,0,-9,0,0,1,0,2,1,0,0,1,1,0,0,1,1,0,0,1,1,0,0,1,1,0,0,0,1
1640,3,4,0.036343869,1,85286,0,1,0,4,0,0,0,1,0,3,1,0,3,5,1,1,1,5,3,3,1,1,2,3,2,1,1,1,3,3,2,3,-0.582771556,0.342463274,0.268797652,1,0,1,0,3,0,1,1,0,0,2,0,4,0,0,3,0,0,3,0,0,0,0,1,0,1,1,0,1,0,2,0,1,0,2,0,0,1,3,1,0,0,1,1,0,0,1,0,1,0,0,2
1642,3,2,0.117439865,0,85142,0,1,0,3,0,0,1,0,0,3,4,4,3,4,3,4,2,4,5,4,3,3,1,2,2,3,2,3,2,1,3,3,-0.416207273,0.176846869,0.204597049,1,1,0,0,2,1,1,1,0,0,1,1,1,0,0,3,0,0,3,1,0,0,0,1,0,1,1,1,0,0,1,1,0,0,1,0,1,0,2,0,0,1,3,1,0,0,1,1,0,0,0,1
1645,3,2,0.587896308,1,85034,0,1,0,4,0,0,0,1,0,4,4,4,1,5,5,4,4,4,4,5,2,2,3,1,3,1,3,1,3,2,2,3,0.211666326,0.547560463,-0.079762596,0,0,0,0,1,1,1,0,0,0,1,1,1,0,0,3,0,0,3,1,0,0,0,0,0,1,1,1,0,0,1,0,0,1,3,0,0,1,3,0,1,0,2,0,0,1,3,0,0,0,1,4
1649,22,4,0.10177894,0,1108,1,0,0,3,0,0,1,0,0,2,5,3,3,5,1,4,1,4,3,3,2,1,2,2,3,1,3,1,3,2,3,1,0.192121584,0.693502385,-0.582772044,1,1,0,0,2,0,0,0,1,0,2,0,2,1,0,1,0,0,3,0,0,0,0,1,0,1,1,0,0,1,3,0,0,1,3,1,0,0,1,1,0,0,1,1,0,0,1,0,0,0,1,4
1650,3,2,0.017067763,1,85335,0,1,0,2,0,1,0,0,0,3,1,0,5,5,3,3,2,4,4,4,1,1,2,3,2,2,2,2,3,3,3,3,0.491510171,-0.437470823,-0.970884041,1,1,0,0,2,0,0,1,0,0,2,0,4,1,0,1,0,1,2,1,0,0,1,0,0,1,1,0,0,1,3,1,0,0,1,0,1,0,2,1,0,0,1,1,0,0,1,1,0,0,0,1
1655,49,4,0.030503223,0,98056,0,1,0,2,0,1,0,0,0,2,4,3,4,5,2,2,2,4,5,4,3,3,3,2,3,2,1,1,3,2,2,2,1.403872341,0.735139021,0.657821231,0,0,1,0,3,0,0,1,0,0,2,0,4,0,1,2,0,1,2,0,1,0,0,1,0,-9,0,0,0,1,3,0,1,0,2,1,0,0,1,0,1,0,2,1,0,0,1,0,0,0,1,4
1657,3,2,0.005485436,1,85018,1,0,0,1,1,0,0,0,0,2,1,2,5,5,1,1,1,1,1,1,3,1,1,2,3,1,2,3,3,4,4,4,-0.339650292,-1.867156743,0.486921586,1,0,1,0,3,0,0,1,0,0,2,0,4,1,0,1,1,0,1,0,0,0,0,0,1,-9,0,0,0,1,3,0,0,1,3,1,0,0,1,0,0,1,3,1,0,0,1,0,0,0,1,4
1659,3,4,0.015431304,1,85396,0,1,0,3,0,0,1,0,0,3,6,5,2,5,1,2,2,4,5,2,1,1,2,1,2,2,1,2,3,2,2,2,-0.158164215,-0.344983683,0.283478969,1,0,0,1,4,1,1,1,0,0,2,0,4,0,1,2,0,1,2,0,0,0,0,1,0,1,1,1,0,0,1,1,0,0,1,0,1,0,2,1,0,0,1,1,0,0,1,1,0,0,0,1
1660,3,4,0.030656917,1,85351,0,1,0,2,0,1,0,0,0,2,1,0,3,4,3,3,2,4,4,3,2,2,2,4,2,2,2,2,2,4,2,3,-0.711720224,0.168413977,-1.015393706,1,0,0,1,4,0,0,1,0,0,2,0,4,0,0,0,0,1,2,0,0,0,0,0,0,-9,0,0,1,0,2,1,0,0,1,0,1,0,2,1,0,0,1,1,0,0,1,0,1,0,0,2
1661,49,4,0.014691896,0,98370,0,1,0,2,0,1,0,0,0,1,2,4,4,4,1,1,1,5,5,5,2,2,2,4,2,2,2,2,3,4,2,2,0.690521599,0.910041419,-0.160583063,1,0,0,1,4,1,1,1,0,0,2,0,4,0,1,2,1,0,1,0,0,0,0,1,0,1,1,1,0,0,1,1,0,0,1,1,0,0,1,0,1,0,2,0,1,0,2,0,1,0,0,2
1662,11,4,13.28362531,0,30310,0,1,0,2,0,1,0,0,0,1,2,3,5,5,1,1,1,5,5,4,2,2,2,4,2,2,2,1,3,4,2,4,0.818181888,-1.155547826,1.292828389,1,0,1,0,3,0,0,1,1,0,2,0,2,0,1,2,0,1,2,0,0,0,0,0,0,1,1,0,1,0,2,0,1,0,2,0,0,1,3,1,0,0,1,0,0,1,3,0,0,1,0,3
1663,49,4,0.138564517,0,98390,0,1,0,1,1,0,0,0,0,1,4,2,4,5,1,2,1,5,4,4,1,2,1,1,2,2,1,2,3,4,2,2,0.683357042,0.418531633,1.016360917,1,0,1,0,3,0,0,1,0,0,2,0,4,0,0,3,0,1,2,0,0,0,0,1,0,-9,0,0,1,0,2,0,0,1,3,0,0,1,3,0,0,1,3,0,0,1,3,0,1,0,0,2
1665,3,4,0.077895645,1,85345,0,1,0,1,1,0,0,0,0,2,1,0,5,5,4,4,5,5,5,5,2,2,2,3,2,2,2,2,2,4,3,3,-0.147530448,0.268948663,-0.023698487,1,0,1,0,3,0,0,1,0,0,2,0,4,0,1,2,0,1,2,0,0,0,0,1,0,1,1,0,1,0,2,0,1,0,2,0,0,1,3,1,0,0,1,1,0,0,1,0,0,1,0,3
1667,49,4,0.031339655,0,98037,1,0,0,5,0,0,0,0,1,4,4,5,1,5,2,2,2,5,5,4,2,2,2,4,2,2,1,2,2,4,3,4,0.44056687,-0.55235094,-0.176533551,1,0,1,0,3,1,1,1,0,0,2,0,4,0,1,2,0,1,2,0,0,0,0,0,0,-9,0,0,0,1,3,0,1,0,2,0,1,0,2,0,1,0,2,1,0,0,1,0,0,1,0,3
1669,3,2,0.073968867,1,85351,0,1,0,1,1,0,0,0,0,1,1,0,5,1,1,1,1,1,1,1,2,2,2,3,2,2,2,2,2,4,3,3,0.413668092,0.784403002,-0.016849781,1,1,0,0,2,0,0,1,0,0,2,0,4,0,1,2,1,0,1,0,0,0,1,1,0,1,1,0,1,0,2,1,0,0,1,0,1,0,2,1,0,0,1,1,0,0,1,0,1,0,0,2
1670,3,2,0.028226112,1,85017,1,0,0,1,1,0,0,0,0,2,4,1,5,5,1,1,1,4,5,3,1,1,1,1,2,2,2,2,3,1,2,4,-0.216662552,-0.080897456,0.830327925,0,1,0,0,2,0,0,0,1,0,2,0,2,0,1,2,1,0,1,0,0,0,1,0,1,1,1,0,0,1,3,0,0,1,3,0,0,1,3,0,1,0,2,1,0,0,1,0,0,1,0,3
1672,49,4,0.04356275,0,98034,1,0,0,3,0,0,1,0,0,1,3,3,3,5,3,5,3,5,5,3,1,2,2,1,2,2,1,2,2,3,3,4,-0.107779655,0.149685214,-0.689152541,1,0,1,0,3,0,0,1,0,0,2,0,4,1,0,1,1,0,1,0,0,0,0,1,0,1,1,0,0,1,3,0,0,1,3,0,1,0,2,0,1,0,2,1,0,0,1,0,0,1,0,3
1679,3,2,0.017590308,1,85050,0,1,0,2,0,1,0,0,0,2,5,4,2,4,2,2,4,4,5,4,3,1,3,2,3,1,3,1,1,2,2,2,0.09518217,0.867791291,0.404485007,0,1,0,0,2,0,0,1,0,0,2,0,4,0,1,2,0,0,3,1,0,1,1,0,0,-9,0,0,0,1,3,1,0,0,1,0,0,1,3,1,0,0,1,1,0,0,1,0,1,0,0,2
1681,3,4,0.0160255,1,85253,0,1,0,4,0,0,0,1,0,4,1,0,4,5,1,5,4,3,3,3,2,2,2,2,3,3,3,2,3,2,2,4,-0.968866704,-0.203423635,-0.12986056,1,0,0,1,4,1,1,1,0,0,2,0,4,1,0,1,0,1,2,0,0,0,0,0,0,-9,0,1,0,0,1,0,1,0,2,0,1,0,2,0,1,0,2,1,0,0,1,0,1,0,0,2
1683,3,2,0.015067468,1,85023,1,0,0,2,0,1,0,0,0,1,1,3,5,1,1,1,2,5,5,5,1,1,3,3,2,2,2,2,2,3,3,3,1.282602694,-1.000030188,1.238716336,1,0,1,0,3,0,1,1,0,0,2,0,4,0,1,2,0,0,3,1,0,0,0,0,0,1,1,0,0,1,3,0,0,1,3,0,1,0,2,1,0,0,1,1,0,0,1,0,0,1,0,3
1684,49,2,0.023781764,0,98444,0,1,0,2,0,1,0,0,0,2,3,1,3,5,1,1,1,5,3,3,1,1,3,1,3,1,2,1,3,4,2,4,-0.271767885,-0.159406954,0.046939711,1,1,0,0,2,0,0,0,1,0,2,0,2,1,0,1,0,1,2,0,1,0,1,0,1,-9,0,0,0,1,3,0,1,0,2,0,0,1,3,0,1,0,2,0,1,0,2,0,0,0,1,4
1685,3,2,0.008341383,1,85301,1,0,0,3,0,0,1,0,0,2,1,0,5,2,2,2,2,2,3,2,2,2,2,3,2,2,2,2,2,4,3,4,-2.089909371,0.166219582,0.133456589,0,1,0,0,2,0,0,1,0,0,2,0,4,1,0,1,0,1,2,1,0,0,0,0,1,-9,0,0,0,1,3,0,0,1,3,0,1,0,2,1,0,0,1,1,0,0,1,0,0,0,1,4
1687,3,3,0.027845061,1,85302,0,1,0,1,1,0,0,0,0,1,1,0,4,4,4,4,4,4,4,4,2,2,2,3,2,2,2,2,2,3,3,3,-1.220426379,0.438660751,1.406521903,0,1,0,0,2,0,0,1,0,0,2,0,4,1,0,1,0,0,3,1,0,0,0,1,0,1,1,0,0,1,3,0,1,0,2,1,0,0,1,0,1,0,2,1,0,0,1,0,0,0,1,4
1688,49,2,0.010139323,0,98106,0,1,0,4,0,0,0,1,0,3,5,3,4,5,2,3,1,5,5,4,2,1,3,2,3,1,1,1,3,1,2,3,1.262954351,0.04707813,-0.682953487,1,1,0,0,2,0,0,0,1,0,2,0,2,1,0,1,0,0,3,1,0,0,1,1,0,1,1,0,0,1,3,0,1,0,2,1,0,0,1,1,0,0,1,0,1,0,2,0,0,0,1,4
1690,3,4,0.017819325,1,85043,0,1,0,2,0,1,0,0,0,2,2,1,5,4,1,1,1,4,4,1,1,1,2,1,2,2,1,2,2,4,2,4,0.050749531,-1.009730524,0.342293256,1,0,1,0,3,1,1,1,0,0,2,0,4,0,1,2,0,1,2,0,0,0,0,1,0,1,1,1,0,0,1,0,0,1,3,0,0,1,3,0,0,1,3,1,0,0,1,0,0,1,0,3
1692,3,4,0.028330094,1,85206,0,1,0,3,0,0,1,0,0,3,1,0,4,5,1,1,1,5,5,5,1,1,1,1,2,2,1,2,3,4,2,1,0.618512765,0.458423655,0.893639779,0,0,0,1,4,1,1,1,0,0,2,0,4,0,1,2,0,1,2,0,0,0,0,1,0,1,1,0,1,0,2,0,0,1,3,0,0,1,3,0,0,1,3,1,0,0,1,0,0,1,0,3
1693,3,4,0.001229811,1,85205,0,1,0,1,1,0,0,0,0,2,1,0,5,5,1,1,1,1,4,3,2,2,2,4,2,2,2,1,2,4,3,4,-0.406350704,0.029960929,0.410163747,1,0,0,1,4,1,1,1,0,0,2,0,4,1,0,1,1,0,1,0,0,0,0,0,1,-9,0,0,1,0,2,0,1,0,2,0,1,0,2,0,1,0,2,1,0,0,1,0,0,1,0,3
1694,3,4,0.005177488,1,85256,0,1,0,2,0,1,0,0,0,2,2,2,3,3,2,3,2,4,4,4,2,2,2,3,2,2,2,1,3,3,2,2,-0.320529424,0.799415139,0.960268958,1,0,1,0,3,0,1,1,0,0,2,0,4,1,0,1,0,0,3,1,0,0,0,1,0,-9,0,1,0,0,1,1,0,0,1,0,1,0,2,1,0,0,1,1,0,0,1,1,0,0,0,1
1696,3,2,0.027161043,1,85382,0,1,0,2,0,1,0,0,0,3,3,3,4,5,4,4,4,4,4,3,3,2,3,2,2,3,2,3,2,2,3,3,0.238341549,0.913936569,-0.328343583,1,1,0,0,2,0,0,1,0,0,2,0,4,1,0,1,1,0,1,0,0,0,1,0,0,1,1,0,1,0,2,0,1,0,2,0,1,0,2,0,0,1,3,1,0,0,1,0,1,0,0,2
1699,3,4,0.003143167,1,85251,1,0,0,4,0,0,0,1,0,2,1,0,4,4,4,4,3,4,4,4,1,1,1,3,2,1,2,1,3,1,2,4,0.167056685,-0.618060696,-1.430256274,1,0,0,1,4,0,0,1,0,0,2,0,4,1,0,1,0,1,2,0,0,0,0,0,1,-9,0,0,0,1,3,0,0,1,3,0,1,0,2,0,1,0,2,1,0,0,1,0,0,0,1,4
1701,49,4,0.031988921,0,98004,0,1,0,4,0,0,0,1,0,3,5,3,4,4,2,2,2,3,4,3,2,1,2,3,2,2,2,3,3,3,3,3,-0.424891706,0.718044356,0.251572229,0,1,0,0,2,0,0,1,0,0,2,0,4,1,0,1,1,0,1,0,0,0,0,0,1,0,0,0,1,0,2,0,0,1,3,0,0,1,3,0,0,1,3,1,0,0,1,0,0,0,1,4
1702,3,2,0.01323519,1,85028,0,1,0,3,0,0,1,0,0,3,1,0,5,1,1,1,1,1,5,2,2,1,3,4,3,2,2,2,2,4,2,2,1.273215521,-1.037228112,-0.675936782,1,0,1,0,3,0,0,1,0,0,2,0,4,0,1,2,1,0,1,0,1,0,1,0,0,1,1,0,1,0,2,0,1,0,2,0,0,1,3,0,1,0,2,1,0,0,1,0,0,0,1,4
1706,3,4,0.023561986,1,85233,0,1,0,1,1,0,0,0,0,2,1,4,3,3,3,3,3,3,3,3,2,2,2,4,2,2,2,2,2,4,4,4,-0.07278398,-0.505580217,0.066662739,1,0,0,1,4,0,0,1,0,0,2,0,4,0,1,2,0,1,2,0,0,0,0,1,0,1,1,0,1,0,2,0,0,1,3,0,0,1,3,0,1,0,2,1,0,0,1,0,0,1,0,3
1710,3,2,0.008613972,1,85395,0,1,0,3,0,0,1,0,0,2,5,3,2,4,1,1,4,5,5,2,1,2,3,1,2,2,1,2,2,4,3,4,-0.196555212,0.734799667,-0.009027232,1,0,0,1,4,0,1,1,0,0,2,0,4,1,0,1,0,1,2,0,0,0,1,1,0,-9,0,0,1,0,2,0,1,0,2,0,0,1,3,0,1,0,2,1,0,0,1,1,0,0,0,1
1711,3,2,0.04414727,1,85053,1,0,0,3,0,0,1,0,0,2,1,2,2,5,2,4,4,5,5,5,1,1,3,1,3,1,1,1,3,2,2,2,1.069850039,0.12805714,-0.298245415,1,0,1,0,3,0,0,1,0,0,2,0,4,0,0,3,0,0,3,0,0,0,0,1,0,1,1,0,0,1,3,0,0,1,3,0,0,1,3,0,1,0,2,1,0,0,1,0,0,0,1,4
1712,3,2,0.029620631,1,85042,0,1,0,1,1,0,0,0,0,1,1,0,5,3,1,1,1,3,3,2,2,2,2,3,2,2,2,2,2,4,3,4,-0.151719617,-0.276908115,-0.946008602,1,1,0,0,2,0,0,1,0,0,2,0,4,0,1,2,0,1,2,1,0,0,0,1,0,-9,0,0,0,1,3,0,1,0,2,1,0,0,1,1,0,0,1,1,0,0,1,0,0,1,0,3
1714,3,4,0.043250728,1,85310,0,1,0,3,0,0,1,0,0,3,1,0,1,5,1,1,1,1,5,1,1,1,2,2,2,2,1,1,3,1,3,4,-0.351716576,-0.400071322,0.325388897,1,1,0,0,2,0,0,1,0,0,2,0,4,0,1,2,0,0,3,1,0,0,0,1,0,-9,0,0,1,0,2,0,1,0,2,1,0,0,1,1,0,0,1,1,0,0,1,1,0,0,0,1
1715,3,2,0.073415183,1,85041,0,1,0,1,1,0,0,0,0,2,1,0,5,4,1,5,2,5,3,2,2,2,2,4,2,2,2,2,2,4,3,3,-2.471200661,-0.04420086,-0.390820576,1,0,0,0,1,1,1,1,0,0,2,0,4,0,1,2,0,1,2,0,0,0,0,1,0,1,1,0,0,1,3,1,0,0,1,1,0,0,1,1,0,0,1,1,0,0,1,0,0,1,0,3
1717,49,4,0.023987658,0,98371,0,1,0,1,1,0,0,0,0,2,2,3,5,5,1,1,1,5,4,1,2,1,1,1,3,1,2,3,3,4,4,4,1.077895731,-2.456341888,0.950950423,1,0,0,1,4,0,0,1,0,0,2,0,4,1,0,1,1,0,1,0,0,0,0,0,1,1,1,0,1,0,2,0,1,0,2,0,1,0,2,1,0,0,1,0,0,1,3,0,0,1,0,3
1722,3,4,0.020749009,1,85254,0,1,0,1,1,0,0,0,0,3,2,3,3,5,3,4,5,5,5,4,2,2,2,4,2,2,1,2,3,2,2,3,-0.937421917,-0.182160445,0.198593914,1,0,0,0,1,0,0,1,0,0,1,1,1,1,0,1,0,0,3,1,1,0,0,0,0,-9,0,0,1,0,2,0,0,1,3,0,0,1,3,0,1,0,2,1,0,0,1,0,0,1,0,3
1729,49,3,0.033112784,0,98444,0,1,0,1,1,0,0,0,0,1,1,2,4,3,1,1,1,3,3,2,2,2,2,3,2,2,2,1,3,3,3,4,-2.070438458,-0.666400501,-0.284222269,1,0,0,0,1,0,0,0,1,0,2,0,2,1,0,1,0,0,3,1,0,0,0,1,0,0,0,0,0,1,3,0,1,0,2,0,0,1,3,0,1,0,2,0,1,0,2,0,0,0,1,4
1730,3,4,0.067606252,1,85282,1,0,0,1,1,0,0,0,0,3,2,3,3,3,3,3,4,3,4,4,2,2,2,2,3,3,2,2,2,2,2,2,-0.436265623,0.357762367,-0.042764668,1,1,0,0,2,0,0,1,0,0,1,1,1,1,0,1,1,0,1,1,0,0,0,1,0,1,1,0,0,1,3,0,0,1,3,0,0,1,3,0,0,1,3,0,1,0,2,0,0,0,1,4
1731,38,2,0.1207444,0,97462,0,0,1,3,0,0,1,0,0,2,5,4,4,5,1,3,3,4,4,1,2,2,2,3,2,2,2,2,3,3,3,4,0.702883991,-1.520230468,0.008567942,0,0,1,0,3,1,1,1,0,0,2,0,4,1,0,1,1,0,1,0,1,0,1,1,0,-9,0,1,0,0,1,1,0,0,1,0,1,0,2,0,1,0,2,1,0,0,1,1,0,0,0,1
1732,49,2,0.018734055,0,98074,0,1,0,1,1,0,0,0,0,1,4,2,2,5,1,1,1,5,5,5,1,2,2,2,3,1,1,1,3,4,2,3,-0.540168207,-0.287338522,1.303071343,1,0,1,0,3,1,1,1,0,0,2,0,4,0,1,2,0,1,2,0,0,0,0,1,0,-9,0,0,1,0,2,1,0,0,1,1,0,0,1,1,0,0,1,1,0,0,1,0,1,0,0,2
1733,3,4,0.065362074,1,85375,0,1,0,3,0,0,1,0,0,3,1,2,3,5,1,3,3,4,4,3,1,1,2,1,2,2,2,2,3,3,2,3,0.443358058,1.091340034,-0.326723366,1,0,0,1,4,1,1,1,0,0,2,0,4,0,0,3,0,1,2,0,0,0,0,1,0,-9,0,1,0,0,1,1,0,0,1,0,1,0,2,1,0,0,1,1,0,0,1,1,0,0,0,1
1736,49,2,0.036267672,0,98118,0,1,0,3,0,0,1,0,0,2,4,3,3,5,4,3,4,3,5,4,3,1,3,1,3,1,1,1,3,2,1,2,1.019735804,1.278559996,-1.867890114,0,1,0,0,2,0,1,1,0,0,2,0,4,0,0,3,0,0,3,1,0,0,0,0,0,-9,0,0,0,1,3,0,1,0,2,1,0,0,1,1,0,0,1,0,0,1,3,0,0,0,1,4
1755,3,2,0.123700611,1,85268,0,1,0,3,0,0,1,0,0,3,1,3,3,4,1,2,1,3,5,4,1,1,3,1,3,1,2,2,3,1,2,3,-0.043420327,0.950696626,-1.701762216,1,1,0,0,2,0,1,0,0,1,2,0,3,0,0,3,0,0,3,1,0,0,1,1,0,1,1,1,0,0,1,1,0,0,1,0,1,0,2,1,0,0,1,1,0,0,1,1,0,0,0,1
1757,3,4,0.006673805,1,85204,0,1,0,2,0,1,0,0,0,2,1,1,4,4,1,1,1,3,3,3,2,2,2,3,2,1,2,2,2,1,2,3,0.576573533,0.437387015,0.777905895,1,0,1,0,3,1,1,1,0,0,2,0,4,1,0,1,1,0,1,0,0,0,0,0,0,-9,0,0,0,1,3,0,1,0,2,0,0,1,3,0,1,0,2,0,1,0,2,0,0,0,1,4
1759,3,4,0.065362074,1,85382,0,1,0,3,0,0,1,0,0,3,1,0,4,5,1,2,2,4,4,3,1,1,1,1,2,2,1,2,3,1,2,3,-0.172144486,-0.385776352,-0.875057628,1,0,0,1,4,1,1,1,0,0,2,0,4,0,0,3,0,1,2,0,0,0,0,1,0,-9,0,0,1,0,2,0,1,0,2,0,1,0,2,0,0,1,3,1,0,0,1,0,1,0,0,2
1763,3,2,0.029220518,1,85282,1,0,0,4,0,0,0,1,0,3,1,5,5,4,1,1,1,4,4,4,3,2,1,3,2,2,2,2,2,3,4,3,0.095959484,-0.082359443,0.16465974,1,0,1,0,3,0,0,1,0,0,2,0,4,1,0,1,1,0,1,0,0,0,1,0,0,1,1,0,0,1,3,0,0,1,3,0,0,1,3,0,0,1,3,0,1,0,2,0,0,0,1,4
1765,3,4,0.028773165,1,85351,0,1,0,1,1,0,0,0,0,2,1,0,2,5,1,4,1,5,5,3,1,3,2,2,2,2,1,2,3,2,2,2,1.18972473,0.728916465,0.301291635,1,0,0,1,4,1,1,1,0,0,2,0,4,0,1,2,0,1,2,0,0,0,0,1,0,-9,0,0,1,0,2,1,0,0,1,0,1,0,2,1,0,0,1,1,0,0,1,0,1,0,0,2
1766,3,4,0.050298928,1,85249,0,1,0,2,0,1,0,0,0,3,1,0,3,3,3,3,3,3,3,3,2,2,2,3,2,2,2,2,2,3,3,3,0.896388118,0.141698089,1.115169229,0,0,0,1,4,0,1,1,0,0,2,0,4,0,1,2,0,1,2,0,0,0,0,1,0,1,1,0,1,0,2,1,0,0,1,0,0,1,3,1,0,0,1,1,0,0,1,1,0,0,0,1
1768,3,1,0.142803999,1,85310,0,1,0,5,0,0,0,0,1,1,5,5,5,5,5,5,5,5,5,5,3,3,3,2,3,3,3,3,3,2,2,2,0.929421863,1.251829661,1.268139444,1,0,1,0,3,0,0,1,0,0,2,0,4,1,0,1,0,0,3,0,0,0,1,1,0,-9,0,0,1,0,2,0,1,0,2,1,0,0,1,1,0,0,1,1,0,0,1,1,0,0,0,1
1771,3,4,0.063520552,1,85206,0,1,0,4,0,0,0,1,0,3,1,3,2,3,4,5,3,4,5,5,3,1,3,2,3,1,2,2,3,2,2,2,0.251582811,0.693338764,-0.144132697,1,0,1,0,3,0,1,1,0,0,2,0,4,0,0,3,0,1,2,0,0,0,0,1,0,-9,0,0,1,0,2,0,0,1,3,0,0,1,3,0,0,1,3,1,0,0,1,0,0,1,0,3
1772,49,2,0.016186986,0,98391,0,1,0,3,0,0,1,0,0,3,5,4,4,5,1,1,1,5,5,4,2,2,2,1,1,1,2,2,3,3,3,4,1.416693677,-0.135301449,0.963848592,1,0,1,0,3,1,1,1,0,0,2,0,4,1,0,1,1,0,1,0,0,0,1,1,0,0,0,1,0,0,1,1,0,0,1,1,0,0,1,1,0,0,1,1,0,0,1,1,0,0,0,1
1775,3,2,0.033709268,1,85037,0,1,0,1,1,0,0,0,0,1,1,0,3,4,1,1,1,5,5,3,2,2,2,3,2,2,2,2,2,4,3,4,0.738722097,-1.348609126,1.139158009,1,1,0,0,2,0,0,0,1,0,2,0,2,0,1,2,0,0,3,0,0,0,1,0,0,-9,0,0,0,1,3,0,1,0,2,0,1,0,2,1,0,0,1,1,0,0,1,0,0,1,0,3
1785,3,4,0.027962505,1,85305,0,1,0,3,0,0,1,0,0,2,1,1,3,5,2,3,3,4,4,3,2,2,2,3,2,2,2,2,2,3,3,4,0.578356219,-0.333470818,0.404501009,1,0,1,0,3,1,1,1,0,0,2,0,4,0,0,0,0,1,2,0,0,0,0,1,0,-9,0,0,1,0,2,1,0,0,1,0,1,0,2,1,0,0,1,1,0,0,1,0,1,0,0,2
1789,3,4,0.027962505,1,85382,0,1,0,1,1,0,0,0,0,1,1,1,5,4,2,2,2,4,4,4,2,2,2,3,2,2,2,2,2,3,3,3,0.670142026,-0.658167596,-0.21473915,1,0,1,0,3,0,1,1,0,0,2,0,4,0,1,2,0,1,2,0,0,0,0,1,0,1,1,0,1,0,2,0,1,0,2,0,1,0,2,0,0,1,3,1,0,0,1,0,1,0,0,2
1791,3,4,0.001591342,1,85040,1,0,0,3,0,0,1,0,0,2,1,1,3,5,3,3,3,5,5,5,2,2,2,3,2,2,2,2,2,3,2,2,0.002221909,-0.594652322,0.60766767,1,0,1,0,3,0,0,1,0,0,2,0,4,1,0,1,0,0,3,1,0,0,0,0,0,-9,0,0,0,1,3,0,0,1,3,0,1,0,2,1,0,0,1,1,0,0,1,0,0,1,0,3
1792,3,4,0.011694125,1,85037,0,1,0,2,0,1,0,0,0,3,1,3,1,4,2,2,1,4,5,4,1,1,2,1,3,1,2,3,3,1,3,2,-0.608019947,0.318432401,-0.515491013,1,0,1,0,3,0,0,1,0,0,2,0,4,0,1,2,0,0,3,1,1,0,0,1,0,1,1,0,0,1,3,0,1,0,2,0,1,0,2,1,0,0,1,1,0,0,1,0,0,1,0,3
1799,3,2,0.11827837,1,85260,0,1,0,4,0,0,0,1,0,3,2,3,3,3,1,1,1,3,1,1,1,2,2,3,2,2,2,2,3,3,3,4,-0.862786196,-1.021392289,-0.59739282,1,0,0,0,1,0,0,1,0,0,2,0,4,0,0,3,0,0,3,1,0,0,1,0,0,1,1,0,1,0,2,0,0,1,3,0,0,1,3,0,1,0,2,1,0,0,1,0,0,1,0,3
1800,3,4,0.001976227,0,85132,0,1,0,3,0,0,1,0,0,1,1,0,5,5,5,5,5,2,5,5,1,1,1,1,3,1,1,1,3,2,2,2,0.26914184,-0.301086911,0.54106602,1,0,0,0,1,0,1,1,0,0,2,0,4,0,1,2,0,0,3,1,0,0,0,1,0,-9,0,1,0,0,1,1,0,0,1,1,0,0,1,1,0,0,1,1,0,0,1,1,0,0,0,1
1807,3,2,0.091191725,1,85054,0,0,1,2,0,1,0,0,0,2,1,2,4,4,2,2,2,2,3,2,1,3,3,3,2,2,2,2,2,3,3,4,0.347101957,0.010593581,-0.444470573,0,0,0,1,4,0,0,1,0,0,2,0,4,0,1,2,1,0,1,0,0,0,0,0,0,1,1,0,0,0,0,0,0,0,0,0,0,0,0,0,0,0,0,0,0,0,0,0,0,0,0,0
1814,3,2,0.022452671,1,85012,0,1,0,1,1,0,0,0,0,1,1,0,5,4,1,1,1,4,3,1,2,1,2,4,2,2,2,2,2,4,3,4,-0.182688354,-0.570363052,-0.421619866,0,0,1,0,3,0,0,1,0,0,1,1,1,0,1,2,0,1,2,0,1,0,1,1,1,1,1,0,1,0,2,0,0,1,3,1,0,0,1,0,0,1,3,0,0,1,3,0,0,0,1,4
1816,3,4,0.190042158,1,85301,1,0,0,1,1,0,0,0,0,2,3,2,5,5,5,5,3,5,5,5,1,1,2,1,2,2,1,1,2,3,2,2,0.05770165,0.428534625,1.088506288,0,0,0,0,1,0,0,1,0,0,2,0,4,1,0,1,1,0,1,0,0,0,0,0,0,1,1,0,0,1,3,0,0,1,3,0,1,0,2,1,0,0,1,1,0,0,1,0,0,0,1,4
1817,3,2,0.12374635,1,85207,0,1,0,2,0,1,0,0,0,2,2,1,2,4,2,4,3,3,3,3,2,2,1,3,3,2,3,2,3,2,3,2,-0.307874674,0.042592664,-0.17369377,0,1,0,0,2,0,0,1,0,0,1,1,1,1,0,1,0,0,3,0,0,1,0,1,0,1,1,0,1,0,2,1,0,0,1,0,0,1,3,1,0,0,1,1,0,0,1,0,1,0,0,2
1818,3,4,0.007674523,1,85206,0,1,0,1,1,0,0,0,0,3,5,2,4,3,1,4,1,3,5,2,3,1,1,3,2,2,2,2,2,2,2,2,-0.229327627,0.936737565,-0.699315303,1,0,0,1,4,0,0,1,0,0,2,0,4,1,0,1,1,0,1,0,0,0,0,0,0,1,1,0,1,0,2,0,0,1,3,0,0,1,3,0,0,1,3,1,0,0,1,0,0,1,0,3
1820,3,4,0.018473671,1,85234,0,1,0,3,0,0,1,0,0,2,1,1,3,3,3,3,3,3,3,3,3,2,1,3,3,2,2,3,2,3,3,3,-0.540628232,0.254925106,-0.144403322,0,0,0,1,4,1,1,1,0,0,2,0,4,0,1,2,0,0,3,0,0,0,0,1,0,-9,0,0,1,0,2,0,1,0,2,0,0,1,3,0,0,1,3,1,0,0,1,0,0,1,0,3
1822,3,4,0.139048906,1,85331,0,1,0,1,1,0,0,0,0,2,1,1,5,5,2,4,4,5,5,5,2,2,3,3,2,2,2,2,2,4,2,3,0.267338016,0.003723066,-0.807133557,0,0,0,1,4,1,1,1,0,0,2,0,4,0,0,3,0,1,2,0,0,0,0,1,0,1,1,1,0,0,1,1,0,0,1,0,0,1,3,0,1,0,2,1,0,0,1,1,0,0,0,1
1823,3,4,0.061611699,1,85051,1,0,0,1,1,0,0,0,0,2,1,0,4,5,3,3,3,4,4,3,2,2,2,3,2,1,2,1,2,1,3,1,0.497046997,-0.266145135,0.343178471,0,0,0,1,4,1,1,1,0,0,2,0,4,0,0,0,1,0,1,0,1,0,0,1,0,-9,0,0,0,1,3,0,0,1,3,0,0,1,3,0,1,0,2,1,0,0,1,0,0,0,1,4
1824,3,2,0.055969512,1,85030,1,0,0,3,0,0,1,0,0,3,4,3,4,3,4,3,3,4,4,4,3,1,3,1,3,1,1,3,3,2,2,2,0.215951805,1.154961878,0.064140492,0,1,0,0,2,1,1,1,0,0,2,0,4,0,0,3,0,0,3,1,0,0,0,0,0,-9,0,0,0,0,0,0,0,0,0,0,0,0,0,0,0,0,0,0,0,0,0,0,0,0,0,0
1826,3,2,0.185552814,1,85003,0,1,0,4,0,0,0,1,0,1,5,1,3,5,4,5,4,5,5,5,1,1,3,1,3,1,1,1,3,2,2,2,0.861252619,1.621545005,0.837135775,0,0,0,0,1,0,1,1,0,0,2,0,4,0,0,3,0,0,3,1,0,0,0,0,0,1,1,0,1,0,2,0,0,1,3,0,0,1,3,0,1,0,2,0,0,1,3,0,0,0,1,4
1827,3,4,0.010942207,1,85361,0,0,1,1,1,0,0,0,0,2,6,2,5,3,1,1,1,3,5,1,2,2,2,4,2,2,2,2,2,4,4,3,-1.488339873,-0.812483215,0.943123557,1,0,1,0,3,0,0,1,0,0,2,0,4,1,0,1,0,0,3,1,0,0,0,1,0,-9,0,1,0,0,1,1,0,0,1,1,0,0,1,0,0,1,3,1,0,0,1,1,0,0,0,1
1828,3,2,0.045933759,1,85001,1,0,0,3,0,0,1,0,0,1,3,3,4,5,5,4,4,5,5,5,3,1,2,3,2,3,3,2,3,2,2,1,1.134474873,0.798075668,0.532312222,0,1,0,0,2,0,1,1,0,0,2,0,4,0,0,3,0,0,3,1,0,0,0,1,0,-9,0,0,0,0,0,0,0,0,0,0,0,0,0,0,0,0,0,0,0,0,0,0,0,0,0,0
1830,3,2,0.087717748,1,85030,1,0,0,3,0,0,1,0,0,3,3,4,4,4,5,3,5,4,3,4,3,3,3,1,3,1,3,1,3,2,2,2,0.13098295,0.612080939,0.957259671,0,1,0,0,2,1,1,1,0,0,2,0,4,0,0,3,0,0,3,1,0,0,0,1,0,-9,0,0,0,0,0,0,0,0,0,0,0,0,0,0,0,0,0,0,0,0,0,0,0,0,0,0
1832,3,2,0.087717748,1,85226,0,1,0,3,0,0,1,0,0,3,3,4,4,5,4,5,4,4,4,5,3,3,3,1,3,1,3,1,3,2,2,2,0.354226563,0.418988337,0.041571914,0,1,0,0,2,1,1,1,0,0,2,0,4,0,0,3,0,0,3,1,0,0,0,1,0,1,1,0,1,0,2,0,0,1,3,0,0,1,3,0,0,1,3,1,0,0,1,0,0,0,1,4
1834,3,2,0.087717748,1,85215,0,1,0,2,0,1,0,0,0,3,3,4,4,5,4,5,4,5,4,4,3,3,3,1,3,1,3,1,3,2,2,1,0.3011867,1.013311255,0.610389087,0,1,0,0,2,1,1,1,0,0,2,0,4,0,0,3,0,0,3,1,0,0,0,1,0,1,1,0,1,0,2,0,1,0,2,0,0,1,3,1,0,0,1,1,0,0,1,0,1,0,0,2
1836,3,2,0.087717748,1,85043,0,1,0,2,0,1,0,0,0,3,3,3,4,5,4,5,4,4,5,4,3,3,1,2,3,1,3,1,3,2,2,1,0.31456073,1.339020173,0.46900645,0,1,0,0,2,1,1,1,0,0,2,0,4,0,0,3,0,0,3,1,0,0,0,1,0,-9,0,1,0,0,1,0,0,1,3,0,0,1,3,0,0,1,3,1,0,0,1,0,0,1,0,3
1847,3,2,0.090844259,1,85257,1,0,0,1,1,0,0,0,0,1,1,1,5,5,3,3,3,3,3,3,2,2,2,1,2,2,2,2,2,3,3,3,1.066017343,1.640944955,-0.10457114,1,0,0,1,4,0,1,1,0,0,2,0,4,0,0,3,1,0,1,0,0,0,1,0,0,-9,0,0,0,1,3,0,0,1,3,0,1,0,2,0,1,0,2,1,0,0,1,0,0,0,1,4
1848,3,4,0.037413873,1,85202,1,0,0,1,1,0,0,0,0,2,1,1,4,5,2,4,2,5,3,4,1,1,3,1,2,2,1,1,3,1,2,3,-0.084639625,-0.62270009,-1.699566811,0,0,0,1,4,0,1,1,0,0,2,0,4,0,1,2,0,1,2,0,1,0,0,1,0,1,1,0,0,1,3,0,1,0,2,0,0,1,3,0,0,1,3,0,1,0,2,0,0,0,1,4
1851,3,2,0.276290627,1,85225,1,0,0,4,0,0,0,1,0,3,5,5,2,5,4,2,4,5,3,2,1,1,1,2,3,1,3,1,3,3,3,3,0.814741536,-0.832710363,-1.606192371,0,1,0,0,2,0,0,0,1,0,2,0,2,0,0,3,1,0,1,0,0,0,0,1,0,1,1,0,0,1,3,0,1,0,2,0,0,1,3,0,1,0,2,1,0,0,1,0,0,1,0,3
1854,3,4,0.023842282,1,85375,0,1,0,2,0,1,0,0,0,1,1,0,4,2,1,1,1,2,5,2,2,2,2,4,2,2,2,2,2,4,4,3,0.543734088,0.081027794,-0.865373758,0,0,0,1,4,1,1,1,0,0,2,0,4,0,1,2,0,1,2,0,0,0,0,1,0,-9,0,1,0,0,1,1,0,0,1,0,1,0,2,1,0,0,1,1,0,0,1,1,0,0,0,1
1860,3,4,0.040658996,1,85029,1,0,0,3,0,0,1,0,0,2,1,4,2,3,1,5,4,3,5,4,1,3,2,3,2,2,2,1,1,4,4,3,1.30653394,-0.927184946,-0.097449975,1,0,0,1,4,0,1,0,0,0,2,0,5,1,0,1,1,0,1,0,0,0,0,0,0,-9,0,0,0,1,3,0,0,1,3,0,0,1,3,0,1,0,2,1,0,0,1,0,0,0,1,4
1861,3,4,0.078577516,1,85226,0,1,0,1,1,0,0,0,0,2,1,0,5,5,1,4,4,4,4,4,1,1,1,1,2,2,1,1,3,3,3,3,-0.876103203,-0.916322059,-0.966280189,0,1,0,0,2,0,0,1,0,0,2,0,4,0,0,3,0,1,2,0,0,0,0,1,0,-9,0,0,1,0,2,0,0,1,3,0,0,1,3,0,0,1,3,1,0,0,1,0,0,0,1,4
1862,3,4,0.017245226,1,85051,1,0,0,1,1,0,0,0,0,2,1,0,4,5,2,3,1,4,3,3,1,1,2,3,2,2,2,2,2,3,2,3,-0.726231288,0.856072353,0.23767858,1,0,0,1,4,0,0,1,0,0,2,0,4,0,1,2,0,1,2,0,0,0,0,1,0,-9,0,0,0,1,3,0,0,1,3,0,0,1,3,0,1,0,2,1,0,0,1,0,0,0,1,4
1863,3,4,0.044456252,1,85263,0,0,1,1,1,0,0,0,0,2,2,2,1,5,2,4,5,4,4,4,1,1,1,2,2,2,2,2,2,3,3,3,0.808691014,0.823013814,-0.926561578,0,0,0,1,4,0,1,1,0,0,2,0,4,0,1,2,0,1,2,0,0,0,0,1,0,-9,0,1,0,0,1,1,0,0,1,1,0,0,1,0,0,1,3,1,0,0,1,1,0,0,0,1
1864,3,4,0.029432165,1,85031,0,1,0,3,0,0,1,0,0,3,1,1,3,4,3,1,3,4,4,1,1,2,2,1,2,2,2,2,1,4,2,4,-1.289567479,0.023156684,-0.264679712,1,0,1,1,4,0,0,1,0,0,2,0,4,1,0,1,0,1,2,0,1,0,0,0,0,1,1,0,0,1,3,0,1,0,2,1,0,0,1,1,0,0,1,1,0,0,1,0,0,0,1,4
1869,49,2,0.007888395,0,98030,1,0,0,2,0,1,0,0,0,3,5,3,4,4,1,1,1,4,4,1,2,2,1,4,2,1,2,2,2,4,4,4,-0.682071577,-1.437495337,-0.869322468,1,0,1,0,3,0,0,1,0,0,2,0,4,1,0,1,1,0,1,0,0,0,1,0,1,1,1,0,0,1,3,0,0,1,3,1,0,0,1,1,0,0,1,0,1,0,2,0,0,0,1,4
1872,3,4,0.01656135,1,85053,1,0,0,3,0,0,1,0,0,3,3,1,2,5,3,3,3,4,4,4,1,1,1,1,1,1,1,1,3,1,2,1,0.117050682,0.863681021,-0.084365746,1,0,1,0,3,0,0,1,0,0,2,0,4,1,0,1,0,0,3,0,1,0,0,1,0,-9,0,0,0,1,3,0,0,1,3,0,0,1,3,0,1,0,2,1,0,0,1,0,0,0,1,4
1873,3,2,0.036199798,1,85224,0,1,0,4,0,0,0,1,0,3,1,0,2,5,5,5,2,4,4,4,3,1,3,2,3,1,3,1,3,2,2,2,0.136008543,1.703218151,0.074918223,0,0,0,0,1,0,0,1,0,0,2,0,4,0,1,2,0,0,3,0,0,1,1,0,0,-9,0,0,1,0,2,0,0,1,3,0,0,1,3,0,1,0,2,1,0,0,1,0,0,0,1,4
1874,3,2,7.189120005,0,35033,0,0,1,3,0,0,1,0,0,3,2,2,4,5,4,3,5,4,5,4,2,1,3,2,3,1,3,1,3,2,2,3,0.581785409,1.079210682,0.338925413,0,1,0,0,2,1,1,1,0,0,2,0,4,0,0,3,0,0,3,1,0,0,0,1,0,-9,0,1,0,0,1,1,0,0,1,1,0,0,1,1,0,0,1,1,0,0,1,1,0,0,0,1
1875,6,2,6.970966934,0,80201,1,0,0,4,0,0,0,1,0,2,5,5,5,4,4,5,4,3,4,5,1,3,1,2,1,3,3,1,3,1,2,1,0.615238435,0.779199408,0.148712271,0,0,0,0,1,1,1,1,0,0,2,0,4,0,0,3,0,1,2,0,0,1,0,0,0,-9,0,0,0,0,0,0,0,0,0,0,0,0,0,0,0,0,0,0,0,0,0,0,0,0,0,0
1876,5,2,6.000256496,0,90189,1,0,0,4,0,0,0,1,0,2,5,5,5,4,4,5,4,5,4,5,1,3,2,2,1,3,1,3,1,2,1,1,0.60007396,0.747439143,0.76863066,0,1,0,0,2,1,1,1,0,0,2,0,4,0,0,3,0,0,3,1,0,1,0,0,0,-9,0,0,0,0,0,0,0,0,0,0,0,0,0,0,0,0,0,0,0,0,0,0,0,0,0,0
1878,3,2,0.00773545,1,85204,0,1,0,1,1,0,0,0,0,1,1,0,5,5,1,4,3,5,5,3,1,1,1,1,2,1,1,2,3,2,2,4,0.182364699,0.132169119,1.430566735,1,1,0,0,2,0,0,1,0,0,2,0,4,1,0,1,0,1,2,0,0,0,1,0,0,1,1,0,0,1,3,0,1,0,2,0,0,1,3,0,1,0,2,0,1,0,2,0,0,0,1,4
1879,11,2,1.107859415,0,30301,1,0,0,4,0,0,0,1,0,2,5,5,5,4,3,4,5,4,5,5,1,1,3,1,3,1,3,3,1,2,1,1,0.464518964,1.350265373,0.832301658,0,0,0,0,1,1,1,1,0,0,2,0,4,0,0,3,0,0,3,0,0,1,0,0,0,-9,0,0,0,0,0,0,0,0,0,0,0,0,0,0,0,0,0,0,0,0,0,0,0,0,0,0
1881,3,2,0.087717748,1,85205,0,1,0,3,0,0,1,0,0,3,2,2,4,5,4,4,4,4,5,4,1,1,3,1,3,1,3,1,3,3,2,3,0.281990264,0.769121669,1.004849122,0,1,0,0,2,1,1,1,0,0,2,0,4,0,0,3,0,0,3,1,0,0,0,1,0,1,1,0,1,0,2,0,1,0,2,0,1,0,2,0,1,0,2,1,0,0,1,0,0,1,0,3
1885,3,3,0.13139908,1,85210,1,0,0,4,0,0,0,1,0,1,5,3,3,4,4,5,3,3,4,3,2,3,2,3,3,2,2,2,3,3,4,2,-2.020503791,0.144951935,0.051725177,1,0,0,0,1,0,0,0,1,0,2,0,2,1,0,1,1,0,1,0,0,0,0,0,0,-9,0,0,0,1,3,0,0,1,3,0,0,1,3,0,1,0,2,0,0,1,3,0,0,0,1,4
1888,3,2,0.029303351,1,85209,0,1,0,2,0,1,0,0,0,2,3,3,5,3,1,1,1,1,3,1,2,2,2,4,2,2,2,2,2,4,3,4,0.596229683,1.211451182,0.151544369,1,0,0,1,4,1,1,1,0,0,2,0,4,0,1,2,1,0,1,0,0,0,0,0,0,1,1,0,1,0,2,0,1,0,2,0,0,1,3,1,0,0,1,1,0,0,1,0,0,1,0,3
1889,3,2,0.291239876,1,85374,0,1,0,3,0,0,1,0,0,2,1,0,3,1,3,3,1,2,5,1,1,2,2,1,2,2,1,1,1,4,2,3,0.169202677,-0.9678488,-0.302698155,1,1,0,0,2,0,0,0,0,0,1,1,1,1,0,1,0,0,3,1,0,0,1,1,0,1,1,0,1,0,2,0,1,0,2,0,0,1,3,0,1,0,2,1,0,0,1,1,0,0,0,1
1893,3,2,0.07485922,1,85051,1,0,0,3,0,0,1,0,0,3,5,4,3,3,4,3,3,4,4,5,2,3,3,2,2,3,2,2,3,3,3,3,0.148096953,0.055395298,-0.253015548,0,1,0,0,2,0,0,1,0,0,1,1,1,0,1,2,0,1,2,0,0,0,1,0,1,1,1,0,0,1,3,0,0,1,3,0,0,1,3,0,1,0,2,1,0,0,1,0,0,0,1,4
1901,3,2,0.135035928,1,85295,0,1,0,1,1,0,0,0,0,3,1,3,5,4,1,1,1,4,4,2,2,1,3,4,2,2,2,2,3,4,2,2,-0.024312818,-1.176254107,1.689518222,1,0,1,0,3,1,1,1,0,0,1,1,1,0,0,3,0,1,2,0,0,0,0,1,0,-9,0,0,1,0,2,0,0,1,3,0,0,1,3,0,0,1,3,1,0,0,1,0,0,1,0,3
1902,3,2,0.099094654,1,85041,0,1,0,2,0,1,0,0,0,1,2,1,4,2,2,4,2,2,3,4,1,3,3,1,1,3,3,1,1,4,2,1,-1.384381392,0.220721431,0.614414324,0,0,0,0,1,0,0,0,1,0,2,0,2,1,0,1,1,0,1,0,0,1,1,0,1,1,1,0,0,1,3,1,0,0,1,1,0,0,1,1,0,0,1,1,0,0,1,0,0,1,0,3
1906,3,2,0.011188323,1,85008,1,0,0,3,0,0,1,0,0,2,2,3,3,3,3,3,3,3,3,3,2,2,2,3,2,2,2,2,2,3,3,3,-1.902822022,0.124543784,-0.461746899,1,1,0,0,2,0,0,1,0,0,1,1,1,1,0,1,0,1,2,1,0,0,0,0,1,-9,0,0,0,1,3,0,0,1,3,0,1,0,2,0,0,1,3,0,1,0,2,0,0,1,0,3
1911,3,2,0.048795232,1,85035,0,1,0,5,0,0,0,0,1,4,5,5,3,5,5,4,5,4,5,5,3,3,3,2,3,3,1,3,3,1,2,1,0.71840119,1.317046712,0.608540547,1,0,0,0,1,0,0,1,0,0,2,0,4,0,1,2,0,0,3,1,0,0,1,1,0,-9,0,0,0,1,3,0,1,0,2,0,1,0,2,1,0,0,1,1,0,0,1,0,0,1,0,3
1915,3,2,0.041412364,1,85212,0,1,0,2,0,1,0,0,0,2,5,3,5,5,2,1,4,5,5,3,1,3,2,2,2,1,1,2,3,1,2,4,-0.725956089,-0.852590482,0.607157321,1,1,0,0,2,0,0,1,0,0,1,1,1,0,1,2,0,0,3,1,0,0,0,1,0,1,1,1,0,0,1,1,0,0,1,0,1,0,2,0,1,0,2,1,0,0,1,1,0,0,0,1
1919,3,2,0.075240868,1,85301,1,0,0,2,0,1,0,0,0,1,1,0,5,3,1,1,1,3,2,2,2,2,3,4,2,2,2,2,3,4,3,3,-1.507313904,-0.962858714,-0.278838422,1,0,0,0,1,0,0,1,0,0,2,0,4,1,0,1,0,1,2,0,0,0,0,0,0,1,1,0,0,1,3,0,0,1,3,0,1,0,2,1,0,0,1,1,0,0,1,0,0,0,1,4
1924,3,2,0.016838622,1,85016,1,0,0,3,0,0,1,0,0,3,4,2,4,3,1,2,2,4,4,2,1,2,2,1,3,2,2,1,3,3,2,3,0.212385329,0.216878431,0.028029509,1,0,1,0,3,0,0,1,0,0,2,0,4,0,1,2,0,0,3,1,0,0,0,0,0,1,1,0,0,1,3,0,0,1,3,0,0,1,3,0,0,1,3,1,0,0,1,0,0,0,1,4
1927,3,4,0.01022102,1,85015,1,0,0,2,0,1,0,0,0,2,2,2,5,3,1,1,3,4,4,4,1,1,2,3,2,2,2,2,2,3,3,3,-0.303581791,0.875832747,1.200792478,0,1,0,0,2,0,0,0,0,0,2,0,5,1,0,1,0,0,3,0,0,0,0,1,0,1,1,0,0,1,3,0,0,1,3,0,1,0,2,0,1,0,2,0,0,1,3,0,0,0,1,4
1928,3,3,0.448753963,1,85043,0,1,0,1,1,0,0,0,0,1,1,0,5,5,2,1,3,5,5,3,3,2,2,2,1,3,3,2,1,1,1,1,-2.054571085,0.721786228,-0.978845868,1,0,0,0,1,0,0,0,0,0,1,1,1,0,0,3,0,0,3,1,0,0,0,1,0,-9,0,1,0,0,1,0,0,1,3,0,0,1,3,0,0,1,3,1,0,0,1,0,0,1,0,3
1930,3,2,0.019998718,1,85296,0,1,0,4,0,0,0,1,0,3,1,4,2,4,3,3,5,5,5,5,1,1,1,4,1,2,1,2,1,4,1,2,1.391215148,0.737371251,0.840323381,1,0,1,0,3,0,0,1,0,0,2,0,4,0,1,2,0,1,2,1,0,0,1,0,0,1,1,0,1,0,2,0,1,0,2,0,0,1,3,0,1,0,2,1,0,0,1,0,1,0,0,2
1932,49,4,0.022064495,0,98223,0,1,0,1,1,0,0,0,0,1,6,1,2,5,2,1,1,5,5,4,2,1,1,4,2,2,1,2,3,4,2,4,0.096941258,-1.545543944,0.123160097,1,0,0,1,4,0,0,1,0,0,2,0,4,1,0,1,1,0,1,0,0,0,0,0,0,1,1,1,0,0,1,1,0,0,1,0,1,0,2,1,0,0,1,1,0,0,1,1,0,0,0,1
1933,3,4,0.01881357,1,85373,0,1,0,1,1,0,0,0,0,1,1,0,3,4,2,2,2,3,5,4,1,1,1,1,2,2,1,2,3,2,2,2,0.150702426,-1.452939407,-1.57722894,1,0,0,0,1,1,1,1,0,0,2,0,4,0,1,2,0,0,3,1,0,0,0,1,0,-9,0,0,1,0,2,1,0,0,1,0,1,0,2,1,0,0,1,1,0,0,1,1,0,0,0,1
1936,49,2,0.132720897,0,98406,1,0,0,3,0,0,1,0,0,3,2,3,3,5,2,2,2,4,4,4,2,1,2,1,3,1,2,3,3,2,3,3,1.312971728,-0.491251952,0.17399932,1,0,1,0,3,0,0,1,0,0,2,0,4,0,1,2,1,0,1,0,0,0,0,0,1,-9,0,0,0,1,3,0,0,1,3,0,1,0,2,0,0,1,3,1,0,0,1,0,0,0,1,4
1937,3,4,0.12859477,1,85032,0,1,0,2,0,1,0,0,0,3,4,3,3,2,2,4,4,4,3,5,2,2,2,3,2,2,2,2,2,2,2,2,0.488183318,0.982059816,0.467461447,1,0,1,0,3,0,0,1,0,0,2,0,4,0,0,3,0,0,3,0,0,0,0,1,0,-9,0,0,0,1,3,0,1,0,2,0,0,1,3,0,0,1,3,1,0,0,1,0,0,0,1,4
1938,3,4,0.00874399,1,85202,1,0,0,4,0,0,0,1,0,2,1,3,5,5,1,1,1,4,5,5,1,1,1,1,2,2,2,1,1,4,4,4,0.040300172,-1.691563126,0.433909814,1,0,1,0,3,1,1,0,0,0,1,1,1,1,0,1,0,1,2,0,1,0,0,0,1,1,1,0,0,1,3,0,1,0,2,0,0,1,3,0,0,1,3,0,1,0,2,0,0,0,1,4
1939,3,2,0.024975588,1,85015,1,0,0,4,0,0,0,1,0,3,4,4,4,4,4,4,2,4,1,1,1,2,1,1,1,3,3,2,2,1,2,1,-0.866511506,0.252996712,-0.827885718,1,0,0,0,1,0,0,1,0,0,2,0,4,1,0,1,1,0,1,0,0,0,0,0,1,1,1,0,0,1,3,0,0,1,3,0,1,0,2,0,1,0,2,0,0,1,3,0,0,0,1,4
1941,3,2,0.035997233,1,85308,0,1,0,1,1,0,0,0,0,1,4,0,5,1,1,1,1,1,1,1,2,2,2,4,2,2,2,2,2,3,3,3,1.224600868,-0.35931767,0.364220642,1,1,0,0,2,0,0,1,0,0,2,0,4,1,0,1,0,0,3,0,1,0,0,1,0,1,1,0,1,0,2,0,1,0,2,0,0,1,3,0,1,0,2,1,0,0,1,0,0,1,0,3
1942,3,2,0.06411642,1,85338,0,1,0,1,1,0,0,0,0,1,1,0,5,5,1,1,1,3,5,3,2,2,2,3,2,2,2,2,2,3,3,3,1.251303572,-1.716005576,0.981894742,1,1,0,0,2,1,1,1,0,0,2,0,4,0,0,3,0,0,3,1,0,0,0,1,0,-9,0,1,0,0,1,1,0,0,1,0,1,0,2,0,0,1,3,1,0,0,1,0,1,0,0,2
1946,3,4,0.015882588,1,85205,0,1,0,1,1,0,0,0,0,1,2,0,5,3,1,1,1,1,1,1,2,2,2,3,2,2,2,2,2,4,4,3,-0.489338073,0.003640498,-0.746765925,1,0,1,0,3,0,0,1,0,0,2,0,4,1,0,1,1,0,1,0,0,0,0,1,0,1,1,0,1,0,2,0,1,0,2,0,1,0,2,0,1,0,2,1,0,0,1,0,0,1,0,3
1953,3,4,0.041795808,1,85233,0,1,0,1,1,0,0,0,0,1,2,1,5,4,1,1,3,4,5,3,2,2,2,4,2,2,2,2,2,4,3,3,-0.415906433,-1.62030796,-1.01124596,1,0,1,0,3,0,0,1,0,0,2,0,4,0,1,2,0,0,3,0,0,0,0,1,0,1,1,0,1,0,2,0,0,1,3,0,0,1,3,0,1,0,2,1,0,0,1,0,0,1,0,3
1955,3,2,0.019325978,1,85021,1,0,0,4,0,0,0,1,0,2,1,0,5,5,3,1,1,4,5,4,2,2,2,4,2,2,2,2,2,4,3,4,0.189721367,-0.463039669,0.533338031,1,0,1,0,3,0,0,1,0,0,2,0,4,0,1,2,0,1,2,0,0,0,0,0,0,-9,0,0,0,1,3,0,0,1,3,1,0,0,1,0,1,0,2,0,0,1,3,0,0,0,1,4
1958,3,4,0.185852255,1,85374,0,1,0,2,0,1,0,0,0,2,1,2,4,3,2,2,2,3,3,3,2,2,2,3,2,2,2,2,2,3,3,3,0.312995968,-0.12640794,0.059363846,0,0,0,1,4,0,0,1,0,0,2,0,4,0,0,3,1,0,1,0,0,0,0,1,0,-9,0,0,1,0,2,0,1,0,2,0,0,1,3,0,1,0,2,1,0,0,1,1,0,0,0,1
1960,3,2,0.043143643,1,85381,0,1,0,4,0,0,0,1,0,4,1,0,5,1,1,1,2,2,3,2,3,3,2,1,3,1,3,1,3,1,2,1,0.071530455,-0.322657309,0.914929008,0,0,0,1,4,1,1,1,0,0,2,0,4,0,1,2,0,1,2,0,0,0,0,0,0,1,1,0,1,0,2,0,1,0,2,0,1,0,2,0,0,1,3,1,0,0,1,0,0,1,0,3
1964,3,4,0.016304521,1,85375,0,1,0,2,0,1,0,0,0,1,1,0,5,1,1,1,1,3,3,3,2,2,2,3,2,2,2,2,2,4,3,3,-0.326026508,0.146579375,0.141791531,0,1,0,0,2,0,0,1,0,0,2,0,4,1,0,1,0,0,3,0,0,0,0,1,0,-9,0,1,0,0,1,1,0,0,1,0,1,0,2,1,0,0,1,1,0,0,1,1,0,0,0,1
1966,3,4,0.005534637,1,85042,0,1,0,2,0,1,0,0,0,3,6,3,4,4,3,3,2,4,4,4,2,2,2,4,3,2,2,2,3,2,2,2,-0.959934672,0.784852811,-0.756999106,1,0,1,0,3,0,0,1,0,0,1,1,1,1,0,1,1,0,1,0,0,0,0,0,0,-9,0,0,0,1,3,0,1,0,2,1,0,0,1,1,0,0,1,1,0,0,1,0,0,1,0,3
1967,3,2,0.352088639,1,85335,0,1,0,2,0,1,0,0,0,2,1,0,4,5,2,3,1,4,3,2,1,3,2,3,2,2,3,1,2,2,3,3,-0.970061232,0.684615282,0.083257187,1,1,0,0,2,1,1,1,0,0,2,0,4,0,1,2,1,0,1,0,0,0,0,1,0,1,1,0,0,1,3,1,0,0,1,0,1,0,2,1,0,0,1,1,0,0,1,1,0,0,0,1
1969,3,2,0.014758752,1,85206,0,1,0,2,0,1,0,0,0,1,1,4,5,5,4,5,3,4,4,4,3,2,2,2,2,2,2,2,2,3,3,3,0.463722234,1.390124118,1.266578611,1,1,0,0,2,1,1,1,0,0,2,0,4,1,0,1,0,1,2,0,0,0,1,0,0,1,1,0,1,0,2,0,0,1,3,0,0,1,3,0,0,1,3,1,0,0,1,0,0,1,0,3
1974,3,4,0.069876605,1,85225,1,0,0,4,0,0,0,1,0,3,2,4,3,5,1,2,2,4,4,3,1,1,2,2,2,2,1,2,3,2,2,4,0.008622844,0.473286727,-1.705411752,1,0,0,1,4,0,0,1,0,0,2,0,4,0,1,2,0,1,2,0,0,0,0,0,0,-9,0,0,0,1,3,0,1,0,2,0,0,1,3,0,1,0,2,1,0,0,1,0,0,1,0,3
1975,3,4,0.051069552,1,85054,0,0,1,1,1,0,0,0,0,1,1,0,5,1,1,1,1,1,3,1,2,2,2,4,2,2,2,2,2,4,4,3,0.957789061,0.593848451,0.592137267,0,0,0,1,4,0,1,1,0,0,2,0,4,0,0,3,0,0,3,0,0,0,0,1,0,1,1,0,0,0,0,0,0,0,0,0,0,0,0,0,0,0,0,0,0,0,0,0,0,0,0,0
1980,49,2,0.045050753,0,98121,1,0,0,2,0,1,0,0,0,3,4,2,4,5,4,3,3,3,4,4,1,1,3,3,3,1,3,1,3,2,2,2,0.003495106,-0.883947359,-0.165018962,1,1,0,0,2,0,0,1,0,0,2,0,4,1,0,1,1,0,1,0,0,0,1,0,0,-9,0,0,0,1,3,0,0,1,3,0,0,1,3,0,0,1,3,0,0,1,3,0,0,0,1,4
1982,3,2,0.036724513,1,85006,1,0,0,4,0,0,0,1,0,3,2,2,4,5,2,4,2,3,4,4,2,2,2,4,3,1,1,2,2,2,2,4,-0.859270795,-0.684103156,-0.482139752,1,1,0,0,2,1,1,1,0,0,2,0,4,0,1,2,1,0,1,0,0,0,0,1,0,1,1,0,0,1,3,0,0,1,3,0,0,1,3,0,1,0,2,0,1,0,2,0,0,0,1,4
1983,3,4,0.009342902,1,85042,0,1,0,2,0,1,0,0,0,1,1,3,2,4,2,4,4,5,5,2,2,2,2,4,2,2,2,2,2,4,2,3,-0.164411197,0.004396573,-0.121548483,1,0,0,1,4,0,0,1,0,0,2,0,4,1,0,1,0,0,3,1,0,0,0,1,0,0,0,0,0,1,3,0,1,0,2,1,0,0,1,1,0,0,1,1,0,0,1,0,0,1,0,3
1986,3,4,0.006673805,1,85206,0,1,0,2,0,1,0,0,0,2,1,0,5,5,1,1,1,5,5,1,2,2,2,4,2,2,2,2,2,3,3,4,-0.282417656,-0.352216372,-0.437058698,1,0,1,0,3,1,1,1,0,0,2,0,4,1,0,1,1,0,1,0,0,0,0,0,0,-9,0,0,1,0,2,0,0,1,3,0,0,1,3,0,0,1,3,1,0,0,1,0,0,1,0,3
1987,3,2,0.146611185,1,85281,1,0,0,1,1,0,0,0,0,2,4,0,5,5,1,3,1,4,4,3,1,1,1,1,3,1,1,1,3,3,3,3,-0.490061907,-0.39185036,-0.721840548,1,0,0,0,1,1,1,0,0,1,2,0,3,0,1,2,1,0,1,0,0,0,1,0,0,1,1,0,0,1,3,0,0,1,3,0,0,1,3,0,1,0,2,0,0,1,3,0,0,0,1,4
1988,3,4,0.015573533,1,85027,0,1,0,4,0,0,0,1,0,3,1,1,2,4,1,1,1,3,4,4,2,2,2,4,2,2,3,2,2,4,2,3,0.146112302,-0.476203777,0.027543047,1,0,0,1,4,0,0,1,0,0,2,0,4,1,0,1,0,1,2,0,0,0,0,1,0,1,1,0,1,0,2,0,0,1,3,0,0,1,3,0,1,0,2,1,0,0,1,0,0,1,0,3
1990,3,4,0.003220631,1,85201,1,0,0,2,0,1,0,0,0,2,1,2,4,5,1,2,1,5,5,5,1,1,3,1,3,1,1,1,3,1,2,2,-0.83380083,-0.51975564,0.344747099,1,0,1,0,3,0,0,1,0,0,2,0,4,1,0,1,0,0,3,1,1,0,0,0,0,-9,0,0,0,1,3,0,0,1,3,0,1,0,2,0,0,1,3,0,0,1,3,0,0,0,1,4
1991,3,2,0.077495855,1,85017,1,0,0,3,0,0,1,0,0,2,2,1,3,2,2,4,4,5,5,5,1,2,2,2,2,2,3,3,2,3,2,2,0.395699376,0.441772637,-0.252189294,0,0,0,0,1,0,0,1,0,0,1,1,1,1,0,1,0,0,3,0,0,1,1,0,0,1,1,0,0,1,3,0,0,1,3,0,0,1,3,0,1,0,2,1,0,0,1,0,0,1,0,3
1993,3,2,0.017743538,1,85281,1,0,0,5,0,0,0,0,1,5,1,5,1,5,1,1,4,5,5,2,2,2,2,4,1,2,1,2,1,3,4,3,0.177517635,0.36693094,0.721264194,1,1,0,0,2,1,1,1,0,0,1,1,1,1,0,1,0,0,3,0,0,0,1,1,0,-9,0,0,0,1,3,0,0,1,3,0,0,1,3,0,1,0,2,0,0,1,3,0,0,0,1,4
1994,3,2,0.181845111,1,85209,0,1,0,1,1,0,0,0,0,1,1,1,5,2,2,3,2,2,3,3,2,2,3,3,2,2,2,2,2,3,3,4,-0.062794939,0.243134222,-0.528767497,0,1,0,0,2,0,0,1,0,0,2,0,4,1,0,1,0,1,2,0,0,0,1,1,0,-9,0,0,1,0,2,0,1,0,2,0,0,1,3,1,0,0,1,1,0,0,1,0,0,1,0,3
1997,3,2,0.08782868,1,85030,1,0,0,4,0,0,0,1,0,2,5,5,5,4,3,4,5,4,5,4,2,3,2,3,2,2,3,2,2,2,3,3,0.760261605,1.007208975,1.121746313,0,1,0,0,2,1,1,1,0,0,2,0,4,0,0,3,0,0,3,1,0,1,0,0,0,1,1,0,0,0,0,0,0,0,0,0,0,0,0,0,0,0,0,0,0,0,0,0,0,0,0,0
2003,3,4,0.299158775,0,85941,0,1,0,2,0,1,0,0,0,2,4,3,4,5,1,2,1,3,3,4,2,2,2,4,2,2,2,2,3,3,2,2,0.224940534,-0.409290387,0.372480489,1,0,1,0,3,0,0,0,0,0,2,0,5,1,0,1,0,1,2,0,0,0,0,1,1,-9,0,1,0,0,1,1,0,0,1,1,0,0,1,0,0,1,3,1,0,0,1,1,0,0,0,1
2004,3,4,0.001883273,1,85037,0,1,0,2,0,1,0,0,0,2,2,0,2,5,2,3,1,5,5,4,1,1,2,4,2,2,1,2,3,4,2,4,0.622873643,-0.956991669,-0.182719414,1,0,0,1,4,0,0,1,0,0,2,0,4,1,0,1,0,0,3,1,1,0,0,1,1,1,1,0,0,1,3,0,1,0,2,0,1,0,2,1,0,0,1,1,0,0,1,0,0,1,0,3
2007,3,1,0.01118832,1,85003,0,1,0,2,0,1,0,0,0,3,3,3,3,5,3,3,2,4,3,3,3,3,1,3,3,3,2,3,2,2,4,2,-0.759142147,1.123669607,-0.393621098,1,0,0,0,1,1,1,1,0,0,1,1,1,1,0,1,0,0,3,0,0,1,1,0,0,0,0,0,1,0,2,0,0,1,3,0,0,1,3,0,1,0,2,0,0,1,3,0,0,0,1,4
2008,3,2,0.329067992,1,85030,1,0,0,4,0,0,0,1,0,2,5,4,5,4,3,4,5,4,4,5,2,2,2,2,2,2,2,3,2,3,2,3,0.405485305,1.078214977,0.708877055,0,0,0,0,1,1,1,1,0,0,2,0,4,0,0,3,1,0,1,0,0,0,0,1,0,-9,0,0,0,0,0,0,0,0,0,0,0,0,0,0,0,0,0,0,0,0,0,0,0,0,0,0
2010,3,2,0.027124366,1,85001,1,0,0,5,0,0,0,0,1,1,5,4,4,4,4,5,5,5,5,5,3,3,3,2,2,2,2,2,2,3,2,2,0.21418956,1.185281909,1.442296424,0,1,0,0,2,1,1,1,0,0,2,0,4,0,0,3,0,0,3,1,0,0,0,0,0,-9,0,0,0,0,0,0,0,0,0,0,0,0,0,0,0,0,0,0,0,0,0,0,0,0,0,0
2011,3,2,0.329067992,1,85030,1,0,0,4,0,0,0,1,0,2,5,5,5,4,5,4,3,4,5,4,2,3,2,2,1,3,2,3,2,3,2,3,0.906021406,0.95221595,0.507101661,0,0,0,0,1,1,1,1,0,0,2,0,4,0,0,3,1,0,1,0,0,0,0,1,0,-9,0,0,0,0,0,0,0,0,0,0,0,0,0,0,0,0,0,0,0,0,0,0,0,0,0,0
2012,3,2,0.031095858,1,85030,1,0,0,4,0,0,0,1,0,2,5,4,3,4,4,5,4,4,3,5,2,2,2,3,2,3,2,2,2,4,3,3,0.801573108,1.031571984,-0.598372773,0,1,0,0,2,1,1,1,0,0,2,0,4,0,0,3,0,0,3,1,1,0,0,0,0,1,1,0,0,0,0,0,0,0,0,0,0,0,0,0,0,0,0,0,0,0,0,0,0,0,0,0
2019,3,2,0.099063685,1,85203,0,1,0,3,0,0,1,0,0,3,2,2,4,4,5,4,4,5,4,4,2,3,3,2,3,1,3,1,2,2,3,3,0.484630856,0.888793733,0.301230262,0,1,0,0,2,1,1,1,0,0,2,0,4,0,0,3,0,0,3,1,0,0,0,1,0,1,1,0,0,1,3,0,1,0,2,0,1,0,2,0,0,1,3,0,0,1,3,0,0,0,1,4
2020,3,2,0.031801875,1,85030,1,0,0,4,0,0,0,1,0,1,5,4,4,5,4,5,4,5,3,4,3,1,3,3,2,1,2,2,2,1,3,2,0.115754107,0.954220772,-0.600045981,0,1,0,0,2,1,1,1,0,0,2,0,4,0,0,3,0,0,3,1,0,0,0,0,0,-9,0,0,0,0,0,0,0,0,0,0,0,0,0,0,0,0,0,0,0,0,0,0,0,0,0,0
2027,3,2,0.081553518,1,85035,0,1,0,2,0,1,0,0,0,3,2,2,4,4,5,3,4,5,4,4,2,2,3,2,3,1,3,1,2,2,3,3,-0.121461501,1.168187975,0.367889084,0,1,0,0,2,1,1,1,0,0,2,0,4,0,0,3,0,0,3,1,0,0,0,1,0,1,1,0,0,1,3,0,1,0,2,0,1,0,2,1,0,0,1,1,0,0,1,0,0,1,0,3
2029,3,2,0.020220589,1,85001,1,0,0,3,0,0,1,0,0,2,4,4,4,4,3,4,4,4,3,3,1,1,2,1,3,1,3,1,3,3,2,2,0.249992522,0.906626664,0.189002807,0,1,0,0,2,1,1,1,0,0,2,0,4,0,1,2,0,0,3,1,0,0,1,1,0,1,1,0,0,0,0,0,0,0,0,0,0,0,0,0,0,0,0,0,0,0,0,0,0,0,0,0
2030,3,4,0.025348174,1,85208,0,1,0,3,0,0,1,0,0,3,4,5,2,4,1,1,1,4,4,1,3,2,2,4,2,2,1,2,3,3,2,4,-1.162290618,1.120913831,0.190228126,1,0,1,0,3,0,0,1,0,0,2,0,4,1,0,1,0,1,2,0,0,0,0,1,0,-9,0,0,1,0,2,0,1,0,2,0,0,1,3,0,1,0,2,1,0,0,1,0,1,0,0,2
2031,3,4,0.216353096,1,85296,0,1,0,2,0,1,0,0,0,3,1,0,4,3,2,2,1,4,5,4,1,2,2,4,2,2,1,2,3,4,2,4,0.727865648,-0.577163968,-0.3649844,1,0,0,1,4,0,0,1,0,0,2,0,4,0,0,3,0,1,2,0,0,0,0,1,0,1,1,0,1,0,2,0,1,0,2,0,0,1,3,0,1,0,2,1,0,0,1,0,1,0,0,2
2035,3,4,0.031660246,1,85297,0,1,0,1,1,0,0,0,0,1,1,0,5,4,1,1,1,5,4,4,2,2,2,4,2,2,2,2,3,4,2,3,-0.208939255,-0.400118171,0.14853032,0,0,0,1,4,0,0,1,0,0,2,0,4,0,1,2,0,1,2,0,0,0,0,1,0,1,1,0,0,1,3,1,0,0,1,0,0,1,3,1,0,0,1,1,0,0,1,0,1,0,0,2
2036,3,2,1.022063715,1,85374,0,1,0,1,1,0,0,0,0,2,1,1,4,4,1,1,1,4,4,2,2,2,2,4,3,1,2,2,3,4,2,4,-0.046620461,-0.182362749,0.505447549,0,0,1,0,3,0,1,0,0,0,1,1,1,0,0,3,0,1,2,0,0,0,1,1,0,1,1,0,1,0,2,0,1,0,2,0,0,1,3,0,1,0,2,1,0,0,1,1,0,0,0,1
2037,3,2,0.181670769,1,85262,0,1,0,4,0,0,0,1,0,1,1,0,4,2,1,1,1,1,1,1,2,2,2,3,2,2,2,2,2,4,3,3,0.278893311,0.265703173,0.054644648,0,0,1,1,4,0,0,1,0,0,2,0,4,0,0,3,0,1,2,0,0,0,0,1,0,-9,0,1,0,0,1,1,0,0,1,0,1,0,2,1,0,0,1,1,0,0,1,1,0,0,0,1
2038,3,4,0.045162368,1,85390,0,1,0,2,0,1,0,0,0,2,4,3,4,5,1,4,1,4,4,3,2,2,2,2,2,2,1,2,3,1,2,4,0.634628116,1.192081574,-0.729788667,0,0,1,0,3,0,0,1,0,0,1,1,1,1,0,1,1,0,1,0,0,0,0,0,0,1,1,1,0,0,1,1,0,0,1,1,0,0,1,0,0,1,3,1,0,0,1,1,0,0,0,1
2047,49,2,0.036267672,0,98118,0,1,0,4,0,0,0,1,0,2,4,4,5,4,3,4,3,5,3,4,3,1,2,2,1,3,3,1,1,2,1,2,-0.318938507,0.563425101,-0.354740689,0,1,0,0,2,0,1,1,0,0,2,0,4,0,0,3,0,0,3,1,0,0,0,0,0,-9,0,0,0,1,3,0,1,0,2,1,0,0,1,1,0,0,1,0,0,1,3,0,0,0,1,4
2049,18,2,0.059324327,1,85001,1,0,0,3,0,0,1,0,0,2,4,3,3,5,2,2,1,4,5,5,3,1,2,2,3,1,1,1,1,1,1,1,0.936757809,0.649265871,0.257371481,0,0,0,0,1,1,1,1,0,0,2,0,4,0,1,2,0,0,3,1,0,1,1,0,0,-9,0,0,0,0,0,0,0,0,0,0,0,0,0,0,0,0,0,0,0,0,0,0,0,0,0,0
2050,3,4,0.008982881,1,85024,0,1,0,3,0,0,1,0,0,2,1,3,4,5,1,4,1,5,5,4,3,2,3,4,2,2,3,2,3,3,2,4,0.710988545,0.090882523,0.691444366,1,0,0,1,4,0,0,1,0,0,2,0,4,0,1,2,1,0,1,0,0,0,0,1,1,-9,0,0,0,1,3,0,1,0,2,0,0,1,3,0,1,0,2,1,0,0,1,0,0,1,0,3
2051,3,2,0.16276749,1,85254,0,1,0,2,0,1,0,0,0,1,1,0,5,2,1,1,1,2,5,1,2,2,2,3,2,2,2,2,2,3,3,3,1.689913209,0.723492094,0.54846427,0,0,0,1,4,0,1,1,0,0,2,0,4,0,0,3,0,1,2,0,0,0,0,0,0,-9,0,0,1,0,2,0,0,1,3,0,0,1,3,0,1,0,2,1,0,0,1,0,0,1,0,3
2052,3,2,0.063865254,1,85014,1,0,0,1,1,0,0,0,0,1,1,0,5,4,1,1,1,1,2,1,2,2,2,3,2,2,2,2,2,3,2,3,-2.019817021,0.157222725,1.985287289,0,0,1,0,3,0,0,1,0,0,2,0,4,0,1,2,0,1,2,0,1,0,0,1,0,1,1,0,0,1,3,0,0,1,3,1,0,0,1,0,0,1,3,0,1,0,2,0,0,0,1,4
2056,3,4,0.006365429,1,85345,0,1,0,5,0,0,0,0,1,3,1,0,1,5,1,3,3,4,4,4,1,2,2,1,3,1,1,1,3,1,2,4,-0.2384012,-0.641680318,0.291655468,1,0,1,0,3,0,0,0,1,0,2,0,2,1,0,1,0,1,2,0,1,0,0,0,0,-9,0,0,1,0,2,0,1,0,2,0,0,1,3,1,0,0,1,1,0,0,1,0,0,1,0,3
2062,3,4,0.003529302,1,85029,1,0,0,5,0,0,0,0,1,3,1,4,1,5,1,1,4,5,5,1,2,2,2,4,2,2,2,1,3,4,2,4,-2.138432859,-1.222669871,-1.344889078,1,1,0,0,2,1,1,1,0,0,2,0,4,1,0,1,0,1,2,0,1,0,0,0,1,1,1,0,0,1,3,0,0,1,3,0,0,1,3,0,1,0,2,1,0,0,1,0,0,0,1,4
2063,3,3,0.029674312,1,85035,0,1,0,2,0,1,0,0,0,1,2,1,4,4,1,3,1,3,2,2,2,2,2,2,2,2,2,2,3,2,2,3,-0.940435885,0.121714093,0.973396977,1,0,0,0,1,0,0,1,0,0,2,0,4,1,0,1,0,0,3,1,0,0,0,1,0,-9,0,0,0,1,3,0,1,0,2,0,1,0,2,1,0,0,1,1,0,0,1,0,0,1,0,3
2066,3,4,0.039096308,1,85003,0,1,0,1,1,0,0,0,0,1,1,0,5,1,1,3,1,3,3,3,1,1,3,1,3,1,1,1,3,1,2,3,-1.010764132,-0.643522355,0.944476324,1,0,1,0,3,0,0,1,0,0,1,1,1,0,1,2,0,1,2,0,0,0,0,0,0,-9,0,0,1,0,2,0,0,1,3,0,0,1,3,0,1,0,2,0,0,1,3,0,0,0,1,4
2067,3,4,0.084114415,1,85374,0,1,0,3,0,0,1,0,0,3,1,2,2,5,1,1,4,1,4,1,1,1,1,4,2,2,1,2,3,4,2,4,0.944961623,-0.775749184,-2.410546649,1,0,0,1,4,0,0,1,0,0,2,0,4,0,1,2,1,0,1,0,0,0,0,1,0,1,1,0,1,0,2,0,1,0,2,0,0,1,3,0,1,0,2,1,0,0,1,1,0,0,0,1
2069,3,4,0.122897117,1,85032,0,1,0,2,0,1,0,0,0,3,1,0,5,4,4,4,3,4,4,4,2,2,2,1,3,1,3,1,3,2,2,2,-0.013519391,0.094423496,-0.674405886,0,0,0,1,4,0,1,1,0,0,2,0,4,0,0,3,0,1,2,0,1,0,0,1,0,1,1,0,0,1,3,0,1,0,2,0,0,1,3,0,0,1,3,1,0,0,1,0,0,0,1,4
2070,3,4,0.063520552,1,85020,1,0,0,1,1,0,0,0,0,1,2,1,5,2,1,1,1,3,3,3,2,2,2,3,2,2,2,2,2,3,3,4,-0.529160609,1.1547495,1.135904056,1,0,1,0,3,0,1,1,0,0,2,0,4,0,0,3,0,1,2,0,0,0,0,1,0,1,1,0,0,1,3,0,0,1,3,0,1,0,2,0,0,1,3,1,0,0,1,0,0,0,1,4
2071,3,2,0.007459221,1,85019,1,0,0,5,0,0,0,0,1,5,1,5,5,5,1,1,5,5,5,3,1,1,3,1,2,2,2,1,3,4,3,3,-1.239622275,-1.22869767,-2.146531759,1,0,1,0,3,1,1,1,0,0,2,0,4,1,0,1,0,1,2,0,0,0,1,0,0,-9,0,0,0,1,3,0,0,1,3,0,1,0,2,1,0,0,1,1,0,0,1,0,0,1,0,3
2072,3,4,0.049260644,1,85085,0,1,0,2,0,1,0,0,0,2,1,1,4,4,3,3,3,4,4,4,3,3,3,1,3,1,3,1,3,1,2,2,-0.271389469,0.651408949,-0.276627429,1,0,1,0,3,1,1,1,0,0,2,0,4,0,0,3,0,1,2,0,0,0,0,1,0,1,1,1,0,0,1,1,0,0,1,1,0,0,1,1,0,0,1,1,0,0,1,1,0,0,0,1
2073,3,4,0.011189373,1,85021,1,0,0,2,0,1,0,0,0,2,4,3,5,5,1,1,1,3,3,3,2,2,3,4,2,2,2,2,2,4,3,4,-1.095252116,-1.899531016,0.412113411,1,1,0,0,2,0,0,0,1,0,2,0,2,1,0,1,0,1,2,0,1,0,0,0,0,-9,0,0,0,1,3,0,0,1,3,1,0,0,1,0,1,0,2,0,0,1,3,0,0,0,1,4
2074,3,2,0.008498895,1,85281,1,0,0,2,0,1,0,0,0,3,1,1,4,4,1,1,1,5,5,3,3,1,3,3,2,2,2,2,2,4,2,4,-2.465080031,0.529051672,0.85196092,0,1,0,0,2,0,0,1,0,0,2,0,4,1,0,1,0,0,3,1,1,0,1,0,0,-9,0,0,0,1,3,0,0,1,3,0,0,1,3,0,1,0,2,0,0,1,3,0,0,0,1,4
2076,3,4,0.021991465,1,85353,0,1,0,3,0,0,1,0,0,3,3,4,3,2,4,4,4,3,4,2,2,2,2,2,2,2,2,1,2,3,2,3,-0.503299729,0.387402218,-0.927394861,0,1,0,0,2,0,0,0,1,0,2,0,2,1,0,1,0,0,3,1,0,0,0,1,0,-9,0,0,1,0,2,0,1,0,2,0,1,0,2,1,0,0,1,1,0,0,1,1,0,0,0,1
2080,48,4,0.322686807,0,24112,0,1,0,1,1,0,0,0,0,4,6,5,1,5,2,2,1,5,5,5,1,1,3,2,3,1,3,3,3,1,2,2,0.838108767,0.320009615,-2.441391617,1,0,1,0,3,0,0,1,0,0,2,0,4,1,0,1,0,0,3,0,0,0,0,1,0,-9,0,1,0,0,1,1,0,0,1,1,0,0,1,0,1,0,2,1,0,0,1,1,0,0,0,1
2081,10,4,0.691430747,0,32448,0,1,0,2,0,1,0,0,0,1,3,3,4,4,2,2,2,4,4,4,2,2,3,1,2,2,2,1,2,1,3,2,-0.341150604,0.287856236,0.57048664,1,0,1,0,3,0,0,0,1,0,2,0,2,1,0,1,1,0,1,0,0,0,0,0,0,-9,0,1,0,0,1,1,0,0,1,0,1,0,2,0,1,0,2,1,0,0,1,1,0,0,0,1
2082,10,4,0.491542328,0,32401,0,1,0,1,1,0,0,0,0,4,1,0,4,2,2,2,2,2,2,2,2,2,2,3,2,2,2,1,2,4,2,4,-0.702873261,-0.90625585,-0.396145253,1,0,1,0,3,0,1,1,0,0,2,0,4,1,0,1,1,0,1,0,0,0,0,0,1,-9,0,1,0,0,1,0,0,1,3,1,0,0,1,0,0,1,3,1,0,0,1,0,0,1,0,3
2083,1,4,0.609430578,0,35570,0,1,0,2,0,1,0,0,0,2,2,4,3,4,2,2,2,5,4,3,2,2,2,4,2,2,2,3,3,3,2,4,0.947546614,-0.213558748,0.233939731,1,0,0,1,4,0,0,1,0,0,2,0,4,1,0,1,1,0,1,0,0,0,0,1,1,-9,0,1,0,0,1,1,0,0,1,1,0,0,1,1,0,0,1,1,0,0,1,1,0,0,0,1
2084,1,2,1.290671936,0,36521,0,0,1,1,1,0,0,0,0,1,2,1,5,4,2,3,2,4,4,4,3,3,3,2,2,3,1,1,3,3,2,2,-0.326325954,0.078239984,0.605886925,1,0,1,0,3,0,0,1,0,0,2,0,4,1,0,1,0,0,3,1,0,0,1,0,0,1,1,1,0,0,1,1,0,0,1,1,0,0,1,1,0,0,1,1,0,0,1,1,0,0,0,1
2086,37,4,2.683921076,0,73160,0,1,0,1,1,0,0,0,0,1,4,0,5,5,1,1,1,5,5,3,2,2,2,4,2,2,2,2,2,4,3,4,0.407305318,-0.309679435,0.18939531,1,0,0,1,4,0,0,1,0,0,2,0,4,0,0,3,0,0,3,0,0,0,0,1,0,1,1,0,1,0,2,0,1,0,2,0,0,1,3,0,1,0,2,1,0,0,1,0,1,0,0,2
2087,10,4,0.90816323,1,33024,1,0,0,2,0,1,0,0,0,1,4,2,5,2,1,1,1,1,3,1,2,2,2,4,2,2,2,2,2,3,3,3,-0.076517795,-0.205925683,1.094208693,0,0,0,1,4,1,1,1,0,0,2,0,4,0,1,2,0,1,2,0,0,0,0,0,0,1,1,0,0,1,3,0,1,0,2,0,0,1,3,0,1,0,2,1,0,0,1,0,0,0,1,4
2090,33,4,7.546066382,0,10029,1,0,0,3,0,0,1,0,0,4,2,3,3,4,1,1,1,1,1,1,2,2,2,3,2,2,2,2,2,4,4,4,-1.882031794,0.346279154,1.60945192,1,0,1,0,3,0,0,0,1,0,2,0,2,1,0,1,1,0,1,0,0,0,0,0,1,-9,0,0,0,1,3,0,0,1,3,0,0,1,3,0,0,1,3,0,0,1,3,0,0,1,0,3
2091,34,4,0.786678391,0,28546,0,1,0,3,0,0,1,0,0,3,1,5,3,5,1,1,1,3,3,2,1,3,3,2,2,2,1,1,1,1,1,1,-2.020485674,-0.97110062,-1.472307851,1,1,0,0,2,0,0,1,0,0,2,0,4,1,0,1,0,0,3,0,0,0,0,0,0,-9,0,1,0,0,1,1,0,0,1,0,1,0,2,0,1,0,2,1,0,0,1,1,0,0,0,1
2092,1,4,0.653181065,0,35630,0,1,0,5,0,0,0,0,1,4,5,5,3,5,1,1,1,5,5,3,2,2,1,4,2,2,2,2,1,4,3,4,-1.427195564,-0.459045937,0.009026782,1,1,0,0,2,0,0,1,0,0,2,0,4,0,1,2,0,0,3,0,1,0,0,1,0,-9,0,1,0,0,1,0,1,0,2,0,1,0,2,0,1,0,2,1,0,0,1,1,0,0,0,1
2098,45,4,2.914796043,1,77015,0,1,0,5,0,0,0,0,1,1,5,5,1,5,2,2,2,5,5,5,3,3,3,2,3,3,3,1,3,1,2,2,1.256053703,0.306506804,0.837910033,0,0,1,0,3,0,0,1,1,0,2,0,2,1,0,1,0,0,3,0,1,0,0,0,0,-9,0,0,0,1,3,0,1,0,2,0,0,1,3,0,1,0,2,1,0,0,1,0,1,0,0,2
2099,52,4,0.000107942,0,82801,0,1,0,2,0,1,0,0,0,1,5,3,2,5,2,2,2,5,5,2,2,2,2,4,2,2,2,2,3,4,2,4,0.827179657,0.127124951,0.327855533,0,0,0,1,4,0,0,1,0,0,2,0,4,1,0,1,1,0,1,0,0,0,0,0,0,1,1,1,0,0,1,0,1,0,2,0,1,0,2,0,0,1,3,1,0,0,1,0,1,0,0,2
2107,50,4,0.446100308,0,26201,0,1,0,4,0,0,0,1,0,4,5,3,2,5,3,5,2,2,5,5,2,2,2,3,2,2,2,2,2,3,3,3,-0.314057056,0.294707683,0.125974877,0,0,1,0,3,0,0,1,0,0,2,0,4,1,0,1,0,1,2,0,0,0,0,1,1,-9,0,1,0,0,1,1,0,0,1,1,0,0,1,0,0,1,3,1,0,0,1,1,0,0,0,1
2109,39,4,0.147220746,0,18452,0,1,0,3,0,0,1,0,0,2,5,3,2,5,1,1,1,4,5,2,1,1,2,3,2,2,2,2,3,4,2,2,-0.678854622,1.365801601,1.164572339,1,0,0,1,4,0,1,1,0,0,2,0,4,1,0,1,0,1,2,0,1,0,0,1,0,0,0,0,1,0,2,0,1,0,2,1,0,0,1,0,0,1,3,1,0,0,1,0,1,0,0,2
2110,15,4,1.121321842,0,46260,0,1,0,2,0,1,0,0,0,3,5,4,2,5,1,1,1,3,4,3,1,1,3,1,2,2,1,2,3,4,2,1,-1.040403844,0.560909766,-2.31502879,1,0,0,1,4,0,0,1,0,0,2,0,4,1,0,1,1,0,1,0,0,0,0,0,0,1,1,0,1,0,2,0,0,1,3,0,1,0,2,1,0,0,1,1,0,0,1,0,1,0,0,2
2114,45,2,0.683241675,1,79912,0,1,0,4,0,0,0,1,0,4,1,5,1,5,1,1,1,5,5,1,1,1,3,1,2,2,2,2,2,4,3,4,0.701701229,-1.114680403,0.088877623,1,0,1,0,3,1,1,1,0,0,2,0,4,1,0,1,1,0,1,0,0,0,0,0,1,-9,0,0,1,0,2,0,1,0,2,0,1,0,2,0,0,1,3,1,0,0,1,0,0,1,0,3
2117,28,4,0.161499757,0,69361,0,1,0,2,0,1,0,0,0,3,4,4,4,4,3,3,2,4,4,4,2,2,2,3,2,2,3,2,3,3,2,3,0.217491957,0.195178236,0.072822484,1,0,1,0,3,0,0,1,0,0,2,0,4,1,0,1,0,0,3,0,1,0,0,1,0,-9,0,0,1,0,2,0,1,0,2,0,1,0,2,0,1,0,2,1,0,0,1,0,1,0,0,2
2118,3,2,0.000499899,0,85635,0,1,0,3,0,0,1,0,0,3,5,5,3,4,3,3,3,1,2,4,1,3,3,4,2,3,2,3,3,4,4,4,-0.425980612,-0.075746109,0.273890719,1,1,0,0,2,0,0,1,0,0,2,0,4,1,0,1,1,0,1,0,0,0,1,0,1,1,1,0,1,0,2,0,1,0,2,1,0,0,1,0,1,0,2,1,0,0,1,0,1,0,0,2
2120,31,4,0.021870024,0,8012,0,1,0,3,0,0,1,0,0,2,5,4,4,5,3,4,1,5,5,3,2,2,2,3,2,2,2,2,2,3,3,4,1.072622813,-0.289733117,0.047492164,1,1,0,0,2,0,0,1,0,0,2,0,4,1,0,1,0,1,2,0,0,0,0,0,0,1,1,0,1,0,2,0,1,0,2,0,0,1,3,0,0,1,3,1,0,0,1,0,0,1,0,3
2123,37,4,0.458868934,0,74401,0,1,0,1,1,0,0,0,0,2,5,0,4,5,2,2,1,5,5,1,1,2,1,1,1,1,2,1,3,4,2,2,1.308189564,0.075598865,0.558432074,0,0,0,1,4,0,0,0,1,0,2,0,2,1,0,1,1,0,1,0,0,0,0,0,0,1,1,1,0,0,1,0,1,0,2,0,1,0,2,0,1,0,2,1,0,0,1,0,1,0,0,2
2124,14,4,0.217494192,0,61012,0,0,1,4,0,0,0,1,0,1,5,3,5,5,5,5,5,5,5,5,2,2,2,3,2,2,2,2,2,3,3,3,1.136749659,0.736849902,0.895368946,1,0,1,0,3,0,0,1,0,0,2,0,4,1,0,1,0,1,2,0,0,0,0,0,0,1,1,1,0,0,1,1,0,0,1,0,1,0,2,1,0,0,1,1,0,0,1,1,0,0,0,1
2125,44,4,0.220155091,0,37160,0,1,0,2,0,1,0,0,0,2,3,3,4,5,2,2,1,5,5,4,1,1,1,1,2,2,1,1,3,4,2,4,-0.484340038,0.452132481,-0.922606659,1,0,0,1,4,0,0,1,0,0,2,0,4,1,0,1,1,0,1,0,1,0,0,0,0,1,1,1,0,0,1,1,0,0,1,1,0,0,1,0,1,0,2,1,0,0,1,1,0,0,0,1
2131,29,2,0.004197976,1,89107,1,0,0,3,0,0,1,0,0,5,3,2,4,5,3,3,5,5,5,5,2,2,2,3,2,2,3,1,2,3,3,3,0.055496795,0.135414489,0.162824619,1,1,0,0,2,0,0,0,1,0,2,0,2,0,1,2,0,1,2,0,0,0,1,0,1,-9,0,0,0,1,3,0,0,1,3,0,0,1,3,0,1,0,2,1,0,0,1,0,0,1,0,3
2132,45,2,0.540124523,1,77840,1,0,0,2,0,1,0,0,0,2,5,2,4,5,1,2,1,4,4,2,2,1,2,1,2,2,1,2,3,3,2,3,0.160487043,-0.058110901,-1.207532438,1,0,1,0,3,1,1,1,0,0,2,0,4,1,0,1,0,1,2,0,0,0,0,1,0,-9,0,0,0,1,3,0,0,1,3,0,0,1,3,0,1,0,2,1,0,0,1,0,1,0,0,2
2133,26,4,0.554813386,0,63361,0,1,0,3,0,0,1,0,0,2,4,3,1,5,3,3,1,5,4,3,1,1,1,4,2,2,1,1,3,3,2,3,0.153237428,0.272222855,-0.988065728,0,0,0,1,4,0,0,1,0,0,2,0,4,1,0,1,0,1,2,0,0,0,0,1,0,1,1,1,0,0,1,1,0,0,1,1,0,0,1,0,1,0,2,1,0,0,1,1,0,0,0,1
2134,11,4,5.748856593,0,30180,0,1,0,2,0,1,0,0,0,2,2,3,4,4,3,3,3,4,4,4,3,2,3,2,3,2,2,2,2,4,4,3,-0.04884953,-0.073055365,0.084215399,1,0,0,1,4,0,0,0,1,0,2,0,2,1,0,1,1,0,1,0,0,0,0,0,0,1,1,1,0,0,1,1,0,0,1,0,1,0,2,0,1,0,2,1,0,0,1,1,0,0,0,1
2136,15,4,0.786044621,0,46803,0,1,0,3,0,0,1,0,0,3,4,3,4,4,2,3,3,3,3,3,2,2,2,4,2,2,1,2,2,3,3,3,-1.744139477,-0.96317725,0.29988996,0,0,1,1,4,0,0,1,0,0,2,0,4,1,0,1,0,0,3,0,0,0,0,1,0,1,1,0,1,0,2,0,0,1,3,1,0,0,1,0,0,1,3,1,0,0,1,0,0,0,1,4
2137,36,4,0.234887185,0,43222,1,0,0,2,0,1,0,0,0,3,5,2,3,4,2,2,1,3,3,3,2,2,1,4,2,2,1,2,2,4,3,4,0.006744146,-0.587714228,-0.056641795,0,0,0,1,4,0,0,1,0,0,2,0,4,1,0,1,0,1,2,0,0,0,0,1,0,-9,0,0,0,0,0,0,0,0,0,0,0,0,0,0,0,0,0,0,0,0,0,0,0,0,0,0
2138,26,4,0.513970221,0,64505,0,1,0,2,0,1,0,0,0,3,3,2,3,3,3,3,3,3,3,3,1,1,1,1,1,1,1,1,1,1,1,1,-1.02643072,-0.642342101,-2.788092068,1,0,0,0,1,0,0,1,0,0,2,0,4,1,0,1,0,1,2,0,0,0,0,1,0,-9,0,1,0,0,1,1,0,0,1,0,1,0,2,0,0,1,3,1,0,0,1,1,0,0,0,1
2141,13,4,7.05E-08,0,83811,0,0,1,3,0,0,1,0,0,3,4,3,3,5,1,4,1,5,2,2,2,2,2,4,2,2,2,2,3,2,2,1,-1.43803875,1.032454646,-0.001466968,1,0,0,1,4,0,0,1,0,0,2,0,4,1,0,1,0,1,2,0,1,0,0,0,0,0,0,1,0,0,1,1,0,0,1,1,0,0,1,0,0,1,3,1,0,0,1,1,0,0,0,1
2142,24,4,1.836884333,0,56082,0,1,0,3,0,0,1,0,0,2,5,1,5,4,1,1,5,5,5,2,3,2,2,1,3,1,2,1,3,1,2,1,1.245158045,-0.203887199,1.086386254,0,0,0,1,4,0,0,1,0,0,2,0,4,1,0,1,0,1,2,0,0,0,0,1,0,-9,0,1,0,0,1,0,1,0,2,0,1,0,2,0,0,1,3,1,0,0,1,1,0,0,0,1
2144,7,4,0.622789647,0,6779,0,1,0,3,0,0,1,0,0,2,5,3,5,4,1,2,1,5,4,3,2,2,2,4,2,2,2,2,2,3,3,3,0.370046975,-0.316544189,1.410819521,0,0,0,1,4,1,1,1,0,0,2,0,4,0,1,2,0,1,2,0,0,0,0,1,0,-9,0,0,1,0,2,0,1,0,2,1,0,0,1,1,0,0,1,1,0,0,1,0,0,1,0,3
2146,11,4,0.603540298,0,31522,0,1,0,1,1,0,0,0,0,2,1,0,5,4,1,1,1,3,4,3,2,2,2,4,2,2,2,2,2,4,3,4,0.159285428,0.193793435,-0.545042998,0,0,0,1,4,0,0,1,0,0,2,0,4,0,1,2,0,1,2,0,0,0,0,1,0,-9,0,1,0,0,1,0,0,1,3,1,0,0,1,0,1,0,2,1,0,0,1,0,1,0,0,2
2147,10,4,0.772960156,1,32713,0,1,0,1,1,0,0,0,0,2,2,2,4,5,2,3,1,4,5,4,1,1,1,1,2,2,1,1,3,2,2,2,1.323783693,0.54742994,0.996406734,1,0,0,1,4,0,0,1,0,0,2,0,4,0,1,2,0,1,2,0,0,0,0,1,0,-9,0,1,0,0,1,1,0,0,1,0,1,0,2,0,0,1,3,0,1,0,2,0,1,0,0,2
2149,50,4,8.408255091,0,26330,0,0,1,2,0,1,0,0,0,3,3,3,5,5,2,2,2,4,4,4,1,2,2,4,2,2,1,2,3,2,2,4,0.086700846,-0.013199229,-2.289915518,1,0,0,1,4,0,0,1,0,0,2,0,4,0,1,2,0,1,2,0,0,0,0,1,0,1,1,1,0,0,1,1,0,0,1,1,0,0,1,1,0,0,1,1,0,0,1,1,0,0,0,1
2152,42,3,0.466471314,0,29445,0,1,0,2,0,1,0,0,0,1,3,4,2,3,3,4,3,3,3,3,2,3,3,3,2,2,3,2,3,2,2,3,-0.551210153,0.220675199,-0.523943288,1,1,0,0,2,1,1,1,0,0,2,0,4,1,0,1,1,0,1,0,1,0,0,0,0,-9,0,0,1,0,2,1,0,0,1,0,1,0,2,1,0,0,1,1,0,0,1,1,0,0,0,1
2160,18,4,1.009445941,0,42345,0,1,0,2,0,1,0,0,0,2,3,3,5,4,3,1,1,3,4,3,2,2,1,1,1,2,2,2,2,4,3,4,-0.420883058,-0.455627549,-0.040160672,1,1,0,0,2,0,0,1,0,0,2,0,4,1,0,1,0,0,3,1,0,0,0,1,0,-9,0,1,0,0,1,1,0,0,1,0,1,0,2,0,1,0,2,1,0,0,1,1,0,0,0,1
2161,46,4,0.000479156,0,84790,0,1,0,3,0,0,1,0,0,2,6,3,3,3,3,3,3,3,3,3,2,2,2,4,2,2,2,2,2,2,2,3,-0.835053103,0.202324118,-1.052379755,1,0,1,0,3,0,0,1,0,0,2,0,4,1,0,1,1,0,1,0,1,0,0,1,1,-9,0,1,0,0,1,0,0,1,3,0,0,1,3,0,0,1,3,1,0,0,1,0,1,0,0,2
2166,23,4,0.310279069,0,49503,1,0,0,2,0,1,0,0,0,2,5,2,4,4,2,2,3,3,4,3,2,2,2,4,2,2,2,2,2,4,3,4,-0.057249695,-0.855720553,-1.143547499,1,0,0,1,4,0,0,0,1,0,2,0,2,1,0,1,1,0,1,0,1,0,0,1,0,-9,0,0,0,1,3,0,0,1,3,0,0,1,3,0,1,0,2,0,0,1,3,0,0,0,1,4
2169,36,4,1.734640961,0,45202,1,0,0,2,0,1,0,0,0,2,2,3,5,5,1,1,1,4,5,1,1,2,2,4,2,2,2,2,2,4,2,4,1.272209659,-1.176677386,0.385453968,0,0,1,0,3,0,0,1,0,0,2,0,4,1,0,1,1,0,1,0,0,0,0,0,1,1,1,0,0,1,3,0,0,1,3,0,0,1,3,0,0,1,3,0,0,1,3,0,0,0,1,4
2172,14,4,0.152485879,0,62901,0,1,0,3,0,0,1,0,0,2,5,5,3,5,4,2,1,5,5,3,2,2,2,1,2,2,2,2,2,1,2,4,1.560618075,-1.120793339,-1.458860934,0,0,1,0,3,0,0,0,1,0,2,0,2,1,0,1,0,0,3,0,1,0,0,1,1,-9,0,0,1,0,2,0,0,1,3,1,0,0,1,0,0,1,3,1,0,0,1,0,1,0,0,2
2173,49,4,0.065248943,0,98373,0,1,0,5,0,0,0,0,1,3,4,4,3,4,5,4,4,5,5,5,1,1,1,1,2,2,1,1,2,3,3,3,-0.64876646,0.810382418,0.220455336,0,0,1,0,3,0,0,0,1,0,2,0,2,1,0,1,1,0,1,0,1,0,0,0,1,-9,0,0,1,0,2,0,1,0,2,0,1,0,2,0,0,1,3,1,0,0,1,0,0,1,0,3
2175,51,2,1.223560933,0,53154,0,1,0,3,0,0,1,0,0,2,5,4,2,5,1,1,1,3,4,4,1,2,3,1,3,2,1,2,2,4,3,4,0.773753983,-1.734702697,0.037844126,1,0,1,1,4,0,0,1,0,0,2,0,4,0,1,2,0,1,2,0,0,0,0,0,0,1,1,1,0,0,1,0,1,0,2,0,1,0,2,1,0,0,1,1,0,0,1,0,1,0,0,2
2176,36,4,3.290091801,0,45123,0,1,0,2,0,1,0,0,0,3,4,3,4,5,3,3,2,5,5,3,1,3,1,1,2,2,2,2,3,4,2,3,-0.885124107,0.178032134,1.022686692,1,1,0,0,2,0,0,1,0,0,2,0,4,1,0,1,0,0,3,1,0,0,0,1,0,-9,0,1,0,0,1,0,1,0,2,0,1,0,2,0,1,0,2,1,0,0,1,1,0,0,0,1
2177,45,4,1.613019472,0,76888,0,0,1,2,0,1,0,0,0,3,2,3,4,3,1,2,1,3,4,4,2,1,2,4,2,2,2,2,2,3,3,3,1.118086539,-0.572732554,-1.235050704,1,0,1,0,3,1,1,1,0,0,2,0,4,1,0,1,1,0,1,0,0,0,0,1,0,1,1,1,0,0,1,1,0,0,1,1,0,0,1,1,0,0,1,1,0,0,1,1,0,0,0,1
2179,49,4,0.063667897,0,98686,0,1,0,2,0,1,0,0,0,1,3,3,3,4,2,3,2,5,5,4,2,2,2,4,2,2,2,2,2,3,2,3,0.507909421,0.934816698,0.108438036,1,0,0,1,4,1,1,1,0,0,2,0,4,0,1,2,1,0,1,0,0,0,0,1,0,1,1,0,1,0,2,0,1,0,2,0,0,1,3,0,1,0,2,1,0,0,1,0,1,0,0,2
2180,39,2,0.203568912,0,15215,0,1,0,3,0,0,1,0,0,2,3,0,4,2,2,4,2,4,4,4,3,1,1,2,2,2,2,2,1,2,2,2,0.404567567,0.017791466,0.529007122,0,1,0,0,2,0,0,1,0,0,2,0,4,1,0,1,0,1,2,0,0,0,1,1,0,1,1,0,1,0,2,0,0,1,3,0,0,1,3,0,0,1,3,1,0,0,1,0,0,0,1,4
2182,7,2,0.128871037,0,6611,0,1,0,2,0,1,0,0,0,3,5,4,4,4,1,1,1,4,4,2,3,1,3,2,3,3,2,1,3,2,2,3,0.494555054,-0.403822515,-0.324731631,1,0,0,1,4,0,1,1,0,0,2,0,4,1,0,1,0,1,2,0,0,0,1,1,0,1,1,1,0,0,1,0,1,0,2,0,0,1,3,1,0,0,1,1,0,0,1,0,1,0,0,2
2183,3,4,0.004736576,1,85032,0,1,0,1,1,0,0,0,0,2,4,1,5,4,1,1,1,1,5,5,2,2,3,4,2,2,2,2,2,4,2,2,1.393078225,1.112338881,-0.344671333,1,0,0,1,4,0,0,1,0,0,2,0,4,1,0,1,0,0,3,0,0,0,0,1,0,1,1,0,0,1,3,0,1,0,2,0,0,1,3,0,0,1,3,1,0,0,1,0,0,0,1,4
2184,26,2,0.758096977,0,64118,0,1,0,3,0,0,1,0,0,4,2,2,2,4,2,4,2,4,4,4,1,1,3,4,3,1,3,1,3,1,2,3,-0.122392527,-0.010003529,-0.471229403,1,0,1,0,3,0,0,0,1,0,2,0,2,0,1,2,1,0,1,0,0,0,0,1,0,-9,0,0,1,0,2,0,1,0,2,0,1,0,2,0,1,0,2,1,0,0,1,0,0,1,0,3
2188,15,4,0.195716831,0,46016,0,1,0,1,1,0,0,0,0,2,3,0,4,4,2,2,2,4,4,2,2,2,2,3,2,2,2,2,2,4,3,4,-0.751879092,-0.968021051,0.339941406,1,1,0,0,2,0,0,1,0,0,2,0,4,1,0,1,0,0,3,1,0,0,0,1,1,-9,0,0,1,0,2,0,1,0,2,1,0,0,1,0,1,0,2,1,0,0,1,0,1,0,0,2
2193,51,4,0.260825354,0,54302,0,1,0,4,0,0,0,1,0,2,5,3,5,1,1,1,4,4,1,4,2,2,2,3,2,2,2,2,2,3,3,3,1.010337431,0.933864003,0.560312583,1,0,1,0,3,1,1,1,0,0,2,0,4,1,0,1,1,0,1,0,0,0,0,0,0,-9,0,0,1,0,2,0,1,0,2,0,0,1,3,0,1,0,2,1,0,0,1,1,0,0,0,1
2196,36,4,0.507257844,0,44053,0,1,0,2,0,1,0,0,0,3,4,3,4,4,4,5,4,5,5,4,1,3,3,1,2,2,1,2,3,2,2,2,0.999777076,1.390897187,0.719030836,1,0,0,1,4,0,0,1,0,0,2,0,4,1,0,1,1,0,1,0,0,0,0,1,0,-9,0,0,1,0,2,1,0,0,1,0,1,0,2,0,0,1,3,1,0,0,1,1,0,0,0,1
2199,37,4,10.87824252,0,73071,0,1,0,1,1,0,0,0,0,1,5,5,5,5,3,3,2,5,5,5,2,2,3,1,3,2,2,2,3,4,2,3,-0.098367615,-0.813436464,-0.026426003,1,1,0,0,2,0,0,1,0,0,2,0,4,0,1,2,0,1,2,0,0,0,0,0,0,-9,0,0,1,0,2,0,0,1,3,1,0,0,1,0,1,0,2,1,0,0,1,0,0,1,0,3
2201,44,4,0.950756779,0,38261,0,1,0,2,0,1,0,0,0,3,3,4,5,5,1,5,5,4,4,3,1,2,2,4,2,2,1,2,2,4,2,4,0.267521032,-1.128072008,0.579878016,1,0,1,1,4,0,0,1,0,0,2,0,4,0,1,2,0,1,2,0,0,0,0,1,0,1,1,1,0,0,1,1,0,0,1,0,1,0,2,0,1,0,2,1,0,0,1,1,0,0,0,1
2202,23,2,5.207120605,0,48126,1,0,0,5,0,0,0,0,1,4,4,4,4,5,4,3,3,5,4,4,2,3,3,2,3,3,3,2,3,4,3,4,-1.29151276,0.085626344,1.552802595,1,0,1,1,4,0,1,1,0,0,2,0,4,0,0,3,0,1,2,0,0,0,0,1,0,-9,0,0,0,1,3,0,0,1,3,0,1,0,2,0,0,1,3,1,0,0,1,0,0,0,1,4
2203,49,4,0.004103103,0,98596,0,0,1,1,1,0,0,0,0,1,2,1,5,4,1,1,1,2,3,2,2,2,2,4,2,2,2,2,2,4,3,2,0.374788279,-0.557156506,-0.575942206,0,0,0,1,4,0,0,1,0,0,2,0,4,0,1,2,0,1,2,0,0,0,0,1,0,-9,0,1,0,0,1,1,0,0,1,0,1,0,2,1,0,0,1,1,0,0,1,1,0,0,0,1
2204,15,4,0.337276019,0,46074,0,1,0,2,0,1,0,0,0,3,4,3,2,4,3,3,2,3,3,3,2,2,2,4,2,2,2,2,2,3,2,4,-0.367249604,0.211872567,-1.533698383,1,0,1,0,3,0,0,1,0,0,2,0,4,1,0,1,0,1,2,0,1,0,0,0,0,1,1,1,0,0,1,0,1,0,2,0,0,1,3,0,0,1,3,1,0,0,1,0,1,0,0,2
2207,11,4,0.24121284,0,30066,0,1,0,2,0,1,0,0,0,2,3,3,3,5,1,1,1,4,3,3,2,1,1,4,2,2,1,2,3,4,4,4,-1.233677753,-1.710598446,-1.448187138,1,0,1,1,4,0,0,1,0,0,2,0,4,1,0,1,0,1,2,0,0,0,0,1,0,-9,0,1,0,0,1,0,1,0,2,0,0,1,3,0,0,1,3,1,0,0,1,1,0,0,0,1
2208,38,4,9.59E-06,0,97501,0,1,0,3,0,0,1,0,0,3,2,3,5,5,2,2,2,4,5,3,2,2,2,4,2,2,2,2,2,4,3,4,0.616844815,-2.501901792,0.63671562,1,0,0,1,4,1,1,1,0,0,2,0,4,1,0,1,1,0,1,0,1,0,0,0,1,1,1,0,1,0,2,0,0,1,3,0,1,0,2,0,0,1,3,1,0,0,1,0,0,0,1,4
2210,21,2,0.266132015,0,21212,1,0,0,2,0,1,0,0,0,2,6,3,4,5,3,2,3,5,3,4,1,2,2,4,3,1,2,1,3,4,2,1,-0.364362579,0.421498812,-1.4509389,1,0,0,1,4,1,1,0,1,0,2,0,2,0,1,2,0,1,2,0,0,0,1,0,0,1,1,0,0,1,3,0,1,0,2,1,0,0,1,0,1,0,2,0,1,0,2,0,0,0,1,4
2213,22,2,0.727623251,0,2125,1,0,0,4,0,0,0,1,0,4,3,4,1,5,1,1,1,5,5,5,1,1,2,4,2,2,2,1,3,1,2,1,0.834692208,0.387129523,-0.429742345,1,0,1,0,3,0,0,0,1,0,2,0,2,1,0,1,0,1,2,0,0,0,0,0,1,1,1,0,0,1,3,0,0,1,3,0,0,1,3,0,0,1,3,0,0,1,3,0,0,0,1,4
2214,6,4,2.90E-05,0,80110,0,1,0,2,0,1,0,0,0,3,4,3,4,4,2,4,2,3,2,2,1,1,3,3,3,2,2,2,3,3,2,3,0.380190059,-0.411343754,-0.097771526,1,0,1,0,3,0,0,1,0,0,2,0,4,1,0,1,1,0,1,0,0,0,0,0,1,-9,0,0,1,0,2,0,0,1,3,0,1,0,2,1,0,0,1,0,1,0,2,0,0,0,1,4
2216,32,4,0.00043405,0,87401,0,1,0,5,0,0,0,0,1,3,2,2,4,3,3,3,4,5,5,5,2,2,2,3,2,2,2,2,3,3,2,2,-1.442351001,0.743207683,0.029163914,1,0,1,0,3,0,0,1,0,0,2,0,4,1,0,1,0,0,3,0,1,0,0,0,0,-9,0,1,0,0,1,0,1,0,2,0,1,0,2,0,0,1,3,1,0,0,1,0,0,1,0,3
2219,44,3,0.855970555,0,37191,0,0,1,4,0,0,0,1,0,4,5,5,3,5,5,5,5,5,3,4,1,2,2,3,2,2,2,2,2,2,2,2,0.566852554,1.303161305,1.060393695,1,0,0,0,1,0,0,0,1,0,2,0,2,1,0,1,0,1,2,0,0,0,0,0,0,1,1,1,0,0,1,1,0,0,1,1,0,0,1,0,1,0,2,1,0,0,1,1,0,0,0,1
2220,10,4,3.937776171,0,32571,0,1,0,2,0,1,0,0,0,2,5,4,3,5,2,2,1,4,4,4,1,3,2,4,2,2,1,2,3,4,2,4,0.209898615,-0.060091526,-0.505275192,1,0,0,1,4,0,0,1,0,0,1,1,1,1,0,1,1,0,1,0,1,0,0,1,0,-9,0,1,0,0,1,1,0,0,1,0,1,0,2,0,0,1,3,1,0,0,1,1,0,0,0,1
2221,45,4,0.196871732,1,77503,0,1,0,4,0,0,0,1,0,3,5,5,1,5,3,3,1,5,5,3,2,2,2,1,2,2,1,2,2,4,3,4,0.270339415,-0.310380008,-0.6808064,1,0,0,1,4,0,0,1,0,0,2,0,4,1,0,1,0,1,2,0,0,0,0,1,0,-9,0,0,1,0,2,0,0,1,3,0,0,1,3,0,0,1,3,1,0,0,1,1,0,0,0,1
2223,24,4,1.52697769,0,55811,0,1,0,2,0,1,0,0,0,1,4,2,4,3,1,1,1,5,3,3,2,2,2,4,2,2,2,2,2,4,3,4,-0.003127339,-0.338049366,0.215644448,0,0,0,1,4,1,1,1,0,0,2,0,4,0,0,3,0,1,2,0,0,0,0,1,0,-9,0,1,0,0,1,0,1,0,2,1,0,0,1,0,1,0,2,1,0,0,1,0,0,1,0,3
2225,45,4,0.21383748,1,77073,0,1,0,5,0,0,0,0,1,4,3,3,3,4,3,4,4,4,4,3,1,1,1,1,2,2,1,2,3,1,2,4,0.658503743,-1.231655892,-0.797494753,1,0,0,1,4,0,0,1,0,0,2,0,4,1,0,1,1,0,1,0,0,0,0,0,0,-9,0,0,1,0,2,0,0,1,3,0,0,1,3,0,0,1,3,1,0,0,1,0,1,0,0,2
2229,48,4,1.775532983,0,24293,0,1,0,5,0,0,0,0,1,3,5,5,2,5,4,5,1,5,5,4,1,2,3,4,2,2,2,3,3,2,2,3,1.203443891,-1.486437563,-0.202140762,1,0,1,0,3,0,0,1,0,0,2,0,4,1,0,1,0,1,2,0,1,0,0,0,1,-9,0,1,0,0,1,1,0,0,1,0,1,0,2,0,0,1,3,1,0,0,1,1,0,0,0,1
2230,14,2,0.134536221,0,62450,0,1,0,5,0,0,0,0,1,2,6,2,4,5,3,3,1,5,5,3,1,1,2,4,2,2,2,3,3,3,2,4,0.195668469,-0.139440394,-0.248007193,1,1,0,0,2,0,0,1,0,0,2,0,4,1,0,1,0,0,3,1,0,0,1,0,0,1,1,1,0,0,1,1,0,0,1,0,1,0,2,0,0,1,3,1,0,0,1,1,0,0,0,1
2231,14,2,0.695192217,0,60619,0,1,0,3,0,0,1,0,0,3,4,5,4,4,4,4,4,4,4,4,2,2,2,4,2,2,2,2,2,4,2,4,-1.003185253,0.935169646,-0.660147275,1,0,1,0,3,0,0,0,1,0,2,0,2,1,0,1,1,0,1,0,0,0,1,0,1,1,1,0,0,1,3,0,1,0,2,0,1,0,2,1,0,0,1,0,0,1,3,0,0,1,0,3
2232,28,4,0.259506954,0,68112,0,1,0,1,1,0,0,0,0,3,4,2,4,4,1,1,1,4,4,3,2,2,2,1,2,2,1,1,3,4,2,3,0.176795878,-0.422740244,0.163188455,1,0,1,0,3,0,0,0,1,0,2,0,2,1,0,1,0,0,3,1,0,0,0,0,1,-9,0,0,1,0,2,0,1,0,2,1,0,0,1,0,1,0,2,1,0,0,1,0,0,1,0,3
2233,30,1,2.449942901,0,3824,0,1,0,3,0,0,1,0,0,2,4,3,3,3,2,2,2,5,4,4,1,2,2,1,3,2,2,2,2,4,3,3,0.042828929,1.278560851,0.057083351,1,1,0,0,2,1,1,0,0,0,2,0,5,0,0,0,0,1,2,0,0,0,0,1,0,0,0,0,1,0,2,0,0,1,3,0,1,0,2,0,0,1,3,0,0,1,3,1,0,0,0,1
2235,14,4,0.192073999,0,60619,0,1,0,3,0,0,1,0,0,2,4,4,2,5,2,2,2,5,5,4,1,1,1,1,2,2,2,1,3,1,2,4,-0.38095551,-0.180904809,0.567573647,1,0,0,1,4,0,0,0,1,0,2,0,2,1,0,1,1,0,1,0,0,0,0,1,1,0,0,0,0,1,3,0,1,0,2,0,1,0,2,1,0,0,1,0,0,1,3,0,0,1,0,3
2236,33,2,3.224800548,0,10128,1,0,0,3,0,0,1,0,0,3,4,4,2,4,3,3,4,4,4,4,2,2,2,2,2,2,2,1,3,3,3,2,0.49457445,0.667166483,-0.01277231,1,0,0,1,4,0,1,1,0,0,2,0,4,0,0,3,0,1,2,0,0,0,1,0,0,-9,0,0,0,1,3,0,0,1,3,0,0,1,3,0,0,1,3,0,0,1,3,0,0,1,0,3
2237,39,4,0.927081116,0,15132,1,0,0,3,0,0,1,0,0,2,5,2,3,5,2,3,1,5,4,3,2,2,2,4,2,2,2,1,3,3,3,4,0.459539601,-1.819171574,-0.277523042,1,0,1,0,3,0,0,1,0,0,2,0,4,1,0,1,0,1,2,0,1,0,0,0,1,-9,0,0,0,1,3,0,1,0,2,1,0,0,1,0,1,0,2,1,0,0,1,0,0,0,1,4
2239,10,4,0.251364936,0,32221,0,1,0,3,0,0,1,0,0,3,3,3,4,5,3,4,1,5,5,4,3,1,2,2,3,2,1,3,3,2,2,4,-0.569335335,-0.193771353,0.334906305,1,0,0,1,4,0,0,1,0,0,2,0,4,1,0,1,1,0,1,0,0,0,0,0,1,0,0,1,0,0,1,0,1,0,2,0,0,1,3,0,0,1,3,1,0,0,1,0,1,0,0,2
2241,11,2,1.285118685,0,30817,0,0,1,2,0,1,0,0,0,1,4,3,5,4,1,1,1,5,5,5,2,2,2,4,3,2,2,2,2,1,2,3,1.140789493,0.370388505,0.828303785,0,0,1,0,3,0,0,1,0,0,2,0,4,1,0,1,0,1,2,0,0,0,0,1,0,1,1,1,0,0,1,1,0,0,1,1,0,0,1,1,0,0,1,1,0,0,1,1,0,0,0,1
2242,5,4,2.90E-05,1,91722,1,0,0,1,1,0,0,0,0,2,1,0,5,5,1,1,1,1,3,3,2,2,2,4,2,2,2,2,3,3,3,4,1.530726255,-2.422684023,1.326539886,1,1,0,0,2,0,0,1,0,0,2,0,4,1,0,1,1,0,1,0,1,0,0,0,1,-9,0,0,0,1,3,0,0,1,3,0,1,0,2,0,0,1,3,0,1,0,2,0,0,0,1,4
2244,26,4,0.711969987,0,64744,0,0,1,1,1,0,0,0,0,3,4,3,2,5,1,1,1,4,3,1,2,2,3,4,2,2,2,2,3,4,2,4,-1.95900662,-0.326345027,-1.694923289,1,0,1,0,3,0,0,1,0,0,2,0,4,1,0,1,1,0,1,0,1,0,0,1,1,1,1,1,0,0,1,1,0,0,1,1,0,0,1,0,1,0,2,1,0,0,1,1,0,0,0,1
2245,20,4,0.696681183,0,4401,0,1,0,2,0,1,0,0,0,2,5,1,4,4,2,1,1,5,5,5,2,2,2,4,2,2,2,2,2,4,2,2,1.315338316,0.78717213,0.916356431,0,0,0,1,4,0,0,1,0,0,2,0,4,0,1,2,0,1,2,0,0,0,0,0,0,-9,0,0,1,0,2,0,0,1,3,0,1,0,2,0,0,1,3,1,0,0,1,0,1,0,0,2
2246,39,4,0.494296851,0,17020,0,1,0,2,0,1,0,0,0,2,4,3,3,3,3,3,3,4,3,3,1,1,1,1,3,1,3,1,3,2,2,1,-0.675051503,0.009855204,-1.378854799,1,0,0,1,4,0,0,1,0,0,2,0,4,1,0,1,1,0,1,0,0,0,0,0,0,-9,0,1,0,0,1,1,0,0,1,0,1,0,2,1,0,0,1,1,0,0,1,1,0,0,0,1
2247,45,2,1.095667856,1,76006,1,0,0,2,0,1,0,0,0,2,2,3,4,4,4,3,3,3,3,3,2,2,2,3,2,2,2,2,2,3,3,3,-1.782400546,-0.433098265,-0.486154644,0,0,1,0,3,0,0,1,0,0,2,0,4,1,0,1,1,0,1,0,0,0,1,1,0,1,1,0,0,1,3,0,0,1,3,0,0,1,3,1,0,0,1,1,0,0,1,0,1,0,0,2
2248,34,4,0.413106636,0,27040,0,1,0,3,0,0,1,0,0,3,4,4,3,4,2,2,2,4,4,4,2,2,2,4,2,2,2,2,2,4,3,4,0.694685858,0.544174273,0.960279119,1,0,0,1,4,1,1,1,0,0,2,0,4,1,0,1,1,0,1,0,1,0,0,1,0,1,1,1,0,0,1,1,0,0,1,1,0,0,1,0,0,1,3,1,0,0,1,1,0,0,0,1
2249,15,4,0.418924904,0,46901,0,1,0,1,1,0,0,0,0,1,5,3,4,5,1,1,1,3,4,1,1,1,2,4,2,2,1,2,3,4,2,4,0.45485769,-0.823387168,0.227131592,1,0,0,1,4,0,0,1,0,0,2,0,4,0,1,2,0,1,2,0,0,0,0,0,0,1,1,0,1,0,2,0,1,0,2,0,1,0,2,0,1,0,2,1,0,0,1,1,0,0,0,1
2251,51,4,0.151820005,0,53555,0,1,0,1,1,0,0,0,0,2,4,2,2,5,2,2,2,3,4,3,1,1,2,2,2,2,2,2,3,4,3,3,-0.021556334,-0.42431579,0.06132215,0,0,0,1,4,0,1,1,0,0,2,0,4,1,0,1,0,1,2,0,1,0,0,0,0,-9,0,1,0,0,1,1,0,0,1,0,1,0,2,0,0,1,3,1,0,0,1,1,0,0,0,1
2252,24,4,0.51797952,0,56425,0,1,0,1,1,0,0,0,0,1,5,2,4,4,1,1,1,3,4,1,2,2,2,4,2,2,2,2,2,4,2,4,0.00240447,-0.955140027,0.012845548,1,0,0,1,4,0,1,1,0,0,2,0,4,0,1,2,1,0,1,0,0,0,0,1,0,-9,0,1,0,0,1,1,0,0,1,0,0,1,3,0,1,0,2,1,0,0,1,1,0,0,0,1
2254,7,4,0.340058495,0,6405,0,1,0,4,0,0,0,1,0,2,5,5,5,5,3,3,3,5,5,4,2,2,2,4,2,2,2,2,3,3,2,3,1.181220065,-0.696518809,0.354385665,1,0,0,1,4,0,0,1,0,0,2,0,4,1,0,1,0,1,2,0,0,0,0,1,0,-9,0,1,0,0,1,0,1,0,2,0,1,0,2,0,1,0,2,0,1,0,2,0,1,0,0,2
2258,48,2,0.814342895,0,23523,0,1,0,4,0,0,0,1,0,4,3,5,1,3,4,3,1,4,3,4,3,3,3,2,2,2,3,3,2,4,2,4,-0.44189354,-0.523672238,0.808534594,0,1,0,0,2,0,0,0,1,0,2,0,2,1,0,1,1,0,1,0,0,0,1,0,0,1,1,0,1,0,2,0,1,0,2,0,0,1,3,0,1,0,2,0,0,1,3,0,0,0,1,4
2261,3,4,0.038948414,1,85041,0,1,0,2,0,1,0,0,0,2,4,2,4,5,2,2,1,4,5,5,2,2,3,4,2,2,2,2,3,4,2,3,-1.252823845,-1.491333912,0.607299821,1,1,0,0,2,0,0,1,0,0,2,0,4,1,0,1,0,1,2,1,1,0,0,0,1,1,1,0,0,1,3,1,0,0,1,1,0,0,1,1,0,0,1,1,0,0,1,0,0,1,0,3
2263,14,2,1.355399601,0,60637,1,0,0,2,0,1,0,0,0,2,5,3,5,5,5,4,4,5,4,4,3,3,3,2,3,3,1,1,1,1,1,1,0.781097635,1.370105223,0.516297497,0,0,1,0,3,0,0,0,1,0,2,0,2,0,1,2,1,0,1,0,0,0,1,0,0,-9,0,0,0,1,3,0,0,1,3,0,1,0,2,1,0,0,1,0,0,1,3,0,0,0,1,4
2264,50,4,0.090110644,0,25705,0,1,0,3,0,0,1,0,0,3,5,4,2,5,2,1,1,4,4,2,1,1,3,3,2,2,1,1,2,4,2,4,-1.867289081,-1.13026969,0.35471819,1,0,0,1,4,0,0,1,0,0,2,0,4,0,1,2,1,0,1,0,1,0,0,0,1,-9,0,0,1,0,2,0,1,0,2,0,1,0,2,0,0,1,3,1,0,0,1,0,1,0,0,2
2265,26,2,0.505522002,0,64772,0,1,0,4,0,0,0,1,0,3,4,3,2,4,4,4,2,4,4,5,1,1,3,2,3,1,1,1,3,2,2,2,0.663828788,-0.62478315,-0.162813949,0,1,0,0,2,0,0,1,0,0,2,0,4,0,1,2,0,0,3,1,0,1,1,1,0,1,1,1,0,0,1,0,1,0,2,1,0,0,1,0,1,0,2,1,0,0,1,0,1,0,0,2
2270,13,4,43.87478752,0,83401,0,1,0,4,0,0,0,1,0,3,4,3,4,5,1,3,2,4,3,3,2,1,1,4,2,2,2,2,2,3,4,4,-1.274593782,-1.581761818,-1.286753992,1,0,1,0,3,0,0,1,0,0,2,0,4,1,0,1,0,1,2,0,1,0,0,0,0,-9,0,0,1,0,2,0,1,0,2,0,1,0,2,0,1,0,2,1,0,0,1,1,0,0,0,1
2271,19,2,0.978888931,0,70586,0,1,0,1,1,0,0,0,0,4,3,3,3,3,3,3,3,3,3,3,1,1,1,1,2,1,1,1,1,1,1,1,-0.849085224,0.243209007,-1.040977825,1,0,0,1,4,0,0,1,0,0,2,0,4,1,0,1,1,0,1,0,1,0,0,1,0,1,1,1,0,0,1,1,0,0,1,1,0,0,1,0,1,0,2,1,0,0,1,1,0,0,0,1
2272,11,4,0.164779496,0,30064,0,1,0,2,0,1,0,0,0,2,4,3,2,5,1,1,2,5,1,1,1,1,1,1,1,1,1,1,3,1,2,1,1.193094598,-0.977333865,-0.259091768,1,0,0,1,4,1,1,1,0,0,2,0,4,1,0,1,0,0,3,0,0,0,0,1,0,1,1,1,0,0,1,0,0,1,3,0,1,0,2,0,0,1,3,1,0,0,1,1,0,0,0,1
2273,23,4,0.65794222,0,48858,0,1,0,2,0,1,0,0,0,1,3,0,5,5,1,1,1,5,5,3,2,2,2,4,2,2,2,2,2,1,4,1,0.885690063,-0.524930909,-0.289558958,0,0,0,1,4,0,0,1,0,0,2,0,4,1,0,1,1,0,1,0,1,0,0,0,1,-9,0,0,1,0,2,0,0,1,3,0,1,0,2,0,1,0,2,1,0,0,1,1,0,0,0,1
2274,15,4,1.644406168,0,46143,0,1,0,3,0,0,1,0,0,2,3,3,3,5,2,2,2,4,4,3,1,1,1,1,1,1,2,1,3,1,2,1,-0.673128665,-0.193791173,-0.85574394,1,0,1,0,3,0,0,1,0,0,2,0,4,1,0,1,0,0,3,1,1,0,0,1,0,1,1,0,1,0,2,0,0,1,3,0,1,0,2,0,0,1,3,1,0,0,1,0,1,0,0,2
2275,23,4,0.465906161,0,49349,0,0,1,2,0,1,0,0,0,2,4,1,4,4,1,4,1,3,4,3,2,2,2,4,2,2,2,2,2,3,3,4,0.401109326,-0.266968587,0.249879582,1,0,0,1,4,0,0,1,0,0,2,0,4,1,0,1,0,1,2,0,0,0,0,0,0,-9,0,1,0,0,1,1,0,0,1,0,1,0,2,1,0,0,1,1,0,0,1,1,0,0,0,1
2279,39,4,0.641077056,0,17502,0,1,0,2,0,1,0,0,0,3,5,3,4,2,4,5,3,5,5,4,2,2,2,4,2,2,2,2,2,4,3,4,0.506019219,-0.567261679,-0.454834621,1,0,1,0,3,0,0,1,0,0,2,0,4,1,0,1,0,1,2,0,1,0,0,0,0,-9,0,1,0,0,1,1,0,0,1,0,1,0,2,1,0,0,1,1,0,0,1,1,0,0,0,1
2280,51,4,0.211501651,0,53704,0,1,0,2,0,1,0,0,0,2,5,4,4,4,3,3,1,3,3,3,2,2,2,3,2,2,2,2,2,1,2,3,-0.591141275,-0.197870893,-0.08808137,1,0,1,0,3,0,0,1,0,0,2,0,4,1,0,1,0,1,2,0,1,0,0,0,1,-9,0,0,1,0,2,0,0,1,3,0,1,0,2,0,0,1,3,1,0,0,1,0,0,0,1,4
2282,20,4,0.20558756,0,4472,0,0,1,1,1,0,0,0,0,2,4,1,4,4,1,4,4,4,4,4,2,2,2,4,3,2,1,2,3,2,2,4,0.905537468,-0.879476356,-0.019250632,1,1,0,0,2,1,1,1,0,0,2,0,4,1,0,1,0,0,3,1,0,0,0,1,0,-9,0,1,0,0,1,1,0,0,1,1,0,0,1,1,0,0,1,1,0,0,1,1,0,0,0,1
2285,39,2,0.494753302,0,17602,1,0,0,3,0,0,1,0,0,3,5,4,4,4,3,3,3,4,4,4,1,3,3,2,3,2,2,2,3,3,3,3,-0.576219123,0.334041494,0.244141531,0,0,0,0,1,1,1,0,1,0,2,0,2,0,0,3,0,1,2,0,0,0,0,1,0,1,1,0,0,1,3,0,0,1,3,1,0,0,1,0,0,1,3,0,1,0,2,0,1,0,0,2
2286,16,4,1.011366531,0,52778,0,1,0,4,0,0,0,1,0,2,5,4,4,5,2,2,1,5,4,3,2,2,1,4,2,2,2,2,3,4,2,3,-0.116188647,-1.171692921,0.199815367,1,0,1,1,4,0,0,1,0,0,2,0,4,1,0,1,1,0,1,0,0,0,0,1,0,1,1,1,0,0,1,1,0,0,1,1,0,0,1,0,0,1,3,1,0,0,1,1,0,0,0,1
2287,51,4,0.826535989,0,53806,0,0,1,1,1,0,0,0,0,1,2,0,5,3,1,1,1,1,1,1,2,2,2,4,2,2,2,2,2,4,4,4,0.717536117,-0.528435624,0.878944962,0,0,0,1,4,0,0,1,0,0,2,0,4,0,1,2,0,1,2,0,0,0,0,1,0,-9,0,1,0,0,1,1,0,0,1,0,1,0,2,0,0,1,3,1,0,0,1,1,0,0,0,1
2288,49,4,0.256010409,0,98501,0,1,0,1,1,0,0,0,0,2,3,2,3,5,2,2,1,5,5,4,2,2,2,4,2,2,2,2,2,3,3,3,0.585969346,0.379002379,0.271048958,0,0,0,1,4,0,0,1,0,0,2,0,4,0,0,3,0,1,2,0,0,0,0,1,0,-9,0,0,1,0,2,0,0,1,3,0,0,1,3,0,1,0,2,1,0,0,1,0,0,1,0,3
2293,42,4,0.382581805,0,29588,0,1,0,2,0,1,0,0,0,2,2,1,3,3,4,3,4,4,5,3,1,3,1,1,3,1,3,1,3,1,1,1,0.081019189,-0.098031092,-0.383749609,0,0,0,1,4,1,1,1,0,0,2,0,4,1,0,1,1,0,1,0,0,0,0,1,0,1,1,1,0,0,1,1,0,0,1,1,0,0,1,0,1,0,2,1,0,0,1,1,0,0,0,1
2294,7,4,0.545867639,0,6378,0,1,0,3,0,0,1,0,0,2,5,3,4,4,2,2,2,4,4,3,2,2,2,4,2,2,2,2,2,1,1,3,-0.252853477,-0.89308672,0.498212076,0,0,0,1,4,0,1,1,0,0,2,0,4,0,0,3,0,1,2,0,0,0,0,1,0,1,1,1,0,0,1,1,0,0,1,0,1,0,2,0,0,1,3,1,0,0,1,0,1,0,0,2
2295,14,4,0.350728881,0,60466,0,1,0,1,1,0,0,0,0,1,6,4,1,5,1,1,1,5,5,2,2,2,2,4,2,2,2,2,2,4,2,4,0.094053827,-1.191059083,-0.169059212,1,0,0,1,4,0,0,0,1,0,2,0,2,1,0,1,1,0,1,0,0,0,0,0,1,1,1,0,1,0,2,1,0,0,1,1,0,0,1,1,0,0,1,0,1,0,2,0,0,1,0,3
2298,15,4,1.175605282,0,46748,0,1,0,3,0,0,1,0,0,3,4,4,4,4,2,4,1,5,5,5,2,2,2,4,2,2,2,2,3,4,3,4,0.704156189,0.275368434,-0.252805063,1,0,0,1,4,0,0,1,0,0,2,0,4,1,0,1,1,0,1,0,1,0,0,0,0,1,1,1,0,0,1,1,0,0,1,0,1,0,2,1,0,0,1,1,0,0,1,1,0,0,0,1
2299,45,4,0.238673375,1,78163,0,0,1,2,0,1,0,0,0,2,5,3,4,4,2,2,1,3,4,3,1,1,3,1,2,2,1,2,3,3,2,3,0.375561277,-0.018371214,-0.70179419,0,0,0,1,4,1,1,1,0,0,2,0,4,1,0,1,0,0,3,0,0,0,0,1,0,-9,0,1,0,0,1,1,0,0,1,0,1,0,2,0,0,1,3,1,0,0,1,1,0,0,0,1
2300,25,4,1.003975505,0,39759,0,1,0,3,0,0,1,0,0,1,3,2,3,4,3,3,2,4,5,4,1,3,3,3,2,2,1,3,2,3,2,2,0.961994463,0.392634109,-0.479617591,0,0,0,1,4,0,1,1,0,0,2,0,4,0,1,2,1,0,1,0,0,0,0,1,0,1,1,1,0,0,1,0,0,1,3,1,0,0,1,0,0,1,3,1,0,0,1,1,0,0,0,1
2301,5,1,5.656980022,0,91301,0,1,0,4,0,0,0,1,0,2,5,5,5,5,5,5,5,4,5,5,3,2,2,3,2,3,2,2,2,3,3,3,-0.038353299,1.315469233,1.124372555,1,1,0,0,2,1,1,1,0,0,2,0,4,0,0,3,0,0,3,1,0,0,0,0,0,-9,0,0,1,0,2,0,0,1,3,0,0,1,3,0,1,0,2,1,0,0,1,0,0,0,1,4
2303,48,4,1.177571902,0,20181,0,1,0,2,0,1,0,0,0,3,3,3,4,5,1,1,2,4,3,2,2,2,2,4,2,2,2,2,2,4,3,1,-0.094988416,-1.147286114,-1.041573462,0,0,0,1,4,0,1,1,0,0,2,0,4,0,0,0,0,1,2,0,1,0,0,1,0,1,1,1,0,0,1,1,0,0,1,1,0,0,1,0,1,0,2,0,1,0,2,1,0,0,0,1
2305,3,4,0.002060193,1,85201,1,0,0,2,0,1,0,0,0,3,4,3,4,4,1,1,1,4,4,1,1,1,3,1,3,2,2,1,3,4,3,4,-1.893227236,0.003145358,0.060807229,1,1,0,0,2,0,0,1,0,0,2,0,4,1,0,1,0,0,3,1,0,0,0,0,1,-9,0,0,0,1,3,0,0,1,3,0,1,0,2,0,0,1,3,0,0,1,3,0,0,0,1,4
2308,18,4,0.424077895,0,40744,0,1,0,4,0,0,0,1,0,2,3,3,2,2,3,2,2,4,4,3,1,1,1,1,1,1,3,1,1,1,1,2,-0.683792466,0.450026189,-1.031085676,0,0,0,1,4,0,0,1,0,0,2,0,4,1,0,1,1,0,1,0,0,0,0,0,0,-9,0,1,0,0,1,1,0,0,1,0,1,0,2,1,0,0,1,1,0,0,1,1,0,0,0,1
2309,25,2,0.483840792,0,39046,0,1,0,4,0,0,0,1,0,3,4,3,4,5,1,4,1,5,5,5,3,1,1,2,3,1,3,1,3,2,2,2,0.524690822,0.050831409,-0.356289699,1,1,0,0,2,0,0,0,1,0,2,0,2,1,0,1,0,0,3,1,0,1,0,1,0,1,1,1,0,0,1,1,0,0,1,1,0,0,1,1,0,0,1,1,0,0,1,1,0,0,0,1
2316,36,2,0.108538043,0,44851,0,1,0,4,0,0,0,1,0,3,4,4,4,5,1,1,1,5,4,4,3,1,1,1,1,3,3,1,3,2,2,1,1.078867224,0.795499971,1.124771701,1,0,1,0,3,1,1,1,0,0,2,0,4,1,0,1,0,1,2,0,0,0,1,1,0,1,1,1,0,0,1,1,0,0,1,0,1,0,2,0,0,1,3,1,0,0,1,1,0,0,0,1
2318,44,4,2.732890181,0,38464,0,1,0,3,0,0,1,0,0,4,3,5,3,3,3,3,3,3,3,3,2,2,2,4,2,2,2,2,2,3,3,4,-0.981023355,0.026495335,-0.873705415,1,0,1,0,3,0,0,1,0,0,2,0,4,1,0,1,0,1,2,0,1,0,0,1,0,-9,0,1,0,0,1,1,0,0,1,1,0,0,1,0,1,0,2,1,0,0,1,1,0,0,0,1
2319,42,4,0.684629331,0,29485,0,1,0,2,0,1,0,0,0,1,4,2,4,4,1,1,1,5,5,5,3,2,2,3,2,2,2,2,2,3,3,3,-2.842441351,0.648191847,-2.151877227,1,1,0,0,2,0,0,1,0,0,2,0,4,1,0,1,1,0,1,0,1,0,0,1,1,-9,0,0,1,0,2,0,1,0,2,1,0,0,1,1,0,0,1,1,0,0,1,1,0,0,0,1
2321,7,4,11.49833127,0,6120,1,0,0,1,1,0,0,0,0,1,4,2,3,5,1,3,3,3,3,3,2,2,2,3,2,2,1,2,2,3,3,3,0.376826578,-0.038107059,-0.524635748,1,0,1,0,3,0,0,0,0,0,1,1,1,0,1,2,1,0,1,0,1,0,0,0,1,-9,0,0,0,1,3,0,0,1,3,1,0,0,1,0,0,1,3,0,1,0,2,0,0,0,1,4
2323,33,4,0.878583098,0,12801,0,1,0,2,0,1,0,0,0,3,5,2,4,5,1,1,1,4,4,1,1,3,3,1,2,2,2,1,3,1,2,1,0.082985424,0.00368897,-1.068467795,1,0,1,0,3,0,0,1,0,0,2,0,4,1,0,1,1,0,1,0,0,0,0,0,0,-9,0,0,1,0,2,0,0,1,3,1,0,0,1,0,0,1,3,1,0,0,1,0,0,1,0,3
2325,45,4,0.370068592,1,75098,0,1,0,3,0,0,1,0,0,3,4,3,1,5,3,3,2,4,5,5,1,1,2,1,2,1,1,1,3,1,2,1,0.249908645,-0.338640578,-0.556257504,1,0,0,1,4,0,1,1,0,0,2,0,4,0,1,2,0,1,2,0,0,0,0,1,0,-9,0,1,0,0,1,1,0,0,1,0,1,0,2,0,0,1,3,1,0,0,1,1,0,0,0,1
2328,13,4,37.27267388,0,83318,0,1,0,3,0,0,1,0,0,1,4,5,4,5,2,2,1,4,4,4,1,1,1,1,3,1,1,1,3,1,2,1,0.824332106,0.060816403,-0.142311245,1,0,0,1,4,0,0,0,0,0,1,1,1,0,1,2,0,1,2,0,0,0,0,1,0,1,1,1,0,0,1,0,1,0,2,1,0,0,1,0,0,1,3,1,0,0,1,1,0,0,0,1
2329,33,4,0.422332378,0,14305,0,1,0,2,0,1,0,0,0,2,5,3,4,5,2,4,1,5,5,4,2,2,2,4,2,2,2,2,3,4,2,4,0.965899708,-0.169350021,0.853032216,1,1,0,0,2,0,0,1,0,0,2,0,4,1,0,1,1,0,1,0,1,0,0,0,1,0,0,0,1,0,2,1,0,0,1,0,1,0,2,1,0,0,1,1,0,0,1,0,0,1,0,3
2330,44,4,2.659007449,0,37367,0,0,1,5,0,0,0,0,1,5,5,5,1,3,5,4,4,5,5,5,3,2,2,2,2,2,1,2,3,3,3,2,0.812252522,1.157281677,1.01803825,1,0,1,0,3,0,0,1,0,0,2,0,4,1,0,1,1,0,1,0,1,0,0,1,0,0,0,1,0,0,1,1,0,0,1,1,0,0,1,1,0,0,1,1,0,0,1,1,0,0,0,1
2331,36,4,0.190218257,0,45449,0,1,0,1,1,0,0,0,0,2,5,3,3,4,2,4,2,4,4,4,2,2,2,4,2,2,1,2,2,3,2,3,-0.064422851,0.160865174,0.054625088,1,0,0,1,4,0,1,1,0,0,2,0,4,1,0,1,0,1,2,0,0,0,0,1,0,-9,0,0,1,0,2,0,1,0,2,0,0,1,3,0,1,0,2,1,0,0,1,0,0,1,0,3
2332,49,2,0.246737425,0,99206,0,1,0,2,0,1,0,0,0,3,5,4,2,5,3,3,2,3,4,3,1,1,1,1,1,1,1,3,3,3,2,3,-0.101678761,-0.589742286,-0.059665117,1,0,1,0,3,0,0,1,0,0,2,0,4,0,1,2,0,1,2,0,1,0,1,0,0,-9,0,0,1,0,2,0,1,0,2,0,1,0,2,0,1,0,2,1,0,0,1,0,0,1,0,3
2333,1,2,1.415397014,0,35127,0,1,0,3,0,0,1,0,0,2,5,5,4,4,4,4,4,4,4,4,1,1,1,1,2,1,1,1,3,1,2,3,0.422860877,0.595901996,-0.093697522,1,0,1,0,3,0,0,1,0,0,2,0,4,0,1,2,0,0,3,1,0,0,0,1,0,1,1,1,0,0,1,1,0,0,1,1,0,0,1,0,1,0,2,1,0,0,1,1,0,0,0,1
2336,11,2,0.727295657,0,30549,0,0,1,2,0,1,0,0,0,2,4,3,3,4,2,2,2,3,2,2,2,2,2,3,2,2,2,2,2,3,3,3,0.031104249,-0.326909034,-0.564058113,1,1,0,0,2,0,0,1,0,0,2,0,4,1,0,1,0,0,3,0,0,0,0,1,0,-9,0,1,0,0,1,1,0,0,1,0,1,0,2,1,0,0,1,1,0,0,1,1,0,0,0,1
2337,28,2,0.211343661,0,68763,0,1,0,3,0,0,1,0,0,3,3,5,3,3,3,3,3,3,3,3,1,1,1,3,3,1,3,2,3,3,3,3,-0.678635778,0.20221516,-0.899538341,1,1,0,0,2,0,0,1,0,0,2,0,4,1,0,1,0,0,3,1,1,0,0,0,0,-9,0,1,0,0,1,0,1,0,2,1,0,0,1,0,0,1,3,1,0,0,1,0,1,0,0,2
2340,34,4,0.548412023,0,27603,0,1,0,2,0,1,0,0,0,2,3,2,3,4,2,3,2,4,4,2,2,1,2,2,2,2,2,1,3,3,2,3,-0.362626327,-0.719623726,-0.268273326,1,0,1,0,3,0,0,1,0,0,2,0,4,0,1,2,0,1,2,0,0,0,0,0,0,1,1,1,0,0,1,0,0,1,3,0,0,1,3,0,1,0,2,1,0,0,1,0,1,0,0,2
2343,36,4,1.760312421,0,44710,0,1,0,2,0,1,0,0,0,3,5,3,3,4,2,2,3,4,3,2,2,2,2,4,2,2,1,2,3,4,3,4,-1.689425634,-0.259457892,-0.922761305,1,0,0,1,4,0,0,1,0,0,2,0,4,1,0,1,0,1,2,0,0,0,0,0,0,1,1,0,1,0,2,0,0,1,3,1,0,0,1,0,1,0,2,1,0,0,1,0,1,0,0,2
2344,16,4,0.684366048,0,50309,0,1,0,4,0,0,0,1,0,1,4,3,4,5,2,4,1,5,5,5,1,1,3,1,1,1,1,3,3,4,3,3,0.742400552,-0.98205891,1.155596532,0,0,0,1,4,1,1,0,0,0,2,0,5,1,0,1,1,0,1,0,0,0,0,0,1,1,1,1,0,0,1,0,0,1,3,1,0,0,1,0,1,0,2,1,0,0,1,0,0,0,1,4
2345,37,4,0.800349806,0,74107,0,1,0,2,0,1,0,0,0,1,5,1,5,5,3,1,3,3,3,3,2,2,2,4,2,2,2,2,2,4,4,4,0.729099144,-0.931826628,1.325317013,1,1,0,0,2,1,1,0,0,0,2,0,5,1,0,1,1,0,1,0,0,0,0,0,1,0,0,0,1,0,2,0,1,0,2,0,0,1,3,0,1,0,2,1,0,0,1,0,0,1,0,3
2346,32,4,0.107433837,0,87105,0,1,0,3,0,0,1,0,0,4,2,4,4,5,1,1,1,3,4,4,2,2,2,3,2,2,2,2,2,4,2,4,0.199166473,-1.599808432,-0.46953574,1,0,1,0,3,0,0,1,0,0,1,1,1,1,0,1,0,0,3,1,1,0,0,1,0,0,0,0,1,0,2,1,0,0,1,0,1,0,2,0,0,1,3,0,1,0,2,0,0,1,0,3
2347,11,2,1.47231011,0,30034,0,1,0,2,0,1,0,0,0,2,1,3,4,5,5,4,5,5,4,5,1,1,1,1,3,1,1,1,3,2,3,4,-2.020569072,0.773055325,1.981839374,0,0,1,0,3,0,0,0,1,0,2,0,2,1,0,1,1,0,1,0,0,0,1,0,1,-9,0,0,1,0,2,1,0,0,1,0,1,0,2,1,0,0,1,1,0,0,1,0,1,0,0,2
2350,45,4,1.453612373,1,75440,0,0,1,3,0,0,1,0,0,2,4,2,3,5,1,1,1,3,5,2,2,2,2,1,2,2,1,2,3,3,2,4,1.667193072,-0.985825049,0.163753765,1,0,1,0,3,0,0,1,0,0,2,0,4,1,0,1,1,0,1,0,0,0,0,0,0,-9,0,1,0,0,1,1,0,0,1,0,1,0,2,1,0,0,1,1,0,0,1,1,0,0,0,1
2352,47,4,0.954085878,0,5065,0,0,1,4,0,0,0,1,0,4,5,5,1,5,4,3,2,4,5,4,2,2,2,2,2,1,1,2,3,3,2,2,-0.374429744,-0.606556615,-0.052689705,1,0,1,0,3,0,0,1,0,0,2,0,4,1,0,1,0,1,2,0,1,0,0,1,0,-9,0,1,0,0,1,1,0,0,1,1,0,0,1,0,0,1,3,1,0,0,1,0,0,1,0,3
2353,15,4,0.291071239,0,47441,0,1,0,4,0,0,0,1,0,2,5,4,1,5,1,2,2,5,3,3,1,1,1,1,2,2,1,2,3,1,2,2,0.151921158,-0.212654173,-0.424960114,1,0,1,0,3,0,0,1,0,0,2,0,4,1,0,1,0,1,2,0,0,0,0,0,0,1,1,1,0,0,1,1,0,0,1,1,0,0,1,0,0,1,3,1,0,0,1,1,0,0,0,1
2354,17,4,0.374504052,0,67216,0,1,0,2,0,1,0,0,0,1,4,3,5,5,3,4,2,5,4,3,2,1,2,4,2,2,2,2,2,1,2,4,0.194569123,-0.067200133,-0.107015046,1,0,0,1,4,0,0,1,0,0,2,0,4,1,0,1,1,0,1,0,0,0,0,0,1,0,0,0,1,0,2,1,0,0,1,0,0,1,3,1,0,0,1,1,0,0,1,0,0,1,0,3
2356,49,4,0.050583027,0,98422,0,1,0,3,0,0,1,0,0,3,4,3,4,5,1,4,1,3,3,3,1,1,3,1,3,1,1,1,3,1,2,3,-0.058998875,0.024724501,-0.018363175,1,1,0,0,2,0,0,0,1,0,2,0,2,0,1,2,0,1,2,0,0,0,0,0,0,-9,0,0,1,0,2,1,0,0,1,1,0,0,1,1,0,0,1,0,1,0,2,0,1,0,0,2
2358,45,2,0.564839954,0,76502,0,1,0,2,0,1,0,0,0,2,5,2,4,2,4,2,2,4,4,4,1,2,1,1,1,2,2,2,2,1,2,2,0.219377995,0.148761003,-0.144679413,1,0,1,0,3,0,0,1,0,0,2,0,4,1,0,1,0,1,2,0,0,0,1,0,0,-9,0,0,1,0,2,1,0,0,1,0,1,0,2,0,1,0,2,1,0,0,1,1,0,0,0,1
2361,4,4,0.809581264,0,72450,0,1,0,3,0,0,1,0,0,2,5,3,4,5,2,4,1,4,5,5,1,1,3,1,3,1,1,1,3,1,2,2,0.816407195,0.423712924,-0.09942052,1,0,0,1,4,0,0,1,0,0,2,0,4,1,0,1,1,0,1,0,1,0,0,0,0,-9,0,1,0,0,1,1,0,0,1,1,0,0,1,0,1,0,2,1,0,0,1,1,0,0,0,1
2364,50,2,0.89587888,0,26301,0,1,0,3,0,0,1,0,0,1,3,2,4,5,3,1,1,5,4,4,1,1,1,1,1,3,1,2,3,4,4,4,0.370789463,-0.726278773,0.134500874,0,0,1,0,3,1,1,1,0,0,2,0,4,1,0,1,1,0,1,0,0,0,1,0,0,1,1,1,0,0,1,0,1,0,2,0,0,1,3,0,0,1,3,1,0,0,1,0,1,0,0,2
2366,45,4,0.298221413,1,75451,0,0,1,4,0,0,0,1,0,4,5,5,2,5,2,2,1,2,4,2,2,2,2,3,2,2,2,2,2,3,3,4,-0.183028984,-1.29441031,-1.472339051,0,0,0,1,4,0,0,1,0,0,2,0,4,1,0,1,0,0,3,0,1,0,0,0,0,1,1,1,0,0,1,1,0,0,1,1,0,0,1,1,0,0,1,1,0,0,1,1,0,0,0,1
2368,11,4,0.13905906,0,31903,0,1,0,2,0,1,0,0,0,2,4,3,4,4,2,2,1,4,4,4,2,2,2,4,2,2,2,2,3,3,2,4,-0.857529586,-0.511025789,0.854325207,1,1,0,0,2,0,0,0,1,0,2,0,2,1,0,1,0,0,3,1,0,0,0,1,1,0,0,0,1,0,2,1,0,0,1,0,1,0,2,0,0,1,3,1,0,0,1,1,0,0,0,1
2369,1,4,0.741737667,0,36107,0,1,0,2,0,1,0,0,0,2,3,3,4,5,1,1,1,1,5,1,2,2,2,4,2,2,2,2,2,4,3,4,-0.411273925,-1.732515868,-0.101855254,1,0,1,0,3,1,1,1,0,0,2,0,4,1,0,1,1,0,1,0,1,0,0,1,0,1,1,0,1,0,2,0,1,0,2,0,1,0,2,0,0,1,3,1,0,0,1,0,0,0,1,4
2373,10,4,0.270976533,0,32567,0,0,1,3,0,0,1,0,0,3,2,2,5,5,2,2,2,4,4,4,1,1,1,1,3,1,3,1,3,1,1,1,0.130600645,0.775871568,0.145621579,1,1,0,0,2,0,0,1,0,0,2,0,4,1,0,1,0,1,2,0,1,0,0,1,0,1,1,1,0,0,1,1,0,0,1,1,0,0,1,1,0,0,1,1,0,0,1,1,0,0,0,1
2376,36,4,0.100876695,0,43607,0,1,0,3,0,0,1,0,0,2,4,4,4,5,1,1,1,4,1,1,3,1,1,1,1,1,1,1,3,4,2,4,-0.012123434,-0.944545616,-0.086692982,1,0,1,0,3,0,0,0,0,0,1,1,1,1,0,1,0,1,2,0,0,0,0,0,0,-9,0,0,1,0,2,0,1,0,2,1,0,0,1,1,0,0,1,1,0,0,1,0,0,1,0,3
2378,49,4,3.18E-06,0,98682,0,1,0,2,0,1,0,0,0,1,3,1,5,5,1,1,1,1,1,1,2,2,2,4,2,2,2,2,2,4,4,4,0.014029548,-1.50140692,-1.044141641,0,0,0,1,4,0,0,1,0,0,2,0,4,1,0,1,1,0,1,0,0,0,0,0,0,1,1,0,1,0,2,0,1,0,2,0,1,0,2,1,0,0,1,1,0,0,1,0,0,1,0,3
2379,34,4,0.335019499,0,27574,0,0,1,3,0,0,1,0,0,3,4,2,3,2,3,2,2,3,2,2,2,3,2,4,2,2,2,2,2,4,3,4,-0.147777335,0.387984284,0.006456017,0,1,0,0,2,0,0,1,0,0,2,0,4,1,0,1,0,0,3,0,1,0,0,0,0,-9,0,1,0,0,1,1,0,0,1,1,0,0,1,0,1,0,2,1,0,0,1,1,0,0,0,1
2381,24,4,0.217494192,0,56303,0,1,0,1,1,0,0,0,0,2,5,2,5,4,1,1,1,2,5,1,2,2,3,2,2,2,2,2,3,3,2,2,0.500996797,-1.207692571,-0.065207822,1,1,0,0,2,0,0,1,0,0,2,0,4,1,0,1,0,1,2,0,0,0,0,0,0,-9,0,0,1,0,2,0,0,1,3,1,0,0,1,0,1,0,2,0,1,0,2,0,1,0,0,2
2385,14,4,1.196782536,0,62413,0,0,1,2,0,1,0,0,0,3,1,3,1,4,1,1,1,4,4,4,1,3,2,4,2,2,1,2,3,1,2,2,-1.113503029,-0.242344425,-0.437672583,1,0,0,1,4,1,1,1,0,0,2,0,4,0,1,2,0,1,2,0,0,0,0,1,0,1,1,1,0,0,1,1,0,0,1,0,1,0,2,1,0,0,1,1,0,0,1,1,0,0,0,1
2389,23,2,0.683366542,0,48103,0,1,0,4,0,0,0,1,0,3,5,4,4,5,3,1,1,3,3,4,2,2,2,3,2,2,2,2,3,4,2,4,-1.142363829,1.180636668,-1.266272355,0,1,0,0,2,0,0,1,0,0,2,0,4,1,0,1,1,0,1,0,1,0,1,0,1,-9,0,0,1,0,2,0,1,0,2,0,1,0,2,0,0,1,3,1,0,0,1,0,0,1,0,3
2391,49,2,0.028807973,0,98105,1,0,0,4,0,0,0,1,0,1,4,5,4,5,5,5,4,5,5,4,3,3,2,3,2,3,3,3,2,3,2,3,0.67118437,0.944361797,1.341251687,0,1,0,0,2,0,1,1,0,0,1,1,1,0,0,3,0,0,3,1,1,0,0,1,0,-9,0,0,0,1,3,0,0,1,3,0,0,1,3,0,0,1,3,1,0,0,1,0,0,0,1,4
2394,48,2,1.093022168,0,22630,0,1,0,1,1,0,0,0,0,1,6,0,5,5,1,1,1,5,5,5,1,1,3,1,3,2,2,2,3,4,2,2,1.475735392,-0.454829645,0.433233528,1,0,0,1,4,0,0,1,0,0,2,0,4,1,0,1,1,0,1,0,0,0,1,0,0,1,1,1,0,0,1,0,1,0,2,1,0,0,1,0,0,1,3,1,0,0,1,1,0,0,0,1
2395,36,4,0.240235234,0,44035,0,1,0,2,0,1,0,0,0,3,5,4,3,4,3,4,3,4,4,3,2,2,2,3,2,2,2,2,3,2,3,4,-1.363834357,-0.370613662,-0.850355176,1,0,1,0,3,0,0,1,0,0,2,0,4,1,0,1,0,1,2,1,0,0,0,0,0,-9,0,0,1,0,2,0,1,0,2,0,0,1,3,1,0,0,1,1,0,0,1,1,0,0,0,1
2398,11,4,1.572865664,0,30324,0,1,0,3,0,0,1,0,0,3,1,2,2,2,1,5,5,5,5,5,2,2,3,4,2,2,3,2,1,2,2,2,0.631835663,-0.744704291,0.487656559,1,0,1,0,3,0,0,0,1,0,2,0,2,0,0,0,1,0,1,0,0,0,0,0,0,1,1,0,1,0,2,0,0,1,3,0,0,1,3,0,0,1,3,1,0,0,1,0,0,0,1,4
2403,18,4,0.433100399,0,40160,0,1,0,3,0,0,1,0,0,3,4,3,4,5,1,1,1,4,5,4,2,2,2,1,2,2,2,2,2,4,2,2,1.203659357,-0.525805645,0.272513131,1,0,1,0,3,0,0,1,0,0,2,0,4,1,0,1,0,1,2,0,1,0,0,1,0,1,1,1,0,0,1,1,0,0,1,0,0,1,3,0,0,1,3,1,0,0,1,1,0,0,0,1
2404,11,4,1.832718714,0,31406,0,1,0,1,1,0,0,0,0,1,2,0,4,5,1,4,1,3,5,4,2,2,2,4,2,2,2,2,2,4,3,4,0.237543685,-0.153814697,-0.354738031,1,0,0,1,4,0,0,0,0,0,2,0,5,1,0,1,1,0,1,0,0,0,0,1,0,-9,0,0,1,0,2,0,0,1,3,0,0,1,3,1,0,0,1,1,0,0,1,0,0,1,0,3
2406,23,3,0.102286989,0,49829,0,1,0,2,0,1,0,0,0,3,5,3,1,5,1,3,3,5,3,3,2,1,1,1,2,2,1,1,3,1,2,3,-0.653695526,1.226573781,-0.430867128,1,1,0,0,2,0,0,1,0,0,2,0,4,1,0,1,0,0,3,1,1,0,0,0,0,-9,0,1,0,0,1,0,1,0,2,1,0,0,1,0,0,1,3,1,0,0,1,0,1,0,0,2
2408,44,4,1.108679692,0,37323,0,1,0,1,1,0,0,0,0,1,2,1,4,5,2,2,3,4,3,2,2,2,2,4,2,2,2,2,2,4,3,4,-0.141827359,-0.319948323,-0.734006529,1,1,0,0,2,0,0,1,0,0,2,0,4,0,1,2,0,0,3,1,0,0,0,1,0,-9,0,1,0,0,1,1,0,0,1,0,1,0,2,0,1,0,2,1,0,0,1,1,0,0,0,1
2412,39,2,0.370223352,0,16101,0,1,0,4,0,0,0,1,0,1,3,4,1,5,3,4,1,5,5,4,2,2,3,3,2,2,1,1,3,2,3,3,0.685651417,0.430671094,0.784946793,1,0,0,1,4,0,0,1,0,0,2,0,4,1,0,1,1,0,1,0,0,0,1,1,0,1,1,1,0,0,1,0,1,0,2,1,0,0,1,0,1,0,2,1,0,0,1,1,0,0,0,1
2413,5,4,0.004998184,1,92392,0,1,0,4,0,0,0,1,0,2,3,4,2,5,4,3,3,5,5,5,1,1,1,1,1,2,1,1,3,2,2,2,0.72118646,-0.014636448,1.103750629,1,0,0,1,4,1,1,1,0,0,2,0,4,0,1,2,0,1,2,0,0,0,0,1,0,-9,0,0,1,0,2,1,0,0,1,0,1,0,2,0,1,0,2,1,0,0,1,0,0,1,0,3
2416,8,4,3.683299051,0,19707,0,1,0,3,0,0,1,0,0,1,5,3,5,4,1,1,1,4,5,5,2,1,3,1,2,2,2,2,3,3,2,3,1.57872804,-0.189593785,1.218462739,1,0,1,0,3,1,1,1,0,0,2,0,4,0,0,3,0,1,2,0,0,0,0,1,0,1,1,1,0,0,1,1,0,0,1,0,1,0,2,0,0,1,3,1,0,0,1,1,0,0,0,1
2417,36,4,0.831956527,0,44672,0,1,0,1,1,0,0,0,0,2,6,4,5,5,3,2,2,5,5,5,2,3,2,2,2,2,2,2,3,3,2,4,-1.407676222,0.286091217,-1.327014173,1,0,0,1,4,0,0,1,0,0,2,0,4,1,0,1,0,1,2,0,1,0,0,1,0,1,1,1,0,0,1,0,1,0,2,1,0,0,1,0,0,1,3,1,0,0,1,1,0,0,0,1
2421,26,4,0.210690459,0,65786,0,0,1,2,0,1,0,0,0,4,5,3,4,5,1,3,1,4,5,3,1,1,1,1,1,1,3,2,3,4,2,4,1.667346942,-1.563343226,-2.085931815,1,0,0,1,4,0,0,1,0,0,2,0,4,1,0,1,0,1,2,0,0,0,0,0,0,-9,0,1,0,0,1,1,0,0,1,1,0,0,1,1,0,0,1,1,0,0,1,1,0,0,0,1
2422,14,2,2.248691383,0,62060,0,1,0,2,0,1,0,0,0,2,5,4,5,5,1,1,1,4,3,1,1,1,1,1,2,2,1,1,3,1,2,1,0.646516418,-0.942978431,-0.799086823,1,0,1,0,3,0,0,1,0,0,2,0,4,1,0,1,1,0,1,0,0,0,1,1,0,1,1,0,1,0,2,0,1,0,2,1,0,0,1,1,0,0,1,1,0,0,1,0,1,0,0,2
2423,44,4,0.218438437,0,38024,0,1,0,5,0,0,0,0,1,2,5,5,5,5,3,5,1,5,5,5,2,2,2,3,1,1,3,2,3,2,2,4,1.231130988,0.033378123,0.762116111,1,0,1,0,3,0,0,1,0,0,2,0,4,0,1,2,0,1,2,0,1,0,0,0,0,1,1,1,0,0,1,0,1,0,2,0,1,0,2,1,0,0,1,1,0,0,1,1,0,0,0,1
2424,51,4,0.565569465,0,53177,0,1,0,1,1,0,0,0,0,1,4,3,4,5,1,1,1,3,3,2,1,1,2,4,2,2,2,2,3,4,3,4,-0.017842503,-0.405119793,-1.331830496,1,1,0,0,2,0,0,1,0,0,2,0,4,0,0,0,0,1,2,0,0,0,0,1,0,-9,0,1,0,0,1,0,1,0,2,0,1,0,2,0,0,1,3,0,1,0,2,1,0,0,0,1
2426,34,4,0.527653654,0,27557,0,0,1,2,0,1,0,0,0,3,4,2,2,5,3,1,3,5,4,4,3,2,2,4,2,2,2,2,1,4,3,3,-0.085992267,-0.259654936,0.012401043,0,0,0,1,4,0,0,0,1,0,2,0,2,1,0,1,0,1,2,0,0,0,0,0,0,1,1,1,0,0,1,1,0,0,1,0,1,0,2,0,1,0,2,1,0,0,1,1,0,0,0,1
2427,11,4,0.964232141,0,30153,0,1,0,2,0,1,0,0,0,1,5,3,5,5,3,3,2,3,3,3,2,2,2,4,2,2,2,2,2,3,3,3,0.297978564,0.264625354,-0.574066546,1,0,0,1,4,0,0,1,0,0,2,0,4,1,0,1,0,0,3,1,0,0,0,1,0,1,1,1,0,0,1,1,0,0,1,0,1,0,2,0,0,1,3,1,0,0,1,1,0,0,0,1
2431,34,4,0.537855899,0,28303,0,1,0,3,0,0,1,0,0,2,4,3,3,5,4,3,1,5,5,5,1,1,1,1,3,2,2,3,3,3,3,3,0.767219889,-0.554499008,1.244066241,1,0,1,0,3,0,0,1,0,0,2,0,4,1,0,1,0,1,2,0,0,0,0,0,1,-9,0,1,0,0,1,0,1,0,2,0,0,1,3,0,1,0,2,1,0,0,1,0,1,0,0,2
2433,51,4,1.733662427,0,53202,1,0,0,3,0,0,1,0,0,2,3,2,3,3,3,3,3,3,3,3,1,2,3,1,3,3,1,1,3,2,2,2,0.129144062,0.33587716,0.507729257,1,0,1,0,3,0,0,0,0,0,2,0,5,1,0,1,1,0,1,1,1,0,0,0,1,-9,0,0,0,1,3,0,0,1,3,1,0,0,1,0,0,1,3,0,0,1,3,0,0,0,1,4
2434,39,4,0.513729447,0,16801,1,0,0,2,0,1,0,0,0,2,5,3,4,4,1,1,1,3,4,3,2,2,2,3,2,2,2,2,2,3,2,2,0.560177781,-0.655555084,-1.679960905,0,0,1,0,3,0,0,1,0,0,2,0,4,1,0,1,0,0,3,0,1,0,0,0,0,0,0,0,0,1,3,0,0,1,3,0,1,0,2,0,0,1,3,1,0,0,1,0,0,0,1,4
2435,26,4,1.684608362,0,65265,0,1,0,2,0,1,0,0,0,2,5,3,4,4,1,4,1,4,4,4,1,1,3,2,2,3,2,2,3,3,2,2,0.105302479,-0.122662786,-0.407855119,0,0,1,0,3,0,0,1,0,0,2,0,4,0,1,2,0,1,2,0,0,0,0,0,0,-9,0,1,0,0,1,1,0,0,1,1,0,0,1,0,0,1,3,1,0,0,1,1,0,0,0,1
2436,14,2,0.533866722,0,60061,1,0,0,4,0,0,0,1,0,3,4,3,3,4,1,4,1,3,5,4,2,1,3,3,2,2,2,2,3,2,2,2,0.316270514,0.137572616,-0.430757813,1,1,0,0,2,0,0,1,0,0,2,0,4,1,0,1,1,0,1,0,0,0,1,0,0,-9,0,0,0,1,3,0,0,1,3,1,0,0,1,1,0,0,1,0,1,0,2,0,1,0,0,2
2437,32,2,0.063557519,0,88032,0,0,1,3,0,0,1,0,0,2,2,3,4,5,4,4,5,5,4,4,2,2,2,3,2,2,2,2,2,3,3,3,0.943154076,0.588025289,0.503888331,1,1,0,0,2,1,1,1,0,0,2,0,4,0,1,2,0,0,3,1,0,0,0,1,0,1,1,0,0,0,0,0,0,0,0,0,0,0,0,0,0,0,0,0,0,0,0,0,0,0,0,0
2439,33,2,0.3639047,0,11360,1,0,0,4,0,0,0,1,0,3,3,4,3,5,2,3,4,5,5,4,2,2,3,3,3,1,3,2,3,3,3,3,0.179923328,0.454690779,-1.387469165,1,0,1,0,3,1,1,1,0,0,1,1,1,0,1,2,0,0,3,1,0,0,0,0,0,-9,0,0,0,1,3,0,0,1,3,0,0,1,3,1,0,0,1,0,1,0,2,0,0,0,1,4
2442,3,4,0.4307338,1,85382,0,1,0,1,1,0,0,0,0,1,1,0,4,5,1,4,4,5,3,3,2,1,3,3,2,2,2,1,3,3,3,4,-1.670134403,-0.948962374,1.850663433,1,1,0,0,2,0,0,0,1,0,2,0,2,0,0,3,0,0,3,1,0,0,0,1,0,1,1,0,1,0,2,0,1,0,2,0,1,0,2,0,0,1,3,1,0,0,1,0,1,0,0,2
2443,11,2,3.422907167,0,31005,0,1,0,2,0,1,0,0,0,2,2,2,5,3,2,3,2,4,3,3,1,2,3,1,1,2,2,2,2,4,3,4,-1.038952227,-0.389175227,-0.698634725,0,0,1,0,3,0,0,1,0,0,2,0,4,1,0,1,1,0,1,0,0,0,1,1,0,-9,0,1,0,0,1,1,0,0,1,0,0,1,3,0,1,0,2,1,0,0,1,1,0,0,0,1
2445,38,4,0.000474186,0,97224,1,0,0,2,0,1,0,0,0,2,5,3,5,5,1,1,1,4,4,2,1,2,2,4,2,2,1,2,3,4,2,3,0.744533635,-1.321845263,-0.042256094,1,0,0,1,4,0,0,1,0,0,2,0,4,1,0,1,1,0,1,0,0,0,0,0,0,1,1,0,0,1,3,0,0,1,3,0,1,0,2,0,0,1,3,0,1,0,2,0,0,1,0,3
2454,31,4,0.229068041,0,7470,0,1,0,3,0,0,1,0,0,2,4,2,3,4,3,4,3,4,3,3,3,3,3,3,2,2,2,2,2,3,3,3,0.14271699,0.68890597,-0.273879555,0,0,0,1,4,0,1,1,0,0,2,0,4,0,1,2,0,1,2,0,0,0,0,1,0,-9,0,0,1,0,2,0,0,1,3,0,1,0,2,0,1,0,2,0,1,0,2,0,0,1,0,3
2456,26,4,0.400543819,0,64831,0,0,1,3,0,0,1,0,0,3,3,1,4,5,3,4,4,5,4,4,2,2,1,3,2,2,1,1,3,3,3,3,1.083208861,0.885595767,0.875343408,1,0,1,0,3,0,0,1,0,0,2,0,4,1,0,1,0,1,2,0,0,0,0,1,0,-9,0,1,0,0,1,1,0,0,1,1,0,0,1,1,0,0,1,1,0,0,1,1,0,0,0,1
2463,24,4,0.908278818,0,55906,0,1,0,2,0,1,0,0,0,2,4,2,4,5,1,1,1,4,4,3,2,1,1,3,2,2,2,2,3,1,2,3,1.042180037,1.794799134,0.261243568,1,0,0,1,4,0,0,1,0,0,2,0,4,0,1,2,0,1,2,0,0,0,0,1,0,-9,0,0,1,0,2,0,1,0,2,0,1,0,2,0,0,1,3,1,0,0,1,1,0,0,0,1
2465,33,2,0.427894322,0,14213,1,0,0,5,0,0,0,0,1,4,5,4,1,5,5,5,2,5,5,5,1,1,1,1,3,1,1,1,3,2,2,2,0.796484539,0.665347947,0.997302224,1,1,0,0,2,0,0,0,1,0,2,0,2,0,1,2,0,1,2,0,0,0,1,1,0,1,1,0,0,1,3,0,0,1,3,0,1,0,2,0,1,0,2,0,1,0,2,0,0,0,1,4
2471,47,4,0.696482021,0,5404,1,0,0,2,0,1,0,0,0,2,4,2,4,4,1,1,1,5,5,3,1,1,1,1,2,2,1,2,3,4,2,4,0.746630605,-1.889349607,0.05623692,1,0,0,1,4,0,1,1,0,0,2,0,4,0,1,2,0,0,3,0,0,0,0,1,0,1,1,0,0,1,3,0,0,1,3,1,0,0,1,0,1,0,2,1,0,0,1,0,0,0,1,4
2472,36,2,5.916118708,0,43201,1,0,0,1,1,0,0,0,0,1,3,0,5,2,1,2,2,3,4,3,2,2,2,4,2,2,2,2,2,4,2,2,0.281088778,0.222973396,-0.296128006,0,0,0,1,4,0,0,1,0,0,2,0,4,0,0,3,0,1,2,0,0,0,1,0,0,1,1,0,0,1,3,0,0,1,3,0,1,0,2,0,1,0,2,1,0,0,1,0,0,0,1,4
2474,51,4,1.745860682,0,53129,0,1,0,2,0,1,0,0,0,1,3,3,3,5,1,1,1,4,5,4,2,1,2,4,2,2,2,2,3,4,2,4,0.41121789,0.069231658,-1.330737745,1,0,0,1,4,0,0,1,0,0,2,0,4,0,1,2,1,0,1,0,0,0,0,1,0,-9,0,0,1,0,2,0,1,0,2,0,1,0,2,0,1,0,2,1,0,0,1,0,0,1,0,3
2476,42,4,1.241205106,0,29860,0,1,0,1,1,0,0,0,0,1,2,0,1,5,1,1,1,5,5,1,1,1,2,4,2,2,1,2,3,3,2,4,-0.73290055,-0.34988886,0.49908088,0,0,0,1,4,0,0,1,0,0,2,0,4,0,1,2,0,0,3,0,0,0,0,1,0,-9,0,1,0,0,1,1,0,0,1,0,1,0,2,0,0,1,3,1,0,0,1,1,0,0,0,1
2477,51,2,0.734147992,0,54771,0,1,0,2,0,1,0,0,0,2,4,4,4,5,1,1,2,4,4,2,1,1,1,3,2,2,1,1,3,1,3,3,0.061609544,0.218300898,0.48618182,0,1,0,0,2,0,1,1,0,0,2,0,4,0,1,2,0,0,3,0,0,0,0,1,0,-9,0,1,0,0,1,1,0,0,1,0,1,0,2,0,1,0,2,1,0,0,1,1,0,0,0,1
2480,34,4,0.052697034,0,27262,0,1,0,1,1,0,0,0,0,3,4,2,2,2,3,4,5,4,4,5,3,1,1,2,2,2,2,3,1,4,2,4,0.449628528,-0.132536929,0.146043737,1,0,1,1,4,0,0,1,0,0,2,0,4,1,0,1,1,0,1,0,1,0,0,0,1,1,1,0,1,0,2,0,1,0,2,1,0,0,1,0,0,1,3,1,0,0,1,0,1,0,0,2
2481,18,2,1.54994056,0,42081,0,0,1,5,0,0,0,0,1,3,5,5,3,5,3,3,1,4,4,2,2,2,2,3,2,2,2,2,3,3,2,3,1.316894282,0.518977221,0.833650529,1,1,0,0,2,0,0,1,0,0,2,0,4,1,0,1,0,0,3,1,0,0,1,0,0,-9,0,1,0,0,1,1,0,0,1,1,0,0,1,1,0,0,1,1,0,0,1,1,0,0,0,1
2483,45,4,0.77288016,1,77036,1,0,0,3,0,0,1,0,0,1,5,3,3,4,4,4,2,2,2,2,1,1,1,1,2,1,1,3,3,1,2,4,-1.821339153,0.544553885,-0.050791117,0,0,0,1,4,0,0,1,0,0,2,0,4,0,1,2,1,0,1,0,0,0,0,1,0,-9,0,0,0,1,3,0,0,1,3,0,0,1,3,1,0,0,1,1,0,0,1,0,0,0,1,4
2485,16,4,0.467985275,0,52316,0,0,1,1,1,0,0,0,0,1,3,4,5,5,1,1,1,4,5,4,2,2,2,3,2,1,1,2,3,4,1,3,1.000230405,-0.266322375,0.896644243,0,0,0,1,4,1,1,1,0,0,2,0,4,0,1,2,0,1,2,0,0,0,0,1,0,-9,0,1,0,0,1,1,0,0,1,0,1,0,2,0,1,0,2,1,0,0,1,1,0,0,0,1
2487,44,4,0.401252052,0,38583,0,1,0,3,0,0,1,0,0,2,5,4,1,5,2,3,2,5,5,5,2,2,2,4,2,2,2,2,3,3,3,3,-0.257350224,-0.908945211,0.248138539,1,0,0,1,4,1,1,1,0,0,2,0,4,0,0,0,1,0,1,0,0,0,0,1,0,-9,0,1,0,0,1,1,0,0,1,1,0,0,1,1,0,0,1,1,0,0,1,1,0,0,0,1
2491,33,4,0.891430759,0,14227,0,1,0,1,1,0,0,0,0,2,5,3,4,4,1,1,1,4,4,2,2,2,2,4,2,2,2,2,3,4,2,3,0.670607658,-0.242878771,0.769041891,0,0,0,1,4,0,0,1,0,0,2,0,4,0,1,2,0,1,2,0,0,0,0,1,0,-9,0,0,1,0,2,0,1,0,2,0,1,0,2,1,0,0,1,1,0,0,1,0,0,1,0,3
2495,35,4,0.799986129,0,58545,0,0,1,2,0,1,0,0,0,3,5,3,2,5,1,1,1,5,5,5,1,2,2,1,2,2,1,2,3,4,2,4,0.067008007,-0.00073184,-0.907357067,1,0,1,0,3,0,0,1,0,0,2,0,4,1,0,1,1,0,1,0,0,0,0,0,0,1,1,1,0,0,1,1,0,0,1,1,0,0,1,0,0,1,3,1,0,0,1,1,0,0,0,1
2496,18,4,0.211112234,0,40965,0,1,0,4,0,0,0,1,0,2,4,3,2,5,3,4,1,5,5,4,1,1,3,1,2,2,1,2,3,2,2,2,0.603687199,0.432558427,0.980105975,1,1,0,0,2,0,0,1,0,0,2,0,4,1,0,1,0,0,3,1,1,0,0,0,0,1,1,1,0,0,1,1,0,0,1,1,0,0,1,0,1,0,2,1,0,0,1,1,0,0,0,1
2498,36,4,0.641134568,0,44095,0,1,0,1,1,0,0,0,0,1,3,2,4,5,1,1,1,3,4,3,1,1,1,1,2,2,1,1,3,1,2,1,0.909311872,-0.587244617,0.174802303,1,0,0,1,4,0,0,1,0,0,2,0,4,1,0,1,0,1,2,0,0,0,0,1,0,-9,0,0,1,0,2,0,1,0,2,0,1,0,2,1,0,0,1,1,0,0,1,0,0,1,0,3
2502,39,4,0.5309875,0,16602,1,0,0,2,0,1,0,0,0,2,5,1,2,5,1,1,1,5,4,3,1,1,3,4,2,2,2,1,3,4,4,4,-0.101579595,-1.296660971,0.127503014,1,0,1,0,3,1,1,1,0,0,2,0,4,1,0,1,1,0,1,0,0,0,0,0,1,0,0,0,0,1,3,0,0,1,3,1,0,0,1,0,0,1,3,1,0,0,1,0,0,1,0,3
2503,24,1,0.142889313,0,55428,0,1,0,3,0,0,1,0,0,3,4,4,4,4,4,3,3,4,4,3,1,1,1,1,1,2,2,2,2,3,3,3,0.052945041,0.484204393,0.501363186,0,1,0,0,2,1,1,0,1,0,2,0,2,1,0,1,0,1,2,1,0,0,0,1,0,-9,0,0,1,0,2,0,0,1,3,0,1,0,2,0,1,0,2,1,0,0,1,0,0,0,1,4
2504,24,4,1.088602193,0,55119,0,1,0,4,0,0,0,1,0,3,5,4,2,5,1,3,1,3,5,3,1,1,2,1,2,2,1,2,3,3,2,3,0.356970413,-0.007923759,0.157979337,0,0,0,1,4,0,1,0,0,0,2,0,5,0,1,2,1,0,1,0,0,0,0,1,0,-9,0,0,0,1,3,0,1,0,2,0,0,1,3,1,0,0,1,1,0,0,1,0,0,1,0,3
2508,33,4,0.156925399,0,11234,1,0,0,3,0,0,1,0,0,2,4,4,2,4,3,2,1,4,4,3,2,2,2,4,2,2,2,2,2,4,3,3,0.025471935,0.397402099,-0.095223676,1,0,0,1,4,0,0,1,0,0,2,0,4,1,0,1,0,1,2,0,1,0,0,0,0,-9,0,0,0,1,3,0,0,1,3,1,0,0,1,0,1,0,2,1,0,0,1,0,0,0,1,4
2509,34,2,0.667402227,0,28138,0,1,0,2,0,1,0,0,0,2,4,3,5,5,1,3,1,5,4,3,2,1,2,3,2,2,2,2,3,4,2,3,0.712102855,0.01324683,0.220817477,1,0,1,0,3,0,0,1,0,0,2,0,4,1,0,1,0,0,3,0,0,0,0,1,0,-9,0,1,0,0,1,1,0,0,1,1,0,0,1,0,1,0,2,1,0,0,1,1,0,0,0,1
2510,22,4,0.450710119,0,1080,0,1,0,2,0,1,0,0,0,2,4,3,4,1,1,4,1,2,4,4,3,2,2,3,2,2,2,2,2,3,3,3,0.77762543,0.325246675,-0.347957381,0,0,0,1,4,0,0,1,0,0,2,0,4,1,0,1,1,0,1,0,0,0,0,0,0,1,1,1,0,0,1,1,0,0,1,1,0,0,1,1,0,0,1,1,0,0,1,1,0,0,0,1
2511,1,4,1.650054675,0,35776,0,0,1,1,1,0,0,0,0,2,4,3,4,5,1,1,1,4,4,2,1,2,2,1,2,2,2,2,3,3,2,3,1.376238865,0.436014779,0.855094877,0,0,0,1,4,0,0,1,0,0,2,0,4,0,1,2,0,1,2,0,1,0,0,1,0,1,1,1,0,0,1,1,0,0,1,1,0,0,1,0,1,0,2,1,0,0,1,1,0,0,0,1
2512,39,4,0.176959021,0,18042,1,0,0,2,0,1,0,0,0,2,5,3,4,5,1,1,1,4,4,3,2,1,1,4,2,2,2,2,3,4,4,4,0.516507842,-1.926984833,0.525682211,0,1,0,0,2,0,0,1,0,0,2,0,4,1,0,1,0,0,3,1,0,0,0,0,0,1,1,0,0,1,3,0,0,1,3,0,0,1,3,0,1,0,2,1,0,0,1,0,0,0,1,4
2515,10,4,0.762471141,0,32218,0,1,0,4,0,0,0,1,0,4,2,2,2,5,3,3,3,4,5,4,2,2,2,4,3,2,1,1,3,4,2,2,0.6294561,-0.116858822,0.500812509,1,0,1,0,3,0,0,1,0,0,2,0,4,0,1,2,0,1,2,0,0,0,0,1,0,-9,0,1,0,0,1,1,0,0,1,0,0,1,3,0,1,0,2,1,0,0,1,0,1,0,0,2
2516,39,4,0.592481467,0,15767,0,1,0,3,0,0,1,0,0,2,5,4,4,5,1,1,1,3,1,1,2,2,2,4,2,2,1,2,3,4,4,4,-0.245949683,-0.321391571,-0.55355737,1,0,0,1,4,0,0,1,0,0,2,0,4,1,0,1,0,1,2,0,0,0,0,1,0,-9,0,1,0,0,1,1,0,0,1,1,0,0,1,0,1,0,2,1,0,0,1,1,0,0,0,1
2519,18,3,0.314859852,0,40511,0,1,0,3,0,0,1,0,0,1,5,3,5,5,1,1,1,5,5,1,2,1,3,4,2,2,2,2,2,4,2,4,-1.425428406,-1.64891953,1.073143028,1,1,0,0,2,0,0,1,0,0,2,0,4,1,0,1,0,0,3,0,1,0,0,0,0,-9,0,0,1,0,2,0,1,0,2,0,0,1,3,0,1,0,2,1,0,0,1,0,0,1,0,3
2520,33,4,0.823115447,0,12553,0,1,0,3,0,0,1,0,0,2,4,3,2,5,3,5,1,5,4,3,1,2,3,4,2,1,2,1,3,3,2,4,0.602889739,0.655261913,-1.661511868,1,0,0,1,4,0,0,1,0,0,2,0,4,1,0,1,0,0,3,1,1,0,0,1,0,1,1,0,1,0,2,0,1,0,2,0,1,0,2,0,0,1,3,0,1,0,2,0,1,0,0,2
2521,25,4,0.838092869,0,39042,0,1,0,1,1,0,0,0,0,1,5,4,4,4,1,4,1,4,4,3,1,2,2,4,2,2,2,2,2,3,3,3,0.48892657,-0.032043779,0.119984387,1,0,0,1,4,0,0,1,0,0,2,0,4,1,0,1,1,0,1,0,0,0,0,1,0,-9,0,1,0,0,1,1,0,0,1,0,0,1,3,1,0,0,1,1,0,0,1,1,0,0,0,1
2523,27,4,0.389114953,0,59701,0,1,0,4,0,0,0,1,0,2,5,3,3,3,1,1,2,4,3,4,1,3,1,3,2,2,2,2,2,4,2,3,0.141046842,-0.102962203,-0.501186044,1,0,0,1,4,0,0,1,0,0,2,0,4,1,0,1,1,0,1,1,0,0,0,1,0,0,0,0,1,0,2,0,1,0,2,0,0,1,3,0,0,1,3,1,0,0,1,0,0,0,1,4
2524,34,2,1.095781262,0,28214,0,1,0,3,0,0,1,0,0,2,4,4,4,4,1,2,1,4,5,2,2,1,2,3,2,2,1,2,3,3,2,3,0.432246005,0.717127569,-0.733148311,0,0,1,0,3,0,0,1,0,0,2,0,4,1,0,1,0,1,2,0,1,0,1,1,0,1,1,1,0,0,1,1,0,0,1,0,0,1,3,1,0,0,1,1,0,0,1,1,0,0,0,1
2527,26,4,0.783985132,0,63084,0,1,0,2,0,1,0,0,0,2,4,0,5,3,3,3,1,5,5,5,2,2,2,4,2,2,2,2,2,3,3,3,-1.502064581,-0.327780856,0.565406204,0,0,0,1,4,0,0,1,0,0,2,0,4,1,0,1,1,0,1,0,1,0,0,0,0,-9,0,1,0,0,1,1,0,0,1,1,0,0,1,0,0,1,3,1,0,0,1,0,1,0,0,2
2529,48,4,0.82854559,0,23927,0,0,1,4,0,0,0,1,0,2,5,2,5,5,1,1,1,5,5,2,1,1,1,1,1,1,2,2,3,4,2,4,1.727978095,-2.397735619,-0.251681815,1,0,0,1,4,1,1,1,0,0,2,0,4,0,1,2,0,1,2,0,0,0,0,1,0,-9,0,1,0,0,1,1,0,0,1,0,1,0,2,1,0,0,1,1,0,0,1,1,0,0,0,1
2530,48,4,1.417207393,0,24092,0,0,1,2,0,1,0,0,0,2,4,3,2,4,1,1,1,4,4,4,2,2,2,4,2,2,2,2,3,4,2,4,-0.484550528,0.165208761,-1.355807931,1,0,0,1,4,0,0,1,0,0,2,0,4,0,1,2,0,1,2,0,1,0,0,1,0,1,1,1,0,0,1,1,0,0,1,0,1,0,2,1,0,0,1,1,0,0,1,1,0,0,0,1
2531,39,4,0.176084153,0,15690,0,1,0,1,1,0,0,0,0,1,3,2,4,4,1,1,1,1,3,4,2,1,2,4,2,2,1,2,2,4,3,3,0.695729018,-0.191540324,0.237627093,0,0,0,1,4,0,0,1,0,0,2,0,4,1,0,1,0,1,2,0,0,0,0,1,0,1,1,0,1,0,2,1,0,0,1,1,0,0,1,1,0,0,1,1,0,0,1,1,0,0,0,1
2532,34,4,0.494078585,0,27514,0,1,0,3,0,0,1,0,0,3,3,3,2,5,3,2,2,4,4,3,2,2,1,4,2,2,1,2,3,3,2,4,-0.51123484,-1.645825207,-2.390000787,0,1,0,0,2,1,1,1,0,0,2,0,4,0,0,0,1,0,1,0,1,0,0,0,0,1,1,0,1,0,2,0,1,0,2,0,1,0,2,0,0,1,3,1,0,0,1,0,0,0,1,4
2534,11,2,3.201842673,0,30144,0,1,0,2,0,1,0,0,0,2,2,3,3,4,3,2,2,5,5,3,1,1,1,1,3,1,1,2,3,4,2,3,0.295563274,0.501410128,0.115677303,0,0,0,1,4,1,1,1,0,0,2,0,4,0,0,3,0,1,2,0,0,0,1,1,0,-9,0,1,0,0,1,1,0,0,1,0,0,1,3,0,0,1,3,1,0,0,1,1,0,0,0,1
2535,36,4,1.569867983,0,43040,0,1,0,1,1,0,0,0,0,1,5,3,4,5,2,2,2,5,5,3,2,2,2,3,2,2,2,2,2,3,3,3,0.549384881,0.211307926,0.170114495,1,0,1,0,3,0,0,1,0,0,2,0,4,1,0,1,0,1,2,1,0,0,0,0,0,-9,0,1,0,0,1,1,0,0,1,0,1,0,2,0,1,0,2,1,0,0,1,1,0,0,0,1
2536,1,4,0.21020711,0,35004,0,1,0,3,0,0,1,0,0,2,1,1,2,5,2,2,2,5,5,5,1,1,2,1,2,2,1,2,2,3,3,3,-0.010986593,-0.949526185,-0.447019759,1,0,0,1,4,1,1,1,0,0,2,0,4,1,0,1,0,1,2,0,0,0,0,1,0,1,1,1,0,0,1,1,0,0,1,0,1,0,2,0,0,1,3,1,0,0,1,1,0,0,0,1
2538,48,4,2.363240154,0,24630,0,0,1,2,0,1,0,0,0,5,4,5,5,5,5,5,3,4,5,5,3,1,3,4,3,2,2,2,2,4,2,4,1.043325303,0.321937949,1.369161985,1,0,1,0,3,0,0,1,0,0,2,0,4,1,0,1,0,0,3,0,0,0,0,0,0,-9,0,1,0,0,1,1,0,0,1,0,1,0,2,1,0,0,1,1,0,0,1,1,0,0,0,1
2541,33,4,0.591723719,0,11784,0,1,0,3,0,0,1,0,0,2,5,3,2,4,2,1,1,5,5,5,1,1,1,4,2,2,1,1,3,1,2,4,0.408646848,1.11025294,-1.286982292,1,0,0,1,4,0,0,0,1,0,2,0,2,1,0,1,0,1,2,0,0,0,0,1,1,-9,0,0,1,0,2,0,1,0,2,1,0,0,1,1,0,0,1,1,0,0,1,0,1,0,0,2
2542,34,3,0.674747661,0,28379,0,1,0,3,0,0,1,0,0,3,4,5,2,5,2,3,2,5,4,3,1,2,2,4,3,1,2,2,3,2,3,4,-0.472300377,-0.386371837,0.906796978,1,0,1,0,3,0,0,1,0,0,2,0,4,1,0,1,1,0,1,0,0,0,0,1,0,1,1,1,0,0,1,1,0,0,1,0,1,0,2,1,0,0,1,1,0,0,1,1,0,0,0,1
2543,38,4,0.014249539,0,97302,0,1,0,3,0,0,1,0,0,4,4,4,2,4,3,4,2,4,4,4,3,3,3,2,2,2,2,2,1,2,2,3,0.236323066,0.160062241,-0.148018015,1,0,0,1,4,0,1,1,0,0,2,0,4,1,0,1,1,0,1,0,0,0,0,0,0,-9,0,0,1,0,2,0,0,1,3,1,0,0,1,0,0,1,3,0,1,0,2,0,0,0,1,4
2544,23,4,0.400860699,0,48146,0,1,0,3,0,0,1,0,0,4,6,2,3,5,3,3,3,5,5,3,1,1,3,3,2,2,1,1,3,1,2,4,0.227052738,-1.307386313,0.054252221,1,0,1,0,3,0,0,1,0,0,2,0,4,1,0,1,0,0,3,1,1,0,0,0,0,1,1,0,0,1,3,0,1,0,2,0,0,1,3,1,0,0,1,1,0,0,1,0,1,0,0,2
2546,19,4,0.304972504,0,70130,1,0,0,2,0,1,0,0,0,2,5,1,5,5,3,3,3,5,5,5,2,2,2,3,2,2,2,2,2,3,3,3,0.765646038,-1.370694426,0.86973972,1,0,0,1,4,1,1,0,1,0,2,0,2,1,0,1,1,0,1,0,0,0,0,0,1,-9,0,0,0,1,3,0,0,1,3,0,0,1,3,0,1,0,2,0,0,1,3,0,0,0,1,4
2547,10,2,0.680391849,0,32209,0,1,0,2,0,1,0,0,0,1,2,3,4,5,3,5,1,5,5,5,1,1,3,1,2,1,2,1,3,2,2,2,0.857610705,1.066968386,-0.802887946,0,1,0,0,2,0,0,0,1,0,2,0,2,1,0,1,1,0,1,0,0,0,1,1,1,1,1,0,1,0,2,0,1,0,2,0,0,1,3,1,0,0,1,0,1,0,2,0,0,0,1,4
2549,23,4,0.507134403,0,48506,0,1,0,1,1,0,0,0,0,2,4,2,3,5,2,4,1,4,5,3,1,1,1,1,2,2,1,2,2,3,2,4,-0.181951919,-0.194247254,-0.694291854,1,0,1,0,3,0,0,1,0,0,2,0,4,1,0,1,0,1,2,0,1,0,0,0,0,-9,0,0,1,0,2,1,0,0,1,0,1,0,2,1,0,0,1,1,0,0,1,0,0,1,0,3
2550,36,2,1.288182087,0,45320,0,1,0,2,0,1,0,0,0,1,5,3,4,5,1,1,1,5,5,1,1,2,2,1,2,2,1,1,2,3,3,1,-1.113142501,-0.915440826,-0.326084731,1,1,0,0,2,1,1,1,0,0,2,0,4,0,1,2,0,0,3,1,0,0,1,1,0,-9,0,1,0,0,1,0,1,0,2,1,0,0,1,0,1,0,2,1,0,0,1,1,0,0,0,1
2558,15,4,0.377130312,0,46237,0,1,0,3,0,0,1,0,0,3,3,2,1,5,2,2,2,4,4,3,1,1,2,4,2,2,1,2,3,4,2,4,1.431106795,-0.53620795,-0.70867303,1,0,0,1,4,0,0,1,0,0,2,0,4,0,1,2,0,0,3,0,0,0,0,1,0,-9,0,0,1,0,2,0,0,1,3,0,0,1,3,0,1,0,2,1,0,0,1,0,1,0,0,2
2561,34,4,0.432009885,0,27589,0,0,1,2,0,1,0,0,0,2,4,4,4,4,2,2,2,5,5,5,1,1,2,3,2,2,2,2,2,3,2,3,0.646297979,0.899853771,-0.260397592,1,0,0,1,4,0,0,1,0,0,2,0,4,1,0,1,1,0,1,0,0,0,0,0,0,1,1,1,0,0,1,1,0,0,1,1,0,0,1,0,1,0,2,1,0,0,1,1,0,0,0,1
2562,36,4,0.255810201,0,44133,0,1,0,2,0,1,0,0,0,2,4,5,4,4,2,2,2,4,4,4,2,3,1,3,2,2,2,2,3,2,2,2,0.067731785,0.818495615,0.088087581,0,0,0,1,4,1,1,1,0,0,2,0,4,0,1,2,0,0,3,0,1,0,0,1,0,1,1,1,0,0,1,1,0,0,1,1,0,0,1,0,0,1,3,1,0,0,1,1,0,0,0,1
2563,36,2,1.565662017,0,43240,0,1,0,2,0,1,0,0,0,3,4,2,4,2,2,2,2,2,2,2,2,2,2,4,2,2,2,2,2,4,4,4,-1.188430195,0.312200939,-1.948073877,0,0,1,0,3,0,0,1,0,0,2,0,4,1,0,1,0,1,2,0,0,0,1,1,0,-9,0,1,0,0,1,0,0,1,3,0,0,1,3,0,1,0,2,1,0,0,1,0,0,1,0,3
2564,26,2,1.977334311,0,65020,0,1,0,3,0,0,1,0,0,2,4,3,3,3,3,4,3,3,3,4,3,1,1,1,3,3,3,2,3,1,1,1,1.156347052,-0.527805128,-1.753803138,0,1,0,0,2,0,0,1,0,0,2,0,4,0,1,2,0,1,2,0,0,0,1,1,0,-9,0,1,0,0,1,1,0,0,1,0,1,0,2,0,0,1,3,1,0,0,1,0,1,0,0,2
2566,47,2,1.696761503,0,5488,0,1,0,2,0,1,0,0,0,2,4,3,4,5,1,3,1,5,4,4,1,2,2,4,2,2,2,2,2,4,2,3,0.435675665,-1.443934507,0.837534089,1,1,0,0,2,0,0,1,0,0,2,0,4,0,1,2,0,1,2,1,1,0,1,1,0,1,1,1,0,0,1,1,0,0,1,0,1,0,2,0,0,1,3,1,0,0,1,1,0,0,0,1
2567,16,4,0.300073874,0,51031,0,1,0,4,0,0,0,1,0,4,5,5,2,5,2,5,1,5,2,2,2,2,2,3,2,2,2,2,2,3,3,4,-1.001671505,-0.308941819,0.171333182,1,1,0,0,2,0,0,1,0,0,2,0,4,1,0,1,0,0,3,1,0,0,0,1,0,1,1,1,0,0,1,1,0,0,1,0,1,0,2,0,1,0,2,1,0,0,1,1,0,0,0,1
2570,38,4,3.62E-06,0,97322,1,0,0,4,0,0,0,1,0,3,5,5,2,5,2,3,1,2,4,4,1,2,1,3,2,2,1,2,3,3,2,2,-0.325738415,0.493035676,-2.405038499,1,0,1,1,4,0,0,1,0,0,2,0,4,1,0,1,1,0,1,0,0,0,0,0,1,1,1,0,0,1,3,0,0,1,3,0,1,0,2,0,1,0,2,0,1,0,2,0,0,0,1,4
2577,24,2,0.39170345,0,56101,0,1,0,4,0,0,0,1,0,5,5,5,4,5,1,1,1,2,1,1,2,2,3,4,2,2,2,2,2,4,2,4,-0.994838089,0.213717524,0.499149652,1,1,0,0,2,0,0,1,0,0,2,0,4,0,1,2,0,0,3,0,0,0,1,1,0,1,1,1,0,0,1,1,0,0,1,0,1,0,2,1,0,0,1,1,0,0,1,1,0,0,0,1
2579,42,4,1.710192631,0,29657,0,1,0,1,1,0,0,0,0,1,5,0,5,1,1,1,2,5,5,5,2,2,2,3,2,2,2,2,2,4,3,3,1.398920926,1.043777759,0.617202128,1,0,1,0,3,0,1,1,0,0,2,0,4,0,1,2,0,1,2,0,0,0,0,0,0,-9,0,1,0,0,1,1,0,0,1,1,0,0,1,1,0,0,1,1,0,0,1,1,0,0,0,1
2580,51,4,0.694138897,0,53203,1,0,0,2,0,1,0,0,0,2,4,3,4,4,2,2,1,4,4,4,2,2,2,4,2,2,2,2,3,4,2,3,-0.192870794,-0.963731525,-0.971190142,1,0,0,1,4,0,0,1,0,0,2,0,4,1,0,1,1,0,1,0,1,0,0,0,1,-9,0,0,0,1,3,0,0,1,3,0,0,1,3,0,1,0,2,0,0,1,3,0,0,0,1,4
2581,21,4,0.457537352,0,21850,0,0,1,2,0,1,0,0,0,2,4,1,3,4,3,3,2,4,4,3,2,2,2,3,2,2,2,2,2,3,3,3,0.765878032,-0.883003376,-0.149037099,1,0,0,1,4,0,0,1,0,0,2,0,4,1,0,1,1,0,1,0,0,0,0,0,1,-9,0,1,0,0,1,1,0,0,1,1,0,0,1,1,0,0,1,1,0,0,1,1,0,0,0,1
2585,24,4,1.510801203,0,56449,0,0,1,2,0,1,0,0,0,1,5,1,4,4,1,1,1,2,3,1,2,2,2,3,2,1,2,2,2,3,3,3,-0.593116287,-0.187345447,0.002231341,0,0,0,1,4,0,0,1,0,0,2,0,4,0,1,2,1,0,1,0,0,0,0,1,0,-9,0,1,0,0,1,1,0,0,1,0,1,0,2,0,0,1,3,1,0,0,1,1,0,0,0,1
2586,45,2,2.711409773,0,76705,0,1,0,2,0,1,0,0,0,3,4,3,3,3,3,3,3,3,3,3,2,2,2,4,2,2,2,2,2,3,3,4,0.253653249,0.888514973,-0.480872041,1,1,0,0,2,0,0,1,0,0,2,0,4,0,1,2,0,1,2,0,0,0,1,1,0,1,1,1,0,0,1,1,0,0,1,0,0,1,3,0,1,0,2,1,0,0,1,1,0,0,0,1
2587,36,4,0.500491395,0,44720,0,1,0,1,1,0,0,0,0,2,5,1,2,5,1,1,1,3,4,2,2,2,2,4,2,2,1,1,3,1,2,4,1.367302094,-0.936856244,-0.030284929,1,0,0,1,4,0,0,1,0,0,2,0,4,0,1,2,0,1,2,0,0,0,0,1,0,-9,0,1,0,0,1,0,1,0,2,0,1,0,2,0,0,1,3,1,0,0,1,0,1,0,0,2
2588,14,2,1.1537244,0,62644,0,1,0,2,0,1,0,0,0,3,5,3,3,3,4,3,3,4,3,3,3,2,3,2,2,3,3,2,2,3,3,3,-0.43464322,0.042296902,-0.302518435,0,1,0,0,2,0,0,1,0,0,2,0,4,1,0,1,1,0,1,0,0,0,1,1,0,1,1,1,0,0,1,1,0,0,1,1,0,0,1,1,0,0,1,1,0,0,1,1,0,0,0,1
2590,4,2,1.046719173,0,72212,0,1,0,1,1,0,0,0,0,2,3,3,4,4,2,2,3,5,4,4,2,2,2,3,2,2,3,2,3,4,3,3,-0.199867238,0.749273943,-0.302667686,1,0,1,0,3,1,1,0,1,0,2,0,2,1,0,1,1,0,1,0,0,0,0,0,0,-9,0,0,1,0,2,0,0,1,3,1,0,0,1,0,1,0,2,1,0,0,1,0,1,0,0,2
2592,18,4,0.382581805,0,42420,0,1,0,4,0,0,0,1,0,3,5,5,2,5,2,2,1,5,5,3,2,2,2,4,2,2,2,2,2,4,4,4,-0.906320052,-1.322136988,-0.196873287,0,0,0,1,4,1,1,1,0,0,2,0,4,0,0,0,1,0,1,0,0,0,0,1,0,1,1,1,0,0,1,1,0,0,1,0,1,0,2,0,1,0,2,1,0,0,1,1,0,0,0,1
2594,10,2,31.41642774,0,34652,0,1,0,2,0,1,0,0,0,1,2,1,5,3,1,1,1,4,1,3,2,2,2,3,2,3,3,2,3,3,3,3,-0.730712054,-0.084768034,1.300093643,0,0,0,1,4,0,0,1,1,0,2,0,2,0,0,3,0,1,2,0,0,0,0,0,0,-9,0,0,1,0,2,0,1,0,2,0,0,1,3,0,0,1,3,1,0,0,1,0,0,0,1,4
2599,42,4,0.433100399,0,29108,0,1,0,3,0,0,1,0,0,4,5,5,4,5,3,5,3,5,5,4,2,1,3,4,3,2,1,1,3,4,3,4,0.400890037,0.323130087,0.530339301,1,0,1,0,3,0,0,1,0,0,2,0,4,1,0,1,0,1,2,0,0,0,0,1,0,1,1,1,0,0,1,1,0,0,1,0,1,0,2,0,1,0,2,1,0,0,1,1,0,0,0,1
2600,19,2,1.073592433,0,71433,0,0,1,2,0,1,0,0,0,1,3,3,4,3,1,1,1,1,1,1,2,2,2,4,2,2,2,2,2,4,3,4,-0.35194827,0.124044667,0.574495792,0,0,0,0,1,0,0,1,0,0,2,0,4,0,0,0,0,0,3,0,0,0,1,0,0,-9,0,1,0,0,1,1,0,0,1,1,0,0,1,1,0,0,1,1,0,0,1,1,0,0,0,1
2601,51,4,1.171911313,0,54101,0,0,1,2,0,1,0,0,0,1,3,3,4,5,1,1,1,5,5,3,2,2,2,4,2,2,2,2,2,4,3,4,0.852656283,0.7880557,0.487526251,1,0,0,1,4,0,0,1,0,0,2,0,4,1,0,1,1,0,1,0,0,0,0,1,0,-9,0,1,0,0,1,1,0,0,1,0,1,0,2,0,0,1,3,1,0,0,1,1,0,0,0,1
2603,33,4,0.673166175,0,14227,0,1,0,2,0,1,0,0,0,1,4,3,4,4,1,1,2,3,4,2,1,1,1,1,2,2,1,2,3,4,3,2,-0.87194463,-1.072029387,-0.181902471,0,0,1,0,3,0,0,1,0,0,2,0,4,0,1,2,0,1,2,0,0,0,0,1,0,-9,0,0,1,0,2,0,1,0,2,0,1,0,2,1,0,0,1,1,0,0,1,0,0,1,0,3
2606,23,4,1.175605282,0,48506,0,1,0,4,0,0,0,1,0,3,3,5,3,3,3,3,2,4,4,3,2,2,2,3,2,2,2,2,2,3,3,3,-0.39185185,-0.334128995,-0.306643835,1,0,0,1,4,0,0,1,0,0,2,0,4,1,0,1,1,0,1,0,1,0,0,0,0,1,1,0,1,0,2,1,0,0,1,0,1,0,2,1,0,0,1,1,0,0,1,0,0,1,0,3
2609,51,4,0.460212614,0,53218,0,1,0,2,0,1,0,0,0,1,5,3,3,5,1,1,1,5,5,2,1,1,1,1,1,1,1,1,3,4,2,4,0.612366861,-0.274977941,0.80602216,0,0,0,1,4,0,0,0,1,0,2,0,2,1,0,1,0,0,3,0,0,0,0,1,0,-9,0,0,0,1,3,0,1,0,2,0,1,0,2,0,1,0,2,1,0,0,1,0,0,0,1,4
2612,23,4,0.674457945,0,49333,0,0,1,2,0,1,0,0,0,2,4,3,4,4,2,2,1,4,3,3,2,2,2,3,2,2,2,2,2,3,3,3,0.63649054,-0.587014103,-0.150209762,0,0,0,1,4,0,0,1,0,0,2,0,4,1,0,1,1,0,1,0,0,0,0,1,0,-9,0,1,0,0,1,1,0,0,1,1,0,0,1,1,0,0,1,1,0,0,1,1,0,0,0,1
2613,45,4,0.802221789,1,79938,0,1,0,2,0,1,0,0,0,3,4,3,4,5,2,2,1,4,4,2,2,2,2,4,2,2,2,2,3,4,3,4,0.49716476,-0.926304309,0.8908252,0,0,0,1,4,0,0,1,0,0,2,0,4,1,0,1,1,0,1,0,0,0,0,1,0,-9,0,0,1,0,2,1,0,0,1,0,1,0,2,0,1,0,2,1,0,0,1,0,1,0,0,2
2614,45,2,0.557738588,1,78745,1,0,0,3,0,0,1,0,0,3,4,4,4,4,1,2,1,5,4,3,1,1,2,3,2,2,2,2,3,4,2,3,0.537026285,-0.227027939,0.044949611,1,0,0,1,4,1,1,1,0,0,2,0,4,0,0,0,1,0,1,0,1,0,1,1,0,-9,0,0,0,1,3,0,1,0,2,0,0,1,3,0,0,1,3,1,0,0,1,0,0,1,0,3
2616,46,2,0.761990279,0,84036,0,0,1,3,0,0,1,0,0,3,3,3,4,3,2,2,2,4,4,4,2,2,2,4,3,3,2,2,2,2,2,2,-0.242249461,-0.123873468,-1.173883394,0,0,0,1,4,1,1,1,0,0,2,0,4,0,1,2,0,1,2,0,0,0,0,1,0,0,0,1,0,0,1,1,0,0,1,1,0,0,1,0,0,1,3,1,0,0,1,1,0,0,0,1
2619,10,4,1.101122772,0,32177,0,1,0,1,1,0,0,0,0,1,6,1,4,5,3,3,2,3,5,3,2,2,2,3,2,2,2,2,2,4,3,3,1.290395891,0.15229653,-0.215244746,0,0,0,1,4,0,0,1,0,0,2,0,4,0,1,2,0,0,3,0,0,0,0,0,0,-9,0,1,0,0,1,0,1,0,2,0,1,0,2,0,0,1,3,1,0,0,1,1,0,0,0,1
2620,49,4,1.66E-08,0,99114,0,1,0,2,0,1,0,0,0,3,5,4,2,5,3,3,2,4,5,4,2,3,2,3,2,2,2,2,3,3,2,4,0.650205979,-0.150033614,0.09596293,0,0,0,1,4,0,0,1,0,0,2,0,4,1,0,1,0,1,2,0,1,0,0,0,0,1,1,1,0,0,1,0,1,0,2,1,0,0,1,1,0,0,1,1,0,0,1,1,0,0,0,1
2621,21,4,0.84225839,0,21754,0,1,0,2,0,1,0,0,0,2,4,3,4,4,1,1,1,3,3,2,2,3,1,1,2,1,2,1,2,1,1,1,0.328586373,-0.621776714,-0.101759329,1,0,0,1,4,0,0,1,0,0,2,0,4,0,1,2,0,0,3,0,0,0,0,1,0,1,1,1,0,0,1,1,0,0,1,1,0,0,1,0,1,0,2,1,0,0,1,1,0,0,0,1
2623,45,4,0.200426179,0,76504,0,1,0,3,0,0,1,0,0,3,1,2,5,5,1,1,1,3,4,4,2,2,2,4,2,2,2,2,2,4,3,3,-0.700698806,-0.799135166,-0.168554105,0,0,0,1,4,0,1,1,0,0,2,0,4,1,0,1,0,1,2,0,0,0,0,1,0,1,1,0,1,0,2,0,0,1,3,0,0,1,3,0,0,1,3,1,0,0,1,1,0,0,0,1
2628,18,4,0.460437075,0,42164,0,1,0,2,0,1,0,0,0,1,3,1,3,5,1,1,1,5,5,3,2,1,2,4,2,2,1,2,3,2,2,3,0.666463786,-0.425216833,-1.02321078,1,0,0,1,4,0,0,1,0,0,2,0,4,1,0,1,1,0,1,0,0,0,0,1,0,1,1,1,0,0,1,1,0,0,1,1,0,0,1,1,0,0,1,1,0,0,1,1,0,0,0,1
2629,36,4,0.704168733,0,44270,0,1,0,3,0,0,1,0,0,3,5,3,3,5,2,3,3,4,4,3,1,2,2,4,2,2,2,2,3,3,3,4,0.83078407,-0.603561313,-0.562939457,0,0,0,1,4,0,0,1,0,0,2,0,4,0,0,0,0,1,2,0,0,0,0,1,0,-9,0,1,0,0,1,1,0,0,1,1,0,0,1,0,1,0,2,1,0,0,1,1,0,0,0,1
2630,24,4,0.713806145,0,55416,1,0,0,1,1,0,0,0,0,2,5,2,4,5,1,5,1,4,5,3,2,2,2,3,2,2,2,2,2,3,3,4,0.832746151,0.336812467,-1.132896022,1,0,0,1,4,0,0,1,0,0,2,0,4,1,0,1,1,0,1,0,0,0,0,0,0,-9,0,0,0,1,3,0,0,1,3,0,0,1,3,0,0,1,3,1,0,0,1,0,0,0,1,4
2632,39,4,0.106351594,0,18018,1,0,0,2,0,1,0,0,0,2,3,1,4,4,1,1,1,4,4,3,1,1,1,4,2,2,1,2,3,4,4,4,-0.162250681,0.382936785,-0.503639005,0,0,0,1,4,1,1,1,0,0,2,0,4,0,1,2,0,1,2,0,0,0,0,0,0,1,1,0,0,1,3,0,0,1,3,0,0,1,3,0,1,0,2,1,0,0,1,0,0,0,1,4
2634,39,4,0.941576114,0,19125,1,0,0,3,0,0,1,0,0,1,3,3,3,3,3,3,3,3,3,3,1,1,1,1,1,1,1,1,1,1,1,1,0.018772491,0.238109119,-0.496514178,1,0,1,0,3,0,0,1,0,0,2,0,4,1,0,1,1,0,1,0,0,0,0,0,0,1,1,0,0,1,3,0,0,1,3,0,0,1,3,0,0,1,3,0,0,1,3,0,0,0,1,4
2637,10,4,0.314141838,1,33187,0,1,0,3,0,0,1,0,0,3,1,1,5,5,3,2,1,2,5,1,2,2,3,1,1,2,2,2,3,1,3,3,-0.026484994,-0.081589903,-0.86074519,1,0,1,1,4,0,0,1,0,0,2,0,4,1,0,1,1,0,1,0,1,0,0,0,1,-9,0,1,0,0,1,1,0,0,1,1,0,0,1,0,1,0,2,1,0,0,1,1,0,0,0,1
2639,36,4,0.372512427,0,43357,0,1,0,4,0,0,0,1,0,2,5,5,2,5,5,2,3,3,5,3,1,1,3,4,2,2,1,2,3,3,2,3,0.029552461,-1.344739011,0.855142253,1,0,1,0,3,0,0,1,0,0,2,0,4,1,0,1,0,0,3,0,1,0,0,1,1,1,1,1,0,0,1,1,0,0,1,0,1,0,2,0,0,1,3,1,0,0,1,1,0,0,0,1
2643,34,4,0.223532118,0,28078,0,1,0,1,1,0,0,0,0,1,1,0,5,5,1,1,1,1,3,1,2,2,2,3,2,2,2,2,2,1,1,1,0.480857851,-0.370039225,-0.606333153,0,0,0,1,4,0,0,1,0,0,2,0,4,1,0,1,0,0,3,0,1,0,0,1,0,1,1,0,1,0,2,0,1,0,2,0,0,1,3,0,1,0,2,1,0,0,1,0,0,1,0,3
2645,11,2,4.275176808,0,30068,0,1,0,4,0,0,0,1,0,2,5,4,5,2,1,4,1,5,5,4,3,3,3,2,3,2,2,1,3,3,2,2,1.24535325,0.99872022,0.747383365,0,0,1,1,4,0,1,1,0,0,2,0,4,0,0,3,0,0,3,1,0,0,1,1,0,-9,0,0,1,0,2,0,1,0,2,1,0,0,1,0,0,1,3,1,0,0,1,1,0,0,0,1
2647,51,2,1.414860604,0,54143,0,1,0,3,0,0,1,0,0,2,5,3,4,3,4,3,2,5,5,5,1,1,1,1,1,3,1,2,3,2,2,4,0.125984554,-0.364735967,0.529866492,1,1,0,0,2,0,0,1,0,0,2,0,4,1,0,1,1,0,1,0,0,0,1,0,0,-9,0,1,0,0,1,0,1,0,2,1,0,0,1,0,1,0,2,1,0,0,1,0,1,0,0,2
2649,37,4,3.060520254,0,74339,0,1,0,1,1,0,0,0,0,1,1,1,3,5,1,2,3,3,4,4,2,2,2,4,2,2,2,2,2,4,3,3,0.21755363,-0.625891608,0.381696572,0,0,0,1,4,0,0,1,0,0,2,0,4,1,0,1,0,1,2,0,0,0,0,1,0,-9,0,1,0,0,1,1,0,0,1,1,0,0,1,0,0,1,3,1,0,0,1,0,1,0,0,2
2650,8,4,0.173646884,0,19952,0,1,0,2,0,1,0,0,0,2,5,4,3,4,3,3,2,5,5,5,1,1,1,1,2,1,3,1,3,1,2,2,0.520556751,-1.258250249,0.252248363,1,0,0,1,4,0,0,0,0,0,2,0,5,1,0,1,1,0,1,0,1,0,0,1,0,-9,0,1,0,0,1,1,0,0,1,1,0,0,1,1,0,0,1,1,0,0,1,1,0,0,0,1
2651,14,4,0.48236036,0,60084,0,1,0,1,1,0,0,0,0,1,3,1,5,3,1,1,1,3,3,2,2,2,2,1,2,2,2,2,2,3,2,3,0.066390181,0.376235603,0.097140567,0,0,0,1,4,0,0,1,0,0,2,0,4,1,0,1,0,0,3,0,0,0,0,1,0,1,1,1,0,0,1,1,0,0,1,0,0,1,3,0,0,1,3,1,0,0,1,1,0,0,0,1
2652,10,4,1.002477659,0,34667,0,1,0,2,0,1,0,0,0,1,3,1,5,5,1,3,1,5,4,4,1,1,2,4,2,2,1,2,3,3,3,4,1.284999884,0.297099029,0.084788915,0,0,0,1,4,0,0,1,0,0,2,0,4,0,0,3,0,1,2,0,0,0,0,1,0,-9,0,1,0,0,1,1,0,0,1,0,0,1,3,0,1,0,2,1,0,0,1,0,1,0,0,2
2655,6,4,0.085705453,0,80922,0,0,1,2,0,1,0,0,0,3,4,1,3,4,2,2,1,4,3,3,2,2,2,2,3,1,1,1,3,2,2,1,-0.118264643,-0.508763343,-0.098072744,0,0,0,1,4,0,0,1,0,0,2,0,4,1,0,1,1,0,1,0,0,0,0,0,0,1,1,0,0,0,0,0,0,0,0,0,0,0,0,0,0,0,0,0,0,0,0,0,0,0,0,0
2659,23,2,0.433179792,0,48002,0,0,1,2,0,1,0,0,0,2,4,1,4,4,1,2,1,4,5,2,2,2,2,4,2,2,1,2,3,4,3,4,-0.531303621,-0.465474894,-0.811824468,1,1,0,0,2,0,0,1,0,0,2,0,4,0,0,0,0,0,3,0,0,0,0,1,0,1,1,1,0,0,1,1,0,0,1,0,1,0,2,1,0,0,1,1,0,0,1,1,0,0,0,1
2662,51,4,0.704168733,0,54929,0,1,0,3,0,0,1,0,0,2,4,3,4,4,3,3,2,4,4,4,2,2,3,3,2,2,1,2,3,1,3,3,1.376543742,0.689664571,0.513956141,0,0,0,1,4,0,0,1,0,0,2,0,4,1,0,1,0,1,2,0,0,0,0,1,0,1,1,1,0,0,1,1,0,0,1,0,1,0,2,0,0,1,3,1,0,0,1,1,0,0,0,1
2663,48,2,0.800923569,0,23851,0,1,0,3,0,0,1,0,0,2,3,4,2,4,2,2,2,4,3,4,2,2,2,1,2,2,2,2,2,3,3,3,0.788965972,0.069431711,0.5299926,0,0,1,0,3,0,0,1,0,0,2,0,4,1,0,1,0,1,2,0,0,0,0,1,0,1,1,1,0,0,1,1,0,0,1,0,1,0,2,1,0,0,1,1,0,0,1,1,0,0,0,1
2664,1,2,1.076644928,0,36116,0,1,0,3,0,0,1,0,0,2,5,4,4,5,2,3,2,5,5,3,2,2,2,4,2,2,2,2,3,4,3,4,-1.946552564,-1.334352585,-1.191565772,1,1,0,0,2,0,0,0,1,0,2,0,2,1,0,1,0,1,2,1,0,0,1,0,0,-9,0,0,1,0,2,1,0,0,1,0,1,0,2,0,0,1,3,1,0,0,1,0,0,1,0,3
2666,23,4,1.702018697,0,48457,0,1,0,2,0,1,0,0,0,2,5,4,4,4,1,1,1,4,2,1,2,2,2,4,2,2,2,2,2,4,2,4,-0.496019897,-0.602352761,0.127850379,0,0,1,0,3,0,0,1,0,0,2,0,4,1,0,1,1,0,1,0,1,0,0,1,0,-9,0,1,0,0,1,1,0,0,1,0,1,0,2,1,0,0,1,1,0,0,1,1,0,0,0,1
2668,15,2,3.133091114,0,46226,0,1,0,3,0,0,1,0,0,2,3,4,3,3,2,4,2,4,4,4,2,2,2,4,2,2,2,2,2,4,2,3,-0.121471762,-0.317648459,-1.012401451,1,0,1,0,3,0,0,0,1,0,2,0,2,1,0,1,1,0,1,1,0,0,1,0,0,-9,0,0,1,0,2,0,1,0,2,0,1,0,2,1,0,0,1,1,0,0,1,0,0,1,0,3
2669,39,4,0.39889682,0,19130,1,0,0,1,1,0,0,0,0,1,4,0,5,5,1,2,1,4,5,3,2,2,2,1,2,2,1,1,3,3,2,4,0.975971857,-0.299009776,0.600274543,0,0,0,1,4,0,1,1,0,0,2,0,4,0,1,2,0,1,2,0,1,0,0,0,1,1,1,0,0,1,3,0,0,1,3,1,0,0,1,0,0,1,3,0,0,1,3,0,0,0,1,4
2674,11,2,8.491815253,0,30310,0,1,0,4,0,0,0,1,0,2,3,3,2,4,5,5,5,4,3,4,1,2,2,2,2,3,3,3,2,1,2,3,-1.384241876,0.300365067,0.44261881,0,1,0,0,2,0,0,1,0,0,2,0,4,0,0,3,0,1,2,0,0,0,1,0,0,-9,0,0,1,0,2,0,1,0,2,0,0,1,3,1,0,0,1,0,0,1,3,0,0,1,0,3
2680,23,4,0.5144071,0,49849,0,1,0,4,0,0,0,1,0,2,5,2,5,5,1,1,1,5,5,1,2,3,3,2,2,2,2,3,3,4,3,4,-0.440350749,-1.236314158,-0.006414064,1,1,0,0,2,0,0,1,0,0,2,0,4,1,0,1,0,0,3,1,0,0,0,0,1,-9,0,1,0,0,1,1,0,0,1,1,0,0,1,1,0,0,1,1,0,0,1,1,0,0,0,1
2683,34,4,0.200426179,0,28734,0,1,0,2,0,1,0,0,0,3,3,2,4,5,2,2,1,4,4,3,1,2,2,4,2,2,2,2,2,3,3,3,0.320007493,-0.214477115,0.26549196,0,0,0,1,4,1,1,1,0,0,2,0,4,1,0,1,0,1,2,0,1,0,0,1,0,-9,0,1,0,0,1,1,0,0,1,0,1,0,2,0,1,0,2,1,0,0,1,1,0,0,0,1
2685,48,4,2.239818806,0,22102,1,0,0,1,1,0,0,0,0,1,4,3,4,5,1,2,1,2,5,2,1,1,1,1,2,2,2,2,2,1,2,1,0.21191875,-0.905109796,-0.823628341,1,0,0,1,4,1,1,0,1,0,2,0,2,0,0,3,1,0,1,0,0,0,0,0,0,-9,0,0,0,1,3,0,0,1,3,0,0,1,3,0,0,1,3,0,0,1,3,0,0,1,0,3
2686,45,2,1.684983566,1,76058,0,1,0,2,0,1,0,0,0,2,2,4,3,4,4,3,4,4,4,3,2,2,2,3,2,2,2,2,2,3,3,3,0.088489398,1.19049621,0.402812042,1,1,0,0,2,0,0,1,0,0,2,0,4,1,0,1,0,0,3,1,0,0,0,1,0,-9,0,1,0,0,1,1,0,0,1,0,1,0,2,1,0,0,1,1,0,0,1,1,0,0,0,1
2687,15,2,0.911094748,0,46962,0,1,0,2,0,1,0,0,0,2,2,3,4,5,3,3,2,5,5,5,1,1,1,1,3,3,1,2,3,2,2,1,1.01452583,0.281693476,-0.662907996,1,1,0,0,2,0,0,1,0,0,2,0,4,0,1,2,0,0,3,1,0,0,1,1,0,1,1,1,0,0,1,1,0,0,1,1,0,0,1,0,0,1,3,1,0,0,1,1,0,0,0,1
2688,13,4,40.0838615,0,83835,0,1,0,3,0,0,1,0,0,2,4,5,2,5,4,5,1,5,5,3,1,1,1,1,3,1,2,1,3,4,2,1,0.518826771,-1.669743385,-0.115325696,1,0,1,0,3,0,0,0,1,0,1,1,1,0,1,2,0,1,2,0,0,0,0,0,0,-9,0,1,0,0,1,1,0,0,1,0,1,0,2,0,0,1,3,1,0,0,1,1,0,0,0,1
2689,19,4,1.730578443,0,70508,0,1,0,3,0,0,1,0,0,2,5,3,4,5,1,1,1,4,4,3,1,1,2,4,2,2,1,2,3,4,2,3,1.220231839,0.536500238,-1.960717345,1,0,1,1,4,0,0,1,0,0,2,0,4,0,1,2,0,1,2,0,1,0,0,1,0,1,1,1,0,0,1,0,1,0,2,1,0,0,1,0,0,1,3,1,0,0,1,0,1,0,0,2
2694,46,4,5.70E-06,0,84520,0,0,1,4,0,0,0,1,0,2,5,5,1,5,5,2,4,5,5,5,2,2,2,2,2,2,3,1,3,2,2,2,-1.729357089,-1.826940395,2.176070475,1,0,1,0,3,0,0,1,0,0,2,0,4,1,0,1,0,0,3,0,1,0,0,1,0,1,1,0,0,0,0,0,0,0,0,0,0,0,0,0,0,0,0,0,0,0,0,0,0,0,0,0
2695,45,4,1.264468901,1,75638,0,1,0,3,0,0,1,0,0,3,2,2,4,5,1,1,2,4,4,1,1,1,3,1,2,2,3,1,2,2,2,4,0.488622904,-1.140458532,0.037951065,1,0,1,0,3,0,0,1,0,0,2,0,4,1,0,1,1,0,1,0,1,0,0,1,0,1,1,1,0,0,1,1,0,0,1,0,1,0,2,1,0,0,1,1,0,0,1,1,0,0,0,1
2696,50,4,0.641134215,0,24868,0,0,1,1,1,0,0,0,0,1,5,0,1,5,1,1,1,5,1,1,1,1,1,1,2,2,1,1,2,1,3,3,-0.031095215,0.943658752,0.579777596,1,0,0,1,4,0,0,1,0,0,2,0,4,1,0,1,0,0,3,1,0,0,0,1,0,-9,0,1,0,0,1,1,0,0,1,1,0,0,1,0,1,0,2,1,0,0,1,1,0,0,0,1
2699,33,2,0.77522914,0,10024,1,0,0,3,0,0,1,0,0,2,6,3,3,5,3,3,3,4,4,4,2,2,2,4,2,2,2,2,2,4,3,4,-0.485081089,-1.479687208,0.349567788,1,1,0,0,2,0,0,1,0,0,1,1,1,1,0,1,0,1,2,0,0,1,1,0,1,-9,0,0,0,1,3,0,0,1,3,0,0,1,3,0,0,1,3,0,0,1,3,0,0,0,1,4
2701,36,4,0.42609324,0,44408,0,1,0,3,0,0,1,0,0,3,3,4,2,5,1,3,3,5,5,3,1,1,2,1,2,2,1,2,3,4,2,4,0.685827427,0.685374693,0.485536193,1,0,0,1,4,1,1,1,0,0,2,0,4,0,0,0,0,1,2,0,0,0,0,1,0,-9,0,1,0,0,1,1,0,0,1,0,1,0,2,0,1,0,2,1,0,0,1,1,0,0,0,1
2702,31,2,0.267208749,0,8742,0,1,0,4,0,0,0,1,0,2,5,5,5,3,4,2,1,2,3,4,2,1,2,3,2,2,2,2,2,3,3,3,-0.038789932,0.247631238,0.113674073,1,1,0,0,2,0,0,1,0,0,2,0,4,1,0,1,0,1,2,0,1,0,1,0,0,-9,0,0,1,0,2,0,1,0,2,1,0,0,1,0,0,1,3,0,1,0,2,0,0,0,1,4
2703,23,4,0.400543819,0,48101,0,1,0,2,0,1,0,0,0,3,2,3,2,5,5,5,1,4,4,4,2,3,1,4,2,2,2,2,3,4,4,4,1.221680136,0.408443429,-1.027902335,1,0,1,0,3,0,0,1,0,0,2,0,4,1,0,1,0,1,2,0,0,0,0,1,0,-9,0,0,0,1,3,0,1,0,2,0,1,0,2,0,1,0,2,1,0,0,1,0,1,0,0,2
2704,11,2,1.607791675,0,31091,0,0,1,3,0,0,1,0,0,2,4,3,5,1,1,1,1,3,3,3,1,2,2,4,2,2,2,2,2,3,3,3,1.257061646,-1.381899055,0.916468125,1,0,0,1,4,0,0,1,0,0,2,0,4,0,1,2,0,1,2,0,0,0,1,1,0,1,1,1,0,0,1,1,0,0,1,0,1,0,2,0,1,0,2,1,0,0,1,1,0,0,0,1
2706,39,4,0.878583098,0,16830,0,1,0,3,0,0,1,0,0,3,5,3,3,5,1,1,1,4,5,5,1,1,1,1,2,2,1,2,3,1,2,4,-0.201726468,0.365079264,-0.582796777,1,0,1,0,3,0,0,1,0,0,2,0,4,1,0,1,1,0,1,0,0,0,0,0,0,1,1,1,0,0,1,0,1,0,2,1,0,0,1,0,1,0,2,1,0,0,1,0,1,0,0,2
2707,23,4,0.908278818,0,48629,0,1,0,3,0,0,1,0,0,2,4,1,4,3,1,1,1,3,4,1,2,2,2,4,2,2,2,2,2,3,3,3,0.592155363,0.541350257,-0.532135442,1,0,0,1,4,0,0,1,0,0,2,0,4,0,1,2,0,1,2,0,0,0,0,1,0,-9,0,1,0,0,1,1,0,0,1,1,0,0,1,0,0,1,3,1,0,0,1,1,0,0,0,1
2708,14,4,0.53204069,0,62454,0,1,0,3,0,0,1,0,0,3,5,4,2,5,1,5,1,3,4,4,1,1,3,4,2,2,1,2,3,2,2,1,1.478404638,-1.867544729,0.95213963,1,0,1,0,3,0,0,1,0,0,2,0,4,1,0,1,1,0,1,0,1,0,0,0,0,1,1,1,0,0,1,0,1,0,2,1,0,0,1,0,0,1,3,1,0,0,1,0,1,0,0,2
2709,15,2,1.537201796,0,46410,0,1,0,3,0,0,1,0,0,3,4,3,4,4,1,1,1,4,3,3,1,1,3,1,2,2,2,2,2,4,3,4,0.99999448,0.552763991,0.703258514,1,0,1,1,4,0,0,1,0,0,2,0,4,0,1,2,0,1,2,0,1,0,1,1,0,-9,0,0,1,0,2,0,1,0,2,0,1,0,2,0,0,1,3,1,0,0,1,1,0,0,0,1
2711,18,2,1.52627727,0,40506,0,1,0,1,1,0,0,0,0,2,5,3,4,5,1,1,1,5,5,5,1,1,1,1,3,2,1,2,3,4,2,2,0.606753326,0.921145976,0.339330978,1,0,1,0,3,1,1,1,0,0,2,0,4,0,1,2,0,0,3,0,0,0,0,1,0,1,1,0,0,0,0,0,0,0,0,0,0,0,0,0,0,0,0,0,0,0,0,0,0,0,0,0
2713,26,4,0.545774301,0,64117,0,1,0,3,0,0,1,0,0,2,5,2,5,5,2,2,2,5,5,5,2,1,3,3,2,2,2,1,3,4,2,2,0.149914595,1.429666018,0.125659326,1,1,0,0,2,0,0,1,0,0,2,0,4,0,1,2,0,0,3,1,0,0,0,1,0,1,1,0,1,0,2,1,0,0,1,0,0,1,3,0,0,1,3,1,0,0,1,0,0,1,0,3
2714,33,4,0.330433367,0,11230,1,0,0,2,0,1,0,0,0,3,6,2,4,5,1,1,1,3,3,2,2,1,1,4,2,2,2,1,3,4,4,4,-1.022062285,0.268541928,-1.262492219,1,0,0,1,4,0,0,1,0,0,2,0,4,0,0,0,0,1,2,0,0,0,0,0,1,1,1,0,0,1,3,0,0,1,3,1,0,0,1,0,1,0,2,0,0,1,3,0,0,0,1,4
2716,39,4,0.147850918,0,16601,0,1,0,3,0,0,1,0,0,3,4,3,3,5,2,2,1,5,3,4,2,2,3,4,2,2,2,2,3,4,2,4,-0.576613195,-0.224912663,-0.278759877,0,0,1,0,3,0,0,1,0,0,2,0,4,1,0,1,0,0,3,1,1,0,0,1,0,-9,0,0,1,0,2,0,0,1,3,1,0,0,1,0,1,0,2,1,0,0,1,0,1,0,0,2
2718,6,4,0.000230629,0,80918,1,0,0,4,0,0,0,1,0,2,5,4,1,5,3,2,1,5,5,3,2,1,1,1,3,1,1,1,3,1,2,2,-0.567995345,-1.207391876,-0.173799316,1,1,0,0,2,1,1,1,0,0,2,0,4,1,0,1,0,0,3,1,1,0,0,1,0,-9,0,0,0,1,3,0,1,0,2,0,0,1,3,0,1,0,2,1,0,0,1,0,0,1,0,3
2720,26,4,0.923346996,0,63051,0,1,0,3,0,0,1,0,0,2,5,4,4,4,2,2,2,5,4,4,3,1,1,1,3,1,1,1,3,3,2,2,-0.574016373,-0.109043117,0.442131985,1,0,0,1,4,0,0,1,0,0,2,0,4,1,0,1,1,0,1,0,0,0,0,1,0,-9,0,1,0,0,1,1,0,0,1,0,1,0,2,0,1,0,2,1,0,0,1,1,0,0,0,1
2722,36,4,1.011366531,0,44203,0,1,0,3,0,0,1,0,0,3,5,3,1,5,1,1,1,5,5,3,1,1,2,4,2,2,1,2,3,4,3,4,0.308526496,-1.270737243,-0.685510105,1,0,0,1,4,0,0,1,0,0,2,0,4,1,0,1,1,0,1,0,1,0,0,1,0,1,1,0,1,0,2,0,1,0,2,0,1,0,2,0,1,0,2,1,0,0,1,1,0,0,0,1
2723,45,4,0.490651899,1,77535,0,1,0,5,0,0,0,0,1,3,3,3,3,5,3,3,1,5,5,3,1,2,2,4,2,2,2,2,2,3,2,4,1.424694482,-0.472634404,-1.317542019,1,0,1,0,3,0,0,1,0,0,2,0,4,1,0,1,1,0,1,0,1,0,0,1,1,-9,0,1,0,0,1,1,0,0,1,0,1,0,2,1,0,0,1,1,0,0,1,1,0,0,0,1
2724,45,4,0.787038468,1,78211,0,1,0,3,0,0,1,0,0,1,4,4,5,5,4,4,4,5,5,5,2,2,2,3,2,1,3,3,3,2,2,1,-1.393766312,-1.703374737,0.888577182,1,1,0,0,2,0,0,1,0,0,2,0,4,1,0,1,1,0,1,0,1,0,0,0,1,-9,0,0,0,1,3,0,1,0,2,0,0,1,3,0,1,0,2,1,0,0,1,0,0,1,0,3
2727,42,4,3.4674428,0,29486,0,1,0,1,1,0,0,0,0,1,1,0,3,5,1,1,1,1,1,1,1,1,1,1,1,1,1,1,1,1,1,1,1.125150473,0.195187659,0.197107121,1,0,1,0,3,1,1,1,0,0,2,0,4,0,0,3,0,1,2,0,0,0,0,1,0,-9,0,1,0,0,1,1,0,0,1,0,1,0,2,1,0,0,1,1,0,0,1,1,0,0,0,1
2729,23,4,0.278370959,0,49349,0,0,1,4,0,0,0,1,0,3,4,4,4,4,2,3,2,4,2,2,1,1,1,1,1,2,2,1,3,1,3,4,0.279493168,0.224773233,0.039447373,1,0,1,0,3,0,0,1,0,0,2,0,4,1,0,1,0,0,3,0,0,0,0,0,0,-9,0,1,0,0,1,1,0,0,1,0,1,0,2,1,0,0,1,1,0,0,1,1,0,0,0,1
2730,30,2,0.332292346,0,3079,0,1,0,5,0,0,0,0,1,3,5,5,3,4,1,1,1,3,5,3,2,2,2,4,2,2,1,2,2,4,2,4,-0.059407418,-0.48027694,-0.227857106,1,0,0,1,4,0,0,1,0,0,2,0,4,1,0,1,1,0,1,0,0,0,1,0,0,1,1,1,0,0,1,0,1,0,2,0,1,0,2,0,1,0,2,1,0,0,1,1,0,0,0,1
2732,34,4,1.152182,0,28551,0,0,1,2,0,1,0,0,0,4,2,4,4,5,1,2,1,3,4,2,2,3,3,1,2,2,1,1,3,1,2,2,1.021196009,-0.149922889,-1.08829038,1,0,0,1,4,0,0,1,0,0,2,0,4,0,1,2,0,1,2,0,0,0,0,1,0,1,1,1,0,0,1,1,0,0,1,0,1,0,2,0,0,1,3,1,0,0,1,1,0,0,0,1
2736,21,4,0.37647892,0,20910,1,0,0,3,0,0,1,0,0,3,3,5,4,4,1,1,1,1,3,3,2,1,1,1,2,2,1,2,3,4,2,1,-0.180552199,0.37104933,-0.163437649,1,0,0,1,4,1,1,1,0,0,2,0,4,1,0,1,1,0,1,0,0,0,0,0,0,1,1,0,0,1,3,0,0,1,3,0,1,0,2,0,1,0,2,0,0,1,3,0,0,0,1,4
2738,34,4,0.358961366,0,28805,0,1,0,3,0,0,1,0,0,2,6,3,5,4,4,4,2,4,5,5,2,2,2,4,2,2,2,2,3,4,4,3,0.712304917,-0.390575215,-0.5237504,0,0,0,1,4,1,1,1,0,0,2,0,4,1,0,1,1,0,1,0,0,0,0,0,0,-9,0,1,0,0,1,0,1,0,2,0,1,0,2,0,0,1,3,1,0,0,1,0,0,1,0,3
2743,38,4,1.01E-05,0,97601,0,1,0,3,0,0,1,0,0,3,5,4,4,4,1,2,1,4,3,3,1,1,2,1,3,1,3,1,3,1,2,1,0.228677899,0.135026039,0.052797666,1,0,0,1,4,0,0,1,0,0,2,0,4,1,0,1,0,1,2,0,0,0,0,1,0,1,1,0,1,0,2,0,1,0,2,0,1,0,2,0,1,0,2,1,0,0,1,0,0,1,0,3
2744,37,3,0.24121284,0,74063,0,1,0,2,0,1,0,0,0,1,4,3,4,4,2,2,2,4,4,4,3,2,2,1,2,2,2,1,2,4,2,3,0.534663896,-0.812927663,-0.036275338,1,0,0,1,4,0,0,1,0,0,2,0,4,1,0,1,0,1,2,0,0,0,0,1,0,1,1,1,0,0,1,1,0,0,1,0,0,1,3,1,0,0,1,1,0,0,1,1,0,0,0,1
2745,9,2,0.458988851,0,20011,1,0,0,3,0,0,1,0,0,3,5,4,4,4,3,4,4,4,3,3,2,2,3,2,3,3,3,2,2,2,2,2,-0.059416694,0.987703808,-0.077413921,0,1,0,0,2,0,0,0,1,0,2,0,2,1,0,1,0,0,3,0,0,1,0,0,0,1,1,0,0,1,3,0,0,1,3,1,0,0,1,0,1,0,2,0,0,1,3,0,0,0,1,4
2750,42,4,0.578459436,0,29645,0,0,1,2,0,1,0,0,0,3,5,5,1,3,4,4,3,3,3,3,1,1,1,1,1,1,1,1,1,1,1,1,-0.996469995,-0.264416612,-1.468468373,0,1,0,0,2,0,0,1,0,0,2,0,4,1,0,1,0,1,2,0,0,0,0,1,0,1,1,1,0,0,1,1,0,0,1,1,0,0,1,1,0,0,1,1,0,0,1,1,0,0,0,1
2754,35,4,0.221043744,0,58504,0,1,0,3,0,0,1,0,0,2,5,3,3,3,3,3,3,3,3,3,2,2,2,4,2,2,2,2,3,3,2,3,-0.248400859,-1.562423695,-2.418578653,1,1,0,0,2,0,0,1,0,0,2,0,4,1,0,1,0,1,2,0,0,0,0,1,1,-9,0,1,0,0,1,0,0,1,3,1,0,0,1,1,0,0,1,1,0,0,1,0,1,0,0,2
2756,7,4,8.780938445,0,6811,0,1,0,1,1,0,0,0,0,1,1,3,4,3,4,4,5,3,3,4,1,1,1,4,2,2,2,2,2,4,3,2,-0.474719502,0.840284887,-0.160895934,1,0,0,1,4,0,0,1,0,0,2,0,4,0,0,3,0,0,3,0,1,0,0,1,0,-9,0,1,0,0,1,1,0,0,1,0,1,0,2,0,1,0,2,1,0,0,1,1,0,0,0,1
2758,43,4,0.505148871,0,57104,0,1,0,2,0,1,0,0,0,2,3,2,4,4,2,3,3,3,4,3,3,1,1,2,3,1,3,1,3,2,2,2,-0.179390921,0.561495253,-0.391510957,1,0,0,1,4,0,0,1,0,0,2,0,4,1,0,1,0,1,2,0,0,0,0,1,0,1,1,0,1,0,2,0,0,1,3,0,1,0,2,0,0,1,3,1,0,0,1,0,0,0,1,4
2759,18,4,2.525935053,0,42431,0,1,0,2,0,1,0,0,0,2,5,2,2,3,1,1,1,4,3,2,1,1,2,1,3,1,3,1,2,3,2,3,0.075619179,0.037006328,0.265976087,0,0,1,0,3,0,0,1,0,0,2,0,4,0,1,2,1,0,1,0,0,0,0,1,0,-9,0,1,0,0,1,0,1,0,2,0,1,0,2,1,0,0,1,1,0,0,1,1,0,0,0,1
2760,17,4,0.223143263,0,66604,0,1,0,4,0,0,0,1,0,3,5,4,2,4,4,2,1,5,5,3,1,2,3,2,2,2,3,3,3,3,2,4,-1.410767905,-1.129612027,-1.199154715,1,1,0,0,2,0,0,1,0,0,2,0,4,1,0,1,0,0,3,1,0,0,0,0,0,-9,0,0,1,0,2,0,1,0,2,1,0,0,1,1,0,0,1,1,0,0,1,0,0,0,1,4
2762,33,2,0.836106205,0,14218,0,1,0,1,1,0,0,0,0,1,5,0,5,5,1,3,3,5,4,4,2,2,2,3,2,2,2,2,2,3,3,3,1.035920483,0.21947753,-0.02244441,1,0,0,0,1,0,0,1,0,0,2,0,4,0,1,2,0,0,3,1,0,0,0,0,0,-9,0,0,1,0,2,0,1,0,2,0,1,0,2,0,1,0,2,1,0,0,1,0,0,0,1,4
2765,48,2,1.46362392,0,22202,1,0,0,2,0,1,0,0,0,3,2,1,4,4,1,2,2,3,4,3,2,1,2,3,2,2,2,2,2,3,3,3,0.688904141,-0.304255826,0.154494,1,0,0,1,4,1,1,1,0,0,2,0,4,0,1,2,1,0,1,0,0,0,0,1,0,-9,0,0,0,1,3,0,0,1,3,0,0,1,3,0,1,0,2,0,0,1,3,0,0,0,1,4
2768,38,2,0.010077806,0,97007,0,1,0,3,0,0,1,0,0,2,5,5,1,5,3,4,3,4,4,3,3,2,2,3,2,2,3,2,3,2,2,3,-0.38730357,-0.865766717,0.534982656,1,0,1,0,3,1,1,1,0,0,2,0,4,1,0,1,1,0,1,0,0,0,1,1,0,1,1,0,0,1,3,0,1,0,2,1,0,0,1,1,0,0,1,1,0,0,1,0,0,1,0,3
2769,13,4,1.216525873,0,83404,0,1,0,2,0,1,0,0,0,2,5,3,5,5,1,1,2,4,4,2,2,2,2,4,2,2,2,2,2,3,2,3,0.268832543,0.183558739,0.277643157,0,0,1,0,3,0,0,1,0,0,2,0,4,0,1,2,1,0,1,0,0,0,0,0,0,0,0,0,1,0,2,0,0,1,3,1,0,0,1,0,1,0,2,1,0,0,1,0,1,0,0,2
2772,35,4,0.347694444,0,58330,0,0,1,2,0,1,0,0,0,1,5,3,5,4,1,3,1,4,3,3,1,1,1,1,1,2,1,1,2,3,4,3,1.301473536,-0.366359329,0.367775848,1,0,0,1,4,1,1,1,0,0,2,0,4,1,0,1,1,0,1,0,0,0,0,1,0,-9,0,1,0,0,1,1,0,0,1,1,0,0,1,0,0,1,3,1,0,0,1,1,0,0,0,1
2773,51,4,0.030176101,0,53209,1,0,0,2,0,1,0,0,0,1,6,0,5,5,1,1,1,3,4,1,2,2,2,4,2,2,2,2,2,4,2,4,-0.970139456,-1.869980831,1.064455029,1,0,0,1,4,0,0,1,0,0,2,0,4,1,0,1,0,1,2,0,0,0,0,0,1,0,0,0,0,1,3,0,1,0,2,1,0,0,1,0,1,0,2,1,0,0,1,0,0,0,1,4
2774,14,4,1.171911313,0,60423,0,1,0,1,1,0,0,0,0,1,6,3,3,5,3,3,1,4,4,3,2,1,2,3,2,2,2,2,2,4,3,4,0.81675575,0.252138938,-1.019115577,1,0,0,1,4,0,0,1,0,0,2,0,4,0,0,0,1,0,1,0,0,0,0,1,0,1,1,1,0,0,1,1,0,0,1,0,1,0,2,0,1,0,2,0,1,0,2,1,0,0,0,1
2776,36,4,4.248377799,0,43543,0,1,0,3,0,0,1,0,0,2,3,3,1,5,1,1,1,4,3,3,1,3,3,1,2,2,1,1,3,4,2,4,-1.378797032,-0.612794336,0.724562124,1,0,1,0,3,0,0,1,0,0,2,0,4,1,0,1,0,1,2,0,1,0,0,1,0,0,0,1,0,0,1,1,0,0,1,0,1,0,2,1,0,0,1,1,0,0,1,1,0,0,0,1
2777,51,4,0.467985275,0,54115,0,1,0,1,1,0,0,0,0,2,4,3,4,4,2,2,2,3,3,3,2,1,1,3,2,2,2,2,2,3,3,3,-0.520723176,0.440237058,-0.076033999,0,0,0,1,4,1,1,1,0,0,2,0,4,0,1,2,0,1,2,0,0,0,0,1,0,1,1,0,1,0,2,0,1,0,2,0,1,0,2,0,1,0,2,1,0,0,1,1,0,0,0,1
2778,49,4,0.001001127,0,98683,1,0,0,3,0,0,1,0,0,3,5,3,2,4,3,2,1,4,4,3,1,1,1,1,2,2,2,2,3,4,4,4,-1.261679445,-0.548411192,-0.978750877,0,0,0,1,4,1,1,1,0,0,2,0,4,0,1,2,1,0,1,0,0,0,0,0,1,0,0,0,0,1,3,0,0,1,3,0,0,1,3,0,1,0,2,1,0,0,1,0,0,0,1,4
2779,45,4,0.606418366,1,75155,0,0,1,1,1,0,0,0,0,1,3,0,5,4,1,1,1,1,3,1,2,2,2,4,2,2,2,2,2,4,3,3,1.376729422,-1.427675563,0.952224333,0,0,0,1,4,0,0,1,0,0,2,0,4,1,0,1,0,1,2,0,0,0,0,1,0,1,1,1,0,0,1,1,0,0,1,1,0,0,1,1,0,0,1,1,0,0,1,1,0,0,0,1
2780,4,4,0.401252052,0,72212,0,1,0,1,1,0,0,0,0,1,3,0,5,4,2,3,1,4,4,3,1,1,1,1,2,2,2,1,2,3,3,4,0.903038995,0.288500783,0.48492559,1,0,0,1,4,0,1,1,0,0,2,0,4,1,0,1,1,0,1,0,0,0,0,1,0,1,1,0,1,0,2,0,0,1,3,1,0,0,1,0,1,0,2,1,0,0,1,0,1,0,0,2
2781,39,4,0.298655486,0,15005,0,1,0,1,1,0,0,0,0,1,2,2,4,5,3,3,2,4,3,3,2,2,2,1,2,2,2,2,3,3,2,3,-0.097748744,-1.466970624,-0.622227357,1,0,0,1,4,0,0,1,0,0,2,0,4,1,0,1,1,0,1,0,1,0,0,1,0,-9,0,1,0,0,1,1,0,0,1,1,0,0,1,0,1,0,2,1,0,0,1,0,1,0,0,2
2785,5,4,0.503938313,0,92646,1,0,0,1,1,0,0,0,0,1,1,0,4,4,1,1,3,3,5,4,2,2,2,4,2,2,2,2,2,3,3,3,1.16044975,0.015462386,0.727885804,0,0,0,1,4,1,1,1,0,0,2,0,4,0,0,3,1,0,1,0,0,0,0,1,0,0,0,0,0,1,3,0,1,0,2,0,0,1,3,0,0,1,3,1,0,0,1,0,0,0,1,4
2789,1,4,0.474040221,0,36545,0,1,0,2,0,1,0,0,0,3,6,3,1,5,1,1,5,5,5,5,2,2,2,4,2,2,2,2,3,2,2,4,-1.49240088,-0.139894388,0.93406937,1,0,0,1,4,0,0,1,0,0,2,0,4,0,0,0,1,0,1,0,0,0,0,1,0,-9,0,1,0,0,1,1,0,0,1,1,0,0,1,0,0,1,3,1,0,0,1,1,0,0,0,1
2791,4,4,0.436048268,0,71901,0,1,0,2,0,1,0,0,0,3,6,2,3,5,1,4,1,4,4,1,1,2,1,4,1,2,1,2,3,1,3,4,0.507319707,0.268476379,-0.042267933,1,0,0,1,4,0,0,1,0,0,2,0,4,1,0,1,1,0,1,0,0,0,0,0,0,-9,0,1,0,0,1,0,1,0,2,1,0,0,1,0,0,1,3,1,0,0,1,0,1,0,0,2
2796,36,4,2.049088166,0,44143,0,1,0,3,0,0,1,0,0,3,5,3,2,5,3,3,1,5,5,5,2,2,2,4,1,2,2,2,3,4,3,3,1.678501058,-0.645097578,-0.285976314,1,0,0,1,4,0,0,1,0,0,2,0,4,0,1,2,1,0,1,0,1,0,0,1,1,-9,0,1,0,0,1,0,0,1,3,0,1,0,2,0,0,1,3,1,0,0,1,0,0,1,0,3
2802,50,4,0.885793834,0,25524,0,0,1,2,0,1,0,0,0,2,4,1,4,4,1,1,1,4,4,4,2,2,2,4,2,2,2,2,2,4,3,3,0.846745735,-0.121061763,0.003949255,0,0,0,1,4,0,1,1,0,0,2,0,4,0,1,2,0,0,3,0,0,0,0,1,0,-9,0,1,0,0,1,1,0,0,1,1,0,0,1,1,0,0,1,1,0,0,1,1,0,0,0,1
2803,39,2,0.416985395,0,19317,0,1,0,2,0,1,0,0,0,3,4,3,4,4,2,2,2,4,4,2,1,2,2,4,2,1,1,2,3,2,2,4,-0.583804107,-0.560005465,-0.653116911,0,0,0,1,4,1,1,1,0,0,2,0,4,1,0,1,0,1,2,0,0,0,0,1,0,-9,0,1,0,0,1,1,0,0,1,1,0,0,1,0,0,1,3,1,0,0,1,1,0,0,0,1
2805,14,4,0.678100937,0,60626,1,0,0,2,0,1,0,0,0,2,5,2,2,5,1,1,1,5,5,1,2,2,1,4,2,2,2,1,2,1,2,4,-0.400659828,-0.885645807,-2.122293662,0,0,0,1,4,1,1,1,0,0,2,0,4,1,0,1,1,0,1,0,0,0,0,0,1,0,0,0,0,1,3,0,0,1,3,1,0,0,1,1,0,0,1,0,0,1,3,0,0,0,1,4
2807,34,4,1.148397914,0,27887,0,0,1,2,0,1,0,0,0,2,2,3,2,2,1,1,1,2,5,5,1,3,3,4,2,2,1,2,3,4,2,3,1.121639459,0.513329177,1.035130222,1,0,0,1,4,0,0,0,1,0,2,0,2,1,0,1,1,0,1,0,0,0,0,1,0,-9,0,0,0,0,0,0,0,0,0,0,0,0,0,0,0,0,0,0,0,0,0,0,0,0,0,0
2808,34,4,0.903010998,0,28110,0,1,0,3,0,0,1,0,0,2,3,1,4,4,3,4,3,4,4,3,2,2,2,4,2,2,1,2,3,4,3,4,-0.066448117,0.550060264,-0.756976566,1,0,0,1,4,0,0,0,1,0,2,0,2,0,1,2,1,0,1,0,0,0,0,1,0,1,1,1,0,0,1,1,0,0,1,0,1,0,2,1,0,0,1,1,0,0,1,1,0,0,0,1
2810,22,4,1.02662712,0,1830,1,0,0,1,1,0,0,0,0,1,5,1,5,5,1,3,1,5,5,4,2,2,2,4,2,2,2,2,2,4,3,4,0.368203002,-0.525997011,0.590983442,0,0,1,0,3,0,0,1,0,0,2,0,4,1,0,1,1,0,1,0,0,0,0,0,1,-9,0,0,0,1,3,0,0,1,3,0,1,0,2,0,1,0,2,0,1,0,2,0,0,1,0,3
2812,3,4,0.00194738,0,86440,0,1,0,1,1,0,0,0,0,3,3,3,3,5,1,3,3,5,4,3,3,2,2,3,2,2,2,2,3,3,3,4,-0.113743944,-0.198207389,-1.501454374,1,0,0,1,4,0,0,1,0,0,2,0,4,1,0,1,1,0,1,0,0,0,0,1,0,1,1,1,0,0,1,1,0,0,1,1,0,0,1,1,0,0,1,1,0,0,1,1,0,0,0,1
2815,5,2,0.002075084,0,90018,1,0,0,1,1,0,0,0,0,1,4,0,5,5,3,3,3,5,5,5,2,2,2,1,2,2,2,1,2,1,3,3,0.754392376,-0.242154801,0.278945463,1,1,0,0,2,0,1,0,1,0,2,0,2,0,0,0,0,0,3,1,0,0,1,1,0,-9,0,0,0,1,3,0,0,1,3,0,0,1,3,0,0,1,3,0,0,1,3,0,0,0,1,4
2821,34,4,4.773221903,0,27320,0,1,0,4,0,0,0,1,0,3,5,5,3,5,3,3,3,3,3,3,2,2,2,4,2,2,2,2,2,3,3,3,0.269220164,-0.180145287,-0.728650741,1,0,0,1,4,0,0,0,1,0,2,0,2,0,0,3,0,1,2,0,0,0,0,1,0,-9,0,1,0,0,1,1,0,0,1,0,1,0,2,1,0,0,1,1,0,0,1,1,0,0,0,1
2825,14,4,0.511364446,0,60646,1,0,0,1,1,0,0,0,0,1,5,1,4,4,1,1,1,1,3,1,2,2,2,4,2,2,2,2,3,4,3,4,-0.102389948,-0.484838358,-0.6068125,0,0,1,0,3,0,0,1,0,0,2,0,4,1,0,1,0,1,2,0,1,0,0,0,0,1,1,0,0,1,3,0,0,1,3,1,0,0,1,0,1,0,2,0,0,1,3,0,0,0,1,4
2827,44,3,0.255952648,0,37030,0,1,0,4,0,0,0,1,0,3,5,4,2,5,3,3,4,5,4,2,2,2,3,2,3,2,3,1,3,1,1,1,-0.623613235,-0.676065877,-0.909735514,1,1,0,0,2,0,0,1,0,0,2,0,4,1,0,1,0,1,2,0,1,0,0,1,1,1,1,1,0,0,1,1,0,0,1,1,0,0,1,0,0,1,3,1,0,0,1,1,0,0,0,1
2828,30,2,1.100581313,0,3858,0,1,0,4,0,0,0,1,0,3,3,3,3,3,4,4,2,3,5,3,1,3,3,1,2,1,2,3,2,2,2,2,0.581862931,0.59616702,0.266459875,1,1,0,0,2,0,0,1,0,0,2,0,4,0,1,2,0,1,2,1,0,0,0,0,0,1,1,1,0,0,1,1,0,0,1,1,0,0,1,1,0,0,1,1,0,0,1,1,0,0,0,1
2830,4,4,0.21383748,0,72753,0,0,1,1,1,0,0,0,0,2,4,2,3,5,3,5,3,5,4,3,1,3,3,4,3,2,1,2,2,2,2,2,0.892348872,0.450038419,0.533689534,1,0,1,1,4,0,0,1,0,0,2,0,4,1,0,1,1,0,1,0,0,0,0,0,0,-9,0,1,0,0,1,1,0,0,1,0,1,0,2,1,0,0,1,1,0,0,1,1,0,0,0,1
2831,45,4,0.128296783,1,75062,1,0,0,4,0,0,0,1,0,3,3,4,3,4,1,1,1,4,4,2,3,3,1,1,2,2,1,1,3,1,2,2,1.072462507,-1.333418387,-0.042408402,1,0,0,1,4,0,0,1,0,0,2,0,4,1,0,1,0,0,3,0,0,0,0,1,0,1,1,0,0,1,3,0,0,1,3,0,0,1,3,1,0,0,1,0,1,0,2,0,0,1,0,3
2833,39,4,0.58155847,0,16502,1,0,0,3,0,0,1,0,0,2,3,4,3,5,1,1,1,3,5,5,3,3,2,4,2,2,2,2,3,4,3,4,0.769337669,-0.172569084,-0.527929267,0,0,0,1,4,0,0,1,0,0,2,0,4,1,0,1,1,0,1,0,0,0,0,0,0,1,1,0,0,1,3,0,0,1,3,1,0,0,1,0,0,1,3,1,0,0,1,0,0,0,1,4
2834,36,4,0.706388336,0,44857,0,1,0,1,1,0,0,0,0,2,4,2,4,5,3,3,3,3,3,3,2,2,2,4,2,2,2,2,2,4,4,4,-0.187326636,-0.093595649,-0.055872081,0,0,0,1,4,0,0,1,0,0,2,0,4,1,0,1,0,1,2,0,1,0,0,0,0,1,1,1,0,0,1,0,1,0,2,0,1,0,2,0,0,1,3,1,0,0,1,1,0,0,0,1
2836,24,4,0.289931637,0,55305,0,1,0,4,0,0,0,1,0,3,4,4,5,5,1,1,4,4,3,4,1,1,1,1,3,1,1,1,1,1,1,1,-1.839483165,1.563839769,0.744976069,1,0,1,1,4,0,0,1,0,0,2,0,4,1,0,1,0,1,2,0,1,0,0,1,0,-9,0,1,0,0,1,0,1,0,2,0,0,1,3,0,0,1,3,1,0,0,1,0,1,0,0,2
2839,34,4,1.581562194,0,27712,0,1,0,2,0,1,0,0,0,2,2,1,2,5,1,1,1,4,5,5,1,1,1,1,2,2,1,2,3,3,2,3,0.827753755,0.91776297,0.205974615,1,0,0,1,4,0,1,1,0,0,2,0,4,0,1,2,1,0,1,0,0,0,0,1,0,1,1,1,0,0,1,1,0,0,1,0,1,0,2,1,0,0,1,1,0,0,1,1,0,0,0,1
2840,11,2,0.56944733,0,30039,0,1,0,1,1,0,0,0,0,2,3,3,5,3,1,1,1,5,3,3,3,2,2,3,2,2,2,2,3,3,2,4,-0.090111329,-0.707186762,0.208663254,0,0,1,0,3,0,0,0,1,0,2,0,2,1,0,1,0,0,3,0,0,1,1,0,0,1,1,0,1,0,2,1,0,0,1,0,1,0,2,0,0,1,3,1,0,0,1,1,0,0,0,1
2841,23,4,0.908954579,0,49242,0,1,0,1,1,0,0,0,0,1,4,1,5,5,1,1,1,5,5,5,2,2,2,3,2,2,2,2,3,3,2,3,-1.101779125,0.204667177,0.551630012,0,0,1,0,3,0,0,1,0,0,2,0,4,1,0,1,1,0,1,0,0,0,0,0,1,-9,0,1,0,0,1,0,1,0,2,0,1,0,2,0,0,1,3,1,0,0,1,1,0,0,0,1
2846,10,4,0.862853472,0,34667,0,1,0,1,1,0,0,0,0,1,1,0,5,5,1,1,1,1,1,1,2,2,2,3,2,2,2,2,2,3,3,3,1.281320683,-2.063628597,0.483577114,1,0,0,1,4,0,0,1,0,0,2,0,4,1,0,1,1,0,1,0,0,0,0,1,0,1,1,1,0,0,1,1,0,0,1,0,0,1,3,0,1,0,2,1,0,0,1,0,1,0,0,2
2849,23,4,1.973461392,0,48708,0,1,0,2,0,1,0,0,0,2,6,5,5,5,1,1,1,4,5,3,2,2,3,4,2,2,2,2,2,4,3,4,0.89054195,-0.859792999,0.734373599,1,0,0,1,4,0,0,1,0,0,2,0,4,0,1,2,1,0,1,0,0,0,0,0,1,1,1,0,1,0,2,0,1,0,2,1,0,0,1,0,0,1,3,1,0,0,1,0,1,0,0,2
2854,37,1,1.29788815,0,73115,0,1,0,3,0,0,1,0,0,2,5,3,2,2,2,3,3,5,5,5,1,2,2,1,2,2,2,2,2,4,2,3,-1.240925306,0.379558193,1.106861058,1,0,1,0,3,1,1,1,0,0,2,0,4,1,0,1,0,1,2,0,0,0,1,0,0,-9,0,0,1,0,2,0,1,0,2,0,1,0,2,0,1,0,2,1,0,0,1,0,1,0,0,2
2857,15,4,0.347694444,0,46953,0,1,0,2,0,1,0,0,0,1,5,3,4,5,2,2,1,5,5,3,1,1,2,1,2,2,1,2,3,1,2,4,0.15872413,0.247575176,-0.106968555,1,0,0,1,4,1,1,1,0,0,2,0,4,0,0,0,1,0,1,0,0,0,0,1,0,0,0,1,0,0,1,0,1,0,2,1,0,0,1,0,1,0,2,1,0,0,1,1,0,0,0,1
2858,39,4,0.249293266,0,19111,1,0,0,1,1,0,0,0,0,1,1,1,5,5,1,1,1,4,4,4,1,1,1,1,2,2,1,2,2,4,4,3,-0.1141008,-0.085384239,0.522168656,1,0,1,0,3,0,1,1,0,0,2,0,4,1,0,1,1,0,1,0,0,0,0,0,0,1,1,0,0,1,3,0,0,1,3,1,0,0,1,1,0,0,1,0,0,1,3,0,0,0,1,4
2859,39,2,4.642992758,0,17701,0,1,0,2,0,1,0,0,0,1,5,3,4,4,3,3,1,2,3,3,1,1,1,1,2,2,3,2,3,3,3,3,0.710677335,0.003985785,0.731364131,1,0,1,0,3,0,0,1,0,0,1,1,1,0,1,2,1,0,1,0,1,0,1,1,0,-9,0,0,1,0,2,0,0,1,3,0,0,1,3,0,0,1,3,1,0,0,1,0,1,0,0,2
2860,26,2,0.947383731,0,64068,0,1,0,2,0,1,0,0,0,2,4,2,2,5,2,4,2,5,5,2,1,1,3,1,3,2,1,2,3,2,2,3,0.287415374,-0.047388972,-0.326256055,1,0,1,0,3,1,1,1,0,0,2,0,4,0,0,0,0,1,2,0,1,0,0,1,0,1,1,0,1,0,2,0,0,1,3,0,1,0,2,0,0,1,3,1,0,0,1,0,1,0,0,2
2862,5,2,1.49E-06,0,90210,0,1,0,1,1,0,0,0,0,1,1,0,5,2,4,4,3,4,2,2,1,2,2,3,1,3,3,1,1,1,2,4,-0.203929946,0.493940369,-0.847379953,0,0,0,0,1,0,0,0,1,0,2,0,2,1,0,1,1,0,1,0,0,0,1,0,0,1,1,0,1,0,2,0,0,1,3,1,0,0,1,0,0,1,3,1,0,0,1,0,0,1,0,3
2864,37,2,0.939967367,0,74523,0,0,1,3,0,0,1,0,0,3,4,4,2,3,1,2,4,5,1,1,1,1,2,1,2,2,3,2,3,4,2,3,0.762032583,-0.064147206,0.78684839,1,0,0,1,4,0,1,1,0,0,2,0,4,0,1,2,0,1,2,0,0,0,0,1,0,1,1,1,0,0,1,1,0,0,1,1,0,0,1,1,0,0,1,1,0,0,1,1,0,0,0,1
2866,1,3,0.231010606,0,36092,0,0,1,4,0,0,0,1,0,3,3,1,3,3,2,1,1,1,3,1,1,1,1,4,2,2,2,2,2,3,3,4,-0.651667093,-0.166436593,-0.457769738,1,1,0,0,2,0,0,1,0,0,2,0,4,1,0,1,0,1,2,0,0,0,0,0,0,-9,0,1,0,0,1,1,0,0,1,0,1,0,2,1,0,0,1,1,0,0,1,1,0,0,0,1
2867,26,2,3.201729038,0,64029,0,1,0,2,0,1,0,0,0,1,5,1,5,3,1,1,1,1,3,1,2,2,2,4,2,2,2,2,2,3,3,2,1.036582779,0.471644354,0.848656561,0,0,1,0,3,0,0,0,0,0,2,0,5,0,0,0,0,1,2,0,0,0,1,1,0,-9,0,1,0,0,1,1,0,0,1,0,1,0,2,0,1,0,2,1,0,0,1,1,0,0,0,1
2868,26,2,0.816187474,0,63461,0,1,0,1,1,0,0,0,0,2,2,1,5,4,2,3,2,4,4,5,2,2,2,4,2,2,2,2,2,4,2,3,-0.135039109,-0.077705759,0.35404876,1,0,1,0,3,0,0,1,0,0,2,0,4,1,0,1,0,1,2,0,0,0,1,0,0,1,1,1,0,0,1,1,0,0,1,0,1,0,2,0,0,1,3,1,0,0,1,1,0,0,0,1
2873,34,4,0.978461659,0,27103,0,1,0,2,0,1,0,0,0,2,4,2,4,5,1,3,1,5,4,1,1,1,1,4,2,2,1,2,3,3,2,4,1.165833375,-1.648443506,-0.274590859,1,0,1,0,3,0,0,1,0,0,2,0,4,1,0,1,1,0,1,0,0,0,0,0,0,-9,0,1,0,0,1,0,0,1,3,0,0,1,3,0,1,0,2,1,0,0,1,0,1,0,0,2
2874,45,1,3.237787967,1,78539,0,1,0,1,1,0,0,0,0,2,1,0,5,1,3,2,4,5,4,4,2,2,2,3,2,2,2,2,1,4,3,3,-0.28905346,0.032368256,-0.389179122,1,1,0,0,2,0,0,1,0,0,1,1,1,0,1,2,1,0,1,0,0,0,1,0,1,1,1,0,1,0,2,0,0,1,3,0,1,0,2,0,0,1,3,1,0,0,1,0,1,0,0,2
2874,45,1,3.237787967,1,78539,0,1,0,1,1,0,0,0,0,2,1,0,5,1,3,2,4,5,4,4,2,2,2,3,2,2,2,2,1,4,3,3,-0.28905346,0.032368256,-0.389179122,1,1,0,0,2,0,0,1,0,0,1,1,1,0,1,2,1,0,1,0,0,0,1,0,1,1,1,0,1,0,2,0,0,1,3,0,1,0,2,0,0,1,3,1,0,0,1,0,1,0,0,2
2875,17,2,0.770089672,0,66502,1,0,0,1,1,0,0,0,0,2,3,2,3,4,3,3,3,3,3,3,1,1,3,1,3,1,1,2,3,1,1,1,-1.678816196,-0.415234221,-0.279582144,1,1,0,0,2,0,0,1,0,0,2,0,4,0,1,2,0,0,3,1,0,0,0,0,0,-9,0,0,0,1,3,0,0,1,3,0,1,0,2,0,0,1,3,1,0,0,1,0,1,0,0,2
2876,15,4,0.291040829,0,46217,0,1,0,3,0,0,1,0,0,3,5,3,2,5,1,5,1,5,5,5,1,1,3,1,3,2,2,2,3,3,3,2,0.313204395,0.373297263,-0.478644757,1,1,0,0,2,0,0,1,0,0,2,0,4,1,0,1,0,0,3,1,0,0,0,0,0,1,1,0,1,0,2,1,0,0,1,0,1,0,2,0,1,0,2,1,0,0,1,1,0,0,0,1
2878,34,2,1.042163877,0,27265,0,1,0,2,0,1,0,0,0,2,3,3,5,3,1,1,1,5,5,2,2,2,2,3,2,2,2,2,2,3,3,3,-0.210154453,-0.077559308,1.675297974,0,0,0,1,4,0,0,1,0,0,2,0,4,1,0,1,1,0,1,0,0,0,1,0,0,1,1,1,0,0,1,0,1,0,2,0,0,1,3,0,0,1,3,1,0,0,1,1,0,0,0,1
2887,39,4,4.746590951,0,17268,0,1,0,3,0,0,1,0,0,4,4,4,3,3,3,3,3,4,3,3,1,1,2,1,3,2,1,2,3,1,2,3,-0.6565977,-0.58198495,-0.492185996,1,0,1,0,3,0,0,0,0,0,2,0,5,1,0,1,1,0,1,0,1,0,0,0,1,-9,0,1,0,0,1,0,1,0,2,1,0,0,1,0,0,1,3,1,0,0,1,1,0,0,0,1
2888,44,2,0.559460607,0,37726,0,0,1,1,1,0,0,0,0,1,1,0,5,1,1,1,1,1,1,1,2,2,2,4,2,2,2,2,2,3,3,4,-3.094246838,1.735731209,-1.138493322,0,0,0,0,1,0,0,1,0,0,2,0,4,1,0,1,0,1,2,0,1,0,0,0,0,1,1,1,0,0,1,1,0,0,1,1,0,0,1,1,0,0,1,1,0,0,1,1,0,0,0,1
2889,36,2,2.102988111,0,44094,0,1,0,3,0,0,1,0,0,2,5,3,4,5,1,2,1,5,5,5,1,1,1,1,3,1,2,2,3,3,2,3,1.634284242,-0.243210494,0.627110714,1,0,1,0,3,1,1,1,0,0,2,0,4,0,1,2,1,0,1,0,0,0,0,0,0,-9,0,0,1,0,2,0,1,0,2,0,1,0,2,0,1,0,2,1,0,0,1,0,0,1,0,3
2896,3,4,0.002263335,0,85541,0,1,0,2,0,1,0,0,0,2,4,1,3,5,1,3,1,5,4,4,1,1,2,1,2,2,1,2,3,3,2,4,0.881456695,0.975609481,0.322357378,1,0,0,1,4,0,0,1,0,0,2,0,4,0,1,2,0,1,2,0,0,0,0,1,0,-9,0,1,0,0,1,1,0,0,1,1,0,0,1,0,0,1,3,1,0,0,1,1,0,0,0,1
2897,16,4,0.226169463,0,50627,0,0,1,2,0,1,0,0,0,3,2,3,3,4,3,4,3,4,4,3,2,2,2,1,2,2,2,2,2,3,3,3,-0.156865686,-0.762652619,-1.31519578,1,0,1,0,3,0,0,1,0,0,2,0,4,1,0,1,0,0,3,0,1,0,0,1,0,-9,0,1,0,0,1,1,0,0,1,1,0,0,1,0,0,1,3,1,0,0,1,1,0,0,0,1
2899,11,4,1.917043669,0,31909,0,1,0,4,0,0,0,1,0,2,1,1,4,4,1,2,2,2,3,2,2,2,2,3,2,2,2,2,2,3,3,3,0.287237625,0.680284561,-1.029656842,0,0,0,1,4,0,1,1,0,0,2,0,4,0,0,3,1,0,1,0,1,0,0,0,0,-9,0,0,1,0,2,0,1,0,2,0,0,1,3,0,1,0,2,1,0,0,1,1,0,0,0,1
2902,10,4,0.592764806,0,32177,0,1,0,2,0,1,0,0,0,1,3,2,3,4,1,1,1,3,3,3,2,2,2,2,2,2,2,2,2,3,3,1,-0.661507238,0.822748,0.492420102,1,0,1,0,3,0,1,0,0,1,2,0,3,1,0,1,0,0,3,1,0,0,0,1,0,1,1,1,0,0,1,0,1,0,2,0,1,0,2,0,0,1,3,1,0,0,1,1,0,0,0,1
2904,14,4,0.168890716,0,60641,1,0,0,3,0,0,1,0,0,3,4,5,2,5,3,5,5,5,5,5,2,2,2,3,2,2,2,2,2,3,3,3,-0.160301884,0.404301882,0.105455994,1,0,0,1,4,0,0,1,0,0,2,0,4,1,0,1,0,0,3,0,0,0,0,0,0,-9,0,0,0,1,3,0,0,1,3,0,1,0,2,0,0,1,3,0,0,1,3,0,0,0,1,4
2905,18,4,0.404894888,0,42101,0,1,0,3,0,0,1,0,0,2,4,3,4,5,1,1,1,4,4,4,1,1,1,4,3,1,1,2,3,1,2,3,0.017665832,-0.046358474,-0.342978277,0,0,0,1,4,0,0,1,0,0,2,0,4,0,1,2,0,1,2,0,0,0,0,1,0,-9,0,0,1,0,2,0,0,1,3,0,1,0,2,0,1,0,2,1,0,0,1,1,0,0,0,1
2910,45,2,3.536999499,0,76240,0,1,0,1,1,0,0,0,0,1,5,1,4,4,1,1,3,4,5,4,2,2,2,4,3,1,2,2,3,4,2,2,0.860920326,0.085866257,0.46399263,1,0,1,0,3,0,0,1,0,0,2,0,4,0,1,2,0,1,2,0,1,0,0,1,0,-9,0,1,0,0,1,0,1,0,2,0,1,0,2,0,0,1,3,1,0,0,1,1,0,0,0,1
2912,1,4,6.308164105,0,35674,0,1,0,2,0,1,0,0,0,2,1,0,4,4,3,3,1,5,5,3,2,2,2,4,2,2,2,2,2,3,2,2,-0.51882702,-0.316415741,0.432834047,1,0,0,1,4,0,0,1,0,0,2,0,4,1,0,1,1,0,1,0,0,0,0,1,0,-9,0,1,0,0,1,1,0,0,1,1,0,0,1,0,1,0,2,1,0,0,1,1,0,0,0,1
2914,16,4,0.713806145,0,52245,0,1,0,3,0,0,1,0,0,2,4,1,3,5,1,1,1,4,5,3,1,1,3,4,2,2,1,2,3,1,3,3,1.1517609,-0.108146819,0.528039082,1,0,0,1,4,0,0,1,0,0,2,0,4,1,0,1,1,0,1,0,1,0,0,0,0,-9,0,0,1,0,2,0,0,1,3,1,0,0,1,1,0,0,1,1,0,0,1,0,1,0,0,2
2918,10,4,1.006541712,0,32148,0,1,0,2,0,1,0,0,0,3,2,3,5,5,1,1,1,1,1,1,3,2,2,4,2,2,2,2,2,4,4,4,-2.995512105,-0.984873944,-0.474284382,1,0,1,0,3,0,0,1,0,0,2,0,4,1,0,1,1,0,1,0,1,0,0,0,1,1,1,1,0,0,1,1,0,0,1,1,0,0,1,1,0,0,1,1,0,0,1,1,0,0,0,1
2919,44,4,1.192937329,0,37083,0,0,1,2,0,1,0,0,0,1,5,0,5,4,1,1,1,4,3,1,2,3,2,2,2,2,3,2,2,4,3,1,-1.492424736,-0.907422371,-1.315385751,1,0,0,0,1,0,0,0,0,0,2,0,5,1,0,1,0,0,3,0,1,0,0,1,1,0,0,1,0,0,1,1,0,0,1,1,0,0,1,1,0,0,1,1,0,0,1,1,0,0,0,1
2920,14,4,0.017985932,0,62220,0,1,0,3,0,0,1,0,0,4,5,4,3,5,3,1,1,3,3,1,2,2,2,3,2,2,3,3,3,4,4,3,-1.629379172,0.127125894,-1.455412408,1,1,0,0,2,0,0,0,1,0,2,0,2,1,0,1,1,0,1,0,0,0,0,0,1,-9,0,0,1,0,2,0,0,1,3,0,1,0,2,0,0,1,3,0,1,0,2,0,0,1,0,3
2922,14,4,1.579363342,0,61201,0,1,0,5,0,0,0,0,1,4,5,3,2,5,2,1,1,3,5,3,2,2,2,3,2,2,2,2,2,3,3,4,0.593679697,-0.729856278,-0.947280874,1,0,1,0,3,0,0,1,0,0,2,0,4,1,0,1,1,0,1,0,1,0,0,0,1,-9,0,0,1,0,2,0,1,0,2,0,1,0,2,0,0,1,3,1,0,0,1,0,1,0,0,2
2929,34,4,0.258137826,0,28304,0,1,0,2,0,1,0,0,0,2,6,3,3,5,3,1,3,3,5,3,2,2,2,4,2,2,2,2,2,4,3,4,-0.31529999,-1.663070931,-0.640875411,1,0,1,0,3,0,1,0,1,0,2,0,2,0,0,0,0,0,3,0,0,0,0,1,0,-9,0,0,1,0,2,0,1,0,2,0,1,0,2,0,1,0,2,1,0,0,1,1,0,0,0,1
2936,19,4,1.459972785,0,70714,0,1,0,2,0,1,0,0,0,3,4,3,4,4,4,2,2,4,4,4,1,1,1,1,1,1,1,1,3,1,2,2,-0.104120114,-0.605275489,0.043706032,1,0,1,0,3,0,0,0,1,0,2,0,2,0,1,2,0,0,3,1,1,0,0,1,0,-9,0,1,0,0,1,1,0,0,1,1,0,0,1,0,1,0,2,1,0,0,1,1,0,0,0,1
2944,48,4,0.164414586,0,23462,1,0,0,3,0,0,1,0,0,3,5,4,4,4,4,4,3,4,4,4,2,2,2,4,2,2,2,2,3,2,2,2,-0.104665363,0.127880661,-0.707854506,1,0,1,1,4,1,1,1,0,0,2,0,4,1,0,1,0,0,3,0,0,0,0,0,0,1,1,0,0,1,3,0,0,1,3,0,0,1,3,0,1,0,2,0,1,0,2,0,0,0,1,4
2947,51,2,1.907681227,0,53218,0,1,0,2,0,1,0,0,0,3,3,2,3,3,3,3,3,3,3,3,2,2,2,3,1,3,3,2,2,3,3,3,-0.791138301,0.29908513,-1.521544804,1,1,0,0,2,0,0,1,0,0,2,0,4,0,0,3,0,1,2,1,0,0,1,1,0,-9,0,0,0,1,3,0,1,0,2,0,1,0,2,0,1,0,2,1,0,0,1,0,0,0,1,4
2950,51,4,0.467985275,0,53716,0,1,0,1,1,0,0,0,0,1,5,4,5,5,1,1,1,5,4,1,1,1,1,1,2,2,1,2,3,4,4,4,1.360846919,-1.832474325,0.880006152,0,0,0,1,4,0,1,1,0,0,2,0,4,0,1,2,0,1,2,0,0,0,0,1,0,-9,0,0,1,0,2,0,1,0,2,0,1,0,2,0,0,1,3,1,0,0,1,0,0,0,1,4
2952,42,2,10.79088128,0,29672,0,1,0,1,1,0,0,0,0,2,3,2,3,5,1,1,1,1,1,1,2,2,2,3,2,2,2,2,2,4,3,3,1.699992728,-1.374834802,1.196003882,1,0,1,0,3,1,1,1,0,0,2,0,4,0,0,3,0,1,2,0,0,0,0,1,0,-9,0,1,0,0,1,1,0,0,1,1,0,0,1,0,0,1,3,1,0,0,1,1,0,0,0,1
2953,4,2,0.900416264,0,72113,0,1,0,2,0,1,0,0,0,1,1,5,4,5,3,4,4,5,5,5,1,1,3,2,3,1,3,1,3,1,2,2,0.663578556,-1.880218776,0.360869985,1,1,0,0,2,1,1,1,0,0,2,0,4,1,0,1,0,1,2,0,1,0,1,1,0,1,1,0,1,0,2,0,1,0,2,0,0,1,3,0,0,1,3,1,0,0,1,0,0,0,1,4
2956,5,1,0.02436102,0,7501,1,0,0,3,0,0,1,0,0,1,4,4,2,2,2,1,4,4,4,4,2,2,2,3,2,3,3,3,2,3,3,3,0.465993879,0.479499296,0.320368316,0,1,0,0,2,1,1,0,1,0,2,0,2,0,1,2,0,0,3,1,0,1,0,0,0,-9,0,0,0,1,3,0,0,1,3,0,0,1,3,1,0,0,1,0,0,1,3,0,0,0,1,4
2963,6,2,0.00013609,0,80910,0,1,0,3,0,0,1,0,0,3,4,4,2,4,3,4,4,4,4,4,1,1,1,1,1,1,1,3,2,3,3,3,-0.849428638,-1.1188927,0.479661346,1,1,0,0,2,0,0,1,0,0,2,0,4,1,0,1,1,0,1,0,0,0,0,1,1,-9,0,0,0,1,3,0,1,0,2,0,0,1,3,0,1,0,2,1,0,0,1,0,0,0,1,4
2967,14,4,0.295451503,0,60096,0,1,0,3,0,0,1,0,0,3,4,3,1,5,2,1,1,5,5,5,2,1,1,4,2,1,1,2,3,4,2,3,0.003829581,-1.168737132,-0.390884377,1,0,1,0,3,0,0,1,0,0,2,0,4,1,0,1,0,1,2,0,1,0,0,1,0,-9,0,1,0,0,1,1,0,0,1,1,0,0,1,1,0,0,1,0,0,1,3,0,1,0,0,2
2969,2,4,7.552139299,0,99507,1,0,0,1,1,0,0,0,0,1,5,3,3,5,1,1,1,3,4,3,1,1,1,1,1,1,1,1,3,3,2,4,-0.843765565,-0.923297051,0.359264096,1,0,0,0,1,0,0,1,0,0,2,0,4,1,0,1,0,0,3,1,0,0,0,0,0,-9,0,0,0,1,3,0,1,0,2,0,0,1,3,1,0,0,1,1,0,0,1,0,0,1,0,3
2970,36,2,0.729290379,0,45224,0,1,0,4,0,0,0,1,0,2,5,4,5,1,3,1,1,5,3,5,2,2,2,4,2,2,2,2,2,1,3,1,-0.234218375,1.01150583,0.094274806,1,1,0,0,2,0,0,1,0,0,2,0,4,0,1,2,0,1,2,0,0,0,1,0,0,-9,0,0,1,0,2,0,1,0,2,1,0,0,1,0,1,0,2,1,0,0,1,0,0,1,0,3
2972,14,2,0.947383731,0,60102,0,1,0,2,0,1,0,0,0,2,6,2,4,4,2,2,1,4,4,3,2,2,2,4,2,2,1,2,3,4,4,3,-0.570255197,-0.669270224,-1.075298463,1,0,1,0,3,0,1,1,0,0,2,0,4,0,1,2,0,1,2,0,0,0,0,1,0,1,1,1,0,0,1,0,1,0,2,1,0,0,1,0,1,0,2,1,0,0,1,0,1,0,0,2
2977,33,4,0.074319048,0,14224,0,1,0,3,0,0,1,0,0,2,4,4,2,5,1,2,2,4,4,4,1,1,1,1,3,2,2,1,2,2,2,2,0.91290352,0.69200888,-0.545875119,1,0,0,1,4,1,1,1,0,0,2,0,4,1,0,1,1,0,1,0,0,0,0,0,0,0,0,0,1,0,2,0,1,0,2,0,0,1,3,0,1,0,2,1,0,0,1,0,0,1,0,3
2980,16,2,2.418543019,0,52556,0,1,0,1,1,0,0,0,0,1,5,2,5,5,1,1,1,3,4,3,1,1,1,1,2,2,1,2,2,3,2,3,0.033524515,-0.515695407,-0.933887214,1,1,0,0,2,0,0,1,0,0,2,0,4,0,0,3,0,0,3,0,0,0,0,1,0,1,1,1,0,0,1,1,0,0,1,0,1,0,2,0,0,1,3,1,0,0,1,1,0,0,0,1
2981,14,2,0.375762543,0,60622,1,0,0,3,0,0,1,0,0,2,3,4,4,4,4,4,4,4,4,4,2,2,2,3,2,2,2,2,2,3,3,3,-0.312939288,0.920288998,-0.241417999,0,1,0,0,2,0,1,1,0,0,2,0,4,0,1,2,0,1,2,0,0,0,0,0,0,-9,0,0,0,1,3,0,0,1,3,1,0,0,1,0,0,1,3,0,0,1,3,0,0,0,1,4
2983,34,4,0.21504488,0,28360,0,1,0,2,0,1,0,0,0,4,5,4,3,5,4,4,4,4,4,3,3,1,2,2,2,2,3,2,1,4,3,4,0.256799017,1.089081175,0.575614906,1,0,1,0,3,0,0,0,1,0,2,0,2,1,0,1,0,0,3,0,0,0,0,0,0,-9,0,1,0,0,1,1,0,0,1,0,1,0,2,1,0,0,1,1,0,0,1,1,0,0,0,1
2984,23,2,2.551313546,0,49501,1,0,0,2,0,1,0,0,0,2,3,2,3,4,2,2,2,4,5,4,3,2,2,2,2,2,2,2,2,3,2,3,0.224156427,-0.526303836,0.239995976,1,1,0,0,2,1,1,1,0,0,2,0,4,0,0,3,0,1,2,1,0,0,1,1,0,-9,0,0,0,0,0,0,0,0,0,0,0,0,0,0,0,0,0,0,0,0,0,0,0,0,0,0
2989,11,4,0.705031833,0,31312,0,0,1,2,0,1,0,0,0,2,2,2,4,5,2,3,2,4,4,4,3,3,3,2,2,2,2,2,2,3,2,2,0.445640627,0.386243487,-0.126164357,0,0,0,1,4,0,0,1,0,0,2,0,4,1,0,1,0,0,3,0,0,0,0,1,0,-9,0,1,0,0,1,1,0,0,1,1,0,0,1,1,0,0,1,1,0,0,1,1,0,0,0,1
2991,36,2,1.53640306,0,44130,0,1,0,2,0,1,0,0,0,2,5,3,4,4,1,1,1,5,5,5,1,2,1,4,2,2,2,2,2,4,3,3,0.998554051,0.802249403,1.024277541,1,0,0,1,4,1,1,1,0,0,2,0,4,1,0,1,1,0,1,0,0,0,0,0,0,-9,0,0,1,0,2,0,1,0,2,0,1,0,2,0,1,0,2,1,0,0,1,0,0,1,0,3
2994,5,4,0.008538158,0,91307,1,0,0,2,0,1,0,0,0,1,5,3,5,5,1,1,1,4,4,4,1,1,1,1,1,1,1,1,2,3,2,3,-0.128696005,-1.486004819,-0.38256736,1,0,0,1,4,0,0,1,0,0,2,0,4,0,1,2,1,0,1,0,0,0,0,1,0,1,1,0,0,1,3,0,0,1,3,1,0,0,1,0,0,1,3,1,0,0,1,0,0,0,1,4
2995,31,2,0.751898072,0,32024,0,0,1,4,0,0,0,1,0,4,4,5,4,5,4,4,4,4,3,4,1,1,3,1,3,1,3,1,3,2,2,1,0.986463016,0.617857111,-0.067367453,0,0,0,0,1,0,0,0,1,0,2,0,2,1,0,1,0,1,2,0,0,0,0,0,0,1,1,1,0,0,1,1,0,0,1,0,1,0,2,1,0,0,1,1,0,0,1,1,0,0,0,1
2997,45,2,2.02179977,1,76018,0,1,0,3,0,0,1,0,0,2,3,4,3,4,2,5,3,2,4,3,2,2,1,3,3,2,2,1,2,3,1,4,-0.318356707,-0.098996705,-1.809750494,1,0,0,0,1,0,0,0,1,0,2,0,2,0,1,2,0,0,3,1,0,0,0,1,0,1,1,0,1,0,2,0,1,0,2,0,0,1,3,0,1,0,2,1,0,0,1,0,1,0,0,2
3000,8,4,0.596736656,0,19950,0,0,1,3,0,0,1,0,0,2,4,3,4,5,1,1,2,5,5,2,1,1,1,4,2,2,2,2,2,1,3,2,1.23257936,-1.477993941,-0.152994422,0,0,0,1,4,0,0,1,0,0,2,0,4,0,1,2,0,1,2,0,0,0,0,1,0,1,1,1,0,0,1,1,0,0,1,1,0,0,1,0,1,0,2,1,0,0,1,1,0,0,0,1
3001,49,4,3.59E-05,0,98642,0,1,0,1,1,0,0,0,0,1,3,3,4,5,3,2,2,5,5,4,2,2,2,3,2,2,2,2,2,4,4,3,0.826665594,0.651924417,0.656612902,0,0,0,1,4,0,0,1,0,0,2,0,4,0,0,0,0,1,2,0,0,0,0,1,0,-9,0,1,0,0,1,1,0,0,1,0,1,0,2,0,1,0,2,1,0,0,1,1,0,0,0,1
3003,11,4,0.24121284,0,31750,0,1,0,1,1,0,0,0,0,1,5,0,4,5,1,1,1,3,4,2,2,2,2,3,2,2,2,2,2,4,3,4,-0.567710336,-0.415333234,-0.222201042,1,0,1,1,4,0,0,1,0,0,2,0,4,1,0,1,0,1,2,0,0,0,0,1,0,-9,0,1,0,0,1,1,0,0,1,1,0,0,1,1,0,0,1,1,0,0,1,1,0,0,0,1
3004,42,2,0.367695487,0,29851,0,1,0,3,0,0,1,0,0,3,4,3,2,3,3,4,3,3,4,4,1,2,1,4,2,3,2,2,2,3,2,2,-1.282322061,0.248744338,-0.867687788,1,1,0,0,2,0,0,0,0,1,2,0,3,1,0,1,0,1,2,0,0,0,0,0,0,1,1,1,0,0,1,1,0,0,1,0,1,0,2,1,0,0,1,1,0,0,1,1,0,0,0,1
3006,11,4,0.699576655,0,30549,0,0,1,3,0,0,1,0,0,3,5,4,4,5,4,4,2,5,5,2,2,2,2,2,2,2,3,1,3,4,2,4,-0.791296747,-0.433491467,-0.491454665,1,1,0,0,2,0,0,1,0,0,2,0,4,1,0,1,0,0,3,1,0,0,0,1,0,1,1,1,0,0,1,1,0,0,1,0,1,0,2,1,0,0,1,1,0,0,1,1,0,0,0,1
3007,26,4,0.053060538,0,63366,0,1,0,3,0,0,1,0,0,3,4,5,1,5,1,4,1,4,3,1,1,1,2,3,2,2,1,2,3,3,3,4,0.621064761,0.429802743,-0.547864269,1,0,1,0,3,0,0,1,0,0,2,0,4,1,0,1,0,1,2,0,0,0,0,0,0,1,1,0,1,0,2,0,1,0,2,0,0,1,3,0,0,1,3,1,0,0,1,1,0,0,0,1
3008,23,2,1.833326831,0,48310,0,1,0,3,0,0,1,0,0,2,5,3,5,4,1,2,3,3,5,1,1,1,3,4,2,2,1,2,3,3,3,4,0.591300599,0.100806265,0.649496181,1,1,0,0,2,0,0,1,0,0,2,0,4,1,0,1,0,0,3,0,0,0,1,1,0,-9,0,0,0,1,3,0,1,0,2,0,1,0,2,0,1,0,2,1,0,0,1,0,1,0,0,2
3009,45,4,0.599165327,1,77077,0,1,0,3,0,0,1,0,0,2,4,3,4,4,2,4,1,5,4,3,2,2,2,3,2,2,2,1,2,3,3,3,1.06032953,0.880678301,0.993399951,1,0,0,1,4,0,1,1,0,0,2,0,4,0,1,2,1,0,1,0,0,0,0,0,0,-9,0,0,1,0,2,0,0,1,3,1,0,0,1,1,0,0,1,1,0,0,1,0,0,1,0,3
3014,15,4,0.247127364,0,46562,0,0,1,3,0,0,1,0,0,3,4,3,4,4,1,4,1,5,5,4,2,1,1,1,3,2,1,2,3,2,2,2,0.670132844,-0.722236001,0.930098458,1,1,0,0,2,0,0,1,0,0,2,0,4,1,0,1,0,0,3,0,0,0,0,0,0,1,1,1,0,0,1,1,0,0,1,0,1,0,2,0,0,1,3,1,0,0,1,1,0,0,0,1
3015,10,2,0.733286353,0,33916,0,1,0,4,0,0,0,1,0,5,3,1,2,3,2,2,3,4,2,3,1,2,3,2,2,2,2,1,3,4,4,4,-2.165320404,-0.600919454,0.904885089,1,1,0,0,2,0,0,1,0,0,1,1,1,0,1,2,0,1,2,0,0,0,1,0,0,-9,0,0,1,0,2,0,1,0,2,0,0,1,3,0,1,0,2,1,0,0,1,0,0,0,1,4
3018,38,4,1.81E-07,0,97224,1,0,0,3,0,0,1,0,0,2,5,3,2,5,3,2,2,4,4,4,2,1,2,4,2,2,2,3,3,1,2,1,-0.042911409,-1.739966734,-0.246008441,1,0,0,1,4,0,0,1,0,0,2,0,4,1,0,1,0,1,2,0,1,0,0,0,1,0,0,0,0,1,3,0,0,1,3,0,1,0,2,0,0,1,3,0,1,0,2,0,0,1,0,3
3019,10,4,0.476572061,0,32548,0,1,0,3,0,0,1,0,0,1,3,5,3,5,1,3,3,5,3,4,2,2,3,4,2,2,3,1,3,4,2,2,-0.518891919,-1.877866378,-0.06495021,1,0,1,0,3,0,0,1,0,0,2,0,4,1,0,1,1,0,1,0,1,0,0,1,1,1,1,0,1,0,2,0,0,1,3,1,0,0,1,0,0,1,3,1,0,0,1,0,1,0,0,2
3025,34,4,0.851144612,0,27803,0,1,0,2,0,1,0,0,0,3,2,2,3,4,2,2,2,5,5,4,2,2,2,4,2,2,2,2,3,2,2,3,-0.112524828,-0.15059386,0.246050068,1,0,1,0,3,0,0,1,0,0,2,0,4,1,0,1,1,0,1,0,1,0,0,1,0,1,1,1,0,0,1,1,0,0,1,1,0,0,1,0,0,1,3,1,0,0,1,0,0,1,0,3
3026,14,2,0.078242701,0,60620,0,1,0,2,0,1,0,0,0,1,4,4,5,5,3,4,4,3,4,5,3,3,2,2,3,3,3,2,3,1,3,1,0.848328536,0.606845505,0.835149361,0,1,0,0,2,1,1,0,1,0,2,0,2,1,0,1,0,0,3,1,1,1,0,0,0,-9,0,0,0,1,3,0,1,0,2,0,1,0,2,1,0,0,1,0,0,1,3,0,0,1,0,3
3029,23,4,1.362221398,0,48192,1,0,0,1,1,0,0,0,0,1,5,0,5,3,1,1,1,5,5,3,2,2,2,4,2,2,2,2,2,4,3,4,0.025525452,-0.183854122,0.582915124,1,0,0,1,4,0,0,1,0,0,2,0,4,1,0,1,1,0,1,0,0,0,0,0,0,-9,0,0,0,1,3,0,1,0,2,0,0,1,3,0,1,0,2,1,0,0,1,0,1,0,0,2
3030,31,2,8.934143737,0,8087,0,1,0,3,0,0,1,0,0,1,3,0,5,3,1,1,1,4,4,3,2,2,1,1,1,2,2,1,2,1,2,2,0.075382659,0.457132702,0.694940322,1,0,0,1,4,0,0,1,0,0,2,0,4,0,0,3,0,0,3,1,0,0,1,1,0,-9,0,0,1,0,2,1,0,0,1,1,0,0,1,0,1,0,2,1,0,0,1,1,0,0,0,1
3033,3,4,0.06608652,0,85929,0,1,0,3,0,0,1,0,0,3,5,3,3,4,1,1,1,3,3,2,1,1,2,4,2,2,1,1,2,4,3,4,-0.618528971,-0.760498549,-0.405144485,1,0,0,1,4,0,0,0,0,0,2,0,5,0,1,2,0,1,2,0,1,0,0,1,0,-9,0,1,0,0,1,1,0,0,1,1,0,0,1,0,0,1,3,1,0,0,1,1,0,0,0,1
3034,10,2,7.454046661,0,32608,0,1,0,4,0,0,0,1,0,2,2,3,3,3,3,4,2,4,3,3,2,2,2,3,2,2,1,1,3,2,2,1,0.752484546,0.724513446,0.42765411,0,0,1,0,3,0,0,1,0,0,1,1,1,0,0,3,0,1,2,1,0,0,0,0,0,-9,0,0,1,0,2,0,1,0,2,0,0,1,3,0,0,1,3,1,0,0,1,0,0,1,0,3
3036,10,2,2.470195465,0,32148,0,1,0,1,1,0,0,0,0,2,2,4,3,5,1,1,1,3,3,1,2,1,1,1,2,2,2,2,3,4,3,4,0.588864537,0.063574804,0.004161393,1,1,0,0,2,0,0,1,0,0,2,0,4,0,1,2,0,0,3,1,0,0,1,1,0,1,1,1,0,0,1,1,0,0,1,1,0,0,1,1,0,0,1,1,0,0,1,1,0,0,0,1
3037,10,4,0.956925549,0,33936,0,1,0,3,0,0,1,0,0,3,3,3,3,1,1,1,1,1,1,1,2,2,2,3,2,2,2,2,2,3,3,4,-0.636014189,0.536924965,0.279363888,1,1,0,0,2,0,0,1,0,0,2,0,4,0,1,2,0,0,3,1,0,0,0,1,0,1,1,0,1,0,2,1,0,0,1,1,0,0,1,1,0,0,1,1,0,0,1,0,0,1,0,3
3039,11,4,0.333707295,0,30608,0,1,0,1,1,0,0,0,0,2,3,3,3,3,3,3,3,3,3,3,2,2,2,3,2,2,2,2,2,4,3,4,0.502057136,0.537880513,-0.788305887,1,0,0,1,4,0,0,0,1,0,2,0,2,1,0,1,0,1,2,0,0,0,0,0,1,-9,0,0,0,0,0,0,0,0,0,0,0,0,0,0,0,0,0,0,0,0,0,0,0,0,0,0
3040,1,4,2.772250921,0,35603,0,1,0,3,0,0,1,0,0,3,4,4,5,5,2,4,2,4,4,4,2,2,2,3,2,2,2,2,2,3,3,3,0.697962566,-0.828613056,0.419893616,1,0,0,1,4,0,0,1,0,0,2,0,4,0,0,3,0,1,2,0,0,0,0,1,0,-9,0,1,0,0,1,0,1,0,2,0,0,1,3,1,0,0,1,1,0,0,1,1,0,0,0,1
3041,11,2,10.55712388,0,31091,0,0,1,3,0,0,1,0,0,2,2,3,4,4,3,3,3,4,5,4,2,2,2,3,2,2,2,2,3,3,3,3,0.548648363,0.788170576,0.329245753,1,0,1,0,3,0,0,1,0,0,2,0,4,0,0,3,1,0,1,0,0,0,0,1,0,-9,0,1,0,0,1,1,0,0,1,0,1,0,2,0,1,0,2,1,0,0,1,1,0,0,0,1
3042,47,2,0.502419239,0,5401,1,0,0,2,0,1,0,0,0,3,4,3,4,5,1,3,1,4,4,4,2,2,2,3,2,2,2,1,3,3,3,3,-0.147227341,0.813545991,-0.973695517,1,0,0,0,1,0,0,1,0,0,2,0,4,0,0,0,1,0,1,0,0,0,1,0,1,1,1,0,0,1,3,0,0,1,3,1,0,0,1,0,0,1,3,1,0,0,1,0,0,0,1,4
3045,39,2,1.138939399,0,17976,0,1,0,3,0,0,1,0,0,3,4,3,5,4,1,5,4,4,3,4,2,2,1,1,3,2,2,2,3,1,2,3,0.288891352,-2.276631577,-0.140623984,1,1,0,0,2,0,0,1,0,0,2,0,4,1,0,1,0,0,3,1,0,0,1,0,0,1,1,0,0,1,3,0,1,0,2,0,0,1,3,0,0,1,3,1,0,0,1,0,1,0,0,2
3047,33,2,0.596066511,0,10456,1,0,0,3,0,0,1,0,0,2,5,4,3,5,4,4,2,5,5,4,1,2,3,4,2,2,2,2,3,4,2,2,0.490104787,-0.886665723,-0.534663126,1,0,1,1,4,0,0,0,1,0,2,0,2,1,0,1,0,1,2,0,0,0,1,0,1,1,1,0,0,1,3,0,0,1,3,1,0,0,1,1,0,0,1,0,0,1,3,0,0,1,0,3
3048,33,2,0.949524416,0,13624,0,0,1,2,0,1,0,0,0,2,5,5,4,5,2,4,4,5,5,5,1,3,3,3,2,2,1,1,3,3,2,4,0.585190346,0.851055299,0.173671735,1,0,1,0,3,0,0,1,0,0,2,0,4,1,0,1,0,1,2,0,0,0,1,1,0,1,1,0,0,0,0,0,0,0,0,0,0,0,0,0,0,0,0,0,0,0,0,0,0,0,0,0
3049,39,4,0.355156785,0,16652,0,1,0,4,0,0,0,1,0,2,5,3,2,4,2,4,1,5,5,4,1,1,1,1,2,2,1,2,2,3,2,2,1.521003525,0.023907575,-0.637880237,1,0,1,0,3,0,0,1,0,0,2,0,4,0,1,2,0,1,2,0,0,0,0,1,0,-9,0,1,0,0,1,0,1,0,2,1,0,0,1,0,0,1,3,1,0,0,1,1,0,0,0,1
3051,1,4,0.983006665,0,36250,0,1,0,2,0,1,0,0,0,2,6,3,4,5,1,1,1,4,1,3,2,2,2,4,2,2,2,2,2,4,3,3,-0.037743288,-0.638807018,0.031488149,1,0,0,1,4,0,0,1,0,0,2,0,4,1,0,1,0,1,2,0,0,0,0,1,0,-9,0,1,0,0,1,1,0,0,1,0,1,0,2,0,0,1,3,1,0,0,1,1,0,0,0,1
3052,30,2,1.997335216,0,3104,1,0,0,2,0,1,0,0,0,2,4,2,5,4,1,1,1,1,1,1,2,2,2,4,2,2,2,2,2,4,3,4,0.989427496,0.170276713,1.078512527,0,0,0,1,4,0,0,1,0,0,2,0,4,0,1,2,1,0,1,0,0,0,1,0,0,1,1,0,0,1,3,0,0,1,3,0,0,1,3,0,1,0,2,1,0,0,1,0,1,0,0,2
3054,39,4,0.162101958,0,18014,0,1,0,2,0,1,0,0,0,1,5,5,5,5,3,5,4,5,5,5,2,2,2,4,2,2,2,2,3,3,2,4,0.889075252,0.176946498,0.726924019,1,1,0,0,2,0,1,0,1,0,2,0,2,0,1,2,0,1,2,0,0,0,0,0,0,-9,0,1,0,0,1,1,0,0,1,1,0,0,1,0,1,0,2,1,0,0,1,1,0,0,0,1
3057,31,4,2.044897803,0,8755,0,1,0,1,1,0,0,0,0,2,5,1,5,5,1,1,1,4,4,1,2,1,2,4,2,2,1,2,3,4,4,4,-1.506830211,-0.545401313,0.491058459,0,0,1,0,3,0,0,1,0,0,2,0,4,1,0,1,1,0,1,0,0,0,0,0,0,-9,0,1,0,0,1,0,1,0,2,0,0,1,3,1,0,0,1,1,0,0,1,1,0,0,0,1
3058,44,4,0.527305028,0,37066,0,1,0,2,0,1,0,0,0,3,4,2,4,5,2,2,2,4,4,2,2,2,2,4,2,2,2,2,3,4,3,4,-0.331112911,-0.623471238,-0.956189769,1,0,1,0,3,0,0,1,0,0,2,0,4,1,0,1,0,1,2,0,1,0,0,0,1,-9,0,1,0,0,1,0,1,0,2,1,0,0,1,0,1,0,2,1,0,0,1,1,0,0,0,1
3061,39,4,0.274774241,0,17307,0,1,0,2,0,1,0,0,0,2,5,2,1,5,1,4,1,2,1,1,1,1,2,1,2,2,2,2,3,4,3,4,-1.317645952,-1.049813984,-1.930977805,0,0,0,1,4,0,0,1,0,0,2,0,4,1,0,1,0,1,2,0,0,0,0,1,0,1,1,1,0,0,1,1,0,0,1,1,0,0,1,1,0,0,1,1,0,0,1,1,0,0,0,1
3066,14,2,0.047834586,0,62226,0,1,0,3,0,0,1,0,0,2,3,3,5,5,1,1,1,5,5,1,1,1,1,1,1,2,1,1,3,1,2,1,-0.665194683,-1.239924303,1.056902433,1,0,0,1,4,0,0,1,0,0,2,0,4,1,0,1,1,0,1,0,1,0,1,0,0,-9,0,0,1,0,2,0,1,0,2,1,0,0,1,0,0,1,3,0,1,0,2,0,0,1,0,3
3067,31,2,0.955935183,0,7746,0,1,0,3,0,0,1,0,0,2,5,3,4,5,1,1,3,5,5,1,1,1,1,1,2,1,1,1,3,4,2,4,-2.216090883,-0.087745186,-0.59937144,1,0,0,1,4,0,1,1,0,0,2,0,4,0,0,3,0,1,2,0,0,0,0,1,0,-9,0,0,1,0,2,1,0,0,1,0,0,1,3,0,0,1,3,1,0,0,1,1,0,0,0,1
3070,21,4,0.285463529,0,21901,0,1,0,2,0,1,0,0,0,1,3,3,3,4,5,4,4,4,4,5,2,2,2,4,2,2,1,2,3,4,3,4,0.145662901,0.826566978,-0.375582621,1,0,1,0,3,1,1,1,0,0,2,0,4,1,0,1,0,0,3,0,1,0,0,0,0,-9,0,1,0,0,1,1,0,0,1,1,0,0,1,0,1,0,2,1,0,0,1,1,0,0,0,1
3071,24,2,8.596366679,0,55068,0,1,0,3,0,0,1,0,0,1,5,4,4,4,1,3,1,5,5,4,1,1,3,1,3,1,1,2,3,4,3,4,-1.072820225,-0.603179487,-0.698959818,1,0,1,0,3,0,1,1,0,0,2,0,4,0,0,3,0,1,2,0,0,0,0,1,0,-9,0,0,1,0,2,0,1,0,2,0,1,0,2,1,0,0,1,1,0,0,1,0,1,0,0,2
3074,23,4,0.366353381,0,48328,0,1,0,2,0,1,0,0,0,2,6,3,3,4,2,2,2,2,4,3,2,2,2,3,2,2,2,2,3,3,3,4,-0.055562499,0.503487113,-1.187471163,0,0,0,1,4,1,1,1,0,0,2,0,4,1,0,1,0,0,3,0,0,0,0,1,0,-9,0,0,1,0,2,0,1,0,2,1,0,0,1,0,1,0,2,1,0,0,1,1,0,0,0,1
3077,20,2,0.52396848,0,4061,0,0,0,3,0,0,1,0,0,3,5,3,2,3,1,2,2,5,2,1,1,1,2,3,2,1,1,2,3,2,4,4,-1.452826654,0.754198125,-0.391072442,0,0,0,1,4,1,1,1,0,0,2,0,4,0,1,2,0,1,2,0,0,0,1,1,0,-9,0,0,0,0,0,0,0,0,0,0,0,0,0,0,0,0,0,0,0,0,0,0,0,0,0,0
3085,25,4,1.114317035,0,38843,0,1,0,3,0,0,1,0,0,3,5,4,2,5,1,1,1,4,4,4,2,2,2,4,2,2,1,2,3,4,4,4,-1.260488399,-0.396254644,0.242940715,1,0,1,0,3,0,0,1,0,0,2,0,4,1,0,1,1,0,1,0,0,0,0,0,0,1,1,1,0,0,1,1,0,0,1,1,0,0,1,1,0,0,1,1,0,0,1,1,0,0,0,1
3086,45,4,0.725237923,1,76048,0,1,0,1,1,0,0,0,0,1,4,3,4,5,3,3,3,5,5,3,1,2,3,4,2,2,1,2,3,4,2,4,0.908979291,0.005448805,0.904329798,1,0,0,1,4,0,0,1,0,0,2,0,4,0,1,2,0,1,2,0,0,0,0,0,0,1,1,1,0,0,1,0,1,0,2,0,0,1,3,0,0,1,3,1,0,0,1,0,1,0,0,2
3087,19,4,3.080056015,0,71107,0,1,0,3,0,0,1,0,0,2,3,4,3,5,4,4,1,4,4,5,1,1,2,1,2,1,1,3,2,2,2,3,-0.62126071,0.378237395,-0.616309158,1,0,1,0,3,0,0,1,0,0,2,0,4,1,0,1,0,1,2,0,0,0,0,0,0,-9,0,1,0,0,1,1,0,0,1,0,1,0,2,0,1,0,2,1,0,0,1,1,0,0,0,1
3088,36,4,0.350728881,0,43609,0,1,0,3,0,0,1,0,0,3,4,4,1,4,4,4,2,4,2,2,3,1,3,1,2,2,2,2,2,3,4,4,0.565920128,1.132993025,0.555719198,1,0,0,1,4,0,0,0,1,0,2,0,2,1,0,1,1,0,1,0,1,0,0,0,1,-9,0,0,1,0,2,0,1,0,2,0,0,1,3,0,0,1,3,1,0,0,1,0,0,0,1,4
3089,1,4,0.286435468,0,35463,0,0,1,4,0,0,0,1,0,3,4,1,3,4,3,3,3,3,3,3,2,1,1,1,2,2,2,2,2,3,3,4,1.165314449,-0.499356386,-2.32053691,1,1,0,0,2,0,0,0,1,0,2,0,2,1,0,1,0,0,3,0,0,0,0,1,0,-9,0,1,0,0,1,1,0,0,1,0,1,0,2,1,0,0,1,1,0,0,1,1,0,0,0,1
3094,23,4,0.616400716,0,48071,1,0,0,2,0,1,0,0,0,2,5,5,4,5,1,5,2,5,5,5,1,3,3,1,2,2,3,2,1,1,1,2,1.311833681,-1.648430495,0.475371703,1,0,1,0,3,0,0,1,0,0,2,0,4,0,1,2,0,1,2,0,0,0,0,1,0,-9,0,0,1,0,2,0,0,1,3,0,0,1,3,0,0,1,3,1,0,0,1,0,1,0,0,2
3095,31,4,0.862629082,0,8904,1,0,0,3,0,0,1,0,0,4,1,3,4,3,2,2,1,4,3,4,1,2,2,3,2,2,2,2,3,4,3,3,0.157064441,0.276640105,0.275679028,1,0,1,0,3,0,0,1,0,0,2,0,4,1,0,1,1,0,1,0,0,0,0,0,1,-9,0,0,0,1,3,0,0,1,3,1,0,0,1,0,1,0,2,0,1,0,2,0,0,0,1,4
3096,34,3,0.128409213,0,27313,0,1,0,3,0,0,1,0,0,3,4,5,3,5,3,5,2,3,3,4,3,3,3,2,3,1,2,1,2,3,2,3,0.066528008,-0.159996387,-0.585449322,1,1,0,0,2,0,0,1,0,0,2,0,4,1,0,1,0,0,3,0,1,0,0,1,1,-9,0,1,0,0,1,1,0,0,1,1,0,0,1,0,0,1,3,1,0,0,1,1,0,0,0,1
3101,10,2,2.432087785,1,33147,0,1,0,3,0,0,1,0,0,1,5,3,4,3,2,4,4,4,5,5,2,3,2,1,3,1,3,1,1,3,3,3,0.684108724,1.252230326,0.192685164,1,1,0,0,2,0,1,1,0,0,2,0,4,0,0,3,0,0,3,1,0,0,1,1,0,1,1,0,0,1,3,0,1,0,2,1,0,0,1,0,1,0,2,0,0,1,3,0,0,0,1,4
3102,45,4,0.800296001,0,78418,0,1,0,4,0,0,0,1,0,3,1,0,3,5,4,1,3,5,5,3,1,1,1,1,2,2,1,1,3,1,2,4,-1.350487423,-0.127761043,0.062574243,1,1,0,0,2,0,0,1,0,0,2,0,4,0,1,2,0,0,3,0,0,0,0,1,0,-9,0,1,0,0,1,1,0,0,1,0,0,1,3,1,0,0,1,1,0,0,1,0,1,0,0,2
3103,19,4,1.521264041,0,70806,0,1,0,3,0,0,1,0,0,3,4,3,3,5,5,5,5,5,5,5,1,2,3,1,2,2,2,2,3,2,2,3,0.511391243,0.249007277,-0.395061024,1,0,1,0,3,0,0,0,1,0,2,0,2,0,1,2,1,0,1,0,0,0,0,0,0,-9,0,0,1,0,2,0,0,1,3,0,0,1,3,0,0,1,3,1,0,0,1,0,1,0,0,2
3107,51,2,0.336997077,0,53405,0,1,0,4,0,0,0,1,0,3,4,5,5,5,3,1,1,1,1,1,1,1,3,1,2,1,2,2,2,4,3,4,-1.304850127,0.71206027,-1.143345746,1,1,0,0,2,0,0,1,0,0,2,0,4,1,0,1,0,0,3,1,0,0,0,1,0,-9,0,0,0,1,3,0,1,0,2,1,0,0,1,0,1,0,2,1,0,0,1,0,0,0,1,4
3108,26,4,0.016691231,0,65402,0,1,0,5,0,0,0,0,1,3,5,5,3,3,1,1,1,5,5,1,2,1,3,2,3,2,2,2,3,4,3,4,-0.753331356,0.092470444,0.369464607,1,1,0,0,2,0,0,1,0,0,2,0,4,1,0,1,0,0,3,1,0,0,0,0,0,-9,0,0,0,0,0,0,0,0,0,0,0,0,0,0,0,0,0,0,0,0,0,0,0,0,0,0
3111,39,4,0.395845908,0,18661,0,0,1,1,1,0,0,0,0,2,4,1,5,5,1,1,1,5,5,5,1,1,1,1,2,2,1,2,1,4,1,4,1.383434895,0.305170156,0.343168701,1,0,0,1,4,0,0,1,0,0,2,0,4,1,0,1,0,1,2,0,0,0,0,0,0,-9,0,1,0,0,1,1,0,0,1,0,1,0,2,1,0,0,1,1,0,0,1,1,0,0,0,1
3116,24,2,1.56793872,0,55008,0,1,0,2,0,1,0,0,0,3,3,3,4,3,4,4,1,5,5,5,2,2,2,4,2,2,2,2,2,3,4,4,-0.112661498,0.382992879,-0.913874818,1,1,0,0,2,0,0,1,0,0,2,0,4,0,0,3,0,0,3,1,0,0,1,1,0,1,1,1,0,0,1,1,0,0,1,0,1,0,2,0,1,0,2,1,0,0,1,1,0,0,0,1
3117,45,4,0.387601608,1,78227,0,1,0,1,1,0,0,0,0,2,1,1,4,3,3,2,1,4,3,3,2,2,2,3,2,2,2,2,2,3,3,4,-0.387687727,-0.141842475,-2.068326331,1,0,0,1,4,1,1,1,0,0,2,0,4,1,0,1,1,0,1,0,0,0,0,0,0,-9,0,0,0,1,3,0,1,0,2,0,0,1,3,0,1,0,2,1,0,0,1,0,0,1,0,3
3119,39,2,0.110883813,0,16508,1,0,0,4,0,0,0,1,0,4,4,3,2,5,3,3,2,5,5,4,1,2,2,3,3,1,1,2,3,3,2,3,-0.010134634,-0.188060344,-0.407994331,1,1,0,0,2,0,1,1,0,0,2,0,4,1,0,1,0,0,3,1,1,0,0,1,0,1,1,0,0,1,3,0,0,1,3,0,1,0,2,0,0,1,3,1,0,0,1,0,0,0,1,4
3120,44,2,0.921166698,0,38551,0,0,1,4,0,0,0,1,0,3,3,3,4,4,3,3,3,4,4,3,2,2,2,3,2,2,2,2,2,3,3,2,-0.594074386,0.329389083,-0.439344765,1,0,1,0,3,1,1,1,0,0,2,0,4,1,0,1,1,0,1,0,0,0,1,0,0,-9,0,1,0,0,1,1,0,0,1,0,1,0,2,0,1,0,2,1,0,0,1,1,0,0,0,1
3121,11,4,0.994908793,0,31088,0,1,0,1,1,0,0,0,0,2,1,0,2,4,2,4,4,4,5,5,1,1,3,1,3,1,1,1,3,3,2,2,-0.27084535,0.748043717,-0.06186762,1,0,1,0,3,0,0,0,1,0,2,0,2,1,0,1,1,0,1,0,1,0,0,1,1,-9,0,1,0,0,1,0,1,0,2,0,1,0,2,0,0,1,3,1,0,0,1,1,0,0,0,1
3123,49,4,0.004998184,0,98229,0,1,0,1,1,0,0,0,0,1,3,1,5,5,1,1,1,4,5,5,2,2,2,4,2,2,2,2,2,3,3,3,1.27688773,0.384890778,0.948147923,1,0,0,1,4,1,1,1,0,0,2,0,4,0,1,2,0,1,2,0,0,0,0,1,0,0,0,0,1,0,2,1,0,0,1,0,1,0,2,1,0,0,1,0,1,0,2,1,0,0,0,1
3124,51,4,0.106233341,0,54302,0,1,0,4,0,0,0,1,0,3,5,5,1,5,5,4,4,5,5,2,1,1,1,1,2,2,1,2,3,4,2,4,-0.273863081,-1.701013336,-0.296445477,1,0,1,0,3,0,0,1,0,0,2,0,4,1,0,1,1,0,1,0,0,0,0,0,0,-9,0,0,1,0,2,0,1,0,2,0,0,1,3,0,1,0,2,1,0,0,1,1,0,0,0,1
3126,44,2,0.692278528,0,37309,0,0,1,3,0,0,1,0,0,4,4,5,3,5,3,2,1,3,3,3,3,2,2,2,2,2,2,2,3,1,3,3,0.31147402,0.679148082,-0.787296906,1,0,1,0,3,0,0,1,0,0,2,0,4,1,0,1,0,0,3,1,0,1,0,0,0,1,1,1,0,0,1,1,0,0,1,1,0,0,1,1,0,0,1,1,0,0,1,1,0,0,0,1
3127,39,4,0.285153499,0,16502,1,0,0,3,0,0,1,0,0,2,5,3,3,4,2,2,2,3,3,3,2,2,2,4,2,2,1,1,3,3,2,3,0.028522512,-0.412190088,0.590590415,0,0,1,0,3,0,1,1,0,0,2,0,4,0,1,2,0,1,2,0,1,0,0,0,0,-9,0,0,0,1,3,0,0,1,3,1,0,0,1,0,0,1,3,1,0,0,1,0,0,0,1,4
3128,23,4,0.15712802,0,48741,0,0,1,2,0,1,0,0,0,3,4,4,4,5,3,4,1,5,5,4,2,2,2,3,2,2,2,2,2,4,3,4,0.983403684,0.008044146,1.276970183,1,0,0,1,4,1,1,1,0,0,2,0,4,1,0,1,0,1,2,0,0,0,0,1,0,0,0,1,0,0,1,1,0,0,1,1,0,0,1,1,0,0,1,1,0,0,1,1,0,0,0,1
3130,17,4,0.032013655,0,67156,0,1,0,1,1,0,0,0,0,1,4,1,4,4,1,1,1,4,4,3,2,2,2,4,2,2,2,2,3,4,3,4,0.419117597,-0.802179889,-0.567002606,1,1,0,0,2,0,0,1,0,0,2,0,4,1,0,1,0,0,3,0,0,0,0,0,0,-9,0,1,0,0,1,0,1,0,2,1,0,0,1,0,0,1,3,1,0,0,1,1,0,0,0,1
3131,5,4,0.000568112,0,94621,1,0,0,3,0,0,1,0,0,3,4,3,3,4,4,4,3,5,5,4,1,1,2,1,3,1,3,1,3,3,3,3,-1.321337783,0.962170335,-0.903028656,1,1,0,0,2,0,0,0,1,0,2,0,2,1,0,1,0,0,3,1,0,0,0,0,0,-9,0,0,0,1,3,0,0,1,3,0,1,0,2,0,0,1,3,0,0,1,3,0,0,0,1,4
3134,39,4,0.367178122,0,18201,1,0,0,4,0,0,0,1,0,5,5,5,1,5,2,2,1,4,4,4,2,1,1,1,2,2,1,2,3,1,2,4,0.285188715,-1.375921004,-2.171910997,1,0,1,0,3,1,1,1,0,0,2,0,4,1,0,1,1,0,1,0,1,0,0,0,0,1,1,0,0,1,3,0,0,1,3,1,0,0,1,0,1,0,2,1,0,0,1,0,1,0,0,2
3136,36,4,0.089784773,0,43607,0,1,0,3,0,0,1,0,0,2,4,3,4,5,3,4,2,5,4,4,2,2,3,3,1,2,2,1,3,3,2,3,0.652614093,-0.251850376,0.687692443,1,1,0,0,2,1,1,1,0,0,2,0,4,1,0,1,0,0,3,1,0,0,0,1,0,1,1,0,1,0,2,0,1,0,2,1,0,0,1,1,0,0,1,1,0,0,1,0,0,1,0,3
3137,38,4,4.00E-10,0,97060,0,1,0,2,0,1,0,0,0,3,5,3,3,5,3,3,1,5,5,4,1,2,2,4,2,2,1,3,3,3,2,4,1.266069187,-1.979779378,0.778062676,1,0,1,0,3,0,0,1,0,0,2,0,4,1,0,1,1,0,1,0,1,0,0,0,0,-9,0,0,1,0,2,0,1,0,2,0,1,0,2,0,1,0,2,1,0,0,1,0,0,1,0,3
3138,34,4,0.352849311,0,27265,0,1,0,2,0,1,0,0,0,2,4,3,3,4,1,1,1,4,2,1,1,1,2,1,2,2,2,2,2,4,4,3,-0.087084847,0.159523237,0.110274815,0,0,0,1,4,1,1,1,0,0,2,0,4,0,1,2,0,1,2,0,0,0,0,1,0,1,1,1,0,0,1,0,1,0,2,0,0,1,3,0,0,1,3,1,0,0,1,1,0,0,0,1
3140,49,2,0.047501626,0,98444,0,1,0,2,0,1,0,0,0,2,4,4,4,4,4,4,5,4,4,4,3,3,3,2,1,3,3,1,3,3,2,2,0.258857631,0.622357571,-0.440957375,1,1,0,0,2,1,1,0,0,1,2,0,3,0,1,2,0,0,3,1,1,1,0,0,0,-9,0,0,0,1,3,0,1,0,2,0,0,1,3,0,1,0,2,0,1,0,2,0,0,0,1,4
3141,45,4,0.377429258,1,78244,0,1,0,3,0,0,1,0,0,2,4,4,1,5,2,2,2,4,5,5,1,1,2,1,2,2,2,1,3,2,2,3,0.074453815,-0.94715085,-1.366229243,1,0,1,0,3,1,1,1,0,0,2,0,4,1,0,1,0,1,2,0,0,0,0,1,0,-9,0,0,0,1,3,1,0,0,1,1,0,0,1,1,0,0,1,1,0,0,1,0,0,1,0,3
3144,37,4,0.064565904,0,74008,0,1,0,3,0,0,1,0,0,3,6,4,4,5,2,2,2,5,5,4,2,2,2,3,2,2,2,2,3,3,2,3,0.820328646,-1.504538206,-0.399836543,1,0,0,1,4,0,0,1,0,0,2,0,4,1,0,1,1,0,1,0,1,0,0,0,1,1,1,1,0,0,1,0,1,0,2,1,0,0,1,0,1,0,2,1,0,0,1,1,0,0,0,1
3145,51,2,0.773070372,0,54914,0,1,0,3,0,0,1,0,0,4,3,4,4,5,4,3,3,5,5,3,2,2,2,3,2,2,2,2,2,4,2,3,-0.829786821,-0.658570026,0.008346873,1,0,1,0,3,1,1,1,0,0,2,0,4,1,0,1,1,0,1,0,0,0,0,1,0,1,1,0,1,0,2,0,1,0,2,1,0,0,1,0,1,0,2,1,0,0,1,0,1,0,0,2
3146,5,2,15.44758341,0,91321,0,1,0,2,0,1,0,0,0,2,4,4,3,4,3,4,4,3,4,3,2,2,2,1,2,2,2,1,2,1,3,2,-0.099908933,0.939179598,-0.653563021,1,1,0,0,2,0,0,0,0,1,2,0,3,0,1,2,0,0,3,1,0,0,0,0,0,-9,0,0,1,0,2,0,1,0,2,0,0,1,3,0,0,1,3,0,1,0,2,1,0,0,0,1
3149,44,2,1.010660247,0,57532,0,0,1,3,0,0,1,0,0,1,5,5,4,4,3,1,1,4,4,3,1,1,3,1,2,2,1,1,2,1,2,3,0.149377579,-0.055540068,-0.19354407,0,0,1,0,3,0,0,1,0,0,2,0,4,0,1,2,0,0,3,1,0,0,1,0,0,-9,0,1,0,0,1,1,0,0,1,1,0,0,1,0,0,1,3,1,0,0,1,1,0,0,0,1
3150,39,2,1.283228697,0,19015,1,0,0,3,0,0,1,0,0,2,4,3,2,5,1,1,1,4,5,4,1,2,1,1,3,1,2,1,3,1,2,1,1.242887681,-1.204478244,0.528163261,0,0,0,1,4,1,1,1,0,0,2,0,4,0,0,3,0,0,3,1,0,0,1,1,0,-9,0,0,0,1,3,0,0,1,3,1,0,0,1,1,0,0,1,0,1,0,2,0,0,1,0,3
3152,24,2,1.478130257,0,55363,0,1,0,3,0,0,1,0,0,3,4,4,2,5,3,4,1,5,5,5,3,1,1,1,3,1,1,2,3,3,2,2,1.564019913,-0.490609816,0.481580526,1,0,1,0,3,0,0,1,0,0,2,0,4,0,1,2,1,0,1,0,0,0,1,0,0,-9,0,0,0,0,0,0,0,0,0,0,0,0,0,0,0,0,0,0,0,0,0,0,0,0,0,0
3154,24,4,0.676112547,0,55117,1,0,0,3,0,0,1,0,0,2,5,3,4,4,1,1,1,4,3,2,1,1,3,3,2,2,2,2,3,4,2,4,-0.092499459,0.613073972,0.874254917,1,0,1,0,3,0,0,1,0,0,2,0,4,1,0,1,0,0,3,1,0,0,0,0,0,-9,0,0,0,1,3,0,0,1,3,0,0,1,3,0,0,1,3,1,0,0,1,0,0,0,1,4
3156,24,2,0.027814856,0,55117,1,0,0,2,0,1,0,0,0,3,1,2,3,3,3,3,3,3,3,3,3,2,2,1,3,1,1,1,3,2,2,2,-2.014611878,0.009609545,0.232107221,1,1,0,0,2,0,0,1,0,0,2,0,4,1,0,1,0,1,2,0,0,0,0,0,0,-9,0,0,0,1,3,0,0,1,3,0,0,1,3,0,0,1,3,1,0,0,1,0,0,0,1,4
3160,28,2,3.0287887,0,68801,0,1,0,4,0,0,0,1,0,1,5,5,3,4,1,5,1,5,5,5,1,1,3,1,2,3,1,2,3,2,2,4,0.654722002,-1.193616332,-0.499659108,1,0,1,0,3,0,0,1,0,0,2,0,4,1,0,1,1,0,1,0,0,0,0,0,0,-9,0,0,1,0,2,0,1,0,2,1,0,0,1,1,0,0,1,1,0,0,1,0,1,0,0,2
3163,39,4,0.082296763,0,15857,0,1,0,3,0,0,1,0,0,3,5,4,5,5,1,1,1,5,5,5,1,1,1,1,2,2,1,2,2,4,3,4,1.320149543,0.915418673,0.87778783,1,0,0,1,4,1,1,1,0,0,2,0,4,1,0,1,0,0,3,0,0,0,0,1,0,0,0,1,0,0,1,1,0,0,1,1,0,0,1,0,0,1,3,1,0,0,1,1,0,0,0,1
3165,3,4,2.40E-07,0,85131,0,0,1,4,0,0,0,1,0,3,4,4,4,4,3,2,4,4,4,3,1,3,3,3,2,2,2,2,3,3,2,3,0.514943117,0.680332223,-0.162406737,1,0,0,1,4,0,0,1,0,0,2,0,4,1,0,1,1,0,1,0,0,0,0,0,0,1,1,1,0,0,1,1,0,0,1,0,1,0,2,0,0,1,3,1,0,0,1,1,0,0,0,1
3167,1,4,0.937267392,0,36426,0,1,0,4,0,0,0,1,0,2,4,4,4,5,1,1,1,4,4,1,2,2,2,2,2,2,2,2,3,4,2,4,1.155112318,-0.776524949,0.140850215,0,0,0,1,4,0,0,1,0,0,2,0,4,1,0,1,0,1,2,0,1,0,0,1,0,-9,0,1,0,0,1,1,0,0,1,1,0,0,1,1,0,0,1,1,0,0,1,1,0,0,0,1
3169,38,4,1.22E-07,0,97386,0,1,0,3,0,0,1,0,0,2,4,3,2,3,2,5,2,2,5,4,1,1,1,1,2,2,2,2,3,3,3,4,1.088896682,-0.011943493,-0.376483364,1,0,1,0,3,0,0,1,0,0,2,0,4,1,0,1,1,0,1,0,1,0,0,0,0,-9,0,1,0,0,1,1,0,0,1,1,0,0,1,1,0,0,1,1,0,0,1,0,1,0,0,2
3172,26,2,0.102418738,0,63863,0,1,0,2,0,1,0,0,0,3,5,5,4,5,4,1,1,5,5,5,3,3,2,3,2,2,1,2,2,4,2,2,1.427341356,0.255524187,1.127144272,1,1,0,0,2,1,1,0,1,0,2,0,2,1,0,1,0,0,3,1,0,0,1,1,0,1,1,1,0,0,1,1,0,0,1,1,0,0,1,0,0,1,3,1,0,0,1,0,1,0,0,2
3173,10,2,13.62047499,0,33917,0,1,0,2,0,1,0,0,0,2,4,2,2,4,5,4,5,5,5,5,3,1,2,1,3,1,1,1,3,2,2,2,1.201207161,0.502299538,0.305490767,0,0,0,0,1,1,1,1,0,0,1,1,1,0,0,3,0,0,3,1,0,1,0,1,0,-9,0,1,0,0,1,1,0,0,1,0,1,0,2,0,0,1,3,1,0,0,1,0,1,0,0,2
3175,5,2,0.745595838,0,94134,1,0,0,3,0,0,1,0,0,2,3,4,2,4,1,1,2,4,4,3,1,1,3,1,3,1,3,1,3,1,2,3,-1.409776027,1.124380799,-0.584413886,0,1,0,0,2,0,1,1,0,0,2,0,4,0,0,3,0,0,3,1,0,1,0,0,0,-9,0,0,0,1,3,0,0,1,3,0,0,1,3,0,0,1,3,0,0,1,3,0,0,0,1,4
3178,4,4,1.764999654,0,72834,0,1,0,1,1,0,0,0,0,2,5,4,5,5,1,1,1,5,5,5,2,2,2,4,2,2,2,2,2,4,2,4,1.172251583,-0.427548445,0.139282563,1,0,1,0,3,0,0,1,0,0,2,0,4,1,0,1,0,1,2,0,1,0,0,1,0,1,1,1,0,0,1,0,1,0,2,1,0,0,1,0,0,1,3,1,0,0,1,1,0,0,0,1
3182,45,2,1.149137178,1,75226,0,1,0,2,0,1,0,0,0,2,5,2,3,4,1,1,1,5,1,1,1,1,1,2,3,3,1,3,3,1,4,4,-0.468168135,0.372217569,0.246415911,1,0,1,0,3,0,0,1,0,0,2,0,4,1,0,1,1,0,1,0,0,0,1,1,0,-9,0,0,1,0,2,0,0,1,3,0,1,0,2,0,0,1,3,0,0,1,3,0,0,0,1,4
3186,23,4,1.171911313,0,49002,0,1,0,2,0,1,0,0,0,2,1,3,5,5,1,4,3,5,4,3,2,2,2,4,2,2,1,1,3,4,2,3,1.378292132,-0.71607053,1.182810162,1,0,0,1,4,0,0,1,0,0,2,0,4,1,0,1,1,0,1,0,0,0,0,1,0,-9,0,0,1,0,2,0,1,0,2,0,1,0,2,0,1,0,2,1,0,0,1,1,0,0,0,1
3188,36,4,0.357077206,0,45506,0,1,0,4,0,0,0,1,0,2,5,4,5,3,1,1,1,3,2,1,2,2,3,4,2,2,1,2,2,3,4,4,-1.931827627,-1.424976739,-0.407465229,1,1,0,0,2,0,0,1,0,0,2,0,4,1,0,1,0,1,2,0,1,0,0,1,0,-9,0,0,1,0,2,0,1,0,2,1,0,0,1,0,1,0,2,1,0,0,1,1,0,0,0,1
3190,34,4,0.643509085,0,27295,0,1,0,4,0,0,0,1,0,2,4,4,4,4,4,4,4,4,4,4,1,1,1,1,1,1,1,1,3,1,1,1,0.729054462,-0.216731028,0.606189655,1,1,0,0,2,0,0,1,0,0,2,0,4,1,0,1,0,0,3,1,0,0,0,0,0,-9,0,1,0,0,1,1,0,0,1,0,1,0,2,0,1,0,2,1,0,0,1,1,0,0,0,1
3191,34,4,1.54309988,0,27214,0,1,0,2,0,1,0,0,0,2,3,3,2,5,3,2,1,5,5,4,1,2,3,4,2,2,1,2,3,4,2,2,-0.258557319,1.004425502,0.01700796,1,0,1,1,4,1,1,1,0,0,2,0,4,0,0,3,0,0,3,0,0,0,0,1,0,-9,0,1,0,0,1,1,0,0,1,0,1,0,2,1,0,0,1,1,0,0,1,1,0,0,0,1
3195,39,4,0.454771682,0,17015,0,1,0,1,1,0,0,0,0,1,3,1,4,4,1,1,1,4,1,1,1,2,2,4,2,2,1,2,3,3,3,3,0.45976493,0.376842166,1.172788344,0,0,1,0,3,1,1,1,0,0,2,0,4,0,1,2,0,1,2,0,0,0,0,1,0,1,1,1,0,0,1,1,0,0,1,0,1,0,2,0,1,0,2,1,0,0,1,1,0,0,0,1
3198,34,4,0.229727684,0,27298,0,0,1,1,1,0,0,0,0,1,4,1,5,5,1,1,1,4,1,1,2,2,2,3,2,2,2,2,3,3,2,3,0.777512311,-0.932460911,-0.529361397,1,1,0,0,2,0,0,1,0,0,2,0,4,1,0,1,0,0,3,0,0,0,0,0,0,1,1,1,0,0,1,1,0,0,1,0,1,0,2,1,0,0,1,1,0,0,1,1,0,0,0,1
3200,39,4,0.239549409,0,18822,0,1,0,1,1,0,0,0,0,1,4,0,5,5,2,1,1,5,1,1,1,1,1,1,2,1,2,2,2,4,3,4,0.835692551,-1.989524505,0.315536858,1,1,0,0,2,0,0,1,0,0,2,0,4,1,0,1,0,0,3,0,0,0,0,1,0,-9,0,1,0,0,1,1,0,0,1,1,0,0,1,0,0,1,3,1,0,0,1,1,0,0,0,1
3202,33,2,0.943395977,0,11763,0,1,0,3,0,0,1,0,0,2,2,2,2,2,2,2,2,2,2,2,3,3,3,2,3,3,2,2,2,3,3,3,-0.950853763,0.646745583,0.075662261,0,0,1,0,3,1,1,1,0,0,2,0,4,0,0,3,0,1,2,1,0,0,1,0,0,1,1,1,0,0,1,0,1,0,2,0,0,1,3,0,1,0,2,0,1,0,2,1,0,0,0,1
3204,4,2,1.796752614,0,72473,0,1,0,2,0,1,0,0,0,1,3,1,4,4,1,1,1,4,5,4,2,2,2,3,2,2,1,2,3,4,3,3,1.329630184,-0.200296844,-0.05571074,0,0,1,0,3,0,0,1,0,0,2,0,4,1,0,1,0,0,3,1,0,0,1,1,0,-9,0,1,0,0,1,1,0,0,1,1,0,0,1,0,0,1,3,1,0,0,1,1,0,0,0,1
3207,45,3,2.254226167,1,78641,0,1,0,2,0,1,0,0,0,3,5,4,2,4,2,4,2,5,5,5,1,1,3,1,1,3,1,3,3,3,2,2,0.955176773,-0.688342824,0.081583762,1,0,1,0,3,0,0,1,0,0,2,0,4,0,1,2,0,0,3,0,0,0,0,1,0,-9,0,0,1,0,2,1,0,0,1,0,0,1,3,0,0,1,3,1,0,0,1,1,0,0,0,1
3212,32,4,0.024177495,0,87110,0,1,0,2,0,1,0,0,0,3,4,4,4,4,2,2,2,4,4,4,1,1,1,4,2,2,1,1,3,2,4,4,0.269208267,0.605170339,0.699726504,1,0,0,1,4,0,0,1,0,0,2,0,4,1,0,1,1,0,1,0,0,0,0,0,0,1,1,0,1,0,2,0,0,1,3,0,0,1,3,0,0,1,3,1,0,0,1,0,0,0,1,4
3213,45,4,0.21020711,1,76118,0,1,0,4,0,0,0,1,0,2,5,3,1,5,1,5,2,5,5,3,2,2,2,4,2,2,2,2,2,3,2,3,1.326113543,-0.081331011,-0.483940333,1,0,0,1,4,1,1,1,0,0,2,0,4,1,0,1,0,1,2,0,0,0,0,1,0,1,1,0,1,0,2,0,1,0,2,0,0,1,3,0,0,1,3,0,1,0,2,0,1,0,0,2
3215,10,4,0.295389374,1,33635,0,1,0,2,0,1,0,0,0,3,1,0,4,5,2,2,2,4,4,4,1,1,1,1,3,1,1,1,3,1,2,2,-0.161490794,0.180540684,-0.11371152,0,0,0,1,4,0,1,1,0,0,2,0,4,1,0,1,0,1,2,0,1,0,0,1,0,-9,0,0,1,0,2,1,0,0,1,0,0,1,3,1,0,0,1,1,0,0,1,1,0,0,0,1
3218,34,4,0.906518092,0,27613,0,1,0,3,0,0,1,0,0,2,4,2,2,5,1,2,1,5,5,5,2,2,2,1,2,2,2,2,3,4,3,3,0.530290273,0.282781951,1.094296869,0,0,0,1,4,0,0,1,0,0,2,0,4,0,1,2,0,1,2,0,1,0,0,1,0,1,1,0,1,0,2,0,1,0,2,0,1,0,2,0,1,0,2,1,0,0,1,0,1,0,0,2
3219,15,4,1.074368915,0,46970,0,1,0,3,0,0,1,0,0,3,3,4,4,5,3,1,1,5,4,3,2,2,1,4,2,2,2,2,3,4,4,4,-0.101585935,-1.895444309,0.054954993,1,1,0,0,2,0,0,1,1,0,2,0,2,1,0,1,0,1,2,0,1,0,0,0,1,-9,0,1,0,0,1,1,0,0,1,1,0,0,1,1,0,0,1,1,0,0,1,1,0,0,0,1
3222,14,4,2.455470538,0,60139,1,0,0,3,0,0,1,0,0,3,4,3,3,4,1,3,3,3,3,3,2,2,2,3,2,2,2,2,2,3,3,3,0.099772276,-0.187556004,-0.555013956,1,0,0,1,4,0,0,1,0,0,2,0,4,0,0,3,0,1,2,0,0,0,0,1,0,-9,0,0,0,1,3,0,0,1,3,0,1,0,2,0,1,0,2,1,0,0,1,0,0,1,0,3
3224,3,4,0.063667897,1,85748,0,1,0,2,0,1,0,0,0,2,3,2,3,5,1,1,1,3,4,3,2,2,1,4,2,2,2,2,2,4,3,4,-0.183034721,-1.810749092,0.227712356,1,0,0,1,4,1,1,1,0,0,2,0,4,0,1,2,1,0,1,0,0,0,0,1,0,1,1,0,1,0,2,1,0,0,1,1,0,0,1,0,0,1,3,1,0,0,1,0,0,1,0,3
3225,33,2,0.377806798,0,10701,1,0,0,1,1,0,0,0,0,1,1,1,5,3,1,1,1,4,5,5,2,2,2,3,2,2,1,2,2,3,2,2,0.77531848,0.789411713,-0.490847186,0,0,0,1,4,0,0,1,0,0,2,0,4,1,0,1,0,1,2,0,0,1,1,0,1,1,1,0,0,1,3,0,0,1,3,0,1,0,2,0,1,0,2,0,0,1,3,0,0,0,1,4
3229,31,4,0.253029637,0,8021,0,1,0,2,0,1,0,0,0,2,3,3,4,4,2,4,4,3,4,4,1,1,1,3,2,2,2,2,2,3,3,3,0.11044708,0.081328347,0.165406957,0,0,0,1,4,0,0,1,0,0,2,0,4,1,0,1,1,0,1,0,0,0,0,0,0,1,1,0,1,0,2,1,0,0,1,1,0,0,1,0,0,1,3,0,1,0,2,0,0,1,0,3
3230,37,4,0.969667335,0,73834,0,0,1,1,1,0,0,0,0,1,3,3,2,5,3,2,2,4,4,3,1,1,2,4,2,2,1,2,2,4,4,4,-0.18286576,-0.554262552,-0.899833965,1,0,1,0,3,0,0,1,0,0,2,0,4,1,0,1,0,1,2,0,0,0,0,1,0,1,1,1,0,0,1,1,0,0,1,1,0,0,1,0,0,1,3,1,0,0,1,1,0,0,0,1
3231,21,2,1.789179909,0,20906,0,1,0,3,0,0,1,0,0,2,4,3,5,4,1,1,1,4,4,4,3,3,2,2,2,3,3,2,3,3,2,2,1.089002262,0.467015931,-0.031622171,1,0,0,1,4,0,0,1,0,0,2,0,4,0,1,2,0,1,2,0,0,0,1,0,0,-9,0,0,0,1,3,0,1,0,2,0,0,1,3,1,0,0,1,0,1,0,2,0,0,1,0,3
3232,33,4,0.192756578,0,14221,0,1,0,2,0,1,0,0,0,2,6,3,5,5,2,4,2,5,5,3,1,1,2,4,2,2,1,2,3,3,3,3,1.483676412,0.548647416,-1.336527717,1,0,0,1,4,0,1,1,0,0,2,0,4,1,0,1,1,0,1,0,1,0,0,0,0,-9,0,0,1,0,2,0,0,1,3,0,1,0,2,0,0,1,3,1,0,0,1,0,0,1,0,3
3233,25,2,0.82426923,0,38858,0,0,1,2,0,1,0,0,0,2,3,2,4,4,3,3,3,4,5,3,2,1,2,4,2,2,2,2,3,3,2,3,0.562687254,-0.208964684,-0.301973214,1,0,1,0,3,0,0,1,0,0,2,0,4,1,0,1,0,0,3,0,0,0,1,1,0,-9,0,1,0,0,1,1,0,0,1,1,0,0,1,1,0,0,1,1,0,0,1,1,0,0,0,1
3234,36,2,1.543361489,0,43214,0,1,0,2,0,1,0,0,0,3,4,2,4,4,1,1,1,4,4,4,1,1,3,1,2,2,2,3,3,1,2,1,-0.296631264,-2.073072614,0.269432497,1,0,1,0,3,0,0,1,0,0,2,0,4,1,0,1,1,0,1,0,0,0,1,0,1,1,1,0,1,0,2,0,0,1,3,0,1,0,2,0,0,1,3,1,0,0,1,0,0,0,1,4
3235,25,4,0.652202006,0,39203,0,1,0,2,0,1,0,0,0,2,4,4,4,5,2,2,2,4,4,3,2,2,2,4,2,2,2,2,3,1,2,1,1.011206611,-0.647887022,0.332574354,0,0,0,1,4,0,0,1,0,0,2,0,4,1,0,1,1,0,1,0,0,0,0,1,0,-9,0,0,1,0,2,0,1,0,2,1,0,0,1,0,0,1,3,1,0,0,1,0,0,0,1,4
3239,14,2,0.202258491,0,60624,1,0,0,5,0,0,0,0,1,2,5,3,3,4,4,3,3,5,5,5,1,1,3,1,3,1,1,1,3,2,2,1,-0.534813831,0.831513184,1.64969986,0,1,0,0,2,1,1,0,1,0,2,0,2,0,1,2,0,0,3,1,0,1,1,1,0,-9,0,0,0,1,3,0,0,1,3,0,0,1,3,1,0,0,1,0,0,1,3,0,0,0,1,4
3240,33,2,0.119028508,0,12414,0,1,0,1,1,0,0,0,0,2,5,2,4,5,1,1,1,4,4,1,2,2,2,4,2,2,2,2,3,4,2,4,-2.283231183,-1.410839933,-2.283709074,0,1,0,0,2,1,1,1,0,0,1,1,1,1,0,1,0,0,3,0,1,0,0,1,0,-9,0,1,0,0,1,1,0,0,1,0,0,1,3,1,0,0,1,1,0,0,1,1,0,0,0,1
3241,39,4,0.088098259,0,17512,0,1,0,3,0,0,1,0,0,3,5,4,2,5,1,4,1,4,4,3,1,1,1,1,2,2,3,1,3,2,2,1,0.250209159,-0.150553792,-0.065727901,1,0,0,1,4,0,0,1,0,0,2,0,4,1,0,1,0,1,2,0,1,0,0,0,0,-9,0,0,1,0,2,0,1,0,2,0,0,1,3,0,0,1,3,1,0,0,1,0,0,1,0,3
3243,45,4,1.62609901,1,75559,0,0,1,1,1,0,0,0,0,1,3,0,5,4,1,1,1,1,5,4,3,3,2,2,3,2,2,2,2,4,3,4,0.247093322,-0.250765367,-0.164236682,1,1,0,0,2,0,0,1,0,0,2,0,4,1,0,1,0,0,3,1,0,0,0,1,0,-9,0,1,0,0,1,1,0,0,1,0,1,0,2,1,0,0,1,1,0,0,1,1,0,0,0,1
3244,15,4,0.558647691,0,46628,0,1,0,2,0,1,0,0,0,2,2,1,4,5,2,2,2,5,5,3,1,1,1,1,2,2,3,3,2,4,2,2,0.207495285,0.050596158,-0.474396983,1,0,1,0,3,0,0,1,0,0,2,0,4,1,0,1,0,0,3,0,1,0,0,0,0,0,0,0,1,0,2,0,1,0,2,0,1,0,2,1,0,0,1,0,1,0,2,0,1,0,0,2
3249,19,4,1.499680268,0,71103,0,1,0,4,0,0,0,1,0,5,5,5,2,5,5,5,1,5,5,5,1,1,2,4,3,1,1,1,3,2,2,2,1.005878216,0.774428783,0.944774317,0,0,1,0,3,0,0,0,1,0,2,0,2,1,0,1,1,0,1,0,1,0,0,0,0,-9,0,1,0,0,1,0,0,1,3,0,0,1,3,0,0,1,3,1,0,0,1,1,0,0,0,1
3252,26,4,0.244600309,0,65582,0,0,1,3,0,0,1,0,0,2,5,1,5,5,1,1,1,5,5,3,2,2,2,1,2,1,2,2,2,1,2,4,-0.53782571,-1.103288751,1.246578691,1,0,1,0,3,0,0,1,0,0,2,0,4,1,0,1,0,0,3,0,0,0,0,1,0,-9,0,1,0,0,1,1,0,0,1,1,0,0,1,1,0,0,1,1,0,0,1,1,0,0,0,1
3254,49,4,0.000506558,0,98683,1,0,0,2,0,1,0,0,0,1,1,1,5,5,4,5,4,5,5,4,2,2,3,2,1,1,2,2,3,4,2,3,-0.470954655,0.336763453,0.340659463,1,0,1,1,4,0,0,1,0,0,2,0,4,1,0,1,0,1,2,0,0,0,0,0,0,0,0,0,0,1,3,0,0,1,3,0,0,1,3,0,1,0,2,1,0,0,1,0,0,0,1,4
3257,50,4,0.787038468,0,26726,0,1,0,5,0,0,0,0,1,4,5,3,1,5,3,1,1,1,4,1,1,1,1,1,2,2,2,2,3,4,4,4,-0.309601826,-1.781839048,-2.3348793,1,1,0,0,2,0,0,1,0,0,2,0,4,1,0,1,1,0,1,0,1,0,0,0,1,1,1,1,0,0,1,0,1,0,2,1,0,0,1,0,0,1,3,1,0,0,1,1,0,0,0,1
3259,1,4,0.647797645,0,36344,0,0,1,3,0,0,1,0,0,2,2,5,5,5,1,1,1,5,5,1,2,2,2,4,2,2,2,2,2,4,3,4,0.158271544,-1.740777611,1.732257564,1,0,0,1,4,0,0,1,0,0,2,0,4,1,0,1,1,0,1,0,1,0,0,0,0,1,1,1,0,0,1,1,0,0,1,1,0,0,1,1,0,0,1,1,0,0,1,1,0,0,0,1
3263,45,2,2.725536692,1,78504,0,1,0,3,0,0,1,0,0,1,2,4,4,4,2,2,2,4,4,4,1,3,3,1,3,2,1,1,3,4,2,3,-1.563339609,0.83384182,-0.712455056,1,1,0,0,2,0,0,1,0,0,1,1,1,0,1,2,0,0,3,1,0,0,0,0,0,-9,0,0,1,0,2,0,0,1,3,1,0,0,1,0,1,0,2,1,0,0,1,0,1,0,0,2
3265,10,4,1.417207393,1,33511,0,1,0,2,0,1,0,0,0,3,3,4,3,4,1,1,1,5,5,4,1,1,1,1,2,2,2,2,2,1,1,4,0.468847457,0.997216339,0.343522583,1,0,0,1,4,0,0,1,0,0,2,0,4,0,1,2,0,1,2,0,0,0,0,1,0,-9,0,0,1,0,2,0,0,1,3,0,0,1,3,0,1,0,2,1,0,0,1,0,1,0,0,2
3268,13,4,0.001602702,0,83686,0,1,0,2,0,1,0,0,0,2,5,5,2,4,2,2,3,2,4,5,1,1,1,1,2,2,1,2,2,3,3,4,0.421428942,0.057055023,-0.10450828,1,0,0,1,4,0,0,1,0,0,2,0,4,1,0,1,1,0,1,0,0,0,0,0,0,-9,0,1,0,0,1,1,0,0,1,1,0,0,1,1,0,0,1,1,0,0,1,0,1,0,0,2
3269,19,4,1.132894608,0,71292,0,1,0,2,0,1,0,0,0,1,2,2,3,4,3,3,3,5,5,5,1,2,2,3,2,2,2,2,3,4,2,4,0.433840029,-0.288746346,0.796939725,1,1,0,0,2,0,0,1,0,0,2,0,4,0,1,2,0,0,3,1,0,0,0,0,0,1,1,1,0,0,1,1,0,0,1,1,0,0,1,1,0,0,1,1,0,0,1,1,0,0,0,1
3270,45,2,1.18276421,0,78852,0,1,0,4,0,0,0,1,0,3,4,4,4,3,3,4,3,2,4,4,2,1,3,3,3,2,1,2,3,3,2,3,-0.106822789,0.442620236,-0.688494726,1,0,1,0,3,0,0,1,0,0,1,1,1,1,0,1,0,0,3,0,0,0,1,1,0,-9,0,0,1,0,2,0,0,1,3,1,0,0,1,0,1,0,2,1,0,0,1,0,1,0,0,2
3273,11,4,2.051392763,0,30327,0,1,0,2,0,1,0,0,0,2,3,2,4,4,1,2,2,2,4,3,1,2,2,4,2,2,1,2,3,3,2,3,0.553308091,0.503214883,0.045396822,1,0,0,1,4,1,1,1,0,0,2,0,4,0,0,3,0,1,2,0,0,0,0,1,0,1,1,0,1,0,2,1,0,0,1,0,0,1,3,0,1,0,2,1,0,0,1,1,0,0,0,1
3274,23,4,0.352219199,0,48079,0,1,0,2,0,1,0,0,0,3,2,3,4,4,1,2,2,5,4,1,2,2,2,4,2,2,3,2,1,4,2,4,-0.595280124,-2.372477708,1.724199671,1,0,0,1,4,0,0,1,0,0,2,0,4,1,0,1,0,1,2,0,1,0,0,1,0,1,1,1,0,0,1,0,1,0,2,0,1,0,2,0,0,1,3,1,0,0,1,1,0,0,0,1
3276,44,4,0.387601608,0,37602,0,0,1,1,1,0,0,0,0,2,4,1,4,5,2,5,3,4,5,5,3,2,2,4,2,2,1,2,3,2,2,3,0.48380605,0.068787896,0.10365953,1,0,0,1,4,1,1,1,0,0,2,0,4,1,0,1,1,0,1,0,0,0,0,0,0,-9,0,0,0,0,0,0,0,0,0,0,0,0,0,0,0,0,0,0,0,0,0,0,0,0,0,0
3278,5,4,0.00082483,0,95207,1,0,0,2,0,1,0,0,0,3,6,1,4,4,3,3,2,4,4,4,2,2,2,4,2,2,2,2,2,4,3,4,-0.833919081,0.118353826,0.166997988,1,0,0,1,4,0,0,0,1,0,2,0,2,1,0,1,1,0,1,0,0,0,0,0,0,1,1,0,0,1,3,0,0,1,3,1,0,0,1,0,1,0,2,1,0,0,1,0,0,0,1,4
3279,52,2,0.019352446,0,82070,0,1,0,2,0,1,0,0,0,2,5,3,4,3,2,2,2,4,3,3,2,2,2,4,2,2,2,2,2,4,3,4,0.233530978,0.152916923,-0.177412063,0,0,1,0,3,0,0,1,0,0,2,0,4,0,1,2,0,0,3,0,0,0,0,1,0,-9,0,0,1,0,2,0,1,0,2,0,1,0,2,0,0,1,3,1,0,0,1,0,1,0,0,2
3280,1,4,0.418366486,0,35768,0,1,0,1,1,0,0,0,0,1,2,1,4,2,1,1,1,4,5,1,2,2,2,4,2,2,2,2,3,1,4,1,-0.974465502,-1.529603317,0.443379331,1,0,1,0,3,0,0,1,0,0,2,0,4,1,0,1,0,1,2,0,0,0,0,0,0,-9,0,1,0,0,1,0,1,0,2,0,1,0,2,0,1,0,2,1,0,0,1,1,0,0,0,1
3285,51,2,4.870847737,0,54768,0,1,0,5,0,0,0,0,1,3,5,4,3,4,2,3,1,5,5,4,2,2,2,4,2,2,1,2,3,3,2,2,1.263290154,1.299560606,-1.086927532,1,0,1,0,3,0,0,1,0,0,2,0,4,1,0,1,0,0,3,1,0,0,0,1,0,-9,0,1,0,0,1,1,0,0,1,0,1,0,2,0,0,1,3,1,0,0,1,1,0,0,0,1
3288,41,4,0.452852226,0,2903,1,0,0,3,0,0,1,0,0,2,4,4,4,4,2,2,2,4,4,4,2,1,3,1,3,1,2,2,3,1,2,3,0.831679044,0.004414173,0.392297862,1,0,0,1,4,0,0,1,0,0,2,0,4,1,0,1,1,0,1,0,1,0,0,0,1,1,1,0,0,1,3,0,0,1,3,0,0,1,3,0,0,1,3,0,0,1,3,0,0,0,1,4
3289,24,2,0.469617782,0,55407,1,0,0,2,0,1,0,0,0,2,5,3,3,5,1,1,1,5,5,4,2,2,1,4,2,2,2,2,2,4,2,4,0.422194432,-1.14804663,0.371641615,1,0,0,1,4,1,1,1,0,0,2,0,4,1,0,1,1,0,1,0,0,0,0,1,1,1,1,0,0,1,3,0,0,1,3,1,0,0,1,0,0,1,3,0,1,0,2,0,0,0,1,4
3292,45,4,1.045311963,1,78214,0,1,0,4,0,0,0,1,0,3,4,4,3,5,3,3,3,5,5,4,3,3,3,2,3,3,3,3,3,2,2,1,0.562681662,1.407491577,0.312322226,0,0,0,1,4,0,0,1,0,0,2,0,4,0,1,2,0,0,3,1,0,0,0,1,0,1,1,0,0,1,3,0,1,0,2,0,1,0,2,1,0,0,1,1,0,0,1,0,0,1,0,3
3295,19,4,1.487663036,0,70563,0,1,0,1,1,0,0,0,0,1,3,2,3,3,3,3,4,2,4,2,2,3,3,2,2,2,2,2,3,3,2,2,1.269996067,0.258557002,-0.383748017,1,0,1,0,3,1,1,1,0,0,2,0,4,0,1,2,0,1,2,0,0,0,0,1,0,1,1,0,1,0,2,0,1,0,2,1,0,0,1,1,0,0,1,1,0,0,1,1,0,0,0,1
3297,51,4,0.538887539,0,53208,1,0,0,1,1,0,0,0,0,2,4,3,2,5,1,3,1,5,5,4,1,1,1,1,2,2,1,1,3,1,2,1,1.628317672,-0.123582813,-0.265797061,1,0,0,1,4,0,0,1,0,0,2,0,4,1,0,1,1,0,1,0,0,0,0,0,0,0,0,0,0,1,3,0,0,1,3,0,0,1,3,0,1,0,2,1,0,0,1,0,0,0,1,4
3300,46,4,4.72E-06,0,84119,1,0,0,2,0,1,0,0,0,2,4,3,4,5,3,3,1,4,5,4,2,2,3,3,2,1,2,1,3,4,3,3,-0.136173429,-1.715730969,-0.088994929,1,0,1,0,3,0,0,1,0,0,2,0,4,1,0,1,1,0,1,0,1,0,0,0,1,-9,0,0,0,1,3,0,0,1,3,0,0,1,3,0,1,0,2,0,0,1,3,0,0,0,1,4
3303,45,2,0.60906071,1,75214,0,1,0,2,0,1,0,0,0,2,3,3,3,5,2,2,1,4,2,2,2,2,3,2,2,2,1,1,3,4,3,1,-1.193288617,-0.864408105,0.455423035,0,1,0,0,2,0,0,0,1,0,2,0,2,0,1,2,0,0,3,0,0,0,1,0,0,1,1,0,0,1,3,0,1,0,2,0,1,0,2,1,0,0,1,0,1,0,2,0,0,0,1,4
3304,3,2,0.007884198,1,85716,0,1,0,3,0,0,1,0,0,1,5,1,4,4,4,4,4,5,5,5,1,2,2,1,3,1,1,1,3,3,2,3,-1.205623139,1.0752505,-1.67055288,1,1,0,0,2,1,1,1,0,0,2,0,4,0,1,2,0,0,3,1,0,0,0,1,0,1,1,0,1,0,2,0,0,1,3,1,0,0,1,0,1,0,2,0,1,0,2,0,0,0,1,4
3305,21,4,0.354108989,0,21502,0,1,0,3,0,0,1,0,0,3,3,3,4,5,1,1,1,5,5,3,3,2,2,4,2,2,2,2,2,4,3,3,0.925796252,-1.501371034,0.766215966,1,0,1,0,3,0,0,1,0,0,2,0,4,0,1,2,0,1,2,0,1,0,0,0,0,-9,0,0,1,0,2,0,1,0,2,0,0,1,3,0,0,1,3,1,0,0,1,0,0,1,0,3
3307,5,2,0.004648019,1,92316,0,1,0,3,0,0,1,0,0,3,5,5,3,3,3,3,3,5,5,5,2,2,2,3,2,2,2,2,2,3,3,3,1.336492646,0.964314807,0.65579919,1,0,1,0,3,0,0,1,0,0,2,0,4,1,0,1,0,0,3,0,0,0,0,1,0,-9,0,0,1,0,2,0,1,0,2,0,0,1,3,0,0,1,3,1,0,0,1,0,0,1,0,3
3309,7,4,0.370289739,0,6811,0,1,0,2,0,1,0,0,0,2,5,3,5,4,1,2,1,4,4,4,1,1,3,1,2,2,2,2,3,1,2,2,0.351559234,0.764221414,0.338833238,0,0,0,1,4,1,1,1,0,0,2,0,4,0,1,2,0,1,2,0,0,0,0,1,0,-9,0,1,0,0,1,1,0,0,1,0,1,0,2,0,1,0,2,1,0,0,1,1,0,0,0,1
3310,26,4,0.37935975,0,65251,0,1,0,1,1,0,0,0,0,1,6,3,5,5,1,1,1,5,5,3,2,2,2,4,2,2,2,2,2,4,4,4,-0.350102772,-0.807215901,1.585352861,1,0,1,0,3,0,0,1,0,0,2,0,4,1,0,1,1,0,1,0,1,0,0,0,1,1,1,1,0,0,1,1,0,0,1,0,1,0,2,0,0,1,3,1,0,0,1,1,0,0,0,1
3312,23,1,0.6221945,0,49201,0,1,0,3,0,0,1,0,0,3,5,4,4,3,3,1,2,5,5,4,1,1,3,2,3,1,1,3,3,1,2,2,-0.576210261,-0.02058272,0.698136035,1,1,0,0,2,0,0,1,0,0,2,0,4,1,0,1,1,0,1,0,1,0,1,0,1,1,1,1,0,0,1,0,0,1,3,0,1,0,2,0,0,1,3,1,0,0,1,1,0,0,0,1
3313,17,4,0.581767648,0,67530,0,1,0,2,0,1,0,0,0,3,5,4,2,2,1,2,1,5,5,3,2,2,2,4,2,2,1,2,3,4,1,3,-0.299219639,0.157603149,-0.753169756,1,0,0,1,4,0,0,1,0,0,2,0,4,0,1,2,0,1,2,0,0,0,0,0,0,-9,0,0,1,0,2,0,1,0,2,1,0,0,1,0,0,1,3,1,0,0,1,0,1,0,0,2
3314,29,4,0.00645264,0,89512,0,1,0,3,0,0,1,0,0,3,5,3,1,5,1,2,1,5,5,4,1,3,3,1,3,1,2,2,3,3,3,3,1.061827735,-0.019799075,0.363892403,1,0,0,1,4,0,0,1,0,0,2,0,4,1,0,1,1,0,1,0,0,0,0,0,0,-9,0,0,0,1,3,0,1,0,2,0,0,1,3,1,0,0,1,1,0,0,1,0,0,1,0,3
3315,21,4,0.324097623,0,21206,0,1,0,2,0,1,0,0,0,2,6,3,4,4,2,2,2,2,2,2,2,2,2,4,2,2,2,2,3,4,3,4,-0.266254873,-0.182442726,0.24858007,0,0,0,1,4,0,0,0,1,0,2,0,2,1,0,1,1,0,1,0,0,0,0,0,1,-9,0,0,0,1,3,0,1,0,2,0,1,0,2,1,0,0,1,1,0,0,1,0,0,1,0,3
3320,34,2,1.126726582,0,28086,0,1,0,3,0,0,1,0,0,2,4,1,5,5,2,2,2,4,4,3,2,2,2,4,2,2,1,2,2,4,2,3,1.486158054,-0.039303847,-0.224522669,1,0,0,1,4,0,0,1,0,0,2,0,4,0,1,2,1,0,1,0,0,0,1,1,0,-9,0,1,0,0,1,1,0,0,1,0,0,1,3,0,1,0,2,1,0,0,1,1,0,0,0,1
3321,15,4,0.462252804,0,46237,0,1,0,1,1,0,0,0,0,2,6,4,1,5,2,2,1,5,5,4,1,2,2,1,2,2,1,2,3,2,2,3,1.017010991,0.157388208,0.147551566,1,0,0,1,4,0,0,1,0,0,2,0,4,1,0,1,0,0,3,0,0,0,0,0,0,-9,0,0,1,0,2,0,0,1,3,0,0,1,3,0,1,0,2,1,0,0,1,0,1,0,0,2
3322,49,4,2.31E-06,0,98801,0,1,0,1,1,0,0,0,0,1,5,1,2,5,1,1,1,1,5,1,2,2,2,4,2,2,2,2,2,4,3,4,0.278958577,-1.226910212,-1.477663284,1,0,0,1,4,0,0,1,0,0,2,0,4,1,0,1,1,0,1,0,0,0,0,0,1,-9,0,1,0,0,1,1,0,0,1,0,1,0,2,0,0,1,3,1,0,0,1,1,0,0,0,1
3323,18,4,0.609430578,0,40014,0,1,0,3,0,0,1,0,0,2,5,4,5,5,2,4,1,4,4,4,2,2,2,1,2,2,2,2,3,3,3,1,0.398217283,0.227002149,-0.746643603,1,0,0,1,4,0,0,1,0,0,2,0,4,1,0,1,1,0,1,0,1,0,0,1,1,-9,0,1,0,0,1,1,0,0,1,0,1,0,2,1,0,0,1,1,0,0,1,1,0,0,0,1
3329,17,4,0.348790408,0,67147,0,0,1,2,0,1,0,0,0,2,5,2,3,5,1,1,1,3,3,2,2,2,2,4,2,2,1,2,2,3,3,4,-0.40845203,-0.733176561,-0.638183805,1,0,0,1,4,0,1,1,0,0,2,0,4,1,0,1,1,0,1,0,1,0,0,0,0,-9,0,1,0,0,1,1,0,0,1,0,1,0,2,0,1,0,2,1,0,0,1,1,0,0,0,1
3333,45,4,0.268681751,1,78628,0,1,0,3,0,0,1,0,0,3,4,3,2,5,3,3,2,3,3,3,1,1,1,1,3,1,1,1,3,1,2,1,-1.007875738,-0.51240479,-0.777524173,1,0,0,1,4,0,0,1,0,0,2,0,4,1,0,1,0,0,3,1,0,0,0,0,0,-9,0,1,0,0,1,0,1,0,2,0,0,1,3,0,0,1,3,1,0,0,1,1,0,0,0,1
3334,24,4,0.327728838,0,55423,1,0,0,1,1,0,0,0,0,2,5,4,3,4,1,1,1,4,3,1,2,2,2,4,2,2,2,1,3,1,3,4,-0.744272947,-0.315371741,0.012869579,1,0,0,1,4,0,0,1,0,0,2,0,4,1,0,1,0,1,2,0,1,0,0,0,1,-9,0,0,0,1,3,0,0,1,3,0,0,1,3,1,0,0,1,0,1,0,2,0,0,0,1,4
3335,31,4,2.173506108,0,7960,0,1,0,1,1,0,0,0,0,1,2,0,5,4,1,1,1,2,4,1,2,2,2,4,2,2,2,2,2,4,3,3,-0.081804973,1.533799223,-0.510767677,1,0,0,1,4,1,1,1,0,0,2,0,4,0,0,3,0,1,2,0,0,0,0,1,0,-9,0,0,1,0,2,0,0,1,3,0,1,0,2,0,1,0,2,0,1,0,2,0,1,0,0,2
3337,15,4,0.564829213,0,47331,0,1,0,4,0,0,0,1,0,2,3,3,4,5,1,1,1,4,5,1,1,2,1,1,2,2,2,2,3,1,1,1,0.614220666,-1.76281661,0.038688892,0,0,0,1,4,0,1,1,0,0,2,0,4,0,1,2,0,1,2,0,0,0,0,1,0,1,1,1,0,0,1,0,1,0,2,1,0,0,1,0,1,0,2,1,0,0,1,1,0,0,0,1
3338,23,4,1.089075091,0,48315,0,1,0,2,0,1,0,0,0,2,2,3,4,4,4,3,2,4,4,4,1,2,1,1,3,3,3,1,2,2,3,3,-0.978624614,0.700271582,0.937352991,0,0,0,1,4,1,1,1,0,0,2,0,4,0,1,2,0,1,2,0,0,0,0,1,0,-9,0,0,1,0,2,0,1,0,2,0,1,0,2,0,0,1,3,1,0,0,1,0,1,0,0,2
3339,23,2,3.773582104,0,49001,0,1,0,2,0,1,0,0,0,2,3,3,5,3,1,1,1,3,3,4,2,2,2,4,2,2,2,2,3,4,2,2,-0.593539266,-0.637451648,-0.86318496,0,0,0,1,4,0,0,1,0,0,2,0,4,0,0,3,0,0,3,0,0,0,1,1,0,-9,0,0,1,0,2,0,0,1,3,1,0,0,1,0,0,1,3,1,0,0,1,0,1,0,0,2
3342,39,4,0.274774241,0,17502,0,1,0,3,0,0,1,0,0,2,4,2,4,4,2,3,2,3,3,3,2,2,2,4,2,2,2,2,2,4,2,2,0.438624648,0.691038235,-0.138554132,0,0,0,1,4,0,0,1,0,0,2,0,4,1,0,1,0,1,2,0,0,0,0,1,0,-9,0,1,0,0,1,1,0,0,1,0,1,0,2,1,0,0,1,1,0,0,1,1,0,0,0,1
3343,36,4,0.347694444,0,43235,0,1,0,2,0,1,0,0,0,3,5,4,2,5,3,2,2,5,5,4,1,1,1,1,1,1,1,2,3,3,1,2,0.894169859,-0.22437974,-0.129947857,1,0,0,1,4,0,1,1,0,0,2,0,4,1,0,1,1,0,1,0,0,0,0,1,0,1,1,0,1,0,2,0,0,1,3,0,0,1,3,0,0,1,3,1,0,0,1,0,1,0,0,2
3346,26,2,0.878215006,0,63043,0,1,0,4,0,0,0,1,0,3,5,4,5,5,5,5,5,4,4,4,2,2,2,3,2,2,2,2,2,3,3,3,1.223677227,1.212978614,0.531847772,0,1,0,0,2,0,0,1,0,0,2,0,4,0,0,0,0,0,3,1,0,0,0,1,0,-9,0,0,1,0,2,0,0,1,3,0,0,1,3,0,1,0,2,1,0,0,1,0,1,0,0,2
3350,14,2,0.419775085,0,62946,0,1,0,2,0,1,0,0,0,3,4,5,3,5,1,1,1,4,3,3,2,1,2,4,3,2,2,2,3,4,2,4,-0.961984002,-1.698456573,-0.409515677,1,1,0,0,2,1,1,1,0,0,2,0,4,1,0,1,1,0,1,0,0,0,0,0,0,1,1,1,0,0,1,1,0,0,1,0,1,0,2,1,0,0,1,1,0,0,1,1,0,0,0,1
3352,34,4,0.573546494,0,28714,0,0,1,2,0,1,0,0,0,2,2,2,2,5,3,4,4,5,5,5,1,2,1,1,2,2,2,2,3,3,3,4,-0.050006199,-1.553644657,0.376730064,1,0,1,0,3,0,0,1,0,0,2,0,4,0,1,2,0,0,3,0,1,0,0,1,0,-9,0,1,0,0,1,1,0,0,1,1,0,0,1,0,1,0,2,1,0,0,1,1,0,0,0,1
3353,11,4,0.472957708,0,31768,0,1,0,2,0,1,0,0,0,4,4,4,4,5,2,3,1,4,4,2,2,2,2,4,2,2,1,2,3,4,2,4,-0.739161573,-0.930818812,-1.261108238,1,0,1,0,3,0,0,1,0,0,2,0,4,1,0,1,0,0,3,1,1,0,0,0,0,-9,0,1,0,0,1,0,1,0,2,1,0,0,1,0,0,1,3,1,0,0,1,0,1,0,0,2
3355,3,2,0.158274338,1,85250,1,0,0,4,0,0,0,1,0,1,4,4,5,5,5,5,4,5,5,5,2,1,3,3,3,3,3,2,3,2,2,3,1.258518059,1.083455482,0.480746146,0,0,0,0,1,1,1,1,0,0,1,1,1,0,1,2,1,0,1,0,0,0,0,0,0,-9,0,0,0,1,3,0,0,1,3,0,0,1,3,1,0,0,1,1,0,0,1,0,0,0,1,4
3356,23,4,0.542892221,0,48439,0,1,0,2,0,1,0,0,0,2,4,3,2,5,1,1,1,3,3,1,1,1,2,4,2,2,2,2,3,4,2,4,-1.335194114,-1.308623091,0.576111097,1,0,0,1,4,1,1,0,1,0,1,1,1,0,1,2,0,1,2,0,0,0,0,1,0,-9,0,1,0,0,1,0,1,0,2,0,1,0,2,0,1,0,2,1,0,0,1,1,0,0,0,1
3357,25,4,2.62796428,0,38622,0,0,1,5,0,0,0,0,1,3,3,3,3,5,1,1,1,3,3,1,2,2,2,4,2,2,2,2,2,4,2,4,0.307421406,-1.547126791,-0.064590125,1,0,1,1,4,0,0,0,1,0,2,0,2,1,0,1,1,0,1,0,1,0,0,0,1,1,1,0,0,0,0,0,0,0,0,0,0,0,0,0,0,0,0,0,0,0,0,0,0,0,0,0
3360,45,2,2.231595918,1,75104,0,1,0,4,0,0,0,1,0,2,5,4,2,5,3,4,2,4,4,4,1,1,3,1,2,2,1,2,3,1,2,1,1.279858973,1.185658219,0.719418138,1,0,1,0,3,0,1,0,1,0,2,0,2,0,0,3,0,0,3,1,0,0,1,0,0,1,1,0,1,0,2,1,0,0,1,0,0,1,3,0,1,0,2,1,0,0,1,0,1,0,0,2
3363,48,2,0.448530068,0,20187,0,1,0,2,0,1,0,0,0,2,4,3,4,4,4,4,4,4,4,4,1,1,1,1,3,1,1,1,3,1,1,1,0.129480079,0.690446653,0.02746992,1,1,0,0,2,1,1,1,0,0,2,0,4,0,1,2,0,0,3,1,0,0,0,1,0,1,1,1,0,0,1,1,0,0,1,0,1,0,2,0,1,0,2,1,0,0,1,1,0,0,0,1
3364,45,4,0.904223598,1,78733,0,1,0,2,0,1,0,0,0,4,4,3,3,5,1,2,2,5,4,3,2,2,2,4,2,2,1,2,3,3,3,4,-0.195578599,-0.545599266,0.22008212,1,0,0,1,4,0,0,1,0,0,2,0,4,1,0,1,0,1,2,0,0,0,0,0,0,-9,0,1,0,0,1,0,1,0,2,0,0,1,3,0,1,0,2,1,0,0,1,0,1,0,0,2
3365,10,4,0.706402281,1,33702,0,1,0,1,1,0,0,0,0,1,1,0,5,4,1,3,1,4,4,3,2,2,2,3,2,2,2,2,2,3,3,3,0.498442915,-0.709874834,-0.186521716,1,0,0,1,4,1,1,1,0,0,2,0,4,0,1,2,1,0,1,0,0,0,0,1,0,-9,0,0,1,0,2,0,0,1,3,0,0,1,3,0,1,0,2,1,0,0,1,0,0,0,1,4
3366,5,3,0.000127387,0,95928,0,1,0,2,0,1,0,0,0,2,3,2,3,3,3,3,3,3,2,3,1,1,1,1,1,1,1,1,1,1,1,2,-0.585136051,-0.450268678,0.605411763,1,1,0,0,2,0,0,1,0,0,2,0,4,1,0,1,0,1,2,0,0,0,0,1,0,1,1,0,1,0,2,0,0,1,3,0,1,0,2,0,0,1,3,1,0,0,1,0,1,0,0,2
3367,39,2,0.783201833,0,19136,1,0,0,2,0,1,0,0,0,2,4,3,4,4,2,2,2,4,4,5,1,3,3,1,3,1,1,1,3,2,2,2,-0.379163379,-0.64898943,0.626146568,1,0,1,0,3,0,0,1,0,0,2,0,4,0,1,2,0,0,3,1,0,0,1,0,0,-9,0,0,0,1,3,0,0,1,3,1,0,0,1,0,1,0,2,0,0,1,3,0,0,0,1,4
3368,25,4,0.77191147,0,38834,0,1,0,3,0,0,1,0,0,3,4,3,2,4,2,2,2,3,3,2,2,2,2,4,2,2,2,2,3,4,4,4,-0.33353883,-0.083790415,-0.580523777,0,0,0,1,4,0,0,1,0,0,2,0,4,1,0,1,1,0,1,0,0,0,0,0,0,-9,0,1,0,0,1,1,0,0,1,0,1,0,2,1,0,0,1,1,0,0,1,1,0,0,0,1
3372,11,4,0.85181815,0,30633,0,0,1,3,0,0,1,0,0,2,2,3,4,4,3,4,2,4,4,4,1,1,1,1,2,1,1,1,3,2,2,2,0.090889772,0.924951823,0.043482045,1,0,0,1,4,0,0,1,0,0,2,0,4,0,1,2,0,0,3,1,1,0,0,1,0,1,1,1,0,0,1,1,0,0,1,1,0,0,1,1,0,0,1,1,0,0,1,1,0,0,0,1
3374,1,3,1.082058911,0,35973,0,0,1,4,0,0,0,1,0,2,5,5,3,5,3,3,3,3,3,3,1,1,1,1,2,3,2,1,3,2,2,2,1.212847949,0.221357392,0.877734396,1,0,0,0,1,1,1,1,0,0,2,0,4,1,0,1,1,0,1,1,0,0,0,1,0,-9,0,1,0,0,1,1,0,0,1,1,0,0,1,1,0,0,1,1,0,0,1,1,0,0,0,1
3377,39,2,2.22144324,0,19147,1,0,0,3,0,0,1,0,0,1,5,1,5,5,1,1,1,5,5,3,2,1,3,1,2,2,2,3,3,3,2,4,1.028192872,0.828131781,0.750394359,1,1,0,0,2,0,0,1,0,0,2,0,4,0,0,3,0,1,2,0,0,0,1,0,1,-9,0,0,0,1,3,0,0,1,3,0,1,0,2,0,0,1,3,0,0,1,3,0,0,0,1,4
3379,14,4,0.74128951,0,60803,0,1,0,4,0,0,0,1,0,1,5,5,5,5,5,4,1,5,5,5,2,2,2,3,2,2,2,2,2,3,3,3,0.640593606,0.81545658,1.094943671,0,0,0,1,4,0,0,0,1,0,2,0,2,0,1,2,0,1,2,0,0,0,0,1,0,-9,0,0,1,0,2,0,1,0,2,0,1,0,2,1,0,0,1,0,1,0,2,0,0,1,0,3
3389,11,2,6.590084128,0,30002,0,1,0,3,0,0,1,0,0,2,3,3,3,4,3,2,3,4,4,4,2,2,2,4,3,1,1,1,3,1,1,2,0.681587859,1.5949839,0.561602278,1,0,0,0,1,1,1,0,0,1,1,1,1,0,0,3,0,0,3,1,0,0,0,1,0,-9,0,0,1,0,2,0,1,0,2,0,0,1,3,0,0,1,3,0,0,1,3,0,0,0,1,4
3390,14,4,0.393021946,0,60626,1,0,0,2,0,1,0,0,0,2,4,3,4,5,2,2,1,4,4,3,2,2,2,4,2,2,2,2,2,4,4,4,-0.889680036,-0.103838329,-0.71662632,1,0,0,1,4,1,1,1,0,0,2,0,4,1,0,1,1,0,1,0,1,0,0,0,1,0,0,0,0,1,3,0,0,1,3,1,0,0,1,1,0,0,1,0,0,1,3,0,0,0,1,4
3392,25,4,0.229989213,0,39212,0,1,0,3,0,0,1,0,0,3,3,3,2,5,2,2,1,5,5,3,2,1,2,4,3,2,1,1,3,4,2,4,0.243546309,-0.244347319,-1.081859191,0,0,0,1,4,0,0,1,0,0,2,0,4,1,0,1,0,1,2,0,1,0,0,1,0,1,1,0,1,0,2,1,0,0,1,1,0,0,1,0,1,0,2,1,0,0,1,0,1,0,0,2
3394,32,4,0.063667897,0,87124,0,1,0,2,0,1,0,0,0,2,6,4,5,5,2,2,1,5,5,4,1,1,2,1,2,2,1,1,3,1,3,4,-1.229156774,0.888351486,0.896436093,1,0,0,1,4,0,1,1,0,0,2,0,4,0,1,2,1,0,1,0,0,0,0,1,0,1,1,0,1,0,2,1,0,0,1,1,0,0,1,1,0,0,1,1,0,0,1,0,1,0,0,2
3395,34,4,0.596736656,0,28103,0,0,1,2,0,1,0,0,0,2,3,2,5,3,1,1,1,5,5,5,2,2,2,4,2,2,2,2,2,4,3,3,0.704110783,0.536903275,0.513232568,0,0,0,1,4,0,0,1,0,0,2,0,4,0,1,2,0,1,2,0,0,0,0,1,0,-9,0,1,0,0,1,1,0,0,1,0,1,0,2,0,1,0,2,1,0,0,1,1,0,0,0,1
3397,36,2,1.481512943,0,45044,0,1,0,3,0,0,1,0,0,2,3,3,2,5,1,2,1,5,5,2,2,1,3,4,3,1,1,2,3,3,2,4,0.592139638,-0.950938369,-0.599757441,1,0,1,0,3,0,0,1,0,0,2,0,4,0,1,2,0,0,3,1,0,0,1,1,0,1,1,0,1,0,2,0,1,0,2,0,0,1,3,0,1,0,2,1,0,0,1,0,0,1,0,3
3398,19,2,0.523304044,0,70126,0,1,0,1,1,0,0,0,0,1,1,2,5,4,1,1,1,5,5,5,1,1,1,1,3,1,1,1,3,2,2,2,-2.044060956,-0.822917765,1.691143314,1,0,0,1,4,0,1,1,0,0,2,0,4,1,0,1,1,0,1,0,1,0,1,0,0,-9,0,0,1,0,2,1,0,0,1,0,0,1,3,1,0,0,1,1,0,0,1,0,0,1,0,3
3400,42,4,1.301732627,0,29607,0,1,0,3,0,0,1,0,0,1,3,4,5,5,3,3,3,5,5,3,3,2,3,2,2,2,1,2,3,3,2,3,-1.302894388,0.65885885,-0.559428346,0,1,0,0,2,0,0,1,0,0,2,0,4,1,0,1,0,0,3,0,1,0,0,1,0,1,1,1,0,0,1,0,0,1,3,0,0,1,3,0,0,1,3,1,0,0,1,0,0,1,0,3
3401,23,4,0.307534625,0,49247,0,1,0,3,0,0,1,0,0,2,4,2,4,4,4,4,4,4,4,5,1,2,1,3,3,3,1,1,3,2,2,1,0.774446382,1.344478107,1.047698056,1,0,0,1,4,0,0,1,0,0,2,0,4,1,0,1,0,0,3,0,1,0,0,1,0,-9,0,1,0,0,1,1,0,0,1,0,1,0,2,1,0,0,1,1,0,0,1,1,0,0,0,1
3403,21,4,0.715178828,0,21742,0,1,0,1,1,0,0,0,0,1,3,3,3,5,4,3,3,5,5,5,2,2,2,4,2,2,1,2,3,4,2,3,1.015325158,-1.095603823,0.473074735,1,0,0,1,4,0,0,1,0,0,2,0,4,0,1,2,0,0,3,0,0,0,0,1,0,1,1,1,0,0,1,0,1,0,2,1,0,0,1,0,0,1,3,1,0,0,1,1,0,0,0,1
3404,10,4,0.470632141,1,33710,0,1,0,4,0,0,0,1,0,2,5,5,5,3,1,1,1,4,4,1,2,2,2,1,2,2,2,2,2,4,3,4,-0.649141443,-0.38478847,-0.26246136,1,0,0,1,4,0,1,1,0,0,2,0,4,1,0,1,0,1,2,0,0,0,0,1,0,-9,0,0,0,1,3,0,1,0,2,0,0,1,3,1,0,0,1,1,0,0,1,0,0,0,1,4
3405,39,2,1.481705453,0,18969,0,1,0,2,0,1,0,0,0,1,2,0,4,5,1,1,1,1,5,4,1,1,1,1,2,2,2,1,2,1,2,2,0.776641139,0.279486184,-2.054447545,1,0,1,0,3,0,0,1,0,0,2,0,4,1,0,1,0,1,2,0,0,0,1,1,0,-9,0,0,1,0,2,0,1,0,2,0,1,0,2,0,0,1,3,1,0,0,1,0,1,0,0,2
3406,31,2,5.858574259,0,8824,0,1,0,3,0,0,1,0,0,3,4,5,3,3,3,3,3,3,3,3,2,2,2,3,2,2,2,2,2,3,3,3,0.099166215,0.797183591,0.11685458,1,0,1,0,3,0,1,1,0,0,2,0,4,0,0,3,0,1,2,0,0,0,0,1,0,-9,0,0,1,0,2,1,0,0,1,1,0,0,1,0,0,1,3,1,0,0,1,1,0,0,0,1
3408,22,2,0.891510201,0,1462,0,1,0,4,0,0,0,1,0,3,5,2,5,3,1,1,1,1,1,1,2,2,2,3,2,2,2,2,2,3,3,3,-2.179682062,0.048977294,-0.396360877,1,1,0,0,2,1,1,1,0,0,2,0,4,0,0,3,0,1,2,0,0,0,0,1,0,1,1,1,0,0,1,1,0,0,1,1,0,0,1,0,1,0,2,1,0,0,1,1,0,0,0,1
3409,26,4,0.218891922,0,63146,0,1,0,2,0,1,0,0,0,1,5,2,4,4,2,3,3,4,4,2,1,2,2,4,2,2,1,1,3,1,1,1,-2.454376697,-1.363385348,-0.195669934,1,1,0,0,2,0,1,1,0,0,2,0,4,1,0,1,1,0,1,0,1,0,0,0,1,-9,0,0,1,0,2,0,0,1,3,0,1,0,2,0,0,1,3,1,0,0,1,0,0,1,0,3
3410,37,2,8.11712311,0,74834,0,1,0,1,1,0,0,0,0,1,6,2,4,5,1,1,1,4,5,4,2,2,2,3,2,2,2,2,2,4,2,2,0.983879843,-0.065302542,-0.091359644,1,0,1,0,3,1,1,1,0,0,2,0,4,0,0,3,0,0,3,0,0,0,0,1,0,1,1,1,0,0,1,1,0,0,1,1,0,0,1,0,1,0,2,1,0,0,1,1,0,0,0,1
3414,29,4,0.001065112,0,89403,0,1,0,1,1,0,0,0,0,1,5,2,5,3,1,1,1,1,1,1,2,2,2,4,2,2,2,2,2,4,2,3,0.634337044,-0.874729392,-0.618295793,1,0,1,0,3,0,0,1,0,0,2,0,4,1,0,1,1,0,1,0,0,0,0,1,0,1,1,1,0,0,1,1,0,0,1,1,0,0,1,1,0,0,1,1,0,0,1,1,0,0,0,1
3415,10,2,5.730279397,0,34491,0,1,0,2,0,1,0,0,0,1,1,0,5,4,2,2,1,4,5,5,1,1,1,3,2,2,2,2,2,1,2,3,1.267783526,0.45585473,0.648667871,0,0,0,1,4,0,1,1,0,0,2,0,4,0,0,3,0,1,2,0,0,0,1,1,0,-9,0,1,0,0,1,1,0,0,1,0,0,1,3,0,0,1,3,1,0,0,1,1,0,0,0,1
3419,28,4,0.400543819,0,68410,0,1,0,2,0,1,0,0,0,2,5,3,4,4,1,2,2,4,4,2,2,2,3,4,2,2,2,2,2,3,3,4,-0.655840776,0.329623995,-1.230456785,1,0,1,0,3,0,0,1,0,0,2,0,4,1,0,1,0,1,2,0,0,0,0,1,0,-9,0,1,0,0,1,0,1,0,2,1,0,0,1,0,0,1,3,1,0,0,1,0,1,0,0,2
3420,44,2,1.128930904,0,37923,0,1,0,1,1,0,0,0,0,1,5,4,4,4,2,2,2,5,5,4,1,1,3,1,3,2,1,1,3,1,2,3,0.857895017,0.82473888,0.757097887,0,0,0,1,4,0,0,1,0,0,2,0,4,0,1,2,0,0,3,1,0,0,0,1,0,-9,0,0,1,0,2,0,1,0,2,0,1,0,2,1,0,0,1,1,0,0,1,0,1,0,0,2
3425,10,2,3.260666632,1,33405,1,0,0,1,1,0,0,0,0,1,1,0,5,3,3,3,1,5,3,3,2,2,2,3,2,2,2,2,2,3,3,3,-0.063334041,-0.040369052,-0.110952292,0,0,0,1,4,0,1,1,0,0,2,0,4,0,0,3,0,1,2,0,0,0,0,0,0,1,1,0,0,1,3,0,0,1,3,0,0,1,3,0,0,1,3,1,0,0,1,0,0,0,1,4
3427,22,4,0.628468375,0,2043,0,1,0,2,0,1,0,0,0,2,4,3,2,5,1,2,2,4,5,4,1,2,2,4,2,2,1,2,3,3,3,3,1.076621571,-0.379588535,0.844868014,1,0,0,1,4,0,0,1,0,0,2,0,4,0,1,2,1,0,1,0,0,0,0,0,0,1,1,0,1,0,2,0,1,0,2,1,0,0,1,0,1,0,2,0,0,1,3,0,0,1,0,3
3428,36,4,1.175605282,0,44720,0,1,0,2,0,1,0,0,0,1,5,1,5,5,3,1,3,5,4,4,1,1,1,3,2,2,2,2,3,3,2,3,0.254191422,0.356539136,-0.214520883,1,0,0,1,4,0,0,1,0,0,2,0,4,1,0,1,1,0,1,0,0,0,0,0,0,-9,0,1,0,0,1,0,1,0,2,0,1,0,2,0,0,1,3,1,0,0,1,0,1,0,0,2
3429,39,4,0.284640996,0,15601,0,1,0,3,0,0,1,0,0,2,4,3,4,4,2,2,1,4,5,4,2,2,2,3,2,2,2,2,2,4,2,2,1.160114867,-0.753727883,0.519324379,0,0,0,1,4,0,0,1,0,0,2,0,4,1,0,1,0,1,2,0,0,0,0,1,0,-9,0,0,1,0,2,0,0,1,3,0,1,0,2,0,0,1,3,1,0,0,1,0,1,0,0,2
3432,15,4,0.117710862,0,46818,0,1,0,2,0,1,0,0,0,2,4,4,3,5,2,2,2,5,5,5,1,1,1,3,2,2,2,2,3,3,2,1,0.988732036,0.504683975,-0.210668537,0,0,0,1,4,0,0,1,0,0,2,0,4,1,0,1,0,0,3,0,0,0,0,1,0,1,1,1,0,0,1,1,0,0,1,0,0,1,3,0,1,0,2,1,0,0,1,1,0,0,0,1
3433,4,4,0.995177257,0,71953,0,0,1,2,0,1,0,0,0,2,5,3,2,4,2,2,2,4,5,3,1,1,2,1,2,2,1,2,3,4,2,3,0.583436958,0.891126159,0.493035354,1,0,1,0,3,1,1,1,0,0,2,0,4,1,0,1,0,1,2,0,0,0,0,1,0,-9,0,1,0,0,1,1,0,0,1,1,0,0,1,1,0,0,1,1,0,0,1,1,0,0,0,1
3434,10,2,2.7827413,0,34608,0,1,0,2,0,1,0,0,0,3,4,3,4,5,1,1,1,4,5,4,2,2,2,3,2,2,2,2,2,3,3,3,-0.535270665,0.41659081,-0.841669468,1,0,1,0,3,1,1,1,0,0,2,0,4,0,1,2,0,1,2,0,0,0,1,1,0,-9,0,0,1,0,2,1,0,0,1,1,0,0,1,1,0,0,1,1,0,0,1,0,0,1,0,3
3437,39,4,0.58155847,0,17601,0,1,0,2,0,1,0,0,0,3,5,3,4,3,1,1,1,4,3,1,2,2,2,4,2,2,2,2,2,4,4,4,-1.97328399,-1.070066,-2.916172282,0,0,0,1,4,0,0,1,0,0,2,0,4,1,0,1,1,0,1,0,1,0,0,0,0,1,1,1,0,0,1,0,0,1,3,0,0,1,3,0,0,1,3,0,1,0,2,1,0,0,0,1
3438,10,4,2.248517764,0,34689,0,1,0,2,0,1,0,0,0,3,2,3,4,4,3,3,4,4,4,4,2,1,3,2,3,1,1,1,3,3,3,3,0.334293501,-0.029648062,0.113065502,0,0,0,1,4,1,1,1,0,0,2,0,4,0,0,3,0,1,2,0,0,0,0,0,0,1,1,1,0,0,1,0,1,0,2,0,1,0,2,0,0,1,3,1,0,0,1,0,0,1,0,3
3439,14,4,0.685934255,0,60605,1,0,0,2,0,1,0,0,0,2,4,2,4,5,1,1,1,5,5,4,1,2,2,4,2,2,1,1,3,4,2,2,0.291427303,0.826478968,-0.440526918,0,0,0,1,4,1,1,1,0,0,2,0,4,0,1,2,0,1,2,0,0,0,0,0,0,1,1,0,0,1,3,0,0,1,3,0,0,1,3,0,0,1,3,0,0,1,3,0,0,0,1,4
3441,44,4,1.235038195,0,37066,0,1,0,1,1,0,0,0,0,1,5,4,4,4,1,1,1,4,4,3,2,2,2,3,2,2,2,2,2,3,2,3,0.875733924,0.851099217,-0.44342039,1,0,0,1,4,0,1,1,0,0,2,0,4,0,1,2,0,1,2,0,0,0,0,1,0,-9,0,1,0,0,1,0,1,0,2,1,0,0,1,0,1,0,2,1,0,0,1,1,0,0,0,1
3442,33,4,1.964046553,0,10567,0,1,0,2,0,1,0,0,0,3,5,3,3,4,3,3,2,5,5,5,1,1,2,2,2,2,2,2,3,3,2,3,0.609551739,-0.536639888,-0.303435596,1,0,0,1,4,0,1,1,0,0,2,0,4,0,0,3,0,0,3,0,0,0,0,1,0,-9,0,1,0,0,1,1,0,0,1,1,0,0,1,0,0,1,3,0,1,0,2,0,1,0,0,2
3449,39,4,0.313147541,0,19043,1,0,0,2,0,1,0,0,0,2,5,2,4,4,1,1,1,2,5,4,1,2,2,2,3,2,2,2,3,2,3,3,0.673208948,-1.077636918,-1.073503191,1,0,0,1,4,0,0,1,0,0,2,0,4,1,0,1,1,0,1,0,0,0,0,0,0,1,1,0,0,1,3,0,0,1,3,1,0,0,1,0,0,1,3,0,0,1,3,0,0,0,1,4
3454,18,4,0.546873384,0,40204,1,0,0,1,1,0,0,0,0,2,6,2,4,5,1,2,2,3,3,3,1,2,2,4,2,2,2,2,3,4,3,4,-0.339937884,-1.709076033,-0.037233477,0,0,0,1,4,1,1,1,0,0,2,0,4,0,1,2,1,0,1,0,0,0,0,0,1,-9,0,0,0,1,3,0,0,1,3,1,0,0,1,0,0,1,3,1,0,0,1,0,0,0,1,4
3458,43,2,5.459539417,0,57005,0,1,0,2,0,1,0,0,0,2,5,3,5,4,2,2,2,4,5,3,1,1,1,1,1,2,2,2,3,4,3,4,0.263888655,0.466058787,-0.022064272,1,0,1,0,3,0,0,1,0,0,2,0,4,0,0,3,0,1,2,0,0,0,1,1,0,-9,0,1,0,0,1,0,1,0,2,0,1,0,2,0,0,1,3,1,0,0,1,1,0,0,0,1
3460,39,4,0.628046645,0,18246,0,0,1,2,0,1,0,0,0,2,4,2,4,4,2,2,2,4,4,4,2,2,2,3,2,2,2,2,2,4,3,4,0.100295963,0.31566637,0.653503769,1,0,0,1,4,0,1,1,0,0,2,0,4,0,0,0,1,0,1,0,0,0,0,1,0,-9,0,1,0,0,1,1,0,0,1,1,0,0,1,1,0,0,1,1,0,0,1,1,0,0,0,1
3461,39,4,0.873531171,0,19144,1,0,0,2,0,1,0,0,0,3,5,3,4,4,1,1,1,4,4,4,2,2,2,4,3,1,2,1,3,4,3,2,0.559253718,0.985877917,-1.003563107,1,0,1,0,3,0,0,1,0,0,2,0,4,0,1,2,0,1,2,0,1,0,0,0,0,-9,0,0,0,1,3,0,0,1,3,1,0,0,1,1,0,0,1,0,0,1,3,0,0,0,1,4
3463,26,2,0.480295792,0,65536,0,1,0,3,0,0,1,0,0,3,4,3,2,5,3,3,1,5,5,5,2,2,2,4,3,1,1,1,3,3,2,2,-0.625867018,-0.019373909,0.336119272,1,0,1,0,3,0,1,0,0,0,2,0,5,1,0,1,1,0,1,0,1,0,0,1,0,-9,0,1,0,0,1,0,1,0,2,0,1,0,2,0,1,0,2,1,0,0,1,1,0,0,0,1
3466,10,4,0.982904931,1,33565,0,1,0,1,1,0,0,0,0,1,1,0,5,3,1,1,1,5,4,2,2,2,2,4,2,2,2,2,2,3,3,3,0.828403971,0.628489721,0.742276839,0,0,0,1,4,0,0,1,0,0,2,0,4,1,0,1,1,0,1,0,0,0,0,1,0,-9,0,1,0,0,1,1,0,0,1,1,0,0,1,1,0,0,1,1,0,0,1,1,0,0,0,1
3469,51,2,5.903917294,0,54849,0,0,1,3,0,0,1,0,0,3,5,5,1,5,1,2,1,5,4,4,1,1,1,1,3,1,1,1,3,2,2,2,0.265813577,1.222811147,0.852015627,0,0,1,0,3,0,0,1,0,0,2,0,4,0,1,2,0,1,2,0,1,0,0,1,0,1,1,0,0,0,0,0,0,0,0,0,0,0,0,0,0,0,0,0,0,0,0,0,0,0,0,0
3470,14,4,9.10768612,0,61607,0,1,0,2,0,1,0,0,0,2,4,2,2,5,1,2,3,5,4,2,1,1,2,4,2,2,1,2,3,1,4,3,0.177204568,-0.017793827,0.140772488,0,0,0,1,4,0,0,1,0,0,2,0,4,1,0,1,0,1,2,0,0,0,0,1,0,1,1,1,0,0,1,1,0,0,1,0,1,0,2,0,0,1,3,1,0,0,1,1,0,0,0,1
3471,10,4,0.873618219,1,32778,0,1,0,3,0,0,1,0,0,3,1,3,3,4,2,2,2,5,5,4,2,2,2,4,2,2,2,2,2,4,3,3,0.351155664,-0.034731764,-1.446900964,0,0,0,1,4,1,1,1,0,0,2,0,4,0,0,3,0,1,2,0,1,0,0,1,0,-9,0,1,0,0,1,0,1,0,2,0,0,1,3,0,0,1,3,1,0,0,1,1,0,0,0,1
3472,31,2,1.617085582,0,7746,0,1,0,2,0,1,0,0,0,2,6,3,4,4,3,3,3,4,4,4,2,3,2,3,2,2,2,2,2,4,3,3,0.25254573,0.092113074,-0.131824189,0,0,0,1,4,1,1,1,0,0,2,0,4,0,0,3,0,0,3,0,0,0,0,0,0,-9,0,0,1,0,2,1,0,0,1,0,0,1,3,0,0,1,3,1,0,0,1,1,0,0,0,1
3475,23,2,0.040144121,0,48047,0,1,0,2,0,1,0,0,0,3,6,4,4,4,3,2,1,4,5,4,1,1,2,3,2,1,1,2,2,3,2,3,0.39086952,0.428064319,0.33365937,1,0,0,1,4,0,0,1,0,0,2,0,4,1,0,1,1,0,1,0,0,0,1,0,1,1,1,0,1,0,2,1,0,0,1,0,1,0,2,0,1,0,2,1,0,0,1,1,0,0,0,1
3476,39,2,8.418661706,0,18104,0,1,0,3,0,0,1,0,0,3,4,4,4,3,3,3,3,5,5,5,1,1,2,3,2,2,2,2,3,4,2,3,-0.237463257,0.352901938,0.462855424,1,0,1,0,3,0,1,1,0,0,2,0,4,0,0,3,1,0,1,0,0,0,0,0,0,1,1,0,1,0,2,0,0,1,3,0,0,1,3,0,1,0,2,1,0,0,1,0,0,0,1,4
3478,15,2,2.605649675,0,46214,0,1,0,1,1,0,0,0,0,2,4,3,2,5,1,1,3,5,5,2,1,2,2,1,2,1,2,2,3,4,2,3,0.232823553,0.739306656,0.156225764,1,0,1,0,3,0,0,1,0,0,2,0,4,1,0,1,1,0,1,0,0,0,1,1,0,1,1,0,1,0,2,0,1,0,2,0,0,1,3,0,0,1,3,1,0,0,1,0,0,1,0,3
3485,19,4,0.692523582,0,70433,0,1,0,1,1,0,0,0,0,1,3,3,5,3,5,3,3,5,5,3,2,2,2,3,2,2,2,2,2,3,3,3,1.261721344,-0.025271,1.002983055,1,0,0,1,4,0,0,1,0,0,2,0,4,0,1,2,0,0,3,1,0,0,0,1,0,1,1,1,0,0,1,0,0,1,3,0,1,0,2,0,1,0,2,1,0,0,1,0,1,0,0,2
3487,48,4,0.182689371,0,23325,0,1,0,2,0,1,0,0,0,2,4,3,4,4,2,3,2,3,3,3,2,2,2,3,2,2,2,2,2,3,3,3,1.570625412,-0.978465315,-1.273539164,1,0,1,1,4,0,0,1,0,0,2,0,4,1,0,1,0,0,3,1,1,0,0,0,0,1,1,0,1,0,2,1,0,0,1,0,0,1,3,1,0,0,1,0,1,0,2,0,0,1,0,3
3489,14,4,2.139920788,0,60634,1,0,0,2,0,1,0,0,0,2,4,4,3,4,2,2,2,2,3,2,1,2,2,4,2,2,2,2,2,3,3,3,-0.591986933,0.227862092,0.022133396,1,0,0,1,4,0,0,1,0,0,2,0,4,1,0,1,1,0,1,0,0,0,0,0,0,-9,0,0,0,1,3,0,0,1,3,1,0,0,1,1,0,0,1,0,1,0,2,0,0,0,1,4
3490,33,4,0.12481433,0,14626,0,1,0,3,0,0,1,0,0,2,4,4,5,4,3,3,1,3,4,4,2,2,2,3,2,2,2,1,3,3,3,3,1.217881457,1.800191397,0.462956337,1,0,0,1,4,1,1,1,0,0,2,0,4,1,0,1,1,0,1,0,1,0,0,1,0,1,1,0,1,0,2,0,1,0,2,0,1,0,2,0,0,1,3,1,0,0,1,0,0,1,0,3
3491,6,4,0.081455446,0,81211,0,1,0,1,1,0,0,0,0,1,5,1,2,4,1,1,1,2,5,2,2,1,1,3,2,2,1,2,2,4,2,2,0.525415714,-0.221032314,0.006677678,0,0,0,1,4,1,1,1,0,0,2,0,4,0,0,3,0,1,2,0,0,0,0,1,0,-9,0,1,0,0,1,1,0,0,1,0,1,0,2,0,0,1,3,1,0,0,1,1,0,0,0,1
3492,33,2,1.138939399,0,11204,1,0,0,3,0,0,1,0,0,1,3,3,5,2,1,1,3,3,2,2,1,1,3,2,3,1,3,3,3,1,2,1,0.355540531,-0.286713491,-1.396923018,1,0,1,0,3,0,0,1,0,0,2,0,4,1,0,1,0,0,3,1,0,0,1,0,0,1,1,0,0,1,3,0,0,1,3,1,0,0,1,0,0,1,3,0,0,1,3,0,0,0,1,4
3493,33,4,0.8553154,0,12836,0,0,1,3,0,0,1,0,0,3,4,2,3,4,2,2,2,3,3,2,1,1,1,1,2,2,2,2,2,4,4,4,-1.037551494,-0.193935674,-0.227575857,0,0,0,1,4,0,0,1,0,0,2,0,4,0,1,2,0,1,2,0,0,0,0,1,0,-9,0,1,0,0,1,1,0,0,1,1,0,0,1,0,0,1,3,1,0,0,1,1,0,0,0,1
3494,48,4,3.770085783,0,22405,0,1,0,1,1,0,0,0,0,1,5,3,5,5,2,2,2,5,5,3,2,3,3,3,2,2,2,2,2,3,3,3,0.837177674,-0.703552258,-0.268330259,1,1,0,0,2,1,1,1,0,0,2,0,4,0,0,3,0,0,3,1,1,0,0,1,0,1,1,1,0,0,1,1,0,0,1,0,1,0,2,0,1,0,2,0,1,0,2,1,0,0,0,1
3495,51,2,3.091195168,0,54601,0,1,0,3,0,0,1,0,0,3,5,3,3,4,3,2,3,4,4,3,3,3,2,3,3,2,3,2,3,3,2,3,0.196852145,0.123007863,0.784199879,1,0,1,0,3,1,1,1,0,0,2,0,4,0,0,3,0,1,2,0,0,0,0,1,0,-9,0,0,1,0,2,0,0,1,3,1,0,0,1,0,0,1,3,1,0,0,1,0,0,0,1,4
3496,17,2,3.135044095,0,66441,0,1,0,5,0,0,0,0,1,1,4,4,3,5,1,5,1,4,2,4,1,1,1,1,2,2,1,1,3,4,2,3,-0.020006515,0.423512988,1.006696739,1,1,0,0,2,0,0,1,0,0,1,1,1,0,1,2,0,0,3,1,0,0,0,1,0,1,1,1,0,0,1,0,1,0,2,0,1,0,2,1,0,0,1,1,0,0,1,1,0,0,0,1
3498,10,4,0.390620132,0,33980,0,1,0,1,1,0,0,0,0,2,1,1,5,4,2,1,5,5,5,4,2,2,2,4,2,2,2,2,2,4,3,3,-1.032405311,-0.232265326,0.425335923,1,0,0,1,4,0,0,1,0,0,2,0,4,0,1,2,0,1,2,0,0,0,0,0,0,-9,0,1,0,0,1,0,1,0,2,0,0,1,3,0,1,0,2,1,0,0,1,1,0,0,0,1
3499,33,4,0.329647704,0,12020,0,1,0,1,1,0,0,0,0,1,3,0,5,5,2,1,2,5,4,3,2,2,3,4,2,2,2,2,2,4,3,4,1.401190903,-0.278730568,0.262392665,0,0,0,1,4,0,0,1,0,0,2,0,4,1,0,1,0,1,2,0,1,0,0,0,0,1,1,1,0,0,1,0,1,0,2,1,0,0,1,0,0,1,3,1,0,0,1,0,1,0,0,2
3504,10,2,6.587433686,1,33401,1,0,0,1,1,0,0,0,0,1,2,0,5,4,1,1,1,4,4,1,2,3,3,2,2,2,2,1,2,4,3,4,0.336522552,0.302908153,0.039162309,0,0,0,1,4,0,1,1,0,0,2,0,4,0,0,3,0,1,2,0,0,0,1,0,0,1,1,0,0,1,3,0,0,1,3,0,0,1,3,0,1,0,2,0,0,1,3,0,0,0,1,4
3505,48,4,1.650054675,0,23321,0,1,0,2,0,1,0,0,0,1,3,2,4,4,1,1,1,4,4,3,2,2,2,1,2,2,2,1,3,3,2,3,-0.149083412,0.169142215,0.218154489,0,0,0,1,4,0,0,1,0,0,2,0,4,0,1,2,0,1,2,0,0,0,0,1,0,1,1,0,1,0,2,0,1,0,2,0,0,1,3,0,1,0,2,1,0,0,1,0,1,0,0,2
3509,31,4,1.323700452,0,7726,0,1,0,2,0,1,0,0,0,3,4,4,2,5,1,1,1,5,5,1,1,2,2,4,2,2,1,2,3,4,3,4,-1.923917144,-0.468201808,0.675098035,1,0,1,0,3,1,1,0,0,1,2,0,3,1,0,1,0,1,2,0,0,0,0,0,0,-9,0,1,0,0,1,0,1,0,2,0,1,0,2,0,0,1,3,1,0,0,1,0,0,1,0,3
3514,5,4,0.001053033,1,92543,1,0,0,3,0,0,1,0,0,1,5,4,5,4,2,2,2,5,5,2,2,2,2,1,3,1,2,1,2,3,3,3,-0.663418137,-0.498418201,0.478376377,1,0,1,0,3,0,0,1,0,0,2,0,4,1,0,1,0,0,3,0,1,0,0,1,0,-9,0,0,0,1,3,0,1,0,2,1,0,0,1,1,0,0,1,1,0,0,1,0,0,0,1,4
3517,4,4,0.56065463,0,72956,0,1,0,4,0,0,0,1,0,4,4,3,2,4,2,2,2,4,2,2,1,1,1,1,2,2,2,1,3,4,4,4,-2.682288046,0.730321882,-0.973659674,0,0,1,0,3,0,1,1,0,0,2,0,4,1,0,1,1,0,1,0,1,0,0,1,0,-9,0,1,0,0,1,0,1,0,2,0,1,0,2,0,1,0,2,1,0,0,1,1,0,0,0,1
3518,51,4,0.826535989,0,53012,0,1,0,2,0,1,0,0,0,1,2,1,2,5,2,2,1,4,5,3,1,1,2,1,2,2,1,1,2,4,3,3,0.264522711,-0.204065155,1.107268313,0,0,0,1,4,0,0,1,0,0,2,0,4,0,1,2,0,1,2,0,0,0,0,1,0,1,1,1,0,0,1,0,1,0,2,1,0,0,1,0,0,1,3,1,0,0,1,0,1,0,0,2
3521,39,4,0.686424046,0,18109,0,1,0,2,0,1,0,0,0,2,3,3,5,4,1,1,1,3,3,3,2,2,2,4,2,2,3,2,2,3,3,3,0.705745029,0.375542248,-0.869711819,1,0,0,1,4,0,0,1,0,0,2,0,4,1,0,1,1,0,1,0,0,0,0,1,0,-9,0,0,1,0,2,0,0,1,3,1,0,0,1,0,0,1,3,1,0,0,1,0,0,0,1,4
3522,39,4,0.865842158,0,19358,0,1,0,3,0,0,1,0,0,3,4,5,3,4,2,3,2,4,4,3,2,2,2,1,2,2,2,2,3,4,2,3,-0.397918617,0.137812377,-0.280464302,1,0,1,0,3,0,0,1,0,0,2,0,4,1,0,1,0,1,2,0,0,0,0,1,0,-9,0,1,0,0,1,0,1,0,2,1,0,0,1,1,0,0,1,1,0,0,1,1,0,0,0,1
3525,48,2,3.080261522,0,23336,0,0,1,3,0,0,1,0,0,3,4,3,4,4,2,2,2,5,5,4,1,2,2,1,3,1,2,2,3,4,2,2,-0.341882901,0.395009974,-0.082195449,1,0,0,1,4,0,0,1,0,0,2,0,4,0,0,3,0,1,2,0,1,0,1,1,0,-9,0,1,0,0,1,1,0,0,1,1,0,0,1,0,1,0,2,1,0,0,1,1,0,0,0,1
3526,23,4,0.51797952,0,48118,0,1,0,1,1,0,0,0,0,1,3,1,3,5,1,1,1,4,4,1,1,1,1,4,2,2,1,2,3,4,2,4,-0.495495897,-0.585973811,-0.019697899,1,0,0,1,4,0,1,1,0,0,2,0,4,0,1,2,1,0,1,0,1,0,0,1,0,-9,0,1,0,0,1,0,1,0,2,0,1,0,2,0,1,0,2,1,0,0,1,1,0,0,0,1
3528,6,4,0.001602702,0,80246,1,0,0,2,0,1,0,0,0,4,3,4,2,4,2,4,2,4,4,3,1,1,1,1,1,1,3,1,3,2,3,2,0.310700924,-0.655101286,-1.666283857,1,0,0,1,4,0,0,1,0,0,2,0,4,1,0,1,1,0,1,0,1,0,0,0,0,-9,0,0,0,1,3,0,0,1,3,1,0,0,1,0,1,0,2,1,0,0,1,0,0,0,1,4
3530,6,2,0.000161399,0,94551,0,1,0,2,0,1,0,0,0,2,3,3,3,4,3,4,4,4,4,4,2,2,2,4,2,3,2,2,2,3,3,3,0.486361791,-0.629377489,0.019695446,1,0,1,0,3,0,0,1,0,0,2,0,4,1,0,1,0,0,3,0,0,0,0,1,0,-9,0,0,0,1,3,0,1,0,2,0,0,1,3,0,1,0,2,0,1,0,2,0,0,0,1,4
3531,45,4,0.369566516,1,75219,1,0,0,5,0,0,0,0,1,4,5,4,1,3,3,4,2,4,5,5,1,1,1,2,2,2,2,3,3,2,2,2,0.916463585,-0.196100221,-0.357868225,0,0,0,1,4,0,1,1,0,0,2,0,4,1,0,1,1,0,1,0,1,0,0,0,0,1,1,0,0,1,3,0,0,1,3,0,1,0,2,0,0,1,3,0,0,1,3,0,0,0,1,4
3532,15,2,0.650455447,0,47803,0,1,0,2,0,1,0,0,0,2,5,3,2,5,1,4,1,4,3,3,2,2,2,4,2,2,1,2,3,3,3,3,0.566203423,-0.447641242,-0.140608528,1,0,0,1,4,1,1,1,0,0,2,0,4,1,0,1,1,0,1,0,1,0,1,0,0,1,1,0,1,0,2,0,1,0,2,1,0,0,1,1,0,0,1,1,0,0,1,0,0,1,0,3
3533,15,4,0.311239407,0,46228,0,1,0,3,0,0,1,0,0,2,2,2,1,5,3,4,1,5,4,3,2,2,2,4,2,2,2,2,3,4,2,3,0.240256753,-1.239244511,-0.498098455,0,0,0,1,4,0,1,1,0,0,2,0,4,0,1,2,0,1,2,0,0,0,0,1,0,-9,0,1,0,0,1,1,0,0,1,0,1,0,2,1,0,0,1,1,0,0,1,1,0,0,0,1
3534,10,4,5.091972182,0,34431,0,1,0,1,1,0,0,0,0,1,4,0,5,4,1,1,1,4,5,2,1,2,2,1,2,2,2,2,3,3,3,3,1.142321211,0.72347247,0.807901951,1,0,0,1,4,1,1,1,0,0,2,0,4,0,0,3,0,1,2,0,0,0,0,1,0,-9,0,1,0,0,1,1,0,0,1,1,0,0,1,0,0,1,3,1,0,0,1,1,0,0,0,1
3536,34,4,0.815081867,0,28570,0,1,0,4,0,0,0,1,0,2,5,5,4,5,5,4,1,5,4,4,2,2,1,1,3,1,1,1,3,2,2,2,1.305984345,1.25360417,0.353868156,1,1,0,0,2,1,1,1,0,0,1,1,1,1,0,1,0,1,2,1,1,0,0,0,0,-9,0,1,0,0,1,1,0,0,1,0,1,0,2,0,1,0,2,1,0,0,1,1,0,0,0,1
3537,42,2,0.550422312,0,29464,0,1,0,3,0,0,1,0,0,3,4,3,4,4,1,1,1,4,5,3,2,2,2,4,2,2,2,1,3,3,3,3,0.380879488,-1.25247709,0.120616029,0,0,1,0,3,1,1,1,0,0,2,0,4,1,0,1,1,0,1,0,0,0,1,1,1,-9,0,0,1,0,2,0,0,1,3,0,1,0,2,0,0,1,3,1,0,0,1,0,0,1,0,3
3539,36,4,0.417918503,0,45238,0,1,0,2,0,1,0,0,0,1,6,3,4,5,2,1,1,5,5,3,2,2,2,4,2,2,1,2,3,4,2,4,-0.107301034,-0.653109806,-0.044432507,1,0,0,1,4,0,0,0,1,0,2,0,2,1,0,1,1,0,1,0,1,0,0,0,0,-9,0,0,1,0,2,0,1,0,2,1,0,0,1,1,0,0,1,1,0,0,1,0,0,1,0,3
3540,39,2,2.468222158,0,17815,0,1,0,3,0,0,1,0,0,3,5,4,2,4,3,2,2,5,5,5,2,2,3,2,3,1,1,3,3,1,2,2,0.606369972,0.907681592,-0.28820078,1,0,0,1,4,0,0,1,0,0,2,0,4,0,0,3,0,0,3,0,0,0,1,1,0,-9,0,0,1,0,2,0,1,0,2,0,1,0,2,0,0,1,3,1,0,0,1,1,0,0,0,1
3547,26,4,0.314135741,0,65203,0,1,0,3,0,0,1,0,0,2,4,3,3,5,1,1,1,4,5,3,2,1,2,3,2,2,1,2,3,4,2,2,1.619919217,-0.494421271,0.92078489,0,0,0,1,4,1,1,1,0,0,2,0,4,1,0,1,0,1,2,0,0,0,0,1,0,1,1,0,1,0,2,0,0,1,3,1,0,0,1,0,1,0,2,1,0,0,1,0,1,0,0,2
3548,48,2,0.347305806,0,22202,1,0,0,2,0,1,0,0,0,2,4,3,4,5,2,2,2,3,4,3,2,2,2,1,2,2,2,1,2,4,2,3,-0.653093164,-1.282056454,0.17121394,0,1,0,0,2,0,0,1,0,0,2,0,4,1,0,1,0,1,2,1,0,0,0,0,1,-9,0,0,0,1,3,0,0,1,3,0,0,1,3,0,1,0,2,0,0,1,3,0,0,0,1,4
3549,33,4,0.959999616,0,10003,1,0,0,3,0,0,1,0,0,3,2,3,4,4,2,2,2,4,4,4,2,2,2,1,2,2,2,2,3,3,3,3,0.366016041,-0.204123739,0.114566148,0,0,0,1,4,0,0,1,0,0,2,0,4,1,0,1,1,0,1,0,0,0,0,0,1,-9,0,0,0,1,3,0,0,1,3,1,0,0,1,0,0,1,3,0,0,1,3,0,0,0,1,4
3552,15,2,0.485459615,0,47546,0,1,0,2,0,1,0,0,0,3,3,3,4,4,2,2,2,3,4,3,2,2,2,3,2,2,2,2,2,4,3,3,-0.012715474,-0.904364009,-0.528778741,1,1,0,0,2,0,0,1,0,0,2,0,4,0,1,2,0,0,3,1,0,0,1,0,0,-9,0,1,0,0,1,0,0,1,3,1,0,0,1,0,0,1,3,1,0,0,1,1,0,0,0,1
3553,10,4,0.810597226,0,32065,0,1,0,1,1,0,0,0,0,1,5,1,4,5,1,1,1,4,5,3,1,1,2,4,2,2,2,2,3,3,2,3,1.244775634,1.425498473,-0.059209858,1,0,0,1,4,0,0,1,0,0,2,0,4,0,1,2,1,0,1,0,0,0,0,1,0,1,1,1,0,0,1,0,1,0,2,0,0,1,3,0,0,1,3,1,0,0,1,0,1,0,0,2
3554,31,2,0.829422298,0,8757,0,1,0,3,0,0,1,0,0,3,3,3,5,5,1,1,1,5,3,1,2,2,2,4,2,2,2,2,2,4,3,4,-0.591916135,-1.427451224,0.852891998,0,0,1,0,3,0,0,1,0,0,2,0,4,0,1,2,0,1,2,0,1,0,0,1,0,1,1,0,1,0,2,1,0,0,1,1,0,0,1,1,0,0,1,1,0,0,1,1,0,0,0,1
3555,21,4,1.324407522,0,20794,0,1,0,2,0,1,0,0,0,3,4,3,4,4,2,2,3,3,4,3,1,1,1,1,2,2,2,2,2,4,3,3,0.012890347,-0.554305802,-0.073686023,0,0,1,0,3,0,1,1,0,0,2,0,4,0,1,2,0,0,3,0,0,0,0,1,0,-9,0,0,1,0,2,0,0,1,3,0,0,1,3,0,0,1,3,0,1,0,2,0,1,0,0,2
3557,33,4,0.673166175,0,11953,0,1,0,1,1,0,0,0,0,1,5,3,4,5,1,1,1,1,1,1,2,2,2,3,2,2,2,2,2,3,3,4,0.673144192,-0.110260219,-0.734667471,0,0,1,0,3,0,0,1,0,0,2,0,4,0,1,2,0,1,2,0,0,0,0,1,0,1,1,1,0,0,1,1,0,0,1,1,0,0,1,0,1,0,2,1,0,0,1,1,0,0,0,1
3559,3,4,0.081455446,0,85614,0,1,0,2,0,1,0,0,0,2,2,5,2,5,2,3,2,5,5,4,1,2,2,3,2,2,2,2,3,3,2,3,1.143561128,0.58302064,-0.624536079,0,0,0,1,4,0,1,1,0,0,2,0,4,0,0,3,0,1,2,0,0,0,0,1,0,-9,0,1,0,0,1,1,0,0,1,0,0,1,3,1,0,0,1,1,0,0,1,1,0,0,0,1
3560,22,4,1.932123167,0,2116,1,0,0,2,0,1,0,0,0,2,2,1,4,4,1,1,1,1,4,1,2,2,1,3,2,2,2,2,2,1,2,4,0.479826947,0.541263697,-0.081100304,1,0,0,1,4,0,1,1,0,0,2,0,4,0,0,3,1,0,1,0,0,0,0,0,0,-9,0,0,0,1,3,0,0,1,3,0,0,1,3,0,0,1,3,0,0,1,3,0,0,0,1,4
3562,21,2,1.231249536,0,21032,0,1,0,2,0,1,0,0,0,1,2,1,4,4,1,1,1,3,3,3,1,3,2,4,2,2,2,1,2,1,2,3,1.192241225,-0.400554902,0.27579381,0,0,0,1,4,1,1,1,0,0,2,0,4,0,1,2,0,0,3,0,0,1,0,1,0,1,1,1,0,0,1,1,0,0,1,1,0,0,1,0,0,1,3,1,0,0,1,1,0,0,0,1
3564,14,4,4.792398664,0,60645,1,0,0,1,1,0,0,0,0,1,5,0,3,4,1,1,1,1,3,1,1,2,1,1,2,2,1,1,2,3,2,4,0.263565472,-0.098310103,0.575783037,0,0,0,1,4,0,1,0,0,0,2,0,5,0,0,3,1,0,1,0,0,0,0,1,0,-9,0,0,0,1,3,0,0,1,3,1,0,0,1,0,1,0,2,0,1,0,2,0,0,0,1,4
3566,32,4,0.081455446,0,88310,0,1,0,2,0,1,0,0,0,3,3,3,3,5,3,3,2,4,4,3,1,2,3,4,2,2,1,2,3,4,2,3,0.680217605,-1.52716498,-0.803709045,0,0,0,1,4,1,1,1,0,0,2,0,4,0,0,3,0,1,2,0,1,0,0,1,0,1,1,0,1,0,2,0,1,0,2,1,0,0,1,1,0,0,1,1,0,0,1,1,0,0,0,1
3573,33,4,0.770920963,0,12117,0,0,1,1,1,0,0,0,0,1,4,1,5,3,1,1,1,5,3,1,2,2,2,4,2,2,2,2,3,4,4,4,-0.423722108,-0.483918247,-1.488521566,0,0,1,0,3,0,0,1,0,0,2,0,4,1,0,1,0,1,2,0,0,0,0,1,0,-9,0,1,0,0,1,1,0,0,1,0,1,0,2,1,0,0,1,1,0,0,1,1,0,0,0,1
3574,31,2,1.820941673,0,7869,0,1,0,1,1,0,0,0,0,2,5,3,4,5,1,2,1,4,4,4,2,2,2,4,2,2,3,1,2,3,3,3,0.037235339,1.105591993,0.210504485,1,0,1,0,3,1,1,1,0,0,2,0,4,0,0,3,0,1,2,0,0,0,0,1,0,1,1,0,1,0,2,1,0,0,1,0,1,0,2,0,1,0,2,1,0,0,1,1,0,0,0,1
3575,10,2,4.503639166,1,33777,0,1,0,1,1,0,0,0,0,1,1,0,3,4,4,5,5,5,5,5,2,2,2,3,2,2,2,2,2,3,3,3,1.393930623,-0.278495471,1.053899715,1,1,0,0,2,0,0,1,0,0,2,0,4,0,0,3,0,1,2,0,0,0,1,1,0,-9,0,0,1,0,2,0,1,0,2,0,0,1,3,1,0,0,1,1,0,0,1,0,0,1,0,3
3577,33,4,1.842707057,0,12144,0,1,0,2,0,1,0,0,0,2,5,5,1,5,2,3,4,5,5,5,1,1,3,1,3,2,1,2,3,2,2,2,0.951360827,0.705472549,-0.417536279,1,0,0,1,4,0,1,1,0,0,2,0,4,0,0,3,1,0,1,0,1,0,0,1,0,-9,0,1,0,0,1,0,1,0,2,0,1,0,2,0,0,1,3,0,0,1,3,0,0,1,0,3
3578,10,4,0.969667335,0,34639,0,1,0,1,1,0,0,0,0,1,1,1,5,5,1,1,1,4,3,2,2,2,2,4,2,2,2,2,2,4,3,3,0.518543204,0.958303311,-0.080679157,1,0,1,0,3,0,0,1,0,0,2,0,4,0,0,0,0,1,2,0,0,0,0,1,0,1,1,1,0,0,1,1,0,0,1,0,1,0,2,1,0,0,1,1,0,0,1,1,0,0,0,1
3583,23,2,0.167375759,0,49707,0,1,0,2,0,1,0,0,0,1,5,3,5,2,2,2,2,5,2,2,1,3,2,1,1,2,2,1,2,3,2,3,1.630826146,0.496677482,0.795483249,1,1,0,0,2,0,0,1,0,0,2,0,4,1,0,1,0,0,3,0,0,0,1,1,0,1,1,1,0,0,1,0,1,0,2,1,0,0,1,0,0,1,3,1,0,0,1,1,0,0,0,1
3586,33,4,0.075315407,0,14613,0,1,0,2,0,1,0,0,0,1,4,3,4,5,3,3,2,5,5,5,1,1,2,3,2,2,1,2,3,3,2,2,1.303838864,1.025046451,0.875345561,0,0,1,0,3,0,0,0,1,0,2,0,2,1,0,1,0,1,2,0,0,0,0,1,0,-9,0,0,0,1,3,0,1,0,2,1,0,0,1,1,0,0,1,1,0,0,1,0,0,0,1,4
3587,34,4,1.507972149,0,27537,0,1,0,2,0,1,0,0,0,1,2,2,5,5,1,1,1,4,4,2,2,2,2,4,2,2,2,2,2,4,2,4,-1.314419614,-0.293081265,0.610874551,0,0,0,1,4,0,1,1,0,0,2,0,4,0,1,2,1,0,1,0,0,0,0,1,0,-9,0,1,0,0,1,1,0,0,1,0,1,0,2,1,0,0,1,1,0,0,1,1,0,0,0,1
3588,39,4,0.675561608,0,15108,0,1,0,1,1,0,0,0,0,1,5,1,5,5,1,1,5,3,3,1,3,2,2,4,2,2,2,2,2,4,3,4,0.419816095,-0.969034941,-0.199083058,1,0,0,1,4,1,1,1,0,0,2,0,4,0,0,3,0,1,2,0,0,0,0,1,0,-9,0,1,0,0,1,0,1,0,2,0,1,0,2,0,0,1,3,1,0,0,1,0,1,0,0,2
3589,10,4,0.452029925,0,32234,0,0,1,2,0,1,0,0,0,4,3,3,4,5,4,3,2,4,4,4,2,2,3,3,2,2,2,3,2,2,3,3,0.187368578,0.130894891,-0.397195247,1,0,0,1,4,0,0,1,0,0,2,0,4,1,0,1,0,1,2,0,0,0,0,1,0,-9,0,1,0,0,1,1,0,0,1,0,1,0,2,0,0,1,3,1,0,0,1,1,0,0,0,1
3590,50,4,1.841315415,0,25177,0,1,0,1,1,0,0,0,0,1,4,3,5,4,3,3,1,3,2,4,2,2,2,4,2,2,2,2,2,4,3,3,-0.443683737,0.017818949,-0.30108774,0,0,0,1,4,0,1,1,0,0,2,0,4,0,0,3,0,1,2,0,0,0,0,1,0,1,1,1,0,0,1,0,1,0,2,1,0,0,1,1,0,0,1,1,0,0,1,1,0,0,0,1
3592,42,4,2.462530929,0,29526,0,1,0,1,1,0,0,0,0,1,4,3,4,4,2,2,2,5,4,4,2,1,3,3,2,2,2,2,2,3,3,3,0.236201099,-0.009392363,0.159559624,0,0,1,0,3,0,0,1,0,0,2,0,4,1,0,1,1,0,1,0,1,0,0,1,0,-9,0,1,0,0,1,0,1,0,2,0,1,0,2,0,1,0,2,1,0,0,1,1,0,0,0,1
3595,36,4,1.118628052,0,45419,1,0,0,3,0,0,1,0,0,2,4,3,2,5,1,2,1,4,4,2,1,1,1,1,3,1,1,2,3,3,2,2,1.057862659,-1.404172766,-1.26332541,1,1,0,0,2,0,0,1,0,0,2,0,4,0,1,2,0,1,2,0,1,0,0,1,0,1,1,0,0,1,3,0,0,1,3,1,0,0,1,0,1,0,2,1,0,0,1,0,0,0,1,4
3596,16,4,2.197286852,0,52302,0,1,0,2,0,1,0,0,0,1,5,1,5,5,1,1,1,3,5,4,1,3,3,3,2,2,2,2,3,4,2,3,0.861505351,0.687723356,-0.068035984,1,0,0,1,4,0,0,1,0,0,2,0,4,0,1,2,1,0,1,0,0,0,0,0,0,-9,0,0,1,0,2,0,1,0,2,1,0,0,1,0,0,1,3,1,0,0,1,0,0,0,1,4
3597,23,4,0.524632576,0,48108,0,1,0,1,1,0,0,0,0,2,6,3,4,3,1,4,1,5,5,4,2,2,2,4,2,2,2,2,2,3,3,4,0.536781936,-0.427733255,0.092702689,1,0,1,0,3,0,0,1,0,0,2,0,4,1,0,1,0,1,2,0,1,0,0,0,1,1,1,0,1,0,2,0,0,1,3,0,0,1,3,0,0,1,3,1,0,0,1,0,0,1,0,3
3598,23,4,0.826535989,0,49315,0,1,0,1,1,0,0,0,0,1,5,1,5,5,2,3,2,5,5,4,2,2,2,4,2,1,2,1,2,3,4,3,1.726543696,0.548065619,-0.29906586,0,0,0,1,4,0,0,1,0,0,2,0,4,0,1,2,0,1,2,0,1,0,0,1,0,-9,0,1,0,0,1,1,0,0,1,0,1,0,2,0,0,1,3,1,0,0,1,1,0,0,0,1
3601,22,2,0.402773543,0,1010,0,0,1,1,1,0,0,0,0,1,4,1,4,4,1,1,1,1,1,1,2,2,2,4,2,2,2,2,2,3,3,3,1.550716338,0.406186471,0.691082813,0,0,0,1,4,0,0,1,0,0,2,0,4,1,0,1,0,1,2,0,0,1,1,1,0,1,1,1,0,0,1,1,0,0,1,0,1,0,2,1,0,0,1,1,0,0,1,1,0,0,0,1
3602,32,4,0.037838233,0,87111,1,0,0,2,0,1,0,0,0,2,5,3,2,5,2,2,1,4,5,3,1,2,2,3,2,2,2,2,2,3,2,4,0.115231593,-0.004511644,-0.02472675,1,0,0,1,4,1,1,1,0,0,2,0,4,0,0,0,0,1,2,0,0,0,0,0,0,1,1,0,0,1,3,0,1,0,2,1,0,0,1,0,0,1,3,1,0,0,1,0,0,0,1,4
3604,1,2,2.794484573,0,35565,0,1,0,2,0,1,0,0,0,3,4,4,4,5,1,1,1,4,5,2,1,2,2,4,3,1,2,2,3,4,2,3,0.867686973,0.647752352,-0.109338915,1,0,1,0,3,0,0,1,0,0,2,0,4,0,1,2,0,1,2,0,0,0,1,1,0,-9,0,1,0,0,1,1,0,0,1,1,0,0,1,0,1,0,2,1,0,0,1,1,0,0,0,1
3609,26,4,0.752548032,0,65804,0,1,0,1,1,0,0,0,0,1,5,1,5,4,1,1,1,4,4,3,2,2,2,4,2,2,2,2,2,4,3,4,0.367633105,1.033373751,0.125286106,1,0,0,1,4,0,0,1,0,0,2,0,4,0,1,2,0,1,2,0,0,0,0,1,0,1,1,0,1,0,2,0,0,1,3,0,1,0,2,0,0,1,3,1,0,0,1,0,1,0,0,2
3613,36,2,10.02158204,0,44903,0,1,0,4,0,0,0,1,0,1,5,4,4,4,1,2,2,2,5,4,3,3,2,3,2,2,2,2,2,3,2,3,0.468822118,0.596609029,0.156158561,1,1,0,0,2,0,0,1,0,0,2,0,4,0,0,3,0,0,3,1,0,0,1,1,0,1,1,1,0,0,1,1,0,0,1,0,1,0,2,0,0,1,3,1,0,0,1,1,0,0,0,1
3614,19,4,0.460437075,0,70043,0,1,0,1,1,0,0,0,0,1,2,2,4,3,1,4,1,4,4,2,2,2,2,4,2,2,2,2,2,3,2,3,0.961490143,1.390204754,-0.260797819,1,0,0,1,4,0,0,1,0,0,2,0,4,1,0,1,1,0,1,0,0,0,0,1,0,1,1,0,1,0,2,0,1,0,2,1,0,0,1,0,1,0,2,1,0,0,1,0,1,0,0,2
3615,36,4,0.762384267,0,43604,0,1,0,3,0,0,1,0,0,3,4,3,4,4,2,3,1,4,3,2,2,1,2,1,2,2,3,3,3,4,2,2,0.169232998,-0.948717846,-0.655544128,0,0,0,1,4,0,0,1,0,0,2,0,4,1,0,1,1,0,1,0,1,0,0,0,1,-9,0,0,1,0,2,0,0,1,3,0,0,1,3,1,0,0,1,1,0,0,1,0,0,0,1,4
3616,36,4,0.529957645,0,45133,0,1,0,2,0,1,0,0,0,3,3,3,4,5,1,1,1,5,5,4,2,2,2,4,2,2,1,2,3,4,2,4,-0.029010204,-0.5745791,0.869180363,1,0,0,1,4,0,0,1,0,0,2,0,4,1,0,1,1,0,1,0,0,0,0,1,0,1,1,1,0,0,1,1,0,0,1,0,1,0,2,0,0,1,3,1,0,0,1,1,0,0,0,1
3621,43,4,0.523283588,0,57108,0,1,0,2,0,1,0,0,0,1,4,2,4,4,1,1,1,4,5,4,1,1,2,1,2,2,1,2,3,4,2,2,0.561557514,1.116951914,-0.288877949,1,0,0,1,4,0,1,1,0,0,2,0,4,0,1,2,1,0,1,0,0,0,0,0,0,1,1,1,0,0,1,1,0,0,1,0,0,1,3,1,0,0,1,1,0,0,1,1,0,0,0,1
3626,45,4,0.226320461,0,78945,0,0,1,4,0,0,0,1,0,2,5,2,4,5,2,5,4,5,4,4,2,2,2,3,2,2,2,2,3,2,2,3,-0.519071243,-0.152323675,-0.160099376,1,0,0,1,4,0,0,1,0,0,2,0,4,1,0,1,0,1,2,0,0,0,0,0,0,1,1,1,0,0,1,1,0,0,1,0,1,0,2,1,0,0,1,1,0,0,1,1,0,0,0,1
3627,4,4,0.638306117,0,71832,0,1,0,4,0,0,0,1,0,2,1,3,1,5,1,1,1,5,5,3,1,3,2,2,2,2,2,2,3,4,2,3,0.183536236,0.368226752,-0.282519422,1,0,1,0,3,0,0,1,0,0,2,0,4,1,0,1,0,1,2,0,0,0,0,1,0,-9,0,1,0,0,1,1,0,0,1,1,0,0,1,0,0,1,3,1,0,0,1,1,0,0,0,1
3630,38,4,0.001992789,0,97760,0,1,0,1,1,0,0,0,0,1,3,0,4,5,1,1,1,4,4,4,1,1,1,1,2,2,1,2,3,4,2,4,1.118755033,-0.063189348,-0.501273794,0,0,0,1,4,0,0,1,0,0,2,0,4,0,1,2,0,1,2,0,1,0,0,1,0,-9,0,1,0,0,1,1,0,0,1,1,0,0,1,1,0,0,1,1,0,0,1,1,0,0,0,1
3632,23,4,0.347694444,0,49504,1,0,0,3,0,0,1,0,0,2,6,3,3,5,1,1,1,5,5,3,1,1,1,1,2,2,2,2,3,4,2,4,0.312765258,-0.380905133,1.486902863,1,0,0,1,4,1,1,1,0,0,2,0,4,1,0,1,1,0,1,0,0,0,0,1,0,1,1,0,0,1,3,0,0,1,3,0,0,1,3,0,1,0,2,1,0,0,1,0,0,0,1,4
3634,45,2,1.183087269,1,78233,0,1,0,4,0,0,0,1,0,4,2,4,5,1,1,1,1,5,5,4,2,2,2,1,2,2,2,2,3,4,3,4,-1.337091764,-0.250680604,1.074934714,1,0,1,0,3,0,0,1,0,0,2,0,4,1,0,1,1,0,1,0,0,1,1,1,0,1,1,0,1,0,2,0,1,0,2,0,0,1,3,0,1,0,2,1,0,0,1,0,1,0,0,2
3635,23,4,0.481857872,0,48130,0,1,0,4,0,0,0,1,0,4,5,4,3,5,3,3,3,5,5,5,1,3,3,2,3,2,3,3,3,1,1,2,-0.323687517,-0.27918355,-0.797550355,1,0,1,0,3,0,1,1,0,0,2,0,4,1,0,1,1,0,1,0,0,0,0,0,0,-9,0,1,0,0,1,1,0,0,1,1,0,0,1,1,0,0,1,1,0,0,1,1,0,0,0,1
3638,14,2,0.692070166,0,62450,0,1,0,3,0,0,1,0,0,2,2,3,4,5,1,1,1,4,3,3,1,1,1,1,3,1,1,2,3,3,2,3,1.04992037,-1.41104112,-0.494517378,1,1,0,0,2,0,0,1,0,0,2,0,4,0,1,2,0,0,3,1,0,0,0,1,0,-9,0,1,0,0,1,1,0,0,1,0,1,0,2,0,0,1,3,1,0,0,1,1,0,0,0,1
3639,26,2,0.498671382,0,65202,0,1,0,2,0,1,0,0,0,2,3,3,4,4,1,2,2,5,3,3,2,2,2,3,2,2,2,2,2,3,2,3,-1.419519202,0.821598702,0.905202193,1,1,0,0,2,1,1,1,0,0,2,0,4,1,0,1,0,0,3,0,0,0,0,1,0,1,1,1,0,0,1,1,0,0,1,0,0,1,3,0,0,1,3,1,0,0,1,1,0,0,0,1
3643,34,4,0.305127165,0,27408,0,1,0,2,0,1,0,0,0,2,2,3,4,5,2,2,2,5,5,4,2,1,3,3,2,2,2,2,3,4,3,3,0.579021344,0.614745627,0.408256934,1,0,0,1,4,0,0,1,0,0,2,0,4,1,0,1,1,0,1,0,0,0,0,0,1,-9,0,1,0,0,1,0,0,1,3,0,0,1,3,0,0,1,3,1,0,0,1,0,1,0,0,2
3644,31,4,0.734064399,0,7856,0,1,0,2,0,1,0,0,0,3,4,2,4,5,2,4,1,5,4,2,2,2,3,3,2,2,1,2,3,3,2,3,0.427805452,-0.265708701,-1.013495593,1,0,1,0,3,0,0,1,0,0,2,0,4,1,0,1,1,0,1,0,1,0,0,1,0,-9,0,1,0,0,1,0,1,0,2,0,1,0,2,0,0,1,3,1,0,0,1,0,1,0,0,2
3645,45,4,0.759926129,1,78225,0,1,0,2,0,1,0,0,0,3,2,3,2,5,3,3,2,4,5,4,1,1,2,1,2,2,1,2,3,4,2,4,0.735106238,-0.566071198,-1.319871213,1,0,0,1,4,0,0,1,0,0,1,1,1,1,0,1,0,1,2,0,0,0,0,1,0,1,1,0,0,1,3,1,0,0,1,0,0,1,3,0,1,0,2,1,0,0,1,0,0,1,0,3
3647,24,4,0.758683488,0,55024,0,1,0,2,0,1,0,0,0,2,4,3,4,5,3,4,1,3,3,3,2,1,1,3,2,2,2,2,3,3,3,4,0.375712844,-0.511400461,-0.044265051,1,0,1,0,3,0,0,1,0,0,2,0,4,1,0,1,1,0,1,0,0,0,0,0,0,1,1,1,0,0,1,1,0,0,1,0,0,1,3,0,0,1,3,1,0,0,1,1,0,0,0,1
3650,49,4,3.464014344,0,98908,0,1,0,2,0,1,0,0,0,2,1,1,4,5,1,3,1,5,5,5,1,1,2,1,2,2,2,2,3,4,2,2,1.473590543,0.689589233,0.578927135,0,0,0,1,4,0,0,1,0,0,2,0,4,0,1,2,1,0,1,0,1,0,0,1,0,1,1,1,0,0,1,0,1,0,2,1,0,0,1,0,0,1,3,1,0,0,1,1,0,0,0,1
3654,39,4,3.302074568,0,15010,0,1,0,2,0,1,0,0,0,3,6,4,4,5,3,1,1,5,5,4,2,3,2,4,2,2,2,2,3,4,2,4,-0.724666676,-1.535139712,-0.746128646,1,0,0,1,4,0,0,1,0,0,2,0,4,1,0,1,0,0,3,1,0,0,0,0,1,1,1,0,1,0,2,0,1,0,2,1,0,0,1,0,1,0,2,1,0,0,1,0,0,1,0,3
3656,41,4,0.882398019,0,2893,0,1,0,1,1,0,0,0,0,1,4,3,4,5,2,2,2,5,5,4,2,3,3,3,2,2,2,2,2,3,2,3,1.590801698,-1.20805432,0.17527081,0,0,0,1,4,0,1,1,0,0,2,0,4,0,0,3,0,1,2,0,1,0,0,1,0,-9,0,0,1,0,2,0,1,0,2,1,0,0,1,0,0,1,3,1,0,0,1,0,0,0,1,4
3657,5,4,0.000474186,1,92506,0,1,0,2,0,1,0,0,0,2,3,3,5,4,1,1,1,3,5,4,1,1,2,1,2,2,1,2,3,3,2,3,0.786812711,0.711451067,-1.416189282,1,0,0,1,4,0,0,1,0,0,2,0,4,1,0,1,1,0,1,0,0,0,0,0,0,1,1,0,1,0,2,0,1,0,2,0,0,1,3,0,1,0,2,0,1,0,2,0,0,1,0,3
3658,45,4,0.432009885,1,75234,1,0,0,5,0,0,0,0,1,5,2,5,4,4,3,4,3,4,4,3,2,2,2,1,2,1,2,2,3,2,2,3,-0.15004616,-0.874377684,-0.61642247,1,0,0,1,4,0,0,1,0,0,2,0,4,1,0,1,1,0,1,0,1,0,0,0,0,-9,0,0,0,1,3,0,0,1,3,0,0,1,3,0,1,0,2,0,1,0,2,0,0,0,1,4
3659,31,4,1.752529,0,7087,1,0,0,2,0,1,0,0,0,2,5,4,3,5,5,5,4,4,5,5,2,3,3,3,3,1,3,3,3,2,2,2,0.652091759,-0.114055875,0.295405102,1,1,0,0,2,0,0,0,0,0,1,1,1,1,0,1,0,1,2,0,0,0,0,0,0,-9,0,0,0,1,3,0,0,1,3,0,0,1,3,0,1,0,2,0,0,1,3,0,0,0,1,4
3660,4,4,0.243079581,0,72904,0,1,0,4,0,0,0,1,0,3,5,2,3,4,3,4,4,4,3,3,2,2,2,3,2,2,2,2,3,3,2,4,-1.352287206,-1.015340969,0.230852092,1,1,0,0,2,0,0,1,0,0,2,0,4,1,0,1,0,1,2,1,0,0,0,0,1,-9,0,0,1,0,2,1,0,0,1,0,1,0,2,0,1,0,2,1,0,0,1,1,0,0,0,1
3661,23,2,0.900134329,0,48439,0,1,0,1,1,0,0,0,0,1,5,3,5,2,3,4,4,5,4,3,3,2,2,4,2,2,2,2,2,3,3,3,0.513361237,0.284230236,-0.429148299,1,1,0,0,2,0,1,1,0,0,2,0,4,0,1,2,1,0,1,0,0,0,1,0,0,-9,0,1,0,0,1,0,1,0,2,0,1,0,2,0,1,0,2,1,0,0,1,1,0,0,0,1
3664,51,2,0.829098492,0,53534,0,1,0,2,0,1,0,0,0,2,4,1,4,3,2,3,2,3,4,3,2,2,2,3,2,2,2,2,2,3,3,3,0.042289143,0.129528689,0.110697368,0,1,0,0,2,0,0,1,0,0,2,0,4,0,1,2,0,0,3,1,0,0,1,1,0,-9,0,1,0,0,1,1,0,0,1,0,1,0,2,0,1,0,2,1,0,0,1,1,0,0,0,1
3665,34,4,0.983006665,0,27511,0,1,0,5,0,0,0,0,1,4,4,4,2,5,2,2,1,5,4,1,2,2,2,4,2,2,2,2,3,4,3,4,-1.580344352,-1.348053325,-0.0094257,1,0,0,1,4,0,0,1,0,0,2,0,4,0,0,0,0,1,2,0,0,0,0,1,0,-9,0,0,1,0,2,0,1,0,2,0,0,1,3,0,0,1,3,1,0,0,1,0,0,1,0,3
3669,45,4,5.339554908,1,76135,0,1,0,5,0,0,0,0,1,3,5,4,3,5,4,2,2,5,5,4,1,1,1,1,3,2,1,1,2,1,2,4,-0.682354799,-0.717594693,0.286697393,1,0,0,1,4,1,1,1,1,1,2,0,2,0,0,0,1,0,1,0,0,0,0,1,0,1,1,1,0,0,1,0,1,0,2,0,0,1,3,1,0,0,1,1,0,0,1,0,1,0,0,2
3674,11,4,0.264391766,0,30741,0,1,0,1,1,0,0,0,0,1,1,3,4,4,2,2,1,5,5,3,2,2,2,4,2,2,1,2,3,4,2,4,0.906034847,-0.45103142,0.885841603,0,0,0,1,4,0,0,1,0,0,2,0,4,1,0,1,0,1,2,0,0,0,0,0,0,-9,0,1,0,0,1,1,0,0,1,1,0,0,1,0,1,0,2,1,0,0,1,1,0,0,0,1
3675,33,4,0.508173748,0,10027,1,0,0,3,0,0,1,0,0,3,6,4,3,3,3,3,3,3,3,3,1,1,1,1,1,1,1,1,1,1,1,1,0.33758843,-0.085100008,-0.251789612,1,0,1,0,3,0,0,0,1,0,2,0,2,1,0,1,1,0,1,0,1,0,0,0,1,-9,0,0,0,1,3,0,0,1,3,0,0,1,3,0,0,1,3,0,0,1,3,0,0,0,1,4
3676,48,4,0.448733641,0,23185,0,1,0,3,0,0,1,0,0,3,4,4,4,4,2,2,2,4,3,2,2,2,2,3,2,2,2,2,2,4,4,4,-1.31697069,-1.073650524,-1.050862122,0,0,0,1,4,1,1,1,0,0,2,0,4,1,0,1,0,1,2,0,0,0,0,1,0,-9,0,1,0,0,1,0,1,0,2,0,0,1,3,0,0,1,3,1,0,0,1,0,1,0,0,2
3677,48,4,0.200779734,0,20121,1,0,0,3,0,0,1,0,0,2,2,3,2,5,1,2,1,4,4,3,1,2,2,4,2,2,2,1,3,3,2,4,0.020912858,0.188350686,0.391755402,0,0,0,1,4,1,1,1,0,0,2,0,4,0,1,2,0,1,2,0,0,0,0,0,0,1,1,0,0,1,3,0,1,0,2,0,0,1,3,1,0,0,1,1,0,0,1,0,0,1,0,3
3679,10,4,1.081109894,0,32208,0,1,0,4,0,0,0,1,0,3,1,5,1,4,4,5,1,4,5,3,2,1,1,4,2,2,1,2,2,3,2,4,-0.225485181,-0.318191994,-0.904227411,1,0,1,0,3,0,0,1,0,0,2,0,4,1,0,1,0,0,3,0,0,0,0,1,1,-9,0,0,1,0,2,1,0,0,1,0,1,0,2,1,0,0,1,1,0,0,1,0,0,1,0,3
3681,20,2,1.396357219,0,4736,0,1,0,1,1,0,0,0,0,1,5,1,4,4,1,1,1,1,3,1,2,2,2,1,3,1,2,2,3,3,2,4,0.547703801,-0.517949796,-0.380033062,1,0,1,1,4,1,1,1,0,0,2,0,4,0,0,3,0,0,3,0,0,0,0,1,0,-9,0,1,0,0,1,1,0,0,1,1,0,0,1,0,0,1,3,1,0,0,1,1,0,0,0,1
3684,4,2,1.046719173,0,72212,0,1,0,2,0,1,0,0,0,2,4,3,3,4,2,2,3,4,4,3,1,1,1,1,2,1,1,1,1,1,3,1,-0.529294134,0.287655153,-0.351719251,1,0,1,0,3,1,1,0,1,0,2,0,2,1,0,1,1,0,1,0,0,0,0,0,0,-9,0,0,1,0,2,0,0,1,3,1,0,0,1,0,1,0,2,1,0,0,1,0,1,0,0,2
3686,39,4,2.527537779,0,17352,0,0,1,3,0,0,1,0,0,3,3,3,4,4,3,2,2,5,4,5,1,1,1,1,2,2,1,2,3,2,2,2,-0.09718223,0.418279785,-0.604383384,1,0,0,1,4,0,0,1,0,0,2,0,4,0,1,2,1,0,1,0,0,0,0,1,0,-9,0,1,0,0,1,1,0,0,1,1,0,0,1,1,0,0,1,1,0,0,1,1,0,0,0,1
3690,49,4,0.016439288,0,98003,1,0,0,2,0,1,0,0,0,2,6,3,4,4,2,3,1,4,4,3,3,1,1,2,2,2,1,1,3,1,2,4,-1.382336052,-1.433958124,0.239572079,1,0,0,1,4,0,0,1,0,0,2,0,4,0,1,2,0,1,2,0,0,0,0,1,0,-9,0,0,0,1,3,0,0,1,3,0,0,1,3,0,1,0,2,1,0,0,1,0,0,0,1,4
3691,49,4,0.0083043,0,98338,0,1,0,1,1,0,0,0,0,1,3,0,5,5,1,3,1,4,4,4,1,2,2,4,2,2,1,2,2,1,3,2,1.063033419,-0.775419144,-0.504957677,1,0,0,1,4,1,1,1,0,0,2,0,4,1,0,1,0,1,2,0,0,0,0,1,0,0,0,1,0,0,1,1,0,0,1,1,0,0,1,1,0,0,1,1,0,0,1,1,0,0,0,1
3692,49,4,0.228484939,0,98290,0,1,0,1,1,0,0,0,0,1,2,2,4,3,1,1,1,1,5,1,2,2,2,4,2,2,2,2,2,4,3,3,0.270556951,-0.273353143,0.006557846,0,0,0,1,4,0,0,1,0,0,2,0,4,0,0,3,0,1,2,0,0,0,0,1,0,1,1,1,0,0,1,0,1,0,2,1,0,0,1,1,0,0,1,0,1,0,2,1,0,0,0,1
3694,49,4,0.012968197,0,98271,0,1,0,5,0,0,0,0,1,5,5,5,1,3,5,3,3,5,5,3,2,1,2,3,2,2,3,2,3,4,2,4,-0.638448758,-0.259297371,-1.175115713,1,0,1,0,3,0,0,0,0,0,2,0,5,1,0,1,0,1,2,0,0,0,0,0,0,-9,0,1,0,0,1,1,0,0,1,0,1,0,2,0,1,0,2,1,0,0,1,1,0,0,0,1
3695,49,4,0.306446206,0,98001,0,1,0,1,1,0,0,0,0,2,6,1,5,2,1,1,1,1,3,1,2,2,2,3,2,2,2,2,2,3,3,3,0.2955717,-1.01353557,-0.604332887,0,0,0,1,4,0,0,1,1,0,2,0,2,0,1,2,0,1,2,0,0,0,0,0,0,-9,0,0,1,0,2,0,1,0,2,0,0,1,3,1,0,0,1,0,1,0,2,0,1,0,0,2
3696,49,4,0.086726878,0,98275,0,1,0,3,0,0,1,0,0,3,5,4,4,5,1,1,2,4,4,3,1,1,3,1,2,2,1,2,2,1,2,2,0.40498135,-0.678661698,0.513922592,0,0,0,1,4,1,1,1,0,0,2,0,4,0,0,3,0,0,3,1,0,0,0,1,0,-9,0,0,1,0,2,0,1,0,2,1,0,0,1,1,0,0,1,0,1,0,2,0,0,1,0,3
3698,49,4,0.026443708,0,98374,0,1,0,2,0,1,0,0,0,2,1,3,4,5,2,2,2,2,4,2,2,2,2,4,2,2,2,2,2,4,4,4,-0.494774274,0.20665673,-1.159625876,0,0,0,1,4,0,0,1,0,0,2,0,4,0,1,2,0,1,2,0,0,0,0,0,0,1,1,0,1,0,2,0,1,0,2,1,0,0,1,1,0,0,1,1,0,0,1,1,0,0,0,1
3699,49,2,0.013849768,0,98271,0,1,0,4,0,0,0,1,0,3,5,3,2,5,2,4,4,5,5,3,3,3,3,3,2,2,2,2,2,3,2,2,0.328459842,-0.583084785,0.268576274,1,0,1,0,3,0,0,1,0,0,2,0,4,1,0,1,0,0,3,0,1,0,0,0,0,-9,0,1,0,0,1,1,0,0,1,0,1,0,2,0,1,0,2,1,0,0,1,1,0,0,0,1
3700,49,4,0.057915366,0,98272,0,1,0,2,0,1,0,0,0,2,5,3,4,4,3,3,3,4,4,4,2,1,1,3,2,3,3,3,2,3,3,3,0.640159527,0.518682764,0.527987349,0,0,0,1,4,1,1,1,0,0,2,0,4,0,0,3,0,1,2,0,0,0,0,0,0,-9,0,1,0,0,1,1,0,0,1,0,0,1,3,0,1,0,2,1,0,0,1,1,0,0,0,1
3701,49,2,0.103331276,0,98011,0,1,0,3,0,0,1,0,0,2,5,3,4,5,2,2,2,4,5,3,2,2,2,3,2,2,2,2,3,3,2,2,0.420560412,-0.348510296,-0.289055671,1,0,1,0,3,0,0,1,0,0,2,0,4,0,0,3,0,1,2,0,0,0,1,1,0,-9,0,0,1,0,2,0,0,1,3,0,0,1,3,0,1,0,2,1,0,0,1,0,0,1,0,3
3702,49,4,0.047487258,0,98125,1,0,0,1,1,0,0,0,0,3,1,0,4,5,3,4,3,5,5,4,2,2,2,4,2,2,2,1,3,4,3,4,0.59207854,-0.434545875,0.534388941,1,0,1,0,3,0,0,1,0,0,2,0,4,1,0,1,1,0,1,0,0,0,0,0,1,-9,0,0,0,1,3,0,0,1,3,0,1,0,2,0,0,1,3,1,0,0,1,0,0,0,1,4
3703,49,4,0.028498741,0,98012,0,1,0,5,0,0,0,0,1,4,5,5,1,5,3,4,2,5,5,3,2,2,2,2,2,2,2,2,2,2,2,4,0.854961218,-0.726124591,0.628226018,1,0,0,1,4,0,0,1,0,0,2,0,4,0,0,0,1,0,1,0,0,0,0,1,0,-9,0,0,1,0,2,0,1,0,2,1,0,0,1,1,0,0,1,1,0,0,1,0,0,1,0,3
3712,49,2,0.094619024,0,98168,0,1,0,2,0,1,0,0,0,2,5,3,5,3,2,1,1,4,4,3,1,3,1,1,3,1,1,1,3,1,2,2,-1.663800904,0.560611278,0.549175613,0,0,1,0,3,0,0,0,0,0,2,0,5,1,0,1,0,1,2,1,0,0,1,1,0,-9,0,0,1,0,2,0,1,0,2,0,0,1,3,0,1,0,2,0,1,0,2,0,0,1,0,3
3713,49,4,0.013194596,0,98021,0,1,0,3,0,0,1,0,0,3,5,3,4,5,1,1,1,5,4,1,2,2,2,1,2,2,2,2,3,4,3,4,-1.302886338,-0.691831844,-1.207931141,1,0,1,0,3,0,0,1,0,0,2,0,4,1,0,1,0,1,2,0,1,0,0,0,0,0,0,0,1,0,2,0,1,0,2,0,0,1,3,1,0,0,1,1,0,0,1,0,1,0,0,2
3723,49,4,0.372065697,0,98146,0,1,0,2,0,1,0,0,0,2,4,3,3,4,1,1,1,4,4,3,1,1,1,1,2,2,2,2,2,4,2,2,0.436071011,0.134735497,-0.303310369,0,0,1,0,3,0,0,0,0,0,2,0,5,0,0,3,0,1,2,0,0,0,0,1,0,-9,0,0,0,1,3,0,1,0,2,1,0,0,1,0,1,0,2,0,1,0,2,0,0,1,0,3
3726,49,4,0.034113586,0,98467,0,1,0,2,0,1,0,0,0,2,5,1,3,5,1,3,1,5,4,4,1,1,2,1,2,2,1,1,2,3,2,3,0.458046003,0.338022129,-0.139091572,0,0,1,0,3,1,1,0,0,1,2,0,3,0,0,0,0,0,3,0,0,0,0,1,0,-9,0,0,0,1,3,0,1,0,2,1,0,0,1,0,0,1,3,0,1,0,2,0,0,1,0,3
3727,49,4,0.015086288,0,98110,0,1,0,2,0,1,0,0,0,1,4,1,2,3,1,1,1,1,1,1,2,2,2,4,2,2,2,2,2,4,4,4,-1.661362303,-0.664207038,-0.182904715,0,0,0,1,4,1,1,1,0,0,2,0,4,1,0,1,1,0,1,0,0,0,0,1,1,-9,0,1,0,0,1,1,0,0,1,1,0,0,1,0,0,1,3,1,0,0,1,0,1,0,0,2
3729,49,4,0.218794687,0,98380,0,1,0,3,0,0,1,0,0,3,4,3,3,4,2,2,2,4,4,4,2,2,1,1,2,2,2,2,2,4,2,3,0.195723858,-0.535965405,-0.927566267,1,0,0,1,4,0,0,1,0,0,2,0,4,0,1,2,0,1,2,0,1,0,0,1,0,1,1,1,0,0,1,1,0,0,1,1,0,0,1,1,0,0,1,1,0,0,1,1,0,0,0,1
3731,49,2,0.031162899,0,98208,0,1,0,3,0,0,1,0,0,1,1,0,5,4,1,1,1,5,4,3,2,2,2,4,2,2,2,2,3,4,4,4,-0.478234982,-0.782324052,1.27907179,0,0,0,1,4,0,0,1,0,0,2,0,4,1,0,1,1,0,1,0,0,0,1,0,0,-9,0,0,1,0,2,0,0,1,3,0,0,1,3,0,1,0,2,1,0,0,1,0,0,1,0,3
3732,49,4,0.035750408,0,98337,1,0,0,1,1,0,0,0,0,1,4,2,4,4,1,3,3,4,1,1,2,2,2,4,2,2,2,2,2,3,3,4,-1.411023259,-0.381222108,1.645868785,0,0,1,0,3,0,0,1,0,0,2,0,4,1,0,1,0,1,2,0,1,0,0,1,0,-9,0,0,0,1,3,0,0,1,3,1,0,0,1,1,0,0,1,0,0,1,3,0,0,0,1,4
3733,49,2,0.056260668,0,98498,0,1,0,3,0,0,1,0,0,3,4,3,3,5,5,5,4,5,5,5,2,2,2,2,1,3,3,1,3,2,2,2,1.240989049,-0.002678112,0.554554599,1,0,1,0,3,0,0,1,0,0,2,0,4,0,0,3,0,0,3,1,0,0,1,1,0,-9,0,0,1,0,2,0,1,0,2,0,1,0,2,1,0,0,1,0,1,0,2,0,0,1,0,3
3734,49,2,0.013801612,0,98467,0,1,0,2,0,1,0,0,0,2,4,2,3,3,2,1,1,3,3,2,2,2,3,2,2,2,2,2,2,3,2,4,-0.197411493,0.652453452,-1.780743747,1,1,0,0,2,0,0,1,0,0,2,0,4,1,0,1,0,1,2,0,0,0,1,0,0,0,0,0,0,1,3,0,1,0,2,1,0,0,1,0,0,1,3,0,1,0,2,0,0,1,0,3
3739,49,4,0.005114516,0,98332,0,1,0,1,1,0,0,0,0,1,5,1,3,5,1,1,1,5,3,3,1,1,1,3,2,2,1,2,3,3,2,3,0.908827316,-2.064515801,0.383470666,1,1,0,0,2,1,1,1,0,0,2,0,4,0,1,2,0,0,3,1,0,0,0,1,0,1,1,1,0,0,1,1,0,0,1,0,1,0,2,0,1,0,2,1,0,0,1,0,1,0,0,2
3740,49,4,0.022537914,0,98204,1,0,0,5,0,0,0,0,1,3,5,4,4,4,3,3,1,1,5,4,2,2,2,3,3,1,2,2,2,3,2,3,-1.286062655,0.2340025,0.269831011,1,0,1,0,3,0,0,1,0,0,2,0,4,1,0,1,0,1,2,0,0,0,0,0,1,-9,0,0,0,1,3,0,0,1,3,0,1,0,2,0,0,1,3,1,0,0,1,0,0,0,1,4
3741,49,2,0.053755252,0,98662,0,1,0,3,0,0,1,0,0,2,5,4,1,5,3,4,2,4,4,4,2,2,2,3,2,2,2,2,2,2,2,3,1.080225136,-0.750405605,0.996125523,0,0,0,1,4,1,1,1,0,0,2,0,4,1,0,1,1,0,1,0,0,0,0,0,0,-9,0,0,1,0,2,0,1,0,2,0,0,1,3,0,1,0,2,1,0,0,1,0,0,1,0,3
3742,49,4,0.048808466,0,98375,0,1,0,3,0,0,1,0,0,3,4,2,3,5,1,1,1,3,1,1,2,1,3,4,2,2,1,2,3,1,2,4,-0.859162736,0.215853428,-1.042088013,1,0,0,0,1,0,0,1,0,0,2,0,4,1,0,1,0,0,3,1,1,0,0,0,0,1,1,0,1,0,2,0,1,0,2,1,0,0,1,1,0,0,1,1,0,0,1,0,1,0,0,2
3744,49,2,0.00924336,0,98168,0,1,0,4,0,0,0,1,0,4,5,5,3,4,3,4,3,4,3,4,1,1,1,1,1,1,1,1,1,1,1,1,0.726248668,1.148230874,0.673896733,0,1,0,0,2,1,1,1,0,0,2,0,4,0,1,2,0,0,3,1,0,1,1,0,0,-9,0,0,1,0,2,0,1,0,2,0,0,1,3,0,1,0,2,0,1,0,2,0,0,1,0,3
3745,49,2,0.100949254,0,98103,1,0,0,3,0,0,1,0,0,3,2,3,4,5,3,3,3,4,5,4,2,1,1,1,2,2,1,1,2,3,3,3,0.073695729,0.069761027,-0.718245945,0,0,1,0,3,0,1,1,0,0,2,0,4,0,0,3,0,1,2,0,0,0,0,1,0,0,0,0,0,1,3,0,0,1,3,1,0,0,1,0,0,1,3,1,0,0,1,0,0,0,1,4
3748,49,4,0.022872492,0,98406,1,0,0,2,0,1,0,0,0,2,4,2,2,5,2,4,1,4,4,2,1,2,3,3,2,2,2,2,3,2,2,4,-1.668892283,-1.210534281,-0.775781204,1,1,0,0,2,0,0,1,0,0,2,0,4,0,1,2,0,0,3,1,0,0,0,1,0,-9,0,0,0,1,3,0,0,1,3,0,1,0,2,0,0,1,3,1,0,0,1,0,0,0,1,4
3750,49,4,0.044941196,0,98409,0,1,0,5,0,0,0,0,1,1,5,3,3,5,3,3,1,5,3,3,2,2,2,3,2,2,2,2,2,4,3,4,0.014545226,0.467028234,-1.01901118,1,0,1,0,3,0,0,1,0,0,2,0,4,1,0,1,0,0,3,0,0,0,0,1,0,-9,0,0,1,0,2,0,0,1,3,0,0,1,3,0,0,1,3,0,1,0,2,0,0,0,1,4
3751,49,2,0.090331595,0,98390,0,1,0,3,0,0,1,0,0,2,2,4,2,5,2,2,2,4,5,2,1,1,1,1,3,1,1,1,2,1,2,3,0.956362443,-1.271355549,1.004654492,1,1,0,0,2,1,1,1,0,0,2,0,4,0,0,3,0,0,3,1,0,0,1,1,0,-9,0,0,1,0,2,0,0,1,3,0,0,1,3,0,0,1,3,0,0,1,3,0,1,0,0,2
3753,49,2,0.006440927,0,98032,1,0,0,2,0,1,0,0,0,2,4,3,4,5,3,4,3,4,4,4,2,2,3,4,3,2,1,3,3,1,2,3,0.793387411,0.779548895,0.959339422,1,1,0,0,2,0,0,0,0,1,2,0,3,0,1,2,0,1,2,0,1,0,0,0,1,1,1,0,0,1,3,0,0,1,3,0,0,1,3,0,1,0,2,0,1,0,2,0,0,0,1,4
3754,49,4,0.100159555,0,98034,1,0,0,2,0,1,0,0,0,3,5,3,3,4,3,3,2,5,4,3,1,2,2,1,2,2,1,3,3,4,2,3,-0.167154295,-1.27560447,1.202649031,1,0,1,0,3,0,1,1,0,0,2,0,4,0,0,3,0,1,2,0,0,0,0,1,0,0,0,0,0,1,3,0,0,1,3,0,1,0,2,0,1,0,2,1,0,0,1,0,0,1,0,3
3757,49,4,0.071795519,0,98023,0,1,0,2,0,1,0,0,0,2,4,1,4,4,1,1,1,3,4,3,1,1,3,1,2,2,3,3,3,1,1,1,-2.188061496,-0.685841384,-0.709886356,1,0,1,0,3,0,0,1,0,0,2,0,4,1,0,1,0,0,3,0,1,0,0,0,0,0,0,0,0,1,3,0,1,0,2,1,0,0,1,1,0,0,1,1,0,0,1,0,0,1,0,3
3760,49,1,0.006397245,0,98296,0,1,0,2,0,1,0,0,0,2,5,4,2,5,3,4,1,4,5,4,2,1,1,3,2,2,1,3,3,3,2,3,0.325244735,-0.769604346,-0.844678101,1,1,0,0,2,1,1,1,0,0,2,0,4,0,1,2,0,0,3,0,1,0,0,1,0,0,0,1,0,0,1,1,0,0,1,1,0,0,1,0,0,1,3,1,0,0,1,1,0,0,0,1
3761,49,2,0.058971694,0,98056,0,1,0,2,0,1,0,0,0,1,4,3,5,4,1,1,1,4,4,4,2,2,2,3,2,2,2,2,2,3,2,2,-0.087664376,0.197881923,-0.631547769,1,0,0,1,4,0,0,1,0,0,2,0,4,0,1,2,1,0,1,0,0,0,1,1,0,1,1,0,0,1,3,0,1,0,2,1,0,0,1,0,1,0,2,1,0,0,1,0,0,0,1,4
3762,49,4,0.011100284,0,98498,0,1,0,4,0,0,0,1,0,3,4,3,3,4,2,3,1,4,4,3,2,2,2,4,2,2,2,2,2,3,2,4,0.871716894,-0.884768432,-0.435437558,1,0,0,1,4,0,0,1,0,0,2,0,4,1,0,1,0,0,3,0,0,0,0,1,0,1,1,0,1,0,2,0,1,0,2,0,1,0,2,1,0,0,1,0,1,0,2,0,0,1,0,3
3763,16,4,0.404157556,0,51501,0,1,0,2,0,1,0,0,0,2,3,1,3,4,1,1,1,5,4,4,1,1,1,1,2,2,3,2,3,4,4,2,0.236734971,-0.075470085,1.115820406,1,0,0,1,4,1,1,1,0,0,2,0,4,1,0,1,1,0,1,0,0,0,0,0,0,-9,0,0,1,0,2,0,1,0,2,0,0,1,3,0,0,1,3,1,0,0,1,0,1,0,0,2
3767,49,4,0.054416446,0,98052,0,1,0,4,0,0,0,1,0,4,5,4,3,4,5,5,1,5,5,5,3,3,2,2,2,2,3,1,3,2,2,2,0.531344003,0.072012044,0.233186611,1,0,0,1,4,1,1,0,1,0,2,0,2,0,1,2,1,0,1,0,0,0,0,1,0,-9,0,0,1,0,2,0,0,1,3,0,1,0,2,1,0,0,1,1,0,0,1,0,0,1,0,3
3768,49,4,0.017283937,0,98366,0,1,0,1,1,0,0,0,0,2,6,2,4,4,2,3,1,4,3,3,2,2,2,3,2,2,2,2,2,3,3,4,-0.251956584,0.226532539,-0.177411271,1,1,0,0,2,0,0,1,0,0,2,0,4,1,0,1,0,1,2,0,0,0,0,1,0,1,1,1,0,0,1,0,1,0,2,1,0,0,1,0,1,0,2,0,1,0,2,0,0,1,0,3
3770,49,2,0.007226668,0,98112,1,0,0,4,0,0,0,1,0,3,6,3,4,5,1,4,3,4,5,5,2,2,2,2,3,1,2,3,3,3,2,2,-0.260948782,-1.86401309,0.287021623,1,1,0,0,2,0,0,0,0,0,2,0,5,1,0,1,0,1,2,0,1,0,1,0,1,-9,0,0,0,1,3,0,0,1,3,0,0,1,3,0,0,1,3,0,1,0,2,0,0,0,1,4
3774,49,4,0.020096161,0,98371,0,1,0,2,0,1,0,0,0,1,4,2,3,5,1,2,1,4,5,2,1,2,2,4,2,2,1,2,2,4,3,4,1.868840229,-2.048028004,0.489680876,0,0,0,1,4,0,0,1,0,0,2,0,4,0,1,2,0,1,2,0,0,0,0,0,0,-9,0,0,1,0,2,0,1,0,2,0,1,0,2,1,0,0,1,0,0,1,3,0,0,1,0,3
3779,49,4,0.043651005,0,98256,0,0,1,4,0,0,0,1,0,2,4,4,4,3,1,1,1,5,5,5,2,2,1,1,2,1,2,2,2,3,2,2,1.12554848,0.138054703,0.525826228,1,0,0,1,4,0,0,1,0,0,2,0,4,1,0,1,0,1,2,0,0,0,0,1,0,-9,0,1,0,0,1,1,0,0,1,1,0,0,1,1,0,0,1,1,0,0,1,1,0,0,0,1
3780,49,2,0.060633859,0,98012,0,1,0,2,0,1,0,0,0,2,3,3,3,4,1,1,1,4,4,2,3,1,2,3,1,3,1,1,3,2,2,1,-0.45666029,0.515231724,0.694816742,0,0,1,0,3,0,0,1,1,0,2,0,2,0,1,2,0,0,3,0,0,0,1,1,0,-9,0,0,1,0,2,0,1,0,2,1,0,0,1,1,0,0,1,1,0,0,1,0,0,1,0,3
3781,49,3,0.002107297,0,98271,0,1,0,5,0,0,0,0,1,4,5,5,1,5,1,3,3,5,5,5,3,3,3,2,3,1,1,3,3,1,2,1,-0.019363726,0.133319469,-0.464109079,1,1,0,0,2,0,0,0,0,0,2,0,5,1,0,1,0,0,3,1,1,0,0,0,0,-9,0,1,0,0,1,1,0,0,1,0,1,0,2,0,1,0,2,1,0,0,1,1,0,0,0,1
3783,49,2,0.113332954,0,98409,0,1,0,2,0,1,0,0,0,2,4,3,3,4,2,2,2,5,5,5,1,1,3,1,3,1,1,3,3,1,2,2,-0.723915211,0.688806106,0.853074416,0,1,0,0,2,0,0,1,0,0,2,0,4,0,0,3,0,0,3,0,1,0,0,1,0,-9,0,0,1,0,2,0,0,1,3,0,0,1,3,0,0,1,3,0,1,0,2,0,0,0,1,4
3784,49,4,0.023122775,0,98122,1,0,0,1,1,0,0,0,0,2,5,3,4,4,1,2,1,4,5,2,3,3,3,1,3,1,1,3,3,2,2,3,0.828507528,-0.75989248,0.107316557,0,0,1,0,3,1,1,1,0,0,2,0,4,1,0,1,1,0,1,0,0,0,0,0,1,-9,0,0,0,1,3,0,0,1,3,1,0,0,1,0,0,1,3,0,0,1,3,0,0,0,1,4
3786,49,2,0.030328504,0,98201,1,0,0,2,0,1,0,0,0,2,4,1,2,5,2,2,2,3,4,2,2,1,1,2,3,1,1,2,3,1,2,3,-0.8624412,-0.838813544,-1.418224071,1,1,0,0,2,0,1,1,0,0,2,0,4,0,1,2,0,1,2,0,0,0,0,0,0,0,0,0,0,1,3,0,0,1,3,0,1,0,2,0,0,1,3,0,1,0,2,0,0,0,1,4
3788,49,2,0.067707947,0,98033,1,0,0,1,1,0,0,0,0,1,4,1,4,3,1,1,1,3,3,3,2,2,2,3,2,2,2,2,2,3,3,4,0.256687745,0.216387415,-0.048169042,1,1,0,0,2,1,1,1,0,0,2,0,4,0,0,3,0,0,3,1,0,0,1,1,0,1,1,0,1,0,2,0,0,1,3,0,0,1,3,0,0,1,3,1,0,0,1,0,0,0,1,4
3789,49,2,0.016289472,0,98032,1,0,0,3,0,0,1,0,0,3,4,4,3,5,5,3,1,4,2,4,2,1,1,1,3,2,2,1,3,1,1,1,-0.89032238,0.697958281,-0.332657214,1,1,0,0,2,0,0,0,1,0,2,0,2,1,0,1,0,0,3,1,0,0,0,1,0,0,0,0,0,1,3,0,0,1,3,0,0,1,3,0,1,0,2,0,1,0,2,0,0,0,1,4
3793,49,2,0.07009369,0,98122,1,0,0,4,0,0,0,1,0,4,5,4,2,2,2,4,2,5,5,5,1,1,1,1,3,1,3,1,3,2,2,2,-0.844847469,0.399563653,0.764613815,0,0,0,0,1,0,0,1,0,0,2,0,4,1,0,1,1,0,1,0,1,0,1,0,1,0,0,0,0,1,3,0,0,1,3,1,0,0,1,0,0,1,3,0,0,1,3,0,0,0,1,4
3799,49,4,0.015527218,0,98371,0,1,0,3,0,0,1,0,0,2,3,0,3,4,1,1,1,5,3,3,2,2,2,4,2,2,1,2,1,4,2,2,-0.604041133,-0.03358188,1.089907107,0,0,0,1,4,0,0,1,0,0,2,0,4,1,0,1,0,1,2,0,0,0,0,1,0,-9,0,0,1,0,2,0,1,0,2,0,1,0,2,1,0,0,1,0,0,1,3,0,0,1,0,3
3801,49,4,0.009030548,0,98021,0,1,0,1,1,0,0,0,0,2,3,2,4,4,1,2,1,4,4,2,1,1,1,1,2,2,2,2,3,4,2,3,1.557138202,1.216506271,0.090674336,1,0,0,1,4,1,1,1,0,0,2,0,4,0,1,2,0,1,2,0,0,0,0,1,0,-9,0,0,1,0,2,0,1,0,2,0,0,1,3,1,0,0,1,1,0,0,1,0,1,0,0,2
3802,49,4,0.032419877,0,98198,1,0,0,4,0,0,0,1,0,4,5,5,2,5,3,1,3,5,5,5,1,1,1,1,2,1,1,2,3,4,3,2,-0.494453589,-0.043768878,0.596780825,1,0,1,0,3,0,0,0,0,0,2,0,5,1,0,1,1,0,1,0,1,0,0,0,0,-9,0,0,0,1,3,0,1,0,2,0,1,0,2,0,1,0,2,0,1,0,2,0,0,1,0,3
3803,49,4,0.015361065,0,98146,0,1,0,2,0,1,0,0,0,2,5,3,4,3,2,2,2,4,4,3,2,2,2,4,2,2,2,2,2,4,3,3,-0.039540458,0.881029016,-0.043701742,0,0,1,0,3,0,0,1,0,0,2,0,4,0,1,2,0,0,3,1,1,0,0,1,0,1,1,0,0,1,3,0,1,0,2,1,0,0,1,0,1,0,2,0,1,0,2,0,0,1,0,3
3804,49,2,0.014893027,0,98290,0,1,0,3,0,0,1,0,0,3,4,4,3,4,4,4,4,4,4,4,1,3,3,1,3,1,1,1,3,1,2,3,0.358604585,-0.950063283,0.131749312,1,1,0,0,2,0,0,1,0,0,2,0,4,0,1,2,0,0,3,0,0,0,0,1,0,0,0,1,0,0,1,0,1,0,2,1,0,0,1,1,0,0,1,0,1,0,2,1,0,0,0,1
3805,49,4,0.016439288,0,98446,0,1,0,2,0,1,0,0,0,2,6,2,4,5,1,1,1,4,5,4,3,2,2,1,2,2,2,2,3,1,2,3,0.323219189,0.192840758,0.794013295,1,0,0,1,4,0,0,1,0,0,2,0,4,0,0,0,0,1,2,0,0,0,0,1,0,-9,0,1,0,0,1,1,0,0,1,1,0,0,1,0,0,1,3,1,0,0,1,1,0,0,0,1
3808,49,1,0.011791697,0,98001,0,1,0,3,0,0,1,0,0,2,4,3,4,4,2,4,1,5,4,4,1,2,2,1,3,1,1,2,3,2,2,3,0.097534093,1.571713606,0.111415442,0,1,0,0,2,0,1,1,0,0,2,0,4,0,1,2,0,0,3,0,1,0,0,0,0,-9,0,0,1,0,2,0,1,0,2,0,0,1,3,1,0,0,1,0,1,0,2,0,1,0,0,2
3810,49,2,0.014447945,0,98104,1,0,0,2,0,1,0,0,0,1,1,1,5,4,1,1,1,4,3,1,2,1,3,1,3,2,2,1,3,4,3,4,1.054694504,-0.187943041,-0.496855509,0,1,0,0,2,1,1,1,0,0,1,1,1,0,1,2,0,0,3,1,0,0,1,1,0,1,1,0,0,1,3,0,0,1,3,0,0,1,3,0,0,1,3,0,0,1,3,0,0,0,1,4
3812,49,4,0.012493201,0,98467,0,1,0,1,1,0,0,0,0,2,3,1,4,5,1,3,2,3,4,3,2,2,2,3,2,2,2,2,2,3,3,3,0.430019037,0.648225684,0.367348181,1,0,0,1,4,0,0,1,0,0,2,0,4,0,1,2,0,1,2,0,0,0,0,1,0,-9,0,0,0,1,3,0,1,0,2,1,0,0,1,0,0,1,3,0,1,0,2,0,0,1,0,3
3814,49,2,0.046424721,0,98166,0,1,0,2,0,1,0,0,0,1,4,3,4,5,2,2,2,4,4,3,2,2,2,3,2,2,1,1,3,3,3,3,0.124076183,-0.846768842,0.779663456,1,1,0,0,2,1,1,1,0,1,2,0,3,0,1,2,0,0,3,1,0,0,0,1,0,0,0,0,1,0,2,0,1,0,2,1,0,0,1,0,1,0,2,1,0,0,1,0,0,1,0,3
3816,49,1,0.210388283,0,98058,0,1,0,2,0,1,0,0,0,1,3,1,5,5,1,1,1,4,2,1,1,1,1,4,2,1,1,2,3,3,3,4,-1.278412341,-1.771849347,1.489312427,0,1,0,0,2,0,0,1,0,0,2,0,4,0,0,3,0,1,2,0,0,1,0,1,0,0,0,0,1,0,2,1,0,0,1,1,0,0,1,1,0,0,1,1,0,0,1,0,1,0,0,2
3817,49,4,0.01464229,0,98391,0,1,0,3,0,0,1,0,0,1,5,4,4,4,3,4,4,4,5,5,2,2,2,3,2,2,2,2,2,3,3,1,0.478610259,0.397932319,0.490770634,1,0,1,1,4,0,0,1,0,0,2,0,4,1,0,1,0,1,2,0,1,0,0,1,0,-9,0,1,0,0,1,1,0,0,1,1,0,0,1,1,0,0,1,1,0,0,1,1,0,0,0,1
3821,49,4,0.020720158,0,98201,1,0,0,1,1,0,0,0,0,1,5,2,3,4,3,3,3,3,3,3,2,2,2,4,2,2,2,2,2,3,3,3,-0.696075544,0.14458485,-0.685443506,0,0,0,1,4,1,1,0,0,0,2,0,5,1,0,1,1,0,1,0,0,0,0,0,0,-9,0,0,0,1,3,0,0,1,3,0,1,0,2,0,0,1,3,0,1,0,2,0,0,0,1,4
3822,49,4,0.028017428,0,98002,1,0,0,3,0,0,1,0,0,3,4,4,2,4,1,2,2,4,4,2,3,2,2,2,2,2,2,2,1,4,2,3,0.359187637,-0.031095816,-0.195042553,1,0,1,0,3,0,0,1,0,0,2,0,4,1,0,1,1,0,1,0,1,0,0,0,0,-9,0,0,0,1,3,0,0,1,3,0,1,0,2,0,1,0,2,0,1,0,2,0,0,0,1,4
3824,49,1,0.195865123,0,98271,0,1,0,2,0,1,0,0,0,2,5,1,2,5,1,4,2,5,1,4,1,1,3,1,3,2,1,1,3,2,2,1,-0.959949959,1.164588651,0.865209417,0,1,0,0,2,0,0,1,0,0,2,0,4,1,0,1,1,0,1,1,0,0,1,1,0,1,1,1,0,0,1,1,0,0,1,0,1,0,2,0,1,0,2,1,0,0,1,1,0,0,0,1
3825,49,2,0.005418554,0,98032,1,0,0,2,0,1,0,0,0,2,4,2,4,5,4,3,3,4,5,5,2,2,1,1,3,2,2,1,3,1,2,1,0.316858728,0.824570161,0.522559849,1,1,0,0,2,0,0,0,0,1,2,0,3,1,0,1,0,1,2,0,1,0,0,0,1,-9,0,0,0,1,3,0,0,1,3,0,0,1,3,0,1,0,2,0,1,0,2,0,0,0,1,4
3826,49,2,0.036666115,0,98019,0,1,0,1,1,0,0,0,0,2,3,2,3,3,3,3,3,3,3,3,2,2,2,3,2,2,2,2,2,3,3,3,-0.689262568,1.070616772,0.180503717,0,1,0,0,2,0,0,1,0,0,2,0,4,0,1,2,0,0,3,1,0,0,0,1,0,1,1,1,0,0,1,1,0,0,1,1,0,0,1,0,1,0,2,1,0,0,1,0,1,0,0,2
3827,49,4,0.061238555,0,98074,0,1,0,2,0,1,0,0,0,2,4,1,4,4,2,2,1,5,5,5,2,2,2,3,2,1,1,2,3,3,2,3,-0.685191186,0.819844466,-0.281138987,1,1,0,0,2,1,1,1,0,0,2,0,4,0,0,3,0,0,3,1,0,0,0,0,0,1,1,0,1,0,2,1,0,0,1,1,0,0,1,1,0,0,1,1,0,0,1,0,1,0,0,2
3830,49,2,0.015964798,0,98034,1,0,0,3,0,0,1,0,0,4,4,3,3,4,4,3,2,2,2,2,2,3,2,3,2,2,3,1,1,2,2,3,-1.308362491,-1.7033609,-0.553916993,1,1,0,0,2,0,0,1,0,0,2,0,4,1,0,1,0,0,3,1,0,0,0,0,0,-9,0,0,0,1,3,0,0,1,3,0,1,0,2,0,1,0,2,1,0,0,1,0,0,1,0,3
3832,49,4,0.004168809,0,98366,0,1,0,3,0,0,1,0,0,2,3,3,1,5,1,4,1,5,5,1,2,2,2,4,2,1,2,1,3,2,2,1,-1.704331954,-0.701619188,-1.003379609,1,1,0,0,2,0,0,1,0,0,2,0,4,1,0,1,0,0,3,1,0,0,0,0,0,-9,0,1,0,0,1,0,1,0,2,1,0,0,1,0,1,0,2,0,1,0,2,0,0,1,0,3
3837,49,2,0.008728462,0,98057,0,1,0,3,0,0,1,0,0,1,5,5,4,5,2,4,2,4,4,4,1,1,1,1,2,1,1,1,2,3,3,2,1.039722343,0.339868273,0.745895705,0,0,0,1,4,1,1,0,0,1,2,0,3,1,0,1,1,0,1,0,1,0,0,0,1,1,1,0,1,0,2,0,0,1,3,0,0,1,3,0,0,1,3,0,1,0,2,0,0,0,1,4
3838,49,4,0.069270118,0,98311,0,1,0,2,0,1,0,0,0,2,4,3,3,4,3,4,2,3,4,3,2,2,2,3,2,2,2,2,3,3,2,4,0.489847878,0.749966114,0.242406442,0,0,0,1,4,0,0,1,0,0,2,0,4,0,1,2,0,1,2,0,0,0,0,1,0,-9,0,0,1,0,2,1,0,0,1,1,0,0,1,1,0,0,1,1,0,0,1,0,1,0,0,2
3839,49,4,0.092091696,0,98117,1,0,0,2,0,1,0,0,0,1,4,3,4,4,2,3,2,5,5,5,2,1,1,4,2,2,1,2,3,3,2,2,0.816370059,-0.281441373,-0.082336261,0,0,1,0,3,0,0,1,0,0,2,0,4,0,1,2,1,0,1,0,0,0,0,1,0,-9,0,0,0,1,3,0,1,0,2,1,0,0,1,0,1,0,2,1,0,0,1,0,0,0,1,4
3842,49,4,0.033793756,0,98133,1,0,0,3,0,0,1,0,0,4,4,3,4,4,3,3,1,5,5,3,1,3,2,2,3,1,1,3,3,1,3,3,-1.316349373,0.83591627,0.240251279,1,1,0,0,2,0,0,1,0,0,2,0,4,0,1,2,0,1,2,0,1,0,0,0,0,1,1,0,0,1,3,0,0,1,3,0,1,0,2,0,1,0,2,1,0,0,1,0,0,0,1,4
3844,49,4,0.047132514,0,98042,0,1,0,4,0,0,0,1,0,2,5,3,5,5,3,4,1,5,5,4,1,2,2,3,3,2,2,2,3,1,2,4,0.539020148,-0.30419965,-1.02984044,1,0,1,0,3,0,0,1,0,0,2,0,4,0,1,2,0,0,3,0,0,0,0,1,0,0,0,0,1,0,2,1,0,0,1,0,1,0,2,1,0,0,1,1,0,0,1,1,0,0,0,1
3847,49,4,0.064181234,0,98366,0,1,0,2,0,1,0,0,0,2,4,1,4,5,2,1,1,2,2,1,2,2,2,4,2,2,2,2,2,4,2,4,-1.231631509,-1.734771108,-1.587825219,0,1,0,0,2,0,0,1,0,0,2,0,4,1,0,1,1,0,1,0,1,0,0,0,1,1,1,1,0,0,1,0,1,0,2,1,0,0,1,0,1,0,2,0,1,0,2,0,0,1,0,3
3851,49,4,0.007477503,0,98580,0,1,0,2,0,1,0,0,0,1,1,2,4,4,3,3,1,5,5,4,1,2,2,4,2,2,1,2,3,3,2,3,0.806121018,0.355645786,0.978876095,0,0,0,1,4,0,0,1,0,0,2,0,4,1,0,1,0,0,3,0,0,0,0,1,0,-9,0,1,0,0,1,1,0,0,1,1,0,0,1,1,0,0,1,0,1,0,2,1,0,0,0,1
3852,49,4,0.16515736,0,98275,0,1,0,3,0,0,1,0,0,3,5,4,5,5,1,1,1,3,5,3,1,1,1,1,2,2,2,1,3,4,4,4,0.83589019,-1.284840613,0.189978267,0,0,0,1,4,1,1,1,0,0,2,0,4,0,0,3,0,1,2,0,0,0,0,1,0,-9,0,0,1,0,2,0,1,0,2,1,0,0,1,1,0,0,1,0,1,0,2,0,0,1,0,3
3857,49,4,0.027849494,0,98321,0,1,0,1,1,0,0,0,0,1,1,0,4,5,1,1,1,4,3,3,2,2,2,4,2,2,2,2,3,3,2,3,0.83405555,0.164212958,0.640195373,1,0,1,0,3,0,0,1,0,0,2,0,4,0,1,2,0,1,2,0,0,0,0,1,0,1,1,1,0,0,1,1,0,0,1,1,0,0,1,1,0,0,1,1,0,0,1,1,0,0,0,1
3858,49,2,0.01626956,0,98002,1,0,0,2,0,1,0,0,0,4,4,4,2,2,1,2,2,3,3,3,1,1,1,1,2,2,3,3,3,2,2,2,-0.810149056,0.724038357,-1.56911622,1,0,0,1,4,0,0,1,0,0,2,0,4,1,0,1,0,0,3,0,0,0,1,0,0,-9,0,0,0,1,3,0,0,1,3,0,1,0,2,0,1,0,2,0,1,0,2,0,0,0,1,4
3861,49,4,0.025798694,0,98032,1,0,0,2,0,1,0,0,0,3,5,3,4,5,1,4,5,5,3,1,2,2,2,4,2,2,2,2,2,3,3,4,-0.568273048,-1.832000778,0.562542217,1,1,0,0,2,0,0,1,0,0,2,0,4,1,0,1,0,0,3,1,1,0,0,0,0,-9,0,0,0,1,3,0,0,1,3,0,0,1,3,0,1,0,2,0,1,0,2,0,0,0,1,4
3863,49,4,0.014204214,0,98312,0,1,0,4,0,0,0,1,0,4,2,3,3,5,2,2,1,4,4,2,1,2,2,4,2,2,1,2,3,4,2,4,-0.2411221,-1.155278685,-0.314824814,1,0,0,1,4,0,0,1,0,0,2,0,4,1,0,1,1,0,1,0,1,0,0,1,0,-9,0,0,1,0,2,0,1,0,2,0,0,1,3,1,0,0,1,1,0,0,1,0,0,1,0,3
3865,49,2,0.069439313,0,98052,0,1,0,4,0,0,0,1,0,4,1,5,2,5,3,4,1,5,5,4,2,3,3,2,3,1,1,1,3,2,2,1,0.979171446,1.184169851,-1.689244393,1,0,0,1,4,0,1,1,0,0,2,0,4,0,0,3,0,1,2,0,0,0,1,0,0,-9,0,0,1,0,2,0,0,1,3,0,1,0,2,1,0,0,1,1,0,0,1,0,0,1,0,3
3868,49,2,0.110324164,0,98102,1,0,0,3,0,0,1,0,0,3,5,4,5,5,3,4,1,4,4,4,2,2,2,3,2,2,2,2,2,3,3,3,1.142027492,1.307971744,0.814233124,0,1,0,0,2,0,0,1,0,0,2,0,4,0,1,2,1,0,1,0,0,0,0,0,1,0,0,0,0,1,3,0,0,1,3,0,0,1,3,0,0,1,3,0,0,1,3,0,0,0,1,4
3869,49,2,0.131745281,0,98042,0,1,0,1,1,0,0,0,0,1,5,1,4,3,1,1,1,4,3,3,2,2,2,3,2,2,2,2,2,3,2,3,0.011803584,0.163335357,0.03520298,0,0,0,1,4,1,1,1,0,0,2,0,4,0,0,3,0,0,3,0,0,0,1,1,0,-9,0,0,1,0,2,1,0,0,1,0,1,0,2,1,0,0,1,1,0,0,1,1,0,0,0,1
3871,49,2,0.12192203,0,98052,0,1,0,2,0,1,0,0,0,2,3,3,4,1,1,1,1,3,4,3,2,2,2,3,2,3,2,2,2,3,3,3,0.788877004,-0.76974919,0.916460576,0,1,0,0,2,1,1,0,1,0,2,0,2,0,0,3,0,1,2,0,0,0,1,0,0,0,0,0,1,0,2,0,0,1,3,0,1,0,2,1,0,0,1,1,0,0,1,0,0,1,0,3
3873,49,4,0.006052416,0,98001,0,1,0,3,0,0,1,0,0,4,6,5,1,5,1,1,1,4,3,4,2,1,2,4,2,2,2,2,3,4,2,4,-1.827958789,-0.083450905,-1.471881139,1,1,0,0,2,0,0,1,0,0,2,0,4,1,0,1,0,0,3,1,1,0,0,0,0,0,0,0,1,0,2,0,1,0,2,0,0,1,3,1,0,0,1,0,1,0,2,0,1,0,0,2
3875,49,2,0.016914271,0,98146,0,1,0,2,0,1,0,0,0,2,3,2,5,4,2,4,3,4,4,4,2,2,2,3,2,2,2,2,3,2,2,2,0.310264151,-0.476467809,-0.241656132,0,1,0,0,2,0,0,1,0,0,2,0,4,0,1,2,0,0,3,0,0,0,1,0,0,0,0,0,0,1,3,0,1,0,2,1,0,0,1,0,1,0,2,0,1,0,2,0,0,1,0,3
3877,49,2,0.205055818,0,98077,0,1,0,3,0,0,1,0,0,2,5,3,4,5,1,1,1,4,4,2,3,3,2,3,2,1,2,2,2,3,3,3,0.235464431,0.784708868,-0.058642826,0,0,0,1,4,1,1,1,0,0,2,0,4,0,0,3,0,1,2,0,0,0,0,1,0,-9,0,1,0,0,1,1,0,0,1,1,0,0,1,0,1,0,2,1,0,0,1,1,0,0,0,1
3878,49,4,0.045584226,0,98201,1,0,0,3,0,0,1,0,0,2,1,3,5,5,2,3,2,4,5,4,2,2,2,2,2,2,2,2,2,2,2,3,-0.308058042,-0.290927374,-1.258003695,0,0,1,0,3,0,0,1,0,0,2,0,4,1,0,1,1,0,1,0,0,0,0,0,0,-9,0,0,0,1,3,0,0,1,3,0,1,0,2,0,0,1,3,0,1,0,2,0,0,0,1,4
3880,49,2,0.030862921,0,98059,0,1,0,3,0,0,1,0,0,2,5,2,4,4,2,4,4,5,5,4,2,1,1,3,2,2,1,3,3,3,3,3,0.581536653,0.660187078,0.094271231,0,1,0,0,2,0,0,1,0,0,2,0,4,0,1,2,0,0,3,0,0,0,0,1,0,-9,0,0,1,0,2,0,1,0,2,1,0,0,1,0,0,1,3,1,0,0,1,0,0,1,0,3
3882,49,4,0.028979369,0,98020,0,1,0,3,0,0,1,0,0,3,3,4,2,5,2,2,1,4,5,5,1,1,2,1,3,1,1,2,3,4,3,3,0.93516713,0.504611692,0.0714608,1,0,1,0,3,1,1,1,0,0,2,0,4,0,1,2,1,0,1,0,1,0,0,0,0,1,1,0,1,0,2,1,0,0,1,1,0,0,1,0,1,0,2,0,1,0,2,0,0,1,0,3
3893,49,4,0.069860204,0,98059,0,1,0,1,1,0,0,0,0,3,3,2,3,4,2,3,1,4,4,3,2,2,2,4,2,2,1,2,3,3,2,3,0.009966447,-0.415814357,0.028717892,0,0,1,0,3,0,1,1,0,0,2,0,4,0,0,3,0,1,2,1,0,0,0,1,0,-9,0,0,1,0,2,0,1,0,2,1,0,0,1,0,0,1,3,1,0,0,1,0,0,1,0,3
3894,49,2,0.025647794,0,98004,0,1,0,3,0,0,1,0,0,2,4,3,4,5,4,3,3,3,3,5,3,2,3,1,3,2,3,1,3,2,3,2,-0.443418826,0.947096399,0.710574479,0,0,1,0,3,0,1,1,0,0,2,0,4,0,0,3,0,0,3,1,0,0,1,1,0,1,1,0,1,0,2,0,0,1,3,0,0,1,3,0,0,1,3,1,0,0,1,0,0,0,1,4
3895,49,2,0.049622898,0,98101,1,0,0,3,0,0,1,0,0,1,4,4,5,3,4,5,4,4,4,5,3,2,2,3,3,2,3,2,3,2,3,3,1.065843468,0.240058448,0.306438916,0,0,0,0,1,1,1,1,0,0,1,1,1,0,1,2,0,0,3,1,0,0,0,1,0,-9,0,0,0,1,3,0,0,1,3,0,0,1,3,0,0,1,3,0,0,1,3,0,0,0,1,4
3897,49,4,0.020350774,0,98367,0,1,0,3,0,0,1,0,0,2,4,4,3,5,3,3,2,5,5,5,2,2,2,4,2,2,3,2,3,3,3,4,1.137527485,-0.958386493,0.051816444,1,0,0,1,4,0,0,1,0,0,2,0,4,1,0,1,1,0,1,0,0,0,0,0,0,-9,0,1,0,0,1,1,0,0,1,1,0,0,1,1,0,0,1,0,1,0,2,1,0,0,0,1
3899,49,4,0.100159555,0,98034,1,0,0,2,0,1,0,0,0,2,5,3,3,5,3,3,2,4,4,3,1,2,2,3,2,2,1,2,3,4,2,2,-0.004278892,-0.723116209,0.386945853,1,0,1,0,3,0,1,1,0,0,2,0,4,0,0,3,0,1,2,0,0,0,0,1,0,-9,0,0,0,1,3,0,0,1,3,0,1,0,2,0,1,0,2,1,0,0,1,0,0,1,0,3
3903,49,4,0.023120154,0,98052,0,1,0,5,0,0,0,0,1,1,5,5,5,4,5,4,4,5,5,4,2,3,2,3,3,2,2,3,2,3,2,3,0.763067266,0.60033962,0.394578042,0,0,1,0,3,0,1,1,0,0,2,0,4,0,0,3,0,0,3,1,0,0,0,0,0,-9,0,0,1,0,2,0,0,1,3,0,1,0,2,1,0,0,1,1,0,0,1,0,0,1,0,3
3904,49,2,0.019491298,0,98105,1,0,0,4,0,0,0,1,0,2,4,4,4,3,2,4,3,5,4,3,3,1,2,2,2,2,3,1,2,2,1,3,-0.784767582,1.080034942,-0.256796014,0,1,0,0,2,0,1,1,0,0,2,0,4,0,0,3,0,0,3,1,0,0,0,1,0,-9,0,0,0,1,3,0,0,1,3,0,0,1,3,0,0,1,3,1,0,0,1,0,0,0,1,4
3905,49,4,0.076136067,0,98402,0,1,0,1,1,0,0,0,0,1,4,1,5,3,1,1,1,3,1,3,2,2,2,3,2,2,2,2,2,4,3,4,-0.348107342,-0.742198081,1.360101011,1,0,0,0,1,0,0,1,0,0,1,1,1,1,0,1,0,1,2,0,0,0,0,0,1,-9,0,0,1,0,2,0,0,1,3,0,0,1,3,0,1,0,2,0,0,1,3,0,0,0,1,4
3906,49,4,0.00786228,0,98028,0,1,0,4,0,0,0,1,0,4,5,5,2,4,2,2,1,5,5,5,2,1,1,3,1,1,2,2,2,1,3,4,-0.690208131,0.789316271,-0.737699176,1,0,0,1,4,0,0,1,0,0,2,0,4,1,0,1,0,0,3,0,1,0,0,0,0,-9,0,0,1,0,2,1,0,0,1,1,0,0,1,1,0,0,1,1,0,0,1,0,0,1,0,3
3907,33,2,0.186404358,0,10116,1,0,0,1,1,0,0,0,0,1,4,2,4,3,1,3,3,2,4,4,3,1,3,2,3,1,3,1,3,2,2,2,0.039278908,0.897808641,-0.25146534,0,1,0,0,2,0,1,1,0,0,2,0,4,1,0,1,0,0,3,1,0,0,1,0,0,-9,0,0,0,0,0,0,0,0,0,0,0,0,0,0,0,0,0,0,0,0,0,0,0,0,0,0
3908,49,2,0.258857224,0,98101,1,0,0,3,0,0,1,0,0,3,6,3,2,5,1,2,1,5,3,3,1,2,2,1,2,1,1,2,3,4,2,4,-1.310306123,-0.623000112,0.352380915,1,0,0,0,1,0,0,1,0,0,2,0,4,0,1,2,0,1,2,0,0,0,1,0,0,-9,0,0,0,1,3,0,0,1,3,0,0,1,3,0,0,1,3,0,0,1,3,0,0,0,1,4
3911,49,4,0.027855867,0,98117,1,0,0,3,0,0,1,0,0,1,5,3,3,4,1,2,2,2,4,1,2,3,2,3,2,2,2,2,2,3,2,4,-0.25542643,-1.168162296,-0.241851983,1,0,1,0,3,1,1,0,0,0,2,0,5,0,1,2,1,0,1,0,1,0,0,0,0,0,0,0,0,1,3,0,1,0,2,1,0,0,1,0,1,0,2,1,0,0,1,0,0,0,1,4
3912,49,4,0.163029801,0,98223,0,1,0,2,0,1,0,0,0,2,5,3,4,3,1,1,1,4,5,1,2,2,2,3,2,2,2,2,2,4,3,3,0.01704532,0.779523503,0.90551788,1,0,0,1,4,0,1,1,0,0,2,0,4,0,0,3,0,1,2,0,0,0,0,1,0,0,0,1,0,0,1,1,0,0,1,0,1,0,2,1,0,0,1,1,0,0,1,1,0,0,0,1
3913,49,2,0.025647794,0,98101,1,0,0,3,0,0,1,0,0,3,4,5,2,5,4,3,2,4,5,4,1,3,3,1,3,1,2,1,3,2,1,2,0.763401962,0.877072288,0.641429715,0,1,0,0,2,1,1,1,0,0,2,0,4,0,0,3,0,0,3,1,0,0,1,1,0,1,1,0,0,1,3,0,0,1,3,0,0,1,3,0,0,1,3,0,0,1,3,0,0,0,1,4
3915,49,2,0.015004574,0,98104,1,0,0,4,0,0,0,1,0,3,5,4,2,4,3,3,2,4,4,3,1,1,2,1,2,2,2,1,3,1,3,4,-0.418209067,-0.178313873,-1.169673506,1,1,0,0,2,0,0,1,0,0,2,0,4,1,0,1,0,1,2,0,1,0,1,0,1,0,0,0,0,1,3,0,0,1,3,0,0,1,3,0,0,1,3,0,0,1,3,0,0,0,1,4
3920,49,2,0.025687428,0,98466,0,1,0,3,0,0,1,0,0,3,4,5,4,4,3,3,1,4,5,3,2,2,2,3,3,1,1,3,2,3,2,3,0.495859435,0.379386691,-0.390416496,1,0,0,1,4,0,0,0,1,0,2,0,2,1,0,1,0,1,2,1,0,0,0,1,0,0,0,0,1,0,2,0,1,0,2,1,0,0,1,1,0,0,1,1,0,0,1,0,0,0,1,4
3921,49,2,0.208736548,0,98387,0,1,0,3,0,0,1,0,0,3,5,4,2,5,2,1,1,5,5,5,2,2,2,4,2,1,1,2,3,4,2,4,1.03070579,-1.831491358,0.443344028,1,0,1,0,3,0,0,0,1,0,2,0,2,0,0,3,0,1,2,0,0,0,1,1,0,-9,0,0,1,0,2,1,0,0,1,1,0,0,1,1,0,0,1,1,0,0,1,0,1,0,0,2
3922,49,4,0.010267331,0,98311,0,1,0,2,0,1,0,0,0,1,3,4,2,5,3,4,2,4,4,4,1,1,3,1,2,2,1,2,3,4,2,4,0.694584774,-0.326253651,0.084740832,1,0,0,1,4,1,1,1,0,0,2,0,4,0,0,0,1,0,1,0,0,0,0,1,0,-9,0,0,1,0,2,1,0,0,1,1,0,0,1,1,0,0,1,1,0,0,1,0,1,0,0,2
3924,49,2,0.169392877,0,98405,1,0,0,5,0,0,0,0,1,4,4,5,5,2,3,1,3,4,5,3,2,2,2,3,2,2,2,3,3,3,1,1,-0.591257862,-0.748076187,1.070207252,1,0,0,0,1,0,0,0,1,0,1,1,1,1,0,1,0,1,2,1,0,0,1,0,1,1,1,0,0,1,3,0,0,1,3,1,0,0,1,0,1,0,2,0,1,0,2,0,0,0,1,4
3925,49,2,0.006572996,0,98383,0,1,0,3,0,0,1,0,0,2,5,3,5,5,2,3,1,4,3,3,1,1,1,1,2,1,1,1,3,3,2,1,-1.367329151,-1.677110165,1.005281426,1,1,0,0,2,0,1,1,0,0,1,1,1,0,1,2,0,0,3,1,0,0,0,0,0,-9,0,1,0,0,1,0,1,0,2,0,1,0,2,1,0,0,1,1,0,0,1,1,0,0,0,1
3930,49,2,0.066153567,0,98125,1,0,0,3,0,0,1,0,0,2,5,4,3,4,3,4,3,3,4,3,3,2,3,2,1,3,1,1,2,2,2,2,-0.236781692,0.811864485,-0.332711114,0,0,1,0,3,0,1,1,0,0,2,0,4,0,0,3,0,0,3,1,1,1,0,1,0,1,1,0,0,1,3,0,0,1,3,0,1,0,2,0,0,1,3,1,0,0,1,0,0,0,1,4
3936,49,1,0.100323079,0,98038,0,1,0,2,0,1,0,0,0,3,5,2,2,5,1,1,1,4,4,1,2,2,2,1,2,1,1,2,3,3,2,4,-0.28000472,-1.625207808,-0.006363534,0,1,0,0,2,1,1,1,0,0,2,0,4,0,1,2,1,0,1,0,0,0,0,1,0,-9,0,0,1,0,2,1,0,0,1,1,0,0,1,1,0,0,1,1,0,0,1,0,1,0,0,2
3939,49,4,0.05192134,0,98023,0,1,0,2,0,1,0,0,0,2,4,3,4,4,2,2,2,3,4,5,2,1,2,4,2,2,3,2,2,3,2,2,0.322710715,0.611262466,-0.458622943,0,0,0,1,4,0,0,1,0,0,2,0,4,0,1,2,0,1,2,0,0,0,0,1,0,-9,0,0,0,1,3,0,1,0,2,1,0,0,1,1,0,0,1,1,0,0,1,0,0,1,0,3
3942,49,4,0.039075435,0,98105,1,0,0,2,0,1,0,0,0,3,5,5,4,5,5,5,1,5,5,1,1,1,3,1,2,2,1,1,3,2,2,1,-1.03780189,1.421632621,-0.092896627,0,0,0,0,1,0,0,0,0,1,2,0,3,1,0,1,0,0,3,0,0,0,0,1,1,0,0,0,0,1,3,0,0,1,3,0,0,1,3,0,0,1,3,1,0,0,1,0,0,0,1,4
3949,49,4,0.070837698,0,98043,0,1,0,1,1,0,0,0,0,2,4,3,2,4,2,2,1,3,4,4,1,2,1,4,2,1,2,2,3,4,2,1,-0.180055828,-0.076003424,0.380899774,0,0,1,0,3,1,1,0,0,1,2,0,3,0,1,2,0,1,2,0,1,0,0,1,0,0,0,0,1,0,2,0,1,0,2,0,0,1,3,0,0,1,3,1,0,0,1,0,0,0,1,4
3951,49,2,0.020751407,0,98118,0,1,0,4,0,0,0,1,0,1,5,5,4,5,3,4,2,5,4,5,2,3,3,3,3,2,1,3,2,2,3,2,0.508659684,0.119646785,-0.320921463,0,1,0,0,2,0,1,1,0,0,2,0,4,0,0,3,0,0,3,1,0,0,0,0,0,1,1,0,0,1,3,0,1,0,2,1,0,0,1,1,0,0,1,0,0,1,3,0,0,0,1,4
3952,49,2,0.049341773,0,98102,1,0,0,1,1,0,0,0,0,1,4,2,3,5,1,1,1,5,5,2,2,1,2,3,2,2,2,2,2,4,3,3,-0.170841462,-1.410453485,0.023914455,1,0,0,0,1,0,1,1,0,0,2,0,4,0,1,2,1,0,1,0,0,0,0,0,0,0,0,0,0,1,3,0,0,1,3,0,0,1,3,0,0,1,3,0,0,1,3,0,0,0,1,4
3953,49,4,0.021770819,0,98122,1,0,0,2,0,1,0,0,0,3,4,3,2,3,2,2,1,5,2,4,2,2,2,2,2,2,3,1,3,4,2,2,-1.396868058,-0.61041685,-1.027449814,1,1,0,0,2,0,0,1,0,0,2,0,4,1,0,1,1,0,1,0,1,0,0,0,0,-9,0,0,0,1,3,0,0,1,3,1,0,0,1,0,0,1,3,0,0,1,3,0,0,0,1,4
3954,49,4,0.008730788,0,98338,0,1,0,2,0,1,0,0,0,2,5,2,4,5,1,1,1,5,5,1,2,2,2,4,2,2,1,2,2,4,2,4,0.101738833,-0.849301861,0.931967694,1,0,0,1,4,0,0,1,0,0,2,0,4,1,0,1,0,1,2,0,0,0,0,1,0,1,1,1,0,0,1,1,0,0,1,1,0,0,1,1,0,0,1,1,0,0,1,1,0,0,0,1
3958,49,4,0.047265619,0,98056,0,1,0,2,0,1,0,0,0,2,4,3,3,4,3,3,4,4,5,4,1,3,2,1,3,2,3,1,3,1,2,3,0.326621824,0.135694213,0.160340752,0,0,0,1,4,0,0,0,1,0,2,0,2,1,0,1,1,0,1,0,1,0,0,0,0,1,1,0,0,1,3,0,1,0,2,1,0,0,1,0,1,0,2,1,0,0,1,0,0,0,1,4
3959,49,2,0.018033449,0,98168,0,1,0,5,0,0,0,0,1,4,5,4,3,5,1,1,4,1,4,3,1,1,3,1,2,1,2,2,2,4,3,4,-1.22848529,0.217884676,0.650358297,1,1,0,0,2,0,0,1,0,0,2,0,4,0,1,2,0,0,3,1,0,0,0,0,0,-9,0,0,1,0,2,0,1,0,2,0,0,1,3,0,1,0,2,0,1,0,2,0,0,1,0,3
3961,49,2,0.029398684,0,98026,0,1,0,1,1,0,0,0,0,1,5,3,4,2,1,4,3,4,5,4,2,2,2,3,2,2,2,2,2,3,3,3,0.027093697,-0.357957229,-0.196952232,1,0,1,0,3,0,1,1,0,0,2,0,4,0,0,3,0,0,3,1,0,0,0,1,0,0,0,0,1,0,2,0,0,1,3,1,0,0,1,1,0,0,1,1,0,0,1,0,0,1,0,3
3962,49,2,0.009731235,0,98372,0,1,0,2,0,1,0,0,0,2,4,4,4,4,3,2,1,5,5,4,3,3,2,3,2,2,3,2,2,3,3,3,-2.608474399,0.078857405,-1.76293847,1,1,0,0,2,1,1,1,0,0,1,1,1,0,1,2,0,0,3,1,0,0,0,1,0,-9,0,0,1,0,2,0,0,1,3,0,0,1,3,0,1,0,2,0,1,0,2,0,1,0,0,2
3964,49,4,0.014744298,0,98007,1,0,0,2,0,1,0,0,0,2,3,2,4,5,3,1,1,4,5,3,2,2,2,4,2,2,2,1,2,1,3,1,-0.153272951,-0.811199534,-0.274405946,1,0,0,1,4,0,0,1,0,0,2,0,4,1,0,1,0,1,2,0,1,0,0,0,1,-9,0,0,0,1,3,0,0,1,3,0,1,0,2,0,0,1,3,1,0,0,1,0,0,0,1,4
3966,49,2,0.011788847,0,98102,1,0,0,3,0,0,1,0,0,3,5,3,4,4,2,2,2,2,2,2,1,3,2,1,3,1,3,2,2,3,2,3,0.355512162,-0.165932799,0.509831227,0,0,1,0,3,0,0,0,0,0,2,0,5,0,1,2,0,0,3,1,0,0,1,0,1,-9,0,0,0,1,3,0,0,1,3,0,0,1,3,0,0,1,3,0,0,1,3,0,0,0,1,4
3967,49,2,0.013560636,0,98168,0,1,0,4,0,0,0,1,0,2,5,4,2,5,4,4,5,5,5,5,1,1,1,1,3,1,1,1,1,3,2,2,0.946311009,1.059590461,-0.402741631,1,0,0,0,1,0,1,1,0,0,2,0,4,1,0,1,0,0,3,0,0,1,0,0,0,-9,0,0,1,0,2,0,1,0,2,0,0,1,3,0,1,0,2,0,1,0,2,0,0,1,0,3
3969,49,4,0.026778705,0,98367,0,1,0,2,0,1,0,0,0,2,4,1,3,4,2,3,1,4,4,3,2,3,2,4,2,2,1,2,3,4,2,2,0.239401531,0.562900977,-0.879239548,0,0,1,0,3,0,0,1,0,0,2,0,4,1,0,1,1,0,1,0,0,0,0,1,0,-9,0,1,0,0,1,1,0,0,1,1,0,0,1,1,0,0,1,0,1,0,2,1,0,0,0,1
3970,49,2,0.01112271,0,98118,0,1,0,5,0,0,0,0,1,1,5,5,5,4,4,5,4,5,4,5,3,1,3,3,3,2,3,2,3,3,2,3,0.729927817,0.789804909,0.4099648,1,1,0,0,2,0,1,1,0,0,2,0,4,0,1,2,0,0,3,1,1,0,0,1,0,1,1,0,0,1,3,0,1,0,2,1,0,0,1,1,0,0,1,0,0,1,3,0,0,0,1,4
3972,49,2,0.021815021,0,98028,0,1,0,4,0,0,0,1,0,2,5,3,4,3,4,4,3,4,5,4,2,2,3,3,3,1,2,2,3,4,4,4,0.369038544,0.982003389,0.56249821,0,1,0,0,2,0,1,1,0,0,2,0,4,0,0,3,0,0,3,1,0,1,1,0,0,1,1,0,1,0,2,1,0,0,1,1,0,0,1,1,0,0,1,1,0,0,1,0,0,1,0,3
3974,49,4,0.062520785,0,98125,1,0,0,2,0,1,0,0,0,3,6,2,2,4,1,2,1,3,4,3,2,2,2,4,2,2,2,2,3,4,3,4,0.565576772,0.136238913,-0.216941695,0,0,0,1,4,0,0,1,0,0,2,0,4,0,0,3,0,0,3,0,0,0,0,1,0,-9,0,0,0,1,3,0,0,1,3,0,1,0,2,0,0,1,3,1,0,0,1,0,0,0,1,4
3975,49,4,0.035260588,0,98329,0,1,0,3,0,0,1,0,0,3,2,3,2,5,1,3,3,4,4,3,1,2,2,1,3,1,2,1,3,3,1,2,0.360524631,-1.106889692,-1.633445874,1,0,1,0,3,1,1,1,0,0,2,0,4,0,1,2,0,1,2,0,0,0,0,1,0,-9,0,1,0,0,1,1,0,0,1,1,0,0,1,1,0,0,1,1,0,0,1,1,0,0,0,1
3976,49,4,0.092091696,0,98117,1,0,0,2,0,1,0,0,0,1,4,3,3,4,2,3,2,5,5,5,1,1,2,4,2,2,1,2,3,3,2,3,0.599892037,-0.281300545,0.073832993,0,0,1,0,3,0,0,1,0,0,2,0,4,0,1,2,1,0,1,0,0,0,0,1,0,-9,0,0,0,1,3,0,1,0,2,1,0,0,1,0,1,0,2,1,0,0,1,0,0,0,1,4
3977,49,2,0.034106931,0,98311,0,1,0,3,0,0,1,0,0,2,5,4,4,4,2,4,2,4,5,4,2,2,2,3,2,3,2,2,2,3,3,3,-0.584010905,0.776170175,0.279762492,0,0,1,1,4,0,0,1,0,0,2,0,4,0,1,2,1,0,1,0,0,0,1,1,0,-9,0,0,1,0,2,1,0,0,1,1,0,0,1,1,0,0,1,1,0,0,1,0,1,0,0,2
3980,49,4,0.184034312,0,98029,0,1,0,2,0,1,0,0,0,2,2,2,3,4,2,2,2,4,4,4,2,2,2,3,2,2,2,2,2,1,2,2,-0.090867681,-0.076494585,0.178309056,1,0,1,0,3,1,1,0,0,0,1,1,1,0,0,3,0,1,2,0,0,0,0,1,0,0,0,0,0,1,3,1,0,0,1,1,0,0,1,1,0,0,1,1,0,0,1,0,0,1,0,3
3981,49,4,0.039422861,0,98031,0,1,0,1,1,0,0,0,0,1,4,0,5,4,1,1,1,4,2,1,1,3,3,1,2,2,2,2,2,4,3,3,-0.325145776,-1.166526921,-0.640810264,1,1,0,0,2,0,1,1,0,0,2,0,4,0,0,3,0,0,3,1,0,0,0,1,0,-9,0,0,0,1,3,1,0,0,1,1,0,0,1,1,0,0,1,1,0,0,1,0,0,1,0,3
3984,49,4,0.118182822,0,98270,0,1,0,1,1,0,0,0,0,3,5,4,4,3,1,1,2,4,4,4,2,2,2,3,2,2,2,2,2,4,3,3,-1.178435626,0.461763216,-0.531174744,0,0,0,1,4,0,0,1,0,0,2,0,4,0,0,3,0,1,2,0,0,0,0,1,0,-9,0,0,1,0,2,0,1,0,2,1,0,0,1,1,0,0,1,1,0,0,1,0,0,1,0,3
3985,49,2,0.005429572,0,98375,0,1,0,2,0,1,0,0,0,2,2,4,2,5,3,3,2,5,4,3,1,1,2,4,2,1,1,2,3,1,3,4,0.013297821,-0.31219126,0.855698936,1,0,1,0,3,1,1,1,0,0,2,0,4,1,0,1,0,0,3,0,0,0,1,1,0,-9,0,0,1,0,2,0,1,0,2,1,0,0,1,1,0,0,1,1,0,0,1,0,1,0,0,2
3987,49,4,0.013562203,0,98087,1,0,0,2,0,1,0,0,0,2,5,4,2,5,4,4,2,5,5,4,2,3,2,4,3,1,2,3,2,3,4,4,0.837094707,-0.15664895,0.333167594,1,0,0,1,4,0,0,1,0,0,2,0,4,1,0,1,0,1,2,0,0,0,0,0,0,0,0,0,0,1,3,0,1,0,2,0,0,1,3,0,1,0,2,1,0,0,1,0,0,0,1,4
3989,49,4,0.01985678,0,98405,1,0,0,2,0,1,0,0,0,1,2,1,2,5,1,2,1,5,5,4,1,1,2,4,2,2,1,1,3,3,2,4,0.854202628,-1.027687512,1.165915239,0,0,0,1,4,0,1,1,0,0,2,0,4,0,1,2,1,0,1,0,0,0,0,1,0,-9,0,0,0,1,3,0,0,1,3,1,0,0,1,0,1,0,2,0,1,0,2,0,0,0,1,4
3991,49,4,0.016439288,0,98387,0,1,0,2,0,1,0,0,0,2,2,1,4,4,1,1,1,5,5,3,2,2,2,4,2,2,2,2,3,4,3,3,-0.099074134,0.774987594,0.124024997,1,0,0,1,4,0,0,1,0,0,2,0,4,0,0,0,0,1,2,0,1,0,0,1,0,1,1,0,1,0,2,1,0,0,1,1,0,0,1,1,0,0,1,1,0,0,1,0,1,0,0,2
3992,49,2,0.091519347,0,98407,0,1,0,2,0,1,0,0,0,2,4,1,2,4,1,2,2,4,4,3,1,3,3,1,2,2,1,2,2,1,3,4,0.016945075,-0.445421044,0.276996327,0,1,0,0,2,0,0,1,0,0,2,0,4,0,0,3,0,0,3,1,0,0,0,1,0,-9,0,0,1,0,2,0,1,0,2,1,0,0,1,1,0,0,1,0,1,0,2,0,0,0,1,4
3995,49,2,0.045050753,0,98121,1,0,0,3,0,0,1,0,0,3,4,3,4,4,2,4,2,5,4,4,1,3,3,2,3,1,2,1,3,1,1,1,0.292773168,-0.588880194,0.081705581,1,1,0,0,2,0,0,1,0,0,2,0,4,1,0,1,1,0,1,0,1,0,0,0,0,-9,0,0,0,1,3,0,0,1,3,0,0,1,3,0,0,1,3,0,0,1,3,0,0,0,1,4
3997,49,2,0.007953657,0,98058,0,1,0,4,0,0,0,1,0,1,2,4,3,3,3,2,1,4,3,3,1,3,3,2,3,1,3,1,3,2,3,1,0.83706925,1.477631166,0.317956946,1,1,0,0,2,0,0,0,0,0,1,1,1,1,0,1,0,0,3,1,0,0,0,1,1,1,1,0,1,0,2,1,0,0,1,1,0,0,1,1,0,0,1,1,0,0,1,0,1,0,0,2
3999,49,4,0.010419822,0,98290,0,1,0,5,0,0,0,0,1,3,3,3,3,5,1,1,1,5,5,4,2,2,2,4,2,2,2,2,2,3,3,4,0.10853426,0.600768382,0.140418406,1,0,1,0,3,0,0,1,0,0,2,0,4,1,0,1,0,0,3,1,1,0,0,0,0,1,1,1,0,0,1,0,1,0,2,1,0,0,1,1,0,0,1,0,1,0,2,1,0,0,0,1
4000,49,4,0.192415976,0,98119,1,0,0,2,0,1,0,0,0,3,5,3,3,5,2,2,1,4,3,4,1,1,1,3,2,2,2,2,2,3,2,2,-0.708000051,-0.911308847,-0.309668239,1,0,0,0,1,0,0,1,0,0,2,0,4,1,0,1,0,1,2,0,1,0,0,0,1,1,1,0,0,1,3,0,0,1,3,1,0,0,1,0,0,1,3,1,0,0,1,0,0,0,1,4
4002,49,2,0.045486871,0,98374,0,1,0,3,0,0,1,0,0,3,4,4,2,5,1,4,2,5,4,4,1,1,1,1,3,1,3,1,3,2,2,2,0.195187631,0.812393403,0.510425216,1,0,1,0,3,1,1,0,0,1,2,0,3,0,1,2,0,0,3,1,0,0,0,1,0,-9,0,0,1,0,2,0,1,0,2,1,0,0,1,1,0,0,1,1,0,0,1,1,0,0,0,1
4003,49,4,0.017551956,0,98340,0,1,0,1,1,0,0,0,0,1,4,1,3,5,1,1,1,4,4,2,2,2,2,4,2,2,1,2,3,3,2,3,1.267100677,-0.756919707,1.029396865,0,0,0,1,4,1,1,0,0,0,2,0,5,1,0,1,1,0,1,0,0,0,0,1,0,-9,0,1,0,0,1,1,0,0,1,1,0,0,1,1,0,0,1,0,1,0,2,1,0,0,0,1
4006,49,2,0.021381525,0,98188,1,0,0,2,0,1,0,0,0,3,4,4,4,4,2,4,2,4,5,4,2,2,2,4,2,2,2,2,3,4,2,3,-0.010452231,-0.622854192,-0.735336563,1,0,1,0,3,0,0,1,0,0,2,0,4,1,0,1,0,1,2,0,0,0,1,0,0,0,0,0,0,1,3,0,0,1,3,0,0,1,3,0,0,1,3,0,0,1,3,0,0,1,0,3
4008,49,4,0.514996917,0,98023,0,1,0,1,1,0,0,0,0,1,6,0,5,1,1,1,1,3,3,1,2,2,2,4,2,2,2,2,2,3,3,4,0.080704178,-1.156411887,1.243668405,0,0,1,0,3,0,0,1,0,0,2,0,4,1,0,1,0,1,2,0,0,0,0,0,0,-9,0,0,0,1,3,0,1,0,2,1,0,0,1,1,0,0,1,1,0,0,1,0,0,1,0,3
4010,49,2,0.066153567,0,98424,0,1,0,2,0,1,0,0,0,2,4,5,5,5,4,5,3,5,5,5,3,2,3,1,2,2,3,1,2,3,3,3,1.227875555,1.368412089,0.754426596,0,1,0,0,2,0,1,1,0,0,2,0,4,0,0,3,0,0,3,1,0,0,0,1,0,-9,0,1,0,0,1,0,0,1,3,0,0,1,3,0,0,1,3,1,0,0,1,0,1,0,0,2
4014,49,2,0.155839538,0,98155,0,1,0,5,0,0,0,0,1,4,5,5,4,4,3,1,1,4,2,2,1,1,1,1,3,1,1,1,3,1,1,4,-1.868165499,-0.012206664,-0.140229306,0,1,0,0,2,1,1,1,0,0,2,0,4,0,1,2,1,0,1,0,0,0,1,0,0,-9,0,0,1,0,2,0,1,0,2,0,1,0,2,1,0,0,1,1,0,0,1,0,0,1,0,3
4015,49,2,0.033059464,0,98391,0,1,0,3,0,0,1,0,0,2,3,2,4,3,1,3,2,3,2,1,2,2,2,1,2,2,2,1,3,2,2,4,-2.19162586,0.291205478,0.214979043,1,1,0,0,2,0,0,1,0,0,2,0,4,1,0,1,0,0,3,1,0,0,1,1,0,1,1,1,0,0,1,1,0,0,1,1,0,0,1,1,0,0,1,1,0,0,1,1,0,0,0,1
4016,49,2,0.002805063,0,98349,0,1,0,2,0,1,0,0,0,3,6,2,3,4,2,2,1,3,4,3,1,1,1,3,3,1,1,2,3,3,3,4,1.120646514,-0.758261257,0.043736859,1,1,0,0,2,0,0,0,0,0,2,0,5,0,1,2,0,0,3,0,0,0,0,1,0,-9,0,1,0,0,1,1,0,0,1,1,0,0,1,1,0,0,1,1,0,0,1,1,0,0,0,1
4021,49,2,0.039853197,0,98466,0,1,0,3,0,0,1,0,0,1,5,3,3,4,1,2,1,5,4,4,1,1,3,1,2,2,1,2,2,3,2,2,0.462864413,-0.597923922,0.718559268,1,0,1,0,3,1,1,0,1,0,2,0,2,1,0,1,1,0,1,0,1,0,0,0,0,-9,0,0,1,0,2,0,1,0,2,1,0,0,1,1,0,0,1,1,0,0,1,0,0,0,1,4
4023,49,4,0.014691896,0,98296,0,1,0,2,0,1,0,0,0,2,5,4,1,5,1,4,1,5,4,4,3,1,2,2,2,2,1,2,3,2,2,2,0.509497726,-0.290663201,-1.23005783,1,0,0,1,4,1,1,1,0,0,2,0,4,0,1,2,1,0,1,0,0,0,0,1,0,-9,0,1,0,0,1,1,0,0,1,1,0,0,1,0,0,1,3,1,0,0,1,1,0,0,0,1
4027,49,2,0.088257841,0,98045,0,1,0,3,0,0,1,0,0,3,5,3,2,5,1,1,1,4,5,4,1,2,2,1,2,1,2,2,3,4,2,2,0.41868425,0.609061382,0.181971898,0,1,0,0,2,0,1,1,0,0,2,0,4,0,0,3,0,0,3,1,0,0,1,1,0,1,1,1,0,0,1,0,1,0,2,0,1,0,2,0,0,1,3,1,0,0,1,0,0,1,0,3
4028,2,2,6.507312472,0,99515,0,1,0,1,1,0,0,0,0,1,3,1,5,3,1,1,1,5,5,3,2,3,2,4,2,2,2,2,2,4,2,4,0.604257031,-2.139719507,-0.126934647,1,1,0,0,2,0,0,1,0,0,1,1,1,1,0,1,1,0,1,0,0,0,1,0,0,-9,0,0,1,0,2,0,0,1,3,0,0,1,3,0,1,0,2,1,0,0,1,0,0,1,0,3
4029,49,2,0.042510625,0,98121,1,0,0,4,0,0,0,1,0,1,5,5,5,4,3,4,5,4,3,5,2,3,1,2,2,2,3,2,2,3,2,2,0.308851124,0.514480433,1.00138164,0,1,0,0,2,0,1,1,0,0,2,0,4,0,1,2,1,0,1,1,0,1,1,0,0,-9,0,0,0,1,3,0,0,1,3,0,0,1,3,0,0,1,3,0,0,1,3,0,0,0,1,4
4033,49,2,0.079670384,0,98036,0,1,0,1,1,0,0,0,0,1,2,1,4,4,1,1,1,3,5,3,2,2,2,4,2,2,2,2,2,4,3,3,0.841745411,0.290590013,1.058931135,1,0,0,1,4,1,1,1,0,0,2,0,4,0,0,3,0,0,3,1,0,0,0,1,0,1,1,0,1,0,2,0,0,1,3,1,0,0,1,1,0,0,1,1,0,0,1,0,0,1,0,3
4034,49,2,0.025376348,0,98032,1,0,0,2,0,1,0,0,0,3,5,4,3,4,3,4,3,4,5,5,3,2,3,2,2,2,2,2,3,3,2,3,0.289795144,1.023607543,-0.117617312,0,0,0,1,4,0,0,1,0,0,2,0,4,1,0,1,1,0,1,0,0,0,0,0,0,-9,0,0,0,1,3,0,0,1,3,0,0,1,3,0,1,0,2,0,1,0,2,0,0,0,1,4
4037,49,4,0.022064495,0,98223,0,1,0,2,0,1,0,0,0,4,3,3,3,5,3,3,1,5,5,3,2,2,2,4,2,2,2,2,2,4,3,4,-0.343340023,-1.330356,1.173864578,1,0,0,1,4,0,0,1,0,0,2,0,4,1,0,1,1,0,1,0,0,0,0,0,0,-9,0,1,0,0,1,1,0,0,1,0,1,0,2,1,0,0,1,1,0,0,1,1,0,0,0,1
4038,49,4,0.016169519,0,98374,0,1,0,3,0,0,1,0,0,2,5,3,4,4,1,1,1,4,2,1,2,2,2,3,3,1,1,2,3,1,3,3,-0.061939943,1.141384615,0.194195786,1,1,0,0,2,0,0,1,0,0,2,0,4,0,0,0,0,0,3,1,0,0,0,1,0,-9,0,0,1,0,2,0,1,0,2,1,0,0,1,1,0,0,1,1,0,0,1,1,0,0,0,1
4039,5,2,0.239328714,0,90001,1,0,0,5,0,0,0,0,1,1,5,4,5,5,4,5,5,4,5,5,3,2,3,3,3,1,3,1,3,2,1,2,1.139831793,1.030530317,0.771438576,1,1,0,0,2,0,1,1,0,0,2,0,4,0,0,3,0,0,3,1,0,0,0,1,0,1,1,0,0,1,3,0,0,1,3,1,0,0,1,0,0,1,3,0,0,1,3,0,0,0,1,4
4040,49,4,0.021712349,0,98407,0,1,0,2,0,1,0,0,0,2,3,2,4,4,2,2,2,3,3,3,2,2,2,4,3,1,2,1,2,4,3,4,-0.390350479,-0.474210846,0.250764884,1,0,1,0,3,0,0,1,0,0,2,0,4,1,0,1,1,0,1,0,0,0,0,1,0,0,0,0,1,0,2,0,1,0,2,1,0,0,1,1,0,0,1,0,1,0,2,0,0,0,1,4
4041,49,2,0.349494172,0,98032,1,0,0,1,1,0,0,0,0,2,2,4,3,5,2,2,2,4,4,4,2,2,2,3,3,2,2,2,3,3,3,3,-0.936954639,0.377790921,0.142908318,1,1,0,0,2,1,1,0,0,1,2,0,3,0,0,3,0,1,2,0,0,0,0,0,0,-9,0,0,0,1,3,0,0,1,3,0,0,1,3,0,1,0,2,0,1,0,2,0,0,0,1,4
4042,49,2,0.153693236,0,98122,1,0,0,3,0,0,1,0,0,3,4,4,4,4,3,3,4,4,4,4,1,1,3,2,3,1,1,1,3,1,1,2,1.043588442,1.464200946,1.082423828,1,1,0,0,2,1,1,1,0,0,1,1,1,0,0,3,0,0,3,1,0,0,1,1,0,1,1,0,0,1,3,0,0,1,3,1,0,0,1,0,0,1,3,0,0,1,3,0,0,0,1,4
4045,49,4,0.019738911,0,98108,1,0,0,1,1,0,0,0,0,3,3,4,3,5,2,3,1,4,4,1,2,2,2,4,2,2,2,2,2,3,3,4,-0.161749808,-0.326828522,-2.676531068,0,0,0,1,4,0,0,0,0,1,2,0,3,1,0,1,0,0,3,0,1,0,0,1,0,-9,0,0,0,1,3,0,0,1,3,0,0,1,3,0,1,0,2,0,0,1,3,0,0,0,1,4
4047,49,1,0.124355944,0,98383,0,1,0,2,0,1,0,0,0,1,5,2,4,5,1,1,1,5,5,1,2,2,2,3,2,2,1,2,3,4,3,3,-0.536413649,-0.556443715,1.174848737,1,1,0,0,2,1,1,1,0,0,2,0,4,0,0,3,0,1,2,0,0,0,1,1,0,1,1,1,0,0,1,0,1,0,2,0,1,0,2,1,0,0,1,1,0,0,1,1,0,0,0,1
4048,49,4,0.05192134,0,98023,0,1,0,1,1,0,0,0,0,2,5,3,4,3,1,2,2,3,4,3,1,1,1,1,2,2,2,2,2,4,2,2,0.106866942,1.258147136,0.109630596,0,0,0,1,4,0,0,1,0,0,2,0,4,0,1,2,0,1,2,0,0,0,0,1,0,-9,0,0,0,1,3,0,1,0,2,1,0,0,1,1,0,0,1,1,0,0,1,0,0,1,0,3
4050,49,2,0.146978991,0,98144,1,0,0,2,0,1,0,0,0,3,3,3,3,4,4,4,5,4,4,4,1,2,3,1,2,2,1,1,3,1,1,1,-0.286455826,0.409315719,0.261884556,0,1,0,0,2,0,0,0,0,1,2,0,3,1,0,1,0,1,2,1,0,0,0,0,0,1,1,0,0,1,3,0,0,1,3,0,0,1,3,0,0,1,3,0,0,1,3,0,0,0,1,4
4051,49,1,0.036207965,0,98030,1,0,0,4,0,0,0,1,0,2,5,3,2,5,2,5,2,5,5,2,3,3,3,4,3,1,2,1,3,2,2,4,0.007614071,-1.475514981,1.328941665,1,0,0,0,1,0,0,0,1,0,2,0,2,0,1,2,0,0,3,1,0,0,0,0,0,0,0,0,0,1,3,0,0,1,3,1,0,0,1,1,0,0,1,0,1,0,2,0,0,0,1,4
4053,49,2,0.096066991,0,98108,1,0,0,5,0,0,0,0,1,1,5,5,4,5,4,5,4,5,4,5,2,2,2,3,2,2,2,2,2,4,3,4,0.675595899,1.429001024,0.491311963,0,1,0,0,2,1,1,1,0,0,2,0,4,0,0,3,0,0,3,1,0,0,0,1,0,-9,0,0,0,1,3,0,0,1,3,0,0,1,3,0,1,0,2,0,0,1,3,0,0,0,1,4
4054,49,4,0.013268196,0,98087,1,0,0,3,0,0,1,0,0,3,5,3,4,5,2,2,2,5,5,5,2,1,3,1,3,1,1,3,3,1,3,2,-0.422999151,-0.161354653,-0.544806797,1,1,0,0,2,0,0,0,1,0,2,0,2,0,1,2,0,0,3,1,0,0,0,0,0,-9,0,0,0,1,3,0,1,0,2,0,0,1,3,0,1,0,2,1,0,0,1,0,0,0,1,4
4055,49,4,0.252745636,0,98258,0,1,0,2,0,1,0,0,0,2,5,5,4,4,2,2,2,5,5,2,3,2,2,2,2,2,2,2,2,2,2,4,-1.048409065,-0.839022662,0.014820755,1,1,0,0,2,0,0,0,0,1,2,0,3,0,0,3,0,0,3,1,0,0,0,1,0,-9,0,0,1,0,2,1,0,0,1,1,0,0,1,1,0,0,1,0,1,0,2,0,1,0,0,2
4056,49,4,0.054515879,0,98118,0,1,0,5,0,0,0,0,1,3,5,5,1,5,1,1,1,5,5,1,1,1,1,1,2,2,1,1,3,1,1,1,0.521720778,0.57793008,1.132495533,1,0,1,0,3,1,1,0,0,1,2,0,3,1,0,1,1,0,1,0,0,0,0,1,0,-9,0,0,0,1,3,0,1,0,2,1,0,0,1,1,0,0,1,0,0,1,3,0,0,0,1,4
4058,49,4,0.064225044,0,98433,0,1,0,1,1,0,0,0,0,1,4,3,3,1,1,1,1,1,1,1,2,2,2,4,2,2,2,2,2,4,4,4,-0.428349587,-1.720409233,0.053144689,1,0,0,0,1,0,0,1,0,0,2,0,4,1,0,1,0,0,3,1,0,0,0,0,0,1,1,1,0,0,1,1,0,0,1,0,1,0,2,0,0,1,3,0,1,0,2,1,0,0,0,1
4061,49,2,0.011636814,0,98208,0,1,0,2,0,1,0,0,0,2,4,3,3,5,2,2,2,5,5,3,2,1,2,4,2,1,1,2,3,4,3,3,0.285457781,0.019294123,-0.363109313,1,0,1,0,3,0,0,1,0,0,2,0,4,1,0,1,0,0,3,0,0,0,1,1,0,-9,0,0,1,0,2,0,0,1,3,0,0,1,3,0,1,0,2,1,0,0,1,0,0,1,0,3
4064,49,2,0.106606965,0,98292,0,1,0,3,0,0,1,0,0,3,5,4,4,4,1,1,1,4,4,4,3,1,2,2,2,3,3,2,2,2,2,3,1.045791404,-0.115977107,0.138009673,0,0,1,0,3,0,0,1,0,0,2,0,4,0,1,2,0,1,2,0,1,0,1,0,0,0,0,1,0,0,1,1,0,0,1,1,0,0,1,1,0,0,1,1,0,0,1,1,0,0,0,1
4066,49,4,0.000341199,0,98597,0,1,0,2,0,1,0,0,0,2,3,3,2,1,1,1,1,1,1,1,2,2,2,4,2,2,2,2,2,4,4,3,-2.744166986,-0.755817748,1.020313293,1,1,0,0,2,0,0,0,0,0,2,0,5,1,0,1,1,0,1,0,0,0,0,0,0,0,0,1,0,0,1,1,0,0,1,1,0,0,1,0,1,0,2,1,0,0,1,1,0,0,0,1
4067,49,2,0.015672293,0,98023,0,1,0,2,0,1,0,0,0,2,4,2,5,5,1,1,1,5,5,2,2,2,2,3,2,1,2,1,2,3,3,1,-0.350832267,-0.60495767,0.075111088,1,1,0,0,2,0,0,0,1,0,2,0,2,1,0,1,0,0,3,1,0,0,0,0,0,0,0,0,0,1,3,0,1,0,2,1,0,0,1,1,0,0,1,1,0,0,1,0,0,1,0,3
4068,49,2,0.016186986,0,98391,0,1,0,3,0,0,1,0,0,3,5,3,4,5,1,1,1,5,3,3,2,2,2,3,3,2,2,1,2,3,3,3,0.632136264,0.172382401,0.531384347,1,0,1,0,3,1,1,1,0,0,2,0,4,1,0,1,1,0,1,0,0,0,1,1,0,-9,0,1,0,0,1,1,0,0,1,1,0,0,1,1,0,0,1,1,0,0,1,1,0,0,0,1
4070,49,4,0.103761411,0,98272,0,1,0,1,1,0,0,0,0,3,5,2,4,5,1,3,1,5,5,5,2,2,2,1,2,2,2,2,3,4,2,3,0.785535758,-0.534361255,-1.804244244,1,0,0,1,4,0,0,1,0,0,2,0,4,0,0,3,0,0,3,0,0,0,0,1,0,1,1,1,0,0,1,1,0,0,1,0,0,1,3,0,1,0,2,1,0,0,1,1,0,0,0,1
4072,49,4,0.015863829,0,98033,1,0,0,1,1,0,0,0,0,2,3,1,3,5,2,3,2,4,4,3,2,2,2,1,2,2,1,1,2,3,2,3,0.2461423,0.473224922,-0.646392913,1,0,1,0,3,0,0,1,0,0,2,0,4,0,1,2,0,1,2,0,1,0,0,1,0,-9,0,0,1,0,2,0,0,1,3,0,0,1,3,0,0,1,3,1,0,0,1,0,0,0,1,4
4074,49,2,0.041409622,0,98011,0,1,0,4,0,0,0,1,0,3,4,4,5,3,3,4,4,4,5,4,3,2,3,2,1,1,1,1,3,2,2,2,-0.461916645,1.045455714,0.524101503,0,1,0,0,2,1,1,1,0,0,2,0,4,0,0,3,0,0,3,1,0,0,0,1,0,-9,0,0,1,0,2,0,0,1,3,0,0,1,3,0,1,0,2,1,0,0,1,0,0,1,0,3
4076,49,2,0.057482633,0,98052,0,1,0,3,0,0,1,0,0,3,5,3,5,4,1,1,1,3,4,1,2,2,2,3,2,2,2,2,2,3,3,3,-1.445582465,0.093604104,-1.966257365,1,0,1,0,3,0,1,0,1,0,2,0,2,0,0,0,0,1,2,0,0,0,1,0,1,0,0,0,1,0,2,0,0,1,3,0,1,0,2,1,0,0,1,1,0,0,1,0,0,1,0,3
4077,49,4,0.072025914,0,98204,1,0,0,3,0,0,1,0,0,3,3,2,3,4,1,1,1,4,3,2,1,1,1,1,3,1,2,1,2,1,1,1,-1.58723114,0.227454565,-1.203197843,0,0,1,1,4,0,0,1,0,0,2,0,4,1,0,1,1,0,1,0,0,0,0,0,0,1,1,0,0,1,3,0,0,1,3,0,1,0,2,0,0,1,3,1,0,0,1,0,0,0,1,4
4079,49,1,0.014529792,0,98103,1,0,0,4,0,0,0,1,0,2,4,4,4,4,4,4,4,4,4,4,3,3,2,3,3,1,3,1,3,2,1,2,0.256734903,0.65080787,0.631847255,1,1,0,0,2,1,1,1,0,0,2,0,4,0,1,2,0,0,3,1,0,1,0,0,0,-9,0,0,0,1,3,0,0,1,3,1,0,0,1,0,0,1,3,1,0,0,1,0,0,0,1,4
4084,49,2,0.048946574,0,98164,1,0,0,4,0,0,0,1,0,2,4,4,4,3,4,4,1,3,5,5,3,1,3,1,2,1,1,1,2,2,2,3,0.569665713,0.56934111,-0.534133432,1,1,0,0,2,1,1,1,0,0,2,0,4,0,0,3,0,0,3,1,0,0,0,1,0,1,1,0,0,0,0,0,0,0,0,0,0,0,0,0,0,0,0,0,0,0,0,0,0,0,0,0
4085,49,2,0.025647794,0,98118,0,1,0,2,0,1,0,0,0,2,4,1,2,3,4,4,4,4,4,4,3,3,3,2,3,1,3,1,3,1,2,2,0.89935706,0.204807797,0.215945135,0,1,0,0,2,0,1,1,0,0,2,0,4,0,0,3,0,0,3,1,0,0,1,1,0,-9,0,0,0,1,3,0,1,0,2,1,0,0,1,1,0,0,1,0,0,1,3,0,0,0,1,4
4086,49,4,0.031988921,0,98103,1,0,0,3,0,0,1,0,0,4,5,3,1,5,2,4,1,2,4,2,2,3,3,4,2,2,3,3,3,2,2,4,-2.168312761,0.099590329,-0.411950104,0,1,0,0,2,0,0,1,0,0,2,0,4,1,0,1,1,0,1,0,1,0,0,0,1,0,0,0,0,1,3,0,0,1,3,1,0,0,1,0,0,1,3,1,0,0,1,0,0,0,1,4
4087,49,2,0.028912535,0,98321,0,1,0,2,0,1,0,0,0,3,5,2,4,5,1,1,2,2,4,3,2,2,2,3,3,1,1,2,3,3,2,3,0.325022263,0.373768643,-1.720064095,0,1,0,0,2,1,1,1,0,0,2,0,4,0,0,0,0,0,3,0,0,0,1,1,0,-9,0,1,0,0,1,1,0,0,1,1,0,0,1,1,0,0,1,1,0,0,1,1,0,0,0,1
4088,49,2,0.018898716,0,98010,0,1,0,4,0,0,0,1,0,3,5,4,3,5,4,3,3,5,3,4,1,1,1,2,3,1,1,2,3,3,2,2,-1.212923166,0.769746319,1.772194438,1,0,1,0,3,0,0,1,0,0,2,0,4,1,0,1,1,0,1,0,0,0,1,0,0,-9,0,1,0,0,1,1,0,0,1,1,0,0,1,1,0,0,1,1,0,0,1,1,0,0,0,1
4091,49,4,0.064181234,0,98126,0,1,0,3,0,0,1,0,0,3,5,2,2,4,1,1,1,2,5,1,3,1,2,2,2,2,3,3,3,1,2,3,0.388979308,1.19700725,0.267558578,0,1,0,0,2,0,0,1,0,0,2,0,4,0,0,0,1,0,1,0,0,0,0,0,1,0,0,0,0,1,3,0,1,0,2,0,1,0,2,1,0,0,1,0,1,0,2,0,0,0,1,4
4097,49,4,0.017108384,0,98103,1,0,0,3,0,0,1,0,0,3,4,3,2,5,1,3,2,4,5,4,1,2,2,1,3,1,2,2,3,4,2,1,-0.223136071,-0.115759981,-1.477423704,1,1,0,0,2,0,1,1,0,0,2,0,4,1,0,1,1,0,1,0,0,0,0,0,1,-9,0,0,0,1,3,0,0,1,3,1,0,0,1,0,0,1,3,1,0,0,1,0,0,0,1,4
4099,49,2,0.005204838,0,98126,0,1,0,5,0,0,0,0,1,1,5,4,4,5,5,4,5,5,4,5,2,2,3,1,2,2,2,2,3,3,2,2,0.365552286,1.301146636,1.062709416,0,1,0,0,2,0,1,1,0,0,2,0,4,0,1,2,0,0,3,1,0,1,0,0,0,-9,0,0,0,1,3,0,1,0,2,0,1,0,2,1,0,0,1,0,1,0,2,0,0,0,1,4
4100,49,2,0.127644718,0,98312,0,1,0,4,0,0,0,1,0,2,5,5,4,4,4,4,2,2,4,4,3,3,3,2,2,3,1,2,1,3,2,3,0.485385248,0.928271722,0.133858235,0,0,0,0,1,1,1,0,1,0,1,1,1,0,0,3,0,0,3,1,0,0,0,1,0,-9,0,0,1,0,2,0,1,0,2,0,0,1,3,1,0,0,1,1,0,0,1,0,0,1,0,3
4101,49,4,0.041966035,0,98031,0,1,0,3,0,0,1,0,0,4,5,4,2,5,2,1,4,5,2,2,1,1,2,1,2,1,3,1,3,2,3,2,-0.454479494,-0.100007008,0.150553063,1,0,1,0,3,1,1,1,0,0,2,0,4,0,1,2,0,1,2,0,1,0,0,0,0,1,1,0,0,1,3,1,0,0,1,1,0,0,1,1,0,0,1,1,0,0,1,0,0,1,0,3
4103,49,2,0.114503176,0,98118,0,1,0,3,0,0,1,0,0,3,4,3,3,4,4,4,2,5,4,4,1,2,2,3,3,2,1,3,2,3,2,2,0.156252178,0.84013601,-0.177070063,0,0,0,0,1,0,0,0,0,1,2,0,3,1,0,1,0,0,3,1,0,0,0,0,0,-9,0,0,0,1,3,0,1,0,2,1,0,0,1,1,0,0,1,0,0,1,3,0,0,0,1,4
4106,33,2,0.580238225,0,11368,1,0,0,3,0,0,1,0,0,2,5,4,4,5,4,5,3,4,5,4,3,2,2,1,2,3,2,1,3,1,2,3,0.241455394,0.374935624,0.669779339,0,1,0,0,2,0,1,1,0,0,2,0,4,0,1,2,0,0,3,1,0,0,0,0,0,1,1,0,0,1,3,0,0,1,3,0,0,1,3,1,0,0,1,0,0,1,3,0,0,0,1,4
4107,49,2,0.016140786,0,98101,1,0,0,5,0,0,0,0,1,1,5,5,5,5,5,5,5,3,4,5,3,2,3,3,1,3,1,1,1,1,3,3,0.393136043,1.139350409,0.712991554,1,1,0,0,2,1,1,1,0,0,2,0,4,0,0,3,0,0,3,1,0,1,1,0,0,-9,0,0,0,1,3,0,0,1,3,0,0,1,3,0,0,1,3,0,0,1,3,0,0,0,1,4
4108,49,4,0.01282857,0,98122,1,0,0,3,0,0,1,0,0,3,2,3,3,4,3,3,2,4,4,3,2,2,2,3,2,2,2,2,3,3,2,3,-0.27071466,0.344051876,-0.667986815,0,0,0,1,4,0,0,1,0,0,2,0,4,1,0,1,0,1,2,0,0,0,0,1,1,0,0,0,0,1,3,0,0,1,3,1,0,0,1,0,0,1,3,0,0,1,3,0,0,0,1,4
4109,49,4,0.022451002,0,98203,0,1,0,1,1,0,0,0,0,2,3,2,5,3,4,4,5,1,4,1,2,2,2,3,2,2,1,2,2,2,2,4,-0.491170745,-0.850829419,0.264472391,1,1,0,0,2,0,0,1,0,0,2,0,4,1,0,1,0,0,3,1,0,0,0,0,0,1,1,0,1,0,2,0,1,0,2,0,0,1,3,0,1,0,2,0,1,0,2,0,0,0,1,4
4113,49,2,0.224111295,0,98134,0,1,0,1,1,0,0,0,0,1,5,3,5,1,1,1,1,4,4,1,2,1,3,3,2,2,3,1,2,1,3,1,-0.198849176,-0.25042992,0.763961526,1,0,0,0,1,1,1,1,0,0,1,1,1,0,1,2,0,1,2,0,1,0,1,0,0,0,0,1,0,0,1,0,0,1,3,0,0,1,3,0,1,0,2,0,0,1,3,0,0,0,1,4
4115,49,4,0.054193777,0,98499,0,1,0,3,0,0,1,0,0,1,5,1,4,4,1,3,1,3,4,3,2,2,2,3,2,2,2,2,2,3,3,2,-0.072834316,-0.076155891,-1.128069626,1,0,1,0,3,0,0,1,0,0,1,1,1,1,0,1,1,0,1,0,0,0,0,0,1,-9,0,0,1,0,2,0,0,1,3,0,0,1,3,0,0,1,3,0,1,0,2,0,0,0,1,4
4116,49,4,0.058575798,0,98115,1,0,0,2,0,1,0,0,0,1,2,2,4,4,1,1,1,3,5,3,2,2,2,4,2,2,2,2,2,4,4,3,0.89771071,-0.747736261,1.106891978,1,0,0,1,4,0,1,1,0,0,2,0,4,0,0,3,1,0,1,0,1,0,0,1,0,-9,0,0,0,1,3,0,0,1,3,0,1,0,2,0,0,1,3,1,0,0,1,0,0,0,1,4
4118,49,2,0.030264945,0,98375,0,1,0,2,0,1,0,0,0,2,4,3,4,3,2,1,1,4,4,3,2,2,2,3,3,1,1,2,3,3,2,2,-0.057140477,-0.439762927,-0.241692179,0,1,0,0,2,0,1,1,0,0,2,0,4,0,0,3,0,0,3,0,0,0,1,1,0,1,1,0,1,0,2,0,1,0,2,1,0,0,1,1,0,0,1,1,0,0,1,0,1,0,0,2
4120,49,4,0.064031647,0,98059,0,1,0,1,1,0,0,0,0,1,4,2,4,4,1,3,1,4,5,2,2,2,2,1,2,2,1,2,3,3,2,3,0.556325298,0.709638447,0.088826987,0,0,0,1,4,1,1,1,0,0,2,0,4,0,0,3,0,1,2,0,0,0,0,1,0,-9,0,0,1,0,2,0,1,0,2,1,0,0,1,0,0,1,3,1,0,0,1,0,0,1,0,3
4121,49,4,0.037259857,0,98444,0,1,0,2,0,1,0,0,0,2,4,2,4,3,2,3,1,5,4,3,1,3,1,1,2,2,1,2,3,4,2,2,0.451349242,0.080539653,0.030897059,1,0,1,1,4,0,0,1,0,0,2,0,4,1,0,1,1,0,1,0,0,0,0,0,0,-9,0,0,0,1,3,0,1,0,2,0,0,1,3,0,1,0,2,0,1,0,2,0,0,0,1,4
4122,49,4,0.03521554,0,98311,0,1,0,2,0,1,0,0,0,2,4,4,4,5,2,3,1,4,5,4,1,3,2,3,2,2,2,2,3,3,2,3,0.718771779,0.0787825,-0.476542905,0,0,0,1,4,0,0,0,1,0,2,0,2,0,1,2,0,1,2,0,0,0,0,1,0,-9,0,0,1,0,2,1,0,0,1,1,0,0,1,1,0,0,1,1,0,0,1,0,1,0,0,2
4125,49,2,0.404602633,0,98003,1,0,0,2,0,1,0,0,0,2,4,4,2,5,3,2,2,4,5,4,3,2,3,2,3,1,2,1,3,4,2,3,-0.235515608,1.248502496,0.192748871,0,0,1,0,3,0,0,1,0,0,1,1,1,0,0,3,0,1,2,0,0,1,0,1,0,-9,0,0,0,1,3,0,0,1,3,0,0,1,3,0,1,0,2,1,0,0,1,0,0,0,1,4
4126,49,4,0.064031647,0,98053,0,1,0,1,1,0,0,0,0,1,4,1,5,5,1,4,1,2,4,2,1,1,2,4,2,2,1,2,3,4,3,3,1.337352993,-0.200919911,0.736456488,0,0,0,1,4,0,1,1,0,0,2,0,4,0,0,3,0,1,2,0,0,0,0,1,0,-9,0,1,0,0,1,1,0,0,1,0,1,0,2,0,0,1,3,1,0,0,1,1,0,0,0,1
4128,49,4,0.158950715,0,98402,0,1,0,3,0,0,1,0,0,2,4,4,4,3,2,4,1,4,5,3,2,2,2,3,2,2,2,1,3,3,2,4,0.163128601,0.092184612,-1.279772574,1,1,0,0,2,0,0,0,1,0,2,0,2,1,0,1,0,1,2,0,1,0,0,0,0,0,0,0,1,0,2,0,0,1,3,0,0,1,3,0,1,0,2,0,0,1,3,0,0,0,1,4
4129,49,2,0.012747697,0,98271,0,1,0,3,0,0,1,0,0,2,4,4,3,4,2,3,1,5,5,3,2,2,3,2,1,2,2,2,3,4,2,1,0.279989713,-0.603028652,0.039111965,1,0,0,1,4,0,1,1,0,0,2,0,4,1,0,1,1,0,1,0,0,0,1,1,0,-9,0,1,0,0,1,1,0,0,1,0,1,0,2,0,1,0,2,1,0,0,1,1,0,0,0,1
4130,49,1,0.082859178,0,98270,0,1,0,1,1,0,0,0,0,2,3,2,3,4,2,2,3,4,4,3,2,2,2,3,3,2,2,1,3,3,2,3,-0.829275675,-0.553356123,0.55960825,1,0,1,0,3,0,0,0,0,0,2,0,5,0,0,3,0,1,2,0,0,0,0,1,0,-9,0,0,1,0,2,0,1,0,2,1,0,0,1,1,0,0,1,1,0,0,1,0,0,1,0,3
4132,49,4,0.065542553,0,98038,0,1,0,3,0,0,1,0,0,2,4,1,4,3,1,1,1,2,3,3,2,2,2,4,2,2,1,2,2,4,3,4,0.073536135,0.073012722,-0.167667445,1,0,0,1,4,0,0,1,0,0,2,0,4,0,0,3,0,1,2,0,0,0,0,1,0,-9,0,0,1,0,2,1,0,0,1,1,0,0,1,1,0,0,1,1,0,0,1,0,1,0,0,2
4136,49,2,0.168072832,0,98103,1,0,0,3,0,0,1,0,0,3,2,3,2,5,1,1,1,4,4,2,1,1,3,1,3,1,2,2,3,4,4,4,-1.247762616,-1.050698841,-0.144086473,0,1,0,0,2,0,1,1,0,0,2,0,4,0,0,3,0,1,2,0,0,0,0,1,0,-9,0,0,0,1,3,0,0,1,3,1,0,0,1,0,0,1,3,1,0,0,1,0,0,0,1,4
4138,49,2,0.168865877,0,98408,0,1,0,1,1,0,0,0,0,1,4,4,5,3,2,2,2,2,4,3,2,2,2,4,2,2,2,2,2,3,3,4,-0.871397418,-0.31754235,-0.35210667,0,0,1,0,3,0,1,0,0,1,2,0,3,0,0,3,0,0,3,0,0,0,1,1,0,-9,0,0,0,1,3,1,0,0,1,1,0,0,1,1,0,0,1,1,0,0,1,0,0,0,1,4
4140,49,2,0.025367488,0,98404,0,1,0,2,0,1,0,0,0,2,4,2,4,4,4,4,4,3,4,4,2,3,2,3,2,1,1,3,2,1,2,3,0.065968887,1.451158077,0.035213738,0,1,0,0,2,0,0,0,0,0,1,1,1,0,1,2,0,0,3,1,0,1,1,1,0,-9,0,0,0,1,3,0,1,0,2,0,1,0,2,1,0,0,1,0,1,0,2,0,0,0,1,4
4142,49,2,0.011797898,0,98444,0,1,0,2,0,1,0,0,0,3,2,2,2,4,3,4,1,5,5,4,2,3,3,3,2,2,3,1,2,1,2,3,-0.963525033,0.382428486,0.490133499,1,0,1,0,3,0,0,0,1,0,2,0,2,1,0,1,0,0,3,0,1,0,1,0,0,-9,0,0,0,1,3,0,1,0,2,0,0,1,3,0,1,0,2,0,1,0,2,0,0,0,1,4
4146,49,2,0.064801749,0,98208,0,1,0,3,0,0,1,0,0,3,5,5,3,2,1,1,1,5,5,1,3,2,2,2,3,2,2,3,2,4,3,4,-0.259688621,0.2860874,-0.167963177,1,1,0,0,2,0,0,1,0,0,2,0,4,1,0,1,0,1,2,0,0,1,0,0,1,0,0,0,1,0,2,0,0,1,3,0,0,1,3,0,1,0,2,1,0,0,1,0,0,1,0,3
4147,49,2,0.310211003,0,98444,0,1,0,3,0,0,1,0,0,1,2,1,5,5,1,3,1,5,4,4,2,2,2,4,2,2,2,2,2,3,2,2,-0.14120866,0.232968474,1.439042153,0,1,0,0,2,0,0,1,0,0,2,0,4,0,0,3,0,1,2,0,0,0,1,1,0,-9,0,0,0,1,3,0,1,0,2,0,0,1,3,0,1,0,2,0,1,0,2,0,0,0,1,4
4149,49,4,0.011488483,0,98370,0,1,0,1,1,0,0,0,0,2,5,4,4,5,1,1,1,4,4,3,2,2,2,3,3,2,2,2,2,4,3,3,1.289789783,0.340297237,1.25762197,1,0,0,1,4,0,0,1,0,0,2,0,4,1,0,1,0,1,2,0,0,0,0,1,0,-9,0,1,0,0,1,1,0,0,1,1,0,0,1,0,1,0,2,0,1,0,2,0,1,0,0,2
4151,49,2,0.06595117,0,98125,1,0,0,2,0,1,0,0,0,3,4,1,4,4,1,1,1,3,2,3,1,1,1,1,2,2,2,1,3,4,2,4,-0.565021685,0.570313678,-0.066117688,1,0,0,0,1,0,1,1,0,0,2,0,4,0,1,2,0,1,2,0,0,0,1,1,0,1,1,0,0,1,3,0,0,1,3,0,1,0,2,0,0,1,3,1,0,0,1,0,0,0,1,4
4152,49,1,0.023224921,0,98122,1,0,0,1,1,0,0,0,0,2,5,3,4,5,2,2,1,5,5,4,2,1,2,1,3,1,3,1,3,4,2,2,0.171628844,-1.482170462,0.626996996,1,1,0,0,2,1,1,1,0,0,2,0,4,0,1,2,1,0,1,0,1,0,0,0,0,-9,0,0,0,1,3,0,0,1,3,1,0,0,1,0,0,1,3,0,0,1,3,0,0,0,1,4
4153,49,4,0.008059139,0,98023,0,1,0,1,1,0,0,0,0,1,5,0,3,5,2,5,4,5,5,3,3,2,2,2,2,2,2,2,3,3,2,3,0.364303838,-0.884501412,-0.123141257,1,1,0,0,2,0,0,1,0,0,2,0,4,0,1,2,0,0,3,1,1,0,0,1,0,1,1,0,0,1,3,0,1,0,2,1,0,0,1,1,0,0,1,1,0,0,1,0,0,1,0,3
4155,49,4,0.033793756,0,98499,0,1,0,3,0,0,1,0,0,2,5,3,4,4,1,1,1,5,5,3,1,1,3,3,3,1,1,1,3,1,2,4,0.180467989,0.187370756,-2.035612889,1,0,0,0,1,0,0,1,0,0,2,0,4,0,1,2,0,1,2,0,1,0,0,0,0,-9,0,0,1,0,2,0,0,1,3,0,0,1,3,0,0,1,3,0,1,0,2,0,0,0,1,4
4157,49,2,0.109033778,0,98004,0,1,0,1,1,0,0,0,0,1,4,2,4,5,2,2,2,4,4,4,1,1,1,1,2,2,1,2,3,3,2,4,-1.16247509,-0.813495075,-1.245721895,0,1,0,0,2,1,1,0,0,1,2,0,3,0,1,2,1,0,1,0,0,0,0,0,0,0,0,0,1,0,2,0,0,1,3,0,0,1,3,0,0,1,3,1,0,0,1,0,0,0,1,4
4159,49,4,0.012646192,0,98373,0,1,0,2,0,1,0,0,0,3,5,3,3,5,1,1,1,5,4,4,2,1,1,4,2,1,1,1,2,1,3,3,-1.896440989,-1.426341531,-0.188652938,1,0,0,0,1,0,0,1,0,0,2,0,4,1,0,1,0,0,3,1,0,0,0,1,0,1,1,0,1,0,2,0,1,0,2,0,1,0,2,0,0,1,3,1,0,0,1,0,0,1,0,3
4162,49,4,0.004027051,0,98444,0,1,0,4,0,0,0,1,0,3,5,5,1,5,2,4,4,4,5,4,2,2,3,1,3,1,1,2,3,2,2,2,0.080836596,-1.168631075,-1.670113998,1,0,0,1,4,0,0,1,0,0,2,0,4,1,0,1,1,0,1,0,0,0,0,0,0,-9,0,0,0,1,3,0,1,0,2,0,0,1,3,0,1,0,2,0,1,0,2,0,0,0,1,4
4163,49,2,0.080166695,0,98126,0,1,0,2,0,1,0,0,0,3,4,2,2,4,1,1,1,1,3,1,3,2,2,1,2,2,2,2,2,1,2,3,-1.678825999,0.151008501,0.276182991,1,1,0,0,2,1,1,0,1,0,1,1,1,0,1,2,0,1,2,0,0,0,1,0,0,-9,0,0,0,1,3,0,1,0,2,0,1,0,2,1,0,0,1,0,1,0,2,0,0,0,1,4
4164,49,2,0.205028349,0,98002,1,0,0,3,0,0,1,0,0,3,3,3,3,4,4,2,1,5,3,3,1,1,1,1,2,1,3,1,3,2,3,2,-1.599385535,0.280145905,-0.591461763,0,1,0,0,2,0,0,0,1,0,2,0,2,1,0,1,1,0,1,0,0,0,1,0,0,-9,0,0,0,1,3,0,0,1,3,0,1,0,2,0,1,0,2,0,1,0,2,0,0,0,1,4
4165,49,4,0.023122775,0,98003,1,0,0,2,0,1,0,0,0,2,5,3,4,5,1,2,1,3,4,2,1,1,2,4,2,2,1,2,2,3,2,3,-0.609263295,-1.126614793,0.305380969,0,0,1,0,3,1,1,1,0,0,2,0,4,1,0,1,1,0,1,0,1,0,0,0,1,1,1,0,0,1,3,0,0,1,3,0,0,1,3,0,1,0,2,1,0,0,1,0,0,0,1,4
4166,49,4,0.064031647,0,98126,0,1,0,2,0,1,0,0,0,2,4,2,4,4,2,2,2,4,5,4,2,2,1,4,2,2,1,2,1,3,3,3,0.506501834,0.239275859,-0.205128624,0,0,0,1,4,0,1,1,0,0,2,0,4,0,0,3,0,1,2,0,1,0,0,1,0,-9,0,0,0,1,3,0,1,0,2,0,1,0,2,1,0,0,1,0,1,0,2,0,0,0,1,4
4167,49,4,0.01793346,0,98042,0,1,0,3,0,0,1,0,0,4,4,3,4,5,1,1,1,4,5,1,2,3,3,1,2,2,2,2,2,4,3,4,-1.294112393,-0.991250499,0.117221405,1,0,0,0,1,0,0,1,0,0,2,0,4,0,0,0,0,0,3,0,0,0,0,0,1,-9,0,0,1,0,2,1,0,0,1,0,1,0,2,1,0,0,1,1,0,0,1,1,0,0,0,1
4172,49,2,0.004345153,0,98118,0,1,0,2,0,1,0,0,0,2,3,4,4,2,1,1,1,1,1,1,1,1,1,2,2,2,1,3,1,2,3,3,0.89084642,0.936764093,-0.405617411,0,1,0,0,2,1,1,1,0,0,2,0,4,0,1,2,0,0,3,1,0,0,0,0,0,-9,0,0,0,1,3,0,1,0,2,1,0,0,1,1,0,0,1,0,0,1,3,0,0,0,1,4
4175,49,2,0.08431398,0,98296,0,1,0,3,0,0,1,0,0,1,5,1,5,5,1,1,1,4,3,3,2,2,2,3,3,2,2,2,2,3,2,3,-1.141045994,0.717005025,1.592993582,0,1,0,0,2,1,1,1,0,0,2,0,4,0,0,3,0,0,3,1,0,0,0,1,0,-9,0,1,0,0,1,1,0,0,1,1,0,0,1,0,0,1,3,1,0,0,1,1,0,0,0,1
4176,49,2,0.003637365,0,98391,0,1,0,4,0,0,0,1,0,2,4,4,4,3,4,4,3,4,3,4,2,3,2,3,3,3,2,2,3,3,2,2,-0.398772858,0.495627519,-0.044899893,0,0,1,0,3,0,1,1,0,0,2,0,4,1,0,1,0,0,3,1,0,1,0,0,0,-9,0,1,0,0,1,1,0,0,1,1,0,0,1,1,0,0,1,1,0,0,1,1,0,0,0,1
4177,49,2,0.049114595,0,98106,0,1,0,2,0,1,0,0,0,2,4,3,4,4,1,4,1,5,4,4,1,2,1,1,2,2,1,2,2,3,2,4,0.169620589,0.529934238,0.26695539,0,0,1,0,3,0,0,1,0,0,2,0,4,1,0,1,0,1,2,0,0,0,1,1,0,1,1,0,0,1,3,0,1,0,2,1,0,0,1,1,0,0,1,0,1,0,2,0,0,0,1,4
4178,49,2,0.040876423,0,98444,0,1,0,2,0,1,0,0,0,2,5,4,5,3,3,3,3,3,3,3,2,2,2,3,2,2,2,2,2,3,3,3,0.900970883,-0.289338339,0.724989926,0,1,0,0,2,0,0,0,1,0,2,0,2,0,1,2,0,0,3,0,0,0,1,0,0,-9,0,0,0,1,3,0,1,0,2,0,0,1,3,0,1,0,2,0,1,0,2,0,0,0,1,4
4179,49,2,0.117861168,0,98005,0,1,0,3,0,0,1,0,0,2,2,3,3,3,1,3,3,5,5,5,3,3,2,3,2,2,1,3,3,2,2,2,-0.172572488,0.015957373,-0.01767486,1,0,1,0,3,0,0,1,0,0,2,0,4,0,0,3,0,0,3,0,0,0,1,0,0,-9,0,0,1,0,2,0,0,1,3,0,0,1,3,0,1,0,2,1,0,0,1,0,0,0,1,4
4180,49,4,0.01577455,0,98204,1,0,0,2,0,1,0,0,0,2,5,2,4,5,2,2,2,4,4,2,2,2,2,4,2,2,2,2,2,4,4,4,0.479090234,-1.879094578,-0.46017474,1,0,0,1,4,0,0,1,0,0,2,0,4,1,0,1,0,0,3,0,0,0,0,0,0,-9,0,0,0,1,3,0,0,1,3,0,1,0,2,0,0,1,3,1,0,0,1,0,0,0,1,4
4184,49,3,0.023616534,0,98498,0,1,0,2,0,1,0,0,0,1,4,1,4,5,1,5,1,5,4,4,1,3,3,3,2,1,3,1,3,3,2,1,0.527247491,0.601157537,0.880015741,1,1,0,0,2,0,0,1,0,0,2,0,4,1,0,1,0,1,2,0,0,0,0,0,0,1,1,0,1,0,2,0,1,0,2,0,1,0,2,1,0,0,1,0,1,0,2,0,0,1,0,3
4185,49,4,0.047497356,0,98498,0,1,0,1,1,0,0,0,0,1,4,1,2,5,1,1,1,5,5,5,1,2,2,3,2,2,2,2,2,4,3,4,0.725646474,0.80013697,-0.327433103,1,0,0,1,4,0,0,1,0,0,2,0,4,0,1,2,1,0,1,0,1,0,0,1,0,1,1,0,1,0,2,0,1,0,2,0,1,0,2,1,0,0,1,0,1,0,2,0,0,1,0,3
4188,49,4,0.021580598,0,98498,0,1,0,2,0,1,0,0,0,3,6,2,4,3,2,3,2,3,2,2,2,2,2,4,2,2,2,2,2,3,3,4,-0.327020839,-0.095473952,-0.154973498,1,0,0,0,1,0,0,0,0,0,2,0,5,1,0,1,0,0,3,1,0,0,0,0,0,-9,0,0,1,0,2,0,1,0,2,0,1,0,2,1,0,0,1,0,1,0,2,0,0,1,0,3
4189,49,2,0.037702455,0,98003,1,0,0,4,0,0,0,1,0,3,5,5,3,4,2,3,4,4,5,5,1,2,1,1,3,1,3,1,3,2,2,2,-0.859432381,1.639271062,0.232824394,0,0,0,0,1,1,1,1,0,0,2,0,4,0,1,2,0,0,3,1,0,0,0,0,0,1,1,0,0,1,3,0,0,1,3,0,0,1,3,0,1,0,2,1,0,0,1,0,0,0,1,4
4190,49,2,0.139955778,0,98077,0,1,0,2,0,1,0,0,0,2,6,2,5,5,1,1,1,5,5,3,2,2,2,3,3,1,1,2,3,3,2,2,-0.518659577,-0.403936092,-0.136278843,1,0,1,0,3,0,0,1,0,0,2,0,4,0,0,3,0,0,3,1,0,0,0,1,0,-9,0,1,0,0,1,1,0,0,1,1,0,0,1,0,1,0,2,1,0,0,1,1,0,0,0,1
4191,49,4,0.015399266,0,98204,1,0,0,2,0,1,0,0,0,3,4,1,5,5,1,2,1,1,1,1,2,2,2,4,2,2,2,2,2,4,4,4,-0.218515894,-1.075059356,-0.143161527,0,1,0,0,2,1,1,1,0,1,2,0,3,1,0,1,0,0,3,0,0,0,0,1,0,0,0,0,0,1,3,0,0,1,3,0,1,0,2,0,0,1,3,1,0,0,1,0,0,0,1,4
4194,49,2,0.010869914,0,98408,0,1,0,2,0,1,0,0,0,3,4,3,4,2,3,4,2,4,4,3,3,2,2,3,2,2,2,2,2,3,3,4,0.510019816,-0.419920476,0.060772895,1,0,1,0,3,0,0,1,0,0,2,0,4,1,0,1,0,0,3,1,0,0,1,1,0,-9,0,0,0,1,3,1,0,0,1,1,0,0,1,1,0,0,1,1,0,0,1,0,0,0,1,4
4197,49,2,0.019491298,0,98118,0,1,0,3,0,0,1,0,0,2,4,4,2,5,3,4,3,5,4,5,2,3,3,2,3,1,3,1,3,1,2,2,0.666642415,0.830716345,1.211498645,0,1,0,0,2,0,1,1,0,0,2,0,4,0,0,3,0,0,3,1,0,0,0,1,0,-9,0,0,0,1,3,0,1,0,2,1,0,0,1,1,0,0,1,0,0,1,3,0,0,0,1,4
4198,49,4,0.011488483,0,98012,0,1,0,2,0,1,0,0,0,3,5,4,2,4,1,2,2,4,4,3,2,2,2,1,2,2,3,1,3,1,2,1,-0.34246095,0.023826265,0.038349935,1,0,0,1,4,0,0,1,0,0,2,0,4,1,0,1,0,1,2,0,1,0,0,1,0,-9,0,0,1,0,2,0,1,0,2,1,0,0,1,1,0,0,1,1,0,0,1,0,0,1,0,3
4200,49,2,0.02932178,0,98373,0,1,0,3,0,0,1,0,0,4,5,5,4,5,5,5,1,4,4,5,3,1,3,1,3,1,2,1,3,2,2,3,-0.270489676,-0.797855271,-0.069210396,1,0,0,0,1,0,0,1,0,0,2,0,4,1,0,1,0,1,2,0,0,0,0,0,0,-9,0,0,1,0,2,0,1,0,2,0,1,0,2,0,0,1,3,1,0,0,1,0,0,1,0,3
4202,49,2,0.06169175,0,98445,0,1,0,3,0,0,1,0,0,3,4,3,3,4,2,2,2,4,3,3,1,1,3,2,3,1,1,1,3,1,1,1,-0.165829279,0.501731726,-0.473489171,0,1,0,0,2,0,0,1,0,0,2,0,4,1,0,1,1,0,1,0,0,0,0,0,0,1,1,0,1,0,2,1,0,0,1,1,0,0,1,1,0,0,1,1,0,0,1,1,0,0,0,1
4205,49,2,0.012226136,0,98126,0,1,0,3,0,0,1,0,0,2,5,4,3,4,2,2,3,2,4,3,1,1,3,3,2,2,1,3,3,4,4,3,-2.208730886,0.504604022,-0.099429286,0,1,0,0,2,0,0,1,0,0,2,0,4,1,0,1,0,0,3,1,0,0,1,0,0,-9,0,0,0,1,3,0,1,0,2,0,1,0,2,1,0,0,1,0,1,0,2,0,0,0,1,4
4208,49,4,0.023734674,0,98443,0,1,0,3,0,0,1,0,0,3,5,4,3,5,3,4,2,4,4,3,1,1,1,2,3,2,2,2,3,3,2,3,-1.099962636,0.644277029,-1.972995406,0,0,1,0,3,0,0,1,0,0,2,0,4,1,0,1,0,1,2,0,1,0,0,1,0,0,0,1,0,0,1,1,0,0,1,1,0,0,1,1,0,0,1,1,0,0,1,1,0,0,0,1
4212,49,2,0.00391195,0,98498,0,1,0,2,0,1,0,0,0,2,4,4,4,4,2,2,2,4,3,2,2,2,1,3,2,2,2,2,2,3,3,4,-0.231065302,-0.159804596,0.002775022,1,1,0,0,2,0,1,0,0,0,2,0,5,1,0,1,0,0,3,0,0,0,0,1,0,1,1,0,1,0,2,0,1,0,2,0,1,0,2,1,0,0,1,0,1,0,2,0,0,1,0,3
4213,49,3,0.092866207,0,98008,1,0,0,4,0,0,0,1,0,5,5,5,1,5,3,2,1,4,3,3,3,2,1,2,2,2,2,1,3,3,3,4,-0.51472739,0.493506198,-0.937154519,1,0,0,1,4,1,1,1,0,0,2,0,4,0,0,3,0,1,2,0,0,0,0,1,0,-9,0,0,0,1,3,0,0,1,3,0,1,0,2,1,0,0,1,1,0,0,1,0,0,0,1,4
4216,49,2,0.009189571,0,98122,1,0,0,2,0,1,0,0,0,1,2,2,5,5,5,5,5,5,5,5,3,3,1,3,3,2,1,3,3,2,2,2,1.257021927,1.262734868,0.588406236,1,1,0,0,2,1,1,1,0,0,2,0,4,0,1,2,0,0,3,1,0,0,0,1,1,-9,0,0,0,1,3,0,0,1,3,1,0,0,1,0,0,1,3,0,0,1,3,0,0,0,1,4
4217,49,4,0.075153818,0,98023,0,1,0,2,0,1,0,0,0,3,4,3,3,5,1,1,1,3,3,1,2,2,3,3,3,2,3,1,2,1,1,1,-1.516366698,-0.618005928,-0.850952091,1,0,1,0,3,0,0,1,0,0,2,0,4,1,0,1,0,0,3,0,1,0,0,0,0,0,0,0,0,1,3,0,1,0,2,1,0,0,1,1,0,0,1,1,0,0,1,0,0,1,0,3
4218,49,2,0.054779005,0,98012,0,1,0,2,0,1,0,0,0,2,4,3,5,3,1,1,1,3,4,3,1,1,1,4,3,1,1,1,3,3,3,3,0.589901468,1.299904748,-0.588688461,0,1,0,0,2,0,1,0,0,1,2,0,3,0,0,3,0,0,3,1,0,0,0,0,0,1,1,0,1,0,2,0,1,0,2,1,0,0,1,1,0,0,1,1,0,0,1,0,0,1,0,3
4220,49,4,0.059831988,0,98444,0,1,0,2,0,1,0,0,0,2,5,4,5,5,1,2,1,3,3,2,1,1,3,4,2,2,2,2,2,4,4,4,-0.157449452,-1.606590713,-0.198562392,0,0,0,1,4,0,0,1,0,0,2,0,4,1,0,1,1,0,1,0,0,0,0,0,0,-9,0,0,0,1,3,0,1,0,2,0,0,1,3,0,1,0,2,0,1,0,2,0,0,0,1,4
4221,32,4,0.000156414,0,87108,0,1,0,2,0,1,0,0,0,2,4,3,3,4,2,2,1,4,4,3,2,2,2,3,2,2,2,2,2,4,3,3,-0.727303221,-1.080232606,-1.024072664,1,1,0,0,2,0,0,1,0,0,2,0,4,1,0,1,0,0,3,1,0,0,0,0,0,1,1,0,1,0,2,0,0,1,3,1,0,0,1,0,0,1,3,1,0,0,1,0,0,0,1,4
4222,49,2,0.219746229,0,98312,0,1,0,2,0,1,0,0,0,5,5,5,4,5,2,1,1,5,5,3,3,3,3,1,3,2,3,1,3,1,2,3,0.214322799,-1.806397621,-0.867138615,1,0,0,0,1,0,0,1,0,0,2,0,4,1,0,1,0,1,2,0,1,0,0,0,0,1,1,0,1,0,2,0,1,0,2,0,0,1,3,1,0,0,1,1,0,0,1,0,0,1,0,3
4225,49,2,0.093259305,0,98056,0,1,0,2,0,1,0,0,0,1,5,1,5,4,2,2,3,3,3,3,2,2,2,2,2,2,1,2,3,3,2,4,-0.463102644,0.493394892,-0.852897546,1,0,0,0,1,1,1,1,0,0,2,0,4,0,0,0,0,1,2,0,0,0,0,0,0,0,0,0,0,1,3,0,1,0,2,1,0,0,1,0,1,0,2,1,0,0,1,0,0,0,1,4
4226,49,2,0.116643149,0,98311,0,1,0,3,0,0,1,0,0,1,5,3,4,4,1,1,1,4,3,1,2,2,2,3,2,2,2,2,2,3,3,3,-0.384657148,-0.470554,1.076134209,0,1,0,0,2,0,0,1,0,0,2,0,4,0,0,3,0,0,3,1,0,0,1,1,0,1,1,0,1,0,2,1,0,0,1,1,0,0,1,1,0,0,1,1,0,0,1,0,1,0,0,2
4227,49,4,0.012242724,0,98370,0,1,0,2,0,1,0,0,0,3,4,3,4,4,3,2,3,4,4,4,1,2,2,4,2,2,2,2,2,3,3,4,0.027094288,0.540775212,-1.840946362,1,1,0,0,2,0,0,1,0,0,2,0,4,1,0,1,0,0,3,1,1,0,0,0,0,1,1,1,0,0,1,1,0,0,1,1,0,0,1,0,1,0,2,0,1,0,2,0,1,0,0,2
4228,49,4,0.038740995,0,98072,0,1,0,4,0,0,0,1,0,4,5,5,4,4,4,4,4,4,4,4,2,2,2,3,2,2,2,2,3,1,1,3,-0.823011895,1.281787684,-0.417798464,0,1,0,0,2,0,0,0,1,0,2,0,2,1,0,1,1,0,1,0,0,0,0,0,0,-9,0,1,0,0,1,0,1,0,2,0,1,0,2,0,0,1,3,1,0,0,1,0,1,0,0,2
4231,49,2,0.085483961,0,98033,1,0,0,4,0,0,0,1,0,1,5,2,4,2,4,2,4,4,2,4,2,1,2,2,2,3,2,3,2,2,3,2,-0.46126775,0.696451031,-0.675487986,1,0,0,0,1,0,0,0,1,0,2,0,2,1,0,1,1,0,1,1,0,1,0,0,0,1,1,0,1,0,2,0,0,1,3,0,0,1,3,0,0,1,3,1,0,0,1,0,0,0,1,4
4232,49,2,0.021475615,0,98118,0,1,0,1,1,0,0,0,0,1,4,3,2,5,2,3,1,5,3,3,3,3,2,3,2,2,2,1,3,4,2,3,-0.928309118,-1.364071559,-1.10884283,1,0,1,0,3,1,1,1,0,0,2,0,4,0,1,2,0,1,2,0,0,0,0,1,0,1,1,0,0,1,3,0,1,0,2,1,0,0,1,1,0,0,1,0,0,1,3,0,0,0,1,4
4234,49,4,0.007178185,0,98032,1,0,0,4,0,0,0,1,0,3,4,3,2,4,1,2,1,4,4,4,2,1,1,1,3,1,1,2,3,3,2,3,-2.145527427,-1.491810658,1.72473345,1,1,0,0,2,0,0,1,0,0,2,0,4,1,0,1,0,0,3,1,1,0,0,1,0,-9,0,0,0,1,3,0,0,1,3,0,0,1,3,0,1,0,2,0,1,0,2,0,0,0,1,4
4235,49,4,0.020190287,0,98367,0,1,0,2,0,1,0,0,0,2,3,3,3,5,3,3,3,5,5,5,1,1,3,1,3,1,2,1,3,3,3,4,0.403797964,-0.135366958,0.418009457,1,0,1,0,3,1,1,0,0,0,1,1,1,0,0,3,0,0,3,0,0,0,0,1,0,1,1,1,0,0,1,1,0,0,1,1,0,0,1,1,0,0,1,0,1,0,2,1,0,0,0,1
4237,45,2,16.68291594,1,76011,1,0,0,3,0,0,1,0,0,3,5,5,4,2,1,2,2,5,5,5,1,1,3,1,3,1,3,1,3,3,2,2,0.873790169,0.003885757,0.21951487,0,1,0,0,2,1,1,0,1,0,2,0,2,0,0,3,1,0,1,0,0,0,1,0,0,-9,0,0,1,0,2,0,0,1,3,0,0,1,3,0,0,1,3,1,0,0,1,0,1,0,0,2
4238,49,2,0.035917955,0,98133,1,0,0,1,1,0,0,0,0,2,5,4,5,4,4,5,4,4,5,4,2,2,3,3,1,3,2,2,3,3,3,1,0.324554163,0.750993117,0.756610591,0,1,0,0,2,0,0,0,0,1,1,1,1,0,1,2,0,0,3,0,0,0,0,0,0,1,1,0,0,1,3,0,0,1,3,0,1,0,2,0,1,0,2,1,0,0,1,0,0,0,1,4
4241,49,2,0.005350542,0,98418,0,1,0,4,0,0,0,1,0,2,4,4,5,4,4,5,4,4,5,4,2,3,3,3,2,2,3,2,2,2,3,3,-0.375810748,0.520132147,0.154600956,0,1,0,0,2,0,1,1,0,0,2,0,4,1,0,1,0,0,3,1,0,1,0,0,0,1,1,0,1,0,2,0,1,0,2,0,0,1,3,1,0,0,1,0,1,0,2,0,0,0,1,4
4245,3,2,0.031153111,1,85001,1,0,0,5,0,0,0,0,1,1,5,5,5,5,5,5,4,5,5,5,3,3,3,2,3,3,1,3,3,1,1,2,0.759628429,0.267698549,0.863397012,0,0,0,0,1,1,1,1,0,0,2,0,4,0,0,3,0,0,3,1,0,0,0,0,0,-9,0,0,0,0,0,0,0,0,0,0,0,0,0,0,0,0,0,0,0,0,0,0,0,0,0,0
4246,49,2,0.110321789,0,98058,0,1,0,1,1,0,0,0,0,1,5,3,5,5,3,3,2,3,4,3,1,1,2,3,2,2,2,2,2,3,4,4,-2.10015103,-0.860381038,-1.932001851,1,0,0,0,1,1,1,0,0,1,2,0,3,0,0,0,0,0,3,0,0,0,0,1,0,-9,0,0,1,0,2,1,0,0,1,1,0,0,1,1,0,0,1,1,0,0,1,0,1,0,0,2
4248,49,4,0.00358228,0,98023,0,1,0,3,0,0,1,0,0,3,5,4,1,4,4,4,1,5,5,5,2,3,3,2,2,2,3,1,3,4,2,2,-2.04271849,0.02991762,1.323494062,1,1,0,0,2,0,0,1,0,0,2,0,4,0,1,2,0,0,3,1,0,0,0,0,0,0,0,0,0,1,3,0,1,0,2,1,0,0,1,1,0,0,1,1,0,0,1,0,0,1,0,3
4249,49,2,0.6536688,0,98029,0,1,0,2,0,1,0,0,0,1,4,2,4,3,1,4,4,4,4,4,2,2,2,4,2,2,2,2,2,3,3,3,0.580220803,0.019316242,0.001837338,1,0,1,0,3,0,0,1,0,1,2,0,3,0,0,3,0,1,2,0,0,0,1,1,0,-9,0,0,0,1,3,1,0,0,1,1,0,0,1,1,0,0,1,1,0,0,1,0,0,1,0,3
4252,49,2,0.059609819,0,98275,0,1,0,3,0,0,1,0,0,3,5,3,2,4,2,4,4,5,5,4,2,2,2,2,3,1,3,1,3,3,2,3,1.087750738,-1.461067127,-0.104686911,1,1,0,0,2,1,1,1,0,0,2,0,4,0,0,3,1,0,1,0,0,0,0,1,0,-9,0,0,1,0,2,0,1,0,2,1,0,0,1,1,0,0,1,0,1,0,2,0,0,1,0,3
4253,49,2,0.094247603,0,98042,0,1,0,2,0,1,0,0,0,3,5,3,2,5,1,4,1,4,4,3,1,1,1,1,3,1,1,3,3,1,2,3,-0.155860967,1.483213263,0.168823902,1,0,0,0,1,0,0,0,0,0,2,0,5,0,1,2,0,1,2,0,0,0,1,0,0,-9,0,0,1,0,2,1,0,0,1,0,1,0,2,1,0,0,1,1,0,0,1,1,0,0,0,1
4254,49,2,0.0551614,0,98204,1,0,0,4,0,0,0,1,0,3,3,4,1,4,1,1,3,5,4,3,3,2,3,3,2,2,3,2,3,4,2,4,-2.024730662,-0.886783433,-1.717914557,1,0,1,0,3,0,0,0,1,0,2,0,2,0,1,2,0,0,3,0,0,0,1,1,0,-9,0,0,0,1,3,0,0,1,3,0,1,0,2,0,0,1,3,1,0,0,1,0,0,0,1,4
4255,49,2,0.020751407,0,98108,1,0,0,5,0,0,0,0,1,1,5,5,4,5,4,4,4,4,5,4,1,3,3,1,3,1,3,3,1,1,2,2,0.292943126,1.428660541,0.423075739,0,0,1,0,3,0,1,1,0,0,2,0,4,0,0,3,0,0,3,1,1,0,0,0,0,-9,0,0,0,1,3,0,0,1,3,0,0,1,3,0,1,0,2,0,0,1,3,0,0,0,1,4
4256,49,4,0.007167255,0,98020,0,1,0,3,0,0,1,0,0,2,5,4,2,4,1,1,1,4,3,1,2,2,2,1,3,1,2,2,3,3,2,4,-0.495097814,0.140416169,0.350680369,0,1,0,0,2,1,1,1,0,0,2,0,4,0,1,2,0,0,3,1,0,0,0,1,0,-9,0,0,1,0,2,1,0,0,1,1,0,0,1,0,1,0,2,0,1,0,2,0,0,1,0,3
4257,49,4,0.068096051,0,98037,1,0,0,2,0,1,0,0,0,4,4,3,3,3,5,1,3,1,2,2,3,2,3,3,2,2,2,3,2,4,4,2,-1.299633502,-0.591605183,-0.325216662,1,1,0,0,2,0,0,0,0,0,1,1,1,1,0,1,0,1,2,0,0,0,0,0,0,1,1,0,0,1,3,0,1,0,2,0,1,0,2,0,1,0,2,1,0,0,1,0,0,1,0,3
4259,49,2,0.056378016,0,98101,1,0,0,2,0,1,0,0,0,3,4,5,1,4,3,4,1,4,5,4,1,1,1,1,2,1,3,1,3,2,2,3,-0.475681856,-0.432864823,-1.81734559,1,1,0,0,2,1,1,0,0,1,2,0,3,1,0,1,1,0,1,0,0,0,1,0,0,-9,0,0,0,1,3,0,0,1,3,0,0,1,3,0,0,1,3,0,0,1,3,0,0,0,1,4
4260,49,2,0.211754227,0,98391,0,1,0,1,1,0,0,0,0,1,4,4,5,4,2,2,1,4,4,3,2,3,3,2,3,2,2,2,3,2,2,4,0.317138186,-0.658622152,1.507826094,0,0,0,0,1,0,0,1,0,0,2,0,4,0,0,3,0,0,3,1,0,0,1,1,0,-9,0,1,0,0,1,1,0,0,1,1,0,0,1,1,0,0,1,1,0,0,1,1,0,0,0,1
4264,49,2,0.067707947,0,98033,1,0,0,3,0,0,1,0,0,3,4,3,3,4,3,3,3,4,4,3,1,2,2,4,2,2,2,2,2,4,2,4,-0.29803016,0.108013231,-0.363694325,1,1,0,0,2,1,1,1,0,0,2,0,4,0,0,3,0,0,3,1,0,0,1,1,0,1,1,0,1,0,2,0,0,1,3,0,0,1,3,0,0,1,3,1,0,0,1,0,0,0,1,4
4267,49,1,0.079108427,0,98121,1,0,0,2,0,1,0,0,0,1,4,4,4,5,4,3,2,4,5,4,2,3,3,3,2,2,3,2,2,2,2,3,0.993263005,0.348806369,0.408855998,0,1,0,0,2,0,1,1,0,0,1,1,1,0,0,3,0,0,3,1,0,0,0,0,0,-9,0,0,0,1,3,0,0,1,3,0,0,1,3,0,0,1,3,0,0,1,3,0,0,0,1,4
4268,3,2,0.085928289,1,85001,1,0,0,5,0,0,0,0,1,1,5,5,4,4,5,4,4,5,4,5,2,3,2,2,2,3,2,2,2,2,3,3,0.781360913,0.712830787,0.822588959,0,0,0,0,1,1,1,1,0,0,2,0,4,0,0,3,0,0,3,1,0,0,0,1,0,1,1,0,0,0,0,0,0,0,0,0,0,0,0,0,0,0,0,0,0,0,0,0,0,0,0,0
4271,49,3,0.053460267,0,98122,1,0,0,4,0,0,0,1,0,3,4,4,5,5,3,4,5,4,5,4,2,3,2,2,3,2,2,2,2,3,2,2,0.167241024,0.335654033,0.0741331,1,1,0,0,2,0,1,1,0,0,2,0,4,0,0,3,0,0,3,1,0,0,0,0,0,-9,0,0,0,1,3,0,0,1,3,1,0,0,1,0,0,1,3,0,0,1,3,0,0,0,1,4
4273,33,2,0.161335081,0,11221,1,0,0,4,0,0,0,1,0,2,5,4,4,3,4,4,4,3,3,4,3,2,3,2,2,2,3,3,3,3,2,3,0.463764772,0.566953177,0.779154757,0,1,0,0,2,0,1,1,0,0,2,0,4,1,0,1,0,0,3,1,0,0,0,1,0,-9,0,0,0,1,3,0,0,1,3,1,0,0,1,1,0,0,1,0,0,1,3,0,0,1,0,3
4278,49,2,0.033459929,0,98087,1,0,0,2,0,1,0,0,0,1,5,3,4,5,1,4,1,5,5,4,2,2,2,4,2,2,1,2,2,4,2,2,-0.057390379,0.020259288,0.346215846,1,1,0,0,2,0,0,1,0,0,2,0,4,0,0,3,0,0,3,1,0,0,1,1,0,-9,0,0,0,1,3,0,1,0,2,0,0,1,3,0,1,0,2,1,0,0,1,0,0,0,1,4
4283,49,2,0.08431398,0,98106,0,1,0,4,0,0,0,1,0,1,5,4,4,5,4,5,1,5,4,5,2,3,2,2,2,2,3,3,2,3,2,2,0.941898687,1.289750641,0.410246272,0,1,0,0,2,0,1,1,0,0,2,0,4,0,0,3,0,0,3,1,0,0,0,1,0,-9,0,0,0,1,3,0,1,0,2,1,0,0,1,1,0,0,1,0,1,0,2,0,0,0,1,4
4285,49,2,0.003939427,0,98118,0,1,0,3,0,0,1,0,0,3,4,3,4,4,4,1,3,4,4,4,1,2,2,3,2,1,2,2,2,4,3,4,-1.001315241,0.054663549,0.142856528,1,1,0,0,2,0,0,1,0,0,2,0,4,0,1,2,0,1,2,0,0,0,0,0,1,-9,0,0,0,1,3,0,1,0,2,1,0,0,1,1,0,0,1,0,0,1,3,0,0,0,1,4
4286,49,4,0.033719651,0,98354,0,1,0,1,1,0,0,0,0,1,4,1,5,5,2,2,2,4,4,3,1,1,2,1,2,2,2,2,3,1,2,3,-0.113606075,-0.723983516,0.409762645,0,1,0,0,2,1,1,1,0,0,2,0,4,0,0,3,0,0,3,0,0,0,0,1,0,-9,0,0,1,0,2,1,0,0,1,0,0,1,3,1,0,0,1,1,0,0,1,0,0,0,1,4
4289,49,2,0.010899185,0,98133,1,0,0,3,0,0,1,0,0,2,1,0,3,3,1,5,3,5,5,5,2,2,2,3,2,2,2,2,2,3,2,2,1.315060637,0.040487896,-0.01264001,1,0,1,0,3,0,0,1,0,0,2,0,4,1,0,1,0,0,3,1,0,0,1,0,0,-9,0,0,0,1,3,0,0,1,3,0,1,0,2,0,1,0,2,1,0,0,1,0,0,0,1,4
4290,49,2,0.265913729,0,98133,1,0,0,4,0,0,0,1,0,2,5,4,4,5,3,5,4,5,3,5,3,2,1,2,1,2,3,1,2,2,3,1,0.136753735,0.353912208,0.012901103,0,1,0,0,2,0,0,1,0,0,2,0,4,0,0,3,0,0,3,1,0,0,0,1,0,1,1,0,0,1,3,0,0,1,3,0,1,0,2,0,1,0,2,1,0,0,1,0,0,0,1,4
4291,49,4,0.031988921,0,98004,0,1,0,3,0,0,1,0,0,3,4,4,3,4,2,2,2,4,4,4,3,2,2,2,2,2,2,2,3,3,3,3,-0.004734,0.822669571,0.131045397,0,1,0,0,2,0,0,1,0,0,2,0,4,1,0,1,1,0,1,0,0,0,0,0,1,0,0,0,1,0,2,0,0,1,3,0,0,1,3,0,0,1,3,1,0,0,1,0,0,0,1,4
4292,49,4,0.029385159,0,98002,1,0,0,2,0,1,0,0,0,1,3,1,5,5,1,1,1,1,1,1,2,2,2,4,2,2,2,2,2,4,4,4,-0.807450647,-1.321741551,-0.687538512,1,1,0,0,2,0,0,0,0,0,2,0,5,0,0,0,1,0,1,0,1,0,0,1,1,0,0,0,0,1,3,0,0,1,3,0,1,0,2,0,1,0,2,0,1,0,2,0,0,0,1,4
4293,49,1,0.159111145,0,98004,0,1,0,3,0,0,1,0,0,2,5,4,2,4,3,4,1,5,5,5,2,2,2,3,2,2,2,2,2,2,2,4,0.538386889,-1.218659128,0.911303705,1,0,0,0,1,0,1,1,0,0,2,0,4,0,0,3,0,1,2,0,0,0,0,0,0,1,1,0,1,0,2,0,0,1,3,0,0,1,3,0,0,1,3,1,0,0,1,0,0,0,1,4
4294,49,2,0.007076178,0,98439,0,1,0,1,1,0,0,0,0,1,5,3,4,5,4,4,4,5,5,5,1,1,1,3,3,2,2,3,3,4,2,2,0.727861158,1.354074346,0.966979397,1,1,0,0,2,0,0,1,0,0,2,0,4,0,1,2,0,0,3,1,0,0,0,0,0,-9,0,0,1,0,2,1,0,0,1,1,0,0,1,1,0,0,1,0,1,0,2,0,0,1,0,3
4296,49,2,0.050274066,0,98198,1,0,0,3,0,0,1,0,0,2,6,3,4,5,5,5,5,4,4,5,1,1,1,1,3,1,1,1,3,2,2,2,0.14623458,1.355241749,0.203607879,0,1,0,0,2,0,1,1,0,0,2,0,4,0,0,3,0,0,3,1,0,0,0,1,0,-9,0,0,0,1,3,0,1,0,2,0,1,0,2,0,1,0,2,0,1,0,2,0,0,1,0,3
4298,49,3,0.004311457,0,98374,0,1,0,2,0,1,0,0,0,2,1,3,3,5,1,4,3,2,4,4,1,3,3,1,3,1,2,2,3,2,2,2,0.858677407,0.34447752,0.997765952,1,0,0,0,1,0,0,0,0,1,2,0,3,0,0,0,0,0,3,0,0,0,0,0,0,-9,0,0,1,0,2,0,1,0,2,1,0,0,1,1,0,0,1,1,0,0,1,1,0,0,0,1
4299,49,2,0.052139618,0,98043,0,1,0,3,0,0,1,0,0,2,5,2,2,5,1,1,1,5,5,1,1,1,1,1,2,2,1,2,3,4,2,3,0.013424866,-1.124094968,1.361783672,1,1,0,0,2,0,0,1,0,0,2,0,4,0,1,2,0,1,2,0,0,0,1,0,0,1,1,0,1,0,2,0,1,0,2,0,0,1,3,0,0,1,3,1,0,0,1,0,0,0,1,4
4301,49,2,0.169049282,0,98001,0,1,0,2,0,1,0,0,0,1,4,4,3,4,3,4,3,5,4,4,3,3,3,3,2,2,3,1,3,2,2,3,-0.691747314,0.495132701,-0.394459945,0,1,0,0,2,0,0,0,0,1,2,0,3,1,0,1,0,0,3,0,0,0,1,0,0,0,0,0,1,0,2,0,1,0,2,0,0,1,3,1,0,0,1,0,1,0,2,0,1,0,0,2
4303,49,2,0.104053435,0,98406,1,0,0,3,0,0,1,0,0,3,5,5,4,3,4,5,2,3,4,3,2,2,3,1,2,2,2,3,3,2,2,2,-0.291941708,-0.255643774,-0.721878808,1,0,0,0,1,0,0,1,0,0,2,0,4,1,0,1,1,0,1,0,0,0,1,0,1,-9,0,0,0,1,3,0,0,1,3,0,1,0,2,0,0,1,3,1,0,0,1,0,0,0,1,4
4304,49,2,0.038193181,0,98003,1,0,0,3,0,0,1,0,0,2,5,4,4,2,2,2,1,5,5,5,1,2,2,3,3,2,2,2,3,3,2,2,0.480148807,1.134119083,1.021874669,0,1,0,0,2,1,1,1,0,0,2,0,4,0,1,2,0,1,2,0,0,0,0,1,0,-9,0,0,0,1,3,0,0,1,3,0,0,1,3,0,1,0,2,1,0,0,1,0,0,0,1,4
4305,49,4,0.016659537,0,98445,0,1,0,2,0,1,0,0,0,3,4,4,4,5,4,4,4,4,4,4,2,2,2,3,2,2,2,2,2,3,3,3,-0.008947771,1.34521458,0.562853,1,1,0,0,2,0,0,1,0,0,2,0,4,0,1,2,1,0,1,0,0,0,0,1,0,1,1,0,1,0,2,1,0,0,1,1,0,0,1,1,0,0,1,1,0,0,1,1,0,0,0,1
4309,14,2,6.340896289,0,60604,1,0,0,4,0,0,0,1,0,1,4,2,4,5,5,3,3,4,5,4,3,1,3,2,2,1,1,3,3,1,1,2,0.602226732,0.018342443,0.182394679,0,0,0,0,1,0,0,1,0,0,2,0,4,0,0,3,0,0,3,1,0,1,0,1,0,1,1,0,0,1,3,0,0,1,3,0,0,1,3,0,1,0,2,0,0,1,3,0,0,0,1,4
4310,49,4,0.085244328,0,98146,0,1,0,2,0,1,0,0,0,2,5,5,4,3,1,1,1,4,4,3,2,1,2,3,2,2,2,2,2,3,3,3,0.415395893,-0.111187296,0.271268638,1,1,0,0,2,0,0,0,0,0,2,0,5,1,0,1,0,0,3,1,0,0,0,0,0,0,0,0,0,1,3,0,1,0,2,1,0,0,1,0,1,0,2,0,1,0,2,0,0,1,0,3
4311,49,3,0.233035571,0,98062,0,1,0,3,0,0,1,0,0,2,3,4,3,3,3,3,3,3,3,3,2,2,2,3,2,2,2,2,2,3,3,3,-0.849085224,0.243209007,-1.040977825,0,0,0,0,1,1,1,1,0,0,1,1,1,0,0,3,0,1,2,0,0,0,0,0,0,-9,0,0,0,0,0,0,0,0,0,0,0,0,0,0,0,0,0,0,0,0,0,0,0,0,0,0
4312,49,2,0.036267672,0,98178,0,1,0,5,0,0,0,0,1,1,5,5,5,4,4,5,4,3,4,5,3,2,2,2,2,3,2,3,2,2,3,3,0.30880811,1.408693112,0.329844408,0,1,0,0,2,0,1,1,0,0,2,0,4,0,0,3,0,0,3,1,0,1,0,0,0,-9,0,0,1,0,2,0,0,1,3,0,0,1,3,1,0,0,1,0,1,0,2,0,0,0,1,4
4313,49,4,0.007186034,0,98201,1,0,0,2,0,1,0,0,0,2,5,3,4,5,2,2,3,5,4,2,2,2,2,2,2,2,2,2,3,3,2,3,-0.263613347,0.441688236,-2.079103462,1,1,0,0,2,0,0,1,0,0,2,0,4,1,0,1,0,0,3,0,0,0,0,1,1,-9,0,0,0,1,3,0,0,1,3,0,1,0,2,0,0,1,3,0,1,0,2,0,0,0,1,4
4316,49,2,0.012691168,0,98374,0,1,0,3,0,0,1,0,0,3,4,3,2,5,3,4,3,4,4,3,1,1,3,2,3,1,1,1,3,2,2,1,-0.776752466,0.418961359,-1.238882009,1,1,0,0,2,0,0,0,0,0,2,0,5,1,0,1,0,1,2,1,0,0,1,0,0,-9,0,0,1,0,2,0,1,0,2,1,0,0,1,1,0,0,1,1,0,0,1,1,0,0,0,1
4317,49,2,0.024540935,0,98311,0,1,0,2,0,1,0,0,0,1,5,2,4,4,2,1,1,5,5,4,1,1,3,1,2,2,1,3,2,4,2,2,0.293259868,0.635921355,0.785217255,0,1,0,0,2,0,0,1,0,0,2,0,4,0,1,2,0,0,3,0,0,0,1,1,0,1,1,0,1,0,2,1,0,0,1,1,0,0,1,1,0,0,1,1,0,0,1,0,1,0,0,2
4319,49,2,0.040994586,0,98036,0,1,0,1,1,0,0,0,0,1,4,1,4,5,1,1,1,5,5,4,1,1,2,1,3,1,1,2,3,1,2,3,0.760100343,-0.374419575,-0.0144227,0,1,0,0,2,0,0,1,0,0,1,1,1,0,1,2,0,0,3,1,0,0,0,0,0,-9,0,0,1,0,2,0,0,1,3,1,0,0,1,1,0,0,1,1,0,0,1,0,0,1,0,3
4320,49,2,0.011391904,0,98444,0,1,0,3,0,0,1,0,0,3,5,3,3,1,1,1,1,5,5,5,2,2,1,3,2,2,1,1,1,1,2,2,0.375458561,0.931189697,0.50405678,1,1,0,0,2,0,0,1,0,0,1,1,1,1,0,1,0,0,3,1,0,0,1,1,0,-9,0,0,0,1,3,0,1,0,2,0,0,1,3,0,1,0,2,0,1,0,2,0,0,0,1,4
4321,26,4,0.443763241,0,63125,0,1,0,3,0,0,1,0,0,1,4,3,1,4,2,2,1,2,5,1,1,1,1,1,2,1,1,2,2,4,2,3,0.703703273,-0.195494608,-0.404747797,0,1,0,0,2,0,0,1,0,0,2,0,4,1,0,1,1,0,1,0,0,0,0,1,1,-9,0,0,1,0,2,0,1,0,2,0,1,0,2,0,0,1,3,1,0,0,1,0,0,1,0,3
4324,10,2,0.844824946,0,32413,0,1,0,3,0,0,1,0,0,2,2,1,4,4,2,2,2,3,3,2,2,2,2,3,2,2,1,2,2,4,3,4,-0.226082521,-0.823728878,0.067957039,1,1,0,0,2,1,1,1,0,0,2,0,4,1,0,1,0,1,2,0,0,0,0,0,0,1,1,1,0,0,1,0,0,1,3,0,0,1,3,0,0,1,3,1,0,0,1,0,0,1,0,3
4325,28,2,3.567530511,0,68506,0,1,0,2,0,1,0,0,0,2,4,2,3,4,2,2,2,4,4,4,1,1,2,1,2,2,1,2,3,4,2,2,-0.012266381,0.804900679,-0.256722302,1,1,0,0,2,1,1,1,0,0,2,0,4,0,0,3,0,0,3,1,0,0,1,1,0,-9,0,0,1,0,2,0,0,1,3,1,0,0,1,0,1,0,2,1,0,0,1,0,0,0,1,4
4326,30,2,0.224559283,0,3851,0,0,1,5,0,0,0,0,1,4,5,4,2,4,3,4,5,3,4,4,3,1,3,2,3,1,1,1,3,1,2,1,-0.751269213,0.094216045,-0.184385599,0,0,0,0,1,1,1,1,0,0,2,0,4,0,1,2,1,0,1,0,0,0,1,1,0,1,1,1,0,0,1,1,0,0,1,0,1,0,2,1,0,0,1,1,0,0,1,1,0,0,0,1
4329,21,2,8.025161224,0,21222,0,1,0,5,0,0,0,0,1,3,5,4,3,5,1,1,1,2,1,1,3,3,2,2,3,1,2,2,3,4,2,3,0.693178433,-0.167467204,0.39527581,1,0,1,0,3,0,0,1,0,0,2,0,4,0,0,3,0,0,3,1,0,1,1,0,0,-9,0,0,0,1,3,0,1,0,2,0,1,0,2,0,1,0,2,0,1,0,2,0,0,1,0,3
4330,26,2,2.263122357,0,64126,0,1,0,1,1,0,0,0,0,1,5,5,5,5,5,5,4,5,5,4,2,2,2,3,2,2,2,2,2,3,3,3,0.984548793,1.393782222,1.217152987,0,1,0,0,2,0,0,1,0,0,2,0,4,0,0,3,0,1,2,0,0,0,0,1,0,1,1,0,1,0,2,0,1,0,2,0,1,0,2,0,1,0,2,1,0,0,1,0,0,1,0,3
4333,42,4,0.684629331,0,29485,0,1,0,3,0,0,1,0,0,3,5,3,5,5,1,1,1,5,5,1,2,2,2,2,3,2,2,2,3,2,2,4,-2.880974282,2.032794441,-2.176458299,1,1,0,0,2,0,0,1,0,0,2,0,4,1,0,1,1,0,1,0,0,0,0,1,1,-9,0,0,1,0,2,0,1,0,2,1,0,0,1,1,0,0,1,1,0,0,1,1,0,0,0,1
4334,45,2,9.168629641,0,78415,0,1,0,5,0,0,0,0,1,3,5,5,3,3,1,5,5,3,5,5,2,1,3,2,3,1,2,2,3,3,3,2,-0.28846576,0.979945192,-2.173998095,0,1,0,0,2,0,0,1,0,0,1,1,1,0,0,3,0,1,2,1,0,1,0,0,0,-9,0,0,0,1,3,0,1,0,2,0,0,1,3,0,1,0,2,1,0,0,1,0,0,0,1,4
4336,34,2,2.896267419,0,28215,0,1,0,3,0,0,1,0,0,2,5,4,5,5,1,1,3,4,3,1,1,3,1,3,2,2,1,2,2,1,2,4,-0.218954634,-0.486767383,-0.200807295,1,0,1,0,3,1,1,1,0,0,2,0,4,0,0,3,0,0,3,0,0,0,0,1,0,-9,0,0,1,0,2,1,0,0,1,0,1,0,2,1,0,0,1,0,1,0,2,0,1,0,0,2
4338,14,4,0.088557224,0,60484,0,1,0,1,1,0,0,0,0,2,5,4,5,5,2,2,2,4,4,4,1,3,3,3,2,2,1,2,3,4,3,3,0.424625179,-1.345882195,-0.051809207,1,0,1,0,3,0,0,0,1,0,2,0,2,1,0,1,0,0,3,1,0,0,0,0,0,-9,0,0,1,0,2,1,0,0,1,1,0,0,1,1,0,0,1,0,1,0,2,0,1,0,0,2
4339,31,2,2.868284468,0,7003,1,0,0,4,0,0,0,1,0,2,5,4,5,3,2,2,2,3,4,3,2,2,2,3,2,2,2,2,2,3,3,3,-0.151818055,-0.197554736,-0.303798213,1,1,0,0,2,0,1,1,0,0,2,0,4,0,0,3,0,1,2,0,0,0,1,1,0,-9,0,0,0,1,3,0,0,1,3,0,0,1,3,0,1,0,2,0,0,1,3,0,0,0,1,4
4340,45,4,2.611778201,1,79934,0,1,0,3,0,0,1,0,0,2,5,3,2,5,4,3,2,4,4,4,1,1,3,1,2,2,1,1,3,3,2,2,0.091069949,0.630599647,-0.404563055,1,1,0,0,2,0,0,1,0,0,1,1,1,0,1,2,0,0,3,1,0,0,0,1,0,-9,0,0,1,0,2,1,0,0,1,0,0,1,3,1,0,0,1,1,0,0,1,0,1,0,0,2
4341,36,4,0.334281,0,44460,0,1,0,1,1,0,0,0,0,1,4,0,5,5,1,1,1,5,5,1,2,2,2,4,2,2,2,2,3,1,2,1,-0.070183666,-0.594617855,-0.107062055,1,0,1,0,3,1,1,1,0,0,2,0,4,0,1,2,1,0,1,0,0,0,0,1,0,1,1,1,0,0,1,0,1,0,2,0,1,0,2,0,1,0,2,1,0,0,1,1,0,0,0,1
4347,45,2,1.000307571,1,75446,0,1,0,5,0,0,0,0,1,3,5,5,5,5,2,2,2,5,5,3,2,2,2,3,2,2,2,2,2,3,3,3,1.011188018,1.23713644,0.927082339,1,1,0,0,2,0,0,1,0,0,2,0,4,1,0,1,0,0,3,0,0,0,1,1,0,1,1,1,0,0,1,1,0,0,1,0,1,0,2,1,0,0,1,1,0,0,1,1,0,0,0,1
4349,34,2,1.675966053,0,28273,0,1,0,2,0,1,0,0,0,1,3,0,4,4,3,3,1,4,4,4,2,2,2,3,1,3,2,2,1,2,2,2,-0.837823354,-0.717607957,0.669813489,1,0,1,0,3,0,0,0,1,0,2,0,2,1,0,1,1,0,1,0,0,0,1,0,0,1,1,1,0,0,1,0,0,1,3,0,0,1,3,0,0,1,3,0,1,0,2,0,0,1,0,3
4350,23,4,0.216810785,0,49270,0,1,0,2,0,1,0,0,0,1,5,3,3,5,2,2,2,5,5,3,1,1,2,1,2,2,1,2,3,4,3,4,0.382285014,-1.398704827,0.483535463,1,0,1,0,3,0,0,1,0,0,2,0,4,1,0,1,0,1,2,0,0,0,0,1,0,1,1,1,0,0,1,1,0,0,1,0,1,0,2,1,0,0,1,1,0,0,1,1,0,0,0,1
4353,34,4,0.16851215,0,28540,0,1,0,2,0,1,0,0,0,3,2,2,5,5,1,1,1,1,1,1,2,2,2,4,2,2,2,2,2,4,3,4,1.387524032,-0.351817472,0.732113312,0,0,1,0,3,0,0,1,0,0,2,0,4,1,0,1,0,0,3,1,0,0,0,1,0,-9,0,1,0,0,1,0,1,0,2,0,1,0,2,0,0,1,3,1,0,0,1,1,0,0,0,1
4354,37,2,3.064221874,0,74047,0,1,0,5,0,0,0,0,1,4,4,5,1,5,1,1,1,5,3,1,2,2,2,4,2,2,1,2,3,4,2,4,1.263596965,-1.740618992,0.265614782,1,1,0,0,2,0,0,1,0,0,2,0,4,1,0,1,0,0,3,1,0,0,1,0,0,-9,0,1,0,0,1,1,0,0,1,1,0,0,1,0,0,1,3,1,0,0,1,1,0,0,0,1
4356,39,4,0.46472841,0,17702,0,1,0,2,0,1,0,0,0,1,6,1,5,4,1,3,1,4,4,1,2,2,2,4,2,2,2,2,2,4,4,4,0.224171118,-1.589308067,-0.305092709,0,1,0,0,2,0,0,1,0,0,2,0,4,0,1,2,0,0,3,0,0,0,0,1,0,-9,0,1,0,0,1,1,0,0,1,1,0,0,1,0,1,0,2,1,0,0,1,1,0,0,0,1
4357,39,2,0.331354842,0,17519,0,1,0,2,0,1,0,0,0,2,4,2,5,4,1,1,1,4,1,1,2,2,2,3,2,2,2,2,2,4,3,4,-0.601565385,0.600164209,0.020428878,0,0,1,0,3,0,0,1,0,0,2,0,4,0,1,2,0,0,3,0,0,0,1,0,0,1,1,1,0,0,1,1,0,0,1,1,0,0,1,0,0,1,3,1,0,0,1,1,0,0,0,1
4358,14,2,8.596366679,0,60921,0,0,1,1,1,0,0,0,0,1,5,1,5,5,1,1,1,2,5,1,2,2,2,3,2,2,2,2,2,4,3,4,1.271189813,0.328966885,0.913447593,1,0,1,0,3,0,1,1,0,0,2,0,4,0,0,3,0,1,2,0,0,0,0,1,0,1,1,1,0,0,1,1,0,0,1,1,0,0,1,1,0,0,1,1,0,0,1,1,0,0,0,1
4359,22,2,0.953053127,0,1832,0,1,0,2,0,1,0,0,0,1,5,3,3,4,4,3,5,3,3,4,2,1,2,2,3,2,3,1,3,3,1,1,-1.188939854,0.680420384,-0.273328249,0,1,0,0,2,0,0,1,0,0,2,0,4,0,1,2,0,1,2,1,0,0,0,0,0,-9,0,0,0,1,3,0,1,0,2,0,1,0,2,0,1,0,2,0,0,1,3,0,0,1,0,3
4360,4,2,0.92570756,0,72616,0,0,1,2,0,1,0,0,0,3,5,4,3,3,2,3,3,4,3,2,1,1,2,1,3,2,2,2,3,4,3,3,-0.263079536,-0.401636653,-0.824560179,1,1,0,0,2,0,0,1,0,0,2,0,4,1,0,1,0,0,3,1,0,0,0,1,0,-9,0,1,0,0,1,1,0,0,1,1,0,0,1,1,0,0,1,1,0,0,1,1,0,0,0,1
4363,11,4,1.30863265,0,30683,0,1,0,2,0,1,0,0,0,2,4,1,5,5,1,3,1,4,5,1,1,1,2,1,3,1,1,2,3,1,2,2,-0.182540541,-1.212268458,-0.693374383,1,0,1,0,3,0,0,1,0,0,2,0,4,0,1,2,0,1,2,0,0,0,0,1,0,1,1,1,0,0,1,1,0,0,1,1,0,0,1,0,0,1,3,1,0,0,1,1,0,0,0,1
4365,45,4,0.422105681,0,78332,0,1,0,2,0,1,0,0,0,2,5,4,2,4,2,2,3,5,5,5,1,1,1,1,2,2,1,2,3,1,2,3,0.642710147,0.672145556,-0.191826488,1,0,1,0,3,1,1,0,1,0,2,0,2,0,1,2,0,0,3,0,0,0,0,0,0,1,1,0,1,0,2,0,1,0,2,0,1,0,2,0,1,0,2,1,0,0,1,0,1,0,0,2
4366,26,2,0.639823326,0,63010,0,1,0,2,0,1,0,0,0,2,5,2,4,4,1,1,1,2,4,2,2,2,3,1,2,2,2,2,2,4,3,4,0.99517055,-1.095823233,0.530476053,1,0,1,0,3,0,0,1,0,0,2,0,4,1,0,1,1,0,1,0,0,0,1,0,0,-9,0,1,0,0,1,1,0,0,1,0,1,0,2,0,1,0,2,1,0,0,1,0,1,0,0,2
4371,45,4,0.144127558,1,76137,0,1,0,1,1,0,0,0,0,1,5,1,3,3,3,1,1,5,5,5,1,1,2,3,1,1,1,1,3,2,2,2,1.471639574,-0.434733864,0.787483748,1,0,1,0,3,0,0,1,0,0,2,0,4,1,0,1,0,0,3,0,0,0,0,1,0,-9,0,0,0,1,3,0,1,0,2,0,1,0,2,1,0,0,1,0,1,0,2,0,1,0,0,2
4372,23,4,0.840195207,0,49507,1,0,0,5,0,0,0,0,1,1,5,5,3,5,1,1,1,5,5,5,2,3,3,1,2,2,3,2,3,4,2,4,0.812932673,0.866981447,1.228268994,1,0,1,0,3,0,0,1,0,0,2,0,4,1,0,1,0,1,2,0,1,0,0,1,0,1,1,0,0,1,3,0,0,1,3,0,1,0,2,0,1,0,2,0,0,1,3,0,0,0,1,4
4373,39,2,8.636447872,0,18974,0,1,0,4,0,0,0,1,0,3,5,5,3,3,3,3,3,5,3,4,1,3,3,2,3,1,3,1,3,2,2,1,-1.547307768,1.353689046,0.154393472,1,1,0,0,2,0,1,0,0,0,2,0,5,0,1,2,0,0,3,1,0,0,0,1,0,-9,0,0,1,0,2,0,1,0,2,1,0,0,1,0,0,1,3,0,1,0,2,0,1,0,0,2
4375,33,2,0.261812355,0,11792,0,1,0,1,1,0,0,0,0,1,5,1,4,4,1,2,1,2,4,1,1,1,2,4,2,2,1,2,3,1,3,4,0.565878254,-1.604902459,0.604364942,0,1,0,0,2,0,0,1,0,0,2,0,4,0,1,2,0,1,2,0,0,1,1,1,0,-9,0,1,0,0,1,1,0,0,1,1,0,0,1,1,0,0,1,1,0,0,1,1,0,0,0,1
4376,23,2,0.741389171,0,48423,0,1,0,3,0,0,1,0,0,3,5,4,4,4,3,2,3,4,4,4,1,3,2,2,2,2,1,2,3,2,2,2,0.500499902,0.197993471,-0.989108908,1,1,0,0,2,0,0,1,0,0,2,0,4,1,0,1,1,0,1,0,0,0,1,0,0,1,1,1,0,0,1,1,0,0,1,0,1,0,2,0,1,0,2,1,0,0,1,1,0,0,0,1
4377,11,4,0.062036442,0,30087,0,1,0,3,0,0,1,0,0,3,3,3,2,5,3,3,2,3,3,3,1,3,3,1,3,3,1,1,3,1,2,1,-0.856018042,-0.410008257,-0.849902936,1,1,0,0,2,0,0,1,0,0,2,0,4,1,0,1,0,0,3,1,0,0,0,0,0,-9,0,1,0,0,1,1,0,0,1,0,1,0,2,0,1,0,2,1,0,0,1,1,0,0,0,1
4378,18,2,0.731957827,0,40272,0,1,0,4,0,0,0,1,0,3,5,4,2,5,1,1,1,3,1,1,2,2,2,4,2,2,2,2,2,4,4,4,-1.814620451,-1.51708645,-2.147933261,0,1,0,0,2,1,1,1,0,0,2,0,4,1,0,1,1,0,1,0,1,0,1,1,0,-9,0,1,0,0,1,1,0,0,1,0,1,0,2,0,0,1,3,1,0,0,1,0,1,0,0,2
4380,36,2,0.662503761,0,44113,0,1,0,2,0,1,0,0,0,2,4,4,5,5,1,3,2,4,4,3,2,2,2,3,2,2,2,2,2,4,2,4,0.55852307,-0.065052063,-0.313553595,1,1,0,0,2,0,0,1,0,0,2,0,4,0,1,2,0,0,3,1,0,0,0,1,0,1,1,0,1,0,2,0,0,1,3,0,0,1,3,0,0,1,3,0,0,1,3,0,0,0,1,4
4382,18,2,1.723609553,0,40243,0,1,0,3,0,0,1,0,0,2,5,3,5,1,1,1,1,1,4,1,1,3,1,1,1,2,2,1,3,1,2,1,1.017546784,-1.368363348,0.208694028,0,1,0,0,2,0,0,1,0,0,2,0,4,1,0,1,0,1,2,0,0,0,1,1,0,1,1,0,1,0,2,0,1,0,2,0,0,1,3,1,0,0,1,1,0,0,1,0,0,0,1,4
4383,22,2,1.441131109,0,1562,0,1,0,3,0,0,1,0,0,2,4,3,4,5,3,1,1,5,4,3,3,3,2,3,3,3,2,2,3,1,3,4,-2.041208428,-0.573450189,-0.449435864,1,0,1,0,3,1,1,1,0,0,2,0,4,0,0,3,0,1,2,0,0,0,0,1,0,1,1,1,0,0,1,1,0,0,1,1,0,0,1,0,0,1,3,1,0,0,1,1,0,0,0,1
4384,11,2,7.889260613,0,30052,0,1,0,3,0,0,1,0,0,3,5,4,1,5,1,4,1,5,5,5,1,1,3,1,2,2,2,2,3,1,2,3,1.022936355,-0.14367394,0.060012069,1,1,0,0,2,0,0,0,1,0,2,0,2,0,0,3,0,0,3,1,0,0,1,1,0,1,1,1,0,0,1,1,0,0,1,0,1,0,2,0,1,0,2,1,0,0,1,1,0,0,0,1
4385,23,2,0.649327067,0,48150,0,1,0,3,0,0,1,0,0,3,5,4,3,3,1,1,1,1,4,2,2,2,2,3,2,2,2,2,2,3,3,3,0.389612074,-1.487228988,-0.593284483,1,0,1,0,3,1,1,1,0,0,2,0,4,0,1,2,1,0,1,0,0,0,1,1,0,-9,0,0,1,0,2,0,1,0,2,1,0,0,1,0,1,0,2,1,0,0,1,0,1,0,0,2
4386,24,2,1.070189324,0,55303,0,1,0,2,0,1,0,0,0,1,1,1,4,3,1,1,1,1,1,1,1,1,1,4,2,3,3,2,2,4,2,4,-1.033712276,1.12784426,-0.867768403,1,1,0,0,2,1,1,1,0,0,2,0,4,0,0,3,0,0,3,1,0,0,1,0,0,1,1,0,1,0,2,0,0,1,3,0,0,1,3,0,1,0,2,0,1,0,2,0,1,0,0,2
4388,11,3,0.125791477,0,30318,1,0,0,5,0,0,0,0,1,2,5,5,5,5,3,3,3,5,3,3,3,1,2,1,2,2,2,2,2,3,3,4,-0.87537312,-0.540690547,-0.605304955,1,1,0,0,2,0,0,0,1,0,2,0,2,1,0,1,0,0,3,0,0,0,0,0,0,-9,0,0,0,1,3,0,0,1,3,1,0,0,1,0,1,0,2,0,0,1,3,0,0,1,0,3
4389,19,2,0.610824044,0,70615,0,1,0,2,0,1,0,0,0,1,4,0,4,5,1,1,1,5,3,3,2,2,2,4,2,2,2,2,3,4,3,4,-0.04762429,-0.832729021,1.028067476,1,1,0,0,2,0,0,1,0,0,2,0,4,1,0,1,0,1,2,0,0,0,1,1,1,-9,0,1,0,0,1,1,0,0,1,0,0,1,3,0,0,1,3,1,0,0,1,1,0,0,0,1
4390,42,2,0.963422668,0,29477,0,0,1,2,0,1,0,0,0,1,3,3,4,3,3,4,3,4,4,4,2,2,2,3,2,2,2,2,2,3,3,3,-0.093205696,0.545383659,-0.550876018,1,1,0,0,2,0,0,0,1,0,2,0,2,1,0,1,0,1,2,0,0,0,0,1,0,-9,0,1,0,0,1,1,0,0,1,1,0,0,1,1,0,0,1,1,0,0,1,1,0,0,0,1
4393,24,4,0.758683488,0,55024,0,1,0,2,0,1,0,0,0,3,4,4,4,5,3,4,1,3,4,4,2,2,2,3,2,2,2,2,3,3,3,4,1.45191284,-0.249082993,-0.915437157,1,0,1,0,3,0,0,1,0,0,2,0,4,1,0,1,1,0,1,0,0,0,0,0,0,1,1,1,0,0,1,1,0,0,1,0,0,1,3,0,0,1,3,1,0,0,1,1,0,0,0,1
4394,36,2,0.123268022,0,43219,0,1,0,3,0,0,1,0,0,1,1,4,5,5,3,4,2,4,4,4,1,1,1,1,1,2,2,2,3,3,2,3,-0.836521237,0.34363846,0.129200886,0,1,0,0,2,0,0,0,1,0,2,0,2,1,0,1,0,1,2,0,0,0,1,1,0,-9,0,0,1,0,2,0,0,1,3,0,0,1,3,0,0,1,3,1,0,0,1,0,0,1,0,3
4395,10,4,0.952721078,0,32226,0,1,0,3,0,0,1,0,0,1,3,5,5,1,1,5,1,5,5,5,3,2,3,3,3,3,2,2,3,3,2,3,1.143565156,1.348346383,0.610080798,1,1,0,0,2,0,0,0,1,0,2,0,2,1,0,1,0,0,3,0,0,0,0,1,0,-9,0,1,0,0,1,1,0,0,1,0,1,0,2,0,0,1,3,1,0,0,1,1,0,0,0,1
4396,1,2,2.534126668,0,36207,0,1,0,5,0,0,0,0,1,5,5,5,5,5,5,5,5,5,5,5,1,1,3,2,3,1,1,1,3,2,2,1,0.740728729,1.397157516,1.286365181,1,1,0,0,2,0,0,1,0,0,2,0,4,1,0,1,0,0,3,1,1,0,0,1,0,0,0,1,0,0,1,1,0,0,1,1,0,0,1,1,0,0,1,1,0,0,1,1,0,0,0,1
4398,11,2,1.110513828,0,30127,0,1,0,2,0,1,0,0,0,2,5,2,4,5,2,2,2,4,5,5,2,1,2,3,2,2,1,2,3,3,3,3,1.238402503,0.783099772,1.032720001,1,1,0,0,2,1,1,1,0,0,2,0,4,0,0,3,0,0,3,1,0,0,0,1,0,-9,0,1,0,0,1,1,0,0,1,1,0,0,1,0,0,1,3,1,0,0,1,1,0,0,0,1
4399,4,2,4.622120504,0,72104,0,1,0,1,1,0,0,0,0,1,5,2,5,5,1,1,1,5,3,3,2,1,2,3,2,1,2,2,3,4,3,3,-0.978219506,-0.346558693,0.208666226,1,0,1,0,3,1,1,1,0,0,2,0,4,0,0,3,0,1,2,0,0,0,0,1,0,-9,0,1,0,0,1,1,0,0,1,1,0,0,1,1,0,0,1,1,0,0,1,1,0,0,0,1
4400,7,2,0.615584379,0,6106,1,0,0,2,0,1,0,0,0,2,3,5,1,4,3,5,4,3,3,3,3,3,3,3,2,2,1,2,3,1,3,1,-0.871104841,0.224430523,-0.682682557,0,1,0,0,2,0,0,0,1,0,2,0,2,1,0,1,1,0,1,0,0,0,1,0,1,-9,0,0,0,1,3,0,0,1,3,0,0,1,3,0,1,0,2,0,0,1,3,0,0,0,1,4
4401,34,3,0.527557892,0,27514,0,1,0,2,0,1,0,0,0,2,5,5,4,2,1,1,1,5,5,3,3,2,2,2,2,2,3,3,2,4,3,3,0.3643059,-1.062384535,-1.401092209,1,0,0,0,1,0,0,1,0,0,2,0,4,1,0,1,0,1,2,0,1,0,0,0,0,1,1,0,1,0,2,0,1,0,2,0,1,0,2,0,0,1,3,1,0,0,1,0,0,0,1,4
4402,45,2,0.630557655,1,75024,1,0,0,2,0,1,0,0,0,3,5,3,3,4,4,4,4,4,4,4,2,2,2,3,2,2,2,2,2,4,4,4,-0.322675501,0.627230424,-0.116509956,1,1,0,0,2,0,1,0,0,1,2,0,3,1,0,1,0,1,2,1,0,0,0,0,0,-9,0,0,0,1,3,0,0,1,3,0,0,1,3,0,0,1,3,1,0,0,1,0,1,0,0,2
4403,39,1,1.03036891,0,19146,1,0,0,4,0,0,0,1,0,3,4,4,5,5,2,1,1,5,5,5,1,1,1,2,3,3,3,2,3,1,2,2,-1.621197932,1.347843405,0.526923479,1,0,0,0,1,0,0,0,1,0,2,0,2,0,1,2,0,0,3,1,0,0,0,0,0,1,1,0,0,1,3,0,0,1,3,1,0,0,1,1,0,0,1,0,0,1,3,0,0,0,1,4
4404,21,4,0.28066234,0,21214,0,1,0,2,0,1,0,0,0,2,4,4,3,3,4,4,2,2,4,4,1,1,1,3,2,2,1,1,1,2,1,1,-0.997144994,0.390033409,-0.803272487,1,1,0,0,2,0,0,1,0,0,2,0,4,1,0,1,0,1,2,0,0,0,0,0,0,-9,0,0,0,1,3,0,1,0,2,0,1,0,2,0,1,0,2,1,0,0,1,0,0,1,0,3
4405,10,4,0.761758992,1,33321,1,0,0,2,0,1,0,0,0,2,2,2,5,2,2,2,2,4,3,2,3,2,2,2,2,2,2,2,3,3,3,3,-0.369249125,-0.006035013,0.059960583,0,1,0,0,2,1,1,1,0,0,2,0,4,0,0,3,0,0,3,1,0,0,0,1,0,1,1,0,0,1,3,0,0,1,3,0,0,1,3,0,0,1,3,1,0,0,1,0,0,0,1,4
4407,36,4,0.357077206,0,43607,0,1,0,4,0,0,0,1,0,2,5,5,4,3,3,3,1,5,4,4,2,2,2,3,2,2,1,1,3,3,2,3,1.260864092,-0.582513984,-0.486499323,1,0,1,0,3,0,0,1,0,0,2,0,4,1,0,1,0,1,2,0,0,0,0,1,0,-9,0,0,1,0,2,0,1,0,2,1,0,0,1,1,0,0,1,1,0,0,1,0,0,1,0,3
4409,1,2,1.191422497,0,35045,0,1,0,4,0,0,0,1,0,3,5,5,3,5,1,1,1,5,5,5,1,1,1,1,2,2,2,2,3,4,2,2,-0.288167589,1.247425726,0.902676683,1,1,0,0,2,0,0,1,0,0,2,0,4,1,0,1,0,0,3,1,0,0,1,1,0,-9,0,1,0,0,1,1,0,0,1,1,0,0,1,1,0,0,1,1,0,0,1,1,0,0,0,1
4413,49,4,0.01506494,0,98444,0,1,0,3,0,0,1,0,0,3,5,4,5,5,4,4,1,1,5,5,2,2,2,3,2,2,2,3,2,2,2,4,0.838101285,0.740729481,-0.084995681,0,1,0,0,2,0,0,1,0,0,2,0,4,1,0,1,0,1,2,0,0,0,0,0,1,-9,0,0,0,1,3,0,1,0,2,0,0,1,3,0,1,0,2,0,1,0,2,0,0,0,1,4
4414,49,2,0.074304644,0,98105,1,0,0,4,0,0,0,1,0,1,5,5,4,5,5,5,4,5,5,4,3,3,3,3,2,2,3,3,3,3,3,2,0.721543258,1.111819146,1.324144575,0,1,0,0,2,1,1,1,0,0,1,1,1,0,0,3,0,0,3,1,1,0,0,1,0,-9,0,0,0,1,3,0,0,1,3,0,0,1,3,0,0,1,3,1,0,0,1,0,0,0,1,4
4415,14,2,0.220080783,0,60431,0,1,0,3,0,0,1,0,0,3,4,3,4,4,2,2,1,4,5,4,2,2,2,3,2,2,2,2,2,4,3,4,0.447461205,-0.108229579,-0.654453657,1,0,1,0,3,0,0,1,0,0,2,0,4,1,0,1,0,0,3,0,0,0,0,0,0,-9,0,0,1,0,2,0,1,0,2,0,0,1,3,1,0,0,1,1,0,0,1,0,1,0,0,2
4416,23,2,0.521442372,0,49855,0,1,0,5,0,0,0,0,1,3,5,5,4,4,2,2,1,4,3,3,2,1,3,3,2,2,2,2,2,4,2,1,-0.529247772,-1.225861755,-0.76673396,1,1,0,0,2,1,1,1,0,0,2,0,4,1,0,1,1,0,1,0,0,0,0,0,0,-9,0,0,1,0,2,0,0,1,3,0,1,0,2,0,0,1,3,1,0,0,1,0,1,0,0,2
4417,24,4,0.386597744,0,55415,0,1,0,5,0,0,0,0,1,3,5,3,1,5,2,2,2,2,4,2,1,2,2,3,2,2,3,1,3,1,2,3,-0.490385217,-1.172320692,-0.029382348,1,1,0,0,2,0,0,1,0,0,2,0,4,1,0,1,1,0,1,0,0,0,0,0,1,-9,0,0,1,0,2,0,0,1,3,0,0,1,3,0,1,0,2,0,0,1,3,0,0,0,1,4
4418,31,2,1.547095722,0,8530,0,1,0,2,0,1,0,0,0,2,4,2,5,5,1,1,1,4,4,4,2,2,2,3,2,2,2,1,2,3,3,3,-0.65242217,0.87984307,1.529295664,0,1,0,0,2,1,1,1,0,0,2,0,4,0,0,3,0,0,3,0,0,0,1,1,0,-9,0,1,0,0,1,0,1,0,2,0,1,0,2,0,0,1,3,1,0,0,1,1,0,0,0,1
4419,11,4,0.614200023,0,31903,0,1,0,3,0,0,1,0,0,1,4,3,1,5,1,1,1,1,1,1,2,2,2,4,2,2,2,2,2,4,3,4,-0.027214276,-0.973953549,-0.236117113,0,0,0,0,1,0,0,0,1,0,2,0,2,1,0,1,1,0,1,0,0,0,0,0,1,-9,0,0,1,0,2,1,0,0,1,0,1,0,2,0,0,1,3,1,0,0,1,1,0,0,0,1
4421,49,2,0.020751407,0,98002,1,0,0,3,0,0,1,0,0,3,2,2,4,3,1,2,2,4,2,3,3,2,2,2,3,1,1,3,3,2,3,1,0.186082843,-0.166344059,-0.917947786,0,1,0,0,2,0,1,1,0,0,2,0,4,0,0,3,0,0,3,1,0,0,0,0,0,1,1,0,0,1,3,0,0,1,3,0,1,0,2,0,1,0,2,0,1,0,2,0,0,0,1,4
4423,4,2,1.097466629,0,72076,0,1,0,1,1,0,0,0,0,1,2,3,5,5,1,1,4,4,4,4,1,1,1,1,1,1,1,1,1,1,1,1,0.420043829,0.181061695,-1.154128022,0,1,0,0,2,0,0,0,1,0,2,0,2,1,0,1,0,1,2,0,0,0,0,1,0,1,1,1,0,0,1,1,0,0,1,0,1,0,2,1,0,0,1,1,0,0,1,1,0,0,0,1
4424,11,4,1.079832111,0,31909,0,1,0,2,0,1,0,0,0,3,5,3,3,5,1,1,1,1,1,1,2,2,2,4,2,2,1,2,2,4,3,4,0.441761075,-0.46691619,-0.94274388,1,0,1,0,3,0,0,0,1,0,2,0,2,1,0,1,1,0,1,0,0,0,0,1,0,1,1,0,1,0,2,0,1,0,2,0,0,1,3,0,1,0,2,1,0,0,1,1,0,0,0,1
4425,10,4,0.972300287,0,34112,0,1,0,3,0,0,1,0,0,2,4,3,5,4,1,1,1,3,4,3,1,1,1,1,2,2,2,1,2,1,1,1,1.315077847,0.280766112,1.0279023,1,0,1,0,3,0,1,1,0,0,2,0,4,0,1,2,1,0,1,0,0,0,0,1,0,-9,0,0,1,0,2,0,1,0,2,0,0,1,3,0,0,1,3,1,0,0,1,1,0,0,0,1
4427,11,4,0.631657891,0,39851,0,1,0,5,0,0,0,0,1,3,5,5,4,5,4,4,5,5,5,4,1,3,2,4,3,1,1,3,3,3,2,4,0.601369654,0.734590952,0.456419831,1,0,1,0,3,0,0,0,1,0,2,0,2,1,0,1,0,1,2,0,1,0,0,0,0,-9,0,1,0,0,1,1,0,0,1,1,0,0,1,0,0,1,3,1,0,0,1,1,0,0,0,1
4430,34,2,2.173972816,0,28075,0,1,0,2,0,1,0,0,0,1,5,4,4,5,1,1,2,5,5,4,1,2,3,1,2,1,1,2,2,3,2,3,0.298567898,0.479328518,-1.131569805,1,0,0,0,1,0,0,0,1,0,2,0,2,0,0,3,0,0,3,1,0,0,0,1,0,-9,0,1,0,0,1,1,0,0,1,0,1,0,2,0,0,1,3,1,0,0,1,0,1,0,0,2
4431,48,2,0.462349586,0,24871,0,0,1,3,0,0,1,0,0,3,4,3,4,2,3,4,4,3,4,4,2,2,2,2,2,2,2,2,2,3,3,2,-0.29114884,0.924247889,0.079853493,1,0,0,0,1,1,1,0,0,1,2,0,3,0,1,2,0,0,3,1,0,0,0,1,0,1,1,1,0,0,1,1,0,0,1,1,0,0,1,1,0,0,1,1,0,0,1,1,0,0,0,1
4433,17,4,0.469041996,0,67204,0,1,0,2,0,1,0,0,0,1,4,0,5,4,1,2,2,2,2,2,1,1,1,1,1,1,2,2,2,4,3,4,-0.0345244,0.074747855,0.064917681,1,1,0,0,2,0,0,1,0,0,2,0,4,0,1,2,0,0,3,1,1,0,0,1,0,-9,0,0,1,0,2,1,0,0,1,0,1,0,2,0,1,0,2,1,0,0,1,0,0,1,0,3
4436,34,4,1.558654982,0,27317,0,1,0,2,0,1,0,0,0,3,5,5,3,5,1,4,4,5,1,1,2,2,2,1,2,2,2,2,2,3,3,1,0.650476055,-0.582132835,0.400353907,1,1,0,0,2,0,0,1,0,0,2,0,4,0,1,2,0,1,2,1,0,0,0,1,0,-9,0,1,0,0,1,1,0,0,1,0,1,0,2,0,0,1,3,1,0,0,1,1,0,0,0,1
4437,14,2,0.340020861,0,60074,0,1,0,2,0,1,0,0,0,2,5,3,4,4,1,1,1,5,5,3,2,2,3,3,3,2,2,1,2,2,2,2,-0.122316047,0.072627892,0.659180319,1,1,0,0,2,1,1,1,0,0,2,0,4,0,1,2,0,1,2,0,0,0,1,1,0,-9,0,0,0,1,3,0,1,0,2,0,0,1,3,1,0,0,1,0,1,0,2,0,1,0,0,2
4439,14,2,0.695192217,0,60619,0,1,0,3,0,0,1,0,0,3,4,5,3,4,4,4,4,4,4,4,3,3,3,2,2,2,2,2,2,4,2,2,0.072057609,0.732531445,0.171081917,1,0,1,0,3,0,0,0,1,0,2,0,2,1,0,1,1,0,1,0,0,0,1,0,1,1,1,0,0,1,3,0,1,0,2,0,1,0,2,1,0,0,1,0,0,1,3,0,0,1,0,3
4441,23,2,0.927495679,0,49501,0,1,0,2,0,1,0,0,0,3,3,3,3,4,1,2,1,3,4,3,1,1,2,1,2,2,1,2,3,3,2,3,0.347273911,-0.16764467,0.794828723,1,1,0,0,2,1,1,1,0,0,2,0,4,0,0,3,0,0,3,1,0,0,1,1,0,-9,0,0,0,0,0,0,0,0,0,0,0,0,0,0,0,0,0,0,0,0,0,0,0,0,0,0
4442,36,4,0.34201115,0,44471,0,1,0,2,0,1,0,0,0,1,5,1,4,5,1,1,1,4,5,3,2,2,2,3,2,2,2,2,2,4,3,4,-0.819156493,0.791671118,0.505742223,1,1,0,0,2,0,0,1,0,0,2,0,4,1,0,1,1,0,1,0,1,0,0,1,0,-9,0,0,1,0,2,0,1,0,2,1,0,0,1,1,0,0,1,1,0,0,1,1,0,0,0,1
4443,37,4,0.181379613,0,74826,0,0,1,4,0,0,0,1,0,2,1,5,5,4,1,1,1,1,5,1,2,1,2,4,2,2,1,2,3,4,3,4,-0.807976573,-0.268035286,1.446662389,1,1,0,0,2,0,0,0,0,0,2,0,5,1,0,1,0,1,2,0,0,0,0,1,0,1,1,1,0,0,1,1,0,0,1,1,0,0,1,1,0,0,1,1,0,0,1,1,0,0,0,1
4446,22,2,2.495147983,0,2169,1,0,0,2,0,1,0,0,0,2,6,4,5,5,2,2,2,4,3,3,1,1,3,1,3,2,2,1,3,3,3,3,0.047246119,-0.360743315,-0.3122238,1,1,0,0,2,0,0,1,0,0,1,1,1,0,1,2,0,0,3,1,0,0,0,0,1,1,1,0,0,1,3,0,0,1,3,0,1,0,2,0,1,0,2,0,0,1,3,0,0,0,1,4
4449,39,2,0.203708373,0,18509,1,0,0,3,0,0,1,0,0,2,5,3,5,2,1,3,1,3,4,4,2,2,2,3,2,2,2,2,2,3,3,4,-0.162404038,-0.070087864,-0.53105933,1,1,0,0,2,1,1,1,0,0,2,0,4,1,0,1,0,1,2,0,1,0,1,0,0,-9,0,0,0,1,3,0,0,1,3,1,0,0,1,0,0,1,3,1,0,0,1,0,1,0,0,2
4450,37,4,0.364209031,0,74848,0,1,0,2,0,1,0,0,0,2,4,3,3,5,3,3,3,3,3,3,2,2,2,4,2,2,2,2,2,3,4,4,-0.438257309,0.121112437,-0.520373015,0,1,0,0,2,0,0,1,0,0,2,0,4,1,0,1,0,0,3,0,0,0,0,1,0,1,1,1,0,0,1,1,0,0,1,1,0,0,1,0,1,0,2,1,0,0,1,1,0,0,0,1
4453,33,2,1.692193572,0,10035,1,0,0,2,0,1,0,0,0,2,4,1,4,4,1,2,2,4,4,5,2,3,3,2,2,2,2,2,3,3,2,2,0.62450659,0.638852404,0.441937817,0,1,0,0,2,1,1,1,0,0,2,0,4,0,0,3,0,0,3,1,0,0,0,1,0,1,1,0,0,1,3,0,0,1,3,0,0,1,3,0,0,1,3,0,0,1,3,0,0,0,1,4
4458,20,2,2.235685842,0,4330,0,1,0,1,1,0,0,0,0,1,5,1,4,4,1,1,1,4,3,1,2,1,2,3,2,2,2,2,2,4,3,4,0.065258156,-0.415573562,0.111123695,1,1,0,0,2,0,0,1,0,0,2,0,4,0,0,3,0,0,3,1,0,0,1,0,0,1,1,1,0,0,1,0,0,1,3,0,1,0,2,0,1,0,2,1,0,0,1,0,1,0,0,2
4460,11,2,4.668768653,0,30034,0,1,0,3,0,0,1,0,0,2,4,3,1,2,1,1,4,5,5,5,1,1,1,2,1,3,3,1,3,1,2,2,-0.890929765,0.028866688,-0.592590584,1,0,1,0,3,0,0,0,1,0,2,0,2,0,0,3,0,0,3,0,0,0,0,1,0,-9,0,0,1,0,2,1,0,0,1,0,1,0,2,1,0,0,1,1,0,0,1,0,1,0,0,2
4462,21,4,0.227072649,0,21207,0,1,0,5,0,0,0,0,1,3,5,5,2,4,1,1,1,4,3,2,2,2,2,4,2,2,2,1,2,4,3,4,-1.603065893,0.408779721,0.987440109,1,1,0,0,2,0,0,0,1,0,2,0,2,1,0,1,0,0,3,0,0,0,0,1,0,-9,0,0,0,1,3,0,1,0,2,0,1,0,2,1,0,0,1,0,1,0,2,0,0,1,0,3
4463,49,4,0.014548053,0,98418,0,1,0,2,0,1,0,0,0,2,4,3,3,4,1,1,1,5,4,1,2,2,2,4,2,2,2,2,2,4,3,4,-0.244288494,-0.391453735,-1.002282388,1,0,1,0,3,0,0,1,0,0,2,0,4,1,0,1,0,1,2,0,0,0,0,0,1,0,0,0,1,0,2,0,1,0,2,0,0,1,3,1,0,0,1,0,1,0,2,0,0,0,1,4
4467,14,2,0.681924129,0,60625,1,0,0,3,0,0,1,0,0,1,5,5,2,5,3,4,2,5,5,5,1,1,3,1,3,1,1,1,3,3,2,2,0.837470699,0.561610678,0.907464353,0,1,0,0,2,1,1,1,0,0,2,0,4,0,1,2,0,1,2,0,0,0,0,0,0,1,1,0,0,1,3,0,0,1,3,1,0,0,1,0,1,0,2,0,0,1,3,0,0,0,1,4
4469,5,1,28.7637828,0,92672,1,0,0,1,1,0,0,0,0,2,2,2,5,4,1,2,1,2,5,4,2,2,2,3,3,1,2,2,3,2,2,3,0.468853075,0.883297351,-0.093426151,1,0,0,0,1,0,1,0,0,0,1,1,1,1,0,1,0,0,3,1,0,0,1,0,0,1,1,0,0,1,3,0,0,1,3,0,0,1,3,0,0,1,3,0,0,1,3,0,0,1,0,3
4473,45,4,3.206424051,1,78228,0,1,0,4,0,0,0,1,0,2,5,3,3,5,3,3,2,5,5,3,1,1,2,1,2,2,2,2,3,3,2,3,-0.018139753,-2.407740503,1.349357682,1,1,0,0,2,0,0,1,0,0,1,1,1,1,0,1,0,0,3,0,0,0,0,1,0,-9,0,0,0,1,3,0,1,0,2,1,0,0,1,1,0,0,1,1,0,0,1,0,0,1,0,3
4474,36,2,0.365475022,0,42224,0,0,0,4,0,0,0,1,0,2,5,5,5,3,1,5,1,5,4,5,2,2,1,3,2,2,2,2,2,3,2,1,0.140988103,0.236140934,-0.509555147,1,1,0,0,2,0,0,1,0,0,2,0,4,0,1,2,0,0,3,0,0,0,1,0,0,1,1,0,0,0,0,0,0,0,0,0,0,0,0,0,0,0,0,0,0,0,0,0,0,0,0,0
4475,50,4,1.353021767,0,25508,0,1,0,4,0,0,0,1,0,2,5,4,3,3,1,5,3,4,5,5,3,3,2,4,2,2,3,2,2,3,2,2,0.505297863,-0.232164882,-0.345503985,1,1,0,0,2,0,0,1,0,0,2,0,4,1,0,1,0,1,2,0,0,0,0,1,0,-9,0,1,0,0,1,1,0,0,1,0,1,0,2,1,0,0,1,1,0,0,1,1,0,0,0,1
4476,48,4,0.295091258,0,22150,0,1,0,3,0,0,1,0,0,2,3,5,5,5,3,3,3,3,3,3,1,1,2,1,2,2,2,2,2,3,2,3,-0.164466195,0.446132385,0.325316777,1,0,1,0,3,0,0,0,0,1,2,0,3,1,0,1,0,0,3,1,0,0,0,1,0,-9,0,0,1,0,2,0,0,1,3,0,0,1,3,1,0,0,1,0,0,1,3,0,0,0,1,4
4478,45,3,8.273294283,0,76209,0,1,0,5,0,0,0,0,1,3,5,5,2,5,5,5,5,5,5,4,2,2,2,3,2,2,2,1,2,3,3,3,-0.118898018,-0.21545079,0.832041546,1,1,0,0,2,0,0,1,0,0,1,1,1,1,0,1,0,0,3,1,0,0,0,0,0,1,1,0,1,0,2,0,0,1,3,0,0,1,3,1,0,0,1,0,1,0,2,0,1,0,0,2
4480,33,2,0.297498632,0,10463,1,0,0,3,0,0,1,0,0,2,4,4,5,4,3,4,5,4,4,5,1,1,2,2,2,2,2,2,3,3,3,3,0.479269302,0.830901755,-0.515350301,0,1,0,0,2,0,0,0,1,0,1,1,1,1,0,1,0,1,2,0,0,0,1,0,0,-9,0,0,0,1,3,0,0,1,3,0,0,1,3,0,1,0,2,0,0,1,3,0,0,0,1,4
4483,9,2,0.350756388,0,20010,1,0,0,2,0,1,0,0,0,1,3,2,3,3,3,3,3,3,3,3,2,2,2,3,2,2,2,2,2,3,3,3,-0.605265159,0.239833714,-1.110190018,1,1,0,0,2,0,0,0,1,0,2,0,2,1,0,1,0,1,2,0,0,0,0,0,1,1,1,0,0,1,3,0,0,1,3,1,0,0,1,0,0,1,3,0,0,1,3,0,0,0,1,4
4484,51,4,0.293748398,0,54494,0,1,0,2,0,1,0,0,0,2,2,3,3,2,4,3,4,4,3,3,2,2,2,4,2,2,2,1,2,3,3,2,0.188273705,-0.725959167,-0.32014479,1,0,1,0,3,0,0,1,0,0,2,0,4,0,1,2,0,0,3,0,1,0,0,1,0,-9,0,1,0,0,1,0,1,0,2,1,0,0,1,0,1,0,2,1,0,0,1,1,0,0,0,1
4485,33,4,0.37061365,0,14006,0,1,0,3,0,0,1,0,0,5,3,3,3,3,3,3,3,3,3,3,1,1,1,1,3,1,1,3,3,1,2,2,0.067731785,0.818495615,0.088087581,1,1,0,0,2,0,0,1,0,0,2,0,4,0,0,0,0,0,3,1,0,0,0,0,1,1,1,1,0,0,1,1,0,0,1,0,1,0,2,0,1,0,2,1,0,0,1,1,0,0,0,1
4486,14,2,0.18979928,0,60429,0,1,0,4,0,0,0,1,0,2,4,3,4,5,4,3,4,4,3,4,3,3,3,2,2,3,3,3,2,2,1,1,0.094957365,0.753056379,-0.38616296,0,1,0,0,2,1,1,0,1,0,2,0,2,1,0,1,1,0,1,1,1,0,0,0,0,1,1,0,1,0,2,0,1,0,2,0,0,1,3,0,0,1,3,0,0,1,3,0,0,1,0,3
4487,51,2,0.351723008,0,54449,0,1,0,3,0,0,1,0,0,3,3,4,3,4,4,2,1,3,3,3,3,3,3,3,1,2,3,3,2,2,3,2,-0.634206354,0.320377904,-1.234919029,1,0,0,0,1,1,1,0,0,0,1,1,1,0,1,2,0,0,3,1,1,1,0,0,0,-9,0,1,0,0,1,0,1,0,2,1,0,0,1,0,0,1,3,1,0,0,1,0,1,0,0,2
4488,33,2,1.11564755,0,11211,1,0,0,1,1,0,0,0,0,2,5,4,5,5,5,3,5,5,3,3,2,2,2,2,2,2,2,2,2,3,3,3,0.280490115,0.272834007,0.465017721,1,1,0,0,2,0,0,0,1,0,2,0,2,0,1,2,0,1,2,0,0,0,1,0,1,1,1,0,0,1,3,0,0,1,3,0,0,1,3,0,0,1,3,0,0,1,3,0,0,0,1,4
4490,49,2,0.073866207,0,98499,0,1,0,2,0,1,0,0,0,1,4,0,5,5,1,1,1,5,1,1,2,2,2,1,2,2,1,2,3,4,4,4,-0.803437711,-1.284774448,0.325333821,0,1,0,0,2,1,1,0,1,0,2,0,2,1,0,1,1,0,1,0,0,0,0,0,0,1,1,0,1,0,2,0,0,1,3,0,0,1,3,0,0,1,3,0,1,0,2,0,0,0,1,4
4491,18,2,0.514688639,0,40033,0,1,0,3,0,0,1,0,0,1,5,3,5,5,1,1,1,5,4,1,2,2,2,4,2,2,1,2,3,4,3,4,0.302378503,-1.742205093,-0.437213742,1,1,0,0,2,0,0,1,0,0,2,0,4,0,1,2,0,0,3,1,0,0,0,1,0,1,1,1,0,0,1,0,1,0,2,0,1,0,2,0,0,1,3,1,0,0,1,1,0,0,0,1
4493,31,2,0.715676693,0,8054,0,1,0,2,0,1,0,0,0,2,5,3,4,4,1,1,1,4,5,3,2,2,2,1,3,1,2,2,2,4,3,4,0.277565832,-0.051027723,-0.067143286,1,1,0,0,2,1,1,1,0,0,2,0,4,0,0,0,0,0,3,1,0,0,0,0,0,-9,0,0,1,0,2,0,1,0,2,0,0,1,3,0,1,0,2,1,0,0,1,0,1,0,0,2
4494,3,4,0.025683461,1,85379,0,1,0,3,0,0,1,0,0,3,5,3,3,5,1,3,3,4,3,4,3,1,3,1,2,2,2,1,3,3,2,1,-0.02358258,1.454846498,-0.211365806,1,1,0,0,2,0,0,0,1,0,2,0,2,1,0,1,0,0,3,0,0,0,0,1,0,-9,0,0,0,1,3,1,0,0,1,0,1,0,2,1,0,0,1,1,0,0,1,1,0,0,0,1
4496,28,2,0.723649589,0,68927,0,0,1,1,1,0,0,0,0,3,5,3,4,4,2,1,1,1,3,1,1,1,1,1,2,2,2,2,2,2,2,1,-1.506046742,0.329785854,-1.307360331,1,0,1,0,3,0,1,1,0,0,2,0,4,0,0,3,0,0,3,0,0,0,0,1,0,-9,0,1,0,0,1,1,0,0,1,1,0,0,1,0,0,1,3,1,0,0,1,1,0,0,0,1
4497,11,4,0.532532911,0,31792,0,1,0,5,0,0,0,0,1,5,5,5,1,5,1,2,1,5,5,2,1,1,2,1,3,1,1,1,3,1,2,1,-0.774214621,-1.030574265,-0.481147912,1,1,0,0,2,0,0,1,0,0,2,0,4,1,0,1,1,0,1,0,1,0,0,1,0,-9,0,1,0,0,1,0,1,0,2,1,0,0,1,0,0,1,3,1,0,0,1,1,0,0,0,1
4500,15,4,0.811444088,0,46036,0,1,0,2,0,1,0,0,0,2,4,3,3,4,3,3,2,4,4,3,2,2,2,4,2,2,2,2,2,3,3,3,-0.616433882,0.260911606,-0.470602256,1,1,0,0,2,0,0,1,0,0,2,0,4,1,0,1,0,0,3,1,0,0,0,1,0,1,1,1,0,0,1,1,0,0,1,1,0,0,1,1,0,0,1,1,0,0,1,1,0,0,0,1
4501,9,4,0.876766376,0,20024,1,0,0,5,0,0,0,0,1,4,5,3,3,5,1,1,1,1,1,1,2,2,2,4,2,2,2,2,3,4,4,4,-1.258328262,-0.423415264,-0.912746186,1,1,0,0,2,0,0,0,1,0,2,0,2,1,0,1,1,0,1,0,0,0,0,0,1,1,1,0,0,1,3,0,0,1,3,0,0,1,3,0,1,0,2,0,0,1,3,0,0,0,1,4
4503,4,2,2.583549621,0,71929,0,0,1,2,0,1,0,0,0,2,5,3,4,5,1,1,1,4,4,1,2,2,2,4,2,2,2,2,2,4,3,4,-0.317511293,-1.596737953,1.64453576,1,1,0,0,2,0,1,1,0,0,2,0,4,0,0,3,0,1,2,0,0,0,1,1,0,-9,0,1,0,0,1,1,0,0,1,0,1,0,2,1,0,0,1,1,0,0,1,1,0,0,0,1
4504,22,2,1.48009735,0,2351,0,1,0,3,0,0,1,0,0,3,5,4,5,4,1,1,1,1,4,1,1,2,2,1,2,2,2,1,2,1,3,2,1.060862316,0.685200818,1.006580602,1,0,1,0,3,0,0,1,0,0,2,0,4,0,1,2,0,0,3,1,0,0,1,1,0,-9,0,1,0,0,1,1,0,0,1,1,0,0,1,0,0,1,3,0,0,1,3,0,1,0,0,2
4505,23,2,0.911555327,0,48036,0,1,0,2,0,1,0,0,0,3,5,1,5,3,1,1,1,1,1,1,1,1,1,1,1,1,2,2,2,4,2,4,0.695590499,-0.2275741,0.124103532,1,0,1,0,3,0,0,1,0,0,2,0,4,0,1,2,0,0,3,0,0,0,1,1,0,1,1,0,1,0,2,0,1,0,2,0,0,1,3,0,0,1,3,1,0,0,1,0,1,0,0,2
4506,39,1,0.725424403,0,16935,0,0,1,2,0,1,0,0,0,1,4,3,4,4,3,4,4,4,4,3,2,3,2,4,2,3,3,2,2,2,2,3,-1.37030571,-0.249233003,0.132460444,1,1,0,0,2,0,0,1,0,0,2,0,4,1,0,1,0,1,2,0,0,0,0,1,0,-9,0,1,0,0,1,1,0,0,1,1,0,0,1,1,0,0,1,1,0,0,1,1,0,0,0,1
4507,51,2,3.693935394,0,54751,0,1,0,1,1,0,0,0,0,1,5,1,4,4,1,1,1,4,4,3,1,1,1,1,2,2,2,2,2,3,2,3,0.286171023,0.730125411,0.060707641,1,1,0,0,2,0,1,1,0,0,2,0,4,0,0,3,0,1,2,0,0,0,0,1,0,1,1,1,0,0,1,1,0,0,1,0,1,0,2,0,1,0,2,1,0,0,1,1,0,0,0,1
4508,33,4,0.776016543,0,14227,0,1,0,5,0,0,0,0,1,5,6,5,5,5,1,1,5,5,5,5,2,2,3,4,2,2,2,2,3,2,2,4,1.568993503,0.034339013,1.125589368,1,1,0,0,2,0,0,1,0,0,2,0,4,1,0,1,0,0,3,1,0,0,0,1,0,-9,0,0,1,0,2,0,1,0,2,0,1,0,2,1,0,0,1,1,0,0,1,0,0,1,0,3
4511,49,4,0.007923668,0,98367,0,1,0,2,0,1,0,0,0,2,4,3,3,5,2,1,1,4,4,2,1,2,2,1,2,2,1,1,3,4,2,3,-0.766620806,-0.550358782,-0.509865221,1,0,1,0,3,1,1,1,0,0,2,0,4,0,1,2,0,0,3,0,0,0,0,1,0,-9,0,1,0,0,1,1,0,0,1,1,0,0,1,1,0,0,1,0,1,0,2,1,0,0,0,1
4512,33,2,0.126017745,0,14618,0,1,0,1,1,0,0,0,0,1,5,1,4,4,3,2,2,4,4,4,2,2,3,3,3,1,1,2,3,3,2,2,0.296388131,-0.108324811,-0.018175143,1,1,0,0,2,1,1,1,0,0,2,0,4,1,0,1,0,1,2,0,0,0,0,0,0,-9,0,0,1,0,2,0,0,1,3,0,0,1,3,0,0,1,3,1,0,0,1,0,0,0,1,4
4513,7,2,0.913134216,0,6511,1,0,0,4,0,0,0,1,0,1,5,3,4,2,1,2,2,3,3,4,1,1,2,1,3,2,3,1,1,2,2,2,0.267467804,0.201699189,-0.182703258,0,1,0,0,2,0,0,0,1,0,2,0,2,1,0,1,0,1,2,1,0,0,0,0,0,-9,0,0,0,1,3,0,0,1,3,0,0,1,3,0,0,1,3,0,1,0,2,0,0,0,1,4
4516,50,2,1.415870439,0,25011,0,1,0,5,0,0,0,0,1,2,5,4,2,2,1,1,1,5,5,1,2,2,2,4,2,2,2,2,2,3,3,3,-1.495138626,-0.968914095,-1.185302844,1,1,0,0,2,0,0,1,0,0,2,0,4,1,0,1,0,0,3,1,0,0,0,1,0,-9,0,1,0,0,1,1,0,0,1,0,0,1,3,1,0,0,1,1,0,0,1,1,0,0,0,1
4517,19,2,4.935339308,0,70448,0,1,0,4,0,0,0,1,0,1,1,4,2,5,1,1,1,4,4,1,2,2,2,4,2,3,2,2,2,4,2,4,-0.602525171,0.226865651,1.274257902,1,0,1,0,3,0,0,1,0,0,2,0,4,0,1,2,0,1,2,0,0,0,1,1,0,-9,0,1,0,0,1,1,0,0,1,1,0,0,1,0,1,0,2,1,0,0,1,1,0,0,0,1
4518,45,2,3.62712245,1,77073,0,1,0,3,0,0,1,0,0,3,4,4,2,4,3,4,2,4,4,4,1,1,1,1,3,1,1,1,3,3,2,3,-0.012422728,-0.240827406,-0.430115859,0,1,0,0,2,0,0,0,0,1,2,0,3,0,1,2,0,1,2,0,0,0,1,1,0,-9,0,0,1,0,2,0,0,1,3,0,0,1,3,0,0,1,3,1,0,0,1,0,1,0,0,2
4520,36,2,0.265844844,0,45680,0,1,0,4,0,0,0,1,0,4,5,5,5,4,1,4,1,5,5,1,1,1,2,4,2,2,1,2,2,3,3,2,-1.891967785,-0.949797075,1.156637414,1,1,0,0,2,0,0,1,0,0,2,0,4,1,0,1,0,1,2,0,0,0,1,0,0,1,1,1,0,0,1,1,0,0,1,0,1,0,2,0,1,0,2,1,0,0,1,1,0,0,0,1
4521,49,2,0.065301376,0,98117,1,0,0,1,1,0,0,0,0,1,1,0,4,5,1,1,1,5,5,3,1,1,3,1,2,2,2,2,2,3,2,3,0.819233497,0.520206221,-0.212995879,1,1,0,0,2,1,1,1,0,0,2,0,4,0,0,3,0,0,3,1,0,0,0,1,0,1,1,0,0,1,3,0,1,0,2,1,0,0,1,0,1,0,2,1,0,0,1,0,0,0,1,4
4523,15,2,0.427144632,0,47802,0,1,0,2,0,1,0,0,0,2,5,3,1,5,1,1,1,5,5,3,1,1,3,1,2,1,1,2,3,1,2,3,1.022937798,-0.947807966,0.479740055,1,1,0,0,2,1,1,0,1,0,2,0,2,0,1,2,0,1,2,1,0,0,0,0,0,-9,0,1,0,0,1,0,1,0,2,1,0,0,1,0,1,0,2,1,0,0,1,0,0,1,0,3
4525,19,4,0.706343921,0,70805,0,1,0,4,0,0,0,1,0,2,5,5,5,5,5,5,5,4,4,5,2,2,2,3,2,2,2,2,2,3,3,3,1.066222933,1.410119828,1.080482296,1,1,0,0,2,0,0,0,1,0,2,0,2,1,0,1,0,0,3,0,1,0,0,0,0,-9,0,0,1,0,2,0,1,0,2,0,0,1,3,0,0,1,3,1,0,0,1,1,0,0,0,1
4529,10,2,1.300659353,1,33741,0,1,0,3,0,0,1,0,0,3,1,4,2,4,2,4,4,4,4,3,2,3,2,2,2,1,3,1,3,2,2,3,-0.165960753,-0.081613483,0.004351167,0,1,0,0,2,0,0,1,0,0,1,1,1,1,0,1,0,1,2,0,0,0,0,0,0,-9,0,0,0,0,0,0,0,0,0,0,0,0,0,0,0,0,0,0,0,0,0,0,0,0,0,0
4530,39,2,0.440162395,0,19143,1,0,0,2,0,1,0,0,0,3,3,4,1,1,3,3,3,3,1,3,2,2,2,3,2,2,2,2,2,4,3,4,-1.057790123,0.298541252,-0.942874949,1,0,0,0,1,0,0,0,1,0,2,0,2,0,1,2,0,0,3,0,0,0,1,1,1,-9,0,0,0,1,3,0,0,1,3,1,0,0,1,1,0,0,1,0,0,1,3,0,0,0,1,4
4531,1,2,1.290671936,0,36521,0,0,1,1,1,0,0,0,0,2,1,4,4,4,2,2,3,4,4,4,1,3,3,2,2,3,1,1,3,1,2,2,0.45822394,-0.896478199,0.097191605,1,0,1,0,3,0,0,1,0,0,2,0,4,1,0,1,0,0,3,1,0,0,1,0,0,1,1,1,0,0,1,1,0,0,1,1,0,0,1,1,0,0,1,1,0,0,1,1,0,0,0,1
4532,15,2,0.728205134,0,46201,0,1,0,5,0,0,0,0,1,1,5,5,5,5,5,5,5,5,5,5,3,3,3,2,3,3,3,3,3,2,2,2,0.984548793,1.393782222,1.217152987,1,1,0,0,2,0,0,0,1,0,2,0,2,1,0,1,0,1,2,0,1,1,0,1,0,1,1,0,0,1,3,0,1,0,2,1,0,0,1,1,0,0,1,1,0,0,1,0,0,0,1,4
4533,43,4,0.965549061,0,57106,0,1,0,3,0,0,1,0,0,3,5,4,4,5,2,2,1,5,3,2,2,1,1,1,2,2,2,2,3,4,2,4,-0.944643522,-1.490199572,-0.003957066,0,1,0,0,2,0,0,1,0,0,2,0,4,1,0,1,1,0,1,0,1,0,0,0,0,1,1,0,1,0,2,0,1,0,2,0,0,1,3,0,1,0,2,1,0,0,1,0,0,1,0,3
4534,19,2,1.478679005,0,70586,0,1,0,2,0,1,0,0,0,2,5,2,3,4,1,2,2,4,4,3,1,3,3,1,2,2,1,2,3,3,2,3,0.947697651,-0.857601918,0.130487556,0,1,0,0,2,0,0,1,0,0,2,0,4,0,1,2,1,0,1,0,0,0,1,1,0,1,1,1,0,0,1,1,0,0,1,1,0,0,1,0,1,0,2,1,0,0,1,1,0,0,0,1
4538,25,1,0.88291171,0,39503,0,1,0,4,0,0,0,1,0,2,1,2,1,5,1,2,1,5,5,4,3,3,3,2,2,1,1,1,3,1,2,3,1.104829662,0.729501861,0.502946494,1,1,0,0,2,0,0,0,1,0,2,0,2,1,0,1,1,0,1,0,0,0,1,0,0,1,1,1,0,0,1,0,1,0,2,0,0,1,3,0,1,0,2,1,0,0,1,1,0,0,0,1
4539,11,4,0.633429695,0,30296,0,1,0,3,0,0,1,0,0,3,5,3,3,5,3,3,1,4,5,3,1,1,2,4,2,2,1,2,3,3,3,4,-0.310417607,-0.036741016,0.027775242,1,0,1,0,3,1,1,0,1,0,2,0,2,1,0,1,1,0,1,0,0,0,0,1,0,-9,0,0,1,0,2,1,0,0,1,1,0,0,1,1,0,0,1,1,0,0,1,1,0,0,0,1
4542,11,2,0.149853551,0,31709,0,1,0,3,0,0,1,0,0,2,3,4,2,3,3,3,3,5,4,4,2,2,1,1,1,2,2,2,1,3,3,4,-1.096744497,0.631114333,-0.86681212,0,0,0,0,1,0,0,0,1,0,2,0,2,1,0,1,0,0,3,1,0,0,0,0,0,-9,0,1,0,0,1,1,0,0,1,0,1,0,2,0,1,0,2,1,0,0,1,1,0,0,0,1
4543,10,2,1.790706701,0,34737,0,0,1,2,0,1,0,0,0,2,5,2,4,4,1,1,1,4,5,4,1,1,1,1,3,3,2,1,3,3,2,3,0.006729886,-0.235172006,1.225448847,0,1,0,0,2,0,0,1,0,0,2,0,4,0,0,3,0,0,3,1,0,0,0,1,0,-9,0,1,0,0,1,1,0,0,1,0,1,0,2,1,0,0,1,1,0,0,1,1,0,0,0,1
4544,17,4,0.032013655,0,67156,0,1,0,3,0,0,1,0,0,1,4,3,4,5,2,2,2,4,3,3,2,2,2,4,2,2,2,2,3,4,3,4,-0.554677463,-0.868402327,0.010884361,1,1,0,0,2,0,0,1,0,0,2,0,4,1,0,1,0,0,3,0,0,0,0,0,0,-9,0,1,0,0,1,0,1,0,2,1,0,0,1,0,0,1,3,1,0,0,1,1,0,0,0,1
4546,31,2,0.577230827,0,8057,0,1,0,1,1,0,0,0,0,1,5,0,5,5,1,1,1,3,1,1,2,2,2,3,2,2,2,2,2,4,2,4,-1.974088869,-1.073921466,2.046312239,0,0,1,0,3,1,1,1,0,0,2,0,4,0,0,0,0,1,2,0,0,0,1,1,0,-9,0,1,0,0,1,0,0,1,3,0,1,0,2,0,0,1,3,1,0,0,1,0,0,1,0,3
4548,49,2,0.040284915,0,98367,0,1,0,2,0,1,0,0,0,3,5,3,3,4,2,2,1,4,3,2,2,1,2,3,2,2,2,2,2,3,2,4,-1.567986995,0.448740851,-0.403291501,0,0,0,0,1,0,0,1,0,0,2,0,4,1,0,1,0,0,3,1,0,1,1,1,0,-9,0,1,0,0,1,1,0,0,1,1,0,0,1,1,0,0,1,0,1,0,2,1,0,0,0,1
4551,50,2,0.788147362,0,26505,1,0,0,4,0,0,0,1,0,4,3,3,3,5,4,3,3,5,4,3,1,1,1,1,1,3,3,3,3,1,2,1,-0.236769773,-0.473330147,-0.261678556,1,0,1,0,3,0,0,1,0,0,2,0,4,1,0,1,0,1,2,0,0,0,1,0,0,-9,0,0,0,1,3,0,1,0,2,1,0,0,1,0,0,1,3,1,0,0,1,0,1,0,0,2
4556,45,2,0.317519096,1,75701,0,1,0,3,0,0,1,0,0,3,4,3,4,4,4,4,4,4,4,4,2,2,2,3,2,2,2,2,2,3,3,3,-0.849085224,0.243209007,-1.040977825,1,0,0,0,1,0,0,0,1,0,2,0,2,1,0,1,0,0,3,1,0,0,0,0,0,-9,0,0,1,0,2,0,0,1,3,1,0,0,1,0,0,1,3,1,0,0,1,0,1,0,0,2
4558,44,2,0.969437353,0,37311,0,1,0,3,0,0,1,0,0,3,4,4,2,4,2,2,2,4,4,2,2,2,2,1,2,1,1,1,3,3,3,3,-0.748269,-1.08144893,0.379883493,1,1,0,0,2,0,0,1,0,0,2,0,4,1,0,1,0,1,2,0,0,0,1,0,0,-9,0,1,0,0,1,0,0,1,3,0,0,1,3,0,0,1,3,1,0,0,1,0,1,0,0,2
4563,14,2,5.300856251,0,60707,1,0,0,3,0,0,1,0,0,2,5,4,4,5,1,2,2,4,4,4,3,1,2,1,2,2,3,1,3,4,2,4,0.485818892,0.773191004,0.250966007,1,1,0,0,2,0,0,1,0,0,1,1,1,0,1,2,1,0,1,0,0,0,1,0,0,-9,0,0,0,1,3,0,0,1,3,1,0,0,1,0,1,0,2,0,0,1,3,0,0,0,1,4
4564,33,4,0.717663281,0,11785,0,1,0,3,0,0,1,0,0,1,5,3,5,5,1,1,1,4,4,4,3,3,3,2,2,2,3,2,3,2,2,2,0.261742413,0.641393567,0.096527793,1,0,1,0,3,0,0,1,0,0,2,0,4,1,0,1,0,0,3,0,0,0,0,1,0,1,1,0,0,0,0,0,0,0,0,0,0,0,0,0,0,0,0,0,0,0,0,0,0,0,0,0
4567,23,2,0.588072483,0,48227,0,1,0,1,1,0,0,0,0,1,3,5,3,3,3,3,3,3,3,3,2,2,2,3,2,2,2,2,2,3,3,3,0.748449213,1.254391181,0.823232936,1,1,0,0,2,0,0,0,1,0,2,0,2,1,0,1,0,1,2,0,1,0,0,0,0,-9,0,0,0,1,3,1,0,0,1,0,1,0,2,1,0,0,1,1,0,0,1,0,0,1,0,3
4569,34,4,0.335019499,0,27574,0,0,1,4,0,0,0,1,0,2,4,4,3,4,3,2,3,3,3,4,2,2,2,4,2,2,2,2,3,4,2,4,-0.77681667,0.871221768,0.874370074,0,1,0,0,2,0,0,1,0,0,2,0,4,1,0,1,0,0,3,0,1,0,0,0,0,1,1,1,0,0,1,1,0,0,1,1,0,0,1,0,1,0,2,1,0,0,1,1,0,0,0,1
4571,24,2,7.415874866,0,55120,0,1,0,1,1,0,0,0,0,1,5,0,5,5,1,1,1,3,4,3,2,2,2,1,2,2,1,2,2,3,2,2,1.126688976,-0.803719183,0.569249852,0,0,1,0,3,1,1,1,0,0,2,0,4,0,0,3,1,0,1,0,0,0,1,1,0,1,1,1,0,0,1,0,0,1,3,0,0,1,3,1,0,0,1,1,0,0,1,0,1,0,0,2
4574,44,2,3.94799048,0,37813,0,1,0,2,0,1,0,0,0,3,4,4,4,5,4,4,4,5,3,4,2,3,2,2,2,2,2,2,3,2,2,3,-0.098363725,1.350163789,0.764875579,1,1,0,0,2,0,0,1,0,0,2,0,4,0,1,2,1,0,1,0,0,0,1,0,0,1,1,1,0,0,1,0,1,0,2,0,1,0,2,0,0,1,3,1,0,0,1,1,0,0,0,1
4575,14,4,0.188311475,0,61264,0,1,0,2,0,1,0,0,0,3,4,3,2,5,2,2,1,2,4,2,2,1,1,1,2,2,2,1,3,4,2,2,0.731739035,-0.41230662,-1.242660068,1,1,0,0,2,1,1,1,0,0,2,0,4,1,0,1,1,0,1,0,1,0,0,1,1,-9,0,1,0,0,1,1,0,0,1,0,0,1,3,1,0,0,1,1,0,0,1,1,0,0,0,1
4576,36,4,0.357077206,0,45506,0,1,0,5,0,0,0,0,1,3,5,5,4,5,1,1,1,1,1,1,2,2,3,4,2,2,2,2,2,3,4,4,-0.696437078,-1.082017332,-0.884332312,1,1,0,0,2,0,0,1,0,0,2,0,4,1,0,1,0,1,2,0,1,0,0,1,0,-9,0,0,1,0,2,0,1,0,2,1,0,0,1,0,1,0,2,1,0,0,1,1,0,0,0,1
4577,33,2,1.006121277,0,10118,1,0,0,3,0,0,1,0,0,2,4,3,4,2,3,2,3,5,5,4,3,1,3,3,2,1,2,1,3,2,3,3,0.21009455,0.903817881,-0.137879425,0,1,0,0,2,1,1,1,0,0,2,0,4,0,0,3,0,0,3,1,0,0,0,1,0,1,1,0,0,0,0,0,0,0,0,0,0,0,0,0,0,0,0,0,0,0,0,0,0,0,0,0
4578,14,4,0.622136822,0,62665,0,0,1,3,0,0,1,0,0,2,5,3,1,5,1,1,1,2,3,1,1,1,2,4,2,2,1,2,3,3,2,4,0.632155835,0.129738467,-0.99330157,1,0,1,0,3,0,0,1,0,0,2,0,4,1,0,1,0,1,2,0,0,0,0,1,0,-9,0,1,0,0,1,1,0,0,1,0,1,0,2,0,0,1,3,1,0,0,1,1,0,0,0,1
4579,49,4,0.005303003,0,98203,0,1,0,2,0,1,0,0,0,2,4,3,3,4,3,4,4,4,4,4,2,2,2,3,2,2,2,2,2,3,3,3,-0.947576081,-0.366246208,-0.077958318,1,1,0,0,2,0,1,1,0,0,2,0,4,0,1,2,0,0,3,1,0,0,0,1,0,-9,0,0,1,0,2,0,1,0,2,0,0,1,3,0,1,0,2,0,1,0,2,0,0,0,1,4
4580,10,2,0.935679267,0,32209,0,1,0,3,0,0,1,0,0,2,5,0,5,4,4,4,4,4,4,4,3,3,3,2,3,3,3,3,3,2,2,2,0.165737857,1.201079049,0.071018512,0,1,0,0,2,0,0,0,1,0,2,0,2,1,0,1,1,0,1,0,0,0,1,1,0,1,1,0,1,0,2,0,1,0,2,0,0,1,3,1,0,0,1,0,1,0,2,0,0,0,1,4
4584,45,4,0.622179227,1,77563,0,1,0,4,0,0,0,1,0,1,3,3,3,5,3,5,3,5,5,5,2,1,1,1,2,2,1,1,3,3,3,4,1.612967017,-1.574497643,0.584282952,1,1,0,0,2,0,0,1,0,0,2,0,4,1,0,1,0,1,2,0,1,0,0,1,0,-9,0,1,0,0,1,1,0,0,1,0,1,0,2,1,0,0,1,1,0,0,1,1,0,0,0,1
4585,24,2,0.434067786,0,55429,0,1,0,5,0,0,0,0,1,2,5,3,3,4,3,2,3,3,3,3,1,1,1,1,1,1,3,3,3,1,2,4,0.157302338,0.538869574,-0.075298092,1,1,0,0,2,0,0,0,1,0,2,0,2,1,0,1,1,0,1,0,1,0,0,0,0,-9,0,0,1,0,2,0,1,0,2,0,0,1,3,0,0,1,3,1,0,0,1,0,0,0,1,4
4586,49,4,0.013905432,0,98065,0,1,0,2,0,1,0,0,0,3,5,3,2,4,2,4,2,4,5,4,1,1,1,1,2,1,1,1,3,1,2,2,-1.019789366,-0.310936522,-0.350585946,1,1,0,0,2,0,0,1,0,0,2,0,4,1,0,1,0,0,3,1,0,0,0,0,0,-9,0,1,0,0,1,0,1,0,2,0,1,0,2,0,1,0,2,1,0,0,1,0,1,0,0,2
4587,49,4,0.013800514,0,98371,0,1,0,2,0,1,0,0,0,1,4,1,4,4,1,1,1,4,5,3,2,2,2,4,2,2,1,2,2,4,3,4,-0.986961548,-1.462502918,0.640396082,1,1,0,0,2,0,0,1,0,0,2,0,4,0,0,0,0,1,2,0,0,0,0,1,0,0,0,0,1,0,2,0,1,0,2,0,1,0,2,1,0,0,1,0,0,1,3,0,0,1,0,3
4588,45,3,0.358848989,1,78219,0,1,0,4,0,0,0,1,0,3,6,5,2,4,3,3,3,4,4,4,2,2,2,1,2,2,2,2,3,4,2,1,-0.097794733,0.442641647,-0.47409889,1,1,0,0,2,0,0,1,0,0,2,0,4,0,1,2,0,0,3,0,0,0,0,1,0,1,1,0,1,0,2,0,1,0,2,0,0,1,3,0,0,1,3,1,0,0,1,0,1,0,0,2
4590,37,4,0.00742762,0,74116,0,1,0,2,0,1,0,0,0,3,5,3,2,5,1,1,1,5,4,1,3,1,3,4,2,1,2,1,3,1,3,1,0.377818914,-1.303334972,-1.740452707,1,1,0,0,2,0,0,0,0,0,2,0,5,0,0,0,0,1,2,0,0,0,0,0,1,-9,0,1,0,0,1,0,1,0,2,0,0,1,3,0,0,1,3,1,0,0,1,1,0,0,0,1
4591,48,4,1.790432373,0,22314,1,0,0,5,0,0,0,0,1,3,3,5,3,3,3,3,3,1,3,3,2,2,2,3,2,2,2,2,2,4,3,3,-0.395781477,-0.774691442,-0.685645031,1,0,1,0,3,0,0,0,1,0,2,0,2,1,0,1,1,0,1,0,0,0,0,0,1,-9,0,0,0,1,3,0,0,1,3,0,0,1,3,0,0,1,3,0,0,1,3,0,0,0,1,4
4592,49,2,0.433868739,0,98818,0,0,1,3,0,0,1,0,0,1,4,3,5,4,3,3,2,2,5,5,2,3,3,1,2,2,1,3,2,3,3,2,0.898431496,1.051087221,0.269231073,0,1,0,0,2,0,1,1,0,0,2,0,4,0,0,3,0,0,3,1,0,0,0,1,0,1,1,0,0,0,0,0,0,0,0,0,0,0,0,0,0,0,0,0,0,0,0,0,0,0,0,0
4595,45,2,0.788065795,1,78748,0,1,0,4,0,0,0,1,0,3,6,3,4,5,3,4,3,5,5,3,1,1,1,1,3,1,1,2,3,3,2,3,-0.071563535,1.278191869,-1.553525493,0,1,0,0,2,0,0,1,0,0,2,0,4,1,0,1,1,0,1,0,0,0,0,0,0,1,1,0,1,0,2,1,0,0,1,0,1,0,2,1,0,0,1,1,0,0,1,0,1,0,0,2
4596,48,2,11.84043511,0,71417,0,0,1,2,0,1,0,0,0,1,5,1,3,4,1,2,1,5,5,5,1,1,1,1,3,1,1,3,3,2,2,2,0.865827418,0.472079089,0.543347069,1,0,0,0,1,0,0,1,1,0,2,0,2,0,1,2,0,1,2,0,1,0,0,1,0,-9,0,1,0,0,1,1,0,0,1,0,1,0,2,1,0,0,1,1,0,0,1,1,0,0,0,1
4597,23,2,0.295731063,0,49445,0,1,0,4,0,0,0,1,0,2,2,4,2,4,3,3,4,4,3,3,2,2,2,1,2,2,2,2,2,1,3,3,-0.724315828,0.625083023,-1.594489361,1,1,0,0,2,0,0,1,0,0,2,0,4,1,0,1,0,0,3,1,0,0,1,0,0,1,1,1,0,0,1,1,0,0,1,0,1,0,2,0,1,0,2,1,0,0,1,1,0,0,0,1
4599,49,4,0.043680061,0,98310,0,1,0,4,0,0,0,1,0,5,5,5,3,4,1,4,4,4,4,4,2,2,2,2,2,2,2,1,3,3,2,2,-1.140679895,-0.61122052,1.132653824,1,1,0,0,2,0,0,1,0,0,2,0,4,1,0,1,1,0,1,0,0,0,0,0,0,1,1,0,1,0,2,0,1,0,2,1,0,0,1,0,1,0,2,0,1,0,2,0,0,0,1,4
4602,44,1,0.262816639,0,38506,0,1,0,3,0,0,1,0,0,2,5,5,5,3,5,4,5,5,3,4,3,3,3,4,2,3,1,1,3,3,2,2,0.182469279,0.100358427,0.492756189,1,1,0,0,2,0,0,1,0,0,2,0,4,1,0,1,0,1,2,1,1,0,0,0,0,-9,0,1,0,0,1,1,0,0,1,0,1,0,2,1,0,0,1,1,0,0,1,1,0,0,0,1
4603,49,2,0.094721199,0,98107,1,0,0,3,0,0,1,0,0,3,4,2,5,5,3,2,1,2,1,1,2,2,2,2,1,2,2,3,3,4,4,3,-0.50832555,-0.273761532,-0.351506866,0,0,1,0,3,0,0,1,0,0,2,0,4,0,1,2,1,0,1,0,0,0,1,0,1,-9,0,0,0,1,3,0,0,1,3,1,0,0,1,1,0,0,1,1,0,0,1,0,0,0,1,4
4605,33,1,1.738879906,0,11369,1,0,0,4,0,0,0,1,0,1,5,5,1,2,3,3,4,3,2,1,1,2,3,3,3,1,2,3,2,2,3,2,-0.940011848,0.86643124,-1.799222873,1,1,0,0,2,0,0,0,0,0,1,1,1,1,0,1,0,1,2,1,1,0,0,0,0,-9,0,0,0,1,3,0,0,1,3,0,0,1,3,0,0,1,3,0,1,0,2,0,0,0,1,4
4609,10,1,23.06019787,1,33162,1,0,0,3,0,0,1,0,0,3,3,5,4,4,4,4,4,4,4,4,2,2,2,3,2,2,3,2,2,4,2,3,0.151012665,0.401303825,0.15911495,0,1,0,0,2,0,0,0,1,0,2,0,2,0,0,3,1,0,1,0,0,0,0,1,0,-9,0,0,0,1,3,0,0,1,3,0,0,1,3,0,0,1,3,1,0,0,1,0,0,0,1,4
4610,25,2,3.030443176,0,38901,0,1,0,3,0,0,1,0,0,2,4,2,2,5,5,4,4,5,5,5,1,1,1,1,2,1,1,2,3,2,2,2,0.49678629,1.101292086,0.228235051,0,1,0,0,2,0,0,0,1,0,2,0,2,0,0,3,0,0,3,1,0,1,1,1,0,-9,0,1,0,0,1,0,1,0,2,1,0,0,1,0,1,0,2,1,0,0,1,1,0,0,0,1
4611,36,4,0.16101452,0,44095,0,1,0,2,0,1,0,0,0,3,4,3,2,5,2,3,2,4,5,3,2,2,1,1,2,2,2,1,3,3,2,3,-1.010174991,-0.059930463,-1.981676225,1,0,0,0,1,0,0,1,0,0,2,0,4,1,0,1,0,0,3,1,0,0,0,1,1,-9,0,0,1,0,2,0,1,0,2,0,1,0,2,1,0,0,1,1,0,0,1,0,0,1,0,3
4612,39,4,0.263299692,0,18504,0,1,0,3,0,0,1,0,0,3,4,3,2,5,4,3,3,5,4,4,3,3,2,2,2,2,3,2,3,1,2,3,1.339375302,-1.116008077,-2.164499463,1,1,0,0,2,0,0,1,0,0,2,0,4,0,1,2,0,0,3,0,0,0,0,1,0,-9,0,0,0,1,3,0,1,0,2,1,0,0,1,0,1,0,2,1,0,0,1,0,1,0,0,2
4613,18,1,0.447156409,0,41095,0,0,1,5,0,0,0,0,1,1,5,5,5,5,5,5,5,5,5,5,3,1,3,2,3,3,3,1,3,2,2,2,0.473282863,1.202350453,0.332148603,1,1,0,0,2,0,0,1,0,0,2,0,4,1,0,1,0,0,3,1,0,0,0,1,0,-9,0,1,0,0,1,1,0,0,1,0,1,0,2,1,0,0,1,1,0,0,1,1,0,0,0,1
4618,10,2,0.627664233,1,33433,0,1,0,3,0,0,1,0,0,2,1,2,3,4,2,3,3,4,3,3,3,1,1,3,2,2,2,2,3,3,3,4,0.226239248,-0.924726743,0.326879579,1,0,1,0,3,1,1,1,0,0,2,0,4,0,1,2,1,0,1,0,0,0,0,0,0,1,1,0,1,0,2,0,1,0,2,0,0,1,3,0,1,0,2,1,0,0,1,0,1,0,0,2
4621,49,1,0.07873388,0,98109,1,0,0,5,0,0,0,0,1,1,4,5,5,5,4,5,4,5,4,5,3,2,3,1,2,1,3,1,3,1,2,2,0.445064266,1.392239121,0.479526769,0,1,0,0,2,0,1,1,0,0,2,0,4,0,0,3,0,0,3,1,1,1,0,0,0,-9,0,0,0,1,3,0,0,1,3,0,0,1,3,0,0,1,3,0,1,0,2,0,0,0,1,4
4623,34,4,5.58198514,0,27030,0,1,0,4,0,0,0,1,0,2,5,5,3,5,3,3,3,5,5,3,2,2,2,3,2,2,1,2,3,3,2,3,1.355931525,0.299028325,-0.635868229,1,1,0,0,2,0,0,1,0,0,2,0,4,1,0,1,0,1,2,0,0,0,0,1,0,-9,0,1,0,0,1,1,0,0,1,0,1,0,2,0,1,0,2,1,0,0,1,1,0,0,0,1
4624,49,4,0.164159495,0,98104,1,0,0,5,0,0,0,0,1,4,2,5,3,5,3,3,5,3,3,3,2,2,2,4,2,2,2,2,3,1,1,1,0.277002073,0.96287805,-0.647866079,1,1,0,0,2,1,1,1,0,0,2,0,4,0,1,2,1,0,1,0,0,0,0,0,1,0,0,0,0,1,3,0,0,1,3,0,0,1,3,0,0,1,3,0,0,1,3,0,0,0,1,4
4626,23,4,0.088274288,0,49829,0,1,0,5,0,0,0,0,1,3,5,5,3,5,2,3,1,4,1,2,1,1,3,1,2,2,1,1,3,2,2,3,-0.821978742,0.823678162,-0.266290081,1,1,0,0,2,0,0,1,0,0,2,0,4,1,0,1,0,0,3,1,1,0,0,0,0,-9,0,1,0,0,1,0,1,0,2,1,0,0,1,0,0,1,3,1,0,0,1,0,1,0,0,2
4629,49,2,0.019570543,0,98367,0,1,0,3,0,0,1,0,0,3,5,5,4,4,1,4,1,5,5,4,2,1,2,1,2,2,3,2,3,3,2,3,0.424374703,-0.686164134,-0.786993378,1,1,0,0,2,0,0,1,0,0,2,0,4,1,0,1,0,0,3,0,0,0,0,1,0,0,0,1,0,0,1,1,0,0,1,1,0,0,1,1,0,0,1,0,1,0,2,1,0,0,0,1
4632,49,2,0.011424372,0,98121,1,0,0,4,0,0,0,1,0,2,5,4,4,5,4,4,5,3,4,4,2,3,3,4,2,2,3,2,3,2,3,2,0.216838442,0.695095888,-0.24671954,0,1,0,0,2,0,1,1,0,0,2,0,4,0,1,2,0,0,3,1,0,1,1,1,0,-9,0,0,0,1,3,0,0,1,3,0,0,1,3,0,0,1,3,0,0,1,3,0,0,0,1,4
4633,49,2,0.025647794,0,98121,1,0,0,5,0,0,0,0,1,1,5,5,5,5,5,5,5,5,5,5,3,2,2,3,2,2,2,2,2,3,3,3,1.078652372,1.177724163,0.93201333,0,1,0,0,2,0,1,1,0,0,2,0,4,0,0,3,0,0,3,1,0,0,0,1,0,1,1,0,0,1,3,0,0,1,3,0,0,1,3,0,0,1,3,0,0,1,3,0,0,0,1,4
4634,39,4,0.114095848,0,16915,0,1,0,3,0,0,1,0,0,3,5,5,3,5,1,2,3,4,3,4,2,2,2,4,2,2,2,2,3,3,2,4,0.339047431,-1.42793222,-0.943508345,1,0,1,0,3,0,0,1,0,0,2,0,4,0,0,0,0,1,2,0,1,0,0,1,0,0,0,1,0,0,1,1,0,0,1,1,0,0,1,0,1,0,2,1,0,0,1,1,0,0,0,1
4635,51,2,0.511872788,0,54304,0,1,0,2,0,1,0,0,0,3,3,3,3,5,3,3,3,3,3,3,1,2,1,3,2,2,2,1,2,3,3,4,-0.516042162,0.223324349,-1.043374692,1,0,0,0,1,0,0,1,0,0,2,0,4,1,0,1,0,0,3,0,0,0,1,0,0,-9,0,0,1,0,2,0,0,1,3,0,1,0,2,0,1,0,2,1,0,0,1,1,0,0,0,1
4636,45,2,10.39789438,1,78541,0,0,1,4,0,0,0,1,0,4,4,4,2,5,3,4,2,5,5,4,1,1,3,1,2,2,1,2,3,3,2,3,0.389980386,0.473960433,0.001887772,0,1,0,0,2,0,0,0,0,0,1,1,1,0,1,2,0,0,3,1,0,1,1,1,0,-9,0,1,0,0,1,1,0,0,1,1,0,0,1,1,0,0,1,1,0,0,1,1,0,0,0,1
4636,45,2,10.39789438,1,78541,0,0,1,4,0,0,0,1,0,4,4,4,2,5,3,4,2,5,5,4,1,1,3,1,2,2,1,2,3,3,2,3,0.389980386,0.473960433,0.001887772,0,1,0,0,2,0,0,0,0,0,1,1,1,0,1,2,0,0,3,1,0,1,1,1,0,-9,0,1,0,0,1,1,0,0,1,1,0,0,1,1,0,0,1,1,0,0,1,1,0,0,0,1
4637,36,4,0.370148594,0,44705,0,1,0,1,1,0,0,0,0,1,5,2,5,5,1,1,1,3,3,1,2,2,2,4,2,2,2,2,2,4,4,4,-0.669489928,-0.615931942,-0.477918583,0,0,0,1,4,0,0,1,0,0,2,0,4,1,0,1,0,1,2,0,0,0,0,0,0,1,1,0,1,0,2,0,1,0,2,1,0,0,1,0,0,1,3,1,0,0,1,0,1,0,0,2
4638,25,4,1.334613479,0,39046,0,1,0,3,0,0,1,0,0,2,6,1,2,5,1,1,1,1,5,1,1,1,1,1,2,2,1,2,3,3,3,3,0.366517739,0.352869278,-1.820622463,1,1,0,0,2,0,0,0,0,0,2,0,5,0,0,0,0,0,3,0,0,0,0,1,0,-9,0,1,0,0,1,1,0,0,1,1,0,0,1,1,0,0,1,1,0,0,1,1,0,0,0,1
4639,5,2,6.559153155,0,94134,1,0,0,2,0,1,0,0,0,2,2,4,3,5,5,4,1,5,5,5,2,2,2,3,3,3,2,1,2,3,3,3,0.791933384,1.196810747,0.768252601,0,1,0,0,2,1,1,1,0,0,2,0,4,0,0,3,0,0,3,1,0,0,0,0,0,-9,0,0,0,1,3,0,0,1,3,0,0,1,3,0,0,1,3,0,0,1,3,0,0,0,1,4
4642,49,4,0.010108141,0,98466,0,1,0,1,1,0,0,0,0,1,5,1,5,3,1,1,1,3,1,1,2,2,2,4,2,2,2,2,2,3,3,4,-0.617829433,0.219689095,-0.500082858,1,0,0,1,4,0,0,1,0,0,2,0,4,0,1,2,0,1,2,0,0,0,0,0,0,-9,0,0,1,0,2,0,1,0,2,1,0,0,1,1,0,0,1,1,0,0,1,0,0,0,1,4
4643,49,4,0.058254304,0,98110,0,1,0,1,1,0,0,0,0,1,5,1,5,2,1,1,1,2,5,1,2,2,2,3,2,2,2,2,2,4,4,4,0.204779867,-2.000802196,1.637866447,1,0,0,1,4,0,0,1,0,0,2,0,4,0,0,3,0,1,2,0,0,0,0,0,0,1,1,1,0,0,1,1,0,0,1,1,0,0,1,0,0,1,3,1,0,0,1,0,1,0,0,2
4644,33,4,0.442679072,0,11216,1,0,0,2,0,1,0,0,0,2,5,1,4,4,2,3,3,4,4,4,2,2,2,3,2,2,2,2,3,4,2,3,-0.256789466,0.463145769,0.204755806,0,0,1,0,3,0,0,1,0,0,1,1,1,1,0,1,0,1,2,0,1,0,0,0,1,-9,0,0,0,1,3,0,0,1,3,1,0,0,1,1,0,0,1,0,0,1,3,0,0,1,0,3
4646,16,2,1.479914829,0,50316,1,0,0,5,0,0,0,0,1,4,5,5,1,5,3,1,1,5,5,1,1,1,2,4,2,2,2,2,2,4,3,4,-1.947830748,-0.030998306,1.126162704,1,0,1,0,3,1,1,1,0,0,2,0,4,1,0,1,0,1,2,0,0,0,1,1,0,-9,0,0,1,0,2,0,0,1,3,0,0,1,3,0,0,1,3,1,0,0,1,0,0,0,1,4
4647,22,4,0.185023398,0,1089,0,1,0,3,0,0,1,0,0,3,5,2,4,5,1,4,1,4,4,3,2,2,2,3,2,2,2,1,2,3,4,2,0.179595414,-1.640071303,0.198396299,0,0,1,0,3,0,0,1,0,0,2,0,4,0,1,2,0,1,2,0,0,0,0,1,0,1,1,0,1,0,2,0,1,0,2,0,0,1,3,0,1,0,2,0,1,0,2,0,0,1,0,3
4652,49,2,0.027561981,0,98112,1,0,0,5,0,0,0,0,1,1,5,5,5,4,4,5,4,5,4,5,3,2,3,3,2,2,3,1,2,4,1,3,0.489517684,1.745638849,-0.440840202,0,1,0,0,2,0,1,1,0,0,2,0,4,0,0,3,0,0,3,1,1,0,0,0,0,-9,0,0,0,1,3,0,0,1,3,0,0,1,3,0,0,1,3,0,1,0,2,0,0,0,1,4
4654,49,2,1.30E-09,0,99312,0,0,0,3,0,0,1,0,0,3,5,3,4,3,1,4,1,5,5,3,3,1,2,1,2,2,2,2,2,3,2,4,-0.681825043,-0.297465293,0.39111834,1,1,0,0,2,0,0,1,0,0,2,0,4,1,0,1,0,0,3,1,0,0,1,0,0,1,1,0,0,0,0,0,0,0,0,0,0,0,0,0,0,0,0,0,0,0,0,0,0,0,0,0
4659,43,4,0.430963688,0,57042,0,0,1,4,0,0,0,1,0,2,5,5,2,5,1,1,1,3,5,1,1,1,1,1,2,2,2,2,2,4,3,4,1.306451131,-0.288803166,0.882909254,0,0,1,0,3,0,0,1,0,0,2,0,4,0,1,2,0,1,2,0,0,0,0,1,0,-9,0,1,0,0,1,1,0,0,1,1,0,0,1,1,0,0,1,1,0,0,1,1,0,0,0,1
4660,49,2,0.036267672,0,98102,1,0,0,4,0,0,0,1,0,1,4,3,4,5,4,4,5,4,3,4,3,3,2,1,3,1,2,1,3,1,2,3,0.526061063,1.26817294,0.283851057,0,1,0,0,2,1,1,1,0,0,2,0,4,0,0,3,0,0,3,1,0,0,0,0,0,-9,0,0,0,1,3,0,0,1,3,0,0,1,3,0,0,1,3,0,0,1,3,0,0,0,1,4
4663,51,2,4.127260814,0,53406,0,1,0,1,1,0,0,0,0,2,4,3,4,5,1,2,1,1,3,2,1,2,2,3,2,2,2,2,2,3,3,3,0.473300016,1.16151932,0.788524146,0,0,1,0,3,1,1,1,0,0,2,0,4,0,0,3,1,0,1,0,0,0,0,1,0,-9,0,0,1,0,2,0,1,0,2,0,1,0,2,0,1,0,2,0,1,0,2,0,0,1,0,3
4664,15,2,0.78162813,0,46952,0,1,0,3,0,0,1,0,0,2,5,3,5,4,1,1,1,1,3,1,1,2,2,1,2,2,2,2,2,4,4,4,-0.819892347,-1.174926722,-0.588028767,1,1,0,0,2,0,0,1,0,0,2,0,4,0,1,2,0,1,2,0,0,0,1,1,0,-9,0,1,0,0,1,0,1,0,2,1,0,0,1,0,0,1,3,1,0,0,1,1,0,0,0,1
4667,45,3,1.256441591,1,77379,0,1,0,3,0,0,1,0,0,3,4,4,2,4,2,2,2,4,4,2,2,2,2,3,2,2,2,2,2,3,3,3,0.087139241,0.769958913,-0.180239182,0,1,0,0,2,1,1,0,1,0,2,0,2,0,1,2,1,0,1,0,0,0,0,1,0,-9,0,0,1,0,2,0,1,0,2,1,0,0,1,0,0,1,3,1,0,0,1,0,1,0,0,2
4669,44,4,0.412312114,0,37311,0,1,0,2,0,1,0,0,0,3,5,4,1,5,3,3,2,4,3,3,2,2,2,4,2,2,2,2,2,4,4,4,-2.003529803,0.398046025,-1.920689002,1,0,1,0,3,0,0,1,0,0,2,0,4,1,0,1,0,1,2,0,1,0,0,0,1,1,1,1,0,0,1,0,0,1,3,0,0,1,3,0,0,1,3,1,0,0,1,0,1,0,0,2
4671,33,2,0.056189398,0,98109,1,0,0,3,0,0,1,0,0,3,4,3,4,5,5,5,4,3,3,4,3,3,2,3,3,1,2,3,3,2,2,2,0.332117013,1.271494429,1.140377166,0,0,0,0,1,0,1,1,0,0,2,0,4,0,0,3,0,0,3,1,1,0,0,0,0,1,1,0,0,1,3,0,0,1,3,0,0,1,3,0,0,1,3,0,1,0,2,0,0,0,1,4
4673,22,2,0.272476256,0,1610,1,0,0,2,0,1,0,0,0,1,5,1,4,4,1,1,1,5,3,1,1,2,2,1,2,2,2,2,2,3,3,4,-0.794060334,0.372847798,0.937381671,1,1,0,0,2,0,0,1,0,0,2,0,4,1,0,1,0,0,3,0,0,0,1,0,0,-9,0,0,0,1,3,0,0,1,3,0,0,1,3,0,1,0,2,0,1,0,2,0,0,0,1,4
4677,23,1,0.516123286,0,48170,0,1,0,2,0,1,0,0,0,3,3,3,3,4,4,3,3,4,4,4,1,1,1,1,3,1,3,1,3,1,2,2,-0.766761415,-0.041748176,-2.14184139,1,1,0,0,2,1,1,1,0,0,2,0,4,0,1,2,0,0,3,0,0,0,1,1,0,1,1,0,1,0,2,0,0,1,3,0,0,1,3,0,1,0,2,1,0,0,1,0,1,0,0,2
4678,49,2,0.035909142,0,98201,1,0,0,2,0,1,0,0,0,2,5,3,1,4,3,4,3,3,3,3,3,2,2,2,3,1,2,2,3,3,3,3,-1.471425328,0.905266845,-0.033837915,0,1,0,0,2,0,0,1,1,0,2,0,2,1,0,1,0,0,3,1,0,0,1,1,0,-9,0,0,0,1,3,0,0,1,3,0,1,0,2,0,0,1,3,0,1,0,2,0,0,0,1,4
4679,16,4,0.670412629,0,50309,0,1,0,1,1,0,0,0,0,1,4,0,5,5,1,1,1,1,1,1,2,3,1,3,3,1,2,2,3,3,3,4,-0.240476204,-1.057076311,0.152299131,0,1,0,0,2,1,1,1,0,0,2,0,4,0,1,2,1,0,1,0,1,0,0,0,0,-9,0,1,0,0,1,0,0,1,3,1,0,0,1,0,1,0,2,1,0,0,1,0,0,0,1,4
4681,36,2,3.360444603,0,43315,0,0,1,5,0,0,0,0,1,1,5,5,5,5,1,3,1,5,4,1,2,1,2,4,2,2,2,2,2,4,2,4,1.006546749,-1.492811526,0.998116826,1,1,0,0,2,1,1,1,0,0,2,0,4,0,0,3,0,1,2,0,0,0,0,1,0,1,1,1,0,0,1,1,0,0,1,0,1,0,2,1,0,0,1,1,0,0,1,1,0,0,0,1
4684,36,2,0.315295407,0,43612,0,1,0,2,0,1,0,0,0,3,5,4,2,5,1,1,1,3,4,1,1,2,3,1,2,2,1,2,3,4,2,4,-1.157228583,-1.656630983,1.185481021,1,0,1,0,3,0,0,1,0,0,1,1,1,1,0,1,0,0,3,0,0,0,1,1,0,1,1,0,0,1,3,0,1,0,2,1,0,0,1,0,1,0,2,1,0,0,1,0,0,1,0,3
4687,47,4,0.033056911,0,5401,1,0,0,2,0,1,0,0,0,2,5,2,4,2,2,3,2,4,4,4,2,1,1,2,3,2,3,1,3,2,2,2,-0.21169946,-0.680720251,-0.27088893,0,1,0,0,2,0,0,1,0,0,2,0,4,1,0,1,1,0,1,0,0,0,0,0,1,0,0,0,0,1,3,0,0,1,3,1,0,0,1,0,0,1,3,1,0,0,1,0,0,0,1,4
4690,49,4,0.016835794,0,98201,1,0,0,2,0,1,0,0,0,3,5,3,2,5,1,1,1,4,4,4,2,3,3,3,2,2,3,3,3,4,3,4,0.138783913,-0.98682878,-0.452347014,0,1,0,0,2,0,0,1,0,0,2,0,4,1,0,1,1,0,1,0,1,0,0,0,0,-9,0,0,0,1,3,0,0,1,3,0,1,0,2,0,0,1,3,0,1,0,2,0,0,0,1,4
4691,39,2,0.260775503,0,15136,0,1,0,4,0,0,0,1,0,2,5,2,1,5,1,1,3,4,5,2,2,1,3,1,3,1,3,1,3,1,2,1,-0.514561666,-0.202722802,0.909652183,0,1,0,0,2,0,0,0,1,0,2,0,2,1,0,1,0,0,3,1,0,0,0,1,0,1,1,0,1,0,2,0,1,0,2,1,0,0,1,0,0,1,3,1,0,0,1,0,0,0,1,4
4692,34,4,0.605728787,0,28337,0,0,1,3,0,0,1,0,0,2,5,2,2,5,2,2,2,4,4,4,1,2,2,4,2,2,1,2,2,3,3,4,0.457659355,-0.183976141,1.157596315,1,1,0,0,2,0,0,1,0,0,2,0,4,1,0,1,0,0,3,0,0,0,0,0,0,1,1,1,0,0,1,1,0,0,1,0,1,0,2,0,0,1,3,1,0,0,1,1,0,0,0,1
4694,49,2,0.04067631,0,98104,1,0,0,4,0,0,0,1,0,2,5,4,1,5,4,5,4,5,5,4,1,3,3,1,3,1,1,1,3,2,2,2,0.82615125,0.969088692,0.90456455,0,1,0,0,2,0,1,1,0,0,2,0,4,0,0,3,0,0,3,1,0,0,1,0,0,-9,0,0,0,1,3,0,0,1,3,0,0,1,3,0,0,1,3,0,0,1,3,0,0,0,1,4
4695,49,2,0.069544271,0,98115,1,0,0,5,0,0,0,0,1,1,5,5,5,5,5,5,4,5,5,5,3,3,1,2,1,3,3,3,3,2,2,3,0.860323799,1.141945011,1.186180449,0,1,0,0,2,0,1,1,0,0,2,0,4,0,0,3,0,0,3,1,0,1,0,1,0,-9,0,0,0,1,3,0,0,1,3,0,1,0,2,0,0,1,3,1,0,0,1,0,0,0,1,4
4696,44,4,2.297272042,0,38015,0,0,1,3,0,0,1,0,0,1,6,2,2,5,1,4,1,5,5,3,1,1,1,3,2,2,1,2,3,1,2,3,0.474201338,-0.289922334,0.873442694,1,0,1,0,3,0,0,1,0,0,2,0,4,0,1,2,0,1,2,0,1,0,0,1,0,-9,0,1,0,0,1,1,0,0,1,1,0,0,1,1,0,0,1,1,0,0,1,1,0,0,0,1
4698,49,4,0.014518683,0,98043,0,1,0,1,1,0,0,0,0,1,4,1,1,5,1,1,1,4,5,1,2,2,2,4,2,2,2,2,3,4,2,3,0.487893366,-0.1831064,-0.003131105,1,0,0,1,4,0,1,1,0,0,2,0,4,1,0,1,1,0,1,0,0,0,0,0,0,0,0,0,1,0,2,0,1,0,2,0,0,1,3,0,0,1,3,1,0,0,1,0,0,0,1,4
4700,49,2,0.037701176,0,98092,0,1,0,1,1,0,0,0,0,1,5,3,5,2,1,4,1,2,5,1,2,2,2,3,2,2,2,2,2,3,3,4,-0.686461343,-0.778100276,-0.012862764,1,0,1,0,3,1,1,1,0,0,2,0,4,0,0,0,0,1,2,0,0,0,1,1,0,-9,0,0,1,0,2,1,0,0,1,1,0,0,1,1,0,0,1,1,0,0,1,0,1,0,0,2
4701,44,4,0.904875922,0,37129,0,1,0,3,0,0,1,0,0,2,3,2,4,5,1,2,1,4,5,3,1,2,3,4,3,1,1,2,3,4,2,3,-0.163954744,-0.008616081,-0.536059353,1,0,0,0,1,0,0,1,0,0,2,0,4,0,1,2,0,0,3,1,0,0,0,1,0,-9,0,1,0,0,1,0,1,0,2,0,1,0,2,1,0,0,1,1,0,0,1,1,0,0,0,1
4702,45,4,1.913549775,1,76137,0,1,0,2,0,1,0,0,0,2,5,2,4,4,1,2,1,4,4,3,2,2,2,4,2,2,2,1,3,3,3,3,0.441615735,-0.597993913,0.531575778,1,0,1,0,3,0,0,1,0,0,1,1,1,1,0,1,0,0,3,0,1,0,0,1,0,1,1,0,0,1,3,0,1,0,2,0,1,0,2,1,0,0,1,0,1,0,2,0,1,0,0,2
4703,33,2,0.823700124,0,12210,1,0,0,2,0,1,0,0,0,2,5,4,5,3,1,1,1,1,3,1,2,1,3,2,2,2,2,1,2,4,4,4,-0.97627896,0.645934041,-0.101880575,1,1,0,0,2,0,0,1,0,0,2,0,4,0,1,2,1,0,1,0,0,0,1,0,1,-9,0,0,0,1,3,0,0,1,3,1,0,0,1,0,0,1,3,0,1,0,2,0,0,0,1,4
4704,49,1,0.020751407,0,98107,1,0,0,4,0,0,0,1,0,2,5,4,4,5,4,4,5,4,4,5,3,2,3,2,2,2,3,2,2,2,3,3,0.712206437,0.977388621,-0.436368792,0,1,0,0,2,0,1,1,0,0,2,0,4,0,0,3,0,0,3,1,1,0,0,0,0,-9,0,0,0,1,3,0,0,1,3,1,0,0,1,1,0,0,1,1,0,0,1,0,0,0,1,4
4705,49,2,0.013577996,0,98023,0,1,0,3,0,0,1,0,0,2,5,4,5,3,1,1,1,3,1,1,2,2,2,3,2,2,2,2,2,3,3,3,-0.849085224,0.243209007,-1.040977825,1,1,0,0,2,1,1,1,0,0,2,0,4,1,0,1,0,1,2,1,0,0,1,0,0,-9,0,0,0,1,3,0,1,0,2,1,0,0,1,1,0,0,1,1,0,0,1,0,0,1,0,3
4710,49,4,0.088583803,0,98027,0,1,0,1,1,0,0,0,0,1,4,2,4,5,2,2,2,3,4,3,1,2,2,4,2,2,2,2,3,4,2,4,0.638821146,-0.079037784,-0.709063377,0,0,0,1,4,0,0,1,0,0,2,0,4,0,0,3,0,1,2,0,0,0,0,1,0,-9,0,0,1,0,2,0,0,1,3,0,0,1,3,0,1,0,2,1,0,0,1,0,1,0,0,2
4712,10,2,0.777558842,0,32254,0,1,0,2,0,1,0,0,0,2,2,2,5,4,4,2,2,5,5,5,1,3,3,1,3,1,2,2,3,4,2,2,1.146764879,-0.123921286,-0.276147005,1,0,1,0,3,1,1,0,0,0,2,0,5,0,1,2,0,0,3,1,0,0,0,1,0,-9,0,0,1,0,2,0,1,0,2,0,0,1,3,0,0,1,3,1,0,0,1,0,0,0,1,4
4713,9,2,1.15867024,0,20010,1,0,0,2,0,1,0,0,0,2,2,3,1,5,1,1,1,5,5,4,1,1,3,1,2,1,1,1,3,2,2,3,1.126788259,1.31069657,0.900388977,1,0,0,0,1,0,1,0,1,0,1,1,1,1,0,1,0,0,3,0,0,0,0,0,0,-9,0,0,0,1,3,0,0,1,3,1,0,0,1,0,0,1,3,0,0,1,3,0,0,0,1,4
4714,33,2,0.602407822,0,11789,0,1,0,1,1,0,0,0,0,2,4,2,4,4,4,4,4,5,4,4,1,2,1,1,3,3,1,2,3,2,2,2,0.436709057,0.452503897,0.273472589,0,0,1,0,3,0,0,1,0,0,2,0,4,1,0,1,0,0,3,1,0,0,1,1,0,1,1,0,1,0,2,1,0,0,1,1,0,0,1,1,0,0,1,1,0,0,1,0,1,0,0,2
4715,45,2,1.880694309,1,76058,0,1,0,2,0,1,0,0,0,1,5,4,3,4,4,4,4,4,4,4,2,2,2,3,2,2,2,2,2,3,3,3,0.394499433,0.995008256,0.03536018,1,1,0,0,2,0,0,1,0,0,2,0,4,1,0,1,0,1,2,0,0,0,0,1,0,-9,0,1,0,0,1,1,0,0,1,0,1,0,2,1,0,0,1,1,0,0,1,1,0,0,0,1
4717,19,4,0.281278854,0,71038,0,1,0,4,0,0,0,1,0,4,4,4,2,5,3,3,2,4,4,4,2,1,2,4,2,2,2,2,3,4,2,4,-1.046773079,-1.180027969,-2.218992313,1,1,0,0,2,0,0,1,0,0,2,0,4,0,0,0,0,0,3,1,0,0,0,1,0,1,1,1,0,0,1,1,0,0,1,1,0,0,1,0,1,0,2,1,0,0,1,1,0,0,0,1
4718,49,2,0.049114595,0,98106,0,1,0,1,1,0,0,0,0,2,5,3,4,5,2,2,2,5,4,3,1,2,2,1,2,1,1,2,3,4,2,3,0.309712652,0.585095032,-1.196257558,0,0,1,0,3,0,0,1,0,0,2,0,4,1,0,1,0,1,2,0,0,0,1,1,0,1,1,0,0,1,3,0,1,0,2,1,0,0,1,1,0,0,1,0,1,0,2,0,0,0,1,4
4719,10,4,1.699920886,0,32578,0,1,0,3,0,0,1,0,0,1,3,3,1,5,1,1,1,5,5,3,1,1,2,1,2,2,1,1,3,3,3,4,0.000861317,-0.809708062,0.824350228,1,0,1,0,3,0,1,1,0,0,2,0,4,0,1,2,0,1,2,0,0,0,0,1,0,1,1,1,0,0,1,0,1,0,2,0,1,0,2,0,1,0,2,1,0,0,1,0,1,0,0,2
4726,19,4,0.301508803,0,70791,0,1,0,1,1,0,0,0,0,1,4,1,2,5,1,5,1,4,5,1,2,2,2,4,2,2,2,2,2,3,3,4,1.093626279,-0.817265363,0.04507074,1,1,0,0,2,1,1,1,0,0,2,0,4,1,0,1,1,0,1,0,0,0,0,0,1,-9,0,1,0,0,1,1,0,0,1,0,1,0,2,1,0,0,1,1,0,0,1,1,0,0,0,1
4727,49,4,0.008529523,0,98025,0,0,1,1,1,0,0,0,0,1,4,1,5,3,1,1,1,2,4,3,1,1,1,1,1,2,1,1,2,3,2,2,-0.215884078,0.323321684,0.225144551,0,0,0,1,4,1,1,1,0,0,2,0,4,1,0,1,0,1,2,0,0,0,0,1,0,1,1,1,0,0,1,1,0,0,1,1,0,0,1,1,0,0,1,1,0,0,1,1,0,0,0,1
4728,34,4,0.223770619,0,27215,0,1,0,2,0,1,0,0,0,3,5,3,3,4,3,2,2,4,4,3,1,2,2,3,2,2,2,3,3,3,2,4,-0.20530763,-0.218418061,-0.939862232,0,1,0,0,2,0,0,1,0,0,2,0,4,1,0,1,0,1,2,1,0,0,0,1,1,1,1,1,0,0,1,0,1,0,2,0,1,0,2,0,0,1,3,1,0,0,1,1,0,0,0,1
4730,49,4,0.009803261,0,98290,0,1,0,3,0,0,1,0,0,2,5,3,2,5,3,2,1,5,5,3,1,2,2,4,2,2,1,2,3,4,3,3,0.3694218,-0.773266342,-0.065602193,1,0,0,1,4,1,1,1,0,0,2,0,4,1,0,1,0,1,2,0,1,0,0,0,0,-9,0,1,0,0,1,0,1,0,2,1,0,0,1,1,0,0,1,0,1,0,2,1,0,0,0,1
4731,49,2,0.021475615,0,98118,0,1,0,1,1,0,0,0,0,1,4,3,2,5,2,3,1,5,4,3,2,2,2,4,2,2,1,1,3,4,2,3,-0.11483114,-2.162047241,-0.60300152,1,0,1,0,3,1,1,1,0,0,2,0,4,0,1,2,0,1,2,0,0,0,0,1,0,1,1,0,0,1,3,0,1,0,2,1,0,0,1,1,0,0,1,0,0,1,3,0,0,0,1,4
4732,7,2,0.393520094,0,6002,0,1,0,1,1,0,0,0,0,1,5,1,5,5,1,1,1,1,3,1,2,2,2,3,2,2,2,2,2,4,4,4,0.056543573,-1.759021299,0.774392575,1,1,0,0,2,1,1,1,0,0,2,0,4,0,1,2,0,0,3,0,0,0,1,0,0,1,1,1,0,0,1,0,1,0,2,1,0,0,1,0,1,0,2,1,0,0,1,0,1,0,0,2
4734,31,2,0.895178242,0,7747,0,1,0,1,1,0,0,0,0,1,5,1,5,3,1,1,1,4,3,3,2,2,2,4,2,2,2,2,2,4,2,2,-1.403947305,-0.500038467,0.023025953,1,0,1,0,3,0,0,1,0,0,2,0,4,0,1,2,0,1,2,0,0,0,0,1,0,-9,0,0,1,0,2,0,1,0,2,0,1,0,2,0,0,1,3,0,1,0,2,0,0,1,0,3
4738,10,4,0.569086087,1,33610,0,1,0,2,0,1,0,0,0,2,5,3,4,5,4,3,3,5,4,3,1,3,3,2,3,2,3,1,3,1,2,2,-0.567114604,0.388286266,0.384735653,1,0,0,0,1,0,0,0,1,0,2,0,2,1,0,1,0,1,2,1,0,0,0,0,0,-9,0,0,1,0,2,0,0,1,3,0,0,1,3,0,1,0,2,1,0,0,1,0,0,0,1,4
4740,36,2,1.309622248,0,43041,0,0,1,4,0,0,0,1,0,3,5,4,4,4,1,1,1,5,5,3,1,2,2,1,2,2,2,2,2,4,3,3,1.269825969,0.249367917,0.701157833,1,1,0,0,2,0,0,1,0,0,2,0,4,0,0,0,0,0,3,1,0,0,0,1,0,1,1,0,0,0,0,0,0,0,0,0,0,0,0,0,0,0,0,0,0,0,0,0,0,0,0,0
4744,36,4,0.357380725,0,44857,0,1,0,5,0,0,0,0,1,5,5,5,2,5,1,3,1,5,5,3,1,2,1,4,2,2,2,2,3,3,3,4,-0.944766343,-1.549555925,-1.7895784,1,1,0,0,2,0,0,1,0,0,2,0,4,1,0,1,0,0,3,1,1,0,0,0,1,0,0,1,0,0,1,0,1,0,2,0,1,0,2,0,0,1,3,1,0,0,1,1,0,0,0,1
4746,49,2,0.011748356,0,98498,0,1,0,2,0,1,0,0,0,4,4,5,3,3,2,3,3,4,3,4,3,3,2,3,2,2,3,2,2,2,2,3,-1.423399644,-0.526598366,-0.44235079,1,1,0,0,2,0,0,1,0,0,2,0,4,1,0,1,0,1,2,1,1,0,1,0,0,0,0,0,1,0,2,0,1,0,2,0,1,0,2,1,0,0,1,0,1,0,2,0,0,1,0,3
4747,49,4,0.168722299,0,98125,1,0,0,2,0,1,0,0,0,2,4,3,4,4,2,2,4,4,4,2,2,2,2,2,2,2,2,3,3,4,4,4,-1.629330724,-0.400468476,0.320075532,0,1,0,0,2,0,0,1,0,0,2,0,4,0,0,0,0,0,3,0,0,0,0,1,0,-9,0,0,0,1,3,0,0,1,3,0,1,0,2,0,0,1,3,1,0,0,1,0,0,0,1,4
4749,49,4,0.015694489,0,98349,0,1,0,3,0,0,1,0,0,4,5,4,2,2,3,3,2,4,5,4,3,2,2,2,2,2,3,1,2,3,2,2,0.465801795,0.391510682,-0.878555337,1,0,1,0,3,1,1,1,0,0,2,0,4,1,0,1,1,0,1,0,1,0,0,1,0,-9,0,1,0,0,1,1,0,0,1,1,0,0,1,1,0,0,1,1,0,0,1,1,0,0,0,1
4750,51,4,3.754406821,0,53208,1,0,0,3,0,0,1,0,0,5,3,3,3,3,4,4,3,4,3,3,2,2,2,3,2,2,2,2,2,3,3,3,-0.967736098,0.233525362,-0.211460003,0,1,0,0,2,0,0,0,0,1,2,0,3,1,0,1,0,1,2,0,0,0,0,0,1,-9,0,0,0,1,3,0,0,1,3,0,0,1,3,0,1,0,2,1,0,0,1,0,0,0,1,4
4751,18,2,0.292354481,0,42330,0,0,1,3,0,0,1,0,0,2,6,1,4,3,2,3,4,5,5,3,1,1,3,1,3,3,1,3,3,1,2,2,0.048349645,0.521758559,-0.132507603,1,1,0,0,2,0,0,1,0,0,2,0,4,1,0,1,0,0,3,1,1,1,0,1,0,1,1,1,0,0,1,1,0,0,1,0,1,0,2,1,0,0,1,1,0,0,1,1,0,0,0,1
4752,48,2,0.631909045,0,20155,0,1,0,4,0,0,0,1,0,2,5,3,5,5,4,5,2,5,5,2,1,1,3,1,3,1,1,3,3,3,2,3,-1.814017968,-1.345360141,0.567389771,1,1,0,0,2,1,1,1,0,0,2,0,4,0,0,3,0,0,3,1,0,0,0,0,0,1,1,0,1,0,2,1,0,0,1,0,0,1,3,0,1,0,2,1,0,0,1,1,0,0,0,1
4753,34,2,0.37665619,0,27205,0,1,0,3,0,0,1,0,0,3,4,4,4,4,2,2,2,4,4,2,2,2,2,1,2,2,2,2,2,3,2,4,-0.572514826,-0.847060872,0.640380727,1,1,0,0,2,0,0,1,0,0,2,0,4,1,0,1,0,1,2,0,0,0,1,1,0,-9,0,1,0,0,1,1,0,0,1,0,0,1,3,0,0,1,3,1,0,0,1,1,0,0,0,1
4755,49,2,0.083278195,0,98042,0,1,0,4,0,0,0,1,0,4,5,4,4,5,2,2,5,4,5,5,1,1,3,2,3,1,1,1,3,1,2,2,0.821889351,0.240766908,0.613285231,0,0,0,1,4,1,1,1,0,0,2,0,4,0,1,2,1,0,1,0,0,0,0,1,0,-9,0,0,1,0,2,1,0,0,1,0,1,0,2,1,0,0,1,1,0,0,1,1,0,0,0,1
4756,49,4,0.015442267,0,98177,0,1,0,1,1,0,0,0,0,1,4,1,5,5,1,1,1,5,3,1,2,2,2,4,2,2,2,2,2,4,3,4,-0.524751254,-1.010462968,-1.418445981,1,0,0,1,4,0,0,1,0,0,2,0,4,1,0,1,1,0,1,0,0,0,0,1,1,0,0,0,0,1,3,0,1,0,2,1,0,0,1,1,0,0,1,1,0,0,1,0,0,0,1,4
4757,30,2,2.863571176,0,3060,0,1,0,4,0,0,0,1,0,2,5,5,2,4,2,4,2,5,5,4,2,2,2,1,3,1,1,1,3,2,2,3,0.357342648,0.309652272,0.824061554,0,1,0,0,2,0,0,1,0,0,2,0,4,0,0,3,0,0,3,1,1,0,0,1,0,-9,0,0,1,0,2,0,0,1,3,0,0,1,3,0,0,1,3,1,0,0,1,0,1,0,0,2
4759,49,2,0.00893992,0,98371,0,1,0,4,0,0,0,1,0,2,5,5,1,5,1,4,1,4,4,1,2,1,3,1,2,2,1,3,3,2,2,4,-0.157788652,-0.62354896,-1.573112624,1,0,1,0,3,0,0,1,0,0,2,0,4,1,0,1,0,0,3,0,0,0,1,0,0,0,0,0,1,0,2,0,1,0,2,0,1,0,2,1,0,0,1,0,0,1,3,0,0,1,0,3
4760,49,2,0.155834223,0,98006,0,1,0,2,0,1,0,0,0,3,4,4,2,4,1,1,3,4,3,1,2,2,2,4,2,3,1,1,3,4,4,4,-1.203353966,-0.709393552,-0.439786658,0,0,0,1,4,1,1,1,0,0,2,0,4,0,0,3,0,1,2,0,0,0,1,1,0,0,0,0,1,0,2,0,0,1,3,0,0,1,3,1,0,0,1,1,0,0,1,0,0,1,0,3
4762,49,2,0.013801612,0,98467,0,1,0,2,0,1,0,0,0,2,4,3,2,3,2,3,1,4,4,2,3,3,2,2,2,1,2,2,3,4,2,4,0.417471516,-0.379058539,-0.732077801,1,1,0,0,2,0,0,1,0,0,2,0,4,1,0,1,0,1,2,0,0,0,0,0,0,-9,0,0,0,1,3,0,1,0,2,1,0,0,1,0,0,1,3,0,1,0,2,0,0,1,0,3
4763,45,2,1.752977674,1,78726,0,1,0,1,1,0,0,0,0,1,5,1,4,4,2,3,2,4,4,4,2,2,2,3,2,2,2,2,2,3,2,2,0.85327655,0.571136589,0.341490461,1,0,1,0,3,1,1,1,0,0,2,0,4,0,0,3,0,1,2,0,0,0,0,1,0,1,1,0,0,0,0,0,0,0,0,0,0,0,0,0,0,0,0,0,0,0,0,0,0,0,0,0
4765,49,2,0.058073021,0,98104,1,0,0,5,0,0,0,0,1,3,5,5,2,5,1,1,2,5,5,5,1,1,3,1,2,2,2,1,2,3,3,1,-0.750273561,-0.686697459,1.791664255,1,1,0,0,2,1,1,0,1,0,2,0,2,0,0,3,0,1,2,0,0,0,1,1,0,1,1,0,0,1,3,0,0,1,3,0,0,1,3,0,0,1,3,0,0,1,3,0,0,0,1,4
4769,45,2,3.418293817,1,78526,0,1,0,2,0,1,0,0,0,1,1,2,5,4,2,3,1,4,4,3,2,2,2,3,2,2,2,2,2,4,3,4,0.264289426,0.031961499,0.687813064,1,1,0,0,2,0,0,1,0,0,1,1,1,0,1,2,0,0,3,1,0,0,1,1,0,-9,0,0,1,0,2,0,1,0,2,0,0,1,3,0,1,0,2,1,0,0,1,1,0,0,0,1
4769,45,2,3.418293817,1,78526,0,1,0,2,0,1,0,0,0,1,1,2,5,4,2,3,1,4,4,3,2,2,2,3,2,2,2,2,2,4,3,4,0.264289426,0.031961499,0.687813064,1,1,0,0,2,0,0,1,0,0,1,1,1,0,1,2,0,0,3,1,0,0,1,1,0,-9,0,0,1,0,2,0,1,0,2,0,0,1,3,0,1,0,2,1,0,0,1,1,0,0,0,1
4771,49,2,0.232125995,0,98121,1,0,0,1,1,0,0,0,0,2,5,2,4,3,1,3,1,3,5,4,3,1,1,3,3,1,2,3,2,3,2,2,-0.851438803,0.240474649,0.380121715,0,1,0,0,2,0,0,1,0,0,2,0,4,0,0,3,0,1,2,0,0,0,1,0,1,1,1,0,0,1,3,0,0,1,3,0,0,1,3,0,0,1,3,0,0,1,3,0,0,0,1,4
4773,9,3,0.132090222,0,20011,1,0,0,4,0,0,0,1,0,1,4,3,4,4,3,3,4,4,3,3,2,3,2,3,3,2,2,3,3,3,3,2,-0.198324578,0.292453282,-0.272580366,0,1,0,0,2,0,0,0,1,0,2,0,2,1,0,1,0,0,3,1,1,0,0,0,0,1,1,0,0,1,3,0,0,1,3,1,0,0,1,0,1,0,2,0,0,1,3,0,0,0,1,4
4776,49,2,0.063119822,0,98404,0,1,0,2,0,1,0,0,0,2,6,3,5,4,1,1,1,3,2,1,2,2,2,3,2,2,1,2,2,1,2,3,-1.665602345,-0.950657891,0.557686678,1,1,0,0,2,0,0,1,0,0,2,0,4,0,1,2,0,1,2,0,1,0,0,1,0,0,0,0,0,1,3,0,1,0,2,0,1,0,2,1,0,0,1,0,1,0,2,0,0,0,1,4
4779,1,2,0.861880994,0,36016,0,0,1,4,0,0,0,1,0,1,5,4,2,4,2,2,2,5,5,3,3,1,1,1,3,1,1,1,3,1,2,3,0.134972358,-1.09313467,0.70131693,0,1,0,0,2,0,0,0,1,0,2,0,2,1,0,1,0,1,2,0,0,0,0,0,0,1,1,1,0,0,1,1,0,0,1,1,0,0,1,0,0,1,3,1,0,0,1,1,0,0,0,1
4783,51,4,0.217494192,0,54911,0,1,0,1,1,0,0,0,0,1,5,1,4,4,2,2,2,4,4,4,2,2,2,4,2,2,2,2,2,4,3,4,0.55818535,-0.170360015,-0.157738844,1,1,0,0,2,0,0,1,0,0,2,0,4,1,0,1,0,1,2,0,0,0,0,0,0,1,1,0,1,0,2,0,0,1,3,0,1,0,2,0,0,1,3,1,0,0,1,0,1,0,0,2
4784,36,2,0.909485406,0,45067,0,1,0,5,0,0,0,0,1,5,5,5,1,4,4,1,1,1,4,1,1,1,1,2,2,2,1,2,3,1,1,3,-2.358521815,-0.086935601,-0.206469553,1,0,1,0,3,0,0,1,0,0,2,0,4,0,1,2,1,0,1,0,0,0,1,1,0,-9,0,0,1,0,2,1,0,0,1,1,0,0,1,1,0,0,1,1,0,0,1,0,1,0,0,2
4785,4,4,0.652474455,0,72031,0,0,1,2,0,1,0,0,0,1,5,2,1,5,1,1,1,2,4,1,2,1,2,1,2,2,1,2,3,1,1,4,0.647856217,-1.161129038,0.790514864,1,1,0,0,2,0,0,1,0,0,2,0,4,1,0,1,1,0,1,0,0,0,0,1,0,1,1,1,0,0,1,1,0,0,1,1,0,0,1,0,1,0,2,1,0,0,1,1,0,0,0,1
4786,49,2,0.065301376,0,98275,0,1,0,2,0,1,0,0,0,2,4,3,4,4,2,3,3,4,5,4,2,2,2,3,2,2,2,2,2,4,3,3,-0.167325932,-0.785037193,0.179883392,1,1,0,0,2,1,1,1,0,0,2,0,4,0,0,3,0,0,3,1,0,0,0,1,0,-9,0,0,1,0,2,0,1,0,2,1,0,0,1,1,0,0,1,0,1,0,2,0,0,1,0,3
4788,17,4,0.219528307,0,67147,0,0,1,5,0,0,0,0,1,1,3,2,3,3,3,3,3,3,3,3,1,1,1,1,1,1,1,1,2,1,1,1,-2.730799354,-0.752340823,-3.230425445,1,1,0,0,2,0,0,1,0,0,2,0,4,1,0,1,0,0,3,1,1,0,0,1,0,-9,0,1,0,0,1,1,0,0,1,0,1,0,2,0,1,0,2,1,0,0,1,1,0,0,0,1
4792,33,2,0.470164444,0,10459,1,0,0,2,0,1,0,0,0,2,3,2,3,3,3,3,4,4,4,4,2,2,2,3,2,2,2,2,2,3,3,3,-0.105416948,0.113749564,-0.917941916,0,1,0,0,2,0,0,0,1,0,2,0,2,1,0,1,0,0,3,1,0,0,1,0,0,0,0,0,0,1,3,0,0,1,3,0,1,0,2,0,1,0,2,0,0,1,3,0,0,0,1,4
4794,30,2,0.226988857,0,3104,1,0,0,2,0,1,0,0,0,3,4,3,3,3,3,3,3,3,3,3,1,1,3,4,1,1,2,2,1,2,1,3,-0.588171547,0.453829971,0.138382764,1,1,0,0,2,1,1,0,1,0,2,0,2,0,1,2,0,0,3,0,0,0,1,0,1,-9,0,0,0,1,3,0,0,1,3,0,0,1,3,0,1,0,2,1,0,0,1,0,1,0,0,2
4795,51,2,0.515862505,0,53714,0,1,0,1,1,0,0,0,0,1,4,1,5,5,1,1,1,3,3,1,1,1,1,1,2,2,1,2,3,3,3,3,-0.183451242,-1.170364798,-0.437552444,1,1,0,0,2,0,1,1,0,0,2,0,4,0,1,2,0,0,3,1,0,0,0,1,0,-9,0,0,1,0,2,0,0,1,3,0,0,1,3,0,0,1,3,1,0,0,1,0,0,0,1,4
4797,39,2,25.00370527,0,19038,0,1,0,1,1,0,0,0,0,1,4,0,5,5,5,5,5,5,5,5,3,1,3,2,2,2,2,3,3,3,2,2,0.042066005,-0.669682088,-0.295511106,1,1,0,0,2,0,0,1,1,0,2,0,2,1,0,1,0,1,2,0,0,0,0,0,1,1,1,0,1,0,2,0,1,0,2,1,0,0,1,0,0,1,3,0,0,1,3,0,0,0,1,4
4799,49,2,0.340603665,0,98201,1,0,0,4,0,0,0,1,0,2,5,5,4,4,2,3,2,4,4,3,2,2,2,4,2,2,2,2,3,4,2,4,0.022570699,-0.438556405,0.46614426,1,1,0,0,2,0,0,1,0,0,2,0,4,0,0,3,0,1,2,0,0,1,1,0,0,-9,0,0,0,1,3,0,0,1,3,0,1,0,2,0,0,1,3,0,1,0,2,0,0,0,1,4
4801,23,4,4.968899699,0,48461,0,0,1,3,0,0,1,0,0,1,5,5,2,5,1,1,1,5,5,5,1,1,1,1,2,2,2,2,3,1,3,3,0.340269723,1.560006834,-1.308061472,1,1,0,0,2,0,0,1,0,0,2,0,4,0,0,3,0,0,3,1,0,0,0,1,0,1,1,1,0,0,1,1,0,0,1,0,1,0,2,1,0,0,1,1,0,0,1,1,0,0,0,1
4803,23,4,0.460658815,0,49440,0,1,0,3,0,0,1,0,0,1,5,4,3,3,3,3,3,3,3,3,2,2,2,3,2,2,2,2,3,3,3,3,0.35141912,-0.054571512,-0.210761798,1,1,0,0,2,0,0,1,0,0,2,0,4,1,0,1,1,0,1,0,1,0,0,0,0,1,1,0,1,0,2,0,0,1,3,0,1,0,2,0,0,1,3,1,0,0,1,0,0,1,0,3
4804,31,2,0.423974441,0,7508,1,0,0,4,0,0,0,1,0,4,5,3,2,5,2,2,1,5,5,2,2,2,3,3,2,2,2,2,2,3,3,1,-0.332447098,-0.969137766,-1.965964331,0,1,0,0,2,0,0,0,1,0,2,0,2,1,0,1,0,0,3,1,0,0,1,1,0,1,1,0,0,1,3,0,0,1,3,1,0,0,1,1,0,0,1,1,0,0,1,0,0,0,1,4
4805,49,2,0.018680915,0,98371,0,1,0,2,0,1,0,0,0,1,2,3,4,4,4,4,3,3,3,3,1,1,1,1,1,1,1,1,1,1,1,1,0.100321239,-0.063347202,-0.310076287,0,0,1,0,3,0,0,1,0,0,2,0,4,0,1,2,0,1,2,0,0,0,0,1,1,-9,0,0,1,0,2,0,1,0,2,0,1,0,2,1,0,0,1,0,0,1,3,0,0,1,0,3
4806,14,2,0.423901692,0,62002,0,1,0,3,0,0,1,0,0,3,4,3,4,3,4,4,2,4,4,4,2,3,3,2,2,2,2,1,3,3,2,3,-0.567336699,0.447555688,0.167686875,1,1,0,0,2,0,0,1,0,0,2,0,4,1,0,1,0,1,2,0,0,0,1,1,0,1,1,0,1,0,2,0,1,0,2,0,1,0,2,0,0,1,3,1,0,0,1,0,1,0,0,2
4810,15,2,1.149748854,0,47960,0,1,0,4,0,0,0,1,0,3,5,4,2,5,3,1,4,3,3,4,3,3,2,1,3,2,1,1,3,1,2,3,-0.646967594,-1.547087023,-0.036336289,1,0,0,0,1,0,0,1,0,0,2,0,4,1,0,1,0,0,3,0,0,0,0,0,0,-9,0,1,0,0,1,0,1,0,2,1,0,0,1,0,1,0,2,1,0,0,1,1,0,0,0,1
4811,33,2,7.378491229,0,14051,0,1,0,2,0,1,0,0,0,1,5,4,4,5,1,2,1,5,5,2,1,2,2,1,2,1,1,2,3,2,2,4,0.63323205,0.032104302,-0.377409723,1,1,0,0,2,0,1,0,0,0,2,0,5,0,0,3,1,0,1,0,0,0,1,1,0,1,1,1,0,0,1,1,0,0,1,1,0,0,1,0,1,0,2,1,0,0,1,1,0,0,0,1
4812,23,2,0.127001396,0,48393,0,1,0,5,0,0,0,0,1,1,5,3,5,3,4,5,5,5,5,5,2,2,3,2,3,2,3,3,3,2,2,2,0.134366105,0.320842094,1.454140639,1,1,0,0,2,0,0,1,0,0,2,0,4,1,0,1,0,0,3,0,0,0,0,0,0,-9,0,0,1,0,2,1,0,0,1,1,0,0,1,1,0,0,1,1,0,0,1,1,0,0,0,1
4818,36,2,0.301135228,0,44656,0,0,1,4,0,0,0,1,0,2,5,4,4,5,2,2,1,5,5,5,1,2,2,4,1,1,1,2,3,4,2,4,-0.687526457,-0.795188698,0.855136616,1,0,1,0,3,0,0,1,0,0,2,0,4,1,0,1,0,1,2,0,1,0,0,1,0,-9,0,1,0,0,1,1,0,0,1,0,1,0,2,0,0,1,3,1,0,0,1,1,0,0,0,1
4819,49,2,0.04067631,0,98198,1,0,0,3,0,0,1,0,0,1,6,1,3,5,3,3,3,4,4,4,1,1,3,1,3,1,1,1,3,2,2,2,0.979216165,1.296431506,1.171499095,0,1,0,0,2,0,1,1,0,0,2,0,4,0,0,3,0,0,3,1,0,0,1,0,0,-9,0,0,0,1,3,0,1,0,2,0,1,0,2,0,1,0,2,0,1,0,2,0,0,1,0,3
4820,49,4,0.015399266,0,98204,1,0,0,1,1,0,0,0,0,2,2,1,4,5,1,1,1,3,4,3,1,1,2,4,2,2,2,2,2,4,4,4,-0.272826887,-0.963151639,-0.047910823,0,1,0,0,2,1,1,1,0,1,2,0,3,1,0,1,0,0,3,0,0,0,0,1,0,0,0,0,0,1,3,0,0,1,3,0,1,0,2,0,0,1,3,1,0,0,1,0,0,0,1,4
4821,23,4,0.292732264,0,48843,0,1,0,2,0,1,0,0,0,2,5,2,4,5,1,2,1,5,3,4,1,1,1,1,2,2,2,2,2,1,3,3,-1.781946548,-0.084125715,0.865641886,1,0,1,0,3,0,0,1,0,0,2,0,4,1,0,1,0,0,3,0,1,0,0,0,0,-9,0,1,0,0,1,1,0,0,1,0,1,0,2,1,0,0,1,1,0,0,1,1,0,0,0,1
4822,49,4,0.0083043,0,98346,0,1,0,1,1,0,0,0,0,1,3,1,2,4,1,2,2,3,5,3,2,2,2,3,2,2,2,2,2,3,2,3,0.210494399,-0.430425968,0.457707747,1,0,1,1,4,1,1,1,0,0,2,0,4,1,0,1,0,1,2,0,0,0,0,1,0,0,0,1,0,0,1,1,0,0,1,1,0,0,1,0,1,0,2,0,1,0,2,1,0,0,0,1
4823,39,3,1.583466756,0,19143,1,0,0,4,0,0,0,1,0,3,5,3,4,4,4,3,4,4,4,3,2,2,2,2,2,2,1,3,1,1,2,2,-1.009387104,0.908840458,0.483278903,0,1,0,0,2,1,1,0,1,0,2,0,2,0,0,3,0,0,3,1,1,0,0,0,0,-9,0,0,0,1,3,0,0,1,3,1,0,0,1,1,0,0,1,0,0,1,3,0,0,0,1,4
4825,49,2,0.018640136,0,98122,1,0,0,4,0,0,0,1,0,3,5,4,3,3,2,2,2,5,1,1,1,1,3,3,2,2,2,1,3,1,2,2,-1.001656375,1.178508415,-1.004317045,1,1,0,0,2,0,0,0,0,0,1,1,1,1,0,1,0,0,3,1,0,0,1,0,0,0,0,0,0,1,3,0,0,1,3,1,0,0,1,0,0,1,3,0,0,1,3,0,0,0,1,4
4828,14,2,1.450591364,0,61526,0,0,1,4,0,0,0,1,0,3,5,3,4,5,1,3,1,4,4,3,1,1,2,4,2,3,2,2,2,3,3,4,1.116750618,0.819346407,0.489291864,0,1,0,0,2,0,0,1,0,0,2,0,4,0,1,2,0,0,3,1,0,1,1,1,0,-9,0,1,0,0,1,1,0,0,1,0,1,0,2,1,0,0,1,1,0,0,1,1,0,0,0,1
4829,49,2,0.050274066,0,98198,1,0,0,4,0,0,0,1,0,1,6,2,3,5,5,5,2,5,5,5,2,2,2,4,3,1,1,1,3,2,2,2,0.876538442,1.332528315,0.498768811,0,1,0,0,2,0,1,1,0,0,2,0,4,0,0,3,0,0,3,1,0,0,0,1,0,0,0,0,0,1,3,0,1,0,2,0,1,0,2,0,1,0,2,0,1,0,2,0,0,1,0,3
4833,22,2,0.330567556,0,1545,0,1,0,3,0,0,1,0,0,3,3,3,2,3,3,4,4,4,4,3,1,1,1,1,2,2,3,2,1,2,2,3,-0.578274984,-0.383882633,-0.183224111,1,0,1,0,3,1,1,1,0,0,2,0,4,0,1,2,1,0,1,0,0,0,0,1,0,-9,0,1,0,0,1,1,0,0,1,0,0,1,3,0,1,0,2,1,0,0,1,1,0,0,0,1
4834,49,2,0.055769519,0,98122,1,0,0,4,0,0,0,1,0,2,5,3,5,4,5,4,5,3,5,5,3,1,3,3,3,3,1,3,2,3,3,2,0.642514583,0.711406179,1.182907772,1,1,0,0,2,0,1,1,0,0,2,0,4,0,0,3,0,0,3,1,1,1,0,1,0,-9,0,0,0,1,3,0,0,1,3,1,0,0,1,0,0,1,3,0,0,1,3,0,0,0,1,4
4835,7,2,0.154734032,0,6705,1,0,0,2,0,1,0,0,0,3,4,4,4,4,2,4,2,4,4,4,1,1,2,3,2,2,1,3,2,3,3,4,0.282372252,0.150939258,-0.291920692,1,1,0,0,2,0,0,1,0,0,2,0,4,1,0,1,0,0,3,0,1,0,0,0,0,1,1,0,0,1,3,0,1,0,2,0,1,0,2,0,0,1,3,0,1,0,2,0,0,0,1,4
4838,17,4,1.746895045,0,67357,0,1,0,2,0,1,0,0,0,2,1,3,4,4,3,3,1,4,4,3,1,1,3,4,3,1,1,1,3,2,2,2,0.490594481,-0.019685215,0.582899251,1,0,1,0,3,0,0,1,0,0,2,0,4,1,0,1,0,0,3,1,1,0,0,1,0,1,1,1,0,0,1,0,1,0,2,1,0,0,1,0,1,0,2,1,0,0,1,1,0,0,0,1
4839,49,2,0.019491298,0,98059,0,1,0,3,0,0,1,0,0,2,4,2,4,4,2,3,1,4,4,4,2,3,3,1,3,1,1,1,3,2,2,3,0.525052936,0.822679447,0.720408487,0,1,0,0,2,0,1,1,0,0,2,0,4,0,0,3,0,0,3,1,0,0,1,1,0,-9,0,0,1,0,2,0,1,0,2,1,0,0,1,0,0,1,3,1,0,0,1,0,0,1,0,3
4842,31,2,0.523775193,0,8260,0,1,0,2,0,1,0,0,0,1,5,2,4,3,1,1,1,2,3,1,2,2,2,3,2,2,2,2,2,4,3,3,0.784899026,-0.803229246,-0.173333398,1,0,1,0,3,0,0,1,0,0,2,0,4,0,1,2,0,1,2,0,0,0,0,1,0,-9,0,0,1,0,2,0,1,0,2,1,0,0,1,0,0,1,3,1,0,0,1,0,0,0,1,4
4843,49,2,0.071408653,0,98125,1,0,0,2,0,1,0,0,0,1,1,5,5,5,3,3,1,1,1,5,1,2,3,4,3,2,3,2,3,1,1,1,1.110286513,1.308534128,1.332220982,0,1,0,0,2,0,1,1,0,0,2,0,4,0,0,3,0,0,3,1,0,0,0,0,0,-9,0,0,0,1,3,0,0,1,3,0,1,0,2,0,0,1,3,1,0,0,1,0,0,0,1,4
4848,23,2,0.830526742,0,48864,0,1,0,2,0,1,0,0,0,2,2,3,2,2,2,3,2,4,4,3,3,3,3,3,3,2,2,2,3,2,2,1,-0.455348169,0.00693497,-0.969850375,0,0,0,0,1,1,1,1,0,0,2,0,4,0,1,2,0,1,2,1,1,1,0,0,0,-9,0,1,0,0,1,1,0,0,1,0,1,0,2,0,0,1,3,1,0,0,1,0,1,0,0,2
4849,49,2,0.159111145,0,98002,1,0,0,2,0,1,0,0,0,1,5,1,5,4,1,1,1,2,5,3,2,3,3,4,2,2,2,2,2,3,2,4,0.151870103,0.307935843,-0.015390106,1,0,0,0,1,1,1,1,0,0,2,0,4,0,0,3,0,1,2,0,0,0,1,0,0,-9,0,0,0,1,3,0,0,1,3,0,1,0,2,0,1,0,2,0,1,0,2,0,0,0,1,4
4850,49,2,0.071090846,0,98168,0,1,0,4,0,0,0,1,0,2,4,4,3,4,4,3,5,4,4,4,3,3,3,2,3,3,2,1,3,2,2,2,0.52717975,0.666890357,0.954695551,0,1,0,0,2,0,1,1,0,0,2,0,4,0,0,3,0,0,3,1,0,0,0,0,0,-9,0,0,1,0,2,0,1,0,2,0,0,1,3,0,1,0,2,0,1,0,2,0,0,1,0,3
4852,49,2,0.059834601,0,98125,1,0,0,5,0,0,0,0,1,1,5,5,5,5,5,5,5,5,5,5,3,3,3,2,3,2,2,3,2,2,2,2,1.005623697,1.408695721,1.273973838,0,0,1,0,3,0,1,1,0,0,2,0,4,0,0,3,0,0,3,1,1,0,0,0,0,-9,0,0,0,1,3,0,0,1,3,0,1,0,2,0,0,1,3,1,0,0,1,0,0,0,1,4
4854,33,2,0.409484847,0,10035,1,0,0,2,0,1,0,0,0,2,5,2,2,5,1,1,2,4,4,1,1,1,3,1,3,1,2,1,3,4,2,4,-0.587179453,-1.111465265,0.100688412,1,1,0,0,2,0,1,0,1,0,2,0,2,0,1,2,1,0,1,0,0,0,1,0,1,1,1,0,0,1,3,0,0,1,3,0,0,1,3,0,0,1,3,0,0,1,3,0,0,0,1,4
4856,51,2,1.449114002,0,54115,0,1,0,2,0,1,0,0,0,3,4,3,3,4,3,4,3,4,4,4,1,1,3,2,2,3,3,2,3,3,2,4,0.826690196,-0.117420068,-0.059867659,1,1,0,0,2,0,0,1,0,0,2,0,4,0,1,2,0,0,3,1,0,0,1,1,0,-9,0,0,1,0,2,0,1,0,2,0,1,0,2,0,1,0,2,1,0,0,1,1,0,0,0,1
4858,35,2,5.009230291,0,58104,0,1,0,1,1,0,0,0,0,1,5,1,4,5,1,1,1,2,3,1,1,1,3,4,2,2,2,2,3,4,3,3,1.013105661,-1.363603164,-0.844079092,1,1,0,0,2,0,0,1,0,0,2,0,4,0,0,3,0,0,3,1,0,0,0,0,0,-9,0,0,1,0,2,0,0,1,3,0,0,1,3,0,0,1,3,1,0,0,1,0,0,1,0,3
4859,33,4,0.593255971,0,12304,0,1,0,3,0,0,1,0,0,2,5,4,5,5,1,1,1,4,3,2,2,2,2,4,2,2,2,2,1,4,2,4,-0.674066693,-1.340638461,-2.135017757,1,0,1,0,3,0,0,1,0,0,2,0,4,1,0,1,1,0,1,0,1,0,0,1,1,-9,0,0,0,1,3,0,1,0,2,0,0,1,3,1,0,0,1,1,0,0,1,0,0,1,0,3
4860,14,4,0.103039309,0,62864,0,1,0,2,0,1,0,0,0,2,5,4,5,5,1,2,1,4,3,3,2,2,2,4,2,2,2,2,2,4,3,4,-0.557822843,-1.63133047,-0.464478185,1,0,1,0,3,0,0,1,0,0,2,0,4,0,1,2,0,0,3,0,0,0,0,1,0,1,1,1,0,0,1,0,1,0,2,0,1,0,2,0,1,0,2,1,0,0,1,1,0,0,0,1
4864,49,4,0.03275624,0,98373,0,1,0,4,0,0,0,1,0,2,4,4,3,5,3,3,1,5,5,4,1,1,3,1,2,2,1,1,3,1,3,4,-0.477323761,-1.552079212,-0.617336165,1,0,0,1,4,0,0,1,0,0,2,0,4,1,0,1,0,1,2,0,1,0,0,0,0,-9,0,0,1,0,2,0,1,0,2,0,1,0,2,0,0,1,3,1,0,0,1,0,0,1,0,3
4866,14,2,3.564533374,0,60602,1,0,0,3,0,0,1,0,0,2,4,3,2,5,4,2,3,5,5,5,2,1,2,1,3,1,2,2,3,2,2,2,0.706098939,1.307728638,-0.221824028,0,1,0,0,2,1,1,1,0,0,2,0,4,0,0,3,0,0,3,1,0,0,0,1,0,-9,0,0,0,1,3,0,0,1,3,0,1,0,2,0,1,0,2,0,0,1,3,0,0,0,1,4
4871,14,2,1.488340128,0,61201,0,1,0,4,0,0,0,1,0,3,5,4,3,4,3,4,3,3,3,4,1,1,2,1,3,1,3,2,3,3,2,2,-0.02504326,0.395411975,0.187184397,1,1,0,0,2,0,0,1,0,0,2,0,4,0,1,2,0,0,3,1,0,0,0,1,0,0,0,0,1,0,2,0,1,0,2,0,1,0,2,0,0,1,3,1,0,0,1,0,1,0,0,2
4876,23,3,0.129416469,0,48210,0,1,0,3,0,0,1,0,0,2,4,3,3,5,1,1,1,2,4,3,2,2,2,3,2,2,2,2,2,1,3,4,-0.174915327,-0.60684219,-0.665111084,1,1,0,0,2,0,0,0,1,0,2,0,2,1,0,1,0,1,2,0,0,0,0,1,1,-9,0,0,0,1,3,0,1,0,2,0,0,1,3,1,0,0,1,1,0,0,1,0,0,1,0,3
4877,26,2,0.455313312,0,63301,0,1,0,3,0,0,1,0,0,2,5,3,4,5,1,1,1,5,5,4,2,2,2,3,2,2,2,2,3,4,2,2,0.831616908,-1.573706896,0.594558532,1,0,1,0,3,0,0,1,0,0,2,0,4,0,1,2,0,0,3,0,0,0,1,0,0,1,1,0,1,0,2,0,0,1,3,0,1,0,2,0,1,0,2,1,0,0,1,0,1,0,0,2
4878,23,2,1.444013002,0,49601,0,1,0,1,1,0,0,0,0,2,5,1,5,5,1,1,1,4,4,1,2,2,2,4,2,2,1,2,2,4,4,4,-0.086792554,-0.90256887,0.525436651,1,1,0,0,2,1,1,1,0,0,2,0,4,0,0,3,0,1,2,0,0,0,0,1,0,-9,0,1,0,0,1,0,1,0,2,0,1,0,2,0,1,0,2,1,0,0,1,1,0,0,0,1
4879,23,3,0.319752269,0,48238,0,1,0,4,0,0,0,1,0,2,4,5,4,3,3,3,4,4,3,4,2,2,2,3,2,2,1,1,2,3,3,3,-0.399515484,0.09210758,-0.492444248,0,1,0,0,2,0,0,0,1,0,2,0,2,1,0,1,0,0,3,1,1,0,0,0,0,-9,0,0,0,1,3,1,0,0,1,0,0,1,3,1,0,0,1,1,0,0,1,0,0,1,0,3
4883,14,2,0.123933837,0,60616,1,0,0,3,0,0,1,0,0,1,5,3,4,5,3,4,1,5,5,5,2,2,2,4,3,1,2,2,3,3,2,2,0.617393585,0.711207698,0.526872931,0,1,0,0,2,1,1,0,1,0,2,0,2,1,0,1,0,1,2,0,0,0,0,0,1,1,1,0,0,1,3,0,0,1,3,0,0,1,3,0,1,0,2,0,0,1,3,0,0,0,1,4
4885,3,4,0.031120772,1,85301,1,0,0,3,0,0,1,0,0,2,4,4,4,5,5,5,3,5,5,5,2,2,2,1,1,1,2,1,3,3,2,2,0.78363483,1.155710226,0.023738809,1,0,1,0,3,0,0,1,0,0,2,0,4,1,0,1,1,0,1,1,1,0,0,0,0,1,1,0,0,1,3,0,0,1,3,0,1,0,2,1,0,0,1,1,0,0,1,0,0,0,1,4
4886,3,4,0.018943141,1,85249,0,1,0,2,0,1,0,0,0,1,3,3,5,3,1,1,1,1,1,1,2,2,2,3,2,2,2,2,2,4,3,4,0.226368848,0.332870091,0.501597948,1,0,0,1,4,1,1,1,0,0,2,0,4,0,0,3,0,0,3,1,0,0,0,1,0,1,1,0,1,0,2,1,0,0,1,0,0,1,3,1,0,0,1,1,0,0,1,1,0,0,0,1
4887,3,4,0.010389864,1,85378,0,1,0,1,1,0,0,0,0,1,1,0,5,4,1,2,2,3,3,3,2,2,2,4,2,2,2,2,2,3,3,3,0.111462088,-0.598035778,-0.71400342,1,0,0,1,4,1,1,1,0,0,2,0,4,0,1,2,1,0,1,0,0,0,0,0,0,-9,0,0,1,0,2,0,1,0,2,0,0,1,3,1,0,0,1,1,0,0,1,1,0,0,0,1
4891,3,4,0.027061615,1,85027,0,1,0,3,0,0,1,0,0,3,2,3,4,4,1,1,1,3,3,3,2,2,2,3,2,2,2,2,2,4,2,4,-0.032892005,-0.54154351,-0.798734525,1,0,0,1,4,0,0,1,0,0,2,0,4,0,1,2,0,1,2,0,0,0,0,1,0,1,1,0,1,0,2,0,0,1,3,0,0,1,3,0,1,0,2,1,0,0,1,0,0,1,0,3
4897,3,2,0.048623189,1,85387,0,1,0,2,0,1,0,0,0,1,1,4,5,3,1,1,2,5,4,3,1,1,2,1,3,3,2,1,3,1,2,2,0.964463277,0.964927015,-1.27386683,1,1,0,0,2,0,0,1,0,0,1,1,1,0,1,2,0,0,3,1,0,0,1,1,0,-9,0,1,0,0,1,1,0,0,1,1,0,0,1,1,0,0,1,1,0,0,1,1,0,0,0,1
4898,3,4,0.028330094,1,85212,0,1,0,2,0,1,0,0,0,3,2,0,5,4,1,3,4,5,5,5,2,2,3,1,2,2,2,2,2,2,2,2,0.7702544,-0.804628405,0.276832942,0,0,0,1,4,1,1,1,0,0,2,0,4,0,1,2,0,1,2,0,0,0,0,1,0,-9,0,1,0,0,1,1,0,0,1,0,1,0,2,0,1,0,2,1,0,0,1,1,0,0,0,1
4903,3,4,0.015431304,1,85209,0,1,0,2,0,1,0,0,0,2,4,2,4,4,2,1,1,5,5,3,2,2,1,1,2,2,2,2,2,3,3,2,0.552246073,0.712607748,0.031062966,1,0,0,1,4,0,1,1,0,0,2,0,4,0,1,2,0,1,2,0,0,0,0,1,0,1,1,0,1,0,2,0,1,0,2,0,0,1,3,1,0,0,1,1,0,0,1,0,0,1,0,3
4904,3,4,0.028330094,1,85207,0,1,0,3,0,0,1,0,0,3,2,1,2,5,1,1,2,4,4,4,1,3,2,1,3,1,1,2,3,1,3,1,0.665969577,0.773814533,0.204606976,0,0,0,1,4,1,1,1,0,0,2,0,4,0,1,2,0,1,2,0,1,0,0,1,0,1,1,0,1,0,2,1,0,0,1,0,0,1,3,1,0,0,1,1,0,0,1,0,1,0,0,2
4905,3,4,0.028398762,1,85086,0,1,0,3,0,0,1,0,0,3,5,4,4,4,1,2,1,4,4,5,2,1,1,3,2,2,2,2,2,3,2,2,0.380963316,0.701477903,-2.183711461,1,0,0,1,4,0,0,1,0,0,2,0,4,0,1,2,1,0,1,0,0,0,0,1,0,0,0,0,1,0,2,1,0,0,1,0,1,0,2,1,0,0,1,1,0,0,1,1,0,0,0,1
4906,3,4,0.035497206,1,85307,0,1,0,2,0,1,0,0,0,1,3,1,4,4,1,1,1,3,4,3,2,2,2,3,2,2,2,2,2,3,3,4,-1.503991775,0.675653431,-1.226725846,1,0,0,1,4,0,0,1,0,0,2,0,4,1,0,1,1,0,1,0,0,0,0,1,0,-9,0,0,1,0,2,1,0,0,1,1,0,0,1,0,1,0,2,1,0,0,1,0,0,1,0,3
4911,3,4,0.019337531,1,85257,1,0,0,3,0,0,1,0,0,2,4,2,2,4,2,2,3,4,4,3,1,1,3,1,3,1,1,1,3,1,2,1,-1.577156918,-0.126707826,0.501490006,0,0,0,1,4,0,0,1,0,0,2,0,4,0,1,2,0,0,3,0,1,0,0,1,0,-9,0,0,0,1,3,0,0,1,3,0,1,0,2,0,1,0,2,1,0,0,1,0,0,0,1,4
4914,3,4,0.046652889,1,85345,0,1,0,3,0,0,1,0,0,3,5,3,4,5,1,3,4,5,5,1,2,2,1,1,2,2,2,2,3,3,3,1,0.101665816,0.710548744,1.501318142,0,0,0,1,4,1,1,1,0,0,2,0,4,0,1,2,1,0,1,0,0,0,0,1,0,1,1,0,1,0,2,0,1,0,2,0,0,1,3,1,0,0,1,1,0,0,1,0,0,1,0,3
4915,3,2,0.072080338,1,85003,0,1,0,1,1,0,0,0,0,1,2,1,2,1,2,3,2,1,2,2,2,2,2,3,2,2,2,2,2,3,3,3,0.535774856,1.021389542,1.144104113,0,1,0,0,2,1,1,1,0,0,2,0,4,0,0,3,0,0,3,1,0,0,1,1,0,1,1,0,1,0,2,0,0,1,3,0,0,1,3,0,1,0,2,0,0,1,3,0,0,0,1,4
4921,3,4,0.011398406,1,85050,0,1,0,2,0,1,0,0,0,2,2,3,4,5,2,2,1,4,4,4,2,2,2,4,2,2,2,2,3,4,2,3,-0.707129403,-0.673658329,-1.122527427,1,0,0,1,4,0,0,1,0,0,2,0,4,1,0,1,0,1,2,0,0,0,0,1,0,-9,0,0,0,1,3,1,0,0,1,0,0,1,3,1,0,0,1,1,0,0,1,0,1,0,0,2
4922,3,2,0.049489122,1,85326,0,1,0,3,0,0,1,0,0,3,4,5,2,4,3,4,2,5,5,5,3,3,3,1,3,1,2,2,3,2,2,2,0.208468117,0.904679984,0.488809973,0,0,0,1,4,0,1,1,0,0,2,0,4,0,1,2,0,1,2,0,0,0,1,1,0,-9,0,1,0,0,1,1,0,0,1,0,1,0,2,1,0,0,1,1,0,0,1,1,0,0,0,1
4924,3,4,0.023842282,1,85206,0,1,0,2,0,1,0,0,0,2,6,3,1,5,1,1,1,4,4,2,1,1,1,4,2,2,1,2,3,4,3,3,0.441600828,0.670705155,0.134843074,0,0,0,1,4,1,1,1,0,0,2,0,4,0,1,2,0,1,2,0,0,0,0,1,0,1,1,0,1,0,2,0,0,1,3,0,0,1,3,0,0,1,3,1,0,0,1,0,0,1,0,3
4925,3,4,0.005965273,1,85381,0,1,0,3,0,0,1,0,0,2,3,2,5,5,1,1,1,5,5,1,1,3,1,3,2,2,2,2,2,4,4,4,-2.327469607,-0.09047757,0.417682825,1,0,0,1,4,0,0,1,0,0,2,0,4,1,0,1,0,0,3,1,0,0,0,1,0,-9,0,0,1,0,2,0,1,0,2,0,1,0,2,0,0,1,3,1,0,0,1,0,0,1,0,3
4927,3,2,0.06571677,1,85262,0,1,0,1,1,0,0,0,0,5,6,0,5,5,1,5,3,3,3,3,2,2,2,3,2,2,2,1,1,1,2,2,-0.842460948,0.466807397,-0.365592568,0,0,0,1,4,0,0,1,0,0,2,0,4,0,1,2,0,1,2,0,1,0,0,1,0,1,1,1,0,0,1,1,0,0,1,0,1,0,2,1,0,0,1,1,0,0,1,1,0,0,0,1
4928,3,2,0.064328679,1,85013,1,0,0,2,0,1,0,0,0,3,1,0,2,5,1,3,1,3,3,3,1,1,3,1,2,1,2,1,3,3,2,3,-0.183094485,0.648035023,0.121142359,0,1,0,0,2,1,1,1,0,0,2,0,4,0,1,2,0,1,2,0,0,0,1,0,0,-9,0,0,0,1,3,0,0,1,3,0,1,0,2,0,0,1,3,0,0,1,3,0,0,0,1,4
4930,3,4,0.021550927,1,85215,0,1,0,2,0,1,0,0,0,2,5,3,4,2,2,2,2,4,4,4,2,2,2,4,2,2,2,2,2,4,3,4,-1.183962847,0.473875063,-0.240304921,0,0,0,1,4,0,0,0,1,0,2,0,2,1,0,1,0,1,2,0,0,0,0,1,0,1,1,0,1,0,2,0,1,0,2,0,0,1,3,1,0,0,1,1,0,0,1,0,1,0,0,2
4931,3,2,0.262159743,1,85019,1,0,0,2,0,1,0,0,0,1,1,0,5,1,1,1,1,1,1,1,2,2,2,3,2,2,2,2,2,3,3,3,-0.244225948,0.553829638,-0.227298648,0,0,1,0,3,0,0,1,0,0,2,0,4,0,1,2,1,0,1,0,0,0,1,1,0,1,1,0,0,1,3,0,0,1,3,0,1,0,2,1,0,0,1,1,0,0,1,0,0,1,0,3
4933,3,2,0.031303983,1,85032,0,1,0,2,0,1,0,0,0,3,3,1,4,5,1,1,1,1,1,1,2,1,2,4,2,2,2,2,3,4,3,4,-1.505315091,-1.323825351,0.213829993,1,1,0,0,2,0,0,1,0,0,2,0,4,1,0,1,0,1,2,0,0,0,1,0,0,1,1,0,0,1,3,0,1,0,2,0,0,1,3,0,0,1,3,1,0,0,1,0,0,0,1,4
4934,3,2,0.008253241,1,85379,0,1,0,3,0,0,1,0,0,1,1,1,5,5,1,1,1,4,4,4,2,2,2,3,2,2,2,3,2,3,4,4,0.179565186,0.569044647,0.159813712,1,0,0,1,4,0,0,1,0,0,2,0,4,0,1,2,0,0,3,0,0,1,1,1,0,1,1,0,0,1,3,1,0,0,1,0,1,0,2,1,0,0,1,1,0,0,1,1,0,0,0,1
4935,3,2,0.040193162,1,85308,0,1,0,2,0,1,0,0,0,3,2,1,4,5,2,3,2,4,5,3,1,2,3,1,2,2,3,2,3,2,2,1,-0.087103937,-1.744873868,0.068914693,1,0,1,0,3,1,1,1,0,0,2,0,4,0,1,2,0,1,2,0,0,0,0,1,0,1,1,0,1,0,2,0,1,0,2,0,0,1,3,0,1,0,2,1,0,0,1,0,0,1,0,3
4937,3,2,0.004664508,1,85040,1,0,0,1,1,0,0,0,0,4,5,1,3,5,2,1,1,5,5,5,1,1,3,1,3,2,2,1,3,1,2,4,-2.941581238,-1.213344068,-1.906373627,1,1,0,0,2,0,0,0,1,0,2,0,2,1,0,1,0,0,3,1,0,0,0,0,0,-9,0,0,0,1,3,0,0,1,3,0,1,0,2,1,0,0,1,1,0,0,1,0,0,1,0,3
4938,3,4,0.035497206,1,85351,0,1,0,1,1,0,0,0,0,3,1,2,5,5,1,3,1,4,4,3,2,2,3,1,1,1,2,1,2,1,4,1,0.740971556,-1.271704015,-1.81684179,1,0,0,1,4,0,0,1,0,0,2,0,4,1,0,1,1,0,1,0,1,0,0,1,0,-9,0,0,1,0,2,1,0,0,1,0,1,0,2,1,0,0,1,1,0,0,1,0,1,0,0,2
4939,3,4,0.032616678,1,85085,0,1,0,3,0,0,1,0,0,3,1,0,2,5,2,1,4,3,3,2,1,1,2,1,2,2,1,2,3,1,1,1,-0.671404797,-0.392538452,-0.621508231,0,0,0,1,4,1,1,1,0,0,2,0,4,0,1,2,0,1,2,0,1,0,0,0,0,1,1,1,0,0,1,1,0,0,1,1,0,0,1,1,0,0,1,1,0,0,1,1,0,0,0,1
4944,3,4,0.005786093,1,85033,0,1,0,2,0,1,0,0,0,2,4,3,3,4,3,2,2,4,4,3,2,2,2,3,2,2,2,2,2,4,3,3,-0.881281122,0.161495897,0.477011469,1,0,1,0,3,0,0,1,0,0,2,0,4,1,0,1,0,0,3,1,0,0,0,1,0,-9,0,0,0,1,3,0,1,0,2,1,0,0,1,1,0,0,1,1,0,0,1,0,0,1,0,3
4947,3,4,0.066595809,1,85018,1,0,0,1,1,0,0,0,0,1,2,3,4,3,3,3,3,4,4,4,1,1,1,2,3,1,2,1,3,2,2,4,-1.767992811,-0.714297181,-1.878902242,0,0,0,1,4,0,1,1,0,0,2,0,4,0,0,3,0,1,2,1,0,0,0,1,0,1,1,0,0,1,3,0,0,1,3,1,0,0,1,0,0,1,3,1,0,0,1,0,0,0,1,4
4949,3,4,0.017886648,1,85375,0,1,0,3,0,0,1,0,0,2,1,1,2,5,3,3,3,4,4,4,2,2,2,4,2,2,1,1,3,2,2,2,-0.371083004,-0.517544779,-0.270428467,1,0,0,1,4,0,0,1,0,0,2,0,4,1,0,1,0,1,2,0,0,0,0,1,0,-9,0,1,0,0,1,1,0,0,1,0,1,0,2,1,0,0,1,1,0,0,1,1,0,0,0,1
4950,3,4,0.046607536,1,85016,1,0,0,2,0,1,0,0,0,2,1,0,5,5,1,1,1,2,2,4,1,1,1,1,2,2,1,1,3,4,2,3,1.061562126,-0.227738317,0.505067058,1,0,0,1,4,0,0,1,0,0,2,0,4,0,0,3,0,1,2,0,0,0,0,0,0,1,1,0,0,1,3,0,0,1,3,0,0,1,3,0,0,1,3,1,0,0,1,0,0,0,1,4
4956,3,4,0.018794187,1,85251,1,0,0,1,1,0,0,0,0,1,2,0,5,5,1,1,1,4,4,1,2,2,2,4,2,2,2,2,2,4,2,4,1.144638413,0.575707378,0.088547414,1,0,0,1,4,0,0,1,0,0,2,0,4,1,0,1,1,0,1,0,0,0,0,0,0,1,1,0,0,1,3,0,0,1,3,0,1,0,2,0,1,0,2,1,0,0,1,0,0,0,1,4
4958,3,4,0.034095319,1,85306,1,0,0,3,0,0,1,0,0,2,5,2,5,3,1,4,1,1,1,1,1,3,3,1,1,2,2,2,2,4,2,2,0.190183903,0.246764291,-0.266658556,0,1,0,0,2,0,0,1,0,0,2,0,4,1,0,1,1,0,1,0,0,0,0,1,1,-9,0,0,0,1,3,0,0,1,3,0,1,0,2,0,1,0,2,1,0,0,1,0,0,0,1,4
4961,3,2,0.045809791,1,85340,0,1,0,3,0,0,1,0,0,1,1,2,4,4,4,4,4,4,4,4,2,2,2,3,2,2,2,2,2,3,1,3,-0.386678606,-0.141687141,0.442306582,1,0,0,0,1,0,0,1,0,0,2,0,4,1,0,1,0,0,3,0,0,0,1,1,0,1,1,0,1,0,2,1,0,0,1,0,1,0,2,0,1,0,2,1,0,0,1,0,1,0,0,2
4963,3,2,0.090890895,1,85205,0,1,0,1,1,0,0,0,0,1,6,2,4,3,3,3,2,3,3,2,2,2,2,4,2,2,2,2,2,4,3,3,-0.233754103,0.758466076,-0.241831044,0,0,0,1,4,0,0,1,0,0,2,0,4,0,1,2,0,1,2,0,0,0,1,1,0,1,1,0,1,0,2,0,1,0,2,0,1,0,2,0,1,0,2,1,0,0,1,0,0,1,0,3
4964,3,4,0.210007493,0,85142,0,1,0,1,1,0,0,0,0,1,1,5,5,4,1,1,1,1,1,1,2,3,3,1,2,2,2,1,3,2,2,4,0.31552798,1.26491253,1.227107412,1,0,0,0,1,0,0,1,0,0,1,1,1,0,0,3,0,0,3,1,1,0,0,1,0,1,1,1,0,0,1,1,0,0,1,0,1,0,2,0,0,1,3,1,0,0,1,1,0,0,0,1
4968,49,2,0.071513953,0,98105,1,0,0,4,0,0,0,1,0,2,5,5,5,4,3,2,1,4,5,5,2,2,1,1,3,1,2,2,3,3,2,2,0.735460939,1.251477743,0.740420357,1,0,0,0,1,1,1,0,1,0,2,0,2,0,1,2,0,1,2,1,0,0,0,0,0,-9,0,0,0,1,3,0,0,1,3,0,0,1,3,0,0,1,3,1,0,0,1,0,0,0,1,4
4969,3,2,0.021118578,1,85339,0,1,0,2,0,1,0,0,0,2,3,3,4,3,2,4,2,3,5,4,1,2,2,4,2,2,2,2,3,3,2,2,-0.385850171,-1.076451643,-0.226944415,1,0,1,0,3,0,0,1,0,0,2,0,4,0,1,2,0,0,3,0,0,0,0,1,0,1,1,1,0,0,1,1,0,0,1,1,0,0,1,1,0,0,1,1,0,0,1,0,1,0,0,2
4972,3,4,0.173849653,1,85054,0,0,1,1,1,0,0,0,0,1,5,0,5,3,1,1,3,1,3,1,2,2,2,3,2,2,2,2,2,3,3,4,0.03534585,0.731249582,-0.36178789,1,0,0,1,4,1,1,0,0,1,2,0,3,0,0,3,0,1,2,0,0,0,0,0,0,1,1,0,0,0,0,0,0,0,0,0,0,0,0,0,0,0,0,0,0,0,0,0,0,0,0,0
4986,3,4,0.017444219,1,85035,0,1,0,3,0,0,1,0,0,2,2,2,5,5,4,2,1,1,1,3,3,3,3,3,1,1,1,2,2,1,3,4,0.221843377,1.186627236,0.735886732,1,1,0,0,2,0,0,0,1,0,1,1,1,1,0,1,0,0,3,1,0,0,0,0,1,1,1,0,0,1,3,0,1,0,2,0,1,0,2,1,0,0,1,1,0,0,1,0,0,1,0,3
4989,3,4,0.04069164,1,85301,1,0,0,2,0,1,0,0,0,3,6,2,3,4,3,4,3,5,5,4,1,2,2,1,2,2,2,2,2,4,3,4,-0.537873915,-0.023172293,-1.275262066,1,1,0,0,2,0,0,1,0,0,1,1,1,1,0,1,0,0,3,1,0,0,0,1,1,-9,0,0,0,1,3,0,0,1,3,0,1,0,2,1,0,0,1,1,0,0,1,0,0,0,1,4
4992,3,4,0.011984589,1,85032,0,1,0,2,0,1,0,0,0,3,5,5,1,5,1,1,1,5,5,1,2,3,2,4,2,2,2,2,3,4,2,4,-0.432608762,-1.978698696,0.832476428,1,0,0,1,4,0,0,1,0,0,2,0,4,1,0,1,1,0,1,0,0,0,0,1,0,0,0,0,0,1,3,0,1,0,2,0,0,1,3,0,0,1,3,1,0,0,1,0,0,0,1,4
4994,49,4,0.012359841,0,98367,0,1,0,3,0,0,1,0,0,3,5,4,3,5,2,3,1,3,5,3,2,2,2,4,2,2,2,2,3,4,3,4,0.59100029,-2.265733117,0.220663566,1,0,0,1,4,1,1,1,0,0,2,0,4,1,0,1,1,0,1,0,0,0,0,1,0,-9,0,1,0,0,1,1,0,0,1,1,0,0,1,1,0,0,1,0,1,0,2,1,0,0,0,1
4996,3,2,0.073911444,1,85302,0,1,0,2,0,1,0,0,0,2,5,1,5,5,1,3,1,3,5,5,3,1,3,2,3,2,1,1,3,3,2,2,1.145330876,1.081397627,0.376721651,1,1,0,0,2,0,0,1,0,0,2,0,4,0,1,2,0,1,2,0,0,0,0,0,0,1,1,0,0,1,3,0,1,0,2,1,0,0,1,0,1,0,2,1,0,0,1,0,0,0,1,4
4997,49,2,0.063977119,0,98258,0,1,0,3,0,0,1,0,0,1,1,2,5,3,1,1,1,5,5,5,1,1,1,1,2,3,3,2,3,3,3,3,0.935333853,1.490852768,0.606641344,1,1,0,0,2,0,0,1,0,1,2,0,3,0,1,2,0,0,3,1,0,0,0,1,0,-9,0,0,1,0,2,1,0,0,1,1,0,0,1,1,0,0,1,0,1,0,2,0,1,0,0,2
5000,3,2,0.032467592,1,85345,0,1,0,5,0,0,0,0,1,1,5,3,5,4,4,3,3,2,3,3,3,3,3,2,3,3,3,2,3,2,2,3,0.41010791,0.354806023,0.672336776,0,1,0,0,2,0,0,0,1,0,2,0,2,0,1,2,0,0,3,1,1,0,0,1,0,-9,0,0,1,0,2,0,1,0,2,0,0,1,3,1,0,0,1,1,0,0,1,0,0,1,0,3
5001,3,2,0.105639807,1,85248,0,1,0,3,0,0,1,0,0,1,6,3,5,1,1,1,1,2,5,5,3,2,2,3,2,2,2,2,2,3,3,3,1.323346934,1.399411583,0.761075133,1,1,0,0,2,1,1,0,0,1,2,0,3,0,0,3,0,0,3,1,0,0,0,0,0,1,1,0,1,0,2,0,1,0,2,0,0,1,3,0,1,0,2,1,0,0,1,0,1,0,0,2
5003,3,3,0.028469608,1,85020,1,0,0,3,0,0,1,0,0,3,3,3,3,3,3,3,2,3,3,3,3,3,3,3,2,2,1,2,3,3,3,3,-0.754053782,0.238148152,-1.110770458,0,1,0,0,2,0,0,0,1,0,2,0,2,1,0,1,1,0,1,0,0,0,0,0,0,-9,0,0,0,1,3,0,0,1,3,0,1,0,2,0,0,1,3,1,0,0,1,0,0,0,1,4
5004,3,2,0.021244909,1,85209,0,1,0,4,0,0,0,1,0,3,2,3,3,4,4,4,4,4,3,2,1,3,3,1,3,1,1,2,3,4,2,4,-0.445002369,-0.388104795,0.165361294,1,0,0,0,1,1,1,1,0,0,2,0,4,0,1,2,1,0,1,0,0,0,0,0,1,1,1,0,1,0,2,0,1,0,2,0,0,1,3,1,0,0,1,1,0,0,1,0,0,1,0,3
5006,3,1,0.106056849,1,85308,0,1,0,4,0,0,0,1,0,3,4,5,3,4,4,5,2,3,4,2,3,2,1,4,2,3,2,2,2,3,2,3,0.56092249,0.539687942,0.327429998,0,0,0,0,1,0,0,0,0,0,1,1,1,1,0,1,0,0,3,0,0,0,0,1,0,-9,0,0,1,0,2,0,1,0,2,0,0,1,3,0,1,0,2,1,0,0,1,0,0,1,0,3
5007,3,2,0.016495111,1,85208,0,1,0,5,0,0,0,0,1,3,1,0,5,5,1,1,5,1,5,1,1,1,3,1,3,1,1,1,3,2,2,1,0.416029534,-0.290035008,0.895896331,1,1,0,0,2,0,0,1,0,0,2,0,4,0,1,2,0,0,3,1,1,0,1,0,0,-9,0,0,1,0,2,0,1,0,2,0,0,1,3,0,1,0,2,1,0,0,1,0,1,0,0,2
5011,3,2,0.128043596,1,85016,1,0,0,4,0,0,0,1,0,4,3,5,2,5,3,5,4,5,5,4,1,2,2,1,2,1,1,1,3,2,2,2,1.137062707,1.679793561,-1.159707414,1,0,0,0,1,1,1,1,0,0,1,1,1,0,1,2,0,1,2,0,0,0,0,1,0,-9,0,0,0,1,3,0,0,1,3,0,0,1,3,0,0,1,3,1,0,0,1,0,0,0,1,4
5012,3,2,0.235073279,1,85043,0,1,0,4,0,0,0,1,0,3,5,4,4,4,4,5,5,5,4,4,3,1,1,2,3,1,3,1,3,2,2,2,0.501524047,1.163866503,0.737920326,0,0,0,0,1,1,1,1,0,0,1,1,1,0,1,2,0,1,2,0,0,0,0,1,0,-9,0,1,0,0,1,0,0,1,3,0,0,1,3,0,0,1,3,1,0,0,1,0,0,1,0,3
5014,3,2,0.029156187,1,85213,0,1,0,3,0,0,1,0,0,2,3,3,4,3,4,2,3,4,4,4,1,3,2,2,2,2,3,1,3,1,1,1,-0.49221404,0.305457508,0.254251969,1,0,0,0,1,0,0,0,0,0,1,1,1,1,0,1,0,0,3,1,1,0,1,0,1,1,1,0,1,0,2,0,1,0,2,0,1,0,2,1,0,0,1,0,1,0,2,0,0,1,0,3
5015,3,2,0.110745569,1,85249,0,1,0,2,0,1,0,0,0,2,1,2,4,4,1,1,1,1,3,3,2,1,2,3,2,2,2,2,2,4,3,4,0.973489287,0.317242078,-0.127616338,1,0,0,0,1,1,1,1,0,0,1,1,1,0,0,3,0,0,3,0,0,0,0,1,0,-9,0,0,1,0,2,1,0,0,1,0,0,1,3,1,0,0,1,1,0,0,1,1,0,0,0,1
5016,3,2,0.275823194,1,85031,0,1,0,2,0,1,0,0,0,1,3,2,1,5,2,1,1,1,3,3,3,3,2,3,2,2,2,3,2,3,3,3,0.09054036,0.808896175,-0.173147093,0,0,0,0,1,0,0,1,0,0,1,1,1,1,0,1,0,1,2,0,0,1,1,1,0,-9,0,0,0,1,3,0,1,0,2,1,0,0,1,1,0,0,1,1,0,0,1,0,0,0,1,4
5017,3,2,0.142256312,1,85008,1,0,0,4,0,0,0,1,0,1,4,2,5,5,2,5,4,5,3,5,3,3,3,2,3,1,1,1,3,3,3,3,-0.229010466,0.35374239,-1.550367176,0,0,1,0,3,1,1,0,0,1,2,0,3,0,1,2,1,0,1,0,0,0,0,1,0,-9,0,0,0,1,3,0,0,1,3,0,1,0,2,0,0,1,3,0,1,0,2,0,0,1,0,3
5018,3,2,0.536471298,1,85308,0,1,0,1,1,0,0,0,0,2,6,0,5,3,2,4,3,5,3,4,2,1,2,1,2,2,2,2,2,2,2,2,-0.292738202,-0.632627602,0.347686053,0,0,0,0,1,0,0,0,0,0,2,0,5,0,1,2,0,0,3,1,0,0,1,1,0,-9,0,0,1,0,2,0,1,0,2,0,0,1,3,0,1,0,2,1,0,0,1,0,0,1,0,3
5020,3,2,0.097848657,1,85338,0,1,0,2,0,1,0,0,0,1,5,3,5,4,1,1,1,4,3,3,3,3,3,2,2,2,3,2,3,3,2,3,0.378604062,0.337928859,-0.226719997,0,1,0,0,2,0,0,1,0,0,2,0,4,0,0,3,0,0,3,1,0,1,1,1,0,-9,0,1,0,0,1,1,0,0,1,0,1,0,2,0,0,1,3,1,0,0,1,0,1,0,0,2
5022,3,4,0.265681569,1,85251,1,0,0,3,0,0,1,0,0,1,4,3,4,3,3,3,4,4,3,3,2,2,2,2,2,2,2,2,2,3,3,4,-1.057702661,-0.304138528,-0.369459476,1,0,0,0,1,0,0,1,0,0,2,0,4,1,0,1,0,0,3,1,0,0,0,0,0,1,1,0,0,1,3,0,0,1,3,0,1,0,2,0,1,0,2,1,0,0,1,0,0,0,1,4
5023,3,2,0.083690247,1,85086,0,1,0,2,0,1,0,0,0,1,4,3,4,5,2,3,1,4,4,4,2,2,2,3,1,2,2,2,2,3,3,3,0.446986541,0.232168746,-0.690272459,1,1,0,0,2,0,0,1,0,0,2,0,4,0,1,2,1,0,1,0,0,0,1,1,0,-9,0,0,1,0,2,1,0,0,1,0,1,0,2,1,0,0,1,1,0,0,1,1,0,0,0,1
5024,34,4,0.009188001,0,85118,0,1,0,5,0,0,0,0,1,3,1,5,2,5,3,3,3,4,4,4,2,2,3,1,3,2,2,2,3,2,3,3,0.476982399,-1.927709328,0.408151165,1,1,0,0,2,0,0,1,0,0,2,0,4,1,0,1,0,0,3,0,1,0,0,1,0,-9,0,1,0,0,1,1,0,0,1,1,0,0,1,0,1,0,2,1,0,0,1,1,0,0,0,1
5025,3,1,0.085604549,1,85326,0,1,0,2,0,1,0,0,0,2,4,4,5,5,5,5,2,3,3,4,1,1,2,3,1,1,1,1,2,1,1,3,-0.120501238,0.99984235,-0.123152385,1,1,0,0,2,0,0,0,0,0,1,1,1,1,0,1,0,0,3,1,0,1,0,1,0,1,1,1,0,0,1,1,0,0,1,0,1,0,2,1,0,0,1,1,0,0,1,1,0,0,0,1
5026,3,4,0.034251011,1,85027,0,1,0,4,0,0,0,1,0,5,5,2,5,5,2,2,1,5,3,3,2,2,3,4,3,2,2,2,3,4,3,4,-0.989819473,-0.122883418,-0.181401167,1,1,0,0,2,0,0,1,0,0,2,0,4,1,0,1,0,0,3,1,1,0,0,0,0,1,1,0,1,0,2,0,0,1,3,0,0,1,3,0,1,0,2,1,0,0,1,0,0,1,0,3
5028,3,4,0.00748545,1,85208,0,1,0,3,0,0,1,0,0,2,4,5,1,5,1,3,1,5,3,5,1,1,3,1,3,1,3,1,3,1,2,3,-0.038717203,1.226439581,-0.452681727,1,1,0,0,2,0,0,1,0,0,2,0,4,1,0,1,0,0,3,1,0,0,0,1,0,-9,0,0,1,0,2,0,1,0,2,0,0,1,3,0,1,0,2,1,0,0,1,0,1,0,0,2
5032,33,4,0.075315407,0,14613,0,1,0,2,0,1,0,0,0,1,4,4,2,5,3,3,1,5,5,5,1,1,2,3,3,1,2,2,3,3,2,2,0.892308914,1.458354861,0.805153963,0,0,1,0,3,0,0,0,1,0,2,0,2,1,0,1,0,1,2,0,0,0,0,1,0,-9,0,0,0,1,3,0,1,0,2,1,0,0,1,1,0,0,1,1,0,0,1,0,0,0,1,4
5037,30,2,0.521060907,0,3062,0,1,0,4,0,0,0,1,0,3,3,4,4,3,3,3,3,3,3,3,2,2,2,3,2,2,2,2,2,3,3,4,-0.064539537,0.514678644,-1.14344995,0,1,0,0,2,0,0,1,0,0,2,0,4,1,0,1,1,0,1,0,0,0,1,0,0,1,1,0,1,0,2,0,1,0,2,0,0,1,3,1,0,0,1,1,0,0,1,1,0,0,0,1
5038,3,2,0.020405226,1,85203,0,1,0,2,0,1,0,0,0,1,1,1,4,5,2,2,1,2,4,2,2,3,3,3,2,2,1,2,3,3,2,4,-1.210566177,-0.951695862,0.52916107,0,1,0,0,2,0,0,1,0,0,2,0,4,1,0,1,1,0,1,0,0,0,1,0,1,1,1,0,0,1,3,0,1,0,2,0,1,0,2,0,0,1,3,0,0,1,3,0,0,0,1,4
5039,15,1,0.646545725,0,46113,0,1,0,5,0,0,0,0,1,1,5,5,5,5,5,5,5,5,5,5,3,3,3,2,3,3,3,3,3,2,2,2,0.984548793,1.393782222,1.217152987,0,0,0,0,1,0,0,0,1,0,2,0,2,1,0,1,0,0,3,1,1,0,0,0,0,1,1,1,0,0,1,1,0,0,1,0,0,1,3,0,1,0,2,1,0,0,1,0,1,0,0,2
5040,49,3,0.028812402,0,98391,0,1,0,3,0,0,1,0,0,3,4,4,2,4,2,2,2,2,2,2,1,1,3,2,2,2,2,2,2,3,3,4,-0.48501237,-0.010083015,0.081015103,1,0,0,0,1,0,0,1,0,0,2,0,4,0,1,2,0,0,3,1,0,0,0,1,0,1,1,1,0,0,1,1,0,0,1,1,0,0,1,1,0,0,1,1,0,0,1,1,0,0,0,1
5041,49,2,0.050274066,0,98108,1,0,0,4,0,0,0,1,0,1,6,3,2,5,5,5,4,5,5,5,2,2,2,4,3,2,2,2,3,2,2,2,0.423211552,1.482870389,1.061960235,0,1,0,0,2,0,1,1,0,0,2,0,4,0,0,3,0,0,3,1,0,0,0,1,0,0,0,0,0,1,3,0,0,1,3,0,0,1,3,0,1,0,2,0,0,1,3,0,0,0,1,4
5042,3,4,0.152552807,1,85048,0,1,0,4,0,0,0,1,0,3,5,4,2,5,5,5,5,5,5,5,1,1,1,3,3,1,3,1,3,2,2,2,0.09232819,-0.705518394,0.666093688,1,1,0,0,2,0,0,1,0,1,2,0,3,1,0,1,0,0,3,1,0,0,0,0,0,1,1,0,1,0,2,0,1,0,2,0,0,1,3,1,0,0,1,1,0,0,1,0,0,1,0,3
5043,23,2,4.219478298,0,49120,0,1,0,3,0,0,1,0,0,1,5,4,5,3,1,1,3,5,2,1,2,2,2,4,2,2,2,2,2,4,3,4,-1.657664857,-1.363691484,0.315334216,0,1,0,0,2,0,0,1,0,0,2,0,4,0,0,3,0,0,3,1,0,0,0,1,0,-9,0,1,0,0,1,1,0,0,1,1,0,0,1,0,1,0,2,1,0,0,1,1,0,0,0,1
5045,33,1,0.448196553,0,10001,1,0,0,4,0,0,0,1,0,2,5,5,5,4,5,4,5,3,5,4,3,1,3,1,3,3,3,1,1,2,1,2,0.319852491,-0.063615183,-1.088144232,0,1,0,0,2,1,1,1,0,0,2,0,4,0,0,3,0,0,3,1,0,1,0,0,0,-9,0,0,0,1,3,0,0,1,3,0,0,1,3,1,0,0,1,0,0,1,3,0,0,1,0,3
5046,3,2,0.047137238,1,85382,0,1,0,1,1,0,0,0,0,1,5,1,4,4,1,1,1,1,3,2,1,1,3,1,2,2,1,2,3,3,3,3,-0.145525083,-0.802938076,-1.180232899,1,1,0,0,2,0,0,1,0,0,2,0,4,0,1,2,1,0,1,0,0,0,0,1,0,1,1,0,1,0,2,0,1,0,2,0,1,0,2,0,0,1,3,1,0,0,1,0,1,0,0,2
5047,45,2,2.551491441,1,75219,1,0,0,5,0,0,0,0,1,2,5,4,2,5,2,2,1,4,5,4,1,1,3,1,3,1,3,1,3,3,2,1,0.930879803,1.486621471,-0.255193085,1,0,1,0,3,0,0,1,0,0,2,0,4,0,1,2,0,1,2,1,0,0,0,1,0,-9,0,0,0,1,3,0,0,1,3,0,1,0,2,0,0,1,3,0,0,1,3,0,0,0,1,4
5049,3,2,0.015616436,1,85029,1,0,0,3,0,0,1,0,0,3,4,4,5,2,3,1,1,3,5,5,2,3,3,2,3,2,3,1,3,3,3,3,-0.041746657,0.398626487,0.232762587,0,1,0,0,2,0,0,1,0,0,2,0,4,0,1,2,0,0,3,1,0,0,0,0,0,1,1,0,0,1,3,0,0,1,3,0,0,1,3,0,1,0,2,1,0,0,1,0,0,0,1,4
5052,49,4,0.000961618,0,98052,0,1,0,5,0,0,0,0,1,5,5,5,2,5,5,5,5,4,5,5,2,1,1,3,2,2,2,1,3,2,2,1,-0.607439729,-0.730786249,-1.819587929,1,0,0,0,1,0,0,1,0,0,2,0,4,0,0,0,0,0,3,1,0,0,0,0,0,1,1,0,1,0,2,0,0,1,3,0,1,0,2,1,0,0,1,1,0,0,1,0,0,1,0,3
5056,14,2,0.879426794,0,60804,1,0,0,4,0,0,0,1,0,1,3,5,5,5,3,4,4,5,5,5,1,1,2,1,2,2,3,1,2,1,2,3,0.899193424,-0.312398108,0.93693902,0,1,0,0,2,0,0,0,1,0,2,0,2,1,0,1,0,1,2,1,0,0,1,0,0,-9,0,0,0,1,3,0,0,1,3,1,0,0,1,0,1,0,2,0,0,1,3,0,0,0,1,4
5059,3,2,0.056740383,1,85326,0,1,0,3,0,0,1,0,0,2,4,3,4,1,1,1,2,4,4,4,2,3,3,1,3,1,3,2,3,2,2,3,0.82745847,0.82169679,0.120600829,1,1,0,0,2,1,1,1,0,0,2,0,4,0,0,3,0,0,3,1,0,0,0,0,0,1,1,1,0,0,1,1,0,0,1,0,1,0,2,1,0,0,1,1,0,0,1,1,0,0,0,1
5060,49,2,0.015353825,0,98101,1,0,0,5,0,0,0,0,1,1,5,5,5,5,5,5,5,5,5,4,3,3,2,3,1,3,3,2,2,3,3,3,1.008597234,1.494122633,0.055537643,1,1,0,0,2,1,1,1,0,0,2,0,4,0,0,3,0,0,3,1,0,1,1,0,0,1,1,0,0,1,3,0,0,1,3,0,0,1,3,0,0,1,3,0,0,1,3,0,0,0,1,4
5065,13,4,1.378473621,0,83672,0,1,0,3,0,0,1,0,0,2,3,5,3,3,1,3,3,3,3,3,2,2,2,3,2,2,2,2,2,3,3,4,0.627549884,-0.12721132,-0.903350772,1,1,0,0,2,0,0,1,0,0,2,0,4,0,0,0,0,0,3,0,1,0,0,0,0,1,1,1,0,0,1,1,0,0,1,1,0,0,1,0,0,1,3,1,0,0,1,1,0,0,0,1
5066,33,2,5.987611383,0,10023,1,0,0,5,0,0,0,0,1,1,5,5,5,5,5,5,5,5,5,5,3,3,3,2,3,3,3,3,3,2,2,2,0.969208228,1.333058309,1.19443876,0,1,0,0,2,0,1,1,0,0,1,1,1,0,0,3,0,0,3,1,1,0,0,1,0,-9,0,0,0,1,3,0,0,1,3,0,0,1,3,0,0,1,3,0,0,1,3,0,0,0,1,4
5067,49,2,0.027685195,0,98118,0,1,0,3,0,0,1,0,0,2,5,3,3,4,4,4,2,5,4,4,3,3,3,1,3,1,3,1,3,2,2,2,0.582343953,1.136728739,0.559951808,0,1,0,0,2,0,1,1,0,0,2,0,4,0,0,3,0,0,3,1,0,0,0,0,0,-9,0,0,0,1,3,0,1,0,2,1,0,0,1,1,0,0,1,0,0,1,3,0,0,0,1,4
5069,22,2,3.049304915,0,2128,1,0,0,2,0,1,0,0,0,1,5,5,4,3,4,3,4,3,5,4,3,2,3,2,3,3,2,2,2,3,2,2,0.15085699,0.578613334,-0.451836055,0,1,0,0,2,0,1,1,0,0,1,1,1,0,0,3,0,0,3,1,1,0,0,0,0,1,1,0,0,1,3,0,0,1,3,0,0,1,3,1,0,0,1,0,0,1,3,0,0,0,1,4
5070,31,3,0.98979602,0,7011,1,0,0,3,0,0,1,0,0,1,5,1,3,5,2,2,2,5,3,4,2,2,2,3,2,2,1,1,3,3,3,3,-0.712358313,-0.650382494,0.198561283,0,1,0,0,2,0,0,0,0,0,1,1,1,1,0,1,0,1,2,0,0,0,0,1,0,-9,0,0,0,1,3,0,0,1,3,0,0,1,3,0,1,0,2,0,1,0,2,0,0,0,1,4
5073,49,2,0.01865352,0,98023,0,1,0,2,0,1,0,0,0,2,4,2,4,3,1,4,1,2,2,1,2,3,1,1,2,2,2,2,2,2,2,3,-0.083915064,0.479414351,0.562729736,0,1,0,0,2,0,0,1,0,0,2,0,4,1,0,1,0,1,2,0,1,0,1,0,0,-9,0,0,0,1,3,0,1,0,2,1,0,0,1,1,0,0,1,1,0,0,1,0,0,1,0,3
5076,49,2,0.178538319,0,98580,0,1,0,2,0,1,0,0,0,2,5,3,4,5,1,2,4,5,4,3,3,2,2,2,2,2,3,2,2,2,2,2,0.589423274,0.29046465,0.700102227,1,1,0,0,2,0,0,1,0,0,2,0,4,0,0,3,0,1,2,0,0,0,1,1,0,1,1,1,0,0,1,1,0,0,1,1,0,0,1,1,0,0,1,0,1,0,2,1,0,0,0,1
5078,49,2,0.138938202,0,98118,0,1,0,2,0,1,0,0,0,3,4,4,3,5,2,2,3,4,3,3,1,1,2,1,2,2,1,2,3,1,3,3,-0.524510023,0.613130932,-0.459081269,0,1,0,0,2,0,0,0,0,0,2,0,5,0,0,3,0,0,3,0,0,0,1,1,0,0,0,0,0,1,3,0,1,0,2,1,0,0,1,1,0,0,1,0,0,1,3,0,0,0,1,4
5079,49,2,0.721818284,0,98133,1,0,0,4,0,0,0,1,0,3,4,4,3,4,3,2,3,4,4,4,3,2,2,3,3,1,1,2,2,3,2,2,0.358753745,0.407610376,-0.065488803,0,0,1,0,3,1,1,0,0,1,2,0,3,0,0,3,1,0,1,0,0,0,1,1,0,-9,0,0,0,1,3,0,0,1,3,0,1,0,2,0,1,0,2,1,0,0,1,0,0,0,1,4
5080,17,2,1.569181857,0,67213,0,1,0,2,0,1,0,0,0,1,4,1,3,4,2,2,2,4,4,3,1,2,3,1,2,2,2,2,3,4,2,3,-0.15085291,0.206231282,-0.060521288,0,0,1,0,3,0,0,1,0,0,2,0,4,0,1,2,1,0,1,0,0,0,1,1,0,-9,0,0,1,0,2,0,1,0,2,0,0,1,3,1,0,0,1,1,0,0,1,0,0,0,1,4
5081,15,2,1.1537244,0,46947,0,1,0,3,0,0,1,0,0,2,4,3,2,4,2,2,2,2,2,2,2,2,2,3,2,2,2,2,2,3,3,3,-1.191490788,0.658379515,0.124592483,0,1,0,0,2,0,0,1,0,0,2,0,4,1,0,1,1,0,1,0,0,0,1,1,0,1,1,0,1,0,2,0,1,0,2,1,0,0,1,1,0,0,1,1,0,0,1,1,0,0,0,1
5082,3,2,0.04113626,1,85233,0,1,0,2,0,1,0,0,0,2,4,1,2,4,4,4,2,4,4,4,1,1,1,1,1,1,1,3,3,1,1,1,0.334365492,0.022468712,-1.987738102,0,1,0,0,2,0,0,1,0,0,2,0,4,1,0,1,1,0,1,0,0,0,0,1,0,-9,0,0,1,0,2,0,0,1,3,0,0,1,3,0,1,0,2,1,0,0,1,0,0,1,0,3
5083,3,2,0.407398937,1,85257,1,0,0,1,1,0,0,0,0,2,1,0,4,3,1,2,2,4,3,2,1,3,3,1,3,1,1,2,3,2,2,1,-1.229033815,0.698980416,-0.146292412,0,1,0,0,2,0,0,1,0,0,1,1,1,0,0,3,1,0,1,0,0,0,0,1,0,-9,0,0,0,1,3,0,0,1,3,0,1,0,2,0,1,0,2,1,0,0,1,0,0,0,1,4
5089,3,2,0.036831997,1,85306,1,0,0,3,0,0,1,0,0,2,1,3,4,3,2,3,1,3,4,3,1,1,1,3,3,1,2,2,3,3,2,2,0.348895646,-0.804867738,-0.765521961,0,1,0,0,2,0,0,1,0,0,2,0,4,1,0,1,0,0,3,1,1,0,1,1,0,-9,0,0,0,1,3,0,0,1,3,0,1,0,2,0,1,0,2,1,0,0,1,0,0,0,1,4
5091,3,2,0.063238951,1,85031,0,1,0,3,0,0,1,0,0,1,2,4,5,3,5,3,1,5,5,5,2,2,2,3,2,2,2,2,2,3,3,3,1.068530526,0.798534492,0.981180572,1,0,0,0,1,0,0,0,1,0,2,0,2,1,0,1,0,0,3,1,0,0,1,1,0,1,1,0,0,1,3,0,1,0,2,1,0,0,1,1,0,0,1,1,0,0,1,0,0,0,1,4
5094,3,4,0.000281983,1,85020,1,0,0,4,0,0,0,1,0,3,3,3,5,3,4,4,5,3,4,4,3,2,1,2,1,1,1,1,2,3,3,2,-0.683337545,-0.155546247,-0.331728046,1,1,0,0,2,0,0,0,0,0,2,0,5,1,0,1,0,0,3,1,1,0,0,0,1,-9,0,0,0,1,3,0,0,1,3,0,1,0,2,0,0,1,3,1,0,0,1,0,0,0,1,4
5098,3,2,0.17204758,1,85224,0,1,0,5,0,0,0,0,1,2,1,4,5,4,2,2,2,5,5,5,1,3,3,2,2,2,3,1,2,2,2,3,0.202372267,1.03015628,1.219386901,0,1,0,0,2,0,0,1,1,0,1,1,1,1,0,1,0,0,3,1,0,0,1,0,0,1,1,0,1,0,2,0,0,1,3,0,0,1,3,0,1,0,2,1,0,0,1,0,0,0,1,4
5099,3,2,0.169349775,1,85015,1,0,0,2,0,1,0,0,0,2,5,5,5,5,2,5,1,3,4,4,2,3,2,2,1,2,2,1,2,3,3,3,0.423526507,0.90124485,-0.712342955,0,0,0,0,1,1,1,0,0,0,1,1,1,0,0,3,0,0,3,0,0,0,1,0,0,-9,0,0,0,1,3,0,0,1,3,0,1,0,2,0,1,0,2,0,0,1,3,0,0,0,1,4
5100,3,2,0.013087255,1,85254,0,1,0,1,1,0,0,0,0,1,1,0,5,4,1,1,1,1,1,1,1,1,3,3,2,2,1,2,2,4,4,1,0.408909574,1.096163427,0.37894791,1,1,0,0,2,1,1,1,0,0,2,0,4,0,1,2,0,0,3,1,0,0,1,1,0,-9,0,0,1,0,2,0,0,1,3,0,0,1,3,0,1,0,2,1,0,0,1,0,0,1,0,3
5101,3,1,0.015353422,0,85901,0,0,1,4,0,0,0,1,0,2,2,3,4,5,3,4,4,5,5,2,2,2,2,4,2,2,2,2,2,3,2,4,-0.433062341,0.115406043,0.642222698,1,1,0,0,2,1,1,1,0,0,2,0,4,1,0,1,1,0,1,0,1,0,0,1,0,-9,0,1,0,0,1,1,0,0,1,1,0,0,1,0,0,1,3,1,0,0,1,1,0,0,0,1
5102,3,2,0.097523867,1,85021,1,0,0,3,0,0,1,0,0,3,4,3,3,4,4,5,5,4,5,5,1,2,3,2,2,1,3,1,3,3,2,2,-0.222691671,0.184929118,0.458292568,1,1,0,0,2,0,1,1,0,0,1,1,1,0,1,2,0,1,2,1,1,0,1,1,0,1,1,0,0,1,3,0,0,1,3,1,0,0,1,0,1,0,2,0,0,1,3,0,0,0,1,4
5104,24,2,2.05615694,0,55320,0,1,0,4,0,0,0,1,0,3,5,4,3,5,3,3,3,4,3,3,1,1,1,1,1,2,1,1,2,2,3,1,-0.236921462,0.205885663,-0.618381685,0,1,0,0,2,0,0,1,0,0,2,0,4,0,1,2,0,0,3,1,0,0,0,0,0,-9,0,1,0,0,1,1,0,0,1,0,0,1,3,0,0,1,3,1,0,0,1,1,0,0,0,1
5107,33,2,1.591785726,0,11249,1,0,0,4,0,0,0,1,0,3,5,5,4,5,4,4,5,4,4,4,2,2,2,3,2,2,2,2,3,3,3,3,0.78972416,0.850910871,1.195548961,0,1,0,0,2,1,1,0,1,0,2,0,2,0,0,3,0,1,2,0,0,0,0,1,0,1,1,0,0,1,3,0,0,1,3,0,0,1,3,0,1,0,2,0,0,1,3,0,0,0,1,4
5108,14,2,1.432934138,0,60641,1,0,0,2,0,1,0,0,0,2,5,3,4,4,4,4,4,4,4,4,1,1,2,1,2,2,2,3,3,3,3,3,-1.208368085,-0.645889557,1.466845275,0,1,0,0,2,0,0,0,0,0,1,1,1,1,0,1,1,0,1,0,0,0,0,0,0,-9,0,0,0,1,3,0,0,1,3,0,1,0,2,0,0,1,3,0,0,1,3,0,0,0,1,4
5109,3,2,0.201205691,1,85254,0,1,0,5,0,0,0,0,1,2,1,5,4,5,1,5,4,5,5,5,3,3,1,1,2,3,3,1,3,2,2,1,-2.256330643,-0.49994865,1.395538627,0,1,0,0,2,0,0,1,0,0,2,0,4,0,0,3,0,1,2,1,0,0,0,1,0,1,1,0,1,0,2,0,0,1,3,0,0,1,3,0,1,0,2,1,0,0,1,0,0,1,0,3
5110,3,2,0.123509996,1,85326,0,1,0,4,0,0,0,1,0,2,1,4,2,4,3,3,3,4,5,3,1,3,3,3,2,2,2,2,3,3,2,2,-0.600145529,-0.055359263,0.252227429,1,0,0,0,1,0,0,1,0,0,2,0,4,1,0,1,1,0,1,0,0,0,1,1,0,1,1,1,0,0,1,1,0,0,1,0,1,0,2,1,0,0,1,1,0,0,1,1,0,0,0,1
5111,3,2,0.04262175,1,85018,1,0,0,1,1,0,0,0,0,1,1,0,5,4,4,3,2,5,5,5,2,3,3,2,3,3,3,1,2,3,2,2,1.500454879,-1.02530104,1.242754331,1,1,0,0,2,0,0,1,0,0,2,0,4,1,0,1,1,0,1,0,0,0,1,0,0,1,1,0,0,1,3,0,0,1,3,1,0,0,1,0,0,1,3,1,0,0,1,0,0,0,1,4
5115,3,2,0.026532281,1,85201,1,0,0,5,0,0,0,0,1,3,1,0,2,5,1,1,1,4,5,4,1,1,3,2,3,2,2,2,2,4,3,2,-1.440694353,-0.205889638,0.510143807,1,1,0,0,2,1,1,1,0,0,2,0,4,0,1,2,0,1,2,0,0,0,0,0,0,1,1,0,0,1,3,0,0,1,3,0,1,0,2,0,0,1,3,0,0,1,3,0,0,0,1,4
5116,3,2,0.057003702,1,85295,0,1,0,2,0,1,0,0,0,2,1,1,5,2,2,2,2,2,3,2,2,1,2,1,3,2,2,2,2,4,3,4,-0.550513444,-0.569641624,0.716161948,1,1,0,0,2,0,0,1,0,0,2,0,4,0,0,3,0,0,3,0,0,0,0,1,0,-9,0,0,1,0,2,0,0,1,3,0,0,1,3,0,0,1,3,1,0,0,1,0,0,1,0,3
5118,3,2,0.023929791,1,85014,1,0,0,3,0,0,1,0,0,3,1,3,4,5,1,2,1,5,4,5,1,1,2,3,3,1,1,1,3,2,2,2,0.502771115,0.375371174,0.865353405,0,1,0,0,2,0,0,1,0,0,2,0,4,0,1,2,0,0,3,1,0,0,1,0,0,1,1,0,0,1,3,0,0,1,3,1,0,0,1,0,0,1,3,0,1,0,2,0,0,0,1,4
5119,36,2,0.683831265,0,43235,0,1,0,2,0,1,0,0,0,2,5,4,2,5,1,5,4,4,4,3,1,1,3,1,3,1,1,2,3,2,2,4,-1.445333307,0.240977304,-0.731864273,0,1,0,0,2,1,1,1,0,0,1,1,1,1,0,1,0,1,2,0,0,0,1,0,0,-9,0,0,1,0,2,0,0,1,3,0,0,1,3,0,0,1,3,1,0,0,1,0,1,0,0,2
5120,3,1,0.188056102,1,85012,0,1,0,2,0,1,0,0,0,3,1,0,2,5,3,4,3,3,4,4,1,3,3,1,3,1,2,1,3,2,2,3,-1.239853315,0.441167992,0.369173066,0,1,0,0,2,0,0,1,0,0,2,0,4,0,1,2,1,0,1,0,0,0,0,0,0,1,1,0,1,0,2,0,0,1,3,1,0,0,1,0,0,1,3,0,0,1,3,0,0,0,1,4
5122,14,4,0.474422844,0,60610,1,0,0,3,0,0,1,0,0,2,5,3,3,5,1,1,1,1,4,1,1,1,3,4,2,2,2,2,3,4,2,4,-0.482628462,-1.675167041,0.39586979,0,1,0,0,2,0,0,0,1,0,2,0,2,1,0,1,1,0,1,0,0,0,0,0,1,-9,0,0,0,1,3,0,0,1,3,0,0,1,3,0,0,1,3,0,0,1,3,0,0,0,1,4
5123,14,2,2.298439377,0,60462,0,1,0,3,0,0,1,0,0,3,5,3,4,4,2,1,2,4,4,1,1,1,1,1,2,2,2,1,3,1,3,3,-0.637285054,-1.015842258,0.358925306,0,1,0,0,2,0,0,1,0,0,2,0,4,0,1,2,0,1,2,0,0,0,0,0,0,1,1,0,1,0,2,0,0,1,3,1,0,0,1,0,1,0,2,0,1,0,2,0,0,1,0,3
5124,33,2,1.895879937,0,10467,1,0,0,5,0,0,0,0,1,3,5,4,2,4,3,4,1,4,5,3,1,3,3,1,3,1,1,1,3,2,2,3,0.066301438,-0.112112942,-0.251405399,0,1,0,0,2,0,0,0,0,1,2,0,3,0,1,2,0,0,3,0,0,0,1,1,0,1,1,0,0,1,3,0,0,1,3,1,0,0,1,1,0,0,1,0,0,1,3,0,0,1,0,3
5126,3,2,0.132026529,1,85295,0,1,0,1,1,0,0,0,0,1,1,0,4,5,1,2,3,5,4,1,2,2,2,1,3,1,2,2,3,3,3,3,-1.25119003,-1.000458509,0.414252355,1,0,1,0,3,1,1,1,0,0,2,0,4,0,0,3,0,1,2,0,0,0,0,1,0,1,1,0,1,0,2,0,0,1,3,0,0,1,3,0,0,1,3,1,0,0,1,0,0,1,0,3
5127,3,2,0.057775488,1,85323,0,1,0,2,0,1,0,0,0,3,2,2,3,4,1,2,1,3,3,4,2,2,3,3,2,2,1,2,2,3,2,3,-0.095387066,0.753266988,0.388194393,1,1,0,0,2,0,0,1,0,0,1,1,1,0,1,2,0,0,3,1,0,0,0,1,0,1,1,0,1,0,2,0,1,0,2,0,1,0,2,1,0,0,1,1,0,0,1,0,0,1,0,3
5128,3,1,1.180750674,1,85379,0,1,0,3,0,0,1,0,0,3,3,2,3,3,3,3,3,3,3,3,2,1,1,3,2,2,2,2,3,3,3,4,-0.477858566,0.572372558,-0.034164,1,0,0,0,1,0,0,1,0,1,1,1,1,0,0,3,0,0,3,1,1,0,0,1,0,1,1,0,0,1,3,1,0,0,1,0,1,0,2,1,0,0,1,1,0,0,1,1,0,0,0,1
5129,3,4,0.390744836,1,85234,0,1,0,1,1,0,0,0,0,1,5,5,3,5,5,4,4,5,5,5,1,1,2,3,2,2,2,2,2,3,3,3,0.868702813,1.658564593,0.671419239,0,0,0,0,1,0,0,0,1,0,2,0,2,0,0,3,1,0,1,0,0,0,0,1,0,1,1,0,1,0,2,0,1,0,2,0,0,1,3,0,0,1,3,1,0,0,1,0,0,1,0,3
5133,3,2,0.067655486,1,85037,0,1,0,3,0,0,1,0,0,3,4,3,4,4,4,4,4,4,4,4,3,3,3,2,3,3,3,3,3,2,2,2,0.067731785,0.818495615,0.088087581,0,0,1,0,3,0,0,0,1,0,2,0,2,1,0,1,1,0,1,0,0,0,0,1,0,1,1,0,0,1,3,0,1,0,2,0,1,0,2,1,0,0,1,1,0,0,1,0,0,1,0,3
5135,3,2,0.023106549,1,85306,1,0,0,1,1,0,0,0,0,3,2,1,4,3,2,2,1,3,5,4,3,1,2,3,1,3,3,2,1,3,3,3,-0.296938841,1.79082579,-0.782617416,1,1,0,0,2,1,1,1,0,0,2,0,4,0,1,2,0,1,2,1,0,0,1,0,0,-9,0,0,0,1,3,0,0,1,3,0,1,0,2,0,1,0,2,1,0,0,1,0,0,0,1,4
5137,36,2,0.681716425,0,44902,0,1,0,1,1,0,0,0,0,1,4,1,5,2,3,3,3,3,3,3,2,2,2,3,2,2,2,2,2,3,3,3,-0.674955961,0.199175602,-0.22193107,0,0,1,0,3,0,0,0,1,0,2,0,2,0,1,2,0,0,3,1,0,0,1,1,0,1,1,0,1,0,2,0,0,1,3,0,1,0,2,0,0,1,3,1,0,0,1,0,1,0,0,2
5138,3,2,0.28311214,1,85201,1,0,0,1,1,0,0,0,0,1,5,1,5,4,1,1,1,2,3,1,2,2,3,3,2,2,2,2,3,4,3,4,0.264347353,-0.385500034,0.21540021,1,0,1,0,3,0,0,1,0,1,2,0,3,0,0,3,0,0,3,1,0,0,0,1,0,1,1,0,0,1,3,0,0,1,3,0,1,0,2,0,0,1,3,0,0,1,3,0,0,0,1,4
5141,3,2,0.106551422,1,85207,0,1,0,2,0,1,0,0,0,1,1,0,4,4,1,2,4,4,4,4,1,1,1,1,3,1,1,1,3,1,2,1,-0.571595051,1.610873054,0.476496778,0,1,0,0,2,0,1,1,0,0,2,0,4,0,0,3,0,0,3,1,0,0,0,1,0,1,1,0,1,0,2,1,0,0,1,0,0,1,3,1,0,0,1,1,0,0,1,0,1,0,0,2
5143,3,4,0.000910311,1,85209,0,1,0,1,1,0,0,0,0,2,1,0,3,5,3,1,1,1,3,3,2,2,2,4,2,2,2,2,2,3,2,3,-1.035284544,-1.084908985,-2.024346099,0,1,0,0,2,0,0,1,0,0,2,0,4,1,0,1,0,1,2,0,1,0,0,0,1,1,1,0,1,0,2,0,1,0,2,0,0,1,3,1,0,0,1,1,0,0,1,0,0,1,0,3
5144,3,2,0.007893269,1,85008,1,0,0,5,0,0,0,0,1,5,1,0,1,5,1,1,4,4,4,1,1,1,3,1,3,1,1,1,3,4,3,4,-2.172620929,-1.931021678,0.988607183,1,1,0,0,2,0,0,1,0,0,2,0,4,0,1,2,0,1,2,0,0,0,0,0,1,-9,0,0,0,1,3,0,0,1,3,0,1,0,2,0,0,1,3,0,1,0,2,0,0,1,0,3
5145,39,2,1.488054423,0,17331,0,1,0,3,0,0,1,0,0,1,4,4,4,5,3,3,4,4,3,3,2,2,2,3,3,3,2,2,3,2,2,2,-1.167297208,1.122926298,-0.334173644,0,1,0,0,2,0,0,1,0,0,1,1,1,0,1,2,1,0,1,1,0,0,1,0,0,1,1,0,1,0,2,0,0,1,3,1,0,0,1,0,0,1,3,1,0,0,1,0,0,1,0,3
5146,26,2,5.19527041,0,63376,0,1,0,1,1,0,0,0,0,1,5,1,4,5,1,2,1,4,3,1,2,2,2,3,2,1,2,2,2,3,3,4,-0.049037444,0.838061674,0.495245164,0,0,1,0,3,0,0,1,0,0,2,0,4,0,1,2,1,0,1,0,0,0,1,1,0,-9,0,0,1,0,2,0,1,0,2,0,1,0,2,0,1,0,2,1,0,0,1,0,1,0,0,2
5147,49,4,0.021770819,0,98418,0,1,0,3,0,0,1,0,0,1,4,4,4,5,2,4,5,5,5,5,2,2,2,3,2,2,2,2,2,3,2,2,0.796916949,-0.24412827,0.083060126,1,0,1,0,3,0,0,1,0,0,2,0,4,1,0,1,1,0,1,0,1,0,0,0,0,-9,0,0,1,0,2,0,1,0,2,0,0,1,3,1,0,0,1,0,1,0,2,0,0,0,1,4
5148,22,2,0.446159185,0,2169,1,0,0,2,0,1,0,0,0,1,4,3,5,5,1,1,1,5,4,3,2,2,2,3,2,2,2,1,3,4,3,4,-0.880066735,-0.29040532,0.511353219,0,0,0,0,1,1,1,1,0,0,1,1,1,0,1,2,0,0,3,0,0,0,1,0,0,1,1,0,0,1,3,0,0,1,3,0,1,0,2,0,1,0,2,0,0,1,3,0,0,0,1,4
5149,33,2,0.242824247,0,11210,1,0,0,2,0,1,0,0,0,3,5,4,2,5,3,3,2,5,4,4,2,3,2,4,3,1,2,3,3,2,2,2,-1.21230562,-0.007046332,0.519531517,0,0,1,0,3,1,1,0,1,0,2,0,2,1,0,1,1,0,1,0,0,0,1,0,1,-9,0,0,0,1,3,0,0,1,3,1,0,0,1,1,0,0,1,0,0,1,3,0,0,0,1,4
5153,26,4,0.065947695,0,64132,0,1,0,2,0,1,0,0,0,2,4,3,4,4,1,4,1,4,4,4,3,3,2,2,2,2,3,3,2,3,2,3,-0.282380207,0.216983704,-0.382389707,0,1,0,0,2,0,0,0,1,0,2,0,2,1,0,1,0,0,3,1,0,0,0,1,1,-9,0,0,1,0,2,0,1,0,2,0,0,1,3,0,1,0,2,1,0,0,1,0,0,1,0,3
5156,33,2,0.549823607,0,13662,0,1,0,3,0,0,1,0,0,3,4,1,4,4,2,3,1,5,4,4,2,2,2,3,2,2,2,2,3,1,3,3,-0.410233515,-0.767732127,0.576843027,0,1,0,0,2,0,0,1,0,0,2,0,4,1,0,1,0,1,2,0,0,0,0,0,1,-9,0,1,0,0,1,0,1,0,2,1,0,0,1,0,1,0,2,1,0,0,1,1,0,0,0,1
5157,49,2,0.011424372,0,98107,1,0,0,3,0,0,1,0,0,3,4,3,3,5,4,3,4,4,5,4,2,3,3,3,3,2,3,1,2,1,3,2,-0.602563219,0.244467835,0.461127907,0,1,0,0,2,0,1,1,0,0,2,0,4,0,1,2,0,0,3,1,0,0,1,1,0,0,0,0,0,1,3,0,0,1,3,1,0,0,1,1,0,0,1,1,0,0,1,0,0,0,1,4
5158,49,2,0.012671652,0,98272,0,1,0,2,0,1,0,0,0,2,1,1,3,5,2,2,5,5,5,3,3,2,2,3,3,1,3,1,3,3,3,3,0.248939079,0.009257625,-0.824989657,1,0,0,0,1,1,1,1,0,0,2,0,4,1,0,1,0,0,3,0,1,0,0,1,0,-9,0,1,0,0,1,1,0,0,1,0,0,1,3,0,1,0,2,1,0,0,1,1,0,0,0,1
5159,39,2,1.696694533,0,17044,0,1,0,2,0,1,0,0,0,1,3,1,5,4,4,4,5,5,3,2,3,3,2,3,3,3,3,3,2,1,4,4,0.088435539,0.723473039,0.68813912,0,0,1,0,3,0,1,1,0,0,2,0,4,0,0,3,0,0,3,1,0,0,0,0,0,-9,0,0,1,0,2,0,0,1,3,0,0,1,3,0,0,1,3,1,0,0,1,0,1,0,0,2
5161,36,4,1.368507002,0,44485,0,1,0,5,0,0,0,0,1,2,6,5,5,5,3,3,3,3,3,3,2,2,2,3,2,2,2,2,2,3,3,3,0.588758879,-1.268080259,-1.00086816,0,0,0,0,1,0,0,1,0,0,2,0,4,0,1,2,1,0,1,0,0,0,0,1,0,1,1,0,1,0,2,1,0,0,1,1,0,0,1,0,1,0,2,1,0,0,1,1,0,0,0,1
5165,7,2,0.41857486,0,6851,0,1,0,3,0,0,1,0,0,3,5,4,4,5,2,2,2,5,5,4,1,2,1,3,2,2,2,3,2,3,3,3,0.419141222,0.777724039,0.806682029,0,1,0,0,2,1,1,0,1,0,2,0,2,0,1,2,0,1,2,0,0,0,1,0,0,1,1,0,1,0,2,0,0,1,3,0,0,1,3,0,0,1,3,0,1,0,2,0,0,1,0,3
5167,31,2,0.369853641,0,7306,1,0,0,2,0,1,0,0,0,2,5,5,1,5,5,5,5,5,5,5,2,2,1,2,3,1,1,2,3,2,2,2,-0.029498786,-0.225773607,-0.483950295,0,1,0,0,2,1,1,0,1,0,2,0,2,0,1,2,1,0,1,0,0,0,1,0,0,-9,0,0,0,1,3,0,0,1,3,0,0,1,3,0,1,0,2,0,0,1,3,0,0,0,1,4
5168,14,2,5.32493203,0,62441,0,1,0,5,0,0,0,0,1,4,5,1,2,5,4,5,1,5,5,5,1,1,3,1,2,2,1,2,3,2,2,2,-0.07164406,1.532247018,-2.273315726,1,1,0,0,2,0,0,1,0,0,2,0,4,0,1,2,0,0,3,1,0,0,1,1,0,1,1,1,0,0,1,1,0,0,1,0,1,0,2,0,1,0,2,1,0,0,1,1,0,0,0,1
5172,23,2,1.134031498,0,48220,1,0,0,4,0,0,0,1,0,2,5,3,4,5,3,3,2,4,4,4,1,1,1,4,2,2,1,3,3,3,2,2,0.372476131,1.198560424,-0.019311886,0,1,0,0,2,0,0,1,0,0,2,0,4,1,0,1,0,0,3,0,0,0,1,0,0,-9,0,0,0,1,3,0,0,1,3,0,0,1,3,0,0,1,3,1,0,0,1,0,0,1,0,3
5177,49,2,0.334779133,0,98108,1,0,0,3,0,0,1,0,0,2,5,4,4,5,2,4,3,5,4,4,1,3,1,2,2,2,3,1,1,1,4,1,0.205220134,1.301819875,0.039464323,0,0,0,0,1,0,0,0,0,1,2,0,3,0,1,2,0,1,2,0,0,0,1,1,0,-9,0,0,0,1,3,0,0,1,3,0,0,1,3,0,1,0,2,0,0,1,3,0,0,0,1,4
5181,49,2,0.011692805,0,98208,0,1,0,3,0,0,1,0,0,3,5,3,3,5,2,4,2,5,4,3,2,3,3,4,2,2,2,2,3,4,2,3,0.209122381,-1.3231399,1.143914503,1,1,0,0,2,1,1,1,0,0,2,0,4,0,1,2,0,0,3,1,1,0,1,1,0,0,0,0,1,0,2,0,0,1,3,0,0,1,3,0,1,0,2,1,0,0,1,0,0,1,0,3
5182,49,2,0.067707947,0,98033,1,0,0,2,0,1,0,0,0,3,3,3,3,4,2,3,3,3,3,3,2,2,2,3,2,2,2,2,2,4,2,4,-0.381083183,0.207089743,-0.148352298,1,1,0,0,2,1,1,1,0,0,2,0,4,0,0,3,0,0,3,1,0,0,1,1,0,1,1,0,1,0,2,0,0,1,3,0,0,1,3,0,0,1,3,1,0,0,1,0,0,0,1,4
5184,51,4,0.196702494,0,53955,0,1,0,3,0,0,1,0,0,3,4,4,4,5,2,4,3,5,4,4,3,1,1,2,3,1,1,1,3,2,2,1,0.112229756,0.336723815,-1.484446245,0,1,0,0,2,0,0,1,0,0,2,0,4,1,0,1,0,1,2,0,1,0,0,1,0,-9,0,1,0,0,1,1,0,0,1,0,1,0,2,1,0,0,1,1,0,0,1,1,0,0,0,1
5185,26,2,2.565499778,0,63048,0,1,0,5,0,0,0,0,1,1,5,5,5,5,5,5,5,5,5,5,3,3,3,2,3,3,3,3,3,2,2,2,1.042495716,1.449658345,0.736586008,0,1,0,0,2,0,0,1,0,0,2,0,4,1,0,1,1,0,1,1,0,0,0,0,0,-9,0,1,0,0,1,1,0,0,1,0,0,1,3,0,0,1,3,1,0,0,1,0,1,0,0,2
5188,24,2,1.531711766,0,55398,0,0,1,3,0,0,1,0,0,2,5,2,4,5,1,1,1,4,4,4,1,1,1,1,3,1,1,2,1,1,2,2,0.668622939,1.125406287,-0.211156523,0,1,0,0,2,1,1,1,0,0,2,0,4,0,0,3,0,0,3,1,0,0,0,1,0,1,1,1,0,0,1,1,0,0,1,1,0,0,1,1,0,0,1,1,0,0,1,1,0,0,0,1
5189,36,2,0.473349815,0,44115,1,0,0,4,0,0,0,1,0,3,5,4,1,5,3,4,3,5,5,3,1,1,2,1,2,1,1,2,3,3,2,3,-0.12793569,0.680830089,-0.392167498,0,1,0,0,2,0,0,0,1,0,2,0,2,0,1,2,0,0,3,1,0,0,1,1,0,-9,0,0,0,1,3,0,0,1,3,0,0,1,3,0,1,0,2,0,0,1,3,0,0,0,1,4
5190,33,2,1.235701946,0,10013,1,0,0,4,0,0,0,1,0,1,5,4,4,4,5,5,5,3,5,5,2,3,2,2,2,2,2,2,2,3,2,2,0.370528262,0.715130047,0.065559567,0,0,0,0,1,1,1,0,0,1,1,1,1,1,0,1,0,0,3,1,0,1,0,0,0,-9,0,0,0,1,3,0,0,1,3,0,0,1,3,0,1,0,2,0,0,1,3,0,0,0,1,4
5191,31,4,0.57850261,0,8540,0,1,0,3,0,0,1,0,0,3,6,4,3,4,3,3,3,3,3,3,2,2,2,3,2,2,2,2,2,3,3,3,-0.922107092,1.295042915,-2.704658754,0,1,0,0,2,1,1,0,0,1,2,0,3,1,0,1,0,0,3,0,0,0,0,0,0,-9,0,0,1,0,2,0,0,1,3,1,0,0,1,0,0,1,3,0,1,0,2,0,0,1,0,3
5192,7,4,0.314599149,0,6704,0,1,0,1,1,0,0,0,0,1,5,0,4,3,2,3,2,4,3,3,2,2,2,3,2,2,2,2,2,4,3,3,-0.390422547,0.555885261,0.16836546,0,1,0,0,2,0,0,1,0,0,1,1,1,1,0,1,0,0,3,1,0,0,0,0,0,-9,0,0,0,1,3,0,1,0,2,1,0,0,1,1,0,0,1,0,1,0,2,0,0,1,0,3
5193,39,2,0.254594836,0,19606,0,1,0,1,1,0,0,0,0,2,4,4,5,5,1,1,1,5,5,1,2,2,2,4,2,2,2,2,2,4,3,3,-0.752165184,-1.04797647,0.883177007,0,1,0,0,2,1,1,1,0,0,2,0,4,0,1,2,0,0,3,1,0,0,1,0,0,-9,0,0,1,0,2,0,1,0,2,1,0,0,1,0,0,1,3,1,0,0,1,0,1,0,0,2
5194,23,2,1.336867136,0,48658,0,1,0,3,0,0,1,0,0,4,6,2,3,5,1,4,2,4,3,3,2,2,2,4,2,2,2,2,2,3,3,3,-0.555252679,-0.175439992,0.430677338,0,1,0,0,2,0,0,1,0,0,2,0,4,1,0,1,1,0,1,0,0,0,0,1,0,0,0,1,0,0,1,1,0,0,1,0,1,0,2,1,0,0,1,1,0,0,1,1,0,0,0,1
5196,23,4,1.535739264,0,48186,0,1,0,4,0,0,0,1,0,3,5,4,3,3,1,2,1,1,2,3,1,1,3,2,1,3,3,1,1,1,3,3,-0.14878931,0.562934015,-0.89541373,0,1,0,0,2,0,0,1,0,0,2,0,4,1,0,1,0,0,3,1,0,0,0,1,0,-9,0,0,1,0,2,1,0,0,1,1,0,0,1,1,0,0,1,1,0,0,1,1,0,0,0,1
5197,39,2,0.09237453,0,16652,0,1,0,3,0,0,1,0,0,1,5,1,4,4,1,1,1,4,4,4,1,1,1,3,2,2,2,2,2,3,2,4,0.043521986,-0.189138645,0.810282945,0,0,0,0,1,0,1,1,0,0,2,0,4,1,0,1,0,0,3,0,0,0,1,0,0,-9,0,1,0,0,1,0,1,0,2,1,0,0,1,0,0,1,3,1,0,0,1,1,0,0,0,1
5199,24,2,3.279705163,0,55346,0,1,0,4,0,0,0,1,0,2,4,4,5,4,3,3,4,4,5,4,2,3,3,1,3,3,2,2,3,2,2,3,0.061024383,0.035551534,-0.237895408,0,1,0,0,2,0,1,1,0,0,2,0,4,0,0,3,0,0,3,1,0,1,0,0,0,1,1,1,0,0,1,0,0,1,3,0,0,1,3,1,0,0,1,1,0,0,1,1,0,0,0,1
5201,33,2,0.502202751,0,11542,1,0,0,2,0,1,0,0,0,2,5,2,5,4,4,1,1,4,5,3,1,2,2,3,2,2,2,2,2,3,2,3,1.101066174,-0.814888401,0.507536759,0,1,0,0,2,1,1,1,0,0,2,0,4,0,1,2,0,0,3,1,0,0,0,1,0,-9,0,0,0,1,3,0,0,1,3,1,0,0,1,0,1,0,2,0,0,1,3,0,0,1,0,3
5202,33,2,0.354454068,0,12564,0,1,0,3,0,0,1,0,0,1,4,3,5,5,4,3,3,5,3,4,1,1,1,2,3,1,1,1,3,3,2,1,1.305728336,0.79218095,0.942116942,0,1,0,0,2,1,1,1,0,0,2,0,4,0,1,2,0,1,2,1,0,0,0,1,0,-9,0,1,0,0,1,1,0,0,1,0,1,0,2,0,0,1,3,0,0,1,3,1,0,0,0,1
5203,15,2,3.97526031,0,46323,0,1,0,3,0,0,1,0,0,3,5,4,2,5,2,4,4,5,4,5,1,1,3,1,3,2,2,1,3,2,2,2,-0.09173957,0.938568678,-0.935039575,0,0,0,0,1,1,1,1,0,0,1,1,1,0,0,3,0,0,3,1,0,0,0,1,0,1,1,0,1,0,2,0,1,0,2,0,0,1,3,0,1,0,2,0,1,0,2,0,1,0,0,2
5204,14,2,1.531711766,0,60565,0,1,0,3,0,0,1,0,0,3,3,4,2,3,4,3,3,4,4,4,2,2,2,3,2,2,3,2,3,3,2,3,-0.162920394,0.87507103,-0.931100374,0,1,0,0,2,1,1,1,0,0,2,0,4,0,0,3,0,0,3,1,0,0,0,1,0,-9,0,0,1,0,2,1,0,0,1,0,1,0,2,1,0,0,1,1,0,0,1,1,0,0,0,1
5208,24,2,0.601005155,0,55106,1,0,0,1,1,0,0,0,0,3,4,3,3,1,1,4,2,2,3,3,3,3,2,4,2,2,3,2,3,4,3,4,-1.329984466,-0.097308691,1.275240003,0,0,0,0,1,0,1,0,1,0,2,0,2,0,0,0,1,0,1,0,0,0,1,1,0,-9,0,0,0,1,3,0,0,1,3,0,1,0,2,0,1,0,2,0,1,0,2,0,0,0,1,4
5213,36,2,1.687763641,0,43227,0,1,0,3,0,0,1,0,0,1,5,3,3,5,1,3,1,4,4,3,1,1,3,1,3,1,3,1,3,2,2,2,-1.85471798,-0.547925368,2.22316996,0,1,0,0,2,0,0,1,0,0,2,0,4,0,1,2,0,1,2,1,0,0,0,0,0,-9,0,0,0,1,3,0,1,0,2,0,1,0,2,1,0,0,1,1,0,0,1,0,0,1,0,3
5215,33,4,0.164217012,0,14072,0,1,0,3,0,0,1,0,0,2,4,3,4,5,4,2,2,4,5,3,1,2,2,3,2,2,2,2,2,4,3,3,0.627435174,-0.809341076,0.188674195,0,0,1,0,3,0,0,1,0,0,2,0,4,1,0,1,0,1,2,0,0,0,0,1,0,-9,0,1,0,0,1,1,0,0,1,0,1,0,2,0,1,0,2,1,0,0,1,1,0,0,0,1
5216,14,2,3.509470413,0,60139,1,0,0,2,0,1,0,0,0,1,5,1,4,5,1,1,1,3,5,1,2,2,2,3,2,2,2,2,2,4,4,4,-1.546992697,-1.619709393,2.007928926,0,0,1,0,3,1,1,0,0,1,2,0,3,0,0,3,0,0,3,1,0,0,1,1,0,1,1,0,0,1,3,0,0,1,3,0,1,0,2,0,1,0,2,1,0,0,1,0,0,1,0,3
5217,35,2,2.678877533,0,58012,0,1,0,2,0,1,0,0,0,3,5,4,5,4,4,3,3,4,4,3,2,2,2,4,2,2,2,2,2,3,3,3,-0.33685415,0.013208083,-0.291256548,0,0,1,0,3,0,0,1,0,0,2,0,4,0,0,3,0,0,3,0,0,0,0,1,0,-9,0,1,0,0,1,1,0,0,1,1,0,0,1,0,0,1,3,1,0,0,1,1,0,0,0,1
5218,23,2,0.79479635,0,48085,0,1,0,2,0,1,0,0,0,1,5,4,4,5,4,4,1,5,5,2,2,2,2,4,3,1,1,2,3,4,4,4,0.629938703,0.396920336,-0.877892981,0,1,0,0,2,0,1,1,0,0,2,0,4,0,0,3,0,0,3,0,0,0,0,1,0,-9,0,0,1,0,2,0,1,0,2,1,0,0,1,0,0,1,3,1,0,0,1,1,0,0,0,1
5220,39,2,0.508469322,0,15112,0,1,0,3,0,0,1,0,0,3,5,3,3,5,1,1,1,4,5,3,2,2,2,4,2,2,1,2,3,3,2,3,0.2928183,1.292254462,0.869333789,0,0,0,0,1,1,1,0,1,0,2,0,2,0,0,3,0,0,3,1,0,1,1,1,0,-9,0,0,1,0,2,0,1,0,2,0,1,0,2,1,0,0,1,1,0,0,1,0,0,1,0,3
5222,33,2,0.61460071,0,12090,0,1,0,5,0,0,0,0,1,2,5,5,5,5,1,1,1,5,5,5,2,2,2,3,1,2,2,1,2,1,4,4,1.108703781,1.46596028,0.974127472,0,1,0,0,2,0,0,1,0,0,2,0,4,1,0,1,0,1,2,0,0,0,1,0,0,1,1,1,0,0,1,1,0,0,1,1,0,0,1,0,0,1,3,1,0,0,1,1,0,0,0,1
5225,17,2,0.469436166,0,66203,0,1,0,1,1,0,0,0,0,2,5,1,5,4,1,2,2,3,3,3,2,2,2,4,2,2,2,2,2,3,2,3,0.2984772,-1.124590171,-0.805132945,0,0,1,0,3,1,1,1,0,0,2,0,4,0,1,2,0,0,3,1,0,0,1,1,0,-9,0,0,1,0,2,0,0,1,3,0,0,1,3,0,1,0,2,1,0,0,1,0,0,1,0,3
5226,31,2,1.723672498,0,8835,0,1,0,2,0,1,0,0,0,2,5,4,4,5,1,1,1,4,1,1,2,2,2,4,2,2,1,2,3,3,2,4,-2.076160098,-1.49700955,1.647271272,0,1,0,0,2,0,0,1,0,0,2,0,4,0,0,3,0,1,2,0,1,1,1,1,0,-9,0,0,0,1,3,0,1,0,2,1,0,0,1,1,0,0,1,1,0,0,1,0,1,0,0,2
5227,36,2,0.659021691,0,43302,0,1,0,4,0,0,0,1,0,3,5,4,1,5,1,1,1,5,3,4,1,1,1,1,3,1,1,1,3,4,4,4,-2.736260434,-1.420094845,0.31516868,0,1,0,0,2,0,0,1,0,0,2,0,4,0,1,2,0,0,3,0,0,0,0,1,0,-9,0,0,1,0,2,0,1,0,2,0,1,0,2,0,1,0,2,1,0,0,1,1,0,0,0,1
5228,36,2,2.033171698,0,44256,0,1,0,2,0,1,0,0,0,2,5,2,5,5,1,1,1,1,1,1,1,1,2,1,2,2,1,2,3,4,4,4,-0.770819943,-0.455065692,-1.013436299,0,0,1,0,3,1,1,1,0,0,2,0,4,0,0,3,0,0,3,0,0,0,0,1,0,0,0,1,0,0,1,0,1,0,2,0,1,0,2,0,0,1,3,1,0,0,1,1,0,0,0,1
5229,33,4,1.909394083,0,14532,0,0,1,3,0,0,1,0,0,2,1,5,4,5,4,4,4,5,5,5,1,3,1,1,3,1,3,1,3,2,2,2,1.466766423,1.207942671,0.552858309,0,1,0,0,2,0,1,1,0,0,2,0,4,0,0,3,1,0,1,0,0,0,0,0,0,-9,0,1,0,0,1,1,0,0,1,0,0,1,3,0,0,1,3,1,0,0,1,1,0,0,0,1
5230,33,4,0.871693877,0,12306,0,1,0,2,0,1,0,0,0,3,3,3,3,4,2,2,2,3,2,2,2,2,2,4,2,2,2,2,3,3,3,4,-0.975113829,-0.542725708,-1.544255173,0,0,1,0,3,0,0,1,0,0,2,0,4,0,1,2,0,1,2,0,1,0,0,0,0,1,1,0,1,0,2,0,1,0,2,0,1,0,2,0,1,0,2,0,1,0,2,0,0,1,0,3
5231,23,2,0.465578261,0,49126,0,0,1,4,0,0,0,1,0,3,5,4,3,5,3,3,1,4,4,2,1,1,1,4,2,2,2,2,3,1,2,1,-0.077860509,-1.872352918,-0.342685912,0,0,1,0,3,0,0,1,0,0,2,0,4,1,0,1,0,1,2,0,0,1,1,1,0,0,0,1,0,0,1,1,0,0,1,0,0,1,3,1,0,0,1,1,0,0,1,1,0,0,0,1
5232,39,2,0.496946896,0,16502,1,0,0,4,0,0,0,1,0,4,5,4,4,5,2,4,1,4,4,4,1,1,3,4,2,2,2,2,2,4,4,4,-0.035186523,0.930541697,0.108943847,0,0,1,0,3,0,0,1,0,0,2,0,4,1,0,1,1,0,1,0,1,0,0,1,0,0,0,0,0,1,3,0,0,1,3,1,0,0,1,0,0,1,3,1,0,0,1,0,0,0,1,4
5233,22,2,1.851437007,0,1853,0,0,0,2,0,1,0,0,0,1,1,0,5,4,2,2,1,4,4,4,2,2,2,3,2,2,2,2,2,4,2,4,-1.377389972,0.245733941,0.179999082,0,1,0,0,2,0,0,1,0,0,2,0,4,0,1,2,1,0,1,0,0,0,1,0,0,1,1,0,0,0,0,0,0,0,0,0,0,0,0,0,0,0,0,0,0,0,0,0,0,0,0,0
5234,17,2,0.465303549,0,66062,0,1,0,2,0,1,0,0,0,2,3,3,4,3,3,2,3,4,3,4,3,2,2,2,2,3,3,2,2,3,3,2,-1.388786872,0.379436488,-0.628337819,0,1,0,0,2,1,1,1,0,0,2,0,4,0,1,2,0,1,2,0,0,0,0,1,0,1,1,0,1,0,2,0,1,0,2,0,0,1,3,0,1,0,2,1,0,0,1,0,0,1,0,3
5236,26,4,0.424606716,0,63401,0,1,0,3,0,0,1,0,0,1,5,2,4,4,3,2,1,5,4,3,2,2,2,4,2,2,2,2,2,4,3,3,0.001737409,-0.13249771,1.328309646,0,1,0,0,2,0,0,1,0,0,2,0,4,1,0,1,1,0,1,0,1,0,0,0,1,1,1,1,0,0,1,0,1,0,2,0,1,0,2,0,0,1,3,1,0,0,1,0,1,0,0,2
5237,36,3,0.276796999,0,43560,0,1,0,4,0,0,0,1,0,1,5,5,5,5,1,2,2,4,5,3,1,3,1,3,2,2,3,1,3,1,2,4,-0.817485076,-1.063758639,1.397831287,0,0,1,0,3,0,0,1,0,0,2,0,4,1,0,1,0,1,2,0,0,0,0,0,0,0,0,0,1,0,2,0,1,0,2,0,0,1,3,0,0,1,3,1,0,0,1,0,0,1,0,3
5239,15,2,1.576250804,0,47424,0,1,0,4,0,0,0,1,0,2,5,5,4,5,5,4,5,4,4,4,2,2,2,3,3,2,2,2,2,3,3,3,0.989668811,1.105693968,0.410706185,0,1,0,0,2,0,0,0,0,0,1,1,1,0,1,2,0,0,3,1,0,0,0,1,0,1,1,1,0,0,1,1,0,0,1,1,0,0,1,1,0,0,1,1,0,0,1,1,0,0,0,1
5240,31,4,0.10748783,0,8638,1,0,0,4,0,0,0,1,0,3,5,3,4,3,3,3,3,3,3,3,1,1,3,2,2,2,3,1,3,3,2,4,-0.550469146,0.347019017,-0.176438863,0,1,0,0,2,0,0,0,1,0,2,0,2,1,0,1,1,0,1,0,0,0,0,0,1,-9,0,0,0,1,3,0,0,1,3,0,0,1,3,1,0,0,1,0,1,0,2,0,0,0,1,4
5241,15,2,0.390162475,0,46815,0,1,0,3,0,0,1,0,0,3,2,1,3,4,4,4,4,4,4,4,2,2,2,3,2,2,2,2,2,3,3,1,0.083469159,0.99379538,0.01633954,0,1,0,0,2,1,1,1,0,0,2,0,4,0,1,2,0,1,2,0,0,0,0,1,0,-9,0,0,1,0,2,0,1,0,2,0,1,0,2,0,0,1,3,1,0,0,1,0,0,1,0,3
5245,16,2,0.909813791,0,52807,0,1,0,5,0,0,0,0,1,5,5,5,1,5,1,1,1,2,5,2,1,1,3,1,2,2,2,2,3,4,4,4,-0.013595225,-2.024177517,-1.744880516,0,1,0,0,2,0,0,0,1,0,2,0,2,1,0,1,1,0,1,0,0,0,1,0,0,-9,0,1,0,0,1,0,0,1,3,0,0,1,3,0,1,0,2,1,0,0,1,0,1,0,0,2
5246,33,2,0.604738557,0,11374,1,0,0,4,0,0,0,1,0,2,5,4,5,5,4,5,4,3,4,5,2,2,3,3,3,3,2,3,2,2,3,2,0.718942747,0.808429813,0.339000332,0,1,0,0,2,1,1,1,0,0,2,0,4,0,1,2,0,0,3,1,0,1,0,0,0,1,1,0,0,1,3,0,0,1,3,0,0,1,3,1,0,0,1,0,0,1,3,0,0,0,1,4
5248,33,4,0.223151264,0,13679,0,0,1,3,0,0,1,0,0,2,2,1,4,4,1,1,1,4,4,4,2,1,2,3,3,1,2,2,2,4,2,3,0.481400027,-1.214881219,1.067050357,0,0,1,0,3,0,0,1,0,0,2,0,4,1,0,1,0,0,3,1,0,0,0,1,0,-9,0,1,0,0,1,1,0,0,1,1,0,0,1,1,0,0,1,1,0,0,1,1,0,0,0,1
5249,33,4,0.329573715,0,13774,0,0,1,3,0,0,1,0,0,2,3,5,5,5,1,1,1,5,5,5,2,2,1,1,2,2,1,2,2,3,3,1,0.876037646,0.045643013,-0.42102808,0,1,0,0,2,0,0,1,0,0,2,0,4,0,1,2,0,1,2,0,1,0,0,1,0,-9,0,1,0,0,1,1,0,0,1,0,1,0,2,1,0,0,1,1,0,0,1,1,0,0,0,1
5251,33,2,0.380203299,0,14217,1,0,0,3,0,0,1,0,0,2,5,3,5,4,1,1,3,4,4,3,1,2,2,1,2,2,2,2,3,4,2,4,-0.545429371,-0.550205139,0.831498775,0,1,0,0,2,0,0,1,0,0,2,0,4,1,0,1,0,1,2,0,0,0,1,0,0,-9,0,0,0,1,3,0,0,1,3,0,1,0,2,0,0,1,3,1,0,0,1,0,0,0,1,4
5252,31,2,0.803052441,0,8083,0,1,0,3,0,0,1,0,0,3,4,4,5,5,5,5,5,5,5,5,2,2,2,3,2,2,2,2,2,3,3,3,1.285086168,1.180965089,0.565602376,0,0,1,0,3,1,1,1,0,0,2,0,4,0,1,2,0,0,3,1,0,0,0,1,0,-9,0,0,1,0,2,0,1,0,2,1,0,0,1,0,1,0,2,0,1,0,2,0,0,1,0,3
5255,31,1,0.797021777,0,7088,1,0,0,3,0,0,1,0,0,3,3,4,4,3,2,2,2,4,4,4,1,1,1,3,2,2,3,2,2,2,2,2,0.433219006,0.385995678,0.480541785,0,1,0,0,2,0,1,0,1,0,2,0,2,0,0,3,0,0,3,0,0,0,1,0,0,1,1,0,0,1,3,0,0,1,3,0,1,0,2,0,0,1,3,1,0,0,1,0,0,0,1,4
5257,39,2,2.127584271,0,17044,0,1,0,4,0,0,0,1,0,3,4,4,4,4,4,4,4,5,5,4,3,3,2,2,2,2,3,3,1,2,3,3,1.207762296,0.863428847,-0.32162131,0,1,0,0,2,0,1,1,0,0,1,1,1,0,0,3,0,0,3,1,0,0,0,1,0,-9,0,0,1,0,2,0,0,1,3,0,0,1,3,0,0,1,3,1,0,0,1,0,1,0,0,2
5261,33,2,3.402135372,0,11778,0,1,0,3,0,0,1,0,0,1,5,5,5,5,5,5,1,1,5,5,3,3,3,2,3,3,1,3,3,2,2,2,0.911234353,1.914939323,1.00748677,0,1,0,0,2,0,1,1,0,0,1,1,1,0,0,3,0,0,3,1,0,0,0,1,0,1,1,0,1,0,2,1,0,0,1,1,0,0,1,0,1,0,2,1,0,0,1,0,1,0,0,2
5262,33,4,0.46472841,0,10989,0,1,0,3,0,0,1,0,0,3,5,5,1,5,4,4,1,5,4,3,1,1,1,1,3,1,1,1,3,2,2,3,-1.750368416,0.045501394,-0.705310218,0,1,0,0,2,0,0,1,0,0,2,0,4,0,1,2,0,0,3,0,1,0,0,1,0,1,1,0,1,0,2,0,1,0,2,0,1,0,2,0,1,0,2,1,0,0,1,0,1,0,0,2
5263,20,2,1.169254584,0,3901,0,0,0,3,0,0,1,0,0,2,5,2,5,3,1,1,1,3,2,2,2,2,2,3,2,2,2,2,2,4,2,4,0.012125468,0.457375081,1.173800779,0,1,0,0,2,0,0,1,0,0,2,0,4,0,1,2,0,1,2,0,0,0,1,1,0,1,1,0,0,0,0,0,0,0,0,0,0,0,0,0,0,0,0,0,0,0,0,0,0,0,0,0
5264,33,4,0.352418738,0,10990,0,1,0,2,0,1,0,0,0,2,6,1,3,4,3,5,2,5,5,3,2,2,2,1,2,2,2,2,3,2,2,4,0.255114511,0.557559604,-0.296535891,0,1,0,0,2,0,0,1,0,0,2,0,4,0,1,2,0,0,3,0,0,0,0,1,0,-9,0,1,0,0,1,1,0,0,1,1,0,0,1,0,1,0,2,1,0,0,1,1,0,0,0,1
5270,36,2,3.59225193,0,44224,0,1,0,1,1,0,0,0,0,1,4,1,4,4,1,1,1,4,4,2,1,1,1,1,3,2,2,2,3,3,2,4,-1.690087926,0.272223542,-1.976402848,0,0,1,0,3,0,1,1,0,0,2,0,4,0,0,3,0,0,3,1,0,0,0,1,0,-9,0,1,0,0,1,1,0,0,1,1,0,0,1,0,1,0,2,1,0,0,1,1,0,0,0,1
5273,31,2,0.318459523,0,8003,0,1,0,3,0,0,1,0,0,3,4,4,4,4,2,4,4,4,4,4,1,1,3,2,3,1,3,1,3,2,2,1,-0.906849012,0.368437283,0.169486101,0,1,0,0,2,0,0,1,0,0,2,0,4,1,0,1,1,0,1,0,0,0,0,1,0,-9,0,0,1,0,2,0,1,0,2,0,1,0,2,0,1,0,2,0,0,1,3,0,0,1,0,3
5275,33,4,0.211891834,0,12303,0,1,0,1,1,0,0,0,0,1,1,2,5,1,5,1,1,1,1,1,1,1,1,1,1,2,2,1,1,1,1,1,-2.567522036,-1.486352911,-1.177094072,0,1,0,0,2,0,0,1,0,0,2,0,4,1,0,1,0,1,2,0,0,0,0,1,0,0,0,0,0,1,3,0,1,0,2,0,0,1,3,1,0,0,1,1,0,0,1,0,0,1,0,3
5277,31,2,0.387948687,0,7724,0,1,0,4,0,0,0,1,0,3,5,5,3,3,3,3,2,3,3,3,1,1,1,1,2,2,2,2,2,4,3,4,-1.182227335,-0.380363278,-0.831683481,0,1,0,0,2,0,0,0,1,0,2,0,2,1,0,1,0,1,2,1,0,0,0,0,0,-9,0,1,0,0,1,0,0,1,3,0,0,1,3,0,0,1,3,0,1,0,2,0,0,1,0,3
5279,39,4,0.518847464,0,17772,0,1,0,1,1,0,0,0,0,1,4,1,4,4,1,1,1,1,1,1,2,2,2,3,2,2,2,2,2,4,3,4,0.999992515,-0.820779426,-0.300433557,1,1,0,0,2,1,1,1,0,0,2,0,4,0,1,2,0,0,3,1,0,0,0,1,0,-9,0,1,0,0,1,1,0,0,1,1,0,0,1,0,0,1,3,1,0,0,1,1,0,0,0,1
5282,39,2,0.655515664,0,18246,0,0,1,3,0,0,1,0,0,3,6,3,4,4,1,1,1,3,3,1,2,2,2,4,2,2,2,2,2,4,3,4,-1.242383829,-1.392613976,-1.378705626,1,1,0,0,2,0,0,1,0,0,2,0,4,1,0,1,0,0,3,0,0,0,1,1,0,1,1,1,0,0,1,1,0,0,1,1,0,0,1,1,0,0,1,1,0,0,1,1,0,0,0,1
5283,15,2,0.294328957,0,46311,0,1,0,2,0,1,0,0,0,1,4,1,4,4,3,2,2,4,2,3,2,3,3,3,2,2,2,2,2,3,2,3,0.029780699,0.871734614,-0.360908327,1,0,1,0,3,1,1,1,0,0,2,0,4,0,1,2,0,1,2,0,0,0,1,1,0,-9,0,0,1,0,2,0,0,1,3,1,0,0,1,0,0,1,3,1,0,0,1,0,1,0,0,2
5284,14,4,0.388565863,0,60516,0,1,0,3,0,0,1,0,0,3,4,4,3,3,2,1,1,3,2,2,2,2,2,3,2,2,2,2,2,3,3,3,-1.583947628,-0.434363607,-2.091546006,1,1,0,0,2,1,1,1,0,0,2,0,4,0,1,2,1,0,1,0,0,0,0,0,0,1,1,0,1,0,2,0,1,0,2,0,1,0,2,0,1,0,2,0,1,0,2,0,0,1,0,3
5288,36,2,0.763541146,0,44302,1,0,0,2,0,1,0,0,0,3,5,3,2,5,2,2,2,4,4,1,3,2,1,1,1,3,1,3,3,1,1,4,-1.270795422,-0.137132631,-0.911662156,0,1,0,0,2,0,0,0,1,0,2,0,2,1,0,1,1,0,1,0,0,0,1,0,1,-9,0,0,0,1,3,0,0,1,3,1,0,0,1,1,0,0,1,1,0,0,1,0,1,0,0,2
5289,37,2,1.478679005,0,73533,0,1,0,3,0,0,1,0,0,2,3,1,2,5,1,1,1,4,4,2,1,1,1,1,2,2,2,2,3,3,2,3,0.841465024,-0.462033533,-0.428780211,0,1,0,0,2,0,0,1,0,0,2,0,4,0,1,2,1,0,1,0,0,0,1,1,0,1,1,1,0,0,1,1,0,0,1,1,0,0,1,0,0,1,3,1,0,0,1,1,0,0,0,1
5290,42,4,1.338688051,0,29640,0,1,0,2,0,1,0,0,0,1,5,1,4,5,2,4,1,4,5,2,3,2,2,2,2,2,3,2,3,3,3,4,0.593143707,-0.614520573,-0.103776492,1,1,0,0,2,0,0,1,0,0,2,0,4,0,1,2,0,0,3,1,1,0,0,0,0,-9,0,1,0,0,1,1,0,0,1,0,1,0,2,0,1,0,2,1,0,0,1,1,0,0,0,1
5291,10,2,1.309623484,1,33032,0,0,1,5,0,0,0,0,1,3,5,5,4,4,2,5,5,4,4,4,3,3,3,3,2,2,2,2,3,3,3,2,0.731324592,0.980493162,1.073355866,1,0,0,0,1,0,0,1,0,0,1,1,1,1,0,1,0,0,3,0,1,0,0,1,0,1,1,1,0,0,1,1,0,0,1,1,0,0,1,0,1,0,2,1,0,0,1,1,0,0,0,1
5292,36,2,0.574683834,0,43938,0,1,0,3,0,0,1,0,0,4,5,5,4,2,1,1,1,1,1,1,3,3,1,2,2,2,3,2,1,4,2,4,1.046173916,-2.625564683,0.457347038,1,1,0,0,2,0,0,1,0,0,2,0,4,1,0,1,0,1,2,0,0,0,1,1,0,-9,0,1,0,0,1,1,0,0,1,0,0,1,3,1,0,0,1,1,0,0,1,1,0,0,0,1
5293,26,4,1.354148572,0,64653,0,0,1,4,0,0,0,1,0,4,5,4,3,4,1,3,4,4,4,4,2,2,3,1,2,2,1,2,3,2,2,2,-0.450260797,-0.611347099,1.102204914,1,0,1,0,3,0,0,1,0,0,2,0,4,1,0,1,0,0,3,1,1,0,0,1,0,1,1,1,0,0,1,1,0,0,1,1,0,0,1,1,0,0,1,1,0,0,1,1,0,0,0,1
5294,50,2,0.40125643,0,25703,1,0,0,3,0,0,1,0,0,2,3,2,2,5,3,3,4,5,5,5,3,2,3,2,3,1,2,1,3,3,2,2,0.379540623,0.523201481,-0.160422673,0,1,0,0,2,1,1,1,0,0,2,0,4,0,1,2,0,0,3,1,0,0,1,0,0,-9,0,0,0,1,3,0,0,1,3,0,1,0,2,1,0,0,1,1,0,0,1,0,0,1,0,3
5296,15,4,0.111863708,0,46806,0,1,0,3,0,0,1,0,0,3,5,3,4,5,1,3,1,4,4,4,1,1,3,1,2,2,2,1,3,1,2,3,0.255389945,0.7634625,0.887307232,1,0,1,0,3,0,0,1,0,0,2,0,4,1,0,1,0,0,3,1,1,0,0,1,1,-9,0,0,1,0,2,1,0,0,1,1,0,0,1,1,0,0,1,1,0,0,1,0,0,1,0,3
5297,11,2,2.928119856,0,30068,0,1,0,1,1,0,0,0,0,1,4,1,2,4,1,1,1,4,5,3,1,1,1,1,3,1,1,2,3,2,2,3,0.942086521,0.857013201,-1.028213958,1,1,0,0,2,1,1,1,0,0,2,0,4,0,0,3,0,0,3,1,0,0,0,1,0,-9,0,0,1,0,2,0,1,0,2,1,0,0,1,0,0,1,3,1,0,0,1,1,0,0,0,1
5298,48,2,1.507438543,0,24153,0,1,0,2,0,1,0,0,0,1,5,3,5,4,1,1,1,5,5,5,2,2,2,3,2,2,2,2,2,3,2,2,1.395227072,0.263511458,0.947319139,0,0,1,0,3,0,1,1,0,0,2,0,4,1,0,1,1,0,1,0,0,0,1,0,0,-9,0,1,0,0,1,0,1,0,2,0,1,0,2,0,1,0,2,1,0,0,1,0,1,0,0,2
5302,44,2,0.880911003,0,38305,0,1,0,1,1,0,0,0,0,2,4,3,5,4,1,3,1,4,5,4,2,2,2,3,2,2,2,2,3,4,3,3,1.193513099,-0.870596848,-0.077770276,1,0,1,0,3,0,0,1,0,0,2,0,4,1,0,1,1,0,1,0,0,0,1,1,0,-9,0,1,0,0,1,0,1,0,2,0,1,0,2,0,0,1,3,1,0,0,1,1,0,0,0,1
5303,31,2,0.517530548,0,7735,0,1,0,3,0,0,1,0,0,2,5,3,4,4,4,4,4,5,4,4,2,2,3,4,2,2,2,2,2,3,3,4,0.355279784,-2.074057175,0.561036,0,0,0,0,1,0,0,0,1,0,2,0,2,1,0,1,1,0,1,0,0,0,1,0,1,1,1,0,1,0,2,0,1,0,2,0,1,0,2,0,1,0,2,0,1,0,2,0,0,0,1,4
5304,10,4,0.972300287,0,33947,0,0,1,1,1,0,0,0,0,1,3,3,5,5,1,2,5,5,5,5,1,1,2,1,2,2,1,2,3,3,3,3,1.857999897,-0.92296828,0.7153894,1,0,1,0,3,1,1,1,0,0,2,0,4,0,1,2,1,0,1,0,0,0,0,1,0,-9,0,0,0,0,0,0,0,0,0,0,0,0,0,0,0,0,0,0,0,0,0,0,0,0,0,0
5306,14,1,1.23567299,0,61610,0,1,0,3,0,0,1,0,0,3,3,3,3,4,3,4,2,5,4,3,1,1,1,1,2,1,1,2,3,3,2,2,-0.57036711,-0.789396507,-0.691344946,0,1,0,0,2,0,0,1,0,0,2,0,4,0,1,2,0,1,2,0,0,0,1,1,0,-9,0,1,0,0,1,1,0,0,1,0,1,0,2,0,1,0,2,1,0,0,1,1,0,0,0,1
5308,39,1,0.534583884,0,17404,1,0,0,3,0,0,1,0,0,2,5,3,4,5,1,1,1,4,4,1,2,2,2,3,2,2,2,2,2,3,3,4,-0.797247425,-0.541714114,0.396273811,1,1,0,0,2,0,0,1,0,0,2,0,4,0,1,2,0,0,3,1,0,0,0,1,0,1,1,0,0,1,3,0,0,1,3,0,1,0,2,0,0,1,3,1,0,0,1,0,0,0,1,4
5310,36,4,0.24325806,0,44320,0,1,0,2,0,1,0,0,0,2,5,3,5,5,1,3,1,5,5,4,2,2,2,3,2,2,2,2,2,3,3,4,0.154518572,0.448120296,1.016453541,1,1,0,0,2,0,0,0,1,0,2,0,2,1,0,1,0,0,3,1,1,0,0,0,0,-9,0,0,1,0,2,1,0,0,1,0,1,0,2,0,0,1,3,1,0,0,1,1,0,0,0,1
5311,36,2,2.395960101,0,44107,1,0,0,3,0,0,1,0,0,2,6,2,1,5,2,5,2,2,3,1,1,3,3,1,2,2,2,2,3,2,3,4,-1.858237349,0.208244742,0.683166262,1,0,0,0,1,1,1,1,1,0,2,0,2,0,1,2,1,0,1,0,0,0,1,0,0,-9,0,0,0,1,3,0,0,1,3,1,0,0,1,0,0,1,3,0,1,0,2,0,0,0,1,4
5313,26,2,0.836020898,0,63112,1,0,0,3,0,0,1,0,0,3,3,3,5,2,4,4,4,5,4,4,2,2,2,3,2,3,2,1,1,3,2,1,0.526512104,1.747840938,0.386836689,1,1,0,0,2,0,0,0,1,0,2,0,2,0,1,2,0,1,2,0,0,0,1,1,0,-9,0,0,0,1,3,0,1,0,2,0,1,0,2,0,1,0,2,0,0,1,3,0,0,1,0,3
5316,10,4,0.165685378,0,33896,0,1,0,4,0,0,0,1,0,3,6,1,3,4,1,1,1,2,1,2,2,2,2,3,2,2,2,2,2,3,3,3,-1.497028114,-0.339406285,-0.439701064,0,1,0,0,2,0,0,1,0,0,2,0,4,1,0,1,0,0,3,0,0,0,0,0,0,-9,0,1,0,0,1,1,0,0,1,0,0,1,3,0,0,1,3,1,0,0,1,1,0,0,0,1
5317,36,1,4.702046396,0,45036,0,1,0,2,0,1,0,0,0,1,5,0,5,5,1,3,2,5,4,2,3,2,2,3,2,2,2,2,2,3,2,3,-0.516965064,0.420557152,-0.257502875,0,1,0,0,2,0,0,1,0,0,2,0,4,0,0,3,0,0,3,0,1,0,1,1,0,-9,0,1,0,0,1,0,1,0,2,0,1,0,2,0,0,1,3,1,0,0,1,1,0,0,0,1
5318,15,4,0.675130235,0,46239,0,1,0,4,0,0,0,1,0,2,5,1,4,5,1,4,1,4,5,4,1,2,3,3,2,2,2,1,3,2,2,2,0.87820553,1.31748174,-1.910875863,1,0,0,0,1,0,0,1,0,0,2,0,4,0,1,2,0,0,3,1,0,0,0,1,0,1,1,1,0,0,1,1,0,0,1,0,1,0,2,0,0,1,3,1,0,0,1,1,0,0,0,1
5320,36,2,0.156683926,0,43211,0,1,0,3,0,0,1,0,0,3,5,2,3,4,1,3,2,4,5,4,1,1,3,1,3,1,1,2,3,3,2,3,0.284829059,0.669708979,-0.540341254,1,0,0,0,1,0,0,0,1,0,2,0,2,1,0,1,0,1,2,0,0,0,0,0,0,-9,0,0,0,1,3,0,1,0,2,0,1,0,2,1,0,0,1,1,0,0,1,0,0,1,0,3
5322,33,2,0.137981042,0,14212,0,1,0,3,0,0,1,0,0,3,3,3,3,4,3,4,3,3,4,3,2,2,2,3,2,3,2,2,2,1,1,1,-0.460642378,0.748104545,-0.946712412,0,0,0,0,1,0,0,0,1,0,2,0,2,1,0,1,1,0,1,0,0,0,1,0,0,1,1,0,0,1,3,0,1,0,2,1,0,0,1,1,0,0,1,1,0,0,1,0,0,1,0,3
5325,19,2,0.904591338,0,70506,0,1,0,2,0,1,0,0,0,2,1,3,2,5,3,2,3,5,5,5,2,2,2,3,2,2,2,2,2,3,3,4,-0.146301442,-0.142527766,0.611447236,0,0,0,0,1,1,1,0,1,0,2,0,2,0,1,2,0,0,3,1,0,0,1,1,0,-9,0,0,1,0,2,0,0,1,3,0,1,0,2,0,1,0,2,1,0,0,1,0,1,0,0,2
5328,21,3,0.855139985,0,21201,1,0,0,4,0,0,0,1,0,4,3,3,1,1,1,2,1,2,2,3,3,1,1,1,2,2,2,3,3,2,3,2,-1.182098789,0.31802373,-2.493588807,0,1,0,0,2,0,0,0,1,0,2,0,2,0,1,2,0,0,3,1,1,0,0,0,0,-9,0,0,0,1,3,0,0,1,3,0,0,1,3,0,1,0,2,0,0,1,3,0,0,0,1,4
5334,37,2,3.519863887,0,74135,0,1,0,2,0,1,0,0,0,2,4,3,3,3,2,3,2,3,3,3,2,2,2,3,3,1,2,2,2,3,3,3,-0.656460641,0.878820662,-0.79760663,0,0,0,0,1,1,1,0,1,0,2,0,2,0,1,2,1,0,1,0,0,0,0,1,0,-9,0,0,1,0,2,0,0,1,3,0,0,1,3,0,1,0,2,1,0,0,1,0,0,0,1,4
5335,6,2,0.214704942,0,80227,0,1,0,3,0,0,1,0,0,3,3,3,4,3,1,4,5,3,5,2,2,2,2,3,2,2,2,2,2,1,1,1,0.060202413,-0.00948183,0.336767345,1,0,0,0,1,1,1,0,1,0,2,0,2,0,1,2,1,0,1,0,0,0,0,0,0,1,1,0,0,1,3,0,1,0,2,0,1,0,2,1,0,0,1,1,0,0,1,0,0,1,0,3
5336,19,4,0.417000674,0,70403,0,1,0,5,0,0,0,0,1,1,1,5,5,4,4,4,5,4,5,4,2,3,2,2,2,3,3,2,3,3,2,3,0.082740107,0.610313427,0.863983279,0,0,0,0,1,0,0,0,1,0,2,0,2,1,0,1,0,0,3,1,0,0,0,0,0,-9,0,1,0,0,1,0,0,1,3,0,1,0,2,0,1,0,2,1,0,0,1,0,1,0,0,2
5340,1,2,0.55105983,0,36067,0,1,0,1,1,0,0,0,0,3,4,4,3,4,2,4,4,4,2,4,2,2,2,3,2,2,2,2,2,3,3,3,0.728033255,0.963992558,-0.102071442,0,0,0,0,1,0,0,0,1,0,2,0,2,1,0,1,0,0,3,1,0,0,0,0,0,1,1,1,0,0,1,1,0,0,1,0,1,0,2,0,1,0,2,1,0,0,1,1,0,0,0,1
5341,22,1,6.914815531,0,1420,0,1,0,5,0,0,0,0,1,4,5,5,1,2,3,4,5,4,3,2,1,3,2,2,1,3,2,3,1,1,2,3,-0.796818175,0.554522245,-0.941697166,0,0,0,0,1,0,0,1,0,0,2,0,4,0,0,3,0,0,3,0,0,0,0,1,0,-9,0,0,1,0,2,0,1,0,2,1,0,0,1,0,1,0,2,0,0,1,3,0,0,1,0,3
5342,36,4,0.333751367,0,45239,0,1,0,5,0,0,0,0,1,2,5,5,1,5,2,1,1,5,5,4,1,1,3,4,1,1,1,1,2,4,3,3,-0.305871305,-0.918932784,1.597169139,1,1,0,0,2,0,0,0,1,0,2,0,2,1,0,1,0,1,2,0,1,0,0,1,0,-9,0,0,1,0,2,0,1,0,2,0,1,0,2,0,0,1,3,1,0,0,1,0,0,1,0,3
5343,18,2,0.221143184,0,40351,0,0,1,2,0,1,0,0,0,3,5,2,3,5,4,3,3,5,5,5,1,1,1,3,3,1,2,2,3,3,2,2,0.41484735,-0.419111408,-0.113211479,1,1,0,0,2,0,0,1,0,0,2,0,4,1,0,1,0,0,3,1,0,0,0,1,0,-9,0,1,0,0,1,1,0,0,1,1,0,0,1,1,0,0,1,1,0,0,1,1,0,0,0,1
5344,16,2,24.4569761,0,52246,1,0,0,2,0,1,0,0,0,1,1,1,4,4,1,1,1,4,4,3,3,2,2,2,2,2,2,2,2,3,3,2,0.057546329,0.260249419,-0.076782765,0,0,0,0,1,0,1,0,0,1,2,0,3,0,0,3,1,0,1,0,0,0,0,1,0,1,1,0,0,1,3,0,0,1,3,1,0,0,1,0,0,1,3,1,0,0,1,0,0,1,0,3
5345,34,2,0.388799489,0,27520,0,1,0,3,0,0,1,0,0,2,4,3,4,4,5,4,5,4,5,5,3,1,3,2,3,3,1,3,2,1,3,2,0.636500213,1.177730874,-0.009062385,0,0,0,0,1,1,1,1,0,0,2,0,4,0,1,2,0,0,3,0,0,0,0,1,0,-9,0,1,0,0,1,1,0,0,1,0,1,0,2,0,0,1,3,1,0,0,1,1,0,0,0,1
5346,17,1,9.771219502,0,66436,0,1,0,4,0,0,0,1,0,3,5,3,2,5,3,3,3,4,3,3,3,2,2,2,2,2,2,2,2,3,2,3,-0.075459836,-0.136837307,-0.893500078,1,0,0,0,1,0,0,1,1,0,2,0,2,0,0,3,0,1,2,0,0,0,1,1,0,1,1,1,0,0,1,0,1,0,2,1,0,0,1,0,0,1,3,1,0,0,1,1,0,0,0,1
5349,23,4,0.597435339,0,48213,0,1,0,2,0,1,0,0,0,2,4,5,3,5,4,5,4,5,3,3,2,2,2,3,2,2,3,1,3,3,2,3,-1.009540443,0.179530196,-0.523265259,1,1,0,0,2,0,0,1,0,0,2,0,4,1,0,1,0,1,2,0,0,0,0,0,0,1,1,0,1,0,2,1,0,0,1,0,1,0,2,1,0,0,1,1,0,0,1,0,0,1,0,3
5353,10,2,0.385052859,0,34471,0,1,0,2,0,1,0,0,0,2,2,3,3,5,2,4,3,5,5,3,1,1,1,1,3,1,1,1,3,3,2,3,-0.020000165,-1.023551313,0.688252959,0,0,0,0,1,0,0,1,0,0,2,0,4,1,0,1,0,1,2,1,0,0,1,1,0,-9,0,1,0,0,1,0,0,1,3,0,1,0,2,0,1,0,2,1,0,0,1,0,0,1,0,3
5357,31,2,0.426871045,0,8104,1,0,0,5,0,0,0,0,1,3,5,5,2,5,2,3,4,3,4,4,2,2,3,2,2,2,3,2,2,2,3,2,0.721028143,1.648263146,0.408150664,1,0,0,0,1,1,1,0,1,0,2,0,2,0,1,2,0,0,3,1,0,0,0,1,0,-9,0,0,0,1,3,0,1,0,2,0,0,1,3,1,0,0,1,0,1,0,2,0,0,0,1,4
5361,11,2,2.947668502,0,30324,0,1,0,5,0,0,0,0,1,3,5,4,4,4,4,4,3,4,4,3,2,1,1,1,3,1,3,3,2,1,1,1,-0.253510702,-0.08073108,-0.269082888,0,1,0,0,2,0,0,1,0,0,2,0,4,0,1,2,1,0,1,0,0,0,0,1,0,-9,0,0,1,0,2,0,0,1,3,0,0,1,3,0,0,1,3,1,0,0,1,0,0,0,1,4
5363,23,2,0.502254184,0,48813,0,1,0,4,0,0,0,1,0,1,5,4,3,5,3,4,3,5,5,4,1,1,3,1,2,2,1,2,3,3,2,2,0.302056691,0.775222674,0.086477279,1,1,0,0,2,0,0,1,0,0,2,0,4,1,0,1,0,1,2,0,1,0,1,1,0,1,1,1,0,0,1,1,0,0,1,0,1,0,2,1,0,0,1,1,0,0,1,1,0,0,0,1
5365,23,2,0.3355033,0,48238,0,1,0,3,0,0,1,0,0,3,3,3,2,3,2,4,3,2,3,4,3,1,2,2,2,3,3,1,2,1,3,2,-1.204358425,0.474609136,-0.977360286,1,0,0,0,1,0,0,0,1,0,2,0,2,1,0,1,0,0,3,1,0,0,1,1,1,0,0,0,0,1,3,1,0,0,1,0,0,1,3,1,0,0,1,1,0,0,1,0,0,1,0,3
5366,15,4,0.325796536,0,47302,0,1,0,1,1,0,0,0,0,1,5,0,4,5,2,1,1,4,4,2,2,2,2,4,2,2,2,2,2,4,4,4,-2.227269997,-1.711797034,-0.82342725,1,0,0,0,1,0,0,0,1,0,2,0,2,1,0,1,1,0,1,0,0,0,0,0,1,1,1,0,1,0,2,0,1,0,2,1,0,0,1,0,1,0,2,1,0,0,1,1,0,0,0,1
5367,18,4,0.178372557,0,40440,0,1,0,3,0,0,1,0,0,2,5,3,3,4,2,4,1,4,4,4,1,2,3,3,3,2,1,1,3,3,2,3,0.454399112,-0.865382465,0.611898917,1,0,0,0,1,0,0,1,0,0,2,0,4,1,0,1,0,0,3,1,1,0,0,1,0,1,1,1,0,0,1,1,0,0,1,0,1,0,2,1,0,0,1,1,0,0,1,1,0,0,0,1
5369,1,2,0.983336649,0,36206,0,1,0,4,0,0,0,1,0,1,4,2,4,4,3,3,3,5,4,4,2,2,2,3,2,2,2,2,2,3,3,3,0.344914647,1.300101992,0.390968065,0,0,0,0,1,0,0,0,0,1,2,0,3,1,0,1,0,1,2,1,0,0,1,1,0,-9,0,1,0,0,1,1,0,0,1,0,0,1,3,1,0,0,1,1,0,0,1,1,0,0,0,1
5371,41,2,0.78224107,0,29651,0,1,0,3,0,0,1,0,0,4,5,4,5,5,5,5,5,4,4,4,2,1,3,3,2,2,3,2,2,2,2,2,1.20104064,0.815544208,1.110062204,1,1,0,0,2,0,0,0,1,0,2,0,2,1,0,1,0,0,3,1,1,0,0,0,0,1,1,1,0,0,1,1,0,0,1,1,0,0,1,0,1,0,2,1,0,0,1,1,0,0,0,1
5372,15,2,0.444706534,0,46067,0,0,1,3,0,0,1,0,0,3,2,3,3,5,1,5,3,5,4,3,1,2,2,3,2,2,2,2,3,2,2,3,-0.057161473,-0.092908757,-1.779027795,1,1,0,0,2,0,0,1,0,0,2,0,4,1,0,1,0,0,3,1,0,0,1,1,0,-9,0,0,0,0,0,0,0,0,0,0,0,0,0,0,0,0,0,0,0,0,0,0,0,0,0,0
5374,51,2,0.711556772,0,53081,0,1,0,1,1,0,0,0,0,2,2,4,3,3,3,3,3,3,3,3,2,2,2,3,3,3,3,3,3,3,3,3,-0.873277556,0.654720175,-0.458893477,0,1,0,0,2,0,0,0,1,0,2,0,2,0,1,2,0,1,2,1,0,1,0,0,0,-9,0,0,1,0,2,0,0,1,3,0,1,0,2,0,0,1,3,1,0,0,1,0,1,0,0,2
5375,19,3,0.177902106,0,70071,0,1,0,5,0,0,0,0,1,5,3,5,4,5,5,3,3,3,1,3,1,2,1,2,1,2,3,2,3,2,3,3,-1.184127015,0.777306227,-0.796462572,1,0,0,0,1,0,0,0,1,0,2,0,2,1,0,1,0,0,3,0,0,0,0,0,0,-9,0,1,0,0,1,0,1,0,2,0,1,0,2,0,0,1,3,1,0,0,1,1,0,0,0,1
5376,36,3,0.271761375,0,45206,1,0,0,3,0,0,1,0,0,1,4,3,4,4,4,4,4,4,4,3,3,2,3,4,2,2,2,3,3,4,2,3,-1.077889633,1.141885736,-0.945962725,0,0,0,0,1,0,0,0,1,0,2,0,2,1,0,1,1,0,1,0,0,0,0,0,1,-9,0,0,0,1,3,0,0,1,3,0,0,1,3,0,0,1,3,1,0,0,1,0,0,0,1,4
5378,39,2,0.896650719,0,15212,1,0,0,3,0,0,1,0,0,1,3,2,4,3,2,4,2,5,5,4,2,3,3,1,3,1,1,2,3,3,3,2,0.033510625,0.961720227,0.590048166,1,0,0,0,1,1,1,1,0,0,2,0,4,0,0,3,0,0,3,1,0,0,0,0,0,1,1,0,0,1,3,0,0,1,3,0,0,1,3,1,0,0,1,0,0,1,3,0,0,0,1,4
5382,26,2,0.149847353,0,64126,0,1,0,5,0,0,0,0,1,4,4,4,4,4,3,3,4,5,3,4,3,3,2,2,2,3,3,3,2,3,3,2,-0.686217159,1.340352961,-0.968060655,1,0,0,0,1,0,0,0,1,0,2,0,2,1,0,1,0,0,3,0,0,0,0,0,0,1,1,0,1,0,2,0,1,0,2,0,1,0,2,0,1,0,2,1,0,0,1,0,0,1,0,3
5384,18,2,1.007070738,0,40962,0,0,1,2,0,1,0,0,0,3,4,4,2,5,4,3,4,4,4,5,2,2,3,2,1,1,3,2,2,3,2,3,-0.069828219,0.729575557,0.456678473,0,0,0,0,1,0,0,1,0,0,2,0,4,0,1,2,0,1,2,1,0,0,1,1,0,-9,0,1,0,0,1,1,0,0,1,1,0,0,1,1,0,0,1,1,0,0,1,1,0,0,0,1
5385,36,2,0.715779434,0,45801,0,1,0,5,0,0,0,0,1,3,5,5,4,5,5,5,5,5,5,5,1,3,3,1,2,3,3,1,1,1,2,2,-1.715622312,1.591354977,1.335627155,1,0,0,0,1,0,0,0,1,0,2,0,2,0,1,2,0,0,3,1,0,0,0,0,0,-9,0,0,1,0,2,0,0,1,3,1,0,0,1,0,1,0,2,1,0,0,1,1,0,0,0,1
5386,15,4,0.308568203,0,47043,0,0,1,4,0,0,0,1,0,3,5,4,3,5,1,5,1,2,1,1,1,1,1,1,2,2,1,2,3,2,2,4,-0.080216715,-0.918285516,-0.348200779,0,0,0,0,1,0,0,1,0,0,2,0,4,1,0,1,0,0,3,0,0,0,0,1,0,1,1,1,0,0,1,1,0,0,1,1,0,0,1,0,1,0,2,1,0,0,1,1,0,0,0,1
5387,51,2,0.353755992,0,53215,1,0,0,3,0,0,1,0,0,1,1,5,5,2,2,2,1,5,5,5,2,3,3,1,3,2,3,2,3,1,2,2,-0.897699258,0.276425703,0.402369137,1,1,0,0,2,1,1,0,1,0,2,0,2,1,0,1,1,0,1,0,0,0,0,0,0,1,1,0,0,1,3,0,0,1,3,1,0,0,1,0,1,0,2,1,0,0,1,0,0,0,1,4
5388,45,2,1.355630477,1,75056,0,1,0,3,0,0,1,0,0,2,5,3,4,4,4,4,3,4,4,4,1,1,1,1,3,3,1,3,3,2,2,2,0.119562763,1.17332968,-0.245108857,0,0,0,0,1,0,0,1,0,0,1,1,1,1,0,1,0,0,3,1,0,0,0,1,0,1,1,0,1,0,2,0,1,0,2,0,1,0,2,0,1,0,2,1,0,0,1,0,1,0,0,2
5389,11,2,1.73271214,0,30016,0,1,0,4,0,0,0,1,0,2,2,3,5,4,4,4,3,4,4,2,2,2,3,3,2,2,2,2,2,1,3,4,1.01705502,-0.028103871,-0.562017235,1,0,0,0,1,1,1,0,1,0,2,0,2,0,1,2,0,0,3,1,0,0,1,1,0,-9,0,1,0,0,1,1,0,0,1,1,0,0,1,0,0,1,3,1,0,0,1,1,0,0,0,1
5390,45,2,1.48011928,1,75227,0,1,0,3,0,0,1,0,0,3,6,2,4,3,3,3,3,3,3,3,2,2,2,3,2,2,2,2,2,3,3,3,0.067731785,0.818495615,0.088087581,1,1,0,0,2,1,1,1,0,0,2,0,4,0,1,2,1,0,1,0,0,0,0,1,0,1,1,0,0,1,3,0,1,0,2,0,1,0,2,1,0,0,1,0,1,0,2,0,0,1,0,3
5391,34,4,0.290535951,0,28613,0,1,0,2,0,1,0,0,0,3,3,3,3,4,1,4,3,4,3,3,1,1,1,1,2,2,2,1,2,1,3,1,-1.443527814,-0.259164475,-1.107691003,1,1,0,0,2,0,0,1,0,0,2,0,4,1,0,1,0,1,2,1,0,0,0,1,0,1,1,1,0,0,1,1,0,0,1,0,1,0,2,0,1,0,2,1,0,0,1,1,0,0,0,1
5392,33,2,0.659287371,0,14305,0,1,0,5,0,0,0,0,1,1,5,4,4,5,1,3,2,5,5,4,1,1,1,2,2,2,1,2,3,3,3,3,0.861699404,0.074343411,-0.230384471,0,0,0,0,1,0,0,1,0,0,2,0,4,0,1,2,0,0,3,1,0,1,0,0,0,-9,0,0,1,0,2,1,0,0,1,0,1,0,2,1,0,0,1,1,0,0,1,0,0,1,0,3
5395,10,2,0.794507772,0,32534,0,1,0,3,0,0,1,0,0,1,1,3,3,4,2,2,2,3,4,2,2,2,2,1,3,2,1,2,3,4,3,4,0.196329238,-0.970744825,0.250735233,1,0,0,0,1,0,0,1,0,0,2,0,4,0,1,2,0,0,3,1,0,0,1,1,0,-9,0,1,0,0,1,0,1,0,2,0,0,1,3,0,0,1,3,1,0,0,1,0,0,1,0,3
5396,10,2,1.553071594,0,33909,0,1,0,1,1,0,0,0,0,2,1,3,4,5,1,1,3,4,5,5,1,1,2,2,3,1,3,2,3,3,3,1,-0.541787042,0.209424275,-0.28525054,0,1,0,0,2,1,1,1,0,0,2,0,4,0,1,2,0,1,2,0,0,0,0,0,0,1,1,1,0,0,1,0,1,0,2,0,0,1,3,0,0,1,3,1,0,0,1,0,0,1,0,3
5397,33,1,0.306056254,0,14613,0,1,0,2,0,1,0,0,0,1,3,2,3,4,3,3,3,1,1,2,3,1,2,2,2,3,2,1,2,2,3,3,-0.330172959,-0.759899723,-0.229331798,0,1,0,0,2,0,0,0,1,0,2,0,2,1,0,1,0,0,3,1,0,0,0,1,1,1,1,0,0,1,3,0,1,0,2,1,0,0,1,1,0,0,1,1,0,0,1,0,0,0,1,4
5399,6,2,0.007221835,0,80246,1,0,0,2,0,1,0,0,0,2,5,1,4,2,1,1,1,5,5,5,1,3,3,2,2,2,2,1,2,2,2,2,0.450264429,0.607502643,-0.128057655,0,1,0,0,2,0,0,1,0,0,2,0,4,1,0,1,0,1,2,0,0,1,1,1,0,1,1,0,0,1,3,0,0,1,3,1,0,0,1,0,1,0,2,1,0,0,1,0,0,0,1,4
5400,28,2,2.618192934,0,68105,1,0,0,2,0,1,0,0,0,2,5,3,4,4,1,1,1,4,4,3,1,1,1,1,2,2,2,2,3,1,2,3,0.295404942,-0.564988684,-1.178495032,1,0,0,0,1,0,0,1,0,0,2,0,4,0,1,2,0,1,2,0,1,0,1,1,0,-9,0,0,0,1,3,0,0,1,3,0,0,1,3,1,0,0,1,1,0,0,1,0,0,0,1,4
5402,10,2,0.293940195,1,33004,0,1,0,1,1,0,0,0,0,1,1,1,5,4,1,1,3,4,4,1,3,2,3,1,1,3,3,2,2,1,1,4,-1.308530159,0.35731281,0.146537781,0,0,0,0,1,0,0,0,1,0,2,0,2,1,0,1,0,1,2,0,0,0,0,1,0,-9,0,0,1,0,2,0,0,1,3,0,0,1,3,0,1,0,2,0,1,0,2,0,0,0,1,4
5404,11,2,0.55899082,0,30084,0,1,0,3,0,0,1,0,0,2,4,4,4,5,4,2,4,5,3,4,3,2,2,2,3,2,3,2,3,3,2,3,0.10814383,0.755705847,0.327906753,1,0,0,0,1,0,0,0,1,0,2,0,2,0,1,2,0,0,3,1,0,0,0,0,0,-9,0,0,1,0,2,0,1,0,2,0,0,1,3,0,1,0,2,1,0,0,1,0,0,1,0,3
5405,11,3,0.511389719,0,30528,0,0,1,3,0,0,1,0,0,3,5,4,4,3,2,2,1,5,5,3,3,3,3,1,3,2,3,2,3,2,1,3,0.287021515,-1.408785741,-0.648595618,1,0,0,0,1,0,0,1,0,0,2,0,4,0,1,2,0,0,3,0,0,0,0,1,0,-9,0,1,0,0,1,1,0,0,1,0,1,0,2,0,1,0,2,1,0,0,1,1,0,0,0,1
5407,21,2,0.731105935,0,20744,0,1,0,2,0,1,0,0,0,1,3,0,3,2,2,2,2,2,3,4,2,2,3,2,2,3,3,2,3,3,3,1,-0.073857462,1.198287002,0.424694146,0,1,0,0,2,0,0,0,1,0,2,0,2,0,1,2,0,0,3,1,0,0,1,1,0,-9,0,0,1,0,2,1,0,0,1,0,1,0,2,1,0,0,1,1,0,0,1,0,1,0,0,2
5409,45,2,8.303938996,1,77012,0,1,0,3,0,0,1,0,0,2,5,2,3,4,3,4,3,4,3,4,2,2,1,1,2,2,1,3,3,3,2,1,-0.624088601,0.283339884,0.692572654,0,1,0,0,2,0,0,1,0,0,1,1,1,0,1,2,1,0,1,1,0,0,1,0,0,1,1,0,0,1,3,0,1,0,2,0,0,1,3,0,0,1,3,1,0,0,1,0,0,0,1,4
5410,18,2,0.313245904,0,41071,1,0,0,4,0,0,0,1,0,3,4,3,2,4,1,2,3,4,4,2,2,1,3,1,3,2,1,1,3,1,2,4,0.150215629,-0.467754212,-0.093951988,0,0,0,0,1,0,0,1,0,0,2,0,4,1,0,1,0,0,3,1,0,0,0,1,0,-9,0,0,0,1,3,0,0,1,3,0,0,1,3,0,0,1,3,0,1,0,2,0,0,0,1,4
5411,19,2,0.2876887,0,70754,0,0,1,1,1,0,0,0,0,1,3,3,3,5,1,2,1,4,3,2,2,2,2,4,2,2,1,2,3,4,3,3,-1.100734709,-1.64104971,0.274959628,1,0,0,0,1,0,0,1,0,0,2,0,4,1,0,1,0,0,3,1,0,0,0,0,0,-9,0,1,0,0,1,1,0,0,1,0,1,0,2,0,1,0,2,1,0,0,1,1,0,0,0,1
5413,48,1,0.389644796,0,23222,0,1,0,2,0,1,0,0,0,2,4,3,4,4,5,4,2,4,4,3,2,1,3,2,3,1,3,1,3,3,2,1,-0.331582611,0.392002351,0.563428122,0,0,0,0,1,0,0,0,1,0,2,0,2,1,0,1,0,0,3,1,0,1,1,0,0,-9,0,0,1,0,2,0,1,0,2,0,1,0,2,1,0,0,1,1,0,0,1,0,0,0,1,4
5414,36,2,0.497245972,0,43065,0,1,0,2,0,1,0,0,0,1,5,5,4,4,5,5,5,4,4,5,2,3,3,3,2,1,1,3,2,3,2,1,0.703704833,1.316675317,0.863602734,0,1,0,0,2,0,1,1,0,0,2,0,4,0,1,2,0,0,3,1,0,0,1,1,0,-9,0,0,1,0,2,0,1,0,2,0,1,0,2,0,0,1,3,1,0,0,1,0,1,0,0,2
5417,33,2,0.28628616,0,11412,1,0,0,2,0,1,0,0,0,1,4,2,4,3,2,2,2,3,4,4,1,2,2,4,3,3,2,2,2,3,3,2,0.327438355,-0.139473059,-0.092387005,0,0,0,0,1,0,0,0,1,0,2,0,2,0,1,2,0,0,3,0,0,0,0,0,0,0,0,0,0,1,3,0,1,0,2,1,0,0,1,1,0,0,1,0,0,1,3,0,0,0,1,4
5421,44,4,0.080142184,0,38108,0,1,0,3,0,0,1,0,0,2,3,3,3,4,4,4,4,4,4,4,2,2,3,3,2,2,2,2,2,3,3,3,0.012011932,0.910158971,0.447804295,0,1,0,0,2,0,0,0,1,0,2,0,2,1,0,1,1,0,1,0,0,0,0,0,0,-9,0,0,1,0,2,1,0,0,1,0,1,0,2,1,0,0,1,1,0,0,1,0,0,1,0,3
5422,33,2,0.448196553,0,12203,1,0,0,4,0,0,0,1,0,2,5,4,5,4,4,5,5,4,4,5,2,3,3,3,2,3,2,2,3,2,3,3,0.720336548,1.126253773,0.310157314,0,1,0,0,2,0,1,1,0,0,2,0,4,0,0,3,0,0,3,1,0,0,0,0,0,-9,0,0,0,1,3,0,0,1,3,0,0,1,3,0,1,0,2,1,0,0,1,0,0,1,0,3
5423,31,4,0.082205757,0,7501,1,0,0,2,0,1,0,0,0,1,4,2,3,5,2,2,2,2,4,4,2,2,2,4,2,2,2,2,3,4,3,4,-0.158699176,-1.574895237,0.412331417,0,1,0,0,2,0,0,1,0,0,2,0,4,1,0,1,0,1,2,0,0,0,0,0,0,-9,0,0,0,1,3,0,0,1,3,0,0,1,3,1,0,0,1,0,0,1,3,0,0,0,1,4
5425,33,2,0.975241335,0,11768,0,1,0,2,0,1,0,0,0,2,4,3,4,5,1,4,4,3,2,3,2,2,2,3,2,2,2,1,2,1,3,1,-0.11971698,0.311925113,0.097038307,0,1,0,0,2,0,0,1,0,0,2,0,4,0,1,2,0,0,3,1,0,0,1,1,0,1,1,1,0,0,1,1,0,0,1,1,0,0,1,0,1,0,2,0,1,0,2,1,0,0,0,1
5427,46,2,0.052912103,0,84404,0,1,0,2,0,1,0,0,0,3,5,3,5,2,1,1,1,4,3,1,3,3,3,2,1,2,3,2,3,4,2,4,0.475896765,-1.627994742,1.175470485,0,0,0,0,1,0,0,1,0,0,2,0,4,1,0,1,0,1,2,0,0,0,1,1,0,1,1,0,1,0,2,0,1,0,2,1,0,0,1,0,1,0,2,1,0,0,1,0,0,1,0,3
5430,33,4,3.696476413,0,10466,1,0,0,2,0,1,0,0,0,2,4,4,3,4,4,4,4,4,3,4,2,3,2,1,2,2,3,3,2,3,3,3,-0.16092698,0.652416222,0.064756613,0,0,0,0,1,0,0,0,1,0,2,0,2,1,0,1,1,0,1,0,0,0,0,0,1,1,1,0,0,1,3,0,0,1,3,1,0,0,1,1,0,0,1,0,0,1,3,0,0,1,0,3
5433,45,2,1.033975343,1,75227,0,1,0,4,0,0,0,1,0,2,5,4,4,5,4,4,5,5,4,4,2,2,2,3,2,2,2,2,2,3,3,3,0.411867386,1.451943404,0.896993416,0,0,0,0,1,0,0,0,1,0,2,0,2,0,1,2,0,0,3,1,1,1,0,1,0,-9,0,0,0,1,3,0,1,0,2,0,1,0,2,1,0,0,1,0,1,0,2,0,0,1,0,3
5436,45,2,0.479356141,1,77530,0,1,0,4,0,0,0,1,0,5,5,4,1,5,1,5,4,5,5,5,2,2,2,4,2,1,2,2,3,2,2,2,0.586553758,-0.496042867,-0.75765865,0,1,0,0,2,0,0,0,1,0,2,0,2,1,0,1,0,0,3,1,0,0,1,1,0,-9,0,0,1,0,2,0,1,0,2,0,0,1,3,1,0,0,1,1,0,0,1,1,0,0,0,1
5437,36,2,1.893786081,0,44144,1,0,0,1,1,0,0,0,0,1,5,5,5,4,4,3,3,2,4,3,2,2,2,3,2,2,2,2,2,4,4,4,-0.36097298,-0.688897165,0.894861553,0,0,0,0,1,0,0,0,0,0,2,0,5,1,0,1,0,0,3,0,0,0,1,1,0,-9,0,0,0,1,3,0,1,0,2,0,1,0,2,0,1,0,2,1,0,0,1,0,0,1,0,3
5438,11,3,0.855960481,0,30318,1,0,0,3,0,0,1,0,0,2,4,3,5,4,1,1,1,4,5,4,2,2,1,1,2,2,2,1,2,3,3,3,0.695795344,0.725474487,0.423580958,0,0,0,0,1,0,0,1,0,0,2,0,4,0,1,2,0,0,3,0,0,0,0,1,0,1,1,0,0,1,3,0,0,1,3,1,0,0,1,0,1,0,2,0,0,1,3,0,0,1,0,3
5439,21,2,0.421085305,0,20904,0,1,0,3,0,0,1,0,0,2,5,5,4,5,3,4,4,4,5,5,2,2,2,3,2,3,3,3,3,3,3,3,0.211381267,1.007693525,1.231291555,0,0,0,0,1,0,0,0,1,0,1,1,1,1,0,1,0,0,3,1,1,0,0,0,0,1,1,0,0,1,3,0,1,0,2,0,0,1,3,1,0,0,1,1,0,0,1,0,0,1,0,3
5440,33,1,0.1916126,0,11203,1,0,0,1,1,0,0,0,0,1,5,3,3,5,1,1,2,3,2,4,1,1,3,2,3,2,3,3,3,1,2,1,-1.570601947,0.891221734,1.547835528,0,0,0,0,1,0,0,0,1,0,2,0,2,1,0,1,1,0,1,0,0,0,0,1,0,-9,0,0,0,1,3,0,0,1,3,1,0,0,1,1,0,0,1,0,0,1,3,0,0,0,1,4
5443,19,2,1.792224365,0,70560,0,1,0,4,0,0,0,1,0,3,2,0,3,3,3,3,3,3,3,3,1,3,3,1,3,2,2,2,2,4,3,4,-0.727147697,0.354785151,-0.411959122,0,0,0,0,1,0,0,0,1,0,2,0,2,1,0,1,0,1,2,0,0,0,0,0,1,-9,0,0,1,0,2,0,1,0,2,1,0,0,1,1,0,0,1,1,0,0,1,1,0,0,0,1
5444,42,4,0.27000194,0,29111,0,0,1,1,1,0,0,0,0,1,5,1,2,5,1,1,1,5,4,1,2,2,3,4,3,2,1,2,3,4,4,4,-2.596659921,-1.330508161,1.194937287,0,0,0,0,1,0,0,0,1,0,2,0,2,1,0,1,1,0,1,0,0,0,0,0,1,-9,0,1,0,0,1,1,0,0,1,0,1,0,2,1,0,0,1,1,0,0,1,1,0,0,0,1
5445,35,2,0.408693484,0,58703,0,1,0,1,1,0,0,0,0,1,3,3,3,3,3,3,3,3,3,3,2,2,2,3,2,2,2,2,2,3,3,3,0.085436499,0.772951358,0.093337573,0,0,0,0,1,0,0,1,0,0,2,0,4,1,0,1,0,1,2,0,0,0,0,0,1,1,1,0,1,0,2,0,1,0,2,1,0,0,1,0,0,1,3,1,0,0,1,0,1,0,0,2
5446,45,2,0.281731295,0,76853,0,0,1,4,0,0,0,1,0,3,4,4,3,4,3,4,4,4,4,4,1,3,3,1,3,1,1,1,3,2,2,4,0.177143641,0.79082656,-0.472114826,0,0,0,0,1,1,1,1,0,0,2,0,4,1,0,1,0,1,2,0,0,0,0,1,0,-9,0,1,0,0,1,1,0,0,1,0,1,0,2,0,1,0,2,1,0,0,1,1,0,0,0,1
5450,37,2,0.468361817,0,73750,0,1,0,3,0,0,1,0,0,2,5,4,3,5,4,5,4,5,4,5,1,1,3,3,3,1,1,1,3,3,3,2,0.741684464,0.691774735,0.485251863,0,1,0,0,2,1,1,1,0,0,2,0,4,0,1,2,0,0,3,1,0,0,0,1,0,1,1,1,0,0,1,1,0,0,1,0,1,0,2,0,0,1,3,1,0,0,1,1,0,0,0,1
5451,50,2,1.827675822,0,26292,0,0,1,3,0,0,1,0,0,3,5,3,5,3,1,3,1,5,3,3,2,3,1,1,2,2,2,1,3,3,3,2,-1.937488505,1.18776204,0.094994143,0,0,0,0,1,0,0,1,0,0,2,0,4,1,0,1,0,0,3,1,1,0,1,1,0,-9,0,1,0,0,1,1,0,0,1,1,0,0,1,0,0,1,3,1,0,0,1,1,0,0,0,1
5452,7,2,0.23063516,0,6804,0,1,0,1,1,0,0,0,0,1,5,1,5,5,1,1,1,4,4,3,1,2,3,3,3,1,2,2,3,3,2,3,0.189241633,0.065357987,-0.259680533,0,1,0,0,2,0,1,1,0,0,2,0,4,0,1,2,0,1,2,0,0,0,0,1,0,-9,0,1,0,0,1,1,0,0,1,0,1,0,2,0,1,0,2,1,0,0,1,1,0,0,0,1
5453,23,2,0.844420826,0,48840,0,1,0,2,0,1,0,0,0,2,4,2,4,5,2,2,2,4,4,3,1,1,2,1,2,2,1,2,3,3,2,3,0.446809775,-1.229676573,0.558176188,0,0,0,0,1,1,1,1,0,0,2,0,4,0,1,2,0,1,2,0,0,0,0,1,0,-9,0,1,0,0,1,1,0,0,1,1,0,0,1,0,1,0,2,1,0,0,1,0,1,0,0,2
5454,33,3,0.121538173,0,11727,0,1,0,3,0,0,1,0,0,3,4,4,2,3,4,4,3,4,3,4,1,1,3,1,3,2,2,1,3,3,3,1,-0.446163555,0.296508821,-1.011549859,0,0,0,0,1,0,0,0,1,0,2,0,2,1,0,1,0,0,3,1,0,0,0,0,0,-9,0,0,1,0,2,1,0,0,1,0,1,0,2,1,0,0,1,1,0,0,1,1,0,0,0,1
5456,15,3,3.617694009,0,47112,0,0,1,3,0,0,1,0,0,3,5,3,3,3,1,1,2,3,1,1,1,2,2,2,3,2,2,2,3,3,2,3,-0.689424425,-0.019600905,-0.359583142,0,0,0,0,1,0,0,1,0,0,2,0,4,0,1,2,0,0,3,0,0,0,0,1,0,-9,0,1,0,0,1,1,0,0,1,0,1,0,2,1,0,0,1,1,0,0,1,1,0,0,0,1
5457,45,2,1.787612913,1,77049,0,1,0,1,1,0,0,0,0,2,4,1,4,2,2,2,2,4,2,4,2,2,2,3,2,2,2,2,2,3,3,3,0.313638166,-0.074138406,0.131516845,0,0,0,0,1,0,0,1,0,0,2,0,4,0,1,2,0,0,3,1,0,0,0,1,0,1,1,0,0,1,3,1,0,0,1,0,0,1,3,1,0,0,1,1,0,0,1,1,0,0,0,1
5460,19,2,2.129431815,0,70560,0,1,0,4,0,0,0,1,0,1,5,5,4,4,5,3,4,4,4,5,2,3,3,3,2,3,3,1,3,2,3,3,0.128556736,0.914673252,0.59875426,0,0,0,0,1,0,0,0,1,0,2,0,2,0,1,2,0,0,3,1,0,0,1,0,0,-9,0,0,1,0,2,0,1,0,2,1,0,0,1,1,0,0,1,1,0,0,1,1,0,0,0,1
5461,33,1,1.948466788,0,11746,0,1,0,2,0,1,0,0,0,3,3,3,4,4,3,3,2,4,4,3,2,2,2,3,2,2,2,3,3,3,2,3,0.150545084,0.725545541,0.788989888,0,0,0,0,1,0,1,1,0,0,2,0,4,0,0,3,0,1,2,0,0,0,1,1,0,1,1,0,1,0,2,0,1,0,2,0,1,0,2,0,0,1,3,0,0,1,3,0,1,0,0,2
5465,48,2,3.545035071,0,24354,0,1,0,5,0,0,0,0,1,5,4,4,2,5,1,2,3,5,5,3,3,3,3,1,3,2,1,1,3,3,2,1,-0.318730599,0.952783105,0.293687799,0,1,0,0,2,0,0,1,0,0,2,0,4,1,0,1,0,0,3,1,0,0,0,1,0,1,1,1,0,0,1,1,0,0,1,0,1,0,2,1,0,0,1,1,0,0,1,1,0,0,0,1
5472,39,1,0.232674418,0,18020,0,1,0,4,0,0,0,1,0,4,5,4,1,4,3,4,4,5,4,4,2,2,3,1,3,1,3,3,3,2,1,1,-0.016043698,-0.09557563,0.457860246,0,0,0,0,1,0,0,0,1,0,1,1,1,1,0,1,0,0,3,0,0,0,0,1,0,-9,0,0,1,0,2,0,1,0,2,0,1,0,2,0,0,1,3,1,0,0,1,0,0,1,0,3
5473,29,2,10.10235469,1,89108,0,1,0,3,0,0,1,0,0,1,5,4,4,5,5,3,2,1,2,2,1,3,3,2,3,1,1,1,3,2,1,2,0.116213392,0.260667008,0.519981572,0,0,0,0,1,0,0,1,0,0,2,0,4,0,1,2,1,0,1,0,0,0,1,0,0,-9,0,0,0,1,3,0,1,0,2,0,0,1,3,1,0,0,1,1,0,0,1,0,0,0,1,4
5475,10,2,2.202939592,1,33170,0,1,0,2,0,1,0,0,0,2,5,5,5,4,5,5,5,5,5,4,3,3,3,1,3,3,3,2,2,3,2,2,0.061429609,0.956181867,-1.161212778,0,0,0,0,1,0,0,0,1,0,2,0,2,0,1,2,1,0,1,0,0,0,1,1,0,1,1,1,0,0,1,1,0,0,1,0,0,1,3,0,1,0,2,1,0,0,1,0,0,1,0,3
5476,33,4,0.035428928,0,11212,1,0,0,4,0,0,0,1,0,2,4,4,3,4,3,4,4,3,4,3,2,1,2,2,2,1,1,1,3,1,1,3,0.113832484,-0.242556385,-0.141339062,0,1,0,0,2,0,0,0,1,0,2,0,2,1,0,1,1,0,1,0,0,0,0,0,1,1,1,0,0,1,3,0,0,1,3,1,0,0,1,1,0,0,1,0,0,1,3,0,0,0,1,4
5478,11,2,0.460259659,0,30180,0,1,0,4,0,0,0,1,0,3,2,4,4,4,5,5,4,5,4,5,2,3,1,2,2,2,3,3,2,3,2,3,0.553684364,0.380764659,0.668609818,0,0,0,0,1,0,0,1,0,0,2,0,4,1,0,1,0,0,3,0,0,0,1,0,0,-9,0,1,0,0,1,1,0,0,1,0,1,0,2,0,1,0,2,1,0,0,1,1,0,0,0,1
5479,10,2,1.741743083,1,33133,1,0,0,4,0,0,0,1,0,2,5,5,5,5,4,4,4,5,4,4,3,3,3,2,3,3,3,3,3,2,2,2,0.145415476,0.635885806,0.816633929,0,1,0,0,2,1,1,1,0,0,2,0,4,0,0,3,0,0,3,1,0,0,0,1,0,-9,0,0,0,1,3,0,0,1,3,0,1,0,2,0,0,1,3,0,0,1,3,0,0,0,1,4
5480,22,2,1.958086624,0,2124,1,0,0,3,0,0,1,0,0,3,4,3,3,4,3,3,3,3,3,3,2,2,2,3,2,2,3,2,2,3,3,3,-1.031293859,0.330053059,0.253003234,0,0,0,0,1,1,1,1,0,0,1,1,1,0,0,3,0,1,2,1,0,0,1,1,0,1,1,0,0,1,3,0,0,1,3,1,0,0,1,0,1,0,2,0,0,1,3,0,0,0,1,4
5481,45,4,0.428857345,1,78745,1,0,0,3,0,0,1,0,0,2,4,4,2,4,3,4,1,4,5,4,2,2,2,3,2,2,2,2,2,3,3,4,-0.433630468,-0.410038408,0.844789584,0,1,0,0,2,0,0,1,0,0,2,0,4,1,0,1,1,0,1,0,0,0,0,0,0,1,1,0,0,1,3,0,1,0,2,0,0,1,3,0,0,1,3,1,0,0,1,0,0,1,0,3
5483,24,2,2.971761424,0,55416,1,0,0,2,0,1,0,0,0,2,5,3,5,5,3,4,4,4,4,3,1,1,1,3,2,2,2,2,2,3,2,4,-0.52557314,0.187054222,-0.411286866,0,1,0,0,2,1,1,0,0,0,2,0,5,0,1,2,1,0,1,0,0,0,1,0,0,1,1,0,0,1,3,0,0,1,3,0,0,1,3,0,0,1,3,1,0,0,1,0,0,0,1,4
5486,45,3,0.147554669,1,75052,1,0,0,3,0,0,1,0,0,3,3,4,3,4,3,4,3,4,3,4,2,3,2,2,2,1,2,1,3,2,2,2,-0.297951807,1.423869383,0.248583482,0,1,0,0,2,0,0,0,0,0,1,1,1,1,0,1,0,0,3,0,0,0,0,1,0,1,1,0,0,1,3,0,0,1,3,0,0,1,3,0,1,0,2,1,0,0,1,1,0,0,0,1
5488,45,2,1.778729395,1,77384,0,0,1,2,0,1,0,0,0,1,1,5,3,3,5,5,4,4,5,4,2,2,3,3,3,2,3,3,3,2,3,3,0.753545307,0.920998362,0.847785961,0,1,0,0,2,0,0,0,1,0,2,0,2,0,1,2,0,0,3,1,0,0,0,0,0,-9,0,0,0,0,0,0,0,0,0,0,0,0,0,0,0,0,0,0,0,0,0,0,0,0,0,0
5489,29,2,0.067019506,1,89106,1,0,0,3,0,0,1,0,0,3,3,2,4,2,4,4,2,5,5,5,1,1,1,1,1,1,1,3,3,2,2,2,1.121647874,1.0347303,-0.408402351,0,1,0,0,2,1,1,1,0,0,2,0,4,0,0,3,0,0,3,1,0,0,0,1,0,-9,0,0,0,1,3,0,0,1,3,0,0,1,3,0,1,0,2,0,1,0,2,0,0,0,1,4
5490,23,2,0.338605238,0,48234,0,1,0,5,0,0,0,0,1,1,5,5,5,5,1,5,1,5,5,3,3,3,3,1,1,1,1,3,3,2,2,3,1.218923873,-0.525355102,0.941540142,0,1,0,0,2,0,0,0,1,0,2,0,2,1,0,1,0,1,2,0,0,0,1,1,0,-9,0,0,0,1,3,0,1,0,2,1,0,0,1,1,0,0,1,1,0,0,1,0,0,1,0,3
5494,42,4,1.083229399,0,29922,0,0,1,2,0,1,0,0,0,1,5,4,4,4,1,1,1,4,4,3,2,2,1,3,2,2,1,1,3,3,3,1,-0.400972046,0.630872465,0.193831806,0,0,0,0,1,0,0,0,1,0,2,0,2,0,1,2,0,0,3,1,0,0,0,0,0,1,1,1,0,0,1,1,0,0,1,1,0,0,1,1,0,0,1,1,0,0,1,1,0,0,0,1
5495,18,2,2.353790533,0,42442,0,0,1,3,0,0,1,0,0,1,5,4,5,3,1,1,1,5,2,2,1,3,2,1,2,2,2,2,2,4,2,3,-0.281712191,-0.062751534,0.700741418,0,0,0,0,1,0,0,1,0,0,2,0,4,0,0,3,0,0,3,1,0,1,1,1,0,-9,0,1,0,0,1,1,0,0,1,0,0,1,3,1,0,0,1,1,0,0,1,1,0,0,0,1
5496,23,2,1.89561324,0,48838,0,1,0,3,0,0,1,0,0,2,4,2,5,4,1,1,1,4,1,1,1,1,3,3,2,1,3,2,2,4,2,2,-1.161952341,0.737126945,0.992553826,0,1,0,0,2,0,0,1,0,0,2,0,4,1,0,1,0,0,3,1,0,0,1,0,0,1,1,1,0,0,1,1,0,0,1,1,0,0,1,0,1,0,2,1,0,0,1,1,0,0,0,1
5498,33,2,0.221382339,0,11520,1,0,0,3,0,0,1,0,0,3,3,3,3,3,3,3,3,3,3,3,1,1,1,3,2,2,1,1,3,3,2,3,-0.887338422,0.279975989,-0.71656319,0,0,0,0,1,0,0,1,0,0,2,0,4,1,0,1,1,0,1,0,0,0,1,1,0,0,0,0,0,1,3,0,0,1,3,0,1,0,2,0,1,0,2,0,0,1,3,0,0,0,1,4
5499,14,4,2.695221641,0,62220,0,1,0,4,0,0,0,1,0,1,5,2,3,3,3,3,3,3,3,3,2,3,3,2,3,1,2,3,3,2,2,2,0.787166667,0.848231441,-0.129089174,0,0,0,0,1,0,0,1,0,0,2,0,4,0,0,0,1,0,1,0,0,0,0,0,1,1,1,0,1,0,2,0,0,1,3,0,1,0,2,0,0,1,3,0,1,0,2,0,0,1,0,3
5502,10,2,1.843979145,0,34952,0,1,0,4,0,0,0,1,0,2,2,2,4,4,3,4,3,3,3,2,2,3,2,1,1,3,3,3,3,1,1,3,-0.275757534,0.944035196,-1.509293934,0,0,0,0,1,1,1,0,1,0,2,0,2,0,1,2,0,1,2,0,0,0,0,1,0,-9,0,1,0,0,1,0,1,0,2,0,1,0,2,0,0,1,3,1,0,0,1,1,0,0,0,1
5503,10,2,9.332701466,1,32818,0,1,0,4,0,0,0,1,0,4,5,5,1,5,1,1,1,1,2,1,2,1,3,1,3,3,2,1,3,3,2,1,-0.998831589,0.039660173,1.272394265,0,0,0,0,1,0,0,0,1,0,2,0,2,1,0,1,0,0,3,1,0,0,1,1,0,-9,0,0,1,0,2,0,1,0,2,0,0,1,3,1,0,0,1,1,0,0,1,0,0,1,0,3
5505,33,2,0.1021556,0,10001,1,0,0,5,0,0,0,0,1,2,5,5,1,5,5,5,5,5,5,5,3,1,3,1,3,1,1,3,3,2,2,2,0.980391061,1.351284138,0.862057747,0,1,0,0,2,1,1,0,1,0,2,0,2,1,0,1,0,0,3,0,0,1,0,0,0,-9,0,0,0,1,3,0,0,1,3,0,0,1,3,1,0,0,1,0,0,1,3,0,0,1,0,3
5506,25,2,3.522144323,0,39581,0,1,0,2,0,1,0,0,0,2,4,3,5,5,4,4,1,5,4,4,2,2,2,4,2,2,2,2,3,3,3,3,-0.191611543,0.874968339,0.628835457,0,0,0,0,1,0,0,0,1,0,2,0,2,1,0,1,1,0,1,0,0,0,1,0,1,-9,0,1,0,0,1,0,1,0,2,1,0,0,1,0,1,0,2,1,0,0,1,1,0,0,0,1
5508,31,2,1.490656716,0,7104,1,0,0,4,0,0,0,1,0,1,5,5,5,4,4,3,3,4,4,4,2,2,3,2,2,3,2,2,3,3,3,3,0.29402386,0.750468924,0.821959746,0,0,0,0,1,0,0,1,0,0,1,1,1,0,1,2,1,0,1,0,0,0,0,1,0,-9,0,0,0,1,3,0,0,1,3,0,0,1,3,0,1,0,2,0,0,1,3,0,0,0,1,4
5509,36,2,1.011494306,0,43213,1,0,0,2,0,1,0,0,0,3,4,3,2,3,5,3,4,2,4,5,3,2,2,1,2,2,1,2,2,2,3,2,-1.350696135,0.653291223,-0.551596575,0,1,0,0,2,0,0,1,0,0,2,0,4,1,0,1,1,0,1,0,0,0,0,0,0,-9,0,0,0,1,3,0,1,0,2,0,1,0,2,0,0,1,3,1,0,0,1,0,0,1,0,3
5510,11,3,0.210779156,0,30032,0,1,0,2,0,1,0,0,0,2,2,5,2,3,2,3,3,5,3,3,2,3,2,1,1,1,1,1,3,1,1,1,-0.716458104,1.20343389,-1.208506988,0,0,0,0,1,0,0,0,1,0,2,0,2,1,0,1,0,0,3,0,0,0,0,1,0,-9,0,0,1,0,2,1,0,0,1,0,1,0,2,0,1,0,2,0,1,0,2,0,0,1,0,3
5511,19,2,1.692653665,0,70501,0,1,0,2,0,1,0,0,0,1,2,4,1,5,1,5,1,5,5,4,2,2,3,1,3,3,1,1,3,2,2,1,1.221679908,-0.032157257,0.64531383,0,0,0,0,1,0,0,0,1,0,2,0,2,0,1,2,1,0,1,0,0,1,1,0,0,-9,0,0,1,0,2,0,0,1,3,0,0,1,3,0,0,1,3,1,0,0,1,0,1,0,0,2
5515,33,2,1.178029089,0,10118,1,0,0,3,0,0,1,0,0,2,3,3,5,1,3,3,1,2,5,5,2,1,1,1,3,2,1,2,1,2,2,2,0.667399446,1.212025305,0.816844052,0,0,0,0,1,0,1,0,1,0,2,0,2,0,0,3,0,0,3,1,0,1,0,0,0,1,1,0,0,0,0,0,0,0,0,0,0,0,0,0,0,0,0,0,0,0,0,0,0,0,0,0
5516,45,4,0.049328208,1,76112,0,1,0,2,0,1,0,0,0,2,5,3,3,3,3,3,3,3,3,3,2,2,2,3,2,2,2,2,2,3,3,3,-0.903453574,0.083831492,0.436953725,0,0,0,0,1,1,1,0,1,0,2,0,2,0,0,0,1,0,1,0,0,0,0,0,1,-9,0,0,1,0,2,1,0,0,1,0,0,1,3,1,0,0,1,0,1,0,2,0,0,1,0,3
5517,31,4,4.361304589,0,7748,0,1,0,2,0,1,0,0,0,2,5,1,5,5,1,1,1,4,3,1,2,2,2,4,2,2,2,2,2,4,4,3,-1.298043264,-1.373781915,1.883147483,0,1,0,0,2,0,1,0,0,0,2,0,5,0,0,3,1,0,1,0,0,0,0,1,0,1,1,0,1,0,2,0,1,0,2,0,1,0,2,0,1,0,2,0,1,0,2,0,0,1,0,3
5521,48,2,0.843904149,0,23220,1,0,0,3,0,0,1,0,0,3,2,4,2,3,3,4,5,5,4,4,3,1,1,2,3,1,2,1,1,3,1,1,0.422062337,1.357969045,0.813213558,0,0,0,0,1,0,0,0,1,0,2,0,2,0,1,2,0,0,3,1,0,0,0,1,0,-9,0,0,0,1,3,0,0,1,3,0,0,1,3,0,0,1,3,1,0,0,1,0,0,0,1,4
5526,14,2,0.362571594,0,61104,1,0,0,3,0,0,1,0,0,3,4,3,2,4,2,2,2,4,4,4,1,1,2,3,2,2,2,1,2,1,2,2,0.208489211,0.484200661,-0.205635132,0,0,0,0,1,0,0,0,1,0,2,0,2,1,0,1,0,0,3,1,0,0,0,0,0,1,1,0,0,1,3,0,0,1,3,1,0,0,1,0,1,0,2,1,0,0,1,0,1,0,0,2
5530,33,2,0.43806332,0,14620,1,0,0,1,1,0,0,0,0,3,5,0,4,5,2,1,1,5,5,4,1,1,3,2,2,2,1,3,3,1,2,2,0.941895179,0.811307131,0.862561569,0,0,0,0,1,0,0,1,0,0,2,0,4,1,0,1,1,0,1,0,0,0,1,0,0,0,0,0,0,1,3,0,0,1,3,0,0,1,3,0,1,0,2,1,0,0,1,0,0,0,1,4
5533,14,4,0.357827741,0,61101,0,1,0,3,0,0,1,0,0,3,6,3,3,4,3,3,3,3,3,3,2,2,2,3,2,2,2,2,2,3,3,3,-1.337958992,-0.278806775,-0.404801889,0,1,0,0,2,0,0,0,1,0,2,0,2,1,0,1,1,0,1,0,0,0,0,0,1,-9,0,0,1,0,2,0,0,1,3,1,0,0,1,0,1,0,2,1,0,0,1,1,0,0,0,1
5534,34,2,2.749391013,0,27282,0,1,0,3,0,0,1,0,0,3,2,4,3,5,3,4,2,3,4,3,1,1,1,2,2,2,1,1,3,3,3,3,-1.653862029,0.116115861,0.164434278,0,0,0,0,1,1,1,1,0,0,2,0,4,0,0,3,0,1,2,0,0,0,1,1,0,1,1,1,0,0,1,1,0,0,1,0,0,1,3,0,1,0,2,1,0,0,1,1,0,0,0,1
5535,45,3,0.602006764,1,78577,1,0,0,4,0,0,0,1,0,3,5,4,5,5,3,4,3,5,5,3,1,3,3,1,3,1,3,1,3,2,2,1,-0.531674561,0.70198162,-0.838130905,0,0,0,0,1,0,0,1,0,0,1,1,1,1,0,1,0,0,3,0,0,0,0,0,0,-9,0,0,0,1,3,0,0,1,3,0,1,0,2,0,0,1,3,1,0,0,1,0,1,0,0,2
5535,45,3,0.602006764,1,78577,1,0,0,4,0,0,0,1,0,3,5,4,5,5,3,4,3,5,5,3,1,3,3,1,3,1,3,1,3,2,2,1,-0.531674561,0.70198162,-0.838130905,0,0,0,0,1,0,0,1,0,0,1,1,1,1,0,1,0,0,3,0,0,0,0,0,0,-9,0,0,0,1,3,0,0,1,3,0,1,0,2,0,0,1,3,1,0,0,1,0,1,0,0,2
5537,45,2,2.850837171,1,75090,0,1,0,2,0,1,0,0,0,2,5,2,4,4,2,4,2,4,3,2,2,2,2,4,2,2,2,2,2,3,2,4,-1.371776676,-0.467636484,0.632039712,0,1,0,0,2,0,0,0,0,0,2,0,5,0,1,2,0,0,3,0,0,0,1,0,0,-9,0,0,1,0,2,1,0,0,1,0,1,0,2,1,0,0,1,1,0,0,1,1,0,0,0,1
5542,21,2,0.145759395,0,20735,0,1,0,2,0,1,0,0,0,2,4,4,4,4,4,4,4,4,4,4,2,2,2,3,3,2,2,2,2,3,3,3,0.067731785,0.818495615,0.088087581,0,0,0,0,1,1,1,0,1,0,2,0,2,1,0,1,0,1,2,0,0,0,0,0,0,1,1,0,1,0,2,0,1,0,2,0,1,0,2,1,0,0,1,1,0,0,1,1,0,0,0,1
5544,33,2,0.266472726,0,11226,1,0,0,4,0,0,0,1,0,1,4,1,4,4,1,1,1,1,4,1,1,1,3,3,3,2,1,2,2,3,2,3,0.287580911,-0.205377105,0.661282801,0,0,0,0,1,1,1,1,0,0,2,0,4,0,1,2,0,1,2,0,0,0,0,0,0,1,1,0,0,1,3,0,0,1,3,1,0,0,1,1,0,0,1,0,0,1,3,0,0,1,0,3
5545,33,2,0.147564528,0,10467,1,0,0,3,0,0,1,0,0,3,3,2,3,3,3,3,3,3,3,3,2,2,2,3,2,2,2,1,3,4,4,4,-0.672206047,0.253023113,-0.956217257,0,0,0,0,1,0,0,0,1,0,2,0,2,1,0,1,0,0,3,0,0,0,1,0,0,-9,0,0,0,1,3,0,0,1,3,1,0,0,1,1,0,0,1,0,0,1,3,0,0,1,0,3
5547,39,4,0.176670671,0,19143,1,0,0,3,0,0,1,0,0,3,3,2,2,4,2,4,2,4,4,4,1,1,1,1,3,1,1,1,3,2,2,2,-0.410074663,0.581038323,-0.191276729,0,1,0,0,2,0,0,1,0,0,2,0,4,1,0,1,0,0,3,0,0,0,0,1,0,-9,0,0,0,1,3,0,0,1,3,1,0,0,1,1,0,0,1,0,0,1,3,0,0,0,1,4
5551,51,1,0.977960283,0,53215,1,0,0,2,0,1,0,0,0,2,5,4,4,4,4,4,1,4,4,4,2,2,2,3,2,2,2,2,2,3,3,4,1.241681362,1.202010955,0.565692009,0,1,0,0,2,0,0,0,0,1,2,0,3,1,0,1,0,0,3,1,0,0,1,0,0,1,1,0,0,1,3,0,0,1,3,1,0,0,1,0,1,0,2,1,0,0,1,0,0,0,1,4
5554,46,2,4.568399868,0,84044,0,1,0,4,0,0,0,1,0,3,4,4,3,5,2,4,1,5,3,1,1,3,3,4,3,2,3,1,2,1,1,1,-0.666051145,-0.175497998,0.213664947,0,0,0,0,1,0,0,0,0,0,1,1,1,0,0,3,0,0,3,1,0,1,1,0,0,1,1,0,1,0,2,1,0,0,1,1,0,0,1,0,1,0,2,1,0,0,1,0,0,1,0,3
5555,15,2,0.531916756,0,46201,0,1,0,3,0,0,1,0,0,1,5,4,5,5,1,2,5,5,2,1,1,1,1,2,3,2,3,2,3,4,2,2,0.984548793,1.393782222,1.217152987,0,0,0,0,1,0,0,0,1,0,2,0,2,1,0,1,0,1,2,0,0,0,0,1,0,-9,0,0,0,1,3,0,1,0,2,1,0,0,1,1,0,0,1,1,0,0,1,0,0,0,1,4
5556,31,2,0.192353955,0,8502,0,1,0,1,1,0,0,0,0,1,5,1,5,2,1,1,1,2,2,4,2,2,2,4,2,2,2,2,2,3,2,2,0.946727837,0.927076699,0.644876943,0,1,0,0,2,1,1,0,1,0,2,0,2,0,1,2,1,0,1,0,0,0,0,0,0,-9,0,1,0,0,1,1,0,0,1,1,0,0,1,0,0,1,3,1,0,0,1,1,0,0,0,1
5557,45,2,4.558315658,1,75208,1,0,0,3,0,0,1,0,0,3,4,3,2,5,1,2,2,5,3,3,1,3,3,1,2,2,1,1,3,1,3,4,-0.828216953,-0.777299104,-1.21409842,0,0,0,0,1,0,0,0,0,0,1,1,1,1,0,1,0,0,3,1,0,0,1,1,0,0,0,0,0,1,3,0,0,1,3,0,0,1,3,0,1,0,2,0,0,1,3,0,0,0,1,4
5558,26,2,0.273090906,0,64123,0,1,0,5,0,0,0,0,1,1,5,5,5,5,5,5,5,5,5,5,2,3,3,2,3,3,3,3,3,2,2,2,0.984548793,1.393782222,1.217152987,0,0,0,0,1,0,0,0,1,0,2,0,2,1,0,1,1,0,1,0,1,0,0,0,0,-9,0,0,0,1,3,0,1,0,2,1,0,0,1,1,0,0,1,1,0,0,1,0,0,1,0,3
5559,39,4,1.03690768,0,18040,0,1,0,3,0,0,1,0,0,2,3,3,3,4,3,3,4,3,3,4,2,2,2,3,2,2,3,2,3,3,3,3,-0.805123118,0.663227147,-0.919500826,0,0,0,0,1,0,0,0,0,0,1,1,1,1,0,1,0,0,3,1,0,0,0,1,0,1,1,1,0,0,1,1,0,0,1,1,0,0,1,0,0,1,3,1,0,0,1,0,1,0,0,2
5560,23,2,1.193388792,0,49837,0,1,0,2,0,1,0,0,0,3,5,2,5,4,2,2,1,3,4,2,1,1,2,3,2,2,2,2,2,3,3,1,0.007443721,0.580595898,-0.046204612,0,1,0,0,2,0,0,1,0,0,2,0,4,0,1,2,0,0,3,1,0,0,1,1,0,-9,0,1,0,0,1,1,0,0,1,0,0,1,3,1,0,0,1,1,0,0,1,1,0,0,0,1
5562,36,2,0.570909251,0,45322,0,1,0,3,0,0,1,0,0,2,5,1,5,3,2,2,2,2,2,2,1,1,3,1,3,1,3,1,3,1,2,2,1.080820274,1.462517916,0.655814528,0,1,0,0,2,1,1,1,0,0,2,0,4,1,0,1,1,0,1,0,0,0,1,1,0,-9,0,0,1,0,2,0,1,0,2,0,1,0,2,0,1,0,2,1,0,0,1,0,0,1,0,3
5564,39,3,0.136249372,0,15214,0,1,0,2,0,1,0,0,0,1,2,1,2,5,5,4,4,5,5,4,2,3,3,2,3,1,3,1,3,2,2,1,0.225348254,0.734280819,0.920053138,0,1,0,0,2,0,0,1,0,0,2,0,4,1,0,1,1,0,1,0,0,0,0,0,0,1,1,0,1,0,2,1,0,0,1,0,0,1,3,1,0,0,1,1,0,0,1,0,0,1,0,3
5565,34,2,0.559460607,0,28323,0,0,1,5,0,0,0,0,1,5,1,5,4,2,3,4,3,4,4,4,1,1,1,1,1,1,3,1,3,2,2,2,0.42796032,-0.196978812,0.555127835,0,0,0,0,1,0,0,1,0,0,2,0,4,1,0,1,0,1,2,0,0,0,1,0,0,1,1,1,0,0,1,1,0,0,1,1,0,0,1,1,0,0,1,1,0,0,1,1,0,0,0,1
5567,7,4,0.110484064,0,6268,0,1,0,2,0,1,0,0,0,1,5,2,5,5,1,1,1,5,3,1,2,2,2,4,2,2,2,2,2,4,4,4,-0.87482035,-1.957878164,1.035332868,0,1,0,0,2,0,0,1,0,0,2,0,4,0,0,0,0,0,3,0,0,0,0,1,0,-9,0,1,0,0,1,1,0,0,1,1,0,0,1,0,0,1,3,1,0,0,1,1,0,0,0,1
5568,14,4,0.251492717,0,60827,0,1,0,2,0,1,0,0,0,2,2,3,2,4,1,3,4,4,4,5,1,2,2,3,2,3,2,1,2,3,3,3,-0.22697859,1.297169075,0.929671302,0,0,0,0,1,0,0,0,1,0,2,0,2,1,0,1,0,0,3,1,0,0,0,1,0,-9,0,0,0,1,3,0,1,0,2,0,0,1,3,1,0,0,1,0,0,1,3,0,0,0,1,4
5569,10,2,0.281731295,1,33511,0,1,0,4,0,0,0,1,0,1,5,5,4,5,4,5,4,4,4,4,3,3,1,1,3,3,3,3,3,2,1,2,0.210522437,0.192125789,0.612380568,0,0,0,0,1,1,1,1,0,0,2,0,4,1,0,1,0,1,2,0,1,0,0,1,0,1,1,0,1,0,2,0,0,1,3,0,0,1,3,0,1,0,2,1,0,0,1,0,1,0,0,2
5571,11,2,1.483014979,0,31404,0,1,0,2,0,1,0,0,0,2,2,4,4,3,3,3,3,5,3,3,3,3,2,3,2,2,2,2,2,3,3,3,-0.194615827,-0.288309202,-1.456617885,0,1,0,0,2,0,1,1,0,0,2,0,4,0,1,2,0,0,3,1,0,0,0,1,0,1,1,0,1,0,2,0,1,0,2,0,0,1,3,0,1,0,2,1,0,0,1,0,0,0,1,4
5572,11,2,0.843904149,0,31701,0,1,0,5,0,0,0,0,1,1,5,3,1,5,1,1,1,1,5,3,2,1,3,4,2,1,1,2,3,1,2,4,0.330670888,0.89024192,0.754723137,0,0,0,0,1,0,0,0,1,0,2,0,2,0,1,2,0,0,3,1,0,0,1,1,0,-9,0,1,0,0,1,0,1,0,2,1,0,0,1,0,1,0,2,1,0,0,1,0,1,0,0,2
5574,19,2,0.859820085,0,70633,0,0,1,5,0,0,0,0,1,4,5,5,1,1,3,2,4,5,4,3,2,2,2,2,3,2,1,1,3,1,3,3,-0.442052976,-1.480860126,0.585171283,0,1,0,0,2,0,0,0,1,0,2,0,2,1,0,1,0,1,2,0,0,0,1,0,0,-9,0,1,0,0,1,1,0,0,1,1,0,0,1,1,0,0,1,1,0,0,1,1,0,0,0,1
5577,37,4,1.087085136,0,74115,0,1,0,3,0,0,1,0,0,2,5,2,4,3,1,1,1,1,1,1,1,2,2,4,2,2,1,1,3,4,2,3,-0.50517958,-0.317484927,0.253952041,0,1,0,0,2,0,0,0,1,0,2,0,2,1,0,1,0,1,2,0,0,0,0,1,0,-9,0,0,1,0,2,1,0,0,1,0,0,1,3,1,0,0,1,1,0,0,1,0,0,1,0,3
5578,24,2,1.29662143,0,55038,0,1,0,4,0,0,0,1,0,3,3,3,4,2,1,1,1,3,1,1,1,1,1,1,1,1,2,1,3,1,3,1,-0.965379834,0.755659084,-2.2176102,0,1,0,0,2,0,0,1,0,0,2,0,4,0,1,2,0,0,3,0,0,0,1,1,0,1,1,1,0,0,1,1,0,0,1,0,1,0,2,0,0,1,3,1,0,0,1,1,0,0,0,1
5579,34,2,1.60750663,0,28304,0,1,0,1,1,0,0,0,0,2,4,2,2,5,3,4,4,2,4,3,2,1,2,3,2,2,1,2,3,2,2,4,-0.0864785,0.298457444,-0.05607901,0,0,0,0,1,0,0,0,1,0,2,0,2,1,0,1,0,0,3,1,0,0,1,0,0,1,1,0,1,0,2,0,1,0,2,0,1,0,2,0,1,0,2,1,0,0,1,1,0,0,0,1
5580,14,2,2.866678003,0,61081,0,1,0,3,0,0,1,0,0,3,3,3,3,3,4,5,4,4,5,5,2,2,2,3,2,2,2,2,2,3,3,3,0.494053023,0.552475346,0.339646574,0,0,0,0,1,0,0,1,0,0,2,0,4,0,1,2,1,0,1,0,0,0,0,1,0,-9,0,1,0,0,1,1,0,0,1,1,0,0,1,1,0,0,1,1,0,0,1,1,0,0,0,1
5582,10,2,1.889414761,0,32225,0,1,0,3,0,0,1,0,0,3,5,4,2,5,4,2,1,4,5,4,1,2,3,1,3,1,2,1,3,1,2,3,0.609394806,0.453253786,0.90912769,0,1,0,0,2,0,0,0,1,0,2,0,2,0,1,2,0,0,3,1,0,1,0,1,0,-9,0,0,1,0,2,0,1,0,2,0,0,1,3,0,1,0,2,1,0,0,1,0,1,0,0,2
5583,45,1,0.59909112,1,79916,0,1,0,3,0,0,1,0,0,3,3,3,4,3,4,5,3,4,3,4,2,3,2,3,3,2,1,2,3,3,2,3,-0.49848562,0.736610153,-0.046822194,0,1,0,0,2,0,1,0,1,0,2,0,2,1,0,1,1,0,1,0,1,0,0,1,0,1,1,1,0,0,1,1,0,0,1,0,0,1,3,0,0,1,3,1,0,0,1,1,0,0,0,1
5584,21,2,0.328703516,0,21205,1,0,0,3,0,0,1,0,0,3,4,3,4,3,4,3,4,4,4,4,2,3,3,1,3,3,1,3,2,1,3,2,-1.145135731,0.077109221,0.795332418,0,0,0,0,1,0,0,0,1,0,2,0,2,1,0,1,1,0,1,0,0,1,1,0,0,-9,0,0,0,1,3,0,0,1,3,1,0,0,1,1,0,0,1,0,0,1,3,0,0,0,1,4
5586,39,2,0.43806332,0,18504,0,1,0,3,0,0,1,0,0,3,4,4,1,4,1,1,1,3,4,2,1,1,1,1,3,1,1,1,3,1,1,1,-0.748514707,0.176340638,-0.565081185,0,1,0,0,2,0,0,1,0,0,2,0,4,1,0,1,1,0,1,0,0,0,1,0,0,-9,0,0,0,1,3,0,1,0,2,1,0,0,1,0,1,0,2,1,0,0,1,0,1,0,0,2
5587,36,2,0.561592535,0,44126,0,1,0,2,0,1,0,0,0,2,4,4,4,5,1,1,1,4,5,1,2,1,3,4,2,2,1,1,3,4,2,4,1.037114599,-1.76801231,-2.787076792,0,1,0,0,2,1,1,1,0,0,2,0,4,0,1,2,0,1,2,0,0,0,0,1,0,-9,0,0,1,0,2,0,0,1,3,0,1,0,2,0,1,0,2,1,0,0,1,0,0,1,0,3
5588,14,3,0.02544823,0,60605,1,0,0,3,0,0,1,0,0,2,5,4,4,5,1,2,2,2,4,3,1,2,2,4,2,2,2,2,3,4,2,4,0.879151356,-1.396456474,-0.021759413,0,0,0,0,1,0,0,1,0,0,2,0,4,1,0,1,1,0,1,0,1,0,0,0,1,-9,0,0,0,1,3,0,0,1,3,0,0,1,3,0,0,1,3,0,0,1,3,0,0,0,1,4
5591,10,2,1.023095393,1,33411,0,1,0,4,0,0,0,1,0,4,4,3,5,5,5,3,2,2,4,3,3,2,3,1,1,2,3,3,3,3,3,1,-0.725170397,0.751738787,1.072559108,0,0,0,0,1,0,0,0,1,0,2,0,2,0,1,2,1,0,1,0,0,0,1,0,0,1,1,0,1,0,2,0,1,0,2,0,0,1,3,0,1,0,2,1,0,0,1,0,1,0,0,2
5592,34,2,0.941886733,0,28205,0,1,0,2,0,1,0,0,0,1,4,1,4,4,1,1,1,4,4,3,1,2,1,3,2,2,2,2,2,4,3,3,-0.166797669,-0.00941238,0.947977162,0,0,0,0,1,0,1,1,0,0,2,0,4,0,1,2,0,1,2,0,0,0,1,0,0,1,1,0,1,0,2,0,1,0,2,0,0,1,3,0,0,1,3,0,0,1,3,0,0,0,1,4
5594,33,2,0.185390154,0,13905,1,0,0,1,1,0,0,0,0,1,4,3,5,3,1,4,4,5,5,1,2,2,2,3,2,2,2,1,2,3,2,3,-0.916565191,0.520420332,0.861340514,0,0,0,0,1,1,1,1,0,0,2,0,4,0,1,2,0,0,3,0,0,0,1,0,0,1,1,0,0,1,3,0,0,1,3,0,1,0,2,0,1,0,2,1,0,0,1,0,1,0,0,2
5597,14,2,0.39965773,0,60435,1,0,0,3,0,0,1,0,0,2,5,4,5,5,4,4,3,4,3,3,2,2,2,3,2,2,2,2,2,3,3,3,0.208236309,0.916111,0.657361516,0,0,0,0,1,1,1,0,1,0,2,0,2,0,1,2,0,0,3,1,0,0,0,0,0,1,1,0,0,1,3,0,0,1,3,1,0,0,1,0,1,0,2,0,1,0,2,0,0,1,0,3
5598,19,2,0.594886704,0,70131,0,1,0,4,0,0,0,1,0,1,4,2,5,3,3,4,4,2,4,2,3,3,2,1,3,3,3,1,2,2,1,2,0.034498135,0.304546998,-0.439567225,0,0,0,0,1,0,0,0,1,0,2,0,2,0,1,2,0,1,2,0,0,0,0,0,0,-9,0,0,0,1,3,0,1,0,2,1,0,0,1,1,0,0,1,1,0,0,1,0,0,1,0,3
5599,26,2,0.624184184,0,64402,0,0,1,4,0,0,0,1,0,4,4,4,1,5,4,4,1,5,4,4,1,2,2,4,2,2,1,2,2,3,3,3,-0.103287436,-0.4962662,-0.851041293,0,0,0,0,1,0,0,1,0,0,2,0,4,1,0,1,1,0,1,0,0,0,0,1,1,-9,0,1,0,0,1,1,0,0,1,1,0,0,1,0,0,1,3,1,0,0,1,1,0,0,0,1
5601,42,2,0.458532242,0,29550,0,1,0,3,0,0,1,0,0,1,4,4,2,5,4,2,5,5,5,5,2,2,2,3,2,2,2,2,2,3,3,3,1.235869981,1.703106171,0.841479895,0,0,0,0,1,0,0,1,0,0,2,0,4,1,0,1,0,0,3,1,0,0,1,1,0,-9,0,1,0,0,1,1,0,0,1,1,0,0,1,0,1,0,2,1,0,0,1,1,0,0,0,1
5602,45,2,2.976379438,0,78411,0,1,0,2,0,1,0,0,0,2,3,3,4,5,2,3,2,5,5,4,3,2,2,1,2,2,1,2,3,4,1,3,0.32173115,-0.197701778,-0.649371142,0,0,0,0,1,0,0,1,0,0,2,0,4,1,0,1,0,0,3,0,0,1,1,1,0,1,1,0,1,0,2,0,0,1,3,0,0,1,3,0,0,1,3,1,0,0,1,0,0,0,1,4
5603,14,2,1.839962973,0,60465,0,1,0,1,1,0,0,0,0,2,5,1,5,5,1,2,1,3,3,1,2,2,2,3,2,2,2,2,2,3,3,4,-0.430651069,-0.32430671,-0.562711529,0,0,0,0,1,0,0,1,0,0,2,0,4,1,0,1,0,1,2,0,0,0,0,0,0,-9,0,0,1,0,2,0,1,0,2,1,0,0,1,1,0,0,1,0,1,0,2,0,0,1,0,3
5604,1,2,0.807243777,0,36619,0,1,0,2,0,1,0,0,0,1,6,3,2,4,1,1,1,2,5,3,1,1,1,1,2,1,1,1,3,3,3,3,-0.256889134,-0.826169881,-1.231609621,0,0,0,0,1,0,0,1,0,0,2,0,4,0,1,2,0,0,3,1,0,0,1,1,0,-9,0,1,0,0,1,0,1,0,2,0,0,1,3,0,0,1,3,1,0,0,1,1,0,0,0,1
5605,43,4,0.61117093,0,57701,0,1,0,3,0,0,1,0,0,3,5,3,2,2,1,5,1,4,4,4,1,1,1,1,3,1,1,3,3,2,3,2,0.631520455,-1.161291215,-1.504878246,0,0,0,0,1,0,0,1,0,0,2,0,4,1,0,1,1,0,1,0,1,0,0,0,1,-9,0,0,1,0,2,0,1,0,2,0,1,0,2,0,0,1,3,1,0,0,1,0,1,0,0,2
5607,36,2,4.329807279,0,43229,1,0,0,3,0,0,1,0,0,1,5,4,5,4,4,4,5,5,5,4,2,2,2,3,2,2,1,1,2,3,3,3,-0.071878365,0.317209956,1.074087052,0,1,0,0,2,0,0,0,0,0,1,1,1,0,1,2,0,0,3,1,0,0,1,1,0,1,1,0,0,1,3,0,0,1,3,0,0,1,3,0,0,1,3,1,0,0,1,0,0,1,0,3
5609,45,1,0.486987163,1,78723,0,1,0,3,0,0,1,0,0,2,2,3,4,4,2,4,5,4,3,4,1,1,2,3,3,1,2,1,3,3,2,3,-0.885942535,0.09981376,0.670457737,0,0,0,0,1,0,0,1,0,0,1,1,1,1,0,1,0,1,2,0,0,0,1,0,0,-9,0,0,0,1,3,0,1,0,2,0,0,1,3,0,1,0,2,0,1,0,2,0,0,1,0,3
5611,34,2,2.344078716,0,28376,0,1,0,3,0,0,1,0,0,2,4,2,5,4,1,1,1,3,4,2,2,2,1,3,2,2,2,2,2,4,3,4,0.126860808,-0.016147897,0.405791092,0,1,0,0,2,0,1,1,0,0,2,0,4,0,0,3,1,0,1,0,0,0,1,1,0,1,1,1,0,0,1,1,0,0,1,1,0,0,1,1,0,0,1,1,0,0,1,1,0,0,0,1
5612,26,2,1.930326879,0,64801,0,1,0,5,0,0,0,0,1,3,4,2,5,5,1,5,1,2,1,1,2,2,2,3,2,2,2,2,2,3,3,3,-2.320118091,-0.429705945,0.676791765,0,0,0,0,1,0,0,1,0,0,2,0,4,1,0,1,1,0,1,0,0,0,1,0,0,1,1,1,0,0,1,0,1,0,2,1,0,0,1,0,0,1,3,1,0,0,1,0,1,0,0,2
5613,16,3,0.419841652,0,52001,0,1,0,5,0,0,0,0,1,2,4,3,2,4,1,4,1,4,2,2,2,2,3,2,2,2,3,3,1,1,2,4,-1.464402322,0.440859541,-1.26773595,0,0,0,0,1,1,1,1,0,0,2,0,4,0,1,2,0,0,3,1,0,0,0,1,0,-9,0,0,1,0,2,0,0,1,3,1,0,0,1,0,0,1,3,1,0,0,1,0,1,0,0,2
5618,43,4,8.008228314,0,57701,0,1,0,1,1,0,0,0,0,2,4,1,5,4,2,3,2,4,4,3,2,2,2,4,2,2,3,2,2,3,3,4,-0.485745689,0.102749734,0.415397138,0,0,0,0,1,0,0,1,0,0,2,0,4,0,1,2,0,0,3,0,0,0,0,0,0,-9,0,0,1,0,2,0,1,0,2,0,1,0,2,0,0,1,3,1,0,0,1,0,1,0,0,2
5621,21,2,0.657115176,0,21108,0,1,0,3,0,0,1,0,0,3,4,3,4,4,4,4,4,4,4,4,3,1,3,2,3,1,3,3,3,3,3,2,0.067731785,0.818495615,0.088087581,0,1,0,0,2,1,1,0,0,1,2,0,3,0,1,2,0,0,3,1,0,0,1,1,0,1,1,1,0,0,1,0,1,0,2,0,1,0,2,0,0,1,3,1,0,0,1,1,0,0,0,1
5623,6,4,2.54E-07,0,80206,1,0,0,4,0,0,0,1,0,1,6,2,3,3,3,3,3,3,3,3,2,2,2,3,2,2,2,2,2,3,3,3,-0.806934585,-1.820996166,0.463627596,0,0,0,0,1,0,0,1,0,0,2,0,4,1,0,1,0,0,3,1,0,0,0,0,1,-9,0,0,0,1,3,0,0,1,3,1,0,0,1,0,0,1,3,1,0,0,1,0,0,0,1,4
5625,10,2,2.540385781,0,33896,0,1,0,2,0,1,0,0,0,3,4,3,3,4,2,2,1,4,3,4,1,3,2,3,2,2,2,2,3,3,2,2,0.143678711,0.655773037,-0.20404477,0,0,0,0,1,0,0,1,0,0,2,0,4,0,1,2,0,0,3,1,0,0,1,0,0,-9,0,1,0,0,1,1,0,0,1,0,0,1,3,0,0,1,3,1,0,0,1,1,0,0,0,1
5626,31,2,0.304715083,0,8103,1,0,0,3,0,0,1,0,0,2,2,3,3,3,4,3,3,4,3,3,1,1,1,1,3,3,1,1,3,1,1,1,-0.787978318,0.216557953,-1.118553535,0,1,0,0,2,0,0,0,1,0,1,1,1,1,0,1,0,0,3,1,0,0,0,0,0,-9,0,0,0,1,3,0,0,1,3,0,0,1,3,0,1,0,2,0,0,1,3,0,0,0,1,4
5627,36,2,0.338605238,0,44110,0,1,0,5,0,0,0,0,1,3,5,5,5,5,5,5,5,5,5,5,2,2,1,1,2,2,3,2,2,2,3,4,0.984548793,1.393782222,1.217152987,0,0,0,0,1,0,0,0,1,0,2,0,2,1,0,1,0,1,2,0,0,0,1,1,0,1,1,0,0,1,3,0,1,0,2,0,1,0,2,1,0,0,1,1,0,0,1,0,0,0,1,4
5628,42,4,0.455567541,0,29303,0,1,0,3,0,0,1,0,0,2,4,5,5,5,3,3,1,5,5,5,2,3,3,3,1,1,3,3,3,1,3,2,-0.005476677,1.150353278,0.417642718,0,1,0,0,2,0,0,0,1,0,2,0,2,1,0,1,0,1,2,0,0,0,0,0,0,1,1,1,0,0,1,0,1,0,2,0,0,1,3,0,0,1,3,1,0,0,1,1,0,0,0,1
5629,33,2,0.103005482,0,104,0,0,0,3,0,0,1,0,0,2,5,3,5,3,1,1,1,5,5,5,1,2,1,1,3,3,2,1,3,1,2,2,-0.779346262,-0.860586153,1.676097853,0,0,0,0,1,1,1,0,1,0,2,0,2,1,0,1,0,1,2,0,0,0,1,0,0,1,1,0,0,0,0,0,0,0,0,0,0,0,0,0,0,0,0,0,0,0,0,0,0,0,0,0
5630,39,3,0.126115891,0,18020,0,1,0,2,0,1,0,0,0,1,5,2,3,4,3,4,2,4,4,3,1,3,3,2,3,1,1,1,3,2,2,2,-0.139094321,1.136498015,1.177319511,0,0,0,0,1,0,0,1,0,0,2,0,4,1,0,1,0,0,3,0,0,0,0,1,0,-9,0,0,1,0,2,0,1,0,2,0,1,0,2,0,0,1,3,1,0,0,1,0,0,1,0,3
5633,17,1,0.753583208,0,66067,0,1,0,1,1,0,0,0,0,1,4,3,4,2,2,4,2,4,3,4,3,1,3,2,3,1,2,3,3,2,2,2,0.405630789,1.337190418,0.717659533,0,0,0,0,1,0,0,1,0,0,2,0,4,0,1,2,0,0,3,0,0,0,0,0,0,1,1,1,0,0,1,0,1,0,2,0,1,0,2,0,0,1,3,1,0,0,1,1,0,0,0,1
5637,15,4,0.937390557,0,46619,0,1,0,1,1,0,0,0,0,3,5,0,5,5,1,1,1,3,5,3,2,1,2,4,2,2,2,2,3,3,3,4,0.100451236,-0.117143637,-0.47080443,0,1,0,0,2,0,0,1,0,0,2,0,4,1,0,1,0,1,2,0,0,0,0,1,0,1,1,0,1,0,2,0,1,0,2,1,0,0,1,1,0,0,1,0,1,0,2,1,0,0,0,1
5639,10,2,9.889768223,1,32810,0,1,0,2,0,1,0,0,0,2,5,3,5,5,4,5,5,5,5,5,2,2,2,3,2,2,2,2,2,3,3,3,-0.442735853,1.067767134,0.525642891,0,0,0,0,1,0,0,1,1,0,2,0,2,0,1,2,0,0,3,1,0,1,1,0,0,-9,0,0,1,0,2,0,1,0,2,0,0,1,3,0,0,1,3,1,0,0,1,0,0,1,0,3
5642,39,4,0.13694557,0,19013,0,1,0,3,0,0,1,0,0,4,4,3,1,3,1,1,4,4,2,1,1,3,3,1,3,1,3,3,3,2,2,1,-1.367139981,-0.679847791,0.193784788,0,0,0,0,1,0,0,0,1,0,2,0,2,1,0,1,0,0,3,0,0,0,0,0,1,-9,0,0,0,1,3,0,1,0,2,0,0,1,3,1,0,0,1,0,0,1,3,0,0,0,1,4
5644,33,2,0.273860135,0,7008,1,0,0,4,0,0,0,1,0,1,4,4,4,5,5,4,2,4,5,5,2,2,3,2,3,2,3,2,3,2,3,2,1.195925512,0.888581302,0.694403672,0,0,0,0,1,0,1,1,0,0,2,0,4,0,1,2,0,0,3,1,0,1,0,0,0,-9,0,0,0,1,3,0,1,0,2,0,0,1,3,1,0,0,1,1,0,0,1,0,0,0,1,4
5646,45,2,1.965148214,1,76119,0,1,0,3,0,0,1,0,0,3,2,4,4,4,2,4,2,4,4,3,2,1,3,1,3,1,2,1,3,2,2,1,-0.612082818,0.970361584,1.433459577,0,0,0,0,1,0,0,0,1,0,2,0,2,1,0,1,0,0,3,0,0,0,1,0,0,1,1,0,1,0,2,0,1,0,2,0,0,1,3,0,1,0,2,1,0,0,1,0,0,1,0,3
5647,45,2,0.662386321,1,75001,1,0,0,3,0,0,1,0,0,3,5,3,3,4,2,3,3,4,4,3,3,2,3,1,1,2,1,2,2,1,2,1,-0.094554132,1.007589172,-0.140719829,0,0,0,0,1,1,1,1,0,0,2,0,4,0,1,2,0,0,3,1,0,1,0,1,0,-9,0,0,0,1,3,0,0,1,3,1,0,0,1,0,1,0,2,1,0,0,1,0,0,1,0,3
5649,51,2,0.977940477,0,53066,0,1,0,4,0,0,0,1,0,2,5,4,1,5,1,1,1,5,1,1,1,1,1,1,2,2,1,1,3,1,1,3,-0.420916855,1.240380853,1.228811449,0,0,0,0,1,1,1,1,0,0,1,1,1,0,1,2,0,0,3,1,0,0,1,1,0,-9,0,1,0,0,1,1,0,0,1,0,1,0,2,0,1,0,2,1,0,0,1,1,0,0,0,1
5650,33,2,2.00248403,0,11201,1,0,0,5,0,0,0,0,1,2,4,3,4,5,3,4,3,4,5,4,3,3,3,2,3,3,3,3,2,2,3,2,1.101277022,0.778023927,-0.504082573,0,1,0,0,2,0,1,1,0,0,2,0,4,0,0,3,0,0,3,1,0,0,0,1,0,-9,0,0,0,1,3,0,0,1,3,0,0,1,3,0,0,1,3,0,0,1,3,0,0,0,1,4
5654,14,2,1.910794755,0,60175,0,1,0,2,0,1,0,0,0,2,3,3,2,2,3,4,4,4,4,5,3,3,3,3,2,2,2,2,3,1,3,3,-0.066397556,0.497437374,0.089514208,0,1,0,0,2,1,1,1,0,0,2,0,4,0,0,3,0,1,2,0,0,0,0,0,0,-9,0,1,0,0,1,1,0,0,1,1,0,0,1,0,0,1,3,1,0,0,1,1,0,0,0,1
5656,39,2,0.773697873,0,16057,0,1,0,3,0,0,1,0,0,3,4,3,4,4,1,3,1,3,3,4,2,3,3,1,2,2,2,2,3,3,2,2,-0.835473721,0.622109819,1.270636702,0,0,0,0,1,0,0,1,0,0,2,0,4,1,0,1,0,0,3,1,0,0,1,0,0,-9,0,1,0,0,1,1,0,0,1,1,0,0,1,0,0,1,3,1,0,0,1,1,0,0,0,1
5658,23,4,1.031836899,0,48608,0,0,1,1,1,0,0,0,0,1,5,0,5,3,1,1,1,3,3,1,2,2,2,4,2,2,1,2,2,4,3,3,-0.581584078,-0.88946659,1.314924194,0,1,0,0,2,0,0,1,0,0,2,0,4,1,0,1,1,0,1,0,1,0,0,1,0,-9,0,0,0,0,0,0,0,0,0,0,0,0,0,0,0,0,0,0,0,0,0,0,0,0,0,0
5661,19,2,0.052386189,0,70001,0,1,0,5,0,0,0,0,1,2,2,2,4,3,1,4,4,1,1,2,1,1,1,1,2,2,1,1,3,3,2,3,0.707014772,-1.67998845,-0.001856239,0,1,0,0,2,0,0,1,0,0,2,0,4,1,0,1,0,1,2,0,0,1,1,0,0,1,1,0,1,0,2,1,0,0,1,1,0,0,1,1,0,0,1,1,0,0,1,1,0,0,0,1
5663,22,2,0.26249979,0,1534,0,1,0,2,0,1,0,0,0,3,2,3,2,4,3,1,4,2,1,4,2,2,3,1,2,2,3,3,3,3,2,3,-0.618742487,0.056710845,-1.542425327,0,0,0,0,1,0,0,1,0,0,2,0,4,1,0,1,0,1,2,0,0,1,0,0,1,1,1,1,0,0,1,1,0,0,1,1,0,0,1,0,0,1,3,1,0,0,1,0,1,0,0,2
5666,45,3,2.558878181,1,75019,0,1,0,2,0,1,0,0,0,1,4,0,5,4,2,1,2,3,3,2,3,2,3,2,2,2,3,2,2,3,2,4,0.194964551,-0.707688166,-0.524081932,0,0,0,0,1,0,0,1,0,0,1,1,1,0,1,2,0,0,3,1,0,0,0,0,0,-9,0,0,1,0,2,0,0,1,3,0,0,1,3,0,0,1,3,0,1,0,2,0,1,0,0,2
5668,41,4,1.664914901,0,2919,0,1,0,3,0,0,1,0,0,2,5,4,4,4,2,2,2,4,4,4,2,2,2,1,2,2,3,2,2,4,3,4,0.869190165,0.255218309,-0.165901003,0,0,0,1,4,0,0,1,0,0,2,0,4,0,1,2,0,1,2,0,0,0,0,0,0,-9,0,0,1,0,2,0,1,0,2,0,0,1,3,0,0,1,3,1,0,0,1,0,0,1,0,3
5669,10,4,0.299284244,0,34211,0,0,1,2,0,1,0,0,0,2,1,0,5,4,1,1,1,3,2,1,2,1,1,3,2,2,2,2,2,3,3,4,1.093799482,-0.70186659,0.494464428,0,0,1,1,4,1,1,1,0,0,2,0,4,0,1,2,0,1,2,0,0,0,0,0,0,-9,0,0,0,0,0,0,0,0,0,0,0,0,0,0,0,0,0,0,0,0,0,0,0,0,0,0
5670,22,4,0.370289739,0,2747,0,1,0,2,0,1,0,0,0,2,3,1,2,5,1,1,1,3,4,1,1,1,2,1,2,2,2,2,2,4,3,4,0.585637053,-0.584424072,0.70517895,0,0,0,1,4,1,1,1,0,0,2,0,4,0,1,2,0,1,2,0,0,0,0,1,0,1,1,1,0,0,1,0,1,0,2,1,0,0,1,0,0,1,3,1,0,0,1,0,1,0,0,2
5673,34,4,0.77288016,0,28115,0,1,0,3,0,0,1,0,0,1,4,4,4,5,4,4,4,5,4,4,2,1,1,3,2,1,1,3,2,3,3,3,1.018767424,0.850520528,-1.052928779,0,0,0,1,4,0,0,1,0,0,2,0,4,0,1,2,1,0,1,0,0,0,0,1,0,1,1,1,0,0,1,1,0,0,1,1,0,0,1,0,0,1,3,1,0,0,1,1,0,0,0,1
5675,45,2,1.098087335,1,78741,1,0,0,3,0,0,1,0,0,3,4,3,4,5,2,2,2,4,4,4,1,1,1,1,3,1,2,2,3,4,4,4,-0.336013234,-0.205373345,1.629392829,0,0,0,1,4,0,1,1,0,0,2,0,4,0,1,2,0,1,2,0,0,0,0,1,0,-9,0,0,0,1,3,0,0,1,3,0,0,1,3,0,1,0,2,1,0,0,1,0,0,1,0,3
5676,51,4,0.564829213,0,53083,0,1,0,2,0,1,0,0,0,1,1,0,5,3,3,3,2,3,3,3,2,2,2,3,2,2,2,2,2,3,3,3,0.432146609,0.881197276,0.350694714,0,0,0,1,4,1,1,1,0,0,2,0,4,0,1,2,0,1,2,0,0,0,0,1,0,-9,0,0,1,0,2,0,1,0,2,0,1,0,2,0,0,1,3,1,0,0,1,1,0,0,0,1
5677,51,4,0.826535989,0,53012,0,1,0,3,0,0,1,0,0,2,5,2,3,4,2,2,2,5,5,4,1,1,1,1,2,2,1,1,2,2,3,3,-0.067546472,-0.591043491,0.889822602,0,0,0,1,4,0,0,1,0,0,2,0,4,0,1,2,0,1,2,0,0,0,0,1,0,-9,0,1,0,0,1,0,1,0,2,1,0,0,1,0,0,1,3,1,0,0,1,0,1,0,0,2
5678,26,2,1.04052727,0,63011,0,1,0,2,0,1,0,0,0,2,5,3,3,4,2,2,2,4,3,3,1,1,2,1,2,1,1,2,3,4,2,4,-0.033799598,-0.486428576,-0.068920952,0,0,1,0,3,1,1,1,0,0,2,0,4,0,1,2,0,1,2,0,0,0,1,1,0,-9,0,0,1,0,2,0,1,0,2,0,1,0,2,0,0,1,3,1,0,0,1,0,1,0,0,2
5682,36,2,2.92926613,0,44515,0,1,0,3,0,0,1,0,0,3,5,3,4,4,1,4,2,4,4,2,2,2,2,3,2,2,2,2,2,3,3,3,-0.665326992,0.343388746,0.890027081,0,1,0,0,2,0,0,1,0,0,2,0,4,0,1,2,0,0,3,1,0,0,1,0,0,-9,0,0,1,0,2,0,1,0,2,0,1,0,2,0,0,1,3,1,0,0,1,1,0,0,0,1
5683,26,2,1.743409189,0,63080,0,1,0,3,0,0,1,0,0,3,6,3,4,4,2,3,2,4,4,4,1,3,1,3,2,2,1,2,3,3,3,3,-0.450609561,0.341580099,-0.657770995,0,0,1,0,3,1,1,1,0,0,2,0,4,0,0,0,0,0,3,1,0,0,1,1,0,-9,0,1,0,0,1,1,0,0,1,0,1,0,2,0,0,1,3,1,0,0,1,1,0,0,0,1
5684,51,4,1.089075091,0,54115,0,1,0,1,1,0,0,0,0,2,5,1,5,4,1,1,1,2,2,3,3,3,3,1,1,1,1,1,3,3,3,3,0.704337067,-0.037925357,-0.115006711,0,0,0,1,4,1,1,1,0,0,2,0,4,0,1,2,0,1,2,0,0,0,0,1,0,-9,0,0,1,0,2,0,1,0,2,0,1,0,2,0,1,0,2,1,0,0,1,1,0,0,0,1
5685,19,4,1.117898198,0,70001,0,1,0,4,0,0,0,1,0,1,1,0,5,5,1,1,1,4,4,2,1,1,1,1,2,2,1,1,3,1,2,4,0.364670083,-0.561105028,0.534896881,0,1,0,0,2,0,0,1,0,0,2,0,4,0,1,2,0,0,3,1,0,0,0,1,0,1,1,0,1,0,2,1,0,0,1,1,0,0,1,1,0,0,1,1,0,0,1,1,0,0,0,1
5686,33,4,0.184628518,0,11385,1,0,0,1,1,0,0,0,0,1,3,1,4,4,1,1,1,4,4,4,2,2,2,3,2,2,2,2,3,3,2,3,0.810733013,0.751911289,0.677676458,0,0,0,1,4,0,0,1,0,0,2,0,4,1,0,1,0,1,2,0,0,0,0,0,0,1,1,0,0,1,3,0,0,1,3,1,0,0,1,0,1,0,2,0,0,1,3,0,0,0,1,4
5687,14,4,0.243094591,0,61373,0,0,1,2,0,1,0,0,0,1,5,3,4,5,1,1,1,5,5,5,2,2,2,3,2,2,2,2,3,4,3,3,1.718605191,0.315796392,0.589818358,0,0,0,1,4,1,1,1,0,0,2,0,4,1,0,1,1,0,1,0,0,0,0,1,0,-9,0,1,0,0,1,1,0,0,1,0,1,0,2,0,0,1,3,1,0,0,1,1,0,0,0,1
5689,26,2,1.897196383,0,63129,0,1,0,2,0,1,0,0,0,3,5,3,2,4,1,1,1,3,4,2,2,1,3,4,2,1,1,2,3,4,3,4,0.096934995,0.284923584,-0.540263372,0,0,0,1,4,0,0,1,0,0,2,0,4,1,0,1,1,0,1,0,0,1,1,0,0,-9,0,0,1,0,2,0,1,0,2,0,1,0,2,0,0,1,3,1,0,0,1,0,1,0,0,2
5691,14,4,0.674457945,0,62689,0,1,0,2,0,1,0,0,0,3,5,4,5,5,1,1,1,4,3,1,1,2,2,4,2,2,2,2,2,4,4,4,-0.926586802,0.644353659,0.9915498,0,0,0,1,4,0,0,1,0,0,2,0,4,1,0,1,1,0,1,0,0,0,0,1,0,-9,0,1,0,0,1,1,0,0,1,0,0,1,3,0,0,1,3,1,0,0,1,1,0,0,0,1
5695,45,4,0.472425751,1,77090,1,0,0,3,0,0,1,0,0,1,1,4,4,4,4,4,2,4,5,5,2,2,1,1,2,1,2,1,3,3,4,3,-0.053359928,0.724296861,-0.093741619,0,0,0,1,4,0,0,0,1,0,2,0,2,1,0,1,1,0,1,0,0,0,0,0,0,-9,0,0,0,1,3,0,0,1,3,0,0,1,3,1,0,0,1,1,0,0,1,0,1,0,0,2
5696,7,4,0.118957383,0,6477,0,1,0,1,1,0,0,0,0,1,5,0,5,4,1,1,1,3,4,2,2,2,2,4,2,2,2,2,2,4,3,4,0.788625719,-0.312654823,0.230635072,0,0,0,1,4,1,1,1,0,0,2,0,4,1,0,1,0,1,2,0,0,0,0,1,0,-9,0,1,0,0,1,1,0,0,1,0,0,1,3,0,1,0,2,1,0,0,1,0,1,0,0,2
5698,6,2,0.04830053,0,80910,0,1,0,2,0,1,0,0,0,1,5,3,3,5,1,3,2,5,4,3,1,1,2,1,2,2,2,1,3,1,2,3,0.308888147,0.004645303,0.764014216,0,1,0,0,2,0,0,1,0,0,2,0,4,1,0,1,0,0,3,0,0,0,1,0,0,1,1,0,0,1,3,0,1,0,2,0,0,1,3,0,1,0,2,1,0,0,1,0,0,0,1,4
5701,7,4,0.390094709,0,6424,0,1,0,3,0,0,1,0,0,3,5,4,4,5,3,4,2,4,5,4,1,3,2,2,2,2,1,2,3,1,1,1,-0.830533821,0.928313751,0.395222246,0,0,0,1,4,0,0,1,0,0,2,0,4,1,0,1,1,0,1,0,0,0,0,1,0,-9,0,1,0,0,1,1,0,0,1,1,0,0,1,1,0,0,1,1,0,0,1,1,0,0,0,1
5704,6,2,29.44975072,0,80909,0,1,0,2,0,1,0,0,0,1,3,0,5,3,2,1,1,4,3,3,2,1,1,1,1,1,1,1,1,1,1,1,-1.923291094,0.501864949,0.40012009,0,1,0,0,2,0,0,1,0,0,2,0,4,0,1,2,0,0,3,0,0,0,1,1,0,1,1,0,1,0,2,0,0,1,3,0,1,0,2,0,1,0,2,1,0,0,1,0,0,0,1,4
5705,18,4,0.514922239,0,42503,0,1,0,1,1,0,0,0,0,1,5,0,5,1,1,1,1,1,3,3,2,2,2,3,2,2,2,2,2,3,3,3,1.209856613,0.042649755,0.064853993,0,0,1,1,4,0,0,1,0,0,2,0,4,1,0,1,0,1,2,0,0,0,0,1,0,1,1,1,0,0,1,1,0,0,1,0,0,1,3,1,0,0,1,1,0,0,1,1,0,0,0,1
5706,27,4,0.565354712,0,59102,0,1,0,3,0,0,1,0,0,1,5,3,5,4,1,1,1,4,4,3,1,1,2,3,2,2,2,2,2,4,3,4,-1.010337967,-0.124992686,-0.852893451,0,0,0,1,4,1,1,1,0,0,2,0,4,0,0,3,0,1,2,0,0,0,0,1,0,1,1,0,1,0,2,0,0,1,3,1,0,0,1,0,0,1,3,1,0,0,1,0,1,0,0,2
5707,45,4,1.655857937,1,77546,0,1,0,2,0,1,0,0,0,3,5,5,2,4,1,3,3,4,3,3,3,3,2,3,2,2,3,2,3,3,2,3,0.861172554,-2.004373367,0.592852194,0,0,1,0,3,0,0,1,0,0,2,0,4,1,0,1,1,0,1,0,0,0,0,0,0,1,1,0,1,0,2,1,0,0,1,0,1,0,2,0,1,0,2,1,0,0,1,1,0,0,0,1
5708,26,4,0.5689055,0,63366,0,1,0,2,0,1,0,0,0,2,5,3,5,4,1,1,2,2,3,2,2,2,2,3,2,2,2,2,2,3,3,4,1.077730016,0.372508907,0.183762125,0,0,0,1,4,0,1,1,0,0,2,0,4,0,1,2,1,0,1,0,0,0,0,1,0,-9,0,0,1,0,2,0,1,0,2,0,0,1,3,0,0,1,3,1,0,0,1,1,0,0,0,1
5709,6,2,35.66275853,0,80205,1,0,0,2,0,1,0,0,0,1,5,0,5,4,1,1,2,4,5,5,2,2,2,3,2,2,2,2,2,4,2,3,1.075195182,0.7818022,0.806189671,0,0,0,1,4,0,1,1,0,0,2,0,4,1,0,1,1,0,1,0,0,0,1,1,0,-9,0,0,0,1,3,0,0,1,3,1,0,0,1,1,0,0,1,0,0,1,3,0,0,0,1,4
5712,36,4,0.309000986,0,45506,0,1,0,4,0,0,0,1,0,3,5,5,2,5,2,1,1,3,4,3,2,2,2,4,2,2,1,2,3,4,4,3,-1.188691986,-0.140924208,-0.002912627,0,0,1,0,3,0,0,1,0,0,2,0,4,1,0,1,0,1,2,0,0,0,0,1,0,-9,0,0,1,0,2,0,1,0,2,1,0,0,1,0,1,0,2,1,0,0,1,1,0,0,0,1
5713,22,4,1.02662712,0,1830,1,0,0,1,1,0,0,0,0,2,4,1,5,5,2,3,1,4,5,4,2,2,2,4,2,2,2,2,2,3,3,3,1.506778065,-0.528654706,-0.358446744,0,0,1,0,3,0,0,1,0,0,2,0,4,1,0,1,1,0,1,0,0,0,0,0,1,0,0,0,0,1,3,0,0,1,3,0,1,0,2,0,1,0,2,0,1,0,2,0,0,1,0,3
5714,19,4,1.622230658,0,70737,0,1,0,3,0,0,1,0,0,3,5,3,4,4,3,3,3,4,4,4,1,1,1,4,2,2,1,1,3,4,2,4,0.320896172,-0.100694101,0.335487948,0,0,0,1,4,0,0,1,0,0,1,1,1,1,0,1,0,1,2,0,1,0,0,1,0,1,1,1,0,0,1,1,0,0,1,0,0,1,3,1,0,0,1,1,0,0,1,1,0,0,0,1
5716,45,4,0.229989213,1,76148,0,1,0,3,0,0,1,0,0,2,5,1,4,4,1,1,1,4,4,2,1,1,1,1,2,2,2,1,3,1,2,1,-0.068366332,-2.169013859,0.279290806,0,0,0,1,4,0,0,1,0,0,2,0,4,1,0,1,0,1,2,0,0,0,0,1,0,1,1,0,1,0,2,0,1,0,2,0,1,0,2,0,0,1,3,0,1,0,2,0,1,0,0,2
5719,45,4,0.906518092,1,75480,0,0,1,2,0,1,0,0,0,2,4,3,2,4,3,3,3,4,4,3,2,2,2,4,2,2,2,2,3,3,2,4,-0.260703085,0.090762398,-1.469429057,0,0,0,1,4,0,0,1,0,0,2,0,4,0,1,2,0,1,2,0,0,0,0,1,0,-9,0,1,0,0,1,1,0,0,1,0,1,0,2,1,0,0,1,1,0,0,1,1,0,0,0,1
5720,29,2,1.430510324,1,89119,1,0,0,5,0,0,0,0,1,1,5,5,2,4,2,4,2,4,2,4,3,2,3,3,3,2,3,2,3,3,2,3,-0.737412216,-0.4090372,-1.252135038,0,1,0,0,2,1,1,1,0,0,2,0,4,0,1,2,0,0,3,1,1,0,1,0,0,-9,0,0,0,1,3,0,0,1,3,0,0,1,3,0,1,0,2,0,1,0,2,0,0,0,1,4
5721,44,2,0.679580453,0,38311,0,0,1,3,0,0,1,0,0,3,3,3,2,4,3,3,4,4,3,3,2,2,2,4,2,2,2,2,2,4,3,3,-1.045522019,0.651818845,-0.245494534,0,1,0,0,2,0,0,1,0,0,2,0,4,1,0,1,1,0,1,0,1,0,0,0,0,-9,0,1,0,0,1,1,0,0,1,1,0,0,1,1,0,0,1,1,0,0,1,1,0,0,0,1
5722,29,2,4.387019942,1,89052,0,1,0,4,0,0,0,1,0,1,5,4,5,5,5,4,5,5,5,4,2,2,2,3,2,2,2,2,2,3,3,3,0.929821897,1.031156762,0.647644413,0,1,0,0,2,1,1,1,0,0,2,0,4,0,0,3,0,1,2,0,0,0,1,1,0,-9,0,0,1,0,2,0,0,1,3,0,0,1,3,0,1,0,2,1,0,0,1,0,0,1,0,3
5726,13,4,4.66E-07,0,83316,0,1,0,2,0,1,0,0,0,2,5,3,4,5,2,1,1,4,5,2,1,1,3,1,2,2,1,2,3,2,1,3,-0.835269091,-1.351476423,-0.017488232,0,0,0,1,4,1,1,1,0,0,2,0,4,1,0,1,1,0,1,0,0,0,0,0,0,-9,0,1,0,0,1,1,0,0,1,1,0,0,1,0,0,1,3,1,0,0,1,1,0,0,0,1
5728,7,4,0.394845448,0,6708,0,1,0,1,1,0,0,0,0,1,3,3,2,4,1,1,1,4,3,2,2,2,2,4,2,2,1,2,2,4,4,4,-0.165550144,-0.590945358,0.737156838,0,0,0,1,4,0,0,1,0,0,2,0,4,1,0,1,1,0,1,0,0,0,0,0,0,1,1,0,0,1,3,0,1,0,2,0,0,1,3,1,0,0,1,0,1,0,2,0,0,1,0,3
5730,18,2,4.378059169,0,40356,0,1,0,2,0,1,0,0,0,2,5,3,1,4,3,4,3,4,4,3,1,1,3,1,3,1,1,1,3,2,2,2,-0.022958539,0.102550266,0.092355633,0,0,0,1,4,0,0,1,0,0,2,0,4,0,1,2,1,0,1,0,0,1,1,1,0,-9,0,1,0,0,1,1,0,0,1,0,1,0,2,0,0,1,3,1,0,0,1,0,1,0,0,2
5731,6,1,0.271839684,0,80234,1,0,0,5,0,0,0,0,1,1,5,5,4,4,5,5,4,5,5,5,3,3,3,2,3,3,3,3,1,2,2,2,0.061765482,1.14390159,0.343547193,0,0,0,0,1,0,0,0,0,1,2,0,3,1,0,1,0,1,2,0,0,0,0,1,0,-9,0,0,0,1,3,0,0,1,3,0,0,1,3,0,1,0,2,1,0,0,1,0,0,1,0,3
5732,27,4,0.000134603,0,59929,0,0,1,2,0,1,0,0,0,2,4,4,4,5,1,1,1,1,1,1,1,1,1,1,1,1,2,1,2,1,1,1,-2.531335324,-0.362169897,-2.197761041,0,0,0,1,4,0,0,1,0,0,2,0,4,1,0,1,0,1,2,0,0,0,0,1,0,-9,0,1,0,0,1,1,0,0,1,1,0,0,1,1,0,0,1,1,0,0,1,1,0,0,0,1
5733,29,4,0.005681329,0,89460,0,1,0,1,1,0,0,0,0,1,6,1,5,5,1,1,1,3,3,1,2,2,2,4,2,2,2,2,2,4,4,4,-0.917276907,-0.836586935,0.28019739,0,0,0,1,4,0,0,1,0,0,2,0,4,1,0,1,1,0,1,0,0,0,0,0,0,1,1,0,1,0,2,1,0,0,1,1,0,0,1,1,0,0,1,1,0,0,1,1,0,0,0,1
5735,44,2,0.284010047,0,38058,0,1,0,4,0,0,0,1,0,2,3,3,5,3,2,3,3,5,4,2,1,2,2,3,3,1,2,2,3,3,2,3,-1.199103887,-0.425864317,1.518309311,0,0,0,0,1,1,1,0,0,0,2,0,5,0,1,2,1,0,1,0,0,0,1,1,0,-9,0,1,0,0,1,1,0,0,1,0,1,0,2,1,0,0,1,1,0,0,1,1,0,0,0,1
5737,26,2,1.787734305,0,64127,0,1,0,2,0,1,0,0,0,3,5,4,4,5,1,3,1,3,4,1,2,1,3,4,2,2,2,2,3,4,3,4,0.400817211,-0.318110251,0.080623584,0,0,0,1,4,0,0,1,0,0,2,0,4,1,0,1,1,0,1,0,0,0,0,1,0,1,1,0,1,0,2,0,1,0,2,0,1,0,2,1,0,0,1,1,0,0,1,0,0,0,1,4
5740,6,2,33.7527279,0,80231,1,0,0,2,0,1,0,0,0,2,5,3,2,5,1,4,1,5,4,1,2,1,1,4,3,1,2,2,3,4,2,2,-1.133314342,0.172165457,0.310463987,0,0,1,0,3,0,0,1,0,0,1,1,1,0,1,2,0,1,2,0,0,0,0,0,0,-9,0,0,0,1,3,0,0,1,3,1,0,0,1,0,0,1,3,0,1,0,2,0,0,0,1,4
5743,1,4,1.321384846,0,35214,0,1,0,3,0,0,1,0,0,3,3,4,2,5,4,4,3,3,3,3,1,2,1,3,1,1,1,1,1,1,1,1,-1.521659605,1.04252847,-1.772764219,0,0,1,0,3,0,0,0,0,0,2,0,5,1,0,1,1,0,1,0,0,0,0,1,0,1,1,1,0,0,1,1,0,0,1,0,1,0,2,0,1,0,2,1,0,0,1,0,1,0,0,2
5745,22,4,1.019510665,0,1810,0,1,0,3,0,0,1,0,0,3,5,4,2,4,3,2,2,4,5,4,2,1,2,4,2,2,2,1,2,3,2,3,0.3061688,-0.597989217,-0.447160224,0,0,0,1,4,0,1,1,0,0,2,0,4,0,0,3,0,1,2,0,0,0,0,0,0,1,1,1,0,0,1,0,0,1,3,0,0,1,3,0,0,1,3,0,0,1,3,0,1,0,0,2
5746,26,4,0.499923954,0,63129,0,1,0,4,0,0,0,1,0,3,5,3,3,4,2,4,2,4,4,5,2,2,2,1,1,1,2,1,3,3,2,2,0.561902279,0.342175272,0.778816435,0,0,0,1,4,0,0,1,0,0,2,0,4,0,1,2,0,0,3,0,0,0,0,1,0,-9,0,0,1,0,2,0,1,0,2,0,1,0,2,0,0,1,3,1,0,0,1,0,1,0,0,2
5748,24,4,0.564829213,0,56379,0,1,0,3,0,0,1,0,0,2,5,4,3,5,1,1,1,4,5,3,1,2,2,4,2,2,2,1,2,1,2,3,0.429937879,-0.762503292,0.21456746,0,0,0,1,4,1,1,1,0,0,2,0,4,0,1,2,0,1,2,0,0,0,0,1,0,-9,0,1,0,0,1,1,0,0,1,0,1,0,2,0,1,0,2,1,0,0,1,1,0,0,0,1
5750,7,4,0.419240953,0,6437,0,1,0,2,0,1,0,0,0,2,4,2,4,5,2,3,1,5,5,4,2,3,2,4,2,2,2,2,2,4,3,4,0.366290281,0.63438024,0.080770023,0,0,0,1,4,0,0,1,0,0,2,0,4,1,0,1,0,1,2,0,0,0,0,1,0,-9,0,1,0,0,1,1,0,0,1,0,1,0,2,1,0,0,1,0,1,0,2,1,0,0,0,1
5751,25,2,0.677929221,0,39507,0,1,0,3,0,0,1,0,0,3,5,5,4,5,4,4,4,5,4,4,2,3,3,2,2,1,3,2,3,3,3,4,0.64183695,0.585195045,0.058920246,0,0,1,0,3,1,1,0,0,1,2,0,3,1,0,1,0,1,2,0,0,0,0,0,0,-9,0,1,0,0,1,1,0,0,1,1,0,0,1,0,1,0,2,1,0,0,1,1,0,0,0,1
5756,1,2,1.111713897,0,35904,0,1,0,2,0,1,0,0,0,1,5,4,3,3,3,3,3,3,3,3,2,1,3,1,3,3,1,1,1,2,2,1,-0.500818934,-0.134114917,0.513623784,0,1,0,0,2,0,0,1,0,0,2,0,4,1,0,1,1,0,1,0,0,0,0,1,1,1,1,1,0,0,1,1,0,0,1,0,1,0,2,0,1,0,2,1,0,0,1,1,0,0,0,1
5757,7,4,1.02662712,0,6098,0,1,0,4,0,0,0,1,0,4,5,4,3,5,3,3,1,5,4,3,2,2,2,4,2,2,2,2,3,3,3,3,0.265444926,-0.697997003,-1.530566239,0,0,1,0,3,0,0,1,0,0,2,0,4,1,0,1,1,0,1,0,1,0,0,0,1,-9,0,1,0,0,1,1,0,0,1,1,0,0,1,0,1,0,2,1,0,0,1,1,0,0,0,1
5760,3,2,0.015055286,0,85140,0,1,0,2,0,1,0,0,0,1,4,3,5,3,1,1,1,3,3,3,2,2,2,3,2,2,2,2,2,3,2,4,-0.504108574,-0.167184022,1.219367399,0,0,1,0,3,0,0,1,0,0,2,0,4,1,0,1,1,0,1,0,0,1,0,1,0,1,1,1,0,0,1,1,0,0,1,1,0,0,1,0,1,0,2,1,0,0,1,1,0,0,0,1
5763,7,2,0.357962595,0,6513,1,0,0,4,0,0,0,1,0,1,5,1,5,5,4,3,5,4,4,4,3,1,3,2,1,1,3,2,2,3,3,2,-0.176824378,1.189175859,-0.593077144,0,1,0,0,2,1,1,0,1,0,1,1,1,1,0,1,0,0,3,1,0,0,1,0,0,-9,0,0,0,1,3,0,0,1,3,0,1,0,2,0,1,0,2,0,1,0,2,0,0,1,0,3
5767,18,2,0.440016756,0,41101,0,1,0,4,0,0,0,1,0,2,5,3,2,5,1,3,2,5,4,2,1,1,3,1,2,2,2,2,3,4,2,3,0.343484961,-1.417906261,1.154514164,0,1,0,0,2,0,0,1,0,0,2,0,4,1,0,1,0,1,2,0,0,0,1,1,0,1,1,1,0,0,1,0,0,1,3,1,0,0,1,0,0,1,3,1,0,0,1,0,1,0,0,2
5768,44,4,0.689776023,0,38501,0,1,0,5,0,0,0,0,1,1,5,5,5,5,1,1,1,5,5,1,2,2,2,1,2,2,2,2,3,4,4,4,0.468383188,-0.440061014,0.848373959,0,0,1,0,3,0,0,1,0,0,2,0,4,1,0,1,0,0,3,1,1,0,0,1,0,1,1,1,0,0,1,0,1,0,2,0,1,0,2,0,1,0,2,1,0,0,1,1,0,0,0,1
5769,6,2,6.07E-06,0,80631,1,0,0,1,1,0,0,0,0,1,5,1,4,5,1,1,1,4,5,5,1,3,3,1,3,1,2,1,3,1,2,3,0.036844528,-0.490576844,-0.477055067,0,0,0,1,4,0,1,1,0,0,2,0,4,1,0,1,0,1,2,0,0,0,1,0,1,-9,0,0,1,0,2,0,0,1,3,0,1,0,2,1,0,0,1,1,0,0,1,1,0,0,0,1
5771,22,4,0.274774241,0,2360,0,1,0,4,0,0,0,1,0,4,5,5,3,5,1,3,3,5,5,5,1,3,2,3,2,2,3,2,3,3,2,3,-0.246090969,-1.011300189,0.21461774,0,0,0,1,4,0,0,1,0,0,2,0,4,1,0,1,0,1,2,0,1,0,0,1,0,-9,0,1,0,0,1,0,1,0,2,0,1,0,2,0,1,0,2,0,1,0,2,0,1,0,0,2
5772,29,2,3.88E-06,1,89118,1,0,0,3,0,0,1,0,0,3,4,2,3,3,3,3,2,4,3,3,2,2,2,3,2,2,2,2,2,3,3,3,-0.718052745,0.38737141,-0.954907877,0,0,0,0,1,0,0,1,0,0,2,0,4,1,0,1,0,0,3,0,0,0,1,0,1,-9,0,0,0,1,3,0,0,1,3,0,1,0,2,1,0,0,1,1,0,0,1,0,0,1,0,3
5773,46,2,0.00705273,0,84070,1,0,0,3,0,0,1,0,0,2,5,3,5,5,1,1,3,4,5,3,2,2,3,1,2,2,2,2,2,3,3,3,0.633528158,-0.046082001,0.437603855,0,0,0,0,1,0,0,1,0,0,2,0,4,1,0,1,0,0,3,0,0,0,1,1,0,1,1,0,0,1,3,0,0,1,3,1,0,0,1,0,1,0,2,0,0,1,3,0,0,0,1,4
5777,36,2,0.519437206,0,43125,0,1,0,3,0,0,1,0,0,2,5,4,4,3,2,2,1,3,5,4,2,2,3,3,3,1,2,2,3,3,2,2,0.844380442,1.252287637,-0.017527388,0,1,0,0,2,1,1,1,0,0,2,0,4,0,1,2,0,0,3,1,0,0,1,1,0,1,1,1,0,0,1,0,1,0,2,0,1,0,2,0,1,0,2,1,0,0,1,0,1,0,0,2
5779,21,4,5.939487728,0,20854,0,1,0,1,1,0,0,0,0,1,6,1,4,4,2,2,1,4,3,3,2,1,1,1,3,1,1,1,3,2,2,1,-0.430099129,0.584283605,0.026113161,0,0,1,0,3,1,1,0,0,1,2,0,3,0,0,3,0,0,3,1,0,0,0,1,0,1,1,0,1,0,2,0,1,0,2,0,1,0,2,0,0,1,3,1,0,0,1,0,0,1,0,3
5781,3,2,5.63E-05,1,85711,0,1,0,4,0,0,0,1,0,3,5,5,3,5,3,3,4,4,4,4,3,3,1,2,2,2,2,1,2,1,2,2,-0.052335842,0.915520027,0.730342244,0,1,0,0,2,0,0,0,1,0,2,0,2,1,0,1,1,0,1,0,0,0,0,0,1,1,1,0,1,0,2,0,0,1,3,1,0,0,1,0,1,0,2,1,0,0,1,0,0,0,1,4
5786,11,2,2.777138884,0,30349,0,1,0,3,0,0,1,0,0,4,5,5,2,5,5,1,1,1,5,5,2,2,2,3,2,2,1,3,3,1,1,1,0.049258039,-0.421512205,1.669573675,0,0,0,0,1,0,0,0,1,0,2,0,2,0,0,3,0,0,3,0,0,0,1,1,0,1,1,0,1,0,2,0,0,1,3,0,0,1,3,0,0,1,3,1,0,0,1,0,0,1,0,3
5787,48,4,0.068393625,0,23803,0,1,0,1,1,0,0,0,0,1,4,0,5,5,1,1,1,2,4,1,2,2,2,4,2,2,2,2,2,3,2,4,0.261677959,0.629257925,0.643674418,0,1,0,0,2,1,1,0,1,0,2,0,2,1,0,1,0,0,3,1,1,0,0,0,0,-9,0,1,0,0,1,0,1,0,2,0,0,1,3,0,1,0,2,1,0,0,1,1,0,0,0,1
5788,45,2,0.206376821,1,78654,0,1,0,2,0,1,0,0,0,3,2,3,3,3,2,2,2,4,4,3,1,1,1,1,3,2,1,1,3,1,1,3,-0.061224344,0.581136184,-0.212154938,0,0,0,0,1,1,1,1,0,0,2,0,4,0,1,2,0,0,3,1,0,0,0,0,0,1,1,1,0,0,1,1,0,0,1,1,0,0,1,1,0,0,1,1,0,0,1,1,0,0,0,1
5790,14,2,3.939279517,0,61101,0,1,0,4,0,0,0,1,0,1,5,4,5,4,4,3,5,4,5,5,3,2,3,2,3,2,1,2,3,2,3,1,0.295226033,0.987738236,0.98151832,1,1,0,0,2,1,1,0,1,0,1,1,1,0,0,3,0,0,3,1,1,0,0,0,0,1,1,0,1,0,2,0,0,1,3,1,0,0,1,0,1,0,2,1,0,0,1,1,0,0,0,1
5792,15,2,0.815525108,0,46517,0,1,0,3,0,0,1,0,0,2,2,4,4,3,5,5,4,2,3,4,1,2,3,3,3,3,1,3,2,4,2,1,0.521373263,0.087039219,-0.64033129,0,0,0,0,1,1,1,1,0,0,2,0,4,0,1,2,0,0,3,1,0,0,0,1,0,-9,0,0,1,0,2,0,1,0,2,0,1,0,2,0,0,1,3,1,0,0,1,0,1,0,0,2
5794,23,2,0.831273738,0,48910,0,1,0,5,0,0,0,0,1,1,5,5,5,5,5,5,5,5,5,5,2,2,2,3,2,2,2,2,2,3,3,3,0.943110689,1.53868431,1.329368397,0,0,0,0,1,0,0,1,0,0,1,1,1,1,0,1,0,0,3,0,0,0,1,0,0,-9,0,0,1,0,2,0,0,1,3,1,0,0,1,0,0,1,3,1,0,0,1,0,0,1,0,3
5795,33,1,1.341673648,0,10029,1,0,0,5,0,0,0,0,1,3,5,5,4,4,4,4,5,5,5,5,2,2,2,2,3,3,3,2,3,2,2,4,0.369021604,0.772090341,1.039527724,0,0,0,0,1,1,1,1,0,0,2,0,4,0,0,3,1,0,1,0,0,0,0,1,0,-9,0,0,0,1,3,0,0,1,3,0,0,1,3,0,0,1,3,0,0,1,3,0,0,1,0,3
5796,37,1,1.613977966,0,73068,0,0,1,5,0,0,0,0,1,1,5,4,4,4,5,4,4,4,4,5,3,3,3,2,3,3,3,3,3,2,2,2,-0.48847696,2.014215177,-1.086927171,0,1,0,0,2,0,0,1,0,0,2,0,4,0,1,2,1,0,1,0,0,0,0,1,0,-9,0,1,0,0,1,1,0,0,1,0,1,0,2,1,0,0,1,1,0,0,1,1,0,0,0,1
5804,24,2,1.29662143,0,55038,0,1,0,1,1,0,0,0,0,1,4,2,4,3,1,1,1,2,2,1,2,2,2,3,2,2,2,2,2,3,3,4,0.222976699,-0.088809099,-2.393799674,0,1,0,0,2,0,0,1,0,0,2,0,4,0,1,2,0,0,3,0,0,0,1,1,0,1,1,1,0,0,1,1,0,0,1,0,1,0,2,0,0,1,3,1,0,0,1,1,0,0,0,1
5806,44,2,1.462407667,0,38119,0,1,0,2,0,1,0,0,0,2,3,2,3,4,2,1,3,4,3,3,2,2,2,1,2,1,2,2,3,1,1,4,-0.98793981,0.357011216,0.375524508,0,1,0,0,2,0,0,0,1,0,2,0,2,0,0,3,0,0,3,1,0,0,0,0,0,1,1,0,1,0,2,0,0,1,3,0,0,1,3,0,0,1,3,1,0,0,1,0,1,0,0,2
5808,5,2,0.023661975,0,91607,1,0,0,1,1,0,0,0,0,1,5,3,5,5,1,1,1,3,3,1,2,2,2,4,2,2,2,2,2,4,4,4,-2.43411922,-1.667887822,1.465835537,0,1,0,0,2,0,0,1,0,0,2,0,4,0,1,2,0,0,3,0,0,0,1,0,0,1,1,0,0,1,3,0,0,1,3,0,0,1,3,0,0,1,3,0,0,1,3,0,0,0,1,4
5810,38,2,0.53142204,0,97214,1,0,0,4,0,0,0,1,0,1,4,4,1,5,2,4,1,4,4,5,1,1,2,1,3,1,2,1,3,2,2,3,0.474778197,-0.144522119,-0.901996898,1,0,0,0,1,1,1,0,0,0,1,1,1,1,0,1,1,0,1,0,0,0,1,0,1,-9,0,0,0,1,3,0,0,1,3,0,1,0,2,0,0,1,3,0,0,1,3,0,0,0,1,4
5811,36,2,0.583816701,0,43420,0,1,0,3,0,0,1,0,0,3,5,4,5,5,1,1,1,2,3,1,1,1,1,1,2,2,2,2,2,1,1,1,-3.036990349,-1.184736395,1.117517882,1,1,0,0,2,0,0,1,0,0,2,0,4,1,0,1,0,1,2,0,0,0,1,0,0,-9,0,1,0,0,1,0,1,0,2,0,1,0,2,0,0,1,3,1,0,0,1,1,0,0,0,1
5816,45,4,0.299263448,1,78221,0,1,0,5,0,0,0,0,1,3,4,4,1,4,4,4,1,4,5,3,1,1,1,4,2,2,1,1,3,2,2,4,-0.296239613,-0.570391012,-0.447079298,1,0,0,0,1,0,0,1,0,0,1,1,1,1,0,1,0,0,3,1,0,0,0,0,1,-9,0,0,1,0,2,0,1,0,2,0,1,0,2,1,0,0,1,1,0,0,1,0,0,1,0,3
5818,49,2,0.029048262,0,98168,0,1,0,5,0,0,0,0,1,5,3,3,3,5,3,1,3,5,5,3,2,2,3,4,3,1,3,1,3,1,2,3,-0.760082106,-1.420564046,-0.035057952,1,0,0,0,1,0,0,0,1,0,2,0,2,1,0,1,0,0,3,1,0,0,1,0,0,1,1,0,1,0,2,0,1,0,2,0,0,1,3,0,1,0,2,0,1,0,2,0,0,1,0,3
5819,21,4,0.472266889,0,21224,1,0,0,3,0,0,1,0,0,2,2,3,2,5,4,2,2,4,5,4,1,1,1,1,3,1,1,1,3,2,2,1,0.014249799,-0.895283124,-0.536939805,1,0,0,0,1,0,0,1,0,0,2,0,4,1,0,1,0,0,3,0,1,0,0,0,0,1,1,0,0,1,3,0,0,1,3,0,1,0,2,0,1,0,2,0,0,1,3,0,0,0,1,4
5821,33,4,0.888801231,0,10452,1,0,0,3,0,0,1,0,0,3,1,4,4,3,1,3,4,4,4,3,2,2,2,1,3,1,2,2,3,3,3,4,-0.248800063,-0.576174888,-0.0754719,1,0,0,0,1,0,0,0,1,0,1,1,1,1,0,1,0,0,3,1,0,0,0,0,1,1,1,0,0,1,3,0,0,1,3,0,0,1,3,0,1,0,2,0,0,1,3,0,0,0,1,4
5823,5,2,19.3326269,0,90630,1,0,0,3,0,0,1,0,0,5,6,0,3,3,3,3,3,3,3,3,2,2,2,3,2,2,2,2,2,3,3,3,0.000327347,0.229010046,-1.381561164,1,0,0,0,1,1,1,0,0,1,2,0,3,0,0,3,0,0,3,0,0,0,0,1,0,1,1,0,0,1,3,0,0,1,3,0,0,1,3,0,0,1,3,1,0,0,1,0,0,0,1,4
5824,11,3,0.228411419,0,30528,0,0,1,3,0,0,1,0,0,3,4,2,4,4,3,3,4,4,4,4,1,3,3,1,3,2,3,1,3,3,3,4,-0.242264862,0.198304565,-0.085060567,1,0,0,0,1,0,0,1,0,0,2,0,4,0,1,2,0,0,3,0,0,0,0,1,0,-9,0,1,0,0,1,1,0,0,1,0,1,0,2,0,1,0,2,1,0,0,1,1,0,0,0,1
5828,49,2,0.049622898,0,98101,1,0,0,3,0,0,1,0,0,2,4,4,4,5,4,4,4,5,4,5,2,2,3,3,3,3,3,2,3,3,2,3,0.610465376,0.171949362,0.185222004,0,0,0,0,1,1,1,1,0,0,1,1,1,0,1,2,0,0,3,1,0,0,0,1,0,1,1,0,0,1,3,0,0,1,3,0,0,1,3,0,0,1,3,0,0,1,3,0,0,0,1,4
5830,6,4,0.000367037,0,80910,0,1,0,3,0,0,1,0,0,1,4,3,5,5,5,5,5,5,5,5,2,2,2,2,3,2,3,3,3,3,3,2,0.677593064,1.647306601,0.827374165,0,1,0,0,2,0,0,0,1,0,2,0,2,1,0,1,1,0,1,0,0,0,0,1,0,-9,0,0,0,1,3,0,1,0,2,0,0,1,3,0,1,0,2,1,0,0,1,0,0,0,1,4
5837,51,2,3.184936186,0,53204,1,0,0,2,0,1,0,0,0,2,5,2,4,5,1,1,1,4,3,1,1,1,1,1,3,2,3,2,3,1,2,4,-0.320150798,0.537042182,0.991061542,1,0,0,0,1,0,0,0,0,0,1,1,1,1,0,1,0,1,2,0,0,0,1,0,0,1,1,0,0,1,3,0,0,1,3,0,0,1,3,0,1,0,2,0,1,0,2,0,0,0,1,4
5838,49,2,0.030709822,0,98101,1,0,0,3,0,0,1,0,0,2,3,3,3,2,3,3,2,2,3,2,2,3,3,3,1,2,2,1,1,3,2,3,0.662387951,0.979390878,-0.190415846,1,0,0,0,1,0,0,1,0,0,2,0,4,1,0,1,1,0,1,0,0,0,1,1,0,-9,0,0,0,1,3,0,0,1,3,0,0,1,3,0,0,1,3,0,0,1,3,0,0,0,1,4
5841,3,2,0.028003205,1,85019,1,0,0,4,0,0,0,1,0,2,5,5,1,5,5,5,2,5,5,5,3,3,2,2,3,3,3,3,2,2,2,3,1.177698742,1.296939413,0.176598797,1,0,0,0,1,0,0,0,1,0,2,0,2,1,0,1,0,0,3,0,0,0,0,0,0,-9,0,0,0,1,3,0,0,1,3,0,1,0,2,1,0,0,1,1,0,0,1,0,0,1,0,3
5844,15,2,0.243681273,0,60435,1,0,0,2,0,1,0,0,0,1,5,4,4,4,4,4,4,4,4,4,3,2,3,3,3,2,3,2,3,3,2,3,0.067731785,0.818495615,0.088087581,0,0,0,0,1,1,1,0,1,0,2,0,2,0,1,2,0,0,3,1,1,0,0,0,0,1,1,0,0,1,3,0,0,1,3,1,0,0,1,0,1,0,2,0,1,0,2,0,0,1,0,3
5846,49,2,0.334779133,0,98108,1,0,0,3,0,0,1,0,0,2,5,5,3,5,4,5,3,4,5,4,3,3,1,2,2,2,3,1,2,1,3,1,0.730120878,0.18976713,0.644529837,0,0,0,0,1,0,0,0,0,1,2,0,3,0,1,2,0,1,2,0,0,0,1,1,0,1,1,0,0,1,3,0,0,1,3,0,0,1,3,0,1,0,2,0,0,1,3,0,0,0,1,4
5848,33,2,6.722449275,0,10455,1,0,0,5,0,0,0,0,1,2,5,5,4,4,4,3,4,3,3,4,2,2,2,3,2,3,3,3,2,3,3,2,0.198974785,1.234985279,0.469696839,1,1,0,0,2,1,1,0,1,0,1,1,1,0,0,3,0,0,3,1,0,0,0,0,0,-9,0,0,0,1,3,0,0,1,3,1,0,0,1,0,1,0,2,0,0,1,3,0,0,0,1,4
5849,49,2,0.064474066,0,98117,1,0,0,2,0,1,0,0,0,2,2,2,4,3,4,5,3,3,4,3,3,1,3,2,2,3,1,3,2,1,2,3,-1.023623788,1.222753548,0.00389812,0,1,0,0,2,0,0,1,0,0,2,0,4,1,0,1,1,0,1,0,0,0,1,0,0,0,0,0,0,1,3,0,1,0,2,1,0,0,1,0,1,0,2,1,0,0,1,0,0,0,1,4
5852,5,3,6.450230581,0,94705,1,0,0,3,0,0,1,0,0,3,5,3,5,5,3,1,1,1,1,1,2,2,2,3,2,2,2,2,3,4,4,4,0.683433316,-1.387929434,0.033850207,1,0,0,0,1,0,0,0,0,1,2,0,3,1,0,1,0,0,3,0,0,0,0,1,0,0,0,0,0,1,3,0,0,1,3,1,0,0,1,0,0,1,3,0,0,1,3,0,0,0,1,4
5857,25,4,0.329143118,0,39452,0,1,0,1,1,0,0,0,0,5,6,0,2,2,3,3,2,1,3,3,2,2,2,3,2,2,2,2,2,3,3,3,0.535252017,1.433323291,0.875673013,1,1,0,0,2,0,0,1,0,0,2,0,4,1,0,1,1,0,1,1,0,0,0,1,1,-9,0,1,0,0,1,1,0,0,1,0,1,0,2,1,0,0,1,1,0,0,1,1,0,0,0,1
5859,3,2,0.270405167,1,85286,0,1,0,3,0,0,1,0,0,3,1,3,4,5,2,4,4,4,3,4,1,2,2,1,3,1,1,1,3,2,2,1,0.871241536,0.823982726,-0.416559707,0,0,0,0,1,0,1,1,0,0,2,0,4,0,0,3,1,0,1,0,0,0,1,1,0,1,1,0,1,0,2,0,1,0,2,0,0,1,3,1,0,0,1,1,0,0,1,0,1,0,0,2
5860,1,2,1.177633582,0,35217,0,1,0,5,0,0,0,0,1,2,5,5,1,5,2,4,5,5,5,5,1,1,3,2,3,1,1,3,3,2,2,2,0.02351537,0.589462665,0.702707637,1,0,0,0,1,0,1,0,1,0,2,0,2,0,1,2,0,0,3,1,0,0,0,1,0,-9,0,1,0,0,1,0,1,0,2,0,1,0,2,0,0,1,3,1,0,0,1,0,1,0,0,2
5867,11,2,4.238972498,0,30344,0,1,0,2,0,1,0,0,0,1,2,3,4,4,5,1,4,4,4,5,2,1,1,3,2,3,2,3,2,4,3,2,-1.019428138,0.279536766,1.089134067,0,0,0,0,1,0,0,0,1,0,1,1,1,0,1,2,0,0,3,0,0,0,1,0,0,-9,0,0,1,0,2,0,1,0,2,0,1,0,2,0,0,1,3,0,0,1,3,0,0,1,0,3
5869,45,4,2.162601187,1,78233,0,1,0,2,0,1,0,0,0,3,3,5,2,5,1,1,1,5,5,1,1,1,1,1,1,1,1,1,3,2,2,1,-0.823491372,0.280624604,0.186605634,0,0,0,0,1,0,0,0,0,0,1,1,1,0,1,2,0,0,3,0,0,0,0,1,1,1,1,0,1,0,2,0,1,0,2,0,0,1,3,0,1,0,2,1,0,0,1,0,1,0,0,2
5871,45,2,1.741743083,1,75040,0,1,0,5,0,0,0,0,1,1,5,3,5,5,4,4,5,5,4,5,3,3,3,2,3,3,3,3,3,2,2,2,0.830810542,0.505934842,1.075166303,0,0,0,0,1,0,1,1,0,0,2,0,4,0,0,3,0,0,3,1,0,0,1,1,0,-9,0,0,0,1,3,1,0,0,1,0,0,1,3,1,0,0,1,0,1,0,2,0,0,1,0,3
5872,45,2,0.46536457,1,78654,0,1,0,3,0,0,1,0,0,3,3,3,4,4,4,2,2,4,4,4,2,3,3,3,3,1,2,2,3,3,1,3,0.012196603,0.399916374,-0.902630356,0,0,0,0,1,1,1,1,0,0,2,0,4,0,1,2,0,1,2,0,0,0,0,0,0,1,1,1,0,0,1,1,0,0,1,1,0,0,1,1,0,0,1,1,0,0,1,1,0,0,0,1
5875,33,2,0.407575376,0,10013,1,0,0,3,0,0,1,0,0,2,5,3,3,4,4,4,4,4,4,4,1,3,1,2,3,3,2,2,2,4,3,3,-0.363837469,1.189433395,-2.722317957,0,0,0,0,1,1,1,0,0,0,1,1,1,1,0,1,0,0,3,1,0,0,0,0,0,-9,0,0,0,1,3,0,0,1,3,0,0,1,3,0,1,0,2,0,0,1,3,0,0,0,1,4
5880,33,2,0.135636699,0,10030,1,0,0,3,0,0,1,0,0,3,4,3,2,5,1,4,3,5,3,4,2,3,2,4,3,1,1,1,3,2,2,2,-0.215261119,1.964977691,0.849980907,0,1,0,0,2,1,1,1,0,0,2,0,4,1,0,1,0,0,3,1,0,0,1,1,0,1,1,0,0,1,3,0,0,1,3,1,0,0,1,0,1,0,2,0,0,1,3,0,0,0,1,4
5881,34,3,1.67513774,0,28791,0,1,0,3,0,0,1,0,0,1,5,3,5,5,1,2,1,4,4,3,3,2,2,4,2,2,1,2,3,2,2,4,1.368993669,-0.678067329,-2.240852574,0,0,0,0,1,0,0,1,0,0,2,0,4,1,0,1,0,0,3,1,0,0,0,0,0,-9,0,1,0,0,1,1,0,0,1,1,0,0,1,0,0,1,3,1,0,0,1,1,0,0,0,1
5882,11,2,0.406230529,0,31503,0,1,0,4,0,0,0,1,0,1,5,4,5,5,5,5,5,5,5,5,2,2,2,3,2,2,2,2,2,3,3,3,0.694979967,1.15332703,0.390736735,0,1,0,0,2,0,0,0,1,0,2,0,2,1,0,1,0,1,2,1,0,0,0,0,0,-9,0,1,0,0,1,1,0,0,1,1,0,0,1,1,0,0,1,1,0,0,1,1,0,0,0,1
5883,3,2,0.048796354,1,85206,0,1,0,3,0,0,1,0,0,2,5,3,2,5,2,3,4,5,5,5,1,1,3,3,2,1,2,3,1,3,3,1,0.399221726,1.221519787,-0.097136847,0,0,0,0,1,1,1,1,0,0,2,0,4,0,0,3,0,0,3,1,0,0,1,0,0,-9,0,0,1,0,2,0,0,1,3,0,0,1,3,0,0,1,3,1,0,0,1,0,0,1,0,3
5886,25,4,0.208378133,0,38654,0,1,0,3,0,0,1,0,0,3,3,3,4,3,3,3,3,4,3,3,2,2,2,3,2,2,2,2,2,3,3,3,-0.187854744,-0.097274219,-1.059073342,0,1,0,0,2,0,0,1,0,0,2,0,4,1,0,1,0,0,3,1,0,0,0,1,0,1,1,1,0,0,1,1,0,0,1,0,1,0,2,0,1,0,2,1,0,0,1,1,0,0,0,1
5887,49,2,0.261329083,0,98037,1,0,0,2,0,1,0,0,0,1,6,2,2,4,1,1,1,4,4,4,2,2,2,3,2,2,1,2,2,3,3,3,0.586349989,0.235952074,0.867110911,0,0,0,0,1,0,0,1,0,0,2,0,4,0,0,3,0,0,3,0,0,0,1,1,0,-9,0,0,0,1,3,0,1,0,2,0,1,0,2,0,1,0,2,1,0,0,1,0,0,1,0,3
5888,7,2,2.936792606,0,6905,0,1,0,3,0,0,1,0,0,2,4,3,4,2,3,4,3,5,3,4,1,3,3,2,3,3,1,1,3,3,2,2,-0.231968673,0.61157134,-0.731307596,0,0,0,0,1,1,1,1,0,0,1,1,1,0,0,3,1,0,1,0,0,0,1,1,0,-9,0,0,1,0,2,0,0,1,3,0,1,0,2,0,0,1,3,0,1,0,2,0,0,0,1,4
5889,25,3,0.376502376,0,39110,0,1,0,1,1,0,0,0,0,2,5,0,5,1,1,1,1,4,4,4,2,2,2,3,2,2,2,2,2,3,3,3,0.221249416,1.338599054,-1.247498636,0,0,0,0,1,0,0,1,0,0,2,0,4,1,0,1,0,0,3,0,0,0,0,1,0,-9,0,1,0,0,1,0,1,0,2,0,1,0,2,0,0,1,3,1,0,0,1,1,0,0,0,1
5890,51,4,0.464169301,0,53934,0,0,1,3,0,0,1,0,0,5,5,4,1,5,3,3,3,5,3,3,1,1,2,1,2,2,1,1,3,3,3,4,-0.695773866,-0.083259882,-0.609490947,0,1,0,0,2,0,0,1,0,0,2,0,4,1,0,1,1,0,1,0,0,0,0,0,1,-9,0,1,0,0,1,1,0,0,1,1,0,0,1,1,0,0,1,1,0,0,1,1,0,0,0,1
5892,3,2,0.339441503,1,85008,1,0,0,2,0,1,0,0,0,2,4,4,4,5,4,3,2,5,5,5,2,2,3,1,3,3,1,3,2,3,2,2,0.859198812,1.369345376,0.643874034,0,1,0,0,2,1,1,1,0,0,1,1,1,0,0,3,0,0,3,1,0,1,0,1,0,1,1,0,0,1,3,0,0,1,3,0,1,0,2,0,0,1,3,0,1,0,2,0,0,1,0,3
5893,36,2,0.561592535,0,44126,0,1,0,2,0,1,0,0,0,2,5,4,2,5,1,1,1,4,4,3,1,1,3,1,2,2,1,1,2,1,3,3,0.65900893,-0.585175695,-2.005390438,0,1,0,0,2,1,1,1,0,0,2,0,4,0,1,2,0,1,2,0,0,0,0,1,0,-9,0,0,1,0,2,0,0,1,3,0,1,0,2,0,1,0,2,1,0,0,1,0,0,1,0,3
5894,39,2,0.620875251,0,15019,0,0,1,2,0,1,0,0,0,2,3,2,3,3,4,2,4,4,4,4,3,3,1,2,3,2,2,2,2,2,1,2,-1.109108513,0.550853439,-1.231649185,0,0,0,0,1,0,0,1,0,0,2,0,4,0,1,2,0,1,2,1,0,0,0,1,0,-9,0,1,0,0,1,1,0,0,1,1,0,0,1,0,0,1,3,1,0,0,1,1,0,0,0,1
5898,45,4,0.64358937,1,77084,0,1,0,1,1,0,0,0,0,1,5,5,5,5,1,1,1,1,1,1,3,3,3,1,2,2,2,2,2,4,4,4,-2.069569047,-0.704345782,2.168351374,0,0,0,0,1,1,1,0,1,0,2,0,2,0,1,2,1,0,1,0,0,0,0,0,0,-9,0,0,0,1,3,1,0,0,1,0,1,0,2,1,0,0,1,1,0,0,1,1,0,0,0,1
5899,49,2,0.322846135,0,98446,0,1,0,2,0,1,0,0,0,2,6,2,5,4,1,1,1,3,4,2,2,2,3,4,3,1,2,2,3,4,2,4,0.110438489,-0.377266863,-0.096668072,0,0,0,0,1,1,1,1,0,0,2,0,4,0,0,3,0,0,3,0,0,0,0,1,0,1,1,1,0,0,1,1,0,0,1,1,0,0,1,0,0,1,3,1,0,0,1,1,0,0,0,1
5900,42,2,0.462056516,0,29206,0,1,0,1,1,0,0,0,0,1,1,1,5,5,1,1,1,1,3,3,1,2,2,3,2,2,1,2,3,3,3,4,-0.29750987,-1.140561122,0.645708278,0,1,0,0,2,0,1,1,0,0,2,0,4,0,1,2,0,0,3,1,0,0,1,0,0,1,1,1,0,0,1,0,1,0,2,0,1,0,2,0,1,0,2,1,0,0,1,0,0,1,0,3
5901,45,2,0.537780383,1,78641,0,1,0,3,0,0,1,0,0,3,4,3,4,5,3,3,2,4,5,5,1,1,1,1,3,1,1,2,3,4,2,2,0.651817572,-1.315919799,-1.781853367,0,1,0,0,2,1,1,1,0,0,2,0,4,1,0,1,1,0,1,0,0,0,0,1,0,-9,0,0,1,0,2,1,0,0,1,0,0,1,3,0,0,1,3,1,0,0,1,1,0,0,0,1
5902,25,4,0.471912892,0,39083,0,1,0,3,0,0,1,0,0,3,4,4,3,5,2,1,2,5,4,3,2,2,2,3,2,2,2,2,3,3,3,4,-1.170280213,-1.05417293,-1.731487141,0,0,0,0,1,0,0,0,1,0,2,0,2,1,0,1,0,0,3,0,0,0,0,1,0,-9,0,1,0,0,1,1,0,0,1,0,1,0,2,0,0,1,3,1,0,0,1,1,0,0,0,1
5907,23,4,0.327799953,0,48035,0,1,0,3,0,0,1,0,0,2,3,5,5,4,5,3,5,2,4,4,1,1,3,2,2,2,1,3,3,2,1,1,1.058972669,1.182268835,1.220352723,0,0,0,0,1,0,0,1,0,0,2,0,4,1,0,1,0,0,3,0,1,0,0,1,0,-9,0,0,1,0,2,0,1,0,2,0,1,0,2,0,0,1,3,1,0,0,1,1,0,0,0,1
5908,10,2,0.281731295,1,33511,0,1,0,4,0,0,0,1,0,1,5,5,4,3,1,4,4,4,5,5,3,3,1,2,1,3,1,3,1,2,1,2,-1.138129899,0.005859862,0.565193524,0,0,0,0,1,1,1,1,0,0,2,0,4,1,0,1,0,1,2,0,0,0,0,1,0,0,0,0,1,0,2,0,0,1,3,0,0,1,3,0,1,0,2,1,0,0,1,0,1,0,0,2
5909,14,3,1.765134077,0,60608,1,0,0,3,0,0,1,0,0,4,6,4,2,4,4,5,4,3,4,3,1,3,2,4,3,2,3,1,3,4,2,3,-0.633857779,-0.279462077,0.794942454,0,0,0,0,1,0,0,1,0,0,2,0,4,0,1,2,0,0,3,0,0,0,0,0,0,-9,0,0,0,1,3,0,0,1,3,0,0,1,3,0,1,0,2,0,0,1,3,0,0,0,1,4
5911,39,2,1.646546451,0,16801,1,0,0,2,0,1,0,0,0,1,5,1,5,4,1,1,1,4,4,1,2,2,2,4,2,2,2,2,2,4,4,4,-2.54368327,-1.265741037,-2.317437682,0,1,0,0,2,1,1,1,0,0,2,0,4,0,0,3,0,1,2,0,0,0,0,1,0,-9,0,0,0,1,3,0,0,1,3,0,1,0,2,0,0,1,3,1,0,0,1,0,0,0,1,4
5913,18,2,2.612462665,0,40517,1,0,0,3,0,0,1,0,0,2,6,3,3,4,2,2,2,5,5,5,3,2,3,2,3,2,3,1,3,4,2,3,-1.018495088,-1.552142486,0.920393506,0,0,0,0,1,0,0,0,1,0,2,0,2,1,0,1,0,1,2,0,1,0,1,0,0,-9,0,0,0,1,3,0,1,0,2,0,0,1,3,1,0,0,1,1,0,0,1,0,0,1,0,3
5915,44,2,0.2929821,0,38018,0,1,0,3,0,0,1,0,0,3,4,3,3,4,4,5,3,4,5,5,2,2,2,3,2,2,1,1,2,3,3,1,-0.000671339,1.479626514,1.430790715,0,1,0,0,2,0,0,0,1,0,2,0,2,1,0,1,0,0,3,0,0,0,1,1,0,1,1,0,1,0,2,0,1,0,2,0,1,0,2,0,0,1,3,1,0,0,1,0,1,0,0,2
5916,39,2,0.55441597,0,15757,0,0,1,3,0,0,1,0,0,2,3,2,4,4,2,2,3,3,2,3,1,1,1,4,2,2,2,2,2,4,4,4,-0.898382019,1.124348383,-1.459795945,0,0,0,0,1,0,0,1,0,0,2,0,4,1,0,1,0,1,2,1,0,0,1,1,0,-9,0,1,0,0,1,1,0,0,1,1,0,0,1,1,0,0,1,1,0,0,1,1,0,0,0,1
5917,26,2,1.500434863,0,63108,1,0,0,2,0,1,0,0,0,1,3,3,2,2,5,5,5,5,5,5,1,1,1,1,3,1,1,1,1,2,2,2,0.400444097,0.001166237,0.285667994,0,1,0,0,2,0,1,0,1,0,2,0,2,0,0,3,0,0,3,1,0,0,1,0,0,-9,0,0,0,1,3,0,0,1,3,0,1,0,2,0,0,1,3,0,0,1,3,0,0,0,1,4
5918,39,2,0.724029768,0,19401,1,0,0,3,0,0,1,0,0,2,4,4,4,3,3,5,4,2,3,3,2,3,3,1,2,3,3,2,2,2,3,2,-0.472966116,1.134110402,0.849877878,0,1,0,0,2,0,0,1,0,0,2,0,4,0,1,2,0,0,3,1,0,0,0,0,0,1,1,0,0,1,3,0,0,1,3,1,0,0,1,0,0,1,3,0,0,1,3,0,0,0,1,4
5922,14,4,0.167258348,0,60827,0,1,0,3,0,0,1,0,0,3,4,2,4,5,2,4,4,4,4,4,2,1,2,4,2,2,2,2,2,2,2,4,0.244748632,0.090523075,1.026469183,0,0,0,0,1,0,0,0,1,0,2,0,2,1,0,1,0,0,3,1,0,0,0,1,0,-9,0,0,0,1,3,0,1,0,2,0,0,1,3,1,0,0,1,0,0,1,3,0,0,0,1,4
5923,32,2,9.767551797,0,88005,0,1,0,4,0,0,0,1,0,2,6,4,5,5,3,5,1,5,3,3,1,2,2,4,2,2,2,2,2,4,3,4,-0.635293355,-2.231522777,0.967255357,0,0,0,0,1,0,0,1,1,0,2,0,2,1,0,1,0,0,3,1,0,0,1,0,0,1,1,0,1,0,2,0,1,0,2,0,1,0,2,0,0,1,3,1,0,0,1,0,1,0,0,2
5926,6,2,0.101448431,0,80134,0,1,0,3,0,0,1,0,0,3,4,3,4,5,5,4,3,4,5,4,3,3,3,1,2,2,2,1,3,2,2,2,0.776412105,0.917191893,0.072458519,0,0,0,0,1,1,1,1,0,0,2,0,4,0,1,2,0,0,3,1,0,0,1,1,0,1,1,0,1,0,2,0,1,0,2,0,0,1,3,0,1,0,2,1,0,0,1,0,1,0,0,2
5928,11,2,0.735297365,0,30033,0,1,0,4,0,0,0,1,0,3,4,4,2,5,3,3,3,4,5,3,2,2,3,2,3,1,2,2,3,3,3,3,0.031355898,0.247230606,0.179009429,0,0,0,0,1,1,1,0,1,0,2,0,2,0,1,2,0,0,3,1,0,0,1,0,0,-9,0,0,1,0,2,0,1,0,2,0,1,0,2,0,0,1,3,0,1,0,2,0,0,1,0,3
5930,39,2,0.097663744,0,17601,0,1,0,3,0,0,1,0,0,3,4,3,4,5,1,1,1,5,4,1,1,1,1,1,2,2,1,1,3,1,3,3,-0.494699435,0.107407451,0.0682071,0,0,0,0,1,0,0,0,1,0,2,0,2,1,0,1,0,0,3,1,1,1,1,0,0,1,1,1,0,0,1,0,0,1,3,0,0,1,3,0,0,1,3,0,1,0,2,1,0,0,0,1
5931,24,2,0.846206954,0,55106,1,0,0,2,0,1,0,0,0,3,5,3,2,5,1,2,1,4,4,5,2,2,1,1,2,1,1,1,3,4,2,3,-0.326381883,1.155797022,-0.355039489,0,0,0,0,1,0,0,1,0,0,2,0,4,1,0,1,1,0,1,0,0,0,1,1,1,1,1,0,0,1,3,0,0,1,3,0,1,0,2,0,1,0,2,0,1,0,2,0,0,0,1,4
5934,33,2,0.287666261,0,10547,0,1,0,5,0,0,0,0,1,1,5,5,3,1,1,1,3,3,5,1,1,1,1,2,1,3,1,3,1,2,2,1,1.645697027,0.246399707,-0.091250494,0,1,0,0,2,1,1,1,0,0,1,1,1,1,0,1,1,0,1,0,0,0,1,1,1,-9,0,1,0,0,1,1,0,0,1,0,1,0,2,0,0,1,3,1,0,0,1,0,0,1,0,3
5938,4,2,0.552119859,0,72712,0,1,0,2,0,1,0,0,0,2,5,2,3,4,1,4,4,4,3,5,2,2,2,2,3,3,3,2,3,4,2,2,-0.260927125,0.131629815,0.68698341,0,0,0,0,1,0,0,1,0,0,2,0,4,1,0,1,0,1,2,0,0,1,1,0,0,1,1,1,0,0,1,0,0,1,3,0,1,0,2,0,0,1,3,1,0,0,1,1,0,0,0,1
5941,9,2,0.464471105,0,20002,1,0,0,3,0,0,1,0,0,2,4,2,4,3,4,3,5,3,3,4,2,3,2,2,2,3,1,2,3,1,2,3,0.126757576,1.567622559,0.495146573,0,0,0,0,1,1,1,0,1,0,2,0,2,0,1,2,0,0,3,1,0,0,1,0,0,-9,0,0,0,1,3,0,0,1,3,1,0,0,1,1,0,0,1,0,0,1,3,0,0,0,1,4
5944,11,2,0.534006245,0,30324,0,1,0,3,0,0,1,0,0,2,4,3,4,5,4,5,4,5,5,4,2,2,2,3,2,2,2,2,2,3,3,3,0.698570095,1.375038441,0.922515034,0,0,0,0,1,0,0,1,0,0,2,0,4,0,1,2,0,1,2,0,0,0,1,0,0,-9,0,0,1,0,2,0,0,1,3,0,0,1,3,0,0,1,3,1,0,0,1,0,0,0,1,4
5945,3,2,0.1348407,1,85012,0,1,0,4,0,0,0,1,0,2,4,4,4,5,4,5,4,3,4,4,2,2,2,3,2,2,2,1,1,3,3,3,0.855380283,1.112843426,-0.6292187,0,1,0,0,2,1,1,1,0,0,2,0,4,0,0,3,0,0,3,1,0,0,1,1,0,1,1,0,1,0,2,0,0,1,3,1,0,0,1,0,0,1,3,0,0,1,3,0,0,0,1,4
5948,22,2,2.334789973,0,1056,0,1,0,2,0,1,0,0,0,2,4,2,4,4,2,2,2,2,4,2,2,2,2,4,2,2,2,2,2,3,3,3,-0.768421728,-0.886240545,-1.315042396,0,1,0,0,2,0,0,0,0,0,2,0,5,0,1,2,0,0,3,1,1,0,0,1,0,-9,0,1,0,0,1,1,0,0,1,0,1,0,2,0,0,1,3,1,0,0,1,0,1,0,0,2
5951,26,2,0.815525108,0,65301,0,1,0,2,0,1,0,0,0,2,4,3,4,4,2,3,2,2,2,2,2,2,2,4,2,2,2,2,2,3,3,3,0.227836557,0.803446367,0.033310855,0,1,0,0,2,0,1,1,0,0,2,0,4,0,1,2,0,0,3,1,0,0,1,1,0,-9,0,1,0,0,1,0,1,0,2,1,0,0,1,0,1,0,2,1,0,0,1,0,1,0,0,2
5954,45,1,1.067800857,1,75146,0,1,0,1,1,0,0,0,0,3,5,3,4,5,1,3,1,1,3,1,2,2,3,4,2,2,2,2,3,3,3,4,-1.110627364,-1.424401859,-0.957603019,0,0,0,0,1,0,0,0,1,0,2,0,2,0,0,0,0,0,3,0,0,0,1,1,0,-9,0,1,0,0,1,1,0,0,1,0,1,0,2,0,1,0,2,1,0,0,1,1,0,0,0,1
5957,11,2,0.561085237,0,30548,0,1,0,4,0,0,0,1,0,2,2,1,3,3,3,4,1,4,4,3,1,1,2,1,1,1,1,1,3,3,3,3,1.031154949,1.393557231,0.691968978,0,0,0,0,1,0,0,0,1,0,2,0,2,1,0,1,1,0,1,0,0,0,1,1,0,-9,0,1,0,0,1,1,0,0,1,0,1,0,2,0,1,0,2,1,0,0,1,1,0,0,0,1
5959,42,4,0.382278343,0,29111,0,0,1,3,0,0,1,0,0,3,4,2,1,5,1,1,1,4,4,2,2,1,2,4,3,2,1,2,3,4,4,4,-2.31343584,-1.766415028,0.994599874,0,0,0,0,1,0,0,0,1,0,2,0,2,1,0,1,1,0,1,0,0,0,0,0,0,1,1,1,0,0,1,1,0,0,1,0,1,0,2,1,0,0,1,1,0,0,1,1,0,0,0,1
5960,33,2,0.123796963,0,10075,1,0,0,1,1,0,0,0,0,1,5,5,5,1,1,1,1,1,1,4,1,1,1,2,2,2,2,2,2,3,2,2,-0.494922515,0.485959821,-1.797935976,0,1,0,0,2,1,1,1,0,0,2,0,4,1,0,1,0,1,2,0,0,0,1,0,1,-9,0,0,0,1,3,0,0,1,3,0,0,1,3,0,0,1,3,0,0,1,3,0,0,1,0,3
5963,37,4,0.053807781,0,74848,0,1,0,3,0,0,1,0,0,4,4,4,4,2,1,1,1,4,4,2,1,1,1,4,3,1,2,3,3,1,3,4,0.245363364,-0.087617611,0.105106321,0,1,0,0,2,0,0,0,0,0,2,0,5,1,0,1,0,1,2,0,1,0,0,0,0,-9,0,1,0,0,1,1,0,0,1,1,0,0,1,0,1,0,2,1,0,0,1,1,0,0,0,1
5964,14,2,2.543498711,0,61008,0,1,0,2,0,1,0,0,0,2,4,3,4,5,1,2,1,5,5,4,3,3,2,2,2,2,3,2,3,2,2,2,1.500364754,-0.091192256,0.343587099,0,0,0,0,1,0,0,1,0,0,2,0,4,1,0,1,0,0,3,0,0,0,1,1,0,1,1,0,1,0,2,0,1,0,2,0,0,1,3,0,0,1,3,1,0,0,1,1,0,0,0,1
5968,16,3,0.778549832,0,50150,0,0,1,5,0,0,0,0,1,5,5,5,1,5,3,3,3,3,3,3,2,2,2,4,3,2,1,2,3,4,4,4,-2.459848821,-0.261718487,0.055606182,0,0,0,0,1,0,0,1,0,0,2,0,4,0,0,0,0,0,3,0,0,0,0,1,0,-9,0,1,0,0,1,1,0,0,1,1,0,0,1,1,0,0,1,1,0,0,1,1,0,0,0,1
5969,23,2,3.136057836,0,48229,0,1,0,2,0,1,0,0,0,2,5,4,3,4,2,2,2,4,4,3,1,1,2,4,3,1,1,2,3,1,2,3,-0.792231755,0.820374831,0.865795092,0,1,0,0,2,0,0,1,0,0,1,1,1,0,1,2,0,0,3,0,0,0,0,1,0,1,1,0,0,1,3,1,0,0,1,1,0,0,1,1,0,0,1,1,0,0,1,1,0,0,0,1
5973,14,2,1.23384535,0,60042,0,1,0,5,0,0,0,0,1,2,5,5,5,2,4,3,4,4,4,4,3,3,3,2,3,3,3,3,3,2,2,2,0.577122095,1.118604253,-0.03066729,0,0,0,0,1,0,0,0,1,0,2,0,2,0,1,2,1,0,1,0,0,0,0,0,0,-9,0,0,1,0,2,1,0,0,1,1,0,0,1,1,0,0,1,1,0,0,1,1,0,0,0,1
5979,45,1,2.713315842,1,77459,0,1,0,3,0,0,1,0,0,2,4,2,4,5,1,1,1,5,5,3,1,1,2,1,3,1,2,1,3,3,2,4,0.338553822,0.410436945,-1.136429746,0,0,0,0,1,0,1,0,1,0,2,0,2,0,0,3,0,0,3,0,0,0,1,1,0,-9,0,0,1,0,2,0,1,0,2,1,0,0,1,1,0,0,1,1,0,0,1,1,0,0,0,1
5980,45,2,0.401156456,1,77703,0,1,0,4,0,0,0,1,0,2,5,4,4,4,4,4,4,5,5,4,2,3,3,2,2,2,2,2,2,2,3,2,0.60724173,-0.063825013,1.050138438,0,1,0,0,2,0,0,0,1,0,2,0,2,1,0,1,0,0,3,1,0,0,1,0,0,-9,0,0,1,0,2,1,0,0,1,0,1,0,2,1,0,0,1,1,0,0,1,1,0,0,0,1
5981,14,2,0.477866564,0,60510,0,1,0,3,0,0,1,0,0,1,5,4,1,5,1,5,1,5,2,3,1,1,3,1,3,1,1,2,3,2,2,3,-0.539913809,0.22066535,1.424400207,0,1,0,0,2,1,1,1,0,0,2,0,4,1,0,1,1,0,1,0,0,0,1,0,0,-9,0,0,1,0,2,0,1,0,2,1,0,0,1,0,0,1,3,0,1,0,2,0,1,0,0,2
5983,51,4,0.349447229,0,54494,0,1,0,4,0,0,0,1,0,3,5,3,3,3,3,3,3,3,3,3,3,3,2,4,2,2,2,2,2,2,2,2,0.565640444,0.278424159,0.560579859,0,0,0,0,1,0,0,1,0,0,2,0,4,1,0,1,0,1,2,0,0,0,0,1,1,1,1,1,0,0,1,0,1,0,2,1,0,0,1,0,1,0,2,1,0,0,1,1,0,0,0,1
5986,23,2,1.171808615,0,48126,1,0,0,2,0,1,0,0,0,1,4,3,5,4,4,4,4,4,5,4,2,2,1,3,2,2,2,2,2,3,2,3,0.679387387,1.448193572,0.921518801,0,1,0,0,2,0,0,1,0,0,2,0,4,0,1,2,0,0,3,0,0,0,1,1,0,-9,0,0,0,1,3,0,0,1,3,0,1,0,2,0,0,1,3,1,0,0,1,0,0,0,1,4
5987,44,2,5.162400021,0,37404,0,1,0,4,0,0,0,1,0,4,3,4,3,4,3,4,5,5,4,4,2,2,2,1,3,2,3,2,3,4,4,4,-0.834473581,0.964290737,0.91396083,0,0,0,0,1,0,0,0,1,0,2,0,2,1,0,1,1,0,1,0,0,1,1,1,0,-9,0,0,1,0,2,0,0,1,3,0,1,0,2,0,0,1,3,1,0,0,1,0,0,0,1,4
5988,7,4,1.02662712,0,6098,0,1,0,4,0,0,0,1,0,4,5,5,5,5,3,3,1,4,4,1,2,2,2,4,2,2,2,2,2,1,1,1,-1.685620239,-1.500392094,-0.131722831,0,0,1,0,3,0,0,1,0,0,2,0,4,1,0,1,1,0,1,0,1,0,0,0,1,-9,0,1,0,0,1,1,0,0,1,1,0,0,1,0,1,0,2,1,0,0,1,1,0,0,0,1
5990,45,4,0.226320461,0,78945,0,0,1,2,0,1,0,0,0,2,4,3,5,5,1,4,1,5,5,3,2,2,2,4,2,2,2,2,2,3,3,4,0.095168644,-0.877886494,0.394844015,1,0,0,1,4,0,0,1,0,0,2,0,4,1,0,1,0,1,2,0,0,0,0,0,0,-9,0,1,0,0,1,1,0,0,1,0,1,0,2,1,0,0,1,1,0,0,1,1,0,0,0,1
5991,18,4,1.955941514,0,42103,0,1,0,2,0,1,0,0,0,2,4,3,4,5,1,1,1,3,3,1,2,2,2,4,2,2,2,2,2,4,3,4,1.244187571,0.224049291,-0.708008787,0,0,0,1,4,0,1,1,0,0,2,0,4,0,0,3,0,1,2,0,1,0,0,1,0,1,1,1,0,0,1,0,1,0,2,0,1,0,2,1,0,0,1,1,0,0,1,1,0,0,0,1
5992,7,4,0.250880513,0,6037,0,1,0,1,1,0,0,0,0,1,3,3,4,3,1,1,1,1,1,1,2,2,2,4,2,2,2,2,2,3,3,4,0.641623884,0.605074735,0.014164679,1,0,1,0,3,0,1,1,0,0,2,0,4,1,0,1,0,1,2,0,0,0,0,1,1,-9,0,1,0,0,1,1,0,0,1,0,1,0,2,0,1,0,2,0,1,0,2,1,0,0,0,1
5993,45,2,0.715739649,1,75076,0,0,1,4,0,0,0,1,0,2,5,4,1,5,1,1,1,5,1,1,2,2,2,4,2,2,2,2,2,4,2,2,0.615947326,1.309786082,0.572939485,0,0,0,1,4,0,0,1,0,0,2,0,4,1,0,1,0,1,2,0,0,1,1,1,0,-9,0,1,0,0,1,1,0,0,1,0,1,0,2,1,0,0,1,1,0,0,1,1,0,0,0,1
5996,45,2,2.20413345,1,78250,0,1,0,5,0,0,0,0,1,2,6,5,5,5,3,5,3,5,5,5,3,3,1,3,2,2,3,2,2,1,3,4,0.470390094,1.815786084,0.274932193,0,1,0,0,2,0,0,1,0,0,2,0,4,0,1,2,1,0,1,0,0,0,1,1,0,1,1,0,0,1,3,1,0,0,1,0,1,0,2,1,0,0,1,1,0,0,1,0,0,1,0,3
5997,22,2,0.587393262,0,1887,0,1,0,2,0,1,0,0,0,3,4,4,3,4,1,2,1,4,3,4,1,1,3,1,3,1,2,1,3,2,2,3,0.94258622,-0.762572433,0.97663235,1,0,1,0,3,0,0,1,0,0,2,0,4,1,0,1,0,1,2,0,0,0,0,1,0,1,1,1,0,0,1,0,1,0,2,0,1,0,2,0,1,0,2,0,0,1,3,1,0,0,0,1
5998,26,4,2.623336705,0,63366,0,1,0,3,0,0,1,0,0,3,5,4,3,5,3,4,1,3,3,3,2,1,1,1,2,1,3,1,3,2,2,1,0.301637737,-0.35666084,-1.018103141,0,0,0,1,4,0,0,1,0,0,1,1,1,1,0,1,1,0,1,0,0,0,0,0,1,1,1,0,1,0,2,0,1,0,2,0,0,1,3,0,0,1,3,1,0,0,1,1,0,0,0,1
6000,17,4,0.204209457,0,66103,0,1,0,2,0,1,0,0,0,2,5,3,2,5,1,1,1,3,4,3,1,1,1,1,2,2,1,2,3,4,2,4,-0.470838101,0.009607731,-0.736036742,1,0,0,1,4,0,1,0,1,0,2,0,2,1,0,1,1,0,1,0,0,0,0,0,0,1,1,0,1,0,2,0,0,1,3,0,0,1,3,0,1,0,2,1,0,0,1,0,0,1,0,3
6002,41,4,0.385359946,0,2919,0,1,0,3,0,0,1,0,0,2,5,4,1,5,1,1,1,1,1,1,2,2,2,4,2,2,2,2,2,4,3,4,-0.569671581,-1.396909562,0.230916966,1,0,0,1,4,0,0,1,0,0,2,0,4,1,0,1,1,0,1,0,0,0,0,1,0,1,1,0,1,0,2,0,1,0,2,0,0,1,3,0,0,1,3,1,0,0,1,0,0,1,0,3
6003,7,2,1.475790676,0,6706,0,1,0,4,0,0,0,1,0,2,6,3,3,4,4,4,4,4,4,4,1,2,2,1,3,1,2,2,3,3,2,2,0.067731785,0.818495615,0.088087581,0,1,0,0,2,0,0,0,1,0,2,0,2,0,0,3,0,0,3,1,0,0,0,0,0,1,1,0,0,1,3,0,1,0,2,0,0,1,3,1,0,0,1,0,1,0,2,0,0,0,1,4
6004,24,4,0.273578702,0,55437,0,1,0,2,0,1,0,0,0,3,5,4,3,4,2,2,2,4,4,2,1,1,2,1,2,2,3,1,3,3,2,3,0.31330066,0.240216637,0.219053257,1,0,0,1,4,0,0,1,0,0,2,0,4,0,1,2,0,0,3,0,0,0,0,1,0,-9,0,0,1,0,2,0,0,1,3,0,1,0,2,1,0,0,1,1,0,0,1,0,1,0,0,2
6006,41,4,0.50262376,0,2909,1,0,0,1,1,0,0,0,0,2,5,2,4,5,2,2,2,4,4,4,1,1,1,1,2,2,2,2,3,3,2,2,-0.861781012,-0.571313952,-0.513247974,0,1,0,0,2,0,0,1,0,0,2,0,4,1,0,1,1,0,1,0,1,0,0,0,1,1,1,0,0,1,3,0,0,1,3,0,0,1,3,0,0,1,3,0,1,0,2,0,0,0,1,4
6008,7,2,0.52396848,0,6811,0,1,0,3,0,0,1,0,0,1,5,3,5,5,2,2,2,5,4,4,3,3,3,3,3,1,3,1,3,1,2,2,-0.041697982,1.19673609,-0.061700089,0,0,0,1,4,1,1,1,0,0,2,0,4,0,1,2,0,1,2,0,0,0,0,1,0,-9,0,1,0,0,1,1,0,0,1,0,1,0,2,0,1,0,2,1,0,0,1,1,0,0,0,1
6011,44,4,0.43905839,0,37188,0,1,0,3,0,0,1,0,0,2,5,3,3,4,2,1,3,3,3,3,2,2,2,4,2,2,2,2,2,4,3,3,-0.186199678,0.227121327,-1.19301488,1,0,0,1,4,0,0,1,0,0,2,0,4,0,0,0,0,1,2,0,0,0,0,1,0,1,1,1,0,0,1,1,0,0,1,0,1,0,2,0,1,0,2,1,0,0,1,1,0,0,0,1
6012,22,4,0.572355496,0,2115,1,0,0,3,0,0,1,0,0,3,4,3,4,4,2,2,2,2,4,2,2,2,2,3,2,2,2,2,2,4,2,4,-0.052758923,-0.746858636,-1.616625357,0,0,0,1,4,1,1,1,0,0,2,0,4,0,0,3,0,1,2,0,0,0,0,0,0,-9,0,0,0,1,3,0,0,1,3,0,0,1,3,0,1,0,2,0,0,1,3,0,0,0,1,4
6013,18,4,0.826720008,0,42420,0,1,0,5,0,0,0,0,1,4,5,4,3,5,2,4,1,4,4,3,2,2,2,4,2,2,3,2,3,3,2,3,0.645946376,0.315114466,-1.756307438,1,0,1,0,3,0,0,1,0,0,2,0,4,1,0,1,1,0,1,0,0,0,0,1,0,-9,0,1,0,0,1,1,0,0,1,0,1,0,2,0,1,0,2,1,0,0,1,1,0,0,0,1
6014,24,2,0.530403008,0,56431,0,0,1,3,0,0,1,0,0,3,5,3,2,5,1,1,1,1,5,1,1,1,2,4,2,2,1,2,3,3,2,4,0.120650751,-0.611450169,0.319572623,0,0,1,1,4,1,1,1,0,0,2,0,4,1,0,1,1,0,1,0,0,1,1,1,0,1,1,1,0,0,1,1,0,0,1,1,0,0,1,0,1,0,2,1,0,0,1,1,0,0,0,1
6017,16,4,1.575747583,0,50248,0,1,0,2,0,1,0,0,0,1,5,1,3,5,1,1,1,3,4,3,1,1,2,4,2,2,1,2,3,4,3,4,0.60317159,-0.442562196,0.066066449,1,0,0,1,4,0,0,1,0,0,2,0,4,0,1,2,0,1,2,0,0,0,0,1,0,-9,0,1,0,0,1,1,0,0,1,0,1,0,2,0,0,1,3,1,0,0,1,1,0,0,0,1
6018,22,4,0.371721893,0,1749,0,1,0,1,1,0,0,0,0,1,5,3,5,3,1,1,1,5,3,1,2,2,2,4,2,2,2,2,2,4,3,3,-1.536411827,0.129282002,0.564094123,0,0,0,1,4,0,0,1,0,0,2,0,4,0,0,0,0,0,3,0,0,0,0,0,0,1,1,0,1,0,2,0,1,0,2,1,0,0,1,1,0,0,1,1,0,0,1,0,1,0,0,2
6019,43,4,0.643811275,0,57216,0,0,1,2,0,1,0,0,0,2,4,3,4,3,3,2,3,2,3,4,2,2,2,3,2,2,2,2,2,3,3,4,-0.312510595,-0.036128626,-1.073255004,1,0,0,1,4,0,0,1,0,0,2,0,4,1,0,1,1,0,1,0,0,0,0,1,0,1,1,1,0,0,1,1,0,0,1,0,1,0,2,0,0,1,3,1,0,0,1,1,0,0,0,1
6020,26,4,0.732142449,0,65078,0,0,1,3,0,0,1,0,0,2,1,4,5,3,1,4,1,1,2,1,1,1,1,1,1,1,3,2,2,2,2,1,0.647246652,-1.179942979,0.909771148,1,0,1,0,3,0,0,1,0,0,2,0,4,1,0,1,1,0,1,0,0,0,0,1,0,1,1,1,0,0,1,1,0,0,1,1,0,0,1,1,0,0,1,1,0,0,1,1,0,0,0,1
6021,1,4,0.793700082,0,35016,0,1,0,2,0,1,0,0,0,1,5,3,4,5,1,1,1,1,5,1,2,2,2,4,2,2,2,2,2,4,3,4,0.979025869,-1.453164867,-0.750931506,1,0,0,1,4,0,0,1,0,0,2,0,4,1,0,1,1,0,1,0,0,0,0,0,0,1,1,1,0,0,1,1,0,0,1,0,1,0,2,0,1,0,2,1,0,0,1,1,0,0,0,1
6022,18,4,0.460437075,0,42220,0,0,1,3,0,0,1,0,0,2,4,3,4,5,2,2,1,5,4,3,1,2,1,1,2,2,2,2,3,3,2,2,1.033192,-0.770376818,0.370029957,1,0,0,1,4,0,0,1,0,0,2,0,4,1,0,1,1,0,1,0,1,0,0,1,0,1,1,1,0,0,1,1,0,0,1,0,1,0,2,1,0,0,1,1,0,0,1,1,0,0,0,1
6023,7,2,2.421277495,0,6514,0,1,0,2,0,1,0,0,0,2,5,3,4,4,2,2,2,4,4,3,1,1,3,1,2,2,2,2,3,4,2,3,0.98802779,-0.076627278,-0.187792204,1,0,0,1,4,0,0,1,0,0,2,0,4,0,1,2,0,1,2,0,0,0,1,1,0,1,1,0,1,0,2,0,1,0,2,0,1,0,2,1,0,0,1,1,0,0,1,0,0,1,0,3
6024,44,4,0.048808253,0,38104,0,1,0,3,0,0,1,0,0,3,5,5,4,5,1,1,1,4,1,1,2,2,2,4,2,2,2,2,2,4,4,4,-0.698663678,-0.322692229,-0.038953758,1,0,0,1,4,0,0,1,0,0,2,0,4,1,0,1,0,1,2,0,0,0,0,0,1,-9,0,0,1,0,2,0,0,1,3,0,0,1,3,0,0,1,3,0,0,1,3,0,0,0,1,4
6025,1,4,0.399960277,0,35806,0,1,0,1,1,0,0,0,0,2,5,2,4,5,3,2,2,4,4,4,2,2,2,2,2,2,2,2,2,4,2,2,0.45704733,-0.045377349,0.732045476,0,0,0,1,4,0,0,1,0,0,2,0,4,0,1,2,0,1,2,0,0,0,0,0,1,1,1,1,0,0,1,1,0,0,1,0,1,0,2,0,0,1,3,1,0,0,1,1,0,0,0,1
6026,22,4,0.741289749,0,1040,1,0,0,4,0,0,0,1,0,3,5,5,1,5,3,3,3,4,5,4,1,1,3,1,3,1,1,1,3,3,2,4,0.106758221,-0.635774491,-0.04061681,1,0,0,1,4,0,0,1,0,0,2,0,4,0,1,2,0,1,2,0,0,0,0,0,0,1,1,0,0,1,3,0,0,1,3,0,0,1,3,0,0,1,3,1,0,0,1,0,0,0,1,4
6028,41,4,0.201434073,0,2864,0,1,0,3,0,0,1,0,0,3,3,3,2,3,4,3,2,4,3,3,2,2,2,3,3,2,2,3,2,3,2,3,-0.64674711,0.34536811,-0.801604201,0,0,1,0,3,0,1,1,0,0,2,0,4,1,0,1,1,0,1,0,0,0,0,0,0,-9,0,0,1,0,2,0,1,0,2,1,0,0,1,0,0,1,3,1,0,0,1,0,0,1,0,3
6029,22,4,0.10574634,0,1075,0,1,0,3,0,0,1,0,0,2,5,2,3,4,2,3,3,4,4,3,2,2,2,4,2,2,1,2,3,3,2,2,-0.290019563,-1.246248214,-0.307754608,0,0,0,1,4,1,1,1,0,0,2,0,4,1,0,1,1,0,1,0,0,0,0,0,0,-9,0,1,0,0,1,0,1,0,2,1,0,0,1,0,1,0,2,1,0,0,1,0,1,0,0,2
6030,22,4,0.837923432,0,1468,0,0,0,5,0,0,0,0,1,5,3,3,1,5,1,3,1,5,3,1,1,2,2,1,2,2,1,2,1,3,2,4,-1.724480496,0.240059731,-0.750661,1,0,1,0,3,0,0,1,0,0,2,0,4,1,0,1,1,0,1,0,0,0,0,1,0,1,1,0,0,0,0,0,0,0,0,0,0,0,0,0,0,0,0,0,0,0,0,0,0,0,0,0
6031,26,2,0.909042112,0,64152,0,1,0,1,1,0,0,0,0,1,4,2,4,4,2,2,2,2,3,2,2,2,2,3,2,2,2,2,2,3,3,3,-0.52975197,0.836247238,0.163575024,0,0,0,1,4,1,1,1,0,0,2,0,4,0,1,2,0,1,2,0,0,0,0,1,0,-9,0,1,0,0,1,1,0,0,1,0,1,0,2,1,0,0,1,1,0,0,1,1,0,0,0,1
6033,24,4,4.123795284,0,55749,0,0,1,2,0,1,0,0,0,3,5,2,4,5,1,4,1,4,2,4,2,2,2,3,2,2,2,2,2,3,2,3,0.03994925,-0.564548944,0.091954121,1,0,1,0,3,0,0,1,0,0,2,0,4,0,0,3,1,0,1,0,1,0,0,1,0,-9,0,1,0,0,1,1,0,0,1,1,0,0,1,0,0,1,3,1,0,0,1,1,0,0,0,1
6035,26,4,5.696526049,0,63017,0,1,0,2,0,1,0,0,0,3,5,4,2,5,1,1,1,5,5,2,1,3,2,1,2,2,1,2,3,4,2,2,1.128572336,-0.873674466,-0.107310885,1,0,0,1,4,0,0,1,0,0,2,0,4,0,0,3,1,0,1,0,1,0,0,1,0,-9,0,0,1,0,2,0,0,1,3,0,0,1,3,0,1,0,2,1,0,0,1,0,1,0,0,2
6038,26,4,0.505148871,0,63877,0,1,0,3,0,0,1,0,0,3,5,5,2,5,1,1,1,5,4,2,1,1,2,2,2,1,2,1,2,1,3,2,-0.161275895,-0.42397284,-1.382630857,1,0,0,1,4,0,0,1,0,0,2,0,4,1,0,1,0,1,2,0,1,0,0,1,0,1,1,1,0,0,1,1,0,0,1,1,0,0,1,0,1,0,2,1,0,0,1,1,0,0,0,1
6039,24,4,1.923478805,0,56007,0,1,0,1,1,0,0,0,0,1,5,2,4,3,1,1,1,3,4,1,1,2,2,4,2,2,2,2,2,4,3,4,1.217378755,-1.145776487,0.654391182,0,0,0,1,4,0,0,1,0,0,2,0,4,0,1,2,0,1,2,0,0,0,0,1,0,-9,0,1,0,0,1,0,1,0,2,0,1,0,2,0,1,0,2,1,0,0,1,1,0,0,0,1
6040,24,4,1.390289195,0,55379,0,1,0,5,0,0,0,0,1,1,5,5,3,5,2,2,3,5,5,4,1,1,1,1,2,2,2,1,3,1,2,1,-0.041980926,0.830526556,1.20776558,1,0,0,1,4,0,1,1,0,0,2,0,4,0,0,3,0,1,2,0,0,0,0,1,0,-9,0,0,1,0,2,0,1,0,2,0,0,1,3,0,1,0,2,1,0,0,1,0,0,1,0,3
6041,24,4,1.733351346,0,55721,0,0,1,3,0,0,1,0,0,1,1,1,4,5,2,2,2,4,4,2,3,1,3,1,3,1,1,1,3,2,2,1,0.376145254,0.832633527,0.088448298,1,0,0,1,4,0,0,1,0,0,2,0,4,0,1,2,0,1,2,0,0,0,0,1,0,1,1,1,0,0,1,1,0,0,1,1,0,0,1,0,0,1,3,1,0,0,1,1,0,0,0,1
6042,33,4,0.25049489,0,14150,0,1,0,4,0,0,0,1,0,1,5,4,4,5,2,2,2,4,4,3,2,2,2,3,2,2,2,2,2,4,3,3,0.614344653,0.689119839,-0.238840491,1,0,0,1,4,1,1,1,0,0,2,0,4,0,1,2,1,0,1,0,0,0,0,1,0,1,1,0,1,0,2,0,1,0,2,0,1,0,2,0,1,0,2,1,0,0,1,0,0,1,0,3
6043,34,4,0.873618219,0,28173,0,1,0,2,0,1,0,0,0,2,4,1,3,4,1,1,1,1,3,3,2,2,2,3,2,2,2,2,2,3,3,3,1.140197657,0.382767527,-0.115238188,0,0,0,1,4,1,1,1,0,0,2,0,4,0,0,3,0,1,2,0,0,0,0,1,0,-9,0,1,0,0,1,1,0,0,1,1,0,0,1,0,1,0,2,1,0,0,1,1,0,0,0,1
6046,33,4,1.096542169,0,14217,1,0,0,2,0,1,0,0,0,3,5,3,3,4,2,2,2,4,3,2,1,3,1,1,2,2,1,2,3,4,2,4,-1.275520204,-0.026162835,-0.045303885,1,0,0,1,4,0,0,1,0,0,2,0,4,0,1,2,0,1,2,0,0,0,0,1,0,-9,0,0,0,1,3,0,0,1,3,0,1,0,2,0,0,1,3,1,0,0,1,0,0,0,1,4
6047,4,2,0.999440917,0,72461,0,0,1,5,0,0,0,0,1,3,5,2,3,4,1,4,3,4,3,1,3,2,2,3,2,2,2,1,3,3,2,4,-0.366796537,-0.355549047,-0.082519667,1,0,0,0,1,0,0,1,0,0,2,0,4,0,1,2,0,1,2,0,0,0,0,0,0,-9,0,1,0,0,1,1,0,0,1,1,0,0,1,0,1,0,2,1,0,0,1,1,0,0,0,1
6049,36,2,0.342474741,0,43521,0,1,0,3,0,0,1,0,0,2,4,4,3,5,3,3,2,5,3,4,2,2,2,3,2,2,2,2,3,3,2,3,0.077037879,0.824196463,-0.147011204,1,1,0,0,2,1,1,1,0,0,2,0,4,0,1,2,1,0,1,0,0,0,1,1,0,1,1,1,0,0,1,1,0,0,1,0,1,0,2,0,1,0,2,1,0,0,1,1,0,0,0,1
6051,5,4,0.001038119,1,95605,0,0,1,2,0,1,0,0,0,2,4,3,4,5,2,2,2,2,4,3,1,1,1,1,2,2,2,2,3,1,2,4,0.456848466,-1.970647582,-0.589331893,1,0,1,0,3,0,0,1,0,0,2,0,4,1,0,1,0,1,2,0,1,0,0,0,0,-9,0,1,0,0,1,1,0,0,1,0,1,0,2,0,1,0,2,1,0,0,1,1,0,0,0,1
6053,33,4,2.173506108,0,11747,0,1,0,2,0,1,0,0,0,2,5,4,2,5,1,3,2,3,4,4,2,2,2,2,3,3,3,2,3,3,2,3,0.056548764,1.102578257,-0.01052431,1,0,0,1,4,0,1,1,0,0,2,0,4,0,0,3,0,1,2,0,0,0,0,1,0,1,1,0,1,0,2,0,1,0,2,0,1,0,2,1,0,0,1,1,0,0,1,0,0,1,0,3
6055,23,4,0.347694444,0,48519,0,1,0,2,0,1,0,0,0,1,5,3,4,5,1,2,1,5,5,2,2,2,2,1,2,2,1,2,3,3,2,3,1.664055684,-0.598370011,0.456316868,1,0,1,1,4,0,1,1,0,0,2,0,4,1,0,1,1,0,1,0,0,0,0,1,0,-9,0,1,0,0,1,1,0,0,1,1,0,0,1,0,1,0,2,1,0,0,1,1,0,0,0,1
6059,1,2,1.321547744,0,36535,0,1,0,2,0,1,0,0,0,1,3,3,4,5,3,2,3,5,5,3,2,2,2,4,2,2,2,2,2,3,3,4,0.716039435,-1.50236276,0.511892337,1,0,0,1,4,0,0,1,0,0,2,0,4,0,1,2,0,1,2,0,0,0,1,1,0,-9,0,1,0,0,1,0,1,0,2,0,1,0,2,0,0,1,3,1,0,0,1,0,1,0,0,2
6060,18,4,5.908500664,0,40216,0,1,0,4,0,0,0,1,0,1,6,3,3,5,1,1,2,5,5,5,2,3,2,3,2,2,2,2,2,3,3,4,0.345548523,0.367311739,-1.028289147,1,1,0,0,2,0,0,1,1,0,2,0,2,1,0,1,0,1,2,0,1,0,0,1,0,-9,0,0,1,0,2,0,1,0,2,0,0,1,3,1,0,0,1,1,0,0,1,0,0,1,0,3
6061,16,4,0.07384675,0,50613,0,1,0,2,0,1,0,0,0,2,3,3,4,4,2,2,2,4,4,4,1,1,2,1,3,2,1,3,3,1,2,3,0.186924857,0.67504541,0.068253039,1,0,0,1,4,0,1,1,0,0,2,0,4,1,0,1,0,1,2,0,0,0,0,0,1,-9,0,0,1,0,2,0,0,1,3,0,0,1,3,0,0,1,3,1,0,0,1,0,1,0,0,2
6063,1,4,0.279192717,0,35125,0,0,1,5,0,0,0,0,1,2,4,5,3,5,1,1,1,5,5,3,2,2,2,4,2,2,2,2,2,4,3,4,-0.140955194,-1.072272449,0.35523113,1,0,1,0,3,0,0,1,0,0,2,0,4,1,0,1,1,0,1,0,0,0,0,0,1,-9,0,1,0,0,1,1,0,0,1,0,1,0,2,0,0,1,3,1,0,0,1,1,0,0,0,1
6064,1,4,2.051392763,0,36701,0,1,0,2,0,1,0,0,0,2,4,3,2,5,1,1,1,5,5,3,1,1,1,1,2,2,1,2,3,4,2,4,0.37569796,-0.105139303,0.453398713,1,0,0,1,4,0,1,1,0,0,2,0,4,0,0,3,0,1,2,0,0,0,0,1,0,-9,0,1,0,0,1,1,0,0,1,1,0,0,1,0,1,0,2,1,0,0,1,1,0,0,0,1
6066,45,4,0.950756779,1,78666,0,1,0,3,0,0,1,0,0,3,4,3,3,5,2,3,2,5,4,3,2,1,1,1,2,2,1,1,2,2,3,3,0.785584363,0.237482022,0.674369933,1,0,1,1,4,0,0,1,0,0,2,0,4,0,1,2,0,1,2,0,0,0,0,1,0,1,1,0,1,0,2,0,0,1,3,0,0,1,3,0,1,0,2,1,0,0,1,1,0,0,0,1
6067,45,2,1.149137178,1,78642,0,0,1,2,0,1,0,0,0,1,3,1,4,2,2,2,1,5,3,3,2,2,2,4,2,2,2,2,2,4,3,3,0.366238586,0.468643167,0.562731464,1,0,1,0,3,0,0,1,0,0,2,0,4,1,0,1,1,0,1,0,0,0,1,1,0,1,1,0,0,0,0,0,0,0,0,0,0,0,0,0,0,0,0,0,0,0,0,0,0,0,0,0
6068,32,4,3.06E-05,0,87107,0,1,0,4,0,0,0,1,0,4,5,5,2,5,4,3,1,3,3,3,1,1,1,1,2,2,2,1,3,4,4,4,-0.081704003,-0.235235926,-0.955849152,1,0,1,0,3,0,0,1,0,0,1,1,1,0,0,0,0,1,2,0,0,0,0,1,1,-9,0,0,1,0,2,0,0,1,3,0,1,0,2,0,0,1,3,0,1,0,2,0,0,1,0,3
6070,26,4,0.383082292,0,63125,0,1,0,1,1,0,0,0,0,1,5,1,2,5,1,1,1,1,1,1,1,1,3,1,1,1,1,1,3,4,4,4,1.145179963,0.012966119,0.954506515,0,0,0,1,4,1,1,1,0,0,2,0,4,1,0,1,1,0,1,0,0,0,0,0,0,1,1,0,1,0,2,0,1,0,2,0,1,0,2,0,0,1,3,1,0,0,1,0,0,1,0,3
6072,26,4,0.465866752,0,65270,0,1,0,4,0,0,0,1,0,4,5,4,1,5,1,2,4,4,2,2,1,1,1,1,3,1,1,1,3,2,2,1,-1.113892775,-0.16958508,-0.219668697,0,0,0,1,4,0,0,1,0,0,2,0,4,0,1,2,0,0,3,1,0,0,0,1,0,-9,0,1,0,0,1,0,1,0,2,0,1,0,2,0,1,0,2,1,0,0,1,1,0,0,0,1
6073,19,4,0.401252052,0,70506,0,1,0,2,0,1,0,0,0,1,5,1,4,5,1,1,1,4,4,2,1,1,2,4,2,2,1,2,3,4,2,2,0.50452406,-0.190071027,0.034943297,1,0,0,1,4,0,1,1,0,0,2,0,4,1,0,1,1,0,1,0,0,0,0,1,0,-9,0,0,1,0,2,0,0,1,3,0,1,0,2,0,1,0,2,1,0,0,1,0,1,0,0,2
6074,26,4,0.864848699,0,64481,0,0,1,1,1,0,0,0,0,1,5,0,5,5,1,1,1,3,3,1,2,2,2,3,2,2,2,2,3,1,3,3,-0.202893636,1.273662101,-0.012369383,1,1,0,0,2,0,0,1,0,0,2,0,4,1,0,1,0,0,3,1,0,0,0,1,0,-9,0,1,0,0,1,1,0,0,1,0,1,0,2,0,0,1,3,1,0,0,1,1,0,0,0,1
6075,22,4,3.294779196,0,2664,0,1,0,3,0,0,1,0,0,2,4,3,2,5,1,3,1,4,5,5,1,2,2,4,2,2,2,2,2,2,3,1,0.99597666,0.893009107,-0.171500068,0,0,0,1,4,0,0,1,0,0,2,0,4,0,0,3,0,1,2,0,0,0,0,1,0,-9,0,1,0,0,1,1,0,0,1,1,0,0,1,0,1,0,2,1,0,0,1,0,1,0,0,2
6078,20,2,0.548387708,0,4401,0,1,0,3,0,0,1,0,0,3,4,3,4,4,3,4,3,4,4,4,2,1,1,2,3,2,2,2,3,2,2,2,0.222089229,-0.124684904,-0.085842793,1,1,0,0,2,0,0,1,0,0,2,0,4,1,0,1,0,1,2,1,0,0,1,0,0,-9,0,0,1,0,2,0,0,1,3,0,1,0,2,0,0,1,3,1,0,0,1,0,1,0,0,2
6080,7,4,0.024510767,0,6360,0,1,0,1,1,0,0,0,0,2,5,2,4,5,2,1,1,4,5,3,1,1,1,2,2,2,1,1,3,2,2,2,0.44830569,-0.677802938,0.116456329,0,0,0,1,4,0,0,1,0,0,2,0,4,1,0,1,1,0,1,0,0,0,0,0,0,1,1,0,1,0,2,0,1,0,2,0,1,0,2,0,1,0,2,1,0,0,1,0,0,1,0,3
6081,1,4,0.684029899,0,36695,0,1,0,3,0,0,1,0,0,2,2,1,4,4,1,1,1,1,4,2,1,1,1,1,2,2,2,2,2,1,3,3,0.633124603,0.742092317,-0.055004609,1,0,0,1,4,0,0,1,0,0,2,0,4,1,0,1,1,0,1,0,0,0,0,1,0,-9,0,0,1,0,2,0,1,0,2,1,0,0,1,0,0,1,3,1,0,0,1,1,0,0,0,1
6082,44,4,0.739662908,0,38118,0,1,0,1,1,0,0,0,0,3,5,4,4,5,1,1,1,5,5,4,2,1,2,4,2,2,1,2,3,2,2,4,0.819285896,-0.360335335,-0.083086438,1,0,1,0,3,0,0,1,0,0,2,0,4,1,0,1,0,1,2,0,0,0,0,0,0,1,1,0,1,0,2,0,1,0,2,0,1,0,2,0,1,0,2,1,0,0,1,0,0,1,0,3
