ResponseId,state,empsta,weights,hcity,zip_code,urban,suburban,rural,ext_flooding_impact_wlb,flooding_imp_1,flooding_imp_2,flooding_imp_3,flooding_imp_4,flooding_imp_5,ext_flooding_cope,ext_flooding_likely_repeat,ext_flooding_affect,ext_flooding_lkly_normal_business,ext_flooding_lkly_stay_home,ext_flooding_lkly_seek_shelter,ext_flooding_lkly_social_connection,ext_flooding_lkly_leave_town,ext_flooding_lkly_supplies,ext_flooding_lkly_follow_officials,ext_flooding_lkly_comm_supports,ext_flooding_wfh,ext_flooding_car_travel,ext_flooding_walk_bike_mode,ext_flooding_transit_use,ext_flooding_stay_home,ext_flooding_stay_family_friends,ext_flooding_check_family_friends,ext_flooding_volunteer_community,CR,SE,PR,female,age_3150,age_5165,age_65p,age_cat,edu_bs,bs_grad,white,black,asian,hispanic_raw,hispanic_c,race_cat,in50,in50100,income_cat,hhsize1,hhsize2,hhsize_cat,child,dis_yes,work_out,tcom_no,sa_home,hhveh0,ac_raw,ac_c,PopDens_low,PopDens_medium,PopDens_high,PopDens_cat,EmpDens_low,EmpDens_medium,EmpDens_high,EmpDens_cat,NetworkDensity_low,NetworkDensity_medium,NetworkDensity_high,NetworkDensity_cat,Diversity_low,Diversity_medium,Diversity_high,Diversity_cat,TransitAccess_low,TransitAccess_medium,TransitAccess_high,TransitAccess_cat,NatWalkInd_very_low,NatWalkInd_low,NatWalkInd_high,NatWalkInd_very_high,NatWalkInd_cat
1002,5,4,0.057650275,0,95051,1,0,0,3,0,0,1,0,0,2,2,2,2,2,3,2,3,3,3,3,2,2,3,3,3,3,3,2,-0.50048744,1.703093252,-0.307230964,1,1,0,0,2,1,1,0,0,1,2,0,3,1,0,1,0,0,3,1,1,0,0,0,0,0,0,0,0,1,3,0,0,1,3,0,0,1,3,0,0,1,3,0,1,0,2,0,0,0,1,4
1005,7,2,0.468402617,0,6708,0,1,0,2,0,1,0,0,0,2,5,4,5,5,1,1,1,5,5,1,3,2,2,2,3,4,4,4,0.049873769,-1.976156857,0.997521716,0,0,1,0,3,0,0,1,0,0,2,0,4,1,0,1,1,0,1,0,0,0,0,0,0,1,1,0,0,1,3,0,1,0,2,0,0,1,3,1,0,0,1,0,1,0,2,0,0,1,0,3
1008,6,4,8.40E-05,0,81652,0,1,0,3,0,0,1,0,0,2,4,4,3,5,2,2,2,4,5,5,3,1,1,2,3,4,2,4,1.384192096,1.390938879,-0.951514326,1,0,0,1,4,0,0,1,0,0,2,0,4,1,0,1,0,1,2,0,0,0,0,1,0,-9,0,1,0,0,1,1,0,0,1,0,1,0,2,0,0,1,3,1,0,0,1,1,0,0,0,1
1018,5,4,0.068014371,1,95819,1,0,0,1,1,0,0,0,0,3,1,1,3,4,1,1,1,3,3,3,2,2,2,2,2,3,3,4,-0.165661801,-0.606177013,0.285475981,1,0,0,1,4,0,1,1,0,0,2,0,4,0,1,2,0,1,2,0,0,0,0,1,0,-9,0,0,0,1,3,0,0,1,3,1,0,0,1,0,1,0,2,0,1,0,2,0,0,0,1,4
1032,32,4,0.008043818,0,87020,0,1,0,1,1,0,0,0,0,1,5,5,5,5,1,2,1,4,4,4,2,2,2,2,3,4,3,4,0.571742667,-0.323860256,-0.319495987,1,0,1,0,3,0,0,1,0,0,2,0,4,0,1,2,0,0,3,0,0,0,0,1,0,-9,0,1,0,0,1,1,0,0,1,1,0,0,1,0,1,0,2,1,0,0,1,1,0,0,0,1
1039,49,4,0.009346843,0,98087,1,0,0,2,0,1,0,0,0,1,5,3,5,5,5,5,5,5,5,5,3,1,3,3,3,2,2,2,1.145475013,-0.949851677,1.159663694,1,0,0,1,4,0,0,0,0,0,2,0,5,0,1,2,0,1,2,0,0,0,0,0,0,-9,0,0,0,1,3,0,1,0,2,0,0,1,3,0,1,0,2,1,0,0,1,0,0,0,1,4
1063,49,4,0.043122803,0,98223,0,1,0,1,1,0,0,0,0,1,6,0,3,3,2,2,2,3,3,3,2,2,2,2,2,4,2,4,-0.019816826,-0.139163507,0.214837197,1,0,0,1,4,0,0,1,0,0,2,0,4,0,0,0,0,1,2,0,1,0,0,0,0,-9,0,1,0,0,1,1,0,0,1,0,1,0,2,1,0,0,1,1,0,0,1,1,0,0,0,1
1071,49,2,0.008297534,0,98404,0,1,0,3,0,0,1,0,0,3,4,3,3,3,3,3,3,3,3,3,3,3,3,1,1,2,2,2,0.589115756,0.716364764,0.02324533,0,1,0,0,2,0,0,1,0,0,2,0,4,1,0,1,0,0,3,1,0,0,0,1,0,-9,0,0,0,1,3,0,1,0,2,0,1,0,2,1,0,0,1,0,1,0,2,0,0,0,1,4
1072,3,2,0.017293193,1,85233,0,1,0,2,0,1,0,0,0,2,4,3,3,4,3,3,2,4,4,4,2,2,2,3,3,3,3,3,-0.293361699,0.261681683,0.437914056,1,0,1,0,3,1,1,1,0,0,2,0,4,0,1,2,0,1,2,0,0,0,1,0,0,-9,0,0,1,0,2,0,0,1,3,0,0,1,3,0,1,0,2,1,0,0,1,0,0,1,0,3
1077,3,4,0.007579327,0,85142,0,1,0,1,1,0,0,0,0,3,1,2,4,4,4,4,2,4,4,5,3,1,1,1,3,2,2,2,0.062998061,0.08741072,1.179900645,1,0,1,0,3,0,0,1,0,0,2,0,4,0,0,0,0,0,3,0,1,0,0,1,0,1,1,1,0,0,1,1,0,0,1,0,1,0,2,0,0,1,3,1,0,0,1,1,0,0,0,1
1078,3,2,0.013087255,1,85254,0,1,0,3,0,0,1,0,0,2,5,0,5,1,1,1,1,3,3,3,2,2,2,2,2,4,3,3,0.674759571,1.56339791,1.015872611,1,1,0,0,2,1,1,1,0,0,2,0,4,0,1,2,0,0,3,1,0,0,1,1,0,1,1,0,1,0,2,0,0,1,3,0,0,1,3,0,1,0,2,1,0,0,1,0,0,1,0,3
1081,3,4,0.107926331,1,85377,0,1,0,1,1,0,0,0,0,1,5,0,1,5,1,1,1,3,3,3,2,2,2,2,2,4,3,4,-1.048977399,-0.22280635,-0.475787052,0,1,0,0,2,0,0,1,0,0,2,0,4,1,0,1,1,0,1,0,0,0,0,0,0,-9,0,1,0,0,1,1,0,0,1,1,0,0,1,0,0,1,3,1,0,0,1,0,1,0,0,2
1085,3,2,0.173351591,1,85308,0,1,0,3,0,0,1,0,0,1,4,2,5,5,2,5,4,5,5,3,2,2,1,1,3,2,2,2,0.827540109,-0.47749538,0.647929134,0,0,0,1,4,1,1,1,0,0,1,1,1,0,0,3,0,0,3,1,0,0,1,1,0,1,1,0,1,0,2,0,1,0,2,0,0,1,3,0,1,0,2,1,0,0,1,0,0,1,0,3
1100,3,4,0.027061615,1,85037,0,1,0,4,0,0,0,1,0,1,2,1,5,5,1,1,1,5,4,3,2,1,2,2,3,1,2,4,-0.054802991,-1.621110682,1.242191357,1,0,0,1,4,0,0,1,0,0,2,0,4,0,1,2,0,1,2,0,0,0,0,1,0,1,1,0,0,1,3,0,1,0,2,0,1,0,2,1,0,0,1,1,0,0,1,0,0,1,0,3
1105,3,2,0.10849021,1,85392,0,1,0,1,1,0,0,0,0,1,4,1,4,4,2,2,1,4,5,4,2,1,2,2,3,4,2,2,0.930421255,-1.834652327,0.614473053,1,1,0,0,2,0,1,1,0,0,2,0,4,0,0,3,0,1,2,0,0,0,0,1,0,-9,0,0,1,0,2,0,1,0,2,0,0,1,3,1,0,0,1,1,0,0,1,0,0,1,0,3
1111,3,2,0.212127142,1,85024,0,1,0,2,0,1,0,0,0,2,1,2,4,4,3,4,4,4,4,3,2,1,1,1,3,2,2,3,-0.528491728,-0.514608634,0.716294458,1,1,0,0,2,0,0,1,1,0,2,0,2,0,1,2,0,1,2,0,0,0,0,1,0,-9,0,0,0,1,3,0,1,0,2,0,0,1,3,0,1,0,2,1,0,0,1,0,0,1,0,3
1114,3,2,0.082855407,1,85383,0,1,0,2,0,1,0,0,0,2,3,1,2,4,1,1,1,4,4,4,2,1,1,2,2,3,3,4,0.362401116,-0.155636661,0.907250014,0,0,1,0,3,0,0,1,0,0,2,0,4,0,0,3,0,0,3,0,0,0,1,1,0,1,1,0,1,0,2,1,0,0,1,0,1,0,2,0,1,0,2,1,0,0,1,1,0,0,0,1
1115,3,4,0.006463556,1,85032,0,1,0,1,1,0,0,0,0,3,4,3,2,4,4,1,1,5,5,5,2,2,2,2,3,4,3,2,-2.000006258,1.341298384,0.851618455,1,0,1,0,3,1,1,1,0,0,2,0,4,1,0,1,0,0,3,0,1,0,0,1,0,1,1,0,0,1,3,0,1,0,2,0,0,1,3,0,0,1,3,1,0,0,1,0,0,0,1,4
1120,49,2,0.089992219,0,98271,0,1,0,3,0,0,1,0,0,1,4,2,3,3,2,4,3,4,3,4,2,2,1,1,2,3,2,2,0.780275599,0.260671087,0.978574764,0,0,1,0,3,0,0,1,0,0,1,1,1,1,0,1,1,0,1,0,1,1,1,0,0,0,0,1,0,0,1,1,0,0,1,0,1,0,2,0,1,0,2,1,0,0,1,1,0,0,0,1
1123,49,4,0.015949033,0,98092,0,1,0,2,0,1,0,0,0,2,2,2,3,5,2,2,2,5,5,3,2,1,1,2,3,3,2,4,0.642681964,-0.234841093,-0.449046042,1,0,0,1,4,1,1,1,0,0,2,0,4,1,0,1,1,0,1,0,0,0,0,0,0,-9,0,0,1,0,2,1,0,0,1,1,0,0,1,1,0,0,1,1,0,0,1,0,1,0,0,2
1137,49,4,0.039447706,0,98409,0,1,0,1,1,0,0,0,0,1,4,3,4,4,1,1,1,1,3,1,2,2,2,2,2,3,3,4,-0.401575231,-1.827539071,-0.454060619,1,0,1,0,3,0,0,1,0,0,2,0,4,1,0,1,1,0,1,0,0,0,0,0,1,-9,0,0,1,0,2,0,0,1,3,0,0,1,3,0,0,1,3,0,1,0,2,0,0,0,1,4
1147,3,4,0.005748524,1,85361,0,0,1,4,0,0,0,1,0,3,4,4,1,4,4,1,4,3,4,4,2,2,3,3,2,4,3,3,-0.819432351,0.014952944,-0.682282952,0,0,1,0,3,0,0,1,0,0,2,0,4,1,0,1,1,0,1,0,0,0,0,0,0,1,1,1,0,0,1,1,0,0,1,1,0,0,1,0,0,1,3,1,0,0,1,1,0,0,0,1
1149,3,4,0.032283999,1,85037,0,1,0,2,0,1,0,0,0,2,1,0,3,5,3,3,4,1,5,1,2,2,2,2,2,4,3,4,-0.024663404,-0.881024188,-0.03060872,1,0,1,1,4,0,0,1,0,0,2,0,4,0,1,2,0,0,3,1,0,0,0,1,0,-9,0,0,0,1,3,0,1,0,2,0,1,0,2,1,0,0,1,1,0,0,1,0,0,1,0,3
1156,3,2,0.024253805,1,85043,0,1,0,2,0,1,0,0,0,2,4,2,4,4,3,2,4,5,5,5,2,2,2,2,2,4,2,2,0.621828329,-0.756509767,0.235107661,1,0,0,1,4,0,1,1,0,0,2,0,4,0,1,2,0,1,2,0,1,0,0,1,0,-9,0,1,0,0,1,0,0,1,3,0,0,1,3,0,0,1,3,1,0,0,1,0,0,1,0,3
1172,3,4,0.002638505,1,85301,1,0,0,2,0,1,0,0,0,2,4,3,1,4,2,2,2,4,5,2,2,1,1,3,3,4,2,4,-0.368447871,-0.633326939,-0.433395947,1,0,0,1,4,0,0,1,0,0,2,0,4,1,0,1,0,1,2,0,0,0,0,0,0,1,1,0,0,1,3,0,0,1,3,0,1,0,2,1,0,0,1,1,0,0,1,0,0,0,1,4
1177,3,2,0.004997901,1,85281,1,0,0,1,1,0,0,0,0,1,2,1,5,4,2,2,1,4,5,4,2,1,1,2,3,2,2,2,0.574275951,0.409653635,0.424794916,1,0,1,0,3,1,1,1,0,0,2,0,4,1,0,1,1,0,1,0,0,0,0,0,0,-9,0,0,0,1,3,0,0,1,3,0,0,1,3,0,1,0,2,0,0,1,3,0,0,0,1,4
1192,3,1,0.124747311,1,85027,0,1,0,3,0,0,1,0,0,2,4,3,3,4,2,3,4,3,4,4,3,1,1,1,3,1,2,4,-0.213834911,-0.068076488,-0.946629346,1,0,0,0,1,0,0,1,0,0,1,1,1,0,1,2,0,1,2,0,0,0,1,0,0,1,1,0,1,0,2,0,0,1,3,0,0,1,3,0,1,0,2,1,0,0,1,0,0,1,0,3
1194,3,4,0.030945766,1,85203,0,1,0,2,0,1,0,0,0,2,5,4,3,4,2,3,1,3,3,3,2,2,2,2,2,3,3,4,-0.85739805,-0.221190296,0.011376698,1,0,1,1,4,0,0,1,0,0,2,0,4,1,0,1,1,0,1,0,0,0,0,0,0,-9,0,0,0,1,3,0,1,0,2,0,1,0,2,0,0,1,3,0,0,1,3,0,0,0,1,4
1195,3,2,0.010328896,1,85003,0,1,0,2,0,1,0,0,0,2,4,3,4,5,5,5,5,5,5,5,3,1,1,1,3,2,2,2,0.860643629,0.812961033,0.397879527,0,1,0,0,2,1,1,0,1,0,2,0,2,1,0,1,0,0,3,0,0,0,1,0,0,-9,0,0,1,0,2,0,0,1,3,0,0,1,3,0,1,0,2,0,0,1,3,0,0,0,1,4
1200,3,2,0.019886256,1,85259,0,1,0,3,0,0,1,0,0,3,4,2,4,5,3,3,2,5,5,4,2,1,1,1,2,3,2,3,0.766380078,1.585199346,0.185264154,1,0,0,1,4,0,0,1,0,0,2,0,4,0,1,2,0,1,2,0,0,0,0,0,0,-9,0,0,1,0,2,1,0,0,1,0,0,1,3,0,1,0,2,1,0,0,1,0,1,0,0,2
1202,3,4,0.016274244,1,85257,1,0,0,2,0,1,0,0,0,2,5,4,4,2,2,2,2,4,4,2,2,2,2,2,2,4,3,4,-1.115291388,-0.651101911,0.233027003,0,0,0,1,4,0,0,1,0,0,2,0,4,0,1,2,0,0,3,0,1,0,0,1,0,-9,0,0,0,1,3,0,0,1,3,0,1,0,2,0,1,0,2,1,0,0,1,0,0,0,1,4
1209,3,4,0.005003322,1,85032,0,1,0,3,0,0,1,0,0,2,1,0,3,4,2,2,1,4,4,3,2,2,2,2,3,3,3,2,0.864638362,-1.804601097,-0.557729765,1,0,1,0,3,0,1,1,0,0,2,0,4,1,0,1,0,0,3,0,0,0,0,1,0,1,1,0,0,1,3,0,1,0,2,0,0,1,3,0,0,1,3,1,0,0,1,0,0,0,1,4
1212,3,4,0.016796097,1,85378,0,1,0,1,1,0,0,0,0,2,2,1,4,5,3,3,2,4,4,4,2,1,2,2,2,4,3,4,0.608559612,-1.422877783,-0.371553861,1,0,0,1,4,1,1,1,0,0,2,0,4,1,0,1,1,0,1,0,0,0,0,1,0,1,1,0,1,0,2,0,1,0,2,0,0,1,3,1,0,0,1,1,0,0,1,1,0,0,0,1
1229,3,4,0.066638631,1,85202,1,0,0,2,0,1,0,0,0,2,4,3,3,4,2,2,4,4,4,4,2,1,3,3,3,1,2,2,0.554612648,-0.283969008,0.452482963,1,0,0,1,4,0,0,1,0,0,1,1,1,0,1,2,0,1,2,0,0,0,0,1,0,-9,0,0,0,1,3,0,1,0,2,0,0,1,3,0,0,1,3,0,1,0,2,0,0,0,1,4
1240,3,2,0.083325073,1,85015,1,0,0,1,1,0,0,0,0,2,1,2,2,3,3,3,3,4,4,3,2,2,2,2,2,3,3,3,-0.953777745,0.046605021,-0.679643543,0,0,1,0,3,0,0,0,0,0,1,1,1,1,0,1,0,1,2,0,0,0,1,0,0,-9,0,0,0,1,3,0,0,1,3,0,1,0,2,0,1,0,2,0,0,1,3,0,0,0,1,4
1241,3,2,0.063694988,1,85382,0,1,0,1,1,0,0,0,0,1,1,0,5,4,1,1,1,3,4,2,3,1,1,1,3,1,4,3,-1.110712087,-0.67688026,0.495351793,0,1,0,0,2,0,0,1,0,0,1,1,1,1,0,1,1,0,1,0,0,0,0,1,0,-9,0,0,1,0,2,0,1,0,2,0,1,0,2,0,0,1,3,1,0,0,1,0,1,0,0,2
1263,3,2,0.03597339,1,85297,0,1,0,5,0,0,0,0,1,3,6,5,1,5,3,4,5,5,5,5,2,1,2,2,2,3,4,4,-1.326113105,0.614920894,-1.21982856,1,0,1,0,3,1,1,1,0,0,2,0,4,0,0,3,0,0,3,1,0,0,0,1,0,-9,0,0,0,1,3,1,0,0,1,0,0,1,3,1,0,0,1,1,0,0,1,0,1,0,0,2
1269,3,2,0.051007823,1,85297,0,1,0,3,0,0,1,0,0,3,2,1,3,2,1,2,3,4,5,3,2,2,2,2,2,4,3,3,0.170376365,-0.793259078,0.334028232,1,1,0,0,2,1,1,1,0,0,2,0,4,0,0,3,0,0,3,0,0,1,1,1,0,-9,0,0,0,1,3,1,0,0,1,0,0,1,3,1,0,0,1,1,0,0,1,0,1,0,0,2
1271,3,4,0.048385048,1,85213,0,1,0,3,0,0,1,0,0,3,2,1,3,4,1,1,1,5,4,3,2,1,2,2,2,3,3,3,0.12273321,0.129094887,1.157900043,1,0,1,0,3,0,0,0,0,0,1,1,1,1,0,1,0,1,2,0,1,0,0,0,0,1,1,0,1,0,2,0,1,0,2,0,1,0,2,1,0,0,1,0,1,0,2,0,0,1,0,3
1283,49,4,0.031988921,0,98004,0,1,0,2,0,1,0,0,0,3,2,2,3,4,3,4,4,4,4,4,2,1,1,3,3,3,2,2,-0.10444541,0.558946022,0.174930726,0,1,0,0,2,0,0,1,0,0,2,0,4,1,0,1,1,0,1,0,0,0,0,0,1,0,0,0,1,0,2,0,0,1,3,0,0,1,3,0,0,1,3,1,0,0,1,0,0,0,1,4
1295,49,4,0.026310393,0,98121,1,0,0,3,0,0,1,0,0,2,2,3,3,3,3,3,3,3,3,3,3,1,2,2,3,3,3,2,-0.813848343,0.561149877,0.067918105,0,0,1,0,3,1,1,0,0,0,2,0,5,0,0,0,1,0,1,0,0,0,0,0,0,-9,0,0,0,1,3,0,0,1,3,0,0,1,3,0,0,1,3,0,0,1,3,0,0,0,1,4
1300,49,2,0.012313233,0,98201,1,0,0,2,0,1,0,0,0,1,2,0,5,1,1,1,1,5,5,4,2,2,2,2,2,3,3,3,-1.449621672,0.537920759,1.369827854,0,1,0,0,2,0,0,1,0,0,2,0,4,1,0,1,0,0,3,1,0,0,1,0,0,-9,0,0,0,1,3,0,0,1,3,0,1,0,2,0,0,1,3,0,1,0,2,0,0,0,1,4
1311,49,4,0.050245186,0,98122,1,0,0,3,0,0,1,0,0,2,2,1,2,4,1,1,1,1,2,1,3,1,3,3,3,3,3,3,-2.770359894,-0.71534593,1.335035569,1,0,1,0,3,1,1,1,0,0,2,0,4,0,0,3,0,0,3,1,0,0,0,1,0,-9,0,0,0,1,3,0,0,1,3,1,0,0,1,0,0,1,3,0,0,1,3,0,0,0,1,4
1317,5,2,0.458982207,0,90001,1,0,0,4,0,0,0,1,0,2,2,4,4,3,2,4,3,4,3,4,2,2,3,2,2,4,3,2,0.116669982,0.903937337,-0.849641163,0,1,0,0,2,1,1,1,0,0,2,0,4,0,0,3,0,0,3,1,0,0,0,0,0,-9,0,0,0,1,3,0,0,1,3,1,0,0,1,0,0,1,3,0,0,1,3,0,0,0,1,4
1318,49,2,0.202414287,0,98075,0,1,0,1,1,0,0,0,0,2,2,2,3,4,2,1,2,5,5,5,3,1,1,1,3,2,2,2,-0.612367383,0.996748142,0.391240681,1,0,0,1,4,0,1,1,0,0,2,0,4,0,0,3,0,1,2,0,0,0,0,1,0,-9,0,0,1,0,2,1,0,0,1,1,0,0,1,0,1,0,2,1,0,0,1,0,1,0,0,2
1322,3,2,0.010328896,1,85003,0,1,0,3,0,0,1,0,0,3,4,3,4,5,4,4,5,5,5,5,3,1,1,1,3,2,2,2,0.448402857,0.716702231,0.417593162,0,1,0,0,2,1,1,0,1,0,2,0,2,1,0,1,0,0,3,0,0,0,1,0,0,1,1,0,1,0,2,0,0,1,3,0,0,1,3,0,1,0,2,0,0,1,3,0,0,0,1,4
1328,49,4,0.014204214,0,98408,0,1,0,3,0,0,1,0,0,4,1,5,1,3,1,5,5,5,5,4,2,1,1,1,1,2,2,2,-0.466198604,-0.652026802,0.390843148,1,0,0,1,4,0,0,1,0,0,2,0,4,1,0,1,1,0,1,0,0,0,0,1,0,-9,0,0,0,1,3,1,0,0,1,1,0,0,1,1,0,0,1,1,0,0,1,0,0,0,1,4
1335,49,2,0.010899185,0,98052,0,1,0,4,0,0,0,1,0,3,5,5,3,5,3,5,4,5,5,5,2,1,1,1,2,3,3,2,0.503667258,1.058588477,0.828093245,1,1,0,0,2,0,0,1,0,0,2,0,4,1,0,1,0,0,3,1,0,0,0,0,0,-9,0,0,1,0,2,0,0,1,3,0,1,0,2,1,0,0,1,1,0,0,1,0,0,1,0,3
1340,3,4,0.010570796,1,85381,0,1,0,3,0,0,1,0,0,3,4,4,3,4,2,4,4,4,4,4,3,1,1,1,3,3,3,3,-2.160176453,0.322680857,1.284953076,1,0,0,1,4,0,0,1,0,0,2,0,4,1,0,1,0,0,3,1,0,0,0,1,0,1,1,0,1,0,2,0,1,0,2,0,1,0,2,0,0,1,3,1,0,0,1,0,0,1,0,3
1347,3,4,0.018335924,1,85206,0,1,0,3,0,0,1,0,0,2,2,2,4,5,3,4,4,5,5,5,2,2,3,3,3,3,2,2,0.786327239,0.562641755,0.769978558,1,0,0,1,4,1,1,1,0,0,2,0,4,0,1,2,0,1,2,0,0,0,0,1,0,-9,0,0,1,0,2,0,0,1,3,0,0,1,3,0,0,1,3,1,0,0,1,0,0,1,0,3
1349,3,2,0.015077218,1,85373,0,1,0,3,0,0,1,0,0,1,1,0,5,5,3,4,5,4,4,5,2,2,3,2,3,2,2,3,0.774352965,-0.768951062,0.958115458,1,0,1,1,4,0,0,1,0,0,2,0,4,1,0,1,0,1,2,0,0,0,0,1,0,-9,0,0,1,0,2,1,0,0,1,0,1,0,2,1,0,0,1,1,0,0,1,1,0,0,0,1
1352,3,4,0.025770404,1,85383,0,1,0,2,0,1,0,0,0,2,1,0,2,5,4,3,3,5,5,5,2,1,1,1,3,4,2,2,-0.119557734,0.143419547,0.498033858,1,0,0,1,4,0,1,0,1,0,2,0,2,0,1,2,0,1,2,0,0,0,0,1,0,-9,0,0,1,0,2,1,0,0,1,0,1,0,2,0,1,0,2,1,0,0,1,1,0,0,0,1
1353,3,2,0.019301568,1,85295,0,1,0,2,0,1,0,0,0,2,2,1,2,4,2,3,2,4,4,4,3,1,1,1,3,1,2,2,0.51271275,0.049341007,0.270909423,1,0,1,0,3,0,0,1,0,0,2,0,4,0,1,2,0,1,2,0,0,0,0,1,0,-9,0,0,1,0,2,0,0,1,3,0,0,1,3,0,0,1,3,1,0,0,1,0,0,1,0,3
1357,3,4,0.04078669,1,85303,0,1,0,3,0,0,1,0,0,2,3,3,4,4,2,2,2,5,5,3,2,1,1,1,3,2,2,2,0.444366664,-0.326417148,0.13640567,0,0,1,0,3,0,0,1,0,0,2,0,4,0,1,2,0,0,3,0,0,0,0,1,0,1,1,0,0,1,3,1,0,0,1,1,0,0,1,1,0,0,1,1,0,0,1,0,0,1,0,3
1375,3,2,0.12769163,1,85041,0,1,0,3,0,0,1,0,0,2,1,0,1,5,1,4,1,5,5,5,2,1,1,2,3,4,4,4,-0.099854742,-0.537555923,0.46838484,1,1,0,0,2,0,0,0,0,0,1,1,1,1,0,1,0,0,3,1,0,0,1,1,0,1,1,0,0,1,3,1,0,0,1,1,0,0,1,1,0,0,1,1,0,0,1,0,0,1,0,3
1394,3,4,0.004226652,1,85208,0,1,0,2,0,1,0,0,0,4,3,5,2,2,2,1,2,2,2,2,3,2,2,2,2,3,2,2,-1.102542868,0.793922624,-1.028092281,1,0,0,0,1,0,0,1,0,0,1,1,1,1,0,1,0,0,3,1,0,0,0,0,0,1,1,0,1,0,2,0,1,0,2,0,0,1,3,0,1,0,2,1,0,0,1,0,1,0,0,2
1397,3,2,0.022992939,1,85214,1,0,0,4,0,0,0,1,0,2,1,0,5,5,3,3,1,4,5,3,2,1,1,2,3,4,3,4,0.300185564,-1.261345819,0.843484661,1,0,1,0,3,0,0,1,0,0,2,0,4,1,0,1,0,1,2,0,0,0,0,1,0,-9,0,0,0,0,0,0,0,0,0,0,0,0,0,0,0,0,0,0,0,0,0,0,0,0,0,0
1404,3,2,0.009412368,1,85234,0,1,0,2,0,1,0,0,0,2,3,1,2,4,4,4,3,4,4,4,3,1,1,2,3,2,2,2,0.591051764,-0.635005034,-0.356351362,1,0,1,0,3,0,0,1,0,0,2,0,4,1,0,1,0,0,3,0,0,0,0,1,0,-9,0,0,1,0,2,0,1,0,2,0,0,1,3,0,0,1,3,1,0,0,1,0,0,1,0,3
1405,3,4,0.002914168,1,85253,0,1,0,3,0,0,1,0,0,2,4,3,2,3,3,3,3,3,4,4,2,1,2,2,2,3,3,3,0.632699468,0.079001729,-0.66263066,1,0,0,1,4,0,1,1,0,0,2,0,4,0,1,2,1,0,1,0,0,0,0,0,1,-9,0,1,0,0,1,0,1,0,2,0,1,0,2,0,1,0,2,1,0,0,1,0,1,0,0,2
1406,3,1,0.425358733,1,85204,0,1,0,1,1,0,0,0,0,1,1,0,3,5,5,3,3,3,3,3,2,2,1,1,3,4,3,4,-1.119201325,-0.936645581,-0.979285781,1,0,0,0,1,0,0,1,1,0,1,1,1,1,0,1,0,0,3,1,0,0,1,0,1,-9,0,0,0,1,3,0,1,0,2,0,0,1,3,0,1,0,2,0,1,0,2,0,0,0,1,4
1410,3,4,0.034343008,1,85338,0,1,0,2,0,1,0,0,0,1,4,2,4,5,2,4,4,4,5,5,2,1,2,2,3,3,2,2,0.315006112,0.24129436,0.015251926,1,0,0,1,4,0,0,1,0,0,2,0,4,0,0,3,0,0,3,0,0,0,0,1,0,-9,0,1,0,0,1,1,0,0,1,0,1,0,2,0,0,1,3,1,0,0,1,0,1,0,0,2
1421,3,2,0.019886256,1,85022,0,1,0,2,0,1,0,0,0,1,3,1,4,5,1,3,1,4,3,3,2,2,2,2,2,1,2,4,-0.138269146,-1.476539594,0.035450834,1,0,0,1,4,0,0,1,0,0,2,0,4,0,1,2,0,1,2,0,0,0,0,0,0,-9,0,0,0,1,3,0,1,0,2,0,1,0,2,1,0,0,1,1,0,0,1,0,0,1,0,3
1425,3,2,0.032747908,1,85021,1,0,0,1,1,0,0,0,0,1,3,1,4,5,3,4,3,5,5,4,1,1,2,1,3,3,2,3,-0.845057324,0.304221311,0.33900276,1,0,1,1,4,0,0,1,0,0,2,0,4,0,1,2,1,0,1,0,0,0,1,0,0,-9,0,0,0,1,3,0,0,1,3,1,0,0,1,0,1,0,2,0,0,1,3,0,0,0,1,4
1426,3,4,0.018794187,1,85251,1,0,0,2,0,1,0,0,0,2,2,1,5,3,2,2,1,4,5,4,2,2,2,2,2,4,2,3,1.121169541,0.333451695,-0.024964237,1,0,0,1,4,0,0,1,0,0,2,0,4,1,0,1,1,0,1,0,0,0,0,0,0,1,1,0,0,1,3,0,0,1,3,0,1,0,2,0,1,0,2,1,0,0,1,0,0,0,1,4
1427,3,3,0.035202296,1,85340,0,1,0,2,0,1,0,0,0,3,2,3,2,4,2,2,3,3,4,3,2,1,1,1,3,3,3,4,0.318625113,-1.036715697,-0.79651432,0,1,0,0,2,1,1,1,0,0,1,1,1,0,1,2,0,0,3,0,0,0,0,1,0,-9,0,0,1,0,2,1,0,0,1,0,1,0,2,0,1,0,2,1,0,0,1,0,1,0,0,2
1429,3,4,0.009955992,1,85307,0,1,0,2,0,1,0,0,0,2,4,2,1,5,2,2,2,5,5,5,2,2,2,2,3,4,2,3,-1.113321749,-0.326420294,0.486622887,1,0,0,1,4,0,0,1,0,0,2,0,4,1,0,1,0,1,2,0,0,0,0,0,0,1,1,0,1,0,2,1,0,0,1,1,0,0,1,0,1,0,2,1,0,0,1,0,0,1,0,3
1434,3,2,0.038627727,1,85008,1,0,0,3,0,0,1,0,0,1,1,1,2,3,1,1,5,5,5,5,2,1,2,2,2,3,3,2,-0.633423426,0.362051154,0.301194321,0,1,0,0,2,0,0,0,1,0,2,0,2,0,1,2,0,0,3,1,0,0,0,0,0,-9,0,0,0,1,3,0,0,1,3,0,1,0,2,0,0,1,3,0,1,0,2,0,0,1,0,3
1445,3,4,0.023842282,1,85225,1,0,0,4,0,0,0,1,0,3,1,3,3,4,1,2,1,4,5,4,2,1,3,2,3,3,2,2,-0.630308839,0.364213273,0.097785775,0,0,0,1,4,1,1,1,0,0,2,0,4,0,1,2,0,1,2,0,1,0,0,1,0,-9,0,0,0,1,3,0,1,0,2,0,0,1,3,0,1,0,2,1,0,0,1,0,0,1,0,3
1446,3,2,0.045873799,1,85201,1,0,0,1,1,0,0,0,0,5,5,3,1,2,5,5,5,5,5,5,1,1,1,1,3,1,1,1,0.78553253,-1.795718278,0.179291341,1,1,0,0,2,0,0,1,0,0,2,0,4,0,1,2,0,0,3,1,0,0,1,0,0,1,1,0,0,1,3,0,0,1,3,0,1,0,2,0,0,1,3,0,0,1,3,0,0,0,1,4
1448,3,2,0.086457548,1,85253,0,1,0,3,0,0,1,0,0,2,2,1,4,3,3,3,3,4,4,4,2,2,2,2,2,4,3,3,-0.673612909,0.23393229,0.380904226,1,0,0,1,4,0,1,1,0,0,2,0,4,0,0,3,0,1,2,0,0,0,0,1,0,-9,0,1,0,0,1,0,1,0,2,0,1,0,2,0,1,0,2,1,0,0,1,0,1,0,0,2
1461,3,2,0.046542077,1,85339,0,1,0,2,0,1,0,0,0,1,4,2,4,4,3,3,2,4,5,5,3,1,3,1,3,2,2,3,0.169536971,0.736169004,0.277781083,0,1,0,0,2,0,0,0,0,0,2,0,5,0,1,2,0,1,2,0,0,0,0,1,0,-9,0,1,0,0,1,1,0,0,1,1,0,0,1,1,0,0,1,1,0,0,1,0,1,0,0,2
1472,3,4,0.00978853,1,85301,1,0,0,1,1,0,0,0,0,4,2,2,3,2,2,2,3,4,4,4,3,1,1,1,3,2,2,3,-1.871173778,0.44351338,-0.790829995,1,0,0,1,4,0,0,1,0,0,2,0,4,1,0,1,1,0,1,0,1,0,0,0,1,1,1,0,0,1,3,0,0,1,3,0,1,0,2,1,0,0,1,1,0,0,1,0,0,0,1,4
1478,3,4,0.028330094,1,85262,0,1,0,4,0,0,0,1,0,3,2,1,4,4,2,4,2,4,5,4,2,2,2,2,2,3,3,3,1.114665667,-0.458914557,-1.133686752,0,0,0,1,4,1,1,1,0,0,2,0,4,0,1,2,0,1,2,0,0,0,0,1,0,-9,0,1,0,0,1,1,0,0,1,0,1,0,2,1,0,0,1,1,0,0,1,1,0,0,0,1
1479,3,4,0.004663329,1,85024,0,1,0,2,0,1,0,0,0,2,5,3,3,4,1,1,3,5,5,3,2,2,2,1,2,4,4,2,-2.640050611,0.792595906,0.414995927,0,0,0,1,4,1,1,0,0,0,1,1,1,1,0,1,1,0,1,0,1,0,0,0,1,-9,0,0,0,1,3,0,1,0,2,0,0,1,3,0,1,0,2,1,0,0,1,0,0,1,0,3
1487,3,2,0.034787182,1,85208,0,1,0,1,1,0,0,0,0,1,1,1,5,5,1,1,3,4,3,3,2,1,1,2,2,4,3,4,1.148281709,1.057552502,-0.808871329,1,0,1,0,3,0,0,1,0,0,2,0,4,0,1,2,0,1,2,0,0,0,1,1,0,1,1,0,1,0,2,0,1,0,2,0,0,1,3,0,1,0,2,1,0,0,1,0,1,0,0,2
1489,3,2,0.00675412,1,85282,1,0,0,4,0,0,0,1,0,3,2,1,4,4,1,1,4,1,4,1,2,2,2,2,2,4,3,4,-0.30793393,-1.12143582,0.103586776,0,0,0,1,4,0,0,1,0,0,2,0,4,1,0,1,1,0,1,0,0,0,1,0,1,-9,0,0,0,1,3,0,0,1,3,0,0,1,3,0,0,1,3,0,1,0,2,0,0,0,1,4
1507,3,2,0.096242067,1,85210,1,0,0,3,0,0,1,0,0,1,3,0,1,5,5,5,5,5,5,5,3,1,1,1,3,1,1,1,0.861229557,0.874222881,0.545648216,0,0,0,0,1,0,0,1,0,0,2,0,4,0,1,2,0,1,2,1,0,0,0,0,0,-9,0,0,0,1,3,0,0,1,3,0,0,1,3,0,1,0,2,0,0,1,3,0,0,0,1,4
1513,3,2,0.202265634,1,85281,1,0,0,3,0,0,1,0,0,3,2,1,2,4,3,2,4,4,4,4,2,1,1,1,3,1,2,3,-0.066539086,0.178833889,0.619082835,0,1,0,0,2,0,0,1,0,0,1,1,1,0,1,2,1,0,1,0,0,0,1,0,0,-9,0,0,0,1,3,0,0,1,3,0,0,1,3,0,1,0,2,0,0,1,3,0,0,0,1,4
1514,33,2,0.0299175,1,85201,1,0,0,4,0,0,0,1,0,2,5,3,3,5,2,5,2,5,5,5,3,1,1,1,3,2,2,2,1.558645997,1.484923189,-1.946613102,0,0,1,0,3,0,1,1,0,0,2,0,4,0,0,3,0,0,3,1,0,0,0,0,0,-9,0,0,0,1,3,0,0,1,3,0,1,0,2,0,0,1,3,0,0,1,3,0,0,0,1,4
1530,3,2,0.006853877,1,85015,1,0,0,3,0,0,1,0,0,2,4,2,4,3,2,4,3,4,4,3,2,3,2,1,2,2,2,2,-1.995710674,0.602783375,0.366752748,1,1,0,0,2,0,0,1,0,0,2,0,4,1,0,1,0,0,3,0,1,0,0,0,0,-9,0,0,0,1,3,0,0,1,3,0,1,0,2,0,1,0,2,0,0,1,3,0,0,0,1,4
1532,3,2,0.657900338,1,85301,1,0,0,4,0,0,0,1,0,2,5,3,1,5,3,4,1,4,5,5,1,1,1,1,2,1,2,2,1.228957687,1.344504647,0.611210096,0,0,0,0,1,0,0,0,0,0,1,1,1,0,1,2,0,0,3,0,0,0,1,1,0,-9,0,0,0,1,3,0,0,1,3,0,1,0,2,1,0,0,1,1,0,0,1,0,0,0,1,4
1533,3,4,0.00690675,1,85301,1,0,0,1,1,0,0,0,0,1,1,0,5,4,1,4,3,4,5,4,2,2,2,2,2,3,2,2,0.040431281,-0.710964741,-0.544718333,0,0,1,0,3,0,0,1,0,0,2,0,4,1,0,1,0,0,3,1,1,0,0,1,0,1,1,0,0,1,3,0,0,1,3,0,1,0,2,1,0,0,1,1,0,0,1,0,0,0,1,4
1544,3,2,0.008919147,1,85035,0,1,0,1,1,0,0,0,0,1,2,2,2,4,1,2,1,3,3,3,2,1,2,1,3,3,3,2,0.094085321,0.491702872,-0.434537401,0,0,1,0,3,0,0,0,0,0,2,0,5,1,0,1,1,0,1,0,0,0,0,0,1,-9,0,0,0,1,3,0,1,0,2,0,1,0,2,1,0,0,1,1,0,0,1,0,0,1,0,3
1545,3,4,0.032616678,1,85085,0,1,0,2,0,1,0,0,0,3,4,2,4,5,2,4,4,4,4,3,2,2,2,2,2,3,2,4,0.464348465,-0.818399187,-1.243833622,0,0,0,1,4,1,1,1,0,0,2,0,4,0,1,2,0,1,2,0,1,0,0,0,0,-9,0,1,0,0,1,1,0,0,1,1,0,0,1,1,0,0,1,1,0,0,1,1,0,0,0,1
1546,3,4,0.016590176,1,85201,1,0,0,1,1,0,0,0,0,1,5,1,5,1,1,1,1,1,5,1,2,2,2,2,2,4,2,3,0.169873104,-1.592724834,1.577714229,0,0,0,1,4,0,1,1,0,0,2,0,4,1,0,1,1,0,1,0,0,0,0,0,0,1,1,0,0,1,3,0,0,1,3,0,1,0,2,0,0,1,3,0,0,1,3,0,0,0,1,4
1563,3,2,0.011410468,1,85286,0,1,0,2,0,1,0,0,0,3,6,3,3,3,3,3,3,3,3,3,2,2,2,2,2,3,3,3,-0.853109407,0.247467094,-1.05251556,0,0,0,1,4,1,1,1,0,0,2,0,4,0,1,2,0,0,3,0,1,0,0,1,0,-9,0,0,1,0,2,0,1,0,2,0,0,1,3,1,0,0,1,1,0,0,1,0,1,0,0,2
1570,3,4,0.120115349,1,85205,0,1,0,5,0,0,0,0,1,3,2,2,1,1,1,1,1,1,1,1,1,1,1,1,1,1,1,1,-2.545978046,-0.946040029,-0.385292527,0,0,0,1,4,0,0,0,0,0,2,0,5,0,1,2,0,1,2,0,1,0,0,1,0,-9,0,0,1,0,2,0,1,0,2,0,1,0,2,0,1,0,2,1,0,0,1,0,0,1,0,3
1571,3,4,0.058853402,1,85209,0,1,0,1,1,0,0,0,0,1,2,2,1,5,3,5,1,5,5,3,2,2,2,2,2,3,3,3,0.771553767,0.951814234,-1.185228846,1,0,0,1,4,0,0,1,0,0,1,1,1,0,1,2,1,0,1,0,0,0,0,1,0,-9,0,0,1,0,2,0,1,0,2,0,0,1,3,1,0,0,1,1,0,0,1,0,0,1,0,3
1580,3,2,0.008613972,1,85015,1,0,0,4,0,0,0,1,0,2,1,2,1,3,2,3,1,5,5,5,2,1,2,2,2,4,2,3,0.506253798,1.159822597,0.754161396,1,0,1,1,4,1,1,1,0,0,2,0,4,1,0,1,0,1,2,0,0,0,1,1,0,1,1,0,0,1,3,0,0,1,3,0,1,0,2,0,1,0,2,0,0,1,3,0,0,0,1,4
1596,3,2,0.006143869,1,85282,1,0,0,1,1,0,0,0,0,2,3,3,3,4,2,2,2,4,4,4,2,2,1,2,2,4,2,4,-0.552297945,-0.05928876,0.170742449,1,0,0,1,4,0,0,0,1,0,2,0,2,1,0,1,1,0,1,0,0,0,0,0,1,1,1,0,0,1,3,0,0,1,3,0,0,1,3,0,0,1,3,0,1,0,2,0,0,0,1,4
1604,3,4,0.003302399,0,85614,0,1,0,2,0,1,0,0,0,1,5,2,5,5,3,3,1,2,3,1,2,1,1,1,2,1,1,1,0.711004528,-2.086673588,-0.910513322,1,1,0,0,2,0,0,1,0,0,2,0,4,1,0,1,0,1,2,0,0,0,0,0,0,-9,0,1,0,0,1,1,0,0,1,0,0,1,3,1,0,0,1,1,0,0,1,1,0,0,0,1
1616,3,4,0.064243624,1,85021,1,0,0,2,0,1,0,0,0,3,3,3,3,3,3,3,2,3,3,3,2,2,2,2,2,3,3,3,-0.186946461,0.178101409,-0.946294144,0,0,0,0,1,0,0,1,0,0,2,0,4,1,0,1,0,1,2,0,0,0,0,1,0,-9,0,0,0,1,3,0,0,1,3,1,0,0,1,0,1,0,2,0,0,1,3,0,0,0,1,4
1619,3,2,0.065169304,1,85008,1,0,0,1,1,0,0,0,0,1,2,1,4,2,2,2,3,4,4,2,2,1,1,1,3,3,3,2,-1.409428606,-0.784341221,-0.084571396,0,1,0,0,2,1,1,1,0,0,2,0,4,0,1,2,1,0,1,0,0,0,1,1,0,-9,0,0,0,1,3,0,0,1,3,0,1,0,2,0,0,1,3,0,1,0,2,0,0,1,0,3
1621,3,4,0.031308857,1,85204,0,1,0,3,0,0,1,0,0,2,5,2,2,5,2,4,4,4,3,3,2,1,1,1,3,2,2,4,-0.996112417,-0.53488426,0.643909951,1,0,0,0,1,0,0,1,0,0,2,0,4,0,1,2,0,0,3,0,0,0,0,1,0,-9,0,0,0,1,3,0,1,0,2,0,0,1,3,0,1,0,2,0,1,0,2,0,0,0,1,4
1622,3,2,0.08766727,1,85255,0,1,0,1,1,0,0,0,0,1,1,1,4,5,1,1,1,4,5,4,2,3,1,1,3,2,2,2,0.113811759,1.099646363,0.07948063,0,1,0,0,2,0,1,1,0,0,2,0,4,0,0,3,0,0,3,1,0,1,0,0,0,-9,0,1,0,0,1,0,1,0,2,0,0,1,3,0,1,0,2,1,0,0,1,1,0,0,0,1
1626,3,4,0.00310071,1,85041,0,1,0,2,0,1,0,0,0,3,2,1,2,4,3,2,1,4,4,4,3,2,2,1,2,3,2,2,-1.0468684,-0.619575293,0.126046584,0,0,1,1,4,0,0,1,0,0,2,0,4,1,0,1,0,1,2,0,0,0,0,0,1,1,1,0,0,1,3,1,0,0,1,1,0,0,1,1,0,0,1,1,0,0,1,0,0,1,0,3
1633,3,4,0.01046409,1,85387,0,1,0,2,0,1,0,0,0,2,1,0,3,4,3,3,4,3,5,3,2,2,1,2,2,4,4,4,-0.266031397,-1.990745019,1.260122652,1,1,0,0,2,1,1,1,0,0,2,0,4,0,1,2,0,0,3,1,0,0,0,1,0,-9,0,1,0,0,1,1,0,0,1,1,0,0,1,1,0,0,1,1,0,0,1,1,0,0,0,1
1637,3,2,0.140215686,1,85043,0,1,0,3,0,0,1,0,0,2,4,4,4,4,4,4,4,3,5,4,2,2,2,2,2,3,3,3,0.071938374,1.539851512,0.63100009,1,1,0,0,2,1,1,0,0,1,2,0,3,0,0,3,0,0,3,1,0,0,0,1,0,-9,0,1,0,0,1,0,0,1,3,0,0,1,3,0,0,1,3,1,0,0,1,0,0,1,0,3
1646,3,4,0.012322919,1,85210,1,0,0,1,1,0,0,0,0,1,4,1,3,4,1,4,2,5,5,5,2,2,2,2,2,2,2,3,0.659473199,-0.675928095,0.641011922,1,0,0,1,4,0,0,1,0,0,2,0,4,0,1,2,0,0,3,1,0,0,0,0,0,1,1,0,0,1,3,0,0,1,3,0,0,1,3,0,1,0,2,0,0,1,3,0,0,0,1,4
1653,3,2,0.164681594,1,85345,0,1,0,1,1,0,0,0,0,1,1,1,2,4,3,4,2,4,3,3,3,2,2,2,2,2,2,2,-0.165083955,0.178472368,-0.46078168,0,0,1,0,3,0,0,0,0,1,2,0,3,0,1,2,1,0,1,0,0,0,1,0,0,-9,0,0,1,0,2,0,1,0,2,0,0,1,3,1,0,0,1,1,0,0,1,0,0,1,0,3
1671,3,2,0.039251634,1,85085,0,1,0,1,1,0,0,0,0,1,1,0,5,3,2,1,1,3,1,1,1,2,2,3,2,3,3,3,-0.762135259,1.350996511,-1.787363365,1,0,0,0,1,0,0,1,0,0,2,0,4,1,0,1,0,0,3,1,0,0,1,1,0,-9,0,1,0,0,1,1,0,0,1,1,0,0,1,1,0,0,1,1,0,0,1,1,0,0,0,1
1673,3,4,0.086224549,1,85375,0,1,0,3,0,0,1,0,0,3,2,3,4,4,3,2,3,4,4,5,2,2,2,2,2,4,4,1,0.462107305,0.645216144,-0.271815183,0,0,1,0,3,0,0,1,0,0,2,0,4,0,1,2,0,1,2,0,0,0,0,1,0,-9,0,1,0,0,1,1,0,0,1,0,1,0,2,1,0,0,1,1,0,0,1,1,0,0,0,1
1677,3,4,0.011164956,1,85387,0,1,0,1,1,0,0,0,0,2,1,0,4,3,3,2,4,4,4,3,2,1,1,1,3,4,3,3,-1.006848668,-1.503851413,-0.365988227,1,0,1,0,3,1,1,1,0,0,2,0,4,1,0,1,0,1,2,0,0,0,0,1,0,1,1,1,0,0,1,1,0,0,1,1,0,0,1,1,0,0,1,1,0,0,1,1,0,0,0,1
1679,3,2,0.017590308,1,85050,0,1,0,3,0,0,1,0,0,3,4,3,4,4,4,5,3,5,4,5,2,3,3,3,1,2,2,2,0.09518217,0.867791291,0.404485007,0,1,0,0,2,0,0,1,0,0,2,0,4,0,1,2,0,0,3,1,0,1,1,0,0,-9,0,0,0,1,3,1,0,0,1,0,0,1,3,1,0,0,1,1,0,0,1,0,1,0,0,2
1689,3,2,0.006155938,1,85022,0,1,0,3,0,0,1,0,0,1,1,1,3,4,4,3,3,4,4,4,3,1,1,1,3,4,4,4,-0.814613102,-0.367395781,1.017047308,0,1,0,0,2,0,0,1,0,0,2,0,4,0,1,2,0,0,3,0,0,0,1,0,1,-9,0,0,0,1,3,0,1,0,2,0,1,0,2,1,0,0,1,1,0,0,1,0,0,1,0,3
1695,3,2,0.040644617,1,85340,0,1,0,3,0,0,1,0,0,2,4,3,4,4,3,3,1,2,4,5,2,3,3,1,3,2,2,3,-1.915452673,-0.348466673,0.90886298,0,1,0,0,2,0,0,0,1,0,2,0,2,0,1,2,0,0,3,1,1,1,1,1,0,-9,0,0,1,0,2,1,0,0,1,0,1,0,2,0,1,0,2,1,0,0,1,0,1,0,0,2
1697,3,2,0.021514384,1,85020,1,0,0,2,0,1,0,0,0,3,4,2,2,4,2,4,1,4,5,5,2,2,2,2,3,3,2,3,0.69836593,-1.365671734,-0.549200859,1,0,1,0,3,0,0,1,0,0,2,0,4,0,1,2,0,1,2,0,0,0,0,0,1,1,1,0,0,1,3,0,0,1,3,0,1,0,2,0,0,1,3,1,0,0,1,0,0,0,1,4
1709,3,4,0.040850855,1,85209,0,1,0,2,0,1,0,0,0,1,2,2,3,3,3,3,3,3,3,3,2,2,2,2,2,3,3,3,-0.422974382,-0.213008168,0.668034852,1,1,0,0,2,0,1,1,0,0,2,0,4,0,1,2,0,1,2,0,0,0,0,1,0,-9,0,0,1,0,2,0,1,0,2,0,0,1,3,1,0,0,1,1,0,0,1,0,0,1,0,3
1720,3,2,0.023462337,1,85203,0,1,0,1,1,0,0,0,0,1,2,0,5,3,1,1,1,4,4,4,2,2,2,2,2,3,3,3,0.845623291,1.572673258,0.772077025,1,1,0,0,2,0,0,1,0,0,2,0,4,0,1,2,0,0,3,1,0,0,0,1,0,1,1,0,0,1,3,0,1,0,2,0,1,0,2,0,0,1,3,0,0,1,3,0,0,0,1,4
1721,3,1,0.033848988,1,85009,1,0,0,1,1,0,0,0,0,1,1,0,4,2,2,2,1,4,4,3,2,2,2,2,2,4,3,3,0.279832916,0.053610713,-0.713468488,0,0,0,1,4,1,1,1,0,0,2,0,4,1,0,1,0,1,2,1,1,0,1,1,0,-9,0,0,0,1,3,0,0,1,3,0,0,1,3,0,1,0,2,1,0,0,1,0,0,0,1,4
1725,3,2,0.014680286,1,85225,1,0,0,2,0,1,0,0,0,3,4,2,4,5,4,5,4,3,4,4,3,2,2,2,3,2,2,2,0.576539465,-0.058207596,-0.34241502,1,1,0,0,2,0,0,1,0,0,2,0,4,1,0,1,0,0,3,0,1,0,0,1,0,1,1,0,0,1,3,0,1,0,2,0,0,1,3,0,1,0,2,1,0,0,1,0,0,1,0,3
1726,49,4,0.011186152,0,98374,0,1,0,1,1,0,0,0,0,1,1,1,4,5,1,1,1,4,5,2,3,1,1,2,2,3,3,4,-0.05941317,-1.637520032,-0.313561136,1,1,0,0,2,0,0,1,0,0,2,0,4,0,1,2,0,0,3,1,1,0,0,1,0,0,0,0,1,0,2,0,1,0,2,1,0,0,1,1,0,0,1,1,0,0,1,1,0,0,0,1
1731,38,2,0.1207444,0,97462,0,0,1,1,1,0,0,0,0,1,4,2,3,5,1,3,3,3,4,1,2,1,2,2,3,4,3,3,0.702883991,-1.520230468,0.008567942,0,0,1,0,3,1,1,1,0,0,2,0,4,1,0,1,1,0,1,0,1,0,1,1,0,-9,0,1,0,0,1,1,0,0,1,0,1,0,2,0,1,0,2,1,0,0,1,1,0,0,0,1
1749,3,2,0.005953841,1,85020,1,0,0,2,0,1,0,0,0,3,2,2,3,5,2,2,2,5,5,4,2,2,3,3,3,4,2,2,-0.496975558,0.160905998,1.091006502,1,0,1,0,3,1,1,1,0,0,2,0,4,1,0,1,1,0,1,0,0,0,1,0,1,1,1,0,0,1,3,0,0,1,3,0,1,0,2,0,0,1,3,1,0,0,1,0,0,0,1,4
1757,3,4,0.006673805,1,85204,0,1,0,1,1,0,0,0,0,1,4,2,4,4,1,2,1,3,3,3,2,1,2,2,2,1,2,3,0.576573533,0.437387015,0.777905895,1,0,1,0,3,1,1,1,0,0,2,0,4,1,0,1,1,0,1,0,0,0,0,0,0,-9,0,0,0,1,3,0,1,0,2,0,0,1,3,0,1,0,2,0,1,0,2,0,0,0,1,4
1762,3,3,0.238804105,1,85282,1,0,0,4,0,0,0,1,0,3,5,2,4,5,3,4,2,2,3,3,1,2,1,2,3,2,2,1,-0.164231992,-0.925105193,0.347536677,1,0,0,0,1,0,0,0,0,0,2,0,5,1,0,1,0,0,3,0,1,0,0,0,0,1,1,0,0,1,3,0,0,1,3,0,0,1,3,0,0,1,3,0,1,0,2,0,0,0,1,4
1769,3,4,0.009527294,1,85203,0,1,0,3,0,0,1,0,0,3,1,1,3,5,1,4,4,5,5,5,3,1,1,2,3,2,2,2,0.198598362,0.691092973,-1.411913373,1,0,1,0,3,0,0,1,0,0,2,0,4,0,1,2,0,0,3,0,0,0,0,0,0,-9,0,0,0,1,3,0,1,0,2,0,1,0,2,0,0,1,3,0,0,1,3,0,0,0,1,4
1776,3,2,0.012337127,1,85033,0,1,0,1,1,0,0,0,0,1,1,1,5,1,1,1,1,1,4,1,2,2,2,2,2,4,3,4,-1.212759537,-0.423922297,0.335422989,1,0,1,0,3,0,0,1,0,0,2,0,4,1,0,1,0,0,3,0,0,0,1,1,0,-9,0,0,0,1,3,0,1,0,2,1,0,0,1,1,0,0,1,1,0,0,1,0,0,1,0,3
1781,3,2,0.186328674,1,85233,0,1,0,1,1,0,0,0,0,3,3,3,3,5,1,1,1,5,5,3,2,1,1,1,3,1,1,1,-1.005857897,-0.782572879,-0.563819603,1,1,0,0,2,0,0,0,0,0,2,0,5,0,0,3,0,0,3,1,0,0,1,1,0,-9,0,0,1,0,2,0,0,1,3,0,0,1,3,0,1,0,2,1,0,0,1,0,0,1,0,3
1783,3,4,0.095241214,1,85354,0,0,1,2,0,1,0,0,0,2,6,1,5,4,1,1,1,1,5,4,2,2,2,2,2,4,3,3,1.363822506,0.431030356,0.219741703,1,0,0,1,4,0,0,1,0,0,2,0,4,0,1,2,0,1,2,0,0,0,0,1,0,1,1,1,0,0,1,1,0,0,1,1,0,0,1,0,0,1,3,1,0,0,1,1,0,0,0,1
1784,3,2,0.009250359,1,85001,1,0,0,3,0,0,1,0,0,2,5,4,2,4,5,4,4,5,5,5,2,1,1,1,2,3,1,2,0.417621586,1.184117064,0.405850457,1,0,1,0,3,1,1,1,0,0,1,1,1,0,1,2,0,0,3,1,0,0,0,0,0,-9,0,0,0,0,0,0,0,0,0,0,0,0,0,0,0,0,0,0,0,0,0,0,0,0,0,0
1797,3,4,0.100988295,1,85395,0,1,0,2,0,1,0,0,0,1,4,1,4,5,2,2,3,4,5,4,2,2,2,2,2,4,3,3,0.315172452,0.942410652,0.083404785,0,0,0,1,4,1,1,1,0,0,2,0,4,0,0,3,0,1,2,0,0,0,0,1,0,1,1,0,1,0,2,0,1,0,2,0,0,1,3,0,1,0,2,1,0,0,1,1,0,0,0,1
1805,3,4,0.081211948,1,85396,0,1,0,1,1,0,0,0,0,1,2,3,2,4,3,3,3,4,5,3,2,1,2,2,3,3,3,3,0.097490899,-0.02587608,-0.515040258,0,1,0,0,2,1,1,0,0,0,1,1,1,1,0,1,0,0,3,1,0,0,0,1,0,1,1,1,0,0,1,1,0,0,1,0,1,0,2,1,0,0,1,1,0,0,1,1,0,0,0,1
1811,3,4,0.033772596,1,85033,0,1,0,3,0,0,1,0,0,2,2,3,3,3,3,3,4,4,3,3,3,3,3,2,2,1,3,1,-0.379178428,0.586295066,-0.297029699,1,0,1,0,3,0,0,0,1,0,2,0,2,0,1,2,1,0,1,0,1,0,0,1,0,-9,0,0,0,1,3,0,1,0,2,1,0,0,1,1,0,0,1,1,0,0,1,0,0,1,0,3
1813,3,4,0.038620577,1,85029,1,0,0,1,1,0,0,0,0,1,2,2,3,3,1,1,1,5,2,3,2,2,2,2,2,1,2,3,-0.944494112,-1.213753369,0.775092066,0,0,1,0,3,0,0,1,0,0,2,0,4,1,0,1,0,0,3,0,1,0,0,1,0,1,1,0,0,1,3,0,0,1,3,0,0,1,3,0,1,0,2,1,0,0,1,0,0,0,1,4
1820,3,4,0.018473671,1,85234,0,1,0,1,1,0,0,0,0,1,1,1,1,1,1,1,1,1,3,3,2,2,2,2,2,3,3,3,-0.540628232,0.254925106,-0.144403322,0,0,0,1,4,1,1,1,0,0,2,0,4,0,1,2,0,0,3,0,0,0,0,1,0,-9,0,0,1,0,2,0,1,0,2,0,0,1,3,0,0,1,3,1,0,0,1,0,0,1,0,3
1821,3,4,0.017524969,1,85301,1,0,0,3,0,0,1,0,0,4,2,3,1,4,5,3,4,5,5,5,3,1,1,1,3,3,3,2,-0.420450093,0.780627958,0.674791858,1,1,0,0,2,0,0,0,1,0,2,0,2,1,0,1,0,1,2,0,1,0,0,0,0,-9,0,0,0,1,3,0,0,1,3,0,1,0,2,1,0,0,1,1,0,0,1,0,0,0,1,4
1831,37,2,0.626051971,0,73185,1,0,0,4,0,0,0,1,0,2,5,5,5,4,3,5,4,4,5,4,1,3,1,3,1,1,2,1,0.316279193,1.535936622,1.045159792,0,1,0,0,2,1,1,1,0,0,2,0,4,0,0,3,0,0,3,1,0,1,0,0,0,1,1,0,0,0,0,0,0,0,0,0,0,0,0,0,0,0,0,0,0,0,0,0,0,0,0,0
1836,3,2,0.087717748,1,85043,0,1,0,2,0,1,0,0,0,3,3,3,4,5,5,5,4,4,5,4,3,3,3,1,3,2,2,1,0.31456073,1.339020173,0.46900645,0,1,0,0,2,1,1,1,0,0,2,0,4,0,0,3,0,0,3,1,0,0,0,1,0,-9,0,1,0,0,1,0,0,1,3,0,0,1,3,0,0,1,3,1,0,0,1,0,0,1,0,3
1841,3,4,0.053061992,1,85205,0,1,0,1,1,0,0,0,0,1,1,0,4,4,2,2,1,4,3,3,2,2,2,2,2,4,3,4,0.170545029,-0.037488348,-0.365193475,0,0,0,1,4,0,0,1,0,0,2,0,4,0,0,3,0,0,3,0,1,0,0,1,0,1,1,0,1,0,2,0,1,0,2,0,1,0,2,0,1,0,2,1,0,0,1,0,0,1,0,3
1844,3,4,0.015118202,1,85050,0,1,0,1,1,0,0,0,0,1,3,3,5,4,2,1,1,3,5,3,2,2,2,2,2,3,4,4,-0.195586899,1.341989926,-0.615579204,1,0,0,1,4,0,0,1,0,0,2,0,4,0,1,2,0,0,3,0,0,0,0,1,0,1,1,0,0,1,3,1,0,0,1,0,0,1,3,1,0,0,1,1,0,0,1,0,1,0,0,2
1850,3,4,0.058211688,1,85042,0,1,0,2,0,1,0,0,0,1,3,3,4,4,1,1,1,1,1,1,2,2,3,2,1,3,2,2,-1.286476311,1.61376097,1.326215434,0,1,0,0,2,0,0,0,0,0,1,1,1,0,1,2,1,0,1,0,0,0,0,0,0,-9,0,0,0,1,3,0,1,0,2,1,0,0,1,1,0,0,1,1,0,0,1,0,0,1,0,3
1854,3,4,0.023842282,1,85375,0,1,0,2,0,1,0,0,0,1,2,0,3,3,2,2,1,3,5,3,2,2,2,2,2,1,2,2,0.543734088,0.081027794,-0.865373758,0,0,0,1,4,1,1,1,0,0,2,0,4,0,1,2,0,1,2,0,0,0,0,1,0,-9,0,1,0,0,1,1,0,0,1,0,1,0,2,1,0,0,1,1,0,0,1,1,0,0,0,1
1862,3,4,0.017245226,1,85051,1,0,0,2,0,1,0,0,0,2,1,0,3,5,1,1,1,4,3,3,2,1,2,2,3,3,2,3,-0.726231288,0.856072353,0.23767858,1,0,0,1,4,0,0,1,0,0,2,0,4,0,1,2,0,1,2,0,0,0,0,1,0,-9,0,0,0,1,3,0,0,1,3,0,0,1,3,0,1,0,2,1,0,0,1,0,0,0,1,4
1865,3,2,0.019667454,1,85337,0,1,0,5,0,0,0,0,1,3,3,2,5,4,3,4,1,3,3,3,2,2,3,3,2,3,2,3,-0.852583796,1.174965478,0.540800308,1,1,0,0,2,0,0,0,0,0,2,0,5,1,0,1,0,0,3,1,0,0,0,1,0,1,1,1,0,0,1,1,0,0,1,0,1,0,2,0,0,1,3,1,0,0,1,0,0,1,0,3
1866,3,2,0.06376071,1,85297,0,1,0,2,0,1,0,0,0,1,4,1,5,1,1,1,1,4,4,3,2,2,2,2,2,4,2,2,0.679679532,0.336365495,-0.168645649,0,0,1,0,3,0,0,1,0,0,2,0,4,0,0,3,0,0,3,0,0,0,1,1,0,1,1,0,0,1,3,1,0,0,1,0,0,1,3,1,0,0,1,1,0,0,1,0,1,0,0,2
1872,3,4,0.01656135,1,85053,1,0,0,3,0,0,1,0,0,2,4,4,2,5,3,4,1,4,5,5,2,1,1,1,3,3,2,1,0.117050682,0.863681021,-0.084365746,1,0,1,0,3,0,0,1,0,0,2,0,4,1,0,1,0,0,3,0,1,0,0,1,0,-9,0,0,0,1,3,0,0,1,3,0,0,1,3,0,1,0,2,1,0,0,1,0,0,0,1,4
1877,3,2,0.087717748,1,85030,1,0,0,3,0,0,1,0,0,3,2,2,4,5,4,4,5,3,4,4,3,1,3,1,3,3,2,3,0.129249621,0.935476114,0.772047773,0,1,0,0,2,1,1,1,0,0,2,0,4,0,0,3,0,0,3,1,0,0,0,1,0,1,1,0,0,0,0,0,0,0,0,0,0,0,0,0,0,0,0,0,0,0,0,0,0,0,0,0
1883,5,2,22.89692681,0,93230,0,1,0,4,0,0,0,1,0,1,5,4,4,5,4,4,5,4,4,5,2,3,2,2,3,2,3,3,0.690378766,0.693787698,0.510330533,0,0,0,0,1,1,1,1,0,0,2,0,4,0,0,3,1,0,1,0,0,1,0,0,0,-9,0,0,1,0,2,0,1,0,2,0,1,0,2,0,1,0,2,1,0,0,1,0,0,1,0,3
1884,3,2,0.087717748,1,85213,0,1,0,3,0,0,1,0,0,3,2,1,4,5,4,4,5,4,4,5,3,3,3,1,3,2,2,3,0.358297919,1.385364799,0.542590027,0,1,0,0,2,1,1,1,0,0,2,0,4,0,0,3,0,0,3,1,0,0,0,1,0,-9,0,0,1,0,2,0,1,0,2,0,1,0,2,1,0,0,1,0,1,0,2,0,0,1,0,3
1892,1,2,0.02707241,1,85034,0,1,0,3,0,0,1,0,0,1,1,3,1,3,4,3,1,5,4,3,3,2,2,1,3,3,2,3,-1.920962959,0.84571097,-0.94391083,0,0,0,0,1,0,0,1,0,0,2,0,4,0,1,2,0,0,3,1,0,0,1,0,0,-9,0,1,0,0,1,0,0,1,3,0,0,1,3,0,1,0,2,0,0,1,3,0,0,0,1,4
1897,3,2,0.091440204,1,85020,1,0,0,2,0,1,0,0,0,1,4,2,2,5,2,3,1,5,5,5,2,2,2,2,2,3,3,3,-0.729890168,0.303991375,0.410847608,0,1,0,0,2,0,0,1,0,0,2,0,4,0,1,2,1,0,1,0,0,0,1,0,1,-9,0,0,0,1,3,0,0,1,3,0,1,0,2,0,0,1,3,1,0,0,1,0,0,0,1,4
1904,3,4,0.006407363,1,85029,1,0,0,2,0,1,0,0,0,1,4,5,1,2,1,1,4,4,5,4,2,2,3,3,2,4,4,3,-0.458447146,1.293772793,1.07360117,0,0,1,0,3,0,0,1,0,0,2,0,4,1,0,1,1,0,1,0,0,0,0,0,1,-9,0,0,0,1,3,0,0,1,3,0,0,1,3,0,1,0,2,1,0,0,1,0,0,0,1,4
1906,3,2,0.011188323,1,85008,1,0,0,1,1,0,0,0,0,2,1,2,3,3,3,3,2,3,3,3,2,2,2,2,2,3,3,3,-1.902822022,0.124543784,-0.461746899,1,1,0,0,2,0,0,1,0,0,1,1,1,1,0,1,0,1,2,1,0,0,0,0,1,-9,0,0,0,1,3,0,0,1,3,0,1,0,2,0,0,1,3,0,1,0,2,0,0,1,0,3
1912,3,4,0.006071343,1,85203,0,1,0,2,0,1,0,0,0,4,5,4,1,5,1,4,1,4,4,4,2,1,2,2,3,3,3,4,0.358584539,-1.702547126,-0.275159987,1,0,1,0,3,0,0,1,0,0,2,0,4,0,1,2,0,0,3,0,1,0,0,0,0,1,1,0,0,1,3,0,1,0,2,0,1,0,2,0,0,1,3,0,0,1,3,0,0,0,1,4
1914,3,4,0.010291135,1,85346,0,0,1,1,1,0,0,0,0,1,2,1,4,4,2,3,4,3,5,2,2,1,2,2,3,3,2,4,0.664425796,0.015403527,0.3108711,1,0,0,1,4,1,1,1,0,0,2,0,4,0,1,2,0,1,2,0,0,0,0,1,0,1,1,1,0,0,1,1,0,0,1,1,0,0,1,1,0,0,1,1,0,0,1,1,0,0,0,1
1923,3,2,0.049265945,1,85053,1,0,0,1,1,0,0,0,0,1,1,0,4,5,3,4,3,5,5,4,1,2,2,2,1,2,2,2,0.816689953,0.536493881,0.375462427,0,0,0,0,1,1,1,0,1,0,2,0,2,1,0,1,0,1,2,0,0,0,0,0,0,1,1,0,0,1,3,0,0,1,3,0,0,1,3,0,1,0,2,1,0,0,1,0,0,0,1,4
1926,3,1,0.013618891,1,85263,0,0,1,3,0,0,1,0,0,2,4,2,1,4,3,1,1,4,4,4,2,1,1,2,3,4,3,2,0.207710163,-0.649359278,0.55236468,1,0,0,1,4,0,0,1,0,0,2,0,4,0,1,2,1,0,1,0,0,0,0,0,0,0,0,1,0,0,1,1,0,0,1,1,0,0,1,0,0,1,3,1,0,0,1,1,0,0,0,1
1934,3,3,0.009540821,1,85009,1,0,0,1,1,0,0,0,0,2,1,0,1,1,1,1,1,1,5,5,2,2,2,2,2,3,2,2,0.568265374,0.233055408,0.405895145,0,1,0,0,2,0,0,1,0,0,2,0,4,0,1,2,0,1,2,1,0,0,0,0,1,-9,0,0,0,1,3,0,0,1,3,0,0,1,3,0,1,0,2,1,0,0,1,0,0,0,1,4
1944,3,3,0.05073843,1,85326,0,1,0,1,1,0,0,0,0,2,6,2,4,4,3,2,1,3,4,3,2,1,1,1,2,1,3,2,-1.827628218,0.247170359,0.960342866,0,0,0,0,1,0,0,0,0,0,2,0,5,1,0,1,0,0,3,0,1,0,0,1,0,1,1,1,0,0,1,1,0,0,1,0,1,0,2,1,0,0,1,1,0,0,1,1,0,0,0,1
1955,3,2,0.019325978,1,85021,1,0,0,2,0,1,0,0,0,2,4,0,5,5,1,1,1,4,5,4,2,2,2,2,2,4,3,4,0.189721367,-0.463039669,0.533338031,1,0,1,0,3,0,0,1,0,0,2,0,4,0,1,2,0,1,2,0,0,0,0,0,0,-9,0,0,0,1,3,0,0,1,3,1,0,0,1,0,1,0,2,0,0,1,3,0,0,0,1,4
1964,3,4,0.016304521,1,85375,0,1,0,5,0,0,0,0,1,2,2,1,4,3,2,2,3,3,3,3,2,1,3,2,2,4,3,3,-0.326026508,0.146579375,0.141791531,0,1,0,0,2,0,0,1,0,0,2,0,4,1,0,1,0,0,3,0,0,0,0,1,0,-9,0,1,0,0,1,1,0,0,1,0,1,0,2,1,0,0,1,1,0,0,1,1,0,0,0,1
1971,3,2,0.024946245,1,85035,0,1,0,2,0,1,0,0,0,2,4,4,4,5,5,4,5,5,4,5,3,1,1,1,3,2,2,3,0.471638693,1.083445768,0.997323981,1,1,0,0,2,0,1,1,0,0,2,0,4,0,1,2,0,0,3,1,0,0,1,1,0,-9,0,0,0,1,3,0,1,0,2,0,1,0,2,1,0,0,1,1,0,0,1,0,0,1,0,3
1974,3,4,0.069876605,1,85225,1,0,0,3,0,0,1,0,0,3,1,0,1,5,3,4,4,5,5,4,2,1,1,2,3,2,2,4,0.008622844,0.473286727,-1.705411752,1,0,0,1,4,0,0,1,0,0,2,0,4,0,1,2,0,1,2,0,0,0,0,0,0,-9,0,0,0,1,3,0,1,0,2,0,0,1,3,0,1,0,2,1,0,0,1,0,0,1,0,3
1979,49,2,0.102430147,0,98102,1,0,0,4,0,0,0,1,0,1,5,5,5,5,5,5,1,1,5,5,2,2,2,2,2,3,3,3,1.066925447,1.549916251,0.879406422,0,1,0,0,2,0,0,1,0,0,2,0,4,0,0,3,0,0,3,1,0,0,0,0,0,-9,0,0,0,1,3,0,0,1,3,0,0,1,3,0,0,1,3,0,0,1,3,0,0,0,1,4
1980,49,2,0.045050753,0,98121,1,0,0,2,0,1,0,0,0,3,2,2,2,4,4,3,2,3,4,4,2,1,1,1,3,3,3,4,0.003495106,-0.883947359,-0.165018962,1,1,0,0,2,0,0,1,0,0,2,0,4,1,0,1,1,0,1,0,0,0,1,0,0,-9,0,0,0,1,3,0,0,1,3,0,0,1,3,0,0,1,3,0,0,1,3,0,0,0,1,4
1992,3,2,0.007904765,1,85301,1,0,0,5,0,0,0,0,1,1,3,5,1,5,1,5,3,4,2,4,2,2,2,2,3,2,2,3,0.001293715,0.641794843,0.271155991,0,1,0,0,2,0,0,0,1,0,2,0,2,0,1,2,0,0,3,1,0,0,1,0,1,-9,0,0,0,1,3,0,0,1,3,0,1,0,2,1,0,0,1,1,0,0,1,0,0,0,1,4
1994,3,2,0.181845111,1,85209,0,1,0,2,0,1,0,0,0,2,1,2,4,3,2,4,3,5,4,4,2,1,3,2,2,2,2,4,-0.062794939,0.243134222,-0.528767497,0,1,0,0,2,0,0,1,0,0,2,0,4,1,0,1,0,1,2,0,0,0,1,1,0,-9,0,0,1,0,2,0,1,0,2,0,0,1,3,1,0,0,1,1,0,0,1,0,0,1,0,3
1995,3,2,0.4243988,0,37501,0,0,1,4,0,0,0,1,0,2,5,4,4,5,5,4,4,5,4,5,1,3,3,3,3,2,1,2,0.114871006,1.465670881,0.389884923,0,0,0,0,1,1,1,1,0,0,2,0,4,0,0,3,0,0,3,1,1,0,0,0,0,-9,0,0,0,0,0,0,0,0,0,0,0,0,0,0,0,0,0,0,0,0,0,0,0,0,0,0
1999,3,4,0.07304527,1,85051,1,0,0,3,0,0,1,0,0,3,2,3,3,5,2,2,2,4,4,4,2,2,2,2,2,3,3,4,0.127308777,0.899734788,0.213030542,1,0,0,1,4,0,0,1,0,0,2,0,4,0,0,3,0,1,2,0,0,0,0,1,0,-9,0,0,0,1,3,0,0,1,3,0,0,1,3,0,1,0,2,1,0,0,1,0,0,0,1,4
2005,3,2,0.135011227,1,85030,1,0,0,4,0,0,0,1,0,2,5,4,4,5,5,4,4,5,4,4,3,2,2,3,3,3,3,3,0.917594543,1.075155062,0.133968906,0,1,0,0,2,1,1,1,0,0,2,0,4,0,0,3,0,0,3,1,0,1,0,0,0,-9,0,0,0,0,0,0,0,0,0,0,0,0,0,0,0,0,0,0,0,0,0,0,0,0,0,0
2009,3,2,0.072080338,1,85033,0,1,0,3,0,0,1,0,0,3,2,2,4,4,5,4,4,3,4,4,2,2,3,1,3,2,2,3,0.25311049,0.95892435,0.108644583,0,1,0,0,2,1,1,1,0,0,2,0,4,0,0,3,0,0,3,1,0,0,0,1,0,-9,0,0,0,1,3,0,1,0,2,1,0,0,1,1,0,0,1,1,0,0,1,0,0,1,0,3
2010,3,2,0.027124366,1,85001,1,0,0,5,0,0,0,0,1,1,5,4,4,4,4,5,5,5,5,5,2,2,2,3,3,2,2,2,0.21418956,1.185281909,1.442296424,0,1,0,0,2,1,1,1,0,0,2,0,4,0,0,3,0,0,3,1,0,0,0,0,0,-9,0,0,0,0,0,0,0,0,0,0,0,0,0,0,0,0,0,0,0,0,0,0,0,0,0,0
2011,3,2,0.329067992,1,85030,1,0,0,3,0,0,1,0,0,2,5,4,5,4,5,4,4,5,4,5,2,3,2,3,2,2,3,2,0.906021406,0.95221595,0.507101661,0,0,0,0,1,1,1,1,0,0,2,0,4,0,0,3,1,0,1,0,0,0,0,1,0,-9,0,0,0,0,0,0,0,0,0,0,0,0,0,0,0,0,0,0,0,0,0,0,0,0,0,0
2013,3,2,0.031153111,1,85030,1,0,0,4,0,0,0,1,0,2,5,4,4,5,4,5,4,5,4,5,2,3,2,3,2,3,3,2,-0.072499178,1.165367137,0.307531369,0,1,0,0,2,1,1,1,0,0,2,0,4,0,0,3,0,0,3,1,1,0,0,0,0,-9,0,0,0,0,0,0,0,0,0,0,0,0,0,0,0,0,0,0,0,0,0,0,0,0,0,0
2014,3,2,0.099246078,1,85206,0,1,0,3,0,0,1,0,0,3,2,2,4,4,4,4,5,4,4,5,2,3,3,1,3,2,2,1,0.389374566,0.976276662,0.635148938,0,1,0,0,2,1,1,1,0,0,2,0,4,0,0,3,0,0,3,1,0,0,0,1,0,-9,0,0,1,0,2,0,0,1,3,0,0,1,3,0,0,1,3,1,0,0,1,0,0,1,0,3
2016,3,2,0.037969758,1,85301,1,0,0,4,0,0,0,1,0,3,5,5,2,1,5,5,5,5,5,5,3,1,1,3,3,2,2,2,0.787436498,0.966216124,0.053941627,0,1,0,0,2,1,1,1,0,0,1,1,1,1,0,1,0,0,3,1,0,0,1,1,0,1,1,0,0,1,3,0,0,1,3,0,1,0,2,1,0,0,1,1,0,0,1,0,0,0,1,4
2018,3,2,0.037841923,1,85030,1,0,0,4,0,0,0,1,0,2,5,5,4,5,4,5,4,3,4,5,2,2,3,2,3,3,3,2,0.437371382,0.383826395,0.601503669,0,1,0,0,2,1,1,1,0,0,2,0,4,0,0,3,0,0,3,1,1,0,0,0,0,1,1,0,0,0,0,0,0,0,0,0,0,0,0,0,0,0,0,0,0,0,0,0,0,0,0,0
2022,3,2,0.152755116,1,85030,1,0,0,4,0,0,0,1,0,2,5,4,4,5,4,4,4,5,5,4,2,3,3,3,2,3,3,2,0.721453818,0.934751362,0.254859226,0,0,0,0,1,1,1,1,0,0,2,0,4,0,0,3,0,0,3,1,0,1,0,0,0,-9,0,0,0,0,0,0,0,0,0,0,0,0,0,0,0,0,0,0,0,0,0,0,0,0,0,0
2025,3,2,0.045933759,1,85001,1,0,0,3,0,0,1,0,0,1,4,4,3,4,4,3,3,4,4,4,2,2,2,2,3,2,2,2,0.546595859,0.823977816,0.522081106,0,1,0,0,2,1,1,1,0,0,2,0,4,0,0,3,0,0,3,1,0,0,0,1,0,1,1,0,0,0,0,0,0,0,0,0,0,0,0,0,0,0,0,0,0,0,0,0,0,0,0,0
2026,3,2,0.043706938,1,85030,1,0,0,3,0,0,1,0,0,2,5,4,4,5,4,5,4,5,4,5,3,2,3,1,3,1,1,1,0.53302931,1.552122724,0.002428697,0,1,0,0,2,1,1,1,0,0,2,0,4,0,0,3,0,0,3,1,1,0,0,0,0,0,0,0,0,0,0,0,0,0,0,0,0,0,0,0,0,0,0,0,0,0,0,0,0,0,0,0
2033,3,2,0.036158252,1,85023,1,0,0,3,0,0,1,0,0,1,4,5,1,5,2,4,2,5,5,4,2,3,1,1,3,2,2,4,1.115975157,0.151071868,0.534708218,1,0,1,0,3,0,1,1,0,0,2,0,4,0,0,3,0,0,3,1,0,1,1,0,0,-9,0,0,0,1,3,0,0,1,3,0,1,0,2,1,0,0,1,1,0,0,1,0,0,1,0,3
2034,3,2,0.036770956,1,85283,1,0,0,2,0,1,0,0,0,2,1,1,2,5,3,3,4,5,5,3,2,1,2,2,2,3,2,3,-0.128771772,-1.236082683,0.121745254,1,1,0,0,2,1,1,1,0,0,2,0,4,0,1,2,1,0,1,0,0,0,1,0,0,1,1,0,0,1,3,0,0,1,3,0,0,1,3,0,1,0,2,1,0,0,1,0,0,0,1,4
2046,3,2,0.045275421,1,85260,0,1,0,2,0,1,0,0,0,2,2,1,4,4,1,1,1,1,1,1,2,2,2,2,2,4,4,4,0.006123715,0.572430084,0.770661004,0,0,0,1,4,1,1,1,0,0,2,0,4,0,1,2,1,0,1,0,0,0,1,0,0,-9,0,0,1,0,2,0,0,1,3,0,0,1,3,0,1,0,2,1,0,0,1,0,0,1,0,3
2057,3,1,0.001859988,0,85000,0,0,0,4,0,0,0,1,0,2,1,0,1,5,3,1,1,3,5,5,3,1,1,3,3,2,2,2,1.557501713,-0.929138382,0.723960652,0,0,0,0,1,1,1,0,1,0,2,0,2,1,0,1,0,1,2,0,0,0,0,0,0,-9,0,0,0,0,0,0,0,0,0,0,0,0,0,0,0,0,0,0,0,0,0,0,0,0,0,0
2063,3,3,0.029674312,1,85035,0,1,0,4,0,0,0,1,0,2,4,4,2,4,4,2,4,4,4,3,2,1,1,1,3,2,2,2,-0.940435885,0.121714093,0.973396977,1,0,0,0,1,0,0,1,0,0,2,0,4,1,0,1,0,0,3,1,0,0,0,1,0,-9,0,0,0,1,3,0,1,0,2,0,1,0,2,1,0,0,1,1,0,0,1,0,0,1,0,3
2064,3,1,0.229268027,1,85339,0,1,0,1,1,0,0,0,0,1,4,2,3,5,3,3,1,5,4,3,2,3,2,2,2,3,2,2,-0.716075984,0.391923041,-1.482564682,1,0,0,0,1,0,0,1,0,0,1,1,1,0,0,3,0,0,3,1,0,1,0,0,0,1,1,1,0,0,1,1,0,0,1,1,0,0,1,1,0,0,1,1,0,0,1,0,1,0,0,2
2071,3,2,0.007459221,1,85019,1,0,0,5,0,0,0,0,1,5,5,3,2,5,3,1,1,5,5,3,2,2,1,1,3,4,3,3,-1.239622275,-1.22869767,-2.146531759,1,0,1,0,3,1,1,1,0,0,2,0,4,1,0,1,0,1,2,0,0,0,1,0,0,-9,0,0,0,1,3,0,0,1,3,0,1,0,2,1,0,0,1,1,0,0,1,0,0,1,0,3
2073,3,4,0.011189373,1,85021,1,0,0,2,0,1,0,0,0,2,5,5,5,5,4,1,1,3,3,3,2,2,2,2,2,4,3,4,-1.095252116,-1.899531016,0.412113411,1,1,0,0,2,0,0,0,1,0,2,0,2,1,0,1,0,1,2,0,1,0,0,0,0,-9,0,0,0,1,3,0,0,1,3,1,0,0,1,0,1,0,2,0,0,1,3,0,0,0,1,4
2081,10,4,0.691430747,0,32448,0,1,0,5,0,0,0,0,1,2,2,2,2,4,4,4,4,4,4,4,2,1,1,1,3,2,2,2,-0.341150604,0.287856236,0.57048664,1,0,1,0,3,0,0,0,1,0,2,0,2,1,0,1,1,0,1,0,0,0,0,0,0,-9,0,1,0,0,1,1,0,0,1,0,1,0,2,0,1,0,2,1,0,0,1,1,0,0,0,1
2082,10,4,0.491542328,0,32401,0,1,0,4,0,0,0,1,0,3,5,4,2,4,4,2,1,5,5,5,2,2,2,1,2,4,3,4,-0.702873261,-0.90625585,-0.396145253,1,0,1,0,3,0,1,1,0,0,2,0,4,1,0,1,1,0,1,0,0,0,0,0,1,-9,0,1,0,0,1,0,0,1,3,1,0,0,1,0,0,1,3,1,0,0,1,0,0,1,0,3
2085,33,4,0.787628945,0,12047,0,1,0,1,1,0,0,0,0,2,1,1,1,1,1,1,1,1,1,1,2,2,2,2,2,3,3,3,-0.146251581,0.642615636,-0.381063524,0,0,0,1,4,0,0,1,0,0,2,0,4,0,1,2,1,0,1,0,0,0,0,0,0,-9,0,0,0,1,3,0,1,0,2,1,0,0,1,0,1,0,2,1,0,0,1,0,0,1,0,3
2089,10,2,0.299946841,0,32137,0,1,0,2,0,1,0,0,0,1,5,3,2,4,2,2,2,4,4,3,2,1,1,2,3,4,4,4,-0.942807694,-0.460087673,0.440902612,0,0,0,1,4,0,0,1,0,0,2,0,4,1,0,1,0,1,2,0,0,0,0,0,0,1,1,1,0,0,1,1,0,0,1,0,0,1,3,0,1,0,2,1,0,0,1,1,0,0,0,1
2111,34,4,0.632993466,0,27707,0,1,0,2,0,1,0,0,0,3,3,3,4,5,1,3,1,5,4,3,2,2,2,2,2,4,2,4,0.518127652,-0.035184015,-0.256895324,1,0,0,1,4,0,0,1,0,0,2,0,4,0,1,2,0,1,2,0,0,0,0,1,0,-9,0,0,1,0,2,0,1,0,2,0,1,0,2,0,0,1,3,1,0,0,1,0,0,1,0,3
2114,45,2,0.683241675,1,79912,0,1,0,4,0,0,0,1,0,3,2,4,4,4,1,1,1,4,4,1,2,2,2,2,2,4,3,4,0.701701229,-1.114680403,0.088877623,1,0,1,0,3,1,1,1,0,0,2,0,4,1,0,1,1,0,1,0,0,0,0,0,1,-9,0,0,1,0,2,0,1,0,2,0,1,0,2,0,0,1,3,1,0,0,1,0,0,1,0,3
2116,49,2,0.022453993,0,98208,0,1,0,2,0,1,0,0,0,2,4,2,5,2,2,4,2,5,5,5,2,1,3,1,2,4,2,2,0.349808928,-0.983427174,0.22285856,1,1,0,0,2,0,0,1,0,0,2,0,4,1,0,1,1,0,1,0,1,0,0,0,0,1,1,0,1,0,2,0,0,1,3,0,0,1,3,0,1,0,2,1,0,0,1,0,0,1,0,3
2128,18,4,1.221263049,0,40977,0,0,1,2,0,1,0,0,0,2,4,2,3,5,1,1,1,5,5,5,2,1,1,1,3,4,2,4,-0.28382117,-0.085356719,-1.256636559,1,0,1,0,3,0,0,1,0,0,2,0,4,1,0,1,0,0,3,0,1,0,0,0,0,-9,0,1,0,0,1,1,0,0,1,0,1,0,2,1,0,0,1,1,0,0,1,1,0,0,0,1
2135,47,4,0.25049489,0,5853,0,0,1,3,0,0,1,0,0,3,4,4,3,5,1,4,2,4,4,2,2,2,2,2,2,3,3,4,-0.363332567,-1.601334859,1.186436556,1,0,0,1,4,1,1,1,0,0,2,0,4,0,1,2,1,0,1,0,0,0,0,1,0,-9,0,1,0,0,1,1,0,0,1,1,0,0,1,1,0,0,1,1,0,0,1,1,0,0,0,1
2139,10,4,0.540050788,0,33953,0,1,0,3,0,0,1,0,0,2,5,4,2,4,2,4,4,4,4,4,1,1,1,2,2,2,2,2,-0.694456232,0.158958768,-0.383602444,1,0,0,1,4,0,0,1,0,0,2,0,4,1,0,1,0,1,2,0,0,0,0,1,0,1,1,1,0,0,1,1,0,0,1,1,0,0,1,1,0,0,1,1,0,0,1,1,0,0,0,1
2143,2,4,0.004902202,0,99515,0,1,0,1,1,0,0,0,0,3,1,4,4,4,3,3,4,4,5,5,2,1,1,1,3,3,2,2,-0.528844914,0.395286542,-1.879911826,0,0,0,1,4,0,0,1,0,0,2,0,4,1,0,1,0,1,2,0,1,0,0,1,0,-9,0,0,1,0,2,0,0,1,3,0,0,1,3,0,1,0,2,1,0,0,1,0,0,1,0,3
2150,5,4,0.000431334,0,90291,1,0,0,1,1,0,0,0,0,1,1,0,5,5,1,1,1,3,5,3,2,1,2,2,2,3,3,2,0.522862631,-0.73442206,0.599675764,0,0,0,1,4,1,1,1,0,0,2,0,4,1,0,1,1,0,1,0,1,0,0,0,0,0,0,0,0,1,3,0,0,1,3,1,0,0,1,0,0,1,3,1,0,0,1,0,0,0,1,4
2152,42,3,0.466471314,0,29445,0,1,0,2,0,1,0,0,0,3,2,4,3,3,3,3,3,4,3,2,2,3,2,2,3,2,3,3,-0.551210153,0.220675199,-0.523943288,1,1,0,0,2,1,1,1,0,0,2,0,4,1,0,1,1,0,1,0,1,0,0,0,0,-9,0,0,1,0,2,1,0,0,1,0,1,0,2,1,0,0,1,1,0,0,1,1,0,0,0,1
2156,33,2,0.194476109,0,12601,1,0,0,4,0,0,0,1,0,5,5,5,1,5,1,1,2,1,4,1,2,2,2,2,2,3,3,3,-3.404290988,0.315554073,-2.720004427,1,1,0,0,2,1,1,1,0,0,2,0,4,1,0,1,0,0,3,0,0,0,1,1,1,-9,0,0,0,1,3,0,0,1,3,0,1,0,2,0,1,0,2,0,1,0,2,0,1,0,0,2
2159,34,4,0.706402281,0,28532,0,1,0,4,0,0,0,1,0,2,5,5,2,3,4,5,2,5,5,5,2,2,2,2,2,2,2,2,0.656380198,0.910881367,0.429517486,1,0,0,1,4,1,1,1,0,0,2,0,4,0,1,2,1,0,1,0,0,0,0,1,0,1,1,1,0,0,1,1,0,0,1,1,0,0,1,0,1,0,2,1,0,0,1,1,0,0,0,1
2160,18,4,1.009445941,0,42345,0,1,0,2,0,1,0,0,0,2,3,3,3,5,1,3,3,1,4,3,2,2,2,2,3,4,3,4,-0.420883058,-0.455627549,-0.040160672,1,1,0,0,2,0,0,1,0,0,2,0,4,1,0,1,0,0,3,1,0,0,0,1,0,-9,0,1,0,0,1,1,0,0,1,0,1,0,2,0,1,0,2,1,0,0,1,1,0,0,0,1
2164,29,4,0.00784035,1,89032,0,1,0,1,1,0,0,0,0,1,5,3,4,4,2,1,1,5,5,4,2,1,1,1,3,4,2,2,-0.169174599,0.907314475,-1.309157172,1,0,0,1,4,0,0,1,0,0,2,0,4,1,0,1,1,0,1,0,1,0,0,1,0,-9,0,0,0,1,3,0,1,0,2,0,0,1,3,0,1,0,2,1,0,0,1,0,0,0,1,4
2165,14,4,2.055295593,0,60532,0,1,0,2,0,1,0,0,0,2,4,3,5,5,1,1,1,4,4,4,2,1,2,2,2,4,2,4,1.07344669,-1.635775831,0.009675124,1,0,0,1,4,0,0,1,0,0,2,0,4,0,0,3,0,1,2,0,1,0,0,0,0,1,1,0,1,0,2,0,0,1,3,0,1,0,2,0,1,0,2,0,0,1,3,0,0,1,0,3
2167,49,2,6.67E-08,0,98640,0,0,1,3,0,0,1,0,0,1,4,4,4,3,2,2,2,2,2,2,2,2,2,2,2,3,3,3,-1.959191823,-0.515534131,-0.22408354,1,1,0,0,2,0,0,1,0,0,2,0,4,1,0,1,1,0,1,0,0,0,1,0,0,-9,0,0,0,0,0,0,0,0,0,0,0,0,0,0,0,0,0,0,0,0,0,0,0,0,0,0
2168,16,4,1.575747583,0,50248,0,1,0,1,1,0,0,0,0,1,6,1,3,5,1,1,1,1,5,3,2,1,2,2,2,4,2,4,0.455505404,-0.37903797,-0.178912798,1,0,0,1,4,0,0,1,0,0,2,0,4,0,1,2,0,1,2,0,0,0,0,1,0,1,1,1,0,0,1,1,0,0,1,0,1,0,2,0,0,1,3,1,0,0,1,1,0,0,0,1
2173,49,4,0.065248943,0,98373,0,1,0,4,0,0,0,1,0,3,6,2,1,1,5,5,5,5,5,5,2,1,1,2,2,3,3,3,-0.64876646,0.810382418,0.220455336,0,0,1,0,3,0,0,0,1,0,2,0,2,1,0,1,1,0,1,0,1,0,0,0,1,-9,0,0,1,0,2,0,1,0,2,0,1,0,2,0,0,1,3,1,0,0,1,0,0,1,0,3
2176,36,4,3.290091801,0,45123,0,1,0,1,1,0,0,0,0,1,1,0,5,5,2,1,1,4,4,3,3,2,1,2,3,4,2,1,-0.885124107,0.178032134,1.022686692,1,1,0,0,2,0,0,1,0,0,2,0,4,1,0,1,0,0,3,1,0,0,0,1,0,-9,0,1,0,0,1,0,1,0,2,0,1,0,2,0,1,0,2,1,0,0,1,1,0,0,0,1
2190,18,4,0.302040491,0,40390,0,0,1,1,1,0,0,0,0,2,2,1,2,5,3,2,2,3,4,3,2,2,2,2,2,4,2,4,-0.003628484,-0.09321205,-0.279465173,1,0,0,1,4,0,1,1,0,0,2,0,4,0,0,0,0,1,2,0,1,0,0,1,0,-9,0,1,0,0,1,1,0,0,1,0,1,0,2,0,0,1,3,1,0,0,1,1,0,0,0,1
2191,3,4,0.028218933,1,85020,1,0,0,2,0,1,0,0,0,2,3,3,2,2,4,3,4,5,5,5,2,2,1,1,2,1,3,3,-0.722852194,0.664854276,-0.774715078,1,0,1,0,3,0,0,1,0,0,2,0,4,0,1,2,0,0,3,0,0,0,0,0,0,-9,0,0,0,1,3,0,0,1,3,0,1,0,2,0,0,1,3,1,0,0,1,0,0,0,1,4
2192,31,4,0.12481433,0,7626,0,0,0,2,0,1,0,0,0,3,6,1,4,5,1,1,1,2,4,4,2,1,2,2,3,1,2,3,0.454563824,-0.71169547,0.931829186,1,0,0,1,4,1,1,1,0,0,2,0,4,1,0,1,1,0,1,0,0,0,0,1,0,1,1,0,0,0,0,0,0,0,0,0,0,0,0,0,0,0,0,0,0,0,0,0,0,0,0,0
2196,36,4,0.507257844,0,44053,0,1,0,3,0,0,1,0,0,2,4,3,4,4,4,5,4,4,4,4,2,1,1,2,3,2,2,2,0.999777076,1.390897187,0.719030836,1,0,0,1,4,0,0,1,0,0,2,0,4,1,0,1,1,0,1,0,0,0,0,1,0,-9,0,0,1,0,2,1,0,0,1,0,1,0,2,0,0,1,3,1,0,0,1,1,0,0,0,1
2197,47,4,0.987272814,0,5843,0,0,1,4,0,0,0,1,0,3,3,3,1,5,5,1,1,5,5,5,2,2,2,2,3,1,2,2,1.418651786,-1.673881692,1.171017816,1,1,0,0,2,0,0,1,0,0,2,0,4,1,0,1,0,0,3,1,1,0,0,0,0,1,1,1,0,0,1,1,0,0,1,1,0,0,1,0,0,1,3,1,0,0,1,1,0,0,0,1
2199,37,4,10.87824252,0,73071,0,1,0,2,0,1,0,0,0,4,5,3,3,3,4,5,3,5,5,4,3,1,1,1,3,1,2,2,-0.098367615,-0.813436464,-0.026426003,1,1,0,0,2,0,0,1,0,0,2,0,4,0,1,2,0,1,2,0,0,0,0,0,0,-9,0,0,1,0,2,0,0,1,3,1,0,0,1,0,1,0,2,1,0,0,1,0,0,1,0,3
2206,14,4,4.74852608,0,60045,0,1,0,2,0,1,0,0,0,1,1,1,5,3,1,1,1,4,5,4,2,1,1,1,3,3,2,3,0.941340324,-0.555652162,1.019813735,0,0,0,1,4,0,1,1,0,0,2,0,4,0,0,3,1,0,1,0,0,0,0,1,0,-9,0,1,0,0,1,0,1,0,2,0,1,0,2,0,1,0,2,0,0,1,3,0,1,0,0,2
2207,11,4,0.24121284,0,30066,0,1,0,1,1,0,0,0,0,3,4,4,1,5,2,1,3,4,3,3,2,2,2,2,3,4,4,4,-1.233677753,-1.710598446,-1.448187138,1,0,1,1,4,0,0,1,0,0,2,0,4,1,0,1,0,1,2,0,0,0,0,1,0,-9,0,1,0,0,1,0,1,0,2,0,0,1,3,0,0,1,3,1,0,0,1,1,0,0,0,1
2215,48,4,0.988873144,0,24263,0,0,1,2,0,1,0,0,0,2,4,5,2,4,4,2,4,4,4,4,2,2,2,2,3,2,2,2,0.003139319,-0.386572057,0.245359812,1,0,0,1,4,0,0,1,0,0,2,0,4,1,0,1,0,1,2,0,1,0,0,0,1,-9,0,1,0,0,1,1,0,0,1,0,1,0,2,0,1,0,2,1,0,0,1,1,0,0,0,1
2224,10,4,0.983006665,0,34787,0,1,0,1,1,0,0,0,0,1,5,3,3,5,1,1,3,3,5,3,2,1,1,1,3,4,3,2,-0.235127343,0.723417055,-0.425868734,1,0,0,1,4,0,0,1,0,0,2,0,4,1,0,1,0,1,2,0,0,0,0,1,0,1,1,1,0,0,1,1,0,0,1,0,0,1,3,0,0,1,3,1,0,0,1,0,1,0,0,2
2226,26,2,1.307983629,0,63965,0,0,1,5,0,0,0,0,1,3,4,3,5,5,1,1,1,3,3,3,2,2,2,2,2,4,4,4,-1.16999615,-1.395771601,2.308660005,0,0,1,0,3,0,0,0,1,0,2,0,2,0,1,2,1,0,1,0,0,0,1,1,0,-9,0,1,0,0,1,1,0,0,1,1,0,0,1,0,0,1,3,1,0,0,1,1,0,0,0,1
2232,28,4,0.259506954,0,68112,0,1,0,2,0,1,0,0,0,2,3,3,3,3,1,1,1,4,4,4,2,2,2,2,3,4,2,3,0.176795878,-0.422740244,0.163188455,1,0,1,0,3,0,0,0,1,0,2,0,2,1,0,1,0,0,3,1,0,0,0,0,1,-9,0,0,1,0,2,0,1,0,2,1,0,0,1,0,1,0,2,1,0,0,1,0,0,1,0,3
2236,33,2,3.224800548,0,10128,1,0,0,2,0,1,0,0,0,3,4,3,2,4,3,2,4,5,5,4,2,1,1,2,3,3,2,2,0.49457445,0.667166483,-0.01277231,1,0,0,1,4,0,1,1,0,0,2,0,4,0,0,3,0,1,2,0,0,0,1,0,0,-9,0,0,0,1,3,0,0,1,3,0,0,1,3,0,0,1,3,0,0,1,3,0,0,1,0,3
2237,39,4,0.927081116,0,15132,1,0,0,1,1,0,0,0,0,1,5,1,4,5,1,1,1,4,4,3,2,2,1,1,3,3,3,4,0.459539601,-1.819171574,-0.277523042,1,0,1,0,3,0,0,1,0,0,2,0,4,1,0,1,0,1,2,0,1,0,0,0,1,-9,0,0,0,1,3,0,1,0,2,1,0,0,1,0,1,0,2,1,0,0,1,0,0,0,1,4
2238,31,4,1.616482506,0,7675,0,1,0,1,1,0,0,0,0,1,5,1,4,3,1,1,1,2,2,1,2,1,2,2,2,4,3,4,0.741777054,0.179211993,-0.287411413,1,0,0,1,4,0,0,1,0,0,2,0,4,0,0,3,0,1,2,0,0,0,0,1,0,-9,0,0,1,0,2,0,1,0,2,1,0,0,1,0,0,1,3,0,0,1,3,0,0,1,0,3
2250,42,4,4.704643989,0,29605,0,1,0,3,0,0,1,0,0,1,3,3,5,5,2,1,1,5,4,5,2,1,1,2,2,4,3,3,0.687757461,-0.990367332,0.167434582,1,1,0,0,2,0,0,0,0,0,1,1,1,0,1,2,0,0,3,1,0,0,0,1,0,-9,0,1,0,0,1,0,1,0,2,0,1,0,2,0,0,1,3,1,0,0,1,0,0,1,0,3
2251,51,4,0.151820005,0,53555,0,1,0,1,1,0,0,0,0,1,2,1,4,3,1,1,1,4,4,4,2,2,2,2,3,4,2,2,-0.021556334,-0.42431579,0.06132215,0,0,0,1,4,0,1,1,0,0,2,0,4,1,0,1,0,1,2,0,1,0,0,0,0,-9,0,1,0,0,1,1,0,0,1,0,1,0,2,0,0,1,3,1,0,0,1,1,0,0,0,1
2256,23,4,0.376494886,0,48015,1,0,0,3,0,0,1,0,0,1,4,5,4,5,5,5,5,5,5,5,2,2,2,2,2,3,3,3,0.081763905,0.777610725,0.076685651,1,1,0,0,2,0,0,1,0,0,2,0,4,0,1,2,0,0,3,1,0,0,0,1,0,1,1,0,0,1,3,0,0,1,3,0,1,0,2,0,0,1,3,1,0,0,1,1,0,0,0,1
2263,14,2,1.355399601,0,60637,1,0,0,3,0,0,1,0,0,2,2,4,4,4,4,4,4,4,4,4,2,2,2,2,2,3,3,3,0.781097635,1.370105223,0.516297497,0,0,1,0,3,0,0,0,1,0,2,0,2,0,1,2,1,0,1,0,0,0,1,0,0,-9,0,0,0,1,3,0,0,1,3,0,1,0,2,1,0,0,1,0,0,1,3,0,0,0,1,4
2266,48,2,0.706658132,0,23225,0,1,0,1,1,0,0,0,0,1,6,1,3,3,3,3,3,3,3,3,2,2,2,2,2,3,3,3,-0.471901673,-0.215296533,-1.173655757,1,0,1,0,3,1,1,0,1,0,2,0,2,0,1,2,0,0,3,1,0,0,0,1,0,-9,0,0,1,0,2,0,1,0,2,0,0,1,3,0,1,0,2,1,0,0,1,0,0,1,0,3
2269,31,2,0.523775193,0,8260,0,1,0,2,0,1,0,0,0,1,4,3,2,5,3,3,4,5,5,3,2,1,1,2,2,2,2,3,0.789397088,-1.257335626,-0.949951206,1,0,1,0,3,0,0,1,0,0,2,0,4,0,1,2,0,1,2,0,0,0,0,1,0,1,1,0,1,0,2,0,1,0,2,1,0,0,1,0,0,1,3,1,0,0,1,0,0,0,1,4
2270,13,4,43.87478752,0,83401,0,1,0,2,0,1,0,0,0,2,3,2,3,5,3,3,1,4,3,3,2,2,2,2,2,4,4,4,-1.274593782,-1.581761818,-1.286753992,1,0,1,0,3,0,0,1,0,0,2,0,4,1,0,1,0,1,2,0,1,0,0,0,0,-9,0,0,1,0,2,0,1,0,2,0,1,0,2,0,1,0,2,1,0,0,1,1,0,0,0,1
2273,23,4,0.65794222,0,48858,0,1,0,1,1,0,0,0,0,1,3,2,5,5,3,5,1,5,5,4,2,2,2,2,2,4,4,1,0.885690063,-0.524930909,-0.289558958,0,0,0,1,4,0,0,1,0,0,2,0,4,1,0,1,1,0,1,0,1,0,0,0,1,-9,0,0,1,0,2,0,0,1,3,0,1,0,2,0,1,0,2,1,0,0,1,1,0,0,0,1
2276,18,4,0.875576488,0,41102,0,1,0,3,0,0,1,0,0,3,3,5,4,5,1,1,1,1,5,1,2,2,2,1,2,1,1,1,-0.203693531,-1.794901394,-1.528358672,0,0,1,0,3,0,0,1,0,0,2,0,4,1,0,1,0,1,2,0,1,0,0,0,0,-9,0,1,0,0,1,1,0,0,1,1,0,0,1,0,0,1,3,1,0,0,1,1,0,0,0,1
2287,51,4,0.826535989,0,53806,0,0,1,1,1,0,0,0,0,1,4,0,5,3,1,1,1,1,1,1,2,2,2,2,2,4,4,4,0.717536117,-0.528435624,0.878944962,0,0,0,1,4,0,0,1,0,0,2,0,4,0,1,2,0,1,2,0,0,0,0,1,0,-9,0,1,0,0,1,1,0,0,1,0,1,0,2,0,0,1,3,1,0,0,1,1,0,0,0,1
2310,39,4,0.686424046,0,15824,0,1,0,3,0,0,1,0,0,1,1,0,5,3,4,5,5,4,5,5,2,2,2,2,2,3,3,3,0.920747889,-0.399991416,0.193941482,1,0,0,1,4,0,0,1,0,0,2,0,4,1,0,1,1,0,1,0,0,0,0,1,0,0,0,1,0,0,1,1,0,0,1,1,0,0,1,0,0,1,3,1,0,0,1,1,0,0,0,1
2318,44,4,2.732890181,0,38464,0,1,0,3,0,0,1,0,0,3,3,4,1,4,4,3,3,3,3,3,2,2,2,2,2,3,3,4,-0.981023355,0.026495335,-0.873705415,1,0,1,0,3,0,0,1,0,0,2,0,4,1,0,1,0,1,2,0,1,0,0,1,0,-9,0,1,0,0,1,1,0,0,1,1,0,0,1,0,1,0,2,1,0,0,1,1,0,0,0,1
2322,5,4,0.017164602,0,95356,1,0,0,2,0,1,0,0,0,3,1,2,3,3,3,3,3,3,3,3,3,2,2,2,2,3,3,3,-1.000939542,-0.168659986,-1.838467194,1,0,1,0,3,0,0,1,0,0,2,0,4,1,0,1,0,1,2,0,0,0,0,1,0,-9,0,0,0,1,3,0,0,1,3,0,0,1,3,0,0,1,3,1,0,0,1,0,0,1,0,3
2327,37,4,0.43905839,0,73080,0,1,0,2,0,1,0,0,0,3,1,0,4,5,3,1,1,4,5,2,2,3,2,2,3,4,2,4,0.652888109,0.497507657,-1.219280102,1,0,0,1,4,0,0,1,0,0,2,0,4,1,0,1,0,1,2,0,1,0,0,1,0,-9,0,1,0,0,1,0,1,0,2,0,0,1,3,0,0,1,3,1,0,0,1,0,1,0,0,2
2331,36,4,0.190218257,0,45449,0,1,0,1,1,0,0,0,0,1,1,1,4,4,4,4,2,4,4,4,2,1,1,1,3,2,2,2,-0.064422851,0.160865174,0.054625088,1,0,0,1,4,0,1,1,0,0,2,0,4,1,0,1,0,1,2,0,0,0,0,1,0,-9,0,0,1,0,2,0,1,0,2,0,0,1,3,0,1,0,2,1,0,0,1,0,0,1,0,3
2336,11,2,0.727295657,0,30549,0,0,1,3,0,0,1,0,0,2,3,3,4,4,3,3,3,4,3,4,2,2,2,2,2,3,3,3,0.031104249,-0.326909034,-0.564058113,1,1,0,0,2,0,0,1,0,0,2,0,4,1,0,1,0,0,3,0,0,0,0,1,0,-9,0,1,0,0,1,1,0,0,1,0,1,0,2,1,0,0,1,1,0,0,1,1,0,0,0,1
2337,28,2,0.211343661,0,68763,0,1,0,3,0,0,1,0,0,3,3,5,3,3,3,3,3,3,3,3,3,2,2,2,3,3,3,3,-0.678635778,0.20221516,-0.899538341,1,1,0,0,2,0,0,1,0,0,2,0,4,1,0,1,0,0,3,1,1,0,0,0,0,-9,0,1,0,0,1,0,1,0,2,1,0,0,1,0,0,1,3,1,0,0,1,0,1,0,0,2
2339,36,2,1.151685415,0,43512,0,1,0,1,1,0,0,0,0,1,3,0,5,1,2,2,2,5,4,4,2,2,2,2,3,4,2,4,0.926393811,-1.156808355,-0.831729911,1,0,1,0,3,1,1,1,0,0,2,0,4,0,1,2,1,0,1,0,0,0,0,1,0,1,1,1,0,0,1,0,1,0,2,0,1,0,2,0,1,0,2,1,0,0,1,1,0,0,0,1
2347,11,2,1.47231011,0,30034,0,1,0,1,1,0,0,0,0,1,2,3,4,3,4,4,5,4,4,4,1,1,2,2,2,2,2,2,-2.020569072,0.773055325,1.981839374,0,0,1,0,3,0,0,0,1,0,2,0,2,1,0,1,1,0,1,0,0,0,1,0,1,-9,0,0,1,0,2,1,0,0,1,0,1,0,2,1,0,0,1,1,0,0,1,0,1,0,0,2
2359,10,4,0.048803202,1,33777,0,1,0,1,1,0,0,0,0,2,6,4,2,2,3,1,5,3,5,5,2,2,2,3,2,4,2,2,0.56252855,-0.818693879,-0.910776425,0,0,1,1,4,0,0,1,0,0,2,0,4,1,0,1,1,0,1,0,1,0,0,0,1,-9,0,0,1,0,2,0,1,0,2,0,0,1,3,1,0,0,1,1,0,0,1,0,0,1,0,3
2360,10,4,2.415759901,0,33870,0,1,0,2,0,1,0,0,0,3,3,3,2,4,3,4,1,4,5,5,2,1,3,2,3,2,2,4,-0.0539311,-1.980764415,-0.989302351,0,1,0,0,2,0,0,1,0,0,1,1,1,1,0,1,0,0,3,1,0,0,0,0,0,-9,0,1,0,0,1,0,1,0,2,0,0,1,3,1,0,0,1,1,0,0,1,1,0,0,0,1
2372,5,2,2.868304136,0,90057,1,0,0,3,0,0,1,0,0,2,2,0,3,5,3,3,2,2,2,2,2,2,2,2,3,1,1,1,-0.620131034,0.905761967,-0.969906331,1,0,0,0,1,0,0,1,0,0,1,1,1,0,1,2,0,0,3,0,0,0,1,0,0,-9,0,0,0,1,3,0,0,1,3,1,0,0,1,0,0,1,3,0,0,1,3,0,0,0,1,4
2374,10,4,0.189651798,0,32210,0,1,0,2,0,1,0,0,0,1,5,4,3,5,5,5,5,5,5,5,2,1,1,1,3,2,2,2,1.236825143,-0.099374798,0.693293062,1,0,0,1,4,0,0,0,1,0,2,0,2,1,0,1,0,0,3,0,0,0,0,0,0,-9,0,0,1,0,2,0,1,0,2,0,1,0,2,0,1,0,2,1,0,0,1,0,0,1,0,3
2377,14,4,1.374159597,0,60418,0,1,0,1,1,0,0,0,0,3,1,3,1,4,2,1,1,1,1,1,1,1,1,2,1,1,1,1,0.181433311,-0.441294699,-0.960072176,1,0,0,1,4,0,0,1,0,0,2,0,4,0,0,0,0,1,2,0,0,0,0,0,0,1,1,0,1,0,2,0,0,1,3,1,0,0,1,0,1,0,2,0,1,0,2,0,0,1,0,3
2384,14,4,1.175605282,0,61036,0,1,0,2,0,1,0,0,0,2,4,4,2,5,1,1,1,2,4,3,2,2,2,2,2,4,4,4,0.011144625,-0.932295314,-0.206854032,1,0,0,1,4,0,0,1,0,0,2,0,4,1,0,1,1,0,1,0,1,0,0,0,0,-9,0,1,0,0,1,1,0,0,1,1,0,0,1,0,0,1,3,1,0,0,1,1,0,0,0,1
2387,6,2,0.010880454,0,80205,1,0,0,3,0,0,1,0,0,3,3,3,4,4,4,3,3,3,3,3,1,1,1,1,1,1,1,1,-1.646165088,0.726499077,-0.707459265,0,0,0,0,1,0,0,0,1,0,2,0,2,1,0,1,1,0,1,0,0,0,0,0,0,-9,0,0,0,1,3,0,0,1,3,1,0,0,1,1,0,0,1,0,0,1,3,0,0,0,1,4
2389,23,2,0.683366542,0,48103,0,1,0,3,0,0,1,0,0,2,4,3,4,3,4,2,2,4,5,4,2,2,2,2,2,3,3,3,-1.142363829,1.180636668,-1.266272355,0,1,0,0,2,0,0,1,0,0,2,0,4,1,0,1,1,0,1,0,1,0,1,0,1,-9,0,0,1,0,2,0,1,0,2,0,1,0,2,0,0,1,3,1,0,0,1,0,0,1,0,3
2390,16,2,3.853966012,0,50158,0,1,0,2,0,1,0,0,0,3,2,2,3,3,2,2,2,4,4,4,2,1,3,2,2,4,2,2,0.217420736,0.826453612,-0.099694734,1,0,1,0,3,0,0,1,0,0,2,0,4,0,1,2,0,1,2,0,0,0,0,1,0,-9,0,0,1,0,2,0,1,0,2,1,0,0,1,0,1,0,2,1,0,0,1,0,0,1,0,3
2400,23,4,0.498264397,0,48186,0,1,0,5,0,0,0,0,1,3,5,4,4,4,2,2,2,5,5,5,2,2,1,1,3,4,2,4,-0.125672681,-1.305854664,-0.216721132,1,0,1,0,3,0,0,0,1,0,2,0,2,1,0,1,1,0,1,0,1,0,0,0,0,-9,0,0,1,0,2,1,0,0,1,1,0,0,1,1,0,0,1,1,0,0,1,1,0,0,0,1
2402,48,4,1.3622384,0,22932,0,0,1,2,0,1,0,0,0,3,5,3,2,4,1,3,2,4,3,3,3,2,2,1,2,4,2,2,-0.325590109,-0.223926651,0.351654491,0,0,1,0,3,0,0,0,1,0,2,0,2,1,0,1,0,0,3,0,0,0,0,0,0,-9,0,1,0,0,1,1,0,0,1,1,0,0,1,0,0,1,3,1,0,0,1,1,0,0,0,1
2404,11,4,1.832718714,0,31406,0,1,0,1,1,0,0,0,0,2,4,1,4,5,2,2,2,4,5,4,2,2,2,2,2,3,3,3,0.237543685,-0.153814697,-0.354738031,1,0,0,1,4,0,0,0,0,0,2,0,5,1,0,1,1,0,1,0,0,0,0,1,0,-9,0,0,1,0,2,0,0,1,3,0,0,1,3,1,0,0,1,1,0,0,1,0,0,1,0,3
2405,24,4,0.480923729,0,55987,1,0,0,2,0,1,0,0,0,3,4,3,3,4,2,2,2,4,4,4,2,2,1,2,3,1,2,2,0.436305676,0.221382601,-0.339937995,1,0,1,0,3,0,0,1,0,0,2,0,4,1,0,1,0,0,3,0,1,0,0,0,0,1,1,0,0,1,3,0,0,1,3,1,0,0,1,0,1,0,2,1,0,0,1,0,1,0,0,2
2407,16,2,1.737081608,0,52729,0,0,1,1,1,0,0,0,0,2,4,1,4,4,4,4,4,4,4,4,2,2,2,2,2,3,3,3,1.013252358,-0.226746052,-1.360851212,1,0,1,0,3,0,0,1,0,0,2,0,4,1,0,1,0,1,2,0,0,0,1,1,0,1,1,1,0,0,1,1,0,0,1,1,0,0,1,0,0,1,3,1,0,0,1,1,0,0,0,1
2408,44,4,1.108679692,0,37323,0,1,0,1,1,0,0,0,0,1,2,1,4,4,2,2,2,4,3,3,2,2,2,2,2,4,3,4,-0.141827359,-0.319948323,-0.734006529,1,1,0,0,2,0,0,1,0,0,2,0,4,0,1,2,0,0,3,1,0,0,0,1,0,-9,0,1,0,0,1,1,0,0,1,0,1,0,2,0,1,0,2,1,0,0,1,1,0,0,0,1
2414,18,4,0.414928219,0,42330,0,0,1,4,0,0,0,1,0,3,6,5,4,5,3,3,1,5,4,3,2,2,3,2,3,4,2,4,-0.947288186,-0.28816011,-0.572566765,1,1,0,0,2,0,0,1,0,0,2,0,4,0,0,0,0,1,2,1,0,0,0,1,1,-9,0,1,0,0,1,1,0,0,1,0,1,0,2,1,0,0,1,1,0,0,1,1,0,0,0,1
2429,48,2,0.419201446,0,23503,0,1,0,3,0,0,1,0,0,2,4,4,2,5,3,5,4,5,5,4,2,1,1,1,3,2,2,1,1.022346347,0.614124634,0.341135942,1,0,1,0,3,0,0,1,0,0,2,0,4,1,0,1,0,0,3,0,0,0,1,0,0,1,1,0,0,1,3,1,0,0,1,0,0,1,3,1,0,0,1,1,0,0,1,0,0,1,0,3
2431,34,4,0.537855899,0,28303,0,1,0,2,0,1,0,0,0,3,5,3,1,4,4,3,2,5,5,3,2,2,2,2,3,4,2,2,0.767219889,-0.554499008,1.244066241,1,0,1,0,3,0,0,1,0,0,2,0,4,1,0,1,0,1,2,0,0,0,0,0,1,-9,0,1,0,0,1,0,1,0,2,0,0,1,3,0,1,0,2,1,0,0,1,0,1,0,0,2
2435,26,4,1.684608362,0,65265,0,1,0,2,0,1,0,0,0,2,2,1,2,4,2,3,4,3,4,4,1,2,3,3,3,3,2,2,0.105302479,-0.122662786,-0.407855119,0,0,1,0,3,0,0,1,0,0,2,0,4,0,1,2,0,1,2,0,0,0,0,0,0,-9,0,1,0,0,1,1,0,0,1,1,0,0,1,0,0,1,3,1,0,0,1,1,0,0,0,1
2438,16,4,0.461235833,0,51501,0,1,0,3,0,0,1,0,0,4,3,4,2,5,4,3,1,4,5,5,2,2,1,2,2,4,4,4,-1.786318677,0.341525975,-0.44931137,1,0,1,0,3,0,0,1,0,0,2,0,4,1,0,1,1,0,1,0,1,0,0,0,1,1,1,0,1,0,2,0,1,0,2,0,0,1,3,0,0,1,3,1,0,0,1,0,1,0,0,2
2451,23,2,1.729280672,0,48227,0,1,0,4,0,0,0,1,0,2,4,5,1,1,5,5,1,5,5,5,3,1,1,1,3,2,2,2,0.955622461,1.503924054,0.792778726,1,1,0,0,2,0,0,0,1,0,1,1,1,0,0,3,0,0,3,1,0,0,0,1,0,1,1,0,0,1,3,1,0,0,1,0,1,0,2,1,0,0,1,1,0,0,1,0,0,1,0,3
2454,31,4,0.229068041,0,7470,0,1,0,2,0,1,0,0,0,2,3,2,4,4,3,3,3,4,4,4,2,1,2,2,2,4,3,3,0.14271699,0.68890597,-0.273879555,0,0,0,1,4,0,1,1,0,0,2,0,4,0,1,2,0,1,2,0,0,0,0,1,0,-9,0,0,1,0,2,0,0,1,3,0,1,0,2,0,1,0,2,0,1,0,2,0,0,1,0,3
2457,5,3,0.000116129,0,90029,1,0,0,1,1,0,0,0,0,5,5,2,5,5,3,3,4,5,3,4,2,2,2,2,2,3,3,3,0.038056131,-0.074636029,0.725728245,1,1,0,0,2,0,0,0,1,0,2,0,2,1,0,1,0,1,2,1,0,0,0,1,0,1,1,0,0,1,3,0,0,1,3,0,0,1,3,0,0,1,3,0,0,1,3,0,0,0,1,4
2459,4,2,0.61340564,0,72204,0,1,0,2,0,1,0,0,0,4,2,2,2,2,4,5,4,5,3,4,2,2,2,2,2,3,3,3,1.313400166,0.603905095,0.498464044,1,1,0,0,2,0,0,0,1,0,2,0,2,0,1,2,0,1,2,1,0,0,1,0,0,1,1,0,1,0,2,0,1,0,2,0,1,0,2,0,1,0,2,1,0,0,1,0,0,0,1,4
2460,45,2,0.812450661,0,76654,0,0,1,1,1,0,0,0,0,1,3,2,2,4,2,1,1,4,4,1,2,1,1,2,2,4,2,4,-0.850612964,-0.743966464,1.39651688,1,1,0,0,2,0,0,1,0,0,2,0,4,0,1,2,0,1,2,0,0,0,0,1,0,-9,0,1,0,0,1,1,0,0,1,0,1,0,2,1,0,0,1,1,0,0,1,1,0,0,0,1
2461,16,4,0.879611789,0,50036,0,1,0,1,1,0,0,0,0,2,3,1,4,2,1,1,1,2,5,4,2,2,2,2,2,4,3,4,0.694177893,-0.429249814,-0.756010716,0,0,0,1,4,0,0,0,0,0,2,0,5,1,0,1,0,1,2,0,0,0,0,1,0,-9,0,1,0,0,1,1,0,0,1,1,0,0,1,0,0,1,3,1,0,0,1,1,0,0,0,1
2462,5,2,3.46E-05,1,95843,0,1,0,2,0,1,0,0,0,2,1,0,4,4,4,4,1,4,1,1,3,1,3,3,3,1,2,1,-3.531135014,0.819774704,1.979077559,0,0,1,0,3,0,0,1,0,0,2,0,4,1,0,1,1,0,1,1,1,0,0,1,1,0,0,0,0,1,3,0,1,0,2,0,0,1,3,1,0,0,1,1,0,0,1,0,0,1,0,3
2463,24,4,0.908278818,0,55906,0,1,0,3,0,0,1,0,0,2,3,1,4,2,1,1,1,4,4,4,2,1,2,2,3,1,3,3,1.042180037,1.794799134,0.261243568,1,0,0,1,4,0,0,1,0,0,2,0,4,0,1,2,0,1,2,0,0,0,0,1,0,-9,0,0,1,0,2,0,1,0,2,0,1,0,2,0,0,1,3,1,0,0,1,1,0,0,0,1
2464,10,2,1.497479512,1,32808,0,1,0,5,0,0,0,0,1,1,5,5,5,4,5,4,5,4,5,4,3,2,3,2,3,3,2,3,0.60007396,0.747439143,0.76863066,0,0,1,0,3,0,1,1,0,0,2,0,4,0,0,3,0,0,3,1,0,0,0,1,0,-9,0,0,0,1,3,0,1,0,2,0,0,1,3,0,1,0,2,1,0,0,1,0,0,1,0,3
2468,42,2,1.703134181,0,29569,0,0,1,3,0,0,1,0,0,1,4,3,4,5,2,2,2,5,5,4,2,2,1,2,3,1,2,1,1.292790209,1.035656625,0.950605713,0,1,0,0,2,0,0,0,1,0,2,0,2,1,0,1,1,0,1,0,0,0,1,1,0,1,1,1,0,0,1,1,0,0,1,0,1,0,2,1,0,0,1,1,0,0,1,1,0,0,0,1
2478,11,4,0.21020711,0,30233,0,0,1,2,0,1,0,0,0,3,4,3,3,5,2,1,1,3,4,3,2,2,2,2,2,4,3,3,-0.520466875,-1.011566987,-0.429118979,1,0,0,1,4,0,1,1,0,0,2,0,4,1,0,1,0,1,2,0,0,0,0,1,0,1,1,1,0,0,1,1,0,0,1,0,1,0,2,0,0,1,3,1,0,0,1,1,0,0,0,1
2482,33,4,1.088176798,0,12771,0,1,0,1,1,0,0,0,0,1,2,1,4,5,1,2,2,2,5,1,2,1,2,2,2,4,2,4,0.204938288,-0.56946707,0.342277685,0,0,1,0,3,0,0,1,0,0,2,0,4,0,1,2,0,1,2,0,0,0,0,1,0,-9,0,0,1,0,2,0,1,0,2,1,0,0,1,0,1,0,2,0,0,1,3,0,1,0,0,2
2484,45,4,0.55600604,1,77084,0,1,0,2,0,1,0,0,0,2,5,5,1,5,3,1,2,4,5,3,2,1,2,2,2,4,4,4,-0.251974678,-0.367384617,-0.892124938,1,0,0,1,4,0,0,1,0,0,2,0,4,1,0,1,0,1,2,0,1,0,0,1,0,1,1,0,0,1,3,1,0,0,1,0,1,0,2,1,0,0,1,1,0,0,1,1,0,0,0,1
2493,10,2,1.033228439,0,34771,0,1,0,2,0,1,0,0,0,1,5,1,5,5,1,1,1,4,5,5,2,1,1,2,2,3,3,4,-2.178842047,-1.52459017,-0.75243113,1,1,0,0,2,0,0,1,0,0,2,0,4,1,0,1,0,1,2,0,0,0,0,1,0,1,1,1,0,0,1,1,0,0,1,0,1,0,2,0,0,1,3,1,0,0,1,1,0,0,0,1
2499,33,4,2.953812744,0,10598,0,1,0,4,0,0,0,1,0,3,4,3,4,4,2,2,2,4,3,3,2,2,2,2,2,4,3,4,-0.688232251,1.105051096,-0.051625876,0,0,0,1,4,0,1,1,0,0,2,0,4,0,0,3,0,1,2,0,0,0,0,1,0,1,1,1,0,0,1,0,1,0,2,0,1,0,2,1,0,0,1,1,0,0,1,0,1,0,0,2
2503,24,1,0.142889313,0,55428,0,1,0,3,0,0,1,0,0,3,4,4,4,4,4,4,4,4,5,4,3,2,2,2,2,3,3,3,0.052945041,0.484204393,0.501363186,0,1,0,0,2,1,1,0,1,0,2,0,2,1,0,1,0,1,2,1,0,0,0,1,0,-9,0,0,1,0,2,0,0,1,3,0,1,0,2,0,1,0,2,1,0,0,1,0,0,0,1,4
2505,11,2,1.954582963,0,30035,0,1,0,2,0,1,0,0,0,2,3,3,4,5,2,2,1,4,5,4,2,1,2,2,2,4,3,4,0.389329691,0.08249905,0.354971661,0,0,0,1,4,0,1,1,0,0,1,1,1,0,1,2,1,0,1,0,1,0,0,0,1,-9,0,0,1,0,2,0,1,0,2,0,1,0,2,0,1,0,2,0,1,0,2,0,0,1,0,3
2519,18,3,0.314859852,0,40511,0,1,0,3,0,0,1,0,0,1,6,3,5,5,1,1,1,5,5,1,2,2,1,2,2,4,2,4,-1.425428406,-1.64891953,1.073143028,1,1,0,0,2,0,0,1,0,0,2,0,4,1,0,1,0,0,3,0,1,0,0,0,0,-9,0,0,1,0,2,0,1,0,2,0,0,1,3,0,1,0,2,1,0,0,1,0,0,1,0,3
2526,33,2,1.083471581,0,10022,1,0,0,2,0,1,0,0,0,1,3,2,3,4,3,3,3,4,3,3,3,2,2,2,3,2,2,2,0.215381682,0.165592721,-0.149219686,1,0,0,1,4,0,1,1,0,0,2,0,4,0,1,2,0,1,2,0,0,0,0,0,1,0,0,0,0,1,3,0,0,1,3,0,0,1,3,0,0,1,3,0,0,1,3,0,0,0,1,4
2545,10,4,1.756224867,0,34293,0,1,0,3,0,0,1,0,0,2,5,4,3,4,1,4,5,4,4,2,2,1,2,2,3,3,3,1,0.412485307,0.563772819,-0.046557183,1,0,0,1,4,0,0,1,0,0,2,0,4,0,0,3,0,0,3,1,0,0,0,1,0,-9,0,0,1,0,2,1,0,0,1,0,0,1,3,1,0,0,1,1,0,0,1,0,0,1,0,3
2546,19,4,0.304972504,0,70130,1,0,0,5,0,0,0,0,1,5,6,5,1,5,5,3,3,5,5,5,2,2,2,2,2,4,3,4,0.765646038,-1.370694426,0.86973972,1,0,0,1,4,1,1,0,1,0,2,0,2,1,0,1,1,0,1,0,0,0,0,0,1,-9,0,0,0,1,3,0,0,1,3,0,0,1,3,0,1,0,2,0,0,1,3,0,0,0,1,4
2549,23,4,0.507134403,0,48506,0,1,0,1,1,0,0,0,0,2,3,1,3,5,1,4,3,4,5,3,2,1,2,2,2,3,2,4,-0.181951919,-0.194247254,-0.694291854,1,0,1,0,3,0,0,1,0,0,2,0,4,1,0,1,0,1,2,0,1,0,0,0,0,-9,0,0,1,0,2,1,0,0,1,0,1,0,2,1,0,0,1,1,0,0,1,0,0,1,0,3
2554,36,4,0.643811275,0,44314,0,1,0,1,1,0,0,0,0,1,1,0,4,4,2,2,2,4,4,4,2,2,2,2,2,4,3,3,0.808547411,-1.247942606,-0.630607482,1,0,0,1,4,0,0,1,0,0,2,0,4,1,0,1,1,0,1,0,0,0,0,1,0,1,1,0,1,0,2,0,1,0,2,0,0,1,3,0,1,0,2,1,0,0,1,0,1,0,0,2
2556,18,2,1.717681914,0,40258,0,1,0,3,0,0,1,0,0,3,4,3,4,4,3,3,3,4,4,3,2,1,1,1,2,3,3,2,0.113024067,-0.491333952,-0.242189721,1,1,0,0,2,0,0,1,0,0,2,0,4,0,1,2,0,0,3,1,0,1,0,1,0,1,1,0,1,0,2,0,1,0,2,1,0,0,1,1,0,0,1,1,0,0,1,0,0,1,0,3
2559,15,2,0.345543173,0,46131,0,1,0,3,0,0,1,0,0,2,3,3,2,4,4,3,4,4,5,4,2,2,2,2,3,3,4,3,0.412355585,-0.617132275,0.019324912,1,0,1,0,3,0,0,1,0,0,2,0,4,1,0,1,0,1,2,0,1,0,1,0,0,-9,0,1,0,0,1,0,1,0,2,0,1,0,2,0,1,0,2,1,0,0,1,1,0,0,0,1
2564,26,2,1.977334311,0,65020,0,1,0,3,0,0,1,0,0,3,3,4,3,2,3,2,2,2,3,2,1,3,2,2,2,2,1,2,1.156347052,-0.527805128,-1.753803138,0,1,0,0,2,0,0,1,0,0,2,0,4,0,1,2,0,1,2,0,0,0,1,1,0,-9,0,1,0,0,1,1,0,0,1,0,1,0,2,0,0,1,3,1,0,0,1,0,1,0,0,2
2565,39,4,1.848952642,0,18603,0,1,0,5,0,0,0,0,1,2,3,3,2,3,2,3,2,5,5,3,2,2,2,2,2,1,3,3,-0.462212507,-0.253467048,-0.335316166,1,1,0,0,2,0,0,1,0,0,2,0,4,1,0,1,0,0,3,0,1,0,0,0,1,1,1,1,0,0,1,0,1,0,2,1,0,0,1,0,1,0,2,1,0,0,1,1,0,0,0,1
2578,5,2,0.311036484,0,93292,0,1,0,4,0,0,0,1,0,2,4,4,3,3,3,3,3,4,3,4,2,3,3,3,3,3,2,2,1.195616938,-0.763455459,-0.05671764,1,0,1,0,3,0,0,1,0,0,1,1,1,1,0,1,0,0,3,0,0,0,1,0,0,-9,0,0,1,0,2,1,0,0,1,0,0,1,3,0,1,0,2,1,0,0,1,1,0,0,0,1
2579,42,4,1.710192631,0,29657,0,1,0,5,0,0,0,0,1,2,1,3,2,4,2,5,5,5,5,5,2,1,2,2,3,4,2,2,1.398920926,1.043777759,0.617202128,1,0,1,0,3,0,1,1,0,0,2,0,4,0,1,2,0,1,2,0,0,0,0,0,0,-9,0,1,0,0,1,1,0,0,1,1,0,0,1,1,0,0,1,1,0,0,1,1,0,0,0,1
2580,51,4,0.694138897,0,53203,1,0,0,1,1,0,0,0,0,1,3,2,3,3,3,3,3,4,4,4,2,2,3,3,3,4,2,3,-0.192870794,-0.963731525,-0.971190142,1,0,0,1,4,0,0,1,0,0,2,0,4,1,0,1,1,0,1,0,1,0,0,0,1,-9,0,0,0,1,3,0,0,1,3,0,0,1,3,0,1,0,2,0,0,1,3,0,0,0,1,4
2582,36,4,0.549698003,0,45887,0,0,1,1,1,0,0,0,0,2,2,1,4,4,2,1,2,2,4,2,2,1,1,2,3,3,3,4,0.041047871,-1.034451084,0.638839624,0,0,0,1,4,0,0,1,0,0,2,0,4,0,1,2,0,1,2,0,0,0,0,1,0,-9,0,1,0,0,1,1,0,0,1,0,1,0,2,0,1,0,2,1,0,0,1,1,0,0,0,1
2584,11,2,0.401645102,0,31415,0,1,0,3,0,0,1,0,0,4,3,5,3,2,3,2,2,3,2,3,1,2,3,3,2,2,2,3,-1.250625477,-0.398926107,-0.636458996,1,1,0,0,2,0,0,1,0,0,2,0,4,1,0,1,0,1,2,0,1,0,1,0,0,-9,0,0,1,0,2,1,0,0,1,0,0,1,3,1,0,0,1,1,0,0,1,0,0,0,1,4
2585,24,4,1.510801203,0,56449,0,0,1,1,1,0,0,0,0,1,4,0,5,5,1,1,1,2,3,3,1,2,2,1,2,1,3,3,-0.593116287,-0.187345447,0.002231341,0,0,0,1,4,0,0,1,0,0,2,0,4,0,1,2,1,0,1,0,0,0,0,1,0,-9,0,1,0,0,1,1,0,0,1,0,1,0,2,0,0,1,3,1,0,0,1,1,0,0,0,1
2594,10,2,31.41642774,0,34652,0,1,0,3,0,0,1,0,0,3,5,3,4,2,2,3,2,4,4,3,2,1,2,2,2,2,2,3,-0.730712054,-0.084768034,1.300093643,0,0,0,1,4,0,0,1,1,0,2,0,2,0,0,3,0,1,2,0,0,0,0,0,0,-9,0,0,1,0,2,0,1,0,2,0,0,1,3,0,0,1,3,1,0,0,1,0,0,0,1,4
2596,2,4,0.002683384,0,99501,1,0,0,3,0,0,1,0,0,2,1,0,3,3,3,3,3,3,3,3,2,2,2,2,2,4,4,4,0.343094413,-0.387562597,0.040424737,0,0,0,1,4,0,1,1,0,0,2,0,4,0,0,0,0,1,2,0,0,0,0,1,0,-9,0,0,0,1,3,0,0,1,3,0,0,1,3,0,1,0,2,1,0,0,1,0,0,0,1,4
2605,22,2,1.245167986,0,2131,1,0,0,3,0,0,1,0,0,3,4,3,4,3,4,4,3,4,4,4,3,3,3,3,3,2,2,2,0.252678716,0.401392701,-0.48237736,1,1,0,0,2,0,1,1,0,0,2,0,4,0,0,3,0,0,3,1,0,1,0,1,0,1,1,0,0,1,3,0,0,1,3,1,0,0,1,1,0,0,1,0,0,1,3,0,0,0,1,4
2607,42,4,0.06501985,0,29201,0,1,0,1,1,0,0,0,0,1,5,3,4,4,1,1,1,3,5,5,2,2,2,2,2,4,3,3,1.411340638,0.805491879,1.00854944,1,0,0,1,4,1,1,1,0,0,2,0,4,1,0,1,1,0,1,0,0,0,0,0,0,-9,0,0,1,0,2,0,0,1,3,0,1,0,2,0,1,0,2,1,0,0,1,0,0,0,1,4
2610,14,4,0.826535989,0,60404,0,1,0,2,0,1,0,0,0,2,2,4,1,5,4,4,5,4,4,3,2,1,2,1,3,1,2,4,-0.362557132,0.211560954,-0.113652677,0,0,0,1,4,0,0,1,0,0,2,0,4,0,1,2,0,1,2,0,0,0,0,1,0,-9,0,0,1,0,2,0,1,0,2,0,1,0,2,0,0,1,3,1,0,0,1,0,1,0,0,2
2624,5,4,0.004103103,0,95351,1,0,0,1,1,0,0,0,0,1,2,1,4,4,2,2,2,2,4,3,2,2,2,2,2,3,3,3,0.381090124,-0.402926515,0.320512164,0,0,0,1,4,0,0,1,0,0,2,0,4,0,1,2,0,1,2,0,1,0,0,1,0,1,1,0,0,1,3,0,1,0,2,0,0,1,3,0,1,0,2,1,0,0,1,0,0,1,0,3
2625,20,4,0.58155847,0,4937,0,0,0,1,1,0,0,0,0,1,3,1,4,4,1,3,3,4,5,3,2,2,2,2,2,3,3,4,-0.153085342,-0.056106275,-2.372431187,0,0,0,1,4,0,0,1,0,0,2,0,4,1,0,1,1,0,1,0,1,0,0,0,0,1,1,0,0,0,0,0,0,0,0,0,0,0,0,0,0,0,0,0,0,0,0,0,0,0,0,0
2629,36,4,0.704168733,0,44270,0,1,0,2,0,1,0,0,0,1,4,1,3,3,3,3,4,4,4,3,2,2,2,2,2,3,3,3,0.83078407,-0.603561313,-0.562939457,0,0,0,1,4,0,0,1,0,0,2,0,4,0,0,0,0,1,2,0,0,0,0,1,0,-9,0,1,0,0,1,1,0,0,1,1,0,0,1,0,1,0,2,1,0,0,1,1,0,0,0,1
2636,17,1,1.893681302,0,66106,0,1,0,5,0,0,0,0,1,1,5,5,4,3,4,5,5,5,5,5,3,2,1,3,3,1,1,1,0.254829297,0.538768445,-0.372421152,0,1,0,0,2,0,1,1,0,0,2,0,4,0,0,3,0,0,3,1,0,0,0,0,0,-9,0,0,1,0,2,1,0,0,1,0,0,1,3,1,0,0,1,1,0,0,1,0,1,0,0,2
2638,5,4,9.28E-06,0,90024,1,0,0,2,0,1,0,0,0,3,6,2,3,5,3,2,2,5,5,4,2,2,2,2,2,4,3,4,-0.913530386,0.294287451,-0.150258626,1,0,0,1,4,0,0,1,0,0,2,0,4,0,0,0,1,0,1,0,1,0,0,0,1,-9,0,0,0,1,3,0,0,1,3,1,0,0,1,0,1,0,2,1,0,0,1,0,0,0,1,4
2642,16,4,0.155410744,0,52404,0,1,0,4,0,0,0,1,0,2,3,3,3,3,4,4,3,4,4,3,2,2,1,2,2,4,2,4,-0.151793994,0.086622337,0.362147812,1,0,0,1,4,0,0,1,0,0,2,0,4,1,0,1,0,1,2,0,1,0,0,0,0,1,1,0,1,0,2,0,1,0,2,0,0,1,3,0,0,1,3,1,0,0,1,0,0,0,1,4
2644,10,4,0.204193695,1,33407,1,0,0,2,0,1,0,0,0,2,5,0,5,5,1,1,1,5,5,1,1,3,3,2,1,3,3,4,0.713364281,-1.744596667,-0.810912348,1,0,1,0,3,0,0,1,0,0,2,0,4,0,1,2,0,0,3,0,0,0,0,0,0,-9,0,0,0,1,3,0,0,1,3,0,1,0,2,0,1,0,2,0,1,0,2,0,0,0,1,4
2645,11,2,4.275176808,0,30068,0,1,0,4,0,0,0,1,0,3,5,5,1,4,2,4,1,5,5,4,3,2,1,1,3,3,2,2,1.24535325,0.99872022,0.747383365,0,0,1,1,4,0,1,1,0,0,2,0,4,0,0,3,0,0,3,1,0,0,1,1,0,-9,0,0,1,0,2,0,1,0,2,1,0,0,1,0,0,1,3,1,0,0,1,1,0,0,0,1
2649,37,4,3.060520254,0,74339,0,1,0,1,1,0,0,0,0,1,1,0,3,4,1,1,2,3,4,3,2,2,2,2,2,3,3,3,0.21755363,-0.625891608,0.381696572,0,0,0,1,4,0,0,1,0,0,2,0,4,1,0,1,0,1,2,0,0,0,0,1,0,-9,0,1,0,0,1,1,0,0,1,1,0,0,1,0,0,1,3,1,0,0,1,0,1,0,0,2
2652,10,4,1.002477659,0,34667,0,1,0,3,0,0,1,0,0,1,1,0,5,4,1,2,2,4,4,2,2,1,2,2,3,3,2,4,1.284999884,0.297099029,0.084788915,0,0,0,1,4,0,0,1,0,0,2,0,4,0,0,3,0,1,2,0,0,0,0,1,0,-9,0,1,0,0,1,1,0,0,1,0,0,1,3,0,1,0,2,1,0,0,1,0,1,0,0,2
2657,45,4,4.038647897,1,75043,0,1,0,3,0,0,1,0,0,2,3,0,4,3,1,1,1,3,3,3,2,2,2,2,3,4,3,4,-1.397379292,-0.63473569,0.019803157,0,0,0,1,4,0,0,0,0,0,1,1,1,0,1,2,0,1,2,0,0,0,0,1,0,-9,0,0,0,1,3,0,1,0,2,0,0,1,3,1,0,0,1,1,0,0,1,0,0,1,0,3
2661,5,4,6.47E-08,1,95828,0,1,0,1,1,0,0,0,0,1,3,0,5,5,1,1,1,1,1,1,2,2,2,2,2,4,4,4,-0.13988952,-0.557882529,-2.523875515,0,1,0,0,2,0,0,0,0,1,2,0,3,1,0,1,1,0,1,0,0,0,0,0,1,-9,0,0,0,1,3,0,1,0,2,0,0,1,3,0,1,0,2,0,1,0,2,0,0,1,0,3
2664,1,2,1.076644928,0,36116,0,1,0,2,0,1,0,0,0,3,4,3,4,5,2,3,4,5,5,1,2,2,2,2,3,4,3,4,-1.946552564,-1.334352585,-1.191565772,1,1,0,0,2,0,0,0,1,0,2,0,2,1,0,1,0,1,2,1,0,0,1,0,0,-9,0,0,1,0,2,1,0,0,1,0,1,0,2,0,0,1,3,1,0,0,1,0,0,1,0,3
2667,10,4,0.975769204,1,32732,0,0,1,5,0,0,0,0,1,5,5,5,1,2,5,2,1,5,5,5,2,3,2,2,3,4,2,4,-0.264580853,-0.1689553,-2.082519385,1,0,0,1,4,1,1,1,0,0,2,0,4,0,0,0,0,1,2,0,1,0,0,1,0,1,1,1,0,0,1,1,0,0,1,1,0,0,1,1,0,0,1,1,0,0,1,1,0,0,0,1
2670,24,4,1.390289195,0,55803,0,1,0,3,0,0,1,0,0,2,2,2,4,4,2,2,1,3,4,4,2,3,3,2,2,3,2,2,-0.233786801,1.111232596,0.024468553,1,0,0,1,4,0,1,1,0,0,2,0,4,0,0,3,0,1,2,0,0,0,0,1,0,-9,0,1,0,0,1,1,0,0,1,1,0,0,1,0,1,0,2,1,0,0,1,0,1,0,0,2
2675,34,2,1.013867989,0,28610,0,1,0,2,0,1,0,0,0,1,4,3,5,3,1,3,4,5,4,4,2,2,2,2,2,4,3,3,0.114060061,-0.187823894,0.517840262,1,0,1,0,3,0,0,1,0,0,2,0,4,1,0,1,0,0,3,0,0,0,0,1,0,-9,0,1,0,0,1,1,0,0,1,1,0,0,1,0,1,0,2,1,0,0,1,1,0,0,0,1
2684,21,4,0.309878109,0,21727,0,1,0,2,0,1,0,0,0,2,3,1,4,3,3,3,3,3,3,3,2,2,2,2,2,3,3,3,0.139709117,0.157124583,-0.194654894,1,0,1,1,4,0,0,1,0,0,2,0,4,1,0,1,0,0,3,0,0,0,0,0,0,1,1,1,0,0,1,1,0,0,1,0,1,0,2,0,1,0,2,1,0,0,1,0,1,0,0,2
2690,31,4,7.570323051,0,7016,1,0,0,2,0,1,0,0,0,2,1,1,4,4,1,4,2,3,5,4,2,2,2,2,2,2,2,3,0.802558333,-0.068978547,-0.850800286,1,0,0,1,4,0,0,1,0,0,2,0,4,0,1,2,0,1,2,0,0,0,0,1,0,-9,0,0,0,1,3,0,0,1,3,0,1,0,2,0,1,0,2,0,0,1,3,0,0,1,0,3
2696,50,4,0.641134215,0,24868,0,0,1,5,0,0,0,0,1,2,6,0,1,5,1,1,1,5,5,1,2,1,2,2,3,1,2,1,-0.031095215,0.943658752,0.579777596,1,0,0,1,4,0,0,1,0,0,2,0,4,1,0,1,0,0,3,1,0,0,0,1,0,-9,0,1,0,0,1,1,0,0,1,1,0,0,1,0,1,0,2,1,0,0,1,1,0,0,0,1
2697,20,4,1.058520528,0,4956,0,0,1,4,0,0,0,1,0,3,6,4,1,5,1,1,1,5,4,4,2,1,2,2,3,4,2,3,-1.283263551,0.242840794,1.783333734,0,0,0,1,4,0,0,1,0,0,2,0,4,1,0,1,0,1,2,0,0,0,0,1,0,-9,0,1,0,0,1,1,0,0,1,1,0,0,1,0,0,1,3,1,0,0,1,1,0,0,0,1
2712,5,2,0.170332841,0,90029,1,0,0,1,1,0,0,0,0,1,1,2,1,4,4,4,4,5,5,5,3,1,1,1,3,2,2,2,0.306586584,0.782926533,0.377665852,0,1,0,0,2,0,0,0,1,0,2,0,2,0,1,2,0,1,2,0,0,0,1,0,0,0,0,0,0,1,3,0,0,1,3,0,0,1,3,0,0,1,3,0,0,1,3,0,0,0,1,4
2720,26,4,0.923346996,0,63051,0,1,0,2,0,1,0,0,0,2,4,3,2,5,2,4,2,5,4,4,3,1,3,1,3,1,1,1,-0.574016373,-0.109043117,0.442131985,1,0,0,1,4,0,0,1,0,0,2,0,4,1,0,1,1,0,1,0,0,0,0,1,0,-9,0,1,0,0,1,1,0,0,1,0,1,0,2,0,1,0,2,1,0,0,1,1,0,0,0,1
2725,21,4,4.455732879,0,21215,1,0,0,4,0,0,0,1,0,1,5,2,4,5,2,2,1,2,5,2,2,3,2,1,3,3,2,3,-0.700331605,-0.438663499,0.825721923,0,0,1,0,3,0,0,1,0,0,2,0,4,0,1,2,0,1,2,0,1,0,0,1,0,1,1,0,0,1,3,0,0,1,3,1,0,0,1,0,1,0,2,0,0,1,3,0,0,0,1,4
2738,34,4,0.358961366,0,28805,0,1,0,2,0,1,0,0,0,2,6,3,3,3,4,3,4,4,5,5,2,2,2,2,2,4,4,4,0.712304917,-0.390575215,-0.5237504,0,0,0,1,4,1,1,1,0,0,2,0,4,1,0,1,1,0,1,0,0,0,0,0,0,-9,0,1,0,0,1,0,1,0,2,0,1,0,2,0,0,1,3,1,0,0,1,0,0,1,0,3
2739,25,4,0.261200306,0,39520,0,0,1,3,0,0,1,0,0,4,3,2,3,3,3,3,3,3,3,3,2,3,3,2,3,4,2,2,-0.562750137,0.020151084,-1.163920946,1,1,0,0,2,0,0,1,0,0,2,0,4,1,0,1,0,0,3,1,0,0,0,0,1,-9,0,1,0,0,1,1,0,0,1,1,0,0,1,0,0,1,3,1,0,0,1,1,0,0,0,1
2740,29,2,0.362119942,1,89101,1,0,0,5,0,0,0,0,1,4,3,3,2,4,5,4,5,5,5,5,3,1,1,3,3,2,1,2,0.363222649,0.893961366,-0.409688442,0,1,0,0,2,1,1,1,0,0,2,0,4,0,0,3,0,0,3,1,0,1,0,0,0,1,1,0,0,1,3,0,0,1,3,0,0,1,3,0,1,0,2,0,0,1,3,0,0,0,1,4
2742,45,4,1.730578443,1,77074,1,0,0,3,0,0,1,0,0,4,4,3,4,4,2,4,4,3,4,4,2,2,2,2,3,2,2,4,0.381474453,-0.604066876,-2.918061418,1,0,0,1,4,0,0,1,0,0,2,0,4,0,1,2,0,1,2,0,0,0,0,1,0,-9,0,0,0,1,3,0,0,1,3,0,0,1,3,1,0,0,1,1,0,0,1,0,0,0,1,4
2753,18,4,0.424654029,0,40146,0,0,1,1,1,0,0,0,0,2,2,1,3,4,3,3,3,4,4,4,2,2,2,2,3,4,2,2,0.476126565,-0.944041093,-0.089079318,1,0,0,1,4,0,0,1,0,0,2,0,4,0,1,2,0,1,2,0,1,0,0,1,0,1,1,1,0,0,1,1,0,0,1,1,0,0,1,1,0,0,1,1,0,0,1,1,0,0,0,1
2754,35,4,0.221043744,0,58504,0,1,0,1,1,0,0,0,0,2,3,3,3,3,3,3,3,3,3,3,2,2,2,2,3,3,2,4,-0.248400859,-1.562423695,-2.418578653,1,1,0,0,2,0,0,1,0,0,2,0,4,1,0,1,0,1,2,0,0,0,0,1,1,-9,0,1,0,0,1,0,0,1,3,1,0,0,1,1,0,0,1,1,0,0,1,0,1,0,0,2
2757,29,4,0.00022384,1,89052,0,1,0,2,0,1,0,0,0,3,4,2,3,5,1,4,1,4,5,4,1,1,1,2,3,3,3,3,1.160827789,-0.393778914,-0.058809634,1,0,1,1,4,0,0,1,0,0,2,0,4,0,1,2,0,0,3,1,0,0,0,1,0,1,1,0,1,0,2,0,0,1,3,0,0,1,3,0,1,0,2,1,0,0,1,0,0,1,0,3
2759,18,4,2.525935053,0,42431,0,1,0,1,1,0,0,0,0,1,4,1,2,3,1,1,1,3,3,3,2,2,3,1,1,1,3,3,0.075619179,0.037006328,0.265976087,0,0,1,0,3,0,0,1,0,0,2,0,4,0,1,2,1,0,1,0,0,0,0,1,0,-9,0,1,0,0,1,0,1,0,2,0,1,0,2,1,0,0,1,1,0,0,1,1,0,0,0,1
2767,27,4,0.600530113,0,59044,0,1,0,1,1,0,0,0,0,1,1,1,3,2,3,4,4,3,2,3,1,1,3,2,2,4,3,4,-0.930275191,-0.336138835,-1.098208104,0,0,0,1,4,1,1,1,0,0,2,0,4,0,1,2,0,1,2,0,0,0,0,1,0,1,1,1,0,0,1,1,0,0,1,0,0,1,3,0,1,0,2,1,0,0,1,1,0,0,0,1
2770,7,4,0.313147541,0,6798,0,1,0,3,0,0,1,0,0,2,2,1,4,4,4,4,3,4,4,4,2,2,2,2,2,3,3,3,0.472373828,1.203684001,0.410342657,1,0,0,1,4,0,0,1,0,0,2,0,4,0,0,0,1,0,1,0,0,0,0,0,0,-9,0,1,0,0,1,1,0,0,1,1,0,0,1,0,0,1,3,1,0,0,1,1,0,0,0,1
2772,35,4,0.347694444,0,58330,0,0,1,4,0,0,0,1,0,2,1,1,2,4,2,4,3,4,5,5,2,1,1,1,2,3,2,2,1.301473536,-0.366359329,0.367775848,1,0,0,1,4,1,1,1,0,0,2,0,4,1,0,1,1,0,1,0,0,0,0,1,0,-9,0,1,0,0,1,1,0,0,1,1,0,0,1,0,0,1,3,1,0,0,1,1,0,0,0,1
2781,39,4,0.298655486,0,15005,0,1,0,1,1,0,0,0,0,1,1,0,5,5,3,3,1,4,4,3,2,2,2,2,2,4,2,3,-0.097748744,-1.466970624,-0.622227357,1,0,0,1,4,0,0,1,0,0,2,0,4,1,0,1,1,0,1,0,1,0,0,1,0,-9,0,1,0,0,1,1,0,0,1,1,0,0,1,0,1,0,2,1,0,0,1,0,1,0,0,2
2786,45,4,1.0899846,1,78015,0,1,0,2,0,1,0,0,0,2,3,2,3,3,3,3,3,3,3,3,2,2,2,2,2,3,3,3,-0.824704189,-0.267667975,-0.807983038,1,1,0,0,2,0,0,1,0,0,1,1,1,0,0,0,0,0,3,1,0,0,0,1,0,-9,0,1,0,0,1,1,0,0,1,0,0,1,3,0,0,1,3,1,0,0,1,1,0,0,0,1
2787,10,2,0.345190436,1,33782,0,1,0,2,0,1,0,0,0,3,4,3,2,4,2,3,5,4,5,5,2,1,3,3,2,3,2,2,0.276812521,0.112996895,0.158204503,1,0,0,1,4,0,0,1,0,0,2,0,4,1,0,1,0,1,2,0,0,1,1,1,0,-9,0,0,1,0,2,0,1,0,2,0,0,1,3,0,1,0,2,1,0,0,1,0,0,1,0,3
2797,10,2,2.832634007,0,33909,0,1,0,2,0,1,0,0,0,2,5,1,2,4,3,4,2,5,5,4,3,2,1,2,2,3,2,3,0.939690576,-0.807800776,0.133020098,0,0,1,1,4,0,0,1,0,0,2,0,4,0,1,2,1,0,1,0,0,0,1,1,0,-9,0,1,0,0,1,0,1,0,2,0,0,1,3,0,0,1,3,1,0,0,1,0,0,1,0,3
2799,34,4,0.950756779,0,28078,0,1,0,1,1,0,0,0,0,1,3,3,3,5,3,4,3,5,3,4,2,1,1,3,2,2,2,3,1.26973027,-0.969518263,0.18166428,1,0,0,1,4,0,0,1,0,0,2,0,4,0,1,2,0,1,2,0,1,0,0,1,0,1,1,0,1,0,2,0,1,0,2,0,0,1,3,0,1,0,2,1,0,0,1,0,0,1,0,3
2802,50,4,0.885793834,0,25524,0,0,1,2,0,1,0,0,0,1,2,1,4,4,2,2,2,4,5,4,2,2,2,2,2,4,3,3,0.846745735,-0.121061763,0.003949255,0,0,0,1,4,0,1,1,0,0,2,0,4,0,1,2,0,0,3,0,0,0,0,1,0,-9,0,1,0,0,1,1,0,0,1,1,0,0,1,1,0,0,1,1,0,0,1,1,0,0,0,1
2813,26,4,1.110800641,0,64127,0,1,0,1,1,0,0,0,0,1,4,0,4,3,1,1,1,3,3,1,2,2,2,2,2,4,3,4,1.048220618,-0.361118486,0.883077767,0,0,0,1,4,0,0,1,0,0,2,0,4,1,0,1,1,0,1,0,0,0,0,1,0,1,1,0,1,0,2,0,1,0,2,0,1,0,2,1,0,0,1,1,0,0,1,0,0,0,1,4
2819,23,4,0.180299106,0,48127,1,0,0,1,1,0,0,0,0,1,4,4,2,3,2,3,4,4,4,4,2,3,1,2,3,4,2,4,0.298503123,0.572291405,-0.514303256,0,0,0,1,4,1,1,1,0,0,2,0,4,1,0,1,0,1,2,0,0,0,0,1,0,0,0,0,0,1,3,0,0,1,3,0,1,0,2,0,0,1,3,1,0,0,1,0,0,1,0,3
2822,15,4,1.171911313,0,46808,0,1,0,1,1,0,0,0,0,1,4,0,4,5,1,1,1,4,4,4,2,1,2,2,3,4,2,2,1.197833621,0.507386712,0.299995922,1,0,0,1,4,0,0,1,0,0,2,0,4,1,0,1,1,0,1,0,0,0,0,1,0,1,1,0,1,0,2,0,1,0,2,1,0,0,1,0,1,0,2,1,0,0,1,0,0,1,0,3
2823,10,4,0.221880837,0,33805,0,1,0,2,0,1,0,0,0,1,4,1,5,4,1,1,1,4,5,4,2,1,2,2,3,4,2,2,1.785897944,0.812242453,-1.461751471,1,0,0,1,4,0,0,1,0,0,2,0,4,1,0,1,0,1,2,0,0,0,0,0,0,-9,0,0,1,0,2,0,0,1,3,0,0,1,3,0,1,0,2,1,0,0,1,0,0,1,0,3
2832,33,4,0.970680645,0,13901,0,1,0,3,0,0,1,0,0,3,5,4,1,4,3,5,2,5,5,5,2,2,2,2,3,4,2,4,0.14837745,-0.899029697,-0.553800116,1,1,0,0,2,0,0,1,0,0,2,0,4,1,0,1,1,0,1,0,1,0,0,0,1,-9,0,0,1,0,2,0,0,1,3,0,0,1,3,0,1,0,2,1,0,0,1,0,1,0,0,2
2835,45,4,0.459318589,1,77303,0,1,0,4,0,0,0,1,0,1,5,5,5,5,5,5,4,5,5,5,2,2,3,2,3,2,2,2,0.963723124,1.542044579,0.804210654,1,1,0,0,2,0,0,0,1,0,2,0,2,1,0,1,0,1,2,0,0,0,0,0,1,1,1,1,0,0,1,0,1,0,2,0,0,1,3,0,1,0,2,1,0,0,1,0,1,0,0,2
2843,51,4,0.827588863,0,54880,0,1,0,3,0,0,1,0,0,1,3,1,4,2,3,3,3,3,5,5,2,2,3,3,3,3,2,2,0.214269154,0.031777083,-1.995243121,1,0,1,0,3,0,0,1,0,0,2,0,4,1,0,1,1,0,1,0,0,0,0,0,1,-9,0,0,1,0,2,0,1,0,2,1,0,0,1,0,0,1,3,1,0,0,1,0,0,0,1,4
2847,10,2,1.437512353,1,33401,1,0,0,5,0,0,0,0,1,1,5,5,5,5,5,4,1,4,5,5,3,1,1,1,3,1,1,1,0.764537496,0.689510135,0.556608846,0,1,0,0,2,0,0,0,1,0,2,0,2,0,1,2,0,1,2,1,0,0,0,0,0,1,1,0,0,1,3,0,0,1,3,0,0,1,3,0,1,0,2,0,0,1,3,0,0,0,1,4
2852,51,2,3.757806126,0,53189,0,1,0,1,1,0,0,0,0,1,4,2,3,4,1,1,1,2,5,4,2,2,1,1,2,1,2,2,-0.312078132,0.557595093,-0.101695538,1,0,1,0,3,1,1,1,0,0,2,0,4,0,0,3,1,0,1,0,0,0,0,1,0,-9,0,1,0,0,1,1,0,0,1,0,1,0,2,1,0,0,1,1,0,0,1,1,0,0,0,1
2855,5,4,1.17E-06,1,92583,0,1,0,2,0,1,0,0,0,3,3,3,3,4,3,3,3,4,4,3,2,3,3,2,2,4,2,4,-0.780027984,0.422879398,-1.130084034,1,0,0,1,4,0,0,1,0,0,2,0,4,1,0,1,0,0,3,0,0,0,0,1,0,-9,0,0,1,0,2,0,1,0,2,0,1,0,2,0,0,1,3,1,0,0,1,0,0,1,0,3
2859,39,2,4.642992758,0,17701,0,1,0,1,1,0,0,0,0,1,5,3,4,3,4,4,3,3,4,4,1,2,2,2,2,3,3,3,0.710677335,0.003985785,0.731364131,1,0,1,0,3,0,0,1,0,0,1,1,1,0,1,2,1,0,1,0,1,0,1,1,0,-9,0,0,1,0,2,0,0,1,3,0,0,1,3,0,0,1,3,1,0,0,1,0,1,0,0,2
2883,39,4,1.181097845,0,17268,0,1,0,1,1,0,0,0,0,1,2,1,3,5,1,1,1,1,3,2,2,2,2,2,3,1,3,4,-0.628415557,-0.699397582,0.319494607,1,0,1,0,3,0,0,1,0,0,2,0,4,1,0,1,0,0,3,0,1,0,0,0,0,1,1,1,0,0,1,0,1,0,2,1,0,0,1,0,0,1,3,1,0,0,1,1,0,0,0,1
2886,10,4,0.268391487,1,32767,0,1,0,2,0,1,0,0,0,1,6,2,2,5,1,1,3,5,4,4,2,2,1,2,2,4,2,3,-0.773612283,-0.681721406,-0.053206635,1,0,0,1,4,0,1,1,0,0,2,0,4,1,0,1,1,0,1,0,1,0,0,0,1,-9,0,1,0,0,1,1,0,0,1,1,0,0,1,1,0,0,1,1,0,0,1,1,0,0,0,1
2897,16,4,0.226169463,0,50627,0,0,1,2,0,1,0,0,0,3,2,2,3,4,3,3,4,3,4,4,2,2,2,2,2,3,3,3,-0.156865686,-0.762652619,-1.31519578,1,0,1,0,3,0,0,1,0,0,2,0,4,1,0,1,0,0,3,0,1,0,0,1,0,-9,0,1,0,0,1,1,0,0,1,1,0,0,1,0,0,1,3,1,0,0,1,1,0,0,0,1
2898,23,2,0.816187474,0,48629,0,1,0,4,0,0,0,1,0,3,2,3,2,4,2,3,1,5,3,5,3,1,3,1,3,3,2,2,0.895615956,0.110536795,0.655835919,1,0,1,0,3,0,0,1,0,0,2,0,4,1,0,1,0,1,2,0,0,0,1,0,0,1,1,1,0,0,1,1,0,0,1,1,0,0,1,0,0,1,3,1,0,0,1,1,0,0,0,1
2906,26,4,0.505880358,0,64128,0,1,0,1,1,0,0,0,0,3,1,2,1,2,5,1,1,4,5,5,1,1,1,1,3,4,2,3,-0.943335438,-0.938068079,1.008651451,1,0,1,0,3,0,0,0,1,0,2,0,2,1,0,1,0,1,2,0,1,0,0,0,1,-9,0,0,1,0,2,1,0,0,1,0,1,0,2,1,0,0,1,1,0,0,1,0,0,1,0,3
2908,10,2,5.625784639,0,32320,0,1,0,3,0,0,1,0,0,2,4,2,4,4,1,4,4,4,5,4,2,1,2,2,3,1,2,2,0.493126339,0.425782941,0.796280161,1,1,0,0,2,0,0,1,0,0,2,0,4,0,0,3,0,0,3,1,0,0,1,0,0,-9,0,1,0,0,1,0,1,0,2,1,0,0,1,1,0,0,1,1,0,0,1,0,1,0,0,2
2909,24,4,0.092500936,0,56477,0,0,1,1,1,0,0,0,0,1,6,1,5,5,1,1,1,1,1,1,2,2,2,2,2,4,3,3,0.341534024,-1.022603898,1.164026443,1,0,1,0,3,1,1,1,0,0,2,0,4,0,0,0,0,0,3,0,1,0,0,1,0,-9,0,1,0,0,1,1,0,0,1,1,0,0,1,1,0,0,1,1,0,0,1,1,0,0,0,1
2910,45,2,3.536999499,0,76240,0,1,0,2,0,1,0,0,0,1,4,2,4,5,1,1,4,5,5,5,3,2,2,2,3,1,2,2,0.860920326,0.085866257,0.46399263,1,0,1,0,3,0,0,1,0,0,2,0,4,0,1,2,0,1,2,0,1,0,0,1,0,-9,0,1,0,0,1,0,1,0,2,0,1,0,2,0,0,1,3,1,0,0,1,1,0,0,0,1
2913,51,2,4.957047728,0,53934,0,0,1,2,0,1,0,0,0,1,3,0,5,3,1,5,5,3,1,5,3,3,1,1,2,2,2,2,-0.316941852,1.36389144,0.462392889,0,1,0,0,2,0,0,1,0,0,2,0,4,1,0,1,1,0,1,0,0,0,1,0,0,-9,0,1,0,0,1,1,0,0,1,1,0,0,1,1,0,0,1,1,0,0,1,1,0,0,0,1
2916,38,4,0.308858017,0,97006,1,0,0,1,1,0,0,0,0,2,4,2,4,4,2,2,2,4,4,3,1,1,3,1,3,1,2,2,-0.307774195,0.194797665,0.262962811,1,0,0,1,4,0,0,1,0,0,2,0,4,0,1,2,0,1,2,0,1,0,0,1,0,1,1,0,0,1,3,0,0,1,3,0,1,0,2,0,0,1,3,1,0,0,1,0,0,0,1,4
2921,4,4,0.969667335,0,72430,0,1,0,2,0,1,0,0,0,1,4,2,3,4,5,5,2,4,4,1,2,2,2,2,2,4,2,3,-0.052909168,-0.516401907,-0.636483031,1,0,1,0,3,0,0,1,0,0,2,0,4,1,0,1,0,1,2,0,0,0,0,1,0,1,1,1,0,0,1,1,0,0,1,1,0,0,1,0,0,1,3,1,0,0,1,1,0,0,0,1
2923,42,4,0.398389568,0,29006,0,1,0,2,0,1,0,0,0,3,3,2,4,4,1,1,1,4,4,1,2,2,2,2,2,3,3,4,0.98805,-1.26018117,-0.082058908,1,0,1,0,3,0,0,1,0,0,2,0,4,1,0,1,0,1,2,0,0,0,0,0,0,1,1,1,0,0,1,1,0,0,1,1,0,0,1,1,0,0,1,1,0,0,1,1,0,0,0,1
2928,14,2,0.354135482,0,60827,0,1,0,3,0,0,1,0,0,3,4,4,4,3,4,4,4,4,4,4,2,2,2,2,2,3,3,3,-0.015549095,1.235687404,0.017060213,1,0,1,0,3,0,0,0,1,0,2,0,2,0,1,2,1,0,1,0,0,0,0,1,0,1,1,0,0,1,3,0,1,0,2,0,0,1,3,1,0,0,1,0,0,1,3,0,0,0,1,4
2930,1,2,0.835542414,0,35565,0,1,0,4,0,0,0,1,0,1,5,5,5,4,1,1,1,4,4,4,2,2,2,2,2,4,2,2,-0.372109368,1.618084529,1.164143687,0,0,1,0,3,1,1,1,0,0,2,0,4,1,0,1,0,0,3,1,0,1,1,1,0,1,1,1,0,0,1,1,0,0,1,1,0,0,1,0,1,0,2,1,0,0,1,1,0,0,0,1
2936,19,4,1.459972785,0,70714,0,1,0,5,0,0,0,0,1,5,5,4,2,4,2,2,4,4,4,4,2,2,2,2,3,3,3,3,-0.104120114,-0.605275489,0.043706032,1,0,1,0,3,0,0,0,1,0,2,0,2,0,1,2,0,0,3,1,1,0,0,1,0,-9,0,1,0,0,1,1,0,0,1,1,0,0,1,0,1,0,2,1,0,0,1,1,0,0,0,1
2938,10,4,0.564045245,0,34656,0,1,0,2,0,1,0,0,0,3,4,4,4,3,3,2,2,4,4,4,2,1,1,1,1,1,1,1,0.155032448,0.800379298,-0.351392629,1,0,1,0,3,0,0,1,0,0,2,0,4,1,0,1,1,0,1,0,0,0,0,0,1,-9,0,0,0,0,0,0,0,0,0,0,0,0,0,0,0,0,0,0,0,0,0,0,0,0,0,0
2940,14,4,0.908278818,0,60030,0,1,0,2,0,1,0,0,0,2,3,3,3,4,1,1,1,4,4,4,2,2,2,2,2,4,2,4,0.430465695,-0.187899828,0.183466449,1,0,0,1,4,0,0,1,0,0,2,0,4,0,1,2,0,1,2,0,0,0,0,1,0,-9,0,0,1,0,2,0,1,0,2,1,0,0,1,0,1,0,2,0,0,1,3,0,0,1,0,3
2945,10,4,0.577218602,1,33703,0,1,0,5,0,0,0,0,1,2,5,2,3,5,3,4,3,3,3,3,2,2,2,2,2,3,3,3,-0.608876755,-1.956023597,1.009136504,0,0,1,0,3,1,1,1,0,0,2,0,4,1,0,1,1,0,1,0,0,0,0,1,0,-9,0,0,0,1,3,0,1,0,2,0,1,0,2,0,1,0,2,1,0,0,1,0,0,1,0,3
2947,51,2,1.907681227,0,53218,0,1,0,1,1,0,0,0,0,3,3,2,3,3,3,3,3,3,3,3,2,2,2,2,2,3,3,3,-0.791138301,0.29908513,-1.521544804,1,1,0,0,2,0,0,1,0,0,2,0,4,0,0,3,0,1,2,1,0,0,1,1,0,-9,0,0,0,1,3,0,1,0,2,0,1,0,2,0,1,0,2,1,0,0,1,0,0,0,1,4
2948,29,2,1.79E-07,1,89119,1,0,0,1,1,0,0,0,0,2,2,2,3,5,3,3,3,3,3,3,2,2,2,2,2,3,3,3,-0.238041438,0.102287749,0.103515773,0,0,1,0,3,0,0,0,1,0,2,0,2,1,0,1,0,1,2,0,0,0,0,0,1,1,1,0,0,1,3,0,0,1,3,0,0,1,3,0,1,0,2,0,1,0,2,0,0,0,1,4
2954,4,4,0.896949919,0,72176,0,1,0,4,0,0,0,1,0,3,4,3,3,3,2,3,3,3,3,3,2,2,2,2,3,1,1,1,-0.386029511,0.18829194,-0.811320018,1,1,0,0,2,0,0,1,0,0,2,0,4,1,0,1,0,0,3,1,0,0,0,0,0,1,1,1,0,0,1,1,0,0,1,0,1,0,2,1,0,0,1,1,0,0,1,1,0,0,0,1
2958,33,2,0.833612501,0,10029,1,0,0,3,0,0,1,0,0,3,2,3,2,4,2,3,2,2,5,5,2,2,2,1,3,4,3,3,-0.016492486,0.309233064,0.051365783,1,0,0,1,4,1,1,1,0,0,2,0,4,0,1,2,1,0,1,0,1,0,0,0,1,-9,0,0,0,1,3,0,0,1,3,0,0,1,3,0,0,1,3,0,0,1,3,0,0,1,0,3
2960,6,4,0.001380089,0,81520,0,1,0,1,1,0,0,0,0,2,6,4,4,3,4,3,3,5,4,4,2,2,2,2,2,4,3,3,0.121267906,0.282056666,-0.991959652,1,0,0,1,4,0,0,1,0,0,2,0,4,0,1,2,0,1,2,0,0,0,0,1,0,0,0,0,1,0,2,1,0,0,1,0,1,0,2,1,0,0,1,1,0,0,1,1,0,0,0,1
2968,10,4,0.683126086,1,32779,0,1,0,1,1,0,0,0,0,1,2,0,5,4,1,1,1,4,4,4,2,1,2,2,2,4,2,3,1.042583839,1.440342356,-0.238233433,1,0,1,0,3,0,0,1,0,0,2,0,4,0,1,2,0,0,3,1,0,0,0,1,0,1,1,0,1,0,2,1,0,0,1,1,0,0,1,1,0,0,1,1,0,0,1,1,0,0,0,1
2976,39,4,1.999801112,0,19154,0,1,0,1,1,0,0,0,0,2,5,4,3,4,2,3,3,4,4,4,2,1,1,1,2,3,3,1,-0.966861348,-0.140388058,-0.213893041,0,0,0,1,4,0,0,1,0,0,2,0,4,1,0,1,0,1,2,0,1,0,0,0,0,-9,0,0,0,1,3,0,1,0,2,0,0,1,3,1,0,0,1,1,0,0,1,0,0,1,0,3
2981,14,2,0.375762543,0,60622,1,0,0,1,1,0,0,0,0,1,2,4,4,4,4,4,4,4,4,4,2,2,2,2,2,3,3,3,-0.312939288,0.920288998,-0.241417999,0,1,0,0,2,0,1,1,0,0,2,0,4,0,1,2,0,1,2,0,0,0,0,0,0,-9,0,0,0,1,3,0,0,1,3,1,0,0,1,0,0,1,3,0,0,1,3,0,0,0,1,4
2983,34,4,0.21504488,0,28360,0,1,0,3,0,0,1,0,0,3,4,3,3,4,2,1,2,4,5,5,2,3,2,3,1,1,2,4,0.256799017,1.089081175,0.575614906,1,0,1,0,3,0,0,0,1,0,2,0,2,1,0,1,0,0,3,0,0,0,0,0,0,-9,0,1,0,0,1,1,0,0,1,0,1,0,2,1,0,0,1,1,0,0,1,1,0,0,0,1
2989,11,4,0.705031833,0,31312,0,0,1,3,0,0,1,0,0,2,4,3,2,5,2,4,2,4,4,4,2,3,3,3,2,3,2,3,0.445640627,0.386243487,-0.126164357,0,0,0,1,4,0,0,1,0,0,2,0,4,1,0,1,0,0,3,0,0,0,0,1,0,-9,0,1,0,0,1,1,0,0,1,1,0,0,1,1,0,0,1,1,0,0,1,1,0,0,0,1
2993,23,2,1.915109441,0,48732,0,1,0,2,0,1,0,0,0,1,3,2,5,5,1,1,1,4,5,1,2,1,2,2,2,1,3,4,0.648444152,0.289488114,0.853422345,1,0,1,0,3,0,0,1,0,0,2,0,4,0,1,2,0,0,3,0,0,0,1,1,0,1,1,1,0,0,1,1,0,0,1,1,0,0,1,0,0,1,3,1,0,0,1,1,0,0,0,1
3002,23,2,0.370639696,0,48060,0,1,0,3,0,0,1,0,0,1,5,3,1,5,3,5,4,5,5,5,2,1,1,2,3,2,2,2,0.584820078,-0.967433573,0.362871526,1,0,1,0,3,0,0,0,1,0,2,0,2,1,0,1,0,0,3,1,0,0,1,1,0,1,1,0,1,0,2,0,1,0,2,0,1,0,2,0,1,0,2,1,0,0,1,0,1,0,0,2
3010,29,4,0.005182355,0,89433,0,1,0,2,0,1,0,0,0,2,6,2,2,3,3,3,3,3,4,3,2,2,2,2,2,3,3,4,-0.620276136,-0.249736448,-0.310060099,1,0,0,1,4,0,0,1,0,0,2,0,4,1,0,1,1,0,1,0,0,0,0,0,0,1,1,0,1,0,2,1,0,0,1,1,0,0,1,1,0,0,1,1,0,0,1,0,1,0,0,2
3012,41,2,0.875144313,0,2909,1,0,0,3,0,0,1,0,0,3,2,2,3,4,2,2,4,4,4,4,2,1,3,3,3,1,2,2,-0.224552569,-0.319075715,-0.761708904,1,0,1,0,3,0,0,1,0,0,2,0,4,0,1,2,0,1,2,0,0,0,1,0,1,-9,0,0,0,1,3,0,0,1,3,0,0,1,3,0,0,1,3,0,1,0,2,0,0,0,1,4
3026,14,2,0.078242701,0,60620,0,1,0,3,0,0,1,0,0,3,3,3,4,2,5,4,3,4,4,5,3,2,1,2,3,3,3,1,0.848328536,0.606845505,0.835149361,0,1,0,0,2,1,1,0,1,0,2,0,2,1,0,1,0,0,3,1,1,1,0,0,0,-9,0,0,0,1,3,0,1,0,2,0,1,0,2,1,0,0,1,0,0,1,3,0,0,1,0,3
3027,39,4,0.06845383,0,15370,0,1,0,4,0,0,0,1,0,3,6,1,4,4,2,2,2,4,4,4,2,1,1,2,3,3,3,4,-0.523139924,-0.465414514,0.241764828,1,0,0,1,4,0,0,1,0,0,2,0,4,1,0,1,1,0,1,0,1,0,0,0,1,1,1,1,0,0,1,0,1,0,2,1,0,0,1,0,0,1,3,1,0,0,1,1,0,0,0,1
3031,25,2,0.886117443,0,39213,0,1,0,3,0,0,1,0,0,2,4,3,4,4,4,4,4,4,4,4,2,2,3,3,3,1,1,1,0.147987447,-0.373653773,0.216047875,0,1,0,0,2,0,0,0,1,0,2,0,2,1,0,1,1,0,1,0,0,1,0,0,0,-9,0,1,0,0,1,1,0,0,1,1,0,0,1,1,0,0,1,1,0,0,1,0,0,1,0,3
3032,14,2,0.596657723,0,60607,1,0,0,3,0,0,1,0,0,3,3,1,4,3,4,4,2,4,3,5,2,3,3,2,2,3,1,3,0.562852535,0.064287949,-0.26233327,1,1,0,0,2,0,0,1,0,0,1,1,1,0,1,2,0,1,2,0,1,0,0,1,0,-9,0,0,0,1,3,0,0,1,3,0,0,1,3,0,0,1,3,0,0,1,3,0,0,0,1,4
3033,3,4,0.06608652,0,85929,0,1,0,2,0,1,0,0,0,1,1,1,3,4,1,1,1,3,3,3,2,2,2,2,2,4,3,4,-0.618528971,-0.760498549,-0.405144485,1,0,0,1,4,0,0,0,0,0,2,0,5,0,1,2,0,1,2,0,1,0,0,1,0,-9,0,1,0,0,1,1,0,0,1,1,0,0,1,0,0,1,3,1,0,0,1,1,0,0,0,1
3034,10,2,7.454046661,0,32608,0,1,0,1,1,0,0,0,0,1,2,1,4,2,2,2,2,2,3,3,2,2,2,2,2,3,3,3,0.752484546,0.724513446,0.42765411,0,0,1,0,3,0,0,1,0,0,1,1,1,0,0,3,0,1,2,1,0,0,0,0,0,-9,0,0,1,0,2,0,1,0,2,0,0,1,3,0,0,1,3,1,0,0,1,0,0,1,0,3
3044,18,2,2.301873481,0,42071,0,1,0,2,0,1,0,0,0,2,3,1,2,4,4,4,4,4,4,4,2,3,1,3,3,2,1,2,-0.049072993,0.563689614,0.285908597,1,0,1,0,3,0,0,1,0,0,2,0,4,1,0,1,0,1,2,0,0,0,1,0,0,-9,0,1,0,0,1,0,1,0,2,1,0,0,1,1,0,0,1,1,0,0,1,1,0,0,0,1
3046,42,4,5.45474091,0,29410,0,1,0,4,0,0,0,1,0,2,5,2,4,4,2,2,2,5,4,5,2,2,2,2,2,4,3,3,0.087554338,-0.237913176,-0.004007044,1,0,1,0,3,0,0,1,0,0,2,0,4,0,1,2,0,1,2,0,1,0,0,1,0,1,1,0,1,0,2,1,0,0,1,1,0,0,1,0,1,0,2,1,0,0,1,1,0,0,0,1
3057,31,4,2.044897803,0,8755,0,1,0,5,0,0,0,0,1,4,3,0,4,4,1,1,1,4,4,1,2,1,2,2,2,4,4,4,-1.506830211,-0.545401313,0.491058459,0,0,1,0,3,0,0,1,0,0,2,0,4,1,0,1,1,0,1,0,0,0,0,0,0,-9,0,1,0,0,1,0,1,0,2,0,0,1,3,1,0,0,1,1,0,0,1,1,0,0,0,1
3059,31,2,1.387722583,0,7921,0,0,1,5,0,0,0,0,1,4,4,3,2,4,4,5,5,5,5,5,3,1,1,1,3,2,2,2,0.908289798,-0.178691213,-0.782321779,1,0,0,1,4,0,0,1,0,0,2,0,4,0,1,2,1,0,1,0,1,0,1,0,0,1,1,1,0,0,1,1,0,0,1,0,1,0,2,0,1,0,2,0,1,0,2,1,0,0,0,1
3060,33,2,0.458183061,0,12166,0,0,1,2,0,1,0,0,0,2,4,2,4,4,4,5,2,5,5,4,2,2,2,2,3,2,2,2,1.213917034,0.940230048,0.245548272,1,0,1,0,3,0,0,1,0,0,2,0,4,1,0,1,0,1,2,1,0,0,1,1,0,1,1,1,0,0,1,1,0,0,1,0,1,0,2,1,0,0,1,1,0,0,1,1,0,0,0,1
3062,26,4,0.217494192,0,65804,0,1,0,1,1,0,0,0,0,3,6,0,3,5,1,1,3,4,3,1,2,2,2,2,3,4,2,4,-1.968189677,-1.424463996,-1.998441199,1,1,0,0,2,0,0,1,0,0,2,0,4,1,0,1,0,1,2,0,1,0,0,0,0,1,1,0,1,0,2,0,0,1,3,0,1,0,2,0,0,1,3,1,0,0,1,0,1,0,0,2
3065,10,4,0.467108554,0,33917,0,1,0,3,0,0,1,0,0,3,5,3,2,4,4,3,5,5,5,5,2,2,2,2,2,3,2,2,1.271819772,-0.00179074,0.609443698,1,1,0,0,2,0,0,1,0,0,2,0,4,1,0,1,0,1,2,0,0,0,0,0,0,-9,0,1,0,0,1,1,0,0,1,0,1,0,2,0,0,1,3,1,0,0,1,0,1,0,0,2
3070,21,4,0.285463529,0,21901,0,1,0,1,1,0,0,0,0,1,3,2,2,5,3,1,3,4,5,4,2,1,1,2,3,4,3,4,0.145662901,0.826566978,-0.375582621,1,0,1,0,3,1,1,1,0,0,2,0,4,1,0,1,0,0,3,0,1,0,0,0,0,-9,0,1,0,0,1,1,0,0,1,1,0,0,1,0,1,0,2,1,0,0,1,1,0,0,0,1
3076,26,4,0.51535591,0,65806,1,0,0,1,1,0,0,0,0,1,2,4,3,5,1,3,5,2,3,5,2,2,2,2,2,4,3,3,-0.098887206,0.063062127,-0.025474687,1,0,0,1,4,0,0,1,0,0,2,0,4,1,0,1,1,0,1,0,0,0,0,1,1,1,1,0,0,1,3,0,1,0,2,1,0,0,1,0,1,0,2,1,0,0,1,0,1,0,0,2
3081,29,4,0.00784035,1,89169,1,0,0,1,1,0,0,0,0,1,6,2,2,5,1,4,1,1,4,1,2,1,2,2,3,3,3,4,0.886862712,-2.120098342,-1.427243584,1,0,0,1,4,0,0,1,0,0,2,0,4,1,0,1,1,0,1,0,0,0,0,1,0,1,1,0,0,1,3,0,0,1,3,0,1,0,2,0,1,0,2,0,0,1,3,0,0,1,0,3
3084,25,2,2.416251653,0,39531,0,1,0,1,1,0,0,0,0,1,5,4,4,5,1,1,1,4,4,4,2,2,1,1,2,4,3,3,0.097191599,1.288865117,0.919682814,1,1,0,0,2,0,0,0,1,0,2,0,2,0,1,2,1,0,1,0,1,0,1,0,0,1,1,0,1,0,2,0,1,0,2,1,0,0,1,1,0,0,1,1,0,0,1,0,1,0,0,2
3089,1,4,0.286435468,0,35463,0,0,1,2,0,1,0,0,0,2,2,1,1,4,5,5,3,5,5,4,2,2,2,2,3,4,2,4,1.165314449,-0.499356386,-2.32053691,1,1,0,0,2,0,0,0,1,0,2,0,2,1,0,1,0,0,3,0,0,0,0,1,0,-9,0,1,0,0,1,1,0,0,1,0,1,0,2,1,0,0,1,1,0,0,1,1,0,0,0,1
3099,10,4,0.845025365,1,33634,1,0,0,2,0,1,0,0,0,2,5,4,5,4,1,1,3,5,3,1,2,2,1,2,2,4,2,4,-1.593264294,0.272059083,-1.157509166,1,0,1,0,3,1,1,1,0,0,2,0,4,1,0,1,0,1,2,0,0,0,0,1,0,-9,0,0,0,1,3,0,0,1,3,0,0,1,3,1,0,0,1,0,1,0,2,0,0,1,0,3
3100,14,4,2.466985042,0,60150,0,0,1,3,0,0,1,0,0,2,4,3,3,4,3,3,2,4,3,3,2,1,3,3,3,3,3,3,-0.735450098,-0.677480448,-0.759160119,1,0,1,0,3,0,0,1,0,0,2,0,4,1,0,1,0,0,3,0,1,0,0,1,0,1,1,1,0,0,1,1,0,0,1,0,1,0,2,0,0,1,3,1,0,0,1,1,0,0,0,1
3102,45,4,0.800296001,0,78418,0,1,0,2,0,1,0,0,0,1,3,3,3,3,3,1,3,5,3,3,2,2,2,2,2,4,2,4,-1.350487423,-0.127761043,0.062574243,1,1,0,0,2,0,0,1,0,0,2,0,4,0,1,2,0,0,3,0,0,0,0,1,0,-9,0,1,0,0,1,1,0,0,1,0,0,1,3,1,0,0,1,1,0,0,1,0,1,0,0,2
3103,19,4,1.521264041,0,70806,0,1,0,5,0,0,0,0,1,3,6,2,1,5,5,4,4,5,5,5,2,2,2,1,3,3,2,3,0.511391243,0.249007277,-0.395061024,1,0,1,0,3,0,0,0,1,0,2,0,2,0,1,2,1,0,1,0,0,0,0,0,0,-9,0,0,1,0,2,0,0,1,3,0,0,1,3,0,0,1,3,1,0,0,1,0,1,0,0,2
3104,19,4,2.051392763,0,70818,0,1,0,1,1,0,0,0,0,1,4,3,1,5,3,3,2,4,5,5,2,1,2,2,3,4,2,3,0.194714913,0.333724498,-0.171473684,1,0,0,1,4,1,1,1,0,0,2,0,4,0,0,3,0,1,2,0,0,0,0,1,0,1,1,1,0,0,1,1,0,0,1,0,1,0,2,0,0,1,3,1,0,0,1,1,0,0,0,1
3109,10,4,0.281186301,0,32210,0,1,0,1,1,0,0,0,0,2,4,2,5,5,3,3,3,5,3,3,3,3,2,2,3,4,2,2,0.461015824,0.099487357,-0.516633941,1,0,0,1,4,0,0,0,1,0,2,0,2,0,1,2,0,0,3,1,0,0,0,0,0,1,1,0,1,0,2,0,1,0,2,0,1,0,2,0,1,0,2,1,0,0,1,0,0,1,0,3
3111,39,4,0.395845908,0,18661,0,0,1,1,1,0,0,0,0,2,2,0,1,4,5,5,5,5,5,5,2,1,1,2,1,2,1,1,1.383434895,0.305170156,0.343168701,1,0,0,1,4,0,0,1,0,0,2,0,4,1,0,1,0,1,2,0,0,0,0,0,0,-9,0,1,0,0,1,1,0,0,1,0,1,0,2,1,0,0,1,1,0,0,1,1,0,0,0,1
3113,34,2,1.913655569,0,28358,0,1,0,2,0,1,0,0,0,3,5,4,2,4,4,5,4,4,3,4,3,3,1,1,3,2,2,2,0.37569276,1.500870938,-0.443404253,1,0,1,0,3,0,0,1,0,0,2,0,4,0,1,2,0,0,3,0,0,0,0,0,0,1,1,1,0,0,1,0,1,0,2,0,1,0,2,0,1,0,2,1,0,0,1,1,0,0,0,1
3118,34,2,0.880138201,0,28792,0,1,0,5,0,0,0,0,1,3,3,5,2,5,3,1,1,5,5,4,2,1,2,2,3,4,2,4,0.522744927,0.512856289,-0.393085566,1,0,1,0,3,1,1,0,1,0,2,0,2,1,0,1,0,0,3,1,0,0,1,0,0,1,1,1,0,0,1,1,0,0,1,0,1,0,2,1,0,0,1,1,0,0,1,1,0,0,0,1
3124,51,4,0.106233341,0,54302,0,1,0,1,1,0,0,0,0,1,6,4,1,5,5,5,5,5,5,5,2,2,2,2,2,4,3,4,-0.273863081,-1.701013336,-0.296445477,1,0,1,0,3,0,0,1,0,0,2,0,4,1,0,1,1,0,1,0,0,0,0,0,0,-9,0,0,1,0,2,0,1,0,2,0,0,1,3,0,1,0,2,1,0,0,1,1,0,0,0,1
3130,17,4,0.032013655,0,67156,0,1,0,1,1,0,0,0,0,1,2,1,4,4,2,2,2,4,4,4,2,2,2,2,2,4,3,4,0.419117597,-0.802179889,-0.567002606,1,1,0,0,2,0,0,1,0,0,2,0,4,1,0,1,0,0,3,0,0,0,0,0,0,-9,0,1,0,0,1,0,1,0,2,1,0,0,1,0,0,1,3,1,0,0,1,1,0,0,0,1
3135,11,4,0.681985023,0,30314,1,0,0,3,0,0,1,0,0,2,5,4,2,5,4,1,4,5,5,5,1,1,1,1,1,1,1,1,-1.545314476,-0.991540904,-1.154522145,1,1,0,0,2,0,0,0,1,0,2,0,2,1,0,1,1,0,1,0,1,0,0,0,0,-9,0,0,0,1,3,0,0,1,3,1,0,0,1,0,1,0,2,0,0,1,3,0,0,0,1,4
3143,39,2,0.638613834,0,18702,1,0,0,2,0,1,0,0,0,3,4,3,2,4,4,3,4,5,5,5,2,1,2,2,2,3,2,2,-0.204433732,0.816029795,1.194753939,1,1,0,0,2,0,0,0,1,0,2,0,2,1,0,1,0,0,3,1,0,0,0,0,0,1,1,0,0,1,3,0,0,1,3,0,1,0,2,0,0,1,3,1,0,0,1,0,1,0,0,2
3146,5,2,15.44758341,0,91321,0,1,0,2,0,1,0,0,0,2,2,1,3,4,3,4,4,4,4,4,1,3,2,1,1,1,3,3,-0.099908933,0.939179598,-0.653563021,1,1,0,0,2,0,0,0,0,1,2,0,3,0,1,2,0,0,3,1,0,0,0,0,0,-9,0,0,1,0,2,0,1,0,2,0,0,1,3,0,0,1,3,0,1,0,2,1,0,0,0,1
3147,45,2,1.098087335,1,78247,0,1,0,1,1,0,0,0,0,1,4,1,4,5,2,2,3,4,5,4,2,1,2,2,2,4,3,2,0.913112421,-0.102062629,1.193691395,0,0,0,1,4,1,1,1,0,0,2,0,4,0,1,2,0,1,2,0,0,0,0,1,0,1,1,0,1,0,2,0,1,0,2,0,1,0,2,0,1,0,2,1,0,0,1,1,0,0,0,1
3154,24,4,0.676112547,0,55117,1,0,0,3,0,0,1,0,0,2,6,3,3,4,1,1,1,4,5,4,2,2,1,1,3,4,2,4,-0.092499459,0.613073972,0.874254917,1,0,1,0,3,0,0,1,0,0,2,0,4,1,0,1,0,0,3,1,0,0,0,0,0,-9,0,0,0,1,3,0,0,1,3,0,0,1,3,0,0,1,3,1,0,0,1,0,0,0,1,4
3155,14,4,1.331806802,0,61068,0,1,0,3,0,0,1,0,0,3,3,3,4,4,1,1,1,5,5,5,2,1,2,2,2,4,2,2,0.523216378,-0.886223432,-0.496425356,1,0,1,0,3,0,0,1,0,0,2,0,4,1,0,1,0,1,2,0,0,0,0,1,0,1,1,1,0,0,1,0,1,0,2,0,1,0,2,0,0,1,3,1,0,0,1,1,0,0,0,1
3156,24,2,0.027814856,0,55117,1,0,0,3,0,0,1,0,0,3,4,3,3,4,4,5,4,4,5,4,3,1,3,2,3,4,2,4,-2.014611878,0.009609545,0.232107221,1,1,0,0,2,0,0,1,0,0,2,0,4,1,0,1,0,1,2,0,0,0,0,0,0,-9,0,0,0,1,3,0,0,1,3,0,0,1,3,0,0,1,3,1,0,0,1,0,0,0,1,4
3161,11,4,0.420488166,0,31779,0,0,1,2,0,1,0,0,0,3,3,3,3,4,3,4,4,4,4,2,2,2,2,2,2,4,3,4,-1.620489996,-0.992765897,-0.670702186,1,0,0,0,1,0,0,1,0,0,2,0,4,1,0,1,0,1,2,0,0,0,0,0,0,-9,0,1,0,0,1,1,0,0,1,0,1,0,2,1,0,0,1,1,0,0,1,1,0,0,0,1
3164,5,4,0.091467322,1,95638,0,0,1,3,0,0,1,0,0,2,5,5,1,5,2,2,4,5,5,5,2,1,1,1,3,4,2,2,-0.311291043,-0.657493417,-0.797164899,1,0,0,1,4,0,0,1,0,0,2,0,4,0,1,2,0,1,2,0,0,0,0,1,0,-9,0,1,0,0,1,1,0,0,1,0,1,0,2,1,0,0,1,1,0,0,1,1,0,0,0,1
3166,49,2,0.007514549,0,98201,1,0,0,2,0,1,0,0,0,1,5,3,4,2,1,2,5,3,2,2,1,1,1,1,1,2,2,2,-0.820897124,-0.8006553,1.199346687,1,1,0,0,2,0,0,1,0,0,2,0,4,1,0,1,0,0,3,1,0,0,0,0,0,0,0,0,0,1,3,0,0,1,3,0,1,0,2,0,0,1,3,0,1,0,2,0,0,0,1,4
3167,1,4,0.937267392,0,36426,0,1,0,3,0,0,1,0,0,2,5,4,4,5,1,1,1,5,4,4,2,1,1,2,3,4,3,3,1.155112318,-0.776524949,0.140850215,0,0,0,1,4,0,0,1,0,0,2,0,4,1,0,1,0,1,2,0,1,0,0,1,0,-9,0,1,0,0,1,1,0,0,1,1,0,0,1,1,0,0,1,1,0,0,1,1,0,0,0,1
3171,6,4,0.000114831,0,80501,1,0,0,5,0,0,0,0,1,3,4,3,2,5,2,4,3,5,5,5,2,2,2,1,3,2,2,4,0.246034586,-0.982185567,-1.23044394,1,0,1,0,3,0,0,1,0,0,1,1,1,1,0,1,0,1,2,0,1,0,0,1,1,-9,0,0,0,1,3,0,0,1,3,1,0,0,1,0,0,1,3,1,0,0,1,0,0,0,1,4
3173,10,2,13.62047499,0,33917,0,1,0,4,0,0,0,1,0,2,4,3,1,5,5,5,4,5,5,5,3,1,1,1,3,2,2,2,1.201207161,0.502299538,0.305490767,0,0,0,0,1,1,1,1,0,0,1,1,1,0,0,3,0,0,3,1,0,1,0,1,0,-9,0,1,0,0,1,1,0,0,1,0,1,0,2,0,0,1,3,1,0,0,1,0,1,0,0,2
3175,5,2,0.745595838,0,94134,1,0,0,2,0,1,0,0,0,2,3,2,3,4,2,4,3,3,4,3,3,1,1,2,3,2,2,3,-1.409776027,1.124380799,-0.584413886,0,1,0,0,2,0,1,1,0,0,2,0,4,0,0,3,0,0,3,1,0,1,0,0,0,-9,0,0,0,1,3,0,0,1,3,0,0,1,3,0,0,1,3,0,0,1,3,0,0,0,1,4
3182,45,2,1.149137178,1,75226,0,1,0,4,0,0,0,1,0,2,4,2,4,3,2,2,1,5,4,2,2,1,1,1,3,4,3,4,-0.468168135,0.372217569,0.246415911,1,0,1,0,3,0,0,1,0,0,2,0,4,1,0,1,1,0,1,0,0,0,1,1,0,-9,0,0,1,0,2,0,0,1,3,0,1,0,2,0,0,1,3,0,0,1,3,0,0,0,1,4
3183,39,2,1.016811487,0,17701,0,1,0,1,1,0,0,0,0,1,3,0,4,2,2,4,2,3,5,4,2,2,2,2,2,3,3,3,0.075643323,-0.605409723,0.172898552,1,0,1,0,3,0,0,1,0,0,2,0,4,0,1,2,0,0,3,0,0,0,1,1,0,-9,0,0,1,0,2,0,0,1,3,0,0,1,3,0,0,1,3,1,0,0,1,0,1,0,0,2
3184,10,4,0.401729987,0,32118,0,1,0,4,0,0,0,1,0,1,5,3,2,4,1,4,1,5,2,2,2,1,1,1,3,2,2,3,-0.635178395,-0.792484712,-0.148702746,1,0,0,1,4,1,1,1,0,0,2,0,4,0,1,2,0,0,3,1,0,0,0,0,0,1,1,0,1,0,2,0,1,0,2,1,0,0,1,0,0,1,3,1,0,0,1,0,0,0,1,4
3187,15,4,14.39015798,0,46011,0,1,0,3,0,0,1,0,0,2,1,4,3,4,4,4,3,3,3,4,2,3,1,2,3,2,3,3,-0.347607209,1.363405344,-0.229710234,1,0,0,0,1,0,0,0,1,1,1,1,1,0,1,2,0,0,3,1,0,0,0,1,0,1,1,1,0,0,1,1,0,0,1,1,0,0,1,0,1,0,2,1,0,0,1,1,0,0,0,1
3188,36,4,0.357077206,0,45506,0,1,0,1,1,0,0,0,0,1,1,1,4,5,1,1,1,1,3,1,2,1,1,2,2,4,4,4,-1.931827627,-1.424976739,-0.407465229,1,1,0,0,2,0,0,1,0,0,2,0,4,1,0,1,0,1,2,0,1,0,0,1,0,-9,0,0,1,0,2,0,1,0,2,1,0,0,1,0,1,0,2,1,0,0,1,1,0,0,0,1
3201,34,4,0.955976785,0,27047,0,0,1,3,0,0,1,0,0,2,5,3,3,5,3,4,1,5,5,5,2,1,2,1,3,3,2,3,0.447522825,-1.011321274,-1.985620373,1,1,0,0,2,0,0,1,0,0,2,0,4,1,0,1,0,0,3,1,1,0,0,0,0,-9,0,1,0,0,1,1,0,0,1,1,0,0,1,1,0,0,1,1,0,0,1,1,0,0,0,1
3203,5,1,3.731913881,0,93105,0,1,0,2,0,1,0,0,0,2,2,3,4,1,3,4,4,5,4,3,1,2,3,2,1,3,3,3,-0.577240284,0.545009744,0.122678513,1,0,0,0,1,0,0,1,0,0,2,0,4,0,0,3,0,1,2,0,0,0,1,0,0,-9,0,0,1,0,2,0,0,1,3,0,0,1,3,0,0,1,3,1,0,0,1,0,1,0,0,2
3204,4,2,1.796752614,0,72473,0,1,0,1,1,0,0,0,0,1,5,1,4,4,1,1,1,5,5,3,2,2,2,2,2,4,2,3,1.329630184,-0.200296844,-0.05571074,0,0,1,0,3,0,0,1,0,0,2,0,4,1,0,1,0,0,3,1,0,0,1,1,0,-9,0,1,0,0,1,1,0,0,1,1,0,0,1,0,0,1,3,1,0,0,1,1,0,0,0,1
3207,45,3,2.254226167,1,78641,0,1,0,2,0,1,0,0,0,3,4,2,2,4,3,4,2,4,5,5,3,1,1,3,3,3,2,2,0.955176773,-0.688342824,0.081583762,1,0,1,0,3,0,0,1,0,0,2,0,4,0,1,2,0,0,3,0,0,0,0,1,0,-9,0,0,1,0,2,1,0,0,1,0,0,1,3,0,0,1,3,1,0,0,1,1,0,0,0,1
3209,23,2,1.000646615,0,48212,1,0,0,3,0,0,1,0,0,3,3,3,1,4,3,3,4,3,3,3,2,3,2,3,3,4,2,4,-1.023880616,-0.071099778,-1.363668754,1,1,0,0,2,0,0,0,1,0,2,0,2,1,0,1,1,0,1,0,0,0,1,0,1,1,1,0,0,1,3,0,1,0,2,0,1,0,2,0,1,0,2,1,0,0,1,0,0,0,1,4
3217,38,2,2.057844312,0,97333,0,1,0,3,0,0,1,0,0,2,2,3,2,5,2,2,1,5,5,4,3,1,3,2,3,4,2,2,1.067280035,0.00097156,0.365584763,0,1,0,0,2,0,1,0,0,0,1,1,1,1,0,1,0,0,3,0,0,0,0,1,0,1,1,1,0,0,1,1,0,0,1,1,0,0,1,0,0,1,3,1,0,0,1,0,1,0,0,2
3227,5,2,0.018822358,0,95501,1,0,0,3,0,0,1,0,0,3,3,3,3,5,3,3,4,5,5,3,2,2,2,2,2,4,3,4,-0.379517399,-0.642258209,0.243463286,1,1,0,0,2,1,1,1,0,0,2,0,4,0,1,2,0,0,3,1,0,0,1,1,0,-9,0,0,0,1,3,0,0,1,3,1,0,0,1,0,0,1,3,1,0,0,1,0,0,0,1,4
3238,36,4,0.888526533,0,45342,0,1,0,2,0,1,0,0,0,3,3,4,4,5,4,3,4,3,4,2,2,1,1,3,2,2,1,2,0.148830297,0.597188048,0.596269673,1,0,1,0,3,0,0,1,0,0,2,0,4,1,0,1,0,1,2,0,1,0,0,0,0,1,1,1,0,0,1,0,1,0,2,0,1,0,2,0,1,0,2,1,0,0,1,0,1,0,0,2
3239,14,2,0.202258491,0,60624,1,0,0,3,0,0,1,0,0,1,5,2,3,4,2,3,2,4,4,5,2,2,2,2,2,3,3,3,-0.534813831,0.831513184,1.64969986,0,1,0,0,2,1,1,0,1,0,2,0,2,0,1,2,0,0,3,1,0,1,1,1,0,-9,0,0,0,1,3,0,0,1,3,0,0,1,3,1,0,0,1,0,0,1,3,0,0,0,1,4
3240,33,2,0.119028508,0,12414,0,1,0,2,0,1,0,0,0,2,5,2,4,5,1,1,1,4,4,1,2,2,2,2,2,4,2,4,-2.283231183,-1.410839933,-2.283709074,0,1,0,0,2,1,1,1,0,0,1,1,1,1,0,1,0,0,3,0,1,0,0,1,0,-9,0,1,0,0,1,1,0,0,1,0,0,1,3,1,0,0,1,1,0,0,1,1,0,0,0,1
3245,39,2,0.615896122,0,15215,0,1,0,2,0,1,0,0,0,2,5,3,2,4,4,4,1,4,4,2,3,3,3,3,3,3,2,1,-0.311677242,0.44271131,0.258721402,1,0,1,0,3,0,0,1,0,0,2,0,4,1,0,1,0,1,2,0,0,0,1,0,0,1,1,0,1,0,2,0,0,1,3,0,0,1,3,0,0,1,3,1,0,0,1,0,0,0,1,4
3246,35,4,0.908278818,0,58501,0,1,0,1,1,0,0,0,0,1,6,1,5,3,2,2,1,3,3,3,2,2,2,2,2,4,3,3,1.113480496,-0.496125029,0.004208054,1,0,0,1,4,0,0,1,0,0,2,0,4,0,1,2,0,1,2,0,0,0,0,1,0,-9,0,0,1,0,2,0,0,1,3,1,0,0,1,0,1,0,2,1,0,0,1,0,1,0,0,2
3256,34,4,0.706172514,0,28403,0,1,0,3,0,0,1,0,0,2,2,4,2,5,3,3,3,5,5,5,2,1,2,2,3,4,3,4,1.312880017,0.575523454,0.267013061,1,0,1,0,3,0,0,1,0,0,2,0,4,1,0,1,0,0,3,1,1,0,0,0,0,1,1,0,1,0,2,0,0,1,3,0,1,0,2,0,0,1,3,1,0,0,1,0,0,1,0,3
3258,5,2,1.253000059,0,94107,1,0,0,3,0,0,1,0,0,2,3,4,2,5,1,3,1,5,5,4,2,1,2,2,2,3,2,2,0.303481791,0.264033859,0.648517535,1,0,0,1,4,0,1,1,0,0,1,1,1,1,0,1,1,0,1,0,0,0,0,1,0,-9,0,0,0,1,3,0,0,1,3,0,0,1,3,0,1,0,2,0,0,1,3,0,0,0,1,4
3263,45,2,2.725536692,1,78504,0,1,0,2,0,1,0,0,0,1,3,3,2,5,2,2,1,5,5,3,3,2,1,1,3,4,2,3,-1.563339609,0.83384182,-0.712455056,1,1,0,0,2,0,0,1,0,0,1,1,1,0,1,2,0,0,3,1,0,0,0,0,0,-9,0,0,1,0,2,0,0,1,3,1,0,0,1,0,1,0,2,1,0,0,1,0,1,0,0,2
3264,34,4,0.386899467,0,28463,0,0,1,3,0,0,1,0,0,3,5,5,3,5,3,3,4,4,4,4,2,1,1,1,3,1,2,1,0.431100376,-0.07869761,-0.209661674,1,0,0,1,4,0,0,1,0,0,2,0,4,1,0,1,1,0,1,0,0,0,0,1,0,-9,0,1,0,0,1,1,0,0,1,1,0,0,1,1,0,0,1,1,0,0,1,1,0,0,0,1
3270,45,2,1.18276421,0,78852,0,1,0,2,0,1,0,0,0,1,1,4,3,4,5,4,3,3,5,3,3,2,2,2,3,3,3,1,-0.106822789,0.442620236,-0.688494726,1,0,1,0,3,0,0,1,0,0,1,1,1,1,0,1,0,0,3,0,0,0,1,1,0,-9,0,0,1,0,2,0,0,1,3,1,0,0,1,0,1,0,2,1,0,0,1,0,1,0,0,2
3277,34,4,2.408904461,0,27610,0,1,0,2,0,1,0,0,0,1,5,4,5,4,4,4,4,5,4,4,3,3,2,3,2,2,3,3,0.288602078,0.499916425,-0.734218761,0,1,0,0,2,0,1,1,0,0,2,0,4,0,0,3,0,0,3,1,0,0,0,0,0,-9,0,0,1,0,2,0,0,1,3,0,0,1,3,0,1,0,2,1,0,0,1,0,0,1,0,3
3281,26,4,1.773105216,0,63010,0,1,0,2,0,1,0,0,0,2,5,3,4,4,5,5,2,5,5,3,2,1,2,2,2,2,2,2,-0.338416669,-2.002913383,-0.748531641,1,0,1,0,3,0,0,1,0,0,2,0,4,0,1,2,1,0,1,0,1,0,0,0,0,-9,0,1,0,0,1,1,0,0,1,0,1,0,2,0,1,0,2,1,0,0,1,0,1,0,0,2
3282,17,4,0.377130312,0,66046,0,1,0,4,0,0,0,1,0,5,4,3,1,5,2,1,2,4,2,3,3,2,3,2,2,3,3,4,-0.790183727,0.158237911,-1.205961498,1,0,0,1,4,0,0,1,0,0,2,0,4,0,1,2,0,0,3,0,0,0,0,1,0,-9,0,1,0,0,1,0,1,0,2,0,1,0,2,0,1,0,2,1,0,0,1,0,1,0,0,2
3285,51,2,4.870847737,0,54768,0,1,0,2,0,1,0,0,0,2,3,2,4,5,2,2,1,5,5,5,2,1,1,2,3,3,2,2,1.263290154,1.299560606,-1.086927532,1,0,1,0,3,0,0,1,0,0,2,0,4,1,0,1,0,0,3,1,0,0,0,1,0,-9,0,1,0,0,1,1,0,0,1,0,1,0,2,0,0,1,3,1,0,0,1,1,0,0,0,1
3290,31,4,1.441209589,0,7631,1,0,0,3,0,0,1,0,0,4,5,2,2,3,3,1,2,3,3,3,2,2,1,2,1,3,3,2,-0.427317031,-0.26432791,0.693034438,0,1,0,0,2,0,1,0,0,1,2,0,3,1,0,1,1,0,1,0,0,0,0,1,1,0,0,0,0,1,3,0,0,1,3,0,1,0,2,0,1,0,2,1,0,0,1,0,0,1,0,3
3291,10,2,0.809874486,1,33311,1,0,0,5,0,0,0,0,1,3,3,5,1,5,3,3,5,5,3,3,3,1,1,1,3,3,2,3,-0.133287999,0.959041848,1.512477273,1,0,1,0,3,0,0,0,1,0,2,0,2,1,0,1,0,0,3,1,0,0,0,0,0,-9,0,0,0,1,3,0,0,1,3,0,0,1,3,0,1,0,2,0,1,0,2,0,0,0,1,4
3298,1,4,1.483106949,0,35072,0,0,1,3,0,0,1,0,0,1,6,2,3,5,4,3,3,4,4,5,2,2,2,2,2,3,3,3,0.758322779,-0.061676451,-0.199680915,1,0,1,0,3,0,0,1,0,0,2,0,4,1,0,1,0,1,2,0,1,0,0,1,0,1,1,1,0,0,1,1,0,0,1,1,0,0,1,1,0,0,1,1,0,0,1,1,0,0,0,1
3299,21,2,0.13562519,0,21226,0,1,0,5,0,0,0,0,1,1,1,1,1,2,4,4,4,4,4,5,1,1,1,1,1,2,2,1,1.370805648,-0.484726152,1.133092474,1,1,0,0,2,0,0,1,0,0,2,0,4,1,0,1,0,0,3,1,0,0,1,0,1,-9,0,0,1,0,2,0,1,0,2,0,0,1,3,0,1,0,2,1,0,0,1,0,0,1,0,3
3301,34,4,0.219840475,0,28034,0,1,0,4,0,0,0,1,0,3,5,4,3,5,4,1,4,5,3,2,2,2,2,2,3,4,3,4,-1.205874319,-0.649816879,-0.470225994,1,0,1,0,3,0,0,0,1,0,2,0,2,1,0,1,0,0,3,1,0,0,0,0,0,-9,0,1,0,0,1,1,0,0,1,0,1,0,2,1,0,0,1,1,0,0,1,1,0,0,0,1
3306,34,4,2.683921076,0,28551,0,0,1,2,0,1,0,0,0,2,2,3,4,4,1,3,1,1,3,1,2,1,2,2,2,4,2,4,0.268703426,-2.05411559,-1.279376693,1,0,0,1,4,0,0,1,0,0,2,0,4,0,0,3,0,0,3,0,1,0,0,1,0,-9,0,1,0,0,1,1,0,0,1,0,1,0,2,0,0,1,3,1,0,0,1,1,0,0,0,1
3308,14,4,0.135324461,0,61101,0,1,0,5,0,0,0,0,1,1,6,3,2,5,3,3,1,4,4,2,2,2,2,2,2,4,2,2,-1.522563355,-0.176530095,-0.139573314,0,1,0,0,2,0,0,0,1,0,2,0,2,1,0,1,0,1,2,1,0,0,0,1,0,-9,0,0,1,0,2,0,0,1,3,1,0,0,1,0,1,0,2,1,0,0,1,1,0,0,0,1
3318,34,4,0.814756167,0,27360,0,1,0,4,0,0,0,1,0,4,1,0,5,5,5,2,2,5,5,2,2,1,1,3,3,4,4,4,-1.660795134,0.000218186,-0.08165853,1,0,1,0,3,0,0,1,0,0,2,0,4,1,0,1,1,0,1,0,1,0,0,1,1,1,1,1,0,0,1,1,0,0,1,0,1,0,2,1,0,0,1,1,0,0,1,1,0,0,0,1
3322,49,4,2.31E-06,0,98801,0,1,0,1,1,0,0,0,0,1,4,0,5,5,1,1,1,4,5,1,2,2,2,2,2,4,3,4,0.278958577,-1.226910212,-1.477663284,1,0,0,1,4,0,0,1,0,0,2,0,4,1,0,1,1,0,1,0,0,0,0,0,1,-9,0,1,0,0,1,1,0,0,1,0,1,0,2,0,0,1,3,1,0,0,1,1,0,0,0,1
3324,10,2,2.718750108,1,33446,0,1,0,1,1,0,0,0,0,1,3,4,4,4,1,1,1,4,4,4,2,2,2,2,2,4,3,3,0.915128716,1.029211426,0.278616377,0,0,0,1,4,0,1,1,0,0,2,0,4,0,0,3,0,1,2,0,1,0,0,1,0,-9,0,0,1,0,2,1,0,0,1,0,0,1,3,1,0,0,1,1,0,0,1,1,0,0,0,1
3328,5,4,0.039561167,0,92234,0,1,0,1,1,0,0,0,0,1,4,1,4,3,2,1,1,3,4,3,2,1,2,3,3,4,2,4,-1.133557629,0.954916475,-0.380036529,0,0,0,1,4,0,1,1,0,0,2,0,4,0,0,3,0,1,2,0,0,0,0,1,0,1,1,0,1,0,2,0,1,0,2,0,1,0,2,0,1,0,2,1,0,0,1,0,0,1,0,3
3331,34,4,0.525960649,0,27527,0,1,0,2,0,1,0,0,0,3,1,0,4,5,1,4,4,4,5,4,2,1,1,2,3,2,2,4,1.289682428,-0.590980004,-1.708354971,0,0,0,1,4,0,1,1,0,0,2,0,4,0,1,2,0,1,2,0,0,0,0,1,0,-9,0,0,0,0,0,0,0,0,0,0,0,0,0,0,0,0,0,0,0,0,0,0,0,0,0,0
3332,42,4,0.799096431,0,29061,0,1,0,2,0,1,0,0,0,2,5,3,1,5,3,3,3,5,5,5,2,2,2,2,3,4,2,3,0.646494499,-0.847442942,1.010235831,0,0,0,1,4,0,0,1,0,0,2,0,4,1,0,1,1,0,1,0,1,0,0,1,0,1,1,1,0,0,1,1,0,0,1,0,1,0,2,1,0,0,1,1,0,0,1,1,0,0,0,1
3342,39,4,0.274774241,0,17502,0,1,0,4,0,0,0,1,0,2,2,1,3,4,2,2,2,3,4,4,2,1,2,2,3,3,2,2,0.438624648,0.691038235,-0.138554132,0,0,0,1,4,0,0,1,0,0,2,0,4,1,0,1,0,1,2,0,0,0,0,1,0,-9,0,1,0,0,1,1,0,0,1,0,1,0,2,1,0,0,1,1,0,0,1,1,0,0,0,1
3344,42,4,1.009632996,0,29164,0,0,1,2,0,1,0,0,0,2,2,1,2,4,2,2,2,4,4,3,3,1,1,1,3,3,2,3,-0.105016481,-0.422852635,0.06391093,0,0,1,0,3,0,0,1,0,0,2,0,4,1,0,1,0,0,3,1,0,0,0,0,0,1,1,1,0,0,1,1,0,0,1,0,1,0,2,1,0,0,1,1,0,0,1,1,0,0,0,1
3345,39,4,0.84100947,0,16743,0,1,0,4,0,0,0,1,0,3,4,3,5,5,1,1,1,4,4,1,2,1,1,1,2,1,3,3,-1.557153527,-1.25848658,0.488162147,0,0,0,1,4,0,0,1,0,0,2,0,4,1,0,1,1,0,1,0,1,0,0,0,1,-9,0,1,0,0,1,1,0,0,1,1,0,0,1,0,1,0,2,1,0,0,1,1,0,0,0,1
3349,33,2,2.368341725,0,13827,0,1,0,3,0,0,1,0,0,2,4,3,3,3,1,2,4,5,4,4,3,1,3,2,3,2,2,2,-0.279952099,0.382520257,0.594774078,1,1,0,0,2,1,1,1,0,0,2,0,4,0,0,3,0,0,3,1,0,0,0,1,0,-9,0,1,0,0,1,1,0,0,1,0,1,0,2,0,0,1,3,1,0,0,1,1,0,0,0,1
3355,3,2,0.158274338,1,85250,1,0,0,5,0,0,0,0,1,2,4,2,5,5,5,5,5,5,5,5,3,3,2,3,3,2,2,3,1.258518059,1.083455482,0.480746146,0,0,0,0,1,1,1,1,0,0,1,1,1,0,1,2,1,0,1,0,0,0,0,0,0,-9,0,0,0,1,3,0,0,1,3,0,0,1,3,1,0,0,1,1,0,0,1,0,0,0,1,4
3359,26,4,1.762107324,0,65706,0,1,0,4,0,0,0,1,0,3,5,3,1,5,5,4,4,4,4,4,2,1,1,1,2,1,2,2,0.452482532,0.248894333,0.288372331,1,0,0,1,4,0,0,1,0,0,2,0,4,1,0,1,1,0,1,0,0,0,0,1,0,1,1,1,0,0,1,1,0,0,1,0,1,0,2,0,1,0,2,1,0,0,1,1,0,0,0,1
3362,39,4,0.466043268,0,18247,0,0,1,1,1,0,0,0,0,1,1,1,5,5,1,1,1,5,5,3,2,1,2,2,3,4,2,3,-0.448535711,0.630955496,-0.414329206,1,0,0,1,4,0,0,1,0,0,2,0,4,1,0,1,1,0,1,0,0,0,0,1,0,1,1,0,0,0,0,0,0,0,0,0,0,0,0,0,0,0,0,0,0,0,0,0,0,0,0,0
3365,10,4,0.706402281,1,33702,0,1,0,4,0,0,0,1,0,3,4,3,3,4,3,4,4,5,5,4,1,2,2,2,2,3,2,3,0.498442915,-0.709874834,-0.186521716,1,0,0,1,4,1,1,1,0,0,2,0,4,0,1,2,1,0,1,0,0,0,0,1,0,-9,0,0,1,0,2,0,0,1,3,0,0,1,3,0,1,0,2,1,0,0,1,0,0,0,1,4
3367,39,2,0.783201833,0,19136,1,0,0,1,1,0,0,0,0,2,2,1,4,4,1,2,2,4,4,4,2,1,3,3,3,2,2,2,-0.379163379,-0.64898943,0.626146568,1,0,1,0,3,0,0,1,0,0,2,0,4,0,1,2,0,0,3,1,0,0,1,0,0,-9,0,0,0,1,3,0,0,1,3,1,0,0,1,0,1,0,2,0,0,1,3,0,0,0,1,4
3369,16,2,0.183331122,0,51023,0,1,0,3,0,0,1,0,0,4,5,4,2,4,4,3,3,4,4,4,2,2,2,2,3,3,2,2,0.569832528,-0.62311336,-0.058912934,1,1,0,0,2,0,0,1,0,0,2,0,4,1,0,1,0,0,3,0,0,0,1,1,0,1,1,1,0,0,1,1,0,0,1,0,1,0,2,0,0,1,3,1,0,0,1,1,0,0,0,1
3377,39,2,2.22144324,0,19147,1,0,0,1,1,0,0,0,0,1,1,3,2,5,1,2,1,5,5,4,3,2,1,3,3,3,2,4,1.028192872,0.828131781,0.750394359,1,1,0,0,2,0,0,1,0,0,2,0,4,0,0,3,0,1,2,0,0,0,1,0,1,-9,0,0,0,1,3,0,0,1,3,0,1,0,2,0,0,1,3,0,0,1,3,0,0,0,1,4
3382,22,4,0.435255216,0,1915,1,0,0,1,1,0,0,0,0,2,2,2,4,4,1,1,2,2,4,2,2,2,3,2,2,3,3,4,-1.096345973,-0.95860709,0.643807539,1,0,1,0,3,0,0,1,0,0,2,0,4,1,0,1,0,1,2,0,0,0,0,0,0,-9,0,0,0,1,3,0,0,1,3,1,0,0,1,1,0,0,1,0,0,1,3,0,0,0,1,4
3386,11,2,2.397282975,1,33030,0,1,0,4,0,0,0,1,0,3,1,2,1,5,2,4,4,2,5,3,3,1,1,1,3,2,1,2,-1.273978361,0.460259651,-1.425611751,0,1,0,0,2,1,1,0,0,0,1,1,1,0,0,3,0,0,3,1,0,0,0,0,0,1,1,1,0,0,1,1,0,0,1,1,0,0,1,0,0,1,3,1,0,0,1,1,0,0,0,1
3387,16,4,0.213272405,0,52404,0,1,0,1,1,0,0,0,0,2,4,3,4,4,3,3,3,5,5,4,2,1,2,2,3,3,2,2,1.078484782,0.053323374,0.844124046,1,1,0,0,2,0,0,1,0,0,2,0,4,1,0,1,0,0,3,0,0,0,0,0,0,1,1,0,1,0,2,0,1,0,2,0,0,1,3,0,0,1,3,1,0,0,1,0,0,0,1,4
3389,11,2,6.590084128,0,30002,0,1,0,2,0,1,0,0,0,1,1,0,2,2,4,2,3,3,4,5,3,1,1,1,3,2,2,2,0.681587859,1.5949839,0.561602278,1,0,0,0,1,1,1,0,0,1,1,1,1,0,0,3,0,0,3,1,0,0,0,1,0,-9,0,0,1,0,2,0,1,0,2,0,0,1,3,0,0,1,3,0,0,1,3,0,0,0,1,4
3395,34,4,0.596736656,0,28103,0,0,1,2,0,1,0,0,0,3,3,1,2,5,1,1,1,5,5,3,2,1,2,2,3,4,2,2,0.704110783,0.536903275,0.513232568,0,0,0,1,4,0,0,1,0,0,2,0,4,0,1,2,0,1,2,0,0,0,0,1,0,-9,0,1,0,0,1,1,0,0,1,0,1,0,2,0,1,0,2,1,0,0,1,1,0,0,0,1
3398,19,2,0.523304044,0,70126,0,1,0,4,0,0,0,1,0,2,5,5,1,5,5,5,5,5,5,5,2,1,1,1,2,4,4,4,-2.044060956,-0.822917765,1.691143314,1,0,0,1,4,0,1,1,0,0,2,0,4,1,0,1,1,0,1,0,1,0,1,0,0,-9,0,0,1,0,2,1,0,0,1,0,0,1,3,1,0,0,1,1,0,0,1,0,0,1,0,3
3405,39,2,1.481705453,0,18969,0,1,0,3,0,0,1,0,0,2,5,1,2,5,1,1,1,2,5,5,2,1,2,2,3,3,3,2,0.776641139,0.279486184,-2.054447545,1,0,1,0,3,0,0,1,0,0,2,0,4,1,0,1,0,1,2,0,0,0,1,1,0,-9,0,0,1,0,2,0,1,0,2,0,1,0,2,0,0,1,3,1,0,0,1,0,1,0,0,2
3409,26,4,0.218891922,0,63146,0,1,0,2,0,1,0,0,0,1,5,2,4,4,3,2,3,3,4,3,2,2,2,2,2,4,4,3,-2.454376697,-1.363385348,-0.195669934,1,1,0,0,2,0,1,1,0,0,2,0,4,1,0,1,1,0,1,0,1,0,0,0,1,-9,0,0,1,0,2,0,0,1,3,0,1,0,2,0,0,1,3,1,0,0,1,0,0,1,0,3
3412,51,4,0.614083362,0,53581,0,1,0,2,0,1,0,0,0,2,4,2,3,4,1,1,1,4,3,3,2,2,2,2,3,4,3,4,-0.023031534,-0.677364412,-0.831063417,1,0,0,1,4,0,0,1,0,0,2,0,4,1,0,1,1,0,1,0,0,0,0,1,0,1,1,1,0,0,1,1,0,0,1,1,0,0,1,0,0,1,3,1,0,0,1,1,0,0,0,1
3415,10,2,5.730279397,0,34491,0,1,0,1,1,0,0,0,0,1,4,3,4,5,2,3,3,5,5,4,2,1,1,1,3,3,2,2,1.267783526,0.45585473,0.648667871,0,0,0,1,4,0,1,1,0,0,2,0,4,0,0,3,0,1,2,0,0,0,1,1,0,-9,0,1,0,0,1,1,0,0,1,0,0,1,3,0,0,1,3,1,0,0,1,1,0,0,0,1
3420,44,2,1.128930904,0,37923,0,1,0,2,0,1,0,0,0,3,5,3,1,4,5,3,4,5,5,5,3,1,1,1,3,1,2,3,0.857895017,0.82473888,0.757097887,0,0,0,1,4,0,0,1,0,0,2,0,4,0,1,2,0,0,3,1,0,0,0,1,0,-9,0,0,1,0,2,0,1,0,2,0,1,0,2,1,0,0,1,1,0,0,1,0,1,0,0,2
3433,4,4,0.995177257,0,71953,0,0,1,2,0,1,0,0,0,2,4,2,1,5,2,4,2,5,5,4,2,1,2,2,3,3,2,3,0.583436958,0.891126159,0.493035354,1,0,1,0,3,1,1,1,0,0,2,0,4,1,0,1,0,1,2,0,0,0,0,1,0,-9,0,1,0,0,1,1,0,0,1,1,0,0,1,1,0,0,1,1,0,0,1,1,0,0,0,1
3440,39,4,0.28796506,0,17020,0,1,0,3,0,0,1,0,0,3,3,3,3,3,3,3,3,3,3,3,1,3,2,2,2,2,1,2,-1.181063964,0.298496158,-0.847885672,0,1,0,0,2,0,0,1,0,0,2,0,4,1,0,1,0,1,2,0,0,0,0,1,0,1,1,1,0,0,1,1,0,0,1,0,1,0,2,1,0,0,1,1,0,0,1,1,0,0,0,1
3441,44,4,1.235038195,0,37066,0,1,0,1,1,0,0,0,0,1,3,2,4,4,1,1,1,4,4,3,2,1,2,2,3,1,2,3,0.875733924,0.851099217,-0.44342039,1,0,0,1,4,0,1,1,0,0,2,0,4,0,1,2,0,1,2,0,0,0,0,1,0,-9,0,1,0,0,1,0,1,0,2,1,0,0,1,0,1,0,2,1,0,0,1,1,0,0,0,1
3442,33,4,1.964046553,0,10567,0,1,0,2,0,1,0,0,0,1,2,1,3,5,2,3,2,5,5,5,2,1,2,2,3,3,2,2,0.609551739,-0.536639888,-0.303435596,1,0,0,1,4,0,1,1,0,0,2,0,4,0,0,3,0,0,3,0,0,0,0,1,0,-9,0,1,0,0,1,1,0,0,1,1,0,0,1,0,0,1,3,0,1,0,2,0,1,0,0,2
3448,48,4,0.601160649,0,24639,0,1,0,2,0,1,0,0,0,2,4,2,2,4,2,2,2,4,5,4,2,2,2,2,2,4,3,4,-0.391179426,0.261689626,-0.450433445,1,0,1,0,3,0,0,1,0,0,2,0,4,1,0,1,1,0,1,0,1,0,0,1,1,-9,0,1,0,0,1,1,0,0,1,1,0,0,1,1,0,0,1,1,0,0,1,1,0,0,0,1
3450,10,4,0.950756779,0,34108,0,1,0,3,0,0,1,0,0,2,4,3,4,4,1,1,1,4,4,4,2,2,2,2,2,4,3,3,0.244026804,0.03769152,0.133246716,1,0,0,1,4,0,0,1,0,0,2,0,4,0,1,2,0,1,2,0,0,0,0,1,0,1,1,0,1,0,2,0,0,1,3,0,0,1,3,1,0,0,1,1,0,0,1,1,0,0,0,1
3451,10,4,6.324862628,1,33570,0,1,0,1,1,0,0,0,0,1,2,4,4,5,1,1,5,5,5,5,2,2,2,2,2,3,3,3,0.535221796,0.772833068,0.896204784,1,0,0,1,4,0,0,1,0,0,2,0,4,0,1,2,0,0,3,0,0,0,0,1,0,-9,0,1,0,0,1,1,0,0,1,0,1,0,2,0,1,0,2,1,0,0,1,1,0,0,0,1
3453,26,4,0.5689055,0,63366,0,1,0,1,1,0,0,0,0,1,4,1,5,3,1,1,1,3,4,3,2,2,2,2,2,4,3,3,1.024619206,0.656987507,0.354637139,0,0,0,1,4,0,1,1,0,0,2,0,4,0,1,2,1,0,1,0,0,0,0,1,0,1,1,0,1,0,2,0,1,0,2,0,0,1,3,0,0,1,3,1,0,0,1,1,0,0,0,1
3455,10,4,2.643258162,0,34135,0,1,0,2,0,1,0,0,0,1,4,2,3,4,3,4,3,5,4,4,2,2,1,2,2,3,2,3,0.355620811,-0.697071754,0.736627383,0,0,0,1,4,0,0,1,0,0,2,0,4,0,0,3,0,1,2,0,1,0,0,1,0,1,1,1,0,0,1,1,0,0,1,1,0,0,1,1,0,0,1,1,0,0,1,1,0,0,0,1
3457,7,2,5.858574259,0,6468,0,1,0,2,0,1,0,0,0,3,3,3,1,5,3,3,3,4,4,4,2,3,3,1,2,3,2,2,-0.147236031,0.379428976,0.0219152,1,0,1,0,3,0,1,1,0,0,2,0,4,0,0,3,0,1,2,0,0,0,0,1,0,-9,0,1,0,0,1,1,0,0,1,1,0,0,1,0,0,1,3,1,0,0,1,1,0,0,0,1
3463,26,2,0.480295792,0,65536,0,1,0,1,1,0,0,0,0,1,2,3,2,4,3,3,1,5,5,5,2,1,1,1,3,3,2,2,-0.625867018,-0.019373909,0.336119272,1,0,1,0,3,0,1,0,0,0,2,0,5,1,0,1,1,0,1,0,1,0,0,1,0,-9,0,1,0,0,1,0,1,0,2,0,1,0,2,0,1,0,2,1,0,0,1,1,0,0,0,1
3466,10,4,0.982904931,1,33565,0,1,0,5,0,0,0,0,1,2,5,4,3,3,1,5,5,5,4,5,2,1,1,2,2,2,2,3,0.828403971,0.628489721,0.742276839,0,0,0,1,4,0,0,1,0,0,2,0,4,1,0,1,1,0,1,0,0,0,0,1,0,-9,0,1,0,0,1,1,0,0,1,1,0,0,1,1,0,0,1,1,0,0,1,1,0,0,0,1
3480,34,4,5.110339203,0,28152,0,1,0,2,0,1,0,0,0,2,3,3,3,4,2,2,2,3,4,4,2,2,2,2,2,3,3,3,0.82627242,0.301164551,0.365864495,1,0,1,0,3,0,1,1,0,0,2,0,4,0,0,3,0,1,2,0,0,0,0,1,0,-9,0,1,0,0,1,1,0,0,1,1,0,0,1,0,1,0,2,1,0,0,1,1,0,0,0,1
3481,33,4,0.223941539,0,11226,1,0,0,3,0,0,1,0,0,1,2,2,4,5,3,3,3,5,5,3,2,2,2,2,2,4,3,3,1.063222235,-0.584427815,0.293251097,0,0,0,1,4,1,1,1,0,0,2,0,4,0,1,2,0,1,2,0,0,0,0,0,1,-9,0,0,0,1,3,0,0,1,3,1,0,0,1,1,0,0,1,0,0,1,3,0,0,1,0,3
3484,10,4,0.24121284,0,34442,0,1,0,2,0,1,0,0,0,1,5,1,4,5,1,1,2,5,5,3,2,2,2,2,2,4,3,4,0.246434496,0.440619824,0.967007364,1,0,0,1,4,0,0,1,0,0,2,0,4,0,0,0,0,1,2,0,0,0,0,1,0,-9,0,1,0,0,1,1,0,0,1,1,0,0,1,0,1,0,2,1,0,0,1,1,0,0,0,1
3489,14,4,2.139920788,0,60634,1,0,0,1,1,0,0,0,0,1,4,3,2,4,2,2,2,3,4,3,2,1,3,3,3,4,2,2,-0.591986933,0.227862092,0.022133396,1,0,0,1,4,0,0,1,0,0,2,0,4,1,0,1,1,0,1,0,0,0,0,0,0,-9,0,0,0,1,3,0,0,1,3,1,0,0,1,1,0,0,1,0,1,0,2,0,0,0,1,4
3500,33,2,0.604756641,0,12144,0,1,0,2,0,1,0,0,0,2,4,2,2,4,1,1,2,5,5,4,3,1,1,2,3,3,2,3,1.368956279,0.482266298,-0.462320857,1,1,0,0,2,0,1,1,0,0,2,0,4,0,0,0,0,1,2,0,0,0,1,1,0,1,1,1,0,0,1,0,1,0,2,0,1,0,2,0,0,1,3,0,0,1,3,0,0,1,0,3
3501,33,2,0.247363605,0,11733,0,1,0,2,0,1,0,0,0,3,3,3,2,4,2,2,2,4,4,4,3,1,2,2,3,4,2,4,-0.450004536,-0.31037258,-1.244327934,1,0,0,1,4,0,1,1,0,0,2,0,4,1,0,1,0,0,3,1,0,0,0,0,0,-9,0,1,0,0,1,1,0,0,1,0,1,0,2,1,0,0,1,1,0,0,1,1,0,0,0,1
3503,10,4,4.977608077,1,33761,0,1,0,1,1,0,0,0,0,3,3,0,1,1,1,1,5,5,5,5,3,1,3,2,2,1,2,2,0.331747208,0.596372992,-0.864211036,1,0,1,0,3,0,0,1,0,0,2,0,4,0,0,3,0,1,2,0,0,0,0,1,0,-9,0,0,1,0,2,0,0,1,3,0,0,1,3,0,0,1,3,1,0,0,1,0,0,1,0,3
3507,44,2,5.119769491,0,37692,0,1,0,2,0,1,0,0,0,3,4,3,4,3,2,2,2,3,3,2,2,2,2,2,2,4,3,4,0.458587174,-1.526929815,-0.29094377,1,0,1,0,3,0,1,1,0,0,2,0,4,0,0,3,0,1,2,0,0,0,1,1,0,1,1,1,0,0,1,1,0,0,1,0,1,0,2,0,1,0,2,1,0,0,1,1,0,0,0,1
3519,16,4,0.997577696,0,50325,0,1,0,5,0,0,0,0,1,5,5,5,2,5,1,4,3,5,5,5,2,1,1,1,3,2,2,2,1.09133121,-1.297392576,0.584955617,0,0,0,1,4,0,0,1,0,0,2,0,4,0,1,2,0,1,2,0,1,0,0,1,0,-9,0,0,1,0,2,0,0,1,3,0,0,1,3,0,0,1,3,1,0,0,1,0,0,1,0,3
3525,48,2,3.080261522,0,23336,0,0,1,3,0,0,1,0,0,3,5,4,2,5,3,2,3,5,5,5,3,1,3,2,3,4,2,2,-0.341882901,0.395009974,-0.082195449,1,0,0,1,4,0,0,1,0,0,2,0,4,0,0,3,0,1,2,0,1,0,1,1,0,-9,0,1,0,0,1,1,0,0,1,1,0,0,1,0,1,0,2,1,0,0,1,1,0,0,0,1
3529,51,4,2.863634464,0,53225,1,0,0,2,0,1,0,0,0,3,3,3,4,4,4,2,2,3,3,3,2,2,2,2,2,3,2,3,0.174520487,0.930539067,-0.129746693,1,0,0,1,4,0,0,1,0,0,2,0,4,0,0,3,0,0,3,0,0,0,0,1,0,1,1,0,0,1,3,0,0,1,3,0,0,1,3,0,1,0,2,1,0,0,1,0,0,1,0,3
3530,6,2,0.000161399,0,94551,0,1,0,3,0,0,1,0,0,3,3,3,3,4,3,4,4,4,4,4,2,3,1,1,2,3,3,3,0.486361791,-0.629377489,0.019695446,1,0,1,0,3,0,0,1,0,0,2,0,4,1,0,1,0,0,3,0,0,0,0,1,0,-9,0,0,0,1,3,0,1,0,2,0,0,1,3,0,1,0,2,0,1,0,2,0,0,0,1,4
3537,42,2,0.550422312,0,29464,0,1,0,3,0,0,1,0,0,2,5,3,2,5,2,2,2,5,5,3,2,1,1,1,3,1,2,3,0.380879488,-1.25247709,0.120616029,0,0,1,0,3,1,1,1,0,0,2,0,4,1,0,1,1,0,1,0,0,0,1,1,1,-9,0,0,1,0,2,0,0,1,3,0,1,0,2,0,0,1,3,1,0,0,1,0,0,1,0,3
3541,36,4,1.358717291,0,45805,0,1,0,2,0,1,0,0,0,1,1,3,2,4,3,4,4,3,3,4,2,2,2,2,2,3,3,3,0.502400852,0.233286542,0.276426231,1,0,1,0,3,0,0,1,0,0,2,0,4,1,0,1,1,0,1,0,0,0,0,1,1,-9,0,0,1,0,2,0,1,0,2,1,0,0,1,0,1,0,2,1,0,0,1,0,1,0,0,2
3543,34,4,0.545722145,0,28518,0,0,1,5,0,0,0,0,1,4,6,5,2,5,4,4,5,5,5,5,2,1,1,1,3,2,2,2,0.241834436,0.390206493,0.957469111,1,1,0,0,2,0,0,1,0,0,2,0,4,0,1,2,0,0,3,1,0,0,0,1,0,-9,0,1,0,0,1,1,0,0,1,0,1,0,2,0,0,1,3,1,0,0,1,1,0,0,0,1
3544,33,2,0.087753914,0,14414,0,1,0,2,0,1,0,0,0,2,4,4,2,4,2,3,1,4,4,3,2,1,2,2,3,2,3,3,0.041551007,0.786530141,0.928688801,0,1,0,0,2,0,1,1,0,0,2,0,4,1,0,1,0,0,3,0,0,0,1,1,0,1,1,1,0,0,1,0,1,0,2,1,0,0,1,0,0,1,3,1,0,0,1,0,0,1,0,3
3546,33,2,1.509522182,0,11206,1,0,0,2,0,1,0,0,0,2,5,3,3,5,3,3,3,4,4,3,2,2,1,1,3,3,2,3,0.611921736,0.018820269,0.027405691,1,1,0,0,2,0,1,0,1,0,2,0,2,0,0,3,0,1,2,0,0,0,1,0,1,1,1,0,0,1,3,0,0,1,3,1,0,0,1,0,1,0,2,0,0,1,3,0,0,0,1,4
3548,48,2,0.347305806,0,22202,1,0,0,2,0,1,0,0,0,3,1,2,2,4,3,3,3,3,3,3,1,1,1,1,1,1,4,1,-0.653093164,-1.282056454,0.17121394,0,1,0,0,2,0,0,1,0,0,2,0,4,1,0,1,0,1,2,1,0,0,0,0,1,-9,0,0,0,1,3,0,0,1,3,0,0,1,3,0,1,0,2,0,0,1,3,0,0,0,1,4
3549,33,4,0.959999616,0,10003,1,0,0,2,0,1,0,0,0,3,2,3,2,4,4,2,2,4,4,4,2,2,1,1,3,3,3,3,0.366016041,-0.204123739,0.114566148,0,0,0,1,4,0,0,1,0,0,2,0,4,1,0,1,1,0,1,0,0,0,0,0,1,-9,0,0,0,1,3,0,0,1,3,1,0,0,1,0,0,1,3,0,0,1,3,0,0,0,1,4
3556,34,4,0.313889514,0,28711,0,0,1,5,0,0,0,0,1,4,6,5,1,1,1,5,5,2,5,4,2,3,1,2,1,2,2,2,1.154275397,0.853376384,-0.560099025,1,0,0,1,4,0,1,1,0,0,2,0,4,0,1,2,0,1,2,0,0,0,0,0,0,-9,0,1,0,0,1,1,0,0,1,1,0,0,1,1,0,0,1,1,0,0,1,1,0,0,0,1
3558,34,4,0.401252052,0,28461,0,1,0,1,1,0,0,0,0,2,4,3,4,5,2,2,3,5,5,4,2,1,1,1,3,2,2,3,1.615283004,-0.322912066,0.894370426,1,0,0,1,4,0,1,1,0,0,2,0,4,1,0,1,1,0,1,0,0,0,0,1,0,1,1,1,0,0,1,1,0,0,1,1,0,0,1,0,0,1,3,1,0,0,1,1,0,0,0,1
3561,16,4,1.175605282,0,52241,0,1,0,1,1,0,0,0,0,1,2,0,5,4,1,4,1,4,5,5,2,2,2,2,2,2,2,3,1.170674855,-0.317815814,1.127957742,1,0,0,1,4,0,0,1,0,0,2,0,4,1,0,1,1,0,1,0,0,0,0,0,0,-9,0,0,1,0,2,0,0,1,3,0,1,0,2,0,0,1,3,1,0,0,1,0,0,0,1,4
3568,26,4,1.469093867,0,64137,0,1,0,3,0,0,1,0,0,1,4,4,3,4,4,4,3,4,5,5,2,1,1,1,3,2,2,2,0.889887987,-0.344122924,0.022862874,1,0,1,0,3,0,0,1,0,0,2,0,4,0,1,2,1,0,1,0,0,0,0,0,0,-9,0,1,0,0,1,1,0,0,1,0,0,1,3,1,0,0,1,1,0,0,1,0,1,0,0,2
3570,34,4,0.950756779,0,28054,0,1,0,2,0,1,0,0,0,2,6,3,3,3,3,3,3,3,4,4,2,2,2,2,2,3,2,3,-0.339942729,0.328580513,-0.665312779,1,0,0,1,4,0,0,1,0,0,2,0,4,0,1,2,0,1,2,0,0,0,0,1,0,-9,0,1,0,0,1,0,1,0,2,0,1,0,2,0,0,1,3,1,0,0,1,0,1,0,0,2
3575,10,2,4.503639166,1,33777,0,1,0,4,0,0,0,1,0,2,5,5,1,1,5,5,5,5,5,5,3,2,2,2,3,3,4,3,1.393930623,-0.278495471,1.053899715,1,1,0,0,2,0,0,1,0,0,2,0,4,0,0,3,0,1,2,0,0,0,1,1,0,-9,0,0,1,0,2,0,1,0,2,0,0,1,3,1,0,0,1,1,0,0,1,0,0,1,0,3
3577,33,4,1.842707057,0,12144,0,1,0,1,1,0,0,0,0,2,4,2,2,5,3,4,4,5,5,4,2,1,1,1,3,2,2,2,0.951360827,0.705472549,-0.417536279,1,0,0,1,4,0,1,1,0,0,2,0,4,0,0,3,1,0,1,0,1,0,0,1,0,-9,0,1,0,0,1,0,1,0,2,0,1,0,2,0,0,1,3,0,0,1,3,0,0,1,0,3
3589,10,4,0.452029925,0,32234,0,0,1,3,0,0,1,0,0,3,3,3,3,4,3,2,2,4,4,4,2,2,1,1,2,2,3,2,0.187368578,0.130894891,-0.397195247,1,0,0,1,4,0,0,1,0,0,2,0,4,1,0,1,0,1,2,0,0,0,0,1,0,-9,0,1,0,0,1,1,0,0,1,0,1,0,2,0,0,1,3,1,0,0,1,1,0,0,0,1
3593,5,4,0.091467322,0,95240,1,0,0,3,0,0,1,0,0,3,4,4,2,5,2,2,2,4,5,5,2,1,2,2,2,3,3,3,0.335281936,0.585838172,0.097878787,1,0,0,1,4,0,0,1,0,0,2,0,4,0,1,2,0,1,2,0,0,0,0,1,0,-9,0,0,0,1,3,0,0,1,3,0,1,0,2,0,0,1,3,1,0,0,1,0,0,1,0,3
3596,16,4,2.197286852,0,52302,0,1,0,2,0,1,0,0,0,1,2,1,5,4,1,1,1,2,3,4,2,2,2,2,2,3,3,3,0.861505351,0.687723356,-0.068035984,1,0,0,1,4,0,0,1,0,0,2,0,4,0,1,2,1,0,1,0,0,0,0,0,0,-9,0,0,1,0,2,0,1,0,2,1,0,0,1,0,0,1,3,1,0,0,1,0,0,0,1,4
3600,34,4,0.35589141,0,28752,0,1,0,4,0,0,0,1,0,3,4,3,2,4,2,4,2,5,4,4,2,1,2,2,3,3,3,3,0.702478751,-0.952781779,-0.086182834,1,0,0,1,4,0,0,1,0,0,2,0,4,1,0,1,1,0,1,0,0,0,0,0,0,1,1,1,0,0,1,1,0,0,1,0,1,0,2,0,1,0,2,1,0,0,1,1,0,0,0,1
3605,23,4,1.039653573,0,48060,0,1,0,3,0,0,1,0,0,3,6,3,3,5,1,1,1,1,4,2,2,1,1,2,2,4,2,4,-0.302762476,-0.346162995,-1.603966427,1,0,1,0,3,0,0,1,0,0,2,0,4,0,1,2,0,1,2,0,0,0,0,1,0,0,0,0,1,0,2,0,1,0,2,0,1,0,2,0,1,0,2,1,0,0,1,0,1,0,0,2
3607,10,4,0.497109753,0,34235,0,1,0,1,1,0,0,0,0,1,4,1,3,5,3,3,4,5,5,5,2,2,2,2,2,1,2,3,1.021838144,-0.381396592,0.148172096,0,0,0,1,4,0,1,1,0,0,2,0,4,0,0,3,0,1,2,0,0,0,0,0,0,-9,0,0,1,0,2,1,0,0,1,1,0,0,1,0,1,0,2,1,0,0,1,0,0,1,0,3
3608,31,2,2.067747718,0,7029,1,0,0,3,0,0,1,0,0,2,6,3,3,4,2,2,2,4,5,3,2,2,2,2,2,4,3,4,1.101762153,0.085947236,-0.732865928,1,0,1,0,3,0,0,1,0,0,2,0,4,1,0,1,0,0,3,0,0,1,1,0,0,1,1,0,0,1,3,0,0,1,3,0,0,1,3,0,0,1,3,0,0,1,3,0,0,0,1,4
3610,10,2,3.277952866,1,33409,1,0,0,2,0,1,0,0,0,3,5,4,4,5,3,3,4,5,5,5,2,1,1,2,2,4,2,3,0.425544984,-0.420933271,0.05890929,1,0,0,1,4,0,1,1,0,0,2,0,4,0,0,3,0,1,2,0,0,0,0,0,0,-9,0,0,0,1,3,0,0,1,3,0,0,1,3,1,0,0,1,1,0,0,1,0,0,1,0,3
3615,36,4,0.762384267,0,43604,0,1,0,2,0,1,0,0,0,1,1,0,2,5,3,3,1,5,4,3,2,2,1,3,3,4,2,3,0.169232998,-0.948717846,-0.655544128,0,0,0,1,4,0,0,1,0,0,2,0,4,1,0,1,1,0,1,0,1,0,0,0,1,-9,0,0,1,0,2,0,0,1,3,0,0,1,3,1,0,0,1,1,0,0,1,0,0,0,1,4
3622,52,4,0.001210568,0,82009,0,1,0,1,1,0,0,0,0,1,3,1,2,5,1,1,1,5,5,5,2,1,2,2,3,4,2,2,0.923952427,0.384543404,0.209362133,0,0,0,1,4,0,0,1,0,0,2,0,4,0,1,2,0,0,3,0,0,0,0,1,0,-9,0,1,0,0,1,0,1,0,2,0,1,0,2,1,0,0,1,1,0,0,1,1,0,0,0,1
3628,44,4,0.451983143,0,37687,0,0,1,5,0,0,0,0,1,3,3,4,3,4,1,4,4,3,5,3,2,1,2,2,2,3,3,4,-0.962104337,-1.385278448,-1.113396168,0,0,0,1,4,0,0,1,0,0,2,0,4,1,0,1,1,0,1,0,0,0,0,1,0,-9,0,1,0,0,1,1,0,0,1,1,0,0,1,1,0,0,1,1,0,0,1,1,0,0,0,1
3631,17,4,0.646526922,0,66762,0,1,0,2,0,1,0,0,0,3,4,2,3,4,2,2,4,5,4,4,3,2,2,2,3,3,2,2,0.347200921,0.372801028,0.666161234,0,0,1,0,3,0,1,1,0,0,2,0,4,0,1,2,0,1,2,0,0,0,0,1,0,-9,0,1,0,0,1,0,1,0,2,1,0,0,1,0,1,0,2,1,0,0,1,1,0,0,0,1
3636,45,4,1.014407552,1,75090,0,1,0,3,0,0,1,0,0,3,3,3,2,5,3,2,1,4,4,3,2,1,1,2,3,4,2,4,-0.296379987,-1.04964396,-0.448917371,0,0,1,0,3,0,0,1,0,0,2,0,4,0,1,2,0,1,2,0,0,0,0,1,0,1,1,0,1,0,2,1,0,0,1,0,1,0,2,1,0,0,1,1,0,0,1,1,0,0,0,1
3638,14,2,0.692070166,0,62450,0,1,0,5,0,0,0,0,1,2,1,1,2,1,4,5,4,5,5,5,1,3,2,2,1,2,2,3,1.04992037,-1.41104112,-0.494517378,1,1,0,0,2,0,0,1,0,0,2,0,4,0,1,2,0,0,3,1,0,0,0,1,0,-9,0,1,0,0,1,1,0,0,1,0,1,0,2,0,0,1,3,1,0,0,1,1,0,0,0,1
3640,46,2,8.47E-05,0,84005,0,1,0,2,0,1,0,0,0,3,2,2,4,5,3,3,3,5,5,5,2,1,3,2,2,3,2,3,0.135193842,0.567620848,-2.206584078,0,0,1,0,3,1,1,1,0,0,2,0,4,1,0,1,0,0,3,0,0,0,0,0,0,1,1,1,0,0,1,1,0,0,1,1,0,0,1,1,0,0,1,1,0,0,1,1,0,0,0,1
3642,10,4,0.90816323,1,33763,1,0,0,2,0,1,0,0,0,1,4,2,3,4,1,1,1,3,5,3,2,2,2,2,2,4,2,3,0.822963613,0.714254072,0.976118946,0,0,0,1,4,1,1,1,0,0,2,0,4,0,1,2,0,1,2,0,0,0,0,0,0,-9,0,0,0,1,3,0,0,1,3,0,0,1,3,1,0,0,1,1,0,0,1,0,0,1,0,3
3643,34,4,0.305127165,0,27408,0,1,0,3,0,0,1,0,0,2,1,3,2,5,4,2,5,5,5,5,2,2,2,2,3,3,2,4,0.579021344,0.614745627,0.408256934,1,0,0,1,4,0,0,1,0,0,2,0,4,1,0,1,1,0,1,0,0,0,0,0,1,-9,0,1,0,0,1,0,0,1,3,0,0,1,3,0,0,1,3,1,0,0,1,0,1,0,0,2
3649,42,4,0.24165059,0,29902,0,1,0,2,0,1,0,0,0,1,5,3,2,5,2,1,4,5,5,3,2,1,2,2,3,3,2,3,0.819620325,-0.515465835,-0.102974622,1,0,0,1,4,0,1,1,0,0,2,0,4,1,0,1,0,1,2,0,1,0,0,0,0,-9,0,1,0,0,1,0,1,0,2,1,0,0,1,0,0,1,3,1,0,0,1,0,1,0,0,2
3651,26,2,1.280095075,0,65608,0,0,1,1,1,0,0,0,0,2,5,1,4,3,2,4,2,3,4,3,2,2,2,2,3,3,2,3,0.465040734,-0.464806219,-1.436567677,1,1,0,0,2,0,0,1,0,0,2,0,4,1,0,1,0,1,2,0,0,0,1,1,0,1,1,1,0,0,1,1,0,0,1,0,1,0,2,1,0,0,1,1,0,0,1,1,0,0,0,1
3655,10,4,0.314141838,0,33966,0,1,0,2,0,1,0,0,0,2,5,4,2,4,1,5,2,4,5,4,2,1,1,2,3,2,3,4,-0.533198794,-1.538797749,1.17930712,1,0,0,1,4,0,0,1,0,0,2,0,4,1,0,1,1,0,1,0,0,0,0,0,1,-9,0,0,0,0,0,0,0,0,0,0,0,0,0,0,0,0,0,0,0,0,0,0,0,0,0,0
3663,45,2,1.731670926,1,77433,0,1,0,3,0,0,1,0,0,3,3,4,4,3,4,3,3,2,2,2,2,3,2,2,2,4,4,4,-1.782377367,0.890276423,-1.594259398,1,1,0,0,2,0,0,1,0,0,1,1,1,1,0,1,0,1,2,1,0,0,1,1,0,-9,0,1,0,0,1,1,0,0,1,0,0,1,3,0,0,1,3,1,0,0,1,1,0,0,0,1
3664,51,2,0.829098492,0,53534,0,1,0,2,0,1,0,0,0,2,3,1,4,3,3,3,3,4,3,3,2,2,2,2,2,3,3,3,0.042289143,0.129528689,0.110697368,0,1,0,0,2,0,0,1,0,0,2,0,4,0,1,2,0,0,3,1,0,0,1,1,0,-9,0,1,0,0,1,1,0,0,1,0,1,0,2,0,1,0,2,1,0,0,1,1,0,0,0,1
3673,8,2,1.878252094,0,19709,0,1,0,1,1,0,0,0,0,2,2,2,4,4,2,2,1,3,5,4,2,1,2,2,3,4,3,3,-0.078086723,0.03808367,0.739893791,0,0,0,1,4,0,0,1,0,0,2,0,4,0,1,2,0,1,2,0,0,0,0,1,0,1,1,1,0,0,1,1,0,0,1,0,1,0,2,0,1,0,2,1,0,0,1,1,0,0,0,1
3678,26,4,0.276124573,0,63601,0,0,1,3,0,0,1,0,0,1,1,1,3,4,3,1,1,5,3,3,2,1,2,2,3,4,2,4,-0.113143419,1.126581455,-0.275879403,1,0,0,1,4,0,0,1,0,0,2,0,4,1,0,1,0,0,3,0,0,0,0,1,0,-9,0,1,0,0,1,1,0,0,1,1,0,0,1,0,0,1,3,1,0,0,1,1,0,0,0,1
3684,4,2,1.046719173,0,72212,0,1,0,2,0,1,0,0,0,1,4,4,3,4,2,2,2,4,4,3,2,1,1,1,2,1,1,1,-0.529294134,0.287655153,-0.351719251,1,0,1,0,3,1,1,0,1,0,2,0,2,1,0,1,1,0,1,0,0,0,0,0,0,-9,0,0,1,0,2,0,0,1,3,1,0,0,1,0,1,0,2,1,0,0,1,0,1,0,0,2
3685,36,2,7.907598631,0,45040,0,1,0,5,0,0,0,0,1,4,4,3,1,1,2,5,3,2,4,5,2,3,2,2,2,2,2,1,0.107209954,0.598512143,-0.06487621,1,0,1,0,3,1,1,1,0,0,2,0,4,0,0,3,0,1,2,0,0,0,0,1,0,-9,0,0,1,0,2,0,1,0,2,0,1,0,2,0,0,1,3,1,0,0,1,0,1,0,0,2
3686,39,4,2.527537779,0,17352,0,0,1,4,0,0,0,1,0,2,3,3,3,4,2,3,3,4,3,3,2,2,2,2,2,4,2,2,-0.09718223,0.418279785,-0.604383384,1,0,0,1,4,0,0,1,0,0,2,0,4,0,1,2,1,0,1,0,0,0,0,1,0,-9,0,1,0,0,1,1,0,0,1,1,0,0,1,1,0,0,1,1,0,0,1,1,0,0,0,1
3688,49,2,0.009732183,0,98001,0,1,0,4,0,0,0,1,0,2,4,3,3,3,4,3,3,3,4,3,2,2,2,2,3,3,3,3,0.463678676,1.041894636,-0.44216136,1,1,0,0,2,0,0,1,0,0,1,1,1,0,1,2,0,0,3,1,0,0,0,1,0,-9,0,0,1,0,2,0,1,0,2,0,0,1,3,1,0,0,1,0,1,0,2,0,1,0,0,2
3697,49,2,0.004089994,0,98499,0,1,0,1,1,0,0,0,0,1,2,3,3,3,2,2,1,2,5,5,3,1,1,1,3,1,2,1,-0.135848772,1.424096406,-0.182296174,1,0,1,0,3,0,0,1,0,0,2,0,4,1,0,1,0,0,3,1,0,0,0,0,0,-9,0,0,1,0,2,0,0,1,3,0,0,1,3,0,0,1,3,0,1,0,2,0,0,0,1,4
3706,49,4,0.021268952,0,98204,1,0,0,1,1,0,0,0,0,1,5,1,4,4,1,1,1,4,5,4,2,2,2,2,2,4,3,3,-0.854145841,-1.551879885,0.644503568,0,0,1,0,3,1,1,1,0,0,2,0,4,1,0,1,1,0,1,0,1,0,0,0,0,0,0,0,0,1,3,0,0,1,3,0,1,0,2,0,0,1,3,1,0,0,1,0,0,0,1,4
3708,49,4,0.065542553,0,98198,1,0,0,5,0,0,0,0,1,2,3,1,3,4,1,1,2,5,5,4,2,2,2,2,2,1,1,2,0.503873428,-1.216235188,0.438230362,1,0,0,1,4,0,0,1,0,0,2,0,4,0,0,3,0,1,2,0,0,0,0,1,0,-9,0,0,0,1,3,0,1,0,2,0,1,0,2,0,1,0,2,0,1,0,2,0,0,1,0,3
3715,49,2,0.505683637,0,98045,0,1,0,4,0,0,0,1,0,3,5,3,1,2,1,4,2,4,4,5,2,2,1,2,1,2,2,2,0.06091363,0.960015325,0.937820378,0,1,0,0,2,0,0,1,0,0,2,0,4,0,0,3,0,0,3,0,0,0,0,1,0,-9,0,1,0,0,1,0,1,0,2,0,1,0,2,0,0,1,3,1,0,0,1,0,0,1,0,3
3721,49,2,0.074091074,0,98372,0,1,0,1,1,0,0,0,0,1,4,1,5,2,4,3,1,4,5,3,2,2,2,2,2,3,3,3,0.759356223,-0.719500993,0.293898469,1,0,0,1,4,0,0,1,0,0,2,0,4,0,0,0,0,1,2,0,0,1,1,0,0,-9,0,0,1,0,2,0,0,1,3,0,0,1,3,0,1,0,2,0,1,0,2,0,1,0,0,2
3724,49,2,0.101479142,0,98409,0,1,0,5,0,0,0,0,1,3,1,3,3,4,1,1,1,4,3,3,3,1,1,1,3,3,2,3,-1.241275536,-1.017148779,1.581284505,0,1,0,0,2,0,0,1,0,0,2,0,4,0,1,2,1,0,1,0,1,0,1,0,0,-9,0,0,1,0,2,0,0,1,3,0,0,1,3,0,0,1,3,0,1,0,2,0,0,0,1,4
3725,15,2,0.658775889,0,46077,0,1,0,3,0,0,1,0,0,2,4,1,3,3,1,2,3,5,5,5,3,1,2,1,3,3,2,2,1.049760663,0.846029769,-0.175835606,0,0,0,0,1,1,1,0,1,0,2,0,2,0,0,3,0,0,3,1,0,0,0,0,0,-9,0,1,0,0,1,0,1,0,2,1,0,0,1,0,1,0,2,1,0,0,1,0,1,0,0,2
3730,49,4,0.002256646,0,98402,0,1,0,1,1,0,0,0,0,2,3,5,4,5,4,5,3,5,5,5,3,1,1,1,3,2,2,2,0.624635555,0.099392659,1.250118306,1,1,0,0,2,0,0,1,0,0,2,0,4,1,0,1,0,0,3,0,0,0,0,0,0,0,0,0,1,0,2,0,0,1,3,0,0,1,3,0,1,0,2,0,0,1,3,0,0,0,1,4
3740,49,4,0.022537914,0,98204,1,0,0,3,0,0,1,0,0,4,1,3,4,3,3,4,1,2,4,4,2,2,2,2,2,3,2,3,-1.286062655,0.2340025,0.269831011,1,0,1,0,3,0,0,1,0,0,2,0,4,1,0,1,0,1,2,0,0,0,0,0,1,-9,0,0,0,1,3,0,0,1,3,0,1,0,2,0,0,1,3,1,0,0,1,0,0,0,1,4
3755,49,2,0.015455356,0,98104,1,0,0,1,1,0,0,0,0,2,4,2,5,5,3,2,2,5,5,5,2,2,2,2,2,4,2,2,0.795507252,-0.237642265,1.079144594,1,0,1,0,3,0,1,1,0,0,2,0,4,1,0,1,0,1,2,0,0,0,0,0,0,-9,0,0,0,1,3,0,0,1,3,0,0,1,3,0,0,1,3,0,0,1,3,0,0,0,1,4
3769,49,4,0.028351687,0,98391,0,1,0,2,0,1,0,0,0,2,3,2,3,4,1,5,3,5,5,5,3,1,1,2,3,2,2,2,0.920319104,0.798523936,0.258356409,1,0,1,0,3,0,0,1,0,0,2,0,4,0,1,2,1,0,1,0,0,0,0,1,0,-9,0,1,0,0,1,1,0,0,1,1,0,0,1,1,0,0,1,1,0,0,1,1,0,0,0,1
3771,49,2,0.022453993,0,98208,0,1,0,1,1,0,0,0,0,1,4,0,5,3,1,1,1,1,5,4,2,2,2,2,2,3,3,3,0.93888937,-0.758028195,0.133370193,1,1,0,0,2,0,0,1,0,0,2,0,4,1,0,1,1,0,1,0,1,0,0,0,0,1,1,0,1,0,2,0,0,1,3,0,0,1,3,0,1,0,2,1,0,0,1,0,0,1,0,3
3784,49,4,0.023122775,0,98122,1,0,0,1,1,0,0,0,0,1,5,3,3,4,2,3,1,4,5,3,3,1,1,3,3,3,2,3,0.828507528,-0.75989248,0.107316557,0,0,1,0,3,1,1,1,0,0,2,0,4,1,0,1,1,0,1,0,0,0,0,0,1,-9,0,0,0,1,3,0,0,1,3,1,0,0,1,0,0,1,3,0,0,1,3,0,0,0,1,4
3792,49,4,0.011177602,0,98223,0,1,0,4,0,0,0,1,0,3,5,4,1,5,1,2,1,3,2,2,2,1,2,2,3,3,3,4,-1.909507856,-0.40920463,-0.126488227,0,1,0,0,2,0,0,1,0,0,2,0,4,0,1,2,0,0,3,0,1,0,0,1,0,1,1,1,0,0,1,1,0,0,1,0,1,0,2,1,0,0,1,1,0,0,1,1,0,0,0,1
3823,49,2,0.090179112,0,98008,1,0,0,1,1,0,0,0,0,1,6,1,4,3,2,3,1,4,3,3,2,1,2,2,3,4,2,4,-0.606888844,-0.193704702,-0.16592807,0,1,0,0,2,0,0,1,0,0,2,0,4,0,0,3,1,0,1,0,0,0,1,0,0,-9,0,0,0,1,3,0,0,1,3,0,1,0,2,1,0,0,1,1,0,0,1,0,0,0,1,4
3830,49,2,0.015964798,0,98034,1,0,0,3,0,0,1,0,0,2,4,3,3,3,3,2,4,2,2,2,2,2,2,2,2,4,4,4,-1.308362491,-1.7033609,-0.553916993,1,1,0,0,2,0,0,1,0,0,2,0,4,1,0,1,0,0,3,1,0,0,0,0,0,-9,0,0,0,1,3,0,0,1,3,0,1,0,2,0,1,0,2,1,0,0,1,0,0,1,0,3
3834,49,2,0.277640641,0,98052,0,1,0,2,0,1,0,0,0,3,2,2,3,4,4,4,3,4,4,4,3,1,1,1,3,2,2,2,0.760415589,0.405547113,0.51869066,1,1,0,0,2,0,1,0,0,1,2,0,3,0,0,3,0,0,3,1,0,0,0,0,0,-9,0,0,1,0,2,0,0,1,3,0,1,0,2,1,0,0,1,1,0,0,1,0,0,1,0,3
3840,49,4,0.00789548,0,98108,1,0,0,2,0,1,0,0,0,1,4,2,5,5,3,3,1,5,5,3,2,1,2,2,2,4,2,4,-0.400648552,-1.89224588,-2.352607477,1,0,1,0,3,0,0,0,1,0,2,0,2,1,0,1,0,0,3,0,1,0,0,1,0,-9,0,0,0,1,3,0,0,1,3,0,0,1,3,0,1,0,2,0,0,1,3,0,0,0,1,4
3841,49,2,0.036267672,0,98101,1,0,0,3,0,0,1,0,0,2,2,4,2,2,5,5,5,5,4,5,1,2,2,3,2,3,2,3,1.00509005,1.189891729,0.52652791,0,1,0,0,2,0,1,1,0,0,2,0,4,0,0,3,0,0,3,1,0,0,0,0,0,-9,0,0,0,1,3,0,0,1,3,0,0,1,3,0,0,1,3,0,0,1,3,0,0,0,1,4
3849,49,4,0.022064495,0,98045,0,1,0,1,1,0,0,0,0,1,4,3,3,4,3,4,4,4,4,4,2,1,2,2,2,2,2,2,1.527568526,-0.580608442,0.000404646,1,0,0,1,4,0,0,1,0,0,2,0,4,1,0,1,1,0,1,0,0,0,0,0,0,0,0,1,0,0,1,0,1,0,2,0,1,0,2,0,0,1,3,1,0,0,1,0,0,1,0,3
3862,49,2,0.025235486,0,98177,0,1,0,1,1,0,0,0,0,2,2,2,4,2,2,2,2,4,4,4,2,2,1,2,2,3,2,2,1.319395701,0.38836535,0.591428913,1,0,0,1,4,0,0,1,0,0,2,0,4,0,1,2,1,0,1,0,0,0,1,1,0,-9,0,0,0,1,3,0,1,0,2,1,0,0,1,1,0,0,1,1,0,0,1,0,0,0,1,4
3863,49,4,0.014204214,0,98312,0,1,0,2,0,1,0,0,0,2,1,0,4,4,3,4,3,2,3,4,2,1,2,2,3,3,2,4,-0.2411221,-1.155278685,-0.314824814,1,0,0,1,4,0,0,1,0,0,2,0,4,1,0,1,1,0,1,0,1,0,0,1,0,-9,0,0,1,0,2,0,1,0,2,0,0,1,3,1,0,0,1,1,0,0,1,0,0,1,0,3
3879,49,4,0.112724071,0,98077,0,1,0,1,1,0,0,0,0,1,1,0,4,2,1,1,1,4,4,4,3,2,2,2,2,4,2,2,-0.250178178,0.658422582,0.183480887,1,0,1,0,3,0,0,1,0,0,2,0,4,0,0,3,0,0,3,1,0,0,0,1,0,-9,0,1,0,0,1,1,0,0,1,1,0,0,1,0,1,0,2,1,0,0,1,1,0,0,0,1
3883,49,2,0.02465375,0,98374,0,1,0,1,1,0,0,0,0,1,2,1,4,4,2,2,1,4,4,2,3,1,3,3,3,1,2,3,-0.32974591,0.270151869,-0.10969154,0,0,0,1,4,1,1,1,0,0,2,0,4,0,1,2,1,0,1,0,0,0,0,1,0,1,1,0,1,0,2,0,1,0,2,1,0,0,1,1,0,0,1,1,0,0,1,1,0,0,0,1
3886,49,4,0.168722299,0,98125,1,0,0,3,0,0,1,0,0,3,2,4,4,5,3,4,4,4,4,2,2,2,2,3,2,4,3,4,-0.738473884,-0.598475871,1.35324537,0,1,0,0,2,0,0,1,0,0,2,0,4,0,0,0,0,0,3,0,0,0,0,1,0,-9,0,0,0,1,3,0,0,1,3,0,1,0,2,0,0,1,3,1,0,0,1,0,0,0,1,4
3887,49,4,0.014691896,0,98201,1,0,0,1,1,0,0,0,0,1,1,0,4,3,2,4,3,3,5,5,2,2,2,3,3,2,2,3,0.658507694,0.105391402,-0.937686245,1,0,0,1,4,0,1,1,0,0,2,0,4,0,1,2,1,0,1,0,0,0,0,1,0,-9,0,0,0,1,3,0,0,1,3,0,1,0,2,0,0,1,3,0,1,0,2,0,0,0,1,4
3902,49,4,0.177483647,0,98110,0,1,0,1,1,0,0,0,0,1,1,1,5,5,1,1,1,1,4,3,2,2,2,2,3,3,3,3,1.042828148,-1.536574654,0.61427771,0,0,0,1,4,0,1,1,0,0,2,0,4,0,0,3,0,1,2,0,0,0,0,0,0,-9,0,1,0,0,1,1,0,0,1,1,0,0,1,0,0,1,3,1,0,0,1,0,1,0,0,2
3903,49,4,0.023120154,0,98052,0,1,0,5,0,0,0,0,1,1,5,5,5,4,3,4,5,4,5,4,2,3,2,2,3,3,2,3,0.763067266,0.60033962,0.394578042,0,0,1,0,3,0,1,1,0,0,2,0,4,0,0,3,0,0,3,1,0,0,0,0,0,-9,0,0,1,0,2,0,0,1,3,0,1,0,2,1,0,0,1,1,0,0,1,0,0,1,0,3
3907,33,2,0.186404358,0,10116,1,0,0,2,0,1,0,0,0,3,3,3,2,4,4,3,3,4,4,4,3,1,1,1,3,1,2,2,0.039278908,0.897808641,-0.25146534,0,1,0,0,2,0,1,1,0,0,2,0,4,1,0,1,0,0,3,1,0,0,1,0,0,-9,0,0,0,0,0,0,0,0,0,0,0,0,0,0,0,0,0,0,0,0,0,0,0,0,0,0
3910,49,2,0.318663522,0,98188,1,0,0,3,0,0,1,0,0,3,4,3,4,5,5,5,3,4,5,5,3,2,3,2,3,2,2,1,0.917599249,1.336026536,0.871202279,0,1,0,0,2,1,1,0,0,1,2,0,3,0,1,2,0,1,2,1,0,0,0,1,0,1,1,0,0,1,3,0,0,1,3,0,0,1,3,0,0,1,3,0,0,1,3,0,0,1,0,3
3923,49,4,0.046262847,0,98074,0,1,0,1,1,0,0,0,0,1,5,1,4,4,2,2,2,4,4,4,2,2,2,2,2,4,3,3,-0.450539252,-0.605964149,-1.157350825,1,1,0,0,2,0,0,0,0,1,2,0,3,0,1,2,0,0,3,1,0,0,0,0,0,-9,0,0,1,0,2,1,0,0,1,1,0,0,1,1,0,0,1,1,0,0,1,0,1,0,0,2
3928,49,2,0.012584587,0,98133,1,0,0,5,0,0,0,0,1,2,4,4,4,4,5,4,2,5,5,5,2,2,2,2,2,3,3,4,0.807366811,1.244772537,-0.424770931,0,1,0,0,2,0,0,1,0,0,2,0,4,0,1,2,0,0,3,1,0,0,0,0,0,-9,0,0,0,1,3,0,0,1,3,0,1,0,2,0,1,0,2,1,0,0,1,0,0,0,1,4
3929,49,2,0.018233507,0,98101,1,0,0,5,0,0,0,0,1,3,3,5,2,4,5,5,5,5,5,5,3,1,3,3,3,2,2,2,0.425447053,0.461580582,0.568432335,0,1,0,0,2,1,1,1,0,0,2,0,4,0,1,2,0,0,3,1,0,0,0,1,0,-9,0,0,0,1,3,0,0,1,3,0,0,1,3,0,0,1,3,0,0,1,3,0,0,0,1,4
3935,49,2,0.025758167,0,98023,0,1,0,1,1,0,0,0,0,1,3,1,4,3,2,3,2,3,2,2,2,2,1,2,2,3,3,4,-0.779036513,-0.683371424,-1.523331794,0,0,0,0,1,0,0,1,0,0,2,0,4,0,0,0,0,0,3,0,0,0,1,1,0,-9,0,0,0,1,3,0,1,0,2,1,0,0,1,1,0,0,1,1,0,0,1,0,0,1,0,3
3937,49,2,0.04067631,0,98003,1,0,0,2,0,1,0,0,0,4,1,3,2,4,1,5,1,2,4,5,2,1,1,3,3,2,2,2,0.012757038,0.17988222,0.923520585,0,1,0,0,2,0,1,1,0,0,2,0,4,0,0,3,0,0,3,1,0,0,0,0,0,1,1,0,0,1,3,0,0,1,3,0,0,1,3,0,1,0,2,1,0,0,1,0,0,0,1,4
3938,49,2,0.043778786,0,98033,1,0,0,2,0,1,0,0,0,1,5,3,4,4,2,2,1,5,5,5,2,2,2,3,3,3,2,2,0.895217007,0.8959893,-0.257436039,1,0,1,0,3,1,1,1,0,0,2,0,4,0,1,2,0,1,2,0,0,0,0,1,0,-9,0,0,1,0,2,0,0,1,3,0,0,1,3,0,0,1,3,1,0,0,1,0,0,0,1,4
3946,49,4,0.073567491,0,98122,1,0,0,1,1,0,0,0,0,1,6,0,5,4,1,1,1,4,4,3,2,2,2,2,3,4,3,2,-0.598847731,-0.896420123,-0.150344405,1,0,1,0,3,0,0,1,0,0,2,0,4,1,0,1,1,0,1,0,0,0,0,0,1,0,0,0,0,1,3,0,0,1,3,1,0,0,1,0,0,1,3,0,0,1,3,0,0,0,1,4
3948,49,2,0.103609538,0,98122,1,0,0,3,0,0,1,0,0,2,5,5,2,1,1,4,4,5,5,4,3,1,1,1,3,2,2,2,-1.285814002,1.272501919,1.40434162,1,1,0,0,2,0,0,1,0,0,2,0,4,0,0,3,0,1,2,0,0,0,0,0,0,-9,0,0,0,1,3,0,0,1,3,1,0,0,1,0,0,1,3,0,0,1,3,0,0,0,1,4
3955,49,2,0.055607018,0,98003,1,0,0,4,0,0,0,1,0,2,4,5,2,5,5,5,5,4,5,5,3,2,1,3,3,2,2,2,0.567955972,1.371108083,0.670061487,0,1,0,0,2,1,1,0,1,0,2,0,2,0,1,2,0,0,3,1,0,0,0,1,0,1,1,0,0,1,3,0,0,1,3,0,0,1,3,0,1,0,2,1,0,0,1,0,0,0,1,4
3956,49,2,0.04067631,0,98059,0,1,0,4,0,0,0,1,0,2,5,5,5,4,4,4,2,5,5,5,2,1,2,2,2,3,3,2,0.142342025,0.793453048,0.262074961,0,1,0,0,2,0,1,1,0,0,2,0,4,0,0,3,0,0,3,1,0,0,0,0,0,1,1,0,1,0,2,0,1,0,2,1,0,0,1,0,0,1,3,1,0,0,1,0,0,1,0,3
3960,11,2,0.261391386,0,30350,0,1,0,3,0,0,1,0,0,2,4,3,2,5,2,1,2,4,5,5,3,1,1,3,3,2,2,2,0.500113057,-0.012951952,0.790558301,0,0,0,1,4,1,1,1,0,0,2,0,4,1,0,1,0,1,2,0,0,0,0,0,0,-9,0,0,1,0,2,0,1,0,2,0,0,1,3,0,1,0,2,1,0,0,1,1,0,0,0,1
3963,49,2,0.037907222,0,98133,1,0,0,3,0,0,1,0,0,1,3,4,5,4,4,5,4,4,5,4,2,3,2,2,2,2,2,2,0.769602919,1.396602209,0.205219434,0,1,0,0,2,0,1,1,0,0,1,1,1,0,0,3,0,0,3,1,0,0,0,1,0,1,1,0,0,1,3,0,0,1,3,0,1,0,2,0,1,0,2,1,0,0,1,0,0,0,1,4
3965,49,1,0.026638348,0,98371,0,1,0,1,1,0,0,0,0,1,2,1,4,5,1,3,3,4,5,5,2,1,2,2,3,3,3,2,1.262752298,-0.789826276,1.032444476,1,0,0,0,1,1,1,1,0,0,2,0,4,0,1,2,0,0,3,0,0,0,0,1,0,-9,0,0,1,0,2,0,1,0,2,0,1,0,2,1,0,0,1,0,0,1,3,0,0,1,0,3
3967,49,2,0.013560636,0,98168,0,1,0,5,0,0,0,0,1,4,3,3,1,1,5,5,5,4,5,5,3,1,1,1,3,2,2,2,0.946311009,1.059590461,-0.402741631,1,0,0,0,1,0,1,1,0,0,2,0,4,1,0,1,0,0,3,0,0,1,0,0,0,-9,0,0,1,0,2,0,1,0,2,0,0,1,3,0,1,0,2,0,1,0,2,0,0,1,0,3
3968,49,2,0.062626242,0,98107,1,0,0,4,0,0,0,1,0,3,1,4,2,4,5,5,4,4,5,5,3,1,3,3,3,2,2,2,0.441795015,-0.22276598,-0.584620005,1,0,0,0,1,1,1,1,0,0,2,0,4,0,0,3,0,0,3,1,0,0,1,0,0,-9,0,0,0,1,3,0,0,1,3,1,0,0,1,1,0,0,1,1,0,0,1,0,0,0,1,4
3971,33,2,0.04067631,0,98188,1,0,0,4,0,0,0,1,0,2,4,4,5,5,4,5,4,4,5,5,3,1,1,1,3,3,2,2,0.842135937,1.2055334,-1.281497624,0,1,0,0,2,0,1,1,0,0,2,0,4,0,0,3,0,0,3,1,0,0,0,0,0,-9,0,0,0,1,3,0,0,1,3,0,0,1,3,0,0,1,3,0,0,1,3,0,0,1,0,3
3973,49,4,0.030176746,0,98198,1,0,0,1,1,0,0,0,0,1,2,0,5,4,1,1,1,1,5,5,2,2,2,3,3,4,2,4,0.182780401,0.273060867,-0.318224777,1,0,0,1,4,0,0,1,0,0,2,0,4,1,0,1,1,0,1,0,1,0,0,0,1,1,1,0,0,1,3,0,1,0,2,0,1,0,2,0,1,0,2,0,1,0,2,0,0,1,0,3
3974,49,4,0.062520785,0,98125,1,0,0,1,1,0,0,0,0,2,6,1,4,3,2,2,2,2,3,3,2,1,2,2,2,4,3,4,0.565576772,0.136238913,-0.216941695,0,0,0,1,4,0,0,1,0,0,2,0,4,0,0,3,0,0,3,0,0,0,0,1,0,-9,0,0,0,1,3,0,0,1,3,0,1,0,2,0,0,1,3,1,0,0,1,0,0,0,1,4
3977,49,2,0.034106931,0,98311,0,1,0,3,0,0,1,0,0,2,3,3,4,4,2,4,3,4,5,4,2,2,2,2,2,3,3,3,-0.584010905,0.776170175,0.279762492,0,0,1,1,4,0,0,1,0,0,2,0,4,0,1,2,1,0,1,0,0,0,1,1,0,-9,0,0,1,0,2,1,0,0,1,1,0,0,1,1,0,0,1,1,0,0,1,0,1,0,0,2
3978,49,2,0.071090846,0,98164,1,0,0,4,0,0,0,1,0,1,5,5,5,5,5,5,5,5,5,5,3,3,3,3,3,2,2,1,0.819762225,1.004617426,0.785958979,0,1,0,0,2,0,1,1,0,0,2,0,4,0,0,3,0,0,3,1,1,1,0,0,0,-9,0,0,0,0,0,0,0,0,0,0,0,0,0,0,0,0,0,0,0,0,0,0,0,0,0,0
3984,49,4,0.118182822,0,98270,0,1,0,1,1,0,0,0,0,3,2,4,4,4,2,2,4,4,4,4,2,2,2,2,2,4,3,3,-1.178435626,0.461763216,-0.531174744,0,0,0,1,4,0,0,1,0,0,2,0,4,0,0,3,0,1,2,0,0,0,0,1,0,-9,0,0,1,0,2,0,1,0,2,1,0,0,1,1,0,0,1,1,0,0,1,0,0,1,0,3
4001,49,2,0.170662924,0,98040,0,1,0,4,0,0,0,1,0,2,2,3,1,4,2,5,1,3,5,4,3,1,1,2,3,2,2,4,0.240999434,0.632344922,0.225869149,1,0,0,0,1,1,1,1,0,1,2,0,3,0,1,2,1,0,1,0,0,0,1,0,0,1,1,0,1,0,2,0,1,0,2,0,0,1,3,1,0,0,1,1,0,0,1,0,0,1,0,3
4004,49,2,0.100837305,0,98053,0,1,0,3,0,0,1,0,0,2,3,1,5,2,2,2,3,4,4,2,2,2,2,2,3,2,2,1,1.434678714,-0.829068103,-0.540712885,1,0,0,0,1,0,0,1,0,0,2,0,4,0,1,2,0,1,2,0,0,0,1,0,0,-9,0,1,0,0,1,1,0,0,1,0,1,0,2,0,0,1,3,1,0,0,1,1,0,0,0,1
4013,49,4,0.003963447,0,98270,0,1,0,4,0,0,0,1,0,4,5,4,1,2,5,5,4,4,5,5,1,2,1,1,1,3,3,3,-1.369322968,0.524025824,0.139161548,1,1,0,0,2,0,0,0,0,0,2,0,5,1,0,1,0,0,3,0,1,0,0,0,0,1,1,0,1,0,2,0,1,0,2,1,0,0,1,1,0,0,1,1,0,0,1,0,0,1,0,3
4018,49,2,0.014319858,0,98118,0,1,0,4,0,0,0,1,0,2,5,4,3,4,5,4,5,4,5,4,1,3,2,2,2,2,1,2,-0.047889036,0.845527926,0.113342362,0,0,1,0,3,0,1,1,0,0,2,0,4,0,1,2,0,0,3,1,0,0,0,0,0,-9,0,0,0,1,3,0,1,0,2,1,0,0,1,1,0,0,1,0,0,1,3,0,0,0,1,4
4022,49,2,0.054260973,0,98294,0,1,0,3,0,0,1,0,0,3,5,4,2,5,3,4,4,5,5,5,3,2,1,2,3,2,2,2,-0.389523655,-0.293360827,0.247022797,1,0,1,0,3,0,0,1,0,0,2,0,4,0,0,3,0,0,3,1,0,0,0,1,0,-9,0,1,0,0,1,1,0,0,1,1,0,0,1,1,0,0,1,1,0,0,1,1,0,0,0,1
4041,49,2,0.349494172,0,98032,1,0,0,1,1,0,0,0,0,2,3,1,4,4,2,2,2,4,4,4,2,2,1,2,2,3,3,3,-0.936954639,0.377790921,0.142908318,1,1,0,0,2,1,1,0,0,1,2,0,3,0,0,3,0,1,2,0,0,0,0,0,0,-9,0,0,0,1,3,0,0,1,3,0,0,1,3,0,1,0,2,0,1,0,2,0,0,0,1,4
4043,49,2,0.074091074,0,98372,0,1,0,1,1,0,0,0,0,1,6,1,5,1,1,1,1,2,5,3,2,2,2,2,2,4,3,4,0.530890246,-0.995663631,-0.056633857,1,0,0,1,4,0,0,1,0,0,2,0,4,0,0,0,0,1,2,0,0,0,1,0,0,-9,0,0,1,0,2,0,0,1,3,0,0,1,3,0,1,0,2,0,1,0,2,0,1,0,0,2
4060,49,4,0.060158636,0,98370,0,1,0,2,0,1,0,0,0,2,2,1,4,3,2,2,2,3,3,2,2,1,2,2,2,3,2,3,-0.252207761,0.396501023,0.516404831,1,0,1,0,3,1,1,1,0,0,2,0,4,0,0,3,0,1,2,0,0,0,0,1,0,-9,0,1,0,0,1,1,0,0,1,1,0,0,1,0,1,0,2,0,1,0,2,0,1,0,0,2
4062,49,2,0.062105066,0,98188,1,0,0,2,0,1,0,0,0,1,4,2,3,2,3,3,1,4,5,4,2,1,3,3,3,3,3,3,-1.064080842,0.561619034,0.516253649,0,0,0,0,1,0,0,0,1,0,2,0,2,0,1,2,0,0,3,1,0,1,1,0,0,1,1,0,0,1,3,0,0,1,3,0,0,1,3,0,0,1,3,0,0,1,3,0,0,1,0,3
4063,49,2,0.476384983,0,98103,1,0,0,5,0,0,0,0,1,2,4,5,1,2,4,1,3,4,5,3,2,2,3,2,2,2,2,3,-1.169896134,0.041418588,-2.214214793,0,0,0,0,1,1,1,1,0,0,2,0,4,0,0,3,0,1,2,0,0,0,0,1,0,1,1,0,0,1,3,0,0,1,3,1,0,0,1,0,0,1,3,1,0,0,1,0,0,0,1,4
4071,49,4,0.037530664,0,98103,1,0,0,1,1,0,0,0,0,1,1,0,3,4,1,4,1,4,4,3,2,1,1,2,3,3,1,3,-0.822696633,0.581306275,0.100235295,0,0,0,1,4,0,1,1,0,0,2,0,4,0,1,2,0,1,2,0,0,0,0,1,0,-9,0,0,0,1,3,0,0,1,3,1,0,0,1,0,0,1,3,1,0,0,1,0,0,0,1,4
4073,49,1,0.01154107,0,98311,0,1,0,2,0,1,0,0,0,2,5,3,3,1,3,3,4,5,5,5,2,1,1,1,3,3,2,2,0.1569851,-0.241457162,-0.024681975,1,1,0,0,2,0,0,1,0,0,2,0,4,1,0,1,0,0,3,1,0,0,1,0,0,0,0,0,1,0,2,1,0,0,1,1,0,0,1,1,0,0,1,1,0,0,1,0,1,0,0,2
4074,49,2,0.041409622,0,98011,0,1,0,3,0,0,1,0,0,1,5,5,4,5,3,3,3,4,5,5,1,1,3,2,1,2,2,2,-0.461916645,1.045455714,0.524101503,0,1,0,0,2,1,1,1,0,0,2,0,4,0,0,3,0,0,3,1,0,0,0,1,0,-9,0,0,1,0,2,0,0,1,3,0,0,1,3,0,1,0,2,1,0,0,1,0,0,1,0,3
4085,49,2,0.025647794,0,98118,0,1,0,2,0,1,0,0,0,2,2,0,3,4,2,3,4,5,5,5,3,1,1,3,3,2,2,2,0.89935706,0.204807797,0.215945135,0,1,0,0,2,0,1,1,0,0,2,0,4,0,0,3,0,0,3,1,0,0,1,1,0,-9,0,0,0,1,3,0,1,0,2,1,0,0,1,1,0,0,1,0,0,1,3,0,0,0,1,4
4092,49,2,0.014752572,0,98101,1,0,0,4,0,0,0,1,0,3,3,5,2,3,5,5,5,5,5,5,3,1,3,3,3,2,2,2,1.012991249,1.201579449,0.046554603,0,0,0,0,1,1,1,1,0,0,2,0,4,0,1,2,0,0,3,1,0,0,0,0,0,-9,0,0,0,1,3,0,0,1,3,0,0,1,3,0,0,1,3,0,0,1,3,0,0,0,1,4
4096,49,2,0.020751407,0,98119,1,0,0,5,0,0,0,0,1,1,5,5,5,5,5,5,5,5,5,5,2,3,3,3,2,2,3,2,0.3853751,1.463296544,1.288103086,0,1,0,0,2,1,1,1,0,0,2,0,4,0,0,3,0,0,3,1,0,1,1,0,0,1,1,0,0,1,3,0,0,1,3,1,0,0,1,0,0,1,3,1,0,0,1,0,0,0,1,4
4098,49,2,0.026250428,0,98059,0,1,0,4,0,0,0,1,0,4,1,4,4,5,4,5,5,5,5,5,3,1,3,3,3,2,2,2,0.938966653,1.387339522,1.124297984,1,1,0,0,2,0,1,1,0,0,2,0,4,0,0,3,0,0,3,1,0,0,1,1,0,1,1,0,1,0,2,0,1,0,2,1,0,0,1,0,0,1,3,1,0,0,1,0,0,1,0,3
4099,49,2,0.005204838,0,98126,0,1,0,4,0,0,0,1,0,1,5,4,4,3,4,5,3,4,5,4,2,2,2,2,3,2,2,2,0.365552286,1.301146636,1.062709416,0,1,0,0,2,0,1,1,0,0,2,0,4,0,1,2,0,0,3,1,0,1,0,0,0,-9,0,0,0,1,3,0,1,0,2,0,1,0,2,1,0,0,1,0,1,0,2,0,0,0,1,4
4100,49,2,0.127644718,0,98312,0,1,0,4,0,0,0,1,0,1,4,3,3,4,2,4,4,4,4,5,2,2,2,3,3,3,2,2,0.485385248,0.928271722,0.133858235,0,0,0,0,1,1,1,0,1,0,1,1,1,0,0,3,0,0,3,1,0,0,0,1,0,-9,0,0,1,0,2,0,1,0,2,0,0,1,3,1,0,0,1,1,0,0,1,0,0,1,0,3
4105,49,4,0.210496197,0,98258,0,1,0,1,1,0,0,0,0,2,4,2,4,4,1,1,1,3,2,2,2,1,1,1,3,3,3,2,-0.394714236,0.906203823,1.137320867,0,0,0,1,4,0,1,1,0,0,2,0,4,0,0,3,0,1,2,0,0,0,0,1,0,-9,0,0,1,0,2,1,0,0,1,1,0,0,1,1,0,0,1,0,1,0,2,0,1,0,0,2
4119,49,2,0.210720761,0,19103,1,0,0,3,0,0,1,0,0,3,4,3,1,3,5,4,4,5,5,5,3,1,3,1,3,1,2,2,0.577543271,1.325683084,1.084468203,0,1,0,0,2,0,1,1,0,0,2,0,4,0,0,3,0,0,3,1,0,0,1,1,0,1,1,0,0,1,3,0,0,1,3,0,0,1,3,0,0,1,3,0,0,1,3,0,0,0,1,4
4124,49,4,0.018500261,0,98037,1,0,0,1,1,0,0,0,0,1,1,0,3,3,3,3,3,3,3,3,2,1,2,2,3,4,2,4,0.14678732,0.32387653,-0.79415034,1,0,0,1,4,0,0,1,0,0,2,0,4,0,1,2,0,0,3,0,0,0,0,1,0,-9,0,0,0,1,3,0,1,0,2,0,1,0,2,0,1,0,2,1,0,0,1,0,0,1,0,3
4132,49,4,0.065542553,0,98038,0,1,0,3,0,0,1,0,0,3,4,3,2,5,1,1,1,4,2,4,2,1,2,2,2,4,3,4,0.073536135,0.073012722,-0.167667445,1,0,0,1,4,0,0,1,0,0,2,0,4,0,0,3,0,1,2,0,0,0,0,1,0,-9,0,0,1,0,2,1,0,0,1,1,0,0,1,1,0,0,1,1,0,0,1,0,1,0,0,2
4134,49,2,0.053524276,0,98188,1,0,0,3,0,0,1,0,0,2,2,3,3,5,4,5,3,5,5,5,3,1,3,3,3,3,3,3,1.206106812,1.206267141,-0.826876903,0,1,0,0,2,0,1,1,0,0,2,0,4,0,0,3,0,0,3,1,0,0,0,0,0,-9,0,0,0,1,3,0,0,1,3,0,0,1,3,0,0,1,3,0,0,1,3,0,0,1,0,3
4135,49,3,0.105524145,0,98199,1,0,0,3,0,0,1,0,0,1,4,3,3,4,2,2,2,4,4,4,3,1,2,2,3,3,2,2,0.079545944,0.530484734,0.24074685,1,0,0,0,1,0,1,1,1,0,2,0,2,1,0,1,1,0,1,0,0,0,0,0,0,-9,0,0,0,1,3,0,0,1,3,1,0,0,1,0,1,0,2,1,0,0,1,0,0,0,1,4
4142,49,2,0.011797898,0,98444,0,1,0,2,0,1,0,0,0,2,4,2,2,2,1,2,1,4,5,4,2,2,2,2,2,4,2,3,-0.963525033,0.382428486,0.490133499,1,0,1,0,3,0,0,0,1,0,2,0,2,1,0,1,0,0,3,0,1,0,1,0,0,-9,0,0,0,1,3,0,1,0,2,0,0,1,3,0,1,0,2,0,1,0,2,0,0,0,1,4
4143,49,4,0.005458916,0,98014,0,1,0,3,0,0,1,0,0,3,5,5,2,4,4,4,4,5,5,5,2,1,1,1,2,2,2,2,0.913744683,-0.316516415,0.696140856,1,0,1,0,3,0,0,1,0,0,2,0,4,1,0,1,0,0,3,0,1,0,0,1,0,-9,0,1,0,0,1,1,0,0,1,1,0,0,1,1,0,0,1,1,0,0,1,1,0,0,0,1
4155,49,4,0.033793756,0,98499,0,1,0,2,0,1,0,0,0,1,6,2,4,4,2,2,2,5,5,3,2,1,1,1,3,1,2,4,0.180467989,0.187370756,-2.035612889,1,0,0,0,1,0,0,1,0,0,2,0,4,0,1,2,0,1,2,0,1,0,0,0,0,-9,0,0,1,0,2,0,0,1,3,0,0,1,3,0,0,1,3,0,1,0,2,0,0,0,1,4
4170,49,4,0.05192134,0,98374,0,1,0,3,0,0,1,0,0,2,5,1,4,4,2,4,4,4,4,4,2,3,3,3,3,3,2,3,-0.324229547,0.299891742,-1.894912394,0,0,0,1,4,0,0,1,0,0,2,0,4,0,1,2,0,1,2,0,0,0,0,1,0,1,1,0,1,0,2,0,1,0,2,1,0,0,1,1,0,0,1,1,0,0,1,1,0,0,0,1
4173,49,2,0.026763289,0,98290,0,1,0,2,0,1,0,0,0,3,4,3,2,5,2,2,2,5,5,3,2,1,1,2,3,4,4,4,0.521391232,-0.603054514,-0.180168858,0,0,0,1,4,0,1,1,0,0,2,0,4,1,0,1,1,0,1,0,0,0,0,0,0,0,0,1,0,0,1,0,1,0,2,1,0,0,1,1,0,0,1,0,1,0,2,1,0,0,0,1
4178,49,2,0.040876423,0,98444,0,1,0,2,0,1,0,0,0,2,4,3,1,1,1,1,5,5,5,5,2,3,1,3,1,2,2,2,0.900970883,-0.289338339,0.724989926,0,1,0,0,2,0,0,0,1,0,2,0,2,0,1,2,0,0,3,0,0,0,1,0,0,-9,0,0,0,1,3,0,1,0,2,0,0,1,3,0,1,0,2,0,1,0,2,0,0,0,1,4
4187,49,2,0.019491298,0,98059,0,1,0,4,0,0,0,1,0,3,3,2,2,3,5,3,3,4,2,2,2,3,3,2,2,3,2,3,0.528584941,0.35368951,0.675026453,0,1,0,0,2,0,1,1,0,0,2,0,4,0,0,3,0,0,3,1,0,0,1,1,0,-9,0,0,1,0,2,0,1,0,2,1,0,0,1,0,0,1,3,1,0,0,1,0,0,1,0,3
4192,49,2,0.616886919,0,98466,0,1,0,1,1,0,0,0,0,1,3,3,4,4,3,5,5,5,5,4,3,2,2,2,3,3,2,2,0.19530811,-0.489577936,0.921240133,1,0,1,0,3,0,0,1,0,0,2,0,4,0,0,3,1,0,1,0,0,0,0,1,0,-9,0,0,1,0,2,0,1,0,2,1,0,0,1,1,0,0,1,1,0,0,1,0,0,0,1,4
4193,49,2,0.066153567,0,98106,0,1,0,4,0,0,0,1,0,2,5,5,5,5,4,5,5,3,5,5,1,2,2,3,1,2,3,2,1.30243342,1.087579039,0.92788432,0,1,0,0,2,0,1,1,0,0,2,0,4,0,0,3,0,0,3,1,0,0,0,1,0,1,1,0,0,1,3,0,1,0,2,1,0,0,1,1,0,0,1,0,1,0,2,0,0,0,1,4
4197,49,2,0.019491298,0,98118,0,1,0,2,0,1,0,0,0,3,4,3,4,4,3,2,2,5,5,5,3,1,1,3,3,2,3,2,0.666642415,0.830716345,1.211498645,0,1,0,0,2,0,1,1,0,0,2,0,4,0,0,3,0,0,3,1,0,0,0,1,0,-9,0,0,0,1,3,0,1,0,2,1,0,0,1,1,0,0,1,0,0,1,3,0,0,0,1,4
4199,49,4,0.040492058,0,98136,0,1,0,3,0,0,1,0,0,1,3,4,4,2,5,3,5,4,4,3,2,3,2,3,1,2,3,3,0.075394104,0.795743737,-0.22222084,0,1,0,0,2,0,1,1,0,0,2,0,4,0,0,3,0,0,3,1,0,0,0,1,0,1,1,0,0,1,3,1,0,0,1,1,0,0,1,1,0,0,1,0,1,0,2,0,0,1,0,3
4203,49,2,0.030196013,0,98102,1,0,0,4,0,0,0,1,0,1,2,3,5,4,4,4,3,4,4,3,2,3,3,2,2,3,2,3,0.481033004,1.026812139,0.68106784,0,0,1,0,3,0,1,1,0,0,2,0,4,0,0,3,0,0,3,1,0,1,0,1,0,1,1,0,0,1,3,0,0,1,3,0,0,1,3,0,0,1,3,0,0,1,3,0,0,0,1,4
4214,49,2,0.066153567,0,98093,1,0,0,4,0,0,0,1,0,2,5,5,3,4,3,3,4,4,3,5,3,2,3,1,3,3,2,3,1.148137895,1.2322915,0.428268015,0,1,0,0,2,0,1,1,0,0,2,0,4,0,0,3,0,0,3,1,0,0,0,1,0,-9,0,0,0,0,0,0,0,0,0,0,0,0,0,0,0,0,0,0,0,0,0,0,0,0,0,0
4219,49,1,0.029159898,0,98125,1,0,0,2,0,1,0,0,0,1,1,0,5,5,3,4,2,5,5,5,2,2,3,3,3,2,2,2,0.317117637,0.619703539,-0.231373003,0,0,0,0,1,0,0,0,0,0,1,1,1,1,0,1,0,0,3,1,0,0,0,0,0,-9,0,0,0,1,3,0,0,1,3,0,1,0,2,0,0,1,3,1,0,0,1,0,0,0,1,4
4223,49,2,0.018976628,0,98070,0,1,0,1,1,0,0,0,0,1,5,4,2,4,5,5,5,5,5,5,3,1,3,1,3,2,2,2,0.138054157,0.844769949,0.088794737,1,1,0,0,2,0,1,1,0,0,2,0,4,0,0,3,0,0,3,1,0,0,1,1,0,-9,0,1,0,0,1,1,0,0,1,1,0,0,1,0,1,0,2,0,1,0,2,1,0,0,0,1
4228,49,4,0.038740995,0,98072,0,1,0,1,1,0,0,0,0,2,2,2,4,4,4,3,4,4,4,4,2,2,2,2,2,3,3,3,-0.823011895,1.281787684,-0.417798464,0,1,0,0,2,0,0,0,1,0,2,0,2,1,0,1,1,0,1,0,0,0,0,0,0,-9,0,1,0,0,1,0,1,0,2,0,1,0,2,0,0,1,3,1,0,0,1,0,1,0,0,2
4234,49,4,0.007178185,0,98032,1,0,0,3,0,0,1,0,0,4,4,3,3,5,2,1,4,4,5,4,3,1,1,1,3,1,2,1,-2.145527427,-1.491810658,1.72473345,1,1,0,0,2,0,0,1,0,0,2,0,4,1,0,1,0,0,3,1,1,0,0,1,0,-9,0,0,0,1,3,0,0,1,3,0,0,1,3,0,1,0,2,0,1,0,2,0,0,0,1,4
4237,45,2,16.68291594,1,76011,1,0,0,3,0,0,1,0,0,3,6,3,1,5,2,2,5,5,5,5,3,1,1,1,3,3,2,2,0.873790169,0.003885757,0.21951487,0,1,0,0,2,1,1,0,1,0,2,0,2,0,0,3,1,0,1,0,0,0,1,0,0,-9,0,0,1,0,2,0,0,1,3,0,0,1,3,0,0,1,3,1,0,0,1,0,1,0,0,2
4242,49,2,0.005350542,0,98003,1,0,0,4,0,0,0,1,0,2,4,4,5,4,4,5,4,4,5,4,2,3,2,2,3,3,2,3,-0.329426303,0.562205854,-0.414676609,0,0,1,0,3,0,1,1,0,0,2,0,4,1,0,1,0,0,3,1,0,1,0,0,0,-9,0,0,0,1,3,0,0,1,3,0,0,1,3,0,1,0,2,1,0,0,1,0,0,0,1,4
4250,49,2,0.04067631,0,98118,0,1,0,5,0,0,0,0,1,1,5,5,5,5,5,5,5,4,5,5,3,3,3,2,3,2,2,3,1.038791798,1.362870759,0.984685311,0,1,0,0,2,0,1,1,0,0,2,0,4,0,0,3,0,0,3,1,1,0,0,0,0,-9,0,0,0,1,3,0,1,0,2,1,0,0,1,1,0,0,1,0,0,1,3,0,0,0,1,4
4256,49,4,0.007167255,0,98020,0,1,0,1,1,0,0,0,0,2,5,1,4,2,1,1,1,4,4,2,2,2,2,2,2,3,2,4,-0.495097814,0.140416169,0.350680369,0,1,0,0,2,1,1,1,0,0,2,0,4,0,1,2,0,0,3,1,0,0,0,1,0,-9,0,0,1,0,2,1,0,0,1,1,0,0,1,0,1,0,2,0,1,0,2,0,0,1,0,3
4260,49,2,0.211754227,0,98391,0,1,0,2,0,1,0,0,0,2,6,3,3,5,3,4,4,5,5,4,3,1,3,2,3,2,2,2,0.317138186,-0.658622152,1.507826094,0,0,0,0,1,0,0,1,0,0,2,0,4,0,0,3,0,0,3,1,0,0,1,1,0,-9,0,1,0,0,1,1,0,0,1,1,0,0,1,1,0,0,1,1,0,0,1,1,0,0,0,1
4261,49,2,0.037907222,0,98252,0,1,0,2,0,1,0,0,0,3,2,1,3,3,4,4,4,4,5,4,1,3,1,1,1,2,2,2,0.71704571,0.840875979,-0.519045706,0,1,0,0,2,0,1,1,0,0,1,1,1,0,0,3,0,0,3,1,0,0,0,1,0,1,1,1,0,0,1,1,0,0,1,1,0,0,1,0,0,1,3,1,0,0,1,0,1,0,0,2
4269,39,2,4.448617718,0,19462,0,1,0,3,0,0,1,0,0,2,3,3,2,4,4,3,2,3,5,4,3,1,1,3,2,1,1,2,0.583928307,1.075509417,0.28572261,0,1,0,0,2,0,1,1,0,0,2,0,4,0,0,3,0,0,3,1,0,0,1,0,0,-9,0,0,1,0,2,0,0,1,3,0,0,1,3,0,0,1,3,1,0,0,1,0,0,1,0,3
4272,49,1,0.094931248,0,98108,1,0,0,4,0,0,0,1,0,2,5,3,4,4,4,5,5,5,4,5,3,3,1,1,3,2,3,2,0.623380683,1.358373619,0.692449085,0,0,0,0,1,1,1,1,0,0,2,0,4,0,0,3,0,0,3,1,0,0,0,0,0,-9,0,0,0,1,3,0,0,1,3,0,0,1,3,0,1,0,2,0,0,1,3,0,0,0,1,4
4274,33,2,0.076577494,0,98104,1,0,0,5,0,0,0,0,1,5,5,5,1,5,4,3,3,3,4,2,3,1,2,2,1,1,3,1,-0.046459424,0.894643999,-1.7203411,0,0,0,0,1,0,0,0,0,0,2,0,5,0,0,3,0,0,3,1,0,0,1,1,0,-9,0,0,0,1,3,0,0,1,3,0,0,1,3,0,0,1,3,0,0,1,3,0,0,0,1,4
4284,49,2,0.025647794,0,98106,0,1,0,2,0,1,0,0,0,3,4,4,1,1,5,5,5,5,5,5,1,1,3,3,3,2,2,2,1.107467284,1.334233872,0.669267485,0,1,0,0,2,0,1,1,0,0,2,0,4,0,0,3,0,0,3,1,0,0,1,1,0,-9,0,0,0,1,3,0,1,0,2,1,0,0,1,1,0,0,1,0,1,0,2,0,0,0,1,4
4287,51,2,0.08431398,0,98125,1,0,0,3,0,0,1,0,0,2,4,4,3,4,3,4,3,4,2,3,1,3,2,3,3,2,2,3,-0.426653379,0.87528334,-0.730157052,0,0,1,0,3,0,1,1,0,0,2,0,4,0,0,3,0,0,3,1,0,1,0,1,0,1,1,0,0,1,3,0,0,1,3,0,1,0,2,0,0,1,3,1,0,0,1,0,0,0,1,4
4294,49,2,0.007076178,0,98439,0,1,0,1,1,0,0,0,0,3,4,4,4,4,1,4,1,5,5,5,3,2,3,3,3,3,2,2,0.727861158,1.354074346,0.966979397,1,1,0,0,2,0,0,1,0,0,2,0,4,0,1,2,0,0,3,1,0,0,0,0,0,-9,0,0,1,0,2,1,0,0,1,1,0,0,1,1,0,0,1,0,1,0,2,0,0,1,0,3
4295,49,2,0.033914534,0,98101,1,0,0,3,0,0,1,0,0,3,4,4,2,1,5,5,3,5,4,4,1,2,3,2,1,3,2,3,-0.125680356,0.896520704,-0.354055095,1,1,0,0,2,0,0,1,0,0,2,0,4,0,1,2,0,0,3,1,0,1,0,1,0,1,1,0,0,1,3,0,0,1,3,0,0,1,3,0,0,1,3,0,0,1,3,0,0,0,1,4
4296,49,2,0.050274066,0,98198,1,0,0,3,0,0,1,0,0,2,6,5,2,5,4,5,3,4,4,4,2,2,2,2,3,2,2,2,0.14623458,1.355241749,0.203607879,0,1,0,0,2,0,1,1,0,0,2,0,4,0,0,3,0,0,3,1,0,0,0,1,0,-9,0,0,0,1,3,0,1,0,2,0,1,0,2,0,1,0,2,0,1,0,2,0,0,1,0,3
4302,49,2,0.702181432,0,98004,0,1,0,4,0,0,0,1,0,2,5,4,4,4,4,4,3,4,5,5,2,2,3,3,2,3,2,3,0.013232083,0.193593396,-0.241362242,0,0,0,0,1,0,0,1,0,0,1,1,1,0,0,3,1,0,1,0,1,0,0,1,0,-9,0,0,1,0,2,0,0,1,3,0,0,1,3,0,0,1,3,1,0,0,1,0,0,0,1,4
4304,49,2,0.038193181,0,98003,1,0,0,4,0,0,0,1,0,3,5,4,2,4,3,2,1,5,5,5,3,1,3,2,3,3,2,2,0.480148807,1.134119083,1.021874669,0,1,0,0,2,1,1,1,0,0,2,0,4,0,1,2,0,1,2,0,0,0,0,1,0,-9,0,0,0,1,3,0,0,1,3,0,0,1,3,0,1,0,2,1,0,0,1,0,0,0,1,4
4311,49,3,0.233035571,0,98062,0,1,0,2,0,1,0,0,0,2,3,4,3,3,3,3,3,3,3,3,1,3,2,2,3,2,3,2,-0.849085224,0.243209007,-1.040977825,0,0,0,0,1,1,1,1,0,0,1,1,1,0,0,3,0,1,2,0,0,0,0,0,0,-9,0,0,0,0,0,0,0,0,0,0,0,0,0,0,0,0,0,0,0,0,0,0,0,0,0,0
4312,49,2,0.036267672,0,98178,0,1,0,5,0,0,0,0,1,1,5,4,4,5,4,4,5,4,4,5,2,3,2,3,3,2,3,2,0.30880811,1.408693112,0.329844408,0,1,0,0,2,0,1,1,0,0,2,0,4,0,0,3,0,0,3,1,0,1,0,0,0,-9,0,0,1,0,2,0,0,1,3,0,0,1,3,1,0,0,1,0,1,0,2,0,0,0,1,4
4315,49,2,0.025116524,0,98122,1,0,0,1,1,0,0,0,0,1,2,1,3,4,4,3,4,4,4,3,2,2,2,2,2,4,4,4,-0.444741651,-0.940755489,-0.261499652,1,1,0,0,2,0,1,1,0,0,2,0,4,0,1,2,0,1,2,0,0,0,0,0,0,1,1,0,0,1,3,0,0,1,3,1,0,0,1,0,0,1,3,0,0,1,3,0,0,0,1,4
4318,49,1,0.069213684,0,98101,1,0,0,5,0,0,0,0,1,1,5,5,5,5,5,5,5,5,5,5,3,1,3,1,3,2,2,2,0.984548793,1.393782222,1.217152987,1,1,0,0,2,1,1,1,0,0,2,0,4,0,0,3,0,0,3,1,1,1,0,0,0,1,1,0,0,1,3,0,0,1,3,0,0,1,3,0,0,1,3,0,0,1,3,0,0,0,1,4
4323,15,2,3.693935394,0,46220,0,1,0,5,0,0,0,0,1,5,6,3,1,1,3,5,3,3,3,3,1,2,2,2,1,2,3,3,-0.649111657,0.007720194,-0.834585256,1,1,0,0,2,1,1,1,0,0,2,0,4,0,0,3,0,1,2,0,0,0,0,1,0,1,1,0,1,0,2,0,0,1,3,0,1,0,2,0,1,0,2,1,0,0,1,0,0,1,0,3
4327,47,2,0.491811861,0,5033,0,0,1,2,0,1,0,0,0,1,4,1,4,3,2,1,2,4,3,3,2,1,2,2,3,3,3,3,0.144227908,-1.646390853,0.190477681,0,1,0,0,2,0,0,1,0,0,2,0,4,1,0,1,1,0,1,0,0,0,0,0,0,1,1,1,0,0,1,1,0,0,1,0,1,0,2,0,0,1,3,1,0,0,1,0,1,0,0,2
4331,14,2,1.036126274,0,60060,0,1,0,1,1,0,0,0,0,1,1,1,5,4,3,2,1,3,4,4,3,2,2,2,2,3,3,3,0.981396122,1.136280921,0.806862049,0,0,1,0,3,0,0,1,0,0,2,0,4,0,1,2,0,1,2,0,0,0,1,1,0,1,1,0,1,0,2,0,1,0,2,1,0,0,1,0,1,0,2,0,1,0,2,0,1,0,0,2
4332,45,2,1.233582339,1,77021,0,1,0,2,0,1,0,0,0,2,5,3,3,3,3,3,3,4,3,3,2,2,1,3,2,3,2,3,-0.783084603,0.022211223,0.29320468,0,1,0,0,2,1,1,1,0,0,2,0,4,0,1,2,0,1,2,0,0,0,0,1,0,-9,0,0,1,0,2,0,1,0,2,0,1,0,2,0,1,0,2,1,0,0,1,0,0,0,1,4
4334,45,2,9.168629641,0,78415,0,1,0,5,0,0,0,0,1,4,5,1,5,5,4,4,5,5,5,4,3,3,3,3,1,2,2,2,-0.28846576,0.979945192,-2.173998095,0,1,0,0,2,0,0,1,0,0,1,1,1,0,0,3,0,1,2,1,0,1,0,0,0,-9,0,0,0,1,3,0,1,0,2,0,0,1,3,0,1,0,2,1,0,0,1,0,0,0,1,4
4335,45,2,1.114318946,1,75287,1,0,0,3,0,0,1,0,0,1,2,3,5,4,5,5,3,4,4,5,3,1,1,2,3,3,3,3,0.160939974,1.207167599,1.068887733,0,1,0,0,2,1,1,1,0,0,1,1,1,1,0,1,0,0,3,1,0,0,0,1,0,1,1,0,0,1,3,0,1,0,2,0,0,1,3,1,0,0,1,1,0,0,1,0,0,1,0,3
4340,45,4,2.611778201,1,79934,0,1,0,2,0,1,0,0,0,3,2,3,1,4,4,4,2,4,4,4,2,1,1,1,3,3,2,3,0.091069949,0.630599647,-0.404563055,1,1,0,0,2,0,0,1,0,0,1,1,1,0,1,2,0,0,3,1,0,0,0,1,0,-9,0,0,1,0,2,1,0,0,1,0,0,1,3,1,0,0,1,1,0,0,1,0,1,0,0,2
4345,48,2,0.614799931,0,24301,0,1,0,4,0,0,0,1,0,2,5,5,5,5,5,5,5,5,5,5,2,2,2,2,2,3,3,3,0.049534013,0.763759429,0.221708061,1,0,0,0,1,0,0,1,0,0,2,0,4,0,1,2,0,0,3,1,0,0,0,0,0,-9,0,1,0,0,1,1,0,0,1,1,0,0,1,0,1,0,2,1,0,0,1,1,0,0,0,1
4351,33,2,0.394123066,0,13787,0,0,1,2,0,1,0,0,0,1,5,1,3,3,1,1,1,4,5,1,2,2,2,2,2,4,2,3,-0.221020707,-1.124613803,-0.305313383,1,0,1,0,3,0,0,1,0,0,2,0,4,1,0,1,1,0,1,0,0,0,1,1,0,1,1,1,0,0,1,1,0,0,1,0,1,0,2,1,0,0,1,1,0,0,1,1,0,0,0,1
4352,10,2,0.337460207,0,33936,0,1,0,3,0,0,1,0,0,4,5,3,1,5,3,3,3,5,5,3,2,1,2,2,3,3,2,3,-1.030552545,0.827254605,-0.483077495,1,1,0,0,2,0,0,1,0,0,2,0,4,1,0,1,0,0,3,1,0,0,0,1,0,1,1,0,1,0,2,1,0,0,1,1,0,0,1,1,0,0,1,1,0,0,1,0,0,1,0,3
4355,34,2,0.819612708,0,27978,0,0,1,2,0,1,0,0,0,2,4,3,5,4,1,1,1,1,3,3,2,2,2,2,2,4,3,4,0.589671404,-0.865206725,-0.582259476,1,1,0,0,2,1,1,1,0,0,2,0,4,0,1,2,0,0,3,1,0,0,0,1,0,-9,0,1,0,0,1,1,0,0,1,1,0,0,1,1,0,0,1,1,0,0,1,1,0,0,0,1
4359,22,2,0.953053127,0,1832,0,1,0,3,0,0,1,0,0,2,4,3,2,3,4,4,5,5,4,4,2,3,1,1,3,2,2,1,-1.188939854,0.680420384,-0.273328249,0,1,0,0,2,0,0,1,0,0,2,0,4,0,1,2,0,1,2,1,0,0,0,0,0,-9,0,0,0,1,3,0,1,0,2,0,1,0,2,0,1,0,2,0,0,1,3,0,0,1,0,3
4361,33,2,1.196745862,0,13037,0,1,0,2,0,1,0,0,0,3,3,4,3,3,3,3,3,3,3,3,2,2,2,2,2,4,4,4,0.25628811,0.31516232,-0.075655934,0,1,0,0,2,0,1,1,0,0,2,0,4,0,0,3,0,0,3,1,0,0,0,1,0,-9,0,1,0,0,1,1,0,0,1,0,1,0,2,0,0,1,3,1,0,0,1,1,0,0,0,1
4368,48,2,1.831762606,0,23605,0,1,0,2,0,1,0,0,0,3,5,4,4,4,2,4,3,4,5,1,2,2,2,2,3,4,4,4,-2.367583213,-0.107004937,0.45647487,1,1,0,0,2,1,1,1,0,0,2,0,4,0,1,2,0,0,3,1,0,0,1,1,0,-9,0,0,1,0,2,0,1,0,2,0,0,1,3,1,0,0,1,1,0,0,1,0,0,1,0,3
4374,10,2,3.924737066,1,33704,0,1,0,1,1,0,0,0,0,1,5,3,4,2,1,1,5,4,5,3,2,2,2,2,2,4,4,4,-0.773932344,0.424115337,-1.121768236,1,0,1,0,3,1,1,1,0,0,2,0,4,0,0,3,0,1,2,0,0,0,1,1,0,1,1,0,1,0,2,0,1,0,2,1,0,0,1,0,0,1,3,1,0,0,1,0,0,0,1,4
4378,18,2,0.731957827,0,40272,0,1,0,1,1,0,0,0,0,1,3,0,3,3,3,3,3,3,3,3,2,2,2,2,2,4,4,4,-1.814620451,-1.51708645,-2.147933261,0,1,0,0,2,1,1,1,0,0,2,0,4,1,0,1,1,0,1,0,1,0,1,1,0,-9,0,1,0,0,1,1,0,0,1,0,1,0,2,0,0,1,3,1,0,0,1,0,1,0,0,2
4389,19,2,0.610824044,0,70615,0,1,0,2,0,1,0,0,0,3,5,2,4,5,2,2,1,5,4,5,2,2,1,2,3,4,3,4,-0.04762429,-0.832729021,1.028067476,1,1,0,0,2,0,0,1,0,0,2,0,4,1,0,1,0,1,2,0,0,0,1,1,1,-9,0,1,0,0,1,1,0,0,1,0,0,1,3,0,0,1,3,1,0,0,1,1,0,0,0,1
4397,31,2,0.280066474,0,8742,0,1,0,3,0,0,1,0,0,2,5,3,2,5,3,2,4,5,5,4,3,1,3,2,3,1,2,2,0.293639404,-0.150515696,0.17666062,0,0,1,0,3,0,1,1,0,0,2,0,4,0,1,2,1,0,1,0,0,0,1,0,0,1,1,0,1,0,2,0,1,0,2,1,0,0,1,0,0,1,3,0,1,0,2,0,0,0,1,4
4402,45,2,0.630557655,1,75024,1,0,0,1,1,0,0,0,0,3,4,3,2,4,4,4,4,4,4,4,2,2,2,2,2,3,3,3,-0.322675501,0.627230424,-0.116509956,1,1,0,0,2,0,1,0,0,1,2,0,3,1,0,1,0,1,2,1,0,0,0,0,0,-9,0,0,0,1,3,0,0,1,3,0,0,1,3,0,0,1,3,1,0,0,1,0,1,0,0,2
4404,21,4,0.28066234,0,21214,0,1,0,2,0,1,0,0,0,4,4,3,3,3,3,3,3,4,4,4,1,1,3,2,3,1,2,3,-0.997144994,0.390033409,-0.803272487,1,1,0,0,2,0,0,1,0,0,2,0,4,1,0,1,0,1,2,0,0,0,0,0,0,-9,0,0,0,1,3,0,1,0,2,0,1,0,2,0,1,0,2,1,0,0,1,0,0,1,0,3
4406,33,2,1.375051002,0,10704,1,0,0,4,0,0,0,1,0,3,5,3,4,5,5,4,3,5,3,5,3,3,3,3,3,2,2,2,0.520358096,1.345132476,-0.091096295,1,1,0,0,2,0,0,1,0,0,1,1,1,0,1,2,0,0,3,1,0,0,0,1,0,-9,0,0,0,1,3,0,0,1,3,0,0,1,3,1,0,0,1,0,0,1,3,0,0,0,1,4
4407,36,4,0.357077206,0,43607,0,1,0,3,0,0,1,0,0,3,2,1,3,3,4,4,3,4,5,5,2,1,1,2,3,3,2,2,1.260864092,-0.582513984,-0.486499323,1,0,1,0,3,0,0,1,0,0,2,0,4,1,0,1,0,1,2,0,0,0,0,1,0,-9,0,0,1,0,2,0,1,0,2,1,0,0,1,1,0,0,1,1,0,0,1,0,0,1,0,3
4408,11,2,2.331878823,0,30213,0,1,0,2,0,1,0,0,0,2,2,3,3,5,5,3,1,5,5,5,2,2,2,2,2,3,3,3,0.201785679,-0.314650473,1.132506857,1,1,0,0,2,0,1,0,1,0,2,0,2,0,0,0,0,0,3,0,1,0,1,1,0,-9,0,0,0,0,0,0,0,0,0,0,0,0,0,0,0,0,0,0,0,0,0,0,0,0,0,0
4409,1,2,1.191422497,0,35045,0,1,0,1,1,0,0,0,0,1,5,0,5,5,2,2,1,4,4,4,2,2,2,2,3,4,2,2,-0.288167589,1.247425726,0.902676683,1,1,0,0,2,0,0,1,0,0,2,0,4,1,0,1,0,0,3,1,0,0,1,1,0,-9,0,1,0,0,1,1,0,0,1,1,0,0,1,1,0,0,1,1,0,0,1,1,0,0,0,1
4411,26,2,2.174853755,0,63144,1,0,0,1,1,0,0,0,0,1,3,0,1,5,1,1,1,1,1,1,2,2,2,2,2,3,3,3,1.397544536,1.046257717,0.935897859,1,1,0,0,2,0,0,0,0,1,2,0,3,0,1,2,0,1,2,0,0,0,1,0,0,-9,0,0,0,1,3,0,0,1,3,0,1,0,2,0,0,1,3,0,0,1,3,0,0,0,1,4
4415,14,2,0.220080783,0,60431,0,1,0,1,1,0,0,0,0,3,3,3,4,3,3,3,1,4,5,5,2,2,2,2,2,4,3,4,0.447461205,-0.108229579,-0.654453657,1,0,1,0,3,0,0,1,0,0,2,0,4,1,0,1,0,0,3,0,0,0,0,0,0,-9,0,0,1,0,2,0,1,0,2,0,0,1,3,1,0,0,1,1,0,0,1,0,1,0,0,2
4416,23,2,0.521442372,0,49855,0,1,0,4,0,0,0,1,0,4,3,2,4,3,2,2,1,4,3,2,2,2,1,2,2,3,2,1,-0.529247772,-1.225861755,-0.76673396,1,1,0,0,2,1,1,1,0,0,2,0,4,1,0,1,1,0,1,0,0,0,0,0,0,-9,0,0,1,0,2,0,0,1,3,0,1,0,2,0,0,1,3,1,0,0,1,0,1,0,0,2
4418,31,2,1.547095722,0,8530,0,1,0,4,0,0,0,1,0,1,5,4,4,4,1,1,4,4,4,3,2,2,2,3,2,3,3,3,-0.65242217,0.87984307,1.529295664,0,1,0,0,2,1,1,1,0,0,2,0,4,0,0,3,0,0,3,0,0,0,1,1,0,-9,0,1,0,0,1,0,1,0,2,0,1,0,2,0,0,1,3,1,0,0,1,1,0,0,0,1
4427,11,4,0.631657891,0,39851,0,1,0,4,0,0,0,1,0,4,5,4,4,5,4,4,5,5,5,5,2,2,2,3,3,1,3,4,0.601369654,0.734590952,0.456419831,1,0,1,0,3,0,0,0,1,0,2,0,2,1,0,1,0,1,2,0,1,0,0,0,0,-9,0,1,0,0,1,1,0,0,1,1,0,0,1,0,0,1,3,1,0,0,1,1,0,0,0,1
4430,34,2,2.173972816,0,28075,0,1,0,2,0,1,0,0,0,2,4,2,4,4,3,2,4,5,5,4,2,1,3,3,3,2,2,2,0.298567898,0.479328518,-1.131569805,1,0,0,0,1,0,0,0,1,0,2,0,2,0,0,3,0,0,3,1,0,0,0,1,0,-9,0,1,0,0,1,1,0,0,1,0,1,0,2,0,0,1,3,1,0,0,1,0,1,0,0,2
4432,45,2,0.684156192,1,77085,0,1,0,2,0,1,0,0,0,2,3,1,1,5,3,1,1,5,5,5,3,2,2,2,3,1,2,2,0.799238928,1.308430568,0.538308722,1,1,0,0,2,0,0,0,1,0,2,0,2,1,0,1,0,0,3,1,0,0,0,0,0,-9,0,0,1,0,2,1,0,0,1,0,0,1,3,1,0,0,1,1,0,0,1,0,1,0,0,2
4440,19,2,3.605948462,0,70461,0,1,0,2,0,1,0,0,0,2,4,3,3,4,1,3,3,4,4,3,3,1,2,2,3,3,2,2,0.036536319,-0.246002974,-0.217195118,1,1,0,0,2,0,0,1,0,0,2,0,4,0,0,3,0,0,3,1,0,0,1,1,0,1,1,1,0,0,1,1,0,0,1,0,0,1,3,0,1,0,2,1,0,0,1,1,0,0,0,1
4444,11,4,0.25712178,0,30705,0,1,0,2,0,1,0,0,0,1,2,1,3,2,1,1,1,2,5,3,2,2,2,2,2,4,2,4,-0.719624811,-0.455264134,1.240281361,1,1,0,0,2,0,0,1,0,0,2,0,4,1,0,1,0,0,3,0,0,0,0,1,0,1,1,1,0,0,1,1,0,0,1,1,0,0,1,1,0,0,1,1,0,0,1,1,0,0,0,1
4447,33,2,1.447060517,0,13153,0,1,0,3,0,0,1,0,0,3,4,4,2,4,1,2,1,4,4,1,2,2,2,2,2,2,2,4,-0.326978277,-1.549319701,0.087581534,1,0,1,0,3,0,0,1,0,0,2,0,4,0,1,2,0,1,2,0,0,0,1,1,0,-9,0,1,0,0,1,1,0,0,1,0,1,0,2,0,0,1,3,1,0,0,1,1,0,0,0,1
4455,14,4,2.670669188,0,60942,0,1,0,4,0,0,0,1,0,2,3,5,3,4,4,4,3,3,4,4,1,2,2,2,3,4,4,2,0.522678447,0.519546519,0.153317133,1,1,0,0,2,0,0,1,1,1,1,1,1,1,0,1,1,0,1,0,0,0,0,0,1,-9,0,1,0,0,1,1,0,0,1,1,0,0,1,0,0,1,3,1,0,0,1,1,0,0,0,1
4456,34,4,0.249950521,0,28739,0,1,0,2,0,1,0,0,0,2,4,3,2,5,4,4,2,5,5,4,2,1,2,1,3,2,2,2,0.384149021,0.021895076,0.445485332,1,1,0,0,2,0,0,1,0,0,2,0,4,1,0,1,0,0,3,1,0,0,0,1,0,-9,0,1,0,0,1,1,0,0,1,1,0,0,1,0,0,1,3,1,0,0,1,1,0,0,0,1
4459,19,2,1.035051073,0,70817,0,1,0,3,0,0,1,0,0,3,4,4,3,5,1,3,1,5,4,4,2,2,2,2,3,2,3,2,0.334624331,0.735871162,-0.778483855,1,0,1,0,3,0,0,1,0,0,2,0,4,0,1,2,0,1,2,0,0,0,1,0,0,-9,0,0,1,0,2,0,1,0,2,1,0,0,1,0,0,1,3,1,0,0,1,1,0,0,0,1
4461,4,2,8.649551765,0,72532,0,0,1,2,0,1,0,0,0,1,2,1,4,3,1,1,2,4,5,3,2,2,1,1,2,3,2,2,-0.081008408,-0.192132309,-0.619600992,1,1,0,0,2,0,0,1,0,0,2,0,4,0,0,3,0,0,3,1,0,0,1,1,0,-9,0,1,0,0,1,1,0,0,1,1,0,0,1,1,0,0,1,1,0,0,1,1,0,0,0,1
4470,39,3,0.207830455,0,16648,0,1,0,1,1,0,0,0,0,1,1,0,5,5,2,4,1,4,4,3,2,1,1,2,2,4,3,4,-0.595872646,-0.373974191,-0.224465142,1,1,0,0,2,1,1,1,0,0,2,0,4,1,0,1,0,0,3,1,0,0,0,1,0,1,1,1,0,0,1,1,0,0,1,1,0,0,1,1,0,0,1,1,0,0,1,1,0,0,0,1
4471,11,2,0.324954952,0,31036,0,0,1,3,0,0,1,0,0,2,4,3,3,4,1,1,1,5,5,5,3,1,3,1,3,3,2,2,-0.386949323,0.803369502,1.261655179,1,1,0,0,2,0,0,0,1,0,2,0,2,1,0,1,0,0,3,0,1,0,0,1,0,-9,0,1,0,0,1,1,0,0,1,0,1,0,2,0,0,1,3,1,0,0,1,1,0,0,0,1
4477,36,3,0.621747257,0,44510,0,1,0,3,0,0,1,0,0,2,5,3,2,4,3,2,2,2,4,3,2,2,3,3,2,4,2,2,-1.007225565,0.090159352,-0.617620388,1,0,0,0,1,0,0,0,1,0,2,0,2,1,0,1,1,0,1,0,0,0,0,0,1,0,0,1,0,0,1,0,0,1,3,0,0,1,3,0,0,1,3,1,0,0,1,0,1,0,0,2
4481,49,2,0.068176227,0,98199,1,0,0,2,0,1,0,0,0,2,4,2,4,4,2,4,4,4,5,5,2,2,2,2,2,3,4,3,-0.740391902,0.010959778,0.498912342,1,1,0,0,2,1,1,1,0,0,2,0,4,0,0,3,0,1,2,0,0,0,0,0,0,-9,0,0,0,1,3,0,0,1,3,1,0,0,1,0,1,0,2,1,0,0,1,0,0,0,1,4
4482,49,2,0.01718321,0,98002,1,0,0,1,1,0,0,0,0,1,1,0,5,1,1,1,1,1,1,1,2,2,2,2,2,4,3,4,1.405216644,-1.970272083,0.403439663,0,1,0,0,2,0,0,1,0,0,2,0,4,0,1,2,0,1,2,0,0,0,1,1,0,-9,0,0,0,1,3,0,0,1,3,0,1,0,2,0,1,0,2,0,1,0,2,0,0,0,1,4
4492,42,2,1.283807164,0,29301,0,1,0,4,0,0,0,1,0,1,5,4,3,5,4,4,4,5,5,5,2,2,1,2,3,2,2,2,0.67172703,0.810051768,0.606665204,1,0,1,0,3,0,0,1,0,0,2,0,4,0,1,2,0,0,3,0,0,0,1,0,0,-9,0,1,0,0,1,0,1,0,2,0,1,0,2,0,0,1,3,1,0,0,1,1,0,0,0,1
4499,39,2,1.905603462,0,15613,0,1,0,1,1,0,0,0,0,1,1,0,4,4,5,5,4,4,5,5,1,2,1,1,1,1,3,3,0.217344775,-0.486164017,0.626819416,1,0,1,0,3,1,1,1,0,0,2,0,4,0,0,3,0,0,3,1,0,0,1,0,0,-9,0,1,0,0,1,1,0,0,1,1,0,0,1,0,0,1,3,1,0,0,1,1,0,0,0,1
4502,14,2,0.501776104,0,61911,0,1,0,2,0,1,0,0,0,1,1,2,1,4,1,1,1,4,5,5,2,3,2,2,3,3,2,2,0.721146329,0.037113627,0.745077429,1,1,0,0,2,0,0,1,0,0,2,0,4,1,0,1,0,0,3,0,0,0,0,1,0,1,1,1,0,0,1,1,0,0,1,1,0,0,1,0,0,1,3,1,0,0,1,1,0,0,0,1
4509,4,2,1.793185655,0,72601,0,1,0,2,0,1,0,0,0,1,5,2,4,2,1,1,1,5,2,4,2,2,2,2,2,4,2,2,0.025433752,0.430367286,1.13631377,0,0,1,0,3,0,0,1,0,0,2,0,4,1,0,1,0,1,2,0,0,1,1,1,0,-9,0,1,0,0,1,1,0,0,1,1,0,0,1,0,0,1,3,1,0,0,1,1,0,0,0,1
4510,24,2,0.754773177,0,55337,0,1,0,1,1,0,0,0,0,1,2,2,4,4,2,2,2,4,5,2,2,1,2,2,3,4,2,2,0.106574117,-0.493550095,0.534395746,1,1,0,0,2,0,1,1,0,0,2,0,4,0,1,2,1,0,1,0,1,0,0,0,0,-9,0,0,1,0,2,0,0,1,3,0,0,1,3,0,0,1,3,1,0,0,1,0,0,1,0,3
4512,33,2,0.126017745,0,14618,0,1,0,2,0,1,0,0,0,3,4,2,3,5,4,4,2,4,5,4,3,1,2,2,3,2,2,2,0.296388131,-0.108324811,-0.018175143,1,1,0,0,2,1,1,1,0,0,2,0,4,1,0,1,0,1,2,0,0,0,0,0,0,-9,0,0,1,0,2,0,0,1,3,0,0,1,3,0,0,1,3,1,0,0,1,0,0,0,1,4
4516,50,2,1.415870439,0,25011,0,1,0,1,1,0,0,0,0,1,1,1,4,3,1,1,1,5,5,1,2,2,2,2,2,3,3,4,-1.495138626,-0.968914095,-1.185302844,1,1,0,0,2,0,0,1,0,0,2,0,4,1,0,1,0,0,3,1,0,0,0,1,0,-9,0,1,0,0,1,1,0,0,1,0,0,1,3,1,0,0,1,1,0,0,1,1,0,0,0,1
4518,45,2,3.62712245,1,77073,0,1,0,2,0,1,0,0,0,3,4,4,2,4,3,4,2,5,5,4,3,1,1,1,3,2,2,2,-0.012422728,-0.240827406,-0.430115859,0,1,0,0,2,0,0,0,0,1,2,0,3,0,1,2,0,1,2,0,0,0,1,1,0,-9,0,0,1,0,2,0,0,1,3,0,0,1,3,0,0,1,3,1,0,0,1,0,1,0,0,2
4522,23,4,0.468961045,0,48846,0,1,0,1,1,0,0,0,0,1,6,2,1,5,5,4,5,5,5,4,1,1,2,2,2,2,1,3,-0.407258221,0.704884456,-1.077622222,1,0,0,0,1,0,0,1,0,0,2,0,4,0,1,2,0,0,3,0,0,0,0,0,0,1,1,1,0,0,1,0,1,0,2,0,1,0,2,0,0,1,3,1,0,0,1,1,0,0,0,1
4525,19,4,0.706343921,0,70805,0,1,0,4,0,0,0,1,0,2,5,5,5,5,5,5,5,5,5,5,2,2,2,2,2,3,3,3,1.066222933,1.410119828,1.080482296,1,1,0,0,2,0,0,0,1,0,2,0,2,1,0,1,0,0,3,0,1,0,0,0,0,-9,0,0,1,0,2,0,1,0,2,0,0,1,3,0,0,1,3,1,0,0,1,1,0,0,0,1
4529,10,2,1.300659353,1,33741,0,1,0,2,0,1,0,0,0,2,4,3,4,4,3,4,2,4,3,4,2,3,2,2,3,2,2,3,-0.165960753,-0.081613483,0.004351167,0,1,0,0,2,0,0,1,0,0,1,1,1,1,0,1,0,1,2,0,0,0,0,0,0,-9,0,0,0,0,0,0,0,0,0,0,0,0,0,0,0,0,0,0,0,0,0,0,0,0,0,0
4535,26,2,0.29083051,0,65802,0,1,0,1,1,0,0,0,0,2,2,1,4,4,2,4,4,4,5,5,2,2,2,2,2,3,3,3,1.567640858,-1.204024962,0.158563378,1,1,0,0,2,0,0,1,0,0,2,0,4,1,0,1,0,0,3,1,0,0,0,1,0,-9,0,0,1,0,2,0,0,1,3,1,0,0,1,0,0,1,3,1,0,0,1,0,1,0,0,2
4545,45,2,0.283504761,1,75227,0,1,0,3,0,0,1,0,0,2,4,3,3,4,3,3,3,4,4,3,2,2,2,2,2,3,3,3,-0.732937396,1.300193831,0.354332272,1,1,0,0,2,0,0,0,0,0,1,1,1,1,0,1,0,0,3,1,0,0,0,1,0,-9,0,0,0,1,3,0,1,0,2,0,1,0,2,1,0,0,1,0,1,0,2,0,0,1,0,3
4547,49,2,0.074513603,0,98164,1,0,0,2,0,1,0,0,0,3,2,3,4,3,4,3,4,5,4,4,3,1,1,1,2,2,3,2,-0.297616228,1.169123502,-0.511045417,1,1,0,0,2,0,0,1,0,0,1,1,1,0,1,2,0,0,3,1,0,0,0,0,0,-9,0,0,0,0,0,0,0,0,0,0,0,0,0,0,0,0,0,0,0,0,0,0,0,0,0,0
4550,25,2,0.116468073,0,38654,0,1,0,1,1,0,0,0,0,2,6,0,2,5,3,3,3,5,4,4,2,1,1,1,3,3,2,2,-0.468388147,-0.996620399,1.532331554,1,1,0,0,2,0,0,0,0,0,2,0,5,1,0,1,0,0,3,1,0,0,1,0,0,-9,0,1,0,0,1,1,0,0,1,0,1,0,2,0,1,0,2,1,0,0,1,1,0,0,0,1
4557,16,2,1.067599234,0,52804,0,1,0,3,0,0,1,0,0,3,3,3,4,2,5,5,1,3,5,5,3,1,1,1,2,2,2,2,-0.18083144,-1.02226591,-0.223061268,1,1,0,0,2,0,0,1,0,0,2,0,4,0,1,2,0,1,2,1,0,0,1,0,0,-9,0,0,1,0,2,0,1,0,2,1,0,0,1,0,0,1,3,1,0,0,1,1,0,0,0,1
4559,4,4,0.799441134,0,71665,0,0,1,1,1,0,0,0,0,1,3,0,5,3,1,1,1,5,3,3,2,2,2,2,2,4,3,3,-0.35989039,-1.280077743,0.884993473,0,1,0,0,2,0,0,1,0,0,2,0,4,1,0,1,0,1,2,1,1,0,0,0,0,1,1,1,0,0,1,1,0,0,1,1,0,0,1,1,0,0,1,1,0,0,1,1,0,0,0,1
4560,10,2,0.78984252,1,33067,0,1,0,1,1,0,0,0,0,1,4,0,4,4,3,3,3,4,3,3,3,2,2,2,2,3,3,3,-0.80074078,0.216219298,-1.096916876,1,0,1,0,3,1,1,0,0,0,2,0,5,0,0,3,0,1,2,0,0,0,0,1,0,-9,0,0,1,0,2,0,1,0,2,0,0,1,3,0,0,1,3,1,0,0,1,0,1,0,0,2
4572,49,2,0.012844755,0,98101,1,0,0,2,0,1,0,0,0,3,3,3,3,2,4,3,4,2,5,3,2,2,2,2,3,1,3,2,-0.738430642,1.171478664,-1.001242236,1,1,0,0,2,0,1,1,0,0,2,0,4,0,1,2,0,0,3,1,0,0,0,1,0,-9,0,0,0,1,3,0,0,1,3,0,0,1,3,0,0,1,3,0,0,1,3,0,0,0,1,4
4573,49,2,0.07692399,0,98052,0,1,0,1,1,0,0,0,0,1,3,3,4,1,1,1,1,4,4,3,2,2,2,2,2,4,4,4,-0.077188713,1.068146118,0.410492418,0,1,0,0,2,1,1,1,0,0,2,0,4,0,0,3,0,1,2,0,0,1,1,0,0,1,1,0,1,0,2,0,0,1,3,0,1,0,2,1,0,0,1,1,0,0,1,0,0,1,0,3
4576,36,4,0.357077206,0,45506,0,1,0,2,0,1,0,0,0,2,4,3,5,5,1,1,1,1,1,1,2,2,2,2,2,3,4,4,-0.696437078,-1.082017332,-0.884332312,1,1,0,0,2,0,0,1,0,0,2,0,4,1,0,1,0,1,2,0,1,0,0,1,0,-9,0,0,1,0,2,0,1,0,2,1,0,0,1,0,1,0,2,1,0,0,1,1,0,0,0,1
4579,49,4,0.005303003,0,98203,0,1,0,2,0,1,0,0,0,2,2,2,3,4,4,4,3,3,4,4,2,2,2,2,2,3,3,3,-0.947576081,-0.366246208,-0.077958318,1,1,0,0,2,0,1,1,0,0,2,0,4,0,1,2,0,0,3,1,0,0,0,1,0,-9,0,0,1,0,2,0,1,0,2,0,0,1,3,0,1,0,2,0,1,0,2,0,0,0,1,4
4582,14,2,0.909813791,0,61104,1,0,0,2,0,1,0,0,0,2,4,4,2,4,1,3,1,5,5,3,1,2,2,1,3,1,3,2,1.155046204,1.150147444,0.760325886,0,1,0,0,2,0,0,0,1,0,2,0,2,1,0,1,1,0,1,0,0,0,1,0,0,1,1,0,0,1,3,0,0,1,3,1,0,0,1,0,1,0,2,1,0,0,1,0,1,0,0,2
4584,45,4,0.622179227,1,77563,0,1,0,5,0,0,0,0,1,5,3,5,1,5,3,5,3,5,5,5,2,1,1,1,3,3,3,4,1.612967017,-1.574497643,0.584282952,1,1,0,0,2,0,0,1,0,0,2,0,4,1,0,1,0,1,2,0,1,0,0,1,0,-9,0,1,0,0,1,1,0,0,1,0,1,0,2,1,0,0,1,1,0,0,1,1,0,0,0,1
4585,24,2,0.434067786,0,55429,0,1,0,1,1,0,0,0,0,1,3,1,4,3,3,4,2,3,3,3,2,2,2,2,2,3,3,3,0.157302338,0.538869574,-0.075298092,1,1,0,0,2,0,0,0,1,0,2,0,2,1,0,1,1,0,1,0,1,0,0,0,0,-9,0,0,1,0,2,0,1,0,2,0,0,1,3,0,0,1,3,1,0,0,1,0,0,0,1,4
4589,49,4,0.023668385,0,98122,1,0,0,3,0,0,1,0,0,2,4,3,4,3,3,3,4,4,5,5,3,1,1,1,3,2,2,2,0.063627022,0.784023745,-0.130120036,1,0,1,0,3,0,0,1,0,0,2,0,4,1,0,1,1,0,1,0,1,0,0,0,1,0,0,0,0,1,3,0,0,1,3,1,0,0,1,0,0,1,3,0,0,1,3,0,0,0,1,4
4593,31,4,0.206372858,0,8619,0,1,0,1,1,0,0,0,0,1,6,2,3,4,3,3,3,4,4,3,2,1,1,2,2,3,1,1,0.02479798,0.926946013,-0.71181033,1,0,0,0,1,0,0,1,0,0,2,0,4,1,0,1,0,0,3,0,0,0,0,1,0,-9,0,0,1,0,2,0,1,0,2,0,0,1,3,0,0,1,3,0,1,0,2,0,0,1,0,3
4594,11,2,1.633548075,0,30052,0,1,0,2,0,1,0,0,0,3,3,3,4,5,4,5,5,5,5,5,3,2,1,2,3,2,2,2,0.423394725,0.573226061,0.116044553,0,0,0,0,1,1,1,0,1,0,2,0,2,0,1,2,0,0,3,0,0,0,1,1,0,-9,0,1,0,0,1,1,0,0,1,0,1,0,2,0,1,0,2,1,0,0,1,1,0,0,0,1
4605,33,1,1.738879906,0,11369,1,0,0,4,0,0,0,1,0,2,5,5,2,4,1,3,2,4,2,4,1,2,1,2,3,3,2,1,-0.940011848,0.86643124,-1.799222873,1,1,0,0,2,0,0,0,0,0,1,1,1,1,0,1,0,1,2,1,1,0,0,0,0,-9,0,0,0,1,3,0,0,1,3,0,0,1,3,0,0,1,3,0,1,0,2,0,0,0,1,4
4608,14,2,3.401680882,0,60601,1,0,0,3,0,0,1,0,0,1,1,1,4,4,1,1,1,4,4,1,1,1,2,1,2,1,1,1,-1.399738915,0.576683759,0.317193714,0,1,0,0,2,0,0,1,0,0,2,0,4,0,0,3,0,1,2,0,0,0,1,0,0,-9,0,0,0,1,3,0,0,1,3,0,1,0,2,0,1,0,2,0,0,1,3,0,0,0,1,4
4611,36,4,0.16101452,0,44095,0,1,0,3,0,0,1,0,0,4,3,4,1,5,4,3,5,5,5,3,2,2,1,1,3,3,2,3,-1.010174991,-0.059930463,-1.981676225,1,0,0,0,1,0,0,1,0,0,2,0,4,1,0,1,0,0,3,1,0,0,0,1,1,-9,0,0,1,0,2,0,1,0,2,0,1,0,2,1,0,0,1,1,0,0,1,0,0,1,0,3
4614,10,4,0.370280768,0,34713,0,0,1,2,0,1,0,0,0,2,5,4,2,5,4,5,5,5,5,4,2,2,2,2,3,3,2,4,0.040314347,0.704390657,0.309264739,1,0,1,0,3,0,0,1,0,0,2,0,4,0,1,2,0,0,3,1,0,0,0,1,0,1,1,0,0,0,0,0,0,0,0,0,0,0,0,0,0,0,0,0,0,0,0,0,0,0,0,0
4620,42,2,0.975160786,0,29115,0,1,0,2,0,1,0,0,0,2,4,3,4,5,4,2,2,3,3,4,2,2,3,1,2,3,2,1,-1.914723167,0.115504,-0.63061708,1,1,0,0,2,0,0,0,1,0,2,0,2,1,0,1,1,0,1,0,0,0,0,0,1,-9,0,1,0,0,1,0,1,0,2,1,0,0,1,0,0,1,3,1,0,0,1,1,0,0,0,1
4623,34,4,5.58198514,0,27030,0,1,0,3,0,0,1,0,0,2,5,4,3,5,3,4,3,5,5,3,2,1,2,2,3,3,2,3,1.355931525,0.299028325,-0.635868229,1,1,0,0,2,0,0,1,0,0,2,0,4,1,0,1,0,1,2,0,0,0,0,1,0,-9,0,1,0,0,1,1,0,0,1,0,1,0,2,0,1,0,2,1,0,0,1,1,0,0,0,1
4625,50,1,1.132004012,0,26812,0,0,1,3,0,0,1,0,0,3,3,2,2,5,3,3,2,5,5,3,2,1,2,2,3,4,2,2,0.721967698,-0.051323187,-0.485434403,1,1,0,0,2,0,0,1,0,0,2,0,4,1,0,1,0,1,2,1,0,0,1,0,0,-9,0,1,0,0,1,1,0,0,1,1,0,0,1,1,0,0,1,1,0,0,1,1,0,0,0,1
4626,23,4,0.088274288,0,49829,0,1,0,5,0,0,0,0,1,1,1,1,1,1,5,5,5,5,5,5,2,2,1,1,3,2,2,3,-0.821978742,0.823678162,-0.266290081,1,1,0,0,2,0,0,1,0,0,2,0,4,1,0,1,0,0,3,1,1,0,0,0,0,-9,0,1,0,0,1,0,1,0,2,1,0,0,1,0,0,1,3,1,0,0,1,0,1,0,0,2
4630,45,2,0.780782619,1,77016,0,1,0,2,0,1,0,0,0,2,4,3,3,4,3,4,4,4,4,5,1,3,3,2,2,3,2,1,-0.565117002,0.741816443,-0.340088339,0,0,0,0,1,0,0,0,1,0,2,0,2,1,0,1,0,1,2,1,0,0,0,1,0,1,1,0,1,0,2,1,0,0,1,0,1,0,2,1,0,0,1,1,0,0,1,0,0,1,0,3
4640,49,2,0.093545508,0,98052,0,1,0,2,0,1,0,0,0,3,3,3,3,3,3,4,3,4,4,4,3,1,1,1,3,2,2,2,-0.400256376,0.297964622,-0.883742125,0,1,0,0,2,0,1,1,0,0,2,0,4,0,0,3,0,0,3,1,0,0,1,0,0,-9,0,0,1,0,2,0,0,1,3,0,1,0,2,1,0,0,1,1,0,0,1,0,0,1,0,3
4648,17,4,0.102555926,0,66872,0,0,1,1,1,0,0,0,0,1,3,0,5,4,1,3,1,4,3,3,2,2,2,2,2,3,2,4,0.260536274,-1.758116559,0.06010775,1,1,0,0,2,0,0,1,0,0,2,0,4,1,0,1,0,0,3,1,0,0,0,1,1,-9,0,1,0,0,1,1,0,0,1,1,0,0,1,0,0,1,3,1,0,0,1,1,0,0,0,1
4649,10,2,5.191830124,0,34746,0,1,0,5,0,0,0,0,1,1,5,5,5,5,5,5,5,5,5,5,3,2,3,2,3,3,2,3,0.695644255,1.231526237,0.76620057,0,0,0,0,1,0,1,1,0,0,2,0,4,0,0,3,0,0,3,1,0,0,0,1,0,-9,0,1,0,0,1,1,0,0,1,1,0,0,1,0,0,1,3,0,1,0,2,1,0,0,0,1
4650,16,2,1.444013002,0,51104,0,1,0,3,0,0,1,0,0,1,6,0,5,1,1,1,1,1,5,5,2,2,2,2,2,4,2,2,1.017387158,1.38655459,-0.270918661,1,1,0,0,2,1,1,1,0,0,2,0,4,0,0,3,0,1,2,0,0,0,0,1,0,1,1,0,1,0,2,0,1,0,2,1,0,0,1,1,0,0,1,1,0,0,1,0,0,1,0,3
4653,45,2,6.953731702,1,78759,0,1,0,2,0,1,0,0,0,2,4,2,3,4,3,4,3,4,4,4,2,1,3,1,2,3,2,2,-0.766389835,-0.826070835,-0.042431764,1,1,0,0,2,1,1,1,0,0,2,0,4,0,0,3,0,0,3,1,0,0,0,0,0,-9,0,0,1,0,2,0,0,1,3,0,0,1,3,1,0,0,1,1,0,0,1,0,1,0,0,2
4655,48,2,10.27711698,0,22206,1,0,0,1,1,0,0,0,0,1,3,2,4,3,3,3,3,3,3,3,1,1,1,1,3,2,2,1,-0.251983053,0.365010233,-0.268049205,0,1,0,0,2,0,0,0,0,0,1,1,1,0,0,3,1,0,1,0,0,1,1,0,0,-9,0,0,0,1,3,0,0,1,3,0,0,1,3,1,0,0,1,1,0,0,1,0,0,0,1,4
4659,43,4,0.430963688,0,57042,0,0,1,2,0,1,0,0,0,1,5,2,1,5,1,1,1,3,3,1,2,1,1,2,2,4,3,4,1.306451131,-0.288803166,0.882909254,0,0,1,0,3,0,0,1,0,0,2,0,4,0,1,2,0,1,2,0,0,0,0,1,0,-9,0,1,0,0,1,1,0,0,1,1,0,0,1,1,0,0,1,1,0,0,1,1,0,0,0,1
4661,10,2,0.806716222,1,33772,0,1,0,1,1,0,0,0,0,1,6,1,3,3,2,2,2,5,4,4,2,2,2,2,3,3,2,4,0.000430317,1.301295462,0.555649947,1,1,0,0,2,0,1,1,0,0,2,0,4,1,0,1,0,0,3,1,0,0,1,1,0,-9,0,0,1,0,2,0,1,0,2,0,0,1,3,1,0,0,1,1,0,0,1,0,0,1,0,3
4662,33,2,1.964898144,0,10011,1,0,0,5,0,0,0,0,1,1,5,5,5,5,5,5,5,5,5,5,3,3,3,3,3,2,2,2,1.048025161,1.355383642,1.214102776,0,1,0,0,2,1,1,1,0,0,2,0,4,0,0,3,1,0,1,0,0,1,0,1,0,1,1,0,0,1,3,0,0,1,3,0,0,1,3,0,0,1,3,0,0,1,3,0,0,1,0,3
4668,9,2,7.121210683,0,6712,0,1,0,2,0,1,0,0,0,2,3,1,3,4,3,4,2,4,4,3,3,1,1,1,3,3,3,2,-0.677141072,0.457668911,0.223688038,0,1,0,0,2,1,1,0,0,0,2,0,5,0,0,3,0,0,3,1,0,0,0,1,0,1,1,1,0,0,1,1,0,0,1,1,0,0,1,0,1,0,2,1,0,0,1,1,0,0,0,1
4674,18,4,0.222075277,0,42728,0,1,0,3,0,0,1,0,0,3,4,3,4,4,3,4,2,4,4,2,2,2,2,2,2,1,2,1,-1.094497421,-0.365561411,0.380134581,1,1,0,0,2,0,0,1,0,0,2,0,4,1,0,1,0,1,2,0,0,0,0,0,1,-9,0,1,0,0,1,1,0,0,1,0,1,0,2,1,0,0,1,1,0,0,1,1,0,0,0,1
4680,49,2,0.012817828,0,98418,0,1,0,1,1,0,0,0,0,1,1,1,5,3,1,4,1,3,4,3,2,2,1,2,2,3,2,3,0.033603098,-0.791964703,0.480548735,1,1,0,0,2,1,1,1,0,0,2,0,4,0,0,3,0,0,3,1,0,0,1,0,0,1,1,0,1,0,2,0,1,0,2,0,0,1,3,1,0,0,1,0,1,0,2,0,0,0,1,4
4682,49,4,0.042659647,0,98042,0,1,0,1,1,0,0,0,0,1,1,0,3,3,3,3,3,3,3,3,2,2,2,2,2,4,4,4,-1.491967707,-0.924466638,0.694601888,0,0,0,1,4,0,0,1,0,0,2,0,4,0,0,3,0,0,3,0,0,0,0,1,0,-9,0,0,1,0,2,1,0,0,1,0,1,0,2,1,0,0,1,1,0,0,1,1,0,0,0,1
4690,49,4,0.016835794,0,98201,1,0,0,2,0,1,0,0,0,1,5,2,2,3,3,5,3,4,4,4,2,1,3,3,3,1,1,1,0.138783913,-0.98682878,-0.452347014,0,1,0,0,2,0,0,1,0,0,2,0,4,1,0,1,1,0,1,0,1,0,0,0,0,-9,0,0,0,1,3,0,0,1,3,0,1,0,2,0,0,1,3,0,1,0,2,0,0,0,1,4
4694,49,2,0.04067631,0,98104,1,0,0,2,0,1,0,0,0,2,4,4,5,4,4,4,5,5,4,5,3,1,3,3,3,2,2,2,0.82615125,0.969088692,0.90456455,0,1,0,0,2,0,1,1,0,0,2,0,4,0,0,3,0,0,3,1,0,0,1,0,0,-9,0,0,0,1,3,0,0,1,3,0,0,1,3,0,0,1,3,0,0,1,3,0,0,0,1,4
4695,49,2,0.069544271,0,98115,1,0,0,5,0,0,0,0,1,1,5,5,5,5,5,5,4,4,5,5,3,3,2,3,3,2,2,1,0.860323799,1.141945011,1.186180449,0,1,0,0,2,0,1,1,0,0,2,0,4,0,0,3,0,0,3,1,0,1,0,1,0,-9,0,0,0,1,3,0,0,1,3,0,1,0,2,0,0,1,3,1,0,0,1,0,0,0,1,4
4707,49,2,0.013119493,0,98373,0,1,0,2,0,1,0,0,0,1,4,3,3,4,4,3,3,4,4,3,1,2,1,1,1,1,2,1,-0.994410699,1.040848464,-1.471105646,0,1,0,0,2,0,0,0,0,0,2,0,5,1,0,1,0,1,2,1,0,0,1,1,0,-9,0,0,1,0,2,0,1,0,2,0,1,0,2,0,0,1,3,1,0,0,1,0,0,1,0,3
4712,10,2,0.777558842,0,32254,0,1,0,2,0,1,0,0,0,2,4,2,4,4,4,2,4,5,5,5,2,1,1,2,2,1,2,2,1.146764879,-0.123921286,-0.276147005,1,0,1,0,3,1,1,0,0,0,2,0,5,0,1,2,0,0,3,1,0,0,0,1,0,-9,0,0,1,0,2,0,1,0,2,0,0,1,3,0,0,1,3,1,0,0,1,0,0,0,1,4
4715,45,2,1.880694309,1,76058,0,1,0,3,0,0,1,0,0,3,4,4,3,4,4,4,5,5,4,4,2,2,2,2,2,3,3,3,0.394499433,0.995008256,0.03536018,1,1,0,0,2,0,0,1,0,0,2,0,4,1,0,1,0,1,2,0,0,0,0,1,0,-9,0,1,0,0,1,1,0,0,1,0,1,0,2,1,0,0,1,1,0,0,1,1,0,0,0,1
4720,48,2,1.117864576,0,24112,0,1,0,1,1,0,0,0,0,2,5,0,4,4,4,4,4,4,4,4,3,3,2,2,3,2,2,2,0.517916745,-0.361947546,0.993191346,1,1,0,0,2,0,0,1,0,0,2,0,4,1,0,1,0,0,3,1,0,0,1,0,0,-9,0,1,0,0,1,1,0,0,1,1,0,0,1,0,1,0,2,1,0,0,1,1,0,0,0,1
4723,23,4,0.217494192,0,48204,0,1,0,3,0,0,1,0,0,4,5,4,4,4,1,1,1,4,5,1,2,1,1,1,3,2,2,3,-1.283538541,0.085764835,0.122496739,1,1,0,0,2,0,0,1,0,0,2,0,4,1,0,1,0,1,2,0,0,0,0,0,0,-9,0,0,1,0,2,1,0,0,1,0,0,1,3,1,0,0,1,1,0,0,1,0,0,1,0,3
4726,19,4,0.301508803,0,70791,0,1,0,2,0,1,0,0,0,1,3,3,2,5,1,5,1,5,5,1,2,2,2,2,2,3,3,4,1.093626279,-0.817265363,0.04507074,1,1,0,0,2,1,1,1,0,0,2,0,4,1,0,1,1,0,1,0,0,0,0,0,1,-9,0,1,0,0,1,1,0,0,1,0,1,0,2,1,0,0,1,1,0,0,1,1,0,0,0,1
4739,19,4,0.300616292,0,71019,0,0,1,2,0,1,0,0,0,2,4,3,1,5,2,4,4,5,5,5,2,1,2,2,3,3,2,2,0.823119463,-1.621188645,0.363429878,1,1,0,0,2,1,1,0,1,0,2,0,2,0,1,2,0,0,3,0,1,0,0,0,0,-9,0,1,0,0,1,1,0,0,1,1,0,0,1,0,1,0,2,1,0,0,1,1,0,0,0,1
4750,51,4,3.754406821,0,53208,1,0,0,3,0,0,1,0,0,2,3,2,3,3,3,3,4,3,4,2,2,1,2,2,2,1,3,3,-0.967736098,0.233525362,-0.211460003,0,1,0,0,2,0,0,0,0,1,2,0,3,1,0,1,0,1,2,0,0,0,0,0,1,-9,0,0,0,1,3,0,0,1,3,0,0,1,3,0,1,0,2,1,0,0,1,0,0,0,1,4
4757,30,2,2.863571176,0,3060,0,1,0,2,0,1,0,0,0,1,3,3,4,4,4,4,5,5,5,4,3,1,1,1,3,2,2,3,0.357342648,0.309652272,0.824061554,0,1,0,0,2,0,0,1,0,0,2,0,4,0,0,3,0,0,3,1,1,0,0,1,0,-9,0,0,1,0,2,0,0,1,3,0,0,1,3,0,0,1,3,1,0,0,1,0,1,0,0,2
4764,3,2,0.11904179,1,85355,0,1,0,1,1,0,0,0,0,2,1,0,4,5,5,5,5,5,5,5,3,1,1,1,3,2,2,2,1.090612622,1.705468787,0.716202312,1,0,0,1,4,0,1,1,0,0,2,0,4,0,0,3,0,1,2,0,0,0,0,1,0,-9,0,0,1,0,2,1,0,0,1,0,1,0,2,1,0,0,1,1,0,0,1,1,0,0,0,1
4768,49,2,0.776162766,0,98199,1,0,0,2,0,1,0,0,0,3,3,2,2,3,4,4,3,5,3,2,2,3,3,3,2,4,3,3,-1.147869367,0.648772282,-0.544330088,1,0,0,0,1,1,1,0,0,1,2,0,3,0,0,3,0,0,3,1,0,1,0,0,0,1,1,0,0,1,3,0,0,1,3,1,0,0,1,0,1,0,2,1,0,0,1,0,0,0,1,4
4772,49,4,0.017551956,0,98340,0,1,0,1,1,0,0,0,0,1,3,3,2,3,2,4,4,4,5,4,2,3,2,2,1,2,3,2,0.484542471,-0.256360271,0.192495817,0,0,0,1,4,1,1,0,0,0,2,0,5,1,0,1,1,0,1,0,0,0,0,1,0,-9,0,1,0,0,1,1,0,0,1,1,0,0,1,1,0,0,1,0,1,0,2,1,0,0,0,1
4781,45,2,1.489088996,1,78664,0,1,0,3,0,0,1,0,0,3,4,3,3,3,4,1,1,5,5,2,2,1,3,3,3,1,2,3,-0.862363335,0.084493919,-0.216191225,0,1,0,0,2,0,0,0,1,0,2,0,2,0,1,2,0,0,3,1,0,0,0,1,0,1,1,0,1,0,2,0,1,0,2,0,0,1,3,0,1,0,2,1,0,0,1,0,0,1,0,3
4782,10,2,0.637474161,1,32714,1,0,0,2,0,1,0,0,0,2,3,2,3,3,3,4,3,5,3,3,2,1,1,2,3,2,2,1,0.007124554,0.833596083,0.752522198,0,1,0,0,2,0,1,1,0,0,2,0,4,0,1,2,0,0,3,1,0,0,0,1,0,-9,0,0,0,1,3,0,0,1,3,0,0,1,3,0,1,0,2,1,0,0,1,0,0,1,0,3
4786,49,2,0.065301376,0,98275,0,1,0,3,0,0,1,0,0,2,4,2,3,4,2,3,4,4,4,4,2,1,2,2,2,4,2,2,-0.167325932,-0.785037193,0.179883392,1,1,0,0,2,1,1,1,0,0,2,0,4,0,0,3,0,0,3,1,0,0,0,1,0,-9,0,0,1,0,2,0,1,0,2,1,0,0,1,1,0,0,1,0,1,0,2,0,0,1,0,3
4790,33,2,3.522372067,0,10301,1,0,0,2,0,1,0,0,0,3,6,3,3,3,3,3,3,3,3,3,2,2,2,2,2,4,3,4,-0.566113691,-1.656135998,0.305050498,0,1,0,0,2,1,1,1,0,0,2,0,4,0,0,3,0,0,3,0,0,0,0,1,0,-9,0,0,0,1,3,0,0,1,3,0,1,0,2,0,0,1,3,0,0,1,3,0,0,0,1,4
4791,23,4,1.040356066,0,48209,0,1,0,3,0,0,1,0,0,2,3,2,2,4,2,2,2,4,2,2,2,2,2,2,3,4,4,4,-1.352078144,-0.373085355,-1.54041253,1,1,0,0,2,0,0,1,0,0,1,1,1,1,0,1,0,0,3,1,0,0,0,0,0,0,0,0,0,1,3,0,1,0,2,0,1,0,2,0,1,0,2,1,0,0,1,0,0,0,1,4
4798,16,1,1.200492911,0,50169,0,1,0,4,0,0,0,1,0,4,5,4,2,5,3,4,2,5,5,5,3,2,2,2,3,2,2,2,1.172310976,1.409799818,0.763289021,1,1,0,0,2,1,1,1,0,0,2,0,4,0,1,2,0,0,3,1,0,0,0,1,0,1,1,1,0,0,1,1,0,0,1,0,1,0,2,0,0,1,3,1,0,0,1,1,0,0,0,1
4802,23,2,0.122259466,0,48021,0,1,0,3,0,0,1,0,0,3,3,2,2,2,4,2,3,3,3,3,1,1,1,1,1,1,1,1,-2.173019193,0.251614749,-1.65192857,0,0,1,0,3,0,0,1,0,0,2,0,4,1,0,1,0,0,3,0,0,1,0,1,0,-9,0,0,0,1,3,0,1,0,2,0,1,0,2,1,0,0,1,1,0,0,1,0,1,0,0,2
4805,49,2,0.018680915,0,98371,0,1,0,1,1,0,0,0,0,2,2,2,2,4,3,3,3,3,3,3,3,1,1,1,3,2,2,2,0.100321239,-0.063347202,-0.310076287,0,0,1,0,3,0,0,1,0,0,2,0,4,0,1,2,0,1,2,0,0,0,0,1,1,-9,0,0,1,0,2,0,1,0,2,0,1,0,2,1,0,0,1,0,0,1,3,0,0,1,0,3
4817,49,4,0.123847891,0,98119,1,0,0,1,1,0,0,0,0,3,4,1,4,4,2,2,2,4,4,2,2,1,1,1,3,1,1,1,-2.440588305,-0.401117684,-1.699711143,0,0,1,0,3,0,1,0,0,1,2,0,3,0,1,2,1,0,1,0,0,0,0,0,0,0,0,0,0,1,3,0,0,1,3,1,0,0,1,0,0,1,3,1,0,0,1,0,0,0,1,4
4818,36,2,0.301135228,0,44656,0,0,1,4,0,0,0,1,0,2,2,3,4,2,2,2,2,5,5,4,3,1,2,2,3,3,2,2,-0.687526457,-0.795188698,0.855136616,1,0,1,0,3,0,0,1,0,0,2,0,4,1,0,1,0,1,2,0,1,0,0,1,0,-9,0,1,0,0,1,1,0,0,1,0,1,0,2,0,0,1,3,1,0,0,1,1,0,0,0,1
4821,23,4,0.292732264,0,48843,0,1,0,1,1,0,0,0,0,1,1,3,5,5,1,1,1,5,3,3,2,2,2,2,2,3,3,3,-1.781946548,-0.084125715,0.865641886,1,0,1,0,3,0,0,1,0,0,2,0,4,1,0,1,0,0,3,0,1,0,0,0,0,-9,0,1,0,0,1,1,0,0,1,0,1,0,2,1,0,0,1,1,0,0,1,1,0,0,0,1
4827,33,1,0.116178073,0,11221,1,0,0,4,0,0,0,1,0,2,4,4,4,5,4,4,4,3,4,5,2,3,2,3,1,2,3,2,-0.124070359,0.676838482,0.211929655,0,1,0,0,2,0,1,1,0,0,2,0,4,1,0,1,0,0,3,1,0,0,0,0,0,-9,0,0,0,1,3,0,0,1,3,1,0,0,1,1,0,0,1,0,0,1,3,0,0,1,0,3
4831,49,1,0.07873388,0,98198,1,0,0,4,0,0,0,1,0,2,5,4,4,5,3,4,5,4,3,4,3,3,1,3,2,3,2,2,-0.892837044,-0.451847459,-1.356819969,0,1,0,0,2,0,1,1,0,0,2,0,4,0,0,3,0,0,3,1,1,0,0,0,0,1,1,0,0,1,3,0,1,0,2,0,1,0,2,0,1,0,2,0,1,0,2,0,0,1,0,3
4839,49,2,0.019491298,0,98059,0,1,0,2,0,1,0,0,0,2,1,3,2,3,4,3,3,2,3,3,3,1,1,1,3,2,2,2,0.525052936,0.822679447,0.720408487,0,1,0,0,2,0,1,1,0,0,2,0,4,0,0,3,0,0,3,1,0,0,1,1,0,-9,0,0,1,0,2,0,1,0,2,1,0,0,1,0,0,1,3,1,0,0,1,0,0,1,0,3
4842,31,2,0.523775193,0,8260,0,1,0,2,0,1,0,0,0,1,4,4,1,5,3,2,3,5,5,3,3,1,2,2,3,4,2,3,0.784899026,-0.803229246,-0.173333398,1,0,1,0,3,0,0,1,0,0,2,0,4,0,1,2,0,1,2,0,0,0,0,1,0,-9,0,0,1,0,2,0,1,0,2,1,0,0,1,0,0,1,3,1,0,0,1,0,0,0,1,4
4847,49,4,0.008456979,0,98407,0,1,0,3,0,0,1,0,0,2,6,3,3,5,3,3,1,4,5,2,3,1,2,3,3,1,3,3,0.061821362,0.094501295,-0.64311752,1,0,1,0,3,0,0,1,0,0,2,0,4,1,0,1,0,0,3,0,1,0,0,1,0,-9,0,0,1,0,2,0,1,0,2,1,0,0,1,1,0,0,1,0,1,0,2,0,0,0,1,4
4848,23,2,0.830526742,0,48864,0,1,0,2,0,1,0,0,0,3,3,3,3,4,3,3,3,3,4,3,3,2,3,2,2,2,2,3,-0.455348169,0.00693497,-0.969850375,0,0,0,0,1,1,1,1,0,0,2,0,4,0,1,2,0,1,2,1,1,1,0,0,0,-9,0,1,0,0,1,1,0,0,1,0,1,0,2,0,0,1,3,1,0,0,1,0,1,0,0,2
4849,49,2,0.159111145,0,98002,1,0,0,1,1,0,0,0,0,1,1,0,4,5,1,1,1,2,5,4,2,2,2,2,2,4,2,2,0.151870103,0.307935843,-0.015390106,1,0,0,0,1,1,1,1,0,0,2,0,4,0,0,3,0,1,2,0,0,0,1,0,0,-9,0,0,0,1,3,0,0,1,3,0,1,0,2,0,1,0,2,0,1,0,2,0,0,0,1,4
4852,49,2,0.059834601,0,98125,1,0,0,5,0,0,0,0,1,1,5,5,5,5,5,5,5,5,5,5,3,3,3,2,3,2,3,2,1.005623697,1.408695721,1.273973838,0,0,1,0,3,0,1,1,0,0,2,0,4,0,0,3,0,0,3,1,1,0,0,0,0,-9,0,0,0,1,3,0,0,1,3,0,1,0,2,0,0,1,3,1,0,0,1,0,0,0,1,4
4853,49,2,0.373591279,0,98177,0,1,0,3,0,0,1,0,0,3,3,0,3,3,3,3,3,3,3,3,2,2,2,2,2,3,3,3,-0.849085224,0.243209007,-1.040977825,1,0,0,0,1,0,1,1,0,0,2,0,4,0,0,3,0,1,2,0,0,0,1,0,0,1,1,0,0,1,3,0,1,0,2,1,0,0,1,1,0,0,1,1,0,0,1,0,0,0,1,4
4857,36,4,0.553116003,0,45440,0,1,0,1,1,0,0,0,0,5,3,0,3,5,3,3,3,3,3,3,2,2,2,2,2,3,3,3,-0.821323388,0.226556351,-1.028862748,1,1,0,0,2,0,0,1,0,0,2,0,4,1,0,1,0,1,2,1,0,0,0,0,0,1,1,0,1,0,2,0,1,0,2,0,1,0,2,0,1,0,2,1,0,0,1,0,0,1,0,3
4858,35,2,5.009230291,0,58104,0,1,0,3,0,0,1,0,0,1,3,2,4,3,1,2,2,4,5,3,2,2,2,2,3,4,2,3,1.013105661,-1.363603164,-0.844079092,1,1,0,0,2,0,0,1,0,0,2,0,4,0,0,3,0,0,3,1,0,0,0,0,0,-9,0,0,1,0,2,0,0,1,3,0,0,1,3,0,0,1,3,1,0,0,1,0,0,1,0,3
4861,7,4,0.068955878,0,6515,1,0,0,3,0,0,1,0,0,3,3,4,5,5,4,4,3,5,4,4,3,2,1,2,3,3,2,4,-0.467578832,-0.025797038,-0.259493387,1,0,1,0,3,0,1,1,0,0,2,0,4,1,0,1,0,1,2,0,1,0,0,1,1,-9,0,0,0,1,3,0,1,0,2,0,0,1,3,0,1,0,2,1,0,0,1,0,0,0,1,4
4867,23,2,1.230282643,0,49505,0,1,0,1,1,0,0,0,0,1,2,0,5,1,1,1,1,4,4,4,2,2,2,2,2,3,2,3,-0.361348165,0.217633868,1.323839324,0,1,0,0,2,1,1,0,0,0,1,1,1,0,1,2,0,0,3,1,0,0,0,1,0,-9,0,0,1,0,2,0,1,0,2,0,1,0,2,0,1,0,2,1,0,0,1,0,0,1,0,3
4869,36,4,0.209238907,0,45225,0,1,0,3,0,0,1,0,0,2,4,3,4,2,2,2,1,1,2,4,1,3,2,2,2,3,2,3,-0.790888326,0.396426996,-0.65579463,1,1,0,0,2,0,0,0,1,0,2,0,2,1,0,1,0,0,3,1,0,0,0,0,1,-9,0,0,1,0,2,0,1,0,2,0,0,1,3,1,0,0,1,1,0,0,1,0,0,1,0,3
4870,39,2,1.234303664,0,19015,1,0,0,2,0,1,0,0,0,2,5,2,2,4,2,2,1,5,5,5,2,2,2,1,3,4,2,2,1.330903506,-0.556709902,-0.022028292,1,1,0,0,2,0,0,1,0,0,2,0,4,0,1,2,1,0,1,0,0,0,1,1,0,-9,0,0,0,1,3,0,0,1,3,1,0,0,1,1,0,0,1,0,1,0,2,0,0,1,0,3
4872,39,2,3.930925666,0,16505,0,1,0,4,0,0,0,1,0,2,2,4,1,5,1,2,2,5,5,4,2,1,2,2,2,3,2,2,0.298002209,-0.540983718,0.544582177,1,1,0,0,2,1,1,1,0,0,2,0,4,0,0,3,1,0,1,0,1,0,0,1,0,-9,0,0,1,0,2,0,1,0,2,1,0,0,1,0,0,1,3,1,0,0,1,0,0,1,0,3
4875,28,4,0.25565425,0,68127,1,0,0,1,1,0,0,0,0,5,1,3,1,3,3,4,4,4,4,4,2,2,2,2,1,3,2,1,0.662901845,-1.650941693,-1.458213668,1,0,1,0,3,0,0,1,0,0,2,0,4,1,0,1,0,0,3,0,1,0,0,0,1,1,1,0,0,1,3,0,0,1,3,0,0,1,3,1,0,0,1,1,0,0,1,0,0,1,0,3
4882,31,2,0.726500839,0,7060,0,1,0,4,0,0,0,1,0,2,4,3,2,5,2,4,1,5,5,5,2,2,1,2,2,2,2,2,1.280100817,-0.004009763,0.853964756,0,0,1,0,3,0,0,0,1,0,2,0,2,0,1,2,0,1,2,1,0,0,1,0,0,-9,0,0,0,1,3,0,1,0,2,1,0,0,1,0,1,0,2,0,0,1,3,0,0,0,1,4
4893,3,4,0.004069846,1,85015,1,0,0,1,1,0,0,0,0,2,2,1,4,5,2,3,2,4,4,4,2,2,1,3,3,3,3,1,-0.563348733,-0.518966139,-0.910521691,0,0,0,1,4,0,0,0,1,0,2,0,2,1,0,1,1,0,1,0,0,0,0,0,1,1,1,0,0,1,3,0,0,1,3,0,1,0,2,0,1,0,2,0,0,1,3,0,0,0,1,4
4906,3,4,0.035497206,1,85307,0,1,0,3,0,0,1,0,0,3,1,0,3,3,1,1,1,1,1,1,2,2,2,2,2,4,4,4,-1.503991775,0.675653431,-1.226725846,1,0,0,1,4,0,0,1,0,0,2,0,4,1,0,1,1,0,1,0,0,0,0,1,0,-9,0,0,1,0,2,1,0,0,1,1,0,0,1,0,1,0,2,1,0,0,1,0,0,1,0,3
4908,3,4,0.027397651,1,85206,0,1,0,2,0,1,0,0,0,2,4,2,4,4,1,3,3,3,4,3,2,2,2,2,3,3,2,3,0.75147391,0.177966826,-0.602811491,1,0,0,1,4,1,1,1,0,0,2,0,4,0,1,2,0,1,2,0,1,0,0,1,0,1,1,0,1,0,2,0,0,1,3,0,0,1,3,0,0,1,3,1,0,0,1,0,0,1,0,3
4910,3,2,0.019578055,1,85014,1,0,0,2,0,1,0,0,0,3,4,5,2,5,4,4,4,5,5,5,2,1,1,2,3,2,2,2,0.197426001,1.02200785,0.24592682,1,0,1,0,3,0,0,1,0,0,2,0,4,1,0,1,0,1,2,1,0,0,1,1,0,1,1,0,0,1,3,0,0,1,3,1,0,0,1,0,0,1,3,0,1,0,2,0,0,0,1,4
4912,3,4,0.018907238,1,85345,0,1,0,2,0,1,0,0,0,1,3,4,4,4,2,2,2,4,4,4,2,2,1,1,2,4,3,3,0.522069786,-1.551585738,0.410766418,1,0,0,1,4,1,1,0,1,0,2,0,2,0,1,2,0,1,2,0,0,0,0,0,0,1,1,0,1,0,2,0,1,0,2,0,0,1,3,1,0,0,1,1,0,0,1,0,0,1,0,3
4913,3,2,0.090729518,1,85215,0,1,0,1,1,0,0,0,0,1,3,2,3,4,1,1,1,4,4,3,2,1,1,2,3,4,3,4,0.395437098,0.51544521,-0.091495539,1,0,0,1,4,1,1,1,0,0,2,0,4,0,0,3,1,0,1,0,0,0,0,1,0,1,1,0,1,0,2,0,1,0,2,0,0,1,3,1,0,0,1,1,0,0,1,0,1,0,0,2
4918,3,4,0.074745594,1,85033,0,1,0,1,1,0,0,0,0,2,6,2,2,5,3,5,1,5,5,4,2,1,2,2,3,3,2,2,0.39974574,1.539490655,-1.821257914,1,0,0,1,4,0,0,1,1,0,2,0,2,1,0,1,1,0,1,0,0,0,0,1,0,-9,0,0,0,1,3,0,1,0,2,1,0,0,1,1,0,0,1,1,0,0,1,0,0,1,0,3
4919,3,2,0.017765876,1,85053,1,0,0,4,0,0,0,1,0,2,4,3,4,5,3,4,5,3,4,5,2,1,2,2,3,2,3,2,0.568980554,1.150772518,0.096656387,1,1,0,0,2,0,0,1,0,0,2,0,4,0,1,2,0,0,3,1,1,0,0,1,0,-9,0,0,0,1,3,0,0,1,3,0,0,1,3,0,1,0,2,1,0,0,1,0,0,0,1,4
4923,3,4,0.034085718,0,85139,0,1,0,1,1,0,0,0,0,3,3,2,4,5,3,5,4,5,4,3,2,2,2,2,2,2,2,3,-0.593252583,-0.067971829,-0.670306719,1,1,0,0,2,0,0,1,0,0,2,0,4,0,1,2,0,0,3,0,0,0,0,1,0,1,1,0,1,0,2,1,0,0,1,0,1,0,2,1,0,0,1,1,0,0,1,1,0,0,0,1
4926,3,4,0.027397651,1,85323,0,1,0,2,0,1,0,0,0,3,2,4,2,5,3,3,5,5,5,3,2,1,3,2,3,2,2,4,-0.115420743,0.412734059,-0.776738462,1,0,0,1,4,1,1,1,0,0,2,0,4,0,1,2,0,1,2,0,0,0,0,1,0,1,1,0,1,0,2,0,1,0,2,0,1,0,2,1,0,0,1,1,0,0,1,0,0,1,0,3
4929,3,2,0.019301568,1,85017,1,0,0,1,1,0,0,0,0,1,2,1,4,5,4,3,3,5,5,5,2,1,1,1,3,1,2,2,0.286473834,0.297571391,0.300632726,1,0,1,0,3,0,0,1,0,0,2,0,4,0,1,2,0,1,2,0,0,0,0,1,0,1,1,0,0,1,3,0,0,1,3,0,0,1,3,0,1,0,2,1,0,0,1,0,0,1,0,3
4941,3,4,0.036433724,1,85008,1,0,0,5,0,0,0,0,1,4,5,5,5,5,3,1,3,4,5,5,2,3,1,1,3,1,2,1,-1.20158759,-0.891740531,-2.525283138,0,0,1,0,3,0,0,1,0,0,2,0,4,1,0,1,0,1,2,0,1,0,0,0,0,-9,0,0,0,1,3,0,0,1,3,0,1,0,2,0,0,1,3,0,1,0,2,0,0,1,0,3
4943,3,2,0.036508874,1,85006,1,0,0,1,1,0,0,0,0,1,2,1,4,5,3,3,1,4,5,3,2,1,1,3,3,3,2,2,-0.255050615,0.414430261,0.104861679,0,0,1,1,4,0,0,1,0,0,2,0,4,0,1,2,0,1,2,0,0,0,0,0,0,-9,0,0,0,1,3,0,0,1,3,0,0,1,3,0,1,0,2,0,1,0,2,0,0,0,1,4
4944,3,4,0.005786093,1,85033,0,1,0,3,0,0,1,0,0,3,6,1,3,5,3,2,2,4,4,3,2,1,1,2,2,4,2,3,-0.881281122,0.161495897,0.477011469,1,0,1,0,3,0,0,1,0,0,2,0,4,1,0,1,0,0,3,1,0,0,0,1,0,-9,0,0,0,1,3,0,1,0,2,1,0,0,1,1,0,0,1,1,0,0,1,0,0,1,0,3
4952,49,2,0.027685195,0,98118,0,1,0,2,0,1,0,0,0,2,3,5,2,5,3,3,4,4,5,4,1,1,1,1,3,2,2,2,1.038092991,1.693160936,0.80807302,0,1,0,0,2,0,1,1,0,0,2,0,4,0,0,3,0,0,3,1,0,1,0,0,0,1,1,0,0,1,3,0,1,0,2,1,0,0,1,1,0,0,1,0,0,1,3,0,0,0,1,4
4955,31,2,0.060224528,0,7060,0,1,0,3,0,0,1,0,0,3,5,4,4,4,4,4,4,4,4,4,2,2,2,2,2,3,3,3,0.067731785,0.818495615,0.088087581,0,0,1,0,3,0,0,0,1,0,2,0,2,1,0,1,0,0,3,0,0,0,0,1,0,-9,0,0,0,1,3,0,1,0,2,1,0,0,1,0,1,0,2,0,0,1,3,0,0,0,1,4
4965,3,2,0.060438327,1,85020,1,0,0,3,0,0,1,0,0,1,5,3,4,4,4,3,3,4,4,3,2,2,2,2,2,3,3,3,0.097206574,0.683194703,1.175536318,0,1,0,0,2,0,0,1,0,0,2,0,4,1,0,1,1,0,1,0,0,0,1,0,1,-9,0,0,0,1,3,0,0,1,3,0,1,0,2,0,0,1,3,1,0,0,1,0,0,0,1,4
4966,3,4,0.112859289,1,85041,0,1,0,2,0,1,0,0,0,2,1,1,4,5,1,2,1,3,4,2,2,1,2,2,3,4,4,4,-0.909990544,-1.64756631,0.579243462,0,0,0,1,4,0,0,1,0,0,2,0,4,0,0,3,0,1,2,0,0,0,0,1,0,-9,0,0,0,1,3,1,0,0,1,1,0,0,1,1,0,0,1,1,0,0,1,0,0,1,0,3
4980,3,2,0.105214009,1,85215,0,1,0,4,0,0,0,1,0,2,1,0,5,5,3,5,5,5,5,5,3,3,2,2,3,2,2,2,1.009648752,1.513731119,0.67111343,1,0,0,1,4,1,1,1,0,0,2,0,4,0,0,3,0,1,2,0,0,0,0,1,0,-9,0,0,1,0,2,0,1,0,2,0,0,1,3,1,0,0,1,1,0,0,1,0,1,0,0,2
4981,3,2,0.121396372,1,85268,0,1,0,2,0,1,0,0,0,1,2,1,3,4,2,2,1,4,4,2,2,2,2,2,2,4,3,2,-0.945597916,-0.999380432,0.723245441,1,1,0,0,2,0,0,1,0,0,2,0,4,0,0,3,0,1,2,0,0,0,0,0,0,1,1,1,0,0,1,1,0,0,1,0,1,0,2,1,0,0,1,1,0,0,1,1,0,0,0,1
4987,3,2,0.267362052,1,85006,1,0,0,2,0,1,0,0,0,1,2,2,4,4,3,4,2,4,3,3,2,3,2,2,2,4,2,2,-0.279508518,-0.661196267,0.304136712,1,1,0,0,2,0,0,1,0,0,1,1,1,1,0,1,0,0,3,1,0,0,0,0,0,-9,0,0,0,1,3,0,0,1,3,0,0,1,3,0,1,0,2,0,1,0,2,0,0,0,1,4
4988,3,2,0.146616012,1,85034,0,1,0,2,0,1,0,0,0,1,1,1,2,5,1,1,1,4,3,1,2,1,1,1,3,1,1,1,0.463066388,1.20077615,1.240302085,0,0,0,0,1,0,0,0,1,0,2,0,2,0,0,3,0,0,3,0,0,0,1,0,0,1,1,1,0,0,1,0,0,1,3,0,0,1,3,0,1,0,2,0,0,1,3,0,0,0,1,4
4991,3,4,0.029173185,1,85283,1,0,0,1,1,0,0,0,0,3,1,0,5,5,3,1,1,4,4,5,2,2,2,2,2,3,3,3,-1.685070128,-0.182861692,0.432011027,0,0,0,0,1,0,0,1,0,0,2,0,4,1,0,1,1,0,1,0,0,0,0,0,1,-9,0,0,0,1,3,0,0,1,3,0,0,1,3,0,1,0,2,1,0,0,1,0,0,0,1,4
4995,23,2,0.642320963,0,48213,0,1,0,2,0,1,0,0,0,1,3,5,5,1,5,5,5,5,5,5,1,3,3,2,3,2,2,2,-0.276304904,1.145117893,0.810715628,1,0,0,0,1,0,0,0,1,0,2,0,2,0,1,2,0,1,2,0,0,0,0,1,0,0,0,0,1,0,2,1,0,0,1,0,1,0,2,1,0,0,1,1,0,0,1,0,0,1,0,3
5005,3,2,0.049949924,1,85017,1,0,0,2,0,1,0,0,0,2,2,3,2,3,4,2,2,3,3,2,2,1,1,2,3,3,2,3,-1.230042282,-0.36992307,-1.75462834,1,0,0,0,1,0,0,0,0,0,2,0,5,1,0,1,0,0,3,1,0,0,0,0,0,-9,0,0,0,1,3,0,0,1,3,0,0,1,3,0,1,0,2,1,0,0,1,0,0,1,0,3
5009,3,2,0.073997684,1,85212,0,1,0,3,0,0,1,0,0,1,4,4,3,4,3,2,3,5,4,3,3,3,2,3,3,3,2,2,0.502124597,0.898216298,0.101910305,0,0,0,0,1,0,0,1,0,0,2,0,4,1,0,1,1,0,1,0,0,0,1,1,0,-9,0,1,0,0,1,1,0,0,1,0,1,0,2,0,1,0,2,1,0,0,1,1,0,0,0,1
5016,3,2,0.275823194,1,85031,0,1,0,1,1,0,0,0,0,3,1,0,2,3,3,1,2,1,2,2,2,2,2,2,2,3,4,3,0.09054036,0.808896175,-0.173147093,0,0,0,0,1,0,0,1,0,0,1,1,1,1,0,1,0,1,2,0,0,1,1,1,0,-9,0,0,0,1,3,0,1,0,2,1,0,0,1,1,0,0,1,1,0,0,1,0,0,0,1,4
5017,3,2,0.142256312,1,85008,1,0,0,3,0,0,1,0,0,2,4,3,3,5,3,3,4,4,4,3,3,1,3,3,3,2,2,2,-0.229010466,0.35374239,-1.550367176,0,0,1,0,3,1,1,0,0,1,2,0,3,0,1,2,1,0,1,0,0,0,0,1,0,-9,0,0,0,1,3,0,0,1,3,0,1,0,2,0,0,1,3,0,1,0,2,0,0,1,0,3
5020,3,2,0.097848657,1,85338,0,1,0,1,1,0,0,0,0,2,1,0,1,5,3,3,1,4,5,3,2,1,1,1,2,1,2,2,0.378604062,0.337928859,-0.226719997,0,1,0,0,2,0,0,1,0,0,2,0,4,0,0,3,0,0,3,1,0,1,1,1,0,-9,0,1,0,0,1,1,0,0,1,0,1,0,2,0,0,1,3,1,0,0,1,0,1,0,0,2
5027,3,2,0.029843153,1,85282,1,0,0,2,0,1,0,0,0,2,2,1,2,3,3,4,2,4,4,4,2,2,2,2,3,3,3,3,-0.140913951,0.556768671,0.130261244,0,1,0,0,2,0,0,1,0,0,2,0,4,0,1,2,0,0,3,1,0,1,1,1,0,-9,0,0,0,1,3,0,0,1,3,0,0,1,3,0,0,1,3,0,1,0,2,0,0,0,1,4
5043,23,2,4.219478298,0,49120,0,1,0,3,0,0,1,0,0,2,3,3,5,3,1,1,1,5,3,1,2,2,2,2,2,4,3,4,-1.657664857,-1.363691484,0.315334216,0,1,0,0,2,0,0,1,0,0,2,0,4,0,0,3,0,0,3,1,0,0,0,1,0,-9,0,1,0,0,1,1,0,0,1,1,0,0,1,0,1,0,2,1,0,0,1,1,0,0,0,1
5044,24,2,1.531711766,0,55060,0,1,0,1,1,0,0,0,0,1,1,1,4,3,2,2,3,4,4,4,3,1,1,2,3,3,3,3,-0.230484844,0.043355797,-0.376784456,0,1,0,0,2,1,1,1,0,0,2,0,4,0,0,3,0,0,3,1,0,0,1,1,0,1,1,1,0,0,1,0,1,0,2,0,1,0,2,1,0,0,1,1,0,0,1,1,0,0,0,1
5053,3,4,0.011189373,1,85021,1,0,0,2,0,1,0,0,0,3,3,3,4,3,3,3,3,3,3,3,3,3,2,2,3,2,2,4,-1.888875855,-1.518352754,-0.255606143,1,1,0,0,2,0,0,0,1,0,2,0,2,1,0,1,0,1,2,0,1,0,0,0,0,1,1,0,0,1,3,0,0,1,3,1,0,0,1,0,1,0,2,0,0,1,3,0,0,0,1,4
5054,3,4,0.035718198,1,85015,1,0,0,1,1,0,0,0,0,1,1,1,4,5,2,1,1,4,5,3,2,2,2,2,2,4,3,4,0.562346009,0.158886282,-0.486719676,0,0,0,0,1,0,0,1,0,0,2,0,4,1,0,1,1,0,1,0,0,0,0,1,0,1,1,0,0,1,3,0,0,1,3,0,1,0,2,0,1,0,2,0,0,1,3,0,0,0,1,4
5055,49,4,0.028283521,0,98402,0,1,0,1,1,0,0,0,0,1,5,5,1,3,3,1,4,5,5,5,2,2,1,2,2,4,2,2,-1.083692513,0.114506136,0.150407265,0,0,1,0,3,0,0,0,0,0,2,0,5,0,0,0,1,0,1,0,0,0,0,0,0,0,0,0,1,0,2,0,0,1,3,0,0,1,3,0,1,0,2,0,0,1,3,0,0,0,1,4
5056,14,2,0.879426794,0,60804,1,0,0,5,0,0,0,0,1,3,1,5,2,4,4,4,4,5,5,5,2,2,2,2,2,2,2,2,0.899193424,-0.312398108,0.93693902,0,1,0,0,2,0,0,0,1,0,2,0,2,1,0,1,0,1,2,1,0,0,1,0,0,-9,0,0,0,1,3,0,0,1,3,1,0,0,1,0,1,0,2,0,0,1,3,0,0,0,1,4
5062,22,2,0.090358623,0,98074,0,1,0,3,0,0,1,0,0,2,2,1,3,5,4,2,2,3,5,5,3,3,1,3,3,2,2,2,0.695249084,0.93030403,0.853589905,1,1,0,0,2,1,1,0,1,0,2,0,2,0,0,3,0,0,3,1,0,0,0,0,0,1,1,0,1,0,2,1,0,0,1,1,0,0,1,1,0,0,1,1,0,0,1,0,1,0,0,2
5075,14,2,5.743931735,0,61401,0,1,0,1,1,0,0,0,0,1,5,4,4,4,4,4,2,4,4,4,3,2,3,2,3,2,2,2,-0.164673049,0.577768414,0.077665531,0,1,0,0,2,0,0,1,0,0,2,0,4,1,0,1,1,0,1,0,0,0,1,0,0,-9,0,0,1,0,2,0,1,0,2,0,1,0,2,1,0,0,1,1,0,0,1,1,0,0,0,1
5085,3,2,0.013900981,1,85024,0,1,0,1,1,0,0,0,0,3,1,0,4,5,3,4,3,4,5,4,2,2,2,3,3,2,2,2,0.361039762,0.717724592,0.685516543,1,1,0,0,2,1,1,1,0,0,2,0,4,0,0,3,0,0,3,1,0,0,1,1,1,1,1,0,0,1,3,0,1,0,2,0,0,1,3,0,1,0,2,1,0,0,1,0,0,1,0,3
5087,3,3,0.173575162,1,85323,0,1,0,1,1,0,0,0,0,2,4,2,4,2,3,4,3,2,3,4,2,2,2,2,2,3,2,3,-0.748603062,0.649375596,-1.643176384,0,0,0,0,1,0,0,0,0,1,2,0,3,0,1,2,0,0,3,1,0,0,0,1,0,1,1,0,1,0,2,0,1,0,2,0,1,0,2,1,0,0,1,1,0,0,1,0,0,1,0,3
5090,49,1,0.079027229,0,98122,1,0,0,2,0,1,0,0,0,2,2,3,2,4,1,1,3,4,5,5,2,2,1,1,1,2,2,2,0.682700136,0.931523917,-0.642103819,1,0,0,0,1,0,0,0,1,0,1,1,1,1,0,1,1,0,1,0,0,0,0,1,0,-9,0,0,0,1,3,0,0,1,3,1,0,0,1,0,0,1,3,0,0,1,3,0,0,0,1,4
5094,3,4,0.000281983,1,85020,1,0,0,3,0,0,1,0,0,4,3,1,3,3,4,4,4,4,3,3,1,1,3,3,2,4,3,2,-0.683337545,-0.155546247,-0.331728046,1,1,0,0,2,0,0,0,0,0,2,0,5,1,0,1,0,0,3,1,1,0,0,0,1,-9,0,0,0,1,3,0,0,1,3,0,1,0,2,0,0,1,3,1,0,0,1,0,0,0,1,4
5113,3,4,0.012283018,1,85021,1,0,0,2,0,1,0,0,0,1,4,2,3,5,3,3,2,4,5,5,2,1,1,1,3,2,2,3,-0.279039554,-0.576619615,-0.393481288,1,0,1,0,3,0,0,1,0,0,2,0,4,1,0,1,1,0,1,0,0,0,0,0,1,-9,0,0,0,1,3,0,0,1,3,1,0,0,1,0,1,0,2,0,0,1,3,0,0,0,1,4
5116,3,2,0.057003702,1,85295,0,1,0,3,0,0,1,0,0,2,1,1,4,2,1,2,3,3,4,3,3,1,1,2,2,3,3,4,-0.550513444,-0.569641624,0.716161948,1,1,0,0,2,0,0,1,0,0,2,0,4,0,0,3,0,0,3,0,0,0,0,1,0,-9,0,0,1,0,2,0,0,1,3,0,0,1,3,0,0,1,3,1,0,0,1,0,0,1,0,3
5130,3,2,0.042885141,1,85004,0,1,0,2,0,1,0,0,0,3,3,3,4,4,1,1,1,5,2,1,2,1,1,1,3,3,3,2,-1.475985529,0.934197794,0.877769991,0,0,0,0,1,0,0,1,0,0,2,0,4,0,1,2,1,0,1,0,1,0,1,0,1,1,1,0,1,0,2,0,0,1,3,0,0,1,3,0,1,0,2,0,0,1,3,0,0,0,1,4
5132,3,4,0.242913819,1,85204,0,1,0,1,1,0,0,0,0,1,3,0,5,3,1,1,1,1,5,2,2,2,2,2,2,4,3,4,-0.676293402,-0.276272458,0.200748788,1,1,0,0,2,0,0,1,0,0,2,0,4,1,0,1,0,1,2,1,0,0,0,0,1,1,1,0,0,1,3,0,1,0,2,0,0,1,3,0,1,0,2,0,1,0,2,0,0,0,1,4
5140,3,4,0.084345313,1,85354,0,0,1,1,1,0,0,0,0,1,1,0,5,4,1,3,1,1,1,2,3,2,2,2,2,3,3,2,-0.207699624,0.069741363,0.685691375,0,1,0,0,2,0,0,1,0,0,1,1,1,0,1,2,0,0,3,1,0,0,0,0,0,-9,0,1,0,0,1,1,0,0,1,1,0,0,1,0,0,1,3,1,0,0,1,1,0,0,0,1
5151,49,2,0.084826513,0,98444,0,1,0,2,0,1,0,0,0,2,2,2,4,4,2,4,1,4,5,4,2,1,1,1,3,2,2,2,0.91312787,0.212176902,-0.062422774,1,1,0,0,2,0,0,1,0,0,2,0,4,0,1,2,1,0,1,0,0,0,1,0,0,-9,0,0,0,1,3,0,1,0,2,0,0,1,3,0,1,0,2,0,1,0,2,0,0,0,1,4
5153,26,4,0.065947695,0,64132,0,1,0,3,0,0,1,0,0,3,4,3,4,4,2,3,2,4,4,3,2,3,3,3,2,3,2,3,-0.282380207,0.216983704,-0.382389707,0,1,0,0,2,0,0,0,1,0,2,0,2,1,0,1,0,0,3,1,0,0,0,1,1,-9,0,0,1,0,2,0,1,0,2,0,0,1,3,0,1,0,2,1,0,0,1,0,0,1,0,3
5155,39,2,0.313212237,0,18201,1,0,0,3,0,0,1,0,0,3,5,3,3,3,3,3,3,4,3,4,3,2,3,1,2,4,2,2,-0.715612783,0.324558995,0.61140844,0,1,0,0,2,0,0,1,0,0,2,0,4,0,1,2,0,0,3,1,0,0,1,0,0,-9,0,0,0,1,3,0,0,1,3,1,0,0,1,0,1,0,2,1,0,0,1,0,1,0,0,2
5162,39,4,0.085356376,0,19053,0,1,0,3,0,0,1,0,0,3,3,2,4,5,1,1,1,4,1,1,2,1,3,2,3,4,2,3,-1.42206901,0.163879028,1.120285882,0,1,0,0,2,1,1,1,0,0,2,0,4,1,0,1,1,0,1,0,0,0,0,1,0,1,1,0,1,0,2,0,1,0,2,0,1,0,2,0,0,1,3,0,0,1,3,0,0,1,0,3
5170,14,2,0.34347444,0,60155,1,0,0,4,0,0,0,1,0,3,4,4,1,4,2,2,2,2,5,5,2,2,2,2,2,3,2,2,0.479786326,0.886445354,-0.322116937,0,1,0,0,2,1,1,0,1,0,2,0,2,0,1,2,0,1,2,0,0,0,0,1,0,-9,0,0,0,1,3,0,0,1,3,0,1,0,2,0,0,1,3,1,0,0,1,0,0,0,1,4
5171,39,2,0.639129205,0,17241,0,1,0,1,1,0,0,0,0,2,1,1,5,1,1,1,1,2,1,2,2,2,2,2,2,4,4,3,-0.570099131,0.059729449,0.032503272,0,1,0,0,2,0,0,1,0,0,2,0,4,0,1,2,1,0,1,0,0,0,1,1,0,1,1,1,0,0,1,1,0,0,1,1,0,0,1,1,0,0,1,1,0,0,1,1,0,0,0,1
5176,39,2,0.278987064,0,15210,0,1,0,1,1,0,0,0,0,1,4,3,3,2,1,3,1,1,1,1,2,2,2,2,2,3,3,4,-0.418337131,-1.232624111,-0.256070596,0,0,1,0,3,0,0,1,0,0,2,0,4,1,0,1,1,0,1,0,0,0,1,1,0,-9,0,0,0,1,3,0,1,0,2,1,0,0,1,0,1,0,2,0,0,1,3,0,0,0,1,4
5178,23,4,0.239121051,0,49309,0,0,1,2,0,1,0,0,0,1,1,0,4,5,1,2,1,4,4,3,2,2,1,2,2,1,2,3,-0.732973725,0.877006701,-0.666739436,0,0,1,0,3,0,0,1,0,0,2,0,4,1,0,1,1,0,1,0,0,0,0,1,0,-9,0,1,0,0,1,1,0,0,1,1,0,0,1,1,0,0,1,1,0,0,1,1,0,0,0,1
5183,39,2,1.196745862,0,18302,0,1,0,3,0,0,1,0,0,3,5,4,5,1,2,3,4,5,3,4,1,2,2,2,1,1,1,1,-0.685503853,1.394384607,0.859183002,0,1,0,0,2,0,1,1,0,0,2,0,4,0,0,3,0,0,3,1,0,0,0,1,0,-9,0,1,0,0,1,1,0,0,1,1,0,0,1,1,0,0,1,1,0,0,1,1,0,0,0,1
5184,51,4,0.196702494,0,53955,0,1,0,1,1,0,0,0,0,1,5,3,4,2,4,4,2,5,4,3,2,1,3,1,2,2,2,2,0.112229756,0.336723815,-1.484446245,0,1,0,0,2,0,0,1,0,0,2,0,4,1,0,1,0,1,2,0,1,0,0,1,0,-9,0,1,0,0,1,1,0,0,1,0,1,0,2,1,0,0,1,1,0,0,1,1,0,0,0,1
5195,33,2,0.846652041,0,10470,1,0,0,3,0,0,1,0,0,3,3,4,4,4,4,5,4,4,4,5,2,3,3,2,2,4,4,4,-0.349275169,0.833499838,-0.684826033,0,1,0,0,2,0,1,1,0,0,2,0,4,0,0,3,0,0,3,0,0,1,0,0,0,-9,0,0,0,1,3,0,0,1,3,0,0,1,3,0,1,0,2,0,0,1,3,0,0,0,1,4
5197,39,2,0.09237453,0,16652,0,1,0,2,0,1,0,0,0,2,4,3,4,5,3,2,2,5,5,5,2,1,1,1,3,2,2,2,0.043521986,-0.189138645,0.810282945,0,0,0,0,1,0,1,1,0,0,2,0,4,1,0,1,0,0,3,0,0,0,1,0,0,-9,0,1,0,0,1,0,1,0,2,1,0,0,1,0,0,1,3,1,0,0,1,1,0,0,0,1
5205,31,2,2.317632693,0,7410,1,0,0,4,0,0,0,1,0,2,2,2,2,4,2,2,1,4,5,4,3,1,2,2,3,3,3,3,-0.225318822,0.019100815,0.153426211,0,1,0,0,2,1,1,1,0,0,2,0,4,0,0,3,0,1,2,0,0,0,1,1,0,-9,0,0,0,1,3,0,0,1,3,0,0,1,3,0,0,1,3,0,0,1,3,0,0,0,1,4
5210,39,2,0.482881147,0,19147,1,0,0,3,0,0,1,0,0,3,4,5,2,5,1,1,3,3,2,3,2,2,1,1,3,2,2,2,0.11134147,0.162660331,0.522902789,0,1,0,0,2,0,0,1,0,0,2,0,4,1,0,1,1,0,1,0,0,0,1,0,1,-9,0,0,0,1,3,0,0,1,3,0,1,0,2,0,0,1,3,0,0,1,3,0,0,0,1,4
5211,36,2,1.324381497,0,43160,0,1,0,3,0,0,1,0,0,4,3,4,4,3,2,4,3,4,4,2,3,2,2,3,2,3,3,1,0.182140519,1.206932885,-1.22254444,0,1,0,0,2,0,0,1,0,0,2,0,4,0,1,2,0,0,3,1,1,0,0,0,0,-9,0,1,0,0,1,0,1,0,2,0,1,0,2,0,1,0,2,1,0,0,1,1,0,0,0,1
5217,35,2,2.678877533,0,58012,0,1,0,3,0,0,1,0,0,2,4,2,4,4,4,3,2,4,4,3,2,2,2,2,2,4,3,3,-0.33685415,0.013208083,-0.291256548,0,0,1,0,3,0,0,1,0,0,2,0,4,0,0,3,0,0,3,0,0,0,0,1,0,-9,0,1,0,0,1,1,0,0,1,1,0,0,1,0,0,1,3,1,0,0,1,1,0,0,0,1
5219,28,2,2.898973206,0,68660,0,0,1,3,0,0,1,0,0,1,3,3,3,4,4,5,5,4,4,5,1,1,1,1,3,2,2,2,0.277528997,0.687869814,0.961779182,0,1,0,0,2,0,1,1,0,0,2,0,4,0,0,3,1,0,1,0,0,0,1,1,0,-9,0,1,0,0,1,1,0,0,1,1,0,0,1,0,0,1,3,1,0,0,1,1,0,0,0,1
5220,39,2,0.508469322,0,15112,0,1,0,2,0,1,0,0,0,2,4,3,3,4,1,1,1,5,5,3,2,1,1,1,3,3,2,3,0.2928183,1.292254462,0.869333789,0,0,0,0,1,1,1,0,1,0,2,0,2,0,0,3,0,0,3,1,0,1,1,1,0,-9,0,0,1,0,2,0,1,0,2,0,1,0,2,1,0,0,1,1,0,0,1,0,0,1,0,3
5238,7,2,2.381884302,0,6877,0,1,0,4,0,0,0,1,0,3,5,5,4,4,3,3,4,4,4,4,3,1,1,1,3,2,2,2,-0.319588047,0.781502856,0.137134677,0,1,0,0,2,0,1,1,0,0,2,0,4,0,0,3,0,0,3,1,0,0,0,1,0,-9,0,1,0,0,1,1,0,0,1,1,0,0,1,0,1,0,2,0,1,0,2,1,0,0,0,1
5240,31,4,0.10748783,0,8638,1,0,0,2,0,1,0,0,0,2,2,0,5,3,3,3,3,3,3,3,2,2,1,1,3,2,2,4,-0.550469146,0.347019017,-0.176438863,0,1,0,0,2,0,0,0,1,0,2,0,2,1,0,1,1,0,1,0,0,0,0,0,1,-9,0,0,0,1,3,0,0,1,3,0,0,1,3,1,0,0,1,0,1,0,2,0,0,0,1,4
5245,16,2,0.909813791,0,52807,0,1,0,1,1,0,0,0,0,1,5,0,5,1,1,1,1,1,5,1,2,2,2,2,2,4,4,4,-0.013595225,-2.024177517,-1.744880516,0,1,0,0,2,0,0,0,1,0,2,0,2,1,0,1,1,0,1,0,0,0,1,0,0,-9,0,1,0,0,1,0,0,1,3,0,0,1,3,0,1,0,2,1,0,0,1,0,1,0,0,2
5248,33,4,0.223151264,0,13679,0,0,1,1,1,0,0,0,0,1,3,1,5,4,1,1,1,4,4,4,2,2,2,2,2,4,3,3,0.481400027,-1.214881219,1.067050357,0,0,1,0,3,0,0,1,0,0,2,0,4,1,0,1,0,0,3,1,0,0,0,1,0,-9,0,1,0,0,1,1,0,0,1,1,0,0,1,1,0,0,1,1,0,0,1,1,0,0,0,1
5249,33,4,0.329573715,0,13774,0,0,1,1,1,0,0,0,0,1,5,1,5,5,1,4,1,5,5,5,2,1,2,2,2,3,3,4,0.876037646,0.045643013,-0.42102808,0,1,0,0,2,0,0,1,0,0,2,0,4,0,1,2,0,1,2,0,1,0,0,1,0,-9,0,1,0,0,1,1,0,0,1,0,1,0,2,1,0,0,1,1,0,0,1,1,0,0,0,1
5256,39,4,0.149028526,0,15014,1,0,0,2,0,1,0,0,0,1,2,1,5,5,1,1,1,1,5,2,2,1,1,2,3,3,3,3,-0.261527749,-1.393574045,-1.877263311,0,1,0,0,2,0,0,1,0,0,2,0,4,1,0,1,0,1,2,0,0,0,0,1,0,1,1,0,0,1,3,0,0,1,3,1,0,0,1,1,0,0,1,1,0,0,1,0,0,0,1,4
5258,33,2,0.496946896,0,13801,0,0,1,4,0,0,0,1,0,3,2,3,3,4,1,3,3,4,3,3,2,1,2,2,2,4,3,3,-0.074297699,0.217164642,0.593578905,0,1,0,0,2,0,0,1,0,0,2,0,4,1,0,1,1,0,1,0,0,1,1,1,0,-9,0,1,0,0,1,1,0,0,1,0,1,0,2,1,0,0,1,1,0,0,1,1,0,0,0,1
5259,39,2,1.006121277,0,15501,0,1,0,3,0,0,1,0,0,3,4,4,4,5,4,4,5,5,5,4,2,3,2,2,3,3,3,3,0.73755963,1.352543513,0.630637739,0,1,0,0,2,1,1,1,0,0,2,0,4,0,0,3,0,0,3,1,0,0,0,1,0,-9,0,1,0,0,1,0,1,0,2,0,1,0,2,0,1,0,2,1,0,0,1,1,0,0,0,1
5260,33,2,1.858841679,0,11237,1,0,0,5,0,0,0,0,1,1,5,5,5,5,5,4,5,4,5,5,3,3,3,2,3,3,2,3,0.732356119,0.978318593,1.200879772,0,0,0,0,1,0,1,1,0,0,2,0,4,0,0,3,0,0,3,1,1,1,0,0,0,-9,0,0,0,1,3,0,0,1,3,1,0,0,1,0,1,0,2,0,0,1,3,0,0,0,1,4
5264,33,4,0.352418738,0,10990,0,1,0,1,1,0,0,0,0,1,1,0,5,4,5,3,4,5,5,4,2,3,3,2,3,2,2,3,0.255114511,0.557559604,-0.296535891,0,1,0,0,2,0,0,1,0,0,2,0,4,0,1,2,0,0,3,0,0,0,0,1,0,-9,0,1,0,0,1,1,0,0,1,1,0,0,1,0,1,0,2,1,0,0,1,1,0,0,0,1
5266,33,2,0.335860994,0,13618,0,0,1,1,1,0,0,0,0,1,2,1,1,5,1,1,1,3,3,1,2,1,1,2,3,3,3,4,-0.861332047,-0.341451642,1.516356248,0,0,0,0,1,0,0,1,0,0,2,0,4,1,0,1,0,0,3,1,0,0,1,1,0,-9,0,0,0,0,0,0,0,0,0,0,0,0,0,0,0,0,0,0,0,0,0,0,0,0,0,0
5271,33,2,0.380203299,0,10027,1,0,0,1,1,0,0,0,0,2,2,2,2,3,2,2,2,2,3,2,2,2,3,1,3,3,4,4,-1.924830564,-0.132433391,0.084708765,0,1,0,0,2,0,0,1,0,0,2,0,4,1,0,1,0,1,2,0,0,0,1,0,0,1,1,0,0,1,3,0,0,1,3,0,0,1,3,0,0,1,3,0,0,1,3,0,0,0,1,4
5272,39,2,3.462478269,0,18704,0,1,0,5,0,0,0,0,1,1,1,5,5,5,1,4,4,2,4,4,2,2,2,2,2,3,3,4,0.860842532,-1.784691123,0.478729316,0,0,1,0,3,0,0,1,0,0,1,1,1,0,1,2,0,0,3,0,0,0,1,1,0,-9,0,0,1,0,2,0,0,1,3,0,1,0,2,0,0,1,3,1,0,0,1,0,1,0,0,2
5274,33,2,1.958086624,0,11803,1,0,0,3,0,0,1,0,0,1,1,0,4,4,4,4,5,5,5,4,2,2,2,2,2,3,3,3,1.122103362,1.465400162,0.788874879,0,1,0,0,2,0,1,1,0,0,1,1,1,0,0,3,0,1,2,1,0,0,0,1,0,-9,0,0,0,1,3,0,0,1,3,0,0,1,3,1,0,0,1,1,0,0,1,0,0,0,1,4
5276,7,4,0.639597291,0,6105,1,0,0,2,0,1,0,0,0,1,2,0,5,5,1,2,3,5,5,2,2,1,1,1,1,3,2,4,-0.24296966,0.091999184,-0.502961597,0,1,0,0,2,0,0,0,1,0,2,0,2,0,1,2,0,0,3,0,0,0,0,0,0,1,1,0,0,1,3,0,0,1,3,0,1,0,2,0,0,1,3,0,0,1,3,0,0,0,1,4
5277,31,2,0.387948687,0,7724,0,1,0,1,1,0,0,0,0,1,6,1,3,3,3,3,2,3,3,3,2,2,2,2,2,4,3,4,-1.182227335,-0.380363278,-0.831683481,0,1,0,0,2,0,0,0,1,0,2,0,2,1,0,1,0,1,2,1,0,0,0,0,0,-9,0,1,0,0,1,0,0,1,3,0,0,1,3,0,0,1,3,0,1,0,2,0,0,1,0,3
5283,15,2,0.294328957,0,46311,0,1,0,1,1,0,0,0,0,1,2,0,3,3,4,4,3,2,4,4,2,2,2,2,2,3,3,3,0.029780699,0.871734614,-0.360908327,1,0,1,0,3,1,1,1,0,0,2,0,4,0,1,2,0,1,2,0,0,0,1,1,0,-9,0,0,1,0,2,0,0,1,3,1,0,0,1,0,0,1,3,1,0,0,1,0,1,0,0,2
5286,36,2,0.586655446,0,44669,0,0,1,2,0,1,0,0,0,2,4,3,4,4,2,3,2,4,4,3,2,1,2,2,3,3,3,3,0.174805793,-0.092896874,0.063630636,0,1,0,0,2,0,1,1,0,0,2,0,4,0,1,2,0,1,2,0,0,0,0,1,0,1,1,1,0,0,1,1,0,0,1,0,1,0,2,1,0,0,1,1,0,0,1,1,0,0,0,1
5287,21,4,0.169500596,0,21703,0,1,0,2,0,1,0,0,0,3,2,3,3,3,3,3,3,3,3,3,2,2,2,2,2,3,3,3,-0.870553864,0.106474482,-0.646524248,1,0,1,0,3,1,1,1,0,0,2,0,4,1,0,1,0,1,2,0,1,0,0,0,0,1,1,0,1,0,2,0,1,0,2,0,0,1,3,0,1,0,2,0,1,0,2,0,0,1,0,3
5290,42,4,1.338688051,0,29640,0,1,0,2,0,1,0,0,0,3,3,1,4,5,2,4,1,4,5,4,2,3,2,2,2,3,2,4,0.593143707,-0.614520573,-0.103776492,1,1,0,0,2,0,0,1,0,0,2,0,4,0,1,2,0,0,3,1,1,0,0,0,0,-9,0,1,0,0,1,1,0,0,1,0,1,0,2,0,1,0,2,1,0,0,1,1,0,0,0,1
5295,10,2,0.579063676,0,32233,0,1,0,3,0,0,1,0,0,3,5,5,1,5,1,1,1,2,4,1,1,1,1,1,3,1,3,1,-2.34257908,-0.661865604,-0.789871859,1,1,0,0,2,0,0,1,0,0,2,0,4,1,0,1,0,1,2,0,1,0,1,0,0,1,1,0,1,0,2,0,1,0,2,0,0,1,3,0,1,0,2,1,0,0,1,0,0,1,0,3
5298,48,2,1.507438543,0,24153,0,1,0,3,0,0,1,0,0,2,5,5,4,4,5,4,1,5,5,5,2,2,2,2,2,3,2,2,1.395227072,0.263511458,0.947319139,0,0,1,0,3,0,1,1,0,0,2,0,4,1,0,1,1,0,1,0,0,0,1,0,0,-9,0,1,0,0,1,0,1,0,2,0,1,0,2,0,1,0,2,1,0,0,1,0,1,0,0,2
5299,45,2,0.720281751,1,77019,1,0,0,1,1,0,0,0,0,1,5,1,2,5,1,4,1,5,5,5,3,1,2,2,3,2,2,2,0.542345191,-0.857003301,0.714355712,1,1,0,0,2,1,1,1,0,0,2,0,4,1,0,1,1,0,1,0,0,0,1,0,0,1,1,0,0,1,3,0,0,1,3,1,0,0,1,0,0,1,3,1,0,0,1,0,0,0,1,4
5304,10,4,0.972300287,0,33947,0,0,1,1,1,0,0,0,0,2,4,3,1,5,1,4,4,5,5,5,2,1,1,1,3,2,2,2,1.857999897,-0.92296828,0.7153894,1,0,1,0,3,1,1,1,0,0,2,0,4,0,1,2,1,0,1,0,0,0,0,1,0,-9,0,0,0,0,0,0,0,0,0,0,0,0,0,0,0,0,0,0,0,0,0,0,0,0,0,0
5307,39,2,0.145195352,0,19335,0,1,0,3,0,0,1,0,0,2,4,1,4,4,2,2,2,2,3,3,2,2,2,2,2,3,3,4,-0.472676469,0.607985288,-0.512363603,1,1,0,0,2,1,1,1,0,0,2,0,4,1,0,1,1,0,1,0,0,0,1,0,0,-9,0,1,0,0,1,0,1,0,2,0,1,0,2,0,0,1,3,0,1,0,2,0,1,0,0,2
5321,31,2,0.297498632,0,7111,1,0,0,1,1,0,0,0,0,3,5,5,5,5,5,5,5,5,5,5,3,1,1,1,2,3,2,1,0.080033753,1.410229305,1.349490319,0,1,0,0,2,0,0,0,1,0,1,1,1,1,0,1,0,1,2,0,0,1,0,0,0,1,1,0,0,1,3,0,0,1,3,0,0,1,3,1,0,0,1,1,0,0,1,0,0,0,1,4
5326,34,1,1.498508711,0,27410,0,1,0,3,0,0,1,0,0,3,2,4,2,1,3,4,1,5,5,3,2,1,2,2,3,4,2,2,0.385084513,-1.711325554,1.689628926,1,0,0,0,1,0,0,1,0,0,2,0,4,0,1,2,0,0,3,0,0,0,1,1,0,-9,0,0,1,0,2,0,1,0,2,0,1,0,2,0,1,0,2,1,0,0,1,1,0,0,0,1
5327,34,2,1.001875284,0,27893,0,1,0,3,0,0,1,0,0,2,3,3,4,3,4,4,5,4,4,2,2,2,2,2,2,3,2,2,0.66999722,1.041677073,0.591537126,0,1,0,0,2,0,0,0,1,0,2,0,2,0,1,2,0,0,3,0,0,0,0,0,0,1,1,1,0,0,1,0,1,0,2,0,1,0,2,0,0,1,3,1,0,0,1,1,0,0,0,1
5330,15,2,0.844420826,0,46517,0,1,0,2,0,1,0,0,0,3,4,4,4,5,4,3,4,3,5,4,2,3,2,2,2,2,3,2,-0.536960451,0.784900031,0.637445106,0,0,0,0,1,1,1,1,0,0,2,0,4,0,1,2,0,1,2,0,0,1,0,1,0,1,1,0,1,0,2,0,1,0,2,0,1,0,2,0,0,1,3,1,0,0,1,0,1,0,0,2
5331,33,2,0.352063003,0,11225,1,0,0,5,0,0,0,0,1,1,1,5,4,5,1,1,1,4,5,1,2,2,2,2,2,3,2,3,-0.077982444,-0.87416786,0.838602563,1,0,0,0,1,0,1,0,1,0,2,0,2,0,1,2,0,0,3,0,0,0,0,0,1,-9,0,0,0,1,3,0,0,1,3,1,0,0,1,1,0,0,1,0,0,1,3,0,0,1,0,3
5332,46,2,30.19834591,0,84074,0,1,0,3,0,0,1,0,0,2,3,4,4,4,3,3,3,3,5,4,2,3,2,2,2,3,3,3,0.67070514,1.047654679,0.883394835,1,0,0,0,1,1,1,1,0,0,2,0,4,0,0,3,0,0,3,1,0,0,1,1,0,1,1,1,0,0,1,1,0,0,1,1,0,0,1,0,0,1,3,1,0,0,1,0,1,0,0,2
5333,33,2,0.806111829,0,12043,0,1,0,3,0,0,1,0,0,2,4,3,4,4,4,5,3,5,5,4,2,2,1,2,3,3,2,3,-0.211032881,1.243882147,-0.420131266,1,0,0,0,1,0,0,1,0,0,2,0,4,0,1,2,0,0,3,1,0,0,0,1,0,-9,0,1,0,0,1,0,1,0,2,1,0,0,1,0,0,1,3,1,0,0,1,1,0,0,0,1
5339,10,4,0.289588952,0,32091,0,1,0,4,0,0,0,1,0,3,4,4,3,4,3,3,3,4,4,4,1,1,1,1,2,1,1,1,0.039067363,0.746392774,0.076387477,1,1,0,0,2,0,0,1,0,0,2,0,4,1,0,1,0,0,3,1,1,0,0,1,0,1,1,1,0,0,1,1,0,0,1,0,1,0,2,0,1,0,2,1,0,0,1,1,0,0,0,1
5345,34,2,0.388799489,0,27520,0,1,0,2,0,1,0,0,0,2,3,3,3,4,5,4,2,4,4,5,1,2,2,2,3,1,3,4,0.636500213,1.177730874,-0.009062385,0,0,0,0,1,1,1,1,0,0,2,0,4,0,1,2,0,0,3,0,0,0,0,1,0,-9,0,1,0,0,1,1,0,0,1,0,1,0,2,0,0,1,3,1,0,0,1,1,0,0,0,1
5347,10,2,5.417767066,1,32836,0,1,0,2,0,1,0,0,0,2,4,3,4,4,5,5,4,4,4,5,2,2,2,2,2,3,3,3,0.8903751,0.487383011,-0.021087946,1,0,0,0,1,1,1,1,0,0,1,1,1,0,0,3,0,0,3,1,0,1,1,1,0,-9,0,1,0,0,1,1,0,0,1,0,0,1,3,0,0,1,3,1,0,0,1,1,0,0,0,1
5359,11,2,0.906565574,0,30236,0,1,0,2,0,1,0,0,0,3,1,4,4,3,4,4,4,4,5,1,3,2,3,2,3,2,3,2,-0.221989099,0.530867917,-0.672133665,1,1,0,0,2,0,0,0,1,0,2,0,2,0,1,2,0,0,3,1,0,0,0,1,0,1,1,1,0,0,1,0,1,0,2,0,1,0,2,0,1,0,2,1,0,0,1,0,1,0,0,2
5360,42,2,4.045660899,0,29520,0,0,1,2,0,1,0,0,0,2,2,1,2,5,2,2,2,5,5,3,2,2,2,2,2,4,3,4,0.074447346,-0.731062733,0.481420125,1,0,0,0,1,0,1,0,0,1,2,0,3,0,0,3,0,1,2,0,0,0,1,1,0,-9,0,1,0,0,1,1,0,0,1,1,0,0,1,1,0,0,1,1,0,0,1,1,0,0,0,1
5368,33,2,0.821943436,0,10469,1,0,0,2,0,1,0,0,0,2,5,3,1,3,4,4,5,5,5,4,1,1,1,1,3,2,2,2,0.469662245,0.740844105,0.449870095,0,0,0,0,1,1,1,0,1,0,2,0,2,0,0,3,0,0,3,1,0,0,0,1,0,-9,0,0,0,1,3,0,0,1,3,1,0,0,1,1,0,0,1,0,0,1,3,0,0,0,1,4
5373,11,2,2.432606897,0,30180,0,1,0,3,0,0,1,0,0,3,6,5,1,5,3,5,5,1,3,4,2,1,1,1,3,2,2,2,-0.71495447,0.517619023,1.092690185,1,0,0,0,1,0,0,1,0,0,2,0,4,0,1,2,0,1,2,0,1,0,0,1,0,-9,0,1,0,0,1,1,0,0,1,0,1,0,2,0,1,0,2,1,0,0,1,1,0,0,0,1
5376,36,3,0.271761375,0,45206,1,0,0,3,0,0,1,0,0,1,4,3,3,4,5,4,4,4,3,3,2,2,2,2,3,2,3,2,-1.077889633,1.141885736,-0.945962725,0,0,0,0,1,0,0,0,1,0,2,0,2,1,0,1,1,0,1,0,0,0,0,0,1,-9,0,0,0,1,3,0,0,1,3,0,0,1,3,0,0,1,3,1,0,0,1,0,0,0,1,4
5383,11,2,1.619577484,0,31082,0,1,0,2,0,1,0,0,0,3,4,5,3,5,3,3,3,5,5,5,2,2,1,1,1,2,2,2,0.22805341,1.04166514,0.64835864,1,1,0,0,2,0,0,1,0,0,2,0,4,0,1,2,0,1,2,0,0,0,1,1,0,-9,0,1,0,0,1,1,0,0,1,0,1,0,2,0,1,0,2,1,0,0,1,1,0,0,0,1
5384,18,2,1.007070738,0,40962,0,0,1,2,0,1,0,0,0,3,4,3,3,4,4,3,5,5,4,4,2,3,2,2,1,2,2,1,-0.069828219,0.729575557,0.456678473,0,0,0,0,1,0,0,1,0,0,2,0,4,0,1,2,0,1,2,1,0,0,1,1,0,-9,0,1,0,0,1,1,0,0,1,1,0,0,1,1,0,0,1,1,0,0,1,1,0,0,0,1
5393,11,2,1.678369534,0,31322,0,1,0,3,0,0,1,0,0,2,5,5,1,4,2,3,3,4,3,4,2,1,3,1,3,1,2,2,-2.019099457,0.611220417,1.255491884,0,1,0,0,2,0,0,1,0,0,2,0,4,0,0,3,0,1,2,1,0,0,0,1,0,-9,0,1,0,0,1,1,0,0,1,0,1,0,2,1,0,0,1,1,0,0,1,1,0,0,0,1
5394,23,2,0.338965339,0,48174,0,1,0,2,0,1,0,0,0,3,3,3,3,3,3,3,3,3,3,3,2,2,3,2,2,3,3,4,-0.261471522,0.655228308,-0.881774822,1,1,0,0,2,0,0,0,1,0,2,0,2,0,1,2,0,0,3,1,0,0,1,0,0,-9,0,1,0,0,1,1,0,0,1,0,0,1,3,0,0,1,3,1,0,0,1,1,0,0,0,1
5398,26,4,0.864848699,0,63122,0,1,0,4,0,0,0,1,0,3,5,3,2,4,2,2,2,4,4,2,3,1,2,2,3,1,2,2,-0.170389939,0.147923175,-0.758400885,1,1,0,0,2,0,0,1,0,0,2,0,4,1,0,1,0,0,3,1,0,0,0,1,0,1,1,0,1,0,2,0,0,1,3,0,1,0,2,0,0,1,3,1,0,0,1,0,0,1,0,3
5406,7,3,5.084674777,0,6854,1,0,0,1,1,0,0,0,0,1,4,1,4,5,2,2,1,5,5,5,2,2,2,2,2,3,2,2,0.011298353,0.830730791,0.290260957,1,0,0,0,1,0,0,0,0,1,1,1,1,1,0,1,0,0,3,1,0,0,0,0,0,-9,0,0,0,1,3,0,0,1,3,0,0,1,3,1,0,0,1,0,0,1,3,0,0,1,0,3
5408,15,4,1.478793281,0,46517,0,1,0,5,0,0,0,0,1,1,6,3,4,3,4,4,5,5,5,5,3,3,2,2,2,4,3,4,0.703720801,-0.563105798,1.23591789,1,1,0,0,2,0,0,1,0,0,2,0,4,1,0,1,0,0,3,1,1,0,0,0,0,1,1,0,1,0,2,0,1,0,2,0,1,0,2,0,0,1,3,1,0,0,1,0,1,0,0,2
5416,36,2,1.330469981,0,44484,0,1,0,2,0,1,0,0,0,1,4,1,4,4,3,3,3,1,4,4,2,3,2,3,3,1,1,2,-0.840355265,1.317662612,0.287280937,0,0,0,0,1,0,0,1,0,0,2,0,4,1,0,1,1,0,1,0,0,1,1,0,0,1,1,1,0,0,1,0,1,0,2,0,1,0,2,0,0,1,3,1,0,0,1,1,0,0,0,1
5420,11,2,1.535811408,0,30311,0,1,0,3,0,0,1,0,0,2,4,4,3,5,4,5,4,3,4,5,3,2,2,2,2,2,3,2,-0.849085224,0.243209007,-1.040977825,0,1,0,0,2,0,0,0,1,0,2,0,2,0,1,2,0,0,3,1,0,0,0,0,0,-9,0,0,1,0,2,1,0,0,1,0,0,1,3,1,0,0,1,0,1,0,2,0,0,1,0,3
5426,39,2,5.038970671,0,19013,0,1,0,2,0,1,0,0,0,1,5,3,5,4,4,4,4,5,5,4,2,2,2,1,3,3,2,2,0.909102697,1.039190108,0.998372285,0,0,0,0,1,0,0,0,1,0,2,0,2,0,0,3,1,0,1,0,0,0,0,1,0,1,1,0,0,1,3,0,1,0,2,0,0,1,3,1,0,0,1,0,0,1,3,0,0,0,1,4
5428,31,2,0.636228802,0,8861,1,0,0,5,0,0,0,0,1,3,4,3,1,1,5,5,5,3,5,5,2,3,3,3,3,2,2,3,0.5597026,-0.505579658,0.401927964,0,0,0,0,1,0,0,0,1,0,1,1,1,1,0,1,1,0,1,0,0,0,0,0,0,1,1,0,0,1,3,0,0,1,3,0,0,1,3,0,1,0,2,0,0,1,3,0,0,0,1,4
5429,33,1,22.75281203,0,10016,1,0,0,4,0,0,0,1,0,2,3,4,3,4,4,3,3,3,3,5,3,2,2,2,2,3,3,2,-0.261102534,1.596080558,-0.144117795,0,0,0,0,1,1,1,1,1,0,1,1,1,0,1,2,1,0,1,0,0,0,0,1,0,-9,0,0,0,1,3,0,0,1,3,0,0,1,3,0,0,1,3,0,0,1,3,0,0,0,1,4
5432,41,2,17.93720333,0,2907,1,0,0,2,0,1,0,0,0,2,1,0,5,5,3,5,1,4,3,1,2,2,1,2,3,2,2,4,-1.194966425,1.098102293,0.298301081,0,0,0,0,1,0,0,0,0,0,2,0,5,1,0,1,0,0,3,1,1,0,0,0,1,-9,0,0,0,1,3,0,0,1,3,0,1,0,2,0,0,1,3,1,0,0,1,0,0,0,1,4
5442,45,2,12.56016865,0,73301,1,0,0,3,0,0,1,0,0,2,3,5,4,5,5,4,5,4,5,5,2,2,2,2,2,3,3,3,0.636364249,0.374761695,0.315066895,0,0,0,0,1,0,0,0,1,0,2,0,2,1,0,1,1,0,1,0,0,0,0,1,0,1,1,0,0,0,0,0,0,0,0,0,0,0,0,0,0,0,0,0,0,0,0,0,0,0,0,0
5444,42,4,0.27000194,0,29111,0,0,1,5,0,0,0,0,1,5,4,1,1,5,1,2,2,5,4,1,3,1,3,2,3,4,4,4,-2.596659921,-1.330508161,1.194937287,0,0,0,0,1,0,0,0,1,0,2,0,2,1,0,1,1,0,1,0,0,0,0,0,1,-9,0,1,0,0,1,1,0,0,1,0,1,0,2,1,0,0,1,1,0,0,1,1,0,0,0,1
5447,7,2,0.548687098,0,6076,0,1,0,2,0,1,0,0,0,1,1,3,4,4,2,4,2,4,4,5,2,2,3,2,2,3,3,3,0.657223851,0.738261299,0.483164121,0,1,0,0,2,0,0,1,0,0,2,0,4,1,0,1,0,1,2,1,0,0,1,0,0,-9,0,1,0,0,1,1,0,0,1,1,0,0,1,0,1,0,2,1,0,0,1,1,0,0,0,1
5448,31,2,0.90037585,0,8361,0,1,0,3,0,0,1,0,0,3,1,2,1,1,3,3,4,5,5,5,2,2,3,3,3,2,2,2,0.073576002,0.468364572,1.098835567,0,0,0,0,1,0,0,1,0,0,1,1,1,1,0,1,0,0,3,1,0,0,1,1,0,1,1,1,0,0,1,1,0,0,1,1,0,0,1,1,0,0,1,1,0,0,1,1,0,0,0,1
5449,45,2,2.099833227,1,77078,0,1,0,4,0,0,0,1,0,1,5,4,3,3,3,5,5,5,5,5,3,3,3,3,3,2,2,2,1.25324985,1.355569333,1.02341003,0,0,0,0,1,0,1,0,1,0,2,0,2,0,0,3,0,0,3,1,0,0,0,0,0,-9,0,0,1,0,2,1,0,0,1,1,0,0,1,0,1,0,2,1,0,0,1,0,1,0,0,2
5459,23,4,0.978855177,0,49441,0,1,0,2,0,1,0,0,0,3,3,2,2,4,2,3,4,5,4,4,3,3,1,2,2,3,3,3,-1.724020187,0.340418756,0.892960342,0,1,0,0,2,0,0,0,0,0,2,0,5,1,0,1,0,1,2,1,0,0,0,1,1,-9,0,0,1,0,2,0,1,0,2,1,0,0,1,0,1,0,2,1,0,0,1,0,1,0,0,2
5460,19,2,2.129431815,0,70560,0,1,0,4,0,0,0,1,0,2,5,3,4,5,4,4,4,4,4,5,2,3,2,2,2,4,2,2,0.128556736,0.914673252,0.59875426,0,0,0,0,1,0,0,0,1,0,2,0,2,0,1,2,0,0,3,1,0,0,1,0,0,-9,0,0,1,0,2,0,1,0,2,1,0,0,1,1,0,0,1,1,0,0,1,1,0,0,0,1
5463,11,2,0.829236385,0,30331,0,1,0,3,0,0,1,0,0,2,3,2,3,3,4,3,3,3,3,3,3,1,1,2,1,3,3,3,-0.064585513,-0.006422258,-0.691047165,0,0,0,0,1,0,0,0,1,0,2,0,2,1,0,1,1,0,1,0,0,0,1,0,1,1,1,0,1,0,2,0,1,0,2,0,0,1,3,0,0,1,3,1,0,0,1,0,0,1,0,3
5466,10,2,0.468361817,1,33145,1,0,0,4,0,0,0,1,0,2,5,4,4,5,3,4,4,5,4,5,3,1,2,2,2,3,3,3,1.118181982,1.157456394,0.554461202,0,1,0,0,2,1,1,1,0,0,2,0,4,0,1,2,0,0,3,1,0,0,0,1,0,1,1,0,0,1,3,0,0,1,3,1,0,0,1,0,1,0,2,0,1,0,2,0,0,0,1,4
5467,33,2,0.998158456,0,14532,0,0,1,2,0,1,0,0,0,3,2,4,2,3,3,1,5,3,4,3,2,2,2,2,3,3,4,3,-0.924499228,0.621747598,0.445253995,0,0,0,0,1,0,0,1,0,0,2,0,4,0,1,2,0,0,3,0,0,1,1,0,0,1,1,1,0,0,1,1,0,0,1,0,0,1,3,0,0,1,3,1,0,0,1,1,0,0,0,1
5469,33,4,0.422562948,0,12182,1,0,0,2,0,1,0,0,0,1,5,4,4,5,1,1,1,4,4,4,3,1,1,1,3,1,2,1,0.725603604,0.990308194,0.990454151,0,0,0,0,1,0,0,1,0,0,2,0,4,1,0,1,1,0,1,0,0,0,0,0,1,1,1,0,0,1,3,0,0,1,3,1,0,0,1,0,0,1,3,1,0,0,1,0,0,0,1,4
5474,11,2,0.785219051,0,30135,0,1,0,3,0,0,1,0,0,3,4,3,3,3,4,3,3,3,3,3,2,3,3,2,2,2,3,2,-0.139313516,0.436199822,0.29968645,0,0,0,0,1,0,0,0,1,0,2,0,2,0,1,2,0,1,2,1,0,0,1,0,0,-9,0,1,0,0,1,1,0,0,1,1,0,0,1,0,1,0,2,1,0,0,1,1,0,0,0,1
5477,10,2,0.484960987,0,32608,0,1,0,1,1,0,0,0,0,1,5,5,3,3,3,2,1,3,3,1,2,1,3,3,3,2,2,4,-1.644717515,0.418601662,-1.575530043,0,0,0,0,1,0,0,1,0,0,2,0,4,1,0,1,0,0,3,1,0,0,1,0,0,1,1,0,1,0,2,0,1,0,2,0,0,1,3,0,0,1,3,1,0,0,1,0,0,1,0,3
5502,10,2,1.843979145,0,34952,0,1,0,4,0,0,0,1,0,2,5,3,4,4,5,5,4,4,4,4,1,3,1,1,2,3,3,3,-0.275757534,0.944035196,-1.509293934,0,0,0,0,1,1,1,0,1,0,2,0,2,0,1,2,0,1,2,0,0,0,0,1,0,-9,0,1,0,0,1,0,1,0,2,0,1,0,2,0,0,1,3,1,0,0,1,1,0,0,0,1
5504,45,2,0.560547497,1,77331,0,0,1,2,0,1,0,0,0,2,2,3,1,4,1,2,4,4,4,2,2,2,2,2,2,3,3,2,-0.022358277,-1.177422011,-0.600237494,0,1,0,0,2,0,0,1,0,0,2,0,4,1,0,1,0,0,3,0,0,0,0,1,0,-9,0,0,0,0,0,0,0,0,0,0,0,0,0,0,0,0,0,0,0,0,0,0,0,0,0,0
5507,44,4,0.689586756,0,37604,0,1,0,2,0,1,0,0,0,3,2,1,2,4,1,1,1,2,3,2,2,1,1,1,3,4,3,4,0.225835156,-1.538484734,-2.298685648,0,0,0,0,1,0,0,1,0,0,2,0,4,0,1,2,0,0,3,0,0,0,0,1,0,1,1,1,0,0,1,0,1,0,2,0,1,0,2,1,0,0,1,1,0,0,1,0,1,0,0,2
5509,36,2,1.011494306,0,43213,1,0,0,1,1,0,0,0,0,1,2,1,4,3,4,4,3,5,2,4,2,3,2,2,2,1,3,2,-1.350696135,0.653291223,-0.551596575,0,1,0,0,2,0,0,1,0,0,2,0,4,1,0,1,1,0,1,0,0,0,0,0,0,-9,0,0,0,1,3,0,1,0,2,0,1,0,2,0,0,1,3,1,0,0,1,0,0,1,0,3
5510,11,3,0.210779156,0,30032,0,1,0,3,0,0,1,0,0,1,3,2,2,3,1,2,3,2,4,2,1,1,1,1,1,2,1,1,-0.716458104,1.20343389,-1.208506988,0,0,0,0,1,0,0,0,1,0,2,0,2,1,0,1,0,0,3,0,0,0,0,1,0,-9,0,0,1,0,2,1,0,0,1,0,1,0,2,0,1,0,2,0,1,0,2,0,0,1,0,3
5521,48,2,0.843904149,0,23220,1,0,0,3,0,0,1,0,0,3,5,4,5,5,5,5,5,5,5,5,2,1,3,2,3,1,3,2,0.422062337,1.357969045,0.813213558,0,0,0,0,1,0,0,0,1,0,2,0,2,0,1,2,0,0,3,1,0,0,0,1,0,-9,0,0,0,1,3,0,0,1,3,0,0,1,3,0,0,1,3,1,0,0,1,0,0,0,1,4
5522,3,2,0.01308686,0,10940,0,1,0,3,0,0,1,0,0,2,1,3,1,1,4,4,4,4,4,4,2,2,2,2,3,2,2,3,0.148501091,0.793040711,0.119110752,0,0,0,0,1,1,1,1,0,0,1,1,1,1,0,1,0,0,3,1,1,0,0,0,0,-9,0,0,1,0,2,0,1,0,2,1,0,0,1,0,0,1,3,0,1,0,2,0,1,0,0,2
5524,19,2,0.701763095,0,70570,0,1,0,3,0,0,1,0,0,3,4,3,4,4,3,2,3,3,1,3,2,2,2,3,2,3,2,2,-0.315970623,-0.246426177,-1.061396471,0,0,0,0,1,0,0,0,1,0,2,0,2,1,0,1,0,1,2,0,0,0,0,0,0,-9,0,1,0,0,1,1,0,0,1,0,1,0,2,1,0,0,1,1,0,0,1,1,0,0,0,1
5529,45,2,0.514816209,1,76112,0,1,0,3,0,0,1,0,0,2,4,3,2,4,2,2,1,4,4,5,3,1,1,1,3,3,3,3,-0.28409893,-0.419203085,0.392709575,0,0,0,0,1,1,1,1,0,0,2,0,4,1,0,1,0,1,2,0,0,0,0,1,0,-9,0,0,1,0,2,1,0,0,1,0,0,1,3,1,0,0,1,0,1,0,2,0,0,1,0,3
5535,45,3,0.602006764,1,78577,1,0,0,2,0,1,0,0,0,2,4,3,2,4,3,4,4,5,5,3,2,1,1,1,3,2,2,2,-0.531674561,0.70198162,-0.838130905,0,0,0,0,1,0,0,1,0,0,1,1,1,1,0,1,0,0,3,0,0,0,0,0,0,-9,0,0,0,1,3,0,0,1,3,0,1,0,2,0,0,1,3,1,0,0,1,0,1,0,0,2
5535,45,3,0.602006764,1,78577,1,0,0,2,0,1,0,0,0,2,4,3,2,4,3,4,4,5,5,3,2,1,1,1,3,2,2,2,-0.531674561,0.70198162,-0.838130905,0,0,0,0,1,0,0,1,0,0,1,1,1,1,0,1,0,0,3,0,0,0,0,0,0,-9,0,0,0,1,3,0,0,1,3,0,1,0,2,0,0,1,3,1,0,0,1,0,1,0,0,2
5546,29,3,6.55E-06,1,89101,1,0,0,3,0,0,1,0,0,2,4,3,3,5,3,5,4,5,5,5,3,2,2,2,2,2,2,2,1.088048623,1.282003532,0.845755216,0,0,0,0,1,0,0,0,1,0,2,0,2,1,0,1,1,0,1,0,0,0,0,0,1,1,1,0,0,1,3,0,0,1,3,0,0,1,3,0,1,0,2,0,0,1,3,0,0,0,1,4
5547,39,4,0.176670671,0,19143,1,0,0,2,0,1,0,0,0,1,3,2,4,3,2,3,2,2,2,2,2,1,3,1,3,2,2,2,-0.410074663,0.581038323,-0.191276729,0,1,0,0,2,0,0,1,0,0,2,0,4,1,0,1,0,0,3,0,0,0,0,1,0,-9,0,0,0,1,3,0,0,1,3,1,0,0,1,1,0,0,1,0,0,1,3,0,0,0,1,4
5556,31,2,0.192353955,0,8502,0,1,0,4,0,0,0,1,0,3,3,3,2,4,2,2,2,4,5,4,2,1,2,2,2,2,2,2,0.946727837,0.927076699,0.644876943,0,1,0,0,2,1,1,0,1,0,2,0,2,0,1,2,1,0,1,0,0,0,0,0,0,-9,0,1,0,0,1,1,0,0,1,1,0,0,1,0,0,1,3,1,0,0,1,1,0,0,0,1
5563,11,2,1.884937164,0,30680,0,1,0,4,0,0,0,1,0,4,4,4,1,3,5,5,5,4,5,5,1,3,1,1,1,2,2,2,0.078890787,1.216657327,0.245257915,0,1,0,0,2,0,1,1,0,0,2,0,4,0,0,3,0,0,3,1,0,0,0,0,0,-9,0,1,0,0,1,1,0,0,1,0,1,0,2,0,1,0,2,1,0,0,1,1,0,0,0,1
5566,14,4,0.014899404,0,60411,0,1,0,4,0,0,0,1,0,4,3,3,3,3,3,3,3,3,3,3,2,2,1,1,1,3,3,3,-0.889668891,-0.15817437,-1.060328578,0,1,0,0,2,0,0,0,1,0,2,0,2,0,0,0,1,0,1,0,1,0,0,0,1,-9,0,0,1,0,2,0,1,0,2,1,0,0,1,0,1,0,2,1,0,0,1,0,0,1,0,3
5568,14,4,0.251492717,0,60827,0,1,0,1,1,0,0,0,0,2,1,1,2,4,1,2,1,4,1,2,2,2,2,2,3,3,3,3,-0.22697859,1.297169075,0.929671302,0,0,0,0,1,0,0,0,1,0,2,0,2,1,0,1,0,0,3,1,0,0,0,1,0,-9,0,0,0,1,3,0,1,0,2,0,0,1,3,1,0,0,1,0,0,1,3,0,0,0,1,4
5572,11,2,0.843904149,0,31701,0,1,0,3,0,0,1,0,0,1,4,1,1,5,1,1,3,3,5,3,2,1,1,2,3,1,2,1,0.330670888,0.89024192,0.754723137,0,0,0,0,1,0,0,0,1,0,2,0,2,0,1,2,0,0,3,1,0,0,1,1,0,-9,0,1,0,0,1,0,1,0,2,1,0,0,1,0,1,0,2,1,0,0,1,0,1,0,0,2
5575,33,4,1.547087898,0,13502,0,1,0,1,1,0,0,0,0,4,3,0,3,3,3,3,3,3,3,3,2,3,2,2,2,3,3,3,-1.285102623,0.313946527,-0.852098924,0,0,0,0,1,0,0,1,0,0,2,0,4,1,0,1,0,0,3,0,0,0,0,0,0,1,1,0,1,0,2,0,0,1,3,0,0,1,3,0,1,0,2,1,0,0,1,0,0,1,0,3
5576,11,2,0.480278239,0,30436,0,0,1,1,1,0,0,0,0,3,3,2,3,2,1,3,1,1,2,2,3,2,2,2,2,3,3,3,-0.066409561,1.00261575,-3.226153144,0,0,0,0,1,0,0,1,0,0,2,0,4,1,0,1,0,1,2,0,0,0,0,1,0,1,1,1,0,0,1,1,0,0,1,1,0,0,1,1,0,0,1,1,0,0,1,1,0,0,0,1
5580,14,2,2.866678003,0,61081,0,1,0,3,0,0,1,0,0,3,3,4,3,3,3,3,3,3,3,3,2,2,2,2,2,3,3,3,0.494053023,0.552475346,0.339646574,0,0,0,0,1,0,0,1,0,0,2,0,4,0,1,2,1,0,1,0,0,0,0,1,0,-9,0,1,0,0,1,1,0,0,1,1,0,0,1,1,0,0,1,1,0,0,1,1,0,0,0,1
5584,21,2,0.328703516,0,21205,1,0,0,1,1,0,0,0,0,3,3,3,3,2,4,2,4,4,4,4,2,2,3,3,2,3,3,2,-1.145135731,0.077109221,0.795332418,0,0,0,0,1,0,0,0,1,0,2,0,2,1,0,1,1,0,1,0,0,1,1,0,0,-9,0,0,0,1,3,0,0,1,3,1,0,0,1,1,0,0,1,0,0,1,3,0,0,0,1,4
5589,23,4,0.275098876,0,48035,0,1,0,1,1,0,0,0,0,2,2,1,3,5,3,3,3,2,4,4,1,1,3,3,3,2,2,2,-0.420168341,-0.65421765,-0.798132173,0,0,0,0,1,0,0,1,0,0,2,0,4,1,0,1,0,0,3,0,1,0,0,1,1,0,0,0,1,0,2,0,1,0,2,0,1,0,2,0,0,1,3,1,0,0,1,1,0,0,0,1
5593,26,2,2.282834762,0,64138,0,1,0,2,0,1,0,0,0,3,2,1,3,4,1,3,4,4,4,3,3,2,1,2,3,3,3,3,-0.993690587,0.138921924,0.618917465,0,0,0,0,1,0,1,1,0,0,2,0,4,0,0,3,0,1,2,0,0,0,1,1,0,-9,0,0,1,0,2,1,0,0,1,0,1,0,2,0,1,0,2,1,0,0,1,0,1,0,0,2
5600,11,1,1.439650989,0,30667,0,0,1,3,0,0,1,0,0,3,3,0,2,3,3,3,4,3,4,4,3,2,2,2,2,3,3,3,-0.829249698,0.705654966,-0.14167306,0,0,0,0,1,0,0,0,1,0,2,0,2,1,0,1,0,0,3,1,0,0,0,1,0,-9,0,1,0,0,1,1,0,0,1,1,0,0,1,1,0,0,1,1,0,0,1,1,0,0,0,1
5601,42,2,0.458532242,0,29550,0,1,0,1,1,0,0,0,0,1,1,1,5,1,5,1,5,5,5,5,1,3,1,1,1,1,2,2,1.235869981,1.703106171,0.841479895,0,0,0,0,1,0,0,1,0,0,2,0,4,1,0,1,0,0,3,1,0,0,1,1,0,-9,0,1,0,0,1,1,0,0,1,1,0,0,1,0,1,0,2,1,0,0,1,1,0,0,0,1
5606,47,2,0.399223273,0,5055,0,0,1,3,0,0,1,0,0,2,2,1,4,4,4,3,3,3,4,4,2,1,1,1,3,2,2,3,-0.737832131,0.237409438,-0.248401147,0,0,0,0,1,1,1,1,0,0,1,1,1,0,1,2,1,0,1,0,0,0,1,1,0,-9,0,1,0,0,1,1,0,0,1,0,1,0,2,0,0,1,3,1,0,0,1,1,0,0,0,1
5608,24,4,2.004637412,0,55406,1,0,0,2,0,1,0,0,0,2,1,0,2,3,4,3,2,3,5,3,3,1,1,1,3,2,2,2,0.233686965,0.470722316,-0.185026149,0,0,0,0,1,0,0,1,0,0,1,1,1,1,0,1,0,1,2,0,0,0,0,0,0,-9,0,0,0,1,3,0,0,1,3,0,1,0,2,0,1,0,2,0,0,1,3,0,0,0,1,4
5616,36,2,2.031365577,0,44125,1,0,0,3,0,0,1,0,0,3,4,3,3,3,5,5,5,5,4,4,1,1,1,1,1,2,2,2,0.577422918,0.89085796,0.20464066,0,1,0,0,2,0,0,0,1,0,1,1,1,1,0,1,1,0,1,0,0,0,0,1,0,-9,0,0,0,1,3,0,1,0,2,0,1,0,2,0,1,0,2,1,0,0,1,0,0,1,0,3
5620,45,2,1.151825531,1,77073,0,1,0,3,0,0,1,0,0,2,3,3,3,4,5,3,4,3,3,3,2,3,2,3,3,2,3,1,0.490437716,0.552167996,1.010079915,0,1,0,0,2,1,1,1,0,0,2,0,4,0,1,2,1,0,1,0,0,0,0,1,0,-9,0,0,1,0,2,0,0,1,3,0,0,1,3,0,0,1,3,1,0,0,1,0,1,0,0,2
5623,6,4,2.54E-07,0,80206,1,0,0,1,1,0,0,0,0,3,6,0,3,3,3,3,3,3,3,3,2,2,2,2,2,3,3,3,-0.806934585,-1.820996166,0.463627596,0,0,0,0,1,0,0,1,0,0,2,0,4,1,0,1,0,0,3,1,0,0,0,0,1,-9,0,0,0,1,3,0,0,1,3,1,0,0,1,0,0,1,3,1,0,0,1,0,0,0,1,4
5626,31,2,0.304715083,0,8103,1,0,0,3,0,0,1,0,0,2,3,3,3,2,2,3,3,3,3,3,1,1,2,2,3,1,2,3,-0.787978318,0.216557953,-1.118553535,0,1,0,0,2,0,0,0,1,0,1,1,1,1,0,1,0,0,3,1,0,0,0,0,0,-9,0,0,0,1,3,0,0,1,3,0,0,1,3,0,1,0,2,0,0,1,3,0,0,0,1,4
5631,14,2,0.332403297,0,60411,0,1,0,3,0,0,1,0,0,3,4,4,3,3,3,3,2,5,4,4,2,2,1,1,3,3,3,3,0.124156265,0.502973148,-0.482441356,0,1,0,0,2,0,0,0,1,0,2,0,2,1,0,1,0,0,3,1,0,0,1,0,0,1,1,0,1,0,2,0,1,0,2,1,0,0,1,0,1,0,2,1,0,0,1,0,0,1,0,3
5635,39,1,11.07924971,0,19601,1,0,0,2,0,1,0,0,0,1,5,2,5,5,2,1,1,5,4,3,2,1,1,2,3,4,2,4,0.237926339,-1.289798883,0.65633061,0,0,0,0,1,0,0,0,0,0,1,1,1,1,0,1,1,0,1,0,0,0,1,0,0,-9,0,0,0,1,3,0,0,1,3,0,1,0,2,0,0,1,3,1,0,0,1,0,1,0,0,2
5641,15,4,1.045660707,0,47421,0,1,0,2,0,1,0,0,0,3,1,1,4,5,2,1,1,4,5,1,2,1,1,2,3,1,2,4,-0.796866166,-1.553043681,-0.560116055,0,0,0,0,1,0,0,1,0,0,2,0,4,1,0,1,0,0,3,0,0,0,0,1,0,0,0,1,0,0,1,0,1,0,2,1,0,0,1,0,1,0,2,1,0,0,1,1,0,0,0,1
5645,21,2,10.85137955,0,21201,1,0,0,2,0,1,0,0,0,1,2,4,4,4,3,4,3,5,5,4,2,2,2,3,2,4,3,4,1.00884472,0.884686845,0.335986185,0,0,0,0,1,1,1,1,0,0,1,1,1,0,0,3,0,0,3,1,0,0,0,0,0,-9,0,0,0,1,3,0,0,1,3,0,0,1,3,0,1,0,2,0,0,1,3,0,0,0,1,4
5648,4,4,0.65203906,0,72065,0,0,1,5,0,0,0,0,1,1,1,0,5,5,1,1,1,1,5,5,2,2,2,2,2,3,3,3,0.372823063,0.816492218,0.940970974,0,1,0,0,2,1,1,1,0,0,2,0,4,0,1,2,0,1,2,0,0,0,0,1,0,-9,0,1,0,0,1,1,0,0,1,0,1,0,2,1,0,0,1,1,0,0,1,1,0,0,0,1
5652,50,4,0.205154493,0,24954,0,0,1,1,1,0,0,0,0,1,5,2,5,5,2,1,1,3,4,3,2,1,2,2,2,3,3,3,-1.532238518,-0.197351318,0.586022056,0,0,0,0,1,1,1,1,0,0,2,0,4,1,0,1,1,0,1,0,0,0,0,0,1,1,1,1,0,0,1,1,0,0,1,1,0,0,1,0,0,1,3,1,0,0,1,1,0,0,0,1
5653,36,2,0.17579667,0,43204,0,1,0,3,0,0,1,0,0,3,4,2,2,3,3,3,3,5,5,5,3,3,1,1,2,3,2,2,0.592009031,1.569474689,0.735632632,0,1,0,0,2,0,0,0,1,0,2,0,2,1,0,1,0,0,3,0,1,0,0,0,0,0,0,0,0,1,3,0,1,0,2,0,1,0,2,1,0,0,1,1,0,0,1,0,0,1,0,3
5657,34,2,0.879434848,0,28269,0,1,0,3,0,0,1,0,0,2,6,3,2,5,1,2,2,5,5,5,3,1,3,3,3,1,2,1,0.495580583,0.545084038,0.720757873,0,0,0,0,1,0,0,0,1,0,2,0,2,0,1,2,0,0,3,1,0,0,1,1,0,1,1,0,1,0,2,0,1,0,2,0,1,0,2,0,1,0,2,1,0,0,1,0,1,0,0,2
5668,41,4,1.664914901,0,2919,0,1,0,3,0,0,1,0,0,1,4,3,2,4,2,2,2,4,5,4,2,1,2,2,3,4,2,4,0.869190165,0.255218309,-0.165901003,0,0,0,1,4,0,0,1,0,0,2,0,4,0,1,2,0,1,2,0,0,0,0,0,0,-9,0,0,1,0,2,0,1,0,2,0,0,1,3,0,0,1,3,1,0,0,1,0,0,1,0,3
5678,26,2,1.04052727,0,63011,0,1,0,1,1,0,0,0,0,2,1,0,3,4,2,2,1,4,3,3,2,2,2,2,2,4,3,3,-0.033799598,-0.486428576,-0.068920952,0,0,1,0,3,1,1,1,0,0,2,0,4,0,1,2,0,1,2,0,0,0,1,1,0,-9,0,0,1,0,2,0,1,0,2,0,1,0,2,0,0,1,3,1,0,0,1,0,1,0,0,2
5681,45,2,27.55685447,1,77017,1,0,0,1,1,0,0,0,0,1,1,0,5,5,5,5,5,5,5,5,2,2,2,2,2,3,3,3,1.20291846,1.73435896,1.153798837,0,0,1,0,3,0,0,0,0,0,1,1,1,0,1,2,0,1,2,0,0,1,1,1,0,-9,0,0,0,1,3,0,1,0,2,0,0,1,3,1,0,0,1,1,0,0,1,0,0,1,0,3
5683,26,2,1.743409189,0,63080,0,1,0,1,1,0,0,0,0,1,1,0,3,4,1,3,1,3,3,4,2,2,2,2,3,3,3,3,-0.450609561,0.341580099,-0.657770995,0,0,1,0,3,1,1,1,0,0,2,0,4,0,0,0,0,0,3,1,0,0,1,1,0,-9,0,1,0,0,1,1,0,0,1,0,1,0,2,0,0,1,3,1,0,0,1,1,0,0,0,1
5687,14,4,0.243094591,0,61373,0,0,1,1,1,0,0,0,0,1,4,0,5,5,1,1,1,5,5,5,2,2,2,2,2,4,3,2,1.718605191,0.315796392,0.589818358,0,0,0,1,4,1,1,1,0,0,2,0,4,1,0,1,1,0,1,0,0,0,0,1,0,-9,0,1,0,0,1,1,0,0,1,0,1,0,2,0,0,1,3,1,0,0,1,1,0,0,0,1
5689,26,2,1.897196383,0,63129,0,1,0,1,1,0,0,0,0,2,4,2,4,3,1,1,1,3,4,3,2,2,2,2,2,3,3,3,0.096934995,0.284923584,-0.540263372,0,0,0,1,4,0,0,1,0,0,2,0,4,1,0,1,1,0,1,0,0,1,1,0,0,-9,0,0,1,0,2,0,1,0,2,0,1,0,2,0,0,1,3,1,0,0,1,0,1,0,0,2
5690,26,2,2.155810066,0,63113,0,1,0,3,0,0,1,0,0,1,1,0,1,5,5,3,3,5,5,5,2,3,3,2,1,2,2,2,1.466572753,0.434261443,0.89100526,0,1,0,0,2,0,0,0,1,0,2,0,2,0,1,2,0,0,3,1,0,0,0,1,0,-9,0,0,1,0,2,0,1,0,2,1,0,0,1,0,0,1,3,1,0,0,1,0,0,0,1,4
5695,45,4,0.472425751,1,77090,1,0,0,3,0,0,1,0,0,2,4,4,4,4,4,3,3,4,5,5,2,1,2,2,2,3,3,3,-0.053359928,0.724296861,-0.093741619,0,0,0,1,4,0,0,0,1,0,2,0,2,1,0,1,1,0,1,0,0,0,0,0,0,-9,0,0,0,1,3,0,0,1,3,0,0,1,3,1,0,0,1,1,0,0,1,0,1,0,0,2
5715,28,4,0.372527361,0,68508,1,0,0,2,0,1,0,0,0,1,6,3,3,3,3,3,3,3,3,3,2,2,2,2,2,4,3,4,-0.647666501,-1.247700494,-0.487868091,0,0,0,1,4,0,1,1,0,0,2,0,4,1,0,1,1,0,1,0,1,0,0,0,1,-9,0,0,0,1,3,0,0,1,3,0,0,1,3,0,0,1,3,1,0,0,1,0,0,0,1,4
5722,29,2,4.387019942,1,89052,0,1,0,3,0,0,1,0,0,2,5,3,4,4,4,5,5,5,4,5,2,2,2,2,2,3,3,3,0.929821897,1.031156762,0.647644413,0,1,0,0,2,1,1,1,0,0,2,0,4,0,0,3,0,1,2,0,0,0,1,1,0,-9,0,0,1,0,2,0,0,1,3,0,0,1,3,0,1,0,2,1,0,0,1,0,0,1,0,3
5740,6,2,33.7527279,0,80231,1,0,0,1,1,0,0,0,0,1,2,5,5,2,2,1,1,5,5,4,3,1,1,1,3,4,2,2,-1.133314342,0.172165457,0.310463987,0,0,1,0,3,0,0,1,0,0,1,1,1,0,1,2,0,1,2,0,0,0,0,0,0,-9,0,0,0,1,3,0,0,1,3,1,0,0,1,0,0,1,3,0,1,0,2,0,0,0,1,4
5751,25,2,0.677929221,0,39507,0,1,0,2,0,1,0,0,0,3,4,4,4,4,4,4,4,5,5,4,3,3,2,3,3,2,2,3,0.64183695,0.585195045,0.058920246,0,0,1,0,3,1,1,0,0,1,2,0,3,1,0,1,0,1,2,0,0,0,0,0,0,-9,0,1,0,0,1,1,0,0,1,1,0,0,1,0,1,0,2,1,0,0,1,1,0,0,0,1
5757,7,4,1.02662712,0,6098,0,1,0,3,0,0,1,0,0,3,4,1,3,5,3,3,2,4,4,3,2,2,1,2,2,3,3,3,0.265444926,-0.697997003,-1.530566239,0,0,1,0,3,0,0,1,0,0,2,0,4,1,0,1,1,0,1,0,1,0,0,0,1,-9,0,1,0,0,1,1,0,0,1,1,0,0,1,0,1,0,2,1,0,0,1,1,0,0,0,1
5759,52,4,7.91E-07,0,82801,0,1,0,1,1,0,0,0,0,1,3,0,5,5,1,1,1,1,4,1,2,2,2,2,2,4,3,4,1.391951031,0.055001052,0.386218668,0,0,0,1,4,0,0,1,0,0,2,0,4,1,0,1,1,0,1,0,0,0,0,0,0,1,1,1,0,0,1,0,1,0,2,0,1,0,2,0,0,1,3,1,0,0,1,0,1,0,0,2
5769,6,2,6.07E-06,0,80631,1,0,0,2,0,1,0,0,0,2,2,3,1,4,2,2,2,4,4,4,3,1,1,1,3,1,2,2,0.036844528,-0.490576844,-0.477055067,0,0,0,1,4,0,1,1,0,0,2,0,4,1,0,1,0,1,2,0,0,0,1,0,1,-9,0,0,1,0,2,0,0,1,3,0,1,0,2,1,0,0,1,1,0,0,1,1,0,0,0,1
5776,51,2,0.570939533,0,54002,0,0,1,1,1,0,0,0,0,1,1,1,3,3,3,3,3,3,4,3,2,2,2,2,2,3,3,3,-0.80124174,0.26327772,-0.615642146,0,1,0,0,2,0,0,1,0,0,2,0,4,0,1,2,0,1,2,0,0,0,1,1,0,1,1,1,0,0,1,1,0,0,1,1,0,0,1,1,0,0,1,1,0,0,1,1,0,0,0,1
5778,10,4,0.297015549,1,32811,1,0,0,1,1,0,0,0,0,1,2,1,5,3,1,3,1,4,4,1,2,2,2,2,2,3,3,3,0.434534727,-1.781139571,-0.040766552,0,1,0,0,2,0,0,1,0,0,2,0,4,1,0,1,0,1,2,0,0,0,0,0,0,-9,0,0,0,1,3,0,0,1,3,0,0,1,3,0,1,0,2,1,0,0,1,0,0,1,0,3
5784,45,1,0.412057666,1,75050,0,1,0,3,0,0,1,0,0,3,3,3,4,4,4,4,4,4,4,4,2,2,2,2,2,3,3,3,0.022309908,0.222144406,0.138420186,0,1,0,0,2,0,0,0,1,0,2,0,2,1,0,1,0,0,3,1,0,1,0,0,0,-9,0,0,1,0,2,0,1,0,2,0,0,1,3,0,0,1,3,0,1,0,2,0,1,0,0,2
5787,48,4,0.068393625,0,23803,0,1,0,4,0,0,0,1,0,3,2,4,5,5,2,4,1,4,5,1,2,1,2,2,3,3,2,4,0.261677959,0.629257925,0.643674418,0,1,0,0,2,1,1,0,1,0,2,0,2,1,0,1,0,0,3,1,1,0,0,0,0,-9,0,1,0,0,1,0,1,0,2,0,0,1,3,0,1,0,2,1,0,0,1,1,0,0,0,1
5789,3,2,0.059249397,1,85250,1,0,0,5,0,0,0,0,1,2,3,3,5,5,5,5,5,5,5,5,3,3,1,1,3,2,2,3,1.205812046,0.631482553,0.727651286,0,0,0,0,1,1,1,1,0,0,2,0,4,0,1,2,0,0,3,1,0,0,0,1,0,1,1,0,0,1,3,0,0,1,3,0,0,1,3,1,0,0,1,1,0,0,1,0,0,0,1,4
5791,14,2,3.939279517,0,61101,0,1,0,2,0,1,0,0,0,2,5,4,5,4,5,5,4,3,5,4,2,3,2,3,2,3,2,3,0.681809821,0.658153773,-0.115269849,1,1,0,0,2,1,1,0,1,0,1,1,1,0,0,3,0,0,3,1,1,0,0,0,0,-9,0,0,1,0,2,0,0,1,3,1,0,0,1,0,1,0,2,1,0,0,1,1,0,0,0,1
5792,15,2,0.815525108,0,46517,0,1,0,2,0,1,0,0,0,3,5,4,4,3,4,4,4,3,5,3,3,1,2,3,3,3,3,1,0.521373263,0.087039219,-0.64033129,0,0,0,0,1,1,1,1,0,0,2,0,4,0,1,2,0,0,3,1,0,0,0,1,0,-9,0,0,1,0,2,0,1,0,2,0,1,0,2,0,0,1,3,1,0,0,1,0,1,0,0,2
5798,52,2,0.401177583,0,82601,0,1,0,4,0,0,0,1,0,2,5,4,1,2,4,2,3,5,4,4,1,2,3,3,1,2,3,2,0.538491562,0.797673655,0.707818065,0,0,0,0,1,1,1,1,0,0,2,0,4,0,0,3,0,0,3,1,0,0,0,1,0,1,1,0,1,0,2,0,0,1,3,0,1,0,2,0,0,1,3,1,0,0,1,0,0,1,0,3
5799,52,2,6.583243236,0,82001,0,1,0,2,0,1,0,0,0,2,3,3,1,2,4,5,5,4,4,5,1,3,2,2,3,2,2,3,0.598768756,1.336805297,0.265441264,0,0,0,0,1,1,1,1,0,0,2,0,4,0,0,3,0,0,3,1,0,0,1,0,0,-9,0,0,1,0,2,0,0,1,3,0,1,0,2,0,0,1,3,1,0,0,1,0,1,0,0,2
5800,22,1,0.753282559,0,2169,1,0,0,3,0,0,1,0,0,3,3,3,4,2,2,3,4,3,4,4,2,2,3,2,2,2,3,4,-0.79403586,0.557210796,-0.860998992,0,0,0,0,1,0,0,0,1,0,2,0,2,0,1,2,0,1,2,0,1,1,0,0,1,-9,0,0,0,1,3,0,0,1,3,0,1,0,2,0,1,0,2,0,0,1,3,0,0,0,1,4
5803,3,2,0.066214058,1,85099,0,0,0,4,0,0,0,1,0,3,4,4,2,2,4,4,4,5,4,5,1,1,1,1,1,2,2,2,0.234264092,1.28751762,-0.283958196,0,0,0,0,1,0,0,1,0,0,2,0,4,0,1,2,0,0,3,1,0,1,1,1,0,-9,0,0,0,0,0,0,0,0,0,0,0,0,0,0,0,0,0,0,0,0,0,0,0,0,0,0
5805,3,2,0.072949537,1,85001,1,0,0,3,0,0,1,0,0,1,1,0,1,3,3,1,5,5,5,3,2,1,3,2,2,3,3,3,-0.88772552,-0.266389017,1.801471885,0,0,0,0,1,0,0,0,1,0,2,0,2,0,1,2,0,0,3,1,0,0,0,1,0,1,1,0,0,0,0,0,0,0,0,0,0,0,0,0,0,0,0,0,0,0,0,0,0,0,0,0
5807,33,2,0.054489211,0,98004,0,1,0,4,0,0,0,1,0,1,5,4,5,4,3,4,4,4,4,5,2,3,1,3,2,3,2,2,0.621602509,1.341983286,-0.311215854,0,1,0,0,2,0,1,1,0,0,2,0,4,0,0,3,0,0,3,1,1,0,0,1,0,-9,0,0,1,0,2,0,0,1,3,0,0,1,3,0,0,1,3,1,0,0,1,0,0,0,1,4
5814,14,2,0.497245972,0,62002,0,1,0,3,0,0,1,0,0,3,5,5,5,5,5,5,5,5,5,5,2,2,2,2,2,3,3,3,0.012620288,1.056957478,0.956870576,0,0,0,0,1,1,1,1,0,0,2,0,4,0,1,2,0,0,3,1,0,0,0,1,0,1,1,0,1,0,2,0,1,0,2,0,1,0,2,0,0,1,3,1,0,0,1,0,1,0,0,2
5820,31,2,0.835545141,0,8053,0,1,0,1,1,0,0,0,0,1,5,0,5,1,1,1,1,3,1,1,2,2,2,2,2,4,3,3,-0.046259374,-1.292857957,0.021441055,1,1,0,0,2,1,1,1,0,0,2,0,4,0,1,2,0,0,3,1,0,0,1,1,0,1,1,0,1,0,2,0,0,1,3,0,0,1,3,0,0,1,3,1,0,0,1,0,1,0,0,2
5827,10,4,0.341600529,0,34601,0,1,0,5,0,0,0,0,1,3,5,3,2,4,4,2,3,5,3,3,2,1,1,1,3,4,4,4,-1.166458925,-0.91106567,0.131027177,1,1,0,0,2,0,0,1,0,0,1,1,1,1,0,1,0,1,2,0,0,0,0,0,0,-9,0,1,0,0,1,1,0,0,1,0,1,0,2,0,1,0,2,1,0,0,1,1,0,0,0,1
5832,49,2,0.0419576,0,98155,0,1,0,1,1,0,0,0,0,2,3,4,2,5,5,2,2,5,5,2,2,2,2,2,2,3,3,4,-1.160542414,0.407221527,-1.755780694,1,0,0,0,1,0,0,1,0,0,2,0,4,0,1,2,0,1,2,0,0,0,1,0,0,-9,0,0,1,0,2,0,1,0,2,0,1,0,2,1,0,0,1,1,0,0,1,0,0,1,0,3
5833,3,1,0.127403514,1,85023,1,0,0,3,0,0,1,0,0,3,3,2,2,4,5,5,2,4,4,5,3,1,3,1,3,3,2,2,1.095939411,1.55228001,0.951417044,1,0,0,0,1,0,0,1,0,0,1,1,1,1,0,1,0,0,3,1,0,0,0,1,0,-9,0,0,0,1,3,0,0,1,3,0,1,0,2,1,0,0,1,1,0,0,1,0,0,1,0,3
5834,39,1,1.038399245,0,16117,0,1,0,3,0,0,1,0,0,5,2,2,4,3,4,4,3,4,4,3,2,2,2,2,2,4,4,4,-0.852185906,0.395997412,0.015053952,1,0,0,0,1,0,0,1,0,0,2,0,4,1,0,1,0,0,3,1,0,0,0,0,1,-9,0,1,0,0,1,0,1,0,2,1,0,0,1,0,0,1,3,1,0,0,1,1,0,0,0,1
5840,11,4,0.400473351,0,31601,0,1,0,1,1,0,0,0,0,2,3,2,3,3,3,3,3,3,3,3,2,2,2,2,2,3,3,3,-0.849085224,0.243209007,-1.040977825,1,0,0,0,1,0,0,0,0,0,2,0,5,1,0,1,0,1,2,0,0,0,0,0,0,1,1,1,0,0,1,0,1,0,2,0,1,0,2,0,0,1,3,1,0,0,1,0,1,0,0,2
5842,39,3,0.882325451,0,18018,1,0,0,4,0,0,0,1,0,2,5,4,4,2,5,2,1,4,4,4,3,3,2,3,3,2,2,3,-0.507028627,0.248145445,-1.777357328,0,0,0,0,1,0,0,1,0,0,1,1,1,0,1,2,0,0,3,1,1,0,0,0,0,0,0,0,0,1,3,0,0,1,3,0,0,1,3,0,1,0,2,1,0,0,1,0,0,0,1,4
5843,3,4,0.053126278,1,85051,1,0,0,1,1,0,0,0,0,1,6,2,5,3,2,2,2,3,3,4,2,2,3,3,1,1,2,2,-1.248037798,0.997850276,1.447927787,0,0,0,0,1,0,0,0,0,0,1,1,1,1,0,1,0,0,3,1,0,0,0,0,0,1,1,0,0,1,3,0,0,1,3,0,0,1,3,0,1,0,2,1,0,0,1,0,0,0,1,4
5847,3,1,0.807869968,1,85085,0,1,0,1,1,0,0,0,0,1,4,0,5,3,1,1,1,1,1,4,2,2,2,2,2,3,3,3,1.266490796,0.241923927,1.012139332,1,0,0,0,1,0,0,1,0,1,2,0,3,0,0,3,0,0,3,0,0,0,1,1,0,1,1,1,0,0,1,1,0,0,1,1,0,0,1,1,0,0,1,1,0,0,1,1,0,0,0,1
5848,33,2,6.722449275,0,10455,1,0,0,5,0,0,0,0,1,1,5,5,5,4,4,5,3,3,3,2,2,2,3,3,3,3,2,2,0.198974785,1.234985279,0.469696839,1,1,0,0,2,1,1,0,1,0,1,1,1,0,0,3,0,0,3,1,0,0,0,0,0,-9,0,0,0,1,3,0,0,1,3,1,0,0,1,0,1,0,2,0,0,1,3,0,0,0,1,4
5850,10,1,0.558699889,1,33604,0,1,0,2,0,1,0,0,0,3,2,2,2,2,2,2,2,2,2,2,1,3,1,3,1,2,1,2,-0.010867723,-0.538975639,-1.889667052,1,0,0,0,1,0,0,0,1,0,2,0,2,1,0,1,0,1,2,1,0,0,0,0,1,1,1,0,0,1,3,0,1,0,2,0,1,0,2,0,1,0,2,1,0,0,1,0,0,0,1,4
5853,5,2,4.262927669,0,92243,1,0,0,3,0,0,1,0,0,2,4,2,1,5,4,3,2,5,3,4,3,1,1,1,3,3,3,3,0.352053686,0.090834601,-0.14681918,1,0,0,0,1,0,0,0,0,0,2,0,5,1,0,1,0,0,3,0,0,0,1,0,1,1,1,0,0,1,3,0,0,1,3,0,1,0,2,0,0,1,3,1,0,0,1,0,0,1,0,3
5855,3,2,0.064905515,1,85741,0,1,0,1,1,0,0,0,0,1,5,1,5,1,1,1,1,1,1,1,2,2,2,2,2,3,3,4,0.317958259,-0.097378313,0.590194984,1,0,0,0,1,0,0,1,0,0,2,0,4,0,1,2,0,0,3,1,0,0,1,1,0,-9,0,0,1,0,2,0,0,1,3,0,0,1,3,0,0,1,3,1,0,0,1,0,0,1,0,3
5856,49,3,0.020005464,0,98070,0,1,0,3,0,0,1,0,0,2,6,2,3,3,1,4,3,5,5,5,2,2,2,2,2,2,2,2,0.706521244,-0.366736612,0.793586138,1,0,0,0,1,0,0,1,0,0,2,0,4,1,0,1,0,1,2,0,0,0,0,1,0,-9,0,1,0,0,1,1,0,0,1,1,0,0,1,0,1,0,2,0,1,0,2,1,0,0,0,1
5857,25,4,0.329143118,0,39452,0,1,0,3,0,0,1,0,0,3,3,3,3,3,3,3,3,3,3,3,2,2,2,2,2,4,4,4,0.535252017,1.433323291,0.875673013,1,1,0,0,2,0,0,1,0,0,2,0,4,1,0,1,1,0,1,1,0,0,0,1,1,-9,0,1,0,0,1,1,0,0,1,0,1,0,2,1,0,0,1,1,0,0,1,1,0,0,0,1
5861,18,3,0.374883698,0,42539,0,0,1,3,0,0,1,0,0,2,4,4,3,4,3,3,2,3,4,3,3,2,2,2,3,2,2,3,-0.832229093,0.409747381,-0.504417694,1,0,0,0,1,0,0,0,0,1,2,0,3,1,0,1,0,0,3,0,0,0,0,0,0,1,1,1,0,0,1,1,0,0,1,1,0,0,1,1,0,0,1,1,0,0,1,1,0,0,0,1
5863,1,4,0.22081963,0,35228,0,1,0,5,0,0,0,0,1,5,6,5,2,1,2,1,5,5,1,1,2,2,2,2,2,4,4,4,-2.074222343,-1.406313685,-1.745610962,1,0,0,0,1,0,0,0,1,0,2,0,2,1,0,1,0,0,3,0,0,0,0,1,1,0,0,0,1,0,2,1,0,0,1,0,1,0,2,1,0,0,1,1,0,0,1,0,0,1,0,3
5864,38,2,3.071770677,0,97404,0,1,0,2,0,1,0,0,0,1,3,0,3,4,1,4,2,5,5,4,2,1,1,3,3,2,2,2,0.481478822,0.042748813,0.638311537,0,1,0,0,2,0,0,1,0,0,2,0,4,1,0,1,1,0,1,0,0,0,1,1,0,1,1,0,1,0,2,0,1,0,2,0,0,1,3,0,1,0,2,0,1,0,2,0,0,1,0,3
5866,45,2,6.462279636,1,78260,0,1,0,4,0,0,0,1,0,3,2,2,3,5,3,4,2,4,2,4,3,1,2,3,1,3,2,1,-1.403936693,1.444643938,-0.368994124,0,0,0,0,1,1,1,1,0,0,1,1,1,0,0,3,0,0,3,1,0,0,0,1,0,-9,0,1,0,0,1,1,0,0,1,1,0,0,1,1,0,0,1,1,0,0,1,1,0,0,0,1
5874,33,2,2.00248403,0,10011,1,0,0,3,0,0,1,0,0,3,5,4,4,3,4,3,4,4,3,4,2,3,2,2,2,3,2,3,-0.427202322,1.391618622,0.614151906,0,0,0,0,1,0,1,1,0,0,2,0,4,0,0,3,0,0,3,1,0,0,0,1,0,1,1,0,0,1,3,0,0,1,3,0,0,1,3,0,0,1,3,0,0,1,3,0,0,1,0,3
5876,49,3,0.084082792,0,98310,0,1,0,2,0,1,0,0,0,1,4,1,3,3,2,1,3,3,4,3,2,3,2,2,2,4,2,2,-0.279094721,-0.745043909,0.505862871,0,0,0,0,1,0,0,1,0,0,2,0,4,1,0,1,1,0,1,0,1,0,0,0,0,1,1,0,1,0,2,0,1,0,2,1,0,0,1,0,1,0,2,0,1,0,2,0,0,0,1,4
5881,34,3,1.67513774,0,28791,0,1,0,5,0,0,0,0,1,4,4,4,1,5,2,4,2,4,5,3,2,1,2,2,2,4,3,4,1.368993669,-0.678067329,-2.240852574,0,0,0,0,1,0,0,1,0,0,2,0,4,1,0,1,0,0,3,1,0,0,0,0,0,-9,0,1,0,0,1,1,0,0,1,1,0,0,1,0,0,1,3,1,0,0,1,1,0,0,0,1
5885,3,2,0.127241408,1,85087,0,1,0,2,0,1,0,0,0,2,3,3,3,5,3,5,4,3,4,5,2,2,2,2,2,3,3,4,0.534768655,0.562589586,0.230423562,0,1,0,0,2,0,0,1,0,0,2,0,4,0,0,0,0,0,3,0,0,1,1,1,0,1,1,1,0,0,1,1,0,0,1,1,0,0,1,1,0,0,1,1,0,0,1,1,0,0,0,1
5893,36,2,0.561592535,0,44126,0,1,0,2,0,1,0,0,0,1,2,3,5,2,1,1,1,1,4,1,2,2,2,2,2,3,3,3,0.65900893,-0.585175695,-2.005390438,0,1,0,0,2,1,1,1,0,0,2,0,4,0,1,2,0,1,2,0,0,0,0,1,0,-9,0,0,1,0,2,0,0,1,3,0,1,0,2,0,1,0,2,1,0,0,1,0,0,1,0,3
5896,10,4,1.126414676,1,33185,0,1,0,2,0,1,0,0,0,3,3,4,2,5,4,1,1,5,5,4,3,1,2,1,3,3,2,3,-1.370459437,-0.160964504,-0.57215056,0,0,0,0,1,0,0,1,0,0,1,1,1,1,0,1,0,0,3,0,0,0,0,0,0,1,1,0,0,1,3,0,1,0,2,1,0,0,1,1,0,0,1,1,0,0,1,0,0,0,1,4
5901,45,2,0.537780383,1,78641,0,1,0,2,0,1,0,0,0,3,4,3,3,5,2,3,2,4,5,5,3,1,2,2,3,4,2,2,0.651817572,-1.315919799,-1.781853367,0,1,0,0,2,1,1,1,0,0,2,0,4,1,0,1,1,0,1,0,0,0,0,1,0,-9,0,0,1,0,2,1,0,0,1,0,0,1,3,0,0,1,3,1,0,0,1,1,0,0,0,1
5910,33,3,0.623300658,0,10601,1,0,0,1,1,0,0,0,0,5,5,0,5,1,1,1,1,1,1,1,2,2,2,2,2,4,4,4,-2.009263604,0.938153,-1.057990423,0,1,0,0,2,0,0,0,0,0,1,1,1,1,0,1,1,0,1,0,1,0,0,0,1,1,1,0,0,1,3,0,0,1,3,0,0,1,3,0,0,1,3,0,0,1,3,0,0,0,1,4
5912,1,1,1.977491666,0,35005,0,1,0,2,0,1,0,0,0,2,2,0,2,3,4,4,5,3,5,4,3,2,3,1,1,1,1,4,-1.491789402,-0.143320319,0.954725929,0,0,0,0,1,0,0,1,0,0,2,0,4,0,1,2,1,0,1,0,0,0,0,1,0,-9,0,1,0,0,1,1,0,0,1,0,0,1,3,0,1,0,2,1,0,0,1,1,0,0,0,1
5913,18,2,2.612462665,0,40517,1,0,0,3,0,0,1,0,0,3,6,3,1,3,3,2,2,5,5,5,3,2,1,2,2,1,2,2,-1.018495088,-1.552142486,0.920393506,0,0,0,0,1,0,0,0,1,0,2,0,2,1,0,1,0,1,2,0,1,0,1,0,0,-9,0,0,0,1,3,0,1,0,2,0,0,1,3,1,0,0,1,1,0,0,1,0,0,1,0,3
5916,39,2,0.55441597,0,15757,0,0,1,3,0,0,1,0,0,3,5,2,4,4,3,2,2,2,2,2,2,2,2,2,2,3,4,4,-0.898382019,1.124348383,-1.459795945,0,0,0,0,1,0,0,1,0,0,2,0,4,1,0,1,0,1,2,1,0,0,1,1,0,-9,0,1,0,0,1,1,0,0,1,1,0,0,1,1,0,0,1,1,0,0,1,1,0,0,0,1
5917,26,2,1.500434863,0,63108,1,0,0,4,0,0,0,1,0,1,1,5,3,3,4,4,4,5,5,5,3,1,1,1,3,2,2,2,0.400444097,0.001166237,0.285667994,0,1,0,0,2,0,1,0,1,0,2,0,2,0,0,3,0,0,3,1,0,0,1,0,0,-9,0,0,0,1,3,0,0,1,3,0,1,0,2,0,0,1,3,0,0,1,3,0,0,0,1,4
5919,36,2,0.514176438,0,43607,0,1,0,4,0,0,0,1,0,3,5,4,4,5,4,2,4,4,4,4,2,2,3,1,2,2,3,3,-0.129374514,-0.451039158,-1.140632567,0,1,0,0,2,0,0,0,1,0,2,0,2,0,1,2,0,0,3,1,1,0,0,1,0,-9,0,0,1,0,2,0,1,0,2,1,0,0,1,1,0,0,1,1,0,0,1,0,0,1,0,3
5920,33,2,1.341673648,0,10027,1,0,0,5,0,0,0,0,1,1,5,2,4,5,3,2,4,3,4,3,3,3,1,2,3,2,1,2,-1.002334269,0.16470533,-1.353255943,0,0,0,0,1,1,1,1,0,0,2,0,4,0,0,3,1,0,1,0,1,0,0,1,0,1,1,0,0,1,3,0,0,1,3,0,0,1,3,0,0,1,3,0,0,1,3,0,0,0,1,4
5921,45,3,8.528637045,1,77493,0,1,0,4,0,0,0,1,0,1,6,3,1,5,5,5,5,5,5,5,2,2,1,1,3,2,2,2,0.858798879,-0.649622602,0.200492906,0,0,0,0,1,0,0,0,1,0,2,0,2,0,1,2,0,0,3,1,0,0,0,1,0,-9,0,0,1,0,2,0,1,0,2,0,0,1,3,0,1,0,2,1,0,0,1,1,0,0,0,1
5924,33,1,0.597936271,0,12208,1,0,0,4,0,0,0,1,0,2,1,5,1,4,2,2,1,3,3,3,1,2,3,2,2,4,2,2,-0.937484036,-0.542712975,-0.028888083,0,1,0,0,2,0,0,1,0,0,2,0,4,1,0,1,1,0,1,0,1,0,0,0,1,-9,0,0,0,1,3,0,0,1,3,1,0,0,1,0,1,0,2,1,0,0,1,0,0,0,1,4
5925,23,1,1.169485684,0,48205,0,1,0,4,0,0,0,1,0,1,5,3,4,4,3,3,5,4,5,4,3,3,3,2,3,2,3,2,-0.323466524,0.736874984,-0.364880771,0,0,0,0,1,0,0,0,1,0,2,0,2,0,1,2,0,0,3,1,0,0,0,0,0,1,1,0,0,1,3,1,0,0,1,1,0,0,1,1,0,0,1,1,0,0,1,0,0,1,0,3
5934,33,2,0.287666261,0,10547,0,1,0,2,0,1,0,0,0,5,1,1,1,1,1,1,1,1,1,1,1,1,1,1,1,1,1,1,1.645697027,0.246399707,-0.091250494,0,1,0,0,2,1,1,1,0,0,1,1,1,1,0,1,1,0,1,0,0,0,1,1,1,-9,0,1,0,0,1,1,0,0,1,0,1,0,2,0,0,1,3,1,0,0,1,0,0,1,0,3
5936,45,4,0.581914104,0,79602,0,1,0,1,1,0,0,0,0,1,1,0,3,3,3,3,3,3,3,3,2,2,2,2,2,3,3,3,-0.107072002,0.887843565,-0.087383106,0,0,0,0,1,0,0,1,0,0,2,0,4,1,0,1,0,0,3,0,0,0,0,1,0,-9,0,1,0,0,1,0,1,0,2,0,1,0,2,0,0,1,3,1,0,0,1,0,1,0,0,2
5939,31,2,2.024706466,0,7047,1,0,0,5,0,0,0,0,1,3,4,3,5,5,5,5,5,5,5,5,2,2,1,3,3,2,2,3,0.969208228,1.333058309,1.19443876,0,1,0,0,2,0,0,0,0,0,1,1,1,1,0,1,0,1,2,0,0,0,0,1,0,1,1,0,0,1,3,0,0,1,3,1,0,0,1,0,1,0,2,0,0,1,3,0,0,0,1,4
5943,26,2,0.649571268,0,63103,1,0,0,4,0,0,0,1,0,1,5,5,5,4,3,4,5,4,3,4,2,3,2,3,2,3,2,3,0.473802473,0.444067243,0.534622986,0,0,0,0,1,1,1,0,0,1,2,0,3,1,0,1,0,0,3,0,0,0,0,1,0,-9,0,0,0,1,3,0,0,1,3,0,0,1,3,0,0,1,3,0,0,1,3,0,0,0,1,4
5944,11,2,0.534006245,0,30324,0,1,0,3,0,0,1,0,0,2,3,4,5,4,4,3,4,5,4,5,2,2,2,2,2,3,3,3,0.698570095,1.375038441,0.922515034,0,0,0,0,1,0,0,1,0,0,2,0,4,0,1,2,0,1,2,0,0,0,1,0,0,-9,0,0,1,0,2,0,0,1,3,0,0,1,3,0,0,1,3,1,0,0,1,0,0,0,1,4
5946,11,4,0.120473811,0,31061,0,1,0,1,1,0,0,0,0,1,6,2,4,3,1,1,3,3,4,4,2,1,1,2,3,3,2,3,-0.628943246,1.013145907,-0.200123258,0,0,0,0,1,0,1,1,0,0,2,0,4,1,0,1,0,0,3,1,0,0,0,0,0,1,1,1,0,0,1,0,1,0,2,1,0,0,1,0,1,0,2,1,0,0,1,1,0,0,0,1
5949,48,2,2.46328106,0,23669,0,1,0,4,0,0,0,1,0,3,5,3,2,2,3,5,4,4,4,4,3,1,1,2,3,2,2,2,0.31149633,0.242414846,-0.159088171,0,0,0,0,1,0,1,1,0,0,2,0,4,0,0,3,0,0,3,1,0,0,0,1,0,1,1,0,1,0,2,0,1,0,2,0,0,1,3,1,0,0,1,1,0,0,1,0,0,1,0,3
5951,26,2,0.815525108,0,65301,0,1,0,2,0,1,0,0,0,2,2,1,4,3,2,4,3,3,3,3,2,2,2,2,2,3,3,3,0.227836557,0.803446367,0.033310855,0,1,0,0,2,0,1,1,0,0,2,0,4,0,1,2,0,0,3,1,0,0,1,1,0,-9,0,1,0,0,1,0,1,0,2,1,0,0,1,0,1,0,2,1,0,0,1,0,1,0,0,2
5954,45,1,1.067800857,1,75146,0,1,0,2,0,1,0,0,0,2,6,3,2,5,1,3,2,1,3,1,2,1,2,2,3,3,3,4,-1.110627364,-1.424401859,-0.957603019,0,0,0,0,1,0,0,0,1,0,2,0,2,0,0,0,0,0,3,0,0,0,1,1,0,-9,0,1,0,0,1,1,0,0,1,0,1,0,2,0,1,0,2,1,0,0,1,1,0,0,0,1
5955,37,4,0.235104991,0,74731,0,1,0,1,1,0,0,0,0,1,1,0,5,5,1,1,1,1,5,1,2,1,1,1,2,1,1,1,-1.312326567,-0.805894623,1.65984634,0,1,0,0,2,0,0,0,0,0,2,0,5,1,0,1,0,1,2,0,0,0,0,0,1,-9,0,1,0,0,1,1,0,0,1,0,1,0,2,0,0,1,3,1,0,0,1,1,0,0,0,1
5960,33,2,0.123796963,0,10075,1,0,0,2,0,1,0,0,0,3,5,4,2,4,1,3,1,5,5,5,2,1,1,2,3,1,2,2,-0.494922515,0.485959821,-1.797935976,0,1,0,0,2,1,1,1,0,0,2,0,4,1,0,1,0,1,2,0,0,0,1,0,1,-9,0,0,0,1,3,0,0,1,3,0,0,1,3,0,0,1,3,0,0,1,3,0,0,1,0,3
5963,37,4,0.053807781,0,74848,0,1,0,1,1,0,0,0,0,1,1,0,4,4,1,1,1,4,4,2,3,1,1,1,3,1,2,1,0.245363364,-0.087617611,0.105106321,0,1,0,0,2,0,0,0,0,0,2,0,5,1,0,1,0,1,2,0,1,0,0,0,0,-9,0,1,0,0,1,1,0,0,1,1,0,0,1,0,1,0,2,1,0,0,1,1,0,0,0,1
5965,45,3,0.863482836,1,77045,0,1,0,4,0,0,0,1,0,2,5,4,2,4,3,5,4,3,4,5,2,2,3,2,1,2,1,2,0.357850099,0.181132006,-0.619269841,0,0,0,0,1,0,0,1,0,0,1,1,1,1,0,1,0,0,3,0,0,0,0,1,0,-9,0,0,1,0,2,1,0,0,1,0,1,0,2,1,0,0,1,1,0,0,1,0,0,1,0,3
5966,45,2,2.139521459,1,78046,0,1,0,2,0,1,0,0,0,2,2,1,4,3,3,3,2,4,4,3,2,2,2,2,2,1,2,3,-0.612061336,0.619440581,0.322759769,0,1,0,0,2,0,0,1,0,0,1,1,1,1,0,1,0,1,2,0,0,0,0,0,0,1,1,0,0,1,3,1,0,0,1,0,1,0,2,1,0,0,1,1,0,0,1,1,0,0,0,1
5978,45,2,0.560547497,1,77331,0,0,1,3,0,0,1,0,0,3,4,3,4,5,4,3,4,4,3,4,2,2,2,2,2,1,3,4,-1.241270017,-0.854728239,-0.938237104,0,1,0,0,2,0,0,1,0,0,2,0,4,1,0,1,0,0,3,0,0,0,0,1,0,-9,0,0,0,0,0,0,0,0,0,0,0,0,0,0,0,0,0,0,0,0,0,0,0,0,0,0
5979,45,1,2.713315842,1,77459,0,1,0,3,0,0,1,0,0,2,4,3,4,5,1,1,1,4,4,4,3,2,1,1,3,3,2,4,0.338553822,0.410436945,-1.136429746,0,0,0,0,1,0,1,0,1,0,2,0,2,0,0,3,0,0,3,0,0,0,1,1,0,-9,0,0,1,0,2,0,1,0,2,1,0,0,1,1,0,0,1,1,0,0,1,1,0,0,0,1
5980,45,2,0.401156456,1,77703,0,1,0,3,0,0,1,0,0,3,6,3,4,4,4,4,4,5,5,5,2,2,1,2,2,3,2,2,0.60724173,-0.063825013,1.050138438,0,1,0,0,2,0,0,0,1,0,2,0,2,1,0,1,0,0,3,1,0,0,1,0,0,-9,0,0,1,0,2,1,0,0,1,0,1,0,2,1,0,0,1,1,0,0,1,1,0,0,0,1
5982,22,3,0.29220249,0,1013,0,1,0,1,1,0,0,0,0,1,3,0,5,5,1,3,3,4,5,3,2,3,2,2,3,4,4,4,0.202013743,-0.289295564,1.557470441,0,1,0,0,2,0,0,1,0,0,2,0,4,1,0,1,1,0,1,0,0,0,0,0,0,-9,0,0,1,0,2,0,1,0,2,0,0,1,3,0,0,1,3,1,0,0,1,0,0,0,1,4
5984,36,2,1.171748542,0,45227,0,1,0,1,1,0,0,0,0,1,2,2,4,3,3,4,1,5,5,4,2,2,2,2,3,3,3,3,-0.261843484,1.354487031,0.350741356,0,0,0,0,1,0,0,1,0,0,2,0,4,0,1,2,0,1,2,0,0,0,1,1,1,-9,0,0,1,0,2,0,0,1,3,0,1,0,2,0,1,0,2,1,0,0,1,0,0,0,1,4
5985,4,4,0.551343047,0,72601,0,1,0,3,0,0,1,0,0,2,5,2,4,4,2,2,2,3,3,3,2,2,2,2,2,3,3,3,-1.743036594,0.512959091,-0.38596374,0,1,0,0,2,0,0,1,0,0,2,0,4,1,0,1,1,0,1,0,1,0,0,0,1,1,1,1,0,0,1,1,0,0,1,1,0,0,1,0,0,1,3,1,0,0,1,1,0,0,0,1
5986,23,2,1.171808615,0,48126,1,0,0,1,1,0,0,0,0,1,4,3,4,5,4,4,4,5,5,5,1,2,1,3,1,3,2,3,0.679387387,1.448193572,0.921518801,0,1,0,0,2,0,0,1,0,0,2,0,4,0,1,2,0,0,3,0,0,0,1,1,0,-9,0,0,0,1,3,0,0,1,3,0,1,0,2,0,0,1,3,1,0,0,1,0,0,0,1,4
5987,44,2,5.162400021,0,37404,0,1,0,2,0,1,0,0,0,3,3,4,3,4,5,3,3,4,4,3,3,3,1,2,2,4,4,4,-0.834473581,0.964290737,0.91396083,0,0,0,0,1,0,0,0,1,0,2,0,2,1,0,1,1,0,1,0,0,1,1,1,0,-9,0,0,1,0,2,0,0,1,3,0,1,0,2,0,0,1,3,1,0,0,1,0,0,0,1,4
5992,7,4,0.250880513,0,6037,0,1,0,1,1,0,0,0,0,1,1,0,1,1,1,1,2,1,1,1,2,2,2,2,2,3,3,3,0.641623884,0.605074735,0.014164679,1,0,1,0,3,0,1,1,0,0,2,0,4,1,0,1,0,1,2,0,0,0,0,1,1,-9,0,1,0,0,1,1,0,0,1,0,1,0,2,0,1,0,2,0,1,0,2,1,0,0,0,1
5995,44,4,0.283403009,0,38583,0,1,0,1,1,0,0,0,0,1,5,4,3,3,3,4,3,4,5,5,2,1,2,2,3,3,2,3,-0.179631897,-0.396827726,0.552267065,1,0,0,1,4,1,1,1,0,0,2,0,4,0,0,0,1,0,1,0,0,0,0,1,1,-9,0,1,0,0,1,1,0,0,1,1,0,0,1,1,0,0,1,1,0,0,1,1,0,0,0,1
5999,26,4,0.400543819,0,64831,0,0,1,2,0,1,0,0,0,1,1,0,5,4,3,4,2,5,4,4,2,1,2,2,2,3,3,3,0.980864559,-1.046420398,0.191919272,1,0,1,0,3,0,0,1,0,0,2,0,4,1,0,1,0,1,2,0,0,0,0,1,0,-9,0,1,0,0,1,1,0,0,1,1,0,0,1,1,0,0,1,1,0,0,1,1,0,0,0,1
6005,41,4,0.035445769,0,2917,0,1,0,2,0,1,0,0,0,2,5,3,1,5,3,1,1,5,5,3,2,2,1,1,2,1,1,4,-1.278983669,-1.923241778,-1.709516022,0,0,0,1,4,0,0,1,0,0,2,0,4,1,0,1,1,0,1,0,1,0,0,0,1,1,1,1,0,0,1,0,1,0,2,0,1,0,2,0,0,1,3,1,0,0,1,0,1,0,0,2
6007,1,2,1.703413017,0,35214,0,1,0,5,0,0,0,0,1,1,6,4,5,5,5,5,5,5,5,5,2,2,2,2,2,3,3,3,0.067731785,0.818495615,0.088087581,1,1,0,0,2,0,0,0,1,0,2,0,2,0,1,2,0,0,3,1,0,0,1,0,0,1,1,1,0,0,1,1,0,0,1,0,1,0,2,0,1,0,2,1,0,0,1,0,1,0,0,2
6008,7,2,0.52396848,0,6811,0,1,0,3,0,0,1,0,0,2,1,4,4,5,3,2,2,4,4,4,3,1,2,3,3,1,2,2,-0.041697982,1.19673609,-0.061700089,0,0,0,1,4,1,1,1,0,0,2,0,4,0,1,2,0,1,2,0,0,0,0,1,0,-9,0,1,0,0,1,1,0,0,1,0,1,0,2,0,1,0,2,1,0,0,1,1,0,0,0,1
6010,7,4,0.424346647,0,6457,0,1,0,1,1,0,0,0,0,1,2,1,1,4,3,3,2,4,4,3,2,2,2,2,2,1,3,4,0.291586348,-0.352575774,-0.888398547,0,0,0,1,4,0,0,1,0,0,2,0,4,1,0,1,0,1,2,0,0,0,0,0,0,1,1,0,1,0,2,0,0,1,3,0,1,0,2,0,0,1,3,1,0,0,1,0,1,0,0,2
6024,44,4,0.048808253,0,38104,0,1,0,1,1,0,0,0,0,1,4,0,5,5,1,1,1,1,1,1,2,2,2,2,2,4,4,4,-0.698663678,-0.322692229,-0.038953758,1,0,0,1,4,0,0,1,0,0,2,0,4,1,0,1,0,1,2,0,0,0,0,0,1,-9,0,0,1,0,2,0,0,1,3,0,0,1,3,0,0,1,3,0,0,1,3,0,0,0,1,4
6029,22,4,0.10574634,0,1075,0,1,0,2,0,1,0,0,0,2,1,1,4,4,2,2,2,3,4,4,2,1,2,2,3,3,3,3,-0.290019563,-1.246248214,-0.307754608,0,0,0,1,4,1,1,1,0,0,2,0,4,1,0,1,1,0,1,0,0,0,0,0,0,-9,0,1,0,0,1,0,1,0,2,1,0,0,1,0,1,0,2,1,0,0,1,0,1,0,0,2
6035,26,4,5.696526049,0,63017,0,1,0,2,0,1,0,0,0,2,2,3,1,5,2,2,2,4,5,4,2,1,2,2,3,3,2,2,1.128572336,-0.873674466,-0.107310885,1,0,0,1,4,0,0,1,0,0,2,0,4,0,0,3,1,0,1,0,1,0,0,1,0,-9,0,0,1,0,2,0,0,1,3,0,0,1,3,0,1,0,2,1,0,0,1,0,1,0,0,2
6036,24,2,0.248653929,0,55124,0,1,0,2,0,1,0,0,0,1,4,2,3,2,2,4,4,4,4,3,2,1,1,1,1,2,2,2,0.13425748,-1.037196449,0.120839316,1,1,0,0,2,1,1,1,0,0,2,0,4,1,0,1,0,1,2,0,0,0,1,0,0,1,1,0,1,0,2,0,1,0,2,0,0,1,3,1,0,0,1,1,0,0,1,0,0,1,0,3
6037,24,4,0.91483373,0,55426,0,1,0,3,0,0,1,0,0,2,5,2,4,5,2,4,4,5,5,5,2,1,3,3,3,2,2,2,1.34640328,1.297298967,0.136606255,1,0,0,1,4,0,0,1,0,0,2,0,4,0,1,2,1,0,1,0,0,0,0,1,0,-9,0,0,1,0,2,0,0,1,3,0,0,1,3,0,1,0,2,1,0,0,1,0,0,0,1,4
6040,24,4,1.390289195,0,55379,0,1,0,2,0,1,0,0,0,3,4,4,3,3,4,3,4,5,5,4,2,1,3,3,3,3,2,2,-0.041980926,0.830526556,1.20776558,1,0,0,1,4,0,1,1,0,0,2,0,4,0,0,3,0,1,2,0,0,0,0,1,0,-9,0,0,1,0,2,0,1,0,2,0,0,1,3,0,1,0,2,1,0,0,1,0,0,1,0,3
6044,36,4,1.029038378,0,45414,0,1,0,2,0,1,0,0,0,3,4,3,5,5,5,4,2,3,5,4,3,3,3,1,3,2,2,2,0.767531869,0.256316424,-2.90761672,1,1,0,0,2,0,0,1,1,0,2,0,2,1,0,1,1,0,1,0,1,0,0,0,1,1,1,1,0,0,1,0,1,0,2,0,0,1,3,1,0,0,1,1,0,0,1,0,0,1,0,3
6047,4,2,0.999440917,0,72461,0,0,1,4,0,0,0,1,0,2,1,3,3,3,1,4,3,4,4,3,2,2,1,1,2,3,2,4,-0.366796537,-0.355549047,-0.082519667,1,0,0,0,1,0,0,1,0,0,2,0,4,0,1,2,0,1,2,0,0,0,0,0,0,-9,0,1,0,0,1,1,0,0,1,1,0,0,1,0,1,0,2,1,0,0,1,1,0,0,0,1
6050,11,2,0.262302023,0,31069,0,1,0,4,0,0,0,1,0,3,4,3,4,3,2,2,2,4,3,5,1,3,1,3,1,2,1,2,-1.78384808,0.5893296,-0.472637056,1,1,0,0,2,1,1,1,0,0,2,0,4,1,0,1,0,0,3,1,0,0,0,1,0,1,1,1,0,0,1,1,0,0,1,0,0,1,3,0,0,1,3,1,0,0,1,1,0,0,0,1
6060,18,4,5.908500664,0,40216,0,1,0,3,0,0,1,0,0,1,6,3,3,3,1,1,1,1,5,5,2,2,2,2,2,3,3,3,0.345548523,0.367311739,-1.028289147,1,1,0,0,2,0,0,1,1,0,2,0,2,1,0,1,0,1,2,0,1,0,0,1,0,-9,0,0,1,0,2,0,1,0,2,0,0,1,3,1,0,0,1,1,0,0,1,0,0,1,0,3
6061,16,4,0.07384675,0,50613,0,1,0,3,0,0,1,0,0,3,2,3,2,4,2,2,2,4,4,3,2,3,3,3,3,2,2,2,0.186924857,0.67504541,0.068253039,1,0,0,1,4,0,1,1,0,0,2,0,4,1,0,1,0,1,2,0,0,0,0,0,1,-9,0,0,1,0,2,0,0,1,3,0,0,1,3,0,0,1,3,1,0,0,1,0,1,0,0,2
6071,47,4,0.212883905,0,5765,0,1,0,3,0,0,1,0,0,2,3,3,3,4,2,2,2,3,2,2,2,2,2,2,2,4,3,4,-0.779292737,-0.24538353,-0.953949417,1,0,1,0,3,0,0,1,0,0,2,0,4,1,0,1,0,0,3,0,0,0,0,1,0,0,0,1,0,0,1,1,0,0,1,1,0,0,1,0,0,1,3,1,0,0,1,0,0,1,0,3
6072,26,4,0.465866752,0,65270,0,1,0,4,0,0,0,1,0,4,5,3,1,1,1,1,5,5,1,1,1,1,1,1,1,1,2,1,-1.113892775,-0.16958508,-0.219668697,0,0,0,1,4,0,0,1,0,0,2,0,4,0,1,2,0,0,3,1,0,0,0,1,0,-9,0,1,0,0,1,0,1,0,2,0,1,0,2,0,1,0,2,1,0,0,1,1,0,0,0,1
6073,19,4,0.401252052,0,70506,0,1,0,3,0,0,1,0,0,2,5,3,2,5,1,1,1,5,5,1,2,1,1,2,3,4,2,2,0.50452406,-0.190071027,0.034943297,1,0,0,1,4,0,1,1,0,0,2,0,4,1,0,1,1,0,1,0,0,0,0,1,0,-9,0,0,1,0,2,0,0,1,3,0,1,0,2,0,1,0,2,1,0,0,1,0,1,0,0,2
6078,20,2,0.548387708,0,4401,0,1,0,1,1,0,0,0,0,1,1,1,5,5,4,4,3,4,4,4,2,2,1,3,3,2,2,1,0.222089229,-0.124684904,-0.085842793,1,1,0,0,2,0,0,1,0,0,2,0,4,1,0,1,0,1,2,1,0,0,1,0,0,-9,0,0,1,0,2,0,0,1,3,0,1,0,2,0,0,1,3,1,0,0,1,0,1,0,0,2
6081,1,4,0.684029899,0,36695,0,1,0,3,0,0,1,0,0,1,5,0,5,4,1,1,1,1,3,1,3,2,2,2,3,4,3,3,0.633124603,0.742092317,-0.055004609,1,0,0,1,4,0,0,1,0,0,2,0,4,1,0,1,1,0,1,0,0,0,0,1,0,-9,0,0,1,0,2,0,1,0,2,1,0,0,1,0,0,1,3,1,0,0,1,1,0,0,0,1
