ResponseId,state,empsta,weights,hcity,zip_code,urban,suburban,rural,ext_earthquake_impact_wlb,earthquake_imp_1,earthquake_imp_2,earthquake_imp_3,earthquake_imp_4,earthquake_imp_5,ext_earthquake_cope,ext_earthquake_likely_repeat,ext_earthquake_affect,ext_earthquake_lkly_normal_business,ext_earthquake_lkly_stay_home,ext_earthquake_lkly_seek_shelter,ext_earthquake_lkly_social_connection,ext_earthquake_lkly_leave_town,ext_earthquake_lkly_supplies,ext_earthquake_lkly_follow_officials,ext_earthquake_lkly_comm_supports,ext_earthquake_wfh,ext_earthquake_car_travel,ext_earthquake_walk_bike_mode,ext_earthquake_transit_use,ext_earthquake_stay_home,ext_earthquake_stay_family_friends,ext_earthquake_check_family_friends,ext_earthquake_volunteer_community,CR,SE,PR,female,age_3150,age_5165,age_65p,age_cat,edu_bs,bs_grad,white,black,asian,hispanic_raw,hispanic_c,race_cat,in50,in50100,income_cat,hhsize1,hhsize2,hhsize_cat,child,dis_yes,work_out,tcom_no,sa_home,hhveh0,ac_raw,ac_c,PopDens_low,PopDens_medium,PopDens_high,PopDens_cat,EmpDens_low,EmpDens_medium,EmpDens_high,EmpDens_cat,NetworkDensity_low,NetworkDensity_medium,NetworkDensity_high,NetworkDensity_cat,Diversity_low,Diversity_medium,Diversity_high,Diversity_cat,TransitAccess_low,TransitAccess_medium,TransitAccess_high,TransitAccess_cat,NatWalkInd_very_low,NatWalkInd_low,NatWalkInd_high,NatWalkInd_very_high,NatWalkInd_cat
1007,42,4,0.410159583,0,29006,0,1,0,1,1,0,0,0,0,3,2,1,5,3,1,1,1,3,3,1,2,2,2,2,2,4,3,4,-0.138619524,-0.04440612,0.252712108,1,0,1,0,3,0,0,1,0,0,2,0,4,1,0,1,0,1,2,0,0,0,0,0,0,1,1,1,0,0,1,1,0,0,1,1,0,0,1,1,0,0,1,1,0,0,1,1,0,0,0,1
1022,5,2,0.00596632,0,95404,1,0,0,2,0,1,0,0,0,2,5,3,4,4,3,5,4,5,4,5,3,1,3,1,3,2,2,2,0.171707213,0.899933959,0.588666072,0,1,0,0,2,0,0,1,0,0,2,0,4,1,0,1,0,1,2,0,0,0,0,0,0,1,1,0,0,1,3,0,0,1,3,0,1,0,2,0,0,1,3,0,1,0,2,0,0,1,0,3
1023,5,2,0.327563225,0,90017,1,0,0,1,1,0,0,0,0,2,5,5,5,1,1,1,1,4,3,3,2,2,2,2,2,4,3,4,-1.361935363,-0.067415712,1.151663573,1,0,0,1,4,0,0,1,0,0,2,0,4,1,0,1,1,0,1,0,0,0,0,0,1,1,1,0,0,1,3,0,0,1,3,0,0,1,3,0,0,1,3,0,0,1,3,0,0,0,1,4
1036,49,4,0.061059046,0,98042,0,1,0,1,1,0,0,0,0,1,5,2,4,3,1,1,1,3,5,3,2,2,2,2,2,4,3,3,0.676311125,-0.34666752,0.935574127,0,0,0,1,4,0,1,1,0,0,2,0,4,0,1,2,1,0,1,0,0,0,0,1,0,-9,0,0,1,0,2,1,0,0,1,0,1,0,2,1,0,0,1,1,0,0,1,1,0,0,0,1
1038,49,4,0.013876774,0,98110,0,1,0,1,1,0,0,0,0,1,5,2,4,2,1,1,1,1,1,1,2,2,2,2,2,4,4,4,-1.233911288,-0.754947919,-0.573810598,0,0,0,1,4,1,1,1,0,0,2,0,4,1,0,1,1,0,1,0,0,0,0,1,0,-9,0,1,0,0,1,1,0,0,1,1,0,0,1,0,0,1,3,1,0,0,1,0,1,0,0,2
1039,49,4,0.009346843,0,98087,1,0,0,4,0,0,0,1,0,1,5,5,1,5,5,5,5,5,5,5,3,1,3,3,3,2,2,2,1.145475013,-0.949851677,1.159663694,1,0,0,1,4,0,0,0,0,0,2,0,5,0,1,2,0,1,2,0,0,0,0,0,0,-9,0,0,0,1,3,0,1,0,2,0,0,1,3,0,1,0,2,1,0,0,1,0,0,0,1,4
1042,49,4,0.005401777,0,98252,0,1,0,1,1,0,0,0,0,3,5,4,3,4,3,3,2,5,5,5,2,1,3,2,3,4,2,2,0.921827241,0.123147267,-0.6882367,1,0,0,1,4,0,0,1,0,0,2,0,4,0,1,2,0,0,3,1,0,0,0,1,0,-9,0,1,0,0,1,1,0,0,1,1,0,0,1,0,0,1,3,1,0,0,1,0,1,0,0,2
1045,49,4,0.055252484,0,98043,0,1,0,2,0,1,0,0,0,2,1,1,2,3,1,3,2,5,5,3,2,2,1,2,2,2,2,2,0.051562046,-0.670052288,-0.630539948,1,1,0,0,2,0,0,0,0,0,2,0,5,0,0,0,0,1,2,0,0,0,0,0,0,-9,0,0,1,0,2,0,1,0,2,0,0,1,3,0,0,1,3,1,0,0,1,0,0,0,1,4
1046,49,4,0.036667177,0,98105,1,0,0,2,0,1,0,0,0,2,6,4,4,5,3,3,3,4,5,5,3,1,1,1,2,3,3,3,1.265556692,-0.301523947,0.110151689,1,0,1,0,3,0,0,1,0,0,2,0,4,1,0,1,1,0,1,0,1,0,0,0,1,1,1,0,0,1,3,0,0,1,3,0,0,1,3,0,0,1,3,1,0,0,1,0,0,0,1,4
1048,49,2,0.049776315,0,98310,0,1,0,4,0,0,0,1,0,1,4,2,4,4,2,2,3,4,4,4,1,2,1,1,2,3,3,3,-0.169854832,0.050733827,-1.156756763,1,0,1,0,3,0,0,1,0,0,2,0,4,0,1,2,1,0,1,0,1,0,1,0,0,-9,0,0,1,0,2,0,1,0,2,1,0,0,1,0,1,0,2,0,1,0,2,0,0,0,1,4
1053,49,4,0.03084506,0,98408,0,1,0,3,0,0,1,0,0,1,4,2,2,4,2,2,2,4,4,3,2,2,2,2,2,3,2,4,0.368437845,-0.597762987,0.156112181,0,0,0,1,4,1,1,1,0,0,2,0,4,0,1,2,1,0,1,0,0,0,0,0,0,-9,0,0,0,1,3,1,0,0,1,1,0,0,1,1,0,0,1,1,0,0,1,0,0,0,1,4
1056,49,4,0.009345735,0,98311,0,1,0,2,0,1,0,0,0,2,5,3,3,4,3,2,2,5,5,4,2,1,2,2,2,1,2,3,0.235694754,0.316056845,-0.005668449,1,0,0,1,4,0,0,1,0,0,2,0,4,0,1,2,0,0,3,0,1,0,0,0,0,-9,0,0,1,0,2,1,0,0,1,1,0,0,1,1,0,0,1,1,0,0,1,0,1,0,0,2
1063,49,4,0.043122803,0,98223,0,1,0,1,1,0,0,0,0,1,6,2,3,3,3,3,3,5,5,5,2,2,2,2,2,4,2,4,-0.019816826,-0.139163507,0.214837197,1,0,0,1,4,0,0,1,0,0,2,0,4,0,0,0,0,1,2,0,1,0,0,0,0,-9,0,1,0,0,1,1,0,0,1,0,1,0,2,1,0,0,1,1,0,0,1,1,0,0,0,1
1066,49,4,0.017339166,0,98005,0,1,0,1,1,0,0,0,0,1,3,3,3,3,2,2,1,4,5,3,2,2,2,2,2,4,2,3,-0.472430283,-0.31834604,-0.890483697,1,0,0,1,4,0,1,1,0,0,2,0,4,1,0,1,1,0,1,0,1,0,0,0,1,-9,0,0,1,0,2,0,0,1,3,0,0,1,3,0,1,0,2,1,0,0,1,0,0,0,1,4
1068,49,3,0.057484759,0,98029,0,1,0,2,0,1,0,0,0,1,5,5,2,2,4,4,4,5,4,5,3,1,1,1,3,2,2,2,0.831877061,0.663667175,0.239326482,1,1,0,0,2,0,0,1,0,0,2,0,4,1,0,1,0,1,2,1,0,0,0,0,0,-9,0,0,0,1,3,1,0,0,1,1,0,0,1,1,0,0,1,1,0,0,1,0,0,1,0,3
1088,3,4,0.104603156,1,85021,1,0,0,2,0,1,0,0,0,1,2,0,4,4,2,3,4,5,4,2,2,2,2,2,2,3,2,3,-0.145546862,-0.945444967,1.534089627,1,0,1,0,3,0,1,1,0,0,2,0,4,0,0,3,1,0,1,0,0,0,0,1,0,-9,0,0,0,1,3,0,0,1,3,1,0,0,1,0,1,0,2,0,0,1,3,0,0,0,1,4
1090,3,4,0.003595946,1,85015,1,0,0,4,0,0,0,1,0,3,2,3,2,3,4,3,2,4,4,3,2,2,2,2,3,4,4,4,-0.26386174,-0.12016107,-0.56524685,1,1,0,0,2,0,1,1,0,0,2,0,4,1,0,1,0,0,3,0,1,0,0,0,0,1,1,0,0,1,3,0,0,1,3,0,1,0,2,0,1,0,2,0,0,1,3,0,0,0,1,4
1092,3,4,0.014739078,1,85210,1,0,0,1,1,0,0,0,0,2,1,0,2,4,3,2,2,3,4,3,2,1,1,1,3,3,3,3,-0.694895298,-0.977233886,-0.545339023,0,0,1,0,3,0,0,1,0,0,1,1,1,1,0,1,0,0,3,0,0,0,0,1,0,-9,0,0,0,1,3,0,0,1,3,0,0,1,3,0,1,0,2,0,0,1,3,0,0,0,1,4
1105,3,2,0.10849021,1,85392,0,1,0,1,1,0,0,0,0,1,1,0,2,5,2,1,1,4,5,2,2,1,2,2,3,4,2,2,0.930421255,-1.834652327,0.614473053,1,1,0,0,2,0,1,1,0,0,2,0,4,0,0,3,0,1,2,0,0,0,0,1,0,-9,0,0,1,0,2,0,1,0,2,0,0,1,3,1,0,0,1,1,0,0,1,0,0,1,0,3
1116,49,2,0.009337822,0,98383,0,1,0,2,0,1,0,0,0,2,4,4,5,5,2,5,1,5,5,5,2,1,1,1,2,3,3,3,0.790078234,-0.669032489,0.448789977,1,0,1,0,3,0,0,0,0,0,2,0,5,0,1,2,0,0,3,0,0,0,0,0,0,0,0,1,0,0,1,0,1,0,2,0,1,0,2,1,0,0,1,1,0,0,1,1,0,0,0,1
1118,49,4,0.011162241,0,98111,1,0,0,3,0,0,1,0,0,3,5,4,2,4,3,3,3,5,5,5,2,2,3,1,3,4,2,4,-0.836574733,0.140302003,-0.262474424,1,0,0,1,4,0,1,1,0,0,2,0,4,1,0,1,1,0,1,0,0,0,0,1,1,-9,0,0,0,0,0,0,0,0,0,0,0,0,0,0,0,0,0,0,0,0,0,0,0,0,0,0
1122,49,4,0.011278846,0,98115,1,0,0,2,0,1,0,0,0,1,4,3,4,4,2,4,2,3,5,5,2,1,2,2,3,2,2,2,0.69017653,-0.739713881,0.021472179,1,0,0,1,4,1,1,1,0,0,2,0,4,0,0,0,1,0,1,0,1,0,0,1,0,1,1,0,0,1,3,0,0,1,3,0,1,0,2,0,0,1,3,1,0,0,1,0,0,0,1,4
1124,49,2,0.02836033,0,98057,0,1,0,2,0,1,0,0,0,3,5,4,2,3,5,4,3,5,5,5,1,1,3,2,1,2,2,2,-0.244056775,-0.240386815,0.08869844,0,1,0,0,2,0,1,1,0,0,2,0,4,0,1,2,0,0,3,1,0,0,1,0,0,-9,0,0,1,0,2,0,0,1,3,0,0,1,3,0,0,1,3,0,1,0,2,0,0,0,1,4
1126,49,4,0.013194596,0,98580,0,1,0,3,0,0,1,0,0,2,4,5,1,5,5,1,5,5,5,5,2,1,2,2,3,3,2,2,-2.531463852,-1.6260071,1.935249982,1,0,1,0,3,0,0,1,0,0,2,0,4,1,0,1,0,1,2,0,1,0,0,0,0,-9,0,1,0,0,1,1,0,0,1,1,0,0,1,1,0,0,1,0,1,0,2,1,0,0,0,1
1130,49,4,0.033727458,0,98337,1,0,0,1,1,0,0,0,0,1,5,4,2,4,4,5,1,1,5,1,2,2,3,2,2,4,2,2,0.401394476,-1.575930575,0.419616964,1,0,1,0,3,0,0,1,0,0,2,0,4,1,0,1,1,0,1,0,1,0,0,0,0,1,1,0,0,1,3,0,0,1,3,1,0,0,1,1,0,0,1,0,0,1,3,0,0,0,1,4
1136,49,4,0.022927102,0,98043,0,1,0,1,1,0,0,0,0,1,5,4,1,5,1,1,1,4,5,2,2,2,1,2,2,4,2,4,-0.285206008,-0.898780573,0.963877789,0,0,0,1,4,0,0,1,0,0,2,0,4,1,0,1,1,0,1,0,1,0,0,1,1,-9,0,0,1,0,2,0,1,0,2,0,0,1,3,0,0,1,3,1,0,0,1,0,0,0,1,4
1138,49,4,0.073567491,0,98121,1,0,0,5,0,0,0,0,1,5,5,5,1,3,5,3,1,3,5,5,2,2,2,2,3,3,3,4,-1.898599456,-1.292899988,0.32641,1,0,1,0,3,0,0,1,0,0,2,0,4,1,0,1,1,0,1,0,1,0,0,0,1,-9,0,0,0,1,3,0,0,1,3,0,0,1,3,0,0,1,3,0,0,1,3,0,0,0,1,4
1143,49,2,0.020392845,0,98332,0,1,0,1,1,0,0,0,0,1,2,5,2,4,1,3,2,4,3,2,2,2,1,1,2,3,2,2,-0.219143098,-1.05372124,-0.101999023,1,1,0,0,2,0,0,1,0,0,2,0,4,1,0,1,0,1,2,0,0,0,1,0,0,-9,0,1,0,0,1,1,0,0,1,0,1,0,2,0,1,0,2,1,0,0,1,0,1,0,0,2
1155,3,4,0.027979103,1,85225,1,0,0,1,1,0,0,0,0,1,2,1,3,3,4,4,3,4,5,3,2,1,1,1,3,3,3,2,-0.363393639,0.543772047,0.115531955,0,0,0,1,4,0,1,1,0,0,2,0,4,1,0,1,0,1,2,0,0,0,0,1,0,1,1,0,0,1,3,0,1,0,2,0,0,1,3,0,1,0,2,1,0,0,1,0,0,1,0,3
1163,3,4,0.025251718,1,85225,1,0,0,3,0,0,1,0,0,2,2,2,2,4,4,4,4,4,4,4,2,2,3,2,3,2,2,2,-0.400998248,0.80494012,-0.931605641,0,0,1,0,3,1,1,1,0,0,2,0,4,1,0,1,1,0,1,0,0,0,0,0,0,1,1,0,0,1,3,0,1,0,2,0,0,1,3,0,1,0,2,1,0,0,1,0,0,1,0,3
1166,3,4,0.015431304,1,85374,0,1,0,3,0,0,1,0,0,3,1,1,2,4,4,4,5,5,5,5,2,2,2,1,3,2,2,2,-0.553747856,-0.505156062,-0.910263088,1,0,0,1,4,0,1,1,0,0,2,0,4,0,1,2,0,1,2,0,1,0,0,1,0,1,1,0,1,0,2,0,1,0,2,0,0,1,3,0,1,0,2,1,0,0,1,1,0,0,0,1
1175,3,4,0.013528009,1,85258,0,1,0,2,0,1,0,0,0,2,2,3,1,5,3,2,2,4,5,4,2,1,1,2,3,3,2,4,-0.387610447,-0.63552646,-0.439290937,1,0,0,1,4,1,1,1,0,0,2,0,4,0,1,2,0,0,3,0,0,0,0,1,0,1,1,0,1,0,2,0,0,1,3,0,0,1,3,0,1,0,2,1,0,0,1,0,0,1,0,3
1180,3,2,0.021497167,1,85379,0,1,0,3,0,0,1,0,0,2,2,0,4,2,2,5,1,5,3,3,2,1,2,2,2,3,2,2,-0.784862811,-0.044672515,0.253343023,1,1,0,0,2,0,0,1,0,0,2,0,4,0,1,2,0,0,3,1,0,0,0,1,0,-9,0,0,0,1,3,1,0,0,1,0,1,0,2,1,0,0,1,1,0,0,1,1,0,0,0,1
1184,3,4,0.013452707,1,85302,0,1,0,3,0,0,1,0,0,3,1,3,3,3,3,3,3,3,3,3,2,2,2,2,2,3,3,3,-0.5612507,-0.344264239,-0.410374472,1,0,0,1,4,0,1,1,0,0,2,0,4,0,1,2,0,1,2,0,0,0,0,0,0,-9,0,0,0,1,3,0,1,0,2,1,0,0,1,0,1,0,2,1,0,0,1,0,0,0,1,4
1204,3,4,0.061611699,1,85387,0,1,0,3,0,0,1,0,0,2,2,0,2,4,3,4,1,5,5,4,2,1,3,1,3,1,2,2,0.175697789,0.282784022,-0.062425419,0,0,0,1,4,0,1,1,0,0,2,0,4,0,1,2,1,0,1,0,0,0,0,1,0,1,1,1,0,0,1,1,0,0,1,1,0,0,1,1,0,0,1,1,0,0,1,1,0,0,0,1
1235,3,4,0.058739116,0,85142,0,1,0,3,0,0,1,0,0,2,6,0,3,3,5,1,1,5,5,5,2,2,2,2,2,3,3,3,0.741430001,0.349767388,1.184236426,1,0,0,1,4,0,0,0,1,0,2,0,2,0,0,3,0,0,3,0,0,0,0,1,0,1,1,1,0,0,1,1,0,0,1,0,1,0,2,0,0,1,3,1,0,0,1,1,0,0,0,1
1245,49,2,0.060119241,0,98101,1,0,0,4,0,0,0,1,0,2,4,4,4,4,3,4,4,3,4,3,3,2,2,3,2,3,2,3,-0.345858749,0.795686596,-0.22843528,0,1,0,0,2,0,1,1,0,0,1,1,1,0,0,3,0,0,3,1,0,0,0,0,0,-9,0,0,0,1,3,0,0,1,3,0,0,1,3,0,0,1,3,0,0,1,3,0,0,0,1,4
1249,49,2,0.066153567,0,98093,1,0,0,4,0,0,0,1,0,2,5,4,4,5,5,3,4,4,5,4,1,3,2,1,2,1,2,2,0.279040055,0.897826698,1.117494601,0,1,0,0,2,0,1,1,0,0,2,0,4,0,0,3,0,0,3,1,0,0,0,1,0,1,1,0,0,0,0,0,0,0,0,0,0,0,0,0,0,0,0,0,0,0,0,0,0,0,0,0
1255,3,2,0.05714765,1,85375,0,1,0,1,1,0,0,0,0,2,1,1,4,4,1,3,1,5,2,2,2,1,3,2,3,3,2,3,-0.623321979,0.166258531,1.386229266,0,0,1,0,3,1,1,1,0,0,2,0,4,0,1,2,0,1,2,0,0,0,1,1,0,-9,0,1,0,0,1,1,0,0,1,0,1,0,2,1,0,0,1,1,0,0,1,1,0,0,0,1
1261,49,4,0.009491772,0,98122,1,0,0,1,1,0,0,0,0,2,4,4,3,4,2,1,1,4,5,3,2,2,1,1,3,3,2,4,0.563845351,0.356731294,-1.215534464,1,0,0,1,4,0,0,1,0,0,2,0,4,1,0,1,0,1,2,0,1,0,0,1,1,1,1,0,0,1,3,0,0,1,3,1,0,0,1,0,0,1,3,0,0,1,3,0,0,0,1,4
1265,49,4,0.023491575,0,98443,0,1,0,1,1,0,0,0,0,1,5,5,2,4,3,4,2,5,5,4,2,2,1,1,3,1,2,4,0.817676595,0.030844776,-0.182684556,1,0,1,0,3,0,0,1,0,0,2,0,4,0,1,2,0,0,3,0,0,0,0,1,0,-9,0,1,0,0,1,1,0,0,1,1,0,0,1,1,0,0,1,1,0,0,1,1,0,0,0,1
1266,49,4,0.014691896,0,98020,0,1,0,1,1,0,0,0,0,1,5,1,4,4,2,2,1,5,5,5,3,2,3,1,2,1,2,2,1.135872621,-1.000052315,1.22655728,1,0,0,1,4,0,1,1,0,0,2,0,4,0,1,2,1,0,1,0,0,0,0,1,0,0,0,0,1,0,2,1,0,0,1,1,0,0,1,0,1,0,2,0,1,0,2,0,0,1,0,3
1267,49,4,0.016439288,0,98146,0,1,0,3,0,0,1,0,0,3,4,4,3,3,3,4,4,2,4,4,2,2,2,2,2,2,2,2,0.280025459,0.315988514,-0.386947063,1,0,0,1,4,0,0,1,0,0,2,0,4,0,1,2,0,1,2,0,1,0,0,1,0,-9,0,0,0,1,3,0,1,0,2,1,0,0,1,0,1,0,2,0,1,0,2,0,0,1,0,3
1284,49,2,0.027967148,0,98499,0,1,0,3,0,0,1,0,0,3,4,4,1,5,5,2,2,4,5,4,2,2,2,2,2,3,3,2,0.023453699,-1.489145134,-1.327182877,1,1,0,0,2,1,1,0,1,0,2,0,2,1,0,1,1,0,1,0,1,0,0,0,1,0,0,0,1,0,2,0,0,1,3,0,0,1,3,0,0,1,3,0,1,0,2,0,0,0,1,4
1285,49,4,0.096456418,0,98445,0,1,0,3,0,0,1,0,0,2,3,2,3,4,4,4,3,4,4,4,1,3,3,3,3,2,2,2,0.105756175,0.681561868,-0.068754543,1,0,0,1,4,1,1,0,0,1,2,0,3,0,1,2,0,1,2,0,0,0,0,1,0,-9,0,0,1,0,2,1,0,0,1,1,0,0,1,1,0,0,1,1,0,0,1,1,0,0,0,1
1291,49,4,0.023987658,0,98270,0,1,0,1,1,0,0,0,0,1,5,1,4,5,1,1,1,1,5,1,2,2,2,2,2,4,2,4,1.072315704,-1.44078888,-1.614967631,1,0,0,1,4,0,0,1,0,0,2,0,4,1,0,1,1,0,1,0,1,0,0,0,1,-9,0,0,1,0,2,0,1,0,2,1,0,0,1,1,0,0,1,1,0,0,1,0,0,1,0,3
1299,49,4,0.09942988,0,98125,1,0,0,2,0,1,0,0,0,2,4,2,2,4,4,4,3,4,4,4,2,2,2,2,3,3,3,3,-0.093771623,0.780141601,-0.12354174,0,0,1,0,3,0,0,1,0,0,2,0,4,1,0,1,1,0,1,0,1,0,0,0,1,-9,0,0,0,1,3,0,0,1,3,0,1,0,2,0,0,1,3,1,0,0,1,0,0,0,1,4
1305,49,2,0.035814019,0,98003,1,0,0,3,0,0,1,0,0,3,1,5,2,4,1,3,2,3,4,3,2,2,2,2,2,3,3,3,-0.125647286,0.136778609,0.151074733,1,0,0,1,4,1,1,0,0,1,2,0,3,1,0,1,0,1,2,0,0,0,0,1,0,-9,0,0,0,1,3,0,0,1,3,0,0,1,3,0,1,0,2,1,0,0,1,0,0,0,1,4
1307,49,2,0.043434539,0,98101,1,0,0,1,1,0,0,0,0,3,4,3,4,2,3,4,2,4,3,4,3,2,2,3,3,3,3,2,0.23455301,0.188875846,-0.203158085,0,0,0,0,1,0,0,0,0,1,2,0,3,1,0,1,0,0,3,0,0,0,1,0,0,1,1,0,0,1,3,0,0,1,3,0,0,1,3,0,0,1,3,0,0,1,3,0,0,0,1,4
1308,49,2,0.045123432,0,98117,1,0,0,3,0,0,1,0,0,2,4,2,4,3,4,4,4,4,3,4,3,2,2,3,2,3,2,3,-1.019151667,1.258123736,0.643633328,0,1,0,0,2,0,0,1,0,0,2,0,4,1,0,1,1,0,1,0,0,0,1,1,1,0,0,0,0,1,3,0,1,0,2,1,0,0,1,0,1,0,2,1,0,0,1,0,0,0,1,4
1310,49,1,0.01577024,0,98252,0,1,0,4,0,0,0,1,0,2,5,4,5,4,4,4,3,4,3,4,3,2,3,3,2,3,2,3,0.642513362,1.058818149,-1.047066065,0,1,0,0,2,0,1,1,0,0,2,0,4,0,0,3,0,0,3,1,1,1,0,0,0,1,1,1,0,0,1,1,0,0,1,1,0,0,1,0,0,1,3,1,0,0,1,0,1,0,0,2
1320,49,4,0.009994987,0,98031,0,1,0,4,0,0,0,1,0,1,5,5,3,1,2,2,1,3,4,4,2,2,2,3,2,2,2,2,-0.447400465,-0.259070216,1.077883905,1,0,1,0,3,0,0,1,0,0,2,0,4,1,0,1,1,0,1,0,1,0,0,0,1,0,0,0,0,1,3,1,0,0,1,1,0,0,1,1,0,0,1,1,0,0,1,0,0,1,0,3
1321,49,4,0.061857812,0,98104,1,0,0,2,0,1,0,0,0,2,5,5,1,1,5,1,5,5,5,5,1,1,2,1,3,3,3,3,-0.433205768,-1.028348039,1.166345612,0,0,0,1,4,0,0,0,1,0,2,0,2,1,0,1,1,0,1,0,1,0,0,0,1,1,1,0,0,1,3,0,0,1,3,0,0,1,3,0,0,1,3,0,0,1,3,0,0,0,1,4
1325,49,4,0.467258854,0,98102,1,0,0,2,0,1,0,0,0,1,5,3,2,4,4,4,4,5,5,3,1,1,1,3,3,3,2,3,0.271615519,-0.167728163,-0.210923405,0,0,0,1,4,0,1,1,0,0,2,0,4,0,0,3,1,0,1,0,0,0,0,0,0,1,1,0,0,1,3,0,0,1,3,0,0,1,3,0,0,1,3,0,0,1,3,0,0,0,1,4
1327,49,4,0.065542553,0,98037,1,0,0,2,0,1,0,0,0,2,4,4,4,3,1,2,1,4,5,3,2,1,2,2,3,3,2,4,0.515940365,0.896103968,-0.410290072,1,0,0,1,4,0,0,1,0,0,2,0,4,0,0,3,0,1,2,0,1,0,0,1,0,-9,0,0,0,1,3,0,1,0,2,0,1,0,2,0,1,0,2,1,0,0,1,0,0,1,0,3
1330,3,4,0.012233898,1,85283,1,0,0,2,0,1,0,0,0,2,1,2,4,4,4,4,4,4,4,4,2,2,2,2,2,3,3,3,-0.72289923,0.747305313,-0.013598017,1,0,0,1,4,0,0,1,0,0,2,0,4,0,1,2,1,0,1,0,0,0,0,0,0,1,1,0,0,1,3,0,0,1,3,0,0,1,3,0,1,0,2,1,0,0,1,0,0,0,1,4
1331,3,4,0.05297854,1,85308,0,1,0,3,0,0,1,0,0,1,1,0,5,1,1,1,1,1,5,1,2,2,2,2,2,4,3,4,-0.062520945,-1.058812809,1.067574442,1,0,0,1,4,0,0,1,0,0,2,0,4,1,0,1,0,1,2,0,0,0,0,1,0,-9,0,0,1,0,2,0,1,0,2,0,0,1,3,0,1,0,2,1,0,0,1,0,0,1,0,3
1334,49,4,0.032426051,0,98011,0,1,0,3,0,0,1,0,0,3,4,5,1,3,4,2,5,5,5,5,2,2,2,3,3,2,2,2,0.679151576,-2.047359907,-0.064276264,1,0,1,0,3,0,0,1,0,0,2,0,4,0,1,2,0,1,2,0,1,0,0,0,0,-9,0,0,1,0,2,0,0,1,3,0,0,1,3,0,1,0,2,1,0,0,1,0,0,1,0,3
1337,3,4,0.009936906,1,85013,1,0,0,1,1,0,0,0,0,1,1,0,5,5,1,1,1,3,4,3,2,2,2,2,3,4,3,4,1.426791014,-1.583421678,0.714037353,1,0,0,1,4,0,0,1,0,0,2,0,4,1,0,1,0,1,2,0,0,0,0,0,0,-9,0,0,0,1,3,0,0,1,3,0,1,0,2,0,0,1,3,0,0,1,3,0,0,0,1,4
1367,3,4,0.005977286,1,85008,1,0,0,4,0,0,0,1,0,2,1,0,3,4,1,1,1,4,1,2,2,2,2,2,3,4,2,2,-0.313600519,0.186198472,1.148100241,0,0,0,1,4,0,0,1,0,0,2,0,4,1,0,1,0,0,3,0,1,0,0,0,1,-9,0,0,0,1,3,0,0,1,3,0,1,0,2,0,0,1,3,0,1,0,2,0,0,1,0,3
1380,3,2,0.037473573,1,85331,0,1,0,3,0,0,1,0,0,3,1,2,1,5,2,4,1,3,5,5,2,1,1,1,3,2,2,2,1.073374505,0.380081683,0.396277495,0,0,0,1,4,1,1,1,0,0,2,0,4,0,1,2,0,1,2,0,1,0,1,1,0,1,1,1,0,0,1,1,0,0,1,0,0,1,3,0,1,0,2,1,0,0,1,1,0,0,0,1
1383,3,4,0.012324661,1,85008,1,0,0,2,0,1,0,0,0,2,2,1,2,4,4,2,4,5,5,5,2,2,2,2,3,2,2,2,0.595365872,0.138717407,0.20333327,1,0,1,1,4,0,0,1,0,0,2,0,4,0,1,2,0,0,3,0,1,0,0,0,1,1,1,0,0,1,3,0,0,1,3,0,1,0,2,0,0,1,3,0,1,0,2,0,0,1,0,3
1385,49,4,0.001802653,0,98057,0,1,0,4,0,0,0,1,0,2,5,5,3,5,4,3,2,5,5,3,2,2,2,2,2,3,3,4,1.209641538,-0.178583706,0.91081093,1,0,0,1,4,0,1,1,0,0,2,0,4,1,0,1,1,0,1,0,1,0,0,0,1,0,0,0,1,0,2,0,0,1,3,0,0,1,3,0,0,1,3,0,1,0,2,0,0,0,1,4
1387,3,2,0.133713546,1,85326,0,1,0,3,0,0,1,0,0,2,1,1,5,3,1,1,1,3,4,3,2,2,2,2,2,4,2,3,0.250168255,0.136518132,-0.328522558,0,0,0,1,4,0,0,0,0,0,2,0,5,0,1,2,0,1,2,0,0,0,1,1,0,-9,0,1,0,0,1,1,0,0,1,0,1,0,2,1,0,0,1,1,0,0,1,1,0,0,0,1
1388,3,4,0.046548668,1,85351,0,1,0,1,1,0,0,0,0,1,2,3,3,5,4,3,4,5,4,4,2,2,2,2,2,3,3,2,0.336633921,-0.544877154,-0.710349034,1,0,0,1,4,0,0,1,0,0,2,0,4,0,0,3,0,1,2,0,0,0,0,1,0,-9,0,0,1,0,2,1,0,0,1,0,1,0,2,1,0,0,1,1,0,0,1,0,1,0,0,2
1405,3,4,0.002914168,1,85253,0,1,0,3,0,0,1,0,0,2,1,3,3,3,3,3,3,3,4,4,2,2,2,2,2,3,3,3,0.632699468,0.079001729,-0.66263066,1,0,0,1,4,0,1,1,0,0,2,0,4,0,1,2,1,0,1,0,0,0,0,0,1,-9,0,1,0,0,1,0,1,0,2,0,1,0,2,0,1,0,2,1,0,0,1,0,1,0,0,2
1408,49,4,0.037530664,0,98117,1,0,0,3,0,0,1,0,0,1,5,4,1,5,2,1,1,5,5,4,2,1,3,2,2,4,2,2,0.928268011,-0.117595813,0.646303698,0,0,0,1,4,1,1,1,0,0,2,0,4,0,1,2,0,1,2,0,0,0,0,1,0,1,1,0,0,1,3,0,1,0,2,1,0,0,1,0,1,0,2,1,0,0,1,0,0,0,1,4
1421,3,2,0.019886256,1,85022,0,1,0,1,1,0,0,0,0,1,2,1,4,5,3,2,1,5,3,2,2,1,2,2,2,1,2,4,-0.138269146,-1.476539594,0.035450834,1,0,0,1,4,0,0,1,0,0,2,0,4,0,1,2,0,1,2,0,0,0,0,0,0,-9,0,0,0,1,3,0,1,0,2,0,1,0,2,1,0,0,1,1,0,0,1,0,0,1,0,3
1436,3,4,0.002142866,1,85205,0,1,0,4,0,0,0,1,0,2,2,5,3,3,3,3,3,3,3,3,2,2,2,2,2,3,3,3,-0.200681516,0.219510642,0.089340003,0,0,0,1,4,1,1,1,0,0,2,0,4,1,0,1,1,0,1,0,1,0,0,0,1,1,1,0,1,0,2,0,1,0,2,0,1,0,2,0,1,0,2,1,0,0,1,0,0,1,0,3
1438,3,4,0.026184912,1,85304,1,0,0,1,1,0,0,0,0,1,1,0,1,1,1,1,1,1,1,1,2,2,2,2,2,3,3,3,0.909084335,-0.301427484,1.156116108,1,1,0,0,2,0,0,1,0,0,2,0,4,0,1,2,0,1,2,0,1,0,0,1,0,-9,0,0,0,1,3,0,1,0,2,1,0,0,1,0,1,0,2,1,0,0,1,0,0,0,1,4
1455,49,2,0.018976628,0,98383,0,1,0,3,0,0,1,0,0,2,5,5,3,5,5,4,4,5,5,5,3,1,3,2,3,2,2,2,0.913661573,1.37721761,0.548222245,1,1,0,0,2,0,1,1,0,0,2,0,4,0,0,3,0,0,3,1,0,0,0,1,0,1,1,1,0,0,1,0,1,0,2,0,1,0,2,1,0,0,1,1,0,0,1,1,0,0,0,1
1458,3,2,0.005990821,1,85248,0,1,0,5,0,0,0,0,1,4,1,3,2,3,2,5,4,5,5,3,2,2,1,2,3,2,2,4,1.294036214,0.404966906,-0.199709436,1,0,1,0,3,0,0,1,0,0,2,0,4,1,0,1,0,1,2,0,0,0,1,0,0,-9,0,0,1,0,2,0,1,0,2,0,0,1,3,0,1,0,2,1,0,0,1,0,1,0,0,2
1460,3,4,0.018865294,1,85302,0,1,0,2,0,1,0,0,0,3,1,1,3,4,3,4,4,4,4,4,2,3,3,3,3,2,2,3,-1.496168795,-1.910818339,0.646349696,1,1,0,0,2,0,0,1,0,0,2,0,4,0,1,2,0,1,2,0,0,0,0,0,0,1,1,0,0,1,3,0,1,0,2,1,0,0,1,0,1,0,2,1,0,0,1,0,0,0,1,4
1466,3,2,0.001212013,1,85344,0,1,0,1,1,0,0,0,0,1,1,0,5,3,3,3,5,5,4,3,2,2,2,2,2,3,3,3,0.436349652,-1.890259757,1.229098455,1,0,0,0,1,0,0,1,0,0,2,0,4,1,0,1,0,0,3,0,0,0,1,1,0,1,1,1,0,0,1,1,0,0,1,1,0,0,1,0,0,1,3,1,0,0,1,1,0,0,0,1
1470,3,4,0.005991951,1,85249,0,1,0,3,0,0,1,0,0,4,1,0,5,1,1,1,1,1,3,1,2,1,2,2,2,4,3,4,-0.077357352,-0.290433955,0.256482217,1,0,0,1,4,1,1,1,0,0,2,0,4,0,0,3,0,0,3,1,0,0,0,1,1,-9,0,0,1,0,2,1,0,0,1,0,0,1,3,1,0,0,1,1,0,0,1,1,0,0,0,1
1501,3,4,0.056945798,1,85345,0,1,0,2,0,1,0,0,0,2,1,2,3,3,3,3,3,3,3,3,2,2,2,2,3,2,2,2,-0.732965892,-0.531666479,-0.652172607,1,1,0,0,2,0,0,0,0,0,2,0,5,1,0,1,1,0,1,0,0,0,0,1,0,-9,0,0,1,0,2,0,1,0,2,0,0,1,3,1,0,0,1,1,0,0,1,0,0,1,0,3
1512,3,4,0.044898848,1,85387,0,1,0,1,1,0,0,0,0,1,3,4,2,2,3,3,4,3,4,4,2,1,3,3,3,2,2,4,-1.359162818,0.483772008,0.005537525,0,0,0,1,4,0,0,1,0,0,2,0,4,0,1,2,0,1,2,0,0,0,0,0,0,-9,0,1,0,0,1,1,0,0,1,1,0,0,1,1,0,0,1,1,0,0,1,1,0,0,0,1
1518,49,4,0.018160915,0,98408,0,1,0,3,0,0,1,0,0,3,4,4,1,4,3,4,2,3,4,3,2,2,2,2,3,3,2,4,0.36307733,-0.175388584,-0.530197786,0,0,0,1,4,1,1,1,0,0,2,0,4,1,0,1,1,0,1,0,0,0,0,1,1,-9,0,0,0,1,3,1,0,0,1,1,0,0,1,1,0,0,1,1,0,0,1,0,0,0,1,4
1528,3,4,0.051078708,1,85212,0,1,0,1,1,0,0,0,0,1,1,0,5,5,5,5,5,5,5,5,2,2,2,2,2,3,3,3,0.582788107,0.647192778,-0.40532192,1,0,0,1,4,0,0,1,0,0,2,0,4,0,1,2,0,1,2,0,0,0,0,1,0,-9,0,1,0,0,1,1,0,0,1,0,1,0,2,0,1,0,2,1,0,0,1,1,0,0,0,1
1530,3,2,0.006853877,1,85015,1,0,0,2,0,1,0,0,0,1,1,0,5,3,2,4,3,5,4,4,3,3,3,3,3,2,2,2,-1.995710674,0.602783375,0.366752748,1,1,0,0,2,0,0,1,0,0,2,0,4,1,0,1,0,0,3,0,1,0,0,0,0,-9,0,0,0,1,3,0,0,1,3,0,1,0,2,0,1,0,2,0,0,1,3,0,0,0,1,4
1536,3,2,0.189098294,1,85085,0,1,0,3,0,0,1,0,0,3,4,2,4,4,4,4,3,3,3,4,2,2,2,2,2,3,4,3,-0.771887289,0.895175201,-2.659433919,0,1,0,0,2,0,0,1,0,0,1,1,1,0,1,2,1,0,1,0,0,1,0,0,0,1,1,1,0,0,1,1,0,0,1,1,0,0,1,1,0,0,1,1,0,0,1,1,0,0,0,1
1541,3,1,0.004528407,1,85281,1,0,0,1,1,0,0,0,0,1,3,2,4,3,2,4,2,4,5,4,3,1,2,2,3,2,2,2,0.323161746,0.318295863,-0.023317981,1,1,0,0,2,0,0,1,0,0,2,0,4,1,0,1,0,0,3,1,1,0,0,0,0,-9,0,0,0,1,3,0,0,1,3,0,0,1,3,0,1,0,2,0,0,1,3,0,0,0,1,4
1543,3,4,0.022623545,1,85048,0,1,0,1,1,0,0,0,0,2,1,0,5,5,1,1,1,1,4,4,2,2,2,2,2,4,2,4,0.091722402,-0.305271826,1.010981295,0,0,0,1,4,0,1,1,0,0,2,0,4,1,0,1,1,0,1,0,0,0,0,0,0,1,1,0,1,0,2,0,1,0,2,0,0,1,3,1,0,0,1,1,0,0,1,0,0,1,0,3
1547,3,4,0.018896779,1,85008,1,0,0,4,0,0,0,1,0,2,1,5,2,5,4,1,2,5,4,3,2,1,1,3,3,4,2,2,0.341776447,0.388946455,1.206661419,0,0,0,1,4,0,0,1,0,0,2,0,4,1,0,1,0,0,3,0,1,0,0,0,0,-9,0,0,0,1,3,0,0,1,3,0,1,0,2,0,0,1,3,0,1,0,2,0,0,1,0,3
1548,3,4,0.017737573,1,85051,1,0,0,1,1,0,0,0,0,1,1,0,1,1,1,1,1,1,1,1,2,2,2,2,2,4,4,4,-0.788161572,-0.768065418,-0.165090023,1,1,0,0,2,0,0,1,0,0,2,0,4,0,1,2,0,0,3,1,0,0,0,1,0,1,1,0,0,1,3,0,0,1,3,0,0,1,3,0,1,0,2,1,0,0,1,0,0,0,1,4
1553,49,4,0.026055738,0,98258,0,1,0,2,0,1,0,0,0,1,3,3,2,3,3,2,2,4,4,4,2,2,3,2,2,4,2,2,0.367139174,0.463803054,-0.117761215,1,0,0,1,4,0,0,0,1,0,2,0,2,0,1,2,0,1,2,0,1,0,0,1,0,-9,0,0,1,0,2,1,0,0,1,1,0,0,1,1,0,0,1,0,1,0,2,0,1,0,0,2
1555,49,2,0.046597263,0,98367,0,1,0,2,0,1,0,0,0,1,4,4,4,4,1,1,1,5,4,3,3,3,2,2,3,1,3,3,0.096105769,0.692212732,1.166264349,0,0,0,1,4,1,1,1,0,0,2,0,4,0,0,0,0,1,2,0,0,0,0,1,0,-9,0,1,0,0,1,1,0,0,1,1,0,0,1,1,0,0,1,0,1,0,2,1,0,0,0,1
1576,3,4,0.043610179,1,85004,0,1,0,1,1,0,0,0,0,2,2,1,3,4,2,2,2,4,5,5,2,1,2,2,2,2,2,2,-0.328535821,-0.312063408,0.013915999,1,0,0,1,4,0,0,1,0,0,2,0,4,0,0,3,1,0,1,0,0,0,0,0,0,-9,0,0,1,0,2,0,0,1,3,0,0,1,3,0,1,0,2,0,0,1,3,0,0,0,1,4
1586,3,2,0.065660688,1,85395,0,1,0,5,0,0,0,0,1,1,1,2,5,2,1,4,2,4,5,4,2,2,2,2,2,3,3,4,-0.302938815,-0.634576814,-1.861431586,1,0,1,0,3,0,0,1,0,0,2,0,4,0,1,2,0,1,2,0,0,0,1,1,0,-9,0,0,1,0,2,0,1,0,2,0,0,1,3,0,1,0,2,1,0,0,1,1,0,0,0,1
1595,3,2,0.148493586,1,85392,0,1,0,1,1,0,0,0,0,1,4,1,5,1,1,1,1,2,1,2,2,2,2,2,2,3,4,3,-0.613242767,0.216551986,0.523577233,1,1,0,0,2,0,0,1,0,0,1,1,1,0,0,3,0,0,3,1,0,0,0,1,0,-9,0,0,1,0,2,0,1,0,2,0,0,1,3,1,0,0,1,1,0,0,1,0,0,1,0,3
1608,49,2,0.019749228,0,98023,0,1,0,2,0,1,0,0,0,3,5,3,1,5,5,5,3,5,5,5,2,1,3,3,3,2,2,2,-0.12589625,-1.028918889,-0.108908031,1,0,1,0,3,0,0,1,0,0,2,0,4,0,1,2,0,1,2,0,0,0,0,0,0,-9,0,0,0,1,3,0,1,0,2,1,0,0,1,1,0,0,1,1,0,0,1,0,0,1,0,3
1611,3,2,0.044191134,1,85379,0,1,0,1,1,0,0,0,0,1,2,0,3,5,2,2,4,4,5,5,2,1,3,2,3,4,2,4,-2.268363675,-0.459563924,0.175866929,1,1,0,0,2,0,1,0,1,0,2,0,2,0,0,3,0,0,3,1,0,0,0,1,0,-9,0,0,0,1,3,1,0,0,1,0,1,0,2,1,0,0,1,1,0,0,1,1,0,0,0,1
1612,49,4,0.057936422,0,98032,1,0,0,2,0,1,0,0,0,3,5,3,3,3,2,3,2,4,4,4,2,2,2,2,2,3,3,3,-0.386159841,0.327407935,-0.038594375,1,0,0,1,4,0,0,1,0,0,2,0,4,1,0,1,1,0,1,0,0,0,0,0,1,0,0,0,0,1,3,0,0,1,3,0,0,1,3,0,1,0,2,0,1,0,2,0,0,0,1,4
1622,3,2,0.08766727,1,85255,0,1,0,1,1,0,0,0,0,1,1,0,4,5,1,1,1,4,4,5,3,3,1,1,3,2,2,1,0.113811759,1.099646363,0.07948063,0,1,0,0,2,0,1,1,0,0,2,0,4,0,0,3,0,0,3,1,0,1,0,0,0,-9,0,1,0,0,1,0,1,0,2,0,0,1,3,0,1,0,2,1,0,0,1,1,0,0,0,1
1629,49,4,0.158805147,0,98033,1,0,0,1,1,0,0,0,0,1,1,3,4,4,2,2,1,4,4,4,2,1,1,1,3,1,2,2,0.875704243,0.215142254,0.007568928,1,0,1,0,3,1,1,0,0,1,2,0,3,0,0,3,0,1,2,0,0,0,0,1,0,1,1,0,1,0,2,0,0,1,3,0,0,1,3,0,0,1,3,1,0,0,1,0,0,0,1,4
1638,49,4,0.012748747,0,98445,0,1,0,2,0,1,0,0,0,1,3,1,3,3,1,1,1,1,4,1,2,2,2,2,2,4,3,1,-0.937451879,-1.342730073,-0.216512483,1,0,1,0,3,0,0,1,0,0,2,0,4,1,0,1,0,0,3,0,0,0,0,0,0,-9,0,0,1,0,2,1,0,0,1,1,0,0,1,1,0,0,1,1,0,0,1,1,0,0,0,1
1639,3,4,0.017886648,1,85214,0,1,0,1,1,0,0,0,0,1,1,0,4,5,2,3,3,4,4,4,2,2,2,2,3,3,3,3,0.053403511,-1.043508845,0.29356228,1,0,0,1,4,0,0,1,0,0,2,0,4,1,0,1,0,1,2,0,1,0,0,1,0,1,1,0,0,0,0,0,0,0,0,0,0,0,0,0,0,0,0,0,0,0,0,0,0,0,0,0
1653,3,2,0.164681594,1,85345,0,1,0,1,1,0,0,0,0,1,1,0,4,3,2,2,3,2,2,2,2,3,1,1,3,2,2,3,-0.165083955,0.178472368,-0.46078168,0,0,1,0,3,0,0,0,0,1,2,0,3,0,1,2,1,0,1,0,0,0,1,0,0,-9,0,0,1,0,2,0,1,0,2,0,0,1,3,1,0,0,1,1,0,0,1,0,0,1,0,3
1655,49,4,0.030503223,0,98056,0,1,0,2,0,1,0,0,0,1,4,2,2,4,3,3,3,4,5,5,2,1,1,1,3,4,2,2,1.403872341,0.735139021,0.657821231,0,0,1,0,3,0,0,1,0,0,2,0,4,0,1,2,0,1,2,0,1,0,0,1,0,-9,0,0,0,1,3,0,1,0,2,1,0,0,1,0,1,0,2,1,0,0,1,0,0,0,1,4
1694,3,4,0.005177488,1,85256,0,1,0,4,0,0,0,1,0,2,1,4,2,3,4,4,4,5,5,5,2,1,3,1,3,2,2,2,-0.320529424,0.799415139,0.960268958,1,0,1,0,3,0,1,1,0,0,2,0,4,1,0,1,0,0,3,1,0,0,0,1,0,-9,0,1,0,0,1,1,0,0,1,0,1,0,2,1,0,0,1,1,0,0,1,1,0,0,0,1
1698,49,4,0.307701896,0,98422,0,1,0,4,0,0,0,1,0,2,5,5,1,5,1,1,1,3,5,5,2,3,1,2,3,4,2,4,-0.878261451,-0.203252462,-0.409702829,0,0,0,1,4,0,0,0,0,1,2,0,3,0,0,3,0,1,2,0,0,0,0,1,0,-9,0,0,1,0,2,1,0,0,1,1,0,0,1,1,0,0,1,0,1,0,2,0,1,0,0,2
1710,3,2,0.008613972,1,85395,0,1,0,1,1,0,0,0,0,2,1,0,4,2,2,2,1,3,5,1,2,2,2,2,2,4,3,4,-0.196555212,0.734799667,-0.009027232,1,0,0,1,4,0,1,1,0,0,2,0,4,1,0,1,0,1,2,0,0,0,1,1,0,-9,0,0,1,0,2,0,1,0,2,0,0,1,3,0,1,0,2,1,0,0,1,1,0,0,0,1
1721,3,1,0.033848988,1,85009,1,0,0,1,1,0,0,0,0,1,2,1,4,2,2,2,1,4,4,3,2,2,2,2,2,4,3,3,0.279832916,0.053610713,-0.713468488,0,0,0,1,4,1,1,1,0,0,2,0,4,1,0,1,0,1,2,1,1,0,1,1,0,-9,0,0,0,1,3,0,0,1,3,0,0,1,3,0,1,0,2,1,0,0,1,0,0,0,1,4
1736,49,2,0.036267672,0,98118,0,1,0,3,0,0,1,0,0,3,4,3,1,5,3,2,1,4,5,4,3,1,2,1,3,2,1,2,1.019735804,1.278559996,-1.867890114,0,1,0,0,2,0,1,1,0,0,2,0,4,0,0,3,0,0,3,1,0,0,0,0,0,-9,0,0,0,1,3,0,1,0,2,1,0,0,1,1,0,0,1,0,0,1,3,0,0,0,1,4
1741,3,4,0.025282903,1,85032,0,1,0,1,1,0,0,0,0,2,1,0,4,3,2,3,2,2,3,3,2,2,2,2,2,3,2,3,-0.908855366,0.343946706,0.128880736,0,0,0,1,4,0,0,1,0,0,2,0,4,1,0,1,1,0,1,0,0,0,0,0,0,-9,0,0,0,1,3,0,1,0,2,0,0,1,3,0,0,1,3,1,0,0,1,0,0,0,1,4
1768,3,1,0.142803999,1,85310,0,1,0,5,0,0,0,0,1,1,5,5,5,5,5,5,5,5,5,5,3,3,3,3,3,2,2,2,0.929421863,1.251829661,1.268139444,1,0,1,0,3,0,0,1,0,0,2,0,4,1,0,1,0,0,3,0,0,0,1,1,0,-9,0,0,1,0,2,0,1,0,2,1,0,0,1,1,0,0,1,1,0,0,1,1,0,0,0,1
1787,3,4,0.028246961,1,85022,0,1,0,4,0,0,0,1,0,4,1,0,3,4,4,3,3,4,5,3,2,2,2,2,3,3,3,3,0.316091089,-1.208457051,0.196573482,1,0,1,0,3,0,0,1,0,1,2,0,3,1,0,1,0,1,2,0,0,0,0,0,0,1,1,0,0,1,3,0,1,0,2,0,1,0,2,1,0,0,1,1,0,0,1,0,0,1,0,3
1791,3,4,0.001591342,1,85040,1,0,0,2,0,1,0,0,0,2,1,1,4,5,5,5,3,5,5,5,2,2,2,2,2,3,2,2,0.002221909,-0.594652322,0.60766767,1,0,1,0,3,0,0,1,0,0,2,0,4,1,0,1,0,0,3,1,0,0,0,0,0,-9,0,0,0,1,3,0,0,1,3,0,1,0,2,1,0,0,1,1,0,0,1,0,0,1,0,3
1811,3,4,0.033772596,1,85033,0,1,0,3,0,0,1,0,0,3,3,3,2,2,2,2,3,5,5,4,3,2,2,2,3,3,3,3,-0.379178428,0.586295066,-0.297029699,1,0,1,0,3,0,0,0,1,0,2,0,2,0,1,2,1,0,1,0,1,0,0,1,0,-9,0,0,0,1,3,0,1,0,2,1,0,0,1,1,0,0,1,1,0,0,1,0,0,1,0,3
1812,3,4,0.001344459,1,85042,0,1,0,1,1,0,0,0,0,1,3,2,1,5,1,4,1,5,5,1,2,2,2,2,2,3,3,4,-0.988564221,-1.560018469,-1.651617503,1,0,0,1,4,0,0,0,1,0,2,0,2,1,0,1,0,0,3,0,0,0,0,1,1,1,1,0,0,1,3,0,1,0,2,1,0,0,1,1,0,0,1,1,0,0,1,0,0,1,0,3
1819,3,2,0.031801875,1,85281,1,0,0,4,0,0,0,1,0,2,3,3,4,4,4,5,5,4,4,4,3,1,1,1,3,2,2,2,0.425296133,0.95659913,0.786687092,0,1,0,0,2,1,1,1,0,0,2,0,4,0,0,3,0,0,3,1,0,0,0,0,0,-9,0,0,0,1,3,0,0,1,3,0,0,1,3,0,1,0,2,0,0,1,3,0,0,0,1,4
1824,3,2,0.055969512,1,85030,1,0,0,3,0,0,1,0,0,3,4,4,3,4,5,4,3,4,5,4,3,1,1,1,3,2,2,2,0.215951805,1.154961878,0.064140492,0,1,0,0,2,1,1,1,0,0,2,0,4,0,0,3,0,0,3,1,0,0,0,0,0,-9,0,0,0,0,0,0,0,0,0,0,0,0,0,0,0,0,0,0,0,0,0,0,0,0,0,0
1825,3,2,0.053185301,1,85210,1,0,0,1,1,0,0,0,0,1,5,4,2,4,2,4,2,4,5,5,2,1,3,2,2,3,3,3,0.7749155,1.519797031,0.517819281,0,1,0,0,2,1,1,0,1,0,2,0,2,0,0,3,0,0,3,1,0,0,0,0,0,-9,0,0,0,1,3,0,0,1,3,0,0,1,3,0,1,0,2,0,0,1,3,0,0,0,1,4
1828,3,2,0.045933759,1,85001,1,0,0,2,0,1,0,0,0,1,4,2,4,5,5,4,5,5,5,5,2,3,1,2,3,3,2,2,1.134474873,0.798075668,0.532312222,0,1,0,0,2,0,1,1,0,0,2,0,4,0,0,3,0,0,3,1,0,0,0,1,0,-9,0,0,0,0,0,0,0,0,0,0,0,0,0,0,0,0,0,0,0,0,0,0,0,0,0,0
1837,3,2,0.087717748,1,85035,0,1,0,3,0,0,1,0,0,3,3,3,4,5,4,5,4,5,5,5,3,3,3,1,3,2,2,1,0.929612641,0.715055465,0.083721853,0,1,0,0,2,1,1,1,0,0,2,0,4,0,0,3,0,0,3,1,0,0,0,1,0,-9,0,0,0,1,3,0,1,0,2,0,1,0,2,1,0,0,1,1,0,0,1,0,0,1,0,3
1840,3,2,0.015452657,1,85302,0,1,0,3,0,0,1,0,0,3,1,4,3,4,3,4,3,4,4,4,3,1,3,2,2,2,2,2,-0.737110898,0.151828949,0.100097538,1,1,0,0,2,0,0,1,0,0,2,0,4,1,0,1,0,1,2,0,0,0,1,0,1,-9,0,0,0,1,3,0,1,0,2,1,0,0,1,0,1,0,2,1,0,0,1,0,0,0,1,4
1845,3,4,0.048950339,1,85027,0,1,0,1,1,0,0,0,0,2,1,0,4,5,3,3,4,5,4,4,2,1,3,2,3,3,2,2,0.953351227,-0.823762037,-0.384797862,1,1,0,0,2,0,0,0,0,0,1,1,1,1,0,1,0,1,2,0,0,0,0,1,0,1,1,0,1,0,2,0,0,1,3,0,0,1,3,0,1,0,2,1,0,0,1,0,0,1,0,3
1849,3,2,0.025002261,1,85283,1,0,0,4,0,0,0,1,0,1,5,4,5,5,3,5,4,5,3,5,2,3,2,1,3,3,1,2,-0.026941965,1.890261776,-0.00190326,1,1,0,0,2,0,1,1,0,0,2,0,4,0,0,3,0,0,3,1,1,0,0,0,0,-9,0,0,0,1,3,0,0,1,3,0,0,1,3,0,1,0,2,1,0,0,1,0,0,0,1,4
1852,3,4,0.018335924,1,85304,1,0,0,2,0,1,0,0,0,1,1,0,5,5,2,1,1,3,5,3,2,1,2,2,2,4,2,2,0.297256553,1.125279712,0.229932258,1,0,0,1,4,0,1,1,0,0,2,0,4,0,1,2,0,1,2,0,0,0,0,1,0,-9,0,0,0,1,3,0,1,0,2,1,0,0,1,0,1,0,2,1,0,0,1,0,0,0,1,4
1853,3,2,0.137466405,1,85012,0,1,0,1,1,0,0,0,0,2,1,0,4,2,2,4,4,2,4,5,2,2,2,1,3,3,2,3,-0.197014085,-1.359230274,-0.676088306,1,0,0,0,1,1,1,1,0,0,1,1,1,1,0,1,1,0,1,0,0,0,1,0,0,1,1,0,1,0,2,0,0,1,3,1,0,0,1,0,0,1,3,0,0,1,3,0,0,0,1,4
1870,46,3,21.881375,0,84005,0,1,0,3,0,0,1,0,0,2,5,3,3,4,3,1,2,3,5,3,3,2,3,3,2,2,3,2,0.546503057,1.450815452,-1.901188528,1,0,0,0,1,0,0,1,0,0,2,0,4,0,0,3,0,0,3,1,0,0,0,1,0,-9,0,1,0,0,1,1,0,0,1,1,0,0,1,1,0,0,1,1,0,0,1,1,0,0,0,1
1882,3,2,0.087717748,1,85001,1,0,0,3,0,0,1,0,0,3,2,3,4,5,4,4,5,4,4,5,3,3,1,1,3,2,2,3,0.096687756,1.133595677,1.087158951,0,1,0,0,2,1,1,1,0,0,2,0,4,0,0,3,0,0,3,1,0,0,0,1,0,1,1,0,0,0,0,0,0,0,0,0,0,0,0,0,0,0,0,0,0,0,0,0,0,0,0,0
1883,5,2,22.89692681,0,93230,0,1,0,4,0,0,0,1,0,1,5,4,4,5,4,4,5,4,5,4,3,2,3,3,3,3,3,2,0.690378766,0.693787698,0.510330533,0,0,0,0,1,1,1,1,0,0,2,0,4,0,0,3,1,0,1,0,0,1,0,0,0,-9,0,0,1,0,2,0,1,0,2,0,1,0,2,0,1,0,2,1,0,0,1,0,0,1,0,3
1885,3,3,0.13139908,1,85210,1,0,0,1,1,0,0,0,0,1,6,5,4,5,2,4,3,5,2,5,2,1,2,2,1,3,4,2,-2.020503791,0.144951935,0.051725177,1,0,0,0,1,0,0,0,1,0,2,0,2,1,0,1,1,0,1,0,0,0,0,0,0,-9,0,0,0,1,3,0,0,1,3,0,0,1,3,0,1,0,2,0,0,1,3,0,0,0,1,4
1900,3,4,0.015601145,1,85009,1,0,0,2,0,1,0,0,0,1,1,1,5,5,3,5,1,5,5,5,2,2,2,2,3,1,2,2,-0.081411702,0.490158286,-0.210927178,0,0,0,1,4,1,1,0,0,1,2,0,3,1,0,1,1,0,1,0,1,0,0,1,1,-9,0,0,0,1,3,0,0,1,3,0,0,1,3,0,1,0,2,1,0,0,1,0,0,0,1,4
1907,49,2,0.039161467,0,98407,0,1,0,2,0,1,0,0,0,2,4,3,3,2,2,3,2,4,2,2,2,2,1,2,3,4,2,2,-2.039325331,-0.47899696,0.157332852,0,1,0,0,2,0,0,1,0,0,2,0,4,1,0,1,0,1,2,1,1,0,0,1,1,-9,0,0,1,0,2,0,1,0,2,1,0,0,1,1,0,0,1,0,1,0,2,0,0,0,1,4
1911,3,2,0.048795232,1,85035,0,1,0,5,0,0,0,0,1,5,5,5,1,1,5,5,5,5,5,4,3,1,1,1,3,2,2,2,0.71840119,1.317046712,0.608540547,1,0,0,0,1,0,0,1,0,0,2,0,4,0,1,2,0,0,3,1,0,0,1,1,0,-9,0,0,0,1,3,0,1,0,2,0,1,0,2,1,0,0,1,1,0,0,1,0,0,1,0,3
1917,49,4,0.038429882,0,98445,0,1,0,2,0,1,0,0,0,2,4,3,4,3,3,3,2,4,4,4,2,2,2,2,2,3,2,3,0.047600321,0.823109607,0.058476978,0,0,1,0,3,0,0,0,1,0,2,0,2,0,1,2,0,0,3,1,0,0,0,0,0,0,0,0,1,0,2,1,0,0,1,1,0,0,1,1,0,0,1,1,0,0,1,1,0,0,0,1
1937,3,4,0.12859477,1,85032,0,1,0,3,0,0,1,0,0,3,2,2,4,2,2,2,2,4,3,4,2,2,2,2,2,3,2,2,0.488183318,0.982059816,0.467461447,1,0,1,0,3,0,0,1,0,0,2,0,4,0,0,3,0,0,3,0,0,0,0,1,0,-9,0,0,0,1,3,0,1,0,2,0,0,1,3,0,0,1,3,1,0,0,1,0,0,0,1,4
1957,3,2,0.039940216,1,85044,1,0,0,2,0,1,0,0,0,2,2,1,2,5,4,2,4,4,5,5,2,1,2,2,3,3,2,2,1.006855868,-0.141973377,-0.094362076,1,0,0,1,4,1,1,1,0,0,2,0,4,0,1,2,1,0,1,0,0,0,1,1,0,1,1,0,0,1,3,0,0,1,3,0,0,1,3,0,0,1,3,1,0,0,1,0,0,0,1,4
1978,3,2,0.023235889,1,85007,0,1,0,2,0,1,0,0,0,2,1,0,5,3,1,1,3,4,4,3,2,1,2,2,2,4,2,2,0.918725519,0.124843541,-0.280978374,1,1,0,0,2,0,1,1,0,0,2,0,4,0,1,2,0,0,3,1,0,0,1,1,0,1,1,0,1,0,2,0,0,1,3,0,0,1,3,0,0,1,3,0,1,0,2,0,0,0,1,4
2000,3,2,0.087556541,1,85050,0,1,0,3,0,0,1,0,0,1,3,3,4,4,3,3,3,5,3,3,1,1,1,1,1,1,1,1,0.660212895,0.461594417,0.553772386,0,0,1,0,3,0,1,1,0,0,2,0,4,0,0,3,0,0,3,1,0,1,1,1,0,1,1,0,0,1,3,1,0,0,1,0,0,1,3,1,0,0,1,1,0,0,1,0,1,0,0,2
2002,3,2,0.05589882,1,85030,1,0,0,5,0,0,0,0,1,2,5,5,5,4,3,4,4,5,5,5,2,2,3,2,3,3,2,3,0.41500158,1.125826008,0.594589191,0,1,0,0,2,1,1,1,0,0,2,0,4,0,0,3,0,0,3,1,0,0,0,1,0,-9,0,0,0,0,0,0,0,0,0,0,0,0,0,0,0,0,0,0,0,0,0,0,0,0,0,0
2006,3,2,0.329067992,1,85030,1,0,0,4,0,0,0,1,0,1,5,4,5,4,3,4,5,4,5,4,2,3,2,3,3,1,2,3,0.502706698,1.470734812,0.95382829,0,0,0,0,1,1,1,1,0,0,2,0,4,0,0,3,1,0,1,0,0,0,0,1,0,-9,0,0,0,0,0,0,0,0,0,0,0,0,0,0,0,0,0,0,0,0,0,0,0,0,0,0
2008,3,2,0.329067992,1,85030,1,0,0,4,0,0,0,1,0,2,5,5,5,4,3,4,5,4,5,4,2,3,1,3,2,2,3,3,0.405485305,1.078214977,0.708877055,0,0,0,0,1,1,1,1,0,0,2,0,4,0,0,3,1,0,1,0,0,0,0,1,0,-9,0,0,0,0,0,0,0,0,0,0,0,0,0,0,0,0,0,0,0,0,0,0,0,0,0,0
2013,3,2,0.031153111,1,85030,1,0,0,4,0,0,0,1,0,2,5,4,4,3,4,4,4,3,4,4,2,3,2,2,2,3,3,4,-0.072499178,1.165367137,0.307531369,0,1,0,0,2,1,1,1,0,0,2,0,4,0,0,3,0,0,3,1,1,0,0,0,0,-9,0,0,0,0,0,0,0,0,0,0,0,0,0,0,0,0,0,0,0,0,0,0,0,0,0,0
2014,3,2,0.099246078,1,85206,0,1,0,2,0,1,0,0,0,3,2,3,4,4,5,5,4,4,4,5,3,3,2,1,2,3,2,2,0.389374566,0.976276662,0.635148938,0,1,0,0,2,1,1,1,0,0,2,0,4,0,0,3,0,0,3,1,0,0,0,1,0,-9,0,0,1,0,2,0,0,1,3,0,0,1,3,0,0,1,3,1,0,0,1,0,0,1,0,3
2015,3,3,0.03560103,1,85031,0,1,0,3,0,0,1,0,0,3,5,3,1,1,5,5,5,5,5,3,1,1,3,3,1,2,2,2,-1.198095463,1.063709669,-2.285816104,1,0,0,0,1,0,0,0,1,0,1,1,1,1,0,1,0,1,2,0,1,0,0,1,0,1,1,0,0,1,3,0,1,0,2,1,0,0,1,1,0,0,1,1,0,0,1,0,0,0,1,4
2017,3,2,0.031095858,1,85030,1,0,0,4,0,0,0,1,0,2,2,4,4,4,4,5,4,5,4,5,2,2,3,2,2,2,3,3,-0.147583362,1.161909641,-0.149412871,0,1,0,0,2,1,1,1,0,0,2,0,4,0,0,3,0,0,3,1,1,0,0,0,0,-9,0,0,0,0,0,0,0,0,0,0,0,0,0,0,0,0,0,0,0,0,0,0,0,0,0,0
2020,3,2,0.031801875,1,85030,1,0,0,4,0,0,0,1,0,3,5,5,4,5,4,3,4,4,4,3,2,3,1,3,2,2,3,2,0.115754107,0.954220772,-0.600045981,0,1,0,0,2,1,1,1,0,0,2,0,4,0,0,3,0,0,3,1,0,0,0,0,0,-9,0,0,0,0,0,0,0,0,0,0,0,0,0,0,0,0,0,0,0,0,0,0,0,0,0,0
2033,3,2,0.036158252,1,85023,1,0,0,3,0,0,1,0,0,1,4,5,1,5,2,4,1,3,5,4,3,3,1,1,1,2,2,4,1.115975157,0.151071868,0.534708218,1,0,1,0,3,0,1,1,0,0,2,0,4,0,0,3,0,0,3,1,0,1,1,0,0,-9,0,0,0,1,3,0,0,1,3,0,1,0,2,1,0,0,1,1,0,0,1,0,0,1,0,3
2037,3,2,0.181670769,1,85262,0,1,0,1,1,0,0,0,0,1,1,0,3,3,3,3,3,3,3,3,2,2,2,2,2,4,3,3,0.278893311,0.265703173,0.054644648,0,0,1,1,4,0,0,1,0,0,2,0,4,0,0,3,0,1,2,0,0,0,0,1,0,-9,0,1,0,0,1,1,0,0,1,0,1,0,2,1,0,0,1,1,0,0,1,1,0,0,0,1
2047,49,2,0.036267672,0,98118,0,1,0,2,0,1,0,0,0,2,4,4,5,3,2,3,5,4,2,4,1,3,2,1,3,2,2,2,-0.318938507,0.563425101,-0.354740689,0,1,0,0,2,0,1,1,0,0,2,0,4,0,0,3,0,0,3,1,0,0,0,0,0,-9,0,0,0,1,3,0,1,0,2,1,0,0,1,1,0,0,1,0,0,1,3,0,0,0,1,4
2048,3,4,0.028773165,1,85254,0,1,0,2,0,1,0,0,0,2,1,0,2,4,2,2,3,4,5,3,2,1,1,1,2,1,3,4,-0.442137092,0.63438992,-0.111320204,1,0,0,1,4,0,1,1,0,0,2,0,4,0,1,2,0,1,2,0,0,0,0,1,0,1,1,0,1,0,2,0,0,1,3,0,0,1,3,0,1,0,2,1,0,0,1,0,0,1,0,3
2050,3,4,0.008982881,1,85024,0,1,0,2,0,1,0,0,0,2,1,0,2,4,1,1,1,4,5,4,2,3,1,1,3,2,2,2,0.710988545,0.090882523,0.691444366,1,0,0,1,4,0,0,1,0,0,2,0,4,0,1,2,1,0,1,0,0,0,0,1,1,-9,0,0,0,1,3,0,1,0,2,0,0,1,3,0,1,0,2,1,0,0,1,0,0,1,0,3
2055,3,2,0.033549568,1,85209,0,1,0,2,0,1,0,0,0,1,1,0,4,1,1,1,1,4,1,1,2,2,2,2,2,3,3,3,0.023046661,1.180329983,0.701866293,1,1,0,0,2,1,1,1,0,0,1,1,1,0,1,2,0,0,3,1,0,0,0,1,0,1,1,0,1,0,2,0,1,0,2,0,0,1,3,1,0,0,1,1,0,0,1,0,0,1,0,3
2076,3,4,0.021991465,1,85353,0,1,0,1,1,0,0,0,0,3,3,1,3,3,2,4,4,3,4,4,2,2,2,2,2,3,3,3,-0.503299729,0.387402218,-0.927394861,0,1,0,0,2,0,0,0,1,0,2,0,2,1,0,1,0,0,3,1,0,0,0,1,0,-9,0,0,1,0,2,0,1,0,2,0,1,0,2,1,0,0,1,1,0,0,1,1,0,0,0,1
2079,48,4,0.798740775,0,22201,1,0,0,1,1,0,0,0,0,1,1,0,3,3,3,5,3,3,5,3,2,2,2,2,2,3,3,4,1.496766647,-1.101031095,0.752631149,0,0,0,1,4,1,1,1,0,0,1,1,1,1,0,1,1,0,1,0,0,0,0,0,1,-9,0,0,0,1,3,0,0,1,3,0,0,1,3,0,1,0,2,0,0,1,3,0,0,0,1,4
2085,33,4,0.787628945,0,12047,0,1,0,1,1,0,0,0,0,1,1,0,3,3,3,3,3,3,3,3,2,2,2,2,2,3,3,3,-0.146251581,0.642615636,-0.381063524,0,0,0,1,4,0,0,1,0,0,2,0,4,0,1,2,1,0,1,0,0,0,0,0,0,-9,0,0,0,1,3,0,1,0,2,1,0,0,1,0,1,0,2,1,0,0,1,0,0,1,0,3
2095,39,2,1.064285657,0,15601,0,1,0,2,0,1,0,0,0,3,3,3,3,3,3,3,3,3,3,3,2,2,2,2,2,3,3,3,-0.437324054,-1.111250906,-0.372869151,0,0,1,0,3,0,0,1,0,0,2,0,4,1,0,1,1,0,1,0,0,0,0,0,0,1,1,0,1,0,2,0,0,1,3,0,1,0,2,0,0,1,3,1,0,0,1,0,1,0,0,2
2096,5,2,0.327563225,0,90017,1,0,0,3,0,0,1,0,0,2,5,4,3,3,3,1,1,4,4,4,2,2,2,2,2,3,3,3,-0.47389216,-1.321672737,1.284130371,1,0,0,1,4,0,0,1,0,0,2,0,4,1,0,1,1,0,1,0,0,0,0,0,1,-9,0,0,0,1,3,0,0,1,3,0,0,1,3,0,0,1,3,0,0,1,3,0,0,0,1,4
2112,33,2,3.054867549,0,10034,1,0,0,5,0,0,0,0,1,3,4,2,4,4,4,4,4,5,5,4,2,3,3,2,2,3,3,3,1.067829674,0.976590433,1.288180356,1,0,1,0,3,1,1,0,0,0,1,1,1,0,1,2,0,1,2,1,0,0,0,0,0,1,1,0,0,1,3,0,0,1,3,0,1,0,2,1,0,0,1,0,0,1,3,0,0,0,1,4
2117,28,4,0.161499757,0,69361,0,1,0,1,1,0,0,0,0,1,3,2,4,5,3,3,3,4,4,3,2,2,1,1,2,4,3,4,0.217491957,0.195178236,0.072822484,1,0,1,0,3,0,0,1,0,0,2,0,4,1,0,1,0,0,3,0,1,0,0,1,0,-9,0,0,1,0,2,0,1,0,2,0,1,0,2,0,1,0,2,1,0,0,1,0,1,0,0,2
2127,37,4,0.1873487,0,74048,0,1,0,1,1,0,0,0,0,1,2,2,4,4,4,4,1,5,5,5,2,1,1,1,1,2,2,2,0.7700876,0.598547573,0.285457457,1,0,0,1,4,0,0,0,0,0,2,0,5,1,0,1,0,1,2,0,0,0,0,0,0,-9,0,1,0,0,1,1,0,0,1,1,0,0,1,0,1,0,2,1,0,0,1,1,0,0,0,1
2130,3,4,0.02684038,1,85340,0,1,0,3,0,0,1,0,0,2,1,1,1,1,1,1,1,1,5,1,2,2,2,2,2,3,2,2,1.016694511,0.406017667,0.307085279,1,0,0,1,4,0,0,1,0,0,1,1,1,0,1,2,0,0,3,1,0,0,0,1,0,1,1,0,1,0,2,1,0,0,1,0,1,0,2,0,1,0,2,1,0,0,1,0,1,0,0,2
2143,2,4,0.004902202,0,99515,0,1,0,1,1,0,0,0,0,2,4,2,3,3,2,2,2,3,4,3,2,1,2,2,3,3,3,3,-0.528844914,0.395286542,-1.879911826,0,0,0,1,4,0,0,1,0,0,2,0,4,1,0,1,0,1,2,0,1,0,0,1,0,-9,0,0,1,0,2,0,0,1,3,0,0,1,3,0,1,0,2,1,0,0,1,0,0,1,0,3
2145,38,4,7.29E-07,0,97005,1,0,0,2,0,1,0,0,0,3,4,4,5,5,1,2,1,5,4,3,2,2,3,2,2,4,2,3,0.566009256,0.114576638,0.938986305,1,0,0,1,4,0,0,1,0,0,2,0,4,1,0,1,0,1,2,0,0,0,0,0,1,0,0,0,0,1,3,0,0,1,3,0,0,1,3,0,1,0,2,0,0,1,3,0,0,0,1,4
2164,29,4,0.00784035,1,89032,0,1,0,1,1,0,0,0,0,3,4,2,4,4,2,1,1,4,4,3,2,1,1,1,3,4,2,2,-0.169174599,0.907314475,-1.309157172,1,0,0,1,4,0,0,1,0,0,2,0,4,1,0,1,1,0,1,0,1,0,0,1,0,-9,0,0,0,1,3,0,1,0,2,0,0,1,3,0,1,0,2,1,0,0,1,0,0,0,1,4
2172,14,4,0.152485879,0,62901,0,1,0,1,1,0,0,0,0,1,5,2,1,5,4,4,1,5,5,5,2,2,2,2,2,1,2,4,1.560618075,-1.120793339,-1.458860934,0,0,1,0,3,0,0,0,1,0,2,0,2,1,0,1,0,0,3,0,1,0,0,1,1,-9,0,0,1,0,2,0,0,1,3,1,0,0,1,0,0,1,3,1,0,0,1,0,1,0,0,2
2185,12,3,8.044367383,0,30161,0,1,0,4,0,0,0,1,0,3,4,5,4,4,4,4,2,4,4,4,3,3,1,1,1,2,2,2,0.055959755,0.841003789,0.167919463,0,0,0,0,1,0,0,1,0,0,2,0,4,1,0,1,1,0,1,0,0,0,0,1,0,1,1,1,0,0,1,0,1,0,2,0,0,1,3,0,1,0,2,1,0,0,1,1,0,0,0,1
2195,42,2,0.503392178,0,29556,0,1,0,1,1,0,0,0,0,1,2,3,3,3,3,3,3,3,3,3,1,1,1,1,1,1,1,1,-0.849085224,0.243209007,-1.040977825,1,0,1,0,3,0,1,0,1,0,2,0,2,0,1,2,0,0,3,0,0,0,0,0,0,-9,0,1,0,0,1,1,0,0,1,1,0,0,1,0,1,0,2,1,0,0,1,1,0,0,0,1
2203,49,4,0.004103103,0,98596,0,0,1,1,1,0,0,0,0,1,5,3,4,4,1,1,1,2,2,1,2,2,2,2,2,4,3,3,0.374788279,-0.557156506,-0.575942206,0,0,0,1,4,0,0,1,0,0,2,0,4,0,1,2,0,1,2,0,0,0,0,1,0,-9,0,1,0,0,1,1,0,0,1,0,1,0,2,1,0,0,1,1,0,0,1,1,0,0,0,1
2222,37,4,0.413106636,0,74055,0,1,0,1,1,0,0,0,0,1,1,0,2,1,1,1,1,1,3,3,2,2,2,2,2,4,3,3,-0.132601693,0.125875021,0.297150139,1,0,0,1,4,0,1,1,0,0,2,0,4,1,0,1,1,0,1,0,1,0,0,1,0,1,1,1,0,0,1,0,1,0,2,0,1,0,2,0,1,0,2,1,0,0,1,1,0,0,0,1
2234,34,4,1.017899408,0,28551,0,0,1,1,1,0,0,0,0,1,1,1,4,5,4,4,1,4,5,5,2,1,1,1,3,2,2,4,1.328076203,-0.846968216,-1.763938126,1,0,0,1,4,0,0,1,0,0,2,0,4,0,0,3,0,0,3,0,1,0,0,1,0,-9,0,1,0,0,1,1,0,0,1,0,1,0,2,0,0,1,3,1,0,0,1,1,0,0,0,1
2240,26,2,3.341739576,0,63138,0,1,0,5,0,0,0,0,1,3,1,5,3,3,3,3,3,3,3,3,2,2,2,2,2,3,3,3,0.168079718,1.455416428,0.609128284,1,0,1,0,3,0,0,0,0,0,2,0,5,0,1,2,1,0,1,0,0,0,1,0,0,1,1,0,1,0,2,1,0,0,1,0,1,0,2,1,0,0,1,1,0,0,1,0,0,1,0,3
2242,5,4,2.90E-05,1,91722,1,0,0,1,1,0,0,0,0,1,1,0,5,5,1,1,1,1,3,3,2,2,2,2,2,3,3,4,1.530726255,-2.422684023,1.326539886,1,1,0,0,2,0,0,1,0,0,2,0,4,1,0,1,1,0,1,0,1,0,0,0,1,-9,0,0,0,1,3,0,0,1,3,0,1,0,2,0,0,1,3,0,1,0,2,0,0,0,1,4
2262,5,4,1.32E-07,1,95776,0,1,0,1,1,0,0,0,0,1,4,2,4,5,2,2,1,2,5,3,2,2,2,2,2,4,3,4,1.414430955,-2.033990227,0.615149366,1,0,0,1,4,0,1,1,0,0,2,0,4,1,0,1,1,0,1,0,1,0,0,0,0,1,1,0,1,0,2,0,1,0,2,0,0,1,3,0,0,1,3,1,0,0,1,0,0,1,0,3
2284,5,2,0.000228242,1,95823,1,0,0,1,1,0,0,0,0,1,3,2,3,3,3,3,3,4,4,3,2,2,2,2,2,4,3,4,-0.014990908,-0.25639538,0.411499559,1,0,0,1,4,0,0,1,0,0,2,0,4,1,0,1,0,0,3,0,0,0,1,0,0,1,1,0,0,1,3,0,1,0,2,0,0,1,3,0,0,1,3,0,0,1,3,0,0,1,0,3
2288,49,4,0.256010409,0,98501,0,1,0,1,1,0,0,0,0,1,5,2,3,5,1,1,1,5,5,5,2,2,2,2,2,4,2,2,0.585969346,0.379002379,0.271048958,0,0,0,1,4,0,0,1,0,0,2,0,4,0,0,3,0,1,2,0,0,0,0,1,0,-9,0,0,1,0,2,0,0,1,3,0,0,1,3,0,1,0,2,1,0,0,1,0,0,1,0,3
2301,5,1,5.656980022,0,91301,0,1,0,5,0,0,0,0,1,1,5,4,4,5,5,4,5,4,5,4,2,1,2,1,2,1,2,3,-0.038353299,1.315469233,1.124372555,1,1,0,0,2,1,1,1,0,0,2,0,4,0,0,3,0,0,3,1,0,0,0,0,0,-9,0,0,1,0,2,0,0,1,3,0,0,1,3,0,1,0,2,1,0,0,1,0,0,0,1,4
2317,49,4,0.014275027,0,98366,0,1,0,2,0,1,0,0,0,1,5,5,2,4,2,4,2,5,5,4,2,1,1,2,3,1,2,2,0.631467134,-0.368256351,1.383686489,0,0,0,1,4,0,0,1,0,0,2,0,4,0,1,2,0,0,3,0,0,0,0,1,0,-9,0,1,0,0,1,0,1,0,2,1,0,0,1,0,1,0,2,0,1,0,2,0,0,1,0,3
2324,26,2,2.980495021,0,63703,0,1,0,1,1,0,0,0,0,1,1,0,5,4,3,4,2,5,5,5,3,3,3,3,3,2,2,2,-0.002074542,0.299322717,-0.305240382,1,1,0,0,2,0,0,0,1,0,2,0,2,0,0,3,0,0,3,1,0,0,0,1,0,-9,0,0,1,0,2,0,0,1,3,0,0,1,3,0,0,1,3,1,0,0,1,0,1,0,0,2
2356,49,4,0.050583027,0,98422,0,1,0,2,0,1,0,0,0,1,4,0,4,2,1,1,1,3,3,3,2,2,2,2,1,3,2,3,-0.058998875,0.024724501,-0.018363175,1,1,0,0,2,0,0,0,1,0,2,0,2,0,1,2,0,1,2,0,0,0,0,0,0,-9,0,0,1,0,2,1,0,0,1,1,0,0,1,1,0,0,1,0,1,0,2,0,1,0,0,2
2382,24,4,0.085038039,0,55125,0,1,0,1,1,0,0,0,0,5,1,0,4,5,5,4,3,1,2,3,1,2,2,1,3,4,3,4,0.291581379,0.107382249,-0.728984596,0,1,0,0,2,1,1,1,0,0,2,0,4,1,0,1,0,0,3,0,1,0,0,0,0,-9,0,0,1,0,2,0,1,0,2,0,0,1,3,0,1,0,2,1,0,0,1,0,1,0,0,2
2386,5,2,0.002406827,0,91303,1,0,0,2,0,1,0,0,0,1,4,4,4,4,4,4,4,4,5,5,2,2,2,2,2,3,3,3,0.361757019,-0.176901086,1.367643337,0,0,1,0,3,0,0,0,1,0,2,0,2,0,1,2,0,0,3,1,0,1,0,1,0,-9,0,0,0,1,3,0,0,1,3,1,0,0,1,0,0,1,3,0,0,1,3,0,0,0,1,4
2391,49,2,0.028807973,0,98105,1,0,0,4,0,0,0,1,0,1,5,4,5,5,5,4,4,5,5,4,3,2,2,3,3,3,3,2,0.67118437,0.944361797,1.341251687,0,1,0,0,2,0,1,1,0,0,1,1,1,0,0,3,0,0,3,1,1,0,0,1,0,-9,0,0,0,1,3,0,0,1,3,0,0,1,3,0,0,1,3,1,0,0,1,0,0,0,1,4
2439,33,2,0.3639047,0,11360,1,0,0,2,0,1,0,0,0,4,3,3,1,5,3,4,1,5,4,4,2,1,2,1,2,1,2,3,0.179923328,0.454690779,-1.387469165,1,0,1,0,3,1,1,1,0,0,1,1,1,0,1,2,0,0,3,1,0,0,0,0,0,-9,0,0,0,1,3,0,0,1,3,0,0,1,3,1,0,0,1,0,1,0,2,0,0,0,1,4
2449,5,4,24.47883944,0,92656,1,0,0,1,1,0,0,0,0,1,4,3,3,4,2,4,2,4,4,3,2,2,2,2,2,2,2,4,-0.28336416,-0.572295043,-0.389695301,1,0,0,1,4,0,0,1,0,0,2,0,4,0,0,3,1,0,1,0,0,0,0,1,0,1,1,0,0,1,3,0,0,1,3,0,0,1,3,1,0,0,1,0,1,0,2,0,0,1,0,3
2464,10,2,1.497479512,1,32808,0,1,0,5,0,0,0,0,1,1,5,5,5,4,5,4,5,4,5,4,3,2,3,2,3,3,2,3,0.60007396,0.747439143,0.76863066,0,0,1,0,3,0,1,1,0,0,2,0,4,0,0,3,0,0,3,1,0,0,0,1,0,-9,0,0,0,1,3,0,1,0,2,0,0,1,3,0,1,0,2,1,0,0,1,0,0,1,0,3
2475,48,1,3.203678418,0,22407,0,1,0,2,0,1,0,0,0,2,2,1,4,2,3,2,1,4,5,4,2,2,2,2,2,3,2,3,-0.155354904,-0.38734676,0.795268253,0,0,1,0,3,0,0,1,0,0,2,0,4,0,0,3,0,0,3,1,0,0,0,1,0,1,1,1,0,0,1,0,1,0,2,0,1,0,2,1,0,0,1,1,0,0,1,1,0,0,0,1
2488,29,4,1.30E-09,0,89429,0,0,1,4,0,0,0,1,0,3,1,2,4,4,2,2,2,4,3,3,2,2,2,2,3,3,2,1,-0.582913853,-0.749854925,0.243280729,1,0,0,1,4,0,0,1,0,0,2,0,4,1,0,1,1,0,1,0,0,0,0,0,1,-9,0,0,0,0,0,0,0,0,0,0,0,0,0,0,0,0,0,0,0,0,0,0,0,0,0,0
2489,5,2,4.46E-07,1,95713,0,1,0,2,0,1,0,0,0,2,4,4,3,4,2,2,1,4,4,3,2,2,2,1,3,3,2,3,0.515492554,0.263177838,0.542257595,0,0,0,1,4,1,1,1,0,0,2,0,4,1,0,1,0,1,2,0,0,0,0,0,1,-9,0,1,0,0,1,1,0,0,1,0,1,0,2,0,0,1,3,1,0,0,1,1,0,0,0,1
2537,5,4,4.08E-05,1,92301,0,0,1,1,1,0,0,0,0,1,3,3,4,4,2,2,3,3,4,4,3,2,2,2,3,1,2,1,-0.925916582,-1.01724067,0.75661078,1,0,0,1,4,0,0,1,0,0,2,0,4,1,0,1,0,1,2,0,0,0,0,1,0,1,1,0,0,0,0,0,0,0,0,0,0,0,0,0,0,0,0,0,0,0,0,0,0,0,0,0
2553,36,2,0.486069247,0,43125,0,1,0,3,0,0,1,0,0,3,1,0,3,3,3,3,3,3,3,3,2,2,2,2,2,3,3,3,0.732684585,0.791817447,-0.236171771,0,1,0,0,2,1,1,1,0,0,2,0,4,0,1,2,0,1,2,0,0,0,1,1,0,-9,0,1,0,0,1,0,1,0,2,0,1,0,2,0,1,0,2,1,0,0,1,0,1,0,0,2
2555,3,2,0.01449958,1,85001,1,0,0,3,0,0,1,0,0,4,2,3,2,4,5,3,4,5,5,5,2,3,2,1,1,2,2,2,0.840469964,1.533641842,-0.130023339,0,1,0,0,2,1,1,1,0,0,2,0,4,0,0,3,0,0,3,1,0,0,0,0,0,1,1,0,0,0,0,0,0,0,0,0,0,0,0,0,0,0,0,0,0,0,0,0,0,0,0,0
2571,5,4,0.008757258,1,92335,1,0,0,4,0,0,0,1,0,1,4,5,1,3,2,3,2,4,4,3,2,2,2,2,2,1,3,1,-1.412367569,-0.841093648,-0.492343941,1,0,1,0,3,0,0,1,0,0,1,1,1,1,0,1,0,0,3,0,0,0,0,0,0,1,1,0,0,1,3,0,0,1,3,1,0,0,1,0,1,0,2,0,1,0,2,0,0,1,0,3
2591,10,2,0.694711215,1,32736,0,1,0,3,0,0,1,0,0,3,4,3,3,4,4,2,4,5,4,4,3,3,1,2,1,4,2,2,-0.160375628,0.608316744,0.351884727,1,0,0,0,1,0,1,1,0,0,2,0,4,0,1,2,0,0,3,1,0,0,1,1,0,1,1,1,0,0,1,1,0,0,1,1,0,0,1,1,0,0,1,1,0,0,1,1,0,0,0,1
2596,2,4,0.002683384,0,99501,1,0,0,2,0,1,0,0,0,2,5,4,3,4,3,3,1,4,5,4,2,2,2,2,2,3,2,3,0.343094413,-0.387562597,0.040424737,0,0,0,1,4,0,1,1,0,0,2,0,4,0,0,0,0,1,2,0,0,0,0,1,0,-9,0,0,0,1,3,0,0,1,3,0,0,1,3,0,1,0,2,1,0,0,1,0,0,0,1,4
2604,5,4,0.141219306,0,92630,1,0,0,4,0,0,0,1,0,2,5,5,1,5,1,1,1,5,5,5,2,2,2,2,2,3,3,3,0.137264302,-0.293025814,1.729517505,1,0,0,1,4,0,0,1,0,0,2,0,4,0,0,3,0,1,2,0,0,0,0,1,0,-9,0,0,0,1,3,0,0,1,3,0,0,1,3,0,1,0,2,0,1,0,2,0,0,0,1,4
2608,37,2,1.312667828,0,73717,0,1,0,3,0,0,1,0,0,3,4,4,2,5,1,1,1,4,4,2,2,2,1,2,3,1,1,1,-0.231452638,-1.006768812,-0.087229275,0,0,1,0,3,1,1,1,0,0,2,0,4,0,1,2,0,1,2,0,0,0,1,1,0,-9,0,1,0,0,1,0,1,0,2,1,0,0,1,0,0,1,3,1,0,0,1,0,1,0,0,2
2627,31,2,0.590739767,0,7102,1,0,0,4,0,0,0,1,0,4,4,5,1,5,5,1,5,5,5,5,3,1,3,1,3,1,2,2,0.276799048,1.489498663,0.388839439,0,0,0,0,1,1,1,0,1,0,1,1,1,0,0,3,0,0,3,1,0,0,0,0,0,-9,0,0,0,1,3,0,0,1,3,0,1,0,2,0,0,1,3,0,0,1,3,0,0,0,1,4
2633,45,1,15.74137482,1,75001,1,0,0,4,0,0,0,1,0,1,4,4,4,5,4,4,4,5,4,4,2,3,2,3,3,3,2,3,0.215683249,0.773613302,-0.105923008,0,1,0,0,2,0,1,1,0,0,1,1,1,0,0,3,0,0,3,1,0,0,0,1,0,-9,0,0,0,1,3,0,0,1,3,1,0,0,1,0,1,0,2,1,0,0,1,0,0,1,0,3
2638,5,4,9.28E-06,0,90024,1,0,0,3,0,0,1,0,0,4,4,4,2,3,3,3,2,4,5,4,1,2,2,2,2,2,3,3,-0.913530386,0.294287451,-0.150258626,1,0,0,1,4,0,0,1,0,0,2,0,4,0,0,0,1,0,1,0,1,0,0,0,1,-9,0,0,0,1,3,0,0,1,3,1,0,0,1,0,1,0,2,1,0,0,1,0,0,0,1,4
2654,29,4,0.270249066,1,89061,0,0,1,3,0,0,1,0,0,2,2,3,5,5,3,3,2,2,4,4,2,2,2,2,2,3,3,3,0.235725265,-0.722062057,-0.569951903,0,0,0,1,4,0,0,1,0,0,2,0,4,0,0,3,0,1,2,0,0,0,0,1,0,-9,0,0,0,0,0,0,0,0,0,0,0,0,0,0,0,0,0,0,0,0,0,0,0,0,0,0
2671,49,4,0.002503452,0,98387,0,1,0,1,1,0,0,0,0,1,3,1,3,3,3,3,3,3,3,3,2,2,2,2,2,3,3,4,-1.186184778,-1.476284762,-1.202688389,1,1,0,0,2,0,0,1,0,0,2,0,4,0,0,0,0,0,3,1,1,0,0,0,0,0,0,0,1,0,2,1,0,0,1,1,0,0,1,1,0,0,1,1,0,0,1,0,1,0,0,2
2731,5,4,41.88530993,1,91790,1,0,0,1,1,0,0,0,0,1,5,0,5,5,1,1,1,5,1,1,2,2,2,2,2,4,4,4,-2.842062858,0.354508542,-1.499363105,1,0,0,1,4,0,0,1,0,0,2,0,4,0,0,3,0,1,2,0,0,0,0,1,0,1,1,0,0,1,3,0,0,1,3,0,0,1,3,0,0,1,3,1,0,0,1,0,0,0,1,4
2748,38,4,5.18E-06,0,97603,0,1,0,2,0,1,0,0,0,2,5,5,2,4,3,3,2,4,4,3,2,1,2,2,3,4,2,4,-0.075442205,-0.400801946,-0.469683594,1,0,1,0,3,0,0,1,0,0,2,0,4,1,0,1,1,0,1,0,0,0,0,1,1,-9,0,1,0,0,1,1,0,0,1,1,0,0,1,0,1,0,2,1,0,0,1,0,0,1,0,3
2756,7,4,8.780938445,0,6811,0,1,0,1,1,0,0,0,0,1,3,3,2,3,3,4,4,4,3,3,1,1,3,1,2,3,3,2,-0.474719502,0.840284887,-0.160895934,1,0,0,1,4,0,0,1,0,0,2,0,4,0,0,3,0,0,3,0,1,0,0,1,0,-9,0,1,0,0,1,1,0,0,1,0,1,0,2,0,1,0,2,1,0,0,1,1,0,0,0,1
2763,5,4,0.00440073,0,94583,1,0,0,2,0,1,0,0,0,2,5,4,3,4,3,3,2,5,5,4,2,1,3,3,2,4,2,2,0.121661193,-0.367901135,-0.638841062,0,0,0,1,4,1,1,1,0,0,2,0,4,0,1,2,0,1,2,0,0,0,0,1,0,-9,0,0,0,1,3,0,1,0,2,0,0,1,3,0,0,1,3,1,0,0,1,0,0,1,0,3
2814,10,4,1.052970179,1,33446,0,1,0,3,0,0,1,0,0,3,3,5,3,3,3,3,3,3,3,3,2,2,2,2,2,3,3,3,-0.849085224,0.243209007,-1.040977825,1,0,0,1,4,1,1,1,0,0,2,0,4,0,1,2,1,0,1,0,0,0,0,1,0,-9,0,0,1,0,2,1,0,0,1,0,0,1,3,1,0,0,1,1,0,0,1,1,0,0,0,1
2815,5,2,0.002075084,0,90018,1,0,0,3,0,0,1,0,0,2,5,3,3,5,3,5,2,5,5,5,2,1,3,2,3,3,2,2,0.754392376,-0.242154801,0.278945463,1,1,0,0,2,0,1,0,1,0,2,0,2,0,0,0,0,0,3,1,0,0,1,1,0,-9,0,0,0,1,3,0,0,1,3,0,0,1,3,0,0,1,3,0,0,1,3,0,0,0,1,4
2818,5,4,0.015989717,0,90011,1,0,0,2,0,1,0,0,0,1,5,0,5,5,1,1,1,3,3,1,2,2,2,2,2,3,3,3,-1.41956128,-1.836216328,1.370313161,0,0,1,0,3,0,0,1,0,0,1,1,1,1,0,1,1,0,1,0,0,0,0,0,1,0,0,0,0,1,3,0,0,1,3,0,1,0,2,0,1,0,2,0,0,1,3,0,0,0,1,4
2820,5,4,0.004083941,1,95630,0,1,0,3,0,0,1,0,0,1,4,2,4,4,1,1,1,4,1,1,2,2,2,2,2,3,3,3,-0.822385497,0.388967375,-0.103342262,0,0,1,0,3,0,0,1,0,0,2,0,4,0,1,2,0,1,2,0,0,0,0,1,0,1,1,0,1,0,2,0,0,1,3,0,0,1,3,0,0,1,3,0,1,0,2,0,0,1,0,3
2837,21,3,0.213008304,0,21214,0,1,0,1,1,0,0,0,0,3,3,2,2,3,4,4,5,5,2,3,3,2,3,3,1,2,2,3,-0.758900672,-0.077565533,0.212608661,1,1,0,0,2,0,0,1,0,0,2,0,4,1,0,1,0,0,3,0,0,0,0,0,1,1,1,0,0,1,3,0,1,0,2,0,1,0,2,0,1,0,2,1,0,0,1,0,0,1,0,3
2844,36,2,1.309622248,0,44663,0,1,0,3,0,0,1,0,0,3,3,3,4,3,3,3,3,3,3,3,2,2,2,2,2,3,3,3,-0.182056153,-0.781582388,-1.433012262,1,1,0,0,2,0,0,1,0,0,2,0,4,0,1,2,0,0,3,1,0,0,1,1,0,-9,0,1,0,0,1,0,1,0,2,0,1,0,2,0,0,1,3,1,0,0,1,0,1,0,0,2
2872,49,2,0.004601697,0,98178,0,1,0,1,1,0,0,0,0,2,4,3,4,3,5,5,5,5,5,3,2,2,2,2,2,3,3,3,-0.949910844,-0.16299588,-0.938396736,1,1,0,0,2,0,0,1,0,0,2,0,4,1,0,1,0,0,3,1,0,0,0,1,0,0,0,0,1,0,2,0,0,1,3,0,0,1,3,1,0,0,1,0,1,0,2,0,0,0,1,4
2887,39,4,4.746590951,0,17268,0,1,0,2,0,1,0,0,0,3,2,3,3,5,3,4,3,4,3,3,3,2,2,2,3,1,3,3,-0.6565977,-0.58198495,-0.492185996,1,0,1,0,3,0,0,0,0,0,2,0,5,1,0,1,1,0,1,0,1,0,0,0,1,-9,0,1,0,0,1,0,1,0,2,1,0,0,1,0,0,1,3,1,0,0,1,1,0,0,0,1
2904,14,4,0.168890716,0,60641,1,0,0,1,1,0,0,0,0,2,2,5,3,5,5,5,5,5,5,5,2,2,2,2,2,3,3,3,-0.160301884,0.404301882,0.105455994,1,0,0,1,4,0,0,1,0,0,2,0,4,1,0,1,0,0,3,0,0,0,0,0,0,-9,0,0,0,1,3,0,0,1,3,0,1,0,2,0,0,1,3,0,0,1,3,0,0,0,1,4
2915,5,4,0.00645264,0,90049,1,0,0,2,0,1,0,0,0,3,6,3,2,4,4,4,2,4,4,4,2,1,2,2,2,3,2,3,-0.195801535,-0.617170258,-1.12789969,1,0,0,1,4,0,0,1,0,0,2,0,4,1,0,1,1,0,1,0,0,0,0,0,0,0,0,0,0,1,3,0,0,1,3,0,0,1,3,0,0,1,3,1,0,0,1,0,0,1,0,3
2937,5,4,7.245542409,0,95991,1,0,0,1,1,0,0,0,0,1,4,2,4,2,4,3,3,3,3,3,2,2,2,2,2,3,3,4,-1.476868546,-0.263038747,-0.092924026,1,1,0,0,2,0,0,1,0,0,2,0,4,1,0,1,0,0,3,1,1,0,0,1,0,1,1,0,0,1,3,0,1,0,2,0,1,0,2,0,0,1,3,1,0,0,1,0,0,0,1,4
2956,5,1,0.02436102,0,7501,1,0,0,2,0,1,0,0,0,2,5,4,3,5,3,4,4,4,5,4,2,2,3,3,2,2,2,1,0.465993879,0.479499296,0.320368316,0,1,0,0,2,1,1,0,1,0,2,0,2,0,1,2,0,0,3,1,0,1,0,0,0,-9,0,0,0,1,3,0,0,1,3,0,0,1,3,1,0,0,1,0,0,1,3,0,0,0,1,4
2965,16,2,2.812587406,0,50012,0,1,0,4,0,0,0,1,0,2,4,3,4,4,4,4,3,5,4,4,3,2,3,2,3,2,3,2,-0.161982365,0.871240894,0.370284801,0,1,0,0,2,0,1,1,0,0,1,1,1,0,0,3,0,1,2,1,1,0,0,0,0,1,1,0,1,0,2,1,0,0,1,1,0,0,1,0,1,0,2,1,0,0,1,0,0,1,0,3
2976,39,4,1.999801112,0,19154,0,1,0,1,1,0,0,0,0,2,5,4,3,4,3,3,3,3,3,3,2,1,1,1,2,4,3,4,-0.966861348,-0.140388058,-0.213893041,0,0,0,1,4,0,0,1,0,0,2,0,4,1,0,1,0,1,2,0,1,0,0,0,0,-9,0,0,0,1,3,0,1,0,2,0,0,1,3,1,0,0,1,1,0,0,1,0,0,1,0,3
2979,10,4,0.26622944,1,33567,0,1,0,2,0,1,0,0,0,4,4,3,4,5,5,5,4,3,3,3,2,2,2,2,2,2,2,3,-0.709518957,0.693937426,-0.161063496,1,0,1,0,3,0,0,1,0,0,2,0,4,1,0,1,0,1,2,0,1,0,0,0,1,-9,0,1,0,0,1,1,0,0,1,0,1,0,2,1,0,0,1,1,0,0,1,1,0,0,0,1
3005,38,2,8.67E-05,0,97230,1,0,0,3,0,0,1,0,0,3,4,4,3,4,4,5,4,4,2,2,3,3,1,3,3,2,2,2,-0.784259012,-0.253310445,-0.871279718,1,1,0,0,2,1,1,1,0,0,2,0,4,1,0,1,0,1,2,0,1,0,0,0,1,1,1,0,0,1,3,0,0,1,3,0,0,1,3,0,0,1,3,0,0,1,3,0,0,0,1,4
3023,5,4,2.62178432,0,91602,1,0,0,1,1,0,0,0,0,1,5,4,1,4,3,1,1,5,5,4,2,2,2,1,3,1,2,4,-0.196892542,-0.134613044,-0.53653885,1,0,0,1,4,0,1,0,0,1,2,0,3,0,0,3,0,1,2,0,0,0,0,0,0,1,1,0,0,1,3,0,0,1,3,0,0,1,3,0,0,1,3,0,1,0,2,0,0,0,1,4
3028,5,4,4.23E-06,0,90650,1,0,0,3,0,0,1,0,0,2,5,5,2,5,3,3,2,5,5,5,1,2,3,2,2,3,3,2,0.014975945,-0.208078535,0.798281165,1,0,1,0,3,0,0,1,0,0,2,0,4,1,0,1,0,0,3,1,1,0,0,1,0,0,0,0,0,1,3,0,0,1,3,0,0,1,3,0,1,0,2,0,1,0,2,0,0,0,1,4
3031,25,2,0.886117443,0,39213,0,1,0,1,1,0,0,0,0,1,1,1,1,1,1,1,1,1,1,1,3,3,3,3,3,2,2,2,0.147987447,-0.373653773,0.216047875,0,1,0,0,2,0,0,0,1,0,2,0,2,1,0,1,1,0,1,0,0,1,0,0,0,-9,0,1,0,0,1,1,0,0,1,1,0,0,1,1,0,0,1,1,0,0,1,0,0,1,0,3
3077,20,2,0.52396848,0,4061,0,0,0,1,1,0,0,0,0,1,3,3,3,2,1,1,2,2,2,1,2,2,2,2,2,3,4,4,-1.452826654,0.754198125,-0.391072442,0,0,0,1,4,1,1,1,0,0,2,0,4,0,1,2,0,1,2,0,0,0,1,1,0,-9,0,0,0,0,0,0,0,0,0,0,0,0,0,0,0,0,0,0,0,0,0,0,0,0,0,0
3091,42,2,1.379864081,0,29349,0,1,0,1,1,0,0,0,0,1,4,3,3,4,3,3,3,4,4,4,2,2,2,2,2,4,3,3,0.456813861,-0.667852232,-0.139219937,1,1,0,0,2,0,0,1,0,0,2,0,4,0,0,3,0,0,3,1,0,0,1,1,0,-9,0,1,0,0,1,1,0,0,1,1,0,0,1,0,1,0,2,1,0,0,1,1,0,0,0,1
3098,8,4,0.868760816,0,19946,0,0,1,5,0,0,0,0,1,4,6,5,1,3,4,2,2,5,5,5,3,1,3,2,3,1,2,4,-1.279252499,-0.106128185,0.107502211,1,0,1,0,3,0,0,1,0,0,2,0,4,1,0,1,0,0,3,1,0,0,0,1,0,-9,0,1,0,0,1,1,0,0,1,0,1,0,2,1,0,0,1,1,0,0,1,1,0,0,0,1
3131,5,4,0.000568112,0,94621,1,0,0,3,0,0,1,0,0,3,4,2,4,4,3,4,3,5,5,5,3,1,3,1,3,2,2,2,-1.321337783,0.962170335,-0.903028656,1,1,0,0,2,0,0,0,1,0,2,0,2,1,0,1,0,0,3,1,0,0,0,0,0,-9,0,0,0,1,3,0,0,1,3,0,1,0,2,0,0,1,3,0,0,1,3,0,0,0,1,4
3201,34,4,0.955976785,0,27047,0,0,1,3,0,0,1,0,0,3,4,3,3,2,4,4,2,5,5,4,2,2,2,2,3,1,2,3,0.447522825,-1.011321274,-1.985620373,1,1,0,0,2,0,0,1,0,0,2,0,4,1,0,1,0,0,3,1,1,0,0,0,0,-9,0,1,0,0,1,1,0,0,1,1,0,0,1,1,0,0,1,1,0,0,1,1,0,0,0,1
3206,18,4,4.718539772,0,40203,1,0,0,1,1,0,0,0,0,3,6,5,1,5,1,1,1,5,5,2,2,2,2,2,3,4,2,4,0.03529355,-1.451518311,-1.87360274,1,0,1,0,3,0,0,0,1,0,2,0,2,1,0,1,1,0,1,0,0,0,0,0,1,-9,0,0,0,1,3,0,0,1,3,0,0,1,3,0,0,1,3,1,0,0,1,0,0,0,1,4
3210,45,4,0.500461924,1,77360,0,1,0,1,1,0,0,0,0,2,1,0,4,3,2,4,4,4,5,4,2,2,2,2,2,2,2,2,0.380929925,-0.404447468,-0.013769974,0,0,0,1,4,1,1,1,0,0,2,0,4,0,1,2,0,0,3,1,0,0,0,1,0,-9,0,1,0,0,1,1,0,0,1,0,1,0,2,1,0,0,1,1,0,0,1,1,0,0,0,1
3211,3,4,8.40E-05,1,85742,0,1,0,4,0,0,0,1,0,2,1,2,3,5,1,1,1,5,5,5,2,2,2,2,2,3,3,3,-0.075111518,0.337063506,0.081446679,1,0,0,1,4,0,0,1,0,0,2,0,4,1,0,1,0,1,2,0,0,0,0,1,0,-9,0,0,1,0,2,1,0,0,1,0,1,0,2,1,0,0,1,1,0,0,1,1,0,0,0,1
3214,5,2,0.761990279,0,92883,0,1,0,2,0,1,0,0,0,1,4,3,3,5,3,3,2,3,4,3,2,2,2,2,2,3,2,4,0.944518559,-1.08105552,0.592124552,0,0,0,1,4,0,1,1,0,0,2,0,4,0,1,2,0,1,2,0,1,0,0,1,0,-9,0,1,0,0,1,1,0,0,1,0,0,1,3,0,1,0,2,1,0,0,1,1,0,0,0,1
3216,5,4,0.001215121,1,95747,0,1,0,2,0,1,0,0,0,2,4,3,4,4,3,2,2,2,4,4,2,2,2,1,2,1,3,3,0.807149182,-0.063937755,0.046903259,0,0,0,1,4,0,0,1,0,0,2,0,4,0,1,2,0,1,2,0,1,0,0,1,0,1,1,0,1,0,2,0,1,0,2,0,0,1,3,0,0,1,3,1,0,0,1,0,0,1,0,3
3243,45,4,1.62609901,1,75559,0,0,1,1,1,0,0,0,0,1,1,0,3,3,4,4,4,4,4,4,3,2,2,1,3,1,2,2,0.247093322,-0.250765367,-0.164236682,1,1,0,0,2,0,0,1,0,0,2,0,4,1,0,1,0,0,3,1,0,0,0,1,0,-9,0,1,0,0,1,1,0,0,1,0,1,0,2,1,0,0,1,1,0,0,1,1,0,0,0,1
3250,33,2,0.680457484,0,11204,1,0,0,3,0,0,1,0,0,1,3,1,4,3,4,4,4,4,4,4,3,1,3,3,3,2,3,3,-0.756980926,0.574752449,-1.152405132,1,1,0,0,2,0,0,1,0,0,2,0,4,1,0,1,0,1,2,0,0,0,1,0,1,0,0,0,0,1,3,0,0,1,3,1,0,0,1,0,0,1,3,0,0,1,3,0,0,0,1,4
3258,5,2,1.253000059,0,94107,1,0,0,5,0,0,0,0,1,1,5,5,2,4,1,3,2,5,5,4,2,2,2,2,2,3,2,2,0.303481791,0.264033859,0.648517535,1,0,0,1,4,0,1,1,0,0,1,1,1,1,0,1,1,0,1,0,0,0,0,1,0,-9,0,0,0,1,3,0,0,1,3,0,0,1,3,0,1,0,2,0,0,1,3,0,0,0,1,4
3272,21,4,0.878060901,0,21229,0,1,0,1,1,0,0,0,0,1,3,2,4,4,1,1,2,4,4,3,2,1,2,2,3,4,4,4,-0.181885117,-1.108835269,-0.437696507,1,0,0,1,4,1,1,1,0,0,2,0,4,0,0,3,0,0,3,0,0,0,0,0,0,-9,0,0,0,1,3,0,1,0,2,1,0,0,1,1,0,0,1,1,0,0,1,0,0,1,0,3
3276,44,4,0.387601608,0,37602,0,0,1,2,0,1,0,0,0,2,2,1,4,5,1,1,1,1,4,3,2,1,2,2,3,3,3,3,0.48380605,0.068787896,0.10365953,1,0,0,1,4,1,1,1,0,0,2,0,4,1,0,1,1,0,1,0,0,0,0,0,0,-9,0,0,0,0,0,0,0,0,0,0,0,0,0,0,0,0,0,0,0,0,0,0,0,0,0,0
3283,29,2,0.047603782,1,89119,1,0,0,2,0,1,0,0,0,2,4,2,2,4,2,4,2,4,2,4,3,1,3,3,3,1,1,1,-0.820069346,-0.26217326,-1.246444862,1,1,0,0,2,0,0,1,0,0,2,0,4,0,1,2,0,0,3,1,1,0,0,0,0,1,1,0,0,1,3,0,0,1,3,0,0,1,3,0,1,0,2,0,1,0,2,0,0,0,1,4
3294,41,4,0.571257444,0,2864,0,1,0,1,1,0,0,0,0,1,3,3,4,3,3,3,3,3,4,4,2,1,1,2,2,3,3,3,-0.885375548,-0.722324658,0.707883953,0,0,0,1,4,0,0,1,0,0,2,0,4,0,1,2,0,1,2,0,1,0,0,1,0,-9,0,0,1,0,2,0,1,0,2,1,0,0,1,0,0,1,3,1,0,0,1,0,0,1,0,3
3300,46,4,4.72E-06,0,84119,1,0,0,3,0,0,1,0,0,2,4,4,4,5,3,1,1,4,5,4,2,2,2,2,3,4,3,3,-0.136173429,-1.715730969,-0.088994929,1,0,1,0,3,0,0,1,0,0,2,0,4,1,0,1,1,0,1,0,1,0,0,0,1,-9,0,0,0,1,3,0,0,1,3,0,0,1,3,0,1,0,2,0,0,1,3,0,0,0,1,4
3302,5,4,5.70E-05,0,90016,1,0,0,2,0,1,0,0,0,2,4,3,3,4,3,2,2,4,4,3,2,2,2,2,3,4,3,3,-1.211125544,-0.14564104,0.371396668,0,0,0,1,4,0,0,0,1,0,2,0,2,1,0,1,0,1,2,0,0,0,0,0,0,-9,0,0,0,1,3,0,0,1,3,0,0,1,3,0,0,1,3,0,0,1,3,0,0,0,1,4
3314,29,4,0.00645264,0,89512,0,1,0,1,1,0,0,0,0,2,1,0,1,5,3,3,3,5,5,3,2,1,2,2,3,4,2,2,1.061827735,-0.019799075,0.363892403,1,0,0,1,4,0,0,1,0,0,2,0,4,1,0,1,1,0,1,0,0,0,0,0,0,-9,0,0,0,1,3,0,1,0,2,0,0,1,3,1,0,0,1,1,0,0,1,0,0,1,0,3
3319,4,4,0.882464564,0,72110,0,1,0,1,1,0,0,0,0,2,6,3,3,3,3,3,3,3,3,3,2,2,2,2,3,3,3,4,-0.742677503,-0.292285666,-1.244004281,1,0,1,0,3,0,0,1,0,0,2,0,4,1,0,1,0,0,3,1,1,0,0,1,0,-9,0,1,0,0,1,1,0,0,1,0,1,0,2,1,0,0,1,1,0,0,1,1,0,0,0,1
3352,34,4,0.573546494,0,28714,0,0,1,2,0,1,0,0,0,1,1,0,2,4,3,3,3,4,5,5,2,2,2,2,3,2,2,4,-0.050006199,-1.553644657,0.376730064,1,0,1,0,3,0,0,1,0,0,2,0,4,0,1,2,0,0,3,0,1,0,0,1,0,-9,0,1,0,0,1,1,0,0,1,1,0,0,1,0,1,0,2,1,0,0,1,1,0,0,0,1
3361,5,2,0.086771753,0,93309,1,0,0,2,0,1,0,0,0,1,5,5,2,4,3,3,2,5,5,5,2,2,1,2,2,3,2,2,-0.01922338,0.746888591,0.383939128,1,0,0,1,4,0,1,1,0,0,2,0,4,0,0,3,0,0,3,1,0,0,0,1,0,1,1,0,0,1,3,0,1,0,2,0,0,1,3,0,0,1,3,1,0,0,1,0,0,0,1,4
3378,20,4,0.592481467,0,4039,0,1,0,2,0,1,0,0,0,2,2,1,4,5,3,2,4,5,5,5,3,2,2,2,2,2,2,2,-0.829952908,1.027227286,1.208942623,1,0,0,1,4,0,0,1,0,0,2,0,4,1,0,1,0,1,2,0,1,0,0,1,0,0,0,1,0,0,1,1,0,0,1,0,1,0,2,0,0,1,3,1,0,0,1,1,0,0,0,1
3406,31,2,5.858574259,0,8824,0,1,0,2,0,1,0,0,0,1,1,3,3,3,3,3,3,3,3,3,2,2,2,2,2,3,3,3,0.099166215,0.797183591,0.11685458,1,0,1,0,3,0,1,1,0,0,2,0,4,0,0,3,0,1,2,0,0,0,0,1,0,-9,0,0,1,0,2,1,0,0,1,1,0,0,1,0,0,1,3,1,0,0,1,1,0,0,0,1
3426,5,4,0.004103103,1,92596,0,1,0,1,1,0,0,0,0,1,3,2,4,2,2,2,2,4,4,4,2,2,2,2,2,2,2,2,1.466573093,-0.143383804,0.669958717,0,0,0,1,4,0,0,1,0,0,2,0,4,0,1,2,0,1,2,0,0,0,0,1,0,-9,0,1,0,0,1,1,0,0,1,0,1,0,2,1,0,0,1,1,0,0,1,1,0,0,0,1
3517,4,4,0.56065463,0,72956,0,1,0,3,0,0,1,0,0,3,3,3,1,4,2,2,2,4,2,2,2,2,2,2,3,4,4,4,-2.682288046,0.730321882,-0.973659674,0,0,1,0,3,0,1,1,0,0,2,0,4,1,0,1,1,0,1,0,1,0,0,1,0,-9,0,1,0,0,1,0,1,0,2,0,1,0,2,0,1,0,2,1,0,0,1,1,0,0,0,1
3524,34,4,1.187889969,0,28090,0,0,1,4,0,0,0,1,0,2,1,0,3,3,3,3,3,3,5,3,2,2,2,2,2,4,3,4,-0.335537235,-1.082593619,-0.182468628,1,0,1,0,3,0,0,1,0,0,2,0,4,0,1,2,1,0,1,0,0,0,0,1,0,-9,0,1,0,0,1,1,0,0,1,0,1,0,2,1,0,0,1,1,0,0,1,1,0,0,0,1
3550,4,4,2.857322847,0,72644,0,0,1,2,0,1,0,0,0,1,2,0,5,3,1,3,1,5,4,4,2,2,2,2,3,2,2,2,1.055980294,-0.495238238,0.872148626,0,0,1,0,3,0,0,1,0,0,2,0,4,0,1,2,0,1,2,0,1,0,0,1,0,-9,0,1,0,0,1,1,0,0,1,1,0,0,1,1,0,0,1,1,0,0,1,1,0,0,0,1
3611,36,2,1.751725884,0,44511,0,1,0,1,1,0,0,0,0,4,1,1,3,4,3,4,3,4,3,4,2,2,2,2,2,3,3,3,-0.345369959,0.337691184,-0.305059342,1,1,0,0,2,0,0,1,1,0,1,1,1,1,0,1,0,0,3,1,0,0,1,1,1,-9,0,0,1,0,2,1,0,0,1,1,0,0,1,1,0,0,1,1,0,0,1,1,0,0,0,1
3619,18,4,9.648935821,0,40513,0,1,0,3,0,0,1,0,0,2,1,3,3,3,3,3,3,3,5,4,2,2,2,2,3,2,2,4,0.139027387,0.817408334,-0.006275474,1,0,1,0,3,0,1,0,0,1,2,0,3,0,0,3,0,0,3,0,0,0,0,1,0,-9,0,1,0,0,1,0,1,0,2,0,0,1,3,0,0,1,3,1,0,0,1,0,0,1,0,3
3622,52,4,0.001210568,0,82009,0,1,0,5,0,0,0,0,1,4,4,2,3,4,2,1,1,5,4,4,2,1,2,2,3,1,2,2,0.923952427,0.384543404,0.209362133,0,0,0,1,4,0,0,1,0,0,2,0,4,0,1,2,0,0,3,0,0,0,0,1,0,-9,0,1,0,0,1,0,1,0,2,0,1,0,2,1,0,0,1,1,0,0,1,1,0,0,0,1
3631,17,4,0.646526922,0,66762,0,1,0,1,1,0,0,0,0,1,1,1,5,3,1,1,1,3,4,3,2,2,2,2,2,3,2,2,0.347200921,0.372801028,0.666161234,0,0,1,0,3,0,1,1,0,0,2,0,4,0,1,2,0,1,2,0,0,0,0,1,0,-9,0,1,0,0,1,0,1,0,2,1,0,0,1,0,1,0,2,1,0,0,1,1,0,0,0,1
3646,45,2,1.071580856,1,75143,0,0,1,3,0,0,1,0,0,3,3,1,2,2,3,2,4,5,5,4,3,2,2,3,3,3,2,2,1.107720177,-0.787836465,0.115220658,1,0,0,1,4,0,0,1,0,0,2,0,4,1,0,1,1,0,1,0,0,0,0,0,0,1,1,1,0,0,1,1,0,0,1,1,0,0,1,1,0,0,1,1,0,0,1,1,0,0,0,1
3659,31,4,1.752529,0,7087,1,0,0,1,1,0,0,0,0,2,3,2,3,4,4,4,2,5,5,5,2,1,3,3,3,2,2,2,0.652091759,-0.114055875,0.295405102,1,1,0,0,2,0,0,0,0,0,1,1,1,1,0,1,0,1,2,0,0,0,0,0,0,-9,0,0,0,1,3,0,0,1,3,0,0,1,3,0,1,0,2,0,0,1,3,0,0,0,1,4
3693,49,2,0.050173675,0,98103,1,0,0,3,0,0,1,0,0,2,5,5,5,4,4,4,1,5,5,5,2,2,3,1,3,3,2,2,-0.217574625,0.376484667,-0.189594123,1,0,1,0,3,0,0,1,0,0,2,0,4,0,1,2,0,1,2,0,0,0,0,0,1,1,1,0,0,1,3,0,0,1,3,1,0,0,1,0,0,1,3,1,0,0,1,0,0,0,1,4
3697,49,2,0.004089994,0,98499,0,1,0,4,0,0,0,1,0,4,5,5,2,5,5,2,3,5,5,5,3,1,1,1,3,2,2,1,-0.135848772,1.424096406,-0.182296174,1,0,1,0,3,0,0,1,0,0,2,0,4,1,0,1,0,0,3,1,0,0,0,0,0,-9,0,0,1,0,2,0,0,1,3,0,0,1,3,0,0,1,3,0,1,0,2,0,0,0,1,4
3699,49,2,0.013849768,0,98271,0,1,0,3,0,0,1,0,0,2,5,3,2,5,2,5,4,5,5,4,2,1,2,2,2,3,2,2,0.328459842,-0.583084785,0.268576274,1,0,1,0,3,0,0,1,0,0,2,0,4,1,0,1,0,0,3,0,1,0,0,0,0,-9,0,1,0,0,1,1,0,0,1,0,1,0,2,0,1,0,2,1,0,0,1,1,0,0,0,1
3700,49,4,0.057915366,0,98272,0,1,0,1,1,0,0,0,0,2,5,2,1,4,3,3,3,4,4,4,2,1,3,2,3,3,2,3,0.640159527,0.518682764,0.527987349,0,0,0,1,4,1,1,1,0,0,2,0,4,0,0,3,0,1,2,0,0,0,0,0,0,-9,0,1,0,0,1,1,0,0,1,0,0,1,3,0,1,0,2,1,0,0,1,1,0,0,0,1
3705,49,2,0.074286107,0,98444,0,1,0,1,1,0,0,0,0,1,5,3,4,2,1,3,4,4,4,3,2,2,2,2,2,4,3,4,-0.303526009,-1.564943738,-0.82811765,0,0,0,1,4,0,0,1,0,0,2,0,4,1,0,1,1,0,1,0,0,0,0,0,0,0,0,0,0,1,3,0,1,0,2,0,0,1,3,0,1,0,2,0,1,0,2,0,0,0,1,4
3708,49,4,0.065542553,0,98198,1,0,0,2,0,1,0,0,0,2,5,5,3,4,2,1,1,5,5,5,2,1,2,2,3,1,1,2,0.503873428,-1.216235188,0.438230362,1,0,0,1,4,0,0,1,0,0,2,0,4,0,0,3,0,1,2,0,0,0,0,1,0,-9,0,0,0,1,3,0,1,0,2,0,1,0,2,0,1,0,2,0,1,0,2,0,0,1,0,3
3709,49,4,0.028741351,0,98055,0,1,0,2,0,1,0,0,0,1,4,3,2,4,2,4,4,4,5,5,2,1,1,1,3,2,2,2,0.22833603,0.989207655,-0.514259974,1,0,0,1,4,0,0,1,0,0,2,0,4,0,1,2,1,0,1,0,0,0,0,0,0,0,0,0,1,0,2,0,0,1,3,0,0,1,3,0,0,1,3,1,0,0,1,0,0,1,0,3
3710,49,2,0.050253959,0,98133,1,0,0,3,0,0,1,0,0,2,4,4,3,4,3,3,1,4,4,4,2,2,2,2,2,4,3,3,-0.176566261,0.291209684,0.073135811,1,0,0,1,4,1,1,0,0,0,2,0,5,0,0,3,0,1,2,0,0,0,0,0,0,-9,0,0,0,1,3,0,0,1,3,0,1,0,2,0,1,0,2,1,0,0,1,0,0,0,1,4
3714,49,2,0.055796896,0,98383,0,1,0,2,0,1,0,0,0,2,3,3,2,4,3,3,4,5,5,4,2,1,2,2,3,2,2,4,-0.081930836,-0.709810878,-1.358723733,1,0,1,0,3,1,1,1,0,0,2,0,4,0,1,2,0,1,2,0,0,0,1,1,0,1,1,1,0,0,1,0,1,0,2,0,1,0,2,1,0,0,1,1,0,0,1,1,0,0,0,1
3716,49,2,0.011604839,0,98087,1,0,0,1,1,0,0,0,0,1,5,0,5,1,1,1,1,5,5,5,2,2,2,2,2,4,2,2,1.663678236,-1.228094982,0.968516809,1,0,0,1,4,0,0,0,0,0,2,0,5,0,1,2,0,1,2,0,0,0,1,0,0,1,1,0,0,1,3,0,1,0,2,0,0,1,3,0,1,0,2,1,0,0,1,0,0,0,1,4
3726,49,4,0.034113586,0,98467,0,1,0,3,0,0,1,0,0,2,2,4,2,4,2,4,2,4,4,4,2,1,3,1,2,3,2,3,0.458046003,0.338022129,-0.139091572,0,0,1,0,3,1,1,0,0,1,2,0,3,0,0,0,0,0,3,0,0,0,0,1,0,-9,0,0,0,1,3,0,1,0,2,1,0,0,1,0,0,1,3,0,1,0,2,0,0,1,0,3
3728,49,2,0.023197925,0,98252,0,1,0,4,0,0,0,1,0,2,4,4,4,5,4,5,4,4,5,4,3,2,3,3,2,2,2,2,0.567740573,1.185574059,1.00736315,0,1,0,0,2,0,1,1,0,0,2,0,4,0,0,3,0,0,3,1,0,1,0,0,0,-9,0,1,0,0,1,1,0,0,1,1,0,0,1,0,0,1,3,1,0,0,1,0,1,0,0,2
3732,49,4,0.035750408,0,98337,1,0,0,1,1,0,0,0,0,1,4,3,4,5,2,3,4,5,3,3,2,2,2,2,2,3,3,4,-1.411023259,-0.381222108,1.645868785,0,0,1,0,3,0,0,1,0,0,2,0,4,1,0,1,0,1,2,0,1,0,0,1,0,-9,0,0,0,1,3,0,0,1,3,1,0,0,1,1,0,0,1,0,0,1,3,0,0,0,1,4
3737,49,2,0.012747697,0,98375,0,1,0,3,0,0,1,0,0,2,4,4,2,4,2,4,3,3,4,4,2,2,2,2,2,2,2,2,0.196378083,0.812158352,-0.460272634,1,0,1,1,4,1,1,1,0,0,2,0,4,1,0,1,1,0,1,0,0,0,1,1,0,-9,0,0,1,0,2,0,1,0,2,1,0,0,1,1,0,0,1,1,0,0,1,0,1,0,0,2
3738,49,3,0.058896207,0,98007,1,0,0,5,0,0,0,0,1,4,6,3,2,3,4,3,3,3,3,3,2,2,2,3,2,3,3,3,-0.510415369,-0.571100634,-0.567604792,1,0,1,0,3,0,0,0,0,0,1,1,1,1,0,1,1,0,1,1,1,0,0,0,1,0,0,0,0,1,3,0,0,1,3,0,1,0,2,0,0,1,3,1,0,0,1,0,0,0,1,4
3744,49,2,0.00924336,0,98168,0,1,0,5,0,0,0,0,1,3,1,5,5,4,4,4,5,4,5,4,1,1,1,1,1,2,2,2,0.726248668,1.148230874,0.673896733,0,1,0,0,2,1,1,1,0,0,2,0,4,0,1,2,0,0,3,1,0,1,1,0,0,-9,0,0,1,0,2,0,1,0,2,0,0,1,3,0,1,0,2,0,1,0,2,0,0,1,0,3
3749,42,4,2.553736412,0,29640,0,1,0,2,0,1,0,0,0,1,2,2,3,4,2,2,2,4,5,4,2,1,1,2,3,4,2,2,0.877394124,0.664819525,-0.007760659,1,0,0,1,4,0,0,1,0,0,1,1,1,0,1,2,1,0,1,0,0,0,0,1,0,1,1,1,0,0,1,1,0,0,1,0,1,0,2,0,1,0,2,1,0,0,1,1,0,0,0,1
3755,49,2,0.015455356,0,98104,1,0,0,1,1,0,0,0,0,1,5,3,4,4,3,3,2,5,5,5,2,2,2,2,2,3,2,2,0.795507252,-0.237642265,1.079144594,1,0,1,0,3,0,1,1,0,0,2,0,4,1,0,1,0,1,2,0,0,0,0,0,0,-9,0,0,0,1,3,0,0,1,3,0,0,1,3,0,0,1,3,0,0,1,3,0,0,0,1,4
3756,49,4,0.028210743,0,98122,1,0,0,1,1,0,0,0,0,1,4,2,4,5,2,3,1,3,5,4,2,2,2,2,3,1,2,4,-0.414955528,-0.182338133,-2.516414024,0,0,0,1,4,1,1,1,0,0,2,0,4,1,0,1,1,0,1,0,1,0,0,0,1,-9,0,0,0,1,3,0,0,1,3,1,0,0,1,0,0,1,3,0,0,1,3,0,0,0,1,4
3764,49,4,0.074560699,0,98059,0,1,0,4,0,0,0,1,0,2,5,5,1,4,2,4,1,5,5,5,2,1,2,2,2,3,3,3,-0.083577267,0.754409683,-1.350181246,1,0,1,0,3,1,1,0,1,0,2,0,2,0,1,2,0,1,2,0,0,0,0,1,0,1,1,0,1,0,2,0,1,0,2,1,0,0,1,0,0,1,3,1,0,0,1,0,0,1,0,3
3769,49,4,0.028351687,0,98391,0,1,0,1,1,0,0,0,0,1,5,5,1,5,3,5,4,5,5,5,3,1,1,2,3,2,2,2,0.920319104,0.798523936,0.258356409,1,0,1,0,3,0,0,1,0,0,2,0,4,0,1,2,1,0,1,0,0,0,0,1,0,-9,0,1,0,0,1,1,0,0,1,1,0,0,1,1,0,0,1,1,0,0,1,1,0,0,0,1
3773,49,4,0.005405016,0,98052,0,1,0,3,0,0,1,0,0,2,4,4,3,4,3,1,3,4,5,4,2,1,2,2,3,4,2,2,-0.51431012,-0.032721874,-0.504811827,0,0,0,1,4,0,1,1,0,0,2,0,4,1,0,1,0,0,3,0,0,0,0,1,0,-9,0,0,1,0,2,0,0,1,3,0,1,0,2,1,0,0,1,1,0,0,1,0,0,1,0,3
3774,49,4,0.020096161,0,98371,0,1,0,2,0,1,0,0,0,1,4,3,4,5,2,2,1,4,5,4,2,1,2,2,2,4,3,4,1.868840229,-2.048028004,0.489680876,0,0,0,1,4,0,0,1,0,0,2,0,4,0,1,2,0,1,2,0,0,0,0,0,0,-9,0,0,1,0,2,0,1,0,2,0,1,0,2,1,0,0,1,0,0,1,3,0,0,1,0,3
3775,49,2,0.520372608,0,98058,0,1,0,4,0,0,0,1,0,2,4,5,3,5,4,5,3,5,5,5,2,1,1,1,3,2,2,2,-1.573842064,1.491375509,-0.857980159,1,1,0,0,2,0,0,1,1,0,2,0,2,0,1,2,1,0,1,0,0,0,0,0,0,-9,0,0,1,0,2,1,0,0,1,1,0,0,1,1,0,0,1,1,0,0,1,0,1,0,0,2
3778,49,2,0.086303472,0,98360,0,1,0,1,1,0,0,0,0,1,3,3,5,5,2,5,4,5,5,3,2,2,2,2,2,3,2,3,1.420930644,0.994463747,0.643096465,1,1,0,0,2,0,0,1,0,0,2,0,4,0,0,3,0,0,3,1,0,0,0,1,0,-9,0,1,0,0,1,1,0,0,1,1,0,0,1,1,0,0,1,1,0,0,1,1,0,0,0,1
3779,49,4,0.043651005,0,98256,0,0,1,3,0,0,1,0,0,2,4,4,2,4,3,2,2,5,5,5,2,1,3,2,2,4,2,2,1.12554848,0.138054703,0.525826228,1,0,0,1,4,0,0,1,0,0,2,0,4,1,0,1,0,1,2,0,0,0,0,1,0,-9,0,1,0,0,1,1,0,0,1,1,0,0,1,1,0,0,1,1,0,0,1,1,0,0,0,1
3781,49,3,0.002107297,0,98271,0,1,0,2,0,1,0,0,0,1,5,4,1,5,4,3,1,5,5,5,3,1,1,1,3,3,2,3,-0.019363726,0.133319469,-0.464109079,1,1,0,0,2,0,0,0,0,0,2,0,5,1,0,1,0,0,3,1,1,0,0,0,0,-9,0,1,0,0,1,1,0,0,1,0,1,0,2,0,1,0,2,1,0,0,1,1,0,0,0,1
3782,49,2,0.027082585,0,98042,0,1,0,2,0,1,0,0,0,2,5,3,5,2,2,2,2,4,5,4,2,1,3,3,3,4,2,2,0.31601796,0.152554344,-0.19404244,0,0,0,1,4,1,1,1,0,0,2,0,4,0,1,2,1,0,1,0,0,0,0,1,0,1,1,0,1,0,2,1,0,0,1,0,1,0,2,1,0,0,1,1,0,0,1,1,0,0,0,1
3790,49,4,0.01163483,0,98329,0,1,0,2,0,1,0,0,0,2,5,3,3,4,3,4,4,4,3,3,2,1,2,2,3,2,2,3,-0.617267758,0.37384642,0.226210904,1,1,0,0,2,0,0,1,1,0,2,0,2,1,0,1,0,0,3,1,0,0,0,1,1,-9,0,1,0,0,1,1,0,0,1,1,0,0,1,1,0,0,1,1,0,0,1,1,0,0,0,1
3796,49,2,0.015455356,0,98087,1,0,0,1,1,0,0,0,0,1,5,4,1,4,4,5,1,5,5,3,2,2,2,2,2,3,3,4,0.899879591,-1.933052668,-1.04354628,1,0,1,0,3,0,1,1,0,0,2,0,4,1,0,1,0,1,2,0,1,0,1,0,0,1,1,0,0,1,3,0,1,0,2,0,0,1,3,0,1,0,2,1,0,0,1,0,0,0,1,4
3806,49,4,0.04479743,0,98198,1,0,0,2,0,1,0,0,0,2,4,0,5,3,1,4,1,1,5,1,2,2,2,2,2,3,2,4,-1.113015571,0.314706142,0.546345103,1,0,0,1,4,0,0,1,0,0,2,0,4,0,1,2,1,0,1,0,0,0,0,1,0,-9,0,0,0,1,3,0,1,0,2,0,1,0,2,0,1,0,2,0,1,0,2,0,0,1,0,3
3813,49,4,0.048661492,0,98077,0,1,0,4,0,0,0,1,0,2,4,3,4,4,3,3,3,5,3,3,2,3,2,2,2,3,2,3,-0.229365145,-1.035621572,1.501025818,0,0,0,1,4,0,1,1,0,0,2,0,4,0,0,3,0,1,2,0,0,0,0,1,0,-9,0,1,0,0,1,1,0,0,1,1,0,0,1,0,1,0,2,1,0,0,1,1,0,0,0,1
3819,49,4,0.013562203,0,98444,0,1,0,4,0,0,0,1,0,3,2,5,2,3,3,5,4,5,5,4,3,2,1,2,2,3,2,3,0.093809539,-1.181309166,-0.626123063,1,0,0,1,4,0,0,1,0,0,2,0,4,1,0,1,0,1,2,0,1,0,0,0,0,1,1,0,0,1,3,0,1,0,2,0,0,1,3,0,1,0,2,0,1,0,2,0,0,0,1,4
3823,49,2,0.090179112,0,98008,1,0,0,1,1,0,0,0,0,1,5,5,3,3,1,1,1,3,3,1,2,2,2,2,3,4,2,3,-0.606888844,-0.193704702,-0.16592807,0,1,0,0,2,0,0,1,0,0,2,0,4,0,0,3,1,0,1,0,0,0,1,0,0,-9,0,0,0,1,3,0,0,1,3,0,1,0,2,1,0,0,1,1,0,0,1,0,0,0,1,4
3829,49,2,0.035478672,0,98074,0,1,0,3,0,0,1,0,0,2,4,3,3,2,3,4,4,4,4,4,1,1,1,1,3,2,2,2,0.093384592,0.934755754,-0.207801161,0,1,0,0,2,0,1,1,0,0,2,0,4,0,0,3,0,0,3,1,0,0,1,1,0,-9,0,0,1,0,2,1,0,0,1,1,0,0,1,1,0,0,1,1,0,0,1,0,1,0,0,2
3831,49,4,0.03084506,0,98408,0,1,0,3,0,0,1,0,0,2,2,2,4,5,2,2,2,5,4,2,2,2,2,2,3,1,2,4,0.645063045,-0.424654341,0.077397157,0,0,0,1,4,1,1,1,0,0,2,0,4,0,1,2,1,0,1,0,0,0,0,0,0,0,0,0,0,1,3,1,0,0,1,1,0,0,1,1,0,0,1,1,0,0,1,0,0,0,1,4
3832,49,4,0.004168809,0,98366,0,1,0,1,1,0,0,0,0,2,5,3,2,4,2,3,1,5,5,2,2,2,2,2,3,1,3,4,-1.704331954,-0.701619188,-1.003379609,1,1,0,0,2,0,0,1,0,0,2,0,4,1,0,1,0,0,3,1,0,0,0,0,0,-9,0,1,0,0,1,0,1,0,2,1,0,0,1,0,1,0,2,0,1,0,2,0,0,1,0,3
3833,49,4,0.101488085,0,98204,1,0,0,1,1,0,0,0,0,1,4,3,3,4,3,2,2,4,5,3,2,1,1,1,2,3,3,3,0.111031692,0.238608529,-0.934965908,0,0,0,1,4,1,1,0,1,0,2,0,2,0,0,3,0,1,2,0,0,0,0,1,0,-9,0,0,0,1,3,0,0,1,3,0,1,0,2,0,0,1,3,1,0,0,1,0,0,0,1,4
3834,49,2,0.277640641,0,98052,0,1,0,2,0,1,0,0,0,3,6,2,3,2,4,4,3,4,5,4,3,1,1,1,3,2,2,2,0.760415589,0.405547113,0.51869066,1,1,0,0,2,0,1,0,0,1,2,0,3,0,0,3,0,0,3,1,0,0,0,0,0,-9,0,0,1,0,2,0,0,1,3,0,1,0,2,1,0,0,1,1,0,0,1,0,0,1,0,3
3836,49,4,0.02061179,0,98031,0,1,0,2,0,1,0,0,0,2,4,4,1,5,3,2,1,4,5,4,2,2,2,2,3,4,2,3,0.497075312,-0.665368994,-0.872004522,0,0,0,1,4,0,1,1,0,0,2,0,4,0,1,2,0,1,2,0,1,0,0,0,1,-9,0,0,0,1,3,1,0,0,1,1,0,0,1,1,0,0,1,1,0,0,1,0,0,1,0,3
3848,49,4,0.165537492,0,98108,1,0,0,2,0,1,0,0,0,3,5,3,2,4,4,4,4,4,4,3,3,1,3,3,3,2,2,2,-0.036459059,0.27324435,-0.213031401,0,0,1,0,3,1,1,0,0,1,2,0,3,0,1,2,0,1,2,0,0,0,0,1,0,0,0,0,0,1,3,0,0,1,3,0,0,1,3,0,1,0,2,0,0,1,3,0,0,0,1,4
3850,49,2,0.071224184,0,98052,0,1,0,2,0,1,0,0,0,3,3,2,4,4,2,4,4,5,5,5,2,2,2,1,2,2,2,2,-0.767472726,-0.15902602,0.484685282,1,0,1,0,3,0,1,1,0,0,2,0,4,0,1,2,1,0,1,0,0,0,0,1,0,-9,0,0,1,0,2,0,0,1,3,0,1,0,2,1,0,0,1,1,0,0,1,0,0,1,0,3
3851,49,4,0.007477503,0,98580,0,1,0,1,1,0,0,0,0,1,4,3,3,4,4,4,3,5,5,4,2,2,2,2,3,3,2,3,0.806121018,0.355645786,0.978876095,0,0,0,1,4,0,0,1,0,0,2,0,4,1,0,1,0,0,3,0,0,0,0,1,0,-9,0,1,0,0,1,1,0,0,1,1,0,0,1,1,0,0,1,0,1,0,2,1,0,0,0,1
3853,49,2,0.025317398,0,98372,0,1,0,3,0,0,1,0,0,1,4,4,2,2,2,3,2,4,5,3,2,1,2,2,2,3,2,3,0.012013978,-0.735848555,-0.268266077,1,1,0,0,2,0,1,1,0,0,2,0,4,0,0,3,0,0,3,1,0,0,1,1,0,0,0,0,1,0,2,0,0,1,3,0,0,1,3,0,1,0,2,0,1,0,2,0,1,0,0,2
3858,49,2,0.01626956,0,98002,1,0,0,4,0,0,0,1,0,4,4,4,2,4,2,4,4,4,4,2,2,1,1,1,2,2,2,2,-0.810149056,0.724038357,-1.56911622,1,0,0,1,4,0,0,1,0,0,2,0,4,1,0,1,0,0,3,0,0,0,1,0,0,-9,0,0,0,1,3,0,0,1,3,0,1,0,2,0,1,0,2,0,1,0,2,0,0,0,1,4
3859,49,4,0.013562203,0,98405,1,0,0,1,1,0,0,0,0,1,5,4,4,5,4,1,1,5,5,5,2,1,2,2,1,4,1,3,0.824908149,-0.973214841,1.127477868,1,0,0,1,4,0,0,1,0,0,2,0,4,1,0,1,0,1,2,0,0,0,0,0,0,0,0,0,0,1,3,0,0,1,3,1,0,0,1,0,1,0,2,0,1,0,2,0,0,0,1,4
3860,49,4,0.067320149,0,98408,0,1,0,3,0,0,1,0,0,2,4,4,3,3,3,4,3,3,3,4,2,2,1,1,3,3,2,2,-0.84080654,-0.099587153,-0.727492655,0,0,0,1,4,0,0,1,0,0,2,0,4,0,0,3,0,1,2,0,0,0,0,1,0,-9,0,0,0,1,3,1,0,0,1,1,0,0,1,1,0,0,1,1,0,0,1,0,0,0,1,4
3866,49,4,0.132110729,0,98012,0,1,0,4,0,0,0,1,0,2,5,4,4,4,5,1,1,4,4,4,1,1,3,1,3,1,2,4,0.134876626,0.475763064,-0.087648346,1,0,1,0,3,0,0,1,0,0,2,0,4,0,0,3,0,0,3,0,0,0,0,0,0,0,0,0,1,0,2,0,1,0,2,1,0,0,1,1,0,0,1,1,0,0,1,0,0,1,0,3
3867,49,2,0.026763289,0,98290,0,1,0,1,1,0,0,0,0,2,4,4,3,4,2,2,4,5,5,3,3,1,1,1,3,1,2,3,0.372355607,-0.250981448,0.317338888,0,0,0,1,4,0,1,1,0,0,2,0,4,1,0,1,1,0,1,0,0,0,0,0,0,1,1,1,0,0,1,0,1,0,2,1,0,0,1,1,0,0,1,0,1,0,2,1,0,0,0,1
3872,49,4,0.017099072,0,98198,1,0,0,1,1,0,0,0,0,1,5,3,3,5,3,3,3,5,5,4,2,2,2,2,2,4,3,3,-0.338402179,0.619798402,0.081712739,1,0,0,1,4,0,0,1,0,0,2,0,4,1,0,1,1,0,1,0,0,0,0,1,0,0,0,0,0,1,3,0,1,0,2,0,1,0,2,0,1,0,2,0,1,0,2,0,0,1,0,3
3877,49,2,0.205055818,0,98077,0,1,0,2,0,1,0,0,0,2,4,3,2,4,3,3,3,4,4,4,2,2,2,2,2,3,3,3,0.235464431,0.784708868,-0.058642826,0,0,0,1,4,1,1,1,0,0,2,0,4,0,0,3,0,1,2,0,0,0,0,1,0,-9,0,1,0,0,1,1,0,0,1,1,0,0,1,0,1,0,2,1,0,0,1,1,0,0,0,1
3878,49,4,0.045584226,0,98201,1,0,0,3,0,0,1,0,0,2,1,4,3,5,3,3,2,4,4,4,2,2,2,2,2,3,2,3,-0.308058042,-0.290927374,-1.258003695,0,0,1,0,3,0,0,1,0,0,2,0,4,1,0,1,1,0,1,0,0,0,0,0,0,-9,0,0,0,1,3,0,0,1,3,0,1,0,2,0,0,1,3,0,1,0,2,0,0,0,1,4
3879,49,4,0.112724071,0,98077,0,1,0,2,0,1,0,0,0,2,2,2,2,5,1,1,2,5,5,4,3,1,1,2,3,4,2,2,-0.250178178,0.658422582,0.183480887,1,0,1,0,3,0,0,1,0,0,2,0,4,0,0,3,0,0,3,1,0,0,0,1,0,-9,0,1,0,0,1,1,0,0,1,1,0,0,1,0,1,0,2,1,0,0,1,1,0,0,0,1
3880,49,2,0.030862921,0,98059,0,1,0,2,0,1,0,0,0,2,2,2,4,3,2,1,1,4,4,4,2,2,2,2,2,3,3,3,0.581536653,0.660187078,0.094271231,0,1,0,0,2,0,0,1,0,0,2,0,4,0,1,2,0,0,3,0,0,0,0,1,0,-9,0,0,1,0,2,0,1,0,2,1,0,0,1,0,0,1,3,1,0,0,1,0,0,1,0,3
3885,43,2,0.497245972,0,57107,0,1,0,4,0,0,0,1,0,1,5,4,5,4,3,5,5,2,4,5,3,1,2,2,2,2,2,2,-0.14065192,1.613491746,1.050815137,0,0,0,0,1,1,1,1,0,0,2,0,4,0,1,2,0,0,3,1,0,0,0,1,0,1,1,1,0,0,1,1,0,0,1,0,0,1,3,0,1,0,2,1,0,0,1,0,1,0,0,2
3887,49,4,0.014691896,0,98201,1,0,0,2,0,1,0,0,0,2,4,4,2,5,2,4,2,4,5,4,2,1,3,3,3,3,3,3,0.658507694,0.105391402,-0.937686245,1,0,0,1,4,0,1,1,0,0,2,0,4,0,1,2,1,0,1,0,0,0,0,1,0,-9,0,0,0,1,3,0,0,1,3,0,1,0,2,0,0,1,3,0,1,0,2,0,0,0,1,4
3888,49,4,0.010841817,0,98057,0,1,0,2,0,1,0,0,0,1,3,2,3,2,3,3,1,4,4,3,2,2,2,2,2,3,3,2,-1.149914971,-0.457708448,0.20974234,1,1,0,0,2,1,1,0,1,0,2,0,2,1,0,1,0,1,2,0,0,0,0,1,0,-9,0,0,1,0,2,0,0,1,3,0,0,1,3,0,0,1,3,0,1,0,2,0,0,0,1,4
3889,49,2,0.072926723,0,98109,1,0,0,1,1,0,0,0,0,1,3,2,3,3,3,3,3,3,3,3,3,3,3,3,3,3,3,3,-1.147286128,0.897233303,-0.573675305,1,0,0,0,1,1,1,1,0,0,1,1,1,0,1,2,1,0,1,0,0,0,0,0,0,0,0,0,0,1,3,0,0,1,3,0,0,1,3,0,0,1,3,0,1,0,2,0,0,0,1,4
3895,49,2,0.049622898,0,98101,1,0,0,3,0,0,1,0,0,2,4,4,4,4,5,4,5,5,4,5,3,3,3,3,3,2,2,2,1.065843468,0.240058448,0.306438916,0,0,0,0,1,1,1,1,0,0,1,1,1,0,1,2,0,0,3,1,0,0,0,1,0,-9,0,0,0,1,3,0,0,1,3,0,0,1,3,0,0,1,3,0,0,1,3,0,0,0,1,4
3898,49,2,0.057612261,0,98118,0,1,0,3,0,0,1,0,0,2,4,4,2,4,3,3,2,4,5,2,3,1,3,2,3,4,2,3,-0.448540402,-0.070013236,0.151926903,0,0,1,1,4,0,1,1,0,0,2,0,4,0,1,2,1,0,1,0,0,0,0,1,0,0,0,0,0,1,3,0,1,0,2,1,0,0,1,1,0,0,1,0,0,1,3,0,0,0,1,4
3902,49,4,0.177483647,0,98110,0,1,0,3,0,0,1,0,0,1,5,4,3,5,1,1,1,3,4,4,2,1,1,2,3,3,3,3,1.042828148,-1.536574654,0.61427771,0,0,0,1,4,0,1,1,0,0,2,0,4,0,0,3,0,1,2,0,0,0,0,0,0,-9,0,1,0,0,1,1,0,0,1,1,0,0,1,0,0,1,3,1,0,0,1,0,1,0,0,2
3904,49,2,0.019491298,0,98105,1,0,0,3,0,0,1,0,0,3,5,4,2,3,4,2,4,3,1,2,3,2,2,2,3,1,2,3,-0.784767582,1.080034942,-0.256796014,0,1,0,0,2,0,1,1,0,0,2,0,4,0,0,3,0,0,3,1,0,0,0,1,0,-9,0,0,0,1,3,0,0,1,3,0,0,1,3,0,0,1,3,1,0,0,1,0,0,0,1,4
3916,49,4,0.005722506,0,98252,0,1,0,3,0,0,1,0,0,2,3,3,3,4,3,3,2,5,5,4,2,2,2,2,3,1,2,3,-0.002573919,0.413964934,-0.425085841,1,0,0,1,4,1,1,1,0,0,2,0,4,0,1,2,0,0,3,0,0,0,0,1,0,1,1,1,0,0,1,1,0,0,1,1,0,0,1,0,0,1,3,1,0,0,1,0,1,0,0,2
3918,49,2,0.060565229,0,98119,1,0,0,2,0,1,0,0,0,3,5,5,2,4,3,3,3,3,4,5,2,1,2,2,2,2,2,2,-0.915526587,0.971653882,-0.347352031,1,0,1,0,3,0,0,1,0,0,2,0,4,0,1,2,0,1,2,0,0,0,1,1,0,0,0,0,0,1,3,0,0,1,3,1,0,0,1,0,0,1,3,1,0,0,1,0,0,0,1,4
3921,49,2,0.208736548,0,98387,0,1,0,3,0,0,1,0,0,4,5,4,2,4,2,2,1,5,5,5,2,2,2,2,2,4,2,3,1.03070579,-1.831491358,0.443344028,1,0,1,0,3,0,0,0,1,0,2,0,2,0,0,3,0,1,2,0,0,0,1,1,0,-9,0,0,1,0,2,1,0,0,1,1,0,0,1,1,0,0,1,1,0,0,1,0,1,0,0,2
3922,49,4,0.010267331,0,98311,0,1,0,2,0,1,0,0,0,1,4,4,1,3,3,3,2,2,5,5,2,1,3,2,3,4,2,4,0.694584774,-0.326253651,0.084740832,1,0,0,1,4,1,1,1,0,0,2,0,4,0,0,0,1,0,1,0,0,0,0,1,0,-9,0,0,1,0,2,1,0,0,1,1,0,0,1,1,0,0,1,1,0,0,1,0,1,0,0,2
3926,49,2,0.042140842,0,98058,0,1,0,2,0,1,0,0,0,4,5,5,1,3,5,1,5,5,5,4,2,3,3,2,1,4,2,2,-0.505750943,-0.630306995,0.588185754,1,0,0,0,1,0,0,0,1,0,2,0,2,0,1,2,0,0,3,0,1,0,1,0,0,0,0,0,1,0,2,1,0,0,1,1,0,0,1,1,0,0,1,1,0,0,1,0,1,0,0,2
3928,49,2,0.012584587,0,98133,1,0,0,4,0,0,0,1,0,2,5,5,4,3,5,4,2,5,5,5,2,2,2,2,2,3,3,4,0.807366811,1.244772537,-0.424770931,0,1,0,0,2,0,0,1,0,0,2,0,4,0,1,2,0,0,3,1,0,0,0,0,0,-9,0,0,0,1,3,0,0,1,3,0,1,0,2,0,1,0,2,1,0,0,1,0,0,0,1,4
3935,49,2,0.025758167,0,98023,0,1,0,1,1,0,0,0,0,3,4,3,3,3,2,4,3,3,3,3,2,2,2,2,2,3,3,4,-0.779036513,-0.683371424,-1.523331794,0,0,0,0,1,0,0,1,0,0,2,0,4,0,0,0,0,0,3,0,0,0,1,1,0,-9,0,0,0,1,3,0,1,0,2,1,0,0,1,1,0,0,1,1,0,0,1,0,0,1,0,3
3938,49,2,0.043778786,0,98033,1,0,0,4,0,0,0,1,0,2,5,3,2,4,2,4,1,4,4,4,1,1,3,3,3,2,2,2,0.895217007,0.8959893,-0.257436039,1,0,1,0,3,1,1,1,0,0,2,0,4,0,1,2,0,1,2,0,0,0,0,1,0,-9,0,0,1,0,2,0,0,1,3,0,0,1,3,0,0,1,3,1,0,0,1,0,0,0,1,4
3943,49,2,0.302252209,0,98115,1,0,0,1,1,0,0,0,0,1,4,2,3,3,1,2,4,5,5,5,3,2,3,2,3,2,2,2,-0.436528078,0.210982637,0.702552149,1,0,0,0,1,0,0,0,0,0,2,0,5,0,1,2,0,1,2,0,0,0,0,0,0,0,0,0,0,1,3,0,0,1,3,0,1,0,2,0,0,1,3,1,0,0,1,0,0,0,1,4
3945,49,2,0.08067335,0,98004,0,1,0,2,0,1,0,0,0,2,5,2,3,4,3,4,4,4,4,3,2,2,2,2,2,3,3,3,-0.686855166,0.575631225,-0.618602247,1,1,0,0,2,1,1,0,0,1,2,0,3,0,1,2,1,0,1,0,0,0,1,0,0,-9,0,0,1,0,2,0,0,1,3,0,0,1,3,0,0,1,3,1,0,0,1,0,0,0,1,4
3957,49,2,0.067691873,0,98002,1,0,0,5,0,0,0,0,1,2,5,5,1,5,1,5,4,5,5,5,3,3,1,1,3,2,2,4,-0.193337833,0.485705836,0.269856706,1,0,0,0,1,0,0,1,0,0,2,0,4,1,0,1,0,0,3,1,0,0,0,0,0,0,0,0,0,1,3,0,0,1,3,0,1,0,2,0,1,0,2,0,1,0,2,0,0,0,1,4
3962,49,2,0.009731235,0,98372,0,1,0,2,0,1,0,0,0,3,2,5,4,4,3,3,1,5,5,5,1,1,1,1,1,1,1,1,-2.608474399,0.078857405,-1.76293847,1,1,0,0,2,1,1,1,0,0,1,1,1,0,1,2,0,0,3,1,0,0,0,1,0,-9,0,0,1,0,2,0,0,1,3,0,0,1,3,0,1,0,2,0,1,0,2,0,1,0,0,2
3964,49,4,0.014744298,0,98007,1,0,0,1,1,0,0,0,0,1,5,3,4,5,3,1,1,5,5,3,2,2,2,1,2,1,2,1,-0.153272951,-0.811199534,-0.274405946,1,0,0,1,4,0,0,1,0,0,2,0,4,1,0,1,0,1,2,0,1,0,0,0,1,-9,0,0,0,1,3,0,0,1,3,0,1,0,2,0,0,1,3,1,0,0,1,0,0,0,1,4
3965,49,1,0.026638348,0,98371,0,1,0,2,0,1,0,0,0,2,4,3,3,1,2,1,1,3,5,5,2,2,2,2,2,3,3,3,1.262752298,-0.789826276,1.032444476,1,0,0,0,1,1,1,1,0,0,2,0,4,0,1,2,0,0,3,0,0,0,0,1,0,-9,0,0,1,0,2,0,1,0,2,0,1,0,2,1,0,0,1,0,0,1,3,0,0,1,0,3
3971,33,2,0.04067631,0,98188,1,0,0,4,0,0,0,1,0,2,5,5,4,5,4,5,4,5,5,5,3,1,1,1,3,3,3,2,0.842135937,1.2055334,-1.281497624,0,1,0,0,2,0,1,1,0,0,2,0,4,0,0,3,0,0,3,1,0,0,0,0,0,-9,0,0,0,1,3,0,0,1,3,0,0,1,3,0,0,1,3,0,0,1,3,0,0,1,0,3
3979,49,2,0.122099236,0,98058,0,1,0,3,0,0,1,0,0,2,4,5,1,3,3,4,4,5,5,3,2,3,2,2,3,2,2,4,0.030525068,0.491011827,0.170823983,0,0,1,0,3,0,0,1,0,0,2,0,4,0,0,3,0,0,3,1,0,0,0,1,0,-9,0,0,1,0,2,1,0,0,1,1,0,0,1,1,0,0,1,1,0,0,1,0,1,0,0,2
3988,49,2,0.037025346,0,98188,1,0,0,2,0,1,0,0,0,1,2,2,4,4,1,1,1,4,1,1,2,2,2,2,2,4,2,2,-1.942313511,0.117705747,-0.463006922,0,0,0,1,4,0,0,1,0,0,2,0,4,1,0,1,1,0,1,0,0,0,0,0,0,0,0,0,0,1,3,0,0,1,3,0,0,1,3,0,0,1,3,0,0,1,3,0,0,1,0,3
3994,49,2,0.005260536,0,98444,0,1,0,5,0,0,0,0,1,1,5,5,1,5,3,3,3,5,5,5,3,1,1,2,1,1,2,2,0.588762599,0.980601221,0.854780685,1,0,0,1,4,1,1,1,0,0,2,0,4,1,0,1,0,0,3,0,0,0,0,1,0,0,0,0,0,1,3,0,1,0,2,0,0,1,3,0,1,0,2,0,1,0,2,0,0,0,1,4
3998,49,4,0.04687307,0,98335,0,1,0,1,1,0,0,0,0,1,1,0,5,5,2,4,1,5,5,5,2,2,2,2,3,3,3,3,1.423925945,0.456637876,0.21609946,1,0,0,1,4,0,0,1,0,0,1,1,1,0,1,2,1,0,1,0,0,0,0,0,0,1,1,1,0,0,1,1,0,0,1,0,1,0,2,1,0,0,1,1,0,0,1,1,0,0,0,1
4003,49,4,0.017551956,0,98340,0,1,0,1,1,0,0,0,0,1,4,2,3,3,1,1,1,1,4,3,2,2,2,2,2,4,2,3,1.267100677,-0.756919707,1.029396865,0,0,0,1,4,1,1,0,0,0,2,0,5,1,0,1,1,0,1,0,0,0,0,1,0,-9,0,1,0,0,1,1,0,0,1,1,0,0,1,1,0,0,1,0,1,0,2,1,0,0,0,1
4004,49,2,0.100837305,0,98053,0,1,0,2,0,1,0,0,0,3,3,3,3,5,4,4,5,4,5,3,2,1,2,2,3,3,3,1,1.434678714,-0.829068103,-0.540712885,1,0,0,0,1,0,0,1,0,0,2,0,4,0,1,2,0,1,2,0,0,0,1,0,0,-9,0,1,0,0,1,1,0,0,1,0,1,0,2,0,0,1,3,1,0,0,1,1,0,0,0,1
4005,49,2,0.118857309,0,98057,0,1,0,2,0,1,0,0,0,1,2,1,3,5,3,3,1,5,4,2,3,3,2,2,3,3,2,3,-1.59022402,0.05656805,0.236524272,0,1,0,0,2,1,1,0,0,1,2,0,3,0,0,3,0,0,3,1,0,0,0,1,0,-9,0,0,1,0,2,0,0,1,3,0,0,1,3,0,0,1,3,0,1,0,2,0,0,0,1,4
4007,49,2,0.012095462,0,98116,1,0,0,3,0,0,1,0,0,3,4,3,3,3,3,3,3,4,2,2,3,1,1,1,3,3,3,3,0.421322253,1.035563525,0.119980748,1,0,1,0,3,1,1,1,0,0,2,0,4,0,1,2,0,0,3,0,0,0,0,0,0,1,1,0,0,1,3,0,0,1,3,1,0,0,1,1,0,0,1,0,1,0,2,0,0,0,1,4
4008,49,4,0.514996917,0,98023,0,1,0,1,1,0,0,0,0,1,6,0,5,1,1,1,1,4,3,1,2,2,2,2,2,4,3,4,0.080704178,-1.156411887,1.243668405,0,0,1,0,3,0,0,1,0,0,2,0,4,1,0,1,0,1,2,0,0,0,0,0,0,-9,0,0,0,1,3,0,1,0,2,1,0,0,1,1,0,0,1,1,0,0,1,0,0,1,0,3
4010,49,2,0.066153567,0,98424,0,1,0,1,1,0,0,0,0,2,1,5,4,5,5,5,3,3,5,5,3,3,3,1,3,2,2,2,1.227875555,1.368412089,0.754426596,0,1,0,0,2,0,1,1,0,0,2,0,4,0,0,3,0,0,3,1,0,0,0,1,0,-9,0,1,0,0,1,0,0,1,3,0,0,1,3,0,0,1,3,1,0,0,1,0,1,0,0,2
4018,49,2,0.014319858,0,98118,0,1,0,4,0,0,0,1,0,2,4,5,3,4,5,4,5,4,5,4,1,3,2,2,2,3,2,1,-0.047889036,0.845527926,0.113342362,0,0,1,0,3,0,1,1,0,0,2,0,4,0,1,2,0,0,3,1,0,0,0,0,0,-9,0,0,0,1,3,0,1,0,2,1,0,0,1,1,0,0,1,0,0,1,3,0,0,0,1,4
4022,49,2,0.054260973,0,98294,0,1,0,3,0,0,1,0,0,2,5,4,2,5,4,3,1,5,5,5,3,1,2,2,3,3,2,2,-0.389523655,-0.293360827,0.247022797,1,0,1,0,3,0,0,1,0,0,2,0,4,0,0,3,0,0,3,1,0,0,0,1,0,-9,0,1,0,0,1,1,0,0,1,1,0,0,1,1,0,0,1,1,0,0,1,1,0,0,0,1
4028,2,2,6.507312472,0,99515,0,1,0,3,0,0,1,0,0,2,4,4,4,2,1,1,1,5,5,3,2,1,2,2,2,4,3,4,0.604257031,-2.139719507,-0.126934647,1,1,0,0,2,0,0,1,0,0,1,1,1,1,0,1,1,0,1,0,0,0,1,0,0,-9,0,0,1,0,2,0,0,1,3,0,0,1,3,0,1,0,2,1,0,0,1,0,0,1,0,3
4030,49,2,0.045626331,0,98375,0,1,0,1,1,0,0,0,0,1,1,2,4,4,2,1,2,2,4,3,2,2,2,2,2,3,3,4,-1.051920453,-1.506581776,-2.59446977,0,1,0,0,2,0,0,1,0,0,2,0,4,1,0,1,0,1,2,0,0,0,0,1,0,-9,0,0,1,0,2,0,1,0,2,1,0,0,1,1,0,0,1,1,0,0,1,0,1,0,0,2
4031,49,2,0.026250428,0,98059,0,1,0,5,0,0,0,0,1,4,1,4,1,5,4,4,5,5,5,5,1,1,3,1,3,2,2,2,0.91656497,1.448716292,0.255396764,1,1,0,0,2,0,1,1,0,0,2,0,4,0,0,3,0,0,3,1,0,0,1,1,0,1,1,0,1,0,2,0,1,0,2,1,0,0,1,0,0,1,3,1,0,0,1,0,0,1,0,3
4034,49,2,0.025376348,0,98032,1,0,0,3,0,0,1,0,0,3,5,4,2,4,4,3,2,4,4,5,3,2,2,3,3,4,2,3,0.289795144,1.023607543,-0.117617312,0,0,0,1,4,0,0,1,0,0,2,0,4,1,0,1,1,0,1,0,0,0,0,0,0,-9,0,0,0,1,3,0,0,1,3,0,0,1,3,0,1,0,2,0,1,0,2,0,0,0,1,4
4035,49,2,0.0259174,0,98374,0,1,0,1,1,0,0,0,0,1,5,4,2,5,1,2,1,4,5,4,2,1,1,1,2,3,2,3,1.068739255,0.501495688,0.222733956,1,0,1,0,3,0,0,1,0,0,2,0,4,0,1,2,0,1,2,0,0,0,0,1,0,-9,0,0,1,0,2,0,1,0,2,1,0,0,1,1,0,0,1,1,0,0,1,1,0,0,0,1
4052,49,2,0.051810373,0,98034,1,0,0,2,0,1,0,0,0,1,5,3,3,5,2,2,1,4,4,3,2,2,2,1,3,2,2,2,-0.726650175,0.502623937,0.58796975,0,1,0,0,2,1,1,0,1,0,2,0,2,0,0,3,0,0,3,1,0,0,0,1,0,0,0,0,0,1,3,0,0,1,3,0,1,0,2,0,1,0,2,1,0,0,1,0,0,1,0,3
4053,49,2,0.096066991,0,98108,1,0,0,4,0,0,0,1,0,2,4,5,1,4,5,4,5,4,5,4,2,2,2,2,2,3,4,3,0.675595899,1.429001024,0.491311963,0,1,0,0,2,1,1,1,0,0,2,0,4,0,0,3,0,0,3,1,0,0,0,1,0,-9,0,0,0,1,3,0,0,1,3,0,0,1,3,0,1,0,2,0,0,1,3,0,0,0,1,4
4056,49,4,0.054515879,0,98118,0,1,0,4,0,0,0,1,0,2,6,5,2,2,2,4,1,4,4,4,2,1,3,3,3,2,2,2,0.521720778,0.57793008,1.132495533,1,0,1,0,3,1,1,0,0,1,2,0,3,1,0,1,1,0,1,0,0,0,0,1,0,-9,0,0,0,1,3,0,1,0,2,1,0,0,1,1,0,0,1,0,0,1,3,0,0,0,1,4
4057,49,4,0.006912069,0,98372,0,1,0,2,0,1,0,0,0,1,5,3,4,5,3,4,2,4,5,4,2,2,2,2,2,3,2,2,1.048438165,-1.623643855,-0.408305025,1,0,1,0,3,0,0,1,0,0,2,0,4,1,0,1,0,0,3,1,1,0,0,1,0,0,0,0,1,0,2,0,0,1,3,0,0,1,3,0,1,0,2,0,1,0,2,0,1,0,0,2
4061,49,2,0.011636814,0,98208,0,1,0,2,0,1,0,0,0,2,5,3,3,5,3,2,2,5,5,3,2,1,2,2,3,4,2,2,0.285457781,0.019294123,-0.363109313,1,0,1,0,3,0,0,1,0,0,2,0,4,1,0,1,0,0,3,0,0,0,1,1,0,-9,0,0,1,0,2,0,0,1,3,0,0,1,3,0,1,0,2,1,0,0,1,0,0,1,0,3
4069,49,1,0.012478378,0,98030,1,0,0,2,0,1,0,0,0,2,4,3,4,4,2,1,4,4,3,3,3,2,2,2,3,4,2,4,-1.838744492,-0.465893576,0.329420449,1,1,0,0,2,1,1,1,0,0,2,0,4,1,0,1,1,0,1,0,0,0,0,1,1,-9,0,0,0,1,3,0,0,1,3,1,0,0,1,1,0,0,1,0,1,0,2,0,0,0,1,4
4071,49,4,0.037530664,0,98103,1,0,0,1,1,0,0,0,0,1,4,3,4,3,1,4,3,4,4,3,2,2,2,2,3,3,2,3,-0.822696633,0.581306275,0.100235295,0,0,0,1,4,0,1,1,0,0,2,0,4,0,1,2,0,1,2,0,0,0,0,1,0,-9,0,0,0,1,3,0,0,1,3,1,0,0,1,0,0,1,3,1,0,0,1,0,0,0,1,4
4072,49,4,0.015863829,0,98033,1,0,0,2,0,1,0,0,0,2,5,4,3,4,3,3,2,5,5,4,2,1,3,1,3,2,3,3,0.2461423,0.473224922,-0.646392913,1,0,1,0,3,0,0,1,0,0,2,0,4,0,1,2,0,1,2,0,1,0,0,1,0,-9,0,0,1,0,2,0,0,1,3,0,0,1,3,0,0,1,3,1,0,0,1,0,0,0,1,4
4075,49,3,0.423136338,0,98164,1,0,0,2,0,1,0,0,0,1,4,1,5,5,5,5,3,5,5,5,3,1,1,1,3,2,2,2,0.21427565,1.474636681,0.450103476,0,0,0,0,1,0,0,0,0,1,2,0,3,0,0,3,0,0,3,1,0,0,0,1,0,-9,0,0,0,0,0,0,0,0,0,0,0,0,0,0,0,0,0,0,0,0,0,0,0,0,0,0
4078,49,2,0.012479285,0,98087,1,0,0,1,1,0,0,0,0,2,3,2,1,1,2,1,1,3,5,3,2,2,2,2,2,1,3,3,-0.190456975,0.145383561,-0.414427378,1,0,0,1,4,0,0,1,0,0,2,0,4,0,1,2,0,0,3,1,0,0,1,0,0,-9,0,0,0,1,3,0,1,0,2,0,0,1,3,0,1,0,2,1,0,0,1,0,0,0,1,4
4081,49,2,0.009387564,0,98252,0,1,0,3,0,0,1,0,0,2,4,3,4,3,3,4,4,4,2,2,2,2,2,2,3,2,2,3,-0.048384244,-0.666416193,-0.429510584,0,0,1,0,3,0,0,1,0,0,2,0,4,1,0,1,0,0,3,0,0,1,1,0,0,-9,0,1,0,0,1,1,0,0,1,1,0,0,1,0,0,1,3,1,0,0,1,0,1,0,0,2
4088,49,2,0.018898716,0,98010,0,1,0,3,0,0,1,0,0,2,5,4,2,2,1,4,3,5,4,4,2,2,2,2,2,2,3,4,-1.212923166,0.769746319,1.772194438,1,0,1,0,3,0,0,1,0,0,2,0,4,1,0,1,1,0,1,0,0,0,1,0,0,-9,0,1,0,0,1,1,0,0,1,1,0,0,1,1,0,0,1,1,0,0,1,1,0,0,0,1
4095,49,2,0.025719816,0,98373,0,1,0,1,1,0,0,0,0,3,4,2,2,5,2,3,2,4,4,3,2,2,2,2,2,3,2,3,-0.252089387,-0.213926441,0.074562387,0,0,0,1,4,0,0,1,0,0,2,0,4,1,0,1,0,1,2,0,0,0,1,1,0,-9,0,0,1,0,2,0,1,0,2,0,1,0,2,0,0,1,3,1,0,0,1,0,0,1,0,3
4103,49,2,0.114503176,0,98118,0,1,0,3,0,0,1,0,0,3,3,3,2,5,5,5,3,5,5,5,1,1,1,2,2,3,3,3,0.156252178,0.84013601,-0.177070063,0,0,0,0,1,0,0,0,0,1,2,0,3,1,0,1,0,0,3,1,0,0,0,0,0,-9,0,0,0,1,3,0,1,0,2,1,0,0,1,1,0,0,1,0,0,1,3,0,0,0,1,4
4105,49,4,0.210496197,0,98258,0,1,0,2,0,1,0,0,0,2,5,3,2,4,2,2,2,3,2,4,2,1,1,1,3,3,2,2,-0.394714236,0.906203823,1.137320867,0,0,0,1,4,0,1,1,0,0,2,0,4,0,0,3,0,1,2,0,0,0,0,1,0,-9,0,0,1,0,2,1,0,0,1,1,0,0,1,1,0,0,1,0,1,0,2,0,1,0,0,2
4112,45,2,2.843166582,1,75201,1,0,0,4,0,0,0,1,0,2,4,4,5,5,4,3,4,4,5,5,2,3,2,3,2,2,3,2,0.687846021,1.066722671,0.956588278,0,1,0,0,2,0,1,1,0,0,2,0,4,0,0,3,0,0,3,1,0,0,0,0,0,-9,0,0,0,1,3,0,0,1,3,0,0,1,3,0,1,0,2,0,0,1,3,0,0,0,1,4
4114,49,4,0.042740328,0,98387,0,1,0,2,0,1,0,0,0,2,4,3,3,3,2,4,3,4,4,1,2,3,1,2,3,2,2,4,-0.763521435,-0.366762767,-0.907193798,1,1,0,0,2,0,0,1,1,1,2,0,2,0,1,2,0,1,2,0,0,0,0,1,0,-9,0,0,1,0,2,1,0,0,1,1,0,0,1,1,0,0,1,1,0,0,1,0,1,0,0,2
4115,49,4,0.054193777,0,98499,0,1,0,4,0,0,0,1,0,2,5,5,1,4,4,5,3,5,5,5,2,2,2,2,3,4,2,2,-0.072834316,-0.076155891,-1.128069626,1,0,1,0,3,0,0,1,0,0,1,1,1,1,0,1,1,0,1,0,0,0,0,0,1,-9,0,0,1,0,2,0,0,1,3,0,0,1,3,0,0,1,3,0,1,0,2,0,0,0,1,4
4117,33,2,0.036267672,0,98122,1,0,0,4,0,0,0,1,0,2,4,4,5,3,3,4,2,4,5,3,2,3,2,3,2,3,4,1,0.550965267,0.53761975,0.348728482,0,1,0,0,2,0,1,1,0,0,2,0,4,0,0,3,0,0,3,1,1,0,0,0,0,-9,0,0,0,1,3,0,0,1,3,1,0,0,1,0,0,1,3,0,0,1,3,0,0,0,1,4
4122,49,4,0.03521554,0,98311,0,1,0,3,0,0,1,0,0,2,4,3,1,5,4,4,3,5,5,5,2,2,2,2,2,2,2,2,0.718771779,0.0787825,-0.476542905,0,0,0,1,4,0,0,0,1,0,2,0,2,0,1,2,0,1,2,0,0,0,0,1,0,-9,0,0,1,0,2,1,0,0,1,1,0,0,1,1,0,0,1,1,0,0,1,0,1,0,0,2
4124,49,4,0.018500261,0,98037,1,0,0,3,0,0,1,0,0,1,1,0,5,5,3,1,1,5,4,3,2,2,2,1,3,3,2,3,0.14678732,0.32387653,-0.79415034,1,0,0,1,4,0,0,1,0,0,2,0,4,0,1,2,0,0,3,0,0,0,0,1,0,-9,0,0,0,1,3,0,1,0,2,0,1,0,2,0,1,0,2,1,0,0,1,0,0,1,0,3
4127,49,4,0.011689065,0,98198,1,0,0,2,0,1,0,0,0,3,4,4,2,5,3,3,3,5,5,3,2,1,1,1,2,4,2,3,-0.779388606,0.083187588,-0.415008843,1,0,1,0,3,0,0,1,0,0,2,0,4,0,1,2,0,0,3,1,0,0,0,1,0,0,0,0,0,1,3,0,1,0,2,0,1,0,2,0,1,0,2,0,1,0,2,0,0,1,0,3
4130,49,1,0.082859178,0,98270,0,1,0,2,0,1,0,0,0,2,3,3,2,3,2,2,3,4,4,3,2,2,1,1,2,1,3,3,-0.829275675,-0.553356123,0.55960825,1,0,1,0,3,0,0,0,0,0,2,0,5,0,0,3,0,1,2,0,0,0,0,1,0,-9,0,0,1,0,2,0,1,0,2,1,0,0,1,1,0,0,1,1,0,0,1,0,0,1,0,3
4134,49,2,0.053524276,0,98188,1,0,0,2,0,1,0,0,0,2,2,2,3,5,2,3,3,5,5,5,3,2,2,3,3,2,2,3,1.206106812,1.206267141,-0.826876903,0,1,0,0,2,0,1,1,0,0,2,0,4,0,0,3,0,0,3,1,0,0,0,0,0,-9,0,0,0,1,3,0,0,1,3,0,0,1,3,0,0,1,3,0,0,1,3,0,0,1,0,3
4143,49,4,0.005458916,0,98014,0,1,0,4,0,0,0,1,0,4,5,5,3,5,4,4,3,5,5,5,2,1,2,1,3,2,2,2,0.913744683,-0.316516415,0.696140856,1,0,1,0,3,0,0,1,0,0,2,0,4,1,0,1,0,0,3,0,1,0,0,1,0,-9,0,1,0,0,1,1,0,0,1,1,0,0,1,1,0,0,1,1,0,0,1,1,0,0,0,1
4144,49,4,0.064031647,0,98117,1,0,0,2,0,1,0,0,0,1,5,3,3,5,2,2,1,3,5,5,2,1,3,2,2,3,2,2,0.482015236,0.090553555,0.411325979,0,0,0,1,4,1,1,1,0,0,2,0,4,0,0,3,0,1,2,0,0,0,0,1,0,1,1,0,0,1,3,0,1,0,2,1,0,0,1,0,1,0,2,1,0,0,1,0,0,0,1,4
4145,49,4,0.016522322,0,98203,0,1,0,1,1,0,0,0,0,2,4,3,5,4,3,3,1,4,5,5,2,2,2,2,2,3,3,2,0.690221259,-0.622300934,-0.141706866,1,0,0,1,4,0,0,1,0,0,2,0,4,1,0,1,1,0,1,0,0,0,0,0,1,-9,0,0,1,0,2,0,1,0,2,0,0,1,3,0,1,0,2,0,1,0,2,0,0,0,1,4
4147,49,2,0.310211003,0,98444,0,1,0,1,1,0,0,0,0,1,2,3,2,5,4,4,3,5,5,4,2,2,2,2,2,4,2,3,-0.14120866,0.232968474,1.439042153,0,1,0,0,2,0,0,1,0,0,2,0,4,0,0,3,0,1,2,0,0,0,1,1,0,-9,0,0,0,1,3,0,1,0,2,0,0,1,3,0,1,0,2,0,1,0,2,0,0,0,1,4
4148,49,2,0.058829993,0,98499,0,1,0,1,1,0,0,0,0,2,5,3,2,4,4,4,2,4,4,3,1,3,1,1,3,2,2,3,-1.298932383,-0.781456198,0.397143006,1,0,0,0,1,0,0,1,0,0,2,0,4,1,0,1,0,1,2,0,0,0,1,0,0,0,0,0,1,0,2,0,0,1,3,0,0,1,3,0,0,1,3,0,1,0,2,0,0,0,1,4
4150,49,4,0.047740921,0,98125,1,0,0,2,0,1,0,0,0,1,5,1,4,3,3,3,2,2,4,3,2,2,1,2,2,3,2,4,0.080695853,-0.354329156,-0.828576266,1,1,0,0,2,0,0,1,0,0,1,1,1,0,1,2,0,0,3,1,1,0,0,0,0,1,1,0,0,1,3,0,0,1,3,0,1,0,2,0,0,1,3,1,0,0,1,0,0,0,1,4
4152,49,1,0.023224921,0,98122,1,0,0,3,0,0,1,0,0,1,5,5,1,3,5,3,4,5,5,5,3,2,2,1,3,2,2,2,0.171628844,-1.482170462,0.626996996,1,1,0,0,2,1,1,1,0,0,2,0,4,0,1,2,1,0,1,0,1,0,0,0,0,-9,0,0,0,1,3,0,0,1,3,1,0,0,1,0,0,1,3,0,0,1,3,0,0,0,1,4
4156,49,4,0.008578876,0,98003,1,0,0,3,0,0,1,0,0,3,4,4,3,3,3,4,1,3,5,4,2,2,2,2,2,3,2,3,0.137594822,-0.811454039,-1.107089012,1,0,1,0,3,0,0,1,0,0,2,0,4,0,1,2,0,0,3,0,0,0,0,0,0,-9,0,0,0,1,3,0,0,1,3,0,0,1,3,0,1,0,2,1,0,0,1,0,0,0,1,4
4160,49,2,0.076610696,0,98031,0,1,0,4,0,0,0,1,0,1,6,2,3,4,2,4,3,5,5,3,2,2,2,2,1,3,1,1,0.200354714,0.588256505,0.226121787,1,1,0,0,2,0,0,0,1,0,2,0,2,0,1,2,1,0,1,0,0,0,0,1,0,0,0,0,0,1,3,1,0,0,1,1,0,0,1,1,0,0,1,1,0,0,1,0,0,1,0,3
4163,49,2,0.080166695,0,98126,0,1,0,1,1,0,0,0,0,2,1,4,2,4,3,2,3,4,4,2,3,2,3,2,3,3,2,4,-1.678825999,0.151008501,0.276182991,1,1,0,0,2,1,1,0,1,0,1,1,1,0,1,2,0,1,2,0,0,0,1,0,0,-9,0,0,0,1,3,0,1,0,2,0,1,0,2,1,0,0,1,0,1,0,2,0,0,0,1,4
4168,49,4,0.015086288,0,98110,0,1,0,1,1,0,0,0,0,1,5,2,5,5,1,1,1,1,1,1,2,2,2,2,2,4,4,4,-1.62807844,-0.080735459,0.231080471,0,0,0,1,4,1,1,1,0,0,2,0,4,1,0,1,1,0,1,0,0,0,0,1,1,-9,0,1,0,0,1,1,0,0,1,1,0,0,1,0,0,1,3,1,0,0,1,0,1,0,0,2
4169,49,3,0.017976637,0,98338,0,1,0,3,0,0,1,0,0,1,5,3,3,2,3,4,4,4,4,4,2,2,2,2,2,3,2,4,-1.924488376,-0.494999757,0.563358141,1,0,1,0,3,0,0,1,0,0,2,0,4,0,1,2,0,1,2,0,0,0,0,1,0,1,1,1,0,0,1,1,0,0,1,1,0,0,1,1,0,0,1,1,0,0,1,1,0,0,0,1
4174,49,2,0.155834223,0,98115,1,0,0,1,1,0,0,0,0,1,2,1,4,4,1,1,1,4,5,3,2,1,3,3,3,4,2,2,0.502603501,0.919909794,-0.111603369,0,0,0,1,4,0,1,1,0,0,2,0,4,0,0,3,0,1,2,0,0,0,0,1,0,-9,0,0,0,1,3,0,0,1,3,0,1,0,2,0,0,1,3,1,0,0,1,0,0,0,1,4
4176,49,2,0.003637365,0,98391,0,1,0,4,0,0,0,1,0,2,4,4,4,3,4,4,3,4,4,4,3,3,2,2,2,2,3,3,-0.398772858,0.495627519,-0.044899893,0,0,1,0,3,0,1,1,0,0,2,0,4,1,0,1,0,0,3,1,0,1,0,0,0,-9,0,1,0,0,1,1,0,0,1,1,0,0,1,1,0,0,1,1,0,0,1,1,0,0,0,1
4181,49,2,0.178538319,0,98580,0,1,0,1,1,0,0,0,0,1,4,2,5,4,1,1,1,4,4,4,2,3,2,2,3,3,2,4,0.563274703,-1.031709481,0.119861122,1,1,0,0,2,0,0,1,0,0,2,0,4,0,0,3,0,1,2,0,0,0,1,1,0,-9,0,1,0,0,1,1,0,0,1,1,0,0,1,1,0,0,1,0,1,0,2,1,0,0,0,1
4192,49,2,0.616886919,0,98466,0,1,0,3,0,0,1,0,0,2,5,5,4,4,2,4,4,5,5,5,2,2,2,2,2,2,2,2,0.19530811,-0.489577936,0.921240133,1,0,1,0,3,0,0,1,0,0,2,0,4,0,0,3,1,0,1,0,0,0,0,1,0,-9,0,0,1,0,2,0,1,0,2,1,0,0,1,1,0,0,1,1,0,0,1,0,0,0,1,4
4196,49,1,0.088008518,0,98122,1,0,0,4,0,0,0,1,0,2,4,4,4,4,5,3,4,3,4,3,2,3,2,2,3,2,3,2,0.679497199,0.408795454,-0.03324115,1,1,0,0,2,0,1,1,0,0,2,0,4,0,0,3,0,1,2,1,1,0,0,1,0,1,1,0,0,1,3,0,0,1,3,1,0,0,1,0,0,1,3,0,0,1,3,0,0,0,1,4
4198,49,4,0.011488483,0,98012,0,1,0,4,0,0,0,1,0,3,4,5,1,5,3,4,1,4,4,4,2,3,1,1,3,3,2,1,-0.34246095,0.023826265,0.038349935,1,0,0,1,4,0,0,1,0,0,2,0,4,1,0,1,0,1,2,0,1,0,0,1,0,-9,0,0,1,0,2,0,1,0,2,1,0,0,1,1,0,0,1,1,0,0,1,0,0,1,0,3
4210,49,4,0.015088901,0,98056,0,1,0,3,0,0,1,0,0,3,5,4,2,3,4,3,3,4,5,5,2,1,2,2,2,4,3,3,-1.198027356,-0.072541821,0.307012348,1,0,1,0,3,0,1,1,0,0,2,0,4,0,1,2,0,1,2,0,0,0,0,1,0,1,1,0,0,1,3,0,1,0,2,1,0,0,1,0,1,0,2,1,0,0,1,0,0,0,1,4
4213,49,3,0.092866207,0,98008,1,0,0,3,0,0,1,0,0,2,5,3,3,5,3,3,2,4,4,3,2,1,2,3,3,1,2,3,-0.51472739,0.493506198,-0.937154519,1,0,0,1,4,1,1,1,0,0,2,0,4,0,0,3,0,1,2,0,0,0,0,1,0,-9,0,0,0,1,3,0,0,1,3,0,1,0,2,1,0,0,1,1,0,0,1,0,0,0,1,4
4219,49,1,0.029159898,0,98125,1,0,0,1,1,0,0,0,0,1,2,0,4,4,3,5,5,5,5,5,2,3,2,3,2,2,2,2,0.317117637,0.619703539,-0.231373003,0,0,0,0,1,0,0,0,0,0,1,1,1,1,0,1,0,0,3,1,0,0,0,0,0,-9,0,0,0,1,3,0,0,1,3,0,1,0,2,0,0,1,3,1,0,0,1,0,0,0,1,4
4220,49,4,0.059831988,0,98444,0,1,0,1,1,0,0,0,0,1,5,4,4,4,2,2,1,4,5,3,2,2,2,2,2,1,1,4,-0.157449452,-1.606590713,-0.198562392,0,0,0,1,4,0,0,1,0,0,2,0,4,1,0,1,1,0,1,0,0,0,0,0,0,-9,0,0,0,1,3,0,1,0,2,0,0,1,3,0,1,0,2,0,1,0,2,0,0,0,1,4
4223,49,2,0.018976628,0,98070,0,1,0,2,0,1,0,0,0,3,2,4,4,4,4,4,4,4,4,4,3,1,1,1,3,2,2,2,0.138054157,0.844769949,0.088794737,1,1,0,0,2,0,1,1,0,0,2,0,4,0,0,3,0,0,3,1,0,0,1,1,0,-9,0,1,0,0,1,1,0,0,1,1,0,0,1,0,1,0,2,0,1,0,2,1,0,0,0,1
4230,49,2,0.016999786,0,98370,0,1,0,1,1,0,0,0,0,2,4,2,5,4,1,1,1,3,5,4,2,1,3,2,2,3,3,2,-0.800015077,1.130914368,0.384392188,0,0,1,0,3,1,1,1,0,0,2,0,4,1,0,1,1,0,1,0,0,0,0,1,0,0,0,1,0,0,1,1,0,0,1,1,0,0,1,0,1,0,2,0,1,0,2,0,1,0,0,2
4246,49,2,0.110321789,0,98058,0,1,0,1,1,0,0,0,0,2,3,4,5,5,3,3,3,4,5,3,2,1,2,2,2,3,3,4,-2.10015103,-0.860381038,-1.932001851,1,0,0,0,1,1,1,0,0,1,2,0,3,0,0,0,0,0,3,0,0,0,0,1,0,-9,0,0,1,0,2,1,0,0,1,1,0,0,1,1,0,0,1,1,0,0,1,0,1,0,0,2
4247,49,2,0.066670012,0,98422,0,1,0,1,1,0,0,0,0,1,5,3,3,4,3,3,3,4,4,3,2,1,1,2,2,3,2,3,-1.337241533,0.049551012,-0.535817559,0,1,0,0,2,1,1,1,0,0,1,1,1,0,1,2,0,0,3,1,0,0,0,1,0,0,0,0,1,0,2,1,0,0,1,1,0,0,1,1,0,0,1,0,1,0,2,0,1,0,0,2
4255,49,2,0.020751407,0,98108,1,0,0,5,0,0,0,0,1,1,5,5,4,5,4,5,5,4,5,4,3,1,3,1,3,2,1,2,0.292943126,1.428660541,0.423075739,0,0,1,0,3,0,1,1,0,0,2,0,4,0,0,3,0,0,3,1,1,0,0,0,0,-9,0,0,0,1,3,0,0,1,3,0,0,1,3,0,1,0,2,0,0,1,3,0,0,0,1,4
4259,49,2,0.056378016,0,98101,1,0,0,3,0,0,1,0,0,3,5,5,1,4,3,4,2,4,4,4,2,1,3,2,3,2,2,3,-0.475681856,-0.432864823,-1.81734559,1,1,0,0,2,1,1,0,0,1,2,0,3,1,0,1,1,0,1,0,0,0,1,0,0,-9,0,0,0,1,3,0,0,1,3,0,0,1,3,0,0,1,3,0,0,1,3,0,0,0,1,4
4269,39,2,4.448617718,0,19462,0,1,0,4,0,0,0,1,0,2,5,4,4,4,5,3,3,4,5,4,2,1,3,1,2,1,3,2,0.583928307,1.075509417,0.28572261,0,1,0,0,2,0,1,1,0,0,2,0,4,0,0,3,0,0,3,1,0,0,1,0,0,-9,0,0,1,0,2,0,0,1,3,0,0,1,3,0,0,1,3,1,0,0,1,0,0,1,0,3
4270,49,4,0.040492058,0,98108,1,0,0,3,0,0,1,0,0,1,5,4,5,4,5,4,5,4,5,5,1,3,2,1,1,2,2,2,0.472783185,1.616414422,0.685579957,0,1,0,0,2,0,1,1,0,0,2,0,4,0,0,3,0,0,3,1,0,0,0,1,0,1,1,0,0,1,3,0,0,1,3,0,0,1,3,0,1,0,2,0,0,1,3,0,0,0,1,4
4272,49,1,0.094931248,0,98108,1,0,0,3,0,0,1,0,0,2,5,4,4,5,4,5,5,5,4,4,2,3,3,3,1,1,2,2,0.623380683,1.358373619,0.692449085,0,0,0,0,1,1,1,1,0,0,2,0,4,0,0,3,0,0,3,1,0,0,0,0,0,-9,0,0,0,1,3,0,0,1,3,0,0,1,3,0,1,0,2,0,0,1,3,0,0,0,1,4
4274,33,2,0.076577494,0,98104,1,0,0,5,0,0,0,0,1,3,5,5,1,2,3,4,5,3,3,4,1,1,3,2,2,2,2,1,-0.046459424,0.894643999,-1.7203411,0,0,0,0,1,0,0,0,0,0,2,0,5,0,0,3,0,0,3,1,0,0,1,1,0,-9,0,0,0,1,3,0,0,1,3,0,0,1,3,0,0,1,3,0,0,1,3,0,0,0,1,4
4275,49,2,0.739626394,0,98002,1,0,0,3,0,0,1,0,0,2,1,5,1,1,3,3,5,5,5,5,1,1,1,1,1,1,1,1,-0.05438846,0.775791288,1.185564839,0,0,0,0,1,0,0,1,1,0,2,0,2,1,0,1,0,0,3,1,0,0,1,0,0,-9,0,0,0,1,3,0,0,1,3,0,1,0,2,0,1,0,2,0,1,0,2,0,0,0,1,4
4281,49,2,0.021257454,0,98122,1,0,0,3,0,0,1,0,0,3,4,2,3,4,4,3,4,3,3,3,2,2,2,2,3,2,2,3,-0.820185973,1.169987105,-0.717840576,0,1,0,0,2,0,1,1,0,0,2,0,4,0,1,2,0,0,3,1,0,0,0,0,0,-9,0,0,0,1,3,0,0,1,3,1,0,0,1,0,0,1,3,0,0,1,3,0,0,0,1,4
4282,49,2,0.042382605,0,98122,1,0,0,4,0,0,0,1,0,1,4,4,5,3,5,4,3,5,5,3,2,2,3,3,2,3,2,2,-0.103937772,0.341559711,0.033377491,1,1,0,0,2,0,1,1,0,0,2,0,4,0,0,3,0,0,3,1,0,0,0,1,0,1,1,0,0,1,3,0,0,1,3,1,0,0,1,0,0,1,3,0,0,1,3,0,0,0,1,4
4297,49,2,0.013125036,0,98052,0,1,0,1,1,0,0,0,0,2,4,4,2,3,4,3,4,5,5,5,2,2,2,2,3,4,2,2,0.782930413,0.358174335,0.432167774,1,1,0,0,2,1,1,1,0,0,2,0,4,0,0,0,0,0,3,0,0,0,0,1,0,0,0,0,1,0,2,0,0,1,3,0,1,0,2,1,0,0,1,1,0,0,1,0,0,1,0,3
4300,49,2,0.025647794,0,98126,0,1,0,1,1,0,0,0,0,1,4,1,4,2,2,2,1,5,5,4,2,2,2,2,2,3,3,3,0.64606783,0.879487443,0.249422392,0,1,0,0,2,0,1,1,0,0,2,0,4,0,0,3,0,0,3,1,0,0,1,1,0,1,1,0,0,1,3,0,1,0,2,0,1,0,2,1,0,0,1,0,1,0,2,0,0,0,1,4
4303,49,2,0.104053435,0,98406,1,0,0,3,0,0,1,0,0,1,1,4,3,4,5,3,3,4,4,2,2,2,1,3,3,3,2,2,-0.291941708,-0.255643774,-0.721878808,1,0,0,0,1,0,0,1,0,0,2,0,4,1,0,1,1,0,1,0,0,0,1,0,1,-9,0,0,0,1,3,0,0,1,3,0,1,0,2,0,0,1,3,1,0,0,1,0,0,0,1,4
4308,49,2,0.092258283,0,98117,1,0,0,3,0,0,1,0,0,3,4,3,4,4,2,3,4,5,4,4,3,2,2,3,2,2,3,1,-0.059861101,-0.499837415,-0.750559723,0,1,0,0,2,0,0,1,0,0,2,0,4,0,1,2,1,0,1,0,0,0,0,0,0,0,0,0,0,1,3,0,1,0,2,1,0,0,1,0,1,0,2,1,0,0,1,0,0,0,1,4
4348,25,2,0.918594638,0,38952,0,0,1,2,0,1,0,0,0,2,5,4,4,4,4,4,4,4,4,4,2,2,2,2,2,3,3,3,0.252240188,0.784950953,0.256362534,0,1,0,0,2,0,0,0,1,0,2,0,2,1,0,1,0,1,2,0,0,0,0,1,0,-9,0,1,0,0,1,1,0,0,1,1,0,0,1,1,0,0,1,1,0,0,1,1,0,0,0,1
4387,33,2,1.760694145,0,10011,1,0,0,5,0,0,0,0,1,1,5,5,5,4,5,4,5,5,5,4,1,3,2,3,1,2,3,2,0.784176853,1.302891213,0.596934152,0,0,0,0,1,1,1,1,0,0,2,0,4,0,0,3,0,0,3,0,0,0,0,1,0,1,1,0,0,1,3,0,0,1,3,0,0,1,3,0,0,1,3,0,0,1,3,0,0,1,0,3
4406,33,2,1.375051002,0,10704,1,0,0,4,0,0,0,1,0,2,5,4,5,4,3,5,4,4,5,4,3,3,3,3,3,2,2,2,0.520358096,1.345132476,-0.091096295,1,1,0,0,2,0,0,1,0,0,1,1,1,0,1,2,0,0,3,1,0,0,0,1,0,-9,0,0,0,1,3,0,0,1,3,0,0,1,3,1,0,0,1,0,0,1,3,0,0,0,1,4
4414,49,2,0.074304644,0,98105,1,0,0,4,0,0,0,1,0,1,5,4,5,5,5,4,5,5,5,4,2,3,1,3,3,2,3,2,0.721543258,1.111819146,1.324144575,0,1,0,0,2,1,1,1,0,0,1,1,1,0,0,3,0,0,3,1,1,0,0,1,0,-9,0,0,0,1,3,0,0,1,3,0,0,1,3,0,0,1,3,1,0,0,1,0,0,0,1,4
4428,45,4,1.794324984,0,79706,0,0,1,1,1,0,0,0,0,1,4,0,5,1,1,1,1,1,3,3,2,2,2,2,2,4,4,4,-0.537145653,-0.336688383,0.54734114,1,0,1,0,3,0,0,1,0,0,2,0,4,0,1,2,0,1,2,0,0,0,0,0,0,-9,0,1,0,0,1,1,0,0,1,0,1,0,2,0,1,0,2,1,0,0,1,0,1,0,0,2
4435,49,2,0.074304644,0,98102,1,0,0,3,0,0,1,0,0,2,4,4,4,4,4,4,4,4,4,4,3,2,2,2,2,3,3,3,0.067731785,0.818495615,0.088087581,0,1,0,0,2,0,1,1,0,0,1,1,1,0,0,3,0,0,3,1,0,0,0,1,0,1,1,0,0,1,3,0,0,1,3,0,0,1,3,0,0,1,3,0,0,1,3,0,0,0,1,4
4445,10,2,1.123258814,0,33897,0,0,1,2,0,1,0,0,0,3,3,4,3,4,3,4,3,3,4,3,2,2,2,2,2,3,3,3,-1.355109138,0.32854436,-0.40681865,0,0,0,0,1,0,0,1,0,0,2,0,4,1,0,1,1,0,1,0,0,0,0,1,0,1,1,1,0,0,1,1,0,0,1,1,0,0,1,0,1,0,2,1,0,0,1,1,0,0,0,1
4455,14,4,2.670669188,0,60942,0,1,0,5,0,0,0,0,1,3,3,4,3,3,4,4,5,3,3,4,1,2,3,3,2,4,4,2,0.522678447,0.519546519,0.153317133,1,1,0,0,2,0,0,1,1,1,1,1,1,1,0,1,1,0,1,0,0,0,0,0,1,-9,0,1,0,0,1,1,0,0,1,1,0,0,1,0,0,1,3,1,0,0,1,1,0,0,0,1
4465,39,4,0.170898402,0,19401,1,0,0,2,0,1,0,0,0,2,4,2,3,2,3,3,3,3,3,3,2,2,2,2,2,3,3,3,-0.188981311,0.178544303,-0.893129451,1,1,0,0,2,1,1,1,0,0,2,0,4,1,0,1,0,0,3,1,0,0,0,0,0,1,1,0,0,1,3,0,0,1,3,1,0,0,1,0,0,1,3,0,0,1,3,0,0,0,1,4
4481,49,2,0.068176227,0,98199,1,0,0,3,0,0,1,0,0,2,5,3,2,4,3,4,4,4,5,5,2,2,2,2,2,2,2,2,-0.740391902,0.010959778,0.498912342,1,1,0,0,2,1,1,1,0,0,2,0,4,0,0,3,0,1,2,0,0,0,0,0,0,-9,0,0,0,1,3,0,0,1,3,1,0,0,1,0,1,0,2,1,0,0,1,0,0,0,1,4
4482,49,2,0.01718321,0,98002,1,0,0,3,0,0,1,0,0,2,1,0,5,1,1,1,1,1,1,1,2,2,2,2,2,4,3,4,1.405216644,-1.970272083,0.403439663,0,1,0,0,2,0,0,1,0,0,2,0,4,0,1,2,0,1,2,0,0,0,1,1,0,-9,0,0,0,1,3,0,0,1,3,0,1,0,2,0,1,0,2,0,1,0,2,0,0,0,1,4
4514,31,2,6.846041528,0,7050,1,0,0,2,0,1,0,0,0,1,3,4,3,4,2,1,4,4,5,4,1,3,1,1,1,1,1,2,0.523348538,0.862315833,0.848177389,1,1,0,0,2,0,1,0,1,0,1,1,1,0,0,3,0,0,3,1,0,0,0,1,0,1,1,0,0,1,3,0,0,1,3,0,1,0,2,1,0,0,1,0,0,1,3,0,0,0,1,4
4524,31,2,0.559992397,0,7850,0,1,0,3,0,0,1,0,0,3,4,3,3,4,3,4,5,5,3,4,2,3,2,2,3,2,2,2,0.627295038,0.875265992,0.225124803,0,1,0,0,2,0,0,1,0,0,2,0,4,1,0,1,0,1,2,0,0,0,1,0,0,-9,0,0,1,0,2,1,0,0,1,0,1,0,2,0,1,0,2,0,0,1,3,1,0,0,0,1
4526,10,3,0.554950456,1,33025,1,0,0,1,1,0,0,0,0,2,4,3,4,3,2,3,2,3,4,3,2,3,2,3,2,3,3,3,-0.882344855,0.752669739,-0.200249194,1,0,0,0,1,0,0,0,1,0,1,1,1,0,1,2,0,0,3,0,0,0,0,0,0,1,1,0,0,1,3,0,0,1,3,0,0,1,3,0,1,0,2,1,0,0,1,0,0,1,0,3
4537,49,2,0.056524603,0,98144,1,0,0,4,0,0,0,1,0,2,5,2,1,5,2,3,1,4,5,5,2,1,1,1,3,2,2,2,0.291162108,0.767678868,0.679365614,1,1,0,0,2,0,1,1,0,0,2,0,4,0,0,3,0,0,3,1,0,0,0,1,0,-9,0,0,0,1,3,0,0,1,3,0,0,1,3,0,0,1,3,0,0,1,3,0,0,0,1,4
4540,49,2,0.024577194,0,98012,0,1,0,3,0,0,1,0,0,3,4,3,2,5,4,1,1,5,5,5,2,2,2,2,3,4,3,2,-1.133768945,0.104161923,-0.649270455,1,0,1,0,3,1,1,0,0,1,2,0,3,0,1,2,0,0,3,1,1,0,0,0,0,-9,0,0,1,0,2,0,1,0,2,1,0,0,1,1,0,0,1,1,0,0,1,0,0,1,0,3
4545,45,2,0.283504761,1,75227,0,1,0,3,0,0,1,0,0,2,4,3,3,3,3,2,3,2,3,3,2,2,2,2,2,3,3,3,-0.732937396,1.300193831,0.354332272,1,1,0,0,2,0,0,0,0,0,1,1,1,1,0,1,0,0,3,1,0,0,0,1,0,-9,0,0,0,1,3,0,1,0,2,0,1,0,2,1,0,0,1,0,1,0,2,0,0,1,0,3
4547,49,2,0.074513603,0,98164,1,0,0,2,0,1,0,0,0,2,3,2,4,2,5,3,4,5,3,4,1,2,3,2,1,2,3,3,-0.297616228,1.169123502,-0.511045417,1,1,0,0,2,0,0,1,0,0,1,1,1,0,1,2,0,0,3,1,0,0,0,0,0,-9,0,0,0,0,0,0,0,0,0,0,0,0,0,0,0,0,0,0,0,0,0,0,0,0,0,0
4554,37,4,1.730771026,0,73160,0,1,0,3,0,0,1,0,0,1,5,2,5,1,1,4,1,5,5,1,2,2,2,2,2,3,3,4,1.085324516,0.908097147,0.937440823,0,1,0,0,2,0,0,1,0,0,2,0,4,0,1,2,0,0,3,0,0,0,0,1,0,1,1,0,1,0,2,0,1,0,2,0,0,1,3,0,1,0,2,1,0,0,1,0,1,0,0,2
4556,45,2,0.317519096,1,75701,0,1,0,3,0,0,1,0,0,3,4,3,4,4,4,4,4,4,4,4,2,2,2,2,2,3,3,3,-0.849085224,0.243209007,-1.040977825,1,0,0,0,1,0,0,0,1,0,2,0,2,1,0,1,0,0,3,1,0,0,0,0,0,-9,0,0,1,0,2,0,0,1,3,1,0,0,1,0,0,1,3,1,0,0,1,0,1,0,0,2
4561,49,4,0.021224768,0,98001,0,1,0,2,0,1,0,0,0,1,5,5,2,2,2,2,1,2,4,3,2,2,3,2,3,4,2,4,-1.741422257,-0.043280537,0.075400097,1,1,0,0,2,0,0,1,0,0,1,1,1,0,1,2,0,0,3,1,0,0,0,1,0,-9,0,0,1,0,2,0,1,0,2,0,0,1,3,1,0,0,1,0,1,0,2,0,1,0,0,2
4568,14,4,0.387286878,0,62812,0,1,0,2,0,1,0,0,0,3,3,2,4,4,2,2,2,4,4,2,2,1,1,1,3,3,3,4,0.382139322,-1.104816231,-0.869352538,1,1,0,0,2,0,0,1,0,0,2,0,4,1,0,1,0,0,3,0,0,0,0,1,0,-9,0,1,0,0,1,1,0,0,1,0,1,0,2,1,0,0,1,1,0,0,1,1,0,0,0,1
4570,49,4,0.005573098,0,98370,0,1,0,1,1,0,0,0,0,1,5,3,5,4,3,5,5,5,5,5,3,1,2,2,3,2,2,2,1.280769789,-1.045115768,0.521082054,0,1,0,0,2,0,0,1,0,0,2,0,4,0,0,0,1,0,1,0,0,0,0,0,0,-9,0,1,0,0,1,1,0,0,1,1,0,0,1,0,1,0,2,0,1,0,2,0,1,0,0,2
4598,34,2,1.109179692,0,28562,0,1,0,1,1,0,0,0,0,1,1,0,5,5,2,2,1,3,4,4,2,2,2,2,2,4,3,4,0.376493457,-0.388101477,0.403654406,1,1,0,0,2,0,0,1,0,0,2,0,4,1,0,1,0,0,3,1,0,0,1,1,0,-9,0,1,0,0,1,0,1,0,2,0,0,1,3,0,0,1,3,1,0,0,1,1,0,0,0,1
4613,18,1,0.447156409,0,41095,0,0,1,5,0,0,0,0,1,1,5,5,5,5,5,5,5,5,5,5,2,3,3,1,3,2,3,3,0.473282863,1.202350453,0.332148603,1,1,0,0,2,0,0,1,0,0,2,0,4,1,0,1,0,0,3,1,0,0,0,1,0,-9,0,1,0,0,1,1,0,0,1,0,1,0,2,1,0,0,1,1,0,0,1,1,0,0,0,1
4621,49,1,0.07873388,0,98109,1,0,0,5,0,0,0,0,1,2,5,5,5,4,5,4,5,4,5,4,3,1,1,3,1,3,2,2,0.445064266,1.392239121,0.479526769,0,1,0,0,2,0,1,1,0,0,2,0,4,0,0,3,0,0,3,1,1,1,0,0,0,-9,0,0,0,1,3,0,0,1,3,0,0,1,3,0,0,1,3,0,1,0,2,0,0,0,1,4
4627,49,2,0.019491298,0,98101,1,0,0,3,0,0,1,0,0,3,4,4,4,5,4,5,5,5,5,4,2,1,2,2,3,3,2,3,0.342875472,0.873748136,1.092552405,0,1,0,0,2,0,1,1,0,0,2,0,4,0,0,3,0,0,3,1,0,0,0,1,0,1,1,0,0,1,3,0,0,1,3,0,0,1,3,0,0,1,3,0,0,1,3,0,0,0,1,4
4632,49,2,0.011424372,0,98121,1,0,0,3,0,0,1,0,0,2,4,3,4,5,4,4,3,4,4,4,2,3,1,2,3,2,3,2,0.216838442,0.695095888,-0.24671954,0,1,0,0,2,0,1,1,0,0,2,0,4,0,1,2,0,0,3,1,0,1,1,1,0,-9,0,0,0,1,3,0,0,1,3,0,0,1,3,0,0,1,3,0,0,1,3,0,0,0,1,4
4639,5,2,6.559153155,0,94134,1,0,0,2,0,1,0,0,0,3,3,3,4,5,5,5,3,5,5,5,2,2,2,1,2,3,3,3,0.791933384,1.196810747,0.768252601,0,1,0,0,2,1,1,1,0,0,2,0,4,0,0,3,0,0,3,1,0,0,0,0,0,-9,0,0,0,1,3,0,0,1,3,0,0,1,3,0,0,1,3,0,0,1,3,0,0,0,1,4
4640,49,2,0.093545508,0,98052,0,1,0,3,0,0,1,0,0,3,2,2,2,1,2,3,3,2,2,3,2,1,1,1,3,2,2,2,-0.400256376,0.297964622,-0.883742125,0,1,0,0,2,0,1,1,0,0,2,0,4,0,0,3,0,0,3,1,0,0,1,0,0,-9,0,0,1,0,2,0,0,1,3,0,1,0,2,1,0,0,1,1,0,0,1,0,0,1,0,3
4651,10,2,2.180643002,1,32801,0,1,0,4,0,0,0,1,0,1,5,5,4,5,4,3,4,5,4,5,2,3,2,2,3,3,3,2,0.081456732,1.120621948,0.34649694,0,1,0,0,2,1,1,1,0,0,2,0,4,0,0,3,0,0,3,1,0,1,1,0,0,-9,0,0,1,0,2,0,0,1,3,0,0,1,3,0,0,1,3,0,0,1,3,0,0,0,1,4
4652,49,2,0.027561981,0,98112,1,0,0,5,0,0,0,0,1,1,5,5,5,5,5,5,5,5,5,5,1,3,3,2,3,4,1,1,0.489517684,1.745638849,-0.440840202,0,1,0,0,2,0,1,1,0,0,2,0,4,0,0,3,0,0,3,1,1,0,0,0,0,-9,0,0,0,1,3,0,0,1,3,0,0,1,3,0,0,1,3,0,1,0,2,0,0,0,1,4
4655,48,2,10.27711698,0,22206,1,0,0,1,1,0,0,0,0,1,3,1,4,3,3,3,3,3,3,3,1,1,1,1,1,1,1,1,-0.251983053,0.365010233,-0.268049205,0,1,0,0,2,0,0,0,0,0,1,1,1,0,0,3,1,0,1,0,0,1,1,0,0,-9,0,0,0,1,3,0,0,1,3,0,0,1,3,1,0,0,1,1,0,0,1,0,0,0,1,4
4657,49,2,0.050274066,0,98108,1,0,0,3,0,0,1,0,0,1,6,3,5,3,4,4,4,4,4,4,2,2,2,2,2,2,2,2,0.655549643,0.43017944,0.475898965,0,1,0,0,2,0,1,1,0,0,2,0,4,0,0,3,0,0,3,1,0,0,0,1,0,1,1,0,0,1,3,0,0,1,3,0,0,1,3,0,1,0,2,0,0,1,3,0,0,0,1,4
4658,45,1,1.31614326,1,77073,0,1,0,1,1,0,0,0,0,2,5,4,5,4,5,4,5,4,5,5,2,2,2,2,2,4,3,3,0.53122779,1.064001595,1.484467847,1,1,0,0,2,0,0,0,1,0,1,1,1,1,0,1,0,0,3,0,1,0,0,1,1,-9,0,0,1,0,2,0,0,1,3,0,0,1,3,0,0,1,3,1,0,0,1,0,1,0,0,2
4667,45,3,1.256441591,1,77379,0,1,0,1,1,0,0,0,0,1,4,3,4,4,2,2,2,2,4,2,2,2,2,2,2,3,3,3,0.087139241,0.769958913,-0.180239182,0,1,0,0,2,1,1,0,1,0,2,0,2,0,1,2,1,0,1,0,0,0,0,1,0,-9,0,0,1,0,2,0,1,0,2,1,0,0,1,0,0,1,3,1,0,0,1,0,1,0,0,2
4685,49,4,0.211414933,0,98444,0,1,0,2,0,1,0,0,0,2,4,4,2,4,3,4,3,4,4,4,2,1,2,2,3,2,2,2,-0.516828559,0.299851433,-0.711577646,1,0,1,0,3,0,0,1,0,0,2,0,4,0,0,3,0,0,3,1,0,0,0,1,0,1,1,0,0,1,3,0,1,0,2,0,0,1,3,0,1,0,2,0,1,0,2,0,0,0,1,4
4704,49,1,0.020751407,0,98107,1,0,0,4,0,0,0,1,0,2,5,4,4,5,4,3,4,4,4,4,3,2,2,3,2,3,2,3,0.712206437,0.977388621,-0.436368792,0,1,0,0,2,0,1,1,0,0,2,0,4,0,0,3,0,0,3,1,1,0,0,0,0,-9,0,0,0,1,3,0,0,1,3,1,0,0,1,1,0,0,1,1,0,0,1,0,0,0,1,4
4707,49,2,0.013119493,0,98373,0,1,0,2,0,1,0,0,0,2,4,5,2,2,2,2,3,2,2,4,3,1,1,1,1,2,1,1,-0.994410699,1.040848464,-1.471105646,0,1,0,0,2,0,0,0,0,0,2,0,5,1,0,1,0,1,2,1,0,0,1,1,0,-9,0,0,1,0,2,0,1,0,2,0,1,0,2,0,0,1,3,1,0,0,1,0,0,1,0,3
4710,49,4,0.088583803,0,98027,0,1,0,2,0,1,0,0,0,1,4,3,3,4,3,3,2,4,4,4,2,2,2,2,2,4,2,2,0.638821146,-0.079037784,-0.709063377,0,0,0,1,4,0,0,1,0,0,2,0,4,0,0,3,0,1,2,0,0,0,0,1,0,-9,0,0,1,0,2,0,0,1,3,0,0,1,3,0,1,0,2,1,0,0,1,0,1,0,0,2
4713,9,2,1.15867024,0,20010,1,0,0,2,0,1,0,0,0,3,1,0,1,1,5,5,5,2,5,5,2,1,3,2,2,2,2,4,1.126788259,1.31069657,0.900388977,1,0,0,0,1,0,1,0,1,0,1,1,1,1,0,1,0,0,3,0,0,0,0,0,0,-9,0,0,0,1,3,0,0,1,3,1,0,0,1,0,0,1,3,0,0,1,3,0,0,0,1,4
4729,37,4,3.147551963,0,74011,0,1,0,1,1,0,0,0,0,2,3,2,3,3,1,4,1,5,5,2,3,1,1,2,3,3,2,4,0.820049262,-0.634860295,0.602222947,0,1,0,0,2,0,0,1,0,0,1,1,1,1,0,1,0,0,3,0,0,0,0,1,0,1,1,0,1,0,2,1,0,0,1,0,1,0,2,0,0,1,3,1,0,0,1,0,1,0,0,2
4730,49,4,0.009803261,0,98290,0,1,0,2,0,1,0,0,0,1,4,4,1,4,3,3,2,5,5,4,2,2,2,2,2,3,3,3,0.3694218,-0.773266342,-0.065602193,1,0,0,1,4,1,1,1,0,0,2,0,4,1,0,1,0,1,2,0,1,0,0,0,0,-9,0,1,0,0,1,0,1,0,2,1,0,0,1,1,0,0,1,0,1,0,2,1,0,0,0,1
4733,49,2,0.028898123,0,98467,0,1,0,2,0,1,0,0,0,3,2,2,3,3,3,3,3,4,4,2,2,2,2,2,2,4,3,4,-0.850382145,-0.550962728,-0.308545669,0,0,1,0,3,0,0,1,0,0,2,0,4,1,0,1,0,1,2,0,1,0,1,0,0,0,0,0,0,1,3,0,1,0,2,1,0,0,1,0,0,1,3,0,1,0,2,0,0,1,0,3
4734,31,2,0.895178242,0,7747,0,1,0,1,1,0,0,0,0,1,3,0,3,3,3,4,3,4,4,4,2,2,2,2,2,4,2,3,-1.403947305,-0.500038467,0.023025953,1,0,1,0,3,0,0,1,0,0,2,0,4,0,1,2,0,1,2,0,0,0,0,1,0,-9,0,0,1,0,2,0,1,0,2,0,1,0,2,0,0,1,3,0,1,0,2,0,0,1,0,3
4741,39,4,18.17805846,0,17110,1,0,0,3,0,0,1,0,0,2,2,2,3,4,2,2,2,4,3,3,1,2,3,3,3,3,3,4,-1.520736065,-0.753318219,-1.468491826,1,1,0,0,2,0,0,0,0,1,2,0,3,0,1,2,1,0,1,0,0,0,0,0,0,-9,0,0,0,1,3,0,0,1,3,0,1,0,2,0,0,1,3,0,1,0,2,0,0,1,0,3
4742,10,2,3.585176231,1,33166,0,1,0,3,0,0,1,0,0,3,6,4,3,4,2,2,3,4,4,3,2,2,1,2,2,1,2,1,-1.003800329,-0.592163985,-1.349069776,1,1,0,0,2,1,1,0,0,0,1,1,1,0,1,2,0,0,3,1,0,0,0,0,0,-9,0,0,1,0,2,0,0,1,3,1,0,0,1,0,1,0,2,0,0,1,3,0,0,0,1,4
4743,21,2,3.93607044,0,21030,1,0,0,1,1,0,0,0,0,1,2,0,5,4,1,1,1,1,5,3,2,2,2,2,2,1,3,3,0.331911695,-0.920525949,0.651207209,0,0,1,0,3,0,1,1,0,0,2,0,4,0,0,3,0,0,3,0,0,0,0,0,0,-9,0,0,1,0,2,0,1,0,2,1,0,0,1,0,0,1,3,0,1,0,2,0,0,1,0,3
4745,49,2,0.143087722,0,98133,1,0,0,1,1,0,0,0,0,2,4,4,2,4,3,3,3,4,4,4,2,2,2,2,2,3,3,4,-0.628629521,-0.041918199,-0.668732665,0,0,1,0,3,0,1,0,0,1,2,0,3,0,1,2,1,0,1,0,0,0,1,1,0,0,0,0,0,1,3,0,0,1,3,0,1,0,2,0,1,0,2,1,0,0,1,0,0,0,1,4
4749,49,4,0.015694489,0,98349,0,1,0,4,0,0,0,1,0,3,4,4,2,4,2,4,3,3,5,4,2,1,3,3,2,2,2,2,0.465801795,0.391510682,-0.878555337,1,0,1,0,3,1,1,1,0,0,2,0,4,1,0,1,1,0,1,0,1,0,0,1,0,-9,0,1,0,0,1,1,0,0,1,1,0,0,1,1,0,0,1,1,0,0,1,1,0,0,0,1
4753,34,2,0.37665619,0,27205,0,1,0,1,1,0,0,0,0,2,6,1,2,3,4,3,4,4,5,4,2,2,2,2,2,4,2,2,-0.572514826,-0.847060872,0.640380727,1,1,0,0,2,0,0,1,0,0,2,0,4,1,0,1,0,1,2,0,0,0,1,1,0,-9,0,1,0,0,1,1,0,0,1,0,0,1,3,0,0,1,3,1,0,0,1,1,0,0,0,1
4755,49,2,0.083278195,0,98042,0,1,0,3,0,0,1,0,0,2,5,3,4,4,2,3,4,4,5,5,2,1,1,1,2,2,2,3,0.821889351,0.240766908,0.613285231,0,0,0,1,4,1,1,1,0,0,2,0,4,0,1,2,1,0,1,0,0,0,0,1,0,-9,0,0,1,0,2,1,0,0,1,0,1,0,2,1,0,0,1,1,0,0,1,1,0,0,0,1
4764,3,2,0.11904179,1,85355,0,1,0,1,1,0,0,0,0,2,4,4,1,1,5,5,5,5,5,5,1,1,1,1,3,2,2,2,1.090612622,1.705468787,0.716202312,1,0,0,1,4,0,1,1,0,0,2,0,4,0,0,3,0,1,2,0,0,0,0,1,0,-9,0,0,1,0,2,1,0,0,1,0,1,0,2,1,0,0,1,1,0,0,1,1,0,0,0,1
4766,49,4,0.025710787,0,98122,1,0,0,1,1,0,0,0,0,2,3,3,2,5,4,3,4,4,4,3,2,1,2,2,2,4,2,2,-0.720130729,-0.650485378,0.299555721,1,1,0,0,2,0,1,0,0,1,2,0,3,0,1,2,0,1,2,0,0,0,0,1,0,-9,0,0,0,1,3,0,0,1,3,1,0,0,1,0,0,1,3,0,0,1,3,0,0,0,1,4
4778,49,2,0.047703923,0,98204,1,0,0,1,1,0,0,0,0,1,4,3,5,3,1,5,3,4,4,4,2,3,2,3,1,2,2,2,0.324523651,-0.290463953,0.431420229,1,1,0,0,2,0,0,1,0,0,2,0,4,1,0,1,1,0,1,0,0,0,1,0,0,0,0,0,0,1,3,0,0,1,3,0,1,0,2,0,0,1,3,1,0,0,1,0,0,0,1,4
4780,49,4,0.16515736,0,98388,0,1,0,2,0,1,0,0,0,1,4,4,4,5,1,2,1,5,5,5,2,1,3,3,3,1,2,2,-0.038595688,0.396822667,0.857571912,0,0,0,1,4,0,1,1,0,0,2,0,4,0,0,3,0,1,2,0,0,0,0,1,0,1,1,0,1,0,2,1,0,0,1,1,0,0,1,1,0,0,1,0,1,0,2,0,1,0,0,2
4793,49,2,0.11140375,0,98366,0,1,0,3,0,0,1,0,0,2,2,3,1,2,4,4,5,3,4,3,1,1,1,2,1,2,2,2,-0.711437179,0.569427503,-0.593836462,0,0,0,0,1,1,1,1,0,0,1,1,1,0,0,3,0,0,3,1,0,0,0,1,0,1,1,1,0,0,1,0,1,0,2,1,0,0,1,0,1,0,2,0,1,0,2,0,0,1,0,3
4796,49,2,0.012901375,0,98372,0,1,0,2,0,1,0,0,0,2,4,3,1,4,2,1,1,5,5,5,3,1,3,1,3,2,2,2,0.797097458,-0.266033752,-0.23906375,1,0,0,1,4,0,0,1,0,0,2,0,4,1,0,1,0,1,2,0,0,0,1,0,0,1,1,0,1,0,2,0,0,1,3,0,0,1,3,0,1,0,2,0,1,0,2,0,1,0,0,2
4800,49,4,0.029268835,0,98168,0,1,0,1,1,0,0,0,0,2,5,3,3,3,3,3,3,3,3,3,2,2,2,2,2,3,3,3,-1.333541688,0.044111395,0.049760053,1,0,1,0,3,0,0,1,0,0,2,0,4,1,0,1,0,1,2,0,0,0,0,1,0,-9,0,0,1,0,2,0,1,0,2,0,0,1,3,0,1,0,2,0,1,0,2,0,0,1,0,3
4807,49,2,0.052292427,0,98003,1,0,0,3,0,0,1,0,0,3,4,4,2,5,5,5,1,5,5,5,2,2,3,1,3,2,2,2,1.282310737,0.663105181,0.620147556,0,1,0,0,2,0,0,0,1,0,2,0,2,1,0,1,1,0,1,0,0,0,1,0,1,-9,0,0,0,1,3,0,0,1,3,0,0,1,3,0,1,0,2,1,0,0,1,0,0,0,1,4
4809,49,2,0.065843944,0,98310,0,1,0,1,1,0,0,0,0,2,3,3,5,1,1,3,3,3,1,3,2,2,2,2,2,4,2,2,-1.78400923,-0.253647805,1.182818113,0,0,0,0,1,1,1,0,0,0,1,1,1,0,0,3,0,0,3,1,0,0,0,0,0,-9,0,0,1,0,2,0,1,0,2,1,0,0,1,0,1,0,2,0,1,0,2,0,0,0,1,4
4814,49,4,0.037530664,0,98109,1,0,0,3,0,0,1,0,0,1,5,4,2,4,3,2,2,4,4,4,3,2,2,1,3,3,2,2,-1.252010391,-1.050401666,0.654287841,0,0,1,1,4,0,1,1,0,0,2,0,4,0,1,2,0,1,2,0,0,0,0,1,0,-9,0,0,0,1,3,0,0,1,3,0,0,1,3,0,0,1,3,0,1,0,2,0,0,0,1,4
4823,39,3,1.583466756,0,19143,1,0,0,4,0,0,0,1,0,3,5,4,4,3,2,4,3,3,4,4,2,2,2,2,2,4,4,4,-1.009387104,0.908840458,0.483278903,0,1,0,0,2,1,1,0,1,0,2,0,2,0,0,3,0,0,3,1,1,0,0,0,0,-9,0,0,0,1,3,0,0,1,3,1,0,0,1,1,0,0,1,0,0,1,3,0,0,0,1,4
4834,49,2,0.055769519,0,98122,1,0,0,4,0,0,0,1,0,2,4,4,4,5,4,3,5,4,4,5,1,3,3,1,1,1,2,1,0.642514583,0.711406179,1.182907772,1,1,0,0,2,0,1,1,0,0,2,0,4,0,0,3,0,0,3,1,1,1,0,1,0,-9,0,0,0,1,3,0,0,1,3,1,0,0,1,0,0,1,3,0,0,1,3,0,0,0,1,4
4837,49,2,0.011424372,0,98107,1,0,0,3,0,0,1,0,0,3,4,3,4,5,5,3,3,5,4,4,3,2,1,2,3,2,3,2,-0.69543123,0.598174423,-0.084009299,0,1,0,0,2,0,1,1,0,0,2,0,4,0,1,2,0,0,3,1,0,0,0,1,0,0,0,0,0,1,3,0,0,1,3,1,0,0,1,1,0,0,1,1,0,0,1,0,0,0,1,4
4841,49,4,0.016439288,0,98223,0,1,0,1,1,0,0,0,0,1,4,3,4,4,1,1,1,4,4,1,2,2,2,2,2,4,3,4,-0.608327446,-1.0148177,-0.262457851,1,0,1,1,4,0,0,1,0,0,2,0,4,0,1,2,0,1,2,0,0,0,0,1,0,0,0,1,0,0,1,1,0,0,1,0,1,0,2,1,0,0,1,1,0,0,1,1,0,0,0,1
4845,49,2,0.025647794,0,98101,1,0,0,3,0,0,1,0,0,3,3,3,3,4,3,4,3,4,3,3,2,2,2,1,2,3,2,3,-0.33854388,0.00589719,-0.575112854,0,1,0,0,2,0,1,1,0,0,2,0,4,0,0,3,0,0,3,1,0,0,0,1,0,-9,0,0,0,1,3,0,0,1,3,0,0,1,3,0,0,1,3,0,0,1,3,0,0,0,1,4
4847,49,4,0.008456979,0,98407,0,1,0,3,0,0,1,0,0,2,4,3,2,5,2,2,1,4,5,5,2,1,1,2,2,3,3,2,0.061821362,0.094501295,-0.64311752,1,0,1,0,3,0,0,1,0,0,2,0,4,1,0,1,0,0,3,0,1,0,0,1,0,-9,0,0,1,0,2,0,1,0,2,1,0,0,1,1,0,0,1,0,1,0,2,0,0,0,1,4
4850,49,2,0.071090846,0,98168,0,1,0,3,0,0,1,0,0,2,3,3,4,4,5,4,5,5,5,5,2,1,3,3,3,3,3,3,0.52717975,0.666890357,0.954695551,0,1,0,0,2,0,1,1,0,0,2,0,4,0,0,3,0,0,3,1,0,0,0,0,0,-9,0,0,1,0,2,0,1,0,2,0,0,1,3,0,1,0,2,0,1,0,2,0,0,1,0,3
4851,49,4,0.011162241,0,98111,1,0,0,2,0,1,0,0,0,3,4,4,2,4,2,4,3,5,5,4,2,2,1,1,3,2,2,3,-0.66022672,0.470868824,-0.431292294,1,0,0,1,4,0,1,1,0,0,2,0,4,1,0,1,1,0,1,0,0,0,0,1,1,0,0,0,0,0,0,0,0,0,0,0,0,0,0,0,0,0,0,0,0,0,0,0,0,0,0,0
4855,49,2,0.066153567,0,98198,1,0,0,3,0,0,1,0,0,3,4,3,3,4,4,3,3,5,5,4,2,2,3,2,3,2,3,2,-0.239823367,0.889383486,0.650242985,0,0,1,0,3,0,1,1,0,0,2,0,4,0,0,3,0,0,3,1,0,1,1,1,0,-9,0,0,0,1,3,0,1,0,2,0,1,0,2,0,1,0,2,0,1,0,2,0,0,1,0,3
4867,23,2,1.230282643,0,49505,0,1,0,1,1,0,0,0,0,1,1,1,4,4,3,3,2,4,4,4,2,2,2,2,2,3,2,3,-0.361348165,0.217633868,1.323839324,0,1,0,0,2,1,1,0,0,0,1,1,1,0,1,2,0,0,3,1,0,0,0,1,0,-9,0,0,1,0,2,0,1,0,2,0,1,0,2,0,1,0,2,1,0,0,1,0,0,1,0,3
4869,36,4,0.209238907,0,45225,0,1,0,3,0,0,1,0,0,2,4,2,5,4,3,2,1,4,3,2,1,3,2,3,2,2,3,3,-0.790888326,0.396426996,-0.65579463,1,1,0,0,2,0,0,0,1,0,2,0,2,1,0,1,0,0,3,1,0,0,0,0,1,-9,0,0,1,0,2,0,1,0,2,0,0,1,3,1,0,0,1,1,0,0,1,0,0,1,0,3
4873,33,2,0.861781743,0,11347,0,0,0,5,0,0,0,0,1,1,5,5,5,5,4,5,5,4,5,4,1,3,1,1,3,1,2,1,0.724036223,1.293987726,0.528035271,0,1,0,0,2,0,1,1,0,0,2,0,4,0,0,3,0,0,3,1,0,0,0,0,0,-9,0,0,0,0,0,0,0,0,0,0,0,0,0,0,0,0,0,0,0,0,0,0,0,0,0,0
4874,49,4,0.294529648,0,98021,0,1,0,3,0,0,1,0,0,2,4,2,2,5,3,3,2,3,4,3,2,2,2,2,3,3,3,3,-1.215533875,-0.281003112,-0.141437558,0,0,0,1,4,0,0,1,0,0,2,0,4,0,0,3,0,0,3,0,0,0,0,1,0,-9,0,0,1,0,2,0,1,0,2,0,0,1,3,1,0,0,1,1,0,0,1,0,1,0,0,2
4917,3,4,0.013452707,1,85302,0,1,0,3,0,0,1,0,0,3,1,3,4,4,2,2,2,4,4,2,2,2,2,2,2,3,3,3,-0.04423143,-0.710677499,0.30663793,1,0,0,1,4,0,1,1,0,0,2,0,4,0,1,2,0,1,2,0,0,0,0,0,0,1,1,0,0,1,3,0,1,0,2,1,0,0,1,0,1,0,2,1,0,0,1,0,0,0,1,4
4922,3,2,0.049489122,1,85326,0,1,0,3,0,0,1,0,0,1,5,3,4,3,3,4,3,4,5,4,3,2,3,2,3,3,2,2,0.208468117,0.904679984,0.488809973,0,0,0,1,4,0,1,1,0,0,2,0,4,0,1,2,0,1,2,0,0,0,1,1,0,-9,0,1,0,0,1,1,0,0,1,0,1,0,2,1,0,0,1,1,0,0,1,1,0,0,0,1
4925,3,4,0.005965273,1,85381,0,1,0,1,1,0,0,0,0,1,1,1,3,4,1,1,1,3,3,1,2,2,2,2,2,1,3,1,-2.327469607,-0.09047757,0.417682825,1,0,0,1,4,0,0,1,0,0,2,0,4,1,0,1,0,0,3,1,0,0,0,1,0,-9,0,0,1,0,2,0,1,0,2,0,1,0,2,0,0,1,3,1,0,0,1,0,0,1,0,3
4967,49,2,0.062167077,0,98388,0,1,0,1,1,0,0,0,0,1,4,3,2,4,4,4,4,4,5,4,2,1,3,3,3,1,2,2,0.89070675,1.023550582,0.779488576,0,0,0,1,4,0,1,1,0,0,2,0,4,0,1,2,0,1,2,0,0,0,1,1,0,-9,0,0,1,0,2,1,0,0,1,1,0,0,1,1,0,0,1,0,1,0,2,0,1,0,0,2
4980,3,2,0.105214009,1,85215,0,1,0,2,0,1,0,0,0,1,1,0,5,5,1,1,1,5,5,5,3,2,2,2,2,2,2,2,1.009648752,1.513731119,0.67111343,1,0,0,1,4,1,1,1,0,0,2,0,4,0,0,3,0,1,2,0,0,0,0,1,0,-9,0,0,1,0,2,0,1,0,2,0,0,1,3,1,0,0,1,1,0,0,1,0,1,0,0,2
4997,49,2,0.063977119,0,98258,0,1,0,1,1,0,0,0,0,1,4,1,3,4,3,1,5,5,5,5,2,2,2,2,2,3,3,3,0.935333853,1.490852768,0.606641344,1,1,0,0,2,0,0,1,0,1,2,0,3,0,1,2,0,0,3,1,0,0,0,1,0,-9,0,0,1,0,2,1,0,0,1,1,0,0,1,1,0,0,1,0,1,0,2,0,1,0,0,2
5003,3,3,0.028469608,1,85020,1,0,0,3,0,0,1,0,0,3,4,4,3,2,3,3,2,3,3,3,2,2,3,2,3,3,3,3,-0.754053782,0.238148152,-1.110770458,0,1,0,0,2,0,0,0,1,0,2,0,2,1,0,1,1,0,1,0,0,0,0,0,0,-9,0,0,0,1,3,0,0,1,3,0,1,0,2,0,0,1,3,1,0,0,1,0,0,0,1,4
5005,3,2,0.049949924,1,85017,1,0,0,2,0,1,0,0,0,2,3,2,3,3,4,2,3,3,2,3,2,1,3,2,3,1,2,2,-1.230042282,-0.36992307,-1.75462834,1,0,0,0,1,0,0,0,0,0,2,0,5,1,0,1,0,0,3,1,0,0,0,0,0,-9,0,0,0,1,3,0,0,1,3,0,0,1,3,0,1,0,2,1,0,0,1,0,0,1,0,3
5009,3,2,0.073997684,1,85212,0,1,0,3,0,0,1,0,0,1,2,3,4,5,4,4,4,3,2,3,2,3,2,3,2,2,1,3,0.502124597,0.898216298,0.101910305,0,0,0,0,1,0,0,1,0,0,2,0,4,1,0,1,1,0,1,0,0,0,1,1,0,-9,0,1,0,0,1,1,0,0,1,0,1,0,2,0,1,0,2,1,0,0,1,1,0,0,0,1
5051,49,2,0.035025047,0,98201,1,0,0,3,0,0,1,0,0,1,4,4,3,5,1,1,1,5,5,5,2,2,2,2,2,4,3,3,0.618633718,-0.086675197,0.941876498,1,1,0,0,2,0,0,1,0,0,2,0,4,0,0,3,0,0,3,1,0,0,0,1,0,-9,0,0,0,1,3,0,0,1,3,0,1,0,2,0,0,1,3,0,1,0,2,0,0,0,1,4
5058,3,2,0.02298756,1,85281,1,0,0,4,0,0,0,1,0,5,6,5,5,5,4,5,4,5,5,4,3,1,1,1,3,2,2,3,0.887454842,-0.085192069,-1.313806527,1,1,0,0,2,0,0,0,0,1,2,0,3,1,0,1,0,1,2,0,0,0,1,0,0,1,1,0,0,1,3,0,0,1,3,0,0,1,3,0,1,0,2,0,0,1,3,0,0,0,1,4
5063,49,4,0.023668385,0,98116,1,0,0,2,0,1,0,0,0,4,5,4,3,5,3,3,3,5,5,3,3,2,3,3,3,4,2,4,-1.765545648,0.350835503,0.38550073,1,0,1,0,3,0,0,1,0,0,2,0,4,1,0,1,1,0,1,0,1,0,0,0,1,-9,0,0,0,1,3,0,0,1,3,1,0,0,1,1,0,0,1,0,1,0,2,0,0,0,1,4
5064,49,2,0.053524276,0,98424,0,1,0,1,1,0,0,0,0,1,1,3,4,3,4,4,4,4,5,5,2,2,2,2,2,3,3,3,0.862262028,0.15948815,-1.226475794,0,1,0,0,2,0,1,1,0,0,2,0,4,0,0,3,0,0,3,1,0,0,0,0,0,-9,0,1,0,0,1,0,0,1,3,0,0,1,3,0,0,1,3,1,0,0,1,0,1,0,0,2
5067,49,2,0.027685195,0,98118,0,1,0,3,0,0,1,0,0,2,4,3,2,5,5,4,5,4,5,4,3,1,3,2,3,2,2,2,0.582343953,1.136728739,0.559951808,0,1,0,0,2,0,1,1,0,0,2,0,4,0,0,3,0,0,3,1,0,0,0,0,0,-9,0,0,0,1,3,0,1,0,2,1,0,0,1,1,0,0,1,0,0,1,3,0,0,0,1,4
5068,49,4,0.151552632,0,98118,0,1,0,1,1,0,0,0,0,1,5,3,5,1,2,5,4,4,4,5,2,2,2,2,2,2,2,2,-0.076241323,-1.259586397,-0.247042338,1,1,0,0,2,0,1,1,0,0,2,0,4,0,0,3,0,0,3,1,1,0,0,0,0,-9,0,0,0,1,3,0,1,0,2,1,0,0,1,1,0,0,1,0,0,1,3,0,0,0,1,4
5074,49,2,0.053524276,0,98424,0,1,0,1,1,0,0,0,0,1,1,3,5,5,4,3,2,3,5,5,2,2,2,2,2,3,3,3,0.282238954,1.733650924,-0.256069055,0,1,0,0,2,0,1,1,0,0,2,0,4,0,0,3,0,0,3,1,0,0,0,0,0,1,1,1,0,0,1,0,0,1,3,0,0,1,3,0,0,1,3,1,0,0,1,0,1,0,0,2
5079,49,2,0.721818284,0,98133,1,0,0,4,0,0,0,1,0,3,4,4,5,3,2,3,2,3,3,3,2,2,2,2,2,3,2,2,0.358753745,0.407610376,-0.065488803,0,0,1,0,3,1,1,0,0,1,2,0,3,0,0,3,1,0,1,0,0,0,1,1,0,-9,0,0,0,1,3,0,0,1,3,0,1,0,2,0,1,0,2,1,0,0,1,0,0,0,1,4
5082,3,2,0.04113626,1,85233,0,1,0,4,0,0,0,1,0,2,2,2,2,2,4,4,4,4,4,4,3,1,3,3,3,1,1,1,0.334365492,0.022468712,-1.987738102,0,1,0,0,2,0,0,1,0,0,2,0,4,1,0,1,1,0,1,0,0,0,0,1,0,-9,0,0,1,0,2,0,0,1,3,0,0,1,3,0,1,0,2,1,0,0,1,0,0,1,0,3
5084,3,2,0.020894264,1,85233,0,1,0,3,0,0,1,0,0,3,5,3,5,5,4,3,3,2,5,4,2,2,2,2,2,3,3,3,0.984548793,1.393782222,1.217152987,0,0,0,0,1,0,0,0,1,0,1,1,1,1,0,1,0,0,3,0,0,0,0,0,0,-9,0,0,1,0,2,0,0,1,3,0,0,1,3,0,1,0,2,1,0,0,1,0,0,1,0,3
5131,31,2,0.675928437,0,7008,1,0,0,3,0,0,1,0,0,4,4,4,3,3,3,3,3,3,3,3,2,2,3,1,3,2,2,2,-1.020624999,0.313711669,-0.394334581,0,1,0,0,2,0,0,1,0,0,1,1,1,1,0,1,0,1,2,0,0,0,1,0,0,-9,0,0,0,1,3,0,1,0,2,0,0,1,3,1,0,0,1,1,0,0,1,0,0,0,1,4
5135,3,2,0.023106549,1,85306,1,0,0,3,0,0,1,0,0,2,4,2,5,5,4,2,5,5,4,5,2,3,1,1,1,2,2,2,-0.296938841,1.79082579,-0.782617416,1,1,0,0,2,1,1,1,0,0,2,0,4,0,1,2,0,1,2,1,0,0,1,0,0,-9,0,0,0,1,3,0,0,1,3,0,1,0,2,0,1,0,2,1,0,0,1,0,0,0,1,4
5158,49,2,0.012671652,0,98272,0,1,0,1,1,0,0,0,0,1,3,1,3,2,2,4,3,5,5,4,2,1,3,1,2,2,2,2,0.248939079,0.009257625,-0.824989657,1,0,0,0,1,1,1,1,0,0,2,0,4,1,0,1,0,0,3,0,1,0,0,1,0,-9,0,1,0,0,1,1,0,0,1,0,0,1,3,0,1,0,2,1,0,0,1,1,0,0,0,1
5159,39,2,1.696694533,0,17044,0,1,0,2,0,1,0,0,0,1,1,0,4,4,4,5,5,4,4,5,3,3,1,3,3,1,2,1,0.088435539,0.723473039,0.68813912,0,0,1,0,3,0,1,1,0,0,2,0,4,0,0,3,0,0,3,1,0,0,0,0,0,-9,0,0,1,0,2,0,0,1,3,0,0,1,3,0,0,1,3,1,0,0,1,0,1,0,0,2
5164,14,4,2.231191174,0,60521,0,1,0,1,1,0,0,0,0,1,1,0,2,2,1,5,5,5,4,3,3,1,3,1,1,2,2,2,0.117763564,-0.21993269,0.958109746,0,1,0,0,2,0,0,1,0,0,2,0,4,0,0,3,0,0,3,0,0,0,0,1,0,-9,0,0,1,0,2,0,0,1,3,0,0,1,3,0,0,1,3,0,0,1,3,0,0,1,0,3
5167,31,2,0.369853641,0,7306,1,0,0,1,1,0,0,0,0,1,4,3,1,4,4,4,5,5,5,5,2,2,2,1,3,2,2,2,-0.029498786,-0.225773607,-0.483950295,0,1,0,0,2,1,1,0,1,0,2,0,2,0,1,2,1,0,1,0,0,0,1,0,0,-9,0,0,0,1,3,0,0,1,3,0,0,1,3,0,1,0,2,0,0,1,3,0,0,0,1,4
5180,31,4,0.563019409,0,7095,1,0,0,1,1,0,0,0,0,2,3,3,2,4,5,4,3,5,5,5,2,2,2,2,1,3,2,2,0.970501428,0.57908719,0.650188921,0,1,0,0,2,0,0,1,0,0,2,0,4,1,0,1,1,0,1,1,0,0,0,0,0,-9,0,0,0,1,3,0,0,1,3,0,0,1,3,0,0,1,3,0,0,1,3,0,0,0,1,4
5183,39,2,1.196745862,0,18302,0,1,0,2,0,1,0,0,0,3,4,4,3,4,5,3,3,3,5,5,1,2,2,2,1,1,1,1,-0.685503853,1.394384607,0.859183002,0,1,0,0,2,0,1,1,0,0,2,0,4,0,0,3,0,0,3,1,0,0,0,1,0,-9,0,1,0,0,1,1,0,0,1,1,0,0,1,1,0,0,1,1,0,0,1,1,0,0,0,1
5185,26,2,2.565499778,0,63048,0,1,0,5,0,0,0,0,1,1,5,5,5,5,5,5,4,5,5,5,3,3,3,3,3,2,2,2,1.042495716,1.449658345,0.736586008,0,1,0,0,2,0,0,1,0,0,2,0,4,1,0,1,1,0,1,1,0,0,0,0,0,-9,0,1,0,0,1,1,0,0,1,0,0,1,3,0,0,1,3,1,0,0,1,0,1,0,0,2
5190,33,2,1.235701946,0,10013,1,0,0,4,0,0,0,1,0,3,5,3,5,4,5,5,4,4,4,4,2,3,2,3,2,3,1,3,0.370528262,0.715130047,0.065559567,0,0,0,0,1,1,1,0,0,1,1,1,1,1,0,1,0,0,3,1,0,1,0,0,0,-9,0,0,0,1,3,0,0,1,3,0,0,1,3,0,1,0,2,0,0,1,3,0,0,0,1,4
5206,33,2,2.18303434,0,10467,1,0,0,1,1,0,0,0,0,1,4,1,5,2,3,3,3,5,5,5,3,1,3,3,3,1,1,2,-1.0905669,0.063040346,0.622475558,0,1,0,0,2,0,0,0,0,0,1,1,1,1,0,1,1,0,1,0,1,0,0,0,1,-9,0,0,0,1,3,0,0,1,3,1,0,0,1,1,0,0,1,0,0,1,3,0,0,1,0,3
5226,31,2,1.723672498,0,8835,0,1,0,1,1,0,0,0,0,1,2,1,4,2,1,1,3,4,1,1,2,2,2,2,2,3,3,3,-2.076160098,-1.49700955,1.647271272,0,1,0,0,2,0,0,1,0,0,2,0,4,0,0,3,0,1,2,0,1,1,1,1,0,-9,0,0,0,1,3,0,1,0,2,1,0,0,1,1,0,0,1,1,0,0,1,0,1,0,0,2
5238,7,2,2.381884302,0,6877,0,1,0,3,0,0,1,0,0,3,3,3,4,4,4,3,4,4,3,4,3,1,1,1,3,2,2,2,-0.319588047,0.781502856,0.137134677,0,1,0,0,2,0,1,1,0,0,2,0,4,0,0,3,0,0,3,1,0,0,0,1,0,-9,0,1,0,0,1,1,0,0,1,1,0,0,1,0,1,0,2,0,1,0,2,1,0,0,0,1
5242,26,2,1.750773843,0,63640,0,1,0,1,1,0,0,0,0,1,1,0,1,3,5,5,5,5,5,5,2,1,3,1,3,2,2,2,0.112004337,1.764557837,0.839271859,0,1,0,0,2,0,0,1,0,0,2,0,4,0,1,2,0,0,3,1,0,0,1,1,0,1,1,0,1,0,2,0,0,1,3,0,1,0,2,0,1,0,2,1,0,0,1,0,1,0,0,2
5243,31,4,1.352009825,0,8012,0,1,0,3,0,0,1,0,0,3,4,3,4,4,4,4,4,4,4,4,2,2,2,2,2,3,3,3,0.067731785,0.818495615,0.088087581,0,1,0,0,2,0,0,1,0,0,2,0,4,0,1,2,0,1,2,0,0,0,0,0,0,-9,0,0,1,0,2,0,1,0,2,0,0,1,3,0,0,1,3,1,0,0,1,0,0,1,0,3
5257,39,2,2.127584271,0,17044,0,1,0,4,0,0,0,1,0,2,3,4,5,4,5,4,5,4,4,5,2,3,3,1,1,3,3,2,1.207762296,0.863428847,-0.32162131,0,1,0,0,2,0,1,1,0,0,1,1,1,0,0,3,0,0,3,1,0,0,0,1,0,-9,0,0,1,0,2,0,0,1,3,0,0,1,3,0,0,1,3,1,0,0,1,0,1,0,0,2
5265,33,2,0.272787426,0,10467,1,0,0,3,0,0,1,0,0,1,5,4,4,3,4,2,1,4,3,2,3,3,3,1,3,3,2,2,-1.335476975,0.789303006,1.104697531,0,1,0,0,2,0,0,0,1,0,2,0,2,1,0,1,1,0,1,0,1,1,0,0,0,-9,0,0,0,1,3,0,0,1,3,1,0,0,1,1,0,0,1,0,0,1,3,0,0,1,0,3
5273,31,2,0.318459523,0,8003,0,1,0,2,0,1,0,0,0,3,4,2,4,2,4,3,2,3,4,4,2,3,2,3,3,3,2,1,-0.906849012,0.368437283,0.169486101,0,1,0,0,2,0,0,1,0,0,2,0,4,1,0,1,1,0,1,0,0,0,0,1,0,-9,0,0,1,0,2,0,1,0,2,0,1,0,2,0,1,0,2,0,0,1,3,0,0,1,0,3
5285,10,2,7.052656891,0,34275,0,1,0,3,0,0,1,0,0,1,1,2,4,3,2,1,1,5,3,3,2,2,2,2,2,4,4,4,0.994248401,-1.444881331,1.429095413,1,0,1,0,3,0,1,1,0,0,2,0,4,0,0,3,1,0,1,0,0,0,1,1,0,-9,0,1,0,0,1,1,0,0,1,0,0,1,3,0,0,1,3,1,0,0,1,0,1,0,0,2
5312,45,2,3.301964635,0,76226,0,1,0,2,0,1,0,0,0,2,3,3,1,4,4,5,5,5,5,5,1,1,1,1,3,2,2,2,1.146259068,0.491058773,0.793375467,1,1,0,0,2,1,1,0,0,1,2,0,3,0,0,3,0,1,2,0,0,0,0,1,0,-9,0,1,0,0,1,0,1,0,2,0,1,0,2,0,1,0,2,1,0,0,1,0,1,0,0,2
5337,33,2,1.341673648,0,10029,1,0,0,5,0,0,0,0,1,1,5,5,5,5,4,5,5,5,5,5,3,3,3,3,3,2,2,2,0.444152752,1.253774769,1.153167447,0,0,0,0,1,1,1,1,0,0,2,0,4,0,0,3,1,0,1,0,0,0,0,1,0,-9,0,0,0,1,3,0,0,1,3,0,0,1,3,0,0,1,3,0,0,1,3,0,0,1,0,3
5352,9,2,0.285368106,0,20011,1,0,0,4,0,0,0,1,0,4,5,3,2,2,4,4,2,1,3,3,1,1,3,1,3,2,3,2,-0.666740545,1.518515679,-0.601980827,0,0,0,0,1,1,1,0,1,0,2,0,2,0,1,2,0,0,3,1,0,1,1,1,1,-9,0,0,0,1,3,0,0,1,3,1,0,0,1,0,1,0,2,0,0,1,3,0,0,0,1,4
5358,18,2,2.179462458,0,40353,0,1,0,2,0,1,0,0,0,2,1,3,4,4,1,1,1,5,5,4,2,1,1,1,3,1,2,3,0.719969388,-1.860398119,0.171247831,1,1,0,0,2,0,0,1,0,0,2,0,4,0,1,2,0,0,3,1,0,0,1,1,0,1,1,1,0,0,1,1,0,0,1,0,1,0,2,0,1,0,2,1,0,0,1,1,0,0,0,1
5380,14,2,4.6714421,0,60544,0,1,0,2,0,1,0,0,0,2,2,2,2,4,4,4,5,3,4,4,2,2,2,2,2,3,4,2,0.282440889,0.867176448,0.651573038,1,0,0,0,1,1,1,1,0,0,2,0,4,0,0,3,0,0,3,1,0,0,1,1,0,1,1,0,1,0,2,1,0,0,1,0,1,0,2,1,0,0,1,1,0,0,1,1,0,0,0,1
5385,36,2,0.715779434,0,45801,0,1,0,1,1,0,0,0,0,1,1,0,5,5,5,5,5,5,5,5,2,3,1,1,1,1,2,2,-1.715622312,1.591354977,1.335627155,1,0,0,0,1,0,0,0,1,0,2,0,2,0,1,2,0,0,3,1,0,0,0,0,0,-9,0,0,1,0,2,0,0,1,3,1,0,0,1,0,1,0,2,1,0,0,1,1,0,0,0,1
5395,10,2,0.794507772,0,32534,0,1,0,3,0,0,1,0,0,2,5,2,3,5,2,2,2,4,3,3,3,1,1,1,3,4,3,4,0.196329238,-0.970744825,0.250735233,1,0,0,0,1,0,0,1,0,0,2,0,4,0,1,2,0,0,3,1,0,0,1,1,0,-9,0,1,0,0,1,0,1,0,2,0,0,1,3,0,0,1,3,1,0,0,1,0,0,1,0,3
5401,45,2,2.096187223,1,77505,0,1,0,5,0,0,0,0,1,2,1,0,1,5,5,5,5,5,5,5,2,2,2,2,2,3,3,3,-0.623542144,1.140477667,-0.028136383,1,1,0,0,2,0,0,1,0,0,2,0,4,0,0,3,0,0,3,1,0,0,1,1,0,-9,0,0,1,0,2,0,1,0,2,0,0,1,3,0,1,0,2,1,0,0,1,0,1,0,0,2
5413,48,1,0.389644796,0,23222,0,1,0,3,0,0,1,0,0,2,3,3,1,2,4,3,2,5,3,4,2,1,1,1,3,3,2,3,-0.331582611,0.392002351,0.563428122,0,0,0,0,1,0,0,0,1,0,2,0,2,1,0,1,0,0,3,1,0,1,1,0,0,-9,0,0,1,0,2,0,1,0,2,0,1,0,2,1,0,0,1,1,0,0,1,0,0,0,1,4
5414,36,2,0.497245972,0,43065,0,1,0,3,0,0,1,0,0,2,4,5,4,4,5,5,4,4,5,5,2,3,3,2,1,3,2,3,0.703704833,1.316675317,0.863602734,0,1,0,0,2,0,1,1,0,0,2,0,4,0,1,2,0,0,3,1,0,0,1,1,0,-9,0,0,1,0,2,0,1,0,2,0,1,0,2,0,0,1,3,1,0,0,1,0,1,0,0,2
5418,45,1,0.670207885,1,77014,0,1,0,3,0,0,1,0,0,2,5,4,4,5,3,3,4,4,5,3,3,2,2,3,3,1,1,4,-0.813611317,0.546105919,0.792177188,0,0,0,0,1,0,0,0,1,0,2,0,2,1,0,1,0,0,3,0,0,1,0,0,0,1,1,0,0,1,3,0,1,0,2,1,0,0,1,0,0,1,3,1,0,0,1,0,0,0,1,4
5420,11,2,1.535811408,0,30311,0,1,0,3,0,0,1,0,0,1,3,2,3,4,3,4,2,3,3,3,2,2,3,2,2,3,2,2,-0.849085224,0.243209007,-1.040977825,0,1,0,0,2,0,0,0,1,0,2,0,2,0,1,2,0,0,3,1,0,0,0,0,0,-9,0,0,1,0,2,1,0,0,1,0,0,1,3,1,0,0,1,0,1,0,2,0,0,1,0,3
5447,7,2,0.548687098,0,6076,0,1,0,2,0,1,0,0,0,3,2,3,4,3,2,4,4,4,5,5,2,2,2,2,2,3,3,3,0.657223851,0.738261299,0.483164121,0,1,0,0,2,0,0,1,0,0,2,0,4,1,0,1,0,1,2,1,0,0,1,0,0,-9,0,1,0,0,1,1,0,0,1,1,0,0,1,0,1,0,2,1,0,0,1,1,0,0,0,1
5462,9,2,0.723690892,0,20011,1,0,0,4,0,0,0,1,0,1,4,4,4,4,3,4,3,4,5,4,2,2,2,3,2,3,4,2,-0.235150262,0.313348346,0.909109165,0,1,0,0,2,0,0,0,1,0,2,0,2,0,1,2,0,0,3,1,1,1,0,0,0,1,1,0,0,1,3,0,0,1,3,1,0,0,1,0,1,0,2,0,0,1,3,0,0,0,1,4
5468,39,2,3.068109418,0,18018,1,0,0,4,0,0,0,1,0,2,5,2,3,4,1,4,2,1,2,4,3,3,3,3,3,1,2,2,-0.540866526,0.408542001,-1.833433628,0,0,0,0,1,0,0,1,0,0,1,1,1,0,1,2,0,1,2,1,0,0,0,1,0,0,0,0,0,1,3,0,0,1,3,0,0,1,3,0,1,0,2,1,0,0,1,0,0,0,1,4
5471,33,4,0.077506947,0,13905,1,0,0,3,0,0,1,0,0,2,3,3,4,4,4,4,3,4,4,4,2,2,2,2,2,3,3,3,-0.055758926,1.056876621,0.049304181,0,1,0,0,2,0,0,1,0,0,2,0,4,1,0,1,0,1,2,0,0,0,0,1,0,-9,0,0,0,1,3,0,0,1,3,0,1,0,2,0,1,0,2,1,0,0,1,0,1,0,0,2
5488,45,2,1.778729395,1,77384,0,0,1,1,1,0,0,0,0,1,1,0,3,5,4,4,4,5,4,5,3,3,3,3,3,2,2,2,0.753545307,0.920998362,0.847785961,0,1,0,0,2,0,0,0,1,0,2,0,2,0,1,2,0,0,3,1,0,0,0,0,0,-9,0,0,0,0,0,0,0,0,0,0,0,0,0,0,0,0,0,0,0,0,0,0,0,0,0,0
5501,34,2,0.558193358,0,27292,0,1,0,4,0,0,0,1,0,2,5,4,4,4,4,4,4,4,4,4,3,3,3,1,3,1,2,1,-0.176161939,1.001368967,0.630708082,0,0,0,0,1,1,1,0,1,0,2,0,2,0,1,2,0,1,2,1,0,0,0,0,0,-9,0,1,0,0,1,1,0,0,1,0,0,1,3,0,0,1,3,1,0,0,1,1,0,0,0,1
5513,23,1,0.517540839,0,48910,0,1,0,3,0,0,1,0,0,2,5,3,5,4,5,4,4,2,4,3,3,2,3,3,2,2,3,2,-0.235446118,-0.165336268,-1.58968021,0,0,0,0,1,0,0,0,1,0,2,0,2,0,1,2,0,0,3,1,0,1,0,1,0,-9,0,0,1,0,2,0,0,1,3,1,0,0,1,0,0,1,3,1,0,0,1,0,0,1,0,3
5522,3,2,0.01308686,0,10940,0,1,0,3,0,0,1,0,0,2,1,3,4,2,4,4,4,4,4,4,2,3,2,3,2,2,2,3,0.148501091,0.793040711,0.119110752,0,0,0,0,1,1,1,1,0,0,1,1,1,1,0,1,0,0,3,1,1,0,0,0,0,-9,0,0,1,0,2,0,1,0,2,1,0,0,1,0,0,1,3,0,1,0,2,0,1,0,0,2
5523,31,4,0.128875067,0,8081,0,1,0,1,1,0,0,0,0,1,2,1,4,5,2,4,5,5,5,5,1,3,1,1,3,2,2,2,0.618464362,-1.283072779,0.1791943,0,0,0,0,1,0,0,1,0,0,1,1,1,1,0,1,0,0,3,0,0,0,0,0,0,1,1,0,1,0,2,1,0,0,1,0,0,1,3,0,1,0,2,1,0,0,1,0,1,0,0,2
5525,36,1,0.915316981,0,45255,0,1,0,2,0,1,0,0,0,2,3,3,2,3,2,3,4,2,4,2,1,3,3,1,3,1,3,1,-1.19785945,0.079882403,-1.851030514,0,0,0,0,1,0,0,0,1,0,2,0,2,1,0,1,1,0,1,1,0,0,0,0,0,1,1,0,1,0,2,0,1,0,2,0,1,0,2,0,1,0,2,1,0,0,1,0,0,1,0,3
5527,48,2,0.493518231,0,23225,0,1,0,1,1,0,0,0,0,1,1,2,4,3,1,5,1,5,5,3,2,3,1,3,2,2,2,3,0.368388674,-0.274812816,-0.555635342,0,0,0,0,1,0,0,0,1,0,2,0,2,1,0,1,0,0,3,1,0,0,1,1,0,-9,0,0,1,0,2,0,1,0,2,0,0,1,3,0,1,0,2,1,0,0,1,0,0,1,0,3
5528,23,2,0.61892671,0,49444,0,1,0,3,0,0,1,0,0,3,3,3,4,2,3,1,5,3,2,4,2,1,2,3,2,3,1,3,-1.799511313,0.38868168,1.096221442,0,0,0,0,1,0,0,0,1,0,2,0,2,1,0,1,1,0,1,0,0,0,1,1,0,1,1,0,1,0,2,1,0,0,1,0,0,1,3,1,0,0,1,1,0,0,1,0,1,0,0,2
5529,45,2,0.514816209,1,76112,0,1,0,2,0,1,0,0,0,3,2,3,2,2,5,4,5,4,4,5,3,1,3,3,2,2,2,2,-0.28409893,-0.419203085,0.392709575,0,0,0,0,1,1,1,1,0,0,2,0,4,1,0,1,0,1,2,0,0,0,0,1,0,-9,0,0,1,0,2,1,0,0,1,0,0,1,3,1,0,0,1,0,1,0,2,0,0,1,0,3
5538,33,2,0.813073066,0,11701,1,0,0,1,1,0,0,0,0,1,4,5,4,5,5,5,4,4,4,4,2,2,2,2,2,3,3,3,0.738656396,1.014945737,0.14249007,0,1,0,0,2,1,1,0,1,0,2,0,2,0,0,3,0,0,3,1,0,0,0,1,0,1,1,0,1,0,2,0,0,1,3,0,1,0,2,0,0,1,3,0,0,1,3,0,0,0,1,4
5549,23,2,0.176608355,0,48227,0,1,0,5,0,0,0,0,1,1,4,4,4,5,4,5,5,5,5,5,2,2,2,2,2,3,3,3,0.776473542,1.240632474,1.14234345,0,1,0,0,2,1,1,0,1,0,2,0,2,1,0,1,0,0,3,1,0,0,0,1,0,1,1,0,0,1,3,1,0,0,1,0,1,0,2,1,0,0,1,1,0,0,1,0,0,1,0,3
5561,21,3,0.110993748,0,21205,1,0,0,4,0,0,0,1,0,4,2,3,3,4,5,5,4,5,5,4,1,3,1,3,1,2,2,3,-1.756253817,1.374939078,1.238617108,0,0,0,0,1,0,0,0,1,0,2,0,2,1,0,1,0,0,3,1,0,0,0,0,0,-9,0,0,0,1,3,0,0,1,3,1,0,0,1,1,0,0,1,0,0,1,3,0,0,0,1,4
5570,33,2,0.503469114,0,10453,1,0,0,4,0,0,0,1,0,3,4,3,4,5,4,2,4,5,4,5,2,3,1,2,3,4,1,3,0.443888034,0.227404941,0.243154382,0,0,0,0,1,0,0,0,1,0,1,1,1,0,1,2,0,0,3,0,0,1,0,0,0,1,1,0,0,1,3,0,0,1,3,0,0,1,3,1,0,0,1,0,0,1,3,0,0,1,0,3
5577,37,4,1.087085136,0,74115,0,1,0,1,1,0,0,0,0,1,4,0,4,2,2,1,1,1,2,1,2,2,2,2,2,4,2,3,-0.50517958,-0.317484927,0.253952041,0,1,0,0,2,0,0,0,1,0,2,0,2,1,0,1,0,1,2,0,0,0,0,1,0,-9,0,0,1,0,2,1,0,0,1,0,0,1,3,1,0,0,1,1,0,0,1,0,0,1,0,3
5598,19,2,0.594886704,0,70131,0,1,0,4,0,0,0,1,0,2,4,3,4,3,2,3,4,4,5,2,2,2,3,3,2,2,3,2,0.034498135,0.304546998,-0.439567225,0,0,0,0,1,0,0,0,1,0,2,0,2,0,1,2,0,1,2,0,0,0,0,0,0,-9,0,0,0,1,3,0,1,0,2,1,0,0,1,1,0,0,1,1,0,0,1,0,0,1,0,3
5600,11,1,1.439650989,0,30667,0,0,1,3,0,0,1,0,0,2,3,4,3,3,3,4,2,3,3,3,1,3,3,3,3,2,2,2,-0.829249698,0.705654966,-0.14167306,0,0,0,0,1,0,0,0,1,0,2,0,2,1,0,1,0,0,3,1,0,0,0,1,0,-9,0,1,0,0,1,1,0,0,1,1,0,0,1,1,0,0,1,1,0,0,1,1,0,0,0,1
5610,33,1,0.193718776,0,7008,1,0,0,4,0,0,0,1,0,3,2,2,3,2,4,1,3,5,2,5,2,3,1,1,1,2,2,2,-0.104185134,0.955279274,-1.096899754,0,0,0,0,1,1,1,1,0,0,2,0,4,1,0,1,0,0,3,0,0,0,0,0,0,-9,0,0,0,1,3,0,1,0,2,0,0,1,3,1,0,0,1,1,0,0,1,0,0,0,1,4
5615,45,2,7.416529764,1,78582,0,1,0,2,0,1,0,0,0,1,4,3,4,4,4,4,4,4,4,4,3,3,3,3,3,2,2,2,-2.206383661,1.355087902,1.204837968,0,0,0,0,1,0,0,0,1,0,1,1,1,1,0,1,1,0,1,0,0,0,0,1,0,1,1,1,0,0,1,1,0,0,1,1,0,0,1,1,0,0,1,1,0,0,1,1,0,0,0,1
5615,45,2,7.416529764,1,78582,0,1,0,2,0,1,0,0,0,1,4,3,4,4,4,4,4,4,4,4,3,3,3,3,3,2,2,2,-2.206383661,1.355087902,1.204837968,0,0,0,0,1,0,0,0,1,0,1,1,1,1,0,1,1,0,1,0,0,0,0,1,0,1,1,1,0,0,1,1,0,0,1,1,0,0,1,1,0,0,1,1,0,0,1,1,0,0,0,1
5617,26,2,2.454651071,0,63034,0,1,0,4,0,0,0,1,0,2,5,4,4,3,3,4,3,3,4,4,3,1,1,1,3,1,2,2,-0.304906605,0.717842398,-0.356169678,0,0,0,0,1,0,1,1,0,0,2,0,4,0,0,3,0,0,3,1,0,0,0,0,0,1,1,0,1,0,2,1,0,0,1,1,0,0,1,1,0,0,1,1,0,0,1,1,0,0,0,1
5624,3,2,0.000642054,1,85742,0,1,0,3,0,0,1,0,0,2,2,3,4,4,4,4,4,4,4,4,3,2,3,2,2,4,3,2,0.105427433,0.687106455,-0.684731242,0,0,0,0,1,0,0,1,0,0,1,1,1,1,0,1,0,0,3,0,0,0,0,1,1,-9,0,0,1,0,2,1,0,0,1,0,1,0,2,1,0,0,1,1,0,0,1,1,0,0,0,1
5630,39,3,0.126115891,0,18020,0,1,0,3,0,0,1,0,0,1,3,3,3,3,3,3,3,3,3,3,3,1,1,1,3,2,2,2,-0.139094321,1.136498015,1.177319511,0,0,0,0,1,0,0,1,0,0,2,0,4,1,0,1,0,0,3,0,0,0,0,1,0,-9,0,0,1,0,2,0,1,0,2,0,1,0,2,0,0,1,3,1,0,0,1,0,0,1,0,3
5636,34,2,0.205574257,0,28304,0,1,0,3,0,0,1,0,0,2,3,2,3,3,3,3,3,3,3,3,3,3,3,3,2,1,1,2,-0.849085224,0.243209007,-1.040977825,0,0,0,0,1,0,0,1,0,0,2,0,4,1,0,1,0,0,3,0,1,0,0,0,0,1,1,0,1,0,2,0,1,0,2,0,1,0,2,0,1,0,2,1,0,0,1,1,0,0,0,1
5645,21,2,10.85137955,0,21201,1,0,0,2,0,1,0,0,0,1,3,5,4,4,5,4,4,5,4,5,2,2,2,2,3,2,2,2,1.00884472,0.884686845,0.335986185,0,0,0,0,1,1,1,1,0,0,1,1,1,0,0,3,0,0,3,1,0,0,0,0,0,-9,0,0,0,1,3,0,0,1,3,0,0,1,3,0,1,0,2,0,0,1,3,0,0,0,1,4
5654,14,2,1.910794755,0,60175,0,1,0,2,0,1,0,0,0,2,3,3,3,3,4,4,4,5,4,3,3,2,2,2,2,4,3,2,-0.066397556,0.497437374,0.089514208,0,1,0,0,2,1,1,1,0,0,2,0,4,0,0,3,0,1,2,0,0,0,0,0,0,-9,0,1,0,0,1,1,0,0,1,1,0,0,1,0,0,1,3,1,0,0,1,1,0,0,0,1
5681,45,2,27.55685447,1,77017,1,0,0,1,1,0,0,0,0,1,1,0,5,5,5,4,5,4,5,5,2,2,2,2,2,3,3,3,1.20291846,1.73435896,1.153798837,0,0,1,0,3,0,0,0,0,0,1,1,1,0,1,2,0,1,2,0,0,1,1,1,0,-9,0,0,0,1,3,0,1,0,2,0,0,1,3,1,0,0,1,1,0,0,1,0,0,1,0,3
5688,19,4,1.177571902,0,70809,0,1,0,2,0,1,0,0,0,2,2,1,3,4,2,2,4,4,4,2,2,2,2,2,2,1,2,3,0.056709252,0.107031293,-0.074430483,0,0,0,1,4,0,1,1,0,0,2,0,4,0,1,2,0,1,2,0,0,0,0,1,0,1,1,1,0,0,1,0,0,1,3,0,0,1,3,0,1,0,2,1,0,0,1,1,0,0,0,1
5720,29,2,1.430510324,1,89119,1,0,0,5,0,0,0,0,1,1,5,5,4,2,4,2,4,2,4,2,3,2,3,2,3,3,2,3,-0.737412216,-0.4090372,-1.252135038,0,1,0,0,2,1,1,1,0,0,2,0,4,0,1,2,0,0,3,1,1,0,1,0,0,-9,0,0,0,1,3,0,0,1,3,0,0,1,3,0,1,0,2,0,1,0,2,0,0,0,1,4
5731,6,1,0.271839684,0,80234,1,0,0,5,0,0,0,0,1,1,5,2,5,4,4,4,4,4,4,4,1,1,1,1,1,2,2,2,0.061765482,1.14390159,0.343547193,0,0,0,0,1,0,0,0,0,1,2,0,3,1,0,1,0,1,2,0,0,0,0,1,0,-9,0,0,0,1,3,0,0,1,3,0,0,1,3,0,1,0,2,1,0,0,1,0,0,1,0,3
5749,3,4,7.54E-08,0,85638,0,0,1,1,1,0,0,0,0,1,1,1,5,3,2,3,1,3,5,5,2,2,2,2,2,3,2,2,-0.38349983,-1.97605856,-0.430833534,0,0,0,1,4,1,1,1,0,0,2,0,4,1,0,1,0,1,2,0,0,0,0,0,0,1,1,1,0,0,1,1,0,0,1,1,0,0,1,0,0,1,3,1,0,0,1,1,0,0,0,1
5758,29,4,0.009060993,1,89084,0,1,0,4,0,0,0,1,0,4,3,3,1,3,3,2,2,4,4,3,3,1,1,1,3,4,2,2,0.93009324,0.908026845,0.327752366,0,0,0,1,4,0,1,1,0,0,2,0,4,0,1,2,0,1,2,0,1,0,0,1,0,1,1,0,0,1,3,1,0,0,1,0,1,0,2,1,0,0,1,1,0,0,1,0,0,1,0,3
5762,22,1,0.201806059,0,2482,0,1,0,2,0,1,0,0,0,1,5,1,5,4,2,1,2,4,4,4,2,2,1,2,3,4,2,2,-0.57113841,0.108374711,-0.053939781,0,1,0,0,2,1,1,1,0,0,2,0,4,1,0,1,1,0,1,0,0,0,1,0,1,1,1,0,1,0,2,0,1,0,2,0,0,1,3,0,1,0,2,0,0,1,3,0,0,1,0,3
5763,7,2,0.357962595,0,6513,1,0,0,4,0,0,0,1,0,1,5,5,5,4,4,3,4,5,3,3,1,3,1,3,2,2,3,2,-0.176824378,1.189175859,-0.593077144,0,1,0,0,2,1,1,0,1,0,1,1,1,1,0,1,0,0,3,1,0,0,1,0,0,-9,0,0,0,1,3,0,0,1,3,0,1,0,2,0,1,0,2,0,1,0,2,0,0,1,0,3
5770,29,2,46.30108059,1,89108,0,1,0,2,0,1,0,0,0,2,2,1,4,4,2,1,2,4,4,4,3,1,1,2,3,3,2,2,1.045974644,0.467855252,0.514316243,0,1,0,0,2,0,0,0,0,1,2,0,3,0,0,3,0,0,3,1,0,0,0,1,0,-9,0,0,0,1,3,0,1,0,2,0,0,1,3,1,0,0,1,1,0,0,1,0,0,0,1,4
5775,3,2,0.001668542,1,85334,0,1,0,3,0,0,1,0,0,4,4,1,4,4,2,2,1,4,3,4,3,2,2,2,3,2,3,4,-0.720346663,0.121210658,0.461660536,0,1,0,0,2,1,1,1,0,0,2,0,4,1,0,1,0,0,3,1,1,0,0,0,0,-9,0,1,0,0,1,1,0,0,1,1,0,0,1,1,0,0,1,1,0,0,1,1,0,0,0,1
5784,45,1,0.412057666,1,75050,0,1,0,1,1,0,0,0,0,2,2,1,4,4,3,4,3,4,4,4,2,2,2,2,2,3,3,3,0.022309908,0.222144406,0.138420186,0,1,0,0,2,0,0,0,1,0,2,0,2,1,0,1,0,0,3,1,0,1,0,0,0,-9,0,0,1,0,2,0,1,0,2,0,0,1,3,0,0,1,3,0,1,0,2,0,1,0,0,2
5791,14,2,3.939279517,0,61101,0,1,0,4,0,0,0,1,0,1,5,4,5,4,5,4,4,4,3,3,2,3,2,2,2,3,2,3,0.681809821,0.658153773,-0.115269849,1,1,0,0,2,1,1,0,1,0,1,1,1,0,0,3,0,0,3,1,1,0,0,0,0,-9,0,0,1,0,2,0,0,1,3,1,0,0,1,0,1,0,2,1,0,0,1,1,0,0,0,1
5799,52,2,6.583243236,0,82001,0,1,0,3,0,0,1,0,0,2,5,3,2,2,5,5,4,4,5,4,1,3,2,3,3,2,2,3,0.598768756,1.336805297,0.265441264,0,0,0,0,1,1,1,1,0,0,2,0,4,0,0,3,0,0,3,1,0,0,1,0,0,-9,0,0,1,0,2,0,0,1,3,0,1,0,2,0,0,1,3,1,0,0,1,0,1,0,0,2
5801,33,2,0.870258397,0,10019,1,0,0,1,1,0,0,0,0,1,3,3,2,2,4,3,4,5,5,3,1,2,3,1,1,3,3,1,0.249665818,-0.408212478,-0.062467265,0,1,0,0,2,0,1,1,0,0,2,0,4,0,0,3,1,0,1,0,0,0,0,0,0,1,1,0,0,1,3,0,0,1,3,0,0,1,3,0,0,1,3,0,0,1,3,0,0,1,0,3
5803,3,2,0.066214058,1,85099,0,0,0,3,0,0,1,0,0,3,2,0,4,4,4,4,4,4,5,5,2,3,2,2,3,2,2,2,0.234264092,1.28751762,-0.283958196,0,0,0,0,1,0,0,1,0,0,2,0,4,0,1,2,0,0,3,1,0,1,1,1,0,-9,0,0,0,0,0,0,0,0,0,0,0,0,0,0,0,0,0,0,0,0,0,0,0,0,0,0
5807,33,2,0.054489211,0,98004,0,1,0,5,0,0,0,0,1,1,5,4,5,4,4,5,4,3,4,4,2,3,3,2,2,2,3,2,0.621602509,1.341983286,-0.311215854,0,1,0,0,2,0,1,1,0,0,2,0,4,0,0,3,0,0,3,1,1,0,0,1,0,-9,0,0,1,0,2,0,0,1,3,0,0,1,3,0,0,1,3,1,0,0,1,0,0,0,1,4
5811,36,2,0.583816701,0,43420,0,1,0,1,1,0,0,0,0,1,1,0,5,5,1,1,1,1,1,1,2,2,2,2,2,3,3,4,-3.036990349,-1.184736395,1.117517882,1,1,0,0,2,0,0,1,0,0,2,0,4,1,0,1,0,1,2,0,0,0,1,0,0,-9,0,1,0,0,1,0,1,0,2,0,1,0,2,0,0,1,3,1,0,0,1,1,0,0,0,1
5824,11,3,0.228411419,0,30528,0,0,1,2,0,1,0,0,0,1,1,0,5,5,1,1,1,1,5,1,2,1,1,1,1,3,3,3,-0.242264862,0.198304565,-0.085060567,1,0,0,0,1,0,0,1,0,0,2,0,4,0,1,2,0,0,3,0,0,0,0,1,0,-9,0,1,0,0,1,1,0,0,1,0,1,0,2,0,1,0,2,1,0,0,1,1,0,0,0,1
5825,48,3,0.418220276,0,22314,1,0,0,3,0,0,1,0,0,2,2,3,3,4,4,4,3,3,4,3,2,2,2,2,3,2,2,2,-0.138757571,0.26503211,-0.529611511,1,1,0,0,2,1,1,1,0,0,2,0,4,0,1,2,0,1,2,1,0,0,0,0,0,0,0,0,0,1,3,0,0,1,3,0,0,1,3,0,0,1,3,0,0,1,3,0,0,0,1,4
5830,6,4,0.000367037,0,80910,0,1,0,3,0,0,1,0,0,2,1,4,5,5,5,5,5,5,5,5,3,3,2,2,2,3,3,3,0.677593064,1.647306601,0.827374165,0,1,0,0,2,0,0,0,1,0,2,0,2,1,0,1,1,0,1,0,0,0,0,1,0,-9,0,0,0,1,3,0,1,0,2,0,0,1,3,0,1,0,2,1,0,0,1,0,0,0,1,4
5831,5,2,0.399269826,0,95035,1,0,0,2,0,1,0,0,0,1,6,1,5,1,3,3,3,5,5,3,2,2,2,2,2,3,3,4,0.364884123,1.175552184,0.001182295,1,1,0,0,2,1,1,0,0,1,2,0,3,1,0,1,0,0,3,0,0,0,0,1,0,-9,0,0,0,1,3,0,0,1,3,0,0,1,3,0,1,0,2,0,1,0,2,0,0,0,1,4
5832,49,2,0.0419576,0,98155,0,1,0,3,0,0,1,0,0,3,5,3,4,4,4,1,1,1,4,5,2,2,2,2,2,3,3,3,-1.160542414,0.407221527,-1.755780694,1,0,0,0,1,0,0,1,0,0,2,0,4,0,1,2,0,1,2,0,0,0,1,0,0,-9,0,0,1,0,2,0,1,0,2,0,1,0,2,1,0,0,1,1,0,0,1,0,0,1,0,3
5862,5,2,0.006082636,0,91326,0,1,0,4,0,0,0,1,0,5,3,5,3,4,4,3,1,2,2,3,1,2,1,2,1,3,2,2,0.554390445,0.653187923,0.189361866,0,0,0,0,1,0,0,1,0,0,2,0,4,1,0,1,0,0,3,0,0,0,0,1,0,1,1,0,1,0,2,0,1,0,2,0,0,1,3,0,0,1,3,1,0,0,1,0,1,0,0,2
5868,5,2,0.337420915,0,96055,0,1,0,1,1,0,0,0,0,1,5,2,4,3,4,3,2,5,5,4,2,2,3,1,1,2,2,2,-0.102868467,0.856040495,0.051447832,0,0,0,0,1,0,0,1,0,0,2,0,4,0,1,2,0,0,3,0,0,0,1,1,0,0,0,1,0,0,1,1,0,0,1,0,1,0,2,0,0,1,3,1,0,0,1,0,0,1,0,3
5871,45,2,1.741743083,1,75040,0,1,0,4,0,0,0,1,0,1,1,0,1,2,2,1,1,1,1,1,3,3,3,3,3,2,2,2,0.830810542,0.505934842,1.075166303,0,0,0,0,1,0,1,1,0,0,2,0,4,0,0,3,0,0,3,1,0,0,1,1,0,-9,0,0,0,1,3,1,0,0,1,0,0,1,3,1,0,0,1,0,1,0,2,0,0,1,0,3
5875,33,2,0.407575376,0,10013,1,0,0,4,0,0,0,1,0,1,5,4,4,4,5,3,2,2,4,4,3,3,1,3,2,2,2,3,-0.363837469,1.189433395,-2.722317957,0,0,0,0,1,1,1,0,0,0,1,1,1,1,0,1,0,0,3,1,0,0,0,0,0,-9,0,0,0,1,3,0,0,1,3,0,0,1,3,0,1,0,2,0,0,1,3,0,0,0,1,4
5884,21,2,0.675415209,0,20735,0,1,0,2,0,1,0,0,0,2,4,4,4,4,4,4,4,4,4,4,2,2,2,2,2,3,3,3,0.067731785,0.818495615,0.088087581,0,0,0,0,1,1,1,0,1,0,2,0,2,1,0,1,0,1,2,0,0,0,0,1,0,1,1,0,1,0,2,0,1,0,2,0,1,0,2,1,0,0,1,1,0,0,1,1,0,0,0,1
5891,33,2,0.266472726,0,11103,1,0,0,1,1,0,0,0,0,3,4,3,3,4,4,3,3,3,3,3,2,2,2,2,2,3,3,3,-0.4509498,0.08258705,-0.426596301,0,0,0,0,1,1,1,1,0,0,2,0,4,0,1,2,0,1,2,0,0,0,1,0,0,-9,0,0,0,1,3,0,0,1,3,0,1,0,2,0,0,1,3,0,0,1,3,0,0,0,1,4
5894,39,2,0.620875251,0,15019,0,0,1,2,0,1,0,0,0,2,2,3,3,2,3,2,4,2,2,2,3,2,2,2,2,2,3,3,-1.109108513,0.550853439,-1.231649185,0,0,0,0,1,0,0,1,0,0,2,0,4,0,1,2,0,1,2,1,0,0,0,1,0,-9,0,1,0,0,1,1,0,0,1,1,0,0,1,0,0,1,3,1,0,0,1,1,0,0,0,1
5897,23,2,1.309568877,0,49525,0,1,0,5,0,0,0,0,1,2,5,4,3,5,1,5,5,5,5,5,3,3,3,3,3,2,2,2,0.68734991,1.265084578,0.803496164,0,0,0,0,1,0,0,0,1,0,2,0,2,1,0,1,1,0,1,0,1,0,0,0,0,-9,0,1,0,0,1,0,1,0,2,0,1,0,2,0,1,0,2,1,0,0,1,1,0,0,0,1
5898,45,4,0.64358937,1,77084,0,1,0,1,1,0,0,0,0,1,5,5,5,5,1,1,5,5,5,5,2,2,2,2,2,4,4,4,-2.069569047,-0.704345782,2.168351374,0,0,0,0,1,1,1,0,1,0,2,0,2,0,1,2,1,0,1,0,0,0,0,0,0,-9,0,0,0,1,3,1,0,0,1,0,1,0,2,1,0,0,1,1,0,0,1,1,0,0,0,1
5903,3,2,2.20E-09,0,20311,0,0,0,2,0,1,0,0,0,3,5,5,3,3,1,4,5,2,1,5,2,1,2,3,2,3,2,1,-2.040124625,1.093419902,0.761185383,0,0,0,0,1,0,0,0,0,1,2,0,3,1,0,1,0,0,3,1,0,0,0,0,1,-9,0,0,0,0,0,0,0,0,0,0,0,0,0,0,0,0,0,0,0,0,0,0,0,0,0,0
5919,36,2,0.514176438,0,43607,0,1,0,3,0,0,1,0,0,2,4,5,4,2,4,4,4,5,4,5,2,2,2,2,2,2,2,4,-0.129374514,-0.451039158,-1.140632567,0,1,0,0,2,0,0,0,1,0,2,0,2,0,1,2,0,0,3,1,1,0,0,1,0,-9,0,0,1,0,2,0,1,0,2,1,0,0,1,1,0,0,1,1,0,0,1,0,0,1,0,3
5933,1,4,0.31983404,0,35023,0,1,0,4,0,0,0,1,0,1,5,5,4,4,3,2,1,1,2,3,1,3,2,2,2,3,2,1,-0.282260776,1.021541735,-0.920893672,0,0,0,0,1,0,0,0,1,0,2,0,2,1,0,1,0,0,3,1,0,0,0,0,0,-9,0,1,0,0,1,1,0,0,1,1,0,0,1,1,0,0,1,1,0,0,1,1,0,0,0,1
5935,25,2,1.203285504,0,38701,0,1,0,4,0,0,0,1,0,3,4,3,4,5,5,4,5,5,4,5,3,1,1,1,3,2,2,2,0.847940027,1.545063058,0.520998335,0,0,0,0,1,0,0,1,0,0,2,0,4,0,1,2,0,0,3,1,0,0,0,1,0,-9,0,1,0,0,1,0,1,0,2,0,1,0,2,0,0,1,3,1,0,0,1,0,1,0,0,2
5937,10,2,7.052335289,1,33139,1,0,0,3,0,0,1,0,0,4,3,5,4,4,4,4,4,4,4,4,3,2,2,2,1,2,4,4,-0.342131167,0.328861882,-0.392720295,0,1,0,0,2,0,0,0,0,0,1,1,1,1,0,1,1,0,1,0,0,0,0,0,0,-9,0,0,0,1,3,0,0,1,3,1,0,0,1,0,0,1,3,0,1,0,2,0,0,0,1,4
5947,31,1,0.1021556,0,7110,1,0,0,1,1,0,0,0,0,1,1,1,5,3,3,3,4,5,4,5,2,1,1,1,3,2,2,2,0.893920185,1.194057239,0.766484669,0,0,0,0,1,1,1,0,1,0,2,0,2,0,0,0,0,0,3,0,0,0,0,0,0,-9,0,0,0,1,3,0,0,1,3,0,1,0,2,0,0,1,3,0,1,0,2,0,0,0,1,4
5950,33,2,0.505851802,0,10453,1,0,0,4,0,0,0,1,0,2,5,4,4,3,5,4,1,4,5,5,3,1,1,1,3,3,2,1,-1.1293668,0.950154545,-1.151797945,0,0,0,0,1,1,1,0,1,0,1,1,1,0,1,2,1,0,1,0,1,0,0,1,0,1,1,0,0,1,3,0,0,1,3,0,0,1,3,1,0,0,1,0,0,1,3,0,0,1,0,3
5955,37,4,0.235104991,0,74731,0,1,0,1,1,0,0,0,0,1,1,0,1,5,1,1,1,5,5,1,2,1,1,1,2,1,1,1,-1.312326567,-0.805894623,1.65984634,0,1,0,0,2,0,0,0,0,0,2,0,5,1,0,1,0,1,2,0,0,0,0,0,1,-9,0,1,0,0,1,1,0,0,1,0,1,0,2,0,0,1,3,1,0,0,1,1,0,0,0,1
5961,33,4,0.168575968,0,11212,1,0,0,1,1,0,0,0,0,1,3,0,2,4,4,2,4,4,4,4,3,1,1,1,3,2,2,2,0.094771466,0.018185326,-0.125650007,0,0,0,0,1,0,0,0,1,0,2,0,2,1,0,1,0,0,3,0,0,0,0,0,0,-9,0,0,0,1,3,0,0,1,3,1,0,0,1,1,0,0,1,0,0,1,3,0,0,0,1,4
5965,45,3,0.863482836,1,77045,0,1,0,5,0,0,0,0,1,3,4,3,4,3,5,4,3,4,5,2,2,3,2,2,3,1,3,3,0.357850099,0.181132006,-0.619269841,0,0,0,0,1,0,0,1,0,0,1,1,1,1,0,1,0,0,3,0,0,0,0,1,0,-9,0,0,1,0,2,1,0,0,1,0,1,0,2,1,0,0,1,1,0,0,1,0,0,1,0,3
5970,3,2,0.392023532,0,85120,0,1,0,2,0,1,0,0,0,2,4,4,4,3,3,4,4,3,4,4,1,1,1,1,1,3,3,3,0.258129807,0.766969442,-0.724394452,0,1,0,0,2,1,1,1,0,0,2,0,4,0,1,2,0,1,2,0,0,0,1,0,0,1,1,0,1,0,2,0,1,0,2,0,0,1,3,1,0,0,1,1,0,0,1,0,1,0,0,2
5973,14,2,1.23384535,0,60042,0,1,0,3,0,0,1,0,0,2,5,5,5,5,5,5,5,5,5,5,3,3,3,3,3,2,2,2,0.577122095,1.118604253,-0.03066729,0,0,0,0,1,0,0,0,1,0,2,0,2,0,1,2,1,0,1,0,0,0,0,0,0,-9,0,0,1,0,2,1,0,0,1,1,0,0,1,1,0,0,1,1,0,0,1,1,0,0,0,1
5999,26,4,0.400543819,0,64831,0,0,1,2,0,1,0,0,0,1,4,1,4,4,4,4,2,4,4,4,2,2,2,2,2,3,3,3,0.980864559,-1.046420398,0.191919272,1,0,1,0,3,0,0,1,0,0,2,0,4,1,0,1,0,1,2,0,0,0,0,1,0,-9,0,1,0,0,1,1,0,0,1,1,0,0,1,1,0,0,1,1,0,0,1,1,0,0,0,1
6033,24,4,4.123795284,0,55749,0,0,1,1,1,0,0,0,0,2,1,0,5,3,2,2,1,2,3,3,2,2,2,2,2,3,3,3,0.03994925,-0.564548944,0.091954121,1,0,1,0,3,0,0,1,0,0,2,0,4,0,0,3,1,0,1,0,1,0,0,1,0,-9,0,1,0,0,1,1,0,0,1,1,0,0,1,0,0,1,3,1,0,0,1,1,0,0,0,1
6058,3,4,0.092514032,1,85750,0,1,0,5,0,0,0,0,1,3,2,3,2,5,2,3,3,5,5,3,2,1,3,1,3,4,2,3,0.088627783,-0.595594612,-0.6309755,1,0,0,1,4,0,1,1,0,0,2,0,4,0,0,3,0,1,2,0,0,0,0,1,0,-9,0,0,1,0,2,0,1,0,2,1,0,0,1,1,0,0,1,1,0,0,1,1,0,0,0,1
6077,45,2,2.370637763,1,78212,1,0,0,3,0,0,1,0,0,2,4,5,5,4,5,4,4,5,4,5,3,3,1,3,2,3,3,2,0.55667193,1.002052805,0.815993273,0,1,0,0,2,0,1,1,0,0,2,0,4,0,0,3,0,0,3,1,0,0,0,1,0,-9,0,0,1,0,2,0,0,1,3,0,1,0,2,0,0,1,3,1,0,0,1,0,0,0,1,4
