ResponseId,state,empsta,weights,hcity,zip_code,urban,suburban,rural,ext_heat_impact_wlb,heat_imp_1,heat_imp_2,heat_imp_3,heat_imp_4,heat_imp_5,ext_heat_cope,ext_heat_likely_repeat,ext_heat_affect,ext_heat_lkly_normal_business,ext_heat_lkly_stay_home,ext_heat_lkly_seek_shelter,ext_heat_lkly_social_connection,ext_heat_lkly_leave_town,ext_heat_lkly_supplies,ext_heat_lkly_follow_officials,ext_heat_lkly_comm_supports,ext_heat_indoor_restaurant,ext_heat_takeout_pickup,ext_heat_food_delivery,ext_heat_public_indoors,ext_heat_wfh,ext_heat_commute,ext_heat_car_travel,ext_heat_public_transit,ext_heat_stay_home,ext_heat_stay_family_friends,ext_heat_check_family_friends,ext_heat_volunteer_community,ext_heat_ac_equipped,CR,SE,PR,female,age_3150,age_5165,age_65p,age_cat,edu_bs,bs_grad,white,black,asian,hispanic_raw,hispanic_c,race_cat,in50,in50100,income_cat,hhsize1,hhsize2,hhsize_cat,child,dis_yes,work_out,tcom_no,sa_home,hhveh0,ac_raw,ac_c,PopDens_low,PopDens_medium,PopDens_high,PopDens_cat,EmpDens_low,EmpDens_medium,EmpDens_high,EmpDens_cat,NetworkDensity_low,NetworkDensity_medium,NetworkDensity_high,NetworkDensity_cat,Diversity_low,Diversity_medium,Diversity_high,Diversity_cat,TransitAccess_low,TransitAccess_medium,TransitAccess_high,TransitAccess_cat,NatWalkInd_very_low,NatWalkInd_low,NatWalkInd_high,NatWalkInd_very_high,NatWalkInd_cat
1002,5,4,0.057650275,0,95051,1,0,0,3,0,0,1,0,0,1,3,4,4,4,4,4,4,4,4,4,2,2,1,2,3,3,2,2,2,3,3,2,0,-0.50048744,1.703093252,-0.307230964,1,1,0,0,2,1,1,0,0,1,2,0,3,1,0,1,0,0,3,1,1,0,0,0,0,0,0,0,0,1,3,0,0,1,3,0,0,1,3,0,0,1,3,0,1,0,2,0,0,0,1,4
1003,34,4,0.200426179,0,27511,0,1,0,3,0,0,1,0,0,3,5,3,3,4,2,2,2,3,4,3,1,2,2,3,2,2,2,2,2,3,2,2,1,-0.261157732,-1.240921295,0.556773261,0,0,0,1,4,1,1,1,0,0,2,0,4,1,0,1,0,1,2,0,0,0,0,1,0,1,1,0,1,0,2,0,1,0,2,0,0,1,3,0,0,1,3,1,0,0,1,0,0,1,0,3
1004,10,2,0.626965505,1,33614,0,1,0,2,0,1,0,0,0,1,3,3,3,4,1,2,4,5,5,4,2,2,2,3,2,2,1,1,3,3,3,3,1,0.661520218,0.108639111,0.813131128,0,0,0,1,4,0,0,0,1,0,2,0,2,0,1,2,0,1,2,0,0,1,1,1,0,1,1,0,1,0,2,0,0,1,3,0,0,1,3,0,1,0,2,0,1,0,2,0,0,1,0,3
1005,7,2,0.468402617,0,6708,0,1,0,4,0,0,0,1,0,2,5,5,4,5,1,1,1,5,5,1,2,2,2,4,3,2,2,2,3,4,4,4,1,0.049873769,-1.976156857,0.997521716,0,0,1,0,3,0,0,1,0,0,2,0,4,1,0,1,1,0,1,0,0,0,0,0,0,1,1,0,0,1,3,0,1,0,2,0,0,1,3,1,0,0,1,0,1,0,2,0,0,1,0,3
1006,48,4,0.269793111,0,24439,0,0,1,2,0,1,0,0,0,5,5,3,4,4,1,1,1,4,4,2,2,2,2,4,2,2,2,2,2,4,4,4,1,0.611257856,-1.110460585,-1.813361955,1,1,0,0,2,0,0,1,0,0,2,0,4,1,0,1,0,0,3,0,1,0,0,1,1,1,1,1,0,0,1,1,0,0,1,1,0,0,1,1,0,0,1,1,0,0,1,1,0,0,0,1
1007,42,4,0.410159583,0,29006,0,1,0,3,0,0,1,0,0,3,5,3,4,5,1,1,1,3,3,1,2,2,2,4,2,2,2,2,2,4,3,4,1,-0.138619524,-0.04440612,0.252712108,1,0,1,0,3,0,0,1,0,0,2,0,4,1,0,1,0,1,2,0,0,0,0,0,0,1,1,1,0,0,1,1,0,0,1,1,0,0,1,1,0,0,1,1,0,0,1,1,0,0,0,1
1010,10,4,0.529310787,1,33617,1,0,0,3,0,0,1,0,0,2,5,3,4,5,1,4,1,5,5,5,2,1,2,1,2,2,2,2,2,3,4,3,1,0.712858679,0.446968073,-0.378590998,1,0,0,1,4,0,0,1,0,0,2,0,4,1,0,1,1,0,1,0,0,0,0,0,0,1,1,0,0,1,3,0,1,0,2,0,0,1,3,1,0,0,1,1,0,0,1,0,0,1,0,3
1011,31,4,0.484656137,0,8344,0,1,0,5,0,0,0,0,1,5,4,5,3,3,3,3,3,3,3,3,1,1,1,1,1,1,1,1,1,1,1,1,1,-0.849085224,0.243209007,-1.040977825,1,1,0,0,2,0,0,0,1,0,2,0,2,1,0,1,1,0,1,0,0,0,0,1,1,1,1,1,0,0,1,1,0,0,1,1,0,0,1,0,0,1,3,1,0,0,1,0,1,0,0,2
1012,50,4,4.235646365,0,26301,0,1,0,1,1,0,0,0,0,5,6,0,3,3,3,3,3,3,3,3,2,2,2,4,2,2,2,2,2,4,4,4,1,-0.849085224,0.243209007,-1.040977825,1,0,1,0,3,0,0,1,0,0,2,0,4,1,0,1,1,0,1,0,0,0,0,0,1,1,1,1,0,0,1,0,1,0,2,0,0,1,3,0,0,1,3,1,0,0,1,0,1,0,0,2
1013,38,4,4.72E-06,0,97214,1,0,0,3,0,0,1,0,0,3,5,3,2,4,2,2,1,3,4,4,1,1,1,2,2,2,2,1,3,3,2,3,1,-0.264769143,-0.303906102,-0.184036962,1,0,1,0,3,0,0,1,0,0,2,0,4,1,0,1,1,0,1,0,0,0,0,0,1,1,1,0,0,1,3,0,0,1,3,0,1,0,2,0,0,1,3,0,0,1,3,0,0,0,1,4
1016,39,2,0.461104918,0,16510,0,1,0,3,0,0,1,0,0,2,5,3,5,5,1,1,1,3,5,1,2,2,2,3,2,2,2,2,2,4,3,4,1,1.283706444,-0.365564105,1.077534827,1,1,0,0,2,0,0,1,0,0,2,0,4,1,0,1,0,0,3,0,0,0,1,0,1,1,1,0,1,0,2,0,1,0,2,0,1,0,2,0,1,0,2,1,0,0,1,0,0,1,0,3
1017,1,1,1.679072662,0,36870,0,1,0,3,0,0,1,0,0,2,3,5,3,4,4,5,1,4,4,3,2,2,2,3,2,3,3,3,2,2,2,1,1,-0.232175026,0.718103637,0.460953979,1,0,1,0,3,0,0,0,1,0,2,0,2,1,0,1,1,0,1,0,0,0,0,0,0,1,1,1,0,0,1,1,0,0,1,0,1,0,2,1,0,0,1,1,0,0,1,1,0,0,0,1
1022,5,2,0.00596632,0,95404,1,0,0,2,0,1,0,0,0,3,4,4,4,4,4,4,4,3,4,2,1,1,1,1,1,1,1,1,3,1,1,1,1,0.171707213,0.899933959,0.588666072,0,1,0,0,2,0,0,1,0,0,2,0,4,1,0,1,0,1,2,0,0,0,0,0,0,1,1,0,0,1,3,0,0,1,3,0,1,0,2,0,0,1,3,0,1,0,2,0,0,1,0,3
1023,5,2,0.327563225,0,90017,1,0,0,1,1,0,0,0,0,2,5,3,5,3,1,1,1,1,1,1,2,2,2,4,2,2,2,2,2,4,4,4,1,-1.361935363,-0.067415712,1.151663573,1,0,0,1,4,0,0,1,0,0,2,0,4,1,0,1,1,0,1,0,0,0,0,0,1,1,1,0,0,1,3,0,0,1,3,0,0,1,3,0,0,1,3,0,0,1,3,0,0,0,1,4
1025,29,4,3.23E-05,0,89701,0,1,0,1,1,0,0,0,0,2,4,1,5,1,1,1,1,1,1,1,2,2,2,3,2,2,2,2,2,3,3,3,1,-0.090737013,-0.55039777,0.919549357,1,0,1,0,3,0,0,1,0,0,2,0,4,0,1,2,0,1,2,0,0,0,0,0,0,1,1,0,1,0,2,0,1,0,2,0,0,1,3,0,1,0,2,1,0,0,1,0,1,0,0,2
1028,39,4,1.982650153,0,15120,1,0,0,1,1,0,0,0,0,3,5,3,4,5,5,5,5,4,5,5,3,2,2,3,2,2,2,3,3,2,2,4,1,0.436381491,-1.164875867,-0.687405826,1,0,1,0,3,0,0,1,0,0,2,0,4,1,0,1,1,0,1,0,1,0,0,0,1,1,1,0,0,1,3,0,0,1,3,1,0,0,1,0,1,0,2,1,0,0,1,0,0,0,1,4
1029,46,4,8.40E-05,0,84088,0,1,0,5,0,0,0,0,1,4,5,5,1,5,3,4,1,5,5,4,1,1,3,1,2,2,1,2,3,3,2,2,1,0.589318409,1.419674472,0.127813904,1,0,0,1,4,0,0,1,0,0,2,0,4,1,0,1,0,1,2,0,0,0,0,1,0,1,1,0,1,0,2,0,0,1,3,0,1,0,2,0,0,1,3,0,0,1,3,0,0,0,1,4
1030,45,4,4.28473235,1,77505,0,1,0,4,0,0,0,1,0,3,4,4,4,4,1,1,1,1,4,1,2,1,1,4,2,2,2,2,2,4,2,4,1,0.427274728,-0.137876904,0.787080829,1,0,0,1,4,0,0,1,0,0,2,0,4,0,0,3,0,1,2,0,0,0,0,1,0,1,1,0,1,0,2,0,1,0,2,0,0,1,3,0,1,0,2,1,0,0,1,0,1,0,0,2
1034,49,4,0.027778406,0,98026,0,1,0,2,0,1,0,0,0,2,5,4,5,5,2,2,2,3,5,2,2,2,2,2,2,2,3,1,3,4,2,4,0,0.952006515,0.620700465,0.708712163,1,0,0,1,4,0,1,1,0,0,2,0,4,0,1,2,1,0,1,0,0,0,0,0,0,0,0,0,1,0,2,0,0,1,3,1,0,0,1,1,0,0,1,1,0,0,1,0,0,1,0,3
1037,49,4,0.062362714,0,98275,0,1,0,3,0,0,1,0,0,3,5,5,1,4,3,3,4,2,4,1,3,3,2,2,2,2,2,2,2,3,3,1,0,0.441286799,0.362106914,-0.316130727,1,0,0,1,4,1,1,1,0,0,2,0,4,0,0,3,1,0,1,0,0,0,0,0,0,0,0,0,1,0,2,0,1,0,2,1,0,0,1,1,0,0,1,0,1,0,2,0,0,1,0,3
1040,49,2,0.013296319,0,98375,0,1,0,4,0,0,0,1,0,3,5,5,3,3,1,1,1,4,4,2,1,1,1,1,3,1,1,3,3,1,3,1,1,-2.012601179,0.004688332,-0.150620629,0,1,0,0,2,0,1,1,0,0,2,0,4,0,1,2,0,0,3,0,0,0,1,1,0,1,1,0,1,0,2,0,1,0,2,1,0,0,1,1,0,0,1,1,0,0,1,0,1,0,0,2
1046,49,4,0.036667177,0,98105,1,0,0,3,0,0,1,0,0,2,5,4,4,5,3,3,3,4,5,4,2,2,2,1,2,2,1,1,3,3,3,3,1,1.265556692,-0.301523947,0.110151689,1,0,1,0,3,0,0,1,0,0,2,0,4,1,0,1,1,0,1,0,1,0,0,0,1,1,1,0,0,1,3,0,0,1,3,0,0,1,3,0,0,1,3,1,0,0,1,0,0,0,1,4
1050,49,4,0.02509942,0,98208,0,1,0,1,1,0,0,0,0,1,5,0,5,3,1,1,1,3,3,3,2,2,2,3,2,2,2,2,2,3,3,3,1,-1.121074855,-1.541345457,0.457050386,0,0,0,1,4,0,0,1,0,0,2,0,4,1,0,1,1,0,1,0,0,0,0,0,0,1,1,0,1,0,2,0,0,1,3,0,0,1,3,0,1,0,2,1,0,0,1,0,0,1,0,3
1054,49,4,0.013653833,0,98023,0,1,0,1,1,0,0,0,0,2,5,0,5,2,1,1,1,3,4,3,3,3,3,1,3,1,1,1,3,1,2,1,0,0.351984335,-0.706229476,-0.703348563,1,1,0,0,2,0,0,0,1,0,2,0,2,1,0,1,0,1,2,0,0,0,0,1,0,0,0,0,0,1,3,0,1,0,2,1,0,0,1,1,0,0,1,1,0,0,1,0,0,1,0,3
1057,49,4,0.039469085,0,98466,0,1,0,5,0,0,0,0,1,3,4,4,1,5,1,3,1,5,5,3,2,2,3,4,2,2,1,2,3,3,2,4,0,1.519318963,-0.742995789,-2.127537884,0,0,1,0,3,1,1,1,0,0,2,0,4,1,0,1,1,0,1,0,1,0,0,0,0,0,0,0,1,0,2,0,1,0,2,1,0,0,1,1,0,0,1,1,0,0,1,0,0,0,1,4
1059,49,4,0.079167911,0,98008,1,0,0,3,0,0,1,0,0,2,5,4,4,4,1,1,1,3,4,1,2,2,2,4,2,2,2,2,3,4,3,4,0,-0.56883416,-0.122061678,0.346902458,0,0,0,1,4,1,1,1,0,0,2,0,4,0,0,3,1,0,1,0,0,0,0,1,0,0,0,0,0,1,3,0,0,1,3,0,1,0,2,1,0,0,1,1,0,0,1,0,0,0,1,4
1061,49,4,0.04457819,0,98388,0,1,0,2,0,1,0,0,0,2,3,1,5,4,1,1,1,1,1,1,3,2,2,4,2,2,2,2,2,1,1,1,1,-0.922872334,-0.51723911,1.189459824,0,0,0,1,4,0,0,1,0,0,2,0,4,0,1,2,0,1,2,0,0,0,0,1,0,1,1,0,1,0,2,1,0,0,1,1,0,0,1,1,0,0,1,0,1,0,2,0,1,0,0,2
1062,3,4,0.010219066,1,85304,1,0,0,3,0,0,1,0,0,3,5,5,4,5,3,4,2,2,4,5,2,2,2,4,2,2,2,2,3,3,2,3,1,0.435276982,-0.729937797,-0.222071517,1,0,0,1,4,1,1,1,0,0,2,0,4,1,0,1,0,1,2,0,1,0,0,1,0,1,1,0,0,1,3,0,1,0,2,1,0,0,1,0,1,0,2,1,0,0,1,0,0,0,1,4
1065,3,4,0.038756086,1,85375,0,1,0,2,0,1,0,0,0,1,5,3,5,4,2,2,2,2,5,2,2,2,2,3,2,2,2,2,3,4,3,4,1,-0.013149079,-0.488311134,0.210804594,0,0,0,1,4,1,1,1,0,0,2,0,4,0,1,2,0,1,2,0,0,0,0,0,0,1,1,1,0,0,1,1,0,0,1,0,1,0,2,1,0,0,1,1,0,0,1,1,0,0,0,1
1067,3,4,0.020579455,1,85008,1,0,0,1,1,0,0,0,0,1,5,1,5,1,1,1,1,1,1,1,2,2,2,1,2,2,2,2,2,3,3,3,1,-0.296406392,-0.405564848,0.149771279,1,0,0,1,4,1,1,0,1,0,2,0,2,1,0,1,1,0,1,0,0,0,0,0,0,1,1,0,0,1,3,0,0,1,3,0,1,0,2,0,0,1,3,0,1,0,2,0,0,1,0,3
1069,3,4,0.00661265,1,85205,0,1,0,3,0,0,1,0,0,2,5,3,5,5,1,1,1,4,5,3,2,2,2,4,2,2,2,2,2,3,3,4,1,0.378169214,-0.571636432,0.558414149,1,0,1,0,3,0,0,1,0,0,2,0,4,1,0,1,0,1,2,0,0,0,0,0,0,1,1,0,1,0,2,0,1,0,2,0,1,0,2,0,1,0,2,1,0,0,1,0,0,1,0,3
1073,49,4,0.018986714,0,98042,0,1,0,5,0,0,0,0,1,4,5,5,3,5,1,3,1,3,1,1,2,2,2,4,2,2,1,2,1,2,2,4,0,-0.235695063,-0.588946703,-1.636485748,1,1,0,0,2,0,0,1,0,0,2,0,4,1,0,1,0,1,2,0,1,0,0,1,0,0,0,0,1,0,2,1,0,0,1,0,1,0,2,1,0,0,1,1,0,0,1,1,0,0,0,1
1074,3,4,0.062425983,1,85326,0,1,0,3,0,0,1,0,0,1,5,3,4,4,1,1,1,1,1,1,2,2,2,2,2,2,2,2,2,3,4,4,1,0.452107289,0.688880205,-0.065808448,1,1,0,0,2,0,0,1,0,0,2,0,4,0,1,2,0,0,3,1,0,0,0,1,0,1,1,1,0,0,1,1,0,0,1,0,1,0,2,1,0,0,1,1,0,0,1,1,0,0,0,1
1075,3,4,0.08589955,1,85351,0,1,0,5,0,0,0,0,1,3,5,5,4,4,1,1,5,2,3,1,2,1,1,1,2,1,3,1,2,1,3,4,1,-1.509709483,-0.929614079,1.332184621,0,0,0,1,4,0,0,1,0,0,2,0,4,1,0,1,1,0,1,0,0,0,0,1,0,1,1,0,1,0,2,1,0,0,1,0,1,0,2,1,0,0,1,1,0,0,1,0,1,0,0,2
1076,3,4,0.00105438,1,85021,1,0,0,5,0,0,0,0,1,5,5,5,1,5,4,5,4,5,5,4,2,2,2,1,3,1,2,2,2,2,2,3,1,0.964289106,0.082751826,0.738250695,1,0,0,1,4,0,0,1,0,0,2,0,4,1,0,1,1,0,1,0,1,0,0,0,1,1,1,0,0,1,3,0,0,1,3,1,0,0,1,0,1,0,2,0,0,1,3,0,0,0,1,4
1077,3,4,0.007579327,0,85142,0,1,0,2,0,1,0,0,0,2,5,3,3,4,1,4,1,4,5,4,2,1,2,1,3,1,1,1,3,2,2,2,1,0.062998061,0.08741072,1.179900645,1,0,1,0,3,0,0,1,0,0,2,0,4,0,0,0,0,0,3,0,1,0,0,1,0,1,1,1,0,0,1,1,0,0,1,0,1,0,2,0,0,1,3,1,0,0,1,1,0,0,0,1
1078,3,2,0.013087255,1,85254,0,1,0,5,0,0,0,0,1,1,5,5,5,5,1,1,3,1,1,1,2,2,2,2,2,2,2,2,3,1,3,3,1,0.674759571,1.56339791,1.015872611,1,1,0,0,2,1,1,1,0,0,2,0,4,0,1,2,0,0,3,1,0,0,1,1,0,1,1,0,1,0,2,0,0,1,3,0,0,1,3,0,1,0,2,1,0,0,1,0,0,1,0,3
1079,3,4,0.010724002,1,85209,0,1,0,1,1,0,0,0,0,1,5,0,5,4,1,1,1,1,4,4,2,2,2,4,2,2,2,2,2,4,3,4,1,0.884614459,0.85685511,0.485569515,1,0,0,1,4,1,1,1,0,0,2,0,4,1,0,1,1,0,1,0,0,0,0,1,0,1,1,0,1,0,2,0,1,0,2,0,0,1,3,1,0,0,1,1,0,0,1,0,0,1,0,3
1082,3,4,0.014513458,1,85206,0,1,0,5,0,0,0,0,1,3,5,5,3,5,1,1,1,5,5,3,2,2,2,4,2,2,2,2,3,4,2,2,1,0.485024252,-0.581317703,-1.181689441,1,0,0,1,4,0,0,1,0,0,2,0,4,1,0,1,1,0,1,0,0,0,0,0,0,1,1,0,1,0,2,0,0,1,3,0,0,1,3,0,0,1,3,1,0,0,1,0,0,1,0,3
1083,3,4,0.036163248,1,85001,1,0,0,2,0,1,0,0,0,1,4,1,4,3,3,3,2,2,3,3,2,1,2,3,2,2,2,2,2,3,2,3,1,0.638006807,-0.190643539,0.773372438,0,0,0,1,4,0,0,1,0,0,2,0,4,0,0,3,0,0,3,0,0,0,0,1,0,1,1,0,0,0,0,0,0,0,0,0,0,0,0,0,0,0,0,0,0,0,0,0,0,0,0,0
1084,3,4,0.014642507,1,85208,0,1,0,4,0,0,0,1,0,1,5,5,4,5,1,5,1,5,5,1,1,1,1,3,2,2,2,2,2,3,3,4,1,-1.422315573,-1.112839133,2.349336059,1,0,0,1,4,0,1,1,0,0,2,0,4,1,0,1,1,0,1,0,0,0,0,0,0,1,1,0,1,0,2,0,1,0,2,0,0,1,3,0,1,0,2,1,0,0,1,0,1,0,0,2
1085,3,2,0.173351591,1,85308,0,1,0,2,0,1,0,0,0,2,5,1,5,5,2,4,4,5,5,5,2,1,2,2,2,2,1,1,2,3,2,2,1,0.827540109,-0.47749538,0.647929134,0,0,0,1,4,1,1,1,0,0,1,1,1,0,0,3,0,0,3,1,0,0,1,1,0,1,1,0,1,0,2,0,1,0,2,0,0,1,3,0,1,0,2,1,0,0,1,0,0,1,0,3
1086,3,2,0.084021678,1,85374,0,1,0,3,0,0,1,0,0,1,5,5,5,5,1,1,1,1,5,1,2,2,2,3,2,2,2,2,2,3,3,3,1,-0.663273403,-0.202086102,1.291054223,1,0,1,0,3,0,1,1,0,0,2,0,4,0,0,3,0,1,2,0,0,0,0,1,0,1,1,0,1,0,2,0,1,0,2,0,0,1,3,0,1,0,2,1,0,0,1,1,0,0,0,1
1087,3,4,0.027061615,1,85029,1,0,0,3,0,0,1,0,0,2,5,3,2,5,1,1,1,1,4,1,1,1,1,1,2,2,1,2,2,1,3,4,1,0.448478497,-1.163990477,0.042397735,1,0,0,1,4,0,0,1,0,0,2,0,4,0,1,2,0,1,2,0,0,0,0,1,0,1,1,0,0,1,3,0,0,1,3,0,0,1,3,0,1,0,2,1,0,0,1,0,0,0,1,4
1089,3,4,0.061334699,1,85284,0,1,0,2,0,1,0,0,0,2,5,3,3,5,1,1,5,3,5,1,1,1,2,1,2,2,1,2,3,1,2,1,1,0.650592004,-1.03118249,0.262832271,1,0,0,1,4,1,1,1,0,0,2,0,4,0,0,3,0,1,2,0,0,0,0,1,0,1,1,0,1,0,2,0,0,1,3,0,0,1,3,0,1,0,2,1,0,0,1,0,0,0,1,4
1090,3,4,0.003595946,1,85015,1,0,0,3,0,0,1,0,0,2,3,2,4,5,4,3,2,4,4,3,1,2,2,4,3,3,2,2,3,4,3,4,1,-0.26386174,-0.12016107,-0.56524685,1,1,0,0,2,0,1,1,0,0,2,0,4,1,0,1,0,0,3,0,1,0,0,0,0,1,1,0,0,1,3,0,0,1,3,0,1,0,2,0,1,0,2,0,0,1,3,0,0,0,1,4
1091,3,2,0.00721292,1,85202,1,0,0,4,0,0,0,1,0,4,5,4,4,5,1,1,1,1,1,1,1,1,1,1,2,1,2,2,2,3,3,3,1,-1.966766187,-1.587993425,-0.195569914,0,1,0,0,2,1,1,1,0,0,2,0,4,1,0,1,0,1,2,0,0,0,0,0,1,1,1,0,0,1,3,0,1,0,2,0,0,1,3,0,0,1,3,0,1,0,2,0,0,0,1,4
1093,3,4,0.004603127,1,85375,0,1,0,2,0,1,0,0,0,2,5,1,5,4,2,2,1,4,5,3,2,1,3,1,2,1,1,1,3,1,2,1,1,0.702150334,0.072246536,0.844346269,1,0,1,0,3,0,0,1,0,0,2,0,4,1,0,1,0,0,3,0,0,0,0,1,0,1,1,1,0,0,1,1,0,0,1,0,1,0,2,1,0,0,1,1,0,0,1,1,0,0,0,1
1094,3,4,0.002651363,1,85282,1,0,0,3,0,0,1,0,0,3,5,3,3,4,3,1,1,3,3,4,2,2,2,4,2,2,2,2,3,4,2,4,1,-0.819945314,0.144488215,-1.763412303,1,0,1,0,3,0,0,1,0,0,2,0,4,1,0,1,0,0,3,1,0,0,0,0,0,1,1,0,0,1,3,0,0,1,3,0,0,1,3,0,0,1,3,0,1,0,2,0,0,0,1,4
1096,3,4,0.283835784,1,85213,0,1,0,5,0,0,0,0,1,2,5,5,4,5,1,2,2,2,5,3,2,2,2,4,2,2,2,2,3,4,2,3,1,0.355799415,0.677157152,0.972363241,0,0,0,1,4,0,0,1,0,0,2,0,4,1,0,1,1,0,1,0,0,0,0,1,0,1,1,0,1,0,2,0,1,0,2,0,1,0,2,1,0,0,1,0,1,0,2,0,0,1,0,3
1097,3,2,0.036987345,1,85338,0,1,0,2,0,1,0,0,0,2,4,3,4,4,1,2,4,4,4,3,2,1,1,1,2,2,2,1,3,1,2,3,1,0.686157288,-1.240982979,-0.096920113,1,0,1,0,3,0,1,1,0,0,2,0,4,0,1,2,0,1,2,0,0,0,1,1,0,1,1,1,0,0,1,1,0,0,1,0,1,0,2,0,0,1,3,1,0,0,1,0,1,0,0,2
1098,3,2,0.004491707,1,85225,1,0,0,4,0,0,0,1,0,4,5,5,1,5,1,5,5,5,5,1,1,1,3,1,3,1,1,1,3,1,2,1,1,1.548928509,-1.276821001,-0.763128117,1,1,0,0,2,1,1,1,0,0,2,0,4,1,0,1,0,0,3,0,1,0,0,1,0,1,1,0,0,1,3,0,1,0,2,0,0,1,3,0,1,0,2,1,0,0,1,0,0,1,0,3
1099,3,2,0.013378893,1,85345,0,1,0,3,0,0,1,0,0,3,5,4,4,5,1,1,4,4,5,4,1,1,3,3,3,1,1,2,3,4,2,2,1,-0.080898174,-0.878226057,0.367999278,1,1,0,0,2,1,1,1,0,0,2,0,4,0,1,2,0,0,3,1,0,0,0,1,0,1,1,0,1,0,2,0,1,0,2,0,0,1,3,1,0,0,1,1,0,0,1,0,0,1,0,3
1100,3,4,0.027061615,1,85037,0,1,0,1,1,0,0,0,0,1,5,2,5,5,1,1,1,3,4,1,1,1,1,1,2,2,1,2,3,1,1,1,1,-0.054802991,-1.621110682,1.242191357,1,0,0,1,4,0,0,1,0,0,2,0,4,0,1,2,0,1,2,0,0,0,0,1,0,1,1,0,0,1,3,0,1,0,2,0,1,0,2,1,0,0,1,1,0,0,1,0,0,1,0,3
1101,3,4,0.008891702,1,85053,1,0,0,1,1,0,0,0,0,2,5,2,4,5,1,1,1,4,5,3,2,2,2,4,2,2,2,2,2,4,3,4,1,1.020967111,-0.091103362,0.535857346,1,0,0,1,4,1,1,1,0,0,2,0,4,1,0,1,0,1,2,0,1,0,0,0,0,1,1,0,0,1,3,0,0,1,3,0,0,1,3,0,1,0,2,1,0,0,1,0,0,0,1,4
1104,3,2,0.102249691,1,85351,0,1,0,2,0,1,0,0,0,2,5,4,1,5,2,2,5,4,4,3,1,1,3,1,3,1,3,1,3,1,2,1,1,0.252025699,-1.105269658,0.382997405,1,0,1,0,3,0,1,1,0,0,2,0,4,0,0,3,0,1,2,0,0,0,1,1,0,1,1,0,1,0,2,1,0,0,1,0,1,0,2,1,0,0,1,1,0,0,1,0,1,0,0,2
1107,3,2,0.009834738,1,85233,0,1,0,1,1,0,0,0,0,1,5,5,5,5,1,4,2,4,5,3,2,2,2,4,2,2,2,2,2,3,3,4,1,-0.882058695,-1.568696044,-1.380737833,1,1,0,0,2,0,0,1,0,0,2,0,4,1,0,1,1,0,1,0,0,0,1,0,0,1,1,0,1,0,2,0,0,1,3,0,0,1,3,0,1,0,2,1,0,0,1,0,0,1,0,3
1108,3,4,0.027962505,1,85382,0,1,0,4,0,0,0,1,0,2,5,4,3,4,2,2,2,2,5,2,2,2,2,3,2,2,2,2,2,3,3,3,1,0.40421187,-0.039236921,0.508669371,1,0,1,0,3,0,1,1,0,0,2,0,4,0,1,2,0,1,2,0,0,0,0,1,0,1,1,0,1,0,2,0,1,0,2,0,1,0,2,0,0,1,3,1,0,0,1,0,1,0,0,2
1109,3,2,0.022299858,1,85201,1,0,0,4,0,0,0,1,0,3,5,5,3,4,1,1,1,3,4,3,2,2,3,2,2,2,3,2,3,4,3,2,1,-0.425833547,0.076939737,0.156100563,1,0,1,0,3,1,1,1,0,0,1,1,1,1,0,1,0,0,3,1,0,0,1,0,0,1,1,0,0,1,3,0,0,1,3,0,1,0,2,0,0,1,3,0,0,1,3,0,0,0,1,4
1110,3,2,0.021258501,1,85206,0,1,0,5,0,0,0,0,1,2,5,5,4,5,1,5,1,5,5,4,1,3,3,2,1,2,1,1,1,2,2,2,1,0.690454953,0.847980961,0.981484882,0,0,1,0,3,0,0,1,0,0,2,0,4,0,1,2,0,0,3,1,0,0,1,1,0,1,1,0,1,0,2,0,0,1,3,0,0,1,3,0,0,1,3,1,0,0,1,0,0,1,0,3
1112,49,2,0.031040473,0,98155,0,1,0,5,0,0,0,0,1,5,5,5,3,1,3,3,1,5,5,3,3,2,2,2,2,2,3,1,2,3,3,1,0,1.009543315,0.085331246,-0.599251819,1,1,0,0,2,0,0,1,1,0,2,0,2,1,0,1,0,0,3,1,1,0,1,0,1,0,0,0,1,0,2,0,1,0,2,0,1,0,2,1,0,0,1,1,0,0,1,0,0,1,0,3
1113,49,4,0.04737658,0,98070,0,1,0,3,0,0,1,0,0,3,4,4,1,4,2,4,2,5,5,5,1,3,3,2,2,2,2,2,3,2,2,2,0,1.336558898,0.541629484,0.146369162,1,0,0,1,4,0,1,1,0,0,2,0,4,0,0,3,0,1,2,0,0,0,0,1,0,0,0,1,0,0,1,1,0,0,1,1,0,0,1,0,1,0,2,0,1,0,2,1,0,0,0,1
1114,3,2,0.082855407,1,85383,0,1,0,2,0,1,0,0,0,1,5,1,5,4,1,1,1,3,4,2,2,2,2,3,2,2,2,2,2,3,3,4,1,0.362401116,-0.155636661,0.907250014,0,0,1,0,3,0,0,1,0,0,2,0,4,0,0,3,0,0,3,0,0,0,1,1,0,1,1,0,1,0,2,1,0,0,1,0,1,0,2,0,1,0,2,1,0,0,1,1,0,0,0,1
1115,3,4,0.006463556,1,85032,0,1,0,3,0,0,1,0,0,3,5,5,4,4,2,1,1,2,4,4,2,2,3,2,2,2,1,1,3,1,2,2,1,-2.000006258,1.341298384,0.851618455,1,0,1,0,3,1,1,1,0,0,2,0,4,1,0,1,0,0,3,0,1,0,0,1,0,1,1,0,0,1,3,0,1,0,2,0,0,1,3,0,0,1,3,1,0,0,1,0,0,0,1,4
1116,49,2,0.009337822,0,98383,0,1,0,2,0,1,0,0,0,1,5,5,5,5,5,5,1,5,5,5,2,2,2,2,2,2,2,2,2,3,3,3,0,0.790078234,-0.669032489,0.448789977,1,0,1,0,3,0,0,0,0,0,2,0,5,0,1,2,0,0,3,0,0,0,0,0,0,0,0,1,0,0,1,0,1,0,2,0,1,0,2,1,0,0,1,1,0,0,1,1,0,0,0,1
1117,49,4,0.162161109,0,98258,0,1,0,2,0,1,0,0,0,2,5,3,3,5,3,3,3,5,3,3,2,1,3,3,1,1,2,2,2,3,3,3,1,0.994367892,-1.032963297,-0.305270186,1,0,0,1,4,0,0,1,1,1,1,1,1,1,0,1,1,0,1,0,1,0,0,0,1,1,1,0,1,0,2,1,0,0,1,1,0,0,1,1,0,0,1,0,1,0,2,0,1,0,0,2
1120,49,2,0.089992219,0,98271,0,1,0,5,0,0,0,0,1,1,2,3,3,3,3,4,4,5,4,5,3,3,3,1,3,3,3,1,3,3,2,2,0,0.780275599,0.260671087,0.978574764,0,0,1,0,3,0,0,1,0,0,1,1,1,1,0,1,1,0,1,0,1,1,1,0,0,0,0,1,0,0,1,1,0,0,1,0,1,0,2,0,1,0,2,1,0,0,1,1,0,0,0,1
1122,49,4,0.011278846,0,98115,1,0,0,2,0,1,0,0,0,2,5,3,2,4,1,2,1,2,4,2,3,3,2,2,2,2,2,1,3,2,3,3,1,0.69017653,-0.739713881,0.021472179,1,0,0,1,4,1,1,1,0,0,2,0,4,0,0,0,1,0,1,0,1,0,0,1,0,1,1,0,0,1,3,0,0,1,3,0,1,0,2,0,0,1,3,1,0,0,1,0,0,0,1,4
1127,49,4,0.0083043,0,98103,1,0,0,1,1,0,0,0,0,1,4,1,3,4,1,1,1,1,3,1,3,2,2,2,2,2,1,1,2,2,2,2,0,0.329113889,0.34881034,0.61725984,1,0,0,1,4,1,1,1,0,0,2,0,4,1,0,1,0,1,2,0,0,0,0,1,0,0,0,0,0,1,3,0,0,1,3,1,0,0,1,0,0,1,3,1,0,0,1,0,0,0,1,4
1128,49,4,0.018705963,0,98409,0,1,0,3,0,0,1,0,0,2,3,4,3,5,1,1,1,5,5,3,2,2,2,4,2,2,2,2,2,4,3,4,0,0.972366198,-0.448016073,0.881683076,1,1,0,0,2,0,1,1,0,0,2,0,4,0,1,2,1,0,1,0,1,0,0,0,0,0,0,0,1,0,2,0,0,1,3,0,0,1,3,0,0,1,3,0,1,0,2,0,0,0,1,4
1130,49,4,0.033727458,0,98337,1,0,0,4,0,0,0,1,0,2,5,5,5,5,2,1,1,1,5,1,2,2,2,4,2,2,2,2,3,4,2,2,1,0.401394476,-1.575930575,0.419616964,1,0,1,0,3,0,0,1,0,0,2,0,4,1,0,1,1,0,1,0,1,0,0,0,0,1,1,0,0,1,3,0,0,1,3,1,0,0,1,1,0,0,1,0,0,1,3,0,0,0,1,4
1131,49,2,0.026250428,0,98038,0,1,0,3,0,0,1,0,0,2,4,3,3,3,2,2,2,3,3,4,2,2,2,3,2,2,2,2,2,3,3,3,0,0.104781094,0.526718069,0.077450635,1,1,0,0,2,0,1,1,0,0,2,0,4,0,0,3,0,0,3,1,0,0,0,1,0,0,0,0,1,0,2,1,0,0,1,1,0,0,1,1,0,0,1,1,0,0,1,0,1,0,0,2
1132,49,4,0.016581232,0,98092,0,1,0,2,0,1,0,0,0,2,4,4,4,5,2,5,1,4,5,5,1,3,1,2,2,2,1,2,2,2,2,1,1,1.505342146,-0.278136911,-0.665647558,1,0,1,0,3,1,1,1,0,0,2,0,4,0,1,2,1,0,1,0,0,0,0,0,0,1,1,0,1,0,2,1,0,0,1,1,0,0,1,1,0,0,1,1,0,0,1,0,1,0,0,2
1134,49,4,0.067669362,0,98002,1,0,0,4,0,0,0,1,0,2,5,4,2,5,2,2,1,5,4,4,1,1,1,1,2,2,2,2,3,4,2,4,0,0.60156723,0.688572487,0.84171882,1,0,1,0,3,0,0,1,0,0,2,0,4,1,0,1,1,0,1,0,1,0,0,0,0,0,0,0,0,1,3,0,0,1,3,0,1,0,2,0,1,0,2,0,1,0,2,0,0,0,1,4
1135,49,1,0.054086572,0,98034,1,0,0,1,1,0,0,0,0,1,3,5,3,5,5,5,5,5,5,5,2,2,2,3,2,2,1,2,3,2,2,4,1,1.394462538,0.432169577,0.556346617,1,0,1,0,3,0,0,1,0,0,2,0,4,1,0,1,1,0,1,0,0,0,1,1,0,1,1,0,0,1,3,0,0,1,3,0,1,0,2,0,1,0,2,1,0,0,1,0,0,1,0,3
1141,49,4,0.006950587,0,98031,0,1,0,3,0,0,1,0,0,2,3,2,5,5,3,5,1,5,5,5,2,2,2,4,3,2,2,3,3,2,2,4,1,1.318649544,0.094666243,0.242404876,1,0,1,0,3,1,1,0,1,0,2,0,2,0,1,2,0,0,3,0,1,0,0,1,0,1,1,0,0,1,3,1,0,0,1,1,0,0,1,1,0,0,1,1,0,0,1,0,0,1,0,3
1142,49,4,0.046145459,0,98118,0,1,0,2,0,1,0,0,0,3,3,3,2,5,3,1,1,4,4,4,2,2,2,3,2,2,2,2,2,4,4,4,1,-0.20553205,-1.898460538,-0.094256237,1,0,0,0,1,0,0,0,0,0,1,1,1,1,0,1,0,0,3,1,0,0,0,1,0,1,1,0,0,1,3,0,1,0,2,1,0,0,1,1,0,0,1,0,0,1,3,0,0,0,1,4
1144,49,4,0.021770819,0,98444,0,1,0,4,0,0,0,1,0,3,5,5,2,5,3,4,1,4,5,4,2,2,3,2,2,2,1,1,3,3,2,1,1,0.315871245,-0.841594703,-0.167100954,0,1,0,0,2,0,0,1,0,0,2,0,4,1,0,1,1,0,1,0,1,0,0,0,0,1,1,0,0,1,3,0,1,0,2,0,0,1,3,0,1,0,2,0,1,0,2,0,0,0,1,4
1146,3,2,0.036506058,1,85215,0,1,0,1,1,0,0,0,0,2,5,1,5,5,2,2,1,2,2,2,2,1,2,2,3,1,1,1,3,4,2,4,1,1.123144518,0.315449488,-0.111218044,1,0,1,0,3,0,0,1,0,0,2,0,4,0,1,2,1,0,1,0,0,0,0,1,0,1,1,0,1,0,2,0,1,0,2,0,0,1,3,1,0,0,1,1,0,0,1,0,1,0,0,2
1147,3,4,0.005748524,1,85361,0,0,1,3,0,0,1,0,0,4,5,4,3,2,4,2,3,4,4,2,2,2,2,2,2,2,3,2,2,4,4,2,1,-0.819432351,0.014952944,-0.682282952,0,0,1,0,3,0,0,1,0,0,2,0,4,1,0,1,1,0,1,0,0,0,0,0,0,1,1,1,0,0,1,1,0,0,1,1,0,0,1,0,0,1,3,1,0,0,1,1,0,0,0,1
1148,3,4,0.016005259,1,85258,0,1,0,3,0,0,1,0,0,3,5,4,3,4,1,1,3,3,5,3,2,2,2,4,2,2,2,2,3,4,2,3,1,1.051491675,0.35873144,-0.385853703,1,0,0,1,4,0,1,1,0,0,2,0,4,1,0,1,0,1,2,0,0,0,0,1,0,1,1,0,1,0,2,0,0,1,3,0,0,1,3,0,1,0,2,1,0,0,1,0,0,1,0,3
1150,3,4,0.018794187,1,85209,0,1,0,3,0,0,1,0,0,2,6,4,4,4,3,3,2,5,5,5,2,2,2,4,2,2,2,2,2,4,3,3,1,1.134371432,0.573998603,0.42136234,1,0,0,1,4,0,0,1,0,0,2,0,4,1,0,1,1,0,1,0,1,0,0,0,0,1,1,0,1,0,2,0,1,0,2,0,0,1,3,1,0,0,1,1,0,0,1,0,0,1,0,3
1151,3,4,0.039009292,1,85281,1,0,0,3,0,0,1,0,0,2,5,4,4,4,2,3,1,4,3,3,2,2,2,1,2,2,2,2,2,1,3,2,1,0.384125347,0.972034059,-2.274659073,1,0,0,1,4,0,0,0,0,0,1,1,1,0,0,0,0,1,2,0,1,0,0,1,0,1,1,0,0,1,3,0,0,1,3,0,0,1,3,0,1,0,2,0,0,1,3,0,0,0,1,4
1152,3,2,0.009721859,1,85345,0,1,0,4,0,0,0,1,0,3,5,4,3,5,3,1,4,3,4,3,2,2,2,2,3,1,3,3,3,4,3,3,1,0.147215218,-0.698625466,0.337008433,0,1,0,0,2,0,0,1,0,0,2,0,4,1,0,1,1,0,1,0,0,0,0,1,1,1,1,0,1,0,2,0,1,0,2,0,0,1,3,1,0,0,1,1,0,0,1,0,0,1,0,3
1153,3,4,0.015431304,1,85205,0,1,0,3,0,0,1,0,0,2,5,4,4,4,1,1,1,3,4,4,1,1,2,1,2,2,2,2,3,3,2,3,1,-1.205816405,0.082466352,-1.325732664,1,0,0,1,4,1,1,1,0,0,2,0,4,0,1,2,0,1,2,0,0,0,0,1,0,1,1,0,1,0,2,0,1,0,2,0,1,0,2,0,1,0,2,1,0,0,1,0,0,1,0,3
1154,3,4,0.008021518,1,85257,1,0,0,1,1,0,0,0,0,1,5,1,3,5,2,3,2,1,3,2,2,2,2,3,2,1,1,2,3,3,3,4,1,-0.35615065,-0.566462379,0.71003874,1,0,0,1,4,1,1,1,0,0,2,0,4,0,1,2,1,0,1,0,1,0,0,0,0,1,1,0,0,1,3,0,0,1,3,0,1,0,2,0,1,0,2,1,0,0,1,0,0,0,1,4
1155,3,4,0.027979103,1,85225,1,0,0,3,0,0,1,0,0,2,3,3,2,4,3,3,3,4,4,4,2,2,1,1,2,2,2,2,2,3,3,4,1,-0.363393639,0.543772047,0.115531955,0,0,0,1,4,0,1,1,0,0,2,0,4,1,0,1,0,1,2,0,0,0,0,1,0,1,1,0,0,1,3,0,1,0,2,0,0,1,3,0,1,0,2,1,0,0,1,0,0,1,0,3
1157,3,4,0.016843858,1,85033,0,1,0,4,0,0,0,1,0,4,5,5,1,5,4,5,1,5,5,5,2,2,2,4,2,2,2,2,2,3,3,1,1,0.651872951,1.460544664,-2.995893939,1,0,0,1,4,0,0,0,1,0,2,0,2,1,0,1,1,0,1,0,1,0,0,1,0,1,1,0,0,1,3,0,1,0,2,1,0,0,1,1,0,0,1,1,0,0,1,0,0,1,0,3
1158,3,2,0.015458439,1,85044,1,0,0,1,1,0,0,0,0,1,5,1,5,4,1,3,1,3,2,1,2,2,2,4,2,2,2,2,2,3,3,3,1,-0.776189384,0.336763873,-0.373632832,1,0,1,0,3,1,1,1,0,0,1,1,1,1,0,1,0,1,2,0,0,0,1,0,0,1,1,0,0,1,3,0,0,1,3,0,0,1,3,0,0,1,3,1,0,0,1,0,0,0,1,4
1159,3,2,0.238559284,0,85142,0,1,0,1,1,0,0,0,0,1,5,4,5,2,1,1,1,1,1,1,2,2,2,3,2,2,2,2,2,3,2,2,1,-0.035920531,0.137277419,1.112555228,0,0,0,1,4,0,0,1,0,0,1,1,1,0,0,3,0,1,2,0,0,0,0,1,0,1,1,1,0,0,1,1,0,0,1,0,1,0,2,0,0,1,3,1,0,0,1,1,0,0,0,1
1160,3,4,0.027635936,1,85374,0,1,0,3,0,0,1,0,0,1,5,0,4,3,1,1,1,1,1,1,2,2,2,3,2,2,2,2,2,4,3,4,1,-0.548637488,0.216204941,0.046734886,0,0,0,1,4,0,0,1,0,0,2,0,4,1,0,1,0,1,2,0,0,0,0,1,0,1,1,0,1,0,2,0,1,0,2,0,0,1,3,0,1,0,2,1,0,0,1,1,0,0,0,1
1161,3,2,0.020127839,1,85288,1,0,0,2,0,1,0,0,0,1,5,3,3,5,1,1,3,4,5,2,1,1,2,4,2,2,2,2,3,3,3,4,1,0.931460644,0.021691786,0.897595597,0,0,0,1,4,0,1,0,1,0,2,0,2,0,1,2,1,0,1,0,0,0,1,0,1,1,1,0,0,0,0,0,0,0,0,0,0,0,0,0,0,0,0,0,0,0,0,0,0,0,0,0
1162,3,4,0.040722875,1,85351,0,1,0,1,1,0,0,0,0,1,5,2,4,5,1,1,2,4,4,2,2,3,3,4,3,2,3,2,3,4,2,4,1,-0.298095871,-0.725874053,0.97527669,0,0,0,1,4,1,1,1,0,0,2,0,4,1,0,1,1,0,1,0,1,0,0,1,0,1,1,0,1,0,2,1,0,0,1,0,1,0,2,1,0,0,1,1,0,0,1,0,1,0,0,2
1163,3,4,0.025251718,1,85225,1,0,0,5,0,0,0,0,1,3,5,4,2,3,4,4,4,4,4,4,2,3,3,2,2,2,3,2,3,2,2,2,1,-0.400998248,0.80494012,-0.931605641,0,0,1,0,3,1,1,1,0,0,2,0,4,1,0,1,1,0,1,0,0,0,0,0,0,1,1,0,0,1,3,0,1,0,2,0,0,1,3,0,1,0,2,1,0,0,1,0,0,1,0,3
1164,3,4,0.006805185,1,85260,0,1,0,1,1,0,0,0,0,2,5,2,5,5,2,2,2,4,4,3,2,2,2,3,2,2,2,2,2,3,3,3,1,0.311733319,0.546804134,0.477167634,1,0,0,1,4,0,0,1,0,0,2,0,4,1,0,1,1,0,1,0,0,0,0,0,0,1,1,0,1,0,2,0,0,1,3,0,0,1,3,0,1,0,2,1,0,0,1,0,0,1,0,3
1165,3,4,0.010447929,1,85296,0,1,0,3,0,0,1,0,0,3,5,3,4,5,1,1,3,2,5,1,2,2,2,4,2,2,1,2,2,4,4,4,1,-0.817327581,-0.742405923,-0.757071793,1,0,0,1,4,0,0,1,0,0,2,0,4,1,0,1,1,0,1,0,1,0,0,0,0,1,1,0,1,0,2,0,1,0,2,0,0,1,3,0,1,0,2,1,0,0,1,0,1,0,0,2
1166,3,4,0.015431304,1,85374,0,1,0,2,0,1,0,0,0,2,5,4,2,5,2,2,4,4,4,4,3,3,3,1,2,2,3,2,3,1,2,4,1,-0.553747856,-0.505156062,-0.910263088,1,0,0,1,4,0,1,1,0,0,2,0,4,0,1,2,0,1,2,0,1,0,0,1,0,1,1,0,1,0,2,0,1,0,2,0,0,1,3,0,1,0,2,1,0,0,1,1,0,0,0,1
1168,3,4,0.009114076,1,85022,0,1,0,2,0,1,0,0,0,3,5,5,2,4,3,4,4,5,5,5,3,2,2,1,3,2,3,2,3,3,2,3,1,0.128467805,0.320934129,0.132394488,1,0,0,1,4,0,0,0,1,0,2,0,2,1,0,1,0,1,2,0,1,0,0,0,0,1,1,0,0,1,3,0,1,0,2,0,1,0,2,1,0,0,1,1,0,0,1,0,0,1,0,3
1169,3,4,0.020632376,1,85255,0,1,0,2,0,1,0,0,0,1,5,3,4,4,1,2,1,3,4,3,2,2,2,4,2,2,2,2,2,3,3,3,1,1.407665964,0.200503761,-0.010831374,1,0,0,1,4,1,1,1,0,0,2,0,4,0,0,3,0,1,2,0,0,0,0,0,0,1,1,1,0,0,1,0,1,0,2,0,0,1,3,0,1,0,2,1,0,0,1,1,0,0,0,1
1170,3,2,0.021645061,1,85375,0,1,0,1,1,0,0,0,0,1,5,3,5,5,1,3,3,5,3,3,2,2,2,3,2,2,2,2,2,4,3,4,1,-0.818556953,0.373941524,0.832870322,1,0,0,1,4,0,0,1,0,0,2,0,4,1,0,1,1,0,1,0,0,0,0,0,0,1,1,1,0,0,1,1,0,0,1,0,1,0,2,1,0,0,1,1,0,0,1,1,0,0,0,1
1172,3,4,0.002638505,1,85301,1,0,0,2,0,1,0,0,0,2,5,2,2,4,2,2,1,4,4,4,2,1,1,2,3,1,1,3,3,4,2,2,1,-0.368447871,-0.633326939,-0.433395947,1,0,0,1,4,0,0,1,0,0,2,0,4,1,0,1,0,1,2,0,0,0,0,0,0,1,1,0,0,1,3,0,0,1,3,0,1,0,2,1,0,0,1,1,0,0,1,0,0,0,1,4
1174,3,4,0.008021518,1,85083,0,1,0,1,1,0,0,0,0,1,5,4,5,5,1,1,4,4,5,5,2,2,2,3,3,2,2,3,2,1,2,2,1,0.039048979,0.247643956,0.191456422,1,0,0,1,4,0,1,1,0,0,2,0,4,0,1,2,1,0,1,0,0,0,0,0,0,1,1,0,1,0,2,1,0,0,1,0,1,0,2,1,0,0,1,1,0,0,1,1,0,0,0,1
1175,3,4,0.013528009,1,85258,0,1,0,4,0,0,0,1,0,3,5,5,2,5,1,1,4,3,5,4,1,1,2,1,2,2,1,2,3,1,3,4,1,-0.387610447,-0.63552646,-0.439290937,1,0,0,1,4,1,1,1,0,0,2,0,4,0,1,2,0,0,3,0,0,0,0,1,0,1,1,0,1,0,2,0,0,1,3,0,0,1,3,0,1,0,2,1,0,0,1,0,0,1,0,3
1178,3,4,0.026290055,1,85086,0,1,0,3,0,0,1,0,0,2,5,3,3,5,1,1,3,1,5,1,1,2,2,4,2,2,2,2,1,4,3,4,1,0.966226212,-2.0076884,1.107963373,1,0,0,1,4,0,1,1,0,0,2,0,4,0,1,2,1,0,1,0,0,0,0,1,0,1,1,0,1,0,2,1,0,0,1,0,1,0,2,1,0,0,1,1,0,0,1,1,0,0,0,1
1181,3,4,0.041965403,1,85260,0,1,0,4,0,0,0,1,0,4,5,4,4,4,2,3,2,4,4,4,1,2,2,2,2,2,2,1,3,2,2,2,1,-1.378380183,0.256229221,-0.105537073,0,0,0,1,4,0,1,1,0,0,2,0,4,0,0,3,0,0,3,0,1,0,0,1,0,1,1,0,1,0,2,0,0,1,3,0,0,1,3,0,1,0,2,1,0,0,1,0,0,1,0,3
1182,3,2,0.021720177,1,85339,0,1,0,3,0,0,1,0,0,1,4,2,4,4,1,1,1,3,3,3,2,2,2,3,2,2,2,2,2,3,3,4,1,0.281057215,0.578606942,0.443430912,1,1,0,0,2,1,1,1,0,0,2,0,4,0,1,2,0,0,3,1,0,0,0,1,0,1,1,1,0,0,1,1,0,0,1,1,0,0,1,1,0,0,1,1,0,0,1,0,1,0,0,2
1183,3,2,0.073365832,1,85042,0,1,0,2,0,1,0,0,0,1,5,2,4,3,1,4,1,3,4,3,2,1,2,3,2,2,2,2,2,3,3,3,1,0.550383842,0.922757199,0.207556417,0,0,1,0,3,0,0,1,0,0,2,0,4,0,0,3,0,0,3,0,0,0,1,1,0,1,1,0,0,1,3,0,1,0,2,1,0,0,1,1,0,0,1,1,0,0,1,0,0,1,0,3
1185,3,4,0.028773165,1,85213,0,1,0,3,0,0,1,0,0,2,5,4,4,5,1,1,4,3,4,3,1,2,2,4,2,2,2,2,1,4,3,4,1,0.09072948,0.159215907,-0.215193987,1,0,0,1,4,0,1,1,0,0,2,0,4,0,1,2,0,1,2,0,0,0,0,1,0,1,1,0,1,0,2,0,1,0,2,0,1,0,2,1,0,0,1,0,1,0,2,0,0,1,0,3
1186,3,4,0.002263335,0,85194,0,1,0,4,0,0,0,1,0,3,5,1,3,5,1,1,5,4,5,3,2,2,2,4,2,2,2,2,2,4,3,3,1,1.791629953,-0.050875371,-0.608374272,1,0,0,1,4,0,0,1,0,0,2,0,4,0,1,2,0,1,2,0,0,0,0,1,0,1,1,1,0,0,1,1,0,0,1,0,0,1,3,1,0,0,1,1,0,0,1,1,0,0,0,1
1187,3,4,0.010447929,1,85351,0,1,0,3,0,0,1,0,0,3,2,3,2,4,1,3,1,4,3,4,2,2,2,4,2,2,2,2,2,3,2,4,1,0.05378576,-0.222097616,0.327714473,1,0,0,1,4,0,0,1,0,0,2,0,4,1,0,1,1,0,1,0,0,0,0,0,0,1,1,0,1,0,2,1,0,0,1,0,1,0,2,1,0,0,1,1,0,0,1,0,1,0,0,2
1188,3,2,0.095062902,1,85323,0,1,0,4,0,0,0,1,0,2,5,4,4,5,3,5,2,3,2,1,2,3,3,2,1,3,3,2,2,3,2,4,1,-1.057835894,0.089135756,1.640837498,0,1,0,0,2,0,0,1,0,0,1,1,1,1,0,1,0,1,2,0,0,0,1,1,0,1,1,0,1,0,2,0,1,0,2,0,1,0,2,1,0,0,1,1,0,0,1,0,0,1,0,3
1190,3,2,0.042584107,1,85260,0,1,0,1,1,0,0,0,0,1,6,3,4,5,1,2,1,4,2,3,2,2,2,1,3,2,1,2,3,1,2,2,1,-0.192931144,0.672486574,-0.429350036,1,0,1,0,3,1,1,1,0,0,1,1,1,0,1,2,0,1,2,0,0,0,0,0,0,1,1,0,1,0,2,0,0,1,3,0,0,1,3,0,1,0,2,1,0,0,1,0,0,1,0,3
1191,3,4,0.010296395,1,85304,1,0,0,4,0,0,0,1,0,3,5,4,3,5,2,4,3,3,4,4,1,1,1,1,1,1,2,2,2,2,2,2,1,0.971010211,-0.263767688,0.158733978,1,0,0,0,1,1,1,1,0,0,2,0,4,1,0,1,0,0,3,1,0,0,0,1,0,1,1,0,0,1,3,0,1,0,2,1,0,0,1,0,1,0,2,1,0,0,1,0,0,0,1,4
1192,3,1,0.124747311,1,85027,0,1,0,4,0,0,0,1,0,4,4,5,5,5,3,1,1,5,4,1,2,1,2,2,3,1,3,1,3,2,2,1,1,-0.213834911,-0.068076488,-0.946629346,1,0,0,0,1,0,0,1,0,0,1,1,1,0,1,2,0,1,2,0,0,0,1,0,0,1,1,0,1,0,2,0,0,1,3,0,0,1,3,0,1,0,2,1,0,0,1,0,0,1,0,3
1193,3,2,0.019236008,1,85379,0,1,0,1,1,0,0,0,0,1,5,0,5,2,1,1,1,2,4,3,2,2,2,3,2,2,2,2,2,4,3,4,1,1.005033522,-0.197720164,0.03229897,1,1,0,0,2,0,1,1,0,0,2,0,4,0,0,0,0,0,3,1,0,0,1,1,0,1,1,0,0,1,3,1,0,0,1,0,1,0,2,1,0,0,1,1,0,0,1,1,0,0,0,1
1196,3,4,0.137343454,1,85383,0,1,0,2,0,1,0,0,0,1,4,3,4,4,2,2,4,4,4,3,2,2,2,4,2,2,2,2,3,4,2,4,1,-0.297507796,-0.134561064,0.532415383,0,0,0,1,4,0,0,1,0,0,2,0,4,0,0,3,0,1,2,0,0,0,0,1,0,1,1,0,1,0,2,1,0,0,1,0,1,0,2,0,1,0,2,1,0,0,1,1,0,0,0,1
1198,3,4,10.43837064,0,85144,0,1,0,5,0,0,0,0,1,3,6,4,1,5,1,1,1,3,5,3,3,2,2,3,2,2,2,2,2,4,2,4,1,0.685664849,1.054773161,-0.362188932,1,0,1,1,4,0,0,1,0,0,2,0,4,1,0,1,0,1,2,0,0,0,0,1,0,1,1,0,0,0,0,0,0,0,0,0,0,0,0,0,0,0,0,0,0,0,0,0,0,0,0,0
1199,3,4,0.112859289,1,85041,0,1,0,2,0,1,0,0,0,2,5,4,5,5,1,1,1,1,4,1,2,2,2,1,2,2,2,2,3,3,3,4,1,-0.346717401,-1.479217902,0.566055969,0,0,0,1,4,0,0,1,0,0,2,0,4,0,0,3,0,1,2,0,0,0,0,1,0,1,1,0,0,1,3,1,0,0,1,1,0,0,1,1,0,0,1,1,0,0,1,0,0,1,0,3
1201,3,4,0.122897117,1,85262,0,1,0,2,0,1,0,0,0,2,5,3,4,4,1,1,4,1,3,3,2,2,2,2,2,2,2,1,2,1,3,3,1,0.087545904,0.651411197,0.377720574,0,0,1,1,4,1,1,1,0,0,2,0,4,0,0,3,0,1,2,0,0,0,0,1,0,1,1,1,0,0,1,1,0,0,1,0,1,0,2,1,0,0,1,1,0,0,1,1,0,0,0,1
1203,3,4,0.013803584,1,85208,0,1,0,2,0,1,0,0,0,2,5,1,5,5,1,1,3,5,5,1,2,2,2,3,2,2,2,2,2,4,2,4,1,0.006375912,-0.348161587,1.328393105,1,0,0,1,4,0,0,1,0,0,2,0,4,1,0,1,0,1,2,0,0,0,0,0,0,1,1,0,1,0,2,0,1,0,2,0,0,1,3,0,1,0,2,1,0,0,1,0,1,0,0,2
1204,3,4,0.061611699,1,85387,0,1,0,2,0,1,0,0,0,2,5,4,2,4,3,3,3,4,4,1,2,1,3,2,2,2,3,2,3,3,2,1,1,0.175697789,0.282784022,-0.062425419,0,0,0,1,4,0,1,1,0,0,2,0,4,0,1,2,1,0,1,0,0,0,0,1,0,1,1,1,0,0,1,1,0,0,1,1,0,0,1,1,0,0,1,1,0,0,1,1,0,0,0,1
1205,3,4,0.02595097,1,85351,0,1,0,1,1,0,0,0,0,1,5,0,5,1,1,1,4,1,5,5,2,2,2,3,2,2,2,2,2,1,4,4,1,1.0868658,-1.65590758,1.636422089,0,0,0,1,4,1,1,1,0,0,2,0,4,1,0,1,1,0,1,0,0,0,0,1,0,1,1,0,1,0,2,1,0,0,1,0,1,0,2,1,0,0,1,1,0,0,1,0,1,0,0,2
1208,3,4,0.114947292,1,85201,1,0,0,5,0,0,0,0,1,5,5,5,1,5,1,1,5,5,5,5,1,1,3,1,2,2,1,1,3,2,2,1,1,1.417736182,1.454318519,0.91094017,1,0,1,0,3,0,0,1,0,0,1,1,1,0,0,3,0,0,3,0,0,0,0,1,0,1,1,0,0,1,3,0,0,1,3,0,1,0,2,0,0,1,3,0,0,1,3,0,0,0,1,4
1209,3,4,0.005003322,1,85032,0,1,0,3,0,0,1,0,0,2,5,3,4,5,3,2,2,4,5,3,2,2,1,1,2,2,2,2,2,2,3,3,1,0.864638362,-1.804601097,-0.557729765,1,0,1,0,3,0,1,1,0,0,2,0,4,1,0,1,0,0,3,0,0,0,0,1,0,1,1,0,0,1,3,0,1,0,2,0,0,1,3,0,0,1,3,1,0,0,1,0,0,0,1,4
1210,3,4,4.70E-09,0,85901,0,0,1,4,0,0,0,1,0,2,4,3,4,4,4,3,3,4,5,5,2,3,2,4,2,2,2,2,2,4,2,2,1,0.672539669,0.29511901,0.06468383,1,0,0,1,4,0,0,1,0,0,2,0,4,1,0,1,0,1,2,0,1,0,0,0,0,1,1,1,0,0,1,1,0,0,1,1,0,0,1,0,0,1,3,1,0,0,1,1,0,0,0,1
1211,3,2,0.030461873,1,85250,1,0,0,2,0,1,0,0,0,2,4,4,4,5,1,5,5,4,3,3,1,2,2,3,2,2,2,1,2,3,3,3,1,0.188062283,0.441530506,0.03285475,1,0,1,0,3,1,1,1,0,0,2,0,4,0,0,3,0,1,2,0,0,0,0,0,0,1,1,0,0,1,3,0,0,1,3,0,0,1,3,1,0,0,1,1,0,0,1,0,0,0,1,4
1212,3,4,0.016796097,1,85378,0,1,0,2,0,1,0,0,0,2,5,5,4,5,2,2,1,3,4,3,2,2,2,4,2,2,2,2,2,4,3,4,1,0.608559612,-1.422877783,-0.371553861,1,0,0,1,4,1,1,1,0,0,2,0,4,1,0,1,1,0,1,0,0,0,0,1,0,1,1,0,1,0,2,0,1,0,2,0,0,1,3,1,0,0,1,1,0,0,1,1,0,0,0,1
1213,3,2,0.164145401,1,85258,0,1,0,2,0,1,0,0,0,2,5,1,4,5,1,1,1,3,5,1,2,1,3,3,2,2,1,2,3,3,2,3,1,-0.403337794,0.305432174,0.083514846,0,0,1,0,3,0,0,1,0,0,2,0,4,0,0,3,0,1,2,0,0,0,1,1,0,1,1,0,1,0,2,0,0,1,3,0,0,1,3,0,1,0,2,1,0,0,1,0,0,1,0,3
1215,3,2,0.042227216,1,85048,0,1,0,2,0,1,0,0,0,2,1,2,4,4,2,2,4,3,3,3,2,2,2,4,2,2,2,2,2,4,2,3,1,-0.194470116,-0.001562366,-0.023902216,1,0,1,0,3,0,1,1,0,0,2,0,4,0,0,3,0,0,3,0,0,0,1,1,0,1,1,0,1,0,2,0,1,0,2,0,0,1,3,1,0,0,1,1,0,0,1,0,0,1,0,3
1216,3,4,0.004124038,1,85282,1,0,0,4,0,0,0,1,0,5,5,4,1,5,4,3,5,4,5,5,1,2,2,1,3,1,3,2,3,1,4,4,1,-0.049982396,-0.904733688,-0.59712913,1,0,0,1,4,0,0,1,0,0,2,0,4,1,0,1,0,0,3,0,1,0,0,1,0,1,1,0,0,1,3,0,0,1,3,0,0,1,3,0,0,1,3,0,1,0,2,0,0,0,1,4
1217,3,4,0.022731202,1,85308,0,1,0,4,0,0,0,1,0,3,5,4,5,5,2,2,3,5,5,2,2,2,2,4,2,1,2,2,2,3,3,4,1,-0.278393599,0.113840939,0.065983632,1,0,0,1,4,0,0,1,0,0,2,0,4,1,0,1,1,0,1,0,0,0,0,0,0,1,1,0,1,0,2,0,1,0,2,0,0,1,3,0,1,0,2,1,0,0,1,0,0,1,0,3
1218,3,4,0.011791174,1,85298,0,1,0,5,0,0,0,0,1,3,5,3,4,3,1,1,1,4,4,4,2,3,3,3,3,1,2,2,2,1,2,3,1,1.34316931,0.526594476,0.769832036,1,0,0,0,1,0,1,0,0,1,2,0,3,1,0,1,0,0,3,1,0,0,0,1,0,1,1,0,0,0,0,0,0,0,0,0,0,0,0,0,0,0,0,0,0,0,0,0,0,0,0,0
1219,3,2,0.067621073,1,85379,0,1,0,1,1,0,0,0,0,1,5,5,5,4,1,1,1,3,3,2,3,3,3,2,3,2,2,2,2,4,2,4,1,0.396855781,-0.417065708,-0.254627431,0,1,0,0,2,0,0,1,0,0,1,1,1,0,1,2,0,0,3,0,0,0,0,1,0,1,1,0,0,1,3,1,0,0,1,0,1,0,2,1,0,0,1,1,0,0,1,1,0,0,0,1
1220,3,4,0.044556077,1,85016,1,0,0,3,0,0,1,0,0,2,5,4,4,4,1,1,4,4,4,2,2,3,2,3,2,2,2,2,3,4,3,3,1,0.309291692,0.531962967,0.240781661,0,0,0,1,4,1,1,1,0,0,2,0,4,0,0,3,0,1,2,0,0,0,0,0,0,1,1,0,0,1,3,0,0,1,3,0,0,1,3,0,0,1,3,1,0,0,1,0,0,0,1,4
1221,3,2,0.347195892,1,85033,0,1,0,2,0,1,0,0,0,2,4,2,4,5,2,2,1,4,2,3,2,2,2,3,2,2,2,2,2,3,2,3,1,-1.313625658,0.546171873,0.985240558,0,0,1,0,3,0,0,0,0,0,1,1,1,0,1,2,0,1,2,0,0,0,1,1,0,1,1,0,0,1,3,0,1,0,2,1,0,0,1,1,0,0,1,1,0,0,1,0,0,1,0,3
1222,3,4,0.028773165,1,85253,0,1,0,2,0,1,0,0,0,2,4,4,1,5,3,4,1,4,5,4,1,2,2,1,2,2,1,2,3,3,2,3,1,1.549053922,0.108363169,-0.879159094,1,0,0,1,4,1,1,1,0,0,2,0,4,0,1,2,0,1,2,0,1,0,0,1,0,1,1,1,0,0,1,0,1,0,2,0,1,0,2,0,1,0,2,1,0,0,1,0,1,0,0,2
1223,3,4,0.018770449,0,85142,0,1,0,1,1,0,0,0,0,1,5,4,4,5,1,1,4,2,5,3,1,1,3,1,2,2,2,2,3,3,3,4,1,0.586897444,0.015303297,-0.646863608,1,0,0,1,4,0,0,1,0,0,2,0,4,1,0,1,1,0,1,0,0,0,0,1,0,1,1,1,0,0,1,1,0,0,1,0,1,0,2,0,0,1,3,1,0,0,1,1,0,0,0,1
1224,22,4,0.121062469,0,1108,1,0,0,4,0,0,0,1,0,3,5,5,3,5,1,3,1,4,5,4,3,1,3,1,2,2,2,1,3,2,2,1,1,-0.305005776,0.74380564,-0.912971599,1,1,0,0,2,0,0,0,1,0,2,0,2,1,0,1,0,0,3,0,0,0,0,1,0,1,1,0,0,1,3,0,0,1,3,1,0,0,1,1,0,0,1,1,0,0,1,0,0,0,1,4
1225,3,4,0.028398762,1,85027,0,1,0,1,1,0,0,0,0,1,4,0,5,3,1,1,1,3,4,4,2,2,2,3,2,2,2,2,2,3,3,3,1,0.850640665,0.128735167,-0.444448038,1,0,0,1,4,0,0,1,0,0,2,0,4,0,1,2,1,0,1,0,0,0,0,1,0,1,1,0,1,0,2,0,0,1,3,0,0,1,3,0,1,0,2,1,0,0,1,0,0,1,0,3
1226,3,2,0.015291959,1,85392,0,1,0,3,0,0,1,0,0,2,2,2,2,4,3,3,3,2,3,3,1,3,2,2,1,3,2,2,1,3,2,3,0,-0.631450555,0.139761858,-0.68076896,1,1,0,0,2,1,1,1,0,0,2,0,4,0,1,2,1,0,1,0,0,1,0,0,0,0,0,0,1,0,2,0,1,0,2,0,0,1,3,1,0,0,1,1,0,0,1,0,0,1,0,3
1227,3,3,0.012451733,1,85003,0,1,0,3,0,0,1,0,0,2,3,4,3,4,4,4,3,3,4,3,2,2,2,2,3,2,2,3,1,2,2,1,1,-0.738209176,-0.884817818,-0.77160525,1,0,0,0,1,0,1,0,0,1,2,0,3,1,0,1,1,0,1,0,0,0,0,0,1,1,1,0,1,0,2,0,0,1,3,0,0,1,3,0,1,0,2,0,0,1,3,0,0,0,1,4
1228,3,2,0.020019474,1,85234,0,1,0,3,0,0,1,0,0,3,4,4,3,1,2,3,4,4,4,3,3,2,2,3,3,1,1,1,2,3,3,3,1,0.713990176,-0.590546862,0.298365535,1,0,1,0,3,0,0,1,0,0,2,0,4,1,0,1,0,1,2,0,0,0,0,1,0,1,1,0,1,0,2,0,1,0,2,0,0,1,3,0,0,1,3,1,0,0,1,0,0,1,0,3
1231,3,2,0.223453734,1,85043,0,1,0,1,1,0,0,0,0,1,5,0,1,3,1,1,1,3,5,5,2,2,2,3,2,2,2,2,2,4,3,3,1,0.59975037,-0.044916038,0.858838638,0,1,0,0,2,0,0,1,0,0,2,0,4,0,1,2,1,0,1,0,0,0,1,0,0,1,1,1,0,0,1,0,0,1,3,0,0,1,3,0,0,1,3,1,0,0,1,0,0,1,0,3
1232,3,4,0.334278412,1,85375,0,1,0,1,1,0,0,0,0,1,5,1,4,4,3,2,3,4,4,3,3,2,2,3,2,2,2,2,2,3,3,3,1,-1.406455563,0.668367031,0.365702433,0,0,0,1,4,0,0,1,0,0,2,0,4,0,0,3,0,1,2,0,0,0,0,1,0,1,1,1,0,0,1,1,0,0,1,0,1,0,2,1,0,0,1,1,0,0,1,1,0,0,0,1
1233,3,4,0.127296201,1,85051,1,0,0,2,0,1,0,0,0,2,5,4,4,4,1,1,4,3,4,3,2,2,2,3,2,2,2,2,2,3,3,3,1,-0.00912272,-0.685769441,-0.340040266,1,0,1,0,3,1,1,1,0,0,2,0,4,0,0,3,1,0,1,0,0,0,0,1,0,1,1,0,0,1,3,0,0,1,3,0,0,1,3,0,1,0,2,1,0,0,1,0,0,0,1,4
1234,3,4,0.006157994,1,85205,0,1,0,5,0,0,0,0,1,2,5,3,5,3,1,1,1,5,3,3,2,2,2,3,2,2,2,2,2,3,3,3,1,-1.641816904,0.333529496,0.300721247,1,0,1,0,3,0,0,1,0,0,2,0,4,1,0,1,0,1,2,0,1,0,0,1,0,1,1,0,1,0,2,0,1,0,2,0,1,0,2,0,1,0,2,1,0,0,1,0,0,1,0,3
1235,3,4,0.058739116,0,85142,0,1,0,3,0,0,1,0,0,1,6,3,4,3,1,1,1,5,5,5,2,2,2,4,2,2,2,2,2,3,3,3,1,0.741430001,0.349767388,1.184236426,1,0,0,1,4,0,0,0,1,0,2,0,2,0,0,3,0,0,3,0,0,0,0,1,0,1,1,1,0,0,1,1,0,0,1,0,1,0,2,0,0,1,3,1,0,0,1,1,0,0,0,1
1236,3,2,0.040993953,1,85295,0,1,0,3,0,0,1,0,0,2,5,3,5,4,1,2,1,2,2,1,2,2,2,3,2,2,2,2,2,3,3,4,1,-0.334370736,-0.243320523,-0.03053147,0,1,0,0,2,0,1,1,0,0,2,0,4,0,1,2,0,1,2,0,0,0,0,0,0,1,1,0,1,0,2,0,0,1,3,0,0,1,3,0,0,1,3,1,0,0,1,0,0,1,0,3
1238,3,4,0.070669314,1,85345,0,1,0,4,0,0,0,1,0,3,5,4,2,5,1,1,1,2,3,2,2,2,2,3,2,2,2,2,3,4,3,3,1,0.362409048,-0.343838803,-0.262753216,1,0,1,0,3,0,0,0,0,0,1,1,1,1,0,1,1,0,1,0,0,0,0,0,0,1,1,0,1,0,2,0,1,0,2,0,0,1,3,1,0,0,1,1,0,0,1,0,0,1,0,3
1242,3,4,0.007020475,1,85323,0,1,0,2,0,1,0,0,0,3,6,3,3,3,3,3,3,4,4,3,2,2,2,4,2,2,2,2,2,4,3,4,1,-0.45584678,-0.019722065,-0.601272574,1,0,1,0,3,0,0,1,0,0,2,0,4,1,0,1,0,0,3,1,0,0,0,0,0,1,1,0,1,0,2,0,1,0,2,0,1,0,2,1,0,0,1,1,0,0,1,0,0,1,0,3
1243,3,4,0.002518277,1,85283,1,0,0,3,0,0,1,0,0,5,4,5,4,5,3,3,4,2,3,4,3,2,3,2,3,3,3,2,3,3,2,2,1,-1.482778971,1.054235465,0.127619863,1,1,0,0,2,0,0,1,0,0,2,0,4,1,0,1,0,1,2,0,0,0,0,0,1,1,1,0,0,1,3,0,0,1,3,0,0,1,3,0,1,0,2,1,0,0,1,0,0,0,1,4
1244,3,2,0.103541053,1,85029,1,0,0,3,0,0,1,0,0,3,5,3,4,3,1,1,3,3,4,4,2,3,1,3,3,2,2,3,1,1,3,2,1,-1.023641639,0.269891856,1.490918792,1,0,0,0,1,0,0,1,0,0,2,0,4,0,0,3,0,1,2,0,0,0,0,0,0,1,1,0,0,1,3,0,0,1,3,0,0,1,3,0,1,0,2,1,0,0,1,0,0,0,1,4
1246,49,2,0.209894363,0,98375,0,1,0,2,0,1,0,0,0,1,2,0,5,5,1,1,1,2,1,1,3,2,2,2,2,2,2,2,2,3,3,4,0,0.759396172,1.272209195,0.794144738,1,0,0,1,4,0,0,1,0,0,2,0,4,0,0,3,0,1,2,0,0,0,1,1,0,0,0,0,1,0,2,0,1,0,2,1,0,0,1,1,0,0,1,1,0,0,1,0,1,0,0,2
1247,3,4,0.004569045,1,85304,1,0,0,1,1,0,0,0,0,1,5,3,3,5,3,4,3,4,4,3,2,2,2,3,2,2,2,2,2,3,3,3,1,0.542633991,-0.701793637,0.043450909,0,0,0,1,4,1,1,1,0,0,2,0,4,1,0,1,1,0,1,0,0,0,0,0,1,1,1,0,0,1,3,0,1,0,2,1,0,0,1,0,1,0,2,1,0,0,1,0,0,0,1,4
1248,49,4,0.057936422,0,98032,1,0,0,3,0,0,1,0,0,4,4,5,3,5,3,4,2,3,4,4,2,2,2,2,2,2,1,2,3,3,3,4,0,0.526809428,-0.258127334,0.330570777,1,0,0,1,4,0,0,1,0,0,2,0,4,1,0,1,1,0,1,0,1,0,0,0,1,0,0,0,0,1,3,0,0,1,3,0,0,1,3,0,1,0,2,0,1,0,2,0,0,0,1,4
1249,49,2,0.066153567,0,98093,1,0,0,5,0,0,0,0,1,1,5,5,5,3,4,3,5,5,4,4,1,3,3,2,2,3,3,1,2,2,3,2,1,0.279040055,0.897826698,1.117494601,0,1,0,0,2,0,1,1,0,0,2,0,4,0,0,3,0,0,3,1,0,0,0,1,0,1,1,0,0,0,0,0,0,0,0,0,0,0,0,0,0,0,0,0,0,0,0,0,0,0,0,0
1250,3,2,0.016259448,1,85215,0,1,0,1,1,0,0,0,0,1,4,2,5,3,1,1,1,1,5,4,2,2,2,4,2,2,2,2,2,4,2,3,1,0.064393294,-0.976849711,0.345982736,1,0,1,0,3,0,1,1,0,0,2,0,4,0,1,2,0,0,3,1,0,0,0,1,0,1,1,0,1,0,2,0,1,0,2,0,0,1,3,1,0,0,1,1,0,0,1,0,1,0,0,2
1251,49,2,0.137857953,0,98387,0,1,0,3,0,0,1,0,0,2,5,3,4,4,2,2,2,2,4,2,2,1,3,1,2,2,2,2,2,3,2,3,1,0.239707663,-1.125998335,0.084464665,1,0,1,0,3,0,0,1,0,0,2,0,4,0,0,3,0,1,2,0,0,0,1,1,0,1,1,0,1,0,2,1,0,0,1,1,0,0,1,1,0,0,1,1,0,0,1,0,1,0,0,2
1252,3,4,0.015907791,1,85254,0,1,0,2,0,1,0,0,0,1,5,2,4,4,1,3,2,4,4,2,1,2,2,3,2,2,2,2,3,3,2,4,1,-0.855440108,0.175601109,1.076068592,0,0,0,1,4,0,0,1,0,0,2,0,4,0,1,2,1,0,1,0,0,0,0,0,0,1,1,0,1,0,2,0,0,1,3,0,0,1,3,0,1,0,2,1,0,0,1,0,0,1,0,3
1256,49,4,0.016750473,0,98042,0,1,0,2,0,1,0,0,0,2,4,3,4,4,1,1,1,1,3,1,2,2,3,3,2,2,2,1,3,3,3,3,1,-0.889431184,0.069855313,-0.06276886,0,1,0,0,2,0,0,1,0,0,2,0,4,0,0,0,0,0,3,1,0,0,0,1,0,1,1,0,1,0,2,1,0,0,1,0,1,0,2,1,0,0,1,1,0,0,1,1,0,0,0,1
1257,3,4,0.199709986,1,85345,0,1,0,2,0,1,0,0,0,1,5,4,4,3,1,1,1,3,4,3,2,2,2,4,2,2,2,2,2,4,3,4,1,0.678081413,-0.172284634,1.122531952,1,0,0,1,4,0,0,1,0,0,2,0,4,0,1,2,0,0,3,0,0,0,0,1,0,1,1,0,1,0,2,0,1,0,2,0,0,1,3,1,0,0,1,1,0,0,1,0,0,1,0,3
1258,3,4,0.0043763,1,85283,1,0,0,2,0,1,0,0,0,3,5,3,2,5,2,3,5,4,4,3,1,3,3,2,3,1,3,2,3,3,2,3,1,-0.744286126,-0.224058382,0.029600902,1,1,0,0,2,0,0,0,0,0,2,0,5,1,0,1,0,0,3,1,0,0,0,0,0,1,1,0,0,1,3,0,0,1,3,0,0,1,3,0,1,0,2,1,0,0,1,0,0,0,1,4
1260,49,2,0.005206274,0,87405,0,1,0,3,0,0,1,0,0,3,4,2,4,5,2,2,4,5,5,4,1,3,3,1,2,2,1,1,3,4,2,2,1,0.675702396,1.07087271,0.708304202,0,0,0,1,4,0,0,1,0,0,2,0,4,0,1,2,0,1,2,0,0,0,1,1,0,1,1,0,0,0,0,0,0,0,0,0,0,0,0,0,0,0,0,0,0,0,0,0,0,0,0,0
1261,49,4,0.009491772,0,98122,1,0,0,1,1,0,0,0,0,2,5,3,3,4,1,4,2,4,4,3,2,2,2,3,2,2,2,2,2,3,2,4,1,0.563845351,0.356731294,-1.215534464,1,0,0,1,4,0,0,1,0,0,2,0,4,1,0,1,0,1,2,0,1,0,0,1,1,1,1,0,0,1,3,0,0,1,3,1,0,0,1,0,0,1,3,0,0,1,3,0,0,0,1,4
1264,3,2,0.16903309,1,85295,0,1,0,3,0,0,1,0,0,3,4,4,3,5,3,3,3,3,3,3,1,1,2,4,3,1,2,2,3,3,2,4,1,-0.669609369,0.32191934,-0.456845208,0,1,0,0,2,1,1,0,0,1,2,0,3,0,1,2,1,0,1,0,0,0,0,1,0,1,1,0,1,0,2,0,0,1,3,0,0,1,3,0,0,1,3,1,0,0,1,0,0,1,0,3
1266,49,4,0.014691896,0,98020,0,1,0,3,0,0,1,0,0,2,5,2,5,3,3,3,1,5,5,1,2,2,1,2,1,3,2,1,2,1,4,4,0,1.135872621,-1.000052315,1.22655728,1,0,0,1,4,0,1,1,0,0,2,0,4,0,1,2,1,0,1,0,0,0,0,1,0,0,0,0,1,0,2,1,0,0,1,1,0,0,1,0,1,0,2,0,1,0,2,0,0,1,0,3
1270,3,4,0.008891702,1,85032,0,1,0,2,0,1,0,0,0,2,5,3,5,5,1,1,1,3,5,1,2,2,1,4,2,2,1,2,3,4,2,4,1,1.049967937,-0.347368931,1.282079974,1,0,0,1,4,1,1,1,0,0,2,0,4,1,0,1,0,1,2,0,0,0,0,0,0,1,1,0,0,1,3,0,1,0,2,0,0,1,3,0,0,1,3,1,0,0,1,0,0,0,1,4
1271,3,4,0.048385048,1,85213,0,1,0,3,0,0,1,0,0,2,5,2,4,4,2,2,1,2,4,3,2,2,2,3,2,2,2,2,2,4,3,3,1,0.12273321,0.129094887,1.157900043,1,0,1,0,3,0,0,0,0,0,1,1,1,1,0,1,0,1,2,0,1,0,0,0,0,1,1,0,1,0,2,0,1,0,2,0,1,0,2,1,0,0,1,0,1,0,2,0,0,1,0,3
1273,3,2,0.049421174,1,85050,0,1,0,2,0,1,0,0,0,2,5,2,5,5,1,1,3,1,3,3,2,1,3,1,1,2,2,1,3,3,2,1,1,0.651704045,-0.336782401,1.388687117,1,1,0,0,2,1,1,1,0,0,2,0,4,0,1,2,0,1,2,1,0,0,1,1,0,1,1,0,0,1,3,1,0,0,1,0,0,1,3,1,0,0,1,1,0,0,1,0,1,0,0,2
1274,3,2,0.031195235,1,85053,1,0,0,3,0,0,1,0,0,2,5,3,4,5,2,4,1,4,4,1,2,2,2,3,2,2,3,1,3,1,3,4,1,-0.932104484,0.045474706,-0.547230578,1,1,0,0,2,0,0,1,0,0,2,0,4,1,0,1,1,0,1,0,0,0,1,0,0,1,1,0,0,1,3,0,0,1,3,0,0,1,3,0,1,0,2,1,0,0,1,0,0,0,1,4
1276,49,2,0.024598279,0,98057,0,1,0,5,0,0,0,0,1,4,5,5,2,5,1,1,1,4,5,2,1,1,2,4,2,1,1,1,3,1,2,1,0,-0.245381116,-0.401835381,0.017381399,1,1,0,0,2,1,1,0,1,0,2,0,2,0,1,2,0,1,2,0,1,0,0,0,1,0,0,0,1,0,2,0,0,1,3,0,0,1,3,0,0,1,3,0,1,0,2,0,0,0,1,4
1280,49,2,0.015917844,0,98391,0,1,0,3,0,0,1,0,0,3,5,4,2,3,2,4,4,4,4,2,3,1,3,2,3,1,3,1,1,2,2,1,0,0.694113756,-1.50572721,0.297482669,1,1,0,0,2,1,1,1,0,0,2,0,4,0,1,2,1,0,1,0,0,0,0,0,0,0,0,1,0,0,1,1,0,0,1,1,0,0,1,1,0,0,1,1,0,0,1,1,0,0,0,1
1281,49,2,0.0462173,0,98272,0,1,0,2,0,1,0,0,0,3,6,1,4,4,2,3,3,4,4,3,2,2,2,3,2,2,2,2,3,4,2,3,1,0.331244422,-0.344521066,-0.403553766,1,0,1,0,3,0,0,1,0,0,2,0,4,0,1,2,0,1,2,0,0,0,1,0,0,1,1,1,0,0,1,1,0,0,1,0,0,1,3,0,1,0,2,1,0,0,1,1,0,0,0,1
1282,49,4,0.010267331,0,98499,0,1,0,3,0,0,1,0,0,2,5,4,2,4,1,1,1,2,3,1,2,2,2,3,2,2,2,2,2,3,3,3,1,-0.453206432,-0.551235541,-0.828116941,1,0,0,1,4,0,1,1,0,0,2,0,4,1,0,1,1,0,1,0,0,0,0,1,0,1,1,0,1,0,2,0,0,1,3,0,0,1,3,0,0,1,3,0,1,0,2,0,0,0,1,4
1283,49,4,0.031988921,0,98004,0,1,0,3,0,0,1,0,0,3,5,3,4,4,3,4,3,4,4,4,2,2,2,2,3,1,1,2,3,3,2,2,0,-0.10444541,0.558946022,0.174930726,0,1,0,0,2,0,0,1,0,0,2,0,4,1,0,1,1,0,1,0,0,0,0,0,1,0,0,0,1,0,2,0,0,1,3,0,0,1,3,0,0,1,3,1,0,0,1,0,0,0,1,4
1284,49,2,0.027967148,0,98499,0,1,0,3,0,0,1,0,0,3,5,3,3,5,1,1,1,4,4,5,2,1,3,2,3,3,2,2,3,1,3,4,0,0.023453699,-1.489145134,-1.327182877,1,1,0,0,2,1,1,0,1,0,2,0,2,1,0,1,1,0,1,0,1,0,0,0,1,0,0,0,1,0,2,0,0,1,3,0,0,1,3,0,0,1,3,0,1,0,2,0,0,0,1,4
1286,49,4,0.019198294,0,98201,1,0,0,1,1,0,0,0,0,1,6,1,2,5,2,1,1,5,5,5,1,3,3,1,1,1,2,2,3,1,2,4,1,-1.210057004,-0.52486492,-0.571307673,1,0,1,0,3,1,1,1,0,0,2,0,4,0,1,2,0,0,3,1,1,0,0,1,0,1,1,0,0,1,3,0,0,1,3,0,1,0,2,0,0,1,3,0,1,0,2,0,0,0,1,4
1287,49,2,0.054273293,0,98204,1,0,0,1,1,0,0,0,0,1,2,1,2,2,1,1,4,1,1,1,2,2,2,4,2,2,2,2,2,4,4,4,0,-1.049243253,-0.004326711,0.355299363,1,1,0,0,2,1,1,1,0,0,2,0,4,0,1,2,1,0,1,0,0,0,1,0,0,0,0,0,0,1,3,0,0,1,3,0,1,0,2,0,0,1,3,1,0,0,1,0,0,0,1,4
1288,49,1,0.039327458,0,98034,1,0,0,2,0,1,0,0,0,3,5,3,4,2,1,1,1,4,4,1,2,3,3,3,1,3,3,2,1,3,2,3,0,0.689306022,0.021132965,0.590966764,1,1,0,0,2,0,1,1,0,0,2,0,4,0,0,3,0,0,3,1,0,0,1,0,0,0,0,0,0,1,3,0,0,1,3,0,1,0,2,0,1,0,2,1,0,0,1,0,0,1,0,3
1289,49,2,0.0305956,0,98023,0,1,0,3,0,0,1,0,0,3,4,3,1,5,2,4,3,5,4,3,3,2,2,2,2,3,3,2,2,2,3,2,0,-0.277136409,-1.044533328,-0.025749762,1,0,1,0,3,0,0,1,0,0,2,0,4,0,1,2,0,1,2,0,0,0,0,0,0,0,0,0,0,1,3,0,1,0,2,1,0,0,1,1,0,0,1,1,0,0,1,0,0,1,0,3
1293,49,4,0.015243885,0,98387,0,1,0,3,0,0,1,0,0,2,4,3,4,3,1,5,2,4,4,4,1,1,1,1,3,1,2,1,3,3,3,1,0,-0.080832233,-0.075084217,0.122719603,0,0,0,1,4,0,1,1,0,0,2,0,4,1,0,1,1,0,1,0,0,0,0,1,0,0,0,0,1,0,2,1,0,0,1,1,0,0,1,1,0,0,1,1,0,0,1,0,1,0,0,2
1296,49,2,0.006336239,0,98444,0,1,0,3,0,0,1,0,0,2,3,2,5,2,1,1,1,1,5,4,3,1,1,2,3,1,1,1,1,1,1,2,0,-1.333238223,0.636145749,-0.003026299,1,0,1,0,3,0,0,1,0,0,2,0,4,1,0,1,0,0,3,1,0,0,0,0,0,0,0,0,0,1,3,0,1,0,2,0,0,1,3,0,1,0,2,0,1,0,2,0,0,0,1,4
1298,49,4,0.028290517,0,98108,1,0,0,1,1,0,0,0,0,2,2,3,4,3,4,4,4,4,4,4,2,3,2,3,2,2,2,2,2,3,3,3,1,0.731800727,-0.075630966,0.359406545,1,0,0,0,1,1,1,0,0,1,2,0,3,0,1,2,0,0,3,1,0,0,0,1,0,1,1,0,0,1,3,0,0,1,3,0,0,1,3,0,1,0,2,0,0,1,3,0,0,0,1,4
1301,49,4,0.166483276,0,98118,0,1,0,3,0,0,1,0,0,3,5,4,5,3,1,1,1,1,5,4,2,2,3,3,2,2,2,2,2,3,2,2,1,0.063038787,-1.384537042,-0.953981661,1,1,0,0,2,0,1,1,0,0,2,0,4,0,0,3,0,0,3,1,1,0,0,0,0,1,1,0,0,1,3,0,1,0,2,1,0,0,1,1,0,0,1,0,0,1,3,0,0,0,1,4
1304,49,2,0.019508638,0,98321,0,1,0,3,0,0,1,0,0,2,3,3,3,3,4,1,1,3,3,5,2,2,3,3,2,2,3,2,2,4,2,4,1,0.053007439,-0.666424094,-1.327796966,1,1,0,0,2,0,0,1,0,0,2,0,4,1,0,1,0,0,3,1,0,0,0,1,1,1,1,1,0,0,1,1,0,0,1,1,0,0,1,1,0,0,1,1,0,0,1,1,0,0,0,1
1307,49,2,0.043434539,0,98101,1,0,0,4,0,0,0,1,0,4,5,4,4,4,4,5,4,4,5,4,3,2,3,2,3,1,3,1,3,1,1,2,1,0.23455301,0.188875846,-0.203158085,0,0,0,0,1,0,0,0,0,1,2,0,3,1,0,1,0,0,3,0,0,0,1,0,0,1,1,0,0,1,3,0,0,1,3,0,0,1,3,0,0,1,3,0,0,1,3,0,0,0,1,4
1308,49,2,0.045123432,0,98117,1,0,0,2,0,1,0,0,0,2,4,3,4,3,4,5,3,4,2,3,3,2,2,2,2,3,2,2,2,2,2,3,0,-1.019151667,1.258123736,0.643633328,0,1,0,0,2,0,0,1,0,0,2,0,4,1,0,1,1,0,1,0,0,0,1,1,1,0,0,0,0,1,3,0,1,0,2,1,0,0,1,0,1,0,2,1,0,0,1,0,0,0,1,4
1309,49,1,0.156065677,0,98020,0,1,0,4,0,0,0,1,0,3,5,4,4,5,1,1,1,2,4,4,2,2,2,2,3,2,3,2,3,4,2,2,0,-1.200915422,0.600082316,0.505150271,1,1,0,0,2,0,0,1,0,0,1,1,1,0,0,3,0,0,3,0,0,0,0,1,0,0,0,0,1,0,2,1,0,0,1,1,0,0,1,0,1,0,2,0,1,0,2,0,0,1,0,3
1310,49,1,0.01577024,0,98252,0,1,0,4,0,0,0,1,0,2,5,4,5,3,3,4,4,4,5,4,2,3,3,2,2,2,3,3,3,3,3,3,1,0.642513362,1.058818149,-1.047066065,0,1,0,0,2,0,1,1,0,0,2,0,4,0,0,3,0,0,3,1,1,1,0,0,0,1,1,1,0,0,1,1,0,0,1,1,0,0,1,0,0,1,3,1,0,0,1,0,1,0,0,2
1313,49,2,0.030004697,0,98404,0,1,0,4,0,0,0,1,0,3,5,3,4,5,1,4,1,5,5,3,1,2,2,4,2,1,1,1,2,2,2,2,1,0.128714398,-0.401218786,-0.543523553,1,1,0,0,2,0,0,1,1,0,2,0,2,1,0,1,0,1,2,0,1,0,0,0,0,1,1,0,0,1,3,0,1,0,2,0,1,0,2,1,0,0,1,0,1,0,2,0,0,0,1,4
1314,49,4,0.016828231,0,98271,0,1,0,3,0,0,1,0,0,3,5,3,1,5,1,1,1,5,5,1,2,2,1,4,2,2,2,2,2,4,4,4,0,-2.363747747,-2.072212418,-0.046333872,1,0,0,0,1,0,0,1,0,0,2,0,4,1,0,1,0,0,3,1,1,0,0,0,1,0,0,1,0,0,1,1,0,0,1,0,1,0,2,0,1,0,2,1,0,0,1,1,0,0,0,1
1315,49,4,0.005757324,0,98445,0,1,0,2,0,1,0,0,0,2,5,3,4,2,2,2,2,4,3,2,2,2,2,3,2,2,3,2,2,4,3,4,0,-1.307684096,-0.254513187,-0.112841864,1,0,1,0,3,0,0,1,0,0,2,0,4,1,0,1,0,0,3,1,0,0,0,0,0,0,0,0,1,0,2,1,0,0,1,1,0,0,1,1,0,0,1,1,0,0,1,1,0,0,0,1
1316,3,1,0.050118498,1,85281,1,0,0,3,0,0,1,0,0,1,3,2,5,3,4,4,4,3,5,4,2,3,2,2,2,3,2,2,2,3,2,3,1,1.090732783,0.11518283,0.524268208,1,1,0,0,2,1,1,1,0,0,2,0,4,0,1,2,1,0,1,0,0,0,0,1,0,1,1,0,0,1,3,0,0,1,3,0,0,1,3,0,1,0,2,0,0,1,3,0,0,0,1,4
1319,49,2,0.042451177,0,98168,0,1,0,3,0,0,1,0,0,2,4,4,4,4,4,5,4,4,4,4,2,2,2,3,2,2,2,2,2,3,3,3,0,-0.019926297,0.86355295,-0.168864332,0,1,0,0,2,1,1,1,0,0,1,1,1,0,1,2,1,0,1,0,0,0,0,0,1,0,0,0,1,0,2,0,1,0,2,0,0,1,3,0,1,0,2,0,1,0,2,0,0,1,0,3
1320,49,4,0.009994987,0,98031,0,1,0,4,0,0,0,1,0,3,4,4,2,3,1,1,1,5,4,4,1,2,3,3,2,2,1,2,2,3,2,3,0,-0.447400465,-0.259070216,1.077883905,1,0,1,0,3,0,0,1,0,0,2,0,4,1,0,1,1,0,1,0,1,0,0,0,1,0,0,0,0,1,3,1,0,0,1,1,0,0,1,1,0,0,1,1,0,0,1,0,0,1,0,3
1321,49,4,0.061857812,0,98104,1,0,0,1,1,0,0,0,0,1,5,5,1,5,1,1,1,5,5,5,1,1,2,1,1,1,1,1,3,1,2,2,1,-0.433205768,-1.028348039,1.166345612,0,0,0,1,4,0,0,0,1,0,2,0,2,1,0,1,1,0,1,0,1,0,0,0,1,1,1,0,0,1,3,0,0,1,3,0,0,1,3,0,0,1,3,0,0,1,3,0,0,0,1,4
1322,3,2,0.010328896,1,85003,0,1,0,4,0,0,0,1,0,2,5,4,4,5,5,4,4,4,5,5,2,3,3,3,3,3,3,1,3,2,2,2,1,0.448402857,0.716702231,0.417593162,0,1,0,0,2,1,1,0,1,0,2,0,2,1,0,1,0,0,3,0,0,0,1,0,0,1,1,0,1,0,2,0,0,1,3,0,0,1,3,0,1,0,2,0,0,1,3,0,0,0,1,4
1323,3,2,0.039940216,1,85215,0,1,0,2,0,1,0,0,0,2,5,4,3,4,3,3,3,4,4,4,2,1,2,1,2,1,2,1,2,3,3,3,1,0.012474418,0.502576966,0.04447294,1,0,0,1,4,1,1,1,0,0,2,0,4,0,1,2,1,0,1,0,0,0,0,1,0,1,1,0,1,0,2,0,1,0,2,0,0,1,3,1,0,0,1,1,0,0,1,0,1,0,0,2
1324,3,4,0.024729077,1,85042,0,1,0,1,1,0,0,0,0,1,4,1,5,5,1,1,1,3,4,4,2,2,2,3,2,2,2,2,2,4,3,4,1,-1.115080765,-0.306501839,0.575040333,0,0,0,1,4,1,1,1,0,0,2,0,4,1,0,1,0,1,2,0,0,0,0,1,0,1,1,0,0,1,3,0,1,0,2,1,0,0,1,1,0,0,1,1,0,0,1,0,0,1,0,3
1325,49,4,0.467258854,0,98102,1,0,0,2,0,1,0,0,0,1,5,1,4,4,1,3,1,5,5,3,2,1,1,3,2,2,2,2,3,3,2,4,1,0.271615519,-0.167728163,-0.210923405,0,0,0,1,4,0,1,1,0,0,2,0,4,0,0,3,1,0,1,0,0,0,0,0,0,1,1,0,0,1,3,0,0,1,3,0,0,1,3,0,0,1,3,0,0,1,3,0,0,0,1,4
1330,3,4,0.012233898,1,85283,1,0,0,4,0,0,0,1,0,1,5,4,4,4,2,2,2,2,4,4,1,2,2,1,2,2,2,2,2,3,3,3,1,-0.72289923,0.747305313,-0.013598017,1,0,0,1,4,0,0,1,0,0,2,0,4,0,1,2,1,0,1,0,0,0,0,0,0,1,1,0,0,1,3,0,0,1,3,0,0,1,3,0,1,0,2,1,0,0,1,0,0,0,1,4
1336,49,2,0.022453993,0,98208,0,1,0,1,1,0,0,0,0,2,4,2,5,5,2,2,2,4,3,3,2,2,2,3,3,1,1,1,3,2,2,1,1,-0.625249271,-0.905410651,-0.136191072,1,1,0,0,2,0,0,1,0,0,2,0,4,1,0,1,1,0,1,0,1,0,0,0,0,1,1,0,1,0,2,0,0,1,3,0,0,1,3,0,1,0,2,1,0,0,1,0,0,1,0,3
1339,3,4,0.010140034,1,85020,1,0,0,5,0,0,0,0,1,3,4,5,3,4,4,5,3,4,3,3,2,2,2,3,2,2,2,2,2,4,3,3,1,-0.695621589,0.570742244,-0.499588577,1,1,0,0,2,0,0,1,0,0,2,0,4,1,0,1,0,0,3,1,0,0,0,0,0,1,1,0,0,1,3,0,0,1,3,0,1,0,2,0,0,1,3,1,0,0,1,0,0,0,1,4
1340,3,4,0.010570796,1,85381,0,1,0,5,0,0,0,0,1,5,5,5,3,5,1,1,1,4,4,1,1,3,3,1,1,1,1,1,2,1,4,1,1,-2.160176453,0.322680857,1.284953076,1,0,0,1,4,0,0,1,0,0,2,0,4,1,0,1,0,0,3,1,0,0,0,1,0,1,1,0,1,0,2,0,1,0,2,0,1,0,2,0,0,1,3,1,0,0,1,0,0,1,0,3
1341,3,2,0.086457548,1,85331,0,1,0,2,0,1,0,0,0,3,3,3,4,5,1,1,1,2,2,2,2,2,2,4,2,2,2,2,2,4,4,4,1,-0.062357583,-0.380636989,-0.506969273,1,0,0,1,4,1,1,1,0,0,2,0,4,0,0,3,0,1,2,0,1,0,0,1,0,1,1,1,0,0,1,1,0,0,1,0,0,1,3,0,1,0,2,1,0,0,1,1,0,0,0,1
1342,3,2,0.880238004,1,85208,0,1,0,4,0,0,0,1,0,3,5,5,4,5,1,1,1,3,4,2,2,2,2,4,2,2,1,1,2,4,3,4,1,-0.582524833,-0.727496101,-1.635389533,1,0,1,0,3,0,0,1,0,0,1,1,1,1,0,1,0,1,2,0,0,0,1,1,0,1,1,0,1,0,2,0,1,0,2,0,0,1,3,0,1,0,2,1,0,0,1,0,1,0,0,2
1346,3,2,0.014951558,1,85031,0,1,0,2,0,1,0,0,0,4,5,4,3,5,4,5,3,4,4,3,3,3,2,2,2,2,2,2,3,2,2,3,1,-0.105453774,0.52227689,-0.446948995,1,1,0,0,2,0,0,1,0,0,2,0,4,0,1,2,0,0,3,1,0,0,1,1,0,1,1,0,0,1,3,0,1,0,2,1,0,0,1,1,0,0,1,1,0,0,1,0,0,0,1,4
1350,3,4,0.023727931,1,85301,1,0,0,5,0,0,0,0,1,2,5,3,4,5,5,5,1,5,5,5,3,1,1,1,1,1,3,3,3,2,2,2,1,-1.109016336,1.195043699,0.110586013,0,1,0,0,2,0,0,1,0,0,2,0,4,1,0,1,0,0,3,0,1,0,0,1,0,1,1,0,0,1,3,0,0,1,3,0,1,0,2,1,0,0,1,1,0,0,1,0,0,0,1,4
1351,3,2,0.049433711,1,85382,0,1,0,2,0,1,0,0,0,5,4,5,4,4,4,4,4,4,4,4,1,1,3,1,3,1,1,3,3,1,1,1,0,0.067731785,0.818495615,0.088087581,1,0,1,0,3,0,0,0,0,0,1,1,1,1,0,1,0,1,2,0,0,0,0,0,1,0,0,0,1,0,2,0,1,0,2,0,1,0,2,0,0,1,3,1,0,0,1,0,1,0,0,2
1354,49,2,0.048741114,0,98134,0,1,0,3,0,0,1,0,0,3,5,3,2,5,2,2,1,5,5,5,2,2,2,4,2,2,2,2,2,1,2,2,0,0.221089793,-0.305167098,0.113037719,1,0,0,1,4,0,0,1,0,0,1,1,1,1,0,1,1,0,1,0,0,0,1,0,0,0,0,1,0,0,1,0,0,1,3,0,0,1,3,0,1,0,2,0,0,1,3,0,0,0,1,4
1355,3,4,0.00639927,1,85205,0,1,0,3,0,0,1,0,0,2,1,4,4,2,4,4,3,4,4,4,3,3,2,2,2,2,2,2,3,2,2,2,1,-0.479244393,0.6245787,-0.633801151,0,1,0,0,2,0,0,1,0,0,2,0,4,1,0,1,1,0,1,0,1,0,0,1,1,1,1,0,1,0,2,0,1,0,2,0,1,0,2,0,1,0,2,1,0,0,1,0,0,1,0,3
1356,3,2,0.106732703,1,85016,1,0,0,1,1,0,0,0,0,1,5,4,5,5,1,1,4,1,3,1,2,2,2,3,2,2,2,2,2,4,4,4,1,0.860240307,-1.780367562,-0.637741944,1,0,1,0,3,0,0,1,0,0,2,0,4,0,1,2,0,1,2,0,0,0,1,0,0,1,1,0,0,1,3,0,0,1,3,0,0,1,3,0,0,1,3,1,0,0,1,0,0,0,1,4
1357,3,4,0.04078669,1,85303,0,1,0,5,0,0,0,0,1,2,5,4,2,5,1,1,4,2,3,3,2,2,2,1,2,2,1,1,3,4,2,4,1,0.444366664,-0.326417148,0.13640567,0,0,1,0,3,0,0,1,0,0,2,0,4,0,1,2,0,0,3,0,0,0,0,1,0,1,1,0,0,1,3,1,0,0,1,1,0,0,1,1,0,0,1,1,0,0,1,0,0,1,0,3
1358,3,2,0.019496084,1,85037,0,1,0,3,0,0,1,0,0,1,5,3,4,4,1,1,2,5,4,3,1,2,3,3,2,2,2,2,2,3,3,3,1,-0.82452072,-0.531275682,1.402616112,0,0,1,0,3,0,0,1,0,0,1,1,1,1,0,1,0,0,3,0,1,0,0,1,0,1,1,0,0,1,3,0,1,0,2,0,1,0,2,1,0,0,1,1,0,0,1,0,0,1,0,3
1360,3,4,0.007434614,1,85205,0,1,0,3,0,0,1,0,0,2,5,3,4,5,2,2,2,3,3,2,2,2,2,3,2,2,2,2,2,4,3,4,1,-0.680033732,-0.764686941,-0.067929448,1,0,1,0,3,0,0,1,0,0,1,1,1,1,0,1,0,0,3,0,0,0,0,0,0,1,1,0,1,0,2,0,1,0,2,0,1,0,2,0,1,0,2,1,0,0,1,0,0,1,0,3
1361,3,2,0.069779966,1,85209,0,1,0,2,0,1,0,0,0,2,5,1,3,4,1,1,1,1,1,1,1,2,1,1,2,2,1,1,1,1,1,1,1,-1.281909194,-0.768242391,1.067700434,1,0,1,0,3,0,1,0,0,1,2,0,3,0,0,3,1,0,1,0,0,0,1,0,0,1,1,0,1,0,2,0,1,0,2,0,0,1,3,1,0,0,1,1,0,0,1,0,0,1,0,3
1362,3,2,0.096742669,1,85020,1,0,0,4,0,0,0,1,0,2,1,5,3,4,3,4,3,4,5,5,1,2,2,4,2,1,2,2,3,4,4,3,1,0.924993245,0.617788764,-0.621124064,1,0,0,1,4,0,0,1,0,0,2,0,4,0,0,3,0,1,2,0,0,0,1,0,0,1,1,0,0,1,3,0,0,1,3,0,1,0,2,0,0,1,3,1,0,0,1,0,0,0,1,4
1363,3,4,0.06332586,1,85041,0,1,0,2,0,1,0,0,0,2,5,3,5,5,2,2,1,5,5,2,2,3,3,2,3,1,3,1,3,3,2,3,1,1.495806254,-1.268654014,0.881893033,1,0,1,0,3,0,0,0,1,0,2,0,2,1,0,1,1,0,1,0,0,0,0,0,0,1,1,0,0,1,3,1,0,0,1,1,0,0,1,1,0,0,1,1,0,0,1,0,0,1,0,3
1364,3,2,0.086457548,1,85383,0,1,0,2,0,1,0,0,0,2,5,2,5,4,1,1,4,1,2,3,2,2,2,3,2,2,2,1,2,1,2,1,1,0.885663705,1.033530974,1.215709758,1,0,0,1,4,0,1,1,0,0,2,0,4,0,0,3,0,1,2,0,0,0,0,1,0,1,1,0,1,0,2,1,0,0,1,0,1,0,2,0,1,0,2,1,0,0,1,1,0,0,0,1
1366,3,2,0.10365608,1,85204,0,1,0,4,0,0,0,1,0,3,5,4,4,5,1,4,5,4,4,3,3,3,3,2,2,2,3,1,3,2,2,2,1,0.308069614,1.586307644,0.623943062,0,0,1,0,3,0,0,1,0,0,2,0,4,1,0,1,0,1,2,0,0,0,0,1,0,1,1,0,0,1,3,0,1,0,2,0,0,1,3,0,1,0,2,0,1,0,2,0,0,0,1,4
1368,3,2,0.031191441,1,85204,0,1,0,5,0,0,0,0,1,4,5,5,4,4,3,4,3,4,5,3,2,2,2,2,3,3,3,3,3,2,2,2,1,-0.108001246,0.521539201,0.100968946,1,1,0,0,2,0,0,1,0,0,2,0,4,1,0,1,0,1,2,0,0,0,0,0,0,1,1,0,0,1,3,0,1,0,2,0,0,1,3,0,1,0,2,0,1,0,2,0,0,0,1,4
1369,3,2,0.019886256,1,85296,0,1,0,2,0,1,0,0,0,2,5,3,3,5,3,3,4,5,4,4,1,1,2,3,2,1,1,2,3,3,3,2,1,-0.195516401,0.9640875,0.053754628,1,0,0,1,4,0,0,1,0,0,2,0,4,0,1,2,0,1,2,0,1,0,0,0,0,1,1,0,1,0,2,0,1,0,2,0,0,1,3,0,1,0,2,1,0,0,1,0,1,0,0,2
1371,3,2,0.016924903,1,85351,0,1,0,5,0,0,0,0,1,4,1,5,3,5,5,1,4,3,5,1,3,3,3,2,1,2,3,1,3,1,2,1,1,0.569958234,-0.582555991,-0.997830147,1,0,1,0,3,0,0,1,0,0,2,0,4,0,1,2,0,0,3,1,0,0,1,1,0,1,1,0,1,0,2,1,0,0,1,0,1,0,2,1,0,0,1,1,0,0,1,0,1,0,0,2
1372,3,2,0.011441482,1,85022,0,1,0,1,1,0,0,0,0,2,5,3,5,4,2,2,3,1,5,3,2,2,2,3,2,2,2,2,2,3,3,3,1,-0.749381644,-1.068805384,-0.081778717,1,0,1,0,3,0,1,0,1,0,2,0,2,0,1,2,0,0,3,0,0,0,0,0,0,1,1,0,0,1,3,0,1,0,2,0,1,0,2,1,0,0,1,1,0,0,1,0,0,1,0,3
1373,3,4,0.001284587,1,85022,0,1,0,3,0,0,1,0,0,3,5,3,1,5,5,5,1,4,1,1,2,2,2,3,2,2,2,2,3,2,2,4,1,-0.30947697,1.394586237,-0.607130764,1,1,0,0,2,0,0,1,0,0,2,0,4,1,0,1,0,0,3,0,1,0,0,0,0,1,1,0,0,1,3,0,1,0,2,0,1,0,2,1,0,0,1,1,0,0,1,0,0,1,0,3
1374,3,4,0.100988295,1,85383,0,1,0,2,0,1,0,0,0,1,5,2,5,5,2,2,2,3,4,2,2,2,2,4,2,2,2,2,2,3,2,4,1,1.068355993,-0.642772374,0.492454069,0,0,0,1,4,0,1,1,0,0,2,0,4,0,0,0,0,1,2,0,0,0,0,1,0,1,1,0,1,0,2,1,0,0,1,0,1,0,2,0,1,0,2,1,0,0,1,1,0,0,0,1
1375,3,2,0.12769163,1,85041,0,1,0,3,0,0,1,0,0,2,5,4,3,5,1,1,1,1,1,1,1,3,3,4,2,2,3,2,3,4,2,4,1,-0.099854742,-0.537555923,0.46838484,1,1,0,0,2,0,0,0,0,0,1,1,1,1,0,1,0,0,3,1,0,0,1,1,0,1,1,0,0,1,3,1,0,0,1,1,0,0,1,1,0,0,1,1,0,0,1,0,0,1,0,3
1377,3,4,0.031249448,1,85354,0,0,1,3,0,0,1,0,0,2,5,4,3,5,2,2,2,5,4,2,1,1,1,3,2,2,1,2,3,3,2,3,1,-0.390964396,-0.794281484,1.355985385,1,0,1,0,3,0,0,1,0,0,2,0,4,0,1,2,0,1,2,0,1,0,0,1,0,1,1,1,0,0,1,1,0,0,1,1,0,0,1,0,0,1,3,1,0,0,1,1,0,0,0,1
1378,3,4,0.016796097,1,85378,0,1,0,3,0,0,1,0,0,2,5,4,4,5,2,3,2,3,3,3,2,2,2,4,2,2,2,2,2,3,3,4,1,0.929551252,-1.434458957,-0.390300718,1,0,0,1,4,1,1,1,0,0,2,0,4,1,0,1,1,0,1,0,0,0,0,1,0,1,1,0,1,0,2,0,1,0,2,0,0,1,3,1,0,0,1,1,0,0,1,1,0,0,0,1
1380,3,2,0.037473573,1,85331,0,1,0,3,0,0,1,0,0,3,5,4,2,5,2,1,1,3,4,4,1,1,1,3,2,2,1,1,3,1,2,2,1,1.073374505,0.380081683,0.396277495,0,0,0,1,4,1,1,1,0,0,2,0,4,0,1,2,0,1,2,0,1,0,1,1,0,1,1,1,0,0,1,1,0,0,1,0,0,1,3,0,1,0,2,1,0,0,1,1,0,0,0,1
1382,3,2,0.106597711,1,85208,0,1,0,2,0,1,0,0,0,1,5,2,5,4,1,1,5,5,5,4,2,2,2,3,2,2,2,2,2,4,3,3,1,1.460449863,0.896316151,0.949780171,1,1,0,0,2,0,0,0,0,1,2,0,3,0,0,3,0,0,3,1,0,0,1,1,0,1,1,0,1,0,2,0,1,0,2,0,0,1,3,0,1,0,2,1,0,0,1,0,1,0,0,2
1383,3,4,0.012324661,1,85008,1,0,0,3,0,0,1,0,0,4,5,5,2,4,2,2,1,4,5,4,3,1,3,4,2,2,2,2,3,1,2,2,1,0.595365872,0.138717407,0.20333327,1,0,1,1,4,0,0,1,0,0,2,0,4,0,1,2,0,0,3,0,1,0,0,0,1,1,1,0,0,1,3,0,0,1,3,0,1,0,2,0,0,1,3,0,1,0,2,0,0,1,0,3
1384,3,4,0.032616678,1,85085,0,1,0,1,1,0,0,0,0,2,5,3,4,5,4,1,3,3,2,2,2,3,2,1,2,2,2,2,3,2,2,4,1,-0.277281146,-0.716709197,-0.430352933,0,0,0,1,4,1,1,1,0,0,2,0,4,0,1,2,0,1,2,0,1,0,0,0,0,1,1,1,0,0,1,1,0,0,1,1,0,0,1,1,0,0,1,1,0,0,1,1,0,0,0,1
1385,49,4,0.001802653,0,98057,0,1,0,5,0,0,0,0,1,4,5,4,2,4,3,3,1,5,5,3,2,2,2,3,2,2,2,2,2,3,3,4,0,1.209641538,-0.178583706,0.91081093,1,0,0,1,4,0,1,1,0,0,2,0,4,1,0,1,1,0,1,0,1,0,0,0,1,0,0,0,1,0,2,0,0,1,3,0,0,1,3,0,0,1,3,0,1,0,2,0,0,0,1,4
1386,3,4,0.026619271,1,85040,1,0,0,4,0,0,0,1,0,2,5,4,2,4,1,2,1,4,4,2,2,2,3,1,2,2,2,2,3,4,3,1,1,-0.867947205,-1.565748839,0.322831804,1,0,0,1,4,1,1,0,0,0,1,1,1,1,0,1,1,0,1,0,0,0,0,1,1,1,1,0,0,1,3,0,0,1,3,0,1,0,2,1,0,0,1,1,0,0,1,0,0,1,0,3
1389,3,4,0.1378727,1,85351,0,1,0,2,0,1,0,0,0,3,5,3,4,5,3,1,1,3,4,3,2,2,2,4,2,2,2,2,2,4,3,3,1,-0.149279407,-0.231066162,-0.166683811,1,0,0,1,4,0,0,1,0,0,2,0,4,0,0,3,0,1,2,0,0,0,0,1,0,1,1,0,1,0,2,1,0,0,1,0,1,0,2,1,0,0,1,1,0,0,1,0,1,0,0,2
1390,3,4,0.049682006,1,85383,0,1,0,2,0,1,0,0,0,1,5,3,4,5,2,2,4,4,5,2,2,2,2,3,2,2,2,2,2,4,3,3,1,0.608666836,0.254011515,0.203757319,0,0,0,1,4,0,0,1,0,0,2,0,4,0,1,2,0,1,2,0,1,0,0,1,0,1,1,0,1,0,2,1,0,0,1,0,1,0,2,0,1,0,2,1,0,0,1,1,0,0,0,1
1391,3,1,0.076012292,1,85051,1,0,0,5,0,0,0,0,1,2,5,5,2,5,2,5,1,5,5,4,3,3,3,2,3,1,1,1,3,2,2,1,1,0.255534323,-0.156128023,0.979933902,1,0,0,0,1,0,0,0,1,0,2,0,2,0,0,3,0,0,3,1,0,0,0,0,0,1,1,0,0,1,3,0,0,1,3,0,0,1,3,0,1,0,2,1,0,0,1,0,0,0,1,4
1393,3,4,0.062111825,1,85022,0,1,0,3,0,0,1,0,0,3,3,4,4,3,3,2,2,3,3,3,2,3,3,1,2,3,2,3,2,2,1,3,1,-0.903271381,0.936046916,-0.140166505,0,0,1,0,3,0,0,0,1,0,2,0,2,1,0,1,0,1,2,0,0,0,0,0,0,1,1,0,0,1,3,0,1,0,2,0,1,0,2,1,0,0,1,1,0,0,1,0,0,1,0,3
1394,3,4,0.004226652,1,85208,0,1,0,3,0,0,1,0,0,3,4,3,2,4,4,4,2,2,4,2,1,1,1,1,3,1,2,1,2,4,2,2,1,-1.102542868,0.793922624,-1.028092281,1,0,0,0,1,0,0,1,0,0,1,1,1,1,0,1,0,0,3,1,0,0,0,0,0,1,1,0,1,0,2,0,1,0,2,0,0,1,3,0,1,0,2,1,0,0,1,0,1,0,0,2
1395,3,4,0.017245226,1,85283,1,0,0,2,0,1,0,0,0,3,5,4,2,5,2,4,4,5,5,5,3,3,2,2,2,2,1,2,3,2,2,2,1,1.608654893,0.532598546,0.074946839,1,0,0,1,4,0,0,1,0,0,2,0,4,0,1,2,0,1,2,0,0,0,0,1,0,1,1,0,0,1,3,0,0,1,3,0,0,1,3,0,1,0,2,1,0,0,1,0,0,0,1,4
1396,3,4,0.012239971,1,85044,1,0,0,3,0,0,1,0,0,3,5,3,3,5,1,1,1,5,5,5,1,2,1,1,1,1,3,1,3,4,4,4,1,-1.341603416,-0.496886789,-0.082425003,1,0,0,1,4,0,0,1,0,0,2,0,4,1,0,1,0,1,2,0,0,0,0,0,0,1,1,0,0,1,3,0,0,1,3,0,0,1,3,0,0,1,3,1,0,0,1,0,0,0,1,4
1398,49,2,0.060417059,0,98115,1,0,0,1,1,0,0,0,0,1,2,2,4,5,1,1,2,3,5,3,1,1,2,1,3,1,2,1,2,1,2,1,1,0.942652983,0.544577055,0.298502511,0,0,0,1,4,0,1,1,0,0,2,0,4,0,0,3,0,1,2,0,0,0,0,1,0,1,1,0,0,1,3,0,0,1,3,0,1,0,2,0,0,1,3,1,0,0,1,0,0,0,1,4
1399,3,2,0.2231715,1,85043,0,1,0,1,1,0,0,0,0,1,5,0,5,5,1,1,1,3,5,3,2,2,2,3,2,2,2,2,2,4,3,3,1,1.216623447,0.113853107,1.00295829,0,1,0,0,2,0,0,1,0,0,2,0,4,0,1,2,1,0,1,0,0,0,1,1,0,1,1,1,0,0,1,0,0,1,3,0,0,1,3,0,0,1,3,1,0,0,1,0,0,1,0,3
1400,3,2,0.180267317,1,85205,0,1,0,5,0,0,0,0,1,2,5,5,4,5,1,5,1,5,5,5,1,1,1,1,2,1,2,1,2,4,4,4,1,0.882311902,0.846216348,0.786674425,0,1,0,0,2,0,0,0,0,0,1,1,1,1,0,1,0,0,3,0,0,0,0,1,0,1,1,0,1,0,2,0,1,0,2,0,1,0,2,0,1,0,2,1,0,0,1,0,0,1,0,3
1401,3,4,0.022387979,1,85208,0,1,0,4,0,0,0,1,0,4,5,4,1,5,1,4,1,1,4,3,1,1,3,2,2,2,3,1,3,2,2,4,1,-1.003067604,0.189734122,1.475146457,1,1,0,0,2,0,0,1,0,0,2,0,4,0,1,2,0,1,2,0,1,0,0,1,0,1,1,0,1,0,2,0,1,0,2,0,0,1,3,0,1,0,2,1,0,0,1,0,1,0,0,2
1403,3,2,0.105634188,1,85226,0,1,0,2,0,1,0,0,0,2,1,2,5,4,2,3,4,4,5,2,3,3,3,3,1,2,2,1,2,1,2,2,1,-1.156493454,-1.505555281,0.466232914,1,1,0,0,2,0,1,0,0,0,2,0,5,0,1,2,1,0,1,0,0,0,0,0,0,1,1,0,1,0,2,0,0,1,3,0,0,1,3,0,0,1,3,1,0,0,1,0,0,0,1,4
1407,3,2,0.004157617,1,85209,0,1,0,3,0,0,1,0,0,3,5,3,2,4,3,4,2,4,4,4,1,1,1,1,2,1,1,1,2,3,3,2,1,-0.233937686,-0.791861997,-0.593224612,1,0,0,1,4,0,0,1,0,0,2,0,4,1,0,1,0,1,2,0,0,0,1,0,1,1,1,0,1,0,2,0,1,0,2,0,0,1,3,1,0,0,1,1,0,0,1,0,0,1,0,3
1408,49,4,0.037530664,0,98117,1,0,0,2,0,1,0,0,0,2,5,4,2,5,1,1,1,3,4,4,1,1,2,4,2,2,1,2,2,4,2,4,1,0.928268011,-0.117595813,0.646303698,0,0,0,1,4,1,1,1,0,0,2,0,4,0,1,2,0,1,2,0,0,0,0,1,0,1,1,0,0,1,3,0,1,0,2,1,0,0,1,0,1,0,2,1,0,0,1,0,0,0,1,4
1409,3,1,0.047741001,1,85301,1,0,0,5,0,0,0,0,1,2,5,5,4,3,4,3,4,4,4,4,2,3,3,2,2,1,3,1,3,1,2,2,1,0.031253235,0.449614467,0.699125131,1,0,0,0,1,0,0,1,0,0,1,1,1,1,0,1,0,0,3,0,0,0,0,1,0,1,1,0,0,1,3,0,0,1,3,0,1,0,2,1,0,0,1,1,0,0,1,0,0,0,1,4
1411,3,4,0.011984589,1,85032,0,1,0,5,0,0,0,0,1,5,5,5,1,5,2,1,1,5,5,2,1,3,2,2,2,2,1,2,3,4,2,4,0,0.146570347,-0.959157996,0.702748194,1,0,0,1,4,0,0,1,0,0,2,0,4,1,0,1,1,0,1,0,0,0,0,1,0,0,0,0,0,1,3,0,1,0,2,0,0,1,3,0,0,1,3,1,0,0,1,0,0,0,1,4
1412,3,2,0.091819576,1,85087,0,1,0,1,1,0,0,0,0,1,3,2,4,4,2,1,1,4,4,4,3,2,2,3,2,3,1,1,3,3,2,2,1,-0.889687667,0.673674576,0.770055474,0,1,0,0,2,0,0,1,0,0,2,0,4,0,0,3,0,0,3,1,0,0,0,1,0,1,1,1,0,0,1,1,0,0,1,1,0,0,1,1,0,0,1,1,0,0,1,1,0,0,0,1
1413,3,1,0.013896425,1,85003,0,1,0,3,0,0,1,0,0,2,5,1,5,4,3,3,1,1,4,3,3,3,2,2,2,2,3,2,3,3,3,3,1,0.666887085,0.026339772,0.061097797,1,0,0,0,1,0,0,0,1,0,2,0,2,1,0,1,0,0,3,0,0,0,0,0,0,1,1,0,1,0,2,0,0,1,3,0,0,1,3,0,1,0,2,0,0,1,3,0,0,0,1,4
1415,3,4,0.006805185,1,85345,0,1,0,1,1,0,0,0,0,1,5,1,5,5,1,1,1,1,1,1,2,2,2,4,2,2,2,2,2,4,4,4,1,0.579738322,-1.084958872,-0.95360977,1,0,0,1,4,0,0,1,0,0,2,0,4,1,0,1,1,0,1,0,0,0,0,0,0,1,1,0,1,0,2,0,1,0,2,0,0,1,3,1,0,0,1,1,0,0,1,0,0,1,0,3
1416,3,4,0.069343146,1,85255,0,1,0,3,0,0,1,0,0,2,5,3,4,5,1,2,2,4,4,4,2,2,2,4,2,2,2,2,2,3,3,3,1,1.539284143,-0.091159322,-0.105162727,1,0,0,1,4,0,1,1,0,0,2,0,4,0,0,3,0,1,2,0,0,0,0,0,0,1,1,1,0,0,1,0,1,0,2,0,0,1,3,0,1,0,2,1,0,0,1,1,0,0,0,1
1417,3,4,0.103598353,1,85032,0,1,0,3,0,0,1,0,0,3,3,3,3,5,4,5,3,5,5,5,2,2,2,3,1,1,1,2,2,3,3,1,1,1.14011213,0.295969599,0.723154366,0,1,0,0,2,0,0,0,1,0,2,0,2,0,0,3,0,1,2,0,1,0,0,0,1,1,1,0,0,1,3,0,1,0,2,0,0,1,3,0,0,1,3,1,0,0,1,0,0,0,1,4
1418,3,4,0.010061705,1,85048,0,1,0,2,0,1,0,0,0,2,5,4,4,5,1,1,1,1,3,3,2,2,2,1,2,2,2,2,2,4,3,4,1,0.045012431,-0.262095843,-0.141285658,0,0,0,1,4,1,1,1,0,0,2,0,4,1,0,1,0,1,2,0,0,0,0,1,0,1,1,0,1,0,2,0,1,0,2,0,0,1,3,1,0,0,1,1,0,0,1,0,0,1,0,3
1420,3,2,0.039308938,1,85050,0,1,0,3,0,0,1,0,0,2,5,4,3,3,3,3,3,3,3,3,1,1,1,1,1,3,3,1,1,1,2,1,1,-1.878322845,0.087158771,0.000247795,0,0,1,0,3,0,0,1,0,0,2,0,4,1,0,1,1,0,1,0,0,0,1,0,0,1,1,0,0,1,3,1,0,0,1,0,0,1,3,1,0,0,1,1,0,0,1,0,1,0,0,2
1422,3,4,0.005106128,1,85023,1,0,0,5,0,0,0,0,1,5,5,5,1,5,3,3,2,5,5,3,3,3,3,2,2,2,2,1,3,2,2,4,1,0.248053265,-1.801520793,-0.192643895,0,0,0,1,4,0,0,1,0,0,2,0,4,1,0,1,1,0,1,0,1,0,0,0,1,1,1,0,0,1,3,0,0,1,3,0,1,0,2,1,0,0,1,1,0,0,1,0,0,1,0,3
1423,3,4,0.013819302,1,85212,0,1,0,4,0,0,0,1,0,3,4,4,4,4,3,4,4,4,4,4,1,3,1,2,2,2,1,1,2,3,3,3,1,-0.137164548,-0.366671592,-0.437328425,1,1,0,0,2,0,1,1,0,0,2,0,4,0,1,2,0,0,3,1,0,0,0,1,0,1,1,1,0,0,1,1,0,0,1,0,1,0,2,0,1,0,2,1,0,0,1,1,0,0,0,1
1424,3,2,0.089122211,1,85007,0,1,0,3,0,0,1,0,0,2,5,3,4,4,3,3,2,4,5,5,3,2,3,2,2,2,3,2,3,4,2,2,1,1.222352263,1.061226028,0.457491892,0,1,0,0,2,0,0,0,1,0,2,0,2,0,1,2,1,0,1,0,0,0,1,1,0,1,1,0,1,0,2,0,0,1,3,0,0,1,3,0,0,1,3,0,1,0,2,0,0,0,1,4
1426,3,4,0.018794187,1,85251,1,0,0,1,1,0,0,0,0,1,5,1,5,4,1,1,1,4,5,3,2,2,2,3,2,2,2,2,2,3,3,3,1,1.121169541,0.333451695,-0.024964237,1,0,0,1,4,0,0,1,0,0,2,0,4,1,0,1,1,0,1,0,0,0,0,0,0,1,1,0,0,1,3,0,0,1,3,0,1,0,2,0,1,0,2,1,0,0,1,0,0,0,1,4
1428,49,4,0.026561301,0,98125,1,0,0,2,0,1,0,0,0,3,4,4,3,5,3,4,3,4,4,4,2,1,3,2,2,1,2,3,3,2,2,3,0,-0.411338101,0.188236391,0.018382932,1,0,0,1,4,0,0,1,0,0,2,0,4,1,0,1,1,0,1,0,1,0,0,0,0,0,0,0,0,1,3,0,0,1,3,0,1,0,2,0,0,1,3,1,0,0,1,0,0,0,1,4
1429,3,4,0.009955992,1,85307,0,1,0,3,0,0,1,0,0,3,5,5,1,5,1,1,1,5,5,5,1,1,1,1,2,2,1,1,3,1,2,3,1,-1.113321749,-0.326420294,0.486622887,1,0,0,1,4,0,0,1,0,0,2,0,4,1,0,1,0,1,2,0,0,0,0,0,0,1,1,0,1,0,2,1,0,0,1,1,0,0,1,0,1,0,2,1,0,0,1,0,0,1,0,3
1431,3,2,0.024129048,1,85036,1,0,0,5,0,0,0,0,1,4,1,5,3,5,2,3,4,5,4,4,1,1,1,1,2,2,1,1,3,2,2,2,1,-0.778620762,0.981728725,-1.013379012,1,0,1,0,3,0,0,1,0,0,2,0,4,1,0,1,1,0,1,0,0,0,1,1,0,1,1,0,0,0,0,0,0,0,0,0,0,0,0,0,0,0,0,0,0,0,0,0,0,0,0,0
1432,3,2,0.071016111,1,85395,0,1,0,3,0,0,1,0,0,3,5,3,5,5,1,1,2,3,5,3,3,1,2,2,3,1,2,2,2,4,2,4,1,0.423025284,1.048803689,-0.303903545,0,0,1,0,3,1,1,0,1,0,2,0,2,0,0,3,0,0,3,0,0,0,1,1,0,1,1,0,1,0,2,0,1,0,2,0,0,1,3,0,1,0,2,1,0,0,1,1,0,0,0,1
1433,3,4,0.005282993,1,85326,0,1,0,4,0,0,0,1,0,4,5,5,2,5,2,2,1,4,5,4,2,2,2,4,2,2,2,2,3,4,2,4,0,-0.159038902,-1.083738627,0.411288502,1,0,0,1,4,0,0,1,0,0,2,0,4,1,0,1,0,1,2,0,1,0,0,0,0,0,0,1,0,0,1,1,0,0,1,0,1,0,2,1,0,0,1,1,0,0,1,1,0,0,0,1
1435,3,4,0.039577219,1,85022,0,1,0,3,0,0,1,0,0,3,5,5,1,5,2,5,1,3,4,1,2,3,3,3,3,2,2,3,3,2,2,4,1,0.421082838,-0.274294072,-2.01487211,1,0,0,1,4,0,0,1,0,0,2,0,4,0,1,2,0,0,3,0,1,0,0,1,0,1,1,0,0,1,3,0,1,0,2,0,1,0,2,1,0,0,1,1,0,0,1,0,0,1,0,3
1436,3,4,0.002142866,1,85205,0,1,0,3,0,0,1,0,0,3,5,5,3,5,2,2,2,3,3,3,2,2,3,4,2,2,2,2,3,3,3,3,1,-0.200681516,0.219510642,0.089340003,0,0,0,1,4,1,1,1,0,0,2,0,4,1,0,1,1,0,1,0,1,0,0,0,1,1,1,0,1,0,2,0,1,0,2,0,1,0,2,0,1,0,2,1,0,0,1,0,0,1,0,3
1437,3,4,0.092557872,1,85308,0,1,0,1,1,0,0,0,0,2,5,3,4,4,2,2,3,3,4,3,2,2,2,3,2,2,2,2,3,3,3,4,1,0.374434653,-0.371206066,-1.371329614,1,0,1,0,3,0,0,1,0,0,2,0,4,0,1,2,0,1,2,0,0,0,0,1,0,1,1,0,1,0,2,0,1,0,2,0,0,1,3,0,1,0,2,1,0,0,1,0,0,1,0,3
1439,3,2,0.026882323,1,85042,0,1,0,4,0,0,0,1,0,3,5,4,4,5,2,2,2,2,2,2,3,1,3,3,3,1,3,1,3,4,2,3,1,-0.906313018,-0.37448366,0.596595026,0,1,0,0,2,0,0,0,0,0,2,0,5,1,0,1,0,0,3,0,0,1,1,0,0,1,1,0,0,1,3,0,1,0,2,1,0,0,1,1,0,0,1,1,0,0,1,0,0,1,0,3
1441,3,2,0.140574847,1,85378,0,1,0,4,0,0,0,1,0,4,4,3,3,2,3,4,3,5,4,4,2,2,1,1,1,2,2,1,1,3,4,4,1,-0.214148957,0.378929126,0.085589445,0,1,0,0,2,0,0,1,0,0,2,0,4,0,1,2,0,0,3,1,0,0,1,1,0,1,1,0,1,0,2,0,1,0,2,0,0,1,3,1,0,0,1,1,0,0,1,1,0,0,0,1
1442,3,2,0.063330024,1,85338,0,1,0,4,0,0,0,1,0,4,5,4,1,5,4,4,4,5,4,4,1,3,3,2,2,2,1,1,3,2,2,2,1,0.25209147,1.196778149,-0.33135104,1,1,0,0,2,0,0,1,0,0,2,0,4,0,0,3,0,0,3,1,1,0,1,1,0,1,1,1,0,0,1,1,0,0,1,0,1,0,2,0,0,1,3,1,0,0,1,0,1,0,0,2
1443,3,4,0.569113803,1,85021,1,0,0,2,0,1,0,0,0,1,5,4,2,5,1,1,1,3,3,1,2,2,3,4,2,2,2,2,2,3,3,4,1,0.848549473,0.31978107,-0.300761151,1,1,0,0,2,0,0,1,0,0,1,1,1,0,1,2,0,0,3,1,0,0,0,0,0,1,1,0,0,1,3,0,0,1,3,1,0,0,1,0,1,0,2,0,0,1,3,0,0,0,1,4
1446,3,2,0.045873799,1,85201,1,0,0,1,1,0,0,0,0,1,5,1,5,4,1,1,1,1,1,1,2,2,2,2,3,3,1,1,3,1,1,1,1,0.78553253,-1.795718278,0.179291341,1,1,0,0,2,0,0,1,0,0,2,0,4,0,1,2,0,0,3,1,0,0,1,0,0,1,1,0,0,1,3,0,0,1,3,0,1,0,2,0,0,1,3,0,0,1,3,0,0,0,1,4
1447,3,2,0.052882494,1,85029,1,0,0,5,0,0,0,0,1,3,5,5,1,5,4,1,3,5,3,4,3,2,3,4,2,2,2,2,3,4,3,2,1,-1.018847169,-0.235348863,0.147987916,1,1,0,0,2,0,0,1,0,0,1,1,1,1,0,1,0,0,3,1,0,0,1,0,0,1,1,0,0,1,3,0,0,1,3,0,0,1,3,0,1,0,2,1,0,0,1,0,0,0,1,4
1449,3,2,0.02717267,1,85208,0,1,0,3,0,0,1,0,0,2,5,4,4,5,5,5,2,4,5,4,1,1,3,2,2,2,3,2,3,2,4,4,1,-0.532151955,-0.825850793,0.878890393,0,1,0,0,2,0,0,1,0,0,1,1,1,1,0,1,0,0,3,1,0,0,1,0,0,1,1,0,1,0,2,0,1,0,2,0,0,1,3,0,1,0,2,1,0,0,1,0,1,0,0,2
1451,3,4,0.139048906,1,85254,0,1,0,1,1,0,0,0,0,1,5,0,5,5,1,1,1,2,3,1,2,2,2,4,2,2,2,2,2,4,3,4,1,-0.756932168,-0.137996651,0.839730324,0,0,0,1,4,0,1,1,0,0,2,0,4,0,0,3,0,1,2,0,0,0,0,1,0,1,1,0,1,0,2,0,0,1,3,0,0,1,3,0,1,0,2,1,0,0,1,0,0,1,0,3
1452,3,2,0.017314571,1,85295,0,1,0,5,0,0,0,0,1,2,5,4,3,5,1,1,2,4,3,1,2,2,2,3,2,2,2,2,2,3,3,3,1,-1.342964828,-0.24329589,0.777160707,1,0,0,0,1,1,1,1,0,0,1,1,1,1,0,1,0,0,3,0,0,0,1,1,0,1,1,0,1,0,2,0,0,1,3,0,0,1,3,0,0,1,3,1,0,0,1,0,0,1,0,3
1453,3,2,0.011430111,1,85201,1,0,0,5,0,0,0,0,1,5,5,4,5,2,1,2,1,3,5,3,1,1,1,3,1,2,2,1,2,1,3,1,1,0.046880994,-1.002291737,-0.381939136,1,0,1,0,3,1,1,1,0,0,2,0,4,1,0,1,0,1,2,0,0,0,1,0,0,1,1,0,0,1,3,0,0,1,3,0,1,0,2,0,0,1,3,0,0,1,3,0,0,0,1,4
1454,3,4,0.036450958,1,85201,1,0,0,2,0,1,0,0,0,2,5,2,3,5,3,4,1,4,5,1,2,2,3,4,2,2,2,1,3,4,4,4,1,-0.446661471,-1.647960126,0.129628177,0,0,0,0,1,0,0,1,0,0,2,0,4,1,0,1,0,0,3,0,0,0,0,0,0,1,1,0,0,1,3,0,0,1,3,0,1,0,2,0,0,1,3,0,0,1,3,0,0,0,1,4
1455,49,2,0.018976628,0,98383,0,1,0,3,0,0,1,0,0,2,5,3,1,5,1,4,2,5,5,4,2,2,2,1,2,2,1,2,3,1,2,2,1,0.913661573,1.37721761,0.548222245,1,1,0,0,2,0,1,1,0,0,2,0,4,0,0,3,0,0,3,1,0,0,0,1,0,1,1,1,0,0,1,0,1,0,2,0,1,0,2,1,0,0,1,1,0,0,1,1,0,0,0,1
1456,49,4,0.021839636,0,98407,0,1,0,4,0,0,0,1,0,4,1,2,4,4,1,1,2,2,4,4,2,3,2,2,3,1,3,3,3,3,3,1,1,0.83954569,-0.307583375,-0.514357712,1,0,0,1,4,0,0,1,0,0,2,0,4,0,1,2,0,0,3,0,1,0,0,0,0,1,1,0,1,0,2,0,1,0,2,1,0,0,1,1,0,0,1,0,1,0,2,0,0,0,1,4
1460,3,4,0.018865294,1,85302,0,1,0,3,0,0,1,0,0,2,5,4,4,4,3,4,4,4,5,3,2,2,3,1,3,1,3,3,3,2,2,3,1,-1.496168795,-1.910818339,0.646349696,1,1,0,0,2,0,0,1,0,0,2,0,4,0,1,2,0,1,2,0,0,0,0,0,0,1,1,0,0,1,3,0,1,0,2,1,0,0,1,0,1,0,2,1,0,0,1,0,0,0,1,4
1462,3,4,0.027061615,1,85351,0,1,0,5,0,0,0,0,1,1,5,1,5,4,1,1,1,1,1,1,2,2,2,3,2,2,2,1,2,3,3,1,1,1.041992466,-0.257696572,1.005209601,1,0,0,1,4,0,0,1,0,0,2,0,4,0,0,0,0,1,2,0,1,0,0,1,0,1,1,0,1,0,2,1,0,0,1,0,1,0,2,1,0,0,1,1,0,0,1,0,1,0,0,2
1464,3,2,0.034636038,1,85304,1,0,0,5,0,0,0,0,1,3,5,3,4,4,1,1,5,1,3,3,3,2,2,1,2,2,2,2,3,3,3,3,1,-0.077186697,-0.35512441,0.821031906,1,1,0,0,2,0,0,1,0,0,2,0,4,0,1,2,0,1,2,0,1,0,0,1,0,1,1,0,0,1,3,0,1,0,2,1,0,0,1,0,1,0,2,1,0,0,1,0,0,0,1,4
1465,3,4,0.018235351,1,85262,0,1,0,3,0,0,1,0,0,2,5,4,4,5,1,1,4,4,5,4,2,2,2,2,2,2,2,2,2,2,2,3,1,1.001349623,-0.524686915,0.130591514,1,0,0,1,4,0,1,1,0,0,2,0,4,0,0,3,0,0,3,0,0,0,0,1,0,1,1,1,0,0,1,1,0,0,1,0,1,0,2,1,0,0,1,1,0,0,1,1,0,0,0,1
1466,3,2,0.001212013,1,85344,0,1,0,5,0,0,0,0,1,4,5,5,1,5,3,3,5,3,5,4,2,2,3,3,2,1,2,1,3,3,3,2,1,0.436349652,-1.890259757,1.229098455,1,0,0,0,1,0,0,1,0,0,2,0,4,1,0,1,0,0,3,0,0,0,1,1,0,1,1,1,0,0,1,1,0,0,1,1,0,0,1,0,0,1,3,1,0,0,1,1,0,0,0,1
1469,3,2,0.026507417,1,85351,0,1,0,3,0,0,1,0,0,3,5,4,5,4,1,1,1,1,4,3,2,2,2,3,2,2,2,2,2,4,3,4,1,0.605325254,0.838687612,-0.027465926,1,0,1,0,3,0,0,1,0,0,2,0,4,1,0,1,0,0,3,0,0,0,0,1,0,1,1,0,1,0,2,1,0,0,1,0,1,0,2,1,0,0,1,1,0,0,1,0,1,0,0,2
1471,3,4,0.046652889,1,85248,0,1,0,3,0,0,1,0,0,2,5,3,4,4,2,3,2,2,3,3,2,2,2,3,2,2,2,2,2,3,3,3,1,-0.745482059,-0.325391043,-0.277707568,0,0,0,1,4,1,1,1,0,0,2,0,4,0,1,2,1,0,1,0,0,0,0,1,0,1,1,0,1,0,2,0,1,0,2,0,0,1,3,0,1,0,2,1,0,0,1,0,1,0,0,2
1472,3,4,0.00978853,1,85301,1,0,0,2,0,1,0,0,0,3,4,1,3,3,3,3,3,3,3,3,1,1,3,2,3,1,3,1,3,3,3,1,1,-1.871173778,0.44351338,-0.790829995,1,0,0,1,4,0,0,1,0,0,2,0,4,1,0,1,1,0,1,0,1,0,0,0,1,1,1,0,0,1,3,0,0,1,3,0,1,0,2,1,0,0,1,1,0,0,1,0,0,0,1,4
1474,3,2,0.001263077,1,85381,0,1,0,3,0,0,1,0,0,2,5,3,4,4,2,2,2,2,4,3,2,2,2,4,2,2,2,2,2,4,3,4,1,-0.461421634,-1.812029729,-0.549701654,1,1,0,0,2,0,1,1,0,0,2,0,4,0,1,2,0,0,3,1,1,0,1,0,1,1,1,0,1,0,2,0,1,0,2,0,1,0,2,0,0,1,3,1,0,0,1,0,0,1,0,3
1476,3,4,0.202382157,1,85395,0,1,0,4,0,0,0,1,0,1,5,4,4,5,1,1,3,3,3,3,2,2,2,4,2,2,2,2,2,4,4,4,1,1.185062765,-1.228135934,0.309083334,0,0,0,1,4,0,1,1,0,0,2,0,4,0,0,3,1,0,1,0,1,0,0,1,0,1,1,0,1,0,2,0,1,0,2,0,0,1,3,0,1,0,2,1,0,0,1,1,0,0,0,1
1477,3,4,0.018335924,1,85212,0,1,0,2,0,1,0,0,0,1,5,1,4,5,2,2,4,4,5,4,2,2,2,2,2,2,2,2,3,3,2,3,1,0.629837119,0.775810442,-0.380412207,1,0,0,1,4,1,1,1,0,0,2,0,4,0,1,2,0,1,2,0,0,0,0,1,0,1,1,1,0,0,1,1,0,0,1,0,1,0,2,0,1,0,2,1,0,0,1,1,0,0,0,1
1480,3,4,0.090688166,1,85226,0,1,0,3,0,0,1,0,0,3,5,4,2,5,2,2,3,4,4,4,2,2,2,3,2,2,2,2,2,3,3,3,1,1.113026887,0.495724912,0.429484825,1,0,0,1,4,0,0,1,0,0,2,0,4,0,1,2,0,1,2,0,0,0,0,1,0,1,1,0,1,0,2,0,0,1,3,0,0,1,3,0,0,1,3,1,0,0,1,0,0,0,1,4
1484,3,4,0.011398406,1,85331,0,1,0,2,0,1,0,0,0,2,4,1,5,2,1,2,1,3,4,2,2,2,2,3,2,2,2,2,2,4,3,4,1,-0.071396301,-0.011463813,-0.040298915,1,0,0,1,4,0,0,1,0,0,2,0,4,1,0,1,0,1,2,0,0,0,0,1,0,1,1,1,0,0,1,1,0,0,1,0,0,1,3,0,1,0,2,1,0,0,1,1,0,0,0,1
1485,3,4,0.017245226,1,85283,1,0,0,4,0,0,0,1,0,3,5,4,2,5,1,4,4,4,4,4,3,3,2,2,2,2,3,2,3,4,2,3,1,1.465812082,0.156093883,0.935899994,1,0,0,1,4,0,0,1,0,0,2,0,4,0,1,2,0,1,2,0,0,0,0,1,0,1,1,0,0,1,3,0,0,1,3,0,0,1,3,0,1,0,2,1,0,0,1,0,0,0,1,4
1487,3,2,0.034787182,1,85208,0,1,0,2,0,1,0,0,0,1,5,5,4,5,1,1,1,1,1,1,3,2,2,4,2,2,3,2,2,3,3,4,1,1.148281709,1.057552502,-0.808871329,1,0,1,0,3,0,0,1,0,0,2,0,4,0,1,2,0,1,2,0,0,0,1,1,0,1,1,0,1,0,2,0,1,0,2,0,0,1,3,0,1,0,2,1,0,0,1,0,1,0,0,2
1488,3,4,0.027061615,1,85051,1,0,0,2,0,1,0,0,0,3,5,3,4,5,1,1,1,1,1,1,2,2,2,4,2,2,2,2,3,4,4,4,1,-1.864619006,0.13168482,-0.719045433,1,0,0,1,4,0,0,1,0,0,2,0,4,0,0,0,0,1,2,0,0,0,0,1,0,1,1,0,0,1,3,0,0,1,3,0,0,1,3,0,1,0,2,1,0,0,1,0,0,0,1,4
1490,3,4,0.012869433,1,85351,0,1,0,3,0,0,1,0,0,2,5,3,4,4,1,2,1,4,4,3,2,1,1,4,2,2,2,2,2,3,3,4,1,0.959312325,-0.896143745,-0.588780356,1,0,0,1,4,0,0,1,0,0,2,0,4,1,0,1,1,0,1,0,1,0,0,0,0,1,1,0,1,0,2,1,0,0,1,0,1,0,2,1,0,0,1,1,0,0,1,0,1,0,0,2
1491,3,4,0.002883066,1,85326,0,1,0,2,0,1,0,0,0,2,5,3,4,5,3,3,4,5,5,4,2,2,2,3,2,1,2,2,2,1,3,2,1,-0.648891796,0.376314851,-0.702505373,1,0,0,1,4,0,0,1,0,0,2,0,4,0,0,0,0,0,3,1,0,0,0,0,0,1,1,1,0,0,1,1,0,0,1,0,1,0,2,1,0,0,1,1,0,0,1,1,0,0,0,1
1492,3,4,0.06435558,1,85259,0,1,0,2,0,1,0,0,0,2,6,3,4,3,1,1,1,2,1,1,2,2,2,4,2,1,3,1,3,1,3,3,1,-1.401241453,1.02549809,0.53067223,0,0,0,1,4,1,1,1,0,0,2,0,4,0,0,3,0,1,2,0,0,0,0,1,0,1,1,0,1,0,2,1,0,0,1,0,0,1,3,0,1,0,2,1,0,0,1,0,1,0,0,2
1494,34,2,1.331867674,0,28204,0,1,0,3,0,0,1,0,0,3,2,2,4,3,3,3,3,2,2,3,2,3,3,1,3,3,3,3,2,2,2,1,1,0.000345975,0.993020865,-0.060469774,1,1,0,0,2,1,1,1,0,0,2,0,4,0,0,3,0,0,3,1,0,1,0,0,0,1,1,0,1,0,2,0,0,1,3,0,0,1,3,0,0,1,3,0,0,1,3,0,0,0,1,4
1495,3,2,0.032666204,1,85048,0,1,0,2,0,1,0,0,0,1,6,1,5,5,1,3,1,4,5,5,3,2,2,3,2,2,1,2,2,1,3,3,1,1.389818008,0.256695557,1.230792304,1,0,1,0,3,0,1,1,0,0,2,0,4,0,1,2,1,0,1,0,0,0,0,1,0,1,1,0,1,0,2,0,1,0,2,0,0,1,3,1,0,0,1,1,0,0,1,0,0,1,0,3
1497,3,2,0.020019474,1,85351,0,1,0,5,0,0,0,0,1,3,5,5,2,5,1,3,1,4,5,3,2,2,2,3,2,2,2,2,3,3,3,1,1,0.644898383,0.154546945,-1.76646366,1,0,1,0,3,0,0,1,0,0,2,0,4,1,0,1,0,1,2,0,0,0,1,1,0,1,1,0,1,0,2,1,0,0,1,0,1,0,2,1,0,0,1,1,0,0,1,0,1,0,0,2
1498,3,4,0.023384107,1,85326,0,1,0,3,0,0,1,0,0,2,5,3,4,4,2,1,2,2,3,3,2,2,2,3,2,2,2,2,2,4,4,3,1,0.102211858,0.129100706,-0.030470712,0,0,1,0,3,0,0,1,0,0,2,0,4,1,0,1,0,1,2,0,1,0,0,1,0,1,1,1,0,0,1,1,0,0,1,0,1,0,2,1,0,0,1,1,0,0,1,1,0,0,0,1
1500,3,2,0.032139755,1,85208,0,1,0,2,0,1,0,0,0,2,5,3,4,4,4,4,2,4,4,2,2,2,2,2,2,2,2,2,3,2,2,2,1,-0.363711735,0.044140596,1.062540617,1,1,0,0,2,0,0,1,0,0,2,0,4,0,1,2,0,0,3,0,0,0,1,0,0,1,1,0,1,0,2,0,1,0,2,0,0,1,3,0,1,0,2,1,0,0,1,0,1,0,0,2
1503,3,2,0.050902338,1,85302,0,1,0,3,0,0,1,0,0,2,4,3,4,5,4,3,3,4,5,4,1,1,2,1,2,2,2,1,2,3,3,2,1,-0.156446417,0.754472614,0.016419099,0,1,0,0,2,1,1,1,0,0,1,1,1,0,1,2,0,0,3,1,0,0,1,1,0,1,1,0,0,1,3,0,1,0,2,1,0,0,1,0,1,0,2,1,0,0,1,0,0,0,1,4
1506,3,1,0.292891463,1,85085,0,1,0,1,1,0,0,0,0,1,5,0,5,1,1,1,1,1,1,1,2,2,2,3,2,2,2,2,2,3,3,3,1,0.965709214,0.618187366,0.9670433,1,0,0,0,1,0,0,1,0,1,2,0,3,0,0,3,0,0,3,0,0,0,1,0,0,1,1,1,0,0,1,1,0,0,1,1,0,0,1,1,0,0,1,1,0,0,1,1,0,0,0,1
1508,3,2,0.106551422,1,85030,1,0,0,3,0,0,1,0,0,4,6,4,1,5,5,5,4,5,5,4,3,3,1,2,3,1,1,1,3,2,2,2,1,1.385878886,0.627233779,0.472459282,0,1,0,0,2,1,1,1,0,0,2,0,4,0,0,3,0,0,3,1,0,0,0,1,0,1,1,0,0,0,0,0,0,0,0,0,0,0,0,0,0,0,0,0,0,0,0,0,0,0,0,0
1509,3,1,0.011911729,1,85018,1,0,0,4,0,0,0,1,0,5,5,4,1,4,2,1,4,5,5,3,1,1,1,1,2,2,1,1,3,3,3,3,1,0.268005791,-0.625139204,-0.553177878,0,1,0,0,2,0,0,0,1,0,2,0,2,1,0,1,1,0,1,0,0,0,1,0,1,1,1,0,0,1,3,0,0,1,3,1,0,0,1,0,0,1,3,1,0,0,1,0,0,0,1,4
1510,3,4,0.00141073,1,85203,0,1,0,4,0,0,0,1,0,3,5,5,2,4,3,1,1,4,2,2,1,1,3,1,3,1,3,1,3,1,1,1,1,-1.833219943,0.764680345,-0.69898084,1,1,0,0,2,0,0,1,0,0,2,0,4,1,0,1,0,0,3,1,0,0,0,0,1,1,1,0,0,1,3,0,1,0,2,0,1,0,2,0,0,1,3,0,0,1,3,0,0,0,1,4
1511,3,4,0.002515097,1,85009,1,0,0,4,0,0,0,1,0,4,5,5,2,4,2,1,1,2,5,2,3,3,3,2,2,2,3,2,3,4,3,4,1,-1.428199371,-0.4192286,-1.589539628,1,1,0,0,2,0,0,1,0,0,2,0,4,1,0,1,0,1,2,0,1,0,0,1,1,1,1,0,0,1,3,0,0,1,3,0,0,1,3,0,1,0,2,1,0,0,1,0,0,0,1,4
1515,3,2,0.056404032,1,85041,0,1,0,5,0,0,0,0,1,2,5,5,5,3,1,1,1,5,3,1,2,2,2,3,2,2,3,2,2,3,2,4,1,-1.740383987,-0.263726341,0.636082246,0,0,1,0,3,0,0,1,0,0,2,0,4,0,1,2,1,0,1,0,0,0,1,1,0,1,1,0,0,1,3,1,0,0,1,1,0,0,1,1,0,0,1,1,0,0,1,0,0,1,0,3
1516,3,4,0.016817339,1,85017,1,0,0,5,0,0,0,0,1,3,5,5,2,5,2,2,1,5,5,4,2,1,2,2,2,3,2,2,3,4,2,2,1,0.140850843,-1.022891886,0.025075822,1,0,0,1,4,1,1,1,0,0,2,0,4,1,0,1,1,0,1,0,0,0,0,0,0,1,1,0,0,1,3,0,0,1,3,0,0,1,3,0,1,0,2,1,0,0,1,0,0,1,0,3
1519,49,4,0.024379454,0,98204,1,0,0,5,0,0,0,0,1,3,6,5,2,5,4,5,3,5,5,3,2,1,1,1,2,2,3,2,3,3,2,4,0,0.355009953,-0.249450234,-2.100011694,1,0,1,0,3,1,1,1,0,0,2,0,4,1,0,1,1,0,1,0,0,0,0,0,0,0,0,0,0,1,3,0,0,1,3,0,1,0,2,0,0,1,3,1,0,0,1,0,0,0,1,4
1520,3,4,0.027061615,1,85351,0,1,0,1,1,0,0,0,0,1,5,1,5,2,1,1,1,3,3,1,2,2,2,4,2,2,2,2,2,2,3,4,1,0.500185928,-0.043502619,-0.952958281,1,0,0,1,4,0,0,1,0,0,2,0,4,0,1,2,0,1,2,0,0,0,0,1,0,1,1,0,1,0,2,1,0,0,1,0,1,0,2,1,0,0,1,1,0,0,1,0,1,0,0,2
1522,3,4,0.031660246,1,85204,0,1,0,2,0,1,0,0,0,2,5,4,4,3,3,3,3,3,3,3,2,2,2,4,2,2,2,2,2,3,3,3,1,0.330842413,-0.535429509,0.106956735,0,0,0,1,4,0,0,1,0,0,2,0,4,0,1,2,0,1,2,0,0,0,0,1,0,1,1,0,0,1,3,0,1,0,2,0,0,1,3,0,1,0,2,0,1,0,2,0,0,0,1,4
1524,3,2,0.023112425,1,85020,1,0,0,5,0,0,0,0,1,2,5,3,4,4,4,4,4,4,4,4,2,2,2,1,2,2,2,2,2,3,3,3,1,0.027951498,1.01338328,0.217464767,0,0,1,0,3,0,0,1,0,0,2,0,4,0,1,2,0,0,3,1,0,0,1,1,0,1,1,0,0,1,3,0,0,1,3,0,1,0,2,0,0,1,3,1,0,0,1,0,0,0,1,4
1525,3,2,0.035290728,1,85225,1,0,0,3,0,0,1,0,0,2,5,3,4,3,2,2,2,2,3,3,2,2,2,3,1,1,2,2,1,2,3,4,1,-0.545862247,0.303237545,0.332082552,0,1,0,0,2,0,0,0,1,0,2,0,2,0,1,2,0,0,3,0,0,0,1,1,0,1,1,0,0,1,3,0,1,0,2,0,0,1,3,0,1,0,2,1,0,0,1,0,0,1,0,3
1526,3,4,0.032155399,1,85308,0,1,0,1,1,0,0,0,0,1,5,2,5,5,3,3,3,5,5,5,2,2,2,2,2,2,2,2,2,4,2,2,1,1.369936163,-0.726222897,1.077655306,1,0,0,1,4,0,0,1,0,0,2,0,4,0,1,2,0,1,2,0,0,0,0,1,0,1,1,0,1,0,2,0,1,0,2,0,0,1,3,0,1,0,2,1,0,0,1,0,0,1,0,3
1529,3,4,0.059949786,1,85306,1,0,0,3,0,0,1,0,0,3,5,3,4,5,2,3,2,3,4,2,2,2,2,4,2,2,2,2,3,4,3,4,1,-0.175587103,-0.251517824,-0.216505919,0,0,0,1,4,0,0,1,0,0,2,0,4,0,1,2,1,0,1,0,1,0,0,1,0,1,1,0,0,1,3,0,0,1,3,0,1,0,2,0,1,0,2,1,0,0,1,0,0,0,1,4
1531,3,4,0.018770449,1,85375,0,1,0,1,1,0,0,0,0,1,5,4,4,5,2,2,1,4,4,4,2,2,2,4,2,2,2,2,2,4,4,4,1,-0.998051582,0.408981783,0.483223608,1,0,0,1,4,0,0,1,0,0,2,0,4,0,0,0,1,0,1,0,1,0,0,1,0,1,1,1,0,0,1,1,0,0,1,0,1,0,2,1,0,0,1,1,0,0,1,1,0,0,0,1
1533,3,4,0.00690675,1,85301,1,0,0,3,0,0,1,0,0,3,5,2,1,3,2,3,2,4,4,3,2,2,1,4,2,2,2,2,2,3,2,3,1,0.040431281,-0.710964741,-0.544718333,0,0,1,0,3,0,0,1,0,0,2,0,4,1,0,1,0,0,3,1,1,0,0,1,0,1,1,0,0,1,3,0,0,1,3,0,1,0,2,1,0,0,1,1,0,0,1,0,0,0,1,4
1535,3,2,0.053543471,1,85374,0,1,0,3,0,0,1,0,0,2,5,4,4,5,1,3,1,5,5,5,2,2,2,4,2,2,2,2,2,3,3,3,1,1.312754033,0.087218023,-0.09887043,1,0,1,0,3,0,1,1,0,0,2,0,4,0,0,3,0,1,2,0,0,0,0,1,0,1,1,0,1,0,2,0,1,0,2,0,0,1,3,0,1,0,2,1,0,0,1,1,0,0,0,1
1536,3,2,0.189098294,1,85085,0,1,0,4,0,0,0,1,0,4,5,3,5,4,1,1,2,2,2,4,2,2,2,3,2,2,2,2,2,4,4,3,1,-0.771887289,0.895175201,-2.659433919,0,1,0,0,2,0,0,1,0,0,1,1,1,0,1,2,1,0,1,0,0,1,0,0,0,1,1,1,0,0,1,1,0,0,1,1,0,0,1,1,0,0,1,1,0,0,1,1,0,0,0,1
1537,3,4,0.048868669,1,85281,1,0,0,3,0,0,1,0,0,3,5,3,1,4,3,3,2,3,4,3,2,2,2,3,2,2,2,1,2,3,3,4,1,-1.088066845,-0.62414017,-1.152386317,1,1,0,0,2,0,0,1,0,0,1,1,1,1,0,1,0,1,2,0,1,0,0,0,0,1,1,0,0,1,3,0,0,1,3,0,0,1,3,0,1,0,2,0,0,1,3,0,0,0,1,4
1538,3,4,0.123842569,1,85338,0,1,0,5,0,0,0,0,1,4,5,5,3,5,2,2,2,4,4,4,2,2,1,3,1,1,2,1,2,1,4,3,1,-0.019508769,-0.916456785,0.43144801,0,0,0,1,4,0,0,1,0,0,2,0,4,0,1,2,0,1,2,0,0,0,0,1,0,1,1,1,0,0,1,1,0,0,1,0,1,0,2,0,0,1,3,1,0,0,1,0,1,0,0,2
1539,3,2,0.320320234,1,85201,1,0,0,1,1,0,0,0,0,1,5,1,5,5,2,2,2,3,5,4,2,2,3,2,2,2,1,2,3,3,2,4,1,1.060041689,0.164442278,0.998026797,1,0,1,0,3,0,0,1,0,1,2,0,3,0,0,3,0,0,3,1,0,0,0,1,0,1,1,0,0,1,3,0,0,1,3,0,1,0,2,0,0,1,3,0,0,1,3,0,0,0,1,4
1540,3,2,0.133582057,1,85048,0,1,0,2,0,1,0,0,0,2,5,3,3,3,2,2,2,4,4,4,2,2,2,3,2,2,2,2,2,3,3,3,1,0.136376,0.874843305,-0.10039503,0,0,0,1,4,1,1,1,0,0,2,0,4,0,0,3,0,1,2,0,0,0,0,1,0,1,1,0,1,0,2,0,1,0,2,0,0,1,3,1,0,0,1,1,0,0,1,0,0,1,0,3
1542,3,4,0.010140743,1,85019,1,0,0,3,0,0,1,0,0,4,5,5,2,5,1,1,1,1,4,4,1,1,2,3,2,1,3,2,3,4,3,3,1,0.622674897,-0.210320411,-1.367251443,1,0,1,0,3,0,0,1,0,0,2,0,4,1,0,1,1,0,1,0,1,0,0,1,0,1,1,0,0,1,3,0,0,1,3,0,1,0,2,1,0,0,1,1,0,0,1,0,0,1,0,3
1543,3,4,0.022623545,1,85048,0,1,0,2,0,1,0,0,0,2,5,3,5,5,2,1,1,3,4,2,2,2,2,4,2,2,1,2,2,4,3,4,1,0.091722402,-0.305271826,1.010981295,0,0,0,1,4,0,1,1,0,0,2,0,4,1,0,1,1,0,1,0,0,0,0,0,0,1,1,0,1,0,2,0,1,0,2,0,0,1,3,1,0,0,1,1,0,0,1,0,0,1,0,3
1546,3,4,0.016590176,1,85201,1,0,0,2,0,1,0,0,0,1,5,1,5,3,1,1,1,1,1,1,2,2,2,4,2,2,2,2,3,4,4,2,1,0.169873104,-1.592724834,1.577714229,0,0,0,1,4,0,1,1,0,0,2,0,4,1,0,1,1,0,1,0,0,0,0,0,0,1,1,0,0,1,3,0,0,1,3,0,1,0,2,0,0,1,3,0,0,1,3,0,0,0,1,4
1548,3,4,0.017737573,1,85051,1,0,0,2,0,1,0,0,0,3,5,3,3,4,1,1,2,1,1,1,2,2,2,2,2,2,2,2,2,4,4,4,1,-0.788161572,-0.768065418,-0.165090023,1,1,0,0,2,0,0,1,0,0,2,0,4,0,1,2,0,0,3,1,0,0,0,1,0,1,1,0,0,1,3,0,0,1,3,0,0,1,3,0,1,0,2,1,0,0,1,0,0,0,1,4
1549,3,4,0.017890747,1,85051,1,0,0,5,0,0,0,0,1,5,6,5,1,5,1,1,1,1,1,1,2,2,2,4,2,2,2,2,2,3,3,4,0,-2.131348813,-1.265057226,1.189421586,1,0,0,0,1,0,0,0,0,0,2,0,5,1,0,1,0,1,2,0,1,0,0,0,0,0,0,0,0,1,3,0,0,1,3,0,0,1,3,0,1,0,2,1,0,0,1,0,0,0,1,4
1550,3,4,0.016363708,1,85283,1,0,0,1,1,0,0,0,0,1,5,3,4,5,1,1,1,1,3,1,1,1,2,1,2,1,2,1,2,1,2,1,1,1.000512547,-0.395935817,0.744705192,1,0,0,1,4,0,0,1,0,0,2,0,4,1,0,1,1,0,1,0,0,0,0,0,0,1,1,0,0,1,3,0,0,1,3,0,0,1,3,0,1,0,2,1,0,0,1,0,0,0,1,4
1551,3,2,0.008644995,1,85204,0,1,0,5,0,0,0,0,1,1,5,5,5,3,3,3,3,3,4,3,3,2,3,3,3,2,3,1,3,1,1,1,1,-1.281701179,-0.025892381,0.851210817,0,1,0,0,2,0,0,1,0,0,2,0,4,1,0,1,0,1,2,0,0,1,1,0,1,1,1,0,0,1,3,0,1,0,2,0,0,1,3,0,1,0,2,0,1,0,2,0,0,0,1,4
1552,3,4,0.017611216,1,85382,0,1,0,3,0,0,1,0,0,2,5,3,3,4,1,1,3,5,5,4,2,2,3,1,2,2,1,1,3,1,2,2,1,1.388793665,0.599889896,1.060899507,0,0,0,1,4,0,0,1,0,0,2,0,4,1,0,1,0,1,2,0,0,0,0,1,0,1,1,0,1,0,2,0,1,0,2,0,1,0,2,0,0,1,3,1,0,0,1,0,1,0,0,2
1554,51,4,0.014869013,0,98371,0,1,0,2,0,1,0,0,0,2,5,2,5,5,1,1,1,5,5,1,2,2,3,4,2,2,2,2,2,4,3,4,1,1.069367566,0.234032463,0.423130234,1,0,0,1,4,0,0,1,0,0,2,0,4,0,1,2,0,1,2,0,1,0,0,0,0,1,1,0,1,0,2,0,1,0,2,0,1,0,2,1,0,0,1,0,0,1,3,0,0,1,0,3
1557,3,2,0.052783415,1,85374,0,1,0,3,0,0,1,0,0,3,4,3,4,4,2,2,2,4,3,4,2,3,2,1,3,2,1,2,2,1,2,2,1,-0.035850108,0.221881016,0.205158485,1,1,0,0,2,1,1,1,0,0,2,0,4,0,0,3,0,0,3,1,0,0,1,1,0,1,1,0,1,0,2,0,1,0,2,0,0,1,3,0,1,0,2,1,0,0,1,1,0,0,0,1
1558,3,4,0.084114415,1,85213,0,1,0,2,0,1,0,0,0,2,4,3,4,4,3,2,1,2,2,1,2,2,2,3,2,2,2,2,3,4,3,4,1,-0.165718683,-0.460819495,-0.479250505,1,0,0,1,4,0,0,1,0,0,2,0,4,0,1,2,1,0,1,0,0,0,0,1,0,1,1,0,1,0,2,0,1,0,2,0,1,0,2,1,0,0,1,0,1,0,2,0,0,1,0,3
1559,49,4,0.053070834,0,98403,0,1,0,3,0,0,1,0,0,2,5,4,3,5,1,1,4,5,3,3,2,2,2,4,2,2,2,2,2,3,3,2,1,0.896683426,0.665731035,-0.692534831,0,0,0,1,4,0,1,1,0,0,2,0,4,0,1,2,0,1,2,0,0,0,0,0,0,1,1,0,0,1,3,1,0,0,1,1,0,0,1,1,0,0,1,0,1,0,2,0,0,0,1,4
1560,3,2,0.371088305,1,85204,0,1,0,2,0,1,0,0,0,2,5,3,5,2,1,1,1,3,3,1,2,2,2,4,2,2,2,2,3,3,3,4,1,0.531693545,-1.336862763,0.020814688,1,0,0,1,4,0,0,1,0,0,2,0,4,1,0,1,1,0,1,0,0,0,1,1,0,1,1,0,0,1,3,0,1,0,2,0,0,1,3,0,1,0,2,0,1,0,2,0,0,0,1,4
1561,3,4,0.014320462,1,85286,0,1,0,3,0,0,1,0,0,3,5,3,5,5,3,4,1,3,3,4,2,2,3,4,2,2,2,1,2,3,2,3,1,0.331228917,-0.126446548,0.387343587,1,1,0,0,2,1,1,0,1,0,2,0,2,0,1,2,0,0,3,1,0,0,0,0,1,1,1,0,1,0,2,0,1,0,2,0,0,1,3,1,0,0,1,1,0,0,1,0,1,0,0,2
1562,3,4,0.008891702,1,85053,1,0,0,1,1,0,0,0,0,1,5,3,4,5,1,1,1,4,5,3,1,1,1,1,2,2,2,2,1,4,3,4,1,1.335462576,0.181663395,0.092484088,1,0,0,1,4,1,1,1,0,0,2,0,4,1,0,1,0,1,2,0,1,0,0,0,0,1,1,0,0,1,3,0,0,1,3,0,0,1,3,0,1,0,2,1,0,0,1,0,0,0,1,4
1565,3,4,0.042331001,1,85022,0,1,0,3,0,0,1,0,0,1,5,2,5,1,1,1,5,1,2,1,2,2,1,1,2,2,2,1,2,1,3,1,1,1.041670005,-0.61773023,1.395112216,0,0,0,1,4,1,1,1,0,0,2,0,4,0,1,2,0,1,2,0,0,0,0,1,0,1,1,0,0,1,3,0,1,0,2,0,1,0,2,1,0,0,1,1,0,0,1,0,0,1,0,3
1566,3,2,0.013111229,1,85282,1,0,0,2,0,1,0,0,0,2,5,4,4,5,1,1,1,4,5,4,1,3,2,4,3,1,1,2,3,4,2,3,1,0.734789309,0.676634863,-0.091006505,1,0,1,0,3,0,1,1,0,0,2,0,4,1,0,1,0,1,2,0,0,0,0,1,0,1,1,0,0,1,3,0,0,1,3,0,0,1,3,0,0,1,3,0,1,0,2,0,0,0,1,4
1567,3,4,0.023682445,1,85282,1,0,0,1,1,0,0,0,0,3,5,3,5,5,3,1,1,2,4,1,2,2,2,2,2,2,2,2,2,4,4,4,1,-0.179906624,-1.912379909,-1.008992739,0,0,1,0,3,0,0,1,0,0,2,0,4,1,0,1,0,0,3,0,1,0,0,1,0,1,1,0,0,1,3,0,0,1,3,0,0,1,3,0,0,1,3,0,1,0,2,0,0,0,1,4
1568,3,4,0.02595097,1,85032,0,1,0,1,1,0,0,0,0,1,5,2,5,5,1,2,4,3,1,1,2,1,1,3,2,2,2,2,3,3,3,1,1,-1.776418373,-0.585974895,-0.485553953,0,0,0,1,4,1,1,1,0,0,2,0,4,1,0,1,1,0,1,0,0,0,0,1,0,1,1,0,0,1,3,0,1,0,2,0,0,1,3,0,0,1,3,1,0,0,1,0,0,0,1,4
1573,3,4,0.000684938,0,85120,0,1,0,5,0,0,0,0,1,5,5,4,2,5,3,4,2,4,5,4,2,3,3,3,3,1,3,1,3,3,2,3,1,-1.514999356,0.017065375,0.333650772,1,1,0,0,2,0,0,1,0,0,1,1,1,1,0,1,0,0,3,0,1,0,0,0,0,1,1,0,1,0,2,0,1,0,2,0,0,1,3,1,0,0,1,1,0,0,1,0,1,0,0,2
1575,3,2,0.012998326,1,85044,1,0,0,4,0,0,0,1,0,3,5,5,1,5,4,2,1,1,1,1,2,2,2,4,2,2,2,2,2,3,4,4,1,-2.140829232,-1.328630143,-0.50712661,1,1,0,0,2,0,0,1,0,0,2,0,4,0,1,2,1,0,1,0,0,0,0,0,1,1,1,0,0,1,3,0,0,1,3,0,0,1,3,0,0,1,3,1,0,0,1,0,0,0,1,4
1577,49,4,0.03275624,0,98204,1,0,0,2,0,1,0,0,0,2,5,3,2,4,2,1,2,3,4,3,2,2,2,3,2,2,2,2,2,4,4,4,0,0.560410349,-1.722028912,-1.667955897,1,0,0,1,4,0,0,1,0,0,2,0,4,1,0,1,0,1,2,0,1,0,0,0,0,0,0,0,0,1,3,0,0,1,3,0,1,0,2,0,0,1,3,1,0,0,1,0,0,0,1,4
1578,3,4,0.0266449,1,85215,0,1,0,5,0,0,0,0,1,2,5,5,3,5,3,3,3,5,5,3,3,2,3,4,2,2,2,2,3,3,3,4,1,-0.066995393,-0.238331265,-0.529782771,0,0,0,1,4,0,0,1,0,0,2,0,4,0,1,2,0,1,2,0,0,0,0,1,0,1,1,0,1,0,2,0,1,0,2,0,0,1,3,1,0,0,1,1,0,0,1,0,1,0,0,2
1580,3,2,0.008613972,1,85015,1,0,0,4,0,0,0,1,0,3,5,2,1,5,2,3,1,5,5,5,2,2,2,2,2,2,2,2,3,4,2,3,1,0.506253798,1.159822597,0.754161396,1,0,1,1,4,1,1,1,0,0,2,0,4,1,0,1,0,1,2,0,0,0,1,1,0,1,1,0,0,1,3,0,0,1,3,0,1,0,2,0,1,0,2,0,0,1,3,0,0,0,1,4
1581,3,4,0.078919644,1,85212,0,1,0,2,0,1,0,0,0,3,4,3,4,4,3,3,3,4,4,4,2,2,2,3,2,2,2,2,2,3,3,3,1,-0.142816997,0.64357233,0.540531909,0,0,0,1,4,0,0,1,0,0,2,0,4,0,1,2,0,1,2,0,0,0,0,1,0,1,1,1,0,0,1,1,0,0,1,0,1,0,2,0,1,0,2,1,0,0,1,1,0,0,0,1
1583,3,2,0.150128634,1,85044,1,0,0,3,0,0,1,0,0,4,5,5,5,4,1,1,4,4,4,1,1,1,1,2,3,1,1,2,3,4,2,4,1,-0.535236821,-0.440279636,-1.865470797,0,0,1,0,3,0,0,1,0,0,2,0,4,0,0,3,0,1,2,1,0,0,0,1,0,1,1,0,0,1,3,0,0,1,3,0,0,1,3,0,0,1,3,1,0,0,1,0,0,0,1,4
1584,3,4,0.008891702,1,85032,0,1,0,3,0,0,1,0,0,2,5,4,5,5,1,3,1,5,5,3,2,1,1,1,2,2,1,2,2,4,2,4,1,1.150597404,-0.465506457,0.226844381,1,0,0,1,4,1,1,1,0,0,2,0,4,1,0,1,0,1,2,0,0,0,0,0,0,1,1,0,0,1,3,0,1,0,2,0,0,1,3,0,0,1,3,1,0,0,1,0,0,0,1,4
1585,3,2,0.12676442,1,85298,0,1,0,3,0,0,1,0,0,3,5,5,4,2,3,5,4,5,5,4,3,3,3,3,2,2,2,1,1,2,2,3,1,0.207315546,1.693027245,0.897036756,0,0,0,0,1,0,0,1,0,0,2,0,4,0,1,2,0,1,2,0,0,0,1,1,0,1,1,0,0,0,0,0,0,0,0,0,0,0,0,0,0,0,0,0,0,0,0,0,0,0,0,0
1588,3,2,0.026190072,1,85014,1,0,0,3,0,0,1,0,0,1,5,3,5,5,2,2,1,1,5,2,2,2,2,3,2,2,2,1,2,3,3,3,1,-0.011550566,-2.145922141,1.393609507,0,1,0,0,2,1,1,1,0,0,2,0,4,1,0,1,0,1,2,0,0,1,1,0,0,1,1,0,0,1,3,0,0,1,3,1,0,0,1,0,0,1,3,0,1,0,2,0,0,0,1,4
1590,3,4,0.033684575,1,85027,0,1,0,1,1,0,0,0,0,2,5,3,4,4,1,1,4,4,4,2,2,3,2,1,1,1,2,2,3,3,3,4,1,-0.688380173,0.274782614,0.33109755,1,0,0,1,4,1,1,0,0,1,2,0,3,0,1,2,0,1,2,0,0,0,0,1,0,1,1,0,1,0,2,0,0,1,3,0,0,1,3,0,1,0,2,1,0,0,1,0,0,1,0,3
1592,3,4,0.721034837,1,85207,0,1,0,5,0,0,0,0,1,1,6,5,2,5,3,5,3,5,3,5,2,2,3,2,2,2,3,1,3,2,2,2,1,0.310288265,1.430364809,0.671016144,1,0,0,0,1,0,0,1,1,0,2,0,2,1,0,1,0,0,3,1,0,0,0,0,0,1,1,0,1,0,2,1,0,0,1,0,0,1,3,1,0,0,1,1,0,0,1,0,1,0,0,2
1593,3,4,0.027604973,1,85383,0,1,0,4,0,0,0,1,0,2,5,5,2,5,2,3,4,4,5,4,1,3,3,2,2,2,2,1,3,3,2,3,1,0.543036487,0.048810084,-1.006171279,1,1,0,0,2,1,1,1,0,0,2,0,4,0,1,2,0,0,3,1,0,0,0,1,0,1,1,0,1,0,2,1,0,0,1,0,1,0,2,0,1,0,2,1,0,0,1,1,0,0,0,1
1596,3,2,0.006143869,1,85282,1,0,0,1,1,0,0,0,0,1,5,4,3,4,2,2,2,4,4,4,2,2,2,4,2,2,2,2,2,4,3,4,1,-0.552297945,-0.05928876,0.170742449,1,0,0,1,4,0,0,0,1,0,2,0,2,1,0,1,1,0,1,0,0,0,0,0,1,1,1,0,0,1,3,0,0,1,3,0,0,1,3,0,0,1,3,0,1,0,2,0,0,0,1,4
1598,3,2,0.00167901,1,85303,0,1,0,5,0,0,0,0,1,2,5,5,5,5,5,3,5,5,5,5,2,2,2,3,2,2,2,3,2,3,3,3,1,-0.671224581,-0.987902808,0.098537466,1,0,1,0,3,0,0,1,0,0,2,0,4,1,0,1,0,0,3,0,0,0,1,0,1,1,1,0,0,1,3,1,0,0,1,1,0,0,1,1,0,0,1,1,0,0,1,0,0,1,0,3
1599,49,4,0.008657079,0,98115,1,0,0,1,1,0,0,0,0,1,4,4,5,5,5,5,5,5,5,5,1,3,3,1,3,1,3,1,1,2,2,2,0,-0.186024404,0.122847739,-0.202227438,1,1,0,0,2,0,0,1,0,0,2,0,4,0,1,2,0,0,3,0,1,0,0,1,0,0,0,0,0,1,3,0,0,1,3,0,1,0,2,0,0,1,3,1,0,0,1,0,0,0,1,4
1600,3,2,0.047758685,1,85338,0,1,0,2,0,1,0,0,0,2,5,3,5,5,3,3,3,3,3,3,2,2,2,3,2,2,2,2,2,3,3,3,1,-0.576270629,-0.390265079,0.071109347,1,0,1,0,3,1,1,1,0,0,2,0,4,0,0,0,0,1,2,0,0,0,0,1,0,1,1,1,0,0,1,1,0,0,1,0,1,0,2,0,0,1,3,1,0,0,1,0,1,0,0,2
1601,3,2,0.02870831,1,85201,1,0,0,2,0,1,0,0,0,3,5,4,4,2,1,3,3,3,4,3,2,3,2,2,2,2,2,1,3,4,2,3,1,0.340294232,0.366717527,-0.718712003,1,0,1,0,3,1,1,1,0,0,1,1,1,1,0,1,1,0,1,0,0,0,0,0,0,1,1,0,0,1,3,0,0,1,3,0,1,0,2,0,0,1,3,0,0,1,3,0,0,0,1,4
1603,3,2,0.024159563,1,85201,1,0,0,4,0,0,0,1,0,2,5,4,4,4,1,5,4,5,4,4,3,3,2,3,3,3,2,3,3,1,1,2,1,0.225832895,-0.106198,-0.631485531,1,0,1,0,3,0,0,1,0,0,2,0,4,1,0,1,1,0,1,0,0,0,1,0,0,1,1,0,0,1,3,0,0,1,3,0,1,0,2,0,0,1,3,0,0,1,3,0,0,0,1,4
1605,3,4,0.079806435,1,85392,0,1,0,3,0,0,1,0,0,2,5,5,2,4,3,3,5,4,4,3,2,1,2,1,2,2,1,2,3,3,2,3,1,-0.394836044,0.506172281,-0.424329679,1,1,0,0,2,0,0,1,0,0,2,0,4,0,0,3,0,1,2,0,0,0,0,1,0,1,1,0,1,0,2,0,1,0,2,0,0,1,3,1,0,0,1,1,0,0,1,0,0,1,0,3
1606,3,2,0.041335142,1,85353,0,1,0,2,0,1,0,0,0,1,5,3,2,4,1,1,4,2,3,3,2,2,2,3,2,2,2,2,2,4,4,4,1,-1.228236493,-0.346975467,1.263208551,1,0,1,0,3,0,0,1,0,0,2,0,4,0,1,2,0,1,2,0,0,0,0,1,0,1,1,0,1,0,2,0,1,0,2,0,1,0,2,1,0,0,1,1,0,0,1,1,0,0,0,1
1609,49,4,0.031308002,0,98444,0,1,0,3,0,0,1,0,0,3,4,4,3,5,3,3,3,4,5,5,2,2,2,4,2,2,2,2,2,4,3,3,0,-0.099931546,-0.160924157,0.430656529,0,0,0,1,4,0,0,1,0,0,2,0,4,1,0,1,0,1,2,0,0,0,0,1,0,0,0,0,0,1,3,0,1,0,2,0,0,1,3,0,1,0,2,0,1,0,2,0,0,0,1,4
1612,49,4,0.057936422,0,98032,1,0,0,4,0,0,0,1,0,5,4,5,2,5,3,3,2,3,5,3,2,2,2,4,2,2,2,2,2,3,4,4,0,-0.386159841,0.327407935,-0.038594375,1,0,0,1,4,0,0,1,0,0,2,0,4,1,0,1,1,0,1,0,0,0,0,0,1,0,0,0,0,1,3,0,0,1,3,0,0,1,3,0,1,0,2,0,1,0,2,0,0,0,1,4
1613,49,4,0.01919949,0,98102,1,0,0,2,0,1,0,0,0,1,5,1,3,3,1,1,1,1,2,1,2,2,2,3,2,2,2,1,3,4,3,4,0,-0.056364454,-0.800994001,-0.216729892,1,0,0,1,4,1,1,1,0,0,2,0,4,1,0,1,1,0,1,0,0,0,0,0,0,0,0,0,0,1,3,0,0,1,3,0,0,1,3,0,0,1,3,0,0,1,3,0,0,0,1,4
1615,3,2,0.075905461,1,85040,1,0,0,3,0,0,1,0,0,2,5,4,2,3,2,2,2,2,2,2,1,3,2,4,2,2,3,3,2,2,3,1,1,-0.156026614,1.596065649,-0.085242495,0,0,0,0,1,0,0,0,1,0,1,1,1,1,0,1,0,1,2,1,0,0,0,0,0,1,1,0,0,1,3,0,0,1,3,0,1,0,2,1,0,0,1,1,0,0,1,0,0,1,0,3
1617,3,2,0.034914973,1,85262,0,1,0,4,0,0,0,1,0,1,5,5,5,4,3,3,5,2,2,2,2,2,2,3,2,2,2,2,2,3,3,3,1,-0.872136424,0.950019957,0.341858873,1,0,1,0,3,1,1,1,0,0,2,0,4,0,0,3,0,0,3,0,0,0,1,1,0,1,1,1,0,0,1,1,0,0,1,0,1,0,2,1,0,0,1,1,0,0,1,1,0,0,0,1
1618,3,2,0.018919465,1,85308,0,1,0,3,0,0,1,0,0,2,5,5,4,5,1,1,2,3,5,2,2,2,2,3,2,2,2,2,3,4,4,4,1,-0.367583453,-1.613962665,-2.131174997,1,1,0,0,2,0,0,1,0,0,2,0,4,1,0,1,0,1,2,0,0,0,0,1,0,1,1,0,1,0,2,0,1,0,2,0,0,1,3,0,1,0,2,1,0,0,1,0,0,1,0,3
1623,3,4,0.0328098,1,85306,1,0,0,3,0,0,1,0,0,2,4,4,2,5,2,3,3,5,5,4,1,1,2,1,2,2,1,2,3,1,3,1,1,0.151558089,-0.031039873,0.232858211,1,0,1,0,3,0,0,1,0,0,2,0,4,1,0,1,0,1,2,0,0,0,0,1,0,1,1,0,0,1,3,0,0,1,3,0,1,0,2,0,1,0,2,1,0,0,1,0,0,0,1,4
1624,49,4,0.021932242,0,98036,0,1,0,2,0,1,0,0,0,3,4,3,5,3,1,1,2,4,4,2,3,2,2,2,2,2,2,2,1,4,2,4,1,-0.201668135,0.136463854,0.139947633,1,0,0,1,4,0,0,1,0,0,2,0,4,0,1,2,0,1,2,0,0,0,0,1,0,1,1,0,1,0,2,0,0,1,3,1,0,0,1,1,0,0,1,1,0,0,1,0,0,1,0,3
1626,3,4,0.00310071,1,85041,0,1,0,2,0,1,0,0,0,3,5,5,3,4,2,2,1,4,3,2,2,2,2,4,2,2,2,1,3,3,2,3,1,-1.0468684,-0.619575293,0.126046584,0,0,1,1,4,0,0,1,0,0,2,0,4,1,0,1,0,1,2,0,0,0,0,0,1,1,1,0,0,1,3,1,0,0,1,1,0,0,1,1,0,0,1,1,0,0,1,0,0,1,0,3
1627,3,4,0.017245226,1,85044,1,0,0,1,1,0,0,0,0,1,4,2,3,3,3,3,3,3,3,3,1,1,1,1,2,2,2,2,2,1,3,3,1,-0.028345888,0.278466327,0.069410877,1,0,0,1,4,0,0,1,0,0,2,0,4,0,0,0,0,1,2,0,0,0,0,1,0,1,1,0,0,1,3,0,0,1,3,0,0,1,3,0,0,1,3,1,0,0,1,0,0,0,1,4
1628,3,4,0.023842282,1,85051,1,0,0,2,0,1,0,0,0,2,5,3,4,4,1,1,1,1,3,1,2,2,2,3,2,2,2,2,2,3,3,4,1,-0.241413805,0.056217754,-0.666672234,0,0,0,1,4,1,1,1,0,0,2,0,4,0,1,2,0,1,2,0,1,0,0,1,0,1,1,0,0,1,3,0,0,1,3,0,0,1,3,0,1,0,2,1,0,0,1,0,0,0,1,4
1629,49,4,0.158805147,0,98033,1,0,0,3,0,0,1,0,0,1,5,3,3,4,1,3,1,4,4,4,2,1,1,3,2,2,1,1,2,1,2,2,1,0.875704243,0.215142254,0.007568928,1,0,1,0,3,1,1,0,0,1,2,0,3,0,0,3,0,1,2,0,0,0,0,1,0,1,1,0,1,0,2,0,0,1,3,0,0,1,3,0,0,1,3,1,0,0,1,0,0,0,1,4
1631,3,2,0.023570475,1,85086,0,1,0,3,0,0,1,0,0,1,5,3,4,4,1,2,2,2,3,2,2,2,2,3,2,2,2,2,2,3,3,4,1,-0.058866432,-0.642869283,0.452807863,1,0,1,0,3,0,1,1,0,0,2,0,4,0,1,2,0,1,2,0,0,0,1,1,0,1,1,0,1,0,2,1,0,0,1,0,1,0,2,1,0,0,1,1,0,0,1,1,0,0,0,1
1632,3,2,0.067564255,1,85212,0,1,0,2,0,1,0,0,0,2,5,3,4,4,2,2,2,4,4,3,1,2,3,1,2,2,3,2,2,4,3,4,1,-0.192324701,0.7789521,-0.266684608,1,0,0,1,4,0,0,1,0,0,2,0,4,0,1,2,0,1,2,0,0,0,0,1,0,1,1,1,0,0,1,1,0,0,1,0,1,0,2,0,1,0,2,1,0,0,1,1,0,0,0,1
1634,3,4,0.039913318,1,85303,0,1,0,2,0,1,0,0,0,1,5,3,1,5,1,1,1,1,5,1,2,1,2,4,2,2,1,2,3,4,2,4,1,0.964605607,-0.641653828,0.235090945,1,0,0,1,4,0,0,0,1,0,2,0,2,0,1,2,1,0,1,0,0,0,0,1,0,1,1,0,0,1,3,1,0,0,1,1,0,0,1,1,0,0,1,1,0,0,1,0,0,1,0,3
1635,3,3,0.038156347,1,85308,0,1,0,5,0,0,0,0,1,3,5,5,4,5,1,1,1,1,5,1,2,2,2,2,2,2,2,1,2,1,1,1,1,-0.547235137,0.785019841,-1.51872271,0,0,1,0,3,0,1,1,0,0,2,0,4,0,1,2,1,0,1,0,1,0,0,1,0,1,1,0,1,0,2,0,1,0,2,0,0,1,3,0,1,0,2,1,0,0,1,0,0,1,0,3
1636,3,2,0.010148722,1,85296,0,1,0,3,0,0,1,0,0,3,5,5,3,5,1,5,3,3,5,2,3,2,2,2,2,2,2,2,2,3,2,3,1,0.449951548,-0.695237351,0.855356379,1,0,0,0,1,1,1,1,0,0,2,0,4,1,0,1,0,0,3,0,0,0,1,1,0,1,1,0,1,0,2,0,1,0,2,0,0,1,3,0,1,0,2,1,0,0,1,0,1,0,0,2
1639,3,4,0.017886648,1,85214,0,1,0,3,0,0,1,0,0,3,5,4,1,5,3,3,3,4,3,4,3,2,2,4,2,2,2,2,2,3,3,4,1,0.053403511,-1.043508845,0.29356228,1,0,0,1,4,0,0,1,0,0,2,0,4,1,0,1,0,1,2,0,1,0,0,1,0,1,1,0,0,0,0,0,0,0,0,0,0,0,0,0,0,0,0,0,0,0,0,0,0,0,0,0
1640,3,4,0.036343869,1,85286,0,1,0,3,0,0,1,0,0,3,5,3,5,5,1,1,1,3,3,3,1,1,3,2,3,1,1,1,3,3,3,3,1,-0.582771556,0.342463274,0.268797652,1,0,1,0,3,0,1,1,0,0,2,0,4,0,0,3,0,0,3,0,0,0,0,1,0,1,1,0,1,0,2,0,1,0,2,0,0,1,3,1,0,0,1,1,0,0,1,0,1,0,0,2
1641,3,4,0.023842282,1,85259,0,1,0,4,0,0,0,1,0,4,5,4,1,5,3,3,3,5,5,5,3,2,2,4,2,2,2,2,2,1,2,3,1,-0.225880547,0.412744381,-0.339195453,0,0,0,1,4,1,1,1,0,0,2,0,4,0,1,2,0,1,2,0,1,0,0,1,0,1,1,0,1,0,2,1,0,0,1,0,0,1,3,0,1,0,2,1,0,0,1,0,1,0,0,2
1642,3,2,0.117439865,0,85142,0,1,0,3,0,0,1,0,0,3,4,4,2,4,3,3,2,3,3,4,3,2,2,1,2,3,2,2,3,1,3,2,1,-0.416207273,0.176846869,0.204597049,1,1,0,0,2,1,1,1,0,0,1,1,1,0,0,3,0,0,3,1,0,0,0,1,0,1,1,1,0,0,1,1,0,0,1,0,1,0,2,0,0,1,3,1,0,0,1,1,0,0,0,1
1643,3,2,0.191241686,1,85006,1,0,0,5,0,0,0,0,1,3,3,3,3,4,3,3,3,3,3,3,3,3,3,2,3,3,3,3,3,3,3,3,1,-0.539029562,0.079497102,0.046292217,1,1,0,0,2,0,0,1,0,0,1,1,1,1,0,1,1,0,1,0,0,0,0,1,0,1,1,0,0,1,3,0,0,1,3,0,0,1,3,0,1,0,2,0,1,0,2,0,0,0,1,4
1644,3,4,0.006805185,1,85248,0,1,0,2,0,1,0,0,0,2,3,3,4,4,1,1,1,5,5,1,2,2,2,4,2,2,2,2,3,4,3,4,1,1.253768429,0.252168502,0.672494112,1,0,0,1,4,0,0,1,0,0,2,0,4,1,0,1,1,0,1,0,0,0,0,0,0,1,1,0,1,0,2,0,1,0,2,0,0,1,3,0,1,0,2,1,0,0,1,0,1,0,0,2
1645,3,2,0.587896308,1,85034,0,1,0,3,0,0,1,0,0,2,3,3,5,4,4,3,3,4,4,3,1,3,3,1,3,1,3,1,3,1,2,1,1,0.211666326,0.547560463,-0.079762596,0,0,0,0,1,1,1,0,0,0,1,1,1,0,0,3,0,0,3,1,0,0,0,0,0,1,1,1,0,0,1,0,0,1,3,0,0,1,3,0,1,0,2,0,0,1,3,0,0,0,1,4
1646,3,4,0.012322919,1,85210,1,0,0,3,0,0,1,0,0,2,5,3,2,5,1,3,1,5,5,4,2,2,3,1,3,2,2,2,3,3,2,2,1,0.659473199,-0.675928095,0.641011922,1,0,0,1,4,0,0,1,0,0,2,0,4,0,1,2,0,0,3,1,0,0,0,0,0,1,1,0,0,1,3,0,0,1,3,0,0,1,3,0,1,0,2,0,0,1,3,0,0,0,1,4
1647,3,2,0.048852516,1,85033,0,1,0,2,0,1,0,0,0,2,5,2,4,4,2,4,2,3,4,3,2,2,2,3,2,2,2,2,2,3,3,3,1,0.14885945,0.261474257,0.142790967,1,1,0,0,2,0,0,1,0,0,2,0,4,1,0,1,0,1,2,0,0,0,0,0,0,1,1,0,0,1,3,0,1,0,2,1,0,0,1,1,0,0,1,1,0,0,1,0,0,1,0,3
1649,22,4,0.10177894,0,1108,1,0,0,5,0,0,0,0,1,3,5,5,3,5,1,4,1,5,3,3,1,1,3,1,2,2,1,1,3,3,2,1,1,0.192121584,0.693502385,-0.582772044,1,1,0,0,2,0,0,0,1,0,2,0,2,1,0,1,0,0,3,0,0,0,0,1,0,1,1,0,0,1,3,0,0,1,3,1,0,0,1,1,0,0,1,1,0,0,1,0,0,0,1,4
1650,3,2,0.017067763,1,85335,0,1,0,4,0,0,0,1,0,4,5,5,4,5,1,2,1,4,5,4,2,2,3,1,2,2,2,1,3,3,4,4,1,0.491510171,-0.437470823,-0.970884041,1,1,0,0,2,0,0,1,0,0,2,0,4,1,0,1,0,1,2,1,0,0,1,0,0,1,1,0,0,1,3,1,0,0,1,0,1,0,2,1,0,0,1,1,0,0,1,1,0,0,0,1
1652,3,4,0.024215166,1,85331,0,1,0,1,1,0,0,0,0,1,4,2,4,4,2,2,2,2,2,2,2,2,2,3,2,2,2,2,2,3,3,3,1,0.091570473,0.131795884,0.273726412,1,0,0,1,4,0,1,1,0,0,2,0,4,0,0,0,0,1,2,0,0,0,0,1,0,1,1,1,0,0,1,1,0,0,1,0,0,1,3,0,1,0,2,1,0,0,1,1,0,0,0,1
1654,3,2,0.203988846,1,85050,0,1,0,5,0,0,0,0,1,3,5,4,4,5,3,2,4,4,3,5,1,2,2,1,2,2,2,2,2,4,4,4,1,0.583823291,0.304810256,-1.157846932,0,1,0,0,2,1,1,1,0,0,2,0,4,0,0,3,0,1,2,0,0,1,1,1,0,1,1,0,0,1,3,1,0,0,1,0,0,1,3,1,0,0,1,1,0,0,1,0,1,0,0,2
1656,3,4,0.027061615,1,85387,0,1,0,5,0,0,0,0,1,5,5,5,1,5,1,1,2,3,4,1,3,2,2,3,2,2,1,2,3,4,3,4,1,-0.223553795,0.216473032,-0.900914191,1,0,0,1,4,0,0,1,0,0,2,0,4,0,1,2,0,1,2,0,0,0,0,1,0,1,1,1,0,0,1,1,0,0,1,1,0,0,1,1,0,0,1,1,0,0,1,1,0,0,0,1
1658,3,2,0.048395953,1,85387,0,1,0,4,0,0,0,1,0,4,5,4,3,4,1,1,3,4,4,3,3,3,2,1,3,1,3,1,3,2,3,3,1,-0.859442981,0.138197215,0.617903505,1,1,0,0,2,0,0,1,1,0,2,0,2,1,0,1,0,0,3,0,0,1,1,1,0,1,1,1,0,0,1,1,0,0,1,1,0,0,1,1,0,0,1,1,0,0,1,1,0,0,0,1
1659,3,4,0.015431304,1,85396,0,1,0,4,0,0,0,1,0,3,5,5,2,5,2,4,2,5,5,3,3,2,2,1,2,2,3,2,3,1,2,2,1,-0.158164215,-0.344983683,0.283478969,1,0,0,1,4,1,1,1,0,0,2,0,4,0,1,2,0,1,2,0,0,0,0,1,0,1,1,1,0,0,1,1,0,0,1,0,1,0,2,1,0,0,1,1,0,0,1,1,0,0,0,1
1661,49,4,0.014691896,0,98370,0,1,0,2,0,1,0,0,0,2,2,1,4,4,1,1,1,4,4,4,2,2,2,3,2,2,2,1,3,4,2,2,1,0.690521599,0.910041419,-0.160583063,1,0,0,1,4,1,1,1,0,0,2,0,4,0,1,2,1,0,1,0,0,0,0,1,0,1,1,1,0,0,1,1,0,0,1,1,0,0,1,0,1,0,2,0,1,0,2,0,1,0,0,2
1662,11,4,13.28362531,0,30310,0,1,0,2,0,1,0,0,0,1,2,3,5,5,1,1,1,4,5,4,2,2,2,4,2,2,3,1,3,4,2,4,1,0.818181888,-1.155547826,1.292828389,1,0,1,0,3,0,0,1,1,0,2,0,2,0,1,2,0,1,2,0,0,0,0,0,0,1,1,0,1,0,2,0,1,0,2,0,0,1,3,1,0,0,1,0,0,1,3,0,0,1,0,3
1664,3,2,0.049534708,1,85302,0,1,0,2,0,1,0,0,0,1,5,5,2,5,1,1,1,2,5,2,2,2,2,4,2,2,1,2,3,4,2,4,1,-0.768315918,0.217754104,-1.009954654,0,0,1,1,4,0,0,0,1,0,2,0,2,0,1,2,0,1,2,0,0,0,0,1,0,1,1,0,0,1,3,0,1,0,2,1,0,0,1,0,1,0,2,1,0,0,1,0,0,0,1,4
1665,3,4,0.077895645,1,85345,0,1,0,2,0,1,0,0,0,1,5,5,5,5,3,4,5,5,4,4,2,2,2,3,2,2,2,2,2,4,3,3,1,-0.147530448,0.268948663,-0.023698487,1,0,1,0,3,0,0,1,0,0,2,0,4,0,1,2,0,1,2,0,0,0,0,1,0,1,1,0,1,0,2,0,1,0,2,0,0,1,3,1,0,0,1,1,0,0,1,0,0,1,0,3
1666,3,2,0.001432391,1,85304,1,0,0,2,0,1,0,0,0,3,5,5,3,5,3,5,1,4,5,4,2,2,2,3,3,1,3,3,1,2,2,2,1,0.453719126,-0.029361793,0.646341314,1,0,1,0,3,0,0,1,0,0,2,0,4,1,0,1,0,0,3,1,0,0,0,0,1,1,1,0,0,1,3,0,1,0,2,1,0,0,1,0,1,0,2,1,0,0,1,0,0,0,1,4
1668,49,2,0.038281911,0,98311,0,1,0,2,0,1,0,0,0,2,6,1,3,4,1,1,1,3,4,3,2,2,2,3,2,2,2,2,2,3,3,4,1,-0.163908631,-0.262315613,0.198286151,0,0,1,0,3,0,0,0,0,0,2,0,5,1,0,1,1,0,1,0,0,0,1,1,0,1,1,0,1,0,2,1,0,0,1,1,0,0,1,1,0,0,1,1,0,0,1,0,1,0,0,2
1669,3,2,0.073968867,1,85351,0,1,0,4,0,0,0,1,0,2,5,5,4,5,1,1,1,5,4,4,2,2,3,1,2,2,2,2,3,4,2,2,1,0.413668092,0.784403002,-0.016849781,1,1,0,0,2,0,0,1,0,0,2,0,4,0,1,2,1,0,1,0,0,0,1,1,0,1,1,0,1,0,2,1,0,0,1,0,1,0,2,1,0,0,1,1,0,0,1,0,1,0,0,2
1670,3,2,0.028226112,1,85017,1,0,0,1,1,0,0,0,0,1,5,1,5,4,1,1,1,1,2,1,2,2,2,3,2,2,2,2,3,3,3,4,1,-0.216662552,-0.080897456,0.830327925,0,1,0,0,2,0,0,0,1,0,2,0,2,0,1,2,1,0,1,0,0,0,1,0,1,1,1,0,0,1,3,0,0,1,3,0,0,1,3,0,1,0,2,1,0,0,1,0,0,1,0,3
1672,49,4,0.04356275,0,98034,1,0,0,4,0,0,0,1,0,1,3,3,1,5,3,5,3,5,5,5,2,2,3,3,2,2,3,2,3,2,2,4,1,-0.107779655,0.149685214,-0.689152541,1,0,1,0,3,0,0,1,0,0,2,0,4,1,0,1,1,0,1,0,0,0,0,1,0,1,1,0,0,1,3,0,0,1,3,0,1,0,2,0,1,0,2,1,0,0,1,0,0,1,0,3
1674,3,4,0.014321241,1,85037,0,1,0,2,0,1,0,0,0,3,5,5,3,5,3,5,5,5,5,5,1,1,1,1,1,1,3,1,3,2,2,1,1,-0.748802103,-0.278573952,-0.10190089,1,1,0,0,2,0,0,1,0,0,2,0,4,1,0,1,0,1,2,0,0,0,0,0,0,1,1,0,0,1,3,0,1,0,2,0,1,0,2,1,0,0,1,1,0,0,1,0,0,1,0,3
1675,49,2,0.034334082,0,98034,1,0,0,2,0,1,0,0,0,3,3,2,3,3,2,3,2,3,2,3,2,2,2,4,2,2,2,2,2,3,3,4,0,-0.754205329,0.018685641,-0.970438284,1,1,0,0,2,1,1,1,0,0,2,0,4,0,1,2,0,1,2,1,0,0,1,0,0,0,0,0,0,1,3,0,0,1,3,0,1,0,2,0,1,0,2,1,0,0,1,0,0,1,0,3
1676,3,4,0.016322881,1,85340,0,1,0,1,1,0,0,0,0,1,5,4,5,3,1,1,1,2,5,1,2,2,2,3,2,2,2,1,2,3,2,2,1,-1.468009747,0.647504603,0.62163935,1,0,1,0,3,0,1,1,0,0,2,0,4,1,0,1,1,0,1,0,0,0,0,1,0,1,1,0,1,0,2,1,0,0,1,0,1,0,2,0,1,0,2,1,0,0,1,0,1,0,0,2
1677,3,4,0.011164956,1,85387,0,1,0,3,0,0,1,0,0,2,5,4,3,4,2,1,3,4,4,3,2,2,2,4,2,2,1,2,3,3,3,3,1,-1.006848668,-1.503851413,-0.365988227,1,0,1,0,3,1,1,1,0,0,2,0,4,1,0,1,0,1,2,0,0,0,0,1,0,1,1,1,0,0,1,1,0,0,1,1,0,0,1,1,0,0,1,1,0,0,1,1,0,0,0,1
1678,3,4,0.003211699,1,85021,1,0,0,5,0,0,0,0,1,1,5,4,2,5,1,1,1,1,5,1,1,1,3,1,2,2,3,1,3,1,1,1,1,0.559147523,-0.882292744,0.554748036,1,0,1,0,3,0,0,1,0,0,2,0,4,1,0,1,1,0,1,0,1,0,0,0,1,1,1,0,0,1,3,0,0,1,3,1,0,0,1,0,1,0,2,0,0,1,3,0,0,0,1,4
1680,3,2,0.019301568,1,85295,0,1,0,3,0,0,1,0,0,2,4,2,3,5,3,3,5,5,4,5,1,1,3,2,3,1,3,1,3,1,2,1,1,0.746278377,-0.130839428,0.299613252,1,0,1,0,3,0,0,1,0,0,2,0,4,0,1,2,0,1,2,0,0,0,0,1,0,1,1,0,1,0,2,0,0,1,3,0,0,1,3,0,0,1,3,1,0,0,1,0,0,1,0,3
1682,3,4,0.028602938,1,85007,0,1,0,4,0,0,0,1,0,4,5,5,4,5,3,2,2,4,4,1,2,2,2,1,3,3,3,1,3,4,3,4,1,-0.205760342,-0.026470507,-0.637467957,1,0,1,0,3,0,0,1,0,0,2,0,4,1,0,1,0,1,2,0,0,0,0,0,0,1,1,0,1,0,2,0,0,1,3,0,0,1,3,0,0,1,3,0,1,0,2,0,0,0,1,4
1683,3,2,0.015067468,1,85023,1,0,0,2,0,1,0,0,0,1,5,2,5,4,1,1,1,5,5,1,2,2,2,3,2,2,2,2,2,3,3,3,1,1.282602694,-1.000030188,1.238716336,1,0,1,0,3,0,1,1,0,0,2,0,4,0,1,2,0,0,3,1,0,0,0,0,0,1,1,0,0,1,3,0,0,1,3,0,1,0,2,1,0,0,1,1,0,0,1,0,0,1,0,3
1686,3,2,0.084943638,1,85022,0,1,0,2,0,1,0,0,0,2,4,2,5,2,4,4,2,4,4,4,2,2,2,4,2,2,2,2,2,3,3,3,1,0.567004809,0.696215753,0.639695071,0,0,0,0,1,0,0,0,1,0,2,0,2,1,0,1,1,0,1,0,0,0,1,0,1,1,1,0,0,1,3,0,1,0,2,0,1,0,2,1,0,0,1,1,0,0,1,0,0,1,0,3
1687,3,3,0.027845061,1,85302,0,1,0,1,1,0,0,0,0,1,5,1,5,5,1,1,1,1,1,1,2,2,2,3,2,2,2,2,2,3,3,3,1,-1.220426379,0.438660751,1.406521903,0,1,0,0,2,0,0,1,0,0,2,0,4,1,0,1,0,0,3,1,0,0,0,1,0,1,1,0,0,1,3,0,1,0,2,1,0,0,1,0,1,0,2,1,0,0,1,0,0,0,1,4
1688,49,2,0.010139323,0,98106,0,1,0,3,0,0,1,0,0,2,1,3,4,5,3,3,1,4,5,4,2,1,3,2,3,1,1,1,3,1,2,2,1,1.262954351,0.04707813,-0.682953487,1,1,0,0,2,0,0,0,1,0,2,0,2,1,0,1,0,0,3,1,0,0,1,1,0,1,1,0,0,1,3,0,1,0,2,1,0,0,1,1,0,0,1,0,1,0,2,0,0,0,1,4
1690,3,4,0.017819325,1,85043,0,1,0,2,0,1,0,0,0,2,5,4,4,4,1,1,1,2,4,1,1,1,2,4,2,2,2,2,3,4,2,4,1,0.050749531,-1.009730524,0.342293256,1,0,1,0,3,1,1,1,0,0,2,0,4,0,1,2,0,1,2,0,0,0,0,1,0,1,1,1,0,0,1,0,0,1,3,0,0,1,3,0,0,1,3,1,0,0,1,0,0,1,0,3
1691,3,4,0.023842282,1,85283,1,0,0,2,0,1,0,0,0,3,5,3,2,4,1,1,3,3,3,3,2,2,2,4,2,2,1,2,3,3,3,3,1,0.71830858,0.78124662,-0.164999495,0,0,0,1,4,1,1,1,0,0,2,0,4,0,1,2,0,1,2,0,0,0,0,1,0,1,1,0,0,1,3,0,0,1,3,0,0,1,3,0,1,0,2,1,0,0,1,0,0,0,1,4
1692,3,4,0.028330094,1,85206,0,1,0,3,0,0,1,0,0,3,4,3,1,5,1,1,1,5,5,4,1,1,1,4,2,2,1,2,3,1,2,1,1,0.618512765,0.458423655,0.893639779,0,0,0,1,4,1,1,1,0,0,2,0,4,0,1,2,0,1,2,0,0,0,0,1,0,1,1,0,1,0,2,0,0,1,3,0,0,1,3,0,0,1,3,1,0,0,1,0,0,1,0,3
1696,3,2,0.027161043,1,85382,0,1,0,2,0,1,0,0,0,3,5,3,4,5,3,4,4,4,5,5,2,2,2,2,2,2,2,2,2,3,2,2,1,0.238341549,0.913936569,-0.328343583,1,1,0,0,2,0,0,1,0,0,2,0,4,1,0,1,1,0,1,0,0,0,1,0,0,1,1,0,1,0,2,0,1,0,2,0,1,0,2,0,0,1,3,1,0,0,1,0,1,0,0,2
1697,3,2,0.021514384,1,85020,1,0,0,4,0,0,0,1,0,3,5,4,2,5,1,2,1,4,4,4,1,1,3,2,2,2,2,1,3,2,2,3,1,0.69836593,-1.365671734,-0.549200859,1,0,1,0,3,0,0,1,0,0,2,0,4,0,1,2,0,1,2,0,0,0,0,0,1,1,1,0,0,1,3,0,0,1,3,0,1,0,2,0,0,1,3,1,0,0,1,0,0,0,1,4
1700,3,4,0.025411666,1,85083,0,1,0,1,1,0,0,0,0,1,4,1,5,3,1,1,2,2,3,1,2,2,2,3,2,2,2,2,2,3,3,4,1,0.724213724,0.401640138,0.007942173,1,0,0,1,4,0,1,1,0,0,2,0,4,0,1,2,1,0,1,0,0,0,0,1,0,1,1,0,1,0,2,1,0,0,1,0,1,0,2,1,0,0,1,1,0,0,1,1,0,0,0,1
1701,49,4,0.031988921,0,98004,0,1,0,3,0,0,1,0,0,3,5,3,4,4,3,2,2,4,4,2,2,2,2,3,2,2,2,2,3,3,3,3,0,-0.424891706,0.718044356,0.251572229,0,1,0,0,2,0,0,1,0,0,2,0,4,1,0,1,1,0,1,0,0,0,0,0,1,0,0,0,1,0,2,0,0,1,3,0,0,1,3,0,0,1,3,1,0,0,1,0,0,0,1,4
1702,3,2,0.01323519,1,85028,0,1,0,3,0,0,1,0,0,1,5,5,5,2,1,1,1,1,5,1,2,1,3,4,2,2,2,2,2,4,3,3,1,1.273215521,-1.037228112,-0.675936782,1,0,1,0,3,0,0,1,0,0,2,0,4,0,1,2,1,0,1,0,1,0,1,0,0,1,1,0,1,0,2,0,1,0,2,0,0,1,3,0,1,0,2,1,0,0,1,0,0,0,1,4
1703,3,4,0.025411666,1,85304,1,0,0,1,1,0,0,0,0,1,5,4,4,5,1,3,1,4,5,4,2,2,2,3,2,2,2,2,2,3,3,4,1,1.165514294,0.507727649,1.230770123,1,0,0,1,4,0,1,1,0,0,2,0,4,0,1,2,1,0,1,0,0,0,0,1,0,1,1,0,0,1,3,0,1,0,2,1,0,0,1,0,1,0,2,1,0,0,1,0,0,0,1,4
1704,3,4,0.018241607,1,85018,1,0,0,2,0,1,0,0,0,1,5,2,5,5,1,1,1,2,3,1,2,2,2,4,2,2,2,2,2,4,4,4,1,0.647991522,-1.631682635,-1.833860772,1,0,1,0,3,0,0,1,0,0,2,0,4,1,0,1,1,0,1,0,0,0,0,1,0,1,1,0,0,1,3,0,0,1,3,1,0,0,1,0,0,1,3,1,0,0,1,0,0,0,1,4
1705,3,3,0.031268395,1,85015,1,0,0,4,0,0,0,1,0,3,5,5,2,5,2,2,2,5,5,2,1,3,1,2,3,1,1,1,3,1,2,2,0,-0.22469441,0.120678332,-0.359629902,1,1,0,0,2,0,0,1,0,0,1,1,1,1,0,1,0,1,2,0,0,0,0,0,0,0,0,0,0,1,3,0,0,1,3,0,1,0,2,0,1,0,2,0,0,1,3,0,0,0,1,4
1706,3,4,0.023561986,1,85233,0,1,0,3,0,0,1,0,0,3,5,4,2,4,3,3,3,3,4,3,3,2,2,3,2,2,2,2,2,3,3,4,1,-0.07278398,-0.505580217,0.066662739,1,0,0,1,4,0,0,1,0,0,2,0,4,0,1,2,0,1,2,0,0,0,0,1,0,1,1,0,1,0,2,0,0,1,3,0,0,1,3,0,1,0,2,1,0,0,1,0,0,1,0,3
1707,3,2,0.079162088,1,85345,0,1,0,5,0,0,0,0,1,2,5,5,4,3,5,4,1,4,4,4,2,1,2,2,2,2,2,3,3,3,2,3,1,0.446308862,-0.061812834,1.068020664,1,1,0,0,2,0,0,1,0,0,1,1,1,0,1,2,0,0,3,1,0,0,1,0,0,1,1,0,1,0,2,0,1,0,2,0,0,1,3,1,0,0,1,1,0,0,1,0,0,1,0,3
1708,3,4,0.030194881,1,85210,1,0,0,1,1,0,0,0,0,1,5,1,4,4,1,4,1,1,4,4,2,2,2,2,2,2,3,2,3,2,2,2,1,0.505561672,0.018692463,0.053654406,1,0,0,1,4,0,1,1,0,0,2,0,4,0,1,2,1,0,1,0,0,0,0,1,0,1,1,0,0,1,3,0,0,1,3,0,0,1,3,0,1,0,2,0,0,1,3,0,0,0,1,4
1711,3,2,0.04414727,1,85053,1,0,0,4,0,0,0,1,0,3,5,5,1,5,2,4,5,5,5,5,1,1,3,1,3,1,1,1,3,2,2,2,1,1.069850039,0.12805714,-0.298245415,1,0,1,0,3,0,0,1,0,0,2,0,4,0,0,3,0,0,3,0,0,0,0,1,0,1,1,0,0,1,3,0,0,1,3,0,0,1,3,0,1,0,2,1,0,0,1,0,0,0,1,4
1713,3,4,0.052627731,1,85392,0,1,0,2,0,1,0,0,0,2,5,4,4,5,1,1,1,1,4,2,3,2,2,2,2,2,2,2,3,2,2,4,1,0.468237833,-0.916016622,-0.096330893,1,0,1,0,3,0,0,1,0,0,1,1,1,1,0,1,0,1,2,0,1,0,0,1,0,1,1,0,1,0,2,0,1,0,2,0,0,1,3,1,0,0,1,1,0,0,1,0,0,1,0,3
1715,3,2,0.073415183,1,85041,0,1,0,5,0,0,0,0,1,5,5,5,4,5,1,1,1,3,4,1,2,2,2,4,2,2,2,2,2,4,4,3,1,-2.471200661,-0.04420086,-0.390820576,1,0,0,0,1,1,1,1,0,0,2,0,4,0,1,2,0,1,2,0,0,0,0,1,0,1,1,0,0,1,3,1,0,0,1,1,0,0,1,1,0,0,1,1,0,0,1,0,0,1,0,3
1716,3,2,0.119035581,1,85283,1,0,0,1,1,0,0,0,0,1,5,0,5,1,1,1,1,1,1,1,2,2,2,3,2,2,2,2,2,3,3,4,1,0.666094559,0.324234328,-0.054431808,0,0,0,0,1,0,1,1,0,0,2,0,4,0,1,2,1,0,1,0,0,0,0,1,0,1,1,0,0,1,3,0,0,1,3,0,0,1,3,0,1,0,2,1,0,0,1,0,0,0,1,4
1717,49,4,0.023987658,0,98371,0,1,0,3,0,0,1,0,0,2,5,3,5,5,1,1,1,5,5,4,2,2,2,4,3,1,1,2,3,4,4,4,1,1.077895731,-2.456341888,0.950950423,1,0,0,1,4,0,0,1,0,0,2,0,4,1,0,1,1,0,1,0,0,0,0,0,1,1,1,0,1,0,2,0,1,0,2,0,1,0,2,1,0,0,1,0,0,1,3,0,0,1,0,3
1718,3,1,0.015895085,1,85338,0,1,0,2,0,1,0,0,0,3,5,3,4,4,3,3,3,4,4,3,2,1,3,3,2,2,2,2,3,3,3,4,1,-1.025652301,-0.340961402,-0.574873903,1,0,0,0,1,1,1,1,0,0,2,0,4,1,0,1,0,0,3,0,0,0,1,1,0,1,1,1,0,0,1,1,0,0,1,0,1,0,2,0,0,1,3,1,0,0,1,0,1,0,0,2
1719,3,4,0.056050242,1,85085,0,1,0,2,0,1,0,0,0,1,5,1,4,4,1,1,4,2,4,3,3,2,3,4,2,2,3,1,3,1,2,1,1,-0.004152569,0.485393525,0.605431105,0,0,1,0,3,1,1,1,0,0,2,0,4,0,0,3,0,0,3,0,1,0,0,1,0,1,1,1,0,0,1,1,0,0,1,1,0,0,1,1,0,0,1,1,0,0,1,1,0,0,0,1
1720,3,2,0.023462337,1,85203,0,1,0,4,0,0,0,1,0,2,5,3,4,4,1,1,1,4,4,4,1,2,3,3,3,1,2,2,2,2,2,2,1,0.845623291,1.572673258,0.772077025,1,1,0,0,2,0,0,1,0,0,2,0,4,0,1,2,0,0,3,1,0,0,0,1,0,1,1,0,0,1,3,0,1,0,2,0,1,0,2,0,0,1,3,0,0,1,3,0,0,0,1,4
1723,3,2,0.088322713,1,85014,1,0,0,4,0,0,0,1,0,2,5,5,4,2,2,2,2,4,5,4,3,2,2,3,2,2,2,2,2,3,3,3,1,-1.604063129,0.86218028,0.304316048,0,1,0,0,2,1,1,0,0,0,1,1,1,0,1,2,0,0,3,1,0,0,1,0,0,1,1,0,0,1,3,0,0,1,3,1,0,0,1,0,0,1,3,0,1,0,2,0,0,0,1,4
1724,3,2,0.030244873,1,85254,0,1,0,3,0,0,1,0,0,2,4,2,4,4,2,4,3,4,4,4,3,3,3,2,1,3,3,1,3,2,2,3,1,-0.235668232,0.755728235,-0.100113307,0,1,0,0,2,0,0,1,0,0,2,0,4,0,1,2,0,0,3,1,0,0,1,1,0,1,1,0,1,0,2,0,0,1,3,0,0,1,3,0,1,0,2,1,0,0,1,0,0,1,0,3
1725,3,2,0.014680286,1,85225,1,0,0,5,0,0,0,0,1,5,5,5,3,5,3,5,3,3,2,3,3,2,2,2,3,2,2,2,3,2,2,4,1,0.576539465,-0.058207596,-0.34241502,1,1,0,0,2,0,0,1,0,0,2,0,4,1,0,1,0,0,3,0,1,0,0,1,0,1,1,0,0,1,3,0,1,0,2,0,0,1,3,0,1,0,2,1,0,0,1,0,0,1,0,3
1726,49,4,0.011186152,0,98374,0,1,0,2,0,1,0,0,0,1,4,3,2,5,1,1,1,2,4,1,2,1,2,3,3,1,3,2,3,1,1,1,0,-0.05941317,-1.637520032,-0.313561136,1,1,0,0,2,0,0,1,0,0,2,0,4,0,1,2,0,0,3,1,1,0,0,1,0,0,0,0,1,0,2,0,1,0,2,1,0,0,1,1,0,0,1,1,0,0,1,1,0,0,0,1
1727,3,2,0.008475326,1,85282,1,0,0,3,0,0,1,0,0,3,5,3,4,5,1,1,1,4,2,1,2,3,3,4,2,2,2,2,3,4,4,4,1,-3.070754142,-1.011768195,0.516598596,0,0,1,0,3,0,0,1,0,0,2,0,4,1,0,1,1,0,1,0,1,0,0,0,1,1,1,0,0,1,3,0,0,1,3,0,0,1,3,0,0,1,3,0,1,0,2,0,0,0,1,4
1728,3,4,0.004467895,1,85302,0,1,0,4,0,0,0,1,0,5,5,4,1,5,4,3,1,4,4,4,1,1,2,2,2,2,2,2,3,1,2,1,1,0.397840124,-0.289582059,0.355489308,0,0,1,0,3,0,0,1,0,0,2,0,4,1,0,1,0,1,2,0,1,0,0,0,0,1,1,0,0,1,3,0,1,0,2,1,0,0,1,0,1,0,2,1,0,0,1,0,0,0,1,4
1729,49,3,0.033112784,0,98444,0,1,0,4,0,0,0,1,0,4,4,4,1,4,1,1,2,2,3,3,2,2,2,3,2,2,1,1,3,3,3,4,0,-2.070438458,-0.666400501,-0.284222269,1,0,0,0,1,0,0,0,1,0,2,0,2,1,0,1,0,0,3,1,0,0,0,1,0,0,0,0,0,1,3,0,1,0,2,0,0,1,3,0,1,0,2,0,1,0,2,0,0,0,1,4
1730,3,4,0.067606252,1,85282,1,0,0,2,0,1,0,0,0,2,3,0,3,3,3,2,2,2,2,2,2,2,2,3,2,2,2,2,2,1,1,1,1,-0.436265623,0.357762367,-0.042764668,1,1,0,0,2,0,0,1,0,0,1,1,1,1,0,1,1,0,1,1,0,0,0,1,0,1,1,0,0,1,3,0,0,1,3,0,0,1,3,0,0,1,3,0,1,0,2,0,0,0,1,4
1737,3,2,0.231838074,1,85310,0,1,0,2,0,1,0,0,0,2,5,1,4,2,1,1,1,1,1,1,2,2,2,3,2,2,2,2,2,3,3,3,1,0.180567328,0.205271508,0.85163935,0,0,1,0,3,0,0,1,0,0,1,1,1,0,0,3,0,1,2,0,0,0,0,1,0,1,1,0,1,0,2,0,1,0,2,1,0,0,1,1,0,0,1,1,0,0,1,1,0,0,0,1
1738,3,2,0.045275421,1,85201,1,0,0,2,0,1,0,0,0,3,4,3,3,4,3,3,3,3,4,3,2,2,2,3,2,2,2,2,2,3,3,3,1,-0.870146346,0.038095738,-0.232657435,0,0,1,1,4,1,1,1,0,0,2,0,4,0,1,2,1,0,1,0,0,0,1,0,0,1,1,0,0,1,3,0,0,1,3,0,1,0,2,0,0,1,3,0,0,1,3,0,0,0,1,4
1739,3,4,0.027061615,1,85345,0,1,0,2,0,1,0,0,0,2,5,4,3,5,1,5,1,3,5,3,2,2,2,4,2,2,1,2,3,2,2,4,1,1.104039152,-0.643490186,-0.670816969,1,0,0,1,4,0,0,1,0,0,2,0,4,0,1,2,0,1,2,0,0,0,0,1,0,1,1,0,1,0,2,0,1,0,2,0,0,1,3,1,0,0,1,1,0,0,1,0,0,1,0,3
1740,3,2,0.015452657,1,85201,1,0,0,5,0,0,0,0,1,5,5,5,4,5,1,4,1,2,4,2,1,1,3,2,2,1,3,1,3,2,2,1,0,1.194789215,0.716675748,0.392152773,1,1,0,0,2,0,0,1,0,0,2,0,4,1,0,1,0,1,2,0,1,0,1,0,1,0,0,0,0,1,3,0,0,1,3,0,1,0,2,0,0,1,3,0,0,1,3,0,0,0,1,4
1742,3,3,0.029566474,1,85205,0,1,0,3,0,0,1,0,0,2,5,2,5,1,1,1,1,1,1,1,2,2,2,3,2,2,2,2,2,4,3,3,1,-1.826133821,1.262849967,-1.192500752,1,0,1,0,3,0,0,1,0,0,2,0,4,0,1,2,0,1,2,0,0,0,0,1,0,1,1,0,1,0,2,0,1,0,2,0,1,0,2,0,1,0,2,1,0,0,1,0,0,1,0,3
1743,3,4,0.092095815,1,85248,0,1,0,1,1,0,0,0,0,1,5,3,3,4,1,1,1,4,4,3,2,2,2,4,2,2,2,2,2,3,2,2,1,-0.137471971,0.836257791,1.204520143,0,0,1,0,3,0,1,1,0,0,2,0,4,0,0,3,0,1,2,0,0,0,0,1,0,1,1,0,1,0,2,0,1,0,2,0,0,1,3,0,1,0,2,1,0,0,1,0,1,0,0,2
1744,3,4,0.092798156,1,85018,1,0,0,2,0,1,0,0,0,2,5,3,3,5,1,1,1,2,4,1,1,1,2,2,3,3,1,2,3,2,2,4,1,0.894903836,-1.773404151,0.543451605,1,1,0,0,2,1,1,1,0,0,2,0,4,0,0,3,0,1,2,0,1,0,0,1,0,1,1,0,0,1,3,0,0,1,3,1,0,0,1,0,0,1,3,1,0,0,1,0,0,0,1,4
1745,3,2,0.006952513,1,85747,0,1,0,2,0,1,0,0,0,2,5,3,3,5,2,3,1,2,5,3,2,2,2,3,2,2,2,2,2,3,2,3,1,-0.314172452,-1.470184192,-1.884465893,1,1,0,0,2,0,0,1,0,0,2,0,4,1,0,1,1,0,1,0,0,0,0,1,0,1,1,0,1,0,2,1,0,0,1,0,1,0,2,1,0,0,1,1,0,0,1,0,0,1,0,3
1746,3,4,0.004467895,1,85302,0,1,0,3,0,0,1,0,0,4,5,4,4,5,3,3,1,5,5,4,3,2,2,2,2,2,2,1,3,3,2,2,1,-0.073291834,0.157100537,0.116352727,0,0,1,0,3,0,0,1,0,0,2,0,4,1,0,1,0,1,2,0,1,0,0,0,0,1,1,0,0,1,3,0,1,0,2,1,0,0,1,0,1,0,2,1,0,0,1,0,0,0,1,4
1747,3,4,0.024570578,1,85345,0,1,0,5,0,0,0,0,1,2,5,3,4,5,4,5,1,4,2,2,2,2,2,3,3,2,2,2,2,3,3,3,1,-1.661347357,0.345604656,-1.239114258,0,0,1,0,3,0,0,1,0,0,2,0,4,1,0,1,1,0,1,0,1,0,0,0,0,1,1,0,1,0,2,0,1,0,2,0,0,1,3,1,0,0,1,1,0,0,1,0,0,1,0,3
1748,3,4,0.032155399,1,85225,1,0,0,2,0,1,0,0,0,2,5,3,4,4,2,2,2,4,4,3,2,2,2,3,2,2,2,2,3,4,3,4,1,0.369754781,-0.387867481,0.045162522,1,0,0,1,4,0,0,1,0,0,2,0,4,0,1,2,0,1,2,0,1,0,0,1,0,1,1,0,0,1,3,0,1,0,2,0,0,1,3,0,1,0,2,1,0,0,1,0,0,1,0,3
1749,3,2,0.005953841,1,85020,1,0,0,5,0,0,0,0,1,4,5,5,4,5,3,2,2,5,5,2,3,3,3,2,2,2,2,3,3,2,2,2,1,-0.496975558,0.160905998,1.091006502,1,0,1,0,3,1,1,1,0,0,2,0,4,1,0,1,1,0,1,0,0,0,1,0,1,1,1,0,0,1,3,0,0,1,3,0,1,0,2,0,0,1,3,1,0,0,1,0,0,0,1,4
1750,3,4,0.009531401,1,85205,0,1,0,3,0,0,1,0,0,2,5,4,4,5,1,1,4,4,5,3,2,2,2,4,2,2,2,2,3,3,3,3,1,1.235321022,0.70161734,-0.188293272,1,0,0,1,4,0,1,1,0,0,2,0,4,0,1,2,1,0,1,0,1,0,0,0,0,1,1,0,1,0,2,0,1,0,2,0,1,0,2,0,1,0,2,1,0,0,1,0,0,1,0,3
1751,3,2,0.023917293,0,85142,0,1,0,2,0,1,0,0,0,2,5,4,4,5,2,2,2,3,5,2,1,3,3,4,2,2,2,2,3,3,2,3,1,-0.061421782,-1.059140587,-0.610826995,0,1,0,0,2,0,1,0,1,0,2,0,2,0,1,2,0,0,3,1,0,0,0,1,0,1,1,1,0,0,1,1,0,0,1,0,1,0,2,0,0,1,3,1,0,0,1,1,0,0,0,1
1752,3,4,0.00978853,1,85017,1,0,0,3,0,0,1,0,0,3,5,5,2,5,1,1,1,4,5,1,2,2,3,4,2,2,2,2,3,4,2,4,1,-1.11322832,0.148449537,1.388370029,1,0,0,1,4,0,0,1,0,0,2,0,4,1,0,1,1,0,1,0,1,0,0,0,1,1,1,0,0,1,3,0,0,1,3,0,0,1,3,0,1,0,2,1,0,0,1,0,0,1,0,3
1753,3,4,0.074424028,1,85215,0,1,0,3,0,0,1,0,0,2,5,2,5,5,1,1,1,1,5,4,2,2,2,3,2,2,2,1,2,4,3,4,1,0.750629194,-0.571902516,1.455630683,0,0,0,1,4,0,0,1,0,0,2,0,4,0,0,3,0,1,2,1,0,0,0,1,0,1,1,0,1,0,2,0,1,0,2,0,0,1,3,1,0,0,1,1,0,0,1,0,1,0,0,2
1754,3,2,4.424896027,1,85756,0,1,0,2,0,1,0,0,0,2,5,4,5,5,1,1,1,4,5,1,3,2,3,3,3,1,1,1,3,1,2,1,1,0.711937059,1.145098868,0.528997683,0,0,1,0,3,1,1,1,0,0,2,0,4,0,0,3,1,0,1,0,0,0,0,1,0,1,1,0,1,0,2,1,0,0,1,0,1,0,2,1,0,0,1,1,0,0,1,0,1,0,0,2
1755,3,2,0.123700611,1,85268,0,1,0,3,0,0,1,0,0,2,5,1,4,4,1,1,1,2,4,4,1,3,3,3,3,1,2,1,3,2,1,1,1,-0.043420327,0.950696626,-1.701762216,1,1,0,0,2,0,1,0,0,1,2,0,3,0,0,3,0,0,3,1,0,0,1,1,0,1,1,1,0,0,1,1,0,0,1,0,1,0,2,1,0,0,1,1,0,0,1,1,0,0,0,1
1758,3,4,0.027962505,1,85225,1,0,0,2,0,1,0,0,0,1,5,1,5,5,2,2,1,3,3,3,2,2,2,4,2,2,2,2,2,4,2,3,1,-0.689058657,-1.510740604,1.582632911,1,0,1,0,3,0,1,1,0,0,2,0,4,0,1,2,0,1,2,0,0,0,0,1,0,1,1,0,0,1,3,0,1,0,2,0,0,1,3,0,1,0,2,1,0,0,1,0,0,1,0,3
1761,3,4,0.022015084,1,85042,0,1,0,3,0,0,1,0,0,3,5,5,2,5,2,2,2,5,5,5,2,2,2,3,2,2,2,2,3,4,2,3,1,1.052501751,-0.493184758,-0.159571245,1,0,0,1,4,0,0,1,0,0,2,0,4,1,0,1,0,0,3,0,0,0,0,1,0,1,1,0,0,1,3,0,1,0,2,1,0,0,1,1,0,0,1,1,0,0,1,0,0,1,0,3
1762,3,3,0.238804105,1,85282,1,0,0,2,0,1,0,0,0,2,5,3,3,5,4,4,2,2,4,3,2,1,3,3,1,2,2,1,3,3,3,3,1,-0.164231992,-0.925105193,0.347536677,1,0,0,0,1,0,0,0,0,0,2,0,5,1,0,1,0,0,3,0,1,0,0,0,0,1,1,0,0,1,3,0,0,1,3,0,0,1,3,0,0,1,3,0,1,0,2,0,0,0,1,4
1763,3,2,0.029220518,1,85282,1,0,0,1,1,0,0,0,0,1,5,0,5,3,1,1,1,3,3,3,2,2,1,2,2,2,2,2,2,3,3,3,1,0.095959484,-0.082359443,0.16465974,1,0,1,0,3,0,0,1,0,0,2,0,4,1,0,1,1,0,1,0,0,0,1,0,0,1,1,0,0,1,3,0,0,1,3,0,0,1,3,0,0,1,3,0,1,0,2,0,0,0,1,4
1764,3,4,0.004597424,1,85205,0,1,0,4,0,0,0,1,0,3,5,5,3,4,2,2,2,5,5,3,2,2,2,4,2,2,2,2,2,4,4,4,1,-1.434226899,-0.242230378,-1.044163636,0,0,0,1,4,0,0,1,0,0,2,0,4,1,0,1,0,1,2,0,0,0,0,0,0,1,1,0,1,0,2,0,1,0,2,0,1,0,2,0,1,0,2,1,0,0,1,0,0,1,0,3
1766,3,4,0.050298928,1,85249,0,1,0,1,1,0,0,0,0,2,5,1,5,5,1,1,4,4,3,1,2,2,2,3,2,2,2,2,2,3,3,3,1,0.896388118,0.141698089,1.115169229,0,0,0,1,4,0,1,1,0,0,2,0,4,0,1,2,0,1,2,0,0,0,0,1,0,1,1,0,1,0,2,1,0,0,1,0,0,1,3,1,0,0,1,1,0,0,1,1,0,0,0,1
1767,3,4,0.002515097,1,85041,0,1,0,5,0,0,0,0,1,5,5,5,5,4,1,1,1,2,1,4,2,2,2,3,3,1,1,3,3,1,1,3,1,-2.116500641,0.063459114,1.158807853,1,1,0,0,2,0,0,1,0,0,2,0,4,1,0,1,0,1,2,0,0,0,0,1,1,1,1,0,0,1,3,1,0,0,1,1,0,0,1,1,0,0,1,1,0,0,1,0,0,1,0,3
1770,3,2,0.009901364,1,85009,1,0,0,2,0,1,0,0,0,3,5,4,4,5,3,4,2,3,3,3,2,3,3,2,3,2,3,2,2,2,2,2,1,-0.895883115,1.124945937,-0.506027331,1,1,0,0,2,0,0,1,0,0,2,0,4,1,0,1,0,0,3,1,0,0,1,1,0,1,1,0,0,1,3,0,0,1,3,0,0,1,3,0,1,0,2,1,0,0,1,0,0,0,1,4
1772,49,2,0.016186986,0,98391,0,1,0,4,0,0,0,1,0,3,4,4,2,5,1,1,1,5,4,4,2,2,3,4,2,2,2,2,3,2,2,4,0,1.416693677,-0.135301449,0.963848592,1,0,1,0,3,1,1,1,0,0,2,0,4,1,0,1,1,0,1,0,0,0,1,1,0,0,0,1,0,0,1,1,0,0,1,1,0,0,1,1,0,0,1,1,0,0,1,1,0,0,0,1
1774,49,2,0.016382126,0,98391,0,1,0,2,0,1,0,0,0,4,1,5,4,5,1,1,1,3,4,4,1,2,3,1,3,2,1,1,3,1,3,4,0,-0.456977004,-0.303770775,0.141782909,1,0,1,0,3,0,0,1,0,0,2,0,4,1,0,1,0,1,2,0,1,0,0,0,0,0,0,1,0,0,1,1,0,0,1,1,0,0,1,1,0,0,1,1,0,0,1,1,0,0,0,1
1777,3,4,0.011646933,1,85375,0,1,0,4,0,0,0,1,0,3,5,3,4,5,1,1,1,3,3,1,2,2,2,4,2,2,1,2,3,4,4,4,1,-1.547869658,-1.783845297,-0.964124503,1,0,1,0,3,0,0,1,0,0,2,0,4,1,0,1,1,0,1,0,1,0,0,1,0,1,1,1,0,0,1,1,0,0,1,0,1,0,2,1,0,0,1,1,0,0,1,1,0,0,0,1
1779,3,4,0.003211699,1,85021,1,0,0,3,0,0,1,0,0,1,5,4,5,5,1,2,1,4,5,5,1,1,3,1,2,2,2,3,3,4,2,4,1,0.182224946,-0.775913542,1.175096025,1,0,1,0,3,0,0,1,0,0,2,0,4,1,0,1,1,0,1,0,1,0,0,0,1,1,1,0,0,1,3,0,0,1,3,1,0,0,1,0,1,0,2,0,0,1,3,0,0,0,1,4
1780,3,2,0.070334875,1,85031,0,1,0,1,1,0,0,0,0,2,4,2,5,1,1,1,1,1,1,1,2,2,2,3,3,1,3,2,3,4,2,2,1,-0.900798637,0.895404014,-0.377857704,0,0,0,0,1,0,0,1,0,0,2,0,4,0,1,2,0,1,2,0,0,0,1,1,0,1,1,0,0,1,3,0,1,0,2,1,0,0,1,1,0,0,1,1,0,0,1,0,0,0,1,4
1782,3,4,0.017434511,1,85050,0,1,0,3,0,0,1,0,0,3,5,3,4,4,2,4,2,4,4,4,3,3,2,4,2,2,3,2,3,2,2,2,1,-0.458818826,-0.447483376,-0.392711433,0,0,1,0,3,0,0,1,0,0,2,0,4,0,1,2,1,0,1,0,0,0,0,0,0,1,1,0,0,1,3,1,0,0,1,0,0,1,3,1,0,0,1,1,0,0,1,0,1,0,0,2
1783,3,4,0.095241214,1,85354,0,0,1,5,0,0,0,0,1,4,5,5,4,4,1,1,1,1,1,1,2,2,2,3,2,2,2,2,2,4,3,4,1,1.363822506,0.431030356,0.219741703,1,0,0,1,4,0,0,1,0,0,2,0,4,0,1,2,0,1,2,0,0,0,0,1,0,1,1,1,0,0,1,1,0,0,1,1,0,0,1,0,0,1,3,1,0,0,1,1,0,0,0,1
1786,3,4,0.800952229,1,85208,0,1,0,3,0,0,1,0,0,3,5,4,3,3,3,3,3,3,3,3,2,2,2,3,2,2,1,2,2,3,3,2,1,-0.223969438,0.098238531,-0.965245014,1,0,1,0,3,0,0,1,0,0,1,1,1,1,0,1,1,0,1,0,1,0,0,0,0,1,1,0,1,0,2,0,1,0,2,0,0,1,3,0,1,0,2,1,0,0,1,0,1,0,0,2
1787,3,4,0.028246961,1,85022,0,1,0,4,0,0,0,1,0,2,5,3,5,5,1,1,1,5,5,3,2,2,2,3,2,2,2,2,2,4,3,3,1,0.316091089,-1.208457051,0.196573482,1,0,1,0,3,0,0,1,0,1,2,0,3,1,0,1,0,1,2,0,0,0,0,0,0,1,1,0,0,1,3,0,1,0,2,0,1,0,2,1,0,0,1,1,0,0,1,0,0,1,0,3
1788,3,4,0.033031479,1,85209,0,1,0,2,0,1,0,0,0,4,5,4,2,5,1,1,1,4,3,1,3,3,3,2,3,1,3,1,1,4,1,3,1,-0.662336403,-0.279072712,0.059135353,1,0,1,0,3,1,1,1,0,0,2,0,4,0,1,2,1,0,1,0,0,0,0,0,0,1,1,0,1,0,2,0,1,0,2,0,0,1,3,1,0,0,1,1,0,0,1,0,0,1,0,3
1789,3,4,0.027962505,1,85382,0,1,0,3,0,0,1,0,0,2,5,3,4,4,2,2,3,2,4,2,2,2,2,3,2,2,2,2,2,4,2,3,1,0.670142026,-0.658167596,-0.21473915,1,0,1,0,3,0,1,1,0,0,2,0,4,0,1,2,0,1,2,0,0,0,0,1,0,1,1,0,1,0,2,0,1,0,2,0,1,0,2,0,0,1,3,1,0,0,1,0,1,0,0,2
1790,3,4,0.017886648,1,85297,0,1,0,3,0,0,1,0,0,3,5,4,3,4,2,2,2,4,3,3,2,2,2,4,2,2,2,2,2,3,2,4,1,-0.233471087,0.472149356,0.159685511,1,0,1,1,4,0,0,1,0,0,2,0,4,0,0,0,0,1,2,0,0,0,0,1,0,1,1,0,0,1,3,1,0,0,1,0,0,1,3,1,0,0,1,1,0,0,1,0,1,0,0,2
1792,3,4,0.011694125,1,85037,0,1,0,4,0,0,0,1,0,4,5,4,2,5,4,4,3,5,5,4,1,1,2,2,3,1,2,1,3,3,3,2,1,-0.608019947,0.318432401,-0.515491013,1,0,1,0,3,0,0,1,0,0,2,0,4,0,1,2,0,0,3,1,1,0,0,1,0,1,1,0,0,1,3,0,1,0,2,0,1,0,2,1,0,0,1,1,0,0,1,0,0,1,0,3
1793,3,2,0.242081328,1,85236,0,1,0,3,0,0,1,0,0,2,5,3,4,4,1,1,4,4,4,2,2,2,3,4,3,1,2,2,2,4,3,4,1,0.247099788,-1.746036571,0.663305697,1,0,1,0,3,1,1,1,1,0,2,0,2,0,1,2,1,0,1,0,0,0,0,1,0,1,1,0,0,0,0,0,0,0,0,0,0,0,0,0,0,0,0,0,0,0,0,0,0,0,0,0
1795,3,4,0.020533801,1,85323,0,1,0,5,0,0,0,0,1,1,5,5,5,5,1,1,1,1,3,3,2,2,2,1,2,2,2,2,3,2,2,3,1,-0.121751965,-0.345880229,0.649673411,1,1,0,0,2,0,0,1,0,0,2,0,4,1,0,1,1,0,1,0,1,0,0,0,0,1,1,0,1,0,2,0,1,0,2,0,1,0,2,1,0,0,1,1,0,0,1,0,0,1,0,3
1796,3,2,0.25315284,0,85941,0,1,0,4,0,0,0,1,0,1,5,5,4,4,4,4,2,5,5,5,2,2,2,3,3,1,1,2,2,3,3,3,0,0.031664705,1.046075488,-0.172162326,1,0,1,0,3,0,0,1,0,0,2,0,4,0,1,2,1,0,1,0,0,1,1,1,0,0,0,1,0,0,1,1,0,0,1,1,0,0,1,0,0,1,3,1,0,0,1,1,0,0,0,1
1797,3,4,0.100988295,1,85395,0,1,0,5,0,0,0,0,1,2,5,5,2,5,2,2,4,4,4,4,3,2,2,2,2,2,3,2,3,4,2,2,1,0.315172452,0.942410652,0.083404785,0,0,0,1,4,1,1,1,0,0,2,0,4,0,0,3,0,1,2,0,0,0,0,1,0,1,1,0,1,0,2,0,1,0,2,0,0,1,3,0,1,0,2,1,0,0,1,1,0,0,0,1
1798,3,4,0.092663545,1,85204,0,1,0,3,0,0,1,0,0,3,3,3,3,3,3,3,1,4,4,4,2,2,2,3,2,2,2,2,2,1,3,4,1,-1.406749165,0.342427957,0.737683175,0,1,0,0,2,0,0,1,0,0,2,0,4,0,1,2,1,0,1,0,0,0,0,0,1,1,1,0,0,1,3,0,1,0,2,0,0,1,3,0,1,0,2,0,1,0,2,0,0,0,1,4
1799,3,2,0.11827837,1,85260,0,1,0,3,0,0,1,0,0,4,5,4,3,3,1,1,1,1,1,1,2,2,2,3,2,2,1,2,3,3,3,4,1,-0.862786196,-1.021392289,-0.59739282,1,0,0,0,1,0,0,1,0,0,2,0,4,0,0,3,0,0,3,1,0,0,1,0,0,1,1,0,1,0,2,0,0,1,3,0,0,1,3,0,1,0,2,1,0,0,1,0,0,1,0,3
1801,3,4,0.080422644,1,85326,0,1,0,1,1,0,0,0,0,1,4,0,4,3,1,1,1,1,1,1,2,2,2,4,2,2,2,2,2,4,4,4,1,0.150048507,-1.239550788,0.403117132,0,0,1,0,3,1,1,1,0,0,2,0,4,1,0,1,0,0,3,0,0,0,0,1,0,1,1,1,0,0,1,1,0,0,1,0,1,0,2,1,0,0,1,1,0,0,1,1,0,0,0,1
1802,3,4,0.011398406,1,85204,0,1,0,2,0,1,0,0,0,2,5,2,5,2,2,2,1,5,5,4,2,2,2,1,2,2,2,2,2,3,2,4,1,0.540666532,-0.181943222,-0.346715956,1,0,0,1,4,0,0,1,0,0,2,0,4,1,0,1,0,1,2,0,0,0,0,1,0,1,1,0,0,1,3,0,1,0,2,0,0,1,3,0,1,0,2,0,1,0,2,0,0,0,1,4
1803,3,2,0.01976244,1,85014,1,0,0,2,0,1,0,0,0,2,5,3,4,4,1,2,1,2,4,2,2,2,2,3,2,2,2,2,2,3,3,3,1,0.228653354,-0.462406937,0.182814283,1,0,1,0,3,0,0,1,0,0,2,0,4,1,0,1,0,0,3,1,0,1,1,0,0,1,1,0,0,1,3,0,0,1,3,1,0,0,1,0,0,1,3,0,1,0,2,0,0,0,1,4
1804,3,2,0.076652323,1,85382,0,1,0,2,0,1,0,0,0,2,5,4,3,3,3,3,2,4,4,3,1,2,2,4,2,2,2,2,2,4,3,3,1,-0.653113758,0.109058979,0.340678301,1,0,1,0,3,1,1,1,0,0,1,1,1,0,1,2,0,1,2,0,0,0,1,1,0,1,1,0,1,0,2,0,1,0,2,0,1,0,2,0,0,1,3,1,0,0,1,0,1,0,0,2
1805,3,4,0.081211948,1,85396,0,1,0,2,0,1,0,0,0,3,5,3,4,4,2,3,2,4,4,4,3,2,2,2,2,2,2,2,3,2,2,3,1,0.097490899,-0.02587608,-0.515040258,0,1,0,0,2,1,1,0,0,0,1,1,1,1,0,1,0,0,3,1,0,0,0,1,0,1,1,1,0,0,1,1,0,0,1,0,1,0,2,1,0,0,1,1,0,0,1,1,0,0,0,1
1807,3,2,0.091191725,1,85054,0,0,1,2,0,1,0,0,0,2,4,2,4,4,2,2,2,2,4,2,2,2,2,3,2,2,2,2,2,3,3,4,1,0.347101957,0.010593581,-0.444470573,0,0,0,1,4,0,0,1,0,0,2,0,4,0,1,2,1,0,1,0,0,0,0,0,0,1,1,0,0,0,0,0,0,0,0,0,0,0,0,0,0,0,0,0,0,0,0,0,0,0,0,0
1808,3,2,0.076867738,1,85044,1,0,0,1,1,0,0,0,0,4,5,2,4,3,2,2,2,2,4,2,2,2,2,4,2,2,2,2,2,3,3,3,1,-0.450782525,-0.995368128,1.01674373,1,0,1,0,3,0,1,1,0,0,2,0,4,0,0,3,1,0,1,0,0,0,0,0,0,1,1,0,0,1,3,0,0,1,3,0,0,1,3,0,0,1,3,1,0,0,1,0,0,0,1,4
1809,3,4,0.00990066,1,85373,0,1,0,4,0,0,0,1,0,3,2,1,4,5,1,2,3,4,4,4,1,3,2,4,2,2,1,2,3,1,2,2,1,0.262851417,0.487936437,-1.014419464,1,0,0,1,4,1,1,1,0,0,2,0,4,0,1,2,0,1,2,0,1,0,0,0,0,1,1,0,1,0,2,1,0,0,1,0,1,0,2,1,0,0,1,1,0,0,1,1,0,0,0,1
1810,3,4,0.026000813,1,85345,0,1,0,3,0,0,1,0,0,2,5,4,2,5,3,4,1,4,5,3,2,2,3,4,2,2,2,2,3,3,3,4,1,-0.361992486,-0.399005161,1.347774382,0,0,0,1,4,1,1,1,0,0,2,0,4,1,0,1,1,0,1,0,1,0,0,1,0,1,1,0,1,0,2,0,1,0,2,0,0,1,3,1,0,0,1,1,0,0,1,0,0,1,0,3
1812,3,4,0.001344459,1,85042,0,1,0,2,0,1,0,0,0,3,5,3,1,5,4,4,1,4,4,3,1,1,2,4,2,2,2,2,3,3,2,4,1,-0.988564221,-1.560018469,-1.651617503,1,0,0,1,4,0,0,0,1,0,2,0,2,1,0,1,0,0,3,0,0,0,0,1,1,1,1,0,0,1,3,0,1,0,2,1,0,0,1,1,0,0,1,1,0,0,1,0,0,1,0,3
1813,3,4,0.038620577,1,85029,1,0,0,4,0,0,0,1,0,2,5,5,3,4,1,1,3,5,2,4,2,2,3,3,2,2,3,1,2,1,1,1,1,-0.944494112,-1.213753369,0.775092066,0,0,1,0,3,0,0,1,0,0,2,0,4,1,0,1,0,0,3,0,1,0,0,1,0,1,1,0,0,1,3,0,0,1,3,0,0,1,3,0,1,0,2,1,0,0,1,0,0,0,1,4
1814,3,2,0.022452671,1,85012,0,1,0,5,0,0,0,0,1,5,5,5,1,5,1,1,3,2,3,1,1,1,2,1,2,2,1,2,3,4,3,4,1,-0.182688354,-0.570363052,-0.421619866,0,0,1,0,3,0,0,1,0,0,1,1,1,0,1,2,0,1,2,0,1,0,1,1,1,1,1,0,1,0,2,0,0,1,3,1,0,0,1,0,0,1,3,0,0,1,3,0,0,0,1,4
1815,3,4,0.018770449,1,85396,0,1,0,4,0,0,0,1,0,3,4,4,2,4,1,3,2,2,3,3,1,1,2,4,2,2,1,2,3,1,1,4,1,-0.067728744,0.431323279,0.057541961,1,0,0,1,4,0,0,1,0,0,2,0,4,1,0,1,1,0,1,0,0,0,0,1,0,1,1,1,0,0,1,1,0,0,1,0,1,0,2,1,0,0,1,1,0,0,1,1,0,0,0,1
1816,3,4,0.190042158,1,85301,1,0,0,2,0,1,0,0,0,3,5,3,4,5,5,3,3,5,5,5,1,1,3,2,3,3,1,1,3,1,1,2,1,0.05770165,0.428534625,1.088506288,0,0,0,0,1,0,0,1,0,0,2,0,4,1,0,1,1,0,1,0,0,0,0,0,0,1,1,0,0,1,3,0,0,1,3,0,1,0,2,1,0,0,1,1,0,0,1,0,0,0,1,4
1817,3,2,0.12374635,1,85207,0,1,0,3,0,0,1,0,0,3,4,2,3,4,3,3,4,4,4,3,3,3,3,2,3,3,2,2,2,2,2,2,1,-0.307874674,0.042592664,-0.17369377,0,1,0,0,2,0,0,1,0,0,1,1,1,1,0,1,0,0,3,0,0,1,0,1,0,1,1,0,1,0,2,1,0,0,1,0,0,1,3,1,0,0,1,1,0,0,1,0,1,0,0,2
1818,3,4,0.007674523,1,85206,0,1,0,5,0,0,0,0,1,3,5,4,3,4,1,4,1,3,5,2,3,2,2,2,2,2,3,2,1,2,2,2,1,-0.229327627,0.936737565,-0.699315303,1,0,0,1,4,0,0,1,0,0,2,0,4,1,0,1,1,0,1,0,0,0,0,0,0,1,1,0,1,0,2,0,0,1,3,0,0,1,3,0,0,1,3,1,0,0,1,0,0,1,0,3
1822,3,4,0.139048906,1,85331,0,1,0,1,1,0,0,0,0,1,5,3,4,4,2,3,4,4,4,3,2,2,2,3,2,2,2,2,2,4,2,3,1,0.267338016,0.003723066,-0.807133557,0,0,0,1,4,1,1,1,0,0,2,0,4,0,0,3,0,1,2,0,0,0,0,1,0,1,1,1,0,0,1,1,0,0,1,0,0,1,3,0,1,0,2,1,0,0,1,1,0,0,0,1
1826,3,2,0.185552814,1,85003,0,1,0,4,0,0,0,1,0,1,4,2,4,5,4,4,4,5,5,5,3,3,3,1,3,1,1,1,3,2,2,2,1,0.861252619,1.621545005,0.837135775,0,0,0,0,1,0,1,1,0,0,2,0,4,0,0,3,0,0,3,1,0,0,0,0,0,1,1,0,1,0,2,0,0,1,3,0,0,1,3,0,1,0,2,0,0,1,3,0,0,0,1,4
1829,5,2,0.799368858,0,90245,1,0,0,5,0,0,0,0,1,1,5,5,5,4,4,5,4,5,5,4,3,2,3,2,2,2,3,3,2,3,2,3,1,0.427142003,0.970477699,0.822638185,0,1,0,0,2,1,1,1,0,0,2,0,4,0,0,3,0,0,3,1,1,1,0,0,0,1,1,0,0,1,3,0,0,1,3,0,0,1,3,0,1,0,2,0,1,0,2,0,0,1,0,3
1831,37,2,0.626051971,0,73185,1,0,0,4,0,0,0,1,0,2,5,5,5,4,5,4,5,4,5,4,1,3,3,1,3,1,3,1,3,2,1,2,1,0.316279193,1.535936622,1.045159792,0,1,0,0,2,1,1,1,0,0,2,0,4,0,0,3,0,0,3,1,0,1,0,0,0,1,1,0,0,0,0,0,0,0,0,0,0,0,0,0,0,0,0,0,0,0,0,0,0,0,0,0
1832,3,2,0.087717748,1,85226,0,1,0,3,0,0,1,0,0,3,3,4,4,5,4,5,4,5,4,4,3,3,3,1,3,1,3,1,3,2,2,2,1,0.354226563,0.418988337,0.041571914,0,1,0,0,2,1,1,1,0,0,2,0,4,0,0,3,0,0,3,1,0,0,0,1,0,1,1,0,1,0,2,0,0,1,3,0,0,1,3,0,0,1,3,1,0,0,1,0,0,0,1,4
1833,3,2,0.087717748,1,85381,0,1,0,3,0,0,1,0,0,3,3,4,4,5,4,3,4,4,4,5,3,3,3,1,3,1,3,1,3,2,2,1,1,0.479857164,0.522933422,0.812583582,0,1,0,0,2,1,1,1,0,0,2,0,4,0,0,3,0,0,3,1,0,0,0,1,0,1,1,0,1,0,2,0,1,0,2,0,1,0,2,0,0,1,3,1,0,0,1,0,0,1,0,3
1834,3,2,0.087717748,1,85215,0,1,0,2,0,1,0,0,0,3,3,4,4,5,4,5,4,4,4,5,3,3,3,1,3,1,3,1,3,2,2,1,1,0.3011867,1.013311255,0.610389087,0,1,0,0,2,1,1,1,0,0,2,0,4,0,0,3,0,0,3,1,0,0,0,1,0,1,1,0,1,0,2,0,1,0,2,0,0,1,3,1,0,0,1,1,0,0,1,0,1,0,0,2
1835,3,2,0.016653182,1,85030,1,0,0,4,0,0,0,1,0,2,5,5,5,4,3,4,5,4,5,4,1,3,1,2,1,3,1,3,1,1,2,1,1,0.60007396,0.747439143,0.76863066,0,1,0,0,2,1,1,1,0,0,2,0,4,0,0,3,0,0,3,1,0,1,0,0,0,1,1,0,0,0,0,0,0,0,0,0,0,0,0,0,0,0,0,0,0,0,0,0,0,0,0,0
1838,3,2,0.068143299,1,85204,0,1,0,4,0,0,0,1,0,3,5,4,4,4,3,4,4,4,4,3,2,1,3,2,2,1,3,1,3,2,2,1,1,0.010602489,0.660587067,1.028460447,0,0,1,0,3,0,0,1,0,0,2,0,4,0,1,2,0,0,3,0,0,0,0,1,0,1,1,0,0,1,3,0,1,0,2,0,0,1,3,0,1,0,2,0,1,0,2,0,0,0,1,4
1839,3,3,0.246639705,1,85018,1,0,0,4,0,0,0,1,0,3,2,0,4,4,2,2,2,4,4,4,2,3,3,1,3,1,1,1,3,1,1,2,1,-0.98223856,0.883255838,0.169096598,1,0,0,0,1,0,0,1,0,0,2,0,4,0,0,3,0,0,3,1,0,0,0,1,0,1,1,0,0,1,3,0,0,1,3,1,0,0,1,0,0,1,3,1,0,0,1,0,0,0,1,4
1841,3,4,0.053061992,1,85205,0,1,0,1,1,0,0,0,0,1,5,0,5,5,1,1,1,4,3,3,2,2,2,4,2,2,2,2,2,4,3,4,1,0.170545029,-0.037488348,-0.365193475,0,0,0,1,4,0,0,1,0,0,2,0,4,0,0,3,0,0,3,0,1,0,0,1,0,1,1,0,1,0,2,0,1,0,2,0,1,0,2,0,1,0,2,1,0,0,1,0,0,1,0,3
1842,3,2,0.009044206,1,85009,1,0,0,2,0,1,0,0,0,2,3,3,5,4,4,5,5,4,5,4,3,1,3,2,3,3,1,1,3,2,1,1,1,0.403817459,0.967359556,0.112696413,1,1,0,0,2,0,1,1,0,0,2,0,4,0,1,2,0,0,3,1,0,0,1,0,0,1,1,0,0,1,3,0,0,1,3,0,0,1,3,0,1,0,2,1,0,0,1,0,0,0,1,4
1843,3,2,0.02086171,1,85213,0,1,0,4,0,0,0,1,0,3,5,4,4,5,3,3,1,4,5,3,1,1,3,3,3,2,1,1,3,2,2,2,1,0.078454995,-0.877511632,0.112618371,0,1,0,0,2,0,0,1,0,0,2,0,4,1,0,1,0,0,3,1,0,0,0,1,0,1,1,0,1,0,2,0,1,0,2,0,1,0,2,1,0,0,1,0,1,0,2,0,0,1,0,3
1844,3,4,0.015118202,1,85050,0,1,0,2,0,1,0,0,0,1,5,1,5,5,1,1,1,1,3,3,2,2,2,3,2,2,2,2,2,4,4,4,1,-0.195586899,1.341989926,-0.615579204,1,0,0,1,4,0,0,1,0,0,2,0,4,0,1,2,0,0,3,0,0,0,0,1,0,1,1,0,0,1,3,1,0,0,1,0,0,1,3,1,0,0,1,1,0,0,1,0,1,0,0,2
1845,3,4,0.048950339,1,85027,0,1,0,4,0,0,0,1,0,4,5,5,4,1,3,3,2,2,2,3,2,2,2,2,2,2,2,2,3,3,2,3,1,0.953351227,-0.823762037,-0.384797862,1,1,0,0,2,0,0,0,0,0,1,1,1,1,0,1,0,1,2,0,0,0,0,1,0,1,1,0,1,0,2,0,0,1,3,0,0,1,3,0,1,0,2,1,0,0,1,0,0,1,0,3
1846,3,4,0.01341468,1,85022,0,1,0,2,0,1,0,0,0,3,5,4,3,5,1,3,1,5,5,2,2,2,2,4,2,2,2,2,3,4,3,4,1,0.033560061,-2.264267247,1.194719777,1,0,1,0,3,0,0,1,0,0,2,0,4,1,0,1,0,1,2,0,1,0,0,0,0,1,1,0,0,1,3,0,1,0,2,0,1,0,2,1,0,0,1,1,0,0,1,0,0,1,0,3
1848,3,4,0.037413873,1,85202,1,0,0,2,0,1,0,0,0,3,5,5,2,5,2,3,1,4,4,3,1,2,3,4,2,2,2,2,3,1,2,4,1,-0.084639625,-0.62270009,-1.699566811,0,0,0,1,4,0,1,1,0,0,2,0,4,0,1,2,0,1,2,0,1,0,0,1,0,1,1,0,0,1,3,0,1,0,2,0,0,1,3,0,0,1,3,0,1,0,2,0,0,0,1,4
1851,3,2,0.276290627,1,85225,1,0,0,2,0,1,0,0,0,1,5,2,4,3,3,3,1,5,3,2,2,2,2,3,2,2,2,2,2,3,3,3,1,0.814741536,-0.832710363,-1.606192371,0,1,0,0,2,0,0,0,1,0,2,0,2,0,0,3,1,0,1,0,0,0,0,1,0,1,1,0,0,1,3,0,1,0,2,0,0,1,3,0,1,0,2,1,0,0,1,0,0,1,0,3
1853,3,2,0.137466405,1,85012,0,1,0,5,0,0,0,0,1,4,5,5,1,5,2,3,4,2,4,4,1,1,3,3,2,2,3,1,3,1,2,4,1,-0.197014085,-1.359230274,-0.676088306,1,0,0,0,1,1,1,1,0,0,1,1,1,1,0,1,1,0,1,0,0,0,1,0,0,1,1,0,1,0,2,0,0,1,3,1,0,0,1,0,0,1,3,0,0,1,3,0,0,0,1,4
1855,3,4,5.87E-08,0,85144,0,0,1,3,0,0,1,0,0,3,5,4,2,5,4,1,4,5,5,5,1,3,2,4,3,1,2,2,3,1,2,1,1,-0.96450788,-0.216847364,-0.350166083,1,0,0,1,4,0,0,1,0,0,2,0,4,1,0,1,0,0,3,0,1,0,0,1,1,1,1,0,0,0,0,0,0,0,0,0,0,0,0,0,0,0,0,0,0,0,0,0,0,0,0,0
1856,3,2,0.010632281,1,85006,1,0,0,1,1,0,0,0,0,1,5,1,5,4,2,2,4,2,4,4,2,2,2,1,2,2,2,3,2,3,2,2,1,1.062827534,0.042009658,0.888192035,1,0,0,1,4,0,1,1,0,0,2,0,4,0,1,2,1,0,1,0,0,0,0,1,1,1,1,0,0,1,3,0,0,1,3,0,0,1,3,0,1,0,2,0,1,0,2,0,0,0,1,4
1857,3,4,0.022567015,1,85225,1,0,0,1,1,0,0,0,0,1,5,0,5,5,1,1,1,5,5,5,2,2,2,3,2,2,2,2,2,3,3,3,1,0.346181997,1.685752892,1.02806251,0,0,1,0,3,1,1,1,0,0,2,0,4,0,1,2,0,0,3,1,0,0,0,1,0,1,1,0,0,1,3,0,1,0,2,0,0,1,3,0,1,0,2,1,0,0,1,0,0,1,0,3
1858,3,2,0.112266775,1,85044,1,0,0,2,0,1,0,0,0,3,5,4,4,5,1,1,4,5,5,4,1,1,1,2,2,2,2,2,3,4,2,3,1,0.881569534,0.999930746,-0.073997301,1,1,0,0,2,0,1,1,0,0,2,0,4,0,0,3,0,1,2,1,0,0,0,1,0,1,1,0,0,1,3,0,0,1,3,0,0,1,3,0,0,1,3,1,0,0,1,0,0,0,1,4
1859,3,4,0.096905896,1,85335,0,1,0,3,0,0,1,0,0,3,5,4,4,3,5,3,3,1,3,3,2,2,2,4,2,2,2,2,2,3,3,4,1,-1.542494766,-1.288928965,0.917485535,1,0,0,1,4,0,0,1,0,0,2,0,4,0,0,0,0,1,2,1,1,0,0,1,0,1,1,0,0,1,3,1,0,0,1,0,1,0,2,1,0,0,1,1,0,0,1,1,0,0,0,1
1864,3,4,0.029432165,1,85031,0,1,0,2,0,1,0,0,0,4,5,4,1,5,5,1,3,4,4,1,1,2,2,1,2,2,2,2,1,4,3,4,1,-1.289567479,0.023156684,-0.264679712,1,0,1,1,4,0,0,1,0,0,2,0,4,1,0,1,0,1,2,0,1,0,0,0,0,1,1,0,0,1,3,0,1,0,2,1,0,0,1,1,0,0,1,1,0,0,1,0,0,0,1,4
1865,3,2,0.019667454,1,85337,0,1,0,5,0,0,0,0,1,1,5,5,5,5,3,2,1,2,4,3,2,2,2,3,2,2,2,2,2,3,3,3,1,-0.852583796,1.174965478,0.540800308,1,1,0,0,2,0,0,0,0,0,2,0,5,1,0,1,0,0,3,1,0,0,0,1,0,1,1,1,0,0,1,1,0,0,1,0,1,0,2,0,0,1,3,1,0,0,1,0,0,1,0,3
1866,3,2,0.06376071,1,85297,0,1,0,2,0,1,0,0,0,1,5,2,5,4,1,1,2,3,4,3,2,2,3,4,2,2,2,2,2,4,2,2,1,0.679679532,0.336365495,-0.168645649,0,0,1,0,3,0,0,1,0,0,2,0,4,0,0,3,0,0,3,0,0,0,1,1,0,1,1,0,0,1,3,1,0,0,1,0,0,1,3,1,0,0,1,1,0,0,1,0,1,0,0,2
1867,3,2,0.017903604,1,85259,0,1,0,2,0,1,0,0,0,1,5,1,2,5,1,1,3,1,2,1,3,2,2,2,2,2,2,2,1,4,1,4,1,-0.507643326,-0.690511775,0.0737391,1,0,1,0,3,1,1,1,0,0,2,0,4,0,1,2,0,0,3,1,0,0,1,0,0,1,1,0,1,0,2,1,0,0,1,0,0,1,3,0,1,0,2,1,0,0,1,0,1,0,0,2
1868,3,4,0.042584721,1,85388,0,1,0,3,0,0,1,0,0,1,4,3,5,4,1,1,1,1,1,1,2,2,2,2,2,2,2,2,3,3,3,3,1,-0.886595716,0.721055667,0.745804345,0,1,0,0,2,0,0,1,0,0,2,0,4,0,1,2,0,0,3,1,1,0,0,1,0,1,1,0,1,0,2,1,0,0,1,0,0,1,3,0,0,1,3,1,0,0,1,1,0,0,0,1
1869,49,2,0.007888395,0,98030,1,0,0,3,0,0,1,0,0,4,5,4,2,5,2,1,1,3,3,1,2,2,2,4,2,2,2,2,2,4,4,4,1,-0.682071577,-1.437495337,-0.869322468,1,0,1,0,3,0,0,1,0,0,2,0,4,1,0,1,1,0,1,0,0,0,1,0,1,1,1,0,0,1,3,0,0,1,3,1,0,0,1,1,0,0,1,0,1,0,2,0,0,0,1,4
1871,3,3,0.033988672,1,85234,0,1,0,3,0,0,1,0,0,3,5,3,4,5,1,3,1,4,5,4,1,1,2,3,2,2,3,2,3,3,2,4,1,-0.762151543,-0.78473152,-0.934076178,1,1,0,0,2,0,0,1,0,0,2,0,4,1,0,1,0,1,2,0,0,0,0,1,0,1,1,0,1,0,2,0,1,0,2,0,0,1,3,0,0,1,3,1,0,0,1,0,0,1,0,3
1877,3,2,0.087717748,1,85030,1,0,0,3,0,0,1,0,0,3,2,2,4,5,4,4,3,4,5,4,3,1,1,1,3,1,3,1,3,2,2,3,1,0.129249621,0.935476114,0.772047773,0,1,0,0,2,1,1,1,0,0,2,0,4,0,0,3,0,0,3,1,0,0,0,1,0,1,1,0,0,0,0,0,0,0,0,0,0,0,0,0,0,0,0,0,0,0,0,0,0,0,0,0
1878,3,2,0.00773545,1,85204,0,1,0,3,0,0,1,0,0,2,5,5,1,5,1,3,4,5,5,3,1,1,1,1,2,2,1,2,3,2,2,4,1,0.182364699,0.132169119,1.430566735,1,1,0,0,2,0,0,1,0,0,2,0,4,1,0,1,0,1,2,0,0,0,1,0,0,1,1,0,0,1,3,0,1,0,2,0,0,1,3,0,1,0,2,0,1,0,2,0,0,0,1,4
1880,5,2,22.89692681,1,95812,1,0,0,4,0,0,0,1,0,2,5,5,4,5,5,5,4,4,5,4,3,2,2,2,3,2,3,3,2,3,2,2,1,0.749392794,0.651521663,0.524774162,0,0,0,0,1,1,1,1,0,0,2,0,4,0,0,3,1,0,1,0,0,1,0,0,0,1,1,0,0,0,0,0,0,0,0,0,0,0,0,0,0,0,0,0,0,0,0,0,0,0,0,0
1881,3,2,0.087717748,1,85205,0,1,0,3,0,0,1,0,0,3,2,2,4,3,3,4,5,4,3,4,1,1,3,1,3,1,3,1,3,2,2,3,1,0.281990264,0.769121669,1.004849122,0,1,0,0,2,1,1,1,0,0,2,0,4,0,0,3,0,0,3,1,0,0,0,1,0,1,1,0,1,0,2,0,1,0,2,0,1,0,2,0,1,0,2,1,0,0,1,0,0,1,0,3
1882,3,2,0.087717748,1,85001,1,0,0,3,0,0,1,0,0,3,2,2,4,5,4,4,5,4,3,4,1,1,3,1,3,1,3,1,3,2,2,3,1,0.096687756,1.133595677,1.087158951,0,1,0,0,2,1,1,1,0,0,2,0,4,0,0,3,0,0,3,1,0,0,0,1,0,1,1,0,0,0,0,0,0,0,0,0,0,0,0,0,0,0,0,0,0,0,0,0,0,0,0,0
1887,3,2,0.021035229,1,85363,0,1,0,3,0,0,1,0,0,3,5,3,5,3,1,4,1,3,4,3,2,2,2,2,2,2,3,2,2,3,2,4,1,0.620164264,0.601076289,-0.97791102,1,0,1,0,3,0,0,1,0,0,2,0,4,1,0,1,1,0,1,0,1,0,1,0,0,1,1,0,1,0,2,0,1,0,2,1,0,0,1,0,0,1,3,1,0,0,1,0,0,1,0,3
1888,3,2,0.029303351,1,85209,0,1,0,4,0,0,0,1,0,4,5,4,3,5,1,1,1,1,1,1,2,2,2,4,2,2,2,2,2,4,3,4,1,0.596229683,1.211451182,0.151544369,1,0,0,1,4,1,1,1,0,0,2,0,4,0,1,2,1,0,1,0,0,0,0,0,0,1,1,0,1,0,2,0,1,0,2,0,0,1,3,1,0,0,1,1,0,0,1,0,0,1,0,3
1889,3,2,0.291239876,1,85374,0,1,0,5,0,0,0,0,1,3,5,5,5,5,2,3,1,5,5,3,3,3,2,2,3,3,1,1,3,3,2,2,1,0.169202677,-0.9678488,-0.302698155,1,1,0,0,2,0,0,0,0,0,1,1,1,1,0,1,0,0,3,1,0,0,1,1,0,1,1,0,1,0,2,0,1,0,2,0,0,1,3,0,1,0,2,1,0,0,1,1,0,0,0,1
1890,3,2,0.015835915,1,85361,0,0,1,2,0,1,0,0,0,1,5,2,5,5,1,1,1,4,3,4,2,2,2,3,2,2,2,2,2,3,3,3,1,-0.664190541,0.238663361,-0.628779421,1,1,0,0,2,1,1,1,0,0,2,0,4,0,0,0,0,0,3,1,1,0,0,1,0,1,1,1,0,0,1,1,0,0,1,1,0,0,1,0,0,1,3,1,0,0,1,1,0,0,0,1
1891,3,4,0.041811807,1,85379,0,1,0,2,0,1,0,0,0,2,4,4,5,5,1,1,2,2,3,2,2,2,2,4,2,2,2,1,2,3,3,3,1,0.835055743,0.693004172,-0.256043746,0,0,0,1,4,0,0,1,0,0,2,0,4,0,1,2,0,1,2,0,0,0,0,1,0,1,1,0,0,1,3,1,0,0,1,0,1,0,2,1,0,0,1,1,0,0,1,1,0,0,0,1
1893,3,2,0.07485922,1,85051,1,0,0,3,0,0,1,0,0,1,4,3,3,4,4,3,3,4,4,4,3,3,2,2,3,3,2,2,2,2,2,2,1,0.148096953,0.055395298,-0.253015548,0,1,0,0,2,0,0,1,0,0,1,1,1,0,1,2,0,1,2,0,0,0,1,0,1,1,1,0,0,1,3,0,0,1,3,0,0,1,3,0,1,0,2,1,0,0,1,0,0,0,1,4
1894,3,4,0.005937326,1,85205,0,1,0,1,1,0,0,0,0,1,5,3,4,4,1,1,1,3,4,2,2,2,2,3,2,2,2,2,2,4,4,4,1,-1.106635233,-0.840075794,-0.185663215,1,0,1,1,4,0,0,1,0,0,2,0,4,1,0,1,1,0,1,0,1,0,0,1,1,1,1,0,1,0,2,0,1,0,2,0,1,0,2,0,1,0,2,1,0,0,1,0,0,1,0,3
1895,3,4,0.017939955,1,85282,1,0,0,1,1,0,0,0,0,1,5,2,5,4,2,2,2,4,4,4,2,2,2,3,2,2,2,2,2,4,3,3,1,0.300840542,0.61288594,1.321150652,0,0,0,1,4,0,0,1,0,0,2,0,4,0,1,2,1,0,1,0,0,0,0,0,0,1,1,0,0,1,3,0,0,1,3,0,0,1,3,0,0,1,3,0,1,0,2,0,0,0,1,4
1896,3,1,0.03140241,1,85255,0,1,0,3,0,0,1,0,0,1,5,1,5,5,1,1,1,1,5,3,3,3,3,2,3,2,3,1,3,1,2,2,1,1.279126195,1.401404936,0.575088471,1,0,0,0,1,0,0,1,0,0,2,0,4,0,1,2,0,0,3,1,0,0,1,1,0,1,1,1,0,0,1,0,1,0,2,0,0,1,3,0,1,0,2,1,0,0,1,1,0,0,0,1
1898,3,4,0.004166013,1,85020,1,0,0,4,0,0,0,1,0,1,4,4,3,4,4,4,4,4,4,4,1,1,3,2,3,3,3,3,3,2,2,2,1,0.062260863,0.151183329,-0.297512613,0,0,1,0,3,0,0,0,0,0,2,0,5,1,0,1,0,0,3,0,1,0,0,0,0,1,1,0,0,1,3,0,0,1,3,0,1,0,2,0,0,1,3,1,0,0,1,0,0,0,1,4
1902,3,2,0.099094654,1,85041,0,1,0,4,0,0,0,1,0,3,5,3,4,5,3,2,2,2,3,4,2,1,3,2,2,3,3,1,2,2,3,1,1,-1.384381392,0.220721431,0.614414324,0,0,0,0,1,0,0,0,1,0,2,0,2,1,0,1,1,0,1,0,0,1,1,0,1,1,1,0,0,1,3,1,0,0,1,1,0,0,1,1,0,0,1,1,0,0,1,0,0,1,0,3
1903,3,4,0.004513914,1,85302,0,1,0,1,1,0,0,0,0,1,5,0,5,5,3,1,1,3,5,3,2,2,2,4,2,2,2,2,2,4,3,4,1,-1.678552786,-0.592718286,1.655487638,1,0,1,0,3,0,0,0,1,0,2,0,2,1,0,1,1,0,1,0,0,0,0,0,1,1,1,0,0,1,3,0,1,0,2,1,0,0,1,0,1,0,2,1,0,0,1,0,0,0,1,4
1905,3,2,0.031730625,1,85009,1,0,0,1,1,0,0,0,0,2,5,1,4,4,1,1,1,1,4,1,3,3,2,2,2,2,2,1,3,1,1,1,1,-0.760847889,1.454556352,0.10991645,0,1,0,0,2,1,1,1,0,0,2,0,4,0,1,2,0,0,3,1,0,0,1,1,0,1,1,0,0,1,3,0,0,1,3,0,0,1,3,0,1,0,2,1,0,0,1,0,0,0,1,4
1908,4,2,0.009351513,1,85008,1,0,0,5,0,0,0,0,1,3,5,5,3,5,3,3,5,4,5,5,2,1,3,3,2,2,2,3,2,4,3,3,1,0.648593033,0.403009931,0.955046192,1,0,1,0,3,0,0,0,1,0,2,0,2,1,0,1,1,0,1,0,0,0,1,0,1,1,1,0,0,1,3,0,0,1,3,0,1,0,2,0,0,1,3,0,1,0,2,0,0,1,0,3
1909,3,2,0.072080338,1,85003,0,1,0,3,0,0,1,0,0,2,5,4,4,3,4,4,4,3,4,4,2,2,2,3,2,2,2,2,2,3,3,3,1,-1.126469355,0.08481806,-0.093281978,0,1,0,0,2,1,1,1,0,0,2,0,4,0,0,3,0,0,3,1,0,0,1,1,0,1,1,0,1,0,2,0,0,1,3,0,0,1,3,0,1,0,2,0,0,1,3,0,0,0,1,4
1910,3,2,0.105183867,1,85306,1,0,0,5,0,0,0,0,1,1,5,5,5,5,5,5,1,5,5,5,2,3,3,4,2,3,3,2,3,2,2,4,1,1.038539221,1.003009158,1.312136945,1,0,1,0,3,1,1,0,1,0,1,1,1,0,0,3,0,0,3,1,0,0,0,1,0,1,1,0,0,1,3,0,0,1,3,0,1,0,2,0,1,0,2,1,0,0,1,0,0,0,1,4
1912,3,4,0.006071343,1,85203,0,1,0,5,0,0,0,0,1,5,1,5,1,5,3,5,1,1,4,4,1,1,3,3,2,2,1,2,3,2,3,4,1,0.358584539,-1.702547126,-0.275159987,1,0,1,0,3,0,0,1,0,0,2,0,4,0,1,2,0,0,3,0,1,0,0,0,0,1,1,0,0,1,3,0,1,0,2,0,1,0,2,0,0,1,3,0,0,1,3,0,0,0,1,4
1913,3,4,0.029723628,1,85301,1,0,0,1,1,0,0,0,0,1,5,0,4,5,5,3,1,2,5,3,1,1,3,2,2,2,2,2,3,4,4,2,1,-1.404345503,0.715279132,-1.345612629,0,1,0,0,2,0,0,1,0,0,2,0,4,1,0,1,1,0,1,0,0,0,0,0,1,1,1,0,0,1,3,0,0,1,3,0,1,0,2,1,0,0,1,1,0,0,1,0,0,0,1,4
1914,3,4,0.010291135,1,85346,0,0,1,4,0,0,0,1,0,3,5,4,3,5,1,3,3,3,4,3,2,3,2,3,2,2,2,2,3,4,2,3,1,0.664425796,0.015403527,0.3108711,1,0,0,1,4,1,1,1,0,0,2,0,4,0,1,2,0,1,2,0,0,0,0,1,0,1,1,1,0,0,1,1,0,0,1,1,0,0,1,1,0,0,1,1,0,0,1,1,0,0,0,1
1915,3,2,0.041412364,1,85212,0,1,0,5,0,0,0,0,1,5,5,5,1,5,1,1,5,5,4,3,3,3,3,2,2,2,2,2,3,4,2,4,1,-0.725956089,-0.852590482,0.607157321,1,1,0,0,2,0,0,1,0,0,1,1,1,0,1,2,0,0,3,1,0,0,0,1,0,1,1,1,0,0,1,1,0,0,1,0,1,0,2,0,1,0,2,1,0,0,1,1,0,0,0,1
1916,3,1,0.027701671,1,85210,1,0,0,4,0,0,0,1,0,4,5,5,1,5,4,4,5,5,5,5,1,1,3,1,3,1,1,1,3,2,2,2,1,0.447859701,0.307534558,-0.206738983,0,0,0,0,1,1,1,1,0,0,2,0,4,0,1,2,0,0,3,1,0,1,1,0,0,1,1,0,0,1,3,0,0,1,3,0,0,1,3,0,1,0,2,0,0,1,3,0,0,0,1,4
1917,49,4,0.038429882,0,98445,0,1,0,3,0,0,1,0,0,3,4,3,3,3,2,2,2,4,4,4,2,2,2,3,2,2,2,2,2,3,2,2,0,0.047600321,0.823109607,0.058476978,0,0,1,0,3,0,0,0,1,0,2,0,2,0,1,2,0,0,3,1,0,0,0,0,0,0,0,0,1,0,2,1,0,0,1,1,0,0,1,1,0,0,1,1,0,0,1,1,0,0,0,1
1918,3,4,0.012648536,1,85339,0,1,0,1,1,0,0,0,0,2,5,2,4,4,1,3,2,2,5,1,3,1,1,2,1,2,1,2,2,2,2,2,1,0.95105812,0.174100568,0.063115232,1,0,0,1,4,0,1,1,0,0,2,0,4,0,1,2,0,0,3,1,0,0,0,1,0,1,1,1,0,0,1,1,0,0,1,1,0,0,1,1,0,0,1,1,0,0,1,0,1,0,0,2
1919,3,2,0.075240868,1,85301,1,0,0,4,0,0,0,1,0,2,4,5,5,5,1,1,1,4,3,1,3,2,3,4,3,1,2,2,3,3,3,4,1,-1.507313904,-0.962858714,-0.278838422,1,0,0,0,1,0,0,1,0,0,2,0,4,1,0,1,0,1,2,0,0,0,0,0,0,1,1,0,0,1,3,0,0,1,3,0,1,0,2,1,0,0,1,1,0,0,1,0,0,0,1,4
1920,3,2,0.006815494,1,85260,0,1,0,1,1,0,0,0,0,1,5,0,5,1,1,1,1,1,1,1,2,2,2,3,2,2,2,2,2,4,3,4,1,0.950582815,-0.511198872,0.609520674,1,0,1,0,3,1,1,1,0,0,2,0,4,1,0,1,1,0,1,0,0,0,1,0,0,1,1,0,1,0,2,0,0,1,3,0,0,1,3,0,1,0,2,1,0,0,1,0,0,1,0,3
1921,3,2,0.115834191,1,85015,1,0,0,2,0,1,0,0,0,2,5,3,5,3,1,1,1,3,1,3,2,2,2,4,3,3,3,1,3,1,3,2,1,0.121206662,1.519508234,-0.016928068,1,0,1,0,3,1,1,1,0,0,2,0,4,0,0,3,0,1,2,0,0,0,1,0,0,1,1,0,0,1,3,0,0,1,3,0,1,0,2,0,1,0,2,0,0,1,3,0,0,0,1,4
1922,3,4,0.00084476,1,85007,0,1,0,2,0,1,0,0,0,1,5,1,5,2,4,4,1,2,2,4,2,2,2,3,2,2,2,2,2,3,3,3,0,-0.200420139,-1.806309592,0.760721647,1,1,0,0,2,0,0,1,0,0,2,0,4,1,0,1,1,0,1,0,0,0,0,0,1,0,0,0,1,0,2,0,0,1,3,0,0,1,3,0,0,1,3,0,1,0,2,0,0,0,1,4
1923,3,2,0.049265945,1,85053,1,0,0,4,0,0,0,1,0,3,5,4,3,5,1,2,1,2,4,4,3,3,1,2,3,1,2,2,3,2,2,2,1,0.816689953,0.536493881,0.375462427,0,0,0,0,1,1,1,0,1,0,2,0,2,1,0,1,0,1,2,0,0,0,0,0,0,1,1,0,0,1,3,0,0,1,3,0,0,1,3,0,1,0,2,1,0,0,1,0,0,0,1,4
1924,3,2,0.016838622,1,85016,1,0,0,3,0,0,1,0,0,2,5,5,4,3,1,1,3,4,4,3,2,2,2,3,3,2,2,1,2,3,1,2,1,0.212385329,0.216878431,0.028029509,1,0,1,0,3,0,0,1,0,0,2,0,4,0,1,2,0,0,3,1,0,0,0,0,0,1,1,0,0,1,3,0,0,1,3,0,0,1,3,0,0,1,3,1,0,0,1,0,0,0,1,4
1925,3,4,0.015778766,1,85295,0,1,0,2,0,1,0,0,0,2,4,3,4,5,2,2,2,3,3,3,2,2,2,3,2,2,2,2,2,2,3,2,1,-0.05513821,-0.023059553,0.394501017,1,0,0,1,4,0,0,1,0,0,2,0,4,0,0,3,0,0,3,0,0,0,0,1,1,1,1,0,1,0,2,0,0,1,3,0,0,1,3,0,0,1,3,1,0,0,1,0,0,1,0,3
1926,3,1,0.013618891,1,85263,0,0,1,4,0,0,0,1,0,2,5,3,1,3,4,2,1,4,4,3,1,3,3,2,1,2,3,2,1,4,3,2,0,0.207710163,-0.649359278,0.55236468,1,0,0,1,4,0,0,1,0,0,2,0,4,0,1,2,1,0,1,0,0,0,0,0,0,0,0,1,0,0,1,1,0,0,1,1,0,0,1,0,0,1,3,1,0,0,1,1,0,0,0,1
1927,3,4,0.01022102,1,85015,1,0,0,3,0,0,1,0,0,2,5,2,5,4,4,3,1,3,4,4,2,2,2,3,2,2,2,2,2,3,3,3,1,-0.303581791,0.875832747,1.200792478,0,1,0,0,2,0,0,0,0,0,2,0,5,1,0,1,0,0,3,0,0,0,0,1,0,1,1,0,0,1,3,0,0,1,3,0,1,0,2,0,1,0,2,0,0,1,3,0,0,0,1,4
1929,3,2,0.02509371,1,85308,0,1,0,4,0,0,0,1,0,3,5,4,2,5,1,1,3,4,4,3,1,1,1,1,2,2,1,2,3,1,2,4,1,-1.150360888,0.505517398,0.285580171,1,1,0,0,2,0,0,1,0,0,2,0,4,0,1,2,0,0,3,0,0,0,0,1,0,1,1,0,1,0,2,0,1,0,2,0,0,1,3,0,1,0,2,1,0,0,1,0,0,1,0,3
1930,3,2,0.019998718,1,85296,0,1,0,3,0,0,1,0,0,2,5,4,4,5,1,1,4,4,4,4,2,3,3,4,2,2,1,2,2,4,1,3,1,1.391215148,0.737371251,0.840323381,1,0,1,0,3,0,0,1,0,0,2,0,4,0,1,2,0,1,2,1,0,0,1,0,0,1,1,0,1,0,2,0,1,0,2,0,0,1,3,0,1,0,2,1,0,0,1,0,1,0,0,2
1931,3,3,0.014566985,1,85281,1,0,0,3,0,0,1,0,0,3,5,4,5,5,1,1,1,1,5,1,3,2,2,1,3,1,3,1,3,2,2,2,1,1.686302111,-1.407418253,0.806810429,1,0,0,0,1,0,0,1,0,1,2,0,3,1,0,1,0,1,2,0,0,0,0,0,1,1,1,0,0,1,3,0,0,1,3,0,0,1,3,0,1,0,2,0,0,1,3,0,0,0,1,4
1932,49,4,0.022064495,0,98223,0,1,0,1,1,0,0,0,0,1,6,1,1,5,1,1,1,5,5,3,2,2,2,4,2,2,1,2,2,4,3,4,1,0.096941258,-1.545543944,0.123160097,1,0,0,1,4,0,0,1,0,0,2,0,4,1,0,1,1,0,1,0,0,0,0,0,0,1,1,1,0,0,1,1,0,0,1,0,1,0,2,1,0,0,1,1,0,0,1,1,0,0,0,1
1935,3,4,0.56842149,1,85297,0,1,0,4,0,0,0,1,0,3,5,5,3,4,3,3,4,4,4,4,2,2,2,1,2,1,2,2,2,3,3,1,1,0.282144873,0.464270655,-0.26023817,0,1,0,0,2,0,1,1,0,1,2,0,3,0,0,3,0,0,3,1,0,0,0,1,0,1,1,0,0,1,3,1,0,0,1,0,0,1,3,1,0,0,1,1,0,0,1,0,1,0,0,2
1938,3,4,0.00874399,1,85202,1,0,0,3,0,0,1,0,0,1,5,3,4,4,1,1,1,4,5,5,1,3,3,1,2,2,2,1,1,4,4,4,1,0.040300172,-1.691563126,0.433909814,1,0,1,0,3,1,1,0,0,0,1,1,1,1,0,1,0,1,2,0,1,0,0,0,1,1,1,0,0,1,3,0,1,0,2,0,0,1,3,0,0,1,3,0,1,0,2,0,0,0,1,4
1939,3,2,0.024975588,1,85015,1,0,0,5,0,0,0,0,1,3,5,4,5,5,4,4,1,1,2,4,2,1,1,1,1,3,3,3,3,3,4,3,1,-0.866511506,0.252996712,-0.827885718,1,0,0,0,1,0,0,1,0,0,2,0,4,1,0,1,1,0,1,0,0,0,0,0,1,1,1,0,0,1,3,0,0,1,3,0,1,0,2,0,1,0,2,0,0,1,3,0,0,0,1,4
1940,49,2,0.061510775,0,98001,0,1,0,4,0,0,0,1,0,2,4,5,4,4,5,5,4,4,5,4,1,3,2,4,2,3,3,2,1,3,2,4,0,0.236513824,1.265655844,0.985442592,0,1,0,0,2,1,1,1,0,0,2,0,4,0,0,3,0,0,3,0,1,1,0,1,0,0,0,0,1,0,2,0,1,0,2,0,0,1,3,1,0,0,1,0,1,0,2,0,1,0,0,2
1941,3,2,0.035997233,1,85308,0,1,0,5,0,0,0,0,1,3,5,5,4,5,1,1,5,5,5,5,2,2,2,3,2,2,2,2,2,3,3,3,1,1.224600868,-0.35931767,0.364220642,1,1,0,0,2,0,0,1,0,0,2,0,4,1,0,1,0,0,3,0,1,0,0,1,0,1,1,0,1,0,2,0,1,0,2,0,0,1,3,0,1,0,2,1,0,0,1,0,0,1,0,3
1943,3,4,0.066479481,1,85234,0,1,0,2,0,1,0,0,0,2,5,3,5,3,3,3,2,3,4,3,2,2,2,3,2,2,2,2,2,3,3,4,1,-0.06441841,-0.391960613,0.147071744,1,1,0,0,2,0,0,1,0,0,2,0,4,1,0,1,0,1,2,0,0,0,0,1,0,1,1,0,1,0,2,0,1,0,2,0,0,1,3,0,0,1,3,1,0,0,1,0,0,1,0,3
1944,3,3,0.05073843,1,85326,0,1,0,5,0,0,0,0,1,4,5,5,2,5,3,1,1,1,4,1,2,2,3,4,2,2,2,2,2,4,3,4,1,-1.827628218,0.247170359,0.960342866,0,0,0,0,1,0,0,0,0,0,2,0,5,1,0,1,0,0,3,0,1,0,0,1,0,1,1,1,0,0,1,1,0,0,1,0,1,0,2,1,0,0,1,1,0,0,1,1,0,0,0,1
1945,3,4,0.016796097,1,85203,0,1,0,4,0,0,0,1,0,3,5,4,3,4,2,2,2,2,3,3,2,2,2,4,2,2,2,2,2,4,3,4,1,-0.918035061,-0.455175331,0.290394852,1,0,0,1,4,0,1,1,0,0,2,0,4,1,0,1,1,0,1,0,1,0,0,1,0,1,1,0,0,1,3,0,1,0,2,0,1,0,2,0,0,1,3,0,0,1,3,0,0,0,1,4
1946,3,4,0.015882588,1,85205,0,1,0,2,0,1,0,0,0,3,5,3,5,3,1,1,3,1,1,1,2,2,2,3,2,2,2,2,2,3,3,3,1,-0.489338073,0.003640498,-0.746765925,1,0,1,0,3,0,0,1,0,0,2,0,4,1,0,1,1,0,1,0,0,0,0,1,0,1,1,0,1,0,2,0,1,0,2,0,1,0,2,0,1,0,2,1,0,0,1,0,0,1,0,3
1947,3,4,0.015431304,1,85284,0,1,0,1,1,0,0,0,0,3,4,3,4,4,1,1,1,1,3,1,2,2,2,2,2,2,2,2,2,4,3,3,1,-0.114801695,0.230073939,-1.319338253,1,0,0,1,4,1,1,1,0,0,2,0,4,0,1,2,0,1,2,0,0,0,0,1,0,1,1,0,1,0,2,0,0,1,3,0,0,1,3,0,1,0,2,1,0,0,1,0,0,0,1,4
1948,3,2,0.022517733,1,85044,1,0,0,4,0,0,0,1,0,5,5,3,4,3,2,3,3,4,5,4,2,2,2,3,2,2,2,2,2,3,3,3,1,0.181396369,0.163019991,-0.894067914,0,1,0,0,2,0,0,0,1,0,2,0,2,0,1,2,0,0,3,0,0,1,1,0,0,1,1,0,0,1,3,0,0,1,3,0,0,1,3,0,0,1,3,1,0,0,1,0,0,0,1,4
1950,3,2,0.055140135,1,85205,0,1,0,3,0,0,1,0,0,1,5,1,2,5,1,4,4,5,4,2,3,2,3,2,2,2,3,2,3,2,2,2,1,0.274743712,0.533672902,0.279251406,1,1,0,0,2,0,0,1,0,0,2,0,4,0,0,3,0,0,3,1,0,0,0,1,0,1,1,0,1,0,2,0,1,0,2,0,1,0,2,0,1,0,2,1,0,0,1,0,0,1,0,3
1951,3,4,0.009184006,1,85033,0,1,0,2,0,1,0,0,0,2,5,3,4,4,3,4,1,4,4,4,2,2,2,3,2,2,2,1,2,3,3,3,1,0.247569137,0.32097096,-0.404638502,0,0,0,1,4,0,0,1,0,0,2,0,4,1,0,1,0,1,2,0,1,0,0,0,1,1,1,0,0,1,3,0,1,0,2,1,0,0,1,1,0,0,1,1,0,0,1,0,0,1,0,3
1952,3,2,0.012968684,1,85035,0,1,0,3,0,0,1,0,0,2,5,4,4,1,1,2,1,3,4,4,2,2,3,1,2,2,2,2,2,4,2,3,1,-0.38606489,0.383723285,-0.68813032,0,1,0,0,2,0,0,0,1,0,2,0,2,1,0,1,0,1,2,0,0,0,1,0,0,1,1,0,0,1,3,0,1,0,2,0,1,0,2,1,0,0,1,1,0,0,1,0,0,1,0,3
1953,3,4,0.041795808,1,85233,0,1,0,3,0,0,1,0,0,2,5,2,5,5,3,1,4,4,5,3,2,2,2,4,2,2,2,2,2,4,3,3,1,-0.415906433,-1.62030796,-1.01124596,1,0,1,0,3,0,0,1,0,0,2,0,4,0,1,2,0,0,3,0,0,0,0,1,0,1,1,0,1,0,2,0,0,1,3,0,0,1,3,0,1,0,2,1,0,0,1,0,0,1,0,3
1954,3,4,0.001010833,1,85007,0,1,0,2,0,1,0,0,0,1,5,1,4,5,4,5,3,5,5,3,2,2,3,3,3,1,1,2,3,3,3,4,1,-0.42638134,0.157751782,-0.119107819,0,0,1,0,3,0,0,1,0,0,2,0,4,1,0,1,1,0,1,0,1,0,0,0,1,1,1,0,1,0,2,0,0,1,3,0,0,1,3,0,0,1,3,0,1,0,2,0,0,0,1,4
1956,3,4,0.003211699,1,85021,1,0,0,4,0,0,0,1,0,3,5,4,2,4,3,3,2,3,4,4,2,2,2,2,2,2,2,1,3,3,2,3,1,-0.563058642,-0.085990949,-0.826160377,1,0,1,0,3,0,0,1,0,0,2,0,4,1,0,1,1,0,1,0,1,0,0,0,1,1,1,0,0,1,3,0,0,1,3,1,0,0,1,0,1,0,2,0,0,1,3,0,0,0,1,4
1957,3,2,0.039940216,1,85044,1,0,0,2,0,1,0,0,0,2,5,4,4,5,4,3,4,4,5,5,3,1,3,2,2,2,2,2,2,1,2,2,1,1.006855868,-0.141973377,-0.094362076,1,0,0,1,4,1,1,1,0,0,2,0,4,0,1,2,1,0,1,0,0,0,1,1,0,1,1,0,0,1,3,0,0,1,3,0,0,1,3,0,0,1,3,1,0,0,1,0,0,0,1,4
1959,3,2,0.142256312,1,85008,1,0,0,5,0,0,0,0,1,3,5,5,4,5,3,3,5,4,5,3,1,3,3,1,3,1,1,1,3,3,3,3,1,-0.344544738,-0.773117803,-0.884887943,0,0,1,0,3,1,1,0,0,1,2,0,3,0,1,2,1,0,1,0,0,0,0,1,0,1,1,0,0,1,3,0,0,1,3,0,1,0,2,0,0,1,3,0,1,0,2,0,0,1,0,3
1960,3,2,0.043143643,1,85381,0,1,0,2,0,1,0,0,0,2,4,4,4,4,2,2,4,4,2,2,3,1,2,2,3,1,3,1,3,1,2,1,1,0.071530455,-0.322657309,0.914929008,0,0,0,1,4,1,1,1,0,0,2,0,4,0,1,2,0,1,2,0,0,0,0,0,0,1,1,0,1,0,2,0,1,0,2,0,1,0,2,0,0,1,3,1,0,0,1,0,0,1,0,3
1961,3,4,0.020579455,1,85085,0,1,0,1,1,0,0,0,0,1,5,2,2,5,1,1,1,4,5,3,1,3,2,1,3,1,3,2,3,4,2,3,1,0.611479321,1.494896735,0.84946155,1,0,0,1,4,1,1,0,1,0,2,0,2,1,0,1,1,0,1,0,0,0,0,0,0,1,1,1,0,0,1,1,0,0,1,1,0,0,1,1,0,0,1,1,0,0,1,1,0,0,0,1
1962,3,4,0.015431304,1,85202,1,0,0,2,0,1,0,0,0,2,5,5,4,2,1,1,4,2,4,2,2,2,2,1,2,2,2,2,2,3,3,1,1,0.8037647,-0.253582586,0.091742013,1,0,0,1,4,1,1,1,0,0,2,0,4,0,1,2,0,1,2,0,0,0,0,1,0,1,1,0,0,1,3,0,1,0,2,0,0,1,3,0,0,1,3,0,1,0,2,0,0,0,1,4
1965,3,3,0.048047123,1,85209,0,1,0,2,0,1,0,0,0,2,5,2,2,4,2,1,1,1,4,4,3,3,2,2,2,1,1,2,3,2,2,1,1,0.291965858,1.386733088,0.13858364,1,0,0,0,1,0,0,1,0,0,2,0,4,1,0,1,0,0,3,0,0,0,0,1,0,1,1,0,1,0,2,0,1,0,2,0,0,1,3,1,0,0,1,1,0,0,1,0,0,1,0,3
1967,3,2,0.352088639,1,85335,0,1,0,3,0,0,1,0,0,1,5,1,5,5,1,1,1,1,1,1,2,2,2,3,2,2,2,1,2,3,3,3,1,-0.970061232,0.684615282,0.083257187,1,1,0,0,2,1,1,1,0,0,2,0,4,0,1,2,1,0,1,0,0,0,0,1,0,1,1,0,0,1,3,1,0,0,1,0,1,0,2,1,0,0,1,1,0,0,1,1,0,0,0,1
1968,3,2,0.013502205,1,85207,0,1,0,4,0,0,0,1,0,1,5,4,5,4,4,4,5,4,4,4,1,1,3,2,3,1,3,1,3,1,2,2,1,0.476521024,1.255630207,1.052142622,1,1,0,0,2,0,0,1,0,0,2,0,4,1,0,1,0,0,3,1,0,0,0,1,0,1,1,0,1,0,2,1,0,0,1,0,0,1,3,1,0,0,1,1,0,0,1,0,1,0,0,2
1969,3,2,0.014758752,1,85206,0,1,0,5,0,0,0,0,1,2,5,4,5,5,2,2,2,2,4,2,3,2,2,2,2,2,2,2,3,3,3,3,1,0.463722234,1.390124118,1.266578611,1,1,0,0,2,1,1,1,0,0,2,0,4,1,0,1,0,1,2,0,0,0,1,0,0,1,1,0,1,0,2,0,0,1,3,0,0,1,3,0,0,1,3,1,0,0,1,0,0,1,0,3
1970,3,4,0.017245226,1,85212,0,1,0,1,1,0,0,0,0,1,5,1,5,4,1,1,1,1,3,1,2,1,1,3,2,2,2,2,2,4,3,3,1,-0.048862904,0.929153252,-0.122031221,1,0,0,1,4,0,0,1,0,0,2,0,4,0,1,2,0,1,2,0,0,0,0,1,0,1,1,1,0,0,1,1,0,0,1,0,1,0,2,0,1,0,2,1,0,0,1,1,0,0,0,1
1972,3,4,0.0266449,1,85027,0,1,0,1,1,0,0,0,0,2,5,3,2,5,3,2,3,5,5,3,1,1,2,4,2,2,1,2,2,4,4,3,1,-0.335596958,0.032814396,-0.015362891,0,0,0,1,4,0,0,1,0,0,2,0,4,0,1,2,0,1,2,0,1,0,0,1,0,1,1,0,1,0,2,0,0,1,3,0,0,1,3,0,1,0,2,1,0,0,1,0,0,1,0,3
1975,3,4,0.051069552,1,85054,0,0,1,1,1,0,0,0,0,2,5,3,5,1,1,1,1,1,5,2,2,2,2,4,2,2,2,2,2,4,4,3,1,0.957789061,0.593848451,0.592137267,0,0,0,1,4,0,1,1,0,0,2,0,4,0,0,3,0,0,3,0,0,0,0,1,0,1,1,0,0,0,0,0,0,0,0,0,0,0,0,0,0,0,0,0,0,0,0,0,0,0,0,0
1976,3,4,0.122897117,1,85254,0,1,0,1,1,0,0,0,0,1,5,2,3,3,2,4,1,3,4,2,2,2,1,3,2,2,2,1,2,3,3,2,1,-0.468535989,0.007440848,0.838109905,0,0,0,1,4,0,1,1,0,0,2,0,4,0,0,3,0,1,2,0,0,0,0,1,0,1,1,0,1,0,2,0,0,1,3,0,0,1,3,0,1,0,2,1,0,0,1,0,0,1,0,3
1977,3,3,0.077300965,1,85255,0,1,0,3,0,0,1,0,0,3,1,4,4,3,1,1,2,4,5,4,1,1,3,2,2,2,2,2,2,1,2,2,1,0.768397564,1.178004647,0.720112753,1,0,1,0,3,1,1,1,0,0,2,0,4,0,0,3,0,1,2,0,0,0,0,1,0,1,1,1,0,0,1,0,1,0,2,0,0,1,3,0,1,0,2,1,0,0,1,1,0,0,0,1
1978,3,2,0.023235889,1,85007,0,1,0,3,0,0,1,0,0,2,5,4,4,5,1,1,4,1,2,1,2,2,2,2,2,2,3,2,3,4,3,3,1,0.918725519,0.124843541,-0.280978374,1,1,0,0,2,0,1,1,0,0,2,0,4,0,1,2,0,0,3,1,0,0,1,1,0,1,1,0,1,0,2,0,0,1,3,0,0,1,3,0,0,1,3,0,1,0,2,0,0,0,1,4
1981,3,2,0.032985848,1,85201,1,0,0,3,0,0,1,0,0,2,5,3,5,4,1,3,3,4,5,3,3,2,2,2,2,2,2,2,3,3,2,4,1,-0.693123353,-0.509054168,0.725220706,1,1,0,0,2,0,0,1,0,0,2,0,4,0,1,2,0,0,3,1,0,0,1,0,0,1,1,0,0,1,3,0,0,1,3,0,1,0,2,0,0,1,3,0,0,1,3,0,0,0,1,4
1982,3,2,0.036724513,1,85006,1,0,0,3,0,0,1,0,0,3,5,3,4,4,2,3,2,3,4,2,2,2,2,4,2,2,2,2,2,3,3,3,1,-0.859270795,-0.684103156,-0.482139752,1,1,0,0,2,1,1,1,0,0,2,0,4,0,1,2,1,0,1,0,0,0,0,1,0,1,1,0,0,1,3,0,0,1,3,0,0,1,3,0,1,0,2,0,1,0,2,0,0,0,1,4
1983,3,4,0.009342902,1,85042,0,1,0,3,0,0,1,0,0,2,4,3,2,5,1,1,1,5,5,3,2,3,2,3,2,2,2,1,2,1,3,1,0,-0.164411197,0.004396573,-0.121548483,1,0,0,1,4,0,0,1,0,0,2,0,4,1,0,1,0,0,3,1,0,0,0,1,0,0,0,0,0,1,3,0,1,0,2,1,0,0,1,1,0,0,1,1,0,0,1,0,0,1,0,3
1984,3,4,0.002518277,1,85203,0,1,0,4,0,0,0,1,0,2,5,5,3,5,2,4,1,1,2,3,2,2,2,2,2,2,2,3,1,1,1,4,1,-0.56152715,1.186676821,0.137817429,1,1,0,0,2,0,0,1,0,0,2,0,4,1,0,1,0,1,2,0,0,0,0,0,1,1,1,0,0,1,3,0,1,0,2,0,1,0,2,0,0,1,3,0,0,1,3,0,0,0,1,4
1985,3,4,0.009640346,1,85308,0,1,0,2,0,1,0,0,0,2,5,3,5,4,2,3,3,4,5,4,2,2,2,4,2,2,1,2,2,3,2,3,1,0.036115978,0.113881138,0.101789858,0,0,0,1,4,0,0,1,0,0,2,0,4,0,1,2,0,0,3,0,0,0,0,1,0,1,1,0,1,0,2,0,1,0,2,0,0,1,3,0,1,0,2,1,0,0,1,0,0,1,0,3
1987,3,2,0.146611185,1,85281,1,0,0,2,0,1,0,0,0,3,5,2,5,4,1,1,1,3,4,3,2,2,3,3,2,2,1,1,3,3,3,3,1,-0.490061907,-0.39185036,-0.721840548,1,0,0,0,1,1,1,0,0,1,2,0,3,0,1,2,1,0,1,0,0,0,1,0,0,1,1,0,0,1,3,0,0,1,3,0,0,1,3,0,1,0,2,0,0,1,3,0,0,0,1,4
1988,3,4,0.015573533,1,85027,0,1,0,3,0,0,1,0,0,2,5,3,4,4,2,1,1,4,4,1,2,2,2,4,2,2,2,1,2,4,2,4,1,0.146112302,-0.476203777,0.027543047,1,0,0,1,4,0,0,1,0,0,2,0,4,1,0,1,0,1,2,0,0,0,0,1,0,1,1,0,1,0,2,0,0,1,3,0,0,1,3,0,1,0,2,1,0,0,1,0,0,1,0,3
1991,3,2,0.077495855,1,85017,1,0,0,3,0,0,1,0,0,2,5,5,3,2,2,4,5,5,5,5,1,2,2,2,2,2,3,3,2,2,2,2,1,0.395699376,0.441772637,-0.252189294,0,0,0,0,1,0,0,1,0,0,1,1,1,1,0,1,0,0,3,0,0,1,1,0,0,1,1,0,0,1,3,0,0,1,3,0,0,1,3,0,1,0,2,1,0,0,1,0,0,1,0,3
1996,3,2,0.0292317,1,85029,1,0,0,5,0,0,0,0,1,5,5,5,4,5,1,2,1,2,5,2,2,2,2,4,2,2,2,2,2,1,3,4,1,0.196160958,0.17404754,-1.371382383,0,0,1,0,3,0,0,1,0,0,2,0,4,1,0,1,0,1,2,0,1,0,1,1,0,1,1,0,0,1,3,0,0,1,3,0,0,1,3,0,1,0,2,1,0,0,1,0,0,0,1,4
1997,3,2,0.08782868,1,85030,1,0,0,4,0,0,0,1,0,2,5,5,5,4,5,4,5,4,5,4,2,3,2,3,2,2,3,2,2,3,3,3,1,0.760261605,1.007208975,1.121746313,0,1,0,0,2,1,1,1,0,0,2,0,4,0,0,3,0,0,3,1,0,1,0,0,0,1,1,0,0,0,0,0,0,0,0,0,0,0,0,0,0,0,0,0,0,0,0,0,0,0,0,0
1998,3,4,0.241268683,1,85345,0,1,0,1,1,0,0,0,0,1,5,2,5,5,2,1,1,4,5,4,2,1,2,4,2,2,1,2,1,4,4,4,1,-0.485209809,-2.066504753,-0.606303748,0,0,0,1,4,0,0,1,0,0,2,0,4,1,0,1,1,0,1,0,1,0,0,0,0,1,1,0,1,0,2,0,1,0,2,0,0,1,3,1,0,0,1,1,0,0,1,0,0,1,0,3
2000,3,2,0.087556541,1,85050,0,1,0,4,0,0,0,1,0,2,3,3,5,4,3,4,4,3,4,4,2,2,2,3,2,2,2,2,2,3,3,3,1,0.660212895,0.461594417,0.553772386,0,0,1,0,3,0,1,1,0,0,2,0,4,0,0,3,0,0,3,1,0,1,1,1,0,1,1,0,0,1,3,1,0,0,1,0,0,1,3,1,0,0,1,1,0,0,1,0,1,0,0,2
2001,3,4,0.062630749,1,85009,1,0,0,5,0,0,0,0,1,5,4,5,4,5,1,4,1,5,5,3,2,2,2,4,2,2,2,2,3,1,2,4,1,-1.171070959,-1.130085437,0.917207871,1,1,0,0,2,0,0,1,0,0,1,1,1,1,0,1,0,0,3,1,0,0,0,0,1,1,1,0,0,1,3,0,0,1,3,0,0,1,3,0,1,0,2,1,0,0,1,0,0,0,1,4
2004,3,4,0.001883273,1,85037,0,1,0,4,0,0,0,1,0,2,5,5,1,5,2,2,1,5,5,3,1,1,2,4,2,2,1,2,3,4,2,4,1,0.622873643,-0.956991669,-0.182719414,1,0,0,1,4,0,0,1,0,0,2,0,4,1,0,1,0,0,3,1,1,0,0,1,1,1,1,0,0,1,3,0,1,0,2,0,1,0,2,1,0,0,1,1,0,0,1,0,0,1,0,3
2007,3,1,0.01118832,1,85003,0,1,0,3,0,0,1,0,0,3,5,4,2,2,3,3,3,4,3,3,2,1,2,3,1,1,1,1,2,3,2,2,0,-0.759142147,1.123669607,-0.393621098,1,0,0,0,1,1,1,1,0,0,1,1,1,1,0,1,0,0,3,0,0,1,1,0,0,0,0,0,1,0,2,0,0,1,3,0,0,1,3,0,1,0,2,0,0,1,3,0,0,0,1,4
2012,3,2,0.031095858,1,85030,1,0,0,4,0,0,0,1,0,2,5,4,3,4,5,4,4,5,4,5,2,3,2,3,3,2,2,3,2,3,2,3,1,0.801573108,1.031571984,-0.598372773,0,1,0,0,2,1,1,1,0,0,2,0,4,0,0,3,0,0,3,1,1,0,0,0,0,1,1,0,0,0,0,0,0,0,0,0,0,0,0,0,0,0,0,0,0,0,0,0,0,0,0,0
2015,3,3,0.03560103,1,85031,0,1,0,4,0,0,0,1,0,3,5,5,1,5,1,5,2,4,5,3,3,1,3,3,3,1,1,1,3,2,2,1,1,-1.198095463,1.063709669,-2.285816104,1,0,0,0,1,0,0,0,1,0,1,1,1,1,0,1,0,1,2,0,1,0,0,1,0,1,1,0,0,1,3,0,1,0,2,1,0,0,1,1,0,0,1,1,0,0,1,0,0,0,1,4
2016,3,2,0.037969758,1,85301,1,0,0,4,0,0,0,1,0,1,5,5,4,4,5,5,5,5,4,5,1,3,3,2,3,1,1,1,3,1,1,2,1,0.787436498,0.966216124,0.053941627,0,1,0,0,2,1,1,1,0,0,1,1,1,1,0,1,0,0,3,1,0,0,1,1,0,1,1,0,0,1,3,0,0,1,3,0,1,0,2,1,0,0,1,1,0,0,1,0,0,0,1,4
2018,3,2,0.037841923,1,85030,1,0,0,4,0,0,0,1,0,2,2,5,4,5,4,5,4,5,4,5,2,3,2,3,3,2,2,2,3,3,3,2,1,0.437371382,0.383826395,0.601503669,0,1,0,0,2,1,1,1,0,0,2,0,4,0,0,3,0,0,3,1,1,0,0,0,0,1,1,0,0,0,0,0,0,0,0,0,0,0,0,0,0,0,0,0,0,0,0,0,0,0,0,0
2019,3,2,0.099063685,1,85203,0,1,0,3,0,0,1,0,0,2,2,2,4,4,5,4,4,4,5,4,2,3,3,2,3,1,3,1,2,2,2,3,1,0.484630856,0.888793733,0.301230262,0,1,0,0,2,1,1,1,0,0,2,0,4,0,0,3,0,0,3,1,0,0,0,1,0,1,1,0,0,1,3,0,1,0,2,0,1,0,2,0,0,1,3,0,0,1,3,0,0,0,1,4
2021,3,4,0.014447318,1,85053,1,0,0,5,0,0,0,0,1,3,1,5,3,5,1,1,1,5,5,5,2,2,3,2,2,2,2,2,3,2,2,2,1,1.427093089,0.289909197,0.123498792,1,0,1,0,3,0,0,1,0,0,2,0,4,1,0,1,0,0,3,0,1,0,0,1,0,1,1,0,0,1,3,0,0,1,3,0,0,1,3,0,1,0,2,1,0,0,1,0,0,0,1,4
2023,3,2,0.017067763,1,85017,1,0,0,2,0,1,0,0,0,2,5,3,4,5,2,2,4,2,3,3,3,2,3,1,2,2,2,2,1,3,2,1,1,0.073820502,-0.170445977,0.119783227,1,1,0,0,2,0,0,1,0,0,2,0,4,1,0,1,0,1,2,1,0,0,1,0,0,1,1,0,0,1,3,0,0,1,3,0,0,1,3,0,1,0,2,1,0,0,1,0,0,1,0,3
2024,3,2,0.012647011,1,85045,0,1,0,4,0,0,0,1,0,3,5,4,3,4,3,3,4,4,4,4,3,3,3,2,2,2,2,3,3,2,2,2,1,0.098976853,0.25839749,1.443052894,1,0,1,0,3,0,1,1,0,0,2,0,4,0,1,2,0,0,3,0,0,0,0,1,0,1,1,0,1,0,2,1,0,0,1,1,0,0,1,1,0,0,1,1,0,0,1,1,0,0,0,1
2025,3,2,0.045933759,1,85001,1,0,0,4,0,0,0,1,0,2,4,3,5,3,5,4,3,4,4,5,2,3,3,2,3,2,2,3,3,2,3,2,1,0.546595859,0.823977816,0.522081106,0,1,0,0,2,1,1,1,0,0,2,0,4,0,0,3,0,0,3,1,0,0,0,1,0,1,1,0,0,0,0,0,0,0,0,0,0,0,0,0,0,0,0,0,0,0,0,0,0,0,0,0
2026,3,2,0.043706938,1,85030,1,0,0,3,0,0,1,0,0,4,4,4,4,5,4,5,4,5,4,5,2,3,2,2,2,1,3,2,3,3,2,3,0,0.53302931,1.552122724,0.002428697,0,1,0,0,2,1,1,1,0,0,2,0,4,0,0,3,0,0,3,1,1,0,0,0,0,0,0,0,0,0,0,0,0,0,0,0,0,0,0,0,0,0,0,0,0,0,0,0,0,0,0,0
2027,3,2,0.081553518,1,85035,0,1,0,2,0,1,0,0,0,3,2,2,4,5,5,4,4,3,4,5,2,2,3,2,3,1,2,1,3,3,3,2,1,-0.121461501,1.168187975,0.367889084,0,1,0,0,2,1,1,1,0,0,2,0,4,0,0,3,0,0,3,1,0,0,0,1,0,1,1,0,0,1,3,0,1,0,2,0,1,0,2,1,0,0,1,1,0,0,1,0,0,1,0,3
2028,3,2,0.045933759,1,85001,1,0,0,3,0,0,1,0,0,2,4,3,4,5,5,4,2,4,3,5,1,1,1,2,1,1,3,1,3,2,2,2,1,0.616742277,0.803290248,0.307622861,0,1,0,0,2,1,1,1,0,0,2,0,4,0,0,3,0,0,3,1,0,0,1,1,0,1,1,0,0,0,0,0,0,0,0,0,0,0,0,0,0,0,0,0,0,0,0,0,0,0,0,0
2029,3,2,0.020220589,1,85001,1,0,0,2,0,1,0,0,0,2,4,3,4,5,5,4,4,4,3,4,2,2,3,2,2,3,2,3,2,3,2,2,1,0.249992522,0.906626664,0.189002807,0,1,0,0,2,1,1,1,0,0,2,0,4,0,1,2,0,0,3,1,0,0,1,1,0,1,1,0,0,0,0,0,0,0,0,0,0,0,0,0,0,0,0,0,0,0,0,0,0,0,0,0
2031,3,4,0.216353096,1,85296,0,1,0,2,0,1,0,0,0,2,5,4,4,5,1,1,3,4,5,1,2,2,2,4,2,2,2,2,2,4,2,4,1,0.727865648,-0.577163968,-0.3649844,1,0,0,1,4,0,0,1,0,0,2,0,4,0,0,3,0,1,2,0,0,0,0,1,0,1,1,0,1,0,2,0,1,0,2,0,0,1,3,0,1,0,2,1,0,0,1,0,1,0,0,2
2032,3,4,0.006089388,1,85375,0,1,0,2,0,1,0,0,0,2,5,4,4,4,1,2,4,3,4,3,2,2,2,4,2,2,3,2,3,3,2,2,1,0.403959472,0.12761348,-1.033074378,1,0,1,1,4,0,1,1,0,0,2,0,4,1,0,1,1,0,1,0,0,0,0,0,0,1,1,1,0,0,1,1,0,0,1,0,1,0,2,1,0,0,1,1,0,0,1,1,0,0,0,1
2034,3,2,0.036770956,1,85283,1,0,0,2,0,1,0,0,0,2,5,3,5,4,2,2,3,4,3,3,2,2,2,3,2,2,2,2,2,3,3,3,1,-0.128771772,-1.236082683,0.121745254,1,1,0,0,2,1,1,1,0,0,2,0,4,0,1,2,1,0,1,0,0,0,1,0,0,1,1,0,0,1,3,0,0,1,3,0,0,1,3,0,1,0,2,1,0,0,1,0,0,0,1,4
2035,3,4,0.031660246,1,85297,0,1,0,3,0,0,1,0,0,2,5,1,5,5,1,1,4,5,4,3,2,2,2,4,2,2,2,2,2,4,3,3,1,-0.208939255,-0.400118171,0.14853032,0,0,0,1,4,0,0,1,0,0,2,0,4,0,1,2,0,1,2,0,0,0,0,1,0,1,1,0,0,1,3,1,0,0,1,0,0,1,3,1,0,0,1,1,0,0,1,0,1,0,0,2
2036,3,2,1.022063715,1,85374,0,1,0,2,0,1,0,0,0,2,5,3,4,4,1,1,1,4,4,1,2,2,2,4,2,2,2,2,2,4,3,4,1,-0.046620461,-0.182362749,0.505447549,0,0,1,0,3,0,1,0,0,0,1,1,1,0,0,3,0,1,2,0,0,0,1,1,0,1,1,0,1,0,2,0,1,0,2,0,0,1,3,0,1,0,2,1,0,0,1,1,0,0,0,1
2038,3,4,0.045162368,1,85390,0,1,0,3,0,0,1,0,0,2,5,3,4,4,3,5,3,4,5,3,2,2,2,3,2,1,2,2,2,3,2,4,1,0.634628116,1.192081574,-0.729788667,0,0,1,0,3,0,0,1,0,0,1,1,1,1,0,1,1,0,1,0,0,0,0,0,0,1,1,1,0,0,1,1,0,0,1,1,0,0,1,0,0,1,3,1,0,0,1,1,0,0,0,1
2039,3,4,0.016343524,1,85224,0,1,0,2,0,1,0,0,0,3,5,5,2,5,1,1,1,3,5,3,2,2,2,3,2,2,2,2,3,4,2,4,1,0.014407284,-0.428498956,-0.346037404,1,0,1,0,3,0,1,1,0,0,2,0,4,1,0,1,1,0,1,0,0,0,0,0,0,1,1,0,1,0,2,0,0,1,3,0,0,1,3,0,1,0,2,1,0,0,1,0,0,0,1,4
2040,3,2,0.051934439,1,85331,0,1,0,2,0,1,0,0,0,2,5,3,5,5,3,2,1,5,5,4,1,2,2,3,3,2,2,2,2,4,2,3,1,1.197408324,0.075280942,-0.749243254,0,0,0,1,4,1,1,1,0,0,2,0,4,0,1,2,1,0,1,0,1,0,0,1,0,1,1,1,0,0,1,1,0,0,1,0,0,1,3,0,1,0,2,1,0,0,1,1,0,0,0,1
2041,3,2,0.055617868,1,85204,0,1,0,2,0,1,0,0,0,1,3,0,5,3,1,4,5,5,1,3,2,2,2,1,2,3,3,1,2,3,3,3,1,-1.8886548,1.566335407,1.06413971,0,1,0,0,2,0,0,1,0,0,2,0,4,1,0,1,0,0,3,0,0,0,1,1,0,1,1,0,0,1,3,0,1,0,2,0,0,1,3,0,1,0,2,0,1,0,2,0,0,0,1,4
2042,3,4,0.041811807,1,85032,0,1,0,2,0,1,0,0,0,2,5,4,4,5,1,1,1,1,3,3,2,2,2,3,2,2,2,2,2,3,3,4,1,0.184444604,-1.25407278,-1.159176378,0,0,0,1,4,0,0,1,0,0,2,0,4,0,1,2,0,1,2,0,1,0,0,1,0,1,1,0,0,1,3,0,1,0,2,0,0,1,3,0,0,1,3,1,0,0,1,0,0,0,1,4
2043,3,2,0.018568409,1,85032,0,1,0,2,0,1,0,0,0,2,5,5,5,5,1,1,1,1,5,1,3,1,1,2,1,1,3,1,3,1,1,1,1,1.064144885,-0.365375045,0.508546137,0,0,1,0,3,1,1,1,0,0,2,0,4,1,0,1,1,0,1,0,0,0,1,0,0,1,1,0,0,1,3,0,1,0,2,0,0,1,3,0,0,1,3,1,0,0,1,0,0,0,1,4
2044,3,2,0.00884727,1,85226,0,1,0,2,0,1,0,0,0,2,1,1,1,4,1,1,4,2,5,5,3,1,1,1,3,1,1,1,3,1,2,2,1,-0.392159514,0.816227964,0.724693489,1,0,1,0,3,0,1,1,0,0,2,0,4,1,0,1,0,0,3,1,0,0,0,1,0,1,1,0,1,0,2,0,0,1,3,0,0,1,3,0,0,1,3,1,0,0,1,0,0,0,1,4
2045,49,4,0.012748747,0,98445,0,1,0,1,1,0,0,0,0,2,5,3,1,5,1,1,1,4,4,1,2,2,2,4,2,2,2,2,2,4,3,4,1,1.014380155,-1.689180803,0.301802844,1,0,1,0,3,0,0,1,0,0,2,0,4,1,0,1,0,0,3,0,0,0,0,0,0,1,1,0,1,0,2,1,0,0,1,1,0,0,1,1,0,0,1,1,0,0,1,1,0,0,0,1
2048,3,4,0.028773165,1,85254,0,1,0,2,0,1,0,0,0,2,5,4,4,4,1,1,2,2,4,4,2,2,2,4,2,2,2,2,2,4,3,3,1,-0.442137092,0.63438992,-0.111320204,1,0,0,1,4,0,1,1,0,0,2,0,4,0,1,2,0,1,2,0,0,0,0,1,0,1,1,0,1,0,2,0,0,1,3,0,0,1,3,0,1,0,2,1,0,0,1,0,0,1,0,3
2052,3,2,0.063865254,1,85014,1,0,0,1,1,0,0,0,0,1,3,0,5,3,1,1,1,2,3,1,2,2,2,3,2,2,2,2,2,3,2,3,1,-2.019817021,0.157222725,1.985287289,0,0,1,0,3,0,0,1,0,0,2,0,4,0,1,2,0,1,2,0,1,0,0,1,0,1,1,0,0,1,3,0,0,1,3,1,0,0,1,0,0,1,3,0,1,0,2,0,0,0,1,4
2053,3,4,0.015668051,1,85051,1,0,0,1,1,0,0,0,0,1,3,1,4,5,1,1,1,4,1,1,1,1,1,1,2,2,1,2,3,4,4,4,1,-1.68084661,-0.833675575,0.446689342,0,0,1,0,3,0,0,1,0,0,2,0,4,1,0,1,1,0,1,0,1,0,0,1,0,1,1,0,0,1,3,0,0,1,3,0,0,1,3,0,1,0,2,1,0,0,1,0,0,0,1,4
2054,3,2,0.039728933,1,85033,0,1,0,3,0,0,1,0,0,1,5,3,3,4,4,4,1,3,4,5,2,2,3,2,2,2,1,1,3,2,2,3,1,-0.777236938,-0.785862146,0.684373751,0,1,0,0,2,0,0,1,0,0,1,1,1,1,0,1,0,0,3,1,0,0,1,0,1,1,1,0,0,1,3,0,1,0,2,1,0,0,1,1,0,0,1,1,0,0,1,0,0,1,0,3
2055,3,2,0.033549568,1,85209,0,1,0,2,0,1,0,0,0,1,5,3,5,1,1,1,1,4,1,1,2,2,2,3,2,2,2,2,2,3,3,3,1,0.023046661,1.180329983,0.701866293,1,1,0,0,2,1,1,1,0,0,1,1,1,0,1,2,0,0,3,1,0,0,0,1,0,1,1,0,1,0,2,0,1,0,2,0,0,1,3,1,0,0,1,1,0,0,1,0,0,1,0,3
2058,3,4,0.016796097,1,85351,0,1,0,2,0,1,0,0,0,2,5,1,4,5,2,3,4,4,4,3,2,2,2,2,2,2,3,2,2,3,3,3,1,-0.710023917,0.227064963,-0.290269809,1,0,1,1,4,0,1,1,0,0,2,0,4,1,0,1,1,0,1,0,0,0,0,1,0,1,1,0,1,0,2,1,0,0,1,0,1,0,2,1,0,0,1,1,0,0,1,0,1,0,0,2
2059,3,4,0.041652492,1,85251,1,0,0,2,0,1,0,0,0,2,5,5,2,5,2,2,2,3,4,3,2,2,1,3,2,2,1,2,3,4,2,3,1,1.039464471,0.828070154,0.053361015,1,0,0,1,4,0,1,1,0,0,2,0,4,0,0,3,0,1,2,0,0,0,0,1,0,1,1,0,0,1,3,0,0,1,3,0,1,0,2,0,1,0,2,1,0,0,1,0,0,0,1,4
2061,3,2,0.026846158,1,85345,0,1,0,1,1,0,0,0,0,2,5,1,4,5,1,3,1,3,3,4,2,3,2,2,2,2,2,2,3,4,2,3,1,0.138639477,-0.711986192,-0.482183233,1,0,1,0,3,0,0,1,0,0,2,0,4,0,1,2,0,1,2,0,0,0,1,0,0,1,1,0,1,0,2,0,1,0,2,0,0,1,3,1,0,0,1,1,0,0,1,0,0,1,0,3
2062,3,4,0.003529302,1,85029,1,0,0,5,0,0,0,0,1,4,5,5,1,5,1,1,4,5,5,4,2,2,3,4,2,2,2,1,3,1,2,4,1,-2.138432859,-1.222669871,-1.344889078,1,1,0,0,2,1,1,1,0,0,2,0,4,1,0,1,0,1,2,0,1,0,0,0,1,1,1,0,0,1,3,0,0,1,3,0,0,1,3,0,1,0,2,1,0,0,1,0,0,0,1,4
2064,3,1,0.229268027,1,85339,0,1,0,4,0,0,0,1,0,3,5,1,4,2,4,4,2,1,5,3,3,2,2,2,3,2,2,3,2,3,2,2,1,-0.716075984,0.391923041,-1.482564682,1,0,0,0,1,0,0,1,0,0,1,1,1,0,0,3,0,0,3,1,0,1,0,0,0,1,1,1,0,0,1,1,0,0,1,1,0,0,1,1,0,0,1,1,0,0,1,0,1,0,0,2
2065,3,4,0.01799673,1,85354,0,0,1,5,0,0,0,0,1,5,5,5,4,5,3,2,1,4,3,3,1,1,3,4,2,1,1,1,2,1,4,1,1,-0.086042366,0.361629592,-0.631611914,1,0,1,0,3,0,0,1,0,0,2,0,4,0,1,2,0,1,2,0,1,0,0,0,0,1,1,1,0,0,1,1,0,0,1,1,0,0,1,0,0,1,3,1,0,0,1,1,0,0,0,1
2067,3,4,0.084114415,1,85374,0,1,0,3,0,0,1,0,0,2,5,4,1,5,1,1,5,2,4,1,1,1,1,4,2,2,1,2,3,4,2,4,1,0.944961623,-0.775749184,-2.410546649,1,0,0,1,4,0,0,1,0,0,2,0,4,0,1,2,1,0,1,0,0,0,0,1,0,1,1,0,1,0,2,0,1,0,2,0,0,1,3,0,1,0,2,1,0,0,1,1,0,0,0,1
2068,3,2,0.038173754,1,85210,1,0,0,1,1,0,0,0,0,1,4,3,4,4,2,2,2,5,3,5,2,2,3,2,3,3,2,2,3,2,2,2,1,1.009607845,0.088610807,1.192414439,1,0,1,0,3,0,0,0,1,0,2,0,2,1,0,1,1,0,1,0,0,0,0,0,0,1,1,0,0,1,3,0,0,1,3,0,0,1,3,0,1,0,2,0,0,1,3,0,0,0,1,4
2069,3,4,0.122897117,1,85032,0,1,0,2,0,1,0,0,0,3,5,3,4,4,3,3,3,4,4,4,3,1,1,1,3,3,3,1,3,2,2,2,1,-0.013519391,0.094423496,-0.674405886,0,0,0,1,4,0,1,1,0,0,2,0,4,0,0,3,0,1,2,0,1,0,0,1,0,1,1,0,0,1,3,0,1,0,2,0,0,1,3,0,0,1,3,1,0,0,1,0,0,0,1,4
2070,3,4,0.063520552,1,85020,1,0,0,1,1,0,0,0,0,1,5,1,5,4,1,2,4,4,3,3,2,2,2,3,2,2,1,2,3,3,3,4,1,-0.529160609,1.1547495,1.135904056,1,0,1,0,3,0,1,1,0,0,2,0,4,0,0,3,0,1,2,0,0,0,0,1,0,1,1,0,0,1,3,0,0,1,3,0,1,0,2,0,0,1,3,1,0,0,1,0,0,0,1,4
2072,3,4,0.049260644,1,85085,0,1,0,2,0,1,0,0,0,3,5,5,3,4,2,2,5,5,5,3,3,1,1,2,3,1,1,1,3,1,2,3,1,-0.271389469,0.651408949,-0.276627429,1,0,1,0,3,1,1,1,0,0,2,0,4,0,0,3,0,1,2,0,0,0,0,1,0,1,1,1,0,0,1,1,0,0,1,1,0,0,1,1,0,0,1,1,0,0,1,1,0,0,0,1
2078,22,4,1.02662712,0,1830,1,0,0,4,0,0,0,1,0,2,4,2,5,5,1,3,1,5,5,3,2,2,2,4,2,2,2,2,2,3,3,4,0,-0.056073381,-0.127835393,0.002964721,0,0,1,0,3,0,0,1,0,0,2,0,4,1,0,1,1,0,1,0,0,0,0,0,1,0,0,0,0,1,3,0,0,1,3,0,1,0,2,0,1,0,2,0,1,0,2,0,0,1,0,3
2084,1,2,1.290671936,0,36521,0,0,1,2,0,1,0,0,0,3,5,3,4,5,3,4,4,4,4,4,3,3,3,2,2,1,1,1,3,3,2,2,1,-0.326325954,0.078239984,0.605886925,1,0,1,0,3,0,0,1,0,0,2,0,4,1,0,1,0,0,3,1,0,0,1,0,0,1,1,1,0,0,1,1,0,0,1,1,0,0,1,1,0,0,1,1,0,0,1,1,0,0,0,1
2086,37,4,2.683921076,0,73160,0,1,0,1,1,0,0,0,0,1,4,0,5,5,1,1,1,5,4,3,2,2,2,4,2,2,1,2,2,4,3,4,1,0.407305318,-0.309679435,0.18939531,1,0,0,1,4,0,0,1,0,0,2,0,4,0,0,3,0,0,3,0,0,0,0,1,0,1,1,0,1,0,2,0,1,0,2,0,0,1,3,0,1,0,2,1,0,0,1,0,1,0,0,2
2087,10,4,0.90816323,1,33024,1,0,0,3,0,0,1,0,0,1,5,4,4,5,1,1,1,1,4,1,2,2,2,4,2,2,2,2,3,3,3,3,1,-0.076517795,-0.205925683,1.094208693,0,0,0,1,4,1,1,1,0,0,2,0,4,0,1,2,0,1,2,0,0,0,0,0,0,1,1,0,0,1,3,0,1,0,2,0,0,1,3,0,1,0,2,1,0,0,1,0,0,0,1,4
2089,10,2,0.299946841,0,32137,0,1,0,1,1,0,0,0,0,2,5,1,3,4,2,2,2,4,4,2,1,2,2,4,2,2,2,2,3,4,4,4,1,-0.942807694,-0.460087673,0.440902612,0,0,0,1,4,0,0,1,0,0,2,0,4,1,0,1,0,1,2,0,0,0,0,0,0,1,1,1,0,0,1,1,0,0,1,0,0,1,3,0,1,0,2,1,0,0,1,1,0,0,0,1
2094,42,2,0.793954725,0,29456,0,1,0,3,0,0,1,0,0,3,5,4,4,2,1,1,2,4,5,3,1,3,2,1,2,2,1,2,3,3,2,4,1,0.56790117,-0.978580057,0.104207317,0,0,0,1,4,1,1,1,0,0,2,0,4,0,1,2,0,0,3,0,0,1,1,1,0,1,1,0,1,0,2,1,0,0,1,0,1,0,2,1,0,0,1,1,0,0,1,1,0,0,0,1
2095,39,2,1.064285657,0,15601,0,1,0,3,0,0,1,0,0,2,2,4,3,3,3,3,3,3,3,3,3,3,3,2,3,3,3,3,3,2,2,2,1,-0.437324054,-1.111250906,-0.372869151,0,0,1,0,3,0,0,1,0,0,2,0,4,1,0,1,1,0,1,0,0,0,0,0,0,1,1,0,1,0,2,0,0,1,3,0,1,0,2,0,0,1,3,1,0,0,1,0,1,0,0,2
2099,52,4,0.000107942,0,82801,0,1,0,1,1,0,0,0,0,1,5,4,2,5,2,2,2,4,5,2,2,2,2,4,2,2,1,2,3,4,3,4,1,0.827179657,0.127124951,0.327855533,0,0,0,1,4,0,0,1,0,0,2,0,4,1,0,1,1,0,1,0,0,0,0,0,0,1,1,1,0,0,1,0,1,0,2,0,1,0,2,0,0,1,3,1,0,0,1,0,1,0,0,2
2101,22,4,0.324276659,0,2121,1,0,0,2,0,1,0,0,0,2,5,3,3,4,3,3,2,4,4,3,1,1,1,1,1,1,1,1,1,2,2,1,1,0.104609119,-0.088027587,-0.095088656,0,0,1,0,3,0,0,0,1,0,2,0,2,1,0,1,0,0,3,1,1,0,0,0,0,1,1,0,0,1,3,0,0,1,3,1,0,0,1,1,0,0,1,0,0,1,3,0,0,0,1,4
2102,11,4,0.723437552,0,31757,0,0,1,2,0,1,0,0,0,3,5,4,4,3,3,3,3,3,3,3,1,1,1,1,1,1,1,1,3,2,2,1,1,-0.15383329,0.128800594,0.217317547,1,0,1,0,3,0,0,1,0,0,2,0,4,1,0,1,0,0,3,1,0,0,0,1,0,1,1,1,0,0,1,1,0,0,1,0,1,0,2,1,0,0,1,1,0,0,1,1,0,0,0,1
2103,34,4,0.24121284,0,27509,0,1,0,2,0,1,0,0,0,1,3,1,4,4,3,3,3,4,4,4,2,2,2,3,2,2,2,2,2,3,3,3,1,0.078342558,-0.238784096,0.091290769,1,0,0,1,4,0,0,1,0,0,2,0,4,1,0,1,0,1,2,0,0,0,0,1,0,1,1,1,0,0,1,1,0,0,1,0,1,0,2,0,0,1,3,1,0,0,1,1,0,0,0,1
2105,23,4,2.382167006,0,48075,0,1,0,2,0,1,0,0,0,2,5,4,3,4,2,2,1,4,5,5,2,2,2,4,2,2,2,2,3,4,2,4,1,0.622449892,-0.387742843,-0.571236908,0,0,1,0,3,0,0,0,1,0,2,0,2,1,0,1,1,0,1,0,1,0,0,1,1,1,1,0,1,0,2,0,0,1,3,0,0,1,3,0,0,1,3,1,0,0,1,0,0,1,0,3
2106,14,2,0.417358281,0,62818,0,0,1,3,0,0,1,0,0,2,4,3,3,5,1,1,1,3,3,2,2,2,3,4,2,2,2,2,3,4,2,4,1,-0.155329846,-1.476347015,-1.433379181,1,1,0,0,2,0,0,1,0,0,2,0,4,0,1,2,0,0,3,0,0,0,1,0,0,1,1,1,0,0,1,1,0,0,1,0,1,0,2,1,0,0,1,1,0,0,1,1,0,0,0,1
2109,39,4,0.147220746,0,18452,0,1,0,4,0,0,0,1,0,3,5,4,1,3,4,1,1,5,5,5,2,1,1,2,2,2,1,2,3,3,2,2,0,-0.678854622,1.365801601,1.164572339,1,0,0,1,4,0,1,1,0,0,2,0,4,1,0,1,0,1,2,0,1,0,0,1,0,0,0,0,1,0,2,0,1,0,2,1,0,0,1,0,0,1,3,1,0,0,1,0,1,0,0,2
2110,15,4,1.121321842,0,46260,0,1,0,1,1,0,0,0,0,2,4,3,5,4,1,1,1,2,5,3,1,1,3,1,2,2,2,2,3,4,2,2,1,-1.040403844,0.560909766,-2.31502879,1,0,0,1,4,0,0,1,0,0,2,0,4,1,0,1,1,0,1,0,0,0,0,0,0,1,1,0,1,0,2,0,0,1,3,0,1,0,2,1,0,0,1,1,0,0,1,0,1,0,0,2
2112,33,2,3.054867549,0,10034,1,0,0,3,0,0,1,0,0,3,4,1,3,3,4,3,3,4,3,3,1,1,2,3,2,2,1,1,1,3,3,3,1,1.067829674,0.976590433,1.288180356,1,0,1,0,3,1,1,0,0,0,1,1,1,0,1,2,0,1,2,1,0,0,0,0,0,1,1,0,0,1,3,0,0,1,3,0,1,0,2,1,0,0,1,0,0,1,3,0,0,0,1,4
2115,6,4,0.000506558,0,80906,0,1,0,3,0,0,1,0,0,3,5,3,4,4,1,1,1,4,4,1,1,3,3,3,2,2,2,2,2,4,3,3,1,-0.110092714,0.498926456,0.194740205,1,0,0,1,4,0,0,1,0,0,2,0,4,1,0,1,0,1,2,0,0,0,0,0,0,1,1,0,1,0,2,0,1,0,2,0,0,1,3,0,1,0,2,1,0,0,1,0,1,0,0,2
2116,49,2,0.022453993,0,98208,0,1,0,2,0,1,0,0,0,1,4,3,4,4,2,2,1,4,4,4,3,2,2,2,2,2,2,2,2,4,2,2,1,0.349808928,-0.983427174,0.22285856,1,1,0,0,2,0,0,1,0,0,2,0,4,1,0,1,1,0,1,0,1,0,0,0,0,1,1,0,1,0,2,0,0,1,3,0,0,1,3,0,1,0,2,1,0,0,1,0,0,1,0,3
2118,3,2,0.000499899,0,85635,0,1,0,3,0,0,1,0,0,4,3,3,3,4,3,2,4,4,3,4,1,3,3,4,2,2,2,3,3,3,3,3,1,-0.425980612,-0.075746109,0.273890719,1,1,0,0,2,0,0,1,0,0,2,0,4,1,0,1,1,0,1,0,0,0,1,0,1,1,1,0,1,0,2,0,1,0,2,1,0,0,1,0,1,0,2,1,0,0,1,0,1,0,0,2
2119,48,4,0.12024201,0,24554,0,0,1,4,0,0,0,1,0,2,3,3,4,4,4,4,4,4,4,4,1,1,1,2,2,2,1,2,3,2,2,4,1,-0.335853653,0.531274205,-0.987833826,1,0,0,1,4,0,0,1,0,0,2,0,4,1,0,1,0,0,3,0,0,0,0,0,1,1,1,1,0,0,1,1,0,0,1,1,0,0,1,1,0,0,1,1,0,0,1,1,0,0,0,1
2120,31,4,0.021870024,0,8012,0,1,0,3,0,0,1,0,0,2,5,4,5,5,3,3,1,3,5,4,2,2,2,3,2,2,2,2,2,3,3,4,1,1.072622813,-0.289733117,0.047492164,1,1,0,0,2,0,0,1,0,0,2,0,4,1,0,1,0,1,2,0,0,0,0,0,0,1,1,0,1,0,2,0,1,0,2,0,0,1,3,0,0,1,3,1,0,0,1,0,0,1,0,3
2123,37,4,0.458868934,0,74401,0,1,0,3,0,0,1,0,0,2,5,0,5,5,1,1,1,4,5,1,2,2,1,1,1,1,2,1,3,4,2,4,1,1.308189564,0.075598865,0.558432074,0,0,0,1,4,0,0,0,1,0,2,0,2,1,0,1,1,0,1,0,0,0,0,0,0,1,1,1,0,0,1,0,1,0,2,0,1,0,2,0,1,0,2,1,0,0,1,0,1,0,0,2
2124,14,4,0.217494192,0,61012,0,0,1,3,0,0,1,0,0,1,4,4,5,5,5,5,5,5,5,5,2,2,2,3,2,2,2,2,2,3,3,3,1,1.136749659,0.736849902,0.895368946,1,0,1,0,3,0,0,1,0,0,2,0,4,1,0,1,0,1,2,0,0,0,0,0,0,1,1,1,0,0,1,1,0,0,1,0,1,0,2,1,0,0,1,1,0,0,1,1,0,0,0,1
2125,44,4,0.220155091,0,37160,0,1,0,2,0,1,0,0,0,2,5,3,4,5,1,1,1,5,5,5,2,1,1,4,2,2,1,2,3,4,2,4,1,-0.484340038,0.452132481,-0.922606659,1,0,0,1,4,0,0,1,0,0,2,0,4,1,0,1,1,0,1,0,1,0,0,0,0,1,1,1,0,0,1,1,0,0,1,1,0,0,1,0,1,0,2,1,0,0,1,1,0,0,0,1
2126,4,4,0.444773179,0,72401,0,1,0,5,0,0,0,0,1,5,5,4,5,5,5,1,1,1,5,5,2,2,2,4,2,2,1,2,3,4,4,4,1,1.782495404,-1.860102738,-2.432343699,1,0,1,1,4,0,0,1,0,0,2,0,4,1,0,1,1,0,1,0,1,0,0,0,0,1,1,0,1,0,2,0,0,1,3,1,0,0,1,0,0,1,3,1,0,0,1,0,1,0,0,2
2129,5,2,0.060247915,1,92104,1,0,0,2,0,1,0,0,0,1,5,1,5,4,1,2,1,4,3,2,1,2,1,1,3,1,2,2,3,1,1,1,1,-0.134082443,0.017476266,0.108963701,1,1,0,0,2,1,1,1,0,0,2,0,4,1,0,1,0,1,2,0,0,0,0,0,0,1,1,0,0,1,3,0,0,1,3,0,0,1,3,0,1,0,2,1,0,0,1,0,0,0,1,4
2130,3,4,0.02684038,1,85340,0,1,0,1,1,0,0,0,0,1,5,1,1,5,1,1,1,3,5,3,1,1,1,3,2,2,2,2,3,1,2,3,1,1.016694511,0.406017667,0.307085279,1,0,0,1,4,0,0,1,0,0,1,1,1,0,1,2,0,0,3,1,0,0,0,1,0,1,1,0,1,0,2,1,0,0,1,0,1,0,2,0,1,0,2,1,0,0,1,0,1,0,0,2
2133,26,4,0.554813386,0,63361,0,1,0,2,0,1,0,0,0,1,4,3,3,4,2,3,2,4,3,3,1,1,1,1,2,2,1,2,3,1,2,3,1,0.153237428,0.272222855,-0.988065728,0,0,0,1,4,0,0,1,0,0,2,0,4,1,0,1,0,1,2,0,0,0,0,1,0,1,1,1,0,0,1,1,0,0,1,1,0,0,1,0,1,0,2,1,0,0,1,1,0,0,0,1
2134,11,4,5.748856593,0,30180,0,1,0,2,0,1,0,0,0,3,6,3,4,4,3,3,4,4,4,4,2,2,3,3,2,2,2,2,3,4,4,3,1,-0.04884953,-0.073055365,0.084215399,1,0,0,1,4,0,0,0,1,0,2,0,2,1,0,1,1,0,1,0,0,0,0,0,0,1,1,1,0,0,1,1,0,0,1,0,1,0,2,0,1,0,2,1,0,0,1,1,0,0,0,1
2136,15,4,0.786044621,0,46803,0,1,0,1,1,0,0,0,0,2,2,1,5,4,2,2,3,3,3,3,2,2,2,4,2,2,2,2,2,3,3,3,1,-1.744139477,-0.96317725,0.29988996,0,0,1,1,4,0,0,1,0,0,2,0,4,1,0,1,0,0,3,0,0,0,0,1,0,1,1,0,1,0,2,0,0,1,3,1,0,0,1,0,0,1,3,1,0,0,1,0,0,0,1,4
2139,10,4,0.540050788,0,33953,0,1,0,3,0,0,1,0,0,3,5,4,3,4,3,3,2,4,4,3,2,2,2,3,2,2,2,2,3,3,3,3,1,-0.694456232,0.158958768,-0.383602444,1,0,0,1,4,0,0,1,0,0,2,0,4,1,0,1,0,1,2,0,0,0,0,1,0,1,1,1,0,0,1,1,0,0,1,1,0,0,1,1,0,0,1,1,0,0,1,1,0,0,0,1
2140,39,2,7.043349826,0,16509,0,1,0,1,1,0,0,0,0,2,3,3,4,3,2,1,1,1,1,1,2,2,2,3,2,2,2,2,2,4,3,4,0,-2.370429448,-0.955042916,0.294010576,0,0,1,0,3,0,0,1,0,0,2,0,4,0,0,3,0,1,2,0,0,0,1,1,0,0,0,1,0,0,1,0,1,0,2,0,1,0,2,0,0,1,3,1,0,0,1,0,0,1,0,3
2141,13,4,7.05E-08,0,83811,0,0,1,2,0,1,0,0,0,3,3,3,2,4,1,4,1,3,3,1,2,2,2,4,2,2,1,1,3,2,1,2,0,-1.43803875,1.032454646,-0.001466968,1,0,0,1,4,0,0,1,0,0,2,0,4,1,0,1,0,1,2,0,1,0,0,0,0,0,0,1,0,0,1,1,0,0,1,1,0,0,1,0,0,1,3,1,0,0,1,1,0,0,0,1
2145,38,4,7.29E-07,0,97005,1,0,0,2,0,1,0,0,0,2,5,3,4,5,1,1,1,5,4,3,2,2,2,4,2,2,2,2,3,3,2,4,0,0.566009256,0.114576638,0.938986305,1,0,0,1,4,0,0,1,0,0,2,0,4,1,0,1,0,1,2,0,0,0,0,0,1,0,0,0,0,1,3,0,0,1,3,0,0,1,3,0,1,0,2,0,0,1,3,0,0,0,1,4
2148,39,4,1.773053152,0,17050,0,1,0,4,0,0,0,1,0,3,4,4,4,5,5,5,1,5,5,4,2,2,3,2,3,2,2,1,3,2,2,3,1,0.677811592,-1.436754372,0.788434381,1,0,1,0,3,0,0,1,0,0,2,0,4,1,0,1,0,0,3,0,1,0,0,0,0,1,1,1,0,0,1,0,1,0,2,0,1,0,2,0,1,0,2,1,0,0,1,0,0,1,0,3
2149,50,4,8.408255091,0,26330,0,0,1,1,1,0,0,0,0,2,3,3,5,5,1,2,2,4,4,3,1,2,2,4,1,1,1,1,3,4,2,4,1,0.086700846,-0.013199229,-2.289915518,1,0,0,1,4,0,0,1,0,0,2,0,4,0,1,2,0,1,2,0,0,0,0,1,0,1,1,1,0,0,1,1,0,0,1,1,0,0,1,1,0,0,1,1,0,0,1,1,0,0,0,1
2150,5,4,0.000431334,0,90291,1,0,0,3,0,0,1,0,0,2,5,5,2,5,3,1,1,1,5,3,2,2,2,4,2,2,2,2,2,2,4,1,0,0.522862631,-0.73442206,0.599675764,0,0,0,1,4,1,1,1,0,0,2,0,4,1,0,1,1,0,1,0,1,0,0,0,0,0,0,0,0,1,3,0,0,1,3,1,0,0,1,0,0,1,3,1,0,0,1,0,0,0,1,4
2151,45,4,0.775678665,1,77072,1,0,0,2,0,1,0,0,0,1,5,3,4,2,2,2,2,3,4,4,1,1,1,2,2,2,1,2,3,1,2,3,1,0.391444898,-0.256305679,0.298074339,1,0,1,0,3,0,0,1,0,0,2,0,4,1,0,1,1,0,1,0,0,0,0,0,0,1,1,0,0,1,3,0,0,1,3,0,1,0,2,1,0,0,1,1,0,0,1,0,0,1,0,3
2155,24,2,0.964111058,0,55407,1,0,0,2,0,1,0,0,0,3,6,3,4,5,4,4,4,5,3,3,3,1,2,4,3,2,3,3,3,1,1,1,1,-0.287316752,0.062537624,-1.322801613,1,0,1,1,4,0,0,1,0,0,2,0,4,1,0,1,1,0,1,0,0,0,1,0,1,1,1,0,0,1,3,0,0,1,3,1,0,0,1,0,0,1,3,0,1,0,2,0,0,0,1,4
2157,31,4,0.14768917,0,8759,0,1,0,2,0,1,0,0,0,1,4,4,3,4,2,3,3,4,4,4,1,2,2,1,2,2,3,1,3,2,2,2,1,0.470577011,0.426320728,0.148081292,0,0,0,1,4,1,1,1,0,0,2,0,4,0,1,2,0,1,2,0,0,0,0,1,0,1,1,1,0,0,1,1,0,0,1,1,0,0,1,1,0,0,1,1,0,0,1,1,0,0,0,1
2158,15,4,0.752548032,0,47932,0,1,0,3,0,0,1,0,0,2,4,3,4,4,3,3,2,3,4,4,2,2,2,3,2,2,2,2,2,4,2,2,1,1.1534595,0.36871629,-0.174351601,1,0,0,1,4,0,0,1,0,0,2,0,4,0,1,2,0,1,2,0,0,0,0,1,0,1,1,1,0,0,1,1,0,0,1,1,0,0,1,0,0,1,3,1,0,0,1,1,0,0,0,1
2159,34,4,0.706402281,0,28532,0,1,0,3,0,0,1,0,0,2,5,3,4,5,3,4,2,5,5,4,2,2,2,4,2,2,2,2,2,3,3,3,1,0.656380198,0.910881367,0.429517486,1,0,0,1,4,1,1,1,0,0,2,0,4,0,1,2,1,0,1,0,0,0,0,1,0,1,1,1,0,0,1,1,0,0,1,1,0,0,1,0,1,0,2,1,0,0,1,1,0,0,0,1
2165,14,4,2.055295593,0,60532,0,1,0,2,0,1,0,0,0,2,4,3,4,5,1,1,1,1,5,5,2,1,3,1,2,2,1,1,2,4,2,4,1,1.07344669,-1.635775831,0.009675124,1,0,0,1,4,0,0,1,0,0,2,0,4,0,0,3,0,1,2,0,1,0,0,0,0,1,1,0,1,0,2,0,0,1,3,0,1,0,2,0,1,0,2,0,0,1,3,0,0,1,0,3
2168,16,4,1.575747583,0,50248,0,1,0,1,1,0,0,0,0,1,5,1,5,5,1,1,1,2,5,3,2,2,2,3,2,2,1,2,3,4,2,4,1,0.455505404,-0.37903797,-0.178912798,1,0,0,1,4,0,0,1,0,0,2,0,4,0,1,2,0,1,2,0,0,0,0,1,0,1,1,1,0,0,1,1,0,0,1,0,1,0,2,0,0,1,3,1,0,0,1,1,0,0,0,1
2169,36,4,1.734640961,0,45202,1,0,0,1,1,0,0,0,0,2,5,3,5,5,1,1,1,1,4,1,2,2,2,4,2,2,2,2,3,4,2,4,1,1.272209659,-1.176677386,0.385453968,0,0,1,0,3,0,0,1,0,0,2,0,4,1,0,1,1,0,1,0,0,0,0,0,1,1,1,0,0,1,3,0,0,1,3,0,0,1,3,0,0,1,3,0,0,1,3,0,0,0,1,4
2171,48,4,1.927088737,0,24168,0,1,0,3,0,0,1,0,0,2,4,4,3,4,4,4,3,4,4,4,3,2,3,2,3,3,3,2,3,4,2,2,1,-0.074001277,0.378619905,0.597478372,1,1,0,0,2,0,0,1,0,0,2,0,4,1,0,1,0,1,2,0,1,0,0,0,0,1,1,1,0,0,1,1,0,0,1,0,1,0,2,0,0,1,3,1,0,0,1,1,0,0,0,1
2174,48,4,0.238139974,0,24317,0,0,1,2,0,1,0,0,0,2,3,5,3,5,1,1,1,1,5,1,2,2,2,4,2,2,2,2,2,4,3,4,1,-0.203627014,0.452833445,-0.350525201,1,0,0,1,4,0,1,1,0,0,2,0,4,1,0,1,1,0,1,0,1,0,0,1,1,1,1,0,0,0,0,0,0,0,0,0,0,0,0,0,0,0,0,0,0,0,0,0,0,0,0,0
2175,51,2,1.223560933,0,53154,0,1,0,3,0,0,1,0,0,2,5,4,3,5,1,1,1,3,4,1,2,2,3,1,2,2,1,2,2,1,3,1,1,0.773753983,-1.734702697,0.037844126,1,0,1,1,4,0,0,1,0,0,2,0,4,0,1,2,0,1,2,0,0,0,0,0,0,1,1,1,0,0,1,0,1,0,2,0,1,0,2,1,0,0,1,1,0,0,1,0,1,0,0,2
2177,45,4,1.613019472,0,76888,0,0,1,2,0,1,0,0,0,3,4,3,4,3,1,2,1,3,3,3,2,2,2,4,2,2,2,2,2,3,3,3,1,1.118086539,-0.572732554,-1.235050704,1,0,1,0,3,1,1,1,0,0,2,0,4,1,0,1,1,0,1,0,0,0,0,1,0,1,1,1,0,0,1,1,0,0,1,1,0,0,1,1,0,0,1,1,0,0,1,1,0,0,0,1
2178,11,4,1.249913823,0,31220,0,1,0,3,0,0,1,0,0,2,5,4,2,5,1,1,1,5,5,5,3,3,3,2,3,3,3,1,3,1,2,2,1,-1.604831221,-0.320734224,0.761192064,1,0,0,1,4,0,0,1,0,0,2,0,4,1,0,1,1,0,1,0,0,0,0,1,0,1,1,1,0,0,1,1,0,0,1,0,0,1,3,0,0,1,3,1,0,0,1,1,0,0,0,1
2179,49,4,0.063667897,0,98686,0,1,0,2,0,1,0,0,0,2,4,4,3,4,2,4,2,4,5,5,2,2,2,4,2,2,2,2,2,3,2,3,1,0.507909421,0.934816698,0.108438036,1,0,0,1,4,1,1,1,0,0,2,0,4,0,1,2,1,0,1,0,0,0,0,1,0,1,1,0,1,0,2,0,1,0,2,0,0,1,3,0,1,0,2,1,0,0,1,0,1,0,0,2
2180,39,2,0.203568912,0,15215,0,1,0,3,0,0,1,0,0,1,3,0,3,4,2,4,2,4,4,4,1,3,3,2,2,2,2,2,3,2,2,2,1,0.404567567,0.017791466,0.529007122,0,1,0,0,2,0,0,1,0,0,2,0,4,1,0,1,0,1,2,0,0,0,1,1,0,1,1,0,1,0,2,0,0,1,3,0,0,1,3,0,0,1,3,1,0,0,1,0,0,0,1,4
2181,2,4,2.275298775,0,99547,0,0,1,1,1,0,0,0,0,1,4,3,4,4,1,3,2,3,1,4,2,2,2,4,2,2,2,2,3,3,3,4,1,0.5716234,0.354390725,0.17768015,1,0,0,1,4,1,1,0,0,0,2,0,5,0,0,3,1,0,1,0,0,0,0,0,0,1,1,0,0,0,0,0,0,0,0,0,0,0,0,0,0,0,0,0,0,0,0,0,0,0,0,0
2182,7,2,0.128871037,0,6611,0,1,0,4,0,0,0,1,0,4,4,5,2,4,2,2,1,4,4,2,3,1,3,1,3,3,2,1,3,3,2,4,1,0.494555054,-0.403822515,-0.324731631,1,0,0,1,4,0,1,1,0,0,2,0,4,1,0,1,0,1,2,0,0,0,1,1,0,1,1,1,0,0,1,0,1,0,2,0,0,1,3,1,0,0,1,1,0,0,1,0,1,0,0,2
2183,3,4,0.004736576,1,85032,0,1,0,4,0,0,0,1,0,3,5,4,2,4,1,1,1,3,5,3,2,2,3,4,2,2,1,2,3,4,2,2,1,1.393078225,1.112338881,-0.344671333,1,0,0,1,4,0,0,1,0,0,2,0,4,1,0,1,0,0,3,0,0,0,0,1,0,1,1,0,0,1,3,0,1,0,2,0,0,1,3,0,0,1,3,1,0,0,1,0,0,0,1,4
2185,12,3,8.044367383,0,30161,0,1,0,2,0,1,0,0,0,2,5,5,5,5,5,5,5,5,5,5,3,3,3,2,2,2,2,2,2,2,2,2,1,0.055959755,0.841003789,0.167919463,0,0,0,0,1,0,0,1,0,0,2,0,4,1,0,1,1,0,1,0,0,0,0,1,0,1,1,1,0,0,1,0,1,0,2,0,0,1,3,0,1,0,2,1,0,0,1,1,0,0,0,1
2186,32,4,0.001480196,0,87031,0,1,0,1,1,0,0,0,0,1,4,3,2,5,3,1,3,4,5,5,1,2,2,2,2,2,2,2,2,4,3,2,1,1.399435631,0.493748408,0.716654971,1,0,0,1,4,0,1,1,0,0,2,0,4,0,1,2,0,1,2,0,0,0,0,1,0,1,1,1,0,0,1,1,0,0,1,0,1,0,2,0,0,1,3,0,1,0,2,0,1,0,0,2
2187,3,4,0.010291135,1,85711,0,1,0,2,0,1,0,0,0,2,5,3,2,5,2,2,1,4,3,3,2,2,2,3,2,2,2,2,2,4,3,3,1,-0.493709847,-0.424150216,-0.237825205,1,0,0,1,4,0,1,1,0,0,2,0,4,0,1,2,0,1,2,0,0,0,0,1,0,1,1,0,1,0,2,0,0,1,3,1,0,0,1,0,1,0,2,1,0,0,1,0,0,0,1,4
2189,45,4,0.681901577,1,78664,0,1,0,2,0,1,0,0,0,1,4,3,3,5,2,2,3,4,4,3,2,2,2,4,2,2,2,2,2,4,3,3,1,0.653450593,-0.663808906,-0.51584208,0,0,0,1,4,0,0,1,0,0,2,0,4,0,1,2,0,0,3,0,0,0,0,1,0,1,1,0,1,0,2,0,1,0,2,0,0,1,3,0,1,0,2,1,0,0,1,0,0,1,0,3
2192,31,4,0.12481433,0,7626,0,0,0,1,1,0,0,0,0,1,6,2,5,4,1,1,1,1,5,4,2,2,2,3,2,2,3,1,3,4,2,3,1,0.454563824,-0.71169547,0.931829186,1,0,0,1,4,1,1,1,0,0,2,0,4,1,0,1,1,0,1,0,0,0,0,1,0,1,1,0,0,0,0,0,0,0,0,0,0,0,0,0,0,0,0,0,0,0,0,0,0,0,0,0
2197,47,4,0.987272814,0,5843,0,0,1,5,0,0,0,0,1,5,3,5,1,5,5,5,1,5,5,5,3,3,3,4,2,2,2,2,3,4,2,2,1,1.418651786,-1.673881692,1.171017816,1,1,0,0,2,0,0,1,0,0,2,0,4,1,0,1,0,0,3,1,1,0,0,0,0,1,1,1,0,0,1,1,0,0,1,1,0,0,1,0,0,1,3,1,0,0,1,1,0,0,0,1
2198,11,4,0.215789777,0,30331,0,1,0,2,0,1,0,0,0,2,4,2,3,4,2,2,2,3,4,4,2,1,1,1,1,1,2,1,2,1,3,3,1,0.091788606,1.425254691,0.502864827,0,0,0,1,4,0,0,1,0,0,2,0,4,1,0,1,0,1,2,0,0,0,0,0,0,1,1,0,1,0,2,0,1,0,2,0,0,1,3,0,0,1,3,1,0,0,1,0,0,1,0,3
2200,34,2,1.356749817,0,27025,0,1,0,1,1,0,0,0,0,3,3,2,4,4,2,3,2,4,3,2,2,2,2,3,2,2,2,2,2,3,3,2,1,-0.121062246,-0.842288709,-1.141584596,1,0,1,0,3,0,0,1,0,0,2,0,4,0,0,3,0,0,3,1,0,0,1,1,0,1,1,1,0,0,1,1,0,0,1,1,0,0,1,0,0,1,3,1,0,0,1,1,0,0,0,1
2201,44,4,0.950756779,0,38261,0,1,0,2,0,1,0,0,0,2,4,4,4,4,1,1,1,3,3,3,1,2,2,4,2,2,1,2,3,1,2,4,1,0.267521032,-1.128072008,0.579878016,1,0,1,1,4,0,0,1,0,0,2,0,4,0,1,2,0,1,2,0,0,0,0,1,0,1,1,1,0,0,1,1,0,0,1,0,1,0,2,0,1,0,2,1,0,0,1,1,0,0,0,1
2204,15,4,0.337276019,0,46074,0,1,0,3,0,0,1,0,0,4,5,4,2,5,3,3,2,3,4,3,2,1,3,2,2,2,3,2,3,4,2,4,1,-0.367249604,0.211872567,-1.533698383,1,0,1,0,3,0,0,1,0,0,2,0,4,1,0,1,0,1,2,0,1,0,0,0,0,1,1,1,0,0,1,0,1,0,2,0,0,1,3,0,0,1,3,1,0,0,1,0,1,0,0,2
2205,3,4,0.068591692,1,85085,0,1,0,1,1,0,0,0,0,1,5,3,4,5,1,2,4,4,1,4,2,2,2,3,2,2,2,2,2,3,3,3,1,0.670534295,0.472146353,0.26399369,1,0,0,1,4,0,1,1,0,0,2,0,4,0,0,3,1,0,1,0,0,0,0,1,0,1,1,1,0,0,1,1,0,0,1,1,0,0,1,1,0,0,1,1,0,0,1,1,0,0,0,1
2208,38,4,9.59E-06,0,97501,0,1,0,4,0,0,0,1,0,4,5,5,5,5,2,2,2,4,5,3,2,2,3,4,2,2,2,2,2,4,2,4,1,0.616844815,-2.501901792,0.63671562,1,0,0,1,4,1,1,1,0,0,2,0,4,1,0,1,1,0,1,0,1,0,0,0,1,1,1,0,1,0,2,0,0,1,3,0,1,0,2,0,0,1,3,1,0,0,1,0,0,0,1,4
2209,45,4,0.474040221,1,76031,0,1,0,3,0,0,1,0,0,4,5,4,2,2,4,2,2,2,2,3,3,1,1,2,2,2,2,2,1,1,1,1,1,-0.003096076,-0.643196964,-0.828962376,1,0,0,1,4,0,0,1,0,0,2,0,4,1,0,1,1,0,1,0,1,0,0,1,0,1,1,1,0,0,1,1,0,0,1,0,1,0,2,1,0,0,1,1,0,0,1,1,0,0,0,1
2210,21,2,0.266132015,0,21212,1,0,0,2,0,1,0,0,0,1,6,3,3,4,1,2,3,5,5,5,2,2,2,3,2,2,2,1,3,3,2,3,1,-0.364362579,0.421498812,-1.4509389,1,0,0,1,4,1,1,0,1,0,2,0,2,0,1,2,0,1,2,0,0,0,1,0,0,1,1,0,0,1,3,0,1,0,2,1,0,0,1,0,1,0,2,0,1,0,2,0,0,0,1,4
2212,5,4,4.250234485,1,92069,1,0,0,2,0,1,0,0,0,1,4,1,5,3,1,1,1,1,1,1,2,2,2,3,2,2,2,2,2,4,3,4,1,0.541987735,-0.605411971,0.582584098,1,0,0,1,4,1,1,1,0,0,2,0,4,0,0,3,0,0,3,0,0,0,0,0,0,1,1,0,0,1,3,0,0,1,3,0,0,1,3,0,1,0,2,0,0,1,3,0,0,1,0,3
2213,22,2,0.727623251,0,2125,1,0,0,2,0,1,0,0,0,2,6,4,1,5,4,4,1,5,5,5,2,1,2,4,2,2,1,1,2,3,3,3,1,0.834692208,0.387129523,-0.429742345,1,0,1,0,3,0,0,0,1,0,2,0,2,1,0,1,0,1,2,0,0,0,0,0,1,1,1,0,0,1,3,0,0,1,3,0,0,1,3,0,0,1,3,0,0,1,3,0,0,0,1,4
2219,44,3,0.855970555,0,37191,0,0,1,3,0,0,1,0,0,2,4,3,3,5,3,5,5,5,3,5,3,3,3,2,3,3,1,1,3,2,2,2,1,0.566852554,1.303161305,1.060393695,1,0,0,0,1,0,0,0,1,0,2,0,2,1,0,1,0,1,2,0,0,0,0,0,0,1,1,1,0,0,1,1,0,0,1,1,0,0,1,0,1,0,2,1,0,0,1,1,0,0,0,1
2222,37,4,0.413106636,0,74055,0,1,0,2,0,1,0,0,0,2,5,1,4,5,1,1,1,2,3,3,2,2,2,3,2,2,2,2,2,4,3,4,1,-0.132601693,0.125875021,0.297150139,1,0,0,1,4,0,1,1,0,0,2,0,4,1,0,1,1,0,1,0,1,0,0,1,0,1,1,1,0,0,1,0,1,0,2,0,1,0,2,0,1,0,2,1,0,0,1,1,0,0,0,1
2224,10,4,0.983006665,0,34787,0,1,0,3,0,0,1,0,0,3,5,5,1,5,1,1,1,3,4,3,1,1,1,1,2,2,1,1,3,1,3,3,1,-0.235127343,0.723417055,-0.425868734,1,0,0,1,4,0,0,1,0,0,2,0,4,1,0,1,0,1,2,0,0,0,0,1,0,1,1,1,0,0,1,1,0,0,1,0,0,1,3,0,0,1,3,1,0,0,1,0,1,0,0,2
2230,14,2,0.134536221,0,62450,0,1,0,4,0,0,0,1,0,2,6,3,5,3,2,3,1,5,5,3,2,2,2,4,2,2,2,2,2,3,2,4,1,0.195668469,-0.139440394,-0.248007193,1,1,0,0,2,0,0,1,0,0,2,0,4,1,0,1,0,0,3,1,0,0,1,0,0,1,1,1,0,0,1,1,0,0,1,0,1,0,2,0,0,1,3,1,0,0,1,1,0,0,0,1
2231,14,2,0.695192217,0,60619,0,1,0,3,0,0,1,0,0,3,3,5,3,4,1,5,3,5,5,5,2,3,3,2,2,2,2,2,2,2,2,3,1,-1.003185253,0.935169646,-0.660147275,1,0,1,0,3,0,0,0,1,0,2,0,2,1,0,1,1,0,1,0,0,0,1,0,1,1,1,0,0,1,3,0,1,0,2,0,1,0,2,1,0,0,1,0,0,1,3,0,0,1,0,3
2233,30,1,2.449942901,0,3824,0,1,0,2,0,1,0,0,0,3,4,3,2,3,2,2,2,4,3,3,1,2,2,1,2,2,1,2,2,4,3,3,0,0.042828929,1.278560851,0.057083351,1,1,0,0,2,1,1,0,0,0,2,0,5,0,0,0,0,1,2,0,0,0,0,1,0,0,0,0,1,0,2,0,0,1,3,0,1,0,2,0,0,1,3,0,0,1,3,1,0,0,0,1
2235,14,4,0.192073999,0,60619,0,1,0,3,0,0,1,0,0,2,4,3,4,5,2,2,2,5,5,3,1,1,2,1,2,2,2,1,3,1,2,4,0,-0.38095551,-0.180904809,0.567573647,1,0,0,1,4,0,0,0,1,0,2,0,2,1,0,1,1,0,1,0,0,0,0,1,1,0,0,0,0,1,3,0,1,0,2,0,1,0,2,1,0,0,1,0,0,1,3,0,0,1,0,3
2239,10,4,0.251364936,0,32221,0,1,0,2,0,1,0,0,0,2,4,3,4,5,4,4,1,5,5,2,3,2,2,2,2,2,2,2,3,2,2,4,0,-0.569335335,-0.193771353,0.334906305,1,0,0,1,4,0,0,1,0,0,2,0,4,1,0,1,1,0,1,0,0,0,0,0,1,0,0,1,0,0,1,0,1,0,2,0,0,1,3,0,0,1,3,1,0,0,1,0,1,0,0,2
2240,26,2,3.341739576,0,63138,0,1,0,1,1,0,0,0,0,3,6,5,3,3,3,3,3,3,3,3,2,2,2,3,2,2,2,2,2,3,3,3,1,0.168079718,1.455416428,0.609128284,1,0,1,0,3,0,0,0,0,0,2,0,5,0,1,2,1,0,1,0,0,0,1,0,0,1,1,0,1,0,2,1,0,0,1,0,1,0,2,1,0,0,1,1,0,0,1,0,0,1,0,3
2241,11,2,1.285118685,0,30817,0,0,1,4,0,0,0,1,0,2,5,4,4,5,1,1,1,5,5,5,2,2,2,4,2,2,2,2,2,1,2,3,1,1.140789493,0.370388505,0.828303785,0,0,1,0,3,0,0,1,0,0,2,0,4,1,0,1,0,1,2,0,0,0,0,1,0,1,1,1,0,0,1,1,0,0,1,1,0,0,1,1,0,0,1,1,0,0,1,1,0,0,0,1
2243,3,2,0.000553095,0,86440,0,1,0,5,0,0,0,0,1,5,5,5,1,5,3,4,3,5,5,4,2,2,2,4,2,2,2,2,2,4,2,2,1,1.050459288,0.239751564,0.976537969,1,0,0,1,4,0,0,1,0,0,2,0,4,1,0,1,1,0,1,0,1,1,0,1,0,1,1,1,0,0,1,1,0,0,1,1,0,0,1,1,0,0,1,1,0,0,1,1,0,0,0,1
2244,26,4,0.711969987,0,64744,0,0,1,3,0,0,1,0,0,3,4,3,4,4,1,1,1,4,2,2,2,2,2,4,2,2,2,2,3,4,2,4,1,-1.95900662,-0.326345027,-1.694923289,1,0,1,0,3,0,0,1,0,0,2,0,4,1,0,1,1,0,1,0,1,0,0,1,1,1,1,1,0,0,1,1,0,0,1,1,0,0,1,0,1,0,2,1,0,0,1,1,0,0,0,1
2247,45,2,1.095667856,1,76006,1,0,0,3,0,0,1,0,0,3,4,3,5,3,1,1,1,3,1,1,2,2,2,3,2,2,2,2,2,3,3,3,1,-1.782400546,-0.433098265,-0.486154644,0,0,1,0,3,0,0,1,0,0,2,0,4,1,0,1,1,0,1,0,0,0,1,1,0,1,1,0,0,1,3,0,0,1,3,0,0,1,3,1,0,0,1,1,0,0,1,0,1,0,0,2
2248,34,4,0.413106636,0,27040,0,1,0,2,0,1,0,0,0,1,4,3,3,4,1,1,1,4,4,1,2,2,2,4,2,2,2,2,2,4,3,4,1,0.694685858,0.544174273,0.960279119,1,0,0,1,4,1,1,1,0,0,2,0,4,1,0,1,1,0,1,0,1,0,0,1,0,1,1,1,0,0,1,1,0,0,1,1,0,0,1,0,0,1,3,1,0,0,1,1,0,0,0,1
2249,15,4,0.418924904,0,46901,0,1,0,1,1,0,0,0,0,1,5,3,4,5,1,1,1,1,4,1,2,2,2,4,2,2,2,2,3,4,2,4,1,0.45485769,-0.823387168,0.227131592,1,0,0,1,4,0,0,1,0,0,2,0,4,0,1,2,0,1,2,0,0,0,0,0,0,1,1,0,1,0,2,0,1,0,2,0,1,0,2,0,1,0,2,1,0,0,1,1,0,0,0,1
2253,36,2,0.500911995,0,43081,0,1,0,2,0,1,0,0,0,2,3,3,4,3,1,1,1,2,4,3,2,2,2,4,2,2,2,2,2,4,2,3,1,0.850985699,0.565400555,0.919485846,0,0,0,1,4,1,1,1,0,0,2,0,4,0,1,2,0,1,2,0,1,0,0,1,0,1,1,0,1,0,2,0,0,1,3,0,0,1,3,0,1,0,2,1,0,0,1,0,1,0,0,2
2256,23,4,0.376494886,0,48015,1,0,0,2,0,1,0,0,0,2,1,5,1,4,1,1,1,1,1,1,2,2,2,3,2,2,2,2,2,3,3,3,1,0.081763905,0.777610725,0.076685651,1,1,0,0,2,0,0,1,0,0,2,0,4,0,1,2,0,0,3,1,0,0,0,1,0,1,1,0,0,1,3,0,0,1,3,0,1,0,2,0,0,1,3,1,0,0,1,1,0,0,0,1
2257,15,2,4.736747428,0,46368,0,1,0,2,0,1,0,0,0,2,5,0,4,3,2,4,1,5,4,3,1,1,3,4,3,1,1,3,3,2,2,4,1,0.135790166,-0.152002483,-0.826104553,1,0,1,0,3,0,0,0,0,0,1,1,1,1,0,1,0,1,2,0,0,0,1,0,0,1,1,1,0,0,1,0,1,0,2,0,1,0,2,0,1,0,2,0,1,0,2,1,0,0,0,1
2258,48,2,0.814342895,0,23523,0,1,0,1,1,0,0,0,0,1,5,5,5,1,5,1,1,3,5,4,3,3,1,2,2,2,2,1,1,2,2,2,1,-0.44189354,-0.523672238,0.808534594,0,1,0,0,2,0,0,0,1,0,2,0,2,1,0,1,1,0,1,0,0,0,1,0,0,1,1,0,1,0,2,0,1,0,2,0,0,1,3,0,1,0,2,0,0,1,3,0,0,0,1,4
2260,17,2,1.196328368,0,67336,0,0,1,1,1,0,0,0,0,1,5,0,5,2,1,1,2,2,4,4,2,2,2,4,2,2,2,2,2,4,3,4,1,0.54929904,-0.747597021,0.510087764,1,0,1,0,3,0,0,1,0,0,2,0,4,1,0,1,0,1,2,0,0,0,1,1,1,1,1,1,0,0,1,1,0,0,1,1,0,0,1,0,0,1,3,1,0,0,1,1,0,0,0,1
2261,3,4,0.038948414,1,85041,0,1,0,4,0,0,0,1,0,4,5,4,2,5,4,4,1,4,4,3,2,2,3,4,3,1,2,3,3,4,2,2,1,-1.252823845,-1.491333912,0.607299821,1,1,0,0,2,0,0,1,0,0,2,0,4,1,0,1,0,1,2,1,1,0,0,0,1,1,1,0,0,1,3,1,0,0,1,1,0,0,1,1,0,0,1,1,0,0,1,0,0,1,0,3
2262,5,4,1.32E-07,1,95776,0,1,0,2,0,1,0,0,0,2,5,3,2,5,2,2,2,2,5,3,2,2,2,4,2,2,2,2,2,3,2,4,1,1.414430955,-2.033990227,0.615149366,1,0,0,1,4,0,1,1,0,0,2,0,4,1,0,1,1,0,1,0,1,0,0,0,0,1,1,0,1,0,2,0,1,0,2,0,0,1,3,0,0,1,3,1,0,0,1,0,0,1,0,3
2265,26,2,0.505522002,0,64772,0,1,0,2,0,1,0,0,0,1,1,3,5,4,1,2,1,1,1,1,3,3,2,4,2,2,2,2,2,3,4,3,1,0.663828788,-0.62478315,-0.162813949,0,1,0,0,2,0,0,1,0,0,2,0,4,0,1,2,0,0,3,1,0,1,1,1,0,1,1,1,0,0,1,0,1,0,2,1,0,0,1,0,1,0,2,1,0,0,1,0,1,0,0,2
2267,45,4,0.444773179,1,78575,0,1,0,5,0,0,0,0,1,4,6,3,4,5,3,5,1,3,3,3,2,2,2,4,2,2,2,2,3,2,2,2,1,-0.617023278,-0.883654579,-0.370594545,1,0,0,1,4,0,0,1,0,0,2,0,4,1,0,1,1,0,1,0,1,0,0,0,0,1,1,1,0,0,1,1,0,0,1,0,1,0,2,0,0,1,3,1,0,0,1,1,0,0,0,1
2267,45,4,0.444773179,1,78575,0,1,0,5,0,0,0,0,1,4,6,3,4,5,3,5,1,3,3,3,2,2,2,4,2,2,2,2,3,2,2,2,1,-0.617023278,-0.883654579,-0.370594545,1,0,0,1,4,0,0,1,0,0,2,0,4,1,0,1,1,0,1,0,1,0,0,0,0,1,1,1,0,0,1,1,0,0,1,0,1,0,2,0,0,1,3,1,0,0,1,1,0,0,0,1
2269,31,2,0.523775193,0,8260,0,1,0,3,0,0,1,0,0,3,5,5,4,4,1,1,1,1,3,1,2,2,2,2,2,2,2,2,2,3,3,3,1,0.789397088,-1.257335626,-0.949951206,1,0,1,0,3,0,0,1,0,0,2,0,4,0,1,2,0,1,2,0,0,0,0,1,0,1,1,0,1,0,2,0,1,0,2,1,0,0,1,0,0,1,3,1,0,0,1,0,0,0,1,4
2271,19,2,0.978888931,0,70586,0,1,0,1,1,0,0,0,0,3,3,2,3,3,3,3,3,3,3,3,1,1,1,1,1,1,1,1,1,1,1,1,1,-0.849085224,0.243209007,-1.040977825,1,0,0,1,4,0,0,1,0,0,2,0,4,1,0,1,1,0,1,0,1,0,0,1,0,1,1,1,0,0,1,1,0,0,1,1,0,0,1,0,1,0,2,1,0,0,1,1,0,0,0,1
2272,11,4,0.164779496,0,30064,0,1,0,2,0,1,0,0,0,2,4,2,5,5,1,1,1,3,1,1,2,2,2,4,2,2,2,2,3,4,2,4,1,1.193094598,-0.977333865,-0.259091768,1,0,0,1,4,1,1,1,0,0,2,0,4,1,0,1,0,0,3,0,0,0,0,1,0,1,1,1,0,0,1,0,0,1,3,0,1,0,2,0,0,1,3,1,0,0,1,1,0,0,0,1
2274,15,4,1.644406168,0,46143,0,1,0,4,0,0,0,1,0,4,5,4,2,5,3,3,3,4,4,3,1,1,2,1,1,1,1,1,3,3,3,1,1,-0.673128665,-0.193791173,-0.85574394,1,0,1,0,3,0,0,1,0,0,2,0,4,1,0,1,0,0,3,1,1,0,0,1,0,1,1,0,1,0,2,0,0,1,3,0,1,0,2,0,0,1,3,1,0,0,1,0,1,0,0,2
2281,33,4,0.719732307,0,14075,0,1,0,2,0,1,0,0,0,2,6,2,4,1,1,1,1,1,4,1,1,1,1,1,2,2,2,2,3,4,4,4,1,-1.724394746,-1.140713319,-0.431427371,1,0,0,1,4,0,0,1,0,0,2,0,4,1,0,1,1,0,1,0,0,0,0,0,0,1,1,1,0,0,1,0,1,0,2,0,1,0,2,0,0,1,3,1,0,0,1,0,0,1,0,3
2283,10,4,0.15711231,0,32225,0,1,0,1,1,0,0,0,0,1,4,2,4,4,3,3,3,4,4,4,3,3,1,3,1,1,2,1,2,3,3,1,1,0.359636195,-0.032554015,-0.200989122,0,0,0,1,4,1,1,1,0,0,2,0,4,1,0,1,0,0,3,0,0,0,0,1,0,1,1,0,1,0,2,0,1,0,2,0,0,1,3,0,1,0,2,1,0,0,1,0,1,0,0,2
2284,5,2,0.000228242,1,95823,1,0,0,2,0,1,0,0,0,2,5,3,3,4,2,2,2,4,3,3,2,2,2,4,2,2,2,2,2,4,4,4,1,-0.014990908,-0.25639538,0.411499559,1,0,0,1,4,0,0,1,0,0,2,0,4,1,0,1,0,0,3,0,0,0,1,0,0,1,1,0,0,1,3,0,1,0,2,0,0,1,3,0,0,1,3,0,0,1,3,0,0,1,0,3
2285,39,2,0.494753302,0,17602,1,0,0,4,0,0,0,1,0,4,5,4,3,4,3,3,3,4,4,3,2,3,2,3,2,2,2,2,2,3,3,3,1,-0.576219123,0.334041494,0.244141531,0,0,0,0,1,1,1,0,1,0,2,0,2,0,0,3,0,1,2,0,0,0,0,1,0,1,1,0,0,1,3,0,0,1,3,1,0,0,1,0,0,1,3,0,1,0,2,0,1,0,0,2
2286,16,4,1.011366531,0,52778,0,1,0,4,0,0,0,1,0,3,5,5,4,5,1,1,1,5,3,2,2,2,1,4,2,2,2,2,3,4,2,3,1,-0.116188647,-1.171692921,0.199815367,1,0,1,1,4,0,0,1,0,0,2,0,4,1,0,1,1,0,1,0,0,0,0,1,0,1,1,1,0,0,1,1,0,0,1,1,0,0,1,0,0,1,3,1,0,0,1,1,0,0,0,1
2290,3,4,0.019003457,1,85326,0,1,0,3,0,0,1,0,0,2,5,3,5,4,1,3,1,1,5,1,2,2,2,3,2,2,2,2,3,3,3,3,1,0.506996071,0.975423682,0.417132995,1,0,0,1,4,0,0,1,0,0,2,0,4,0,1,2,0,0,3,1,1,0,0,1,0,1,1,1,0,0,1,1,0,0,1,0,1,0,2,1,0,0,1,1,0,0,1,1,0,0,0,1
2291,39,4,0.461227565,0,18969,0,1,0,2,0,1,0,0,0,2,5,4,4,5,1,1,1,3,4,4,2,2,2,4,2,2,3,2,3,4,2,3,1,0.139786652,0.095385209,-0.196217754,1,0,0,1,4,0,0,1,0,0,2,0,4,1,0,1,1,0,1,0,0,0,0,0,0,1,1,0,1,0,2,0,1,0,2,0,1,0,2,0,0,1,3,1,0,0,1,0,1,0,0,2
2293,42,4,0.382581805,0,29588,0,1,0,2,0,1,0,0,0,2,5,1,3,4,1,1,4,5,5,3,2,2,3,3,2,1,3,1,3,1,2,1,1,0.081019189,-0.098031092,-0.383749609,0,0,0,1,4,1,1,1,0,0,2,0,4,1,0,1,1,0,1,0,0,0,0,1,0,1,1,1,0,0,1,1,0,0,1,1,0,0,1,0,1,0,2,1,0,0,1,1,0,0,0,1
2294,7,4,0.545867639,0,6378,0,1,0,3,0,0,1,0,0,2,4,3,4,4,2,2,2,2,4,2,2,2,2,4,2,2,2,2,2,2,2,3,1,-0.252853477,-0.89308672,0.498212076,0,0,0,1,4,0,1,1,0,0,2,0,4,0,0,3,0,1,2,0,0,0,0,1,0,1,1,1,0,0,1,1,0,0,1,0,1,0,2,0,0,1,3,1,0,0,1,0,1,0,0,2
2295,14,4,0.350728881,0,60466,0,1,0,2,0,1,0,0,0,1,6,0,5,5,3,3,3,4,5,5,2,2,2,4,2,2,2,2,2,4,2,3,1,0.094053827,-1.191059083,-0.169059212,1,0,0,1,4,0,0,0,1,0,2,0,2,1,0,1,1,0,1,0,0,0,0,0,1,1,1,0,1,0,2,1,0,0,1,1,0,0,1,1,0,0,1,0,1,0,2,0,0,1,0,3
2296,1,4,3.999007364,0,35620,0,0,1,4,0,0,0,1,0,3,5,5,1,5,5,5,4,5,5,5,1,2,2,3,2,1,1,1,3,2,2,2,1,0.42335,-0.12901836,0.758155545,1,0,1,0,3,0,0,1,0,0,2,0,4,1,0,1,1,0,1,0,0,0,0,1,0,1,1,1,0,0,1,1,0,0,1,1,0,0,1,1,0,0,1,1,0,0,1,1,0,0,0,1
2298,15,4,1.175605282,0,46748,0,1,0,3,0,0,1,0,0,3,4,4,4,5,1,1,1,4,1,1,2,3,2,4,2,2,2,2,3,4,3,4,1,0.704156189,0.275368434,-0.252805063,1,0,0,1,4,0,0,1,0,0,2,0,4,1,0,1,1,0,1,0,1,0,0,0,0,1,1,1,0,0,1,1,0,0,1,0,1,0,2,1,0,0,1,1,0,0,1,1,0,0,0,1
2300,25,4,1.003975505,0,39759,0,1,0,2,0,1,0,0,0,2,4,3,4,4,2,2,2,3,5,4,2,2,2,3,2,2,2,3,2,3,2,2,1,0.961994463,0.392634109,-0.479617591,0,0,0,1,4,0,1,1,0,0,2,0,4,0,1,2,1,0,1,0,0,0,0,1,0,1,1,1,0,0,1,0,0,1,3,1,0,0,1,0,0,1,3,1,0,0,1,1,0,0,0,1
2302,39,4,0.886028568,0,15220,0,1,0,1,1,0,0,0,0,1,5,0,5,5,1,1,1,3,3,3,2,2,2,4,2,2,2,2,2,4,2,3,1,1.136028234,0.130127697,0.794930593,0,0,0,1,4,0,0,1,0,0,2,0,4,0,0,0,0,1,2,0,0,0,0,1,0,1,1,0,1,0,2,0,0,1,3,0,0,1,3,0,1,0,2,0,1,0,2,0,0,1,0,3
2303,48,4,1.177571902,0,20181,0,1,0,3,0,0,1,0,0,3,3,3,3,5,1,2,2,4,5,1,2,2,2,4,2,2,2,1,2,1,3,4,1,-0.094988416,-1.147286114,-1.041573462,0,0,0,1,4,0,1,1,0,0,2,0,4,0,0,0,0,1,2,0,1,0,0,1,0,1,1,1,0,0,1,1,0,0,1,1,0,0,1,0,1,0,2,0,1,0,2,1,0,0,0,1
2304,7,4,0.576380546,0,6066,0,1,0,3,0,0,1,0,0,3,5,5,5,5,3,4,1,4,5,4,2,2,2,4,2,2,2,2,2,3,3,3,1,1.176593604,-0.134248993,-2.116204196,1,0,0,1,4,0,0,1,0,0,2,0,4,0,0,0,0,1,2,0,0,0,0,0,0,1,1,0,1,0,2,0,1,0,2,0,1,0,2,0,1,0,2,1,0,0,1,0,0,1,0,3
2306,16,4,0.538058037,0,52003,0,1,0,4,0,0,0,1,0,3,4,3,5,4,2,2,1,4,4,4,1,1,2,4,2,2,2,2,3,4,2,3,1,-0.873116756,1.078240972,0.127142662,1,0,0,1,4,0,0,1,0,0,2,0,4,1,0,1,0,1,2,0,0,0,0,1,1,1,1,1,0,0,1,1,0,0,1,0,0,1,3,0,0,1,3,1,0,0,1,1,0,0,0,1
2307,48,4,1.052970179,0,24018,0,1,0,3,0,0,1,0,0,3,3,3,4,4,3,2,2,4,3,3,2,2,2,3,2,2,2,2,2,4,3,3,1,0.486475421,-0.193276219,-0.727842973,1,0,0,1,4,1,1,1,0,0,2,0,4,0,1,2,1,0,1,0,0,0,0,1,0,1,1,1,0,0,1,1,0,0,1,0,1,0,2,0,1,0,2,1,0,0,1,1,0,0,0,1
2309,25,2,0.483840792,0,39046,0,1,0,2,0,1,0,0,0,1,4,4,4,5,4,4,1,5,5,5,2,2,2,1,2,3,3,1,3,1,2,1,1,0.524690822,0.050831409,-0.356289699,1,1,0,0,2,0,0,0,1,0,2,0,2,1,0,1,0,0,3,1,0,1,0,1,0,1,1,1,0,0,1,1,0,0,1,1,0,0,1,1,0,0,1,1,0,0,1,1,0,0,0,1
2310,39,4,0.686424046,0,15824,0,1,0,2,0,1,0,0,0,2,3,2,4,4,3,4,2,4,4,4,2,2,2,3,2,2,2,3,2,3,3,2,0,0.920747889,-0.399991416,0.193941482,1,0,0,1,4,0,0,1,0,0,2,0,4,1,0,1,1,0,1,0,0,0,0,1,0,0,0,1,0,0,1,1,0,0,1,1,0,0,1,0,0,1,3,1,0,0,1,1,0,0,0,1
2312,39,2,0.660054898,0,16028,0,0,1,3,0,0,1,0,0,2,3,3,3,3,3,3,3,3,3,3,2,2,2,3,2,2,2,2,2,3,3,3,1,-0.50153215,0.151669279,-0.449365615,1,0,1,0,3,0,0,1,0,0,2,0,4,1,0,1,0,1,2,0,0,0,0,0,0,1,1,1,0,0,1,1,0,0,1,1,0,0,1,0,1,0,2,1,0,0,1,1,0,0,0,1
2314,26,4,1.110800641,0,64127,0,1,0,2,0,1,0,0,0,3,5,4,3,5,3,3,1,3,4,3,2,2,2,4,2,2,2,2,2,4,4,4,1,1.314296142,-0.694576338,1.239531722,0,0,0,1,4,0,0,1,0,0,2,0,4,1,0,1,1,0,1,0,1,0,0,1,0,1,1,0,1,0,2,0,1,0,2,0,1,0,2,1,0,0,1,1,0,0,1,0,0,0,1,4
2316,36,2,0.108538043,0,44851,0,1,0,4,0,0,0,1,0,4,4,4,2,2,1,4,5,5,5,5,3,1,1,2,1,3,3,1,3,2,2,1,1,1.078867224,0.795499971,1.124771701,1,0,1,0,3,1,1,1,0,0,2,0,4,1,0,1,0,1,2,0,0,0,1,1,0,1,1,1,0,0,1,1,0,0,1,0,1,0,2,0,0,1,3,1,0,0,1,1,0,0,0,1
2320,33,2,0.875144313,0,11209,1,0,0,3,0,0,1,0,0,3,4,3,3,4,4,4,3,4,3,3,2,3,2,2,2,2,2,2,2,3,2,3,1,-0.648824723,0.368313213,0.245795827,1,1,0,0,2,0,0,1,0,0,2,0,4,0,1,2,0,1,2,0,0,0,0,0,1,1,1,0,0,1,3,0,0,1,3,0,0,1,3,0,0,1,3,0,0,1,3,0,0,0,1,4
2326,39,2,0.281407588,0,17013,0,1,0,3,0,0,1,0,0,3,3,3,2,5,3,4,3,5,5,3,2,2,2,4,2,2,1,2,2,4,3,4,1,0.39383676,-1.019886387,-0.420517892,1,1,0,0,2,0,0,1,0,0,2,0,4,1,0,1,0,0,3,1,1,0,0,0,0,1,1,0,1,0,2,0,0,1,3,0,1,0,2,0,1,0,2,1,0,0,1,0,0,1,0,3
2328,13,4,37.27267388,0,83318,0,1,0,2,0,1,0,0,0,2,6,1,4,4,2,3,2,3,4,4,2,2,2,4,2,2,1,2,3,4,2,2,1,0.824332106,0.060816403,-0.142311245,1,0,0,1,4,0,0,0,0,0,1,1,1,0,1,2,0,1,2,0,0,0,0,1,0,1,1,1,0,0,1,0,1,0,2,1,0,0,1,0,0,1,3,1,0,0,1,1,0,0,0,1
2329,33,4,0.422332378,0,14305,0,1,0,3,0,0,1,0,0,3,4,2,4,5,2,3,2,4,4,4,1,2,2,4,2,2,2,2,3,3,2,4,0,0.965899708,-0.169350021,0.853032216,1,1,0,0,2,0,0,1,0,0,2,0,4,1,0,1,1,0,1,0,1,0,0,0,1,0,0,0,1,0,2,1,0,0,1,0,1,0,2,1,0,0,1,1,0,0,1,0,0,1,0,3
2330,44,4,2.659007449,0,37367,0,0,1,5,0,0,0,0,1,4,5,5,3,5,4,3,5,5,4,5,3,2,2,2,2,2,2,2,3,4,2,2,0,0.812252522,1.157281677,1.01803825,1,0,1,0,3,0,0,1,0,0,2,0,4,1,0,1,1,0,1,0,1,0,0,1,0,0,0,1,0,0,1,1,0,0,1,1,0,0,1,1,0,0,1,1,0,0,1,1,0,0,0,1
2333,1,2,1.415397014,0,35127,0,1,0,4,0,0,0,1,0,3,5,4,4,4,4,2,4,4,4,4,1,1,1,3,2,2,1,1,2,1,3,2,1,0.422860877,0.595901996,-0.093697522,1,0,1,0,3,0,0,1,0,0,2,0,4,0,1,2,0,0,3,1,0,0,0,1,0,1,1,1,0,0,1,1,0,0,1,1,0,0,1,0,1,0,2,1,0,0,1,1,0,0,0,1
2338,17,2,0.50671498,0,67204,0,1,0,1,1,0,0,0,0,1,4,3,4,5,3,4,1,4,5,5,3,2,2,2,2,2,1,2,2,2,2,4,1,0.743286588,-1.319553102,-0.277316531,1,1,0,0,2,0,0,1,0,0,2,0,4,1,0,1,0,0,3,1,0,0,1,1,0,1,1,0,1,0,2,1,0,0,1,0,1,0,2,0,1,0,2,1,0,0,1,0,0,1,0,3
2339,36,2,1.151685415,0,43512,0,1,0,1,1,0,0,0,0,1,5,0,4,4,2,2,2,3,4,3,2,2,2,4,3,1,1,1,3,1,2,4,1,0.926393811,-1.156808355,-0.831729911,1,0,1,0,3,1,1,1,0,0,2,0,4,0,1,2,1,0,1,0,0,0,0,1,0,1,1,1,0,0,1,0,1,0,2,0,1,0,2,0,1,0,2,1,0,0,1,1,0,0,0,1
2340,34,4,0.548412023,0,27603,0,1,0,3,0,0,1,0,0,3,5,4,3,5,2,3,2,4,4,3,2,1,3,3,2,2,2,1,3,1,3,3,1,-0.362626327,-0.719623726,-0.268273326,1,0,1,0,3,0,0,1,0,0,2,0,4,0,1,2,0,1,2,0,0,0,0,0,0,1,1,1,0,0,1,0,0,1,3,0,0,1,3,0,1,0,2,1,0,0,1,0,1,0,0,2
2341,19,4,0.410996433,0,71301,0,1,0,1,1,0,0,0,0,3,3,4,2,4,2,2,2,3,5,3,2,2,2,4,2,2,2,2,2,4,3,4,1,0.430689685,-1.08411887,0.130234939,1,0,0,1,4,0,0,0,1,0,2,0,2,1,0,1,0,1,2,0,0,0,0,1,0,1,1,0,1,0,2,0,0,1,3,0,0,1,3,0,0,1,3,1,0,0,1,0,1,0,0,2
2343,36,4,1.760312421,0,44710,0,1,0,2,0,1,0,0,0,3,4,3,2,4,2,2,2,3,3,2,2,2,2,3,2,2,2,2,3,4,3,4,1,-1.689425634,-0.259457892,-0.922761305,1,0,0,1,4,0,0,1,0,0,2,0,4,1,0,1,0,1,2,0,0,0,0,0,0,1,1,0,1,0,2,0,0,1,3,1,0,0,1,0,1,0,2,1,0,0,1,0,1,0,0,2
2344,16,4,0.684366048,0,50309,0,1,0,3,0,0,1,0,0,3,4,3,4,5,1,1,1,1,5,5,1,1,3,3,2,2,1,1,3,4,3,3,1,0.742400552,-0.98205891,1.155596532,0,0,0,1,4,1,1,0,0,0,2,0,5,1,0,1,1,0,1,0,0,0,0,0,1,1,1,1,0,0,1,0,0,1,3,1,0,0,1,0,1,0,2,1,0,0,1,0,0,0,1,4
2345,37,4,0.800349806,0,74107,0,1,0,2,0,1,0,0,0,1,5,1,5,5,3,1,3,3,3,3,2,2,2,4,2,2,2,2,2,4,4,4,0,0.729099144,-0.931826628,1.325317013,1,1,0,0,2,1,1,0,0,0,2,0,5,1,0,1,1,0,1,0,0,0,0,0,1,0,0,0,1,0,2,0,1,0,2,0,0,1,3,0,1,0,2,1,0,0,1,0,0,1,0,3
2346,32,4,0.107433837,0,87105,0,1,0,4,0,0,0,1,0,3,5,5,3,5,3,3,3,4,4,4,2,2,2,4,2,2,2,2,3,3,2,4,0,0.199166473,-1.599808432,-0.46953574,1,0,1,0,3,0,0,1,0,0,1,1,1,1,0,1,0,0,3,1,1,0,0,1,0,0,0,0,1,0,2,1,0,0,1,0,1,0,2,0,0,1,3,0,1,0,2,0,0,1,0,3
2348,3,4,0.000541926,0,85614,0,1,0,1,1,0,0,0,0,1,5,2,4,5,2,2,2,2,4,2,2,2,2,4,2,2,2,2,3,4,2,4,1,0.223044393,-0.365406195,0.30674054,0,0,0,1,4,0,0,1,0,0,2,0,4,1,0,1,0,1,2,0,0,0,0,1,0,1,1,1,0,0,1,1,0,0,1,0,0,1,3,1,0,0,1,1,0,0,1,1,0,0,0,1
2353,15,4,0.291071239,0,47441,0,1,0,3,0,0,1,0,0,3,5,3,2,5,2,2,2,3,4,3,1,2,1,3,3,1,2,2,3,4,2,3,1,0.151921158,-0.212654173,-0.424960114,1,0,1,0,3,0,0,1,0,0,2,0,4,1,0,1,0,1,2,0,0,0,0,0,0,1,1,1,0,0,1,1,0,0,1,1,0,0,1,0,0,1,3,1,0,0,1,1,0,0,0,1
2354,17,4,0.374504052,0,67216,0,1,0,2,0,1,0,0,0,2,4,3,4,3,2,4,2,5,3,3,2,2,2,3,2,2,2,2,2,3,3,4,0,0.194569123,-0.067200133,-0.107015046,1,0,0,1,4,0,0,1,0,0,2,0,4,1,0,1,1,0,1,0,0,0,0,0,1,0,0,0,1,0,2,1,0,0,1,0,0,1,3,1,0,0,1,1,0,0,1,0,0,1,0,3
2355,44,4,0.568604762,0,37932,0,1,0,4,0,0,0,1,0,2,5,4,4,4,3,2,1,3,5,5,2,2,2,4,2,3,2,2,3,3,3,3,1,-0.209883967,-1.109770701,0.61029677,1,1,0,0,2,0,1,1,0,0,2,0,4,1,0,1,1,0,1,0,1,0,0,1,0,1,1,1,0,0,1,1,0,0,1,0,1,0,2,1,0,0,1,1,0,0,1,1,0,0,0,1
2357,48,4,0.529310787,0,22044,1,0,0,3,0,0,1,0,0,3,5,4,4,5,3,3,2,5,5,5,1,3,2,4,2,2,1,2,3,4,2,2,1,1.396272154,1.331037549,-0.405685632,1,0,0,1,4,0,0,1,0,0,2,0,4,1,0,1,1,0,1,0,0,0,0,0,0,1,1,0,0,1,3,0,0,1,3,0,0,1,3,0,0,1,3,0,1,0,2,0,0,1,0,3
2364,50,2,0.89587888,0,26301,0,1,0,3,0,0,1,0,0,2,4,2,2,4,1,1,1,4,4,4,1,1,1,4,1,3,1,1,3,4,1,1,1,0.370789463,-0.726278773,0.134500874,0,0,1,0,3,1,1,1,0,0,2,0,4,1,0,1,1,0,1,0,0,0,1,0,0,1,1,1,0,0,1,0,1,0,2,0,0,1,3,0,0,1,3,1,0,0,1,0,1,0,0,2
2365,15,2,1.143433428,0,46055,0,1,0,1,1,0,0,0,0,1,3,1,5,3,1,3,1,1,1,1,2,2,2,3,2,2,2,2,2,3,3,4,1,0.290098736,0.169391057,0.128730252,1,0,1,0,3,1,1,1,0,0,2,0,4,0,1,2,0,1,2,0,0,0,0,1,0,1,1,0,0,0,0,0,0,0,0,0,0,0,0,0,0,0,0,0,0,0,0,0,0,0,0,0
2366,45,4,0.298221413,1,75451,0,0,1,3,0,0,1,0,0,3,5,5,5,4,2,2,2,2,4,4,2,2,2,3,2,2,2,2,2,4,4,4,1,-0.183028984,-1.29441031,-1.472339051,0,0,0,1,4,0,0,1,0,0,2,0,4,1,0,1,0,0,3,0,1,0,0,0,0,1,1,1,0,0,1,1,0,0,1,1,0,0,1,1,0,0,1,1,0,0,1,1,0,0,0,1
2367,10,2,1.816106341,1,33069,0,1,0,4,0,0,0,1,0,3,5,5,1,5,1,1,1,5,5,4,1,3,2,1,1,2,2,2,2,3,4,1,1,0.362670828,-0.092058936,-0.750840699,1,0,1,0,3,0,0,1,0,0,2,0,4,0,1,2,0,1,2,0,1,0,1,0,0,1,1,0,1,0,2,0,0,1,3,0,0,1,3,0,1,0,2,0,1,0,2,0,0,1,0,3
2368,11,4,0.13905906,0,31903,0,1,0,2,0,1,0,0,0,2,4,2,3,4,2,3,3,4,4,2,1,1,3,1,1,1,1,1,3,1,2,1,0,-0.857529586,-0.511025789,0.854325207,1,1,0,0,2,0,0,0,1,0,2,0,2,1,0,1,0,0,3,1,0,0,0,1,1,0,0,0,1,0,2,1,0,0,1,0,1,0,2,0,0,1,3,1,0,0,1,1,0,0,0,1
2369,1,4,0.741737667,0,36107,0,1,0,3,0,0,1,0,0,2,5,3,4,5,1,1,1,1,5,1,2,2,2,4,2,2,2,2,2,4,4,4,1,-0.411273925,-1.732515868,-0.101855254,1,0,1,0,3,1,1,1,0,0,2,0,4,1,0,1,1,0,1,0,1,0,0,1,0,1,1,0,1,0,2,0,1,0,2,0,1,0,2,0,0,1,3,1,0,0,1,0,0,0,1,4
2370,49,2,0.013068713,0,98310,0,1,0,4,0,0,0,1,0,4,5,4,3,4,3,3,5,4,4,4,1,1,1,1,1,1,1,1,3,1,1,1,1,-0.471350049,-0.994006425,-1.383354613,1,0,0,0,1,0,0,1,0,0,2,0,4,1,0,1,0,0,3,0,1,0,1,1,1,1,1,0,1,0,2,0,1,0,2,1,0,0,1,0,1,0,2,0,1,0,2,0,0,0,1,4
2373,10,4,0.270976533,0,32567,0,0,1,2,0,1,0,0,0,2,4,2,4,5,2,2,2,5,5,4,1,1,1,1,3,1,3,1,3,1,2,3,1,0.130600645,0.775871568,0.145621579,1,1,0,0,2,0,0,1,0,0,2,0,4,1,0,1,0,1,2,0,1,0,0,1,0,1,1,1,0,0,1,1,0,0,1,1,0,0,1,1,0,0,1,1,0,0,1,1,0,0,0,1
2375,50,4,0.319234212,0,25705,0,1,0,1,1,0,0,0,0,1,3,3,4,3,1,1,1,1,1,1,2,2,2,4,2,2,2,2,2,4,4,4,1,0.211020233,-0.147695141,-2.203287842,0,0,0,1,4,0,0,1,0,0,2,0,4,1,0,1,1,0,1,0,0,0,0,1,1,1,1,0,1,0,2,0,1,0,2,0,1,0,2,0,0,1,3,1,0,0,1,0,1,0,0,2
2377,14,4,1.374159597,0,60418,0,1,0,3,0,0,1,0,0,3,4,4,4,4,1,1,1,1,1,1,2,2,2,4,2,2,2,2,2,1,1,1,1,0.181433311,-0.441294699,-0.960072176,1,0,0,1,4,0,0,1,0,0,2,0,4,0,0,0,0,1,2,0,0,0,0,0,0,1,1,0,1,0,2,0,0,1,3,1,0,0,1,0,1,0,2,0,1,0,2,0,0,1,0,3
2378,49,4,3.18E-06,0,98682,0,1,0,1,1,0,0,0,0,1,3,1,5,5,1,1,1,1,1,1,2,2,2,4,2,2,2,2,2,4,4,4,1,0.014029548,-1.50140692,-1.044141641,0,0,0,1,4,0,0,1,0,0,2,0,4,1,0,1,1,0,1,0,0,0,0,0,0,1,1,0,1,0,2,0,1,0,2,0,1,0,2,1,0,0,1,1,0,0,1,0,0,1,0,3
2385,14,4,1.196782536,0,62413,0,0,1,2,0,1,0,0,0,2,5,4,2,5,1,1,1,4,4,2,1,3,2,4,2,2,2,2,3,4,2,2,1,-1.113503029,-0.242344425,-0.437672583,1,0,0,1,4,1,1,1,0,0,2,0,4,0,1,2,0,1,2,0,0,0,0,1,0,1,1,1,0,0,1,1,0,0,1,0,1,0,2,1,0,0,1,1,0,0,1,1,0,0,0,1
2392,33,2,0.937086271,0,10468,1,0,0,3,0,0,1,0,0,3,4,3,3,3,3,4,2,4,4,4,2,2,2,3,2,2,2,2,3,3,3,3,1,-0.019883259,0.30713608,0.416724757,0,0,0,0,1,0,0,0,1,0,1,1,1,1,0,1,1,0,1,0,0,0,0,0,0,1,1,0,0,1,3,0,0,1,3,0,1,0,2,1,0,0,1,0,0,1,3,0,0,1,0,3
2394,48,2,1.093022168,0,22630,0,1,0,3,0,0,1,0,0,2,6,3,5,4,1,1,1,4,5,5,2,2,2,3,2,2,2,2,3,1,2,2,1,1.475735392,-0.454829645,0.433233528,1,0,0,1,4,0,0,1,0,0,2,0,4,1,0,1,1,0,1,0,0,0,1,0,0,1,1,1,0,0,1,0,1,0,2,1,0,0,1,0,0,1,3,1,0,0,1,1,0,0,0,1
2396,16,2,0.805547345,0,50309,0,1,0,3,0,0,1,0,0,2,4,3,1,5,1,1,1,4,4,4,2,2,2,4,2,3,2,3,3,4,3,4,1,-0.318261754,-2.022151871,-0.270271747,1,1,0,0,2,0,0,0,1,0,2,0,2,1,0,1,1,0,1,0,0,0,1,0,1,1,1,1,0,0,1,0,0,1,3,1,0,0,1,0,1,0,2,1,0,0,1,0,0,0,1,4
2398,11,4,1.572865664,0,30324,0,1,0,3,0,0,1,0,0,3,2,2,2,2,1,1,5,1,1,2,2,2,2,4,2,2,3,2,2,3,3,2,1,0.631835663,-0.744704291,0.487656559,1,0,1,0,3,0,0,0,1,0,2,0,2,0,0,0,1,0,1,0,0,0,0,0,0,1,1,0,1,0,2,0,0,1,3,0,0,1,3,0,0,1,3,1,0,0,1,0,0,0,1,4
2401,39,4,0.083562149,0,16001,0,1,0,2,0,1,0,0,0,1,4,1,3,4,1,1,1,4,4,4,2,2,3,4,2,2,3,3,3,4,4,4,1,-1.704070353,0.685873764,0.131692564,1,0,1,0,3,0,0,1,0,0,2,0,4,1,0,1,1,0,1,0,0,0,0,0,1,1,1,0,1,0,2,0,0,1,3,1,0,0,1,0,1,0,2,1,0,0,1,0,1,0,0,2
2403,18,4,0.433100399,0,40160,0,1,0,1,1,0,0,0,0,2,5,2,4,4,1,1,1,2,4,4,2,2,2,1,2,2,2,2,2,4,3,3,1,1.203659357,-0.525805645,0.272513131,1,0,1,0,3,0,0,1,0,0,2,0,4,1,0,1,0,1,2,0,1,0,0,1,0,1,1,1,0,0,1,1,0,0,1,0,0,1,3,0,0,1,3,1,0,0,1,1,0,0,0,1
2405,24,4,0.480923729,0,55987,1,0,0,5,0,0,0,0,1,3,5,3,3,5,1,2,1,4,4,3,2,2,2,3,2,2,2,2,3,3,2,3,1,0.436305676,0.221382601,-0.339937995,1,0,1,0,3,0,0,1,0,0,2,0,4,1,0,1,0,0,3,0,1,0,0,0,0,1,1,0,0,1,3,0,0,1,3,1,0,0,1,0,1,0,2,1,0,0,1,0,1,0,0,2
2407,16,2,1.737081608,0,52729,0,0,1,3,0,0,1,0,0,2,5,2,4,4,2,2,4,4,5,5,2,2,2,3,2,2,2,2,2,3,3,3,1,1.013252358,-0.226746052,-1.360851212,1,0,1,0,3,0,0,1,0,0,2,0,4,1,0,1,0,1,2,0,0,0,1,1,0,1,1,1,0,0,1,1,0,0,1,1,0,0,1,0,0,1,3,1,0,0,1,1,0,0,0,1
2411,26,4,0.625169167,0,63108,1,0,0,3,0,0,1,0,0,2,5,2,4,5,1,1,1,4,4,2,1,1,1,4,2,2,2,2,3,4,2,3,1,1.303959733,0.586645348,0.954776368,1,0,0,1,4,1,1,1,0,0,2,0,4,0,1,2,1,0,1,0,0,0,0,1,0,1,1,0,0,1,3,0,0,1,3,0,1,0,2,0,0,1,3,0,0,1,3,0,0,0,1,4
2412,39,2,0.370223352,0,16101,0,1,0,2,0,1,0,0,0,1,5,3,3,5,1,5,1,4,5,3,2,2,2,3,2,2,2,2,1,1,1,3,1,0.685651417,0.430671094,0.784946793,1,0,0,1,4,0,0,1,0,0,2,0,4,1,0,1,1,0,1,0,0,0,1,1,0,1,1,1,0,0,1,0,1,0,2,1,0,0,1,0,1,0,2,1,0,0,1,1,0,0,0,1
2416,8,4,3.683299051,0,19707,0,1,0,3,0,0,1,0,0,2,5,3,5,4,1,1,1,4,5,5,2,2,2,3,2,2,2,2,2,3,3,3,1,1.57872804,-0.189593785,1.218462739,1,0,1,0,3,1,1,1,0,0,2,0,4,0,0,3,0,1,2,0,0,0,0,1,0,1,1,1,0,0,1,1,0,0,1,0,1,0,2,0,0,1,3,1,0,0,1,1,0,0,0,1
2417,36,4,0.831956527,0,44672,0,1,0,2,0,1,0,0,0,3,4,5,2,4,2,2,3,5,5,5,2,3,2,3,2,2,2,2,3,1,2,2,1,-1.407676222,0.286091217,-1.327014173,1,0,0,1,4,0,0,1,0,0,2,0,4,1,0,1,0,1,2,0,1,0,0,1,0,1,1,1,0,0,1,0,1,0,2,1,0,0,1,0,0,1,3,1,0,0,1,1,0,0,0,1
2418,38,4,0.000170568,0,97601,0,1,0,5,0,0,0,0,1,4,5,5,3,5,5,5,3,5,5,5,3,3,3,2,3,2,3,3,2,2,2,2,1,1.610887949,0.310376423,-1.07441087,1,0,1,0,3,0,0,1,0,0,2,0,4,1,0,1,0,0,3,0,1,0,0,0,1,1,1,0,1,0,2,0,1,0,2,0,1,0,2,0,1,0,2,1,0,0,1,0,0,1,0,3
2419,11,4,0.173532241,0,31206,0,1,0,2,0,1,0,0,0,4,5,3,2,3,4,4,2,3,4,4,1,1,1,1,1,2,1,1,1,1,2,2,1,-0.85644965,0.221322266,-0.513225111,1,0,1,0,3,0,0,0,1,0,2,0,2,1,0,1,0,0,3,0,1,0,0,0,0,1,1,1,0,0,1,1,0,0,1,0,0,1,3,0,1,0,2,1,0,0,1,1,0,0,0,1
2420,5,4,0.000143692,1,91911,1,0,0,3,0,0,1,0,0,2,5,4,4,5,4,2,2,4,4,4,2,2,2,4,2,2,2,2,3,4,4,4,1,-0.037125768,-0.51525899,0.361673307,1,0,1,0,3,0,0,1,0,0,2,0,4,1,0,1,0,1,2,0,1,0,0,0,0,1,1,0,0,1,3,0,0,1,3,0,0,1,3,0,0,1,3,0,1,0,2,0,0,0,1,4
2422,14,2,2.248691383,0,62060,0,1,0,2,0,1,0,0,0,2,5,4,5,5,1,1,1,3,3,1,2,2,2,4,2,2,3,2,2,4,2,4,1,0.646516418,-0.942978431,-0.799086823,1,0,1,0,3,0,0,1,0,0,2,0,4,1,0,1,1,0,1,0,0,0,1,1,0,1,1,0,1,0,2,0,1,0,2,1,0,0,1,1,0,0,1,1,0,0,1,0,1,0,0,2
2423,44,4,0.218438437,0,38024,0,1,0,5,0,0,0,0,1,3,5,3,5,5,1,5,1,5,5,5,2,2,2,4,2,2,2,2,3,3,3,3,1,1.231130988,0.033378123,0.762116111,1,0,1,0,3,0,0,1,0,0,2,0,4,0,1,2,0,1,2,0,1,0,0,0,0,1,1,1,0,0,1,0,1,0,2,0,1,0,2,1,0,0,1,1,0,0,1,1,0,0,0,1
2426,34,4,0.527653654,0,27557,0,0,1,3,0,0,1,0,0,3,3,3,5,4,4,3,3,4,3,4,3,2,2,3,1,1,1,1,3,1,1,1,1,-0.085992267,-0.259654936,0.012401043,0,0,0,1,4,0,0,0,1,0,2,0,2,1,0,1,0,1,2,0,0,0,0,0,0,1,1,1,0,0,1,1,0,0,1,0,1,0,2,0,1,0,2,1,0,0,1,1,0,0,0,1
2427,11,4,0.964232141,0,30153,0,1,0,2,0,1,0,0,0,2,4,3,4,3,3,3,2,3,3,3,2,2,2,4,2,2,2,2,2,3,3,3,1,0.297978564,0.264625354,-0.574066546,1,0,0,1,4,0,0,1,0,0,2,0,4,1,0,1,0,0,3,1,0,0,0,1,0,1,1,1,0,0,1,1,0,0,1,0,1,0,2,0,0,1,3,1,0,0,1,1,0,0,0,1
2429,48,2,0.419201446,0,23503,0,1,0,3,0,0,1,0,0,2,3,3,4,5,2,2,2,5,4,4,2,2,2,1,3,3,3,2,3,2,2,2,1,1.022346347,0.614124634,0.341135942,1,0,1,0,3,0,0,1,0,0,2,0,4,1,0,1,0,0,3,0,0,0,1,0,0,1,1,0,0,1,3,1,0,0,1,0,0,1,3,1,0,0,1,1,0,0,1,0,0,1,0,3
2432,23,4,0.152162818,0,49464,0,1,0,3,0,0,1,0,0,3,4,3,4,5,2,3,3,4,4,3,2,2,2,4,2,2,2,2,2,3,3,4,1,-0.262743184,-1.104973633,0.313700433,1,1,0,0,2,0,0,1,0,0,2,0,4,1,0,1,0,0,3,1,0,0,0,0,0,1,1,1,0,0,1,0,0,1,3,0,1,0,2,0,1,0,2,1,0,0,1,1,0,0,0,1
2434,39,4,0.513729447,0,16801,1,0,0,3,0,0,1,0,0,4,5,5,2,5,1,3,3,1,4,3,2,2,2,2,2,2,2,2,2,2,2,2,0,0.560177781,-0.655555084,-1.679960905,0,0,1,0,3,0,0,1,0,0,2,0,4,1,0,1,0,0,3,0,1,0,0,0,0,0,0,0,0,1,3,0,0,1,3,0,1,0,2,0,0,1,3,1,0,0,1,0,0,0,1,4
2437,32,2,0.063557519,0,88032,0,0,1,4,0,0,0,1,0,3,5,5,3,5,5,4,4,5,5,4,2,3,2,3,2,2,2,2,2,3,3,4,1,0.943154076,0.588025289,0.503888331,1,1,0,0,2,1,1,1,0,0,2,0,4,0,1,2,0,0,3,1,0,0,0,1,0,1,1,0,0,0,0,0,0,0,0,0,0,0,0,0,0,0,0,0,0,0,0,0,0,0,0,0
2438,16,4,0.461235833,0,51501,0,1,0,2,0,1,0,0,0,4,5,5,2,5,3,3,1,5,5,2,2,3,3,4,2,2,2,2,2,4,4,4,1,-1.786318677,0.341525975,-0.44931137,1,0,1,0,3,0,0,1,0,0,2,0,4,1,0,1,1,0,1,0,1,0,0,0,1,1,1,0,1,0,2,0,1,0,2,0,0,1,3,0,0,1,3,1,0,0,1,0,1,0,0,2
2441,45,2,0.263466737,0,79855,0,0,1,3,0,0,1,0,0,3,5,4,4,3,2,2,2,4,3,3,2,1,1,2,1,2,2,1,2,2,2,2,1,-0.088778247,-0.495990524,-0.389577324,0,0,0,1,4,0,0,1,0,0,2,0,4,1,0,1,1,0,1,0,0,1,1,0,0,1,1,1,0,0,1,1,0,0,1,1,0,0,1,0,0,1,3,1,0,0,1,1,0,0,0,1
2442,3,4,0.4307338,1,85382,0,1,0,5,0,0,0,0,1,3,5,1,5,5,1,1,2,3,3,1,3,2,3,3,2,2,2,1,3,3,3,4,1,-1.670134403,-0.948962374,1.850663433,1,1,0,0,2,0,0,0,1,0,2,0,2,0,0,3,0,0,3,1,0,0,0,1,0,1,1,0,1,0,2,0,1,0,2,0,1,0,2,0,0,1,3,1,0,0,1,0,1,0,0,2
2445,38,4,0.000474186,0,97224,1,0,0,1,1,0,0,0,0,1,5,2,5,5,1,1,1,1,3,1,1,2,2,4,2,2,1,2,3,4,1,3,1,0.744533635,-1.321845263,-0.042256094,1,0,0,1,4,0,0,1,0,0,2,0,4,1,0,1,1,0,1,0,0,0,0,0,0,1,1,0,0,1,3,0,0,1,3,0,1,0,2,0,0,1,3,0,1,0,2,0,0,1,0,3
2447,32,4,0.000197298,0,87031,0,1,0,2,0,1,0,0,0,1,4,3,3,5,3,4,4,3,5,5,1,1,2,2,2,2,1,2,3,3,2,2,1,1.230282929,0.055090198,0.710160515,1,0,0,1,4,0,1,1,0,0,2,0,4,0,1,2,0,0,3,0,0,0,0,1,0,1,1,1,0,0,1,1,0,0,1,0,1,0,2,0,0,1,3,0,1,0,2,0,1,0,0,2
2448,16,4,1.575747583,0,50248,0,1,0,1,1,0,0,0,0,1,5,3,5,5,1,1,1,1,5,2,2,2,2,3,2,2,2,2,3,4,2,3,1,0.946082869,-0.495746398,0.061566889,1,0,0,1,4,0,0,1,0,0,2,0,4,0,1,2,0,1,2,0,0,0,0,1,0,1,1,1,0,0,1,1,0,0,1,0,1,0,2,0,0,1,3,1,0,0,1,1,0,0,0,1
2449,5,4,24.47883944,0,92656,1,0,0,2,0,1,0,0,0,2,5,3,3,2,2,2,2,3,4,2,1,2,2,2,2,2,3,2,1,4,2,4,1,-0.28336416,-0.572295043,-0.389695301,1,0,0,1,4,0,0,1,0,0,2,0,4,0,0,3,1,0,1,0,0,0,0,1,0,1,1,0,0,1,3,0,0,1,3,0,0,1,3,1,0,0,1,0,1,0,2,0,0,1,0,3
2450,10,4,0.372444588,0,33884,0,1,0,3,0,0,1,0,0,2,5,3,2,4,3,3,3,4,4,4,2,2,2,3,2,2,2,2,2,3,3,3,1,-0.055995839,0.488633664,0.14849648,0,0,0,1,4,0,0,1,0,0,2,0,4,0,1,2,0,1,2,0,0,0,0,0,0,1,1,1,0,0,1,0,1,0,2,0,1,0,2,0,0,1,3,1,0,0,1,1,0,0,0,1
2451,23,2,1.729280672,0,48227,0,1,0,3,0,0,1,0,0,1,5,4,5,4,1,1,1,5,5,5,3,3,3,2,3,1,3,1,3,2,2,2,1,0.955622461,1.503924054,0.792778726,1,1,0,0,2,0,0,0,1,0,1,1,1,0,0,3,0,0,3,1,0,0,0,1,0,1,1,0,0,1,3,1,0,0,1,0,1,0,2,1,0,0,1,1,0,0,1,0,0,1,0,3
2453,10,4,5.373204407,1,33598,0,1,0,5,0,0,0,0,1,1,2,2,4,3,1,1,1,1,1,1,3,3,2,2,2,2,2,2,2,3,3,4,1,0.06173913,0.339955641,-1.439737609,1,1,0,0,2,1,1,0,0,0,2,0,5,0,0,3,0,0,3,1,0,0,0,1,0,1,1,1,0,0,1,1,0,0,1,1,0,0,1,0,1,0,2,1,0,0,1,1,0,0,0,1
2455,22,4,0.882398019,0,2779,0,1,0,2,0,1,0,0,0,3,3,3,3,4,2,2,2,3,3,2,2,2,2,3,2,2,2,2,2,3,3,3,0,0.02156083,0.395241786,-0.196153133,0,0,0,1,4,0,1,1,0,0,2,0,4,0,0,0,0,1,2,0,0,0,0,1,0,0,0,1,0,0,1,1,0,0,1,0,1,0,2,1,0,0,1,1,0,0,1,1,0,0,0,1
2457,5,3,0.000116129,0,90029,1,0,0,4,0,0,0,1,0,1,5,5,5,5,4,3,5,4,5,5,3,3,3,2,3,3,3,1,2,2,2,3,1,0.038056131,-0.074636029,0.725728245,1,1,0,0,2,0,0,0,1,0,2,0,2,1,0,1,0,1,2,1,0,0,0,1,0,1,1,0,0,1,3,0,0,1,3,0,0,1,3,0,0,1,3,0,0,1,3,0,0,0,1,4
2458,42,4,0.643509085,0,29842,0,1,0,5,0,0,0,0,1,4,6,5,1,2,2,1,5,5,5,5,1,1,1,1,1,1,3,1,1,2,2,2,1,1.25614676,-1.320572059,0.404849973,1,1,0,0,2,0,0,1,0,0,2,0,4,1,0,1,0,0,3,1,0,0,0,0,0,1,1,1,0,0,1,1,0,0,1,0,1,0,2,0,0,1,3,1,0,0,1,1,0,0,0,1
2459,4,2,0.61340564,0,72204,0,1,0,3,0,0,1,0,0,2,4,3,3,3,1,3,4,3,5,4,3,3,2,3,1,2,3,2,3,2,3,3,1,1.313400166,0.603905095,0.498464044,1,1,0,0,2,0,0,0,1,0,2,0,2,0,1,2,0,1,2,1,0,0,1,0,0,1,1,0,1,0,2,0,1,0,2,0,1,0,2,0,1,0,2,1,0,0,1,0,0,0,1,4
2462,5,2,3.46E-05,1,95843,0,1,0,5,0,0,0,0,1,2,5,4,4,5,4,4,1,4,1,1,1,1,1,2,3,3,1,3,3,1,2,1,0,-3.531135014,0.819774704,1.979077559,0,0,1,0,3,0,0,1,0,0,2,0,4,1,0,1,1,0,1,1,1,0,0,1,1,0,0,0,0,1,3,0,1,0,2,0,0,1,3,1,0,0,1,1,0,0,1,0,0,1,0,3
2465,33,2,0.427894322,0,14213,1,0,0,3,0,0,1,0,0,4,5,5,5,5,1,5,1,5,5,5,1,2,2,1,3,1,3,1,3,2,2,2,1,0.796484539,0.665347947,0.997302224,1,1,0,0,2,0,0,0,1,0,2,0,2,0,1,2,0,1,2,0,0,0,1,1,0,1,1,0,0,1,3,0,0,1,3,0,1,0,2,0,1,0,2,0,1,0,2,0,0,0,1,4
2466,45,4,2.502451306,1,78240,1,0,0,3,0,0,1,0,0,2,5,4,3,5,3,2,1,3,4,3,2,2,2,4,2,2,2,2,2,4,2,4,1,-1.247098344,-1.148204568,-1.271537127,0,0,0,1,4,1,1,1,0,0,2,0,4,1,0,1,0,1,2,0,0,0,0,0,0,1,1,0,0,1,3,0,0,1,3,1,0,0,1,0,1,0,2,1,0,0,1,0,0,1,0,3
2468,42,2,1.703134181,0,29569,0,0,1,2,0,1,0,0,0,1,4,3,4,5,3,2,2,5,5,5,3,3,3,2,2,3,2,2,3,1,2,3,1,1.292790209,1.035656625,0.950605713,0,1,0,0,2,0,0,0,1,0,2,0,2,1,0,1,1,0,1,0,0,0,1,1,0,1,1,1,0,0,1,1,0,0,1,0,1,0,2,1,0,0,1,1,0,0,1,1,0,0,0,1
2471,47,4,0.696482021,0,5404,1,0,0,3,0,0,1,0,0,2,5,4,1,5,1,1,1,3,4,1,1,1,1,1,2,2,2,2,3,4,2,4,1,0.746630605,-1.889349607,0.05623692,1,0,0,1,4,0,1,1,0,0,2,0,4,0,1,2,0,0,3,0,0,0,0,1,0,1,1,0,0,1,3,0,0,1,3,1,0,0,1,0,1,0,2,1,0,0,1,0,0,0,1,4
2472,36,2,5.916118708,0,43201,1,0,0,2,0,1,0,0,0,3,5,4,4,4,3,2,4,3,4,3,3,2,2,3,2,2,2,2,2,4,2,3,1,0.281088778,0.222973396,-0.296128006,0,0,0,1,4,0,0,1,0,0,2,0,4,0,0,3,0,1,2,0,0,0,1,0,0,1,1,0,0,1,3,0,0,1,3,0,1,0,2,0,1,0,2,1,0,0,1,0,0,0,1,4
2475,48,1,3.203678418,0,22407,0,1,0,2,0,1,0,0,0,1,4,1,2,3,1,1,1,3,3,1,2,3,2,2,2,2,2,2,2,3,3,3,1,-0.155354904,-0.38734676,0.795268253,0,0,1,0,3,0,0,1,0,0,2,0,4,0,0,3,0,0,3,1,0,0,0,1,0,1,1,1,0,0,1,0,1,0,2,0,1,0,2,1,0,0,1,1,0,0,1,1,0,0,0,1
2478,11,4,0.21020711,0,30233,0,0,1,2,0,1,0,0,0,2,4,3,4,4,1,1,1,3,3,3,2,2,2,3,2,2,2,2,2,4,3,4,1,-0.520466875,-1.011566987,-0.429118979,1,0,0,1,4,0,1,1,0,0,2,0,4,1,0,1,0,1,2,0,0,0,0,1,0,1,1,1,0,0,1,1,0,0,1,0,1,0,2,0,0,1,3,1,0,0,1,1,0,0,0,1
2479,10,2,1.878252094,0,34288,0,0,1,2,0,1,0,0,0,2,4,3,4,3,2,2,2,2,2,2,3,2,2,1,2,2,2,2,3,3,3,3,1,1.049316309,0.349836584,-0.083109157,0,0,0,1,4,0,0,1,0,0,2,0,4,0,1,2,0,1,2,0,0,1,1,1,0,1,1,0,0,0,0,0,0,0,0,0,0,0,0,0,0,0,0,0,0,0,0,0,0,0,0,0
2480,34,4,0.052697034,0,27262,0,1,0,1,1,0,0,0,0,3,2,2,4,2,3,2,4,4,4,4,1,1,2,2,2,2,2,2,1,4,4,4,1,0.449628528,-0.132536929,0.146043737,1,0,1,1,4,0,0,1,0,0,2,0,4,1,0,1,1,0,1,0,1,0,0,0,1,1,1,0,1,0,2,0,1,0,2,1,0,0,1,0,0,1,3,1,0,0,1,0,1,0,0,2
2484,45,4,0.55600604,1,77084,0,1,0,5,0,0,0,0,1,4,5,5,1,4,1,1,1,4,4,4,1,1,1,1,2,2,2,2,3,4,4,4,1,-0.251974678,-0.367384617,-0.892124938,1,0,0,1,4,0,0,1,0,0,2,0,4,1,0,1,0,1,2,0,1,0,0,1,0,1,1,0,0,1,3,1,0,0,1,0,1,0,2,1,0,0,1,1,0,0,1,1,0,0,0,1
2486,45,4,1.235038195,1,77802,0,1,0,2,0,1,0,0,0,3,3,4,3,3,3,2,2,4,4,3,2,2,1,3,2,2,2,2,2,4,3,1,1,0.169821626,-0.241047829,-0.983506784,1,0,0,1,4,1,1,1,0,0,2,0,4,0,1,2,0,1,2,0,0,0,0,1,0,1,1,0,1,0,2,0,1,0,2,1,0,0,1,0,0,1,3,1,0,0,1,0,1,0,0,2
2493,10,2,1.033228439,0,34771,0,1,0,1,1,0,0,0,0,1,5,0,5,5,1,1,1,4,5,5,2,2,2,3,2,2,2,2,2,3,3,3,1,-2.178842047,-1.52459017,-0.75243113,1,1,0,0,2,0,0,1,0,0,2,0,4,1,0,1,0,1,2,0,0,0,0,1,0,1,1,1,0,0,1,1,0,0,1,0,1,0,2,0,0,1,3,1,0,0,1,1,0,0,0,1
2495,35,4,0.799986129,0,58545,0,0,1,2,0,1,0,0,0,2,6,3,3,4,2,3,3,4,5,3,2,2,2,3,2,2,2,2,3,3,2,4,1,0.067008007,-0.00073184,-0.907357067,1,0,1,0,3,0,0,1,0,0,2,0,4,1,0,1,1,0,1,0,0,0,0,0,0,1,1,1,0,0,1,1,0,0,1,1,0,0,1,0,0,1,3,1,0,0,1,1,0,0,0,1
2496,18,4,0.211112234,0,40965,0,1,0,3,0,0,1,0,0,2,5,3,4,5,1,4,1,2,5,3,2,2,2,2,2,2,1,1,3,2,2,3,1,0.603687199,0.432558427,0.980105975,1,1,0,0,2,0,0,1,0,0,2,0,4,1,0,1,0,0,3,1,1,0,0,0,0,1,1,1,0,0,1,1,0,0,1,1,0,0,1,0,1,0,2,1,0,0,1,1,0,0,0,1
2497,45,4,1.990261878,1,75067,1,0,0,3,0,0,1,0,0,3,4,4,4,4,4,3,2,4,2,3,1,1,2,4,2,2,2,3,3,3,2,4,1,-0.188905256,-0.033531518,0.064794986,1,0,1,0,3,0,0,1,0,0,2,0,4,1,0,1,0,0,3,1,1,0,0,0,0,1,1,0,0,1,3,0,0,1,3,0,0,1,3,0,1,0,2,0,1,0,2,0,0,1,0,3
2499,33,4,2.953812744,0,10598,0,1,0,2,0,1,0,0,0,2,4,3,4,2,1,1,1,3,3,3,2,2,2,3,2,2,2,2,2,4,3,3,1,-0.688232251,1.105051096,-0.051625876,0,0,0,1,4,0,1,1,0,0,2,0,4,0,0,3,0,1,2,0,0,0,0,1,0,1,1,1,0,0,1,0,1,0,2,0,1,0,2,1,0,0,1,1,0,0,1,0,1,0,0,2
2501,27,2,0.034596128,0,59102,0,1,0,2,0,1,0,0,0,3,4,4,4,4,2,4,1,2,2,2,3,2,2,3,2,2,2,2,2,2,2,3,1,0.165341985,-1.492050682,0.043731251,0,0,0,1,4,0,0,1,0,0,2,0,4,0,0,3,0,0,3,1,0,0,1,1,0,1,1,0,1,0,2,0,0,1,3,1,0,0,1,0,0,1,3,1,0,0,1,0,1,0,0,2
2502,39,4,0.5309875,0,16602,1,0,0,3,0,0,1,0,0,3,4,4,2,5,1,1,1,4,4,3,3,2,2,4,2,2,2,1,2,4,4,4,0,-0.101579595,-1.296660971,0.127503014,1,0,1,0,3,1,1,1,0,0,2,0,4,1,0,1,1,0,1,0,0,0,0,0,1,0,0,0,0,1,3,0,0,1,3,1,0,0,1,0,0,1,3,1,0,0,1,0,0,1,0,3
2507,34,4,9.587231602,0,27610,0,1,0,3,0,0,1,0,0,3,5,4,3,4,2,4,3,5,3,4,2,2,2,4,2,2,2,2,2,2,2,2,0,1.128291332,-0.111804148,-0.239309212,1,0,1,0,3,1,1,1,1,0,2,0,2,1,0,1,1,0,1,0,1,0,0,1,0,0,0,0,1,0,2,0,0,1,3,0,0,1,3,0,1,0,2,1,0,0,1,0,0,1,0,3
2510,22,4,0.450710119,0,1080,0,1,0,2,0,1,0,0,0,3,4,3,4,2,1,4,2,2,3,4,2,2,2,3,2,2,2,2,2,3,3,3,1,0.77762543,0.325246675,-0.347957381,0,0,0,1,4,0,0,1,0,0,2,0,4,1,0,1,1,0,1,0,0,0,0,0,0,1,1,1,0,0,1,1,0,0,1,1,0,0,1,1,0,0,1,1,0,0,1,1,0,0,0,1
2511,1,4,1.650054675,0,35776,0,0,1,2,0,1,0,0,0,1,5,2,4,5,1,1,1,1,4,2,2,2,2,3,2,2,2,2,2,3,3,3,1,1.376238865,0.436014779,0.855094877,0,0,0,1,4,0,0,1,0,0,2,0,4,0,1,2,0,1,2,0,1,0,0,1,0,1,1,1,0,0,1,1,0,0,1,1,0,0,1,0,1,0,2,1,0,0,1,1,0,0,0,1
2512,39,4,0.176959021,0,18042,1,0,0,2,0,1,0,0,0,2,5,4,2,5,1,1,1,4,4,3,2,1,1,4,2,2,2,2,3,4,4,4,1,0.516507842,-1.926984833,0.525682211,0,1,0,0,2,0,0,1,0,0,2,0,4,1,0,1,0,0,3,1,0,0,0,0,0,1,1,0,0,1,3,0,0,1,3,0,0,1,3,0,1,0,2,1,0,0,1,0,0,0,1,4
2514,3,4,0.047306935,0,85139,0,1,0,1,1,0,0,0,0,1,5,1,5,3,1,1,1,1,1,1,2,2,2,4,2,2,2,2,2,4,3,4,1,-0.943035576,1.059105997,1.196387816,0,0,0,1,4,0,0,1,0,0,2,0,4,0,1,2,0,1,2,0,0,0,0,1,0,1,1,0,1,0,2,1,0,0,1,0,1,0,2,1,0,0,1,1,0,0,1,1,0,0,0,1
2520,33,4,0.823115447,0,12553,0,1,0,2,0,1,0,0,0,3,3,3,2,5,3,4,2,5,5,4,1,3,3,4,2,1,2,1,2,1,2,4,1,0.602889739,0.655261913,-1.661511868,1,0,0,1,4,0,0,1,0,0,2,0,4,1,0,1,0,0,3,1,1,0,0,1,0,1,1,0,1,0,2,0,1,0,2,0,1,0,2,0,0,1,3,0,1,0,2,0,1,0,0,2
2523,27,4,0.389114953,0,59701,0,1,0,3,0,0,1,0,0,3,4,4,4,3,2,2,2,3,3,3,1,1,1,1,1,1,3,1,2,1,3,1,0,0.141046842,-0.102962203,-0.501186044,1,0,0,1,4,0,0,1,0,0,2,0,4,1,0,1,1,0,1,1,0,0,0,1,0,0,0,0,1,0,2,0,1,0,2,0,0,1,3,0,0,1,3,1,0,0,1,0,0,0,1,4
2524,34,2,1.095781262,0,28214,0,1,0,2,0,1,0,0,0,2,5,3,4,4,1,2,1,4,5,2,2,2,2,4,2,2,2,2,2,3,2,3,1,0.432246005,0.717127569,-0.733148311,0,0,1,0,3,0,0,1,0,0,2,0,4,1,0,1,0,1,2,0,1,0,1,1,0,1,1,1,0,0,1,1,0,0,1,0,0,1,3,1,0,0,1,1,0,0,1,1,0,0,0,1
2525,23,4,0.385585615,0,49332,0,0,1,1,1,0,0,0,0,1,5,3,4,5,2,2,2,3,4,3,2,2,2,4,2,2,2,2,2,3,2,3,1,-0.350948459,-0.4324789,-0.906208047,0,0,0,1,4,0,0,1,0,0,2,0,4,1,0,1,0,0,3,0,0,0,0,0,0,1,1,1,0,0,1,1,0,0,1,0,1,0,2,0,0,1,3,1,0,0,1,1,0,0,0,1
2526,33,2,1.083471581,0,10022,1,0,0,3,0,0,1,0,0,2,5,4,3,4,1,2,2,4,4,3,2,2,2,3,2,3,2,2,2,3,3,3,0,0.215381682,0.165592721,-0.149219686,1,0,0,1,4,0,1,1,0,0,2,0,4,0,1,2,0,1,2,0,0,0,0,0,1,0,0,0,0,1,3,0,0,1,3,0,0,1,3,0,0,1,3,0,0,1,3,0,0,0,1,4
2528,6,4,0.007327046,0,80210,1,0,0,3,0,0,1,0,0,2,5,4,2,5,3,3,2,4,4,4,2,2,2,4,2,2,1,3,3,2,2,2,1,0.79413348,-0.585305322,0.564750016,0,0,0,1,4,0,0,1,0,0,2,0,4,0,1,2,0,1,2,0,0,0,0,0,0,1,1,0,0,1,3,0,0,1,3,0,0,1,3,0,0,1,3,0,0,1,3,0,0,0,1,4
2530,48,4,1.417207393,0,24092,0,0,1,3,0,0,1,0,0,3,3,3,4,4,1,1,2,4,4,3,2,2,2,4,2,2,1,2,3,4,2,4,1,-0.484550528,0.165208761,-1.355807931,1,0,0,1,4,0,0,1,0,0,2,0,4,0,1,2,0,1,2,0,1,0,0,1,0,1,1,1,0,0,1,1,0,0,1,0,1,0,2,1,0,0,1,1,0,0,1,1,0,0,0,1
2531,39,4,0.176084153,0,15690,0,1,0,1,1,0,0,0,0,1,3,2,4,5,2,2,1,3,3,4,2,1,2,4,2,2,2,2,2,4,3,3,1,0.695729018,-0.191540324,0.237627093,0,0,0,1,4,0,0,1,0,0,2,0,4,1,0,1,0,1,2,0,0,0,0,1,0,1,1,0,1,0,2,1,0,0,1,1,0,0,1,1,0,0,1,1,0,0,1,1,0,0,0,1
2532,34,4,0.494078585,0,27514,0,1,0,4,0,0,0,1,0,4,5,5,1,5,3,4,2,5,4,2,1,1,1,1,2,2,1,1,3,3,2,4,1,-0.51123484,-1.645825207,-2.390000787,0,1,0,0,2,1,1,1,0,0,2,0,4,0,0,0,1,0,1,0,1,0,0,0,0,1,1,0,1,0,2,0,1,0,2,0,1,0,2,0,0,1,3,1,0,0,1,0,0,0,1,4
2536,1,4,0.21020711,0,35004,0,1,0,2,0,1,0,0,0,2,5,4,5,5,1,1,1,3,4,3,1,2,2,4,2,2,1,2,3,3,2,3,1,-0.010986593,-0.949526185,-0.447019759,1,0,0,1,4,1,1,1,0,0,2,0,4,1,0,1,0,1,2,0,0,0,0,1,0,1,1,1,0,0,1,1,0,0,1,0,1,0,2,0,0,1,3,1,0,0,1,1,0,0,0,1
2537,5,4,4.08E-05,1,92301,0,0,1,3,0,0,1,0,0,2,5,5,4,5,2,2,1,4,4,4,1,1,3,1,3,1,1,1,3,1,2,1,1,-0.925916582,-1.01724067,0.75661078,1,0,0,1,4,0,0,1,0,0,2,0,4,1,0,1,0,1,2,0,0,0,0,1,0,1,1,0,0,0,0,0,0,0,0,0,0,0,0,0,0,0,0,0,0,0,0,0,0,0,0,0
2539,18,4,0.6624274,0,40403,0,1,0,3,0,0,1,0,0,3,3,3,2,4,1,1,1,2,3,3,2,2,2,4,2,2,2,2,3,2,2,2,1,1.613914505,-1.085702737,0.843744923,1,0,1,0,3,0,0,1,0,0,2,0,4,1,0,1,0,1,2,0,1,0,0,1,0,1,1,1,0,0,1,1,0,0,1,0,0,1,3,1,0,0,1,1,0,0,1,1,0,0,0,1
2540,14,4,0.496758627,0,62863,0,1,0,4,0,0,0,1,0,2,5,5,1,5,1,1,1,5,5,4,1,1,3,1,2,2,1,2,3,2,2,1,1,0.956261903,-0.328074739,0.157615504,1,0,1,0,3,0,0,0,0,1,2,0,3,1,0,1,0,1,2,0,1,0,0,1,0,1,1,1,0,0,1,1,0,0,1,1,0,0,1,0,0,1,3,1,0,0,1,1,0,0,0,1
2542,34,3,0.674747661,0,28379,0,1,0,3,0,0,1,0,0,3,5,5,2,5,2,4,2,5,5,2,1,2,2,4,3,1,1,2,3,3,3,4,1,-0.472300377,-0.386371837,0.906796978,1,0,1,0,3,0,0,1,0,0,2,0,4,1,0,1,1,0,1,0,0,0,0,1,0,1,1,1,0,0,1,1,0,0,1,0,1,0,2,1,0,0,1,1,0,0,1,1,0,0,0,1
2544,23,4,0.400860699,0,48146,0,1,0,3,0,0,1,0,0,3,6,3,2,5,3,3,4,5,5,3,2,2,2,3,2,2,2,2,3,4,2,4,1,0.227052738,-1.307386313,0.054252221,1,0,1,0,3,0,0,1,0,0,2,0,4,1,0,1,0,0,3,1,1,0,0,0,0,1,1,0,0,1,3,0,1,0,2,0,0,1,3,1,0,0,1,1,0,0,1,0,1,0,0,2
2547,10,2,0.680391849,0,32209,0,1,0,3,0,0,1,0,0,2,4,4,4,5,3,5,1,3,3,3,3,2,2,2,2,2,2,3,3,3,3,3,1,0.857610705,1.066968386,-0.802887946,0,1,0,0,2,0,0,0,1,0,2,0,2,1,0,1,1,0,1,0,0,0,1,1,1,1,1,0,1,0,2,0,1,0,2,0,0,1,3,1,0,0,1,0,1,0,2,0,0,0,1,4
2548,36,4,0.249104899,0,45011,0,1,0,3,0,0,1,0,0,4,5,4,4,4,4,2,2,4,3,4,1,1,2,1,1,1,2,2,3,4,4,4,1,0.722692798,1.338866342,-0.718939588,1,0,1,0,3,0,0,1,0,0,2,0,4,1,0,1,0,0,3,1,0,0,0,1,0,1,1,0,1,0,2,0,1,0,2,0,1,0,2,0,1,0,2,1,0,0,1,0,0,1,0,3
2552,1,4,0.838092869,0,35750,0,0,1,1,1,0,0,0,0,1,5,0,5,5,1,1,1,5,1,1,2,2,2,4,2,2,2,2,2,4,3,4,1,0.780457449,-0.233000923,0.81841636,1,0,0,1,4,0,0,1,0,0,2,0,4,1,0,1,1,0,1,0,0,0,0,1,0,1,1,1,0,0,1,1,0,0,1,1,0,0,1,1,0,0,1,1,0,0,1,1,0,0,0,1
2554,36,4,0.643811275,0,44314,0,1,0,3,0,0,1,0,0,3,4,2,3,3,3,3,3,3,3,3,2,2,2,3,2,2,2,2,2,3,2,1,1,0.808547411,-1.247942606,-0.630607482,1,0,0,1,4,0,0,1,0,0,2,0,4,1,0,1,1,0,1,0,0,0,0,1,0,1,1,0,1,0,2,0,1,0,2,0,0,1,3,0,1,0,2,1,0,0,1,0,1,0,0,2
2555,3,2,0.01449958,1,85001,1,0,0,2,0,1,0,0,0,3,4,4,5,2,2,2,2,5,5,5,3,1,1,1,3,1,2,1,3,2,2,2,1,0.840469964,1.533641842,-0.130023339,0,1,0,0,2,1,1,1,0,0,2,0,4,0,0,3,0,0,3,1,0,0,0,0,0,1,1,0,0,0,0,0,0,0,0,0,0,0,0,0,0,0,0,0,0,0,0,0,0,0,0,0
2556,18,2,1.717681914,0,40258,0,1,0,4,0,0,0,1,0,3,5,3,4,4,3,3,3,4,3,3,1,1,2,3,2,2,2,1,1,1,3,1,1,0.113024067,-0.491333952,-0.242189721,1,1,0,0,2,0,0,1,0,0,2,0,4,0,1,2,0,0,3,1,0,1,0,1,0,1,1,0,1,0,2,0,1,0,2,1,0,0,1,1,0,0,1,1,0,0,1,0,0,1,0,3
2557,3,4,5.09E-06,0,86406,0,1,0,2,0,1,0,0,0,2,5,4,4,5,2,2,1,4,5,4,2,2,2,4,2,2,2,2,3,3,3,4,1,0.166009241,-0.061457784,-0.105532144,1,0,0,1,4,1,1,1,0,0,2,0,4,1,0,1,1,0,1,0,0,0,0,0,1,1,1,1,0,0,1,1,0,0,1,1,0,0,1,0,0,1,3,1,0,0,1,1,0,0,0,1
2561,34,4,0.432009885,0,27589,0,0,1,2,0,1,0,0,0,2,5,3,4,4,2,4,2,4,5,5,2,2,2,3,2,2,2,2,3,3,3,3,1,0.646297979,0.899853771,-0.260397592,1,0,0,1,4,0,0,1,0,0,2,0,4,1,0,1,1,0,1,0,0,0,0,0,0,1,1,1,0,0,1,1,0,0,1,1,0,0,1,0,1,0,2,1,0,0,1,1,0,0,0,1
2562,36,4,0.255810201,0,44133,0,1,0,2,0,1,0,0,0,3,4,4,4,5,5,4,2,4,4,4,2,3,1,3,2,2,2,2,2,2,2,3,1,0.067731785,0.818495615,0.088087581,0,0,0,1,4,1,1,1,0,0,2,0,4,0,1,2,0,0,3,0,1,0,0,1,0,1,1,1,0,0,1,1,0,0,1,1,0,0,1,0,0,1,3,1,0,0,1,1,0,0,0,1
2565,39,4,1.848952642,0,18603,0,1,0,3,0,0,1,0,0,4,6,2,3,5,3,4,3,5,3,3,2,2,2,4,1,1,1,3,3,1,3,3,1,-0.462212507,-0.253467048,-0.335316166,1,1,0,0,2,0,0,1,0,0,2,0,4,1,0,1,0,0,3,0,1,0,0,0,1,1,1,1,0,0,1,0,1,0,2,1,0,0,1,0,1,0,2,1,0,0,1,1,0,0,0,1
2566,47,2,1.696761503,0,5488,0,1,0,4,0,0,0,1,0,3,5,5,1,5,1,4,1,5,5,5,1,2,2,1,2,2,2,2,3,4,2,3,1,0.435675665,-1.443934507,0.837534089,1,1,0,0,2,0,0,1,0,0,2,0,4,0,1,2,0,1,2,1,1,0,1,1,0,1,1,1,0,0,1,1,0,0,1,0,1,0,2,0,0,1,3,1,0,0,1,1,0,0,0,1
2567,16,4,0.300073874,0,51031,0,1,0,4,0,0,0,1,0,3,5,4,2,5,2,5,1,4,2,2,3,3,2,2,2,2,2,2,2,3,3,4,1,-1.001671505,-0.308941819,0.171333182,1,1,0,0,2,0,0,1,0,0,2,0,4,1,0,1,0,0,3,1,0,0,0,1,0,1,1,1,0,0,1,1,0,0,1,0,1,0,2,0,1,0,2,1,0,0,1,1,0,0,0,1
2569,35,1,0.141887545,0,58203,0,1,0,2,0,1,0,0,0,1,5,3,5,4,1,1,1,3,3,2,1,1,1,1,2,1,2,1,2,2,4,2,1,-0.102325472,-1.350470027,-1.717065431,1,0,1,0,3,1,1,1,0,0,2,0,4,1,0,1,0,0,3,0,0,0,0,1,0,1,1,0,1,0,2,0,0,1,3,0,1,0,2,0,0,1,3,1,0,0,1,0,0,0,1,4
2570,38,4,3.62E-06,0,97322,1,0,0,3,0,0,1,0,0,3,5,4,4,4,2,3,1,2,4,4,3,2,2,2,2,2,3,2,3,1,2,3,1,-0.325738415,0.493035676,-2.405038499,1,0,1,1,4,0,0,1,0,0,2,0,4,1,0,1,1,0,1,0,0,0,0,0,1,1,1,0,0,1,3,0,0,1,3,0,1,0,2,0,1,0,2,0,1,0,2,0,0,0,1,4
2571,5,4,0.008757258,1,92335,1,0,0,3,0,0,1,0,0,2,1,4,1,3,2,2,1,4,4,2,1,2,2,4,2,2,2,2,3,1,2,1,1,-1.412367569,-0.841093648,-0.492343941,1,0,1,0,3,0,0,1,0,0,1,1,1,1,0,1,0,0,3,0,0,0,0,0,0,1,1,0,0,1,3,0,0,1,3,1,0,0,1,0,1,0,2,0,1,0,2,0,0,1,0,3
2572,45,4,1.549263229,1,77075,0,1,0,2,0,1,0,0,0,2,3,3,4,4,2,2,1,1,1,1,2,2,2,4,2,2,1,2,2,4,3,4,1,0.200492023,1.192696477,-1.924683078,1,0,1,0,3,0,0,1,0,0,2,0,4,1,0,1,1,0,1,0,0,0,0,1,0,1,1,0,1,0,2,0,1,0,2,0,1,0,2,1,0,0,1,1,0,0,1,1,0,0,0,1
2573,36,2,2.751478421,0,44129,0,1,0,1,1,0,0,0,0,1,3,1,5,4,1,1,1,1,2,2,1,1,1,3,2,2,2,1,2,3,3,3,1,0.432345153,0.069329672,0.47805025,0,1,0,0,2,1,1,1,0,0,2,0,4,0,0,3,0,1,2,0,0,0,1,1,0,1,1,0,0,1,3,0,1,0,2,1,0,0,1,0,1,0,2,1,0,0,1,0,0,1,0,3
2574,5,4,2.25E-05,1,93737,0,1,0,2,0,1,0,0,0,2,5,4,4,5,2,2,2,3,4,4,2,2,2,3,2,2,2,2,2,3,3,4,1,0.148782888,-0.025542347,0.267337206,1,0,0,1,4,0,1,1,0,0,2,0,4,1,0,1,1,0,1,0,0,0,0,1,1,1,1,1,0,0,1,1,0,0,1,0,0,1,3,0,0,1,3,1,0,0,1,1,0,0,0,1
2575,21,4,2.037872636,0,21767,0,0,1,2,0,1,0,0,0,2,5,3,4,5,1,2,1,5,3,2,2,2,2,4,2,2,2,2,2,3,3,4,1,-0.293203601,-1.576681952,1.448181591,0,0,0,1,4,0,0,1,0,0,2,0,4,0,1,2,1,0,1,0,0,0,0,1,0,1,1,0,0,0,0,0,0,0,0,0,0,0,0,0,0,0,0,0,0,0,0,0,0,0,0,0
2576,42,4,0.478421314,0,29020,0,1,0,2,0,1,0,0,0,3,5,4,3,4,3,4,2,5,5,4,2,2,2,4,2,1,2,2,2,3,2,2,1,0.41184251,-0.648619019,0.144406331,1,0,0,1,4,0,0,1,0,0,2,0,4,1,0,1,0,0,3,0,0,0,0,1,0,1,1,1,0,0,1,1,0,0,1,1,0,0,1,0,1,0,2,1,0,0,1,1,0,0,0,1
2577,24,2,0.39170345,0,56101,0,1,0,3,0,0,1,0,0,3,5,4,5,5,1,4,1,2,1,2,2,2,2,3,2,2,2,2,2,4,2,4,1,-0.994838089,0.213717524,0.499149652,1,1,0,0,2,0,0,1,0,0,2,0,4,0,1,2,0,0,3,0,0,0,1,1,0,1,1,1,0,0,1,1,0,0,1,0,1,0,2,1,0,0,1,1,0,0,1,1,0,0,0,1
2583,44,4,0.404894888,0,38580,0,0,1,3,0,0,1,0,0,4,4,3,2,2,2,2,2,2,4,4,2,1,1,1,1,1,2,3,1,2,1,1,1,0.534717385,1.025430134,1.221370868,0,0,0,1,4,0,0,1,0,0,2,0,4,0,1,2,0,1,2,0,0,0,0,1,0,1,1,1,0,0,1,1,0,0,1,1,0,0,1,1,0,0,1,1,0,0,1,1,0,0,0,1
2586,45,2,2.711409773,0,76705,0,1,0,1,1,0,0,0,0,3,5,3,4,4,4,4,4,4,4,4,2,2,2,3,2,2,2,2,2,3,3,4,1,0.253653249,0.888514973,-0.480872041,1,1,0,0,2,0,0,1,0,0,2,0,4,0,1,2,0,1,2,0,0,0,1,1,0,1,1,1,0,0,1,1,0,0,1,0,0,1,3,0,1,0,2,1,0,0,1,1,0,0,0,1
2588,14,2,1.1537244,0,62644,0,1,0,3,0,0,1,0,0,3,5,3,2,3,1,1,1,1,1,1,2,2,2,3,2,2,2,2,2,3,3,3,1,-0.43464322,0.042296902,-0.302518435,0,1,0,0,2,0,0,1,0,0,2,0,4,1,0,1,1,0,1,0,0,0,1,1,0,1,1,1,0,0,1,1,0,0,1,1,0,0,1,1,0,0,1,1,0,0,1,1,0,0,0,1
2589,45,4,0.256209597,1,78221,0,1,0,2,0,1,0,0,0,1,5,2,4,5,1,1,1,1,5,3,3,3,3,3,2,2,2,2,3,2,2,2,1,1.250473159,0.740943588,0.321995637,0,0,0,1,4,0,0,0,1,0,2,0,2,1,0,1,0,1,2,0,0,0,0,1,0,1,1,0,1,0,2,0,1,0,2,0,1,0,2,1,0,0,1,1,0,0,1,0,0,1,0,3
2591,10,2,0.694711215,1,32736,0,1,0,3,0,0,1,0,0,3,4,3,4,5,2,1,4,5,4,5,1,3,3,2,3,1,3,2,3,4,2,2,1,-0.160375628,0.608316744,0.351884727,1,0,0,0,1,0,1,1,0,0,2,0,4,0,1,2,0,0,3,1,0,0,1,1,0,1,1,1,0,0,1,1,0,0,1,1,0,0,1,1,0,0,1,1,0,0,1,1,0,0,0,1
2592,18,4,0.382581805,0,42420,0,1,0,2,0,1,0,0,0,2,4,3,2,5,2,2,2,4,4,2,2,2,2,4,2,2,2,2,2,4,4,4,1,-0.906320052,-1.322136988,-0.196873287,0,0,0,1,4,1,1,1,0,0,2,0,4,0,0,0,1,0,1,0,0,0,0,1,0,1,1,1,0,0,1,1,0,0,1,0,1,0,2,0,1,0,2,1,0,0,1,1,0,0,0,1
2593,45,2,0.339977004,1,75791,0,1,0,2,0,1,0,0,0,2,3,2,5,3,1,1,1,1,1,1,2,2,2,3,2,2,2,2,2,4,3,4,0,0.780557104,-0.893659581,-0.373072535,1,0,1,0,3,0,0,1,0,0,2,0,4,1,0,1,0,0,3,0,0,0,1,0,0,0,0,1,0,0,1,1,0,0,1,0,1,0,2,0,0,1,3,1,0,0,1,1,0,0,0,1
2595,1,4,2.303491222,0,36572,0,0,1,1,1,0,0,0,0,1,5,2,4,3,2,4,2,3,4,4,2,2,2,3,2,2,2,2,2,3,3,3,1,1.110899576,-0.147466522,-0.00328114,0,0,0,1,4,1,1,1,0,0,2,0,4,0,0,3,0,1,2,0,1,0,0,1,0,1,1,0,0,0,0,0,0,0,0,0,0,0,0,0,0,0,0,0,0,0,0,0,0,0,0,0
2598,3,2,0.12352779,0,86442,0,1,0,2,0,1,0,0,0,3,5,4,1,4,3,4,4,3,3,4,2,2,2,4,2,2,2,2,2,3,2,3,1,0.106039646,-1.174178037,-0.90067926,1,0,0,1,4,0,0,1,0,0,2,0,4,0,1,2,1,0,1,0,1,0,0,1,0,1,1,0,1,0,2,1,0,0,1,1,0,0,1,0,1,0,2,1,0,0,1,0,0,1,0,3
2599,42,4,0.433100399,0,29108,0,1,0,3,0,0,1,0,0,2,5,5,3,5,1,2,3,5,5,4,2,2,2,4,3,2,1,2,3,1,3,4,1,0.400890037,0.323130087,0.530339301,1,0,1,0,3,0,0,1,0,0,2,0,4,1,0,1,0,1,2,0,0,0,0,1,0,1,1,1,0,0,1,1,0,0,1,0,1,0,2,0,1,0,2,1,0,0,1,1,0,0,0,1
2605,22,2,1.245167986,0,2131,1,0,0,3,0,0,1,0,0,2,5,3,4,3,3,3,3,4,4,4,3,3,3,2,3,3,3,3,3,2,2,2,1,0.252678716,0.401392701,-0.48237736,1,1,0,0,2,0,1,1,0,0,2,0,4,0,0,3,0,0,3,1,0,1,0,1,0,1,1,0,0,1,3,0,0,1,3,1,0,0,1,1,0,0,1,0,0,1,3,0,0,0,1,4
2606,23,4,1.175605282,0,48506,0,1,0,3,0,0,1,0,0,3,4,5,3,5,3,3,2,4,5,3,2,2,2,3,2,2,2,2,3,4,2,4,1,-0.39185185,-0.334128995,-0.306643835,1,0,0,1,4,0,0,1,0,0,2,0,4,1,0,1,1,0,1,0,1,0,0,0,0,1,1,0,1,0,2,1,0,0,1,0,1,0,2,1,0,0,1,1,0,0,1,0,0,1,0,3
2615,39,4,0.118957383,0,15010,0,1,0,2,0,1,0,0,0,3,2,2,4,5,1,1,1,2,2,2,1,3,2,4,2,2,1,2,2,1,3,3,1,0.659373388,-0.937160187,-0.033307287,0,0,0,1,4,0,1,1,0,0,2,0,4,1,0,1,0,1,2,0,1,0,0,1,0,1,1,0,1,0,2,0,1,0,2,1,0,0,1,0,1,0,2,1,0,0,1,0,0,1,0,3
2616,46,2,0.761990279,0,84036,0,0,1,3,0,0,1,0,0,3,3,3,4,3,2,2,3,4,3,3,2,2,2,3,2,2,2,2,2,3,3,3,0,-0.242249461,-0.123873468,-1.173883394,0,0,0,1,4,1,1,1,0,0,2,0,4,0,1,2,0,1,2,0,0,0,0,1,0,0,0,1,0,0,1,1,0,0,1,1,0,0,1,0,0,1,3,1,0,0,1,1,0,0,0,1
2617,33,4,0.461227565,0,14626,0,1,0,3,0,0,1,0,0,2,5,4,4,4,3,3,2,3,4,4,1,2,2,3,1,1,2,1,2,3,2,2,0,1.009730151,-0.447680962,0.008343435,1,0,0,1,4,0,0,1,0,0,2,0,4,1,0,1,1,0,1,0,1,0,0,0,0,0,0,0,1,0,2,0,1,0,2,0,1,0,2,0,0,1,3,1,0,0,1,0,0,1,0,3
2618,31,4,2.111400269,0,8005,0,1,0,2,0,1,0,0,0,1,4,1,4,3,1,1,1,3,3,3,2,2,2,4,2,2,2,2,2,4,3,4,1,0.141840084,0.40886089,-0.281773472,0,0,0,1,4,0,0,1,0,0,2,0,4,0,0,3,0,1,2,0,0,0,0,1,0,1,1,0,1,0,2,1,0,0,1,0,1,0,2,0,0,1,3,1,0,0,1,0,1,0,0,2
2620,49,4,1.66E-08,0,99114,0,1,0,3,0,0,1,0,0,3,5,3,4,5,3,3,2,3,5,4,3,2,2,4,2,2,2,2,2,4,2,4,1,0.650205979,-0.150033614,0.09596293,0,0,0,1,4,0,0,1,0,0,2,0,4,1,0,1,0,1,2,0,1,0,0,0,0,1,1,1,0,0,1,0,1,0,2,1,0,0,1,1,0,0,1,1,0,0,1,1,0,0,0,1
2621,21,4,0.84225839,0,21754,0,1,0,3,0,0,1,0,0,3,5,4,4,4,1,1,1,2,3,1,2,2,1,1,2,1,2,1,3,1,1,1,1,0.328586373,-0.621776714,-0.101759329,1,0,0,1,4,0,0,1,0,0,2,0,4,0,1,2,0,0,3,0,0,0,0,1,0,1,1,1,0,0,1,1,0,0,1,1,0,0,1,0,1,0,2,1,0,0,1,1,0,0,0,1
2622,10,4,1.955941514,0,32136,0,1,0,2,0,1,0,0,0,2,1,1,5,4,1,1,1,5,4,4,2,2,2,3,2,2,2,2,2,4,3,3,1,0.201512749,0.49833908,0.329179241,0,0,0,1,4,0,1,1,0,0,2,0,4,0,0,3,0,1,2,0,0,0,0,1,0,1,1,1,0,0,1,1,0,0,1,0,1,0,2,0,0,1,3,1,0,0,1,1,0,0,0,1
2623,45,4,0.200426179,0,76504,0,1,0,1,1,0,0,0,0,2,5,1,5,5,1,1,1,1,4,3,2,2,2,4,2,2,2,2,2,4,3,3,1,-0.700698806,-0.799135166,-0.168554105,0,0,0,1,4,0,1,1,0,0,2,0,4,1,0,1,0,1,2,0,0,0,0,1,0,1,1,0,1,0,2,0,0,1,3,0,0,1,3,0,0,1,3,1,0,0,1,1,0,0,0,1
2624,5,4,0.004103103,0,95351,1,0,0,3,0,0,1,0,0,2,5,5,2,5,2,2,2,4,2,2,2,2,2,4,2,2,2,2,3,3,2,3,1,0.381090124,-0.402926515,0.320512164,0,0,0,1,4,0,0,1,0,0,2,0,4,0,1,2,0,1,2,0,1,0,0,1,0,1,1,0,0,1,3,0,1,0,2,0,0,1,3,0,1,0,2,1,0,0,1,0,0,1,0,3
2625,20,4,0.58155847,0,4937,0,0,0,2,0,1,0,0,0,2,3,3,2,5,2,3,3,4,5,3,2,2,2,4,2,2,1,2,3,3,2,4,1,-0.153085342,-0.056106275,-2.372431187,0,0,0,1,4,0,0,1,0,0,2,0,4,1,0,1,1,0,1,0,1,0,0,0,0,1,1,0,0,0,0,0,0,0,0,0,0,0,0,0,0,0,0,0,0,0,0,0,0,0,0,0
2626,39,4,0.145845938,0,18301,0,1,0,2,0,1,0,0,0,3,3,4,3,4,1,1,1,5,3,1,1,1,1,1,1,1,2,2,3,4,3,1,1,-0.606979437,-0.284590262,0.491317427,0,0,0,1,4,1,1,1,0,0,2,0,4,1,0,1,1,0,1,0,0,0,0,1,1,1,1,0,1,0,2,0,0,1,3,0,1,0,2,0,0,1,3,1,0,0,1,0,0,1,0,3
2628,18,4,0.460437075,0,42164,0,1,0,1,1,0,0,0,0,2,3,1,4,5,1,1,1,5,5,1,2,1,2,1,2,2,1,2,3,1,2,3,1,0.666463786,-0.425216833,-1.02321078,1,0,0,1,4,0,0,1,0,0,2,0,4,1,0,1,1,0,1,0,0,0,0,1,0,1,1,1,0,0,1,1,0,0,1,1,0,0,1,1,0,0,1,1,0,0,1,1,0,0,0,1
2631,19,2,0.604823254,0,70374,0,1,0,4,0,0,0,1,0,1,5,4,4,5,4,5,4,5,4,5,3,1,3,3,3,1,3,2,1,1,2,3,1,1.145767649,0.04633098,-0.233284004,0,1,0,0,2,1,1,1,0,0,2,0,4,0,1,2,0,0,3,1,0,1,0,1,0,1,1,1,0,0,1,1,0,0,1,0,1,0,2,0,0,1,3,1,0,0,1,1,0,0,0,1
2632,39,4,0.106351594,0,18018,1,0,0,2,0,1,0,0,0,2,4,3,4,3,1,1,1,2,4,4,1,2,2,4,2,2,2,2,2,4,4,4,1,-0.162250681,0.382936785,-0.503639005,0,0,0,1,4,1,1,1,0,0,2,0,4,0,1,2,0,1,2,0,0,0,0,0,0,1,1,0,0,1,3,0,0,1,3,0,0,1,3,0,1,0,2,1,0,0,1,0,0,0,1,4
2634,39,4,0.941576114,0,19125,1,0,0,3,0,0,1,0,0,3,3,3,3,4,3,4,1,3,3,3,1,1,1,1,1,1,1,1,1,1,1,1,1,0.018772491,0.238109119,-0.496514178,1,0,1,0,3,0,0,1,0,0,2,0,4,1,0,1,1,0,1,0,0,0,0,0,0,1,1,0,0,1,3,0,0,1,3,0,0,1,3,0,0,1,3,0,0,1,3,0,0,0,1,4
2639,36,4,0.372512427,0,43357,0,1,0,4,0,0,0,1,0,2,5,4,1,5,1,3,1,4,4,1,2,2,2,1,3,2,2,2,3,1,2,3,1,0.029552461,-1.344739011,0.855142253,1,0,1,0,3,0,0,1,0,0,2,0,4,1,0,1,0,0,3,0,1,0,0,1,1,1,1,1,0,0,1,1,0,0,1,0,1,0,2,0,0,1,3,1,0,0,1,1,0,0,0,1
2641,25,2,3.092735995,0,39074,0,1,0,5,0,0,0,0,1,4,4,5,3,3,5,5,5,5,4,5,1,3,3,1,1,3,1,3,3,2,2,2,1,0.570580801,0.468401266,-0.198295899,1,0,1,0,3,0,0,0,0,0,2,0,5,0,1,2,0,1,2,0,0,0,1,1,0,1,1,1,0,0,1,1,0,0,1,1,0,0,1,1,0,0,1,1,0,0,1,1,0,0,0,1
2642,16,4,0.155410744,0,52404,0,1,0,3,0,0,1,0,0,2,3,3,3,3,4,3,2,4,4,4,2,3,2,2,2,2,3,3,3,3,3,4,1,-0.151793994,0.086622337,0.362147812,1,0,0,1,4,0,0,1,0,0,2,0,4,1,0,1,0,1,2,0,1,0,0,0,0,1,1,0,1,0,2,0,1,0,2,0,0,1,3,0,0,1,3,1,0,0,1,0,0,0,1,4
2643,34,4,0.223532118,0,28078,0,1,0,1,1,0,0,0,0,1,1,0,5,4,1,1,1,1,1,1,2,2,2,3,2,2,2,2,2,3,3,4,1,0.480857851,-0.370039225,-0.606333153,0,0,0,1,4,0,0,1,0,0,2,0,4,1,0,1,0,0,3,0,1,0,0,1,0,1,1,0,1,0,2,0,1,0,2,0,0,1,3,0,1,0,2,1,0,0,1,0,0,1,0,3
2646,34,4,0.904223598,0,28570,0,1,0,3,0,0,1,0,0,2,3,3,4,5,1,1,1,5,4,2,1,2,2,4,2,2,2,2,2,4,3,4,1,1.113410505,-0.167882309,-0.733116426,1,0,0,1,4,0,0,1,0,0,2,0,4,1,0,1,0,1,2,0,0,0,0,0,0,1,1,1,0,0,1,1,0,0,1,0,1,0,2,0,1,0,2,1,0,0,1,1,0,0,0,1
2648,14,3,2.082695126,0,60431,0,1,0,3,0,0,1,0,0,3,4,3,2,5,1,2,1,2,5,4,2,1,2,1,2,2,1,2,3,3,3,3,1,-0.597341175,-0.836064451,-1.194312595,0,0,0,0,1,0,0,1,0,0,2,0,4,0,1,2,0,0,3,1,0,0,0,1,0,1,1,0,1,0,2,0,1,0,2,0,0,1,3,1,0,0,1,1,0,0,1,0,1,0,0,2
2651,14,4,0.48236036,0,60084,0,1,0,2,0,1,0,0,0,1,2,1,5,3,1,2,1,1,3,1,2,2,2,3,2,2,2,2,2,3,2,3,1,0.066390181,0.376235603,0.097140567,0,0,0,1,4,0,0,1,0,0,2,0,4,1,0,1,0,0,3,0,0,0,0,1,0,1,1,1,0,0,1,1,0,0,1,0,0,1,3,0,0,1,3,1,0,0,1,1,0,0,0,1
2653,3,4,0.027242653,1,85234,0,1,0,3,0,0,1,0,0,3,5,3,2,4,2,2,3,4,4,3,2,1,2,4,2,2,3,2,1,3,2,4,1,0.697052844,-0.343707195,0.397276872,1,0,1,0,3,0,0,1,0,0,2,0,4,0,1,2,0,1,2,0,0,0,0,0,0,1,1,0,1,0,2,0,1,0,2,0,0,1,3,0,0,1,3,1,0,0,1,0,0,1,0,3
2655,6,4,0.085705453,0,80922,0,0,1,3,0,0,1,0,0,2,4,2,2,4,2,4,2,2,3,2,3,2,2,2,2,3,3,2,3,4,2,2,1,-0.118264643,-0.508763343,-0.098072744,0,0,0,1,4,0,0,1,0,0,2,0,4,1,0,1,1,0,1,0,0,0,0,0,0,1,1,0,0,0,0,0,0,0,0,0,0,0,0,0,0,0,0,0,0,0,0,0,0,0,0,0
2658,15,4,0.981398276,0,46936,0,1,0,5,0,0,0,0,1,4,4,5,1,5,1,4,1,5,5,5,1,1,3,4,2,2,1,2,2,1,2,4,1,1.29966878,-2.137050244,1.080376076,1,0,1,0,3,0,0,1,0,0,2,0,4,1,0,1,1,0,1,0,1,0,0,1,0,1,1,1,0,0,1,1,0,0,1,0,0,1,3,1,0,0,1,1,0,0,1,1,0,0,0,1
2659,23,2,0.433179792,0,48002,0,0,1,2,0,1,0,0,0,3,5,3,2,4,1,2,2,4,5,2,2,2,2,4,2,2,1,2,3,4,3,4,1,-0.531303621,-0.465474894,-0.811824468,1,1,0,0,2,0,0,1,0,0,2,0,4,0,0,0,0,0,3,0,0,0,0,1,0,1,1,1,0,0,1,1,0,0,1,0,1,0,2,1,0,0,1,1,0,0,1,1,0,0,0,1
2662,51,4,0.704168733,0,54929,0,1,0,2,0,1,0,0,0,2,4,4,4,4,3,3,2,4,4,4,1,2,3,3,2,2,2,2,3,3,3,3,1,1.376543742,0.689664571,0.513956141,0,0,0,1,4,0,0,1,0,0,2,0,4,1,0,1,0,1,2,0,0,0,0,1,0,1,1,1,0,0,1,1,0,0,1,0,1,0,2,0,0,1,3,1,0,0,1,1,0,0,0,1
2663,48,2,0.800923569,0,23851,0,1,0,2,0,1,0,0,0,2,5,4,4,4,2,4,2,4,4,4,2,2,2,4,2,2,2,2,2,3,3,3,1,0.788965972,0.069431711,0.5299926,0,0,1,0,3,0,0,1,0,0,2,0,4,1,0,1,0,1,2,0,0,0,0,1,0,1,1,1,0,0,1,1,0,0,1,0,1,0,2,1,0,0,1,1,0,0,1,1,0,0,0,1
2665,45,4,0.148468593,1,75081,1,0,0,1,1,0,0,0,0,2,5,1,4,5,2,2,2,5,5,5,3,1,3,4,2,2,2,3,3,1,2,4,1,0.834652495,-1.003140882,0.328220661,1,0,0,1,4,0,1,1,0,0,2,0,4,1,0,1,0,1,2,0,0,0,0,1,1,1,1,0,0,1,3,0,0,1,3,1,0,0,1,0,1,0,2,0,1,0,2,0,0,0,1,4
2667,10,4,0.975769204,1,32732,0,0,1,2,0,1,0,0,0,3,5,4,2,5,1,2,1,5,4,1,1,3,2,4,2,2,1,2,3,4,4,4,1,-0.264580853,-0.1689553,-2.082519385,1,0,0,1,4,1,1,1,0,0,2,0,4,0,0,0,0,1,2,0,1,0,0,1,0,1,1,1,0,0,1,1,0,0,1,1,0,0,1,1,0,0,1,1,0,0,1,1,0,0,0,1
2669,39,4,0.39889682,0,19130,1,0,0,2,0,1,0,0,0,1,5,1,5,5,1,4,1,4,4,2,2,2,2,2,2,2,1,2,3,3,2,4,1,0.975971857,-0.299009776,0.600274543,0,0,0,1,4,0,1,1,0,0,2,0,4,0,1,2,0,1,2,0,1,0,0,0,1,1,1,0,0,1,3,0,0,1,3,1,0,0,1,0,0,1,3,0,0,1,3,0,0,0,1,4
2671,49,4,0.002503452,0,98387,0,1,0,3,0,0,1,0,0,2,5,3,3,3,3,3,3,3,3,3,2,2,2,4,2,2,2,2,2,4,3,4,0,-1.186184778,-1.476284762,-1.202688389,1,1,0,0,2,0,0,1,0,0,2,0,4,0,0,0,0,0,3,1,1,0,0,0,0,0,0,0,1,0,2,1,0,0,1,1,0,0,1,1,0,0,1,1,0,0,1,0,1,0,0,2
2673,33,4,0.372681335,0,14304,0,1,0,2,0,1,0,0,0,1,3,0,5,3,1,3,1,1,4,3,2,2,2,3,2,2,2,2,2,4,3,4,1,0.947754925,-0.721421422,-0.167697372,0,0,0,1,4,0,0,1,0,0,2,0,4,1,0,1,1,0,1,0,1,0,0,0,0,1,1,0,1,0,2,0,1,0,2,0,0,1,3,0,0,1,3,1,0,0,1,0,0,1,0,3
2676,5,4,0.004628685,1,92116,1,0,0,3,0,0,1,0,0,2,4,3,4,2,2,2,2,3,4,2,2,2,2,2,2,2,2,2,2,1,2,3,0,1.061771763,-0.959423747,-0.695191133,1,0,0,1,4,0,0,1,0,0,2,0,4,0,0,3,1,0,1,0,1,0,0,0,1,0,0,0,0,1,3,0,0,1,3,0,0,1,3,0,1,0,2,0,1,0,2,0,0,0,1,4
2679,10,4,0.983006665,0,34606,0,1,0,1,1,0,0,0,0,3,5,4,4,4,2,2,1,5,5,4,1,2,2,4,2,2,2,2,2,3,3,3,1,1.404696184,-0.46434455,0.562649056,1,0,0,1,4,0,0,1,0,0,2,0,4,1,0,1,0,1,2,0,0,0,0,1,0,1,1,1,0,0,1,1,0,0,1,0,1,0,2,0,1,0,2,1,0,0,1,0,1,0,0,2
2681,11,4,0.503512393,0,30032,0,1,0,1,1,0,0,0,0,2,5,3,5,4,1,1,1,4,4,4,2,3,2,1,3,1,3,1,3,3,3,4,1,0.663719058,-1.078902938,0.435912914,0,0,0,1,4,0,0,0,1,0,2,0,2,1,0,1,1,0,1,0,0,0,0,1,0,1,1,0,1,0,2,1,0,0,1,0,1,0,2,0,1,0,2,0,1,0,2,0,0,1,0,3
2682,1,4,0.404894888,0,35611,0,1,0,2,0,1,0,0,0,1,1,0,4,5,1,1,1,4,5,5,1,2,2,1,2,3,2,2,2,3,2,2,1,1.241542963,1.161608669,1.029118612,0,0,0,1,4,0,0,1,0,0,2,0,4,0,1,2,0,1,2,0,0,0,0,1,0,1,1,1,0,0,1,0,1,0,2,0,1,0,2,0,1,0,2,1,0,0,1,0,1,0,0,2
2684,21,4,0.309878109,0,21727,0,1,0,3,0,0,1,0,0,3,3,3,3,3,3,3,3,3,3,3,2,2,2,3,2,2,2,2,2,3,3,3,1,0.139709117,0.157124583,-0.194654894,1,0,1,1,4,0,0,1,0,0,2,0,4,1,0,1,0,0,3,0,0,0,0,0,0,1,1,1,0,0,1,1,0,0,1,0,1,0,2,0,1,0,2,1,0,0,1,0,1,0,0,2
2687,15,2,0.911094748,0,46962,0,1,0,2,0,1,0,0,0,2,5,3,4,4,3,4,2,4,4,4,1,1,1,1,3,1,2,2,1,1,2,1,1,1.01452583,0.281693476,-0.662907996,1,1,0,0,2,0,0,1,0,0,2,0,4,0,1,2,0,0,3,1,0,0,1,1,0,1,1,1,0,0,1,1,0,0,1,1,0,0,1,0,0,1,3,1,0,0,1,1,0,0,0,1
2689,19,4,1.730578443,0,70508,0,1,0,2,0,1,0,0,0,2,5,3,3,5,1,1,1,3,3,3,2,2,2,4,2,2,2,2,3,4,2,3,1,1.220231839,0.536500238,-1.960717345,1,0,1,1,4,0,0,1,0,0,2,0,4,0,1,2,0,1,2,0,1,0,0,1,0,1,1,1,0,0,1,0,1,0,2,1,0,0,1,0,0,1,3,1,0,0,1,0,1,0,0,2
2691,39,4,1.000382248,0,19111,1,0,0,1,1,0,0,0,0,2,2,2,3,3,2,2,2,2,3,3,2,2,2,4,2,2,2,2,2,4,3,4,0,-2.257360729,-1.13458912,-0.829438976,1,0,1,0,3,0,0,1,0,0,2,0,4,1,0,1,0,1,2,0,0,0,0,0,0,0,0,0,0,1,3,0,0,1,3,1,0,0,1,1,0,0,1,0,0,1,3,0,0,0,1,4
2694,46,4,5.70E-06,0,84520,0,0,1,3,0,0,1,0,0,2,5,5,1,2,4,1,4,5,5,5,1,1,1,2,2,2,3,1,1,2,2,2,1,-1.729357089,-1.826940395,2.176070475,1,0,1,0,3,0,0,1,0,0,2,0,4,1,0,1,0,0,3,0,1,0,0,1,0,1,1,0,0,0,0,0,0,0,0,0,0,0,0,0,0,0,0,0,0,0,0,0,0,0,0,0
2695,45,4,1.264468901,1,75638,0,1,0,2,0,1,0,0,0,1,4,2,4,3,1,2,2,4,4,3,2,2,2,3,2,2,2,2,3,4,3,4,1,0.488622904,-1.140458532,0.037951065,1,0,1,0,3,0,0,1,0,0,2,0,4,1,0,1,1,0,1,0,1,0,0,1,0,1,1,1,0,0,1,1,0,0,1,0,1,0,2,1,0,0,1,1,0,0,1,1,0,0,0,1
2698,14,4,0.713806145,0,60162,0,1,0,2,0,1,0,0,0,2,5,4,2,4,2,2,1,5,5,4,1,1,2,3,2,2,2,2,3,4,3,3,1,0.681754536,-0.987148662,-0.115427489,1,0,0,1,4,0,0,1,0,0,2,0,4,1,0,1,1,0,1,0,0,0,0,0,0,1,1,0,1,0,2,0,0,1,3,0,0,1,3,0,1,0,2,1,0,0,1,0,0,0,1,4
2704,11,2,1.607791675,0,31091,0,0,1,3,0,0,1,0,0,2,4,3,4,2,1,1,2,3,3,2,1,3,1,3,1,2,2,2,2,4,3,3,1,1.257061646,-1.381899055,0.916468125,1,0,0,1,4,0,0,1,0,0,2,0,4,0,1,2,0,1,2,0,0,0,1,1,0,1,1,1,0,0,1,1,0,0,1,0,1,0,2,0,1,0,2,1,0,0,1,1,0,0,0,1
2705,28,4,0.340080279,0,68164,0,1,0,3,0,0,1,0,0,3,2,4,2,4,3,5,2,3,3,4,2,1,1,2,2,2,2,3,3,2,2,3,1,0.271151838,-0.499241563,0.186554485,0,0,0,1,4,1,1,1,0,0,2,0,4,0,1,2,0,1,2,0,0,0,0,0,0,1,1,0,1,0,2,0,1,0,2,0,1,0,2,1,0,0,1,1,0,0,1,0,1,0,0,2
2706,39,4,0.878583098,0,16830,0,1,0,2,0,1,0,0,0,1,5,3,3,5,3,1,1,4,5,5,1,1,1,3,2,2,1,2,1,2,2,4,1,-0.201726468,0.365079264,-0.582796777,1,0,1,0,3,0,0,1,0,0,2,0,4,1,0,1,1,0,1,0,0,0,0,0,0,1,1,1,0,0,1,0,1,0,2,1,0,0,1,0,1,0,2,1,0,0,1,0,1,0,0,2
2708,14,4,0.53204069,0,62454,0,1,0,3,0,0,1,0,0,3,5,4,2,5,1,5,1,3,4,1,1,1,3,4,2,2,3,2,3,2,2,4,1,1.478404638,-1.867544729,0.95213963,1,0,1,0,3,0,0,1,0,0,2,0,4,1,0,1,1,0,1,0,1,0,0,0,0,1,1,1,0,0,1,0,1,0,2,1,0,0,1,0,0,1,3,1,0,0,1,0,1,0,0,2
2710,23,4,0.478807298,0,48464,0,0,1,1,1,0,0,0,0,1,5,2,5,5,1,1,1,5,3,3,2,2,2,4,2,2,2,2,2,4,2,2,0,0.35624704,-0.610160385,0.648708912,0,0,0,1,4,0,0,1,0,0,2,0,4,1,0,1,0,1,2,0,0,0,0,1,0,0,0,1,0,0,1,1,0,0,1,0,1,0,2,1,0,0,1,1,0,0,1,1,0,0,0,1
2711,18,2,1.52627727,0,40506,0,1,0,2,0,1,0,0,0,2,5,4,4,4,1,1,1,5,5,4,2,2,2,1,2,2,2,2,3,1,2,3,1,0.606753326,0.921145976,0.339330978,1,0,1,0,3,1,1,1,0,0,2,0,4,0,1,2,0,0,3,0,0,0,0,1,0,1,1,0,0,0,0,0,0,0,0,0,0,0,0,0,0,0,0,0,0,0,0,0,0,0,0,0
2712,5,2,0.170332841,0,90029,1,0,0,4,0,0,0,1,0,3,2,2,2,4,4,5,5,5,5,5,3,2,1,2,1,3,3,3,3,2,2,2,0,0.306586584,0.782926533,0.377665852,0,1,0,0,2,0,0,0,1,0,2,0,2,0,1,2,0,1,2,0,0,0,1,0,0,0,0,0,0,1,3,0,0,1,3,0,0,1,3,0,0,1,3,0,0,1,3,0,0,0,1,4
2713,26,4,0.545774301,0,64117,0,1,0,3,0,0,1,0,0,3,5,3,5,5,2,2,2,4,4,4,1,1,2,2,2,2,2,1,3,3,2,2,1,0.149914595,1.429666018,0.125659326,1,1,0,0,2,0,0,1,0,0,2,0,4,0,1,2,0,0,3,1,0,0,0,1,0,1,1,0,1,0,2,1,0,0,1,0,0,1,3,0,0,1,3,1,0,0,1,0,0,1,0,3
2714,33,4,0.330433367,0,11230,1,0,0,2,0,1,0,0,0,2,6,3,1,5,1,1,1,1,1,1,2,1,1,4,2,2,2,2,3,4,4,4,1,-1.022062285,0.268541928,-1.262492219,1,0,0,1,4,0,0,1,0,0,2,0,4,0,0,0,0,1,2,0,0,0,0,0,1,1,1,0,0,1,3,0,0,1,3,1,0,0,1,0,1,0,2,0,0,1,3,0,0,0,1,4
2715,6,2,0.767450382,0,81301,0,1,0,2,0,1,0,0,0,2,3,3,4,3,3,4,3,4,4,4,2,1,2,2,3,1,1,1,3,1,2,2,0,0.681606527,0.605778817,-0.584641546,1,1,0,0,2,0,1,1,0,0,2,0,4,1,0,1,1,0,1,0,0,0,0,0,0,0,0,1,0,0,1,0,1,0,2,1,0,0,1,0,1,0,2,1,0,0,1,0,1,0,0,2
2719,23,4,0.967707512,0,48098,0,1,0,4,0,0,0,1,0,4,4,4,4,5,2,4,1,4,4,4,2,2,2,4,2,2,1,1,3,3,3,1,1,0.055648527,-0.997375524,-1.237033827,1,0,0,1,4,0,0,1,0,0,2,0,4,1,0,1,1,0,1,0,0,0,0,0,0,1,1,1,0,0,1,0,0,1,3,0,0,1,3,0,1,0,2,1,0,0,1,1,0,0,0,1
2722,36,4,1.011366531,0,44203,0,1,0,4,0,0,0,1,0,5,5,5,1,5,1,1,1,5,1,1,2,1,2,4,2,2,1,2,1,4,3,3,1,0.308526496,-1.270737243,-0.685510105,1,0,0,1,4,0,0,1,0,0,2,0,4,1,0,1,1,0,1,0,1,0,0,1,0,1,1,0,1,0,2,0,1,0,2,0,1,0,2,0,1,0,2,1,0,0,1,1,0,0,0,1
2725,21,4,4.455732879,0,21215,1,0,0,2,0,1,0,0,0,1,5,4,5,2,4,2,1,4,5,2,2,2,1,4,2,2,1,2,3,3,3,3,1,-0.700331605,-0.438663499,0.825721923,0,0,1,0,3,0,0,1,0,0,2,0,4,0,1,2,0,1,2,0,1,0,0,1,0,1,1,0,0,1,3,0,0,1,3,1,0,0,1,0,1,0,2,0,0,1,3,0,0,0,1,4
2726,24,4,1.923478805,0,55311,0,1,0,3,0,0,1,0,0,3,3,5,2,4,3,3,2,4,4,4,1,2,1,3,2,2,2,2,2,3,3,3,1,-0.034301272,0.911387243,-0.347938332,0,0,0,1,4,0,0,1,0,0,2,0,4,0,1,2,0,1,2,0,0,0,0,1,0,1,1,0,1,0,2,0,0,1,3,0,0,1,3,1,0,0,1,1,0,0,1,0,1,0,0,2
2730,30,2,0.332292346,0,3079,0,1,0,3,0,0,1,0,0,3,5,5,3,3,1,1,1,3,5,1,2,2,2,4,2,2,2,2,2,4,2,4,1,-0.059407418,-0.48027694,-0.227857106,1,0,0,1,4,0,0,1,0,0,2,0,4,1,0,1,1,0,1,0,0,0,1,0,0,1,1,1,0,0,1,0,1,0,2,0,1,0,2,0,1,0,2,1,0,0,1,1,0,0,0,1
2731,5,4,41.88530993,1,91790,1,0,0,1,1,0,0,0,0,3,5,2,5,5,1,1,1,1,1,1,2,2,2,4,2,2,2,2,2,4,4,4,1,-2.842062858,0.354508542,-1.499363105,1,0,0,1,4,0,0,1,0,0,2,0,4,0,0,3,0,1,2,0,0,0,0,1,0,1,1,0,0,1,3,0,0,1,3,0,0,1,3,0,0,1,3,1,0,0,1,0,0,0,1,4
2732,34,4,1.152182,0,28551,0,0,1,2,0,1,0,0,0,4,2,5,4,5,2,2,1,1,1,1,1,2,2,1,2,2,1,1,1,1,1,1,1,1.021196009,-0.149922889,-1.08829038,1,0,0,1,4,0,0,1,0,0,2,0,4,0,1,2,0,1,2,0,0,0,0,1,0,1,1,1,0,0,1,1,0,0,1,0,1,0,2,0,0,1,3,1,0,0,1,1,0,0,0,1
2733,5,2,6.117955966,0,93308,0,1,0,4,0,0,0,1,0,3,5,5,4,3,1,1,1,4,4,3,3,1,2,2,3,1,3,2,3,4,2,4,1,0.188340036,0.583055101,0.074522574,1,1,0,0,2,1,1,1,0,0,2,0,4,0,0,3,0,0,3,1,0,0,0,0,0,1,1,0,1,0,2,0,1,0,2,0,0,1,3,0,1,0,2,1,0,0,1,0,0,1,0,3
2734,10,4,13.47754849,0,34744,0,1,0,2,0,1,0,0,0,1,3,2,4,4,1,1,1,3,3,1,1,3,3,2,3,2,3,1,3,1,2,3,1,-0.610770997,-0.546922589,0.027029777,0,0,0,1,4,1,1,1,0,0,1,1,1,1,0,1,1,0,1,0,0,0,0,1,0,1,1,1,0,0,1,0,1,0,2,0,1,0,2,0,1,0,2,0,1,0,2,0,0,1,0,3
2736,21,4,0.37647892,0,20910,1,0,0,3,0,0,1,0,0,2,1,4,4,4,1,1,1,1,1,1,1,1,1,1,2,2,1,1,3,1,1,1,1,-0.180552199,0.37104933,-0.163437649,1,0,0,1,4,1,1,1,0,0,2,0,4,1,0,1,1,0,1,0,0,0,0,0,0,1,1,0,0,1,3,0,0,1,3,0,1,0,2,0,1,0,2,0,0,1,3,0,0,0,1,4
2737,29,4,0.013110586,0,89502,1,0,0,2,0,1,0,0,0,2,3,3,2,5,1,1,1,1,3,1,2,2,2,4,2,2,2,2,2,4,4,4,1,-1.069286994,-1.519642007,-2.624326097,1,1,0,0,2,0,0,1,0,0,2,0,4,1,0,1,0,1,2,0,1,0,0,0,0,1,1,0,0,1,3,0,0,1,3,0,0,1,3,0,1,0,2,0,1,0,2,0,0,1,0,3
2740,29,2,0.362119942,1,89101,1,0,0,2,0,1,0,0,0,2,3,4,3,3,1,4,5,4,5,4,3,2,3,2,3,1,2,2,3,2,1,2,1,0.363222649,0.893961366,-0.409688442,0,1,0,0,2,1,1,1,0,0,2,0,4,0,0,3,0,0,3,1,0,1,0,0,0,1,1,0,0,1,3,0,0,1,3,0,0,1,3,0,1,0,2,0,0,1,3,0,0,0,1,4
2741,10,4,0.314290779,0,32571,0,1,0,1,1,0,0,0,0,2,4,4,3,5,3,3,1,4,2,4,1,1,3,2,2,2,2,2,2,4,2,2,1,0.943298418,-1.498954987,-1.501103648,0,0,0,1,4,0,0,1,0,0,2,0,4,1,0,1,0,1,2,0,1,0,0,0,0,1,1,1,0,0,1,1,0,0,1,0,1,0,2,0,0,1,3,1,0,0,1,1,0,0,0,1
2743,38,4,1.01E-05,0,97601,0,1,0,2,0,1,0,0,0,2,4,3,4,4,2,3,3,4,4,3,1,1,2,1,2,1,1,1,3,1,2,1,1,0.228677899,0.135026039,0.052797666,1,0,0,1,4,0,0,1,0,0,2,0,4,1,0,1,0,1,2,0,0,0,0,1,0,1,1,0,1,0,2,0,1,0,2,0,1,0,2,0,1,0,2,1,0,0,1,0,0,1,0,3
2744,37,3,0.24121284,0,74063,0,1,0,2,0,1,0,0,0,2,4,2,4,4,1,1,1,4,4,3,2,2,2,1,3,2,1,2,1,4,1,1,1,0.534663896,-0.812927663,-0.036275338,1,0,0,1,4,0,0,1,0,0,2,0,4,1,0,1,0,1,2,0,0,0,0,1,0,1,1,1,0,0,1,1,0,0,1,0,0,1,3,1,0,0,1,1,0,0,1,1,0,0,0,1
2745,9,2,0.458988851,0,20011,1,0,0,3,0,0,1,0,0,2,2,5,4,3,2,4,2,2,4,4,2,2,2,2,2,2,2,2,2,3,3,3,1,-0.059416694,0.987703808,-0.077413921,0,1,0,0,2,0,0,0,1,0,2,0,2,1,0,1,0,0,3,0,0,1,0,0,0,1,1,0,0,1,3,0,0,1,3,1,0,0,1,0,1,0,2,0,0,1,3,0,0,0,1,4
2746,11,2,1.69755027,0,30116,0,1,0,3,0,0,1,0,0,1,4,3,4,4,1,1,1,5,5,1,3,1,1,2,3,1,3,1,3,1,2,1,1,-0.384676021,-0.400306,0.674263709,1,0,1,0,3,0,0,1,0,0,2,0,4,1,0,1,0,0,3,0,1,0,0,0,0,1,1,1,0,0,1,1,0,0,1,0,1,0,2,0,1,0,2,1,0,0,1,1,0,0,0,1
2747,13,4,0.000312269,0,83544,0,0,1,4,0,0,0,1,0,3,5,4,1,5,3,1,1,5,5,4,2,3,3,4,2,2,3,2,3,4,2,4,0,1.325148161,-0.989654835,0.628422118,1,0,1,0,3,0,0,1,0,0,2,0,4,1,0,1,0,0,3,0,0,0,0,1,0,0,0,1,0,0,1,1,0,0,1,1,0,0,1,1,0,0,1,1,0,0,1,1,0,0,0,1
2749,3,3,22.10684057,1,85719,1,0,0,3,0,0,1,0,0,2,5,1,5,5,3,3,1,1,1,1,1,2,2,3,2,1,2,2,2,1,3,3,1,0.009347393,-0.731855262,-0.532184311,1,0,0,0,1,0,0,1,0,1,2,0,3,1,0,1,1,0,1,0,0,0,0,0,0,1,1,0,1,0,2,0,0,1,3,1,0,0,1,0,0,1,3,0,1,0,2,0,0,0,1,4
2750,42,4,0.578459436,0,29645,0,0,1,5,0,0,0,0,1,5,5,5,5,1,1,1,1,1,1,1,2,1,1,1,2,2,2,1,2,3,3,3,1,-0.996469995,-0.264416612,-1.468468373,0,1,0,0,2,0,0,1,0,0,2,0,4,1,0,1,0,1,2,0,0,0,0,1,0,1,1,1,0,0,1,1,0,0,1,1,0,0,1,1,0,0,1,1,0,0,1,1,0,0,0,1
2751,30,4,0.271934952,0,3576,0,0,1,1,1,0,0,0,0,2,5,3,4,4,4,4,4,4,4,4,1,1,1,1,1,1,1,1,1,1,1,1,0,0.067731785,0.818495615,0.088087581,0,0,0,1,4,0,0,1,0,0,2,0,4,1,0,1,0,1,2,0,0,0,0,0,0,0,0,1,0,0,1,1,0,0,1,1,0,0,1,0,0,1,3,1,0,0,1,1,0,0,0,1
2752,14,4,0.678100937,0,60626,1,0,0,2,0,1,0,0,0,2,5,3,4,5,2,2,1,4,4,3,2,2,2,4,2,2,2,2,2,4,2,4,0,-0.815774946,-0.990926837,-2.477324904,0,0,0,1,4,1,1,1,0,0,2,0,4,1,0,1,1,0,1,0,0,0,0,0,1,0,0,0,0,1,3,0,0,1,3,1,0,0,1,1,0,0,1,0,0,1,3,0,0,0,1,4
2753,18,4,0.424654029,0,40146,0,0,1,5,0,0,0,0,1,4,5,5,1,5,2,2,2,5,5,5,1,1,1,1,2,2,1,2,2,1,3,3,1,0.476126565,-0.944041093,-0.089079318,1,0,0,1,4,0,0,1,0,0,2,0,4,0,1,2,0,1,2,0,1,0,0,1,0,1,1,1,0,0,1,1,0,0,1,1,0,0,1,1,0,0,1,1,0,0,1,1,0,0,0,1
2757,29,4,0.00022384,1,89052,0,1,0,3,0,0,1,0,0,3,5,4,1,5,2,4,1,4,5,4,1,1,1,1,2,2,1,1,2,3,2,3,1,1.160827789,-0.393778914,-0.058809634,1,0,1,1,4,0,0,1,0,0,2,0,4,0,1,2,0,0,3,1,0,0,0,1,0,1,1,0,1,0,2,0,0,1,3,0,0,1,3,0,1,0,2,1,0,0,1,0,0,1,0,3
2758,43,4,0.505148871,0,57104,0,1,0,2,0,1,0,0,0,1,3,2,3,4,3,3,3,4,3,3,1,1,1,1,3,1,3,1,3,2,2,2,1,-0.179390921,0.561495253,-0.391510957,1,0,0,1,4,0,0,1,0,0,2,0,4,1,0,1,0,1,2,0,0,0,0,1,0,1,1,0,1,0,2,0,0,1,3,0,1,0,2,0,0,1,3,1,0,0,1,0,0,0,1,4
2761,3,4,0.000446007,1,85712,0,1,0,3,0,0,1,0,0,3,4,3,4,5,2,2,2,4,4,3,1,1,1,1,1,1,2,1,2,1,4,1,1,-0.721932053,-1.062515959,-0.609825742,0,0,0,1,4,0,0,1,0,0,2,0,4,1,0,1,0,1,2,0,0,0,0,0,0,1,1,0,1,0,2,0,0,1,3,1,0,0,1,0,0,1,3,1,0,0,1,0,0,0,1,4
2764,51,4,0.505148871,0,53126,0,1,0,1,1,0,0,0,0,1,3,4,4,5,1,1,1,1,5,3,2,2,2,4,2,2,2,2,2,4,4,4,1,1.671356905,-0.911241484,-0.616840557,1,0,0,1,4,0,0,1,0,0,2,0,4,1,0,1,0,1,2,0,0,0,0,1,0,1,1,1,0,0,1,1,0,0,1,0,1,0,2,0,0,1,3,0,1,0,2,1,0,0,0,1
2767,27,4,0.600530113,0,59044,0,1,0,3,0,0,1,0,0,2,4,3,2,3,2,3,3,3,4,3,2,2,3,2,2,2,2,3,2,2,2,3,1,-0.930275191,-0.336138835,-1.098208104,0,0,0,1,4,1,1,1,0,0,2,0,4,0,1,2,0,1,2,0,0,0,0,1,0,1,1,1,0,0,1,1,0,0,1,0,0,1,3,0,1,0,2,1,0,0,1,1,0,0,0,1
2768,38,2,0.010077806,0,97007,0,1,0,3,0,0,1,0,0,2,5,5,1,5,3,3,4,4,5,4,3,3,3,2,2,2,2,1,2,3,3,1,1,-0.38730357,-0.865766717,0.534982656,1,0,1,0,3,1,1,1,0,0,2,0,4,1,0,1,1,0,1,0,0,0,1,1,0,1,1,0,0,1,3,0,1,0,2,1,0,0,1,1,0,0,1,1,0,0,1,0,0,1,0,3
2769,13,4,1.216525873,0,83404,0,1,0,2,0,1,0,0,0,2,5,3,5,4,1,2,2,3,3,1,2,2,2,4,2,2,2,2,2,4,2,3,0,0.268832543,0.183558739,0.277643157,0,0,1,0,3,0,0,1,0,0,2,0,4,0,1,2,1,0,1,0,0,0,0,0,0,0,0,0,1,0,2,0,0,1,3,1,0,0,1,0,1,0,2,1,0,0,1,0,1,0,0,2
2771,10,4,2.051392763,1,33432,1,0,0,3,0,0,1,0,0,3,4,3,3,5,1,1,1,4,3,3,2,2,2,4,2,2,2,2,1,4,4,4,1,-0.858326669,-1.55017529,-1.555551234,1,0,0,1,4,0,1,1,0,0,2,0,4,0,0,3,0,1,2,0,0,0,0,1,0,1,1,0,0,1,3,0,0,1,3,0,0,1,3,0,0,1,3,1,0,0,1,0,0,0,1,4
2773,51,4,0.030176101,0,53209,1,0,0,1,1,0,0,0,0,1,6,0,5,5,1,1,1,3,1,1,2,2,2,4,2,2,2,2,2,4,2,4,0,-0.970139456,-1.869980831,1.064455029,1,0,0,1,4,0,0,1,0,0,2,0,4,1,0,1,0,1,2,0,0,0,0,0,1,0,0,0,0,1,3,0,1,0,2,1,0,0,1,0,1,0,2,1,0,0,1,0,0,0,1,4
2774,14,4,1.171911313,0,60423,0,1,0,1,1,0,0,0,0,1,6,3,3,5,3,3,1,4,4,3,2,2,2,4,2,2,2,2,2,4,3,4,1,0.81675575,0.252138938,-1.019115577,1,0,0,1,4,0,0,1,0,0,2,0,4,0,0,0,1,0,1,0,0,0,0,1,0,1,1,1,0,0,1,1,0,0,1,0,1,0,2,0,1,0,2,0,1,0,2,1,0,0,0,1
2776,36,4,4.248377799,0,43543,0,1,0,3,0,0,1,0,0,4,4,5,4,5,1,1,1,4,4,1,1,2,2,2,2,2,1,1,3,4,2,4,0,-1.378797032,-0.612794336,0.724562124,1,0,1,0,3,0,0,1,0,0,2,0,4,1,0,1,0,1,2,0,1,0,0,1,0,0,0,1,0,0,1,1,0,0,1,0,1,0,2,1,0,0,1,1,0,0,1,1,0,0,0,1
2777,51,4,0.467985275,0,54115,0,1,0,1,1,0,0,0,0,1,4,2,4,4,4,4,4,4,4,4,2,2,2,3,2,2,2,2,2,3,3,3,1,-0.520723176,0.440237058,-0.076033999,0,0,0,1,4,1,1,1,0,0,2,0,4,0,1,2,0,1,2,0,0,0,0,1,0,1,1,0,1,0,2,0,1,0,2,0,1,0,2,0,1,0,2,1,0,0,1,1,0,0,0,1
2778,49,4,0.001001127,0,98683,1,0,0,2,0,1,0,0,0,3,5,2,4,4,2,1,1,4,4,3,2,2,2,4,2,2,2,3,2,4,4,4,0,-1.261679445,-0.548411192,-0.978750877,0,0,0,1,4,1,1,1,0,0,2,0,4,0,1,2,1,0,1,0,0,0,0,0,1,0,0,0,0,1,3,0,0,1,3,0,0,1,3,0,1,0,2,1,0,0,1,0,0,0,1,4
2779,45,4,0.606418366,1,75155,0,0,1,1,1,0,0,0,0,1,4,0,5,4,1,1,1,1,3,1,2,2,2,4,2,2,2,2,2,4,3,3,1,1.376729422,-1.427675563,0.952224333,0,0,0,1,4,0,0,1,0,0,2,0,4,1,0,1,0,1,2,0,0,0,0,1,0,1,1,1,0,0,1,1,0,0,1,1,0,0,1,1,0,0,1,1,0,0,1,1,0,0,0,1
2780,4,4,0.401252052,0,72212,0,1,0,1,1,0,0,0,0,1,3,0,4,3,2,3,1,4,3,3,1,1,1,1,2,2,2,2,2,3,2,4,1,0.903038995,0.288500783,0.48492559,1,0,0,1,4,0,1,1,0,0,2,0,4,1,0,1,1,0,1,0,0,0,0,1,0,1,1,0,1,0,2,0,0,1,3,1,0,0,1,0,1,0,2,1,0,0,1,0,1,0,0,2
2784,50,4,1.730578443,0,26003,0,1,0,2,0,1,0,0,0,1,5,4,3,5,1,1,1,5,4,3,2,2,2,4,2,2,2,2,2,4,3,4,1,0.980114339,-0.325472444,-1.063615532,1,0,0,1,4,0,0,1,0,0,2,0,4,0,1,2,0,1,2,0,1,0,0,1,0,1,1,1,0,0,1,0,0,1,3,0,0,1,3,0,1,0,2,1,0,0,1,0,1,0,0,2
2785,5,4,0.503938313,0,92646,1,0,0,1,1,0,0,0,0,2,3,1,4,3,1,1,4,3,5,4,2,2,2,3,2,2,2,2,2,3,3,3,0,1.16044975,0.015462386,0.727885804,0,0,0,1,4,1,1,1,0,0,2,0,4,0,0,3,1,0,1,0,0,0,0,1,0,0,0,0,0,1,3,0,1,0,2,0,0,1,3,0,0,1,3,1,0,0,1,0,0,0,1,4
2790,22,2,0.300305477,0,1864,0,0,0,3,0,0,1,0,0,3,4,4,4,3,4,3,3,4,4,4,2,2,2,2,3,3,2,2,2,3,3,3,1,0.146931881,-0.593180551,0.110152996,0,0,0,1,4,0,1,1,0,0,2,0,4,0,1,2,1,0,1,0,0,0,1,0,0,1,1,0,0,0,0,0,0,0,0,0,0,0,0,0,0,0,0,0,0,0,0,0,0,0,0,0
2792,26,4,0.710467199,0,65606,0,0,1,1,1,0,0,0,0,1,5,3,4,4,1,1,2,3,3,1,2,2,2,3,2,2,2,2,2,1,1,1,1,-2.126614722,-0.072149077,0.085145437,1,0,1,0,3,0,1,1,0,0,2,0,4,0,1,2,0,1,2,0,0,0,0,1,0,1,1,1,0,0,1,1,0,0,1,1,0,0,1,1,0,0,1,1,0,0,1,1,0,0,0,1
2794,39,4,0.956521677,0,19320,0,1,0,2,0,1,0,0,0,2,5,5,3,5,1,1,1,3,5,3,2,2,2,4,2,2,2,2,2,3,3,4,1,-0.064660708,1.108791366,-0.815121123,1,0,0,1,4,0,0,1,0,0,2,0,4,0,1,2,0,0,3,0,0,0,0,1,0,1,1,0,1,0,2,1,0,0,1,1,0,0,1,0,1,0,2,0,1,0,2,1,0,0,0,1
2795,32,2,0.006441453,0,87031,0,1,0,2,0,1,0,0,0,2,3,3,3,3,3,3,2,3,3,2,2,2,2,3,2,2,2,2,2,3,3,3,1,-1.425320811,-0.159826249,-1.18909673,1,0,1,0,3,0,0,1,0,0,2,0,4,1,0,1,0,0,3,1,0,1,0,0,0,1,1,1,0,0,1,1,0,0,1,0,1,0,2,0,0,1,3,0,1,0,2,0,1,0,0,2
2798,10,4,2.696150269,0,34203,0,1,0,1,1,0,0,0,0,1,5,5,5,5,1,3,1,3,5,5,2,2,2,4,2,2,2,2,3,3,3,3,1,0.787400446,0.919652027,-0.42850985,1,0,0,1,4,0,0,1,0,0,2,0,4,0,1,2,1,0,1,0,0,0,0,1,0,1,1,0,1,0,2,0,1,0,2,0,1,0,2,0,0,1,3,1,0,0,1,0,1,0,0,2
2799,34,4,0.950756779,0,28078,0,1,0,3,0,0,1,0,0,2,5,3,4,5,2,3,3,4,5,4,1,3,2,2,2,2,2,2,2,1,2,3,1,1.26973027,-0.969518263,0.18166428,1,0,0,1,4,0,0,1,0,0,2,0,4,0,1,2,0,1,2,0,1,0,0,1,0,1,1,0,1,0,2,0,1,0,2,0,0,1,3,0,1,0,2,1,0,0,1,0,0,1,0,3
2801,33,4,0.182778985,0,14075,0,1,0,2,0,1,0,0,0,3,4,3,2,5,2,4,3,5,5,5,3,2,2,2,3,2,3,2,3,2,2,2,1,-0.930926696,-0.373199777,-0.201277901,1,0,0,1,4,0,1,1,0,0,2,0,4,0,1,2,0,1,2,0,1,0,0,1,0,1,1,1,0,0,1,0,1,0,2,0,1,0,2,0,0,1,3,1,0,0,1,0,0,1,0,3
2804,45,4,0.461272671,1,75067,1,0,0,2,0,1,0,0,0,2,4,3,5,5,2,2,1,3,5,4,2,2,2,3,2,2,2,2,3,2,2,2,1,0.366486326,-0.605516889,0.40592721,1,0,0,1,4,0,1,1,0,0,2,0,4,1,0,1,1,0,1,0,0,0,0,0,0,1,1,0,0,1,3,0,0,1,3,0,0,1,3,0,1,0,2,0,1,0,2,0,0,1,0,3
2805,14,4,0.678100937,0,60626,1,0,0,1,1,0,0,0,0,2,5,2,3,5,3,2,1,4,5,1,2,2,2,4,2,2,2,1,2,4,2,4,0,-0.400659828,-0.885645807,-2.122293662,0,0,0,1,4,1,1,1,0,0,2,0,4,1,0,1,1,0,1,0,0,0,0,0,1,0,0,0,0,1,3,0,0,1,3,1,0,0,1,1,0,0,1,0,0,1,3,0,0,0,1,4
2806,44,4,3.683299051,0,38017,0,1,0,1,1,0,0,0,0,2,5,1,5,5,1,1,1,3,2,2,2,2,2,4,2,2,2,2,2,3,3,3,1,0.826058815,-0.242475583,-1.139197666,1,0,1,0,3,0,1,1,0,0,2,0,4,0,0,3,0,1,2,0,0,0,0,1,0,1,1,0,1,0,2,1,0,0,1,0,1,0,2,1,0,0,1,1,0,0,1,1,0,0,0,1
2808,34,4,0.903010998,0,28110,0,1,0,3,0,0,1,0,0,2,6,2,3,4,3,3,3,2,3,3,2,2,2,4,2,2,1,2,2,4,3,3,1,-0.066448117,0.550060264,-0.756976566,1,0,0,1,4,0,0,0,1,0,2,0,2,0,1,2,1,0,1,0,0,0,0,1,0,1,1,1,0,0,1,1,0,0,1,0,1,0,2,1,0,0,1,1,0,0,1,1,0,0,0,1
2809,24,2,0.540690364,0,56601,0,1,0,1,1,0,0,0,0,1,3,3,5,5,1,2,1,4,3,4,2,2,2,3,2,2,2,2,2,3,3,3,1,-0.385151497,-0.258250726,-1.218481193,1,0,0,1,4,0,0,1,0,0,2,0,4,1,0,1,0,1,2,0,1,0,0,1,0,1,1,1,0,0,1,0,0,1,3,1,0,0,1,0,0,1,3,1,0,0,1,1,0,0,0,1
2811,29,4,0.00012909,1,89145,1,0,0,2,0,1,0,0,0,3,5,2,5,5,1,1,1,1,1,1,2,2,2,4,2,2,2,2,2,4,4,4,1,0.348485415,-1.706418158,0.020683412,1,0,0,1,4,0,0,1,0,0,2,0,4,1,0,1,1,0,1,0,0,0,0,1,0,1,1,0,0,1,3,0,1,0,2,0,0,1,3,1,0,0,1,1,0,0,1,0,0,0,1,4
2812,3,4,0.00194738,0,86440,0,1,0,2,0,1,0,0,0,3,5,3,3,5,3,3,3,5,5,3,2,2,2,3,2,2,2,2,2,3,3,4,1,-0.113743944,-0.198207389,-1.501454374,1,0,0,1,4,0,0,1,0,0,2,0,4,1,0,1,1,0,1,0,0,0,0,1,0,1,1,1,0,0,1,1,0,0,1,1,0,0,1,1,0,0,1,1,0,0,1,1,0,0,0,1
2813,26,4,1.110800641,0,64127,0,1,0,4,0,0,0,1,0,4,5,5,3,5,1,1,1,1,3,1,2,1,3,4,2,2,2,2,2,4,3,4,1,1.048220618,-0.361118486,0.883077767,0,0,0,1,4,0,0,1,0,0,2,0,4,1,0,1,1,0,1,0,0,0,0,1,0,1,1,0,1,0,2,0,1,0,2,0,1,0,2,1,0,0,1,1,0,0,1,0,0,0,1,4
2816,22,4,0.887756434,0,2155,1,0,0,5,0,0,0,0,1,5,5,5,1,5,4,1,4,5,5,4,1,1,2,1,2,2,1,2,3,4,2,4,1,-1.112916317,-0.544233491,-0.98913927,1,0,1,0,3,0,0,1,0,0,2,0,4,1,0,1,1,0,1,0,1,0,0,1,0,1,1,0,0,1,3,0,0,1,3,0,1,0,2,1,0,0,1,0,0,1,3,0,0,0,1,4
2818,5,4,0.015989717,0,90011,1,0,0,3,0,0,1,0,0,3,5,3,5,5,1,1,1,3,3,1,2,2,2,4,2,2,2,2,2,4,4,4,0,-1.41956128,-1.836216328,1.370313161,0,0,1,0,3,0,0,1,0,0,1,1,1,1,0,1,1,0,1,0,0,0,0,0,1,0,0,0,0,1,3,0,0,1,3,0,1,0,2,0,1,0,2,0,0,1,3,0,0,0,1,4
2819,23,4,0.180299106,0,48127,1,0,0,3,0,0,1,0,0,3,5,3,2,3,3,4,4,2,4,2,3,1,2,4,2,2,3,2,1,4,2,4,0,0.298503123,0.572291405,-0.514303256,0,0,0,1,4,1,1,1,0,0,2,0,4,1,0,1,0,1,2,0,0,0,0,1,0,0,0,0,0,1,3,0,0,1,3,0,1,0,2,0,0,1,3,1,0,0,1,0,0,1,0,3
2820,5,4,0.004083941,1,95630,0,1,0,1,1,0,0,0,0,1,4,2,4,4,1,1,1,1,1,1,2,2,2,4,2,2,1,2,3,4,2,4,1,-0.822385497,0.388967375,-0.103342262,0,0,1,0,3,0,0,1,0,0,2,0,4,0,1,2,0,1,2,0,0,0,0,1,0,1,1,0,1,0,2,0,0,1,3,0,0,1,3,0,0,1,3,0,1,0,2,0,0,1,0,3
2822,15,4,1.171911313,0,46808,0,1,0,2,0,1,0,0,0,1,6,3,2,4,1,1,1,1,1,1,2,2,2,4,2,2,1,2,3,1,2,2,1,1.197833621,0.507386712,0.299995922,1,0,0,1,4,0,0,1,0,0,2,0,4,1,0,1,1,0,1,0,0,0,0,1,0,1,1,0,1,0,2,0,1,0,2,1,0,0,1,0,1,0,2,1,0,0,1,0,0,1,0,3
2824,36,2,1.551506699,0,43076,0,1,0,5,0,0,0,0,1,3,5,5,4,5,1,3,1,5,4,4,2,2,2,1,2,2,1,2,2,3,2,3,1,1.522402513,0.55037535,-1.17816126,1,0,0,1,4,0,0,1,0,0,2,0,4,1,0,1,0,1,2,0,0,0,1,1,0,1,1,1,0,0,1,1,0,0,1,1,0,0,1,1,0,0,1,1,0,0,1,1,0,0,0,1
2825,14,4,0.511364446,0,60646,1,0,0,1,1,0,0,0,0,1,4,1,4,3,1,1,1,1,2,1,2,2,2,4,2,2,2,2,2,3,3,4,1,-0.102389948,-0.484838358,-0.6068125,0,0,1,0,3,0,0,1,0,0,2,0,4,1,0,1,0,1,2,0,1,0,0,0,0,1,1,0,0,1,3,0,0,1,3,1,0,0,1,0,1,0,2,0,0,1,3,0,0,0,1,4
2827,44,3,0.255952648,0,37030,0,1,0,3,0,0,1,0,0,2,5,4,3,5,3,3,2,5,5,4,3,1,1,1,3,1,1,1,3,1,1,1,1,-0.623613235,-0.676065877,-0.909735514,1,1,0,0,2,0,0,1,0,0,2,0,4,1,0,1,0,1,2,0,1,0,0,1,1,1,1,1,0,0,1,1,0,0,1,1,0,0,1,0,0,1,3,1,0,0,1,1,0,0,0,1
2828,30,2,1.100581313,0,3858,0,1,0,3,0,0,1,0,0,2,2,3,3,3,2,2,1,3,3,2,1,3,3,3,2,2,3,2,2,3,2,3,1,0.581862931,0.59616702,0.266459875,1,1,0,0,2,0,0,1,0,0,2,0,4,0,1,2,0,1,2,1,0,0,0,0,0,1,1,1,0,0,1,1,0,0,1,1,0,0,1,1,0,0,1,1,0,0,1,1,0,0,0,1
2829,10,4,0.972300287,0,34112,0,1,0,1,1,0,0,0,0,1,4,3,5,2,1,1,1,3,5,3,1,1,1,1,2,2,1,1,2,1,2,1,1,1.248306763,0.610679162,0.833148788,1,0,1,0,3,0,1,1,0,0,2,0,4,0,1,2,1,0,1,0,0,0,0,1,0,1,1,0,1,0,2,0,1,0,2,0,0,1,3,0,0,1,3,1,0,0,1,1,0,0,0,1
2831,45,4,0.128296783,1,75062,1,0,0,3,0,0,1,0,0,1,4,5,4,4,1,1,1,3,3,3,3,3,3,1,2,2,3,1,3,1,2,2,1,1.072462507,-1.333418387,-0.042408402,1,0,0,1,4,0,0,1,0,0,2,0,4,1,0,1,0,0,3,0,0,0,0,1,0,1,1,0,0,1,3,0,0,1,3,0,0,1,3,1,0,0,1,0,1,0,2,0,0,1,0,3
2833,39,4,0.58155847,0,16502,1,0,0,3,0,0,1,0,0,3,5,4,2,4,1,1,1,3,4,5,3,2,2,4,2,2,3,2,2,4,3,4,1,0.769337669,-0.172569084,-0.527929267,0,0,0,1,4,0,0,1,0,0,2,0,4,1,0,1,1,0,1,0,0,0,0,0,0,1,1,0,0,1,3,0,0,1,3,1,0,0,1,0,0,1,3,1,0,0,1,0,0,0,1,4
2834,36,4,0.706388336,0,44857,0,1,0,3,0,0,1,0,0,2,4,3,4,5,3,3,3,4,4,3,2,2,2,3,2,2,2,2,2,3,3,4,1,-0.187326636,-0.093595649,-0.055872081,0,0,0,1,4,0,0,1,0,0,2,0,4,1,0,1,0,1,2,0,1,0,0,0,0,1,1,1,0,0,1,0,1,0,2,0,1,0,2,0,0,1,3,1,0,0,1,1,0,0,0,1
2835,45,4,0.459318589,1,77303,0,1,0,4,0,0,0,1,0,1,5,5,5,5,5,5,5,5,5,5,1,3,3,1,2,2,2,3,3,2,2,2,1,0.963723124,1.542044579,0.804210654,1,1,0,0,2,0,0,0,1,0,2,0,2,1,0,1,0,1,2,0,0,0,0,0,1,1,1,1,0,0,1,0,1,0,2,0,0,1,3,0,1,0,2,1,0,0,1,0,1,0,0,2
2837,21,3,0.213008304,0,21214,0,1,0,1,1,0,0,0,0,4,6,3,4,5,4,3,2,3,5,4,2,2,3,4,1,3,2,3,1,4,2,2,1,-0.758900672,-0.077565533,0.212608661,1,1,0,0,2,0,0,1,0,0,2,0,4,1,0,1,0,0,3,0,0,0,0,0,1,1,1,0,0,1,3,0,1,0,2,0,1,0,2,0,1,0,2,1,0,0,1,0,0,1,0,3
2839,34,4,1.581562194,0,27712,0,1,0,2,0,1,0,0,0,2,5,3,2,5,2,2,2,2,5,4,1,1,2,4,2,2,1,2,3,3,2,3,1,0.827753755,0.91776297,0.205974615,1,0,0,1,4,0,1,1,0,0,2,0,4,0,1,2,1,0,1,0,0,0,0,1,0,1,1,1,0,0,1,1,0,0,1,0,1,0,2,1,0,0,1,1,0,0,1,1,0,0,0,1
2840,11,2,0.56944733,0,30039,0,1,0,3,0,0,1,0,0,1,4,3,5,5,3,3,3,3,1,3,2,2,2,3,3,3,3,2,2,3,3,4,1,-0.090111329,-0.707186762,0.208663254,0,0,1,0,3,0,0,0,1,0,2,0,2,1,0,1,0,0,3,0,0,1,1,0,0,1,1,0,1,0,2,1,0,0,1,0,1,0,2,0,0,1,3,1,0,0,1,1,0,0,0,1
2842,10,2,0.771180367,1,33126,1,0,0,4,0,0,0,1,0,3,2,5,4,5,5,1,5,5,5,5,1,1,3,1,3,1,1,1,3,2,2,2,1,1.648209903,0.348075813,0.862232405,1,1,0,0,2,1,1,0,1,0,2,0,2,0,1,2,0,0,3,1,0,0,1,0,0,1,1,0,0,1,3,0,0,1,3,0,0,1,3,1,0,0,1,0,1,0,2,0,0,0,1,4
2845,10,4,0.431430718,0,32446,0,1,0,3,0,0,1,0,0,1,4,2,5,5,5,5,5,5,5,5,2,2,2,3,2,2,2,2,1,3,3,3,1,-0.256517129,0.46055762,0.64367667,1,0,1,0,3,0,0,0,1,0,2,0,2,1,0,1,0,1,2,1,0,0,0,0,0,1,1,1,0,0,1,1,0,0,1,1,0,0,1,0,0,1,3,1,0,0,1,1,0,0,0,1
2846,10,4,0.862853472,0,34667,0,1,0,4,0,0,0,1,0,2,5,5,5,5,1,1,1,5,5,1,2,2,2,3,2,2,2,2,2,3,3,3,1,1.281320683,-2.063628597,0.483577114,1,0,0,1,4,0,0,1,0,0,2,0,4,1,0,1,1,0,1,0,0,0,0,1,0,1,1,1,0,0,1,1,0,0,1,0,0,1,3,0,1,0,2,1,0,0,1,0,1,0,0,2
2847,10,2,1.437512353,1,33401,1,0,0,5,0,0,0,0,1,1,5,5,5,5,1,1,1,5,4,4,3,1,3,2,3,2,2,2,3,2,2,2,1,0.764537496,0.689510135,0.556608846,0,1,0,0,2,0,0,0,1,0,2,0,2,0,1,2,0,1,2,1,0,0,0,0,0,1,1,0,0,1,3,0,0,1,3,0,0,1,3,0,1,0,2,0,0,1,3,0,0,0,1,4
2848,10,2,2.210722553,0,33860,0,1,0,3,0,0,1,0,0,3,4,3,4,4,2,2,1,3,3,3,1,1,1,2,2,2,2,2,3,4,4,4,1,-2.104860631,1.010595915,-0.291117301,0,0,1,0,3,1,1,1,0,0,2,0,4,0,1,2,0,0,3,0,0,0,1,1,0,1,1,1,0,0,1,1,0,0,1,0,0,1,3,0,0,1,3,1,0,0,1,1,0,0,0,1
2849,23,4,1.973461392,0,48708,0,1,0,2,0,1,0,0,0,3,6,5,5,5,1,1,1,5,5,5,2,2,2,4,2,2,2,2,3,4,4,4,1,0.89054195,-0.859792999,0.734373599,1,0,0,1,4,0,0,1,0,0,2,0,4,0,1,2,1,0,1,0,0,0,0,0,1,1,1,0,1,0,2,0,1,0,2,1,0,0,1,0,0,1,3,1,0,0,1,0,1,0,0,2
2853,45,4,1.315685525,0,76208,0,1,0,3,0,0,1,0,0,3,5,4,3,5,4,2,5,5,5,1,1,3,3,1,3,1,3,3,2,1,1,1,1,-0.450628898,-0.040096721,-0.271545628,1,0,1,0,3,0,0,1,0,0,2,0,4,0,1,2,0,0,3,1,1,0,0,1,0,1,1,1,0,0,1,1,0,0,1,0,0,1,3,0,0,1,3,1,0,0,1,1,0,0,0,1
2857,15,4,0.347694444,0,46953,0,1,0,2,0,1,0,0,0,2,5,3,1,3,4,3,3,2,4,3,3,2,2,2,2,2,2,2,1,4,2,4,0,0.15872413,0.247575176,-0.106968555,1,0,0,1,4,1,1,1,0,0,2,0,4,0,0,0,1,0,1,0,0,0,0,1,0,0,0,1,0,0,1,0,1,0,2,1,0,0,1,0,1,0,2,1,0,0,1,1,0,0,0,1
2858,39,4,0.249293266,0,19111,1,0,0,1,1,0,0,0,0,1,2,1,5,5,5,1,1,1,1,1,1,1,1,1,2,2,2,2,2,4,4,4,1,-0.1141008,-0.085384239,0.522168656,1,0,1,0,3,0,1,1,0,0,2,0,4,1,0,1,1,0,1,0,0,0,0,0,0,1,1,0,0,1,3,0,0,1,3,1,0,0,1,1,0,0,1,0,0,1,3,0,0,0,1,4
2860,26,2,0.947383731,0,64068,0,1,0,2,0,1,0,0,0,3,5,4,2,5,2,4,2,2,4,2,3,2,2,2,3,1,3,1,3,2,2,1,1,0.287415374,-0.047388972,-0.326256055,1,0,1,0,3,1,1,1,0,0,2,0,4,0,0,0,0,1,2,0,1,0,0,1,0,1,1,0,1,0,2,0,0,1,3,0,1,0,2,0,0,1,3,1,0,0,1,0,1,0,0,2
2862,5,2,1.49E-06,0,90210,0,1,0,3,0,0,1,0,0,3,2,4,2,3,3,4,2,2,4,2,1,2,3,3,3,2,2,1,3,2,2,2,1,-0.203929946,0.493940369,-0.847379953,0,0,0,0,1,0,0,0,1,0,2,0,2,1,0,1,1,0,1,0,0,0,1,0,0,1,1,0,1,0,2,0,0,1,3,1,0,0,1,0,0,1,3,1,0,0,1,0,0,1,0,3
2864,37,2,0.939967367,0,74523,0,0,1,2,0,1,0,0,0,2,5,2,4,5,1,1,4,4,1,1,2,2,2,3,2,2,2,2,3,4,2,3,1,0.762032583,-0.064147206,0.78684839,1,0,0,1,4,0,1,1,0,0,2,0,4,0,1,2,0,1,2,0,0,0,0,1,0,1,1,1,0,0,1,1,0,0,1,1,0,0,1,1,0,0,1,1,0,0,1,1,0,0,0,1
2868,26,2,0.816187474,0,63461,0,1,0,1,1,0,0,0,0,1,2,1,5,4,2,2,2,5,5,5,2,2,2,4,2,2,2,2,2,4,2,3,1,-0.135039109,-0.077705759,0.35404876,1,0,1,0,3,0,0,1,0,0,2,0,4,1,0,1,0,1,2,0,0,0,1,0,0,1,1,1,0,0,1,1,0,0,1,0,1,0,2,0,0,1,3,1,0,0,1,1,0,0,0,1
2869,5,2,0.004834963,1,92501,0,1,0,4,0,0,0,1,0,4,5,3,4,5,1,3,3,3,3,2,2,2,3,2,2,2,2,2,2,3,2,2,1,-1.732752619,0.107552828,-0.322625626,1,0,1,0,3,0,0,1,0,0,2,0,4,1,0,1,0,0,3,1,1,0,1,1,0,1,1,0,1,0,2,0,0,1,3,0,0,1,3,0,1,0,2,0,1,0,2,0,0,0,1,4
2872,49,2,0.004601697,0,98178,0,1,0,1,1,0,0,0,0,3,3,0,5,2,5,5,5,5,5,5,1,2,2,3,2,2,2,2,2,3,3,3,0,-0.949910844,-0.16299588,-0.938396736,1,1,0,0,2,0,0,1,0,0,2,0,4,1,0,1,0,0,3,1,0,0,0,1,0,0,0,0,1,0,2,0,0,1,3,0,0,1,3,1,0,0,1,0,1,0,2,0,0,0,1,4
2874,45,1,3.237787967,1,78539,0,1,0,4,0,0,0,1,0,5,5,5,1,5,3,3,3,4,4,3,3,1,3,2,3,3,3,3,3,1,1,1,1,-0.28905346,0.032368256,-0.389179122,1,1,0,0,2,0,0,1,0,0,1,1,1,0,1,2,1,0,1,0,0,0,1,0,1,1,1,0,1,0,2,0,0,1,3,0,1,0,2,0,0,1,3,1,0,0,1,0,1,0,0,2
2874,45,1,3.237787967,1,78539,0,1,0,4,0,0,0,1,0,5,5,5,1,5,3,3,3,4,4,3,3,1,3,2,3,3,3,3,3,1,1,1,1,-0.28905346,0.032368256,-0.389179122,1,1,0,0,2,0,0,1,0,0,1,1,1,0,1,2,1,0,1,0,0,0,1,0,1,1,1,0,1,0,2,0,0,1,3,0,1,0,2,0,0,1,3,1,0,0,1,0,1,0,0,2
2876,15,4,0.291040829,0,46217,0,1,0,4,0,0,0,1,0,3,5,4,2,5,1,5,1,4,5,5,3,1,3,1,2,1,2,2,3,3,2,2,1,0.313204395,0.373297263,-0.478644757,1,1,0,0,2,0,0,1,0,0,2,0,4,1,0,1,0,0,3,1,0,0,0,0,0,1,1,0,1,0,2,1,0,0,1,0,1,0,2,0,1,0,2,1,0,0,1,1,0,0,0,1
2877,24,2,6.577555604,0,55807,0,1,0,1,1,0,0,0,0,1,3,3,5,3,1,3,1,3,1,3,2,2,2,3,2,2,3,2,2,2,2,3,1,0.50639836,0.386204001,0.851988897,1,0,0,0,1,0,0,1,0,0,2,0,4,1,0,1,0,0,3,1,0,0,0,1,0,1,1,0,1,0,2,0,1,0,2,0,0,1,3,0,1,0,2,1,0,0,1,0,0,0,1,4
2878,34,2,1.042163877,0,27265,0,1,0,1,1,0,0,0,0,1,3,3,5,2,1,1,1,3,3,3,2,2,2,3,2,2,2,2,2,4,3,3,1,-0.210154453,-0.077559308,1.675297974,0,0,0,1,4,0,0,1,0,0,2,0,4,1,0,1,1,0,1,0,0,0,1,0,0,1,1,1,0,0,1,0,1,0,2,0,0,1,3,0,0,1,3,1,0,0,1,1,0,0,0,1
2880,32,4,0.001622685,0,88310,0,1,0,1,1,0,0,0,0,1,1,0,4,5,1,5,5,5,5,5,2,2,1,4,2,1,2,1,2,4,4,1,1,0.914650985,-0.619412083,-1.315810814,1,0,1,0,3,0,0,1,0,0,2,0,4,1,0,1,1,0,1,0,0,0,0,1,0,1,1,0,1,0,2,0,1,0,2,1,0,0,1,1,0,0,1,1,0,0,1,1,0,0,0,1
2881,42,2,0.555839061,0,29501,0,1,0,2,0,1,0,0,0,2,2,3,1,4,1,1,1,3,5,3,2,2,2,4,2,2,2,2,2,4,3,4,1,0.94708291,-0.528752222,1.111193796,0,0,0,1,4,0,1,0,1,0,2,0,2,1,0,1,1,0,1,0,0,0,0,0,0,1,1,1,0,0,1,0,1,0,2,1,0,0,1,0,1,0,2,1,0,0,1,1,0,0,0,1
2882,45,4,0.733220143,1,75765,0,0,1,4,0,0,0,1,0,3,5,4,4,5,4,4,3,3,5,5,3,1,2,3,2,2,3,2,3,1,2,2,1,1.180591942,0.153688613,0.034348235,1,0,0,1,4,1,1,1,0,0,2,0,4,1,0,1,1,0,1,0,0,0,0,1,0,1,1,1,0,0,1,1,0,0,1,0,1,0,2,1,0,0,1,1,0,0,1,1,0,0,0,1
2883,39,4,1.181097845,0,17268,0,1,0,3,0,0,1,0,0,2,4,2,3,5,1,1,1,1,4,3,2,1,1,3,2,2,2,2,3,4,3,1,1,-0.628415557,-0.699397582,0.319494607,1,0,1,0,3,0,0,1,0,0,2,0,4,1,0,1,0,0,3,0,1,0,0,0,0,1,1,1,0,0,1,0,1,0,2,1,0,0,1,0,0,1,3,1,0,0,1,1,0,0,0,1
2884,1,4,0.248339228,0,35616,0,0,1,2,0,1,0,0,0,3,4,4,3,5,1,3,1,4,4,3,2,2,2,4,2,1,1,2,3,4,2,3,1,0.457719462,-0.53294596,-0.440897623,1,0,0,1,4,0,0,1,0,0,2,0,4,1,0,1,0,1,2,0,1,0,0,1,0,1,1,1,0,0,1,1,0,0,1,0,1,0,2,1,0,0,1,1,0,0,1,1,0,0,0,1
2885,4,4,0.404894888,0,71909,0,1,0,1,1,0,0,0,0,1,5,0,5,2,1,1,1,1,4,1,1,2,2,1,2,2,2,2,2,4,3,4,1,0.771741106,-0.462904401,-0.596029992,0,0,0,1,4,0,0,1,0,0,2,0,4,0,1,2,0,1,2,0,0,0,0,1,0,1,1,1,0,0,1,1,0,0,1,1,0,0,1,0,0,1,3,1,0,0,1,1,0,0,0,1
2888,44,2,0.559460607,0,37726,0,0,1,5,0,0,0,0,1,3,5,5,5,3,1,1,1,1,1,1,2,2,2,4,2,2,2,2,2,3,3,4,1,-3.094246838,1.735731209,-1.138493322,0,0,0,0,1,0,0,1,0,0,2,0,4,1,0,1,0,1,2,0,1,0,0,0,0,1,1,1,0,0,1,1,0,0,1,1,0,0,1,1,0,0,1,1,0,0,1,1,0,0,0,1
2890,21,2,2.09167273,0,21061,1,0,0,3,0,0,1,0,0,3,3,4,1,3,5,5,4,5,5,5,2,2,2,3,2,2,2,2,2,3,3,3,1,1.276068649,-0.199548801,-1.733528426,1,0,1,0,3,0,0,1,0,0,2,0,4,1,0,1,1,0,1,0,1,0,0,1,0,1,1,0,0,1,3,0,0,1,3,0,0,1,3,0,1,0,2,0,0,1,3,0,0,1,0,3
2891,42,4,0.501985244,0,29435,0,0,1,5,0,0,0,0,1,5,5,5,1,5,2,5,5,4,4,4,3,1,1,2,1,1,3,1,1,2,2,1,1,0.503192313,-0.175813006,-0.067353628,1,0,1,0,3,0,0,1,0,0,2,0,4,0,1,2,0,0,3,1,0,0,0,0,0,1,1,0,0,0,0,0,0,0,0,0,0,0,0,0,0,0,0,0,0,0,0,0,0,0,0,0
2892,10,4,0.197229012,0,32024,0,0,1,2,0,1,0,0,0,2,5,1,3,5,1,2,1,5,4,2,2,2,2,4,3,2,2,2,2,3,3,4,1,1.188121388,0.740078452,0.404296201,1,0,0,1,4,0,1,1,0,0,2,0,4,1,0,1,0,1,2,0,1,0,0,0,0,1,1,1,0,0,1,1,0,0,1,0,1,0,2,1,0,0,1,1,0,0,1,1,0,0,0,1
2898,23,2,0.816187474,0,48629,0,1,0,1,1,0,0,0,0,1,5,1,5,1,1,1,1,3,2,5,3,2,2,4,1,3,3,2,3,1,2,2,1,0.895615956,0.110536795,0.655835919,1,0,1,0,3,0,0,1,0,0,2,0,4,1,0,1,0,1,2,0,0,0,1,0,0,1,1,1,0,0,1,1,0,0,1,1,0,0,1,0,0,1,3,1,0,0,1,1,0,0,0,1
2902,10,4,0.592764806,0,32177,0,1,0,2,0,1,0,0,0,2,4,3,3,5,2,2,2,4,4,5,2,2,2,2,3,1,2,1,2,3,3,2,1,-0.661507238,0.822748,0.492420102,1,0,1,0,3,0,1,0,0,1,2,0,3,1,0,1,0,0,3,1,0,0,0,1,0,1,1,1,0,0,1,0,1,0,2,0,1,0,2,0,0,1,3,1,0,0,1,1,0,0,0,1
2903,5,2,5.59E-06,0,95141,0,0,0,3,0,0,1,0,0,3,5,4,3,2,2,4,4,3,5,4,2,3,2,2,1,3,3,1,1,2,2,1,0,0.120162818,-0.615660538,-1.530376915,1,0,1,0,3,0,0,1,0,0,2,0,4,0,1,2,0,1,2,0,0,0,0,0,0,0,0,0,0,0,0,0,0,0,0,0,0,0,0,0,0,0,0,0,0,0,0,0,0,0,0,0
2911,16,2,1.755759973,0,50211,0,1,0,5,0,0,0,0,1,4,1,4,3,5,1,5,1,5,3,3,2,2,2,4,3,2,2,2,2,3,3,3,1,0.532444074,-0.903920871,0.39129119,1,0,1,0,3,0,0,1,0,0,2,0,4,0,1,2,0,0,3,0,0,0,0,1,0,1,1,1,0,0,1,1,0,0,1,0,1,0,2,0,0,1,3,1,0,0,1,1,0,0,0,1
2915,5,4,0.00645264,0,90049,1,0,0,3,0,0,1,0,0,3,6,4,4,4,4,4,2,3,4,4,1,1,1,1,2,2,1,1,2,3,2,3,0,-0.195801535,-0.617170258,-1.12789969,1,0,0,1,4,0,0,1,0,0,2,0,4,1,0,1,1,0,1,0,0,0,0,0,0,0,0,0,0,1,3,0,0,1,3,0,0,1,3,0,0,1,3,1,0,0,1,0,0,1,0,3
2916,38,4,0.308858017,0,97006,1,0,0,3,0,0,1,0,0,3,5,4,4,5,2,2,4,4,4,4,1,3,1,1,2,2,3,1,2,1,4,3,1,-0.307774195,0.194797665,0.262962811,1,0,0,1,4,0,0,1,0,0,2,0,4,0,1,2,0,1,2,0,1,0,0,1,0,1,1,0,0,1,3,0,0,1,3,0,1,0,2,0,0,1,3,1,0,0,1,0,0,0,1,4
2917,45,4,1.599813665,1,78228,0,1,0,3,0,0,1,0,0,3,5,4,4,4,3,3,1,3,4,3,2,2,2,3,2,2,2,2,2,4,3,3,1,-0.981292583,-1.280278749,0.226254633,1,1,0,0,2,0,0,1,0,0,1,1,1,1,0,1,0,1,2,0,0,0,0,1,0,1,1,0,0,1,3,0,1,0,2,1,0,0,1,1,0,0,1,1,0,0,1,0,0,1,0,3
2918,10,4,1.006541712,0,32148,0,1,0,4,0,0,0,1,0,4,5,5,2,5,1,1,1,1,1,1,2,2,2,4,2,2,2,2,2,4,4,4,1,-2.995512105,-0.984873944,-0.474284382,1,0,1,0,3,0,0,1,0,0,2,0,4,1,0,1,1,0,1,0,1,0,0,0,1,1,1,1,0,0,1,1,0,0,1,1,0,0,1,1,0,0,1,1,0,0,1,1,0,0,0,1
2919,44,4,1.192937329,0,37083,0,0,1,3,0,0,1,0,0,3,4,3,1,2,1,1,1,3,4,2,2,3,2,2,2,2,1,3,3,4,4,1,0,-1.492424736,-0.907422371,-1.315385751,1,0,0,0,1,0,0,0,0,0,2,0,5,1,0,1,0,0,3,0,1,0,0,1,1,0,0,1,0,0,1,1,0,0,1,1,0,0,1,1,0,0,1,1,0,0,1,1,0,0,0,1
2921,4,4,0.969667335,0,72430,0,1,0,3,0,0,1,0,0,1,5,3,3,5,1,1,1,2,5,3,2,2,2,4,2,2,2,2,3,4,2,3,1,-0.052909168,-0.516401907,-0.636483031,1,0,1,0,3,0,0,1,0,0,2,0,4,1,0,1,0,1,2,0,0,0,0,1,0,1,1,1,0,0,1,1,0,0,1,1,0,0,1,0,0,1,3,1,0,0,1,1,0,0,0,1
2923,42,4,0.398389568,0,29006,0,1,0,3,0,0,1,0,0,3,6,3,3,4,1,1,1,4,4,3,2,2,2,4,2,2,2,2,2,4,3,4,1,0.98805,-1.26018117,-0.082058908,1,0,1,0,3,0,0,1,0,0,2,0,4,1,0,1,0,1,2,0,0,0,0,0,0,1,1,1,0,0,1,1,0,0,1,1,0,0,1,1,0,0,1,1,0,0,1,1,0,0,0,1
2926,11,4,0.411951111,0,30076,0,1,0,2,0,1,0,0,0,3,1,3,3,4,3,3,3,4,5,4,3,2,2,2,2,2,2,2,2,4,2,2,1,-0.779172831,0.210642502,0.26462597,1,0,0,1,4,0,0,1,0,0,2,0,4,1,0,1,0,1,2,0,1,0,0,0,0,1,1,0,1,0,2,0,0,1,3,1,0,0,1,1,0,0,1,1,0,0,1,0,0,1,0,3
2928,14,2,0.354135482,0,60827,0,1,0,3,0,0,1,0,0,3,4,4,4,4,4,4,4,4,4,4,2,2,2,3,2,2,2,2,2,3,3,3,1,-0.015549095,1.235687404,0.017060213,1,0,1,0,3,0,0,0,1,0,2,0,2,0,1,2,1,0,1,0,0,0,0,1,0,1,1,0,0,1,3,0,1,0,2,0,0,1,3,1,0,0,1,0,0,1,3,0,0,0,1,4
2930,1,2,0.835542414,0,35565,0,1,0,3,0,0,1,0,0,1,5,5,5,2,1,1,1,4,1,5,2,2,2,3,2,2,2,2,2,4,1,1,1,-0.372109368,1.618084529,1.164143687,0,0,1,0,3,1,1,1,0,0,2,0,4,1,0,1,0,0,3,1,0,1,1,1,0,1,1,1,0,0,1,1,0,0,1,1,0,0,1,0,1,0,2,1,0,0,1,1,0,0,0,1
2931,33,2,1.545274444,0,10567,0,1,0,1,1,0,0,0,0,1,5,3,4,4,2,2,2,5,5,4,2,2,2,3,2,2,2,1,2,1,4,3,1,0.269423882,-0.31248607,-0.508907813,1,0,0,1,4,0,1,1,0,0,2,0,4,0,0,3,0,1,2,0,0,0,1,1,0,1,1,1,0,0,1,1,0,0,1,1,0,0,1,0,0,1,3,0,1,0,2,0,1,0,0,2
2932,37,4,0.335412086,0,74601,0,1,0,4,0,0,0,1,0,4,5,5,1,4,3,4,4,4,4,4,2,3,3,4,2,2,2,2,2,2,2,2,1,0.179319435,-1.378852835,-1.425976463,1,0,1,0,3,0,0,1,0,0,2,0,4,1,0,1,0,0,3,0,0,0,0,1,0,1,1,1,0,0,1,0,1,0,2,1,0,0,1,0,1,0,2,1,0,0,1,0,1,0,0,2
2937,5,4,7.245542409,0,95991,1,0,0,4,0,0,0,1,0,4,4,4,2,4,4,2,4,2,4,3,2,2,2,3,2,2,2,2,2,3,3,3,1,-1.476868546,-0.263038747,-0.092924026,1,1,0,0,2,0,0,1,0,0,2,0,4,1,0,1,0,0,3,1,1,0,0,1,0,1,1,0,0,1,3,0,1,0,2,0,1,0,2,0,0,1,3,1,0,0,1,0,0,0,1,4
2939,10,4,0.975769204,0,33809,0,1,0,2,0,1,0,0,0,2,5,5,3,5,1,1,1,5,5,4,2,2,2,4,2,2,2,2,2,1,3,4,1,0.583845266,-1.614622532,0.474954818,1,0,0,1,4,1,1,1,0,0,2,0,4,0,1,2,0,1,2,0,1,0,0,1,0,1,1,1,0,0,1,1,0,0,1,1,0,0,1,1,0,0,1,1,0,0,1,1,0,0,0,1
2942,11,4,0.425536888,0,30079,0,1,0,4,0,0,0,1,0,3,5,5,3,5,3,3,3,4,5,5,1,2,3,4,2,2,1,2,3,4,3,3,1,0.395823179,-0.977212534,0.830620485,1,1,0,0,2,0,0,0,1,0,2,0,2,1,0,1,0,1,2,1,1,0,0,0,0,1,1,1,0,0,1,0,1,0,2,0,0,1,3,0,0,1,3,1,0,0,1,0,0,0,1,4
2943,3,4,3.52E-08,1,85346,0,0,1,1,1,0,0,0,0,1,3,0,4,3,4,1,3,5,5,3,2,2,2,4,2,2,2,2,2,4,3,1,0,-1.571897036,-1.622954441,2.171970293,1,0,0,1,4,0,0,0,0,0,2,0,5,1,0,1,1,0,1,0,0,0,0,0,0,0,0,1,0,0,1,1,0,0,1,1,0,0,1,1,0,0,1,1,0,0,1,1,0,0,0,1
2944,48,4,0.164414586,0,23462,1,0,0,2,0,1,0,0,0,4,5,4,2,5,3,3,3,3,4,3,2,2,2,4,2,2,2,2,3,4,2,3,1,-0.104665363,0.127880661,-0.707854506,1,0,1,1,4,1,1,1,0,0,2,0,4,1,0,1,0,0,3,0,0,0,0,0,0,1,1,0,0,1,3,0,0,1,3,0,0,1,3,0,1,0,2,0,1,0,2,0,0,0,1,4
2946,10,2,1.283709309,0,32219,0,1,0,1,1,0,0,0,0,2,2,3,3,4,3,3,1,4,3,4,1,1,3,2,3,3,1,3,3,2,2,1,1,0.804805794,0.530069588,0.922231837,1,1,0,0,2,0,0,0,1,0,2,0,2,0,1,2,0,0,3,1,0,0,1,1,0,1,1,1,0,0,1,1,0,0,1,0,0,1,3,0,0,1,3,1,0,0,1,0,0,1,0,3
2948,29,2,1.79E-07,1,89119,1,0,0,2,0,1,0,0,0,2,3,2,5,5,3,3,3,3,3,3,2,2,2,3,2,2,2,2,2,3,3,3,1,-0.238041438,0.102287749,0.103515773,0,0,1,0,3,0,0,0,1,0,2,0,2,1,0,1,0,1,2,0,0,0,0,0,1,1,1,0,0,1,3,0,0,1,3,0,0,1,3,0,1,0,2,0,1,0,2,0,0,0,1,4
2951,45,2,0.523304044,1,78641,0,1,0,2,0,1,0,0,0,2,1,5,4,4,2,4,4,4,4,3,2,2,2,3,3,2,3,2,3,3,2,3,1,0.523295154,-1.164651145,0.240523184,1,0,0,1,4,0,1,1,0,0,2,0,4,1,0,1,1,0,1,0,0,0,0,0,0,1,1,0,1,0,2,1,0,0,1,0,0,1,3,0,0,1,3,1,0,0,1,1,0,0,0,1
2953,4,2,0.900416264,0,72113,0,1,0,3,0,0,1,0,0,2,5,3,5,2,4,3,1,4,5,3,3,1,3,2,2,2,2,1,2,1,2,1,1,0.663578556,-1.880218776,0.360869985,1,1,0,0,2,1,1,1,0,0,2,0,4,1,0,1,0,1,2,0,1,0,1,1,0,1,1,0,1,0,2,0,1,0,2,0,0,1,3,0,0,1,3,1,0,0,1,0,0,0,1,4
2954,4,4,0.896949919,0,72176,0,1,0,3,0,0,1,0,0,3,3,2,2,3,3,4,3,3,4,3,2,2,1,1,2,2,2,2,3,1,1,1,1,-0.386029511,0.18829194,-0.811320018,1,1,0,0,2,0,0,1,0,0,2,0,4,1,0,1,0,0,3,1,0,0,0,0,0,1,1,1,0,0,1,1,0,0,1,0,1,0,2,1,0,0,1,1,0,0,1,1,0,0,0,1
2957,48,4,0.634142215,0,23233,0,1,0,5,0,0,0,0,1,3,5,5,2,5,1,1,1,5,5,4,1,1,3,1,2,2,2,2,2,4,2,2,1,0.597166524,0.857970272,-0.251411682,1,0,0,1,4,1,1,1,0,0,2,0,4,0,1,2,0,1,2,0,1,0,0,0,0,1,1,0,1,0,2,1,0,0,1,0,0,1,3,0,1,0,2,1,0,0,1,1,0,0,0,1
2959,33,2,1.487177299,0,13126,0,1,0,3,0,0,1,0,0,1,5,3,4,5,1,4,2,5,5,4,3,2,2,2,2,2,3,3,1,2,2,3,1,0.936451351,0.086815253,1.082333848,1,1,0,0,2,0,0,1,0,0,2,0,4,0,1,2,0,0,3,1,0,0,1,1,0,1,1,0,1,0,2,0,0,1,3,1,0,0,1,0,1,0,2,1,0,0,1,0,0,1,0,3
2960,6,4,0.001380089,0,81520,0,1,0,1,1,0,0,0,0,2,3,4,4,4,3,3,3,4,4,3,2,2,2,1,2,2,1,1,2,4,3,4,0,0.121267906,0.282056666,-0.991959652,1,0,0,1,4,0,0,1,0,0,2,0,4,0,1,2,0,1,2,0,0,0,0,1,0,0,0,0,1,0,2,1,0,0,1,0,1,0,2,1,0,0,1,1,0,0,1,1,0,0,0,1
2965,16,2,2.812587406,0,50012,0,1,0,4,0,0,0,1,0,2,4,3,4,4,4,5,3,4,4,4,3,2,3,3,3,2,3,2,3,3,2,3,1,-0.161982365,0.871240894,0.370284801,0,1,0,0,2,0,1,1,0,0,1,1,1,0,0,3,0,1,2,1,1,0,0,0,0,1,1,0,1,0,2,1,0,0,1,1,0,0,1,0,1,0,2,1,0,0,1,0,0,1,0,3
2966,19,4,10.66462722,0,71201,0,1,0,5,0,0,0,0,1,3,5,5,1,5,5,3,1,5,4,4,2,2,2,4,3,2,2,2,3,4,3,2,1,0.511231924,0.23837033,0.593858733,0,0,1,0,3,1,1,0,1,0,2,0,2,0,1,2,1,0,1,0,1,0,0,0,1,1,1,1,0,0,1,0,0,1,3,0,1,0,2,0,1,0,2,1,0,0,1,0,1,0,0,2
2968,10,4,0.683126086,1,32779,0,1,0,2,0,1,0,0,0,2,3,2,5,5,1,1,1,1,3,3,2,2,2,1,2,2,2,2,2,3,3,3,1,1.042583839,1.440342356,-0.238233433,1,0,1,0,3,0,0,1,0,0,2,0,4,0,1,2,0,0,3,1,0,0,0,1,0,1,1,0,1,0,2,1,0,0,1,1,0,0,1,1,0,0,1,1,0,0,1,1,0,0,0,1
2971,23,4,1.85626782,0,48197,0,1,0,2,0,1,0,0,0,1,3,1,4,4,1,1,2,1,4,4,2,2,2,4,2,2,2,2,3,3,3,3,1,0.519554016,0.221065454,-0.094635656,0,0,0,1,4,1,1,1,0,0,2,0,4,0,0,3,1,0,1,0,0,0,0,1,0,1,1,0,1,0,2,0,1,0,2,0,1,0,2,0,1,0,2,1,0,0,1,0,0,1,0,3
2972,14,2,0.947383731,0,60102,0,1,0,3,0,0,1,0,0,3,4,3,2,5,3,2,2,4,4,3,2,2,2,4,2,2,2,2,3,4,4,3,1,-0.570255197,-0.669270224,-1.075298463,1,0,1,0,3,0,1,1,0,0,2,0,4,0,1,2,0,1,2,0,0,0,0,1,0,1,1,1,0,0,1,0,1,0,2,1,0,0,1,0,1,0,2,1,0,0,1,0,1,0,0,2
2977,33,4,0.074319048,0,14224,0,1,0,2,0,1,0,0,0,2,4,4,2,3,1,2,2,1,4,4,3,3,3,1,2,2,3,1,2,2,2,2,0,0.91290352,0.69200888,-0.545875119,1,0,0,1,4,1,1,1,0,0,2,0,4,1,0,1,1,0,1,0,0,0,0,0,0,0,0,0,1,0,2,0,1,0,2,0,0,1,3,0,1,0,2,1,0,0,1,0,0,1,0,3
2980,16,2,2.418543019,0,52556,0,1,0,2,0,1,0,0,0,1,5,2,5,5,1,1,1,1,4,1,1,1,1,1,2,2,2,2,2,4,3,1,1,0.033524515,-0.515695407,-0.933887214,1,1,0,0,2,0,0,1,0,0,2,0,4,0,0,3,0,0,3,0,0,0,0,1,0,1,1,1,0,0,1,1,0,0,1,0,1,0,2,0,0,1,3,1,0,0,1,1,0,0,0,1
2982,34,4,0.286361595,0,27292,0,1,0,2,0,1,0,0,0,2,4,4,3,4,2,2,2,2,3,3,3,2,2,2,2,2,1,1,3,1,2,1,1,0.806770509,-0.065662525,0.649518517,1,0,0,1,4,0,0,1,0,0,2,0,4,1,0,1,0,0,3,1,1,0,0,1,0,1,1,1,0,0,1,1,0,0,1,0,0,1,3,0,0,1,3,1,0,0,1,1,0,0,0,1
2987,45,4,0.439012951,1,75455,0,1,0,2,0,1,0,0,0,2,3,3,2,5,1,3,2,2,4,4,2,2,2,4,2,2,2,2,3,3,2,3,1,0.091751397,-1.280665333,0.010588154,0,0,0,1,4,0,0,1,0,0,2,0,4,1,0,1,1,0,1,0,0,0,0,1,0,1,1,1,0,0,1,0,1,0,2,0,1,0,2,0,1,0,2,1,0,0,1,1,0,0,0,1
2988,31,4,0.718087052,0,8094,0,1,0,1,1,0,0,0,0,1,5,3,4,3,2,2,3,4,5,5,2,2,2,3,2,2,2,2,2,4,2,2,1,0.24238343,0.461259187,0.962355935,0,0,0,1,4,0,0,1,0,0,2,0,4,1,0,1,1,0,1,1,1,0,0,0,0,1,1,1,0,0,1,1,0,0,1,0,1,0,2,0,0,1,3,1,0,0,1,0,1,0,0,2
2990,45,4,0.850045435,1,78041,1,0,0,3,0,0,1,0,0,3,5,3,2,4,3,3,3,3,4,4,3,3,3,1,1,1,3,2,3,2,2,4,1,-0.286660186,-0.592103719,-0.057242556,1,0,0,1,4,0,0,1,0,0,2,0,4,1,0,1,0,0,3,0,0,0,0,0,0,1,1,0,0,1,3,0,0,1,3,0,1,0,2,0,1,0,2,1,0,0,1,0,1,0,0,2
2993,23,2,1.915109441,0,48732,0,1,0,3,0,0,1,0,0,2,5,4,3,5,2,2,2,4,5,3,1,1,2,1,2,2,2,2,3,1,3,1,1,0.648444152,0.289488114,0.853422345,1,0,1,0,3,0,0,1,0,0,2,0,4,0,1,2,0,0,3,0,0,0,1,1,0,1,1,1,0,0,1,1,0,0,1,1,0,0,1,0,0,1,3,1,0,0,1,1,0,0,0,1
2994,5,4,0.008538158,0,91307,1,0,0,2,0,1,0,0,0,2,5,4,3,5,1,1,1,4,4,3,1,1,1,1,1,1,3,1,2,1,4,2,1,-0.128696005,-1.486004819,-0.38256736,1,0,0,1,4,0,0,1,0,0,2,0,4,0,1,2,1,0,1,0,0,0,0,1,0,1,1,0,0,1,3,0,0,1,3,1,0,0,1,0,0,1,3,1,0,0,1,0,0,0,1,4
2995,31,2,0.751898072,0,32024,0,0,1,4,0,0,0,1,0,4,3,5,1,2,3,4,5,3,3,3,1,2,3,1,3,1,3,1,3,2,2,1,1,0.986463016,0.617857111,-0.067367453,0,0,0,0,1,0,0,0,1,0,2,0,2,1,0,1,0,1,2,0,0,0,0,0,0,1,1,1,0,0,1,1,0,0,1,0,1,0,2,1,0,0,1,1,0,0,1,1,0,0,0,1
2997,45,2,2.02179977,1,76018,0,1,0,3,0,0,1,0,0,2,3,4,4,1,4,5,3,2,4,3,2,1,2,1,3,2,3,3,1,3,2,4,1,-0.318356707,-0.098996705,-1.809750494,1,0,0,0,1,0,0,0,1,0,2,0,2,0,1,2,0,0,3,1,0,0,0,1,0,1,1,0,1,0,2,0,1,0,2,0,0,1,3,0,1,0,2,1,0,0,1,0,1,0,0,2
2999,45,4,2.183147119,1,78233,0,1,0,5,0,0,0,0,1,3,5,5,2,4,1,3,1,3,2,3,2,2,3,2,3,1,3,1,3,3,3,1,1,-1.297154534,-0.469791392,-0.039312722,1,0,0,0,1,0,0,1,0,0,2,0,4,1,0,1,0,0,3,1,0,0,0,1,0,1,1,0,1,0,2,0,1,0,2,0,0,1,3,0,1,0,2,1,0,0,1,0,1,0,0,2
3000,8,4,0.596736656,0,19950,0,0,1,1,1,0,0,0,0,2,5,3,5,5,1,1,1,5,4,3,2,3,2,4,2,2,2,2,3,4,2,1,1,1.23257936,-1.477993941,-0.152994422,0,0,0,1,4,0,0,1,0,0,2,0,4,0,1,2,0,1,2,0,0,0,0,1,0,1,1,1,0,0,1,1,0,0,1,1,0,0,1,0,1,0,2,1,0,0,1,1,0,0,0,1
3002,23,2,0.370639696,0,48060,0,1,0,3,0,0,1,0,0,2,5,3,4,5,3,5,5,5,5,4,3,1,3,3,2,2,3,1,3,2,2,2,1,0.584820078,-0.967433573,0.362871526,1,0,1,0,3,0,0,0,1,0,2,0,2,1,0,1,0,0,3,1,0,0,1,1,0,1,1,0,1,0,2,0,1,0,2,0,1,0,2,0,1,0,2,1,0,0,1,0,1,0,0,2
3004,42,2,0.367695487,0,29851,0,1,0,3,0,0,1,0,0,3,3,3,3,4,3,4,3,3,4,3,2,2,3,3,1,2,2,3,2,3,3,3,1,-1.282322061,0.248744338,-0.867687788,1,1,0,0,2,0,0,0,0,1,2,0,3,1,0,1,0,1,2,0,0,0,0,0,0,1,1,1,0,0,1,1,0,0,1,0,1,0,2,1,0,0,1,1,0,0,1,1,0,0,0,1
3005,38,2,8.67E-05,0,97230,1,0,0,4,0,0,0,1,0,4,5,5,1,5,5,5,5,5,5,4,1,3,3,1,2,1,1,3,3,2,2,1,1,-0.784259012,-0.253310445,-0.871279718,1,1,0,0,2,1,1,1,0,0,2,0,4,1,0,1,0,1,2,0,1,0,0,0,1,1,1,0,0,1,3,0,0,1,3,0,0,1,3,0,0,1,3,0,0,1,3,0,0,0,1,4
3006,11,4,0.699576655,0,30549,0,0,1,4,0,0,0,1,0,2,5,5,4,5,3,4,3,5,5,4,3,2,2,2,3,1,3,2,3,2,2,1,1,-0.791296747,-0.433491467,-0.491454665,1,1,0,0,2,0,0,1,0,0,2,0,4,1,0,1,0,0,3,1,0,0,0,1,0,1,1,1,0,0,1,1,0,0,1,0,1,0,2,1,0,0,1,1,0,0,1,1,0,0,0,1
3007,26,4,0.053060538,0,63366,0,1,0,2,0,1,0,0,0,2,4,4,4,2,1,4,4,2,3,3,2,1,2,2,2,2,2,2,1,2,2,4,1,0.621064761,0.429802743,-0.547864269,1,0,1,0,3,0,0,1,0,0,2,0,4,1,0,1,0,1,2,0,0,0,0,0,0,1,1,0,1,0,2,0,1,0,2,0,0,1,3,0,0,1,3,1,0,0,1,1,0,0,0,1
3010,29,4,0.005182355,0,89433,0,1,0,2,0,1,0,0,0,3,2,3,2,4,3,3,2,3,3,3,2,2,2,4,2,2,2,2,2,4,3,4,1,-0.620276136,-0.249736448,-0.310060099,1,0,0,1,4,0,0,1,0,0,2,0,4,1,0,1,1,0,1,0,0,0,0,0,0,1,1,0,1,0,2,1,0,0,1,1,0,0,1,1,0,0,1,1,0,0,1,0,1,0,0,2
3011,26,4,0.294900035,0,64127,0,1,0,4,0,0,0,1,0,5,5,5,5,3,3,4,3,2,4,2,2,2,2,3,2,2,2,3,3,3,2,2,1,0.285147507,1.094793944,-0.342749274,1,0,1,0,3,0,0,1,0,0,2,0,4,1,0,1,0,0,3,0,0,0,0,0,0,1,1,0,1,0,2,0,1,0,2,0,1,0,2,1,0,0,1,1,0,0,1,0,0,0,1,4
3014,15,4,0.247127364,0,46562,0,0,1,3,0,0,1,0,0,3,4,5,2,4,3,3,1,5,5,5,2,1,2,4,2,2,2,2,3,3,2,2,1,0.670132844,-0.722236001,0.930098458,1,1,0,0,2,0,0,1,0,0,2,0,4,1,0,1,0,0,3,0,0,0,0,0,0,1,1,1,0,0,1,1,0,0,1,0,1,0,2,0,0,1,3,1,0,0,1,1,0,0,0,1
3016,48,4,1.453612373,0,22630,0,1,0,2,0,1,0,0,0,3,6,3,5,4,2,4,2,3,4,3,2,2,2,1,3,2,2,2,2,3,3,4,1,-0.11833046,-0.018093346,-0.057845428,1,0,1,0,3,0,0,1,0,0,2,0,4,1,0,1,1,0,1,0,1,0,0,0,0,1,1,1,0,0,1,0,1,0,2,1,0,0,1,0,0,1,3,1,0,0,1,1,0,0,0,1
3018,38,4,1.81E-07,0,97224,1,0,0,3,0,0,1,0,0,2,5,4,3,4,4,2,1,4,4,4,2,2,1,4,2,2,2,3,3,1,3,1,0,-0.042911409,-1.739966734,-0.246008441,1,0,0,1,4,0,0,1,0,0,2,0,4,1,0,1,0,1,2,0,1,0,0,0,1,0,0,0,0,1,3,0,0,1,3,0,1,0,2,0,0,1,3,0,1,0,2,0,0,1,0,3
3019,10,4,0.476572061,0,32548,0,1,0,2,0,1,0,0,0,3,3,5,3,4,3,1,1,4,4,3,3,2,3,1,2,2,1,1,3,1,2,2,1,-0.518891919,-1.877866378,-0.06495021,1,0,1,0,3,0,0,1,0,0,2,0,4,1,0,1,1,0,1,0,1,0,0,1,1,1,1,0,1,0,2,0,0,1,3,1,0,0,1,0,0,1,3,1,0,0,1,0,1,0,0,2
3020,5,4,2.57E-05,0,95307,1,0,0,1,1,0,0,0,0,4,5,5,1,5,1,1,5,5,5,3,2,2,2,4,2,2,1,2,3,4,2,4,1,-1.959058438,-1.7653422,1.462303214,1,1,0,0,2,0,0,1,0,0,2,0,4,1,0,1,0,1,2,0,0,0,0,0,0,1,1,0,1,0,2,0,1,0,2,0,0,1,3,0,0,1,3,1,0,0,1,0,0,1,0,3
3021,36,4,1.120571968,0,45140,0,1,0,1,1,0,0,0,0,2,3,1,4,4,1,1,1,4,4,4,2,1,1,1,2,2,2,1,2,1,3,1,1,0.283760081,0.088173408,-0.130402793,1,0,0,1,4,0,0,1,0,0,2,0,4,1,0,1,0,1,2,0,0,0,0,0,0,1,1,1,0,0,1,1,0,0,1,0,1,0,2,0,1,0,2,1,0,0,1,1,0,0,0,1
3022,33,4,0.147255598,0,14086,0,1,0,2,0,1,0,0,0,2,3,5,3,3,1,1,1,3,3,1,2,2,2,4,2,2,1,1,2,1,1,1,1,-1.086950246,-1.667761589,-0.124407856,1,0,0,1,4,0,0,1,0,0,2,0,4,1,0,1,0,0,3,0,0,0,0,1,1,1,1,0,1,0,2,0,1,0,2,1,0,0,1,0,0,1,3,1,0,0,1,0,1,0,0,2
3023,5,4,2.62178432,0,91602,1,0,0,2,0,1,0,0,0,2,5,4,1,5,1,1,1,5,5,3,1,1,3,1,2,2,1,1,3,1,2,4,1,-0.196892542,-0.134613044,-0.53653885,1,0,0,1,4,0,1,0,0,1,2,0,3,0,0,3,0,1,2,0,0,0,0,0,0,1,1,0,0,1,3,0,0,1,3,0,0,1,3,0,0,1,3,0,1,0,2,0,0,0,1,4
3025,34,4,0.851144612,0,27803,0,1,0,2,0,1,0,0,0,3,4,4,2,4,3,3,3,4,5,4,2,2,2,2,2,2,2,1,2,3,3,3,1,-0.112524828,-0.15059386,0.246050068,1,0,1,0,3,0,0,1,0,0,2,0,4,1,0,1,1,0,1,0,1,0,0,1,0,1,1,1,0,0,1,1,0,0,1,1,0,0,1,0,0,1,3,1,0,0,1,0,0,1,0,3
3027,39,4,0.06845383,0,15370,0,1,0,4,0,0,0,1,0,4,6,5,1,4,4,3,5,4,4,4,1,3,1,4,2,2,3,2,2,3,3,4,1,-0.523139924,-0.465414514,0.241764828,1,0,0,1,4,0,0,1,0,0,2,0,4,1,0,1,1,0,1,0,1,0,0,0,1,1,1,1,0,0,1,0,1,0,2,1,0,0,1,0,0,1,3,1,0,0,1,1,0,0,0,1
3028,5,4,4.23E-06,0,90650,1,0,0,4,0,0,0,1,0,3,5,5,4,5,1,1,2,5,5,4,2,2,2,4,2,2,2,2,2,4,2,2,0,0.014975945,-0.208078535,0.798281165,1,0,1,0,3,0,0,1,0,0,2,0,4,1,0,1,0,0,3,1,1,0,0,1,0,0,0,0,0,1,3,0,0,1,3,0,0,1,3,0,1,0,2,0,1,0,2,0,0,0,1,4
3035,23,4,0.366552338,0,48048,0,0,1,2,0,1,0,0,0,1,4,1,4,5,1,1,1,5,4,1,2,2,2,4,2,2,2,2,3,4,2,3,1,-0.52551158,-1.104044165,-0.930397954,1,0,0,1,4,0,0,0,1,0,2,0,2,1,0,1,1,0,1,0,0,0,0,1,1,1,1,1,0,0,1,1,0,0,1,0,1,0,2,1,0,0,1,1,0,0,1,1,0,0,0,1
3036,10,2,2.470195465,0,32148,0,1,0,2,0,1,0,0,0,1,4,1,4,5,1,1,2,3,3,1,2,1,1,2,2,2,2,2,2,4,4,4,1,0.588864537,0.063574804,0.004161393,1,1,0,0,2,0,0,1,0,0,2,0,4,0,1,2,0,0,3,1,0,0,1,1,0,1,1,1,0,0,1,1,0,0,1,1,0,0,1,1,0,0,1,1,0,0,1,1,0,0,0,1
3037,10,4,0.956925549,0,33936,0,1,0,3,0,0,1,0,0,3,5,4,1,3,1,1,1,1,1,1,3,3,3,2,3,2,3,2,3,2,2,4,1,-0.636014189,0.536924965,0.279363888,1,1,0,0,2,0,0,1,0,0,2,0,4,0,1,2,0,0,3,1,0,0,0,1,0,1,1,0,1,0,2,1,0,0,1,1,0,0,1,1,0,0,1,1,0,0,1,0,0,1,0,3
3038,3,2,0.13781507,1,85286,0,1,0,2,0,1,0,0,0,2,6,3,4,3,2,2,1,3,3,4,2,2,2,3,2,2,2,2,2,4,3,4,1,-0.007402348,0.078381907,0.912874781,1,1,0,0,2,0,0,1,0,0,2,0,4,0,1,2,0,1,2,0,0,0,1,0,0,1,1,0,1,0,2,0,1,0,2,0,0,1,3,1,0,0,1,1,0,0,1,0,1,0,0,2
3042,47,2,0.502419239,0,5401,1,0,0,2,0,1,0,0,0,3,5,3,4,3,1,3,2,3,4,3,2,2,2,2,2,2,2,2,2,3,3,3,1,-0.147227341,0.813545991,-0.973695517,1,0,0,0,1,0,0,1,0,0,2,0,4,0,0,0,1,0,1,0,0,0,1,0,1,1,1,0,0,1,3,0,0,1,3,1,0,0,1,0,0,1,3,1,0,0,1,0,0,0,1,4
3043,33,4,1.03796317,0,11233,1,0,0,3,0,0,1,0,0,3,5,3,4,4,4,4,4,4,4,4,1,1,1,1,1,1,1,1,1,1,1,1,1,0.230740066,-0.548958385,-0.104073455,1,0,1,0,3,0,0,0,1,0,2,0,2,1,0,1,1,0,1,0,0,0,0,0,1,1,1,0,0,1,3,0,0,1,3,1,0,0,1,1,0,0,1,0,0,1,3,0,0,1,0,3
3045,39,2,1.138939399,0,17976,0,1,0,2,0,1,0,0,0,2,1,0,5,4,3,2,3,4,4,4,3,2,1,2,2,3,1,1,2,3,2,2,1,0.288891352,-2.276631577,-0.140623984,1,1,0,0,2,0,0,1,0,0,2,0,4,1,0,1,0,0,3,1,0,0,1,0,0,1,1,0,0,1,3,0,1,0,2,0,0,1,3,0,0,1,3,1,0,0,1,0,1,0,0,2
3046,42,4,5.45474091,0,29410,0,1,0,5,0,0,0,0,1,5,5,5,4,5,3,3,3,5,5,3,2,2,2,3,2,2,2,2,2,4,3,3,1,0.087554338,-0.237913176,-0.004007044,1,0,1,0,3,0,0,1,0,0,2,0,4,0,1,2,0,1,2,0,1,0,0,1,0,1,1,0,1,0,2,1,0,0,1,1,0,0,1,0,1,0,2,1,0,0,1,1,0,0,0,1
3047,33,2,0.596066511,0,10456,1,0,0,3,0,0,1,0,0,2,5,4,4,5,5,3,2,5,5,4,2,1,3,4,2,1,2,2,3,4,2,2,1,0.490104787,-0.886665723,-0.534663126,1,0,1,1,4,0,0,0,1,0,2,0,2,1,0,1,0,1,2,0,0,0,1,0,1,1,1,0,0,1,3,0,0,1,3,1,0,0,1,1,0,0,1,0,0,1,3,0,0,1,0,3
3048,33,2,0.949524416,0,13624,0,0,1,5,0,0,0,0,1,5,6,5,1,3,4,5,4,5,5,5,1,3,3,2,2,2,3,2,2,3,2,3,1,0.585190346,0.851055299,0.173671735,1,0,1,0,3,0,0,1,0,0,2,0,4,1,0,1,0,1,2,0,0,0,1,1,0,1,1,0,0,0,0,0,0,0,0,0,0,0,0,0,0,0,0,0,0,0,0,0,0,0,0,0
3052,30,2,1.997335216,0,3104,1,0,0,2,0,1,0,0,0,1,5,1,5,2,1,1,1,1,1,1,2,2,2,3,2,2,2,2,2,4,3,4,1,0.989427496,0.170276713,1.078512527,0,0,0,1,4,0,0,1,0,0,2,0,4,0,1,2,1,0,1,0,0,0,1,0,0,1,1,0,0,1,3,0,0,1,3,0,0,1,3,0,1,0,2,1,0,0,1,0,1,0,0,2
3053,11,4,0.694682396,0,31201,0,1,0,2,0,1,0,0,0,3,5,3,2,5,3,2,1,3,4,3,2,2,2,1,2,2,1,2,2,4,3,3,1,-0.508320471,-0.033634765,-1.291140032,1,0,1,0,3,0,0,1,0,0,2,0,4,1,0,1,1,0,1,0,0,0,0,1,0,1,1,0,1,0,2,0,1,0,2,0,0,1,3,0,0,1,3,1,0,0,1,0,0,1,0,3
3055,15,4,1.916171899,0,46703,0,1,0,2,0,1,0,0,0,2,5,5,3,5,2,1,1,4,1,1,2,2,2,2,2,2,2,2,3,4,2,4,1,1.307880298,-1.151634174,0.312433365,1,0,1,0,3,0,0,1,0,0,2,0,4,0,1,2,0,0,3,1,0,0,0,1,0,1,1,1,0,0,1,0,1,0,2,0,1,0,2,0,1,0,2,1,0,0,1,1,0,0,0,1
3059,31,2,1.387722583,0,7921,0,0,1,2,0,1,0,0,0,3,5,4,4,5,5,5,3,5,5,5,3,1,3,2,3,1,1,1,2,3,2,2,1,0.908289798,-0.178691213,-0.782321779,1,0,0,1,4,0,0,1,0,0,2,0,4,0,1,2,1,0,1,0,1,0,1,0,0,1,1,1,0,0,1,1,0,0,1,0,1,0,2,0,1,0,2,0,1,0,2,1,0,0,0,1
3060,33,2,0.458183061,0,12166,0,0,1,3,0,0,1,0,0,3,5,4,4,5,5,5,2,5,5,5,3,3,3,2,2,3,1,2,3,2,2,2,1,1.213917034,0.940230048,0.245548272,1,0,1,0,3,0,0,1,0,0,2,0,4,1,0,1,0,1,2,1,0,0,1,1,0,1,1,1,0,0,1,1,0,0,1,0,1,0,2,1,0,0,1,1,0,0,1,1,0,0,0,1
3061,39,4,0.274774241,0,17307,0,1,0,1,1,0,0,0,0,1,3,2,3,5,3,4,2,2,2,1,2,2,2,4,2,2,2,2,2,3,3,4,1,-1.317645952,-1.049813984,-1.930977805,0,0,0,1,4,0,0,1,0,0,2,0,4,1,0,1,0,1,2,0,0,0,0,1,0,1,1,1,0,0,1,1,0,0,1,1,0,0,1,1,0,0,1,1,0,0,1,1,0,0,0,1
3062,26,4,0.217494192,0,65804,0,1,0,2,0,1,0,0,0,3,4,5,2,4,2,1,1,4,1,1,3,1,3,3,2,2,3,2,3,4,2,4,1,-1.968189677,-1.424463996,-1.998441199,1,1,0,0,2,0,0,1,0,0,2,0,4,1,0,1,0,1,2,0,1,0,0,0,0,1,1,0,1,0,2,0,0,1,3,0,1,0,2,0,0,1,3,1,0,0,1,0,1,0,0,2
3063,1,4,1.095076323,0,36505,0,0,1,2,0,1,0,0,0,3,3,2,3,3,1,1,1,4,4,4,2,3,2,1,2,2,3,1,3,1,2,2,1,0.153556585,0.20515089,-0.198820918,1,0,0,1,4,0,0,0,1,0,2,0,2,1,0,1,0,1,2,0,0,0,0,1,0,1,1,1,0,0,1,1,0,0,1,1,0,0,1,1,0,0,1,1,0,0,1,1,0,0,0,1
3068,42,4,0.811540876,0,29732,0,1,0,2,0,1,0,0,0,2,4,3,5,4,2,1,1,4,2,1,2,2,2,4,2,2,2,2,2,4,3,4,1,-1.208365172,0.025505148,-2.409665849,0,0,1,0,3,0,0,1,0,0,2,0,4,1,0,1,1,0,1,0,1,0,0,1,0,1,1,1,0,0,1,0,1,0,2,1,0,0,1,0,0,1,3,1,0,0,1,0,1,0,0,2
3072,10,4,0.461272671,0,33919,0,1,0,2,0,1,0,0,0,2,4,3,4,5,2,2,2,5,5,5,3,3,3,2,2,2,2,2,3,3,2,3,1,0.187118627,0.12257624,-0.017573281,1,0,0,1,4,1,1,1,0,0,2,0,4,1,0,1,1,0,1,0,0,0,0,0,0,1,1,0,1,0,2,0,1,0,2,0,0,1,3,0,1,0,2,1,0,0,1,0,0,1,0,3
3073,33,4,7.328332624,0,10467,1,0,0,2,0,1,0,0,0,2,3,4,3,4,3,3,3,3,3,3,2,2,2,3,2,2,2,3,3,1,3,3,0,-0.497180034,-0.295737936,-0.48604644,1,0,1,0,3,0,0,0,1,0,2,0,2,1,0,1,0,0,3,0,1,0,0,0,1,0,0,0,0,1,3,0,0,1,3,1,0,0,1,1,0,0,1,0,0,1,3,0,0,1,0,3
3075,34,4,0.394151418,0,27845,0,0,1,3,0,0,1,0,0,3,5,5,2,5,5,3,3,5,5,5,1,1,2,4,2,2,1,2,1,4,1,4,1,0.265286218,-2.012487664,1.683916983,1,0,1,0,3,0,0,1,0,0,2,0,4,1,0,1,0,0,3,1,0,0,0,1,0,1,1,0,0,0,0,0,0,0,0,0,0,0,0,0,0,0,0,0,0,0,0,0,0,0,0,0
3076,26,4,0.51535591,0,65806,1,0,0,2,0,1,0,0,0,1,4,1,1,5,2,1,5,2,1,1,2,1,1,3,1,1,2,1,3,3,1,2,1,-0.098887206,0.063062127,-0.025474687,1,0,0,1,4,0,0,1,0,0,2,0,4,1,0,1,1,0,1,0,0,0,0,1,1,1,1,0,0,1,3,0,1,0,2,1,0,0,1,0,1,0,2,1,0,0,1,0,1,0,0,2
3081,29,4,0.00784035,1,89169,1,0,0,3,0,0,1,0,0,3,5,4,2,5,1,4,1,2,4,1,2,2,3,4,2,2,1,2,3,4,1,4,1,0.886862712,-2.120098342,-1.427243584,1,0,0,1,4,0,0,1,0,0,2,0,4,1,0,1,1,0,1,0,0,0,0,1,0,1,1,0,0,1,3,0,0,1,3,0,1,0,2,0,1,0,2,0,0,1,3,0,0,1,0,3
3083,44,2,3.867316079,0,38375,0,0,1,2,0,1,0,0,0,3,3,3,4,4,3,4,3,4,5,3,2,1,2,2,2,2,2,2,2,3,2,3,1,0.211608709,-0.425688173,0.584097974,1,0,1,0,3,0,0,1,0,0,2,0,4,0,0,3,0,1,2,0,0,0,1,1,0,1,1,1,0,0,1,1,0,0,1,1,0,0,1,1,0,0,1,1,0,0,1,1,0,0,0,1
3084,25,2,2.416251653,0,39531,0,1,0,2,0,1,0,0,0,1,1,3,1,2,3,1,3,2,3,4,2,2,2,2,2,2,2,2,2,4,3,3,1,0.097191599,1.288865117,0.919682814,1,1,0,0,2,0,0,0,1,0,2,0,2,0,1,2,1,0,1,0,1,0,1,0,0,1,1,0,1,0,2,0,1,0,2,1,0,0,1,1,0,0,1,1,0,0,1,0,1,0,0,2
3085,25,4,1.114317035,0,38843,0,1,0,4,0,0,0,1,0,4,5,4,2,5,4,4,4,4,4,4,2,2,2,4,2,2,1,2,1,4,4,4,1,-1.260488399,-0.396254644,0.242940715,1,0,1,0,3,0,0,1,0,0,2,0,4,1,0,1,1,0,1,0,0,0,0,0,0,1,1,1,0,0,1,1,0,0,1,1,0,0,1,1,0,0,1,1,0,0,1,1,0,0,0,1
3086,45,4,0.725237923,1,76048,0,1,0,1,1,0,0,0,0,1,4,3,3,4,1,3,3,4,4,3,2,2,2,4,2,2,2,2,2,4,3,4,1,0.908979291,0.005448805,0.904329798,1,0,0,1,4,0,0,1,0,0,2,0,4,0,1,2,0,1,2,0,0,0,0,0,0,1,1,1,0,0,1,0,1,0,2,0,0,1,3,0,0,1,3,1,0,0,1,0,1,0,0,2
3092,36,2,3.091195168,0,43950,0,1,0,2,0,1,0,0,0,2,5,3,3,4,3,2,4,4,4,4,2,2,2,3,2,2,2,2,2,2,2,2,1,0.386858066,-1.087004774,1.161691564,1,0,1,0,3,1,1,1,0,0,2,0,4,0,0,3,0,1,2,0,0,0,0,1,0,1,1,1,0,0,1,1,0,0,1,0,0,1,3,0,0,1,3,1,0,0,1,1,0,0,0,1
3097,23,4,1.378256802,0,49203,0,1,0,3,0,0,1,0,0,3,5,4,3,4,4,4,3,5,5,4,2,1,2,4,2,2,1,2,3,2,2,2,1,-0.393200699,-0.012313531,0.423834899,1,0,1,0,3,0,0,1,0,0,1,1,1,1,0,1,0,1,2,0,1,0,0,1,0,1,1,0,1,0,2,0,1,0,2,1,0,0,1,0,1,0,2,1,0,0,1,1,0,0,0,1
3100,14,4,2.466985042,0,60150,0,0,1,3,0,0,1,0,0,2,3,3,3,5,3,3,1,5,4,3,2,2,1,1,1,1,1,1,1,1,1,1,1,-0.735450098,-0.677480448,-0.759160119,1,0,1,0,3,0,0,1,0,0,2,0,4,1,0,1,0,0,3,0,1,0,0,1,0,1,1,1,0,0,1,1,0,0,1,0,1,0,2,0,0,1,3,1,0,0,1,1,0,0,0,1
3101,10,2,2.432087785,1,33147,0,1,0,3,0,0,1,0,0,1,5,5,1,5,4,3,5,4,4,4,1,3,1,1,3,1,1,1,3,1,1,1,1,0.684108724,1.252230326,0.192685164,1,1,0,0,2,0,1,1,0,0,2,0,4,0,0,3,0,0,3,1,0,0,1,1,0,1,1,0,0,1,3,0,1,0,2,1,0,0,1,0,1,0,2,0,0,1,3,0,0,0,1,4
3104,19,4,2.051392763,0,70818,0,1,0,2,0,1,0,0,0,2,4,2,2,5,2,2,1,4,5,4,2,2,2,4,2,2,1,2,3,4,2,3,1,0.194714913,0.333724498,-0.171473684,1,0,0,1,4,1,1,1,0,0,2,0,4,0,0,3,0,1,2,0,0,0,0,1,0,1,1,1,0,0,1,1,0,0,1,0,1,0,2,0,0,1,3,1,0,0,1,1,0,0,0,1
3105,36,2,0.877878105,0,45013,0,1,0,1,1,0,0,0,0,1,3,5,5,5,2,4,2,2,2,3,2,2,2,3,2,2,2,2,2,3,3,3,1,0.293071066,0.219734656,0.042232623,1,1,0,0,2,0,0,1,0,0,2,0,4,0,1,2,0,0,3,1,0,0,1,1,0,1,1,0,1,0,2,0,1,0,2,1,0,0,1,0,1,0,2,1,0,0,1,1,0,0,0,1
3109,10,4,0.281186301,0,32210,0,1,0,2,0,1,0,0,0,2,2,4,4,4,4,4,4,4,4,4,2,2,1,4,3,3,3,1,2,4,3,3,1,0.461015824,0.099487357,-0.516633941,1,0,0,1,4,0,0,0,1,0,2,0,2,0,1,2,0,0,3,1,0,0,0,0,0,1,1,0,1,0,2,0,1,0,2,0,1,0,2,0,1,0,2,1,0,0,1,0,0,1,0,3
3110,5,2,3.212369713,1,91748,1,0,0,1,1,0,0,0,0,3,4,2,4,3,4,4,2,5,4,4,3,3,3,2,2,3,3,3,3,2,2,2,1,-0.342538814,-1.067347884,-1.467416663,1,0,1,0,3,0,0,0,0,1,2,0,3,1,0,1,1,0,1,0,0,1,1,1,0,1,1,0,0,1,3,0,0,1,3,0,1,0,2,0,0,1,3,1,0,0,1,0,0,0,1,4
3113,34,2,1.913655569,0,28358,0,1,0,1,1,0,0,0,0,1,4,3,5,2,2,2,2,2,2,2,3,2,3,3,2,2,2,2,2,1,2,2,1,0.37569276,1.500870938,-0.443404253,1,0,1,0,3,0,0,1,0,0,2,0,4,0,1,2,0,0,3,0,0,0,0,0,0,1,1,1,0,0,1,0,1,0,2,0,1,0,2,0,1,0,2,1,0,0,1,1,0,0,0,1
3114,49,4,0.046037729,0,98922,0,0,1,3,0,0,1,0,0,4,4,4,4,5,2,3,2,4,5,5,1,1,2,3,3,3,2,2,2,2,2,2,1,0.195206095,0.357381833,0.332871494,1,0,1,0,3,0,0,1,0,0,2,0,4,1,0,1,0,0,3,0,1,0,0,0,0,1,1,0,0,0,0,0,0,0,0,0,0,0,0,0,0,0,0,0,0,0,0,0,0,0,0,0
3116,24,2,1.56793872,0,55008,0,1,0,3,0,0,1,0,0,3,6,3,5,3,4,4,1,5,5,1,2,2,2,4,2,2,3,2,3,3,2,4,1,-0.112661498,0.382992879,-0.913874818,1,1,0,0,2,0,0,1,0,0,2,0,4,0,0,3,0,0,3,1,0,0,1,1,0,1,1,1,0,0,1,1,0,0,1,0,1,0,2,0,1,0,2,1,0,0,1,1,0,0,0,1
3118,34,2,0.880138201,0,28792,0,1,0,1,1,0,0,0,0,3,5,3,5,2,1,1,1,1,5,1,2,3,2,2,2,2,2,2,2,4,1,4,1,0.522744927,0.512856289,-0.393085566,1,0,1,0,3,1,1,0,1,0,2,0,2,1,0,1,0,0,3,1,0,0,1,0,0,1,1,1,0,0,1,1,0,0,1,0,1,0,2,1,0,0,1,1,0,0,1,1,0,0,0,1
3119,39,2,0.110883813,0,16508,1,0,0,4,0,0,0,1,0,5,4,5,4,5,2,2,2,4,4,4,3,2,2,2,3,2,3,2,3,3,2,3,1,-0.010134634,-0.188060344,-0.407994331,1,1,0,0,2,0,1,1,0,0,2,0,4,1,0,1,0,0,3,1,1,0,0,1,0,1,1,0,0,1,3,0,0,1,3,0,1,0,2,0,0,1,3,1,0,0,1,0,0,0,1,4
3122,11,2,8.79272278,0,30344,0,1,0,2,0,1,0,0,0,3,2,3,5,5,4,4,2,3,4,3,1,2,2,3,2,2,2,2,2,3,2,3,1,-0.582869157,0.178551724,-1.112498211,1,0,1,0,3,0,0,0,1,0,2,0,2,0,1,2,1,0,1,1,0,1,1,0,0,1,1,0,1,0,2,0,1,0,2,0,1,0,2,0,0,1,3,0,0,1,3,0,0,1,0,3
3123,49,4,0.004998184,0,98229,0,1,0,1,1,0,0,0,0,2,4,1,5,3,1,1,1,3,5,4,2,2,2,3,2,2,2,2,2,3,3,3,0,1.27688773,0.384890778,0.948147923,1,0,0,1,4,1,1,1,0,0,2,0,4,0,1,2,0,1,2,0,0,0,0,1,0,0,0,0,1,0,2,1,0,0,1,0,1,0,2,1,0,0,1,0,1,0,2,1,0,0,0,1
3126,44,2,0.692278528,0,37309,0,0,1,5,0,0,0,0,1,5,5,5,2,4,2,2,2,2,2,2,3,2,2,2,2,2,3,3,3,4,3,3,1,0.31147402,0.679148082,-0.787296906,1,0,1,0,3,0,0,1,0,0,2,0,4,1,0,1,0,0,3,1,0,1,0,0,0,1,1,1,0,0,1,1,0,0,1,1,0,0,1,1,0,0,1,1,0,0,1,1,0,0,0,1
3128,23,4,0.15712802,0,48741,0,0,1,2,0,1,0,0,0,2,5,4,5,3,1,5,1,5,5,5,2,2,2,4,2,2,2,2,2,3,3,4,0,0.983403684,0.008044146,1.276970183,1,0,0,1,4,1,1,1,0,0,2,0,4,1,0,1,0,1,2,0,0,0,0,1,0,0,0,1,0,0,1,1,0,0,1,1,0,0,1,1,0,0,1,1,0,0,1,1,0,0,0,1
3129,10,2,2.64881095,0,34984,0,1,0,3,0,0,1,0,0,3,3,4,3,4,3,4,3,5,4,3,2,2,2,1,3,2,2,2,2,3,3,4,1,0.360574837,-0.808193378,0.898432066,1,0,1,0,3,0,0,1,0,0,2,0,4,1,0,1,1,0,1,0,0,0,0,1,0,1,1,0,1,0,2,1,0,0,1,0,0,1,3,0,0,1,3,1,0,0,1,0,1,0,0,2
3132,34,2,1.151674728,0,27705,0,1,0,3,0,0,1,0,0,3,5,4,3,5,3,5,3,5,5,5,1,1,2,2,3,1,3,1,3,2,2,2,1,0.460611161,0.143073326,0.030297705,1,0,0,1,4,0,1,1,0,0,2,0,4,0,1,2,0,1,2,0,0,0,0,1,0,1,1,0,1,0,2,0,0,1,3,0,0,1,3,0,1,0,2,1,0,0,1,0,0,0,1,4
3134,39,4,0.367178122,0,18201,1,0,0,5,0,0,0,0,1,4,5,5,1,5,3,2,3,2,4,4,2,1,1,1,2,2,1,1,3,1,2,1,1,0.285188715,-1.375921004,-2.171910997,1,0,1,0,3,1,1,1,0,0,2,0,4,1,0,1,1,0,1,0,1,0,0,0,0,1,1,0,0,1,3,0,0,1,3,1,0,0,1,0,1,0,2,1,0,0,1,0,1,0,0,2
3136,36,4,0.089784773,0,43607,0,1,0,3,0,0,1,0,0,2,5,4,4,5,2,3,2,5,4,3,2,2,3,2,2,2,2,1,3,3,2,3,1,0.652614093,-0.251850376,0.687692443,1,1,0,0,2,1,1,1,0,0,2,0,4,1,0,1,0,0,3,1,0,0,0,1,0,1,1,0,1,0,2,0,1,0,2,1,0,0,1,1,0,0,1,1,0,0,1,0,0,1,0,3
3138,34,4,0.352849311,0,27265,0,1,0,2,0,1,0,0,0,2,4,3,3,4,1,1,1,1,2,2,2,2,2,1,2,2,2,2,2,4,3,3,1,-0.087084847,0.159523237,0.110274815,0,0,0,1,4,1,1,1,0,0,2,0,4,0,1,2,0,1,2,0,0,0,0,1,0,1,1,1,0,0,1,0,1,0,2,0,0,1,3,0,0,1,3,1,0,0,1,1,0,0,0,1
3139,26,4,0.28337859,0,63129,0,1,0,2,0,1,0,0,0,2,4,3,2,3,3,4,4,4,4,5,1,2,2,2,2,2,2,2,2,3,2,3,1,0.067445808,0.490021552,-0.325955102,1,0,0,1,4,1,1,1,0,0,2,0,4,0,1,2,0,1,2,0,0,0,0,1,0,1,1,0,1,0,2,0,1,0,2,0,1,0,2,0,0,1,3,1,0,0,1,0,1,0,0,2
3143,39,2,0.638613834,0,18702,1,0,0,2,0,1,0,0,0,4,4,1,3,5,1,1,1,5,5,3,2,1,3,2,3,1,1,2,3,1,2,2,1,-0.204433732,0.816029795,1.194753939,1,1,0,0,2,0,0,0,1,0,2,0,2,1,0,1,0,0,3,1,0,0,0,0,0,1,1,0,0,1,3,0,0,1,3,0,1,0,2,0,0,1,3,1,0,0,1,0,1,0,0,2
3144,37,4,0.064565904,0,74008,0,1,0,4,0,0,0,1,0,4,5,5,3,5,2,2,2,4,4,4,2,2,2,2,2,2,2,2,3,3,2,3,1,0.820328646,-1.504538206,-0.399836543,1,0,0,1,4,0,0,1,0,0,2,0,4,1,0,1,1,0,1,0,1,0,0,0,1,1,1,1,0,0,1,0,1,0,2,1,0,0,1,0,1,0,2,1,0,0,1,1,0,0,0,1
3145,51,2,0.773070372,0,54914,0,1,0,3,0,0,1,0,0,3,3,3,4,5,2,2,2,5,5,3,2,2,2,3,2,2,2,2,2,3,2,3,1,-0.829786821,-0.658570026,0.008346873,1,0,1,0,3,1,1,1,0,0,2,0,4,1,0,1,1,0,1,0,0,0,0,1,0,1,1,0,1,0,2,0,1,0,2,1,0,0,1,0,1,0,2,1,0,0,1,0,1,0,0,2
3147,45,2,1.098087335,1,78247,0,1,0,1,1,0,0,0,0,1,5,0,5,4,1,1,1,1,3,1,2,2,2,3,2,2,2,2,2,4,3,2,1,0.913112421,-0.102062629,1.193691395,0,0,0,1,4,1,1,1,0,0,2,0,4,0,1,2,0,1,2,0,0,0,0,1,0,1,1,0,1,0,2,0,1,0,2,0,1,0,2,0,1,0,2,1,0,0,1,1,0,0,0,1
3148,36,3,0.445273207,0,45616,0,0,1,3,0,0,1,0,0,2,5,3,3,5,5,2,3,5,5,5,1,1,1,1,2,2,1,2,1,1,1,1,1,-1.342612812,-0.518262,1.156195449,1,0,1,0,3,0,0,1,0,0,2,0,4,1,0,1,0,1,2,1,0,0,0,0,0,1,1,1,0,0,1,1,0,0,1,0,1,0,2,1,0,0,1,1,0,0,1,1,0,0,0,1
3151,18,2,1.659348691,0,40272,0,1,0,1,1,0,0,0,0,1,4,1,4,5,1,1,1,3,2,3,2,1,2,4,2,2,2,2,3,4,2,2,1,0.072981334,-0.374782028,-0.187119956,0,0,0,1,4,0,0,1,0,0,2,0,4,0,0,3,0,0,3,0,1,0,1,1,0,1,1,1,0,0,1,1,0,0,1,0,1,0,2,0,0,1,3,1,0,0,1,0,1,0,0,2
3153,18,4,0.727164732,0,40813,0,0,1,2,0,1,0,0,0,1,5,3,3,5,1,1,1,1,5,3,1,1,1,1,1,1,1,1,1,1,1,1,1,1.049531509,-0.350778927,-0.618074291,1,0,1,0,3,0,0,1,0,0,2,0,4,1,0,1,0,0,3,1,0,0,0,1,0,1,1,1,0,0,1,1,0,0,1,1,0,0,1,1,0,0,1,1,0,0,1,1,0,0,0,1
3155,14,4,1.331806802,0,61068,0,1,0,2,0,1,0,0,0,1,3,4,2,4,2,2,2,2,5,3,3,3,3,2,2,2,1,2,2,4,2,3,1,0.523216378,-0.886223432,-0.496425356,1,0,1,0,3,0,0,1,0,0,2,0,4,1,0,1,0,1,2,0,0,0,0,1,0,1,1,1,0,0,1,0,1,0,2,0,1,0,2,0,0,1,3,1,0,0,1,1,0,0,0,1
3157,34,4,0.482421142,0,28425,0,0,1,5,0,0,0,0,1,4,5,5,4,5,1,3,1,4,4,4,2,2,1,1,2,2,1,2,2,1,3,3,1,-0.286244592,-0.798213869,0.300611896,1,0,1,0,3,0,0,1,0,0,2,0,4,1,0,1,0,0,3,1,1,0,0,0,0,1,1,1,0,0,1,1,0,0,1,0,1,0,2,0,0,1,3,1,0,0,1,1,0,0,0,1
3158,45,2,0.948128674,1,75248,1,0,0,3,0,0,1,0,0,2,5,3,4,5,1,1,1,5,5,4,1,2,2,1,2,2,2,2,3,4,2,3,1,0.988715627,-0.195792354,0.599159331,0,0,1,0,3,0,0,1,0,0,2,0,4,0,1,2,0,1,2,0,0,1,1,0,0,1,1,0,0,1,3,0,0,1,3,0,0,1,3,0,0,1,3,1,0,0,1,0,0,0,1,4
3159,14,2,0.867394707,0,60621,0,1,0,3,0,0,1,0,0,3,6,3,2,5,1,4,1,5,5,1,1,1,1,1,2,2,3,1,3,4,2,3,1,-0.925169324,-0.548471481,-0.287588846,1,0,1,0,3,0,0,0,1,0,2,0,2,0,1,2,0,0,3,1,0,0,1,1,0,1,1,0,0,1,3,0,1,0,2,0,0,1,3,1,0,0,1,0,0,1,3,0,0,1,0,3
3163,39,4,0.082296763,0,15857,0,1,0,3,0,0,1,0,0,2,5,4,5,5,1,1,1,5,5,5,1,1,1,1,2,2,1,2,2,1,2,4,0,1.320149543,0.915418673,0.87778783,1,0,0,1,4,1,1,1,0,0,2,0,4,1,0,1,0,0,3,0,0,0,0,1,0,0,0,1,0,0,1,1,0,0,1,1,0,0,1,0,0,1,3,1,0,0,1,1,0,0,0,1
3165,3,4,2.40E-07,0,85131,0,0,1,2,0,1,0,0,0,3,4,4,4,4,3,4,4,4,4,3,3,3,3,3,2,2,3,2,3,4,2,4,1,0.514943117,0.680332223,-0.162406737,1,0,0,1,4,0,0,1,0,0,2,0,4,1,0,1,1,0,1,0,0,0,0,0,0,1,1,1,0,0,1,1,0,0,1,0,1,0,2,0,0,1,3,1,0,0,1,1,0,0,0,1
3166,49,2,0.007514549,0,98201,1,0,0,1,1,0,0,0,0,1,5,0,5,5,1,1,1,3,1,1,1,1,2,4,2,2,2,1,2,1,1,1,0,-0.820897124,-0.8006553,1.199346687,1,1,0,0,2,0,0,1,0,0,2,0,4,1,0,1,0,0,3,1,0,0,0,0,0,0,0,0,0,1,3,0,0,1,3,0,1,0,2,0,0,1,3,0,1,0,2,0,0,0,1,4
3170,31,2,1.33574598,0,8405,0,0,0,3,0,0,1,0,0,2,4,3,3,2,4,2,2,3,1,2,3,2,3,2,2,2,2,2,2,3,3,3,1,-1.538851598,0.28890437,-0.680273132,0,1,0,0,2,0,0,1,0,0,2,0,4,0,1,2,0,0,3,1,1,1,0,0,0,1,1,0,0,0,0,0,0,0,0,0,0,0,0,0,0,0,0,0,0,0,0,0,0,0,0,0
3172,26,2,0.102418738,0,63863,0,1,0,4,0,0,0,1,0,3,5,5,4,5,3,1,1,5,5,5,3,3,3,1,2,2,1,2,3,4,2,2,1,1.427341356,0.255524187,1.127144272,1,1,0,0,2,1,1,0,1,0,2,0,2,1,0,1,0,0,3,1,0,0,1,1,0,1,1,1,0,0,1,1,0,0,1,1,0,0,1,0,0,1,3,1,0,0,1,0,1,0,0,2
3174,33,2,10.17526267,0,13760,0,1,0,2,0,1,0,0,0,3,4,2,4,3,1,1,1,4,3,3,2,2,2,2,2,2,2,2,2,4,3,4,0,0.691167633,-1.08099825,-1.438712091,1,0,0,1,4,0,0,1,0,0,2,0,4,0,0,3,0,1,2,0,1,0,1,0,0,0,0,0,1,0,2,0,1,0,2,0,1,0,2,0,0,1,3,1,0,0,1,1,0,0,0,1
3176,10,4,0.410159583,1,33410,0,1,0,3,0,0,1,0,0,1,5,5,3,5,1,1,1,1,1,1,2,2,2,3,2,2,2,2,2,3,3,3,1,1.441299755,-2.583809897,1.258486839,1,0,1,0,3,0,0,1,0,0,2,0,4,1,0,1,0,1,2,0,0,0,0,0,0,1,1,0,1,0,2,0,0,1,3,0,0,1,3,0,0,1,3,1,0,0,1,0,0,1,0,3
3177,21,4,0.774282773,0,20906,0,1,0,2,0,1,0,0,0,2,5,4,3,5,1,4,3,4,4,3,2,2,2,1,2,2,3,2,3,2,2,3,1,0.684010728,0.007438977,-0.949470722,0,0,0,1,4,1,1,1,0,0,2,0,4,0,1,2,1,0,1,0,0,0,0,0,0,1,1,0,0,1,3,0,1,0,2,0,0,1,3,1,0,0,1,0,1,0,2,0,0,1,0,3
3178,4,4,1.764999654,0,72834,0,1,0,2,0,1,0,0,0,2,5,5,5,2,1,1,1,5,5,5,2,2,2,4,2,2,2,2,2,4,3,3,1,1.172251583,-0.427548445,0.139282563,1,0,1,0,3,0,0,1,0,0,2,0,4,1,0,1,0,1,2,0,1,0,0,1,0,1,1,1,0,0,1,0,1,0,2,1,0,0,1,0,0,1,3,1,0,0,1,1,0,0,0,1
3180,39,3,0.345209717,0,19132,1,0,0,5,0,0,0,0,1,3,4,5,4,4,4,4,1,4,4,4,2,2,2,3,2,2,2,2,2,3,3,3,1,1.032817793,0.761144817,0.634747279,0,0,0,0,1,0,0,0,1,0,2,0,2,1,0,1,1,0,1,0,1,0,0,0,1,1,1,0,0,1,3,0,0,1,3,1,0,0,1,1,0,0,1,0,0,1,3,0,0,0,1,4
3184,10,4,0.401729987,0,32118,0,1,0,2,0,1,0,0,0,2,5,4,2,5,1,1,1,5,4,4,1,3,3,4,2,2,2,2,3,4,3,1,1,-0.635178395,-0.792484712,-0.148702746,1,0,0,1,4,1,1,1,0,0,2,0,4,0,1,2,0,0,3,1,0,0,0,0,0,1,1,0,1,0,2,0,1,0,2,1,0,0,1,0,0,1,3,1,0,0,1,0,0,0,1,4
3185,33,4,0.439882562,0,14219,0,1,0,1,1,0,0,0,0,2,4,3,3,4,2,2,1,3,3,2,2,2,2,3,2,2,2,2,3,4,3,4,1,1.002166682,-0.328546977,0.136366005,1,0,0,1,4,0,0,1,0,0,2,0,4,1,0,1,1,0,1,0,0,0,0,1,0,1,1,0,1,0,2,0,1,0,2,0,0,1,3,0,0,1,3,1,0,0,1,0,0,1,0,3
3187,15,4,14.39015798,0,46011,0,1,0,3,0,0,1,0,0,2,4,4,4,5,4,4,3,4,4,3,2,1,3,3,2,2,2,2,2,2,1,2,1,-0.347607209,1.363405344,-0.229710234,1,0,0,0,1,0,0,0,1,1,1,1,1,0,1,2,0,0,3,1,0,0,0,1,0,1,1,1,0,0,1,1,0,0,1,1,0,0,1,0,1,0,2,1,0,0,1,1,0,0,0,1
3189,10,4,0.862853472,0,32159,0,1,0,3,0,0,1,0,0,3,5,4,5,2,2,2,2,4,4,4,2,2,3,2,2,2,1,1,3,3,2,3,1,1.433668572,-0.582840537,-0.181320944,1,0,1,1,4,0,0,1,0,0,2,0,4,1,0,1,1,0,1,0,0,0,0,1,0,1,1,1,0,0,1,0,1,0,2,0,1,0,2,1,0,0,1,1,0,0,1,1,0,0,0,1
3194,39,4,0.458078177,0,19125,1,0,0,1,1,0,0,0,0,3,5,2,4,4,1,1,1,1,3,1,2,2,2,3,2,2,2,2,2,3,3,3,1,0.086929973,0.255436592,-0.158013284,1,0,0,1,4,0,0,1,0,0,2,0,4,1,0,1,1,0,1,0,0,0,0,0,1,1,1,0,0,1,3,0,0,1,3,0,0,1,3,0,0,1,3,0,0,1,3,0,0,0,1,4
3195,39,4,0.454771682,0,17015,0,1,0,1,1,0,0,0,0,1,4,0,5,5,1,1,1,1,1,1,1,2,2,4,2,2,1,2,3,3,3,3,1,0.45976493,0.376842166,1.172788344,0,0,1,0,3,1,1,1,0,0,2,0,4,0,1,2,0,1,2,0,0,0,0,1,0,1,1,1,0,0,1,1,0,0,1,0,1,0,2,0,1,0,2,1,0,0,1,1,0,0,0,1
3196,34,2,2.453087858,0,29650,0,1,0,2,0,1,0,0,0,2,3,3,4,4,2,2,2,3,3,3,2,2,2,3,2,2,2,2,3,4,2,2,1,1.079569056,0.664485614,0.140840795,0,0,1,0,3,0,0,1,0,0,2,0,4,1,0,1,1,0,1,0,0,0,0,1,0,1,1,1,0,0,1,0,1,0,2,0,1,0,2,0,0,1,3,1,0,0,1,0,1,0,0,2
3197,10,4,0.851144612,0,34610,0,1,0,2,0,1,0,0,0,1,5,4,3,3,2,2,2,4,4,4,2,2,2,3,2,2,2,2,2,4,3,3,1,0.59661885,-0.749402726,1.253582129,1,0,1,0,3,0,0,1,0,0,2,0,4,1,0,1,1,0,1,0,0,0,0,1,0,1,1,1,0,0,1,1,0,0,1,0,1,0,2,0,1,0,2,1,0,0,1,1,0,0,0,1
3198,34,4,0.229727684,0,27298,0,0,1,2,0,1,0,0,0,2,4,2,4,5,1,1,1,1,1,1,2,2,2,3,2,2,2,2,3,3,3,3,1,0.777512311,-0.932460911,-0.529361397,1,1,0,0,2,0,0,1,0,0,2,0,4,1,0,1,0,0,3,0,0,0,0,0,0,1,1,1,0,0,1,1,0,0,1,0,1,0,2,1,0,0,1,1,0,0,1,1,0,0,0,1
3199,45,2,2.951463362,0,76904,0,1,0,5,0,0,0,0,1,4,5,5,4,5,1,3,1,5,4,5,3,2,3,2,3,1,1,1,3,2,2,1,1,-0.034981649,1.40942434,0.465814887,1,1,0,0,2,0,0,1,0,0,1,1,1,0,1,2,0,0,3,1,0,1,1,1,0,1,1,0,1,0,2,0,1,0,2,0,0,1,3,0,0,1,3,1,0,0,1,1,0,0,0,1
3202,33,2,0.943395977,0,11763,0,1,0,2,0,1,0,0,0,2,2,2,2,5,5,5,5,4,4,4,3,3,2,3,2,2,2,2,2,2,2,2,1,-0.950853763,0.646745583,0.075662261,0,0,1,0,3,1,1,1,0,0,2,0,4,0,0,3,0,1,2,1,0,0,1,0,0,1,1,1,0,0,1,0,1,0,2,0,0,1,3,0,1,0,2,0,1,0,2,1,0,0,0,1
3208,45,4,0.368897046,0,78884,0,1,0,1,1,0,0,0,0,1,5,2,4,5,1,2,2,2,3,3,2,2,2,4,2,2,2,2,3,3,3,3,0,-0.445983454,0.172003338,0.367930254,0,0,0,1,4,0,0,1,0,0,2,0,4,1,0,1,1,0,1,0,0,0,0,1,0,0,0,1,0,0,1,1,0,0,1,0,1,0,2,0,0,1,3,1,0,0,1,1,0,0,0,1
3209,23,2,1.000646615,0,48212,1,0,0,4,0,0,0,1,0,4,3,2,3,4,5,4,4,3,3,3,2,2,3,2,2,2,2,1,3,4,4,4,1,-1.023880616,-0.071099778,-1.363668754,1,1,0,0,2,0,0,0,1,0,2,0,2,1,0,1,1,0,1,0,0,0,1,0,1,1,1,0,0,1,3,0,1,0,2,0,1,0,2,0,1,0,2,1,0,0,1,0,0,0,1,4
3212,32,4,0.024177495,0,87110,0,1,0,3,0,0,1,0,0,2,5,4,4,4,3,2,2,4,2,4,2,2,2,4,2,2,1,2,1,1,1,2,1,0.269208267,0.605170339,0.699726504,1,0,0,1,4,0,0,1,0,0,2,0,4,1,0,1,1,0,1,0,0,0,0,0,0,1,1,0,1,0,2,0,0,1,3,0,0,1,3,0,0,1,3,1,0,0,1,0,0,0,1,4
3213,45,4,0.21020711,1,76118,0,1,0,3,0,0,1,0,0,1,5,5,2,5,1,3,2,4,4,3,1,2,2,4,2,2,1,2,3,3,2,3,1,1.326113543,-0.081331011,-0.483940333,1,0,0,1,4,1,1,1,0,0,2,0,4,1,0,1,0,1,2,0,0,0,0,1,0,1,1,0,1,0,2,0,1,0,2,0,0,1,3,0,0,1,3,0,1,0,2,0,1,0,0,2
3216,5,4,0.001215121,1,95747,0,1,0,3,0,0,1,0,0,3,5,4,4,5,3,2,2,4,4,4,1,1,1,1,1,1,1,1,3,1,2,2,1,0.807149182,-0.063937755,0.046903259,0,0,0,1,4,0,0,1,0,0,2,0,4,0,1,2,0,1,2,0,1,0,0,1,0,1,1,0,1,0,2,0,1,0,2,0,0,1,3,0,0,1,3,1,0,0,1,0,0,1,0,3
3217,38,2,2.057844312,0,97333,0,1,0,4,0,0,0,1,0,3,5,5,2,5,2,1,1,5,5,5,3,3,2,2,3,1,2,2,3,4,2,2,1,1.067280035,0.00097156,0.365584763,0,1,0,0,2,0,1,0,0,0,1,1,1,1,0,1,0,0,3,0,0,0,0,1,0,1,1,1,0,0,1,1,0,0,1,1,0,0,1,0,0,1,3,1,0,0,1,0,1,0,0,2
3218,34,4,0.906518092,0,27613,0,1,0,3,0,0,1,0,0,2,5,5,3,5,1,1,1,5,5,3,2,2,2,4,2,2,2,2,2,4,3,3,1,0.530290273,0.282781951,1.094296869,0,0,0,1,4,0,0,1,0,0,2,0,4,0,1,2,0,1,2,0,1,0,0,1,0,1,1,0,1,0,2,0,1,0,2,0,1,0,2,0,1,0,2,1,0,0,1,0,1,0,0,2
3221,23,4,0.752548032,0,49437,0,1,0,2,0,1,0,0,0,2,4,3,4,4,2,2,1,4,4,3,2,2,2,4,2,2,2,2,3,4,2,2,0,0.250660528,-1.33364563,0.056331717,1,0,0,1,4,0,0,1,0,0,2,0,4,0,1,2,0,1,2,0,0,0,0,1,0,0,0,1,0,0,1,1,0,0,1,0,1,0,2,0,1,0,2,1,0,0,1,1,0,0,0,1
3224,3,4,0.063667897,1,85748,0,1,0,2,0,1,0,0,0,2,5,3,2,5,1,1,1,3,4,1,2,2,2,4,2,2,2,2,3,3,3,3,1,-0.183034721,-1.810749092,0.227712356,1,0,0,1,4,1,1,1,0,0,2,0,4,0,1,2,1,0,1,0,0,0,0,1,0,1,1,0,1,0,2,1,0,0,1,1,0,0,1,0,0,1,3,1,0,0,1,0,0,1,0,3
3225,33,2,0.377806798,0,10701,1,0,0,4,0,0,0,1,0,4,5,5,1,5,4,2,2,5,5,5,1,1,2,3,2,2,2,2,2,3,3,3,1,0.77531848,0.789411713,-0.490847186,0,0,0,1,4,0,0,1,0,0,2,0,4,1,0,1,0,1,2,0,0,1,1,0,1,1,1,0,0,1,3,0,0,1,3,0,1,0,2,0,1,0,2,0,0,1,3,0,0,0,1,4
3226,36,1,0.9255942,0,43228,0,1,0,3,0,0,1,0,0,2,1,2,4,2,1,2,1,4,5,3,3,1,1,3,2,2,1,2,2,3,2,2,1,-0.078562074,0.095590607,0.738072,1,0,0,0,1,0,0,0,0,0,2,0,5,1,0,1,0,1,2,0,0,0,1,0,0,1,1,0,0,1,3,0,1,0,2,0,0,1,3,0,1,0,2,1,0,0,1,0,0,1,0,3
3228,11,3,0.165118952,0,31705,0,1,0,1,1,0,0,0,0,3,2,1,3,4,3,3,3,3,3,3,1,1,1,1,1,1,1,1,1,1,1,1,1,-1.058241281,0.278782506,-1.374189561,1,1,0,0,2,0,0,0,1,0,2,0,2,1,0,1,0,0,3,0,0,0,0,1,1,1,1,1,0,0,1,1,0,0,1,0,0,1,3,0,1,0,2,1,0,0,1,1,0,0,0,1
3229,31,4,0.253029637,0,8021,0,1,0,2,0,1,0,0,0,2,3,3,2,4,3,3,3,4,4,4,1,1,1,2,2,2,1,2,3,3,3,3,1,0.11044708,0.081328347,0.165406957,0,0,0,1,4,0,0,1,0,0,2,0,4,1,0,1,1,0,1,0,0,0,0,0,0,1,1,0,1,0,2,1,0,0,1,1,0,0,1,0,0,1,3,0,1,0,2,0,0,1,0,3
3230,37,4,0.969667335,0,73834,0,0,1,1,1,0,0,0,0,1,3,3,3,3,3,3,3,3,4,4,2,2,2,4,2,2,2,2,2,3,3,3,1,-0.18286576,-0.554262552,-0.899833965,1,0,1,0,3,0,0,1,0,0,2,0,4,1,0,1,0,1,2,0,0,0,0,1,0,1,1,1,0,0,1,1,0,0,1,1,0,0,1,0,0,1,3,1,0,0,1,1,0,0,0,1
3234,36,2,1.543361489,0,43214,0,1,0,1,1,0,0,0,0,1,2,2,5,5,1,1,1,4,4,1,1,1,3,2,2,2,2,2,3,4,2,3,1,-0.296631264,-2.073072614,0.269432497,1,0,1,0,3,0,0,1,0,0,2,0,4,1,0,1,1,0,1,0,0,0,1,0,1,1,1,0,1,0,2,0,0,1,3,0,1,0,2,0,0,1,3,1,0,0,1,0,0,0,1,4
3238,36,4,0.888526533,0,45342,0,1,0,3,0,0,1,0,0,3,4,5,3,5,2,4,3,4,4,4,2,1,2,2,2,2,2,3,3,2,2,3,1,0.148830297,0.597188048,0.596269673,1,0,1,0,3,0,0,1,0,0,2,0,4,1,0,1,0,1,2,0,1,0,0,0,0,1,1,1,0,0,1,0,1,0,2,0,1,0,2,0,1,0,2,1,0,0,1,0,1,0,0,2
3244,15,4,0.558647691,0,46628,0,1,0,3,0,0,1,0,0,2,4,3,4,5,2,2,1,5,5,4,1,1,1,2,2,2,2,3,3,4,2,2,0,0.207495285,0.050596158,-0.474396983,1,0,1,0,3,0,0,1,0,0,2,0,4,1,0,1,0,0,3,0,1,0,0,0,0,0,0,0,1,0,2,0,1,0,2,0,1,0,2,1,0,0,1,0,1,0,2,0,1,0,0,2
3245,39,2,0.615896122,0,15215,0,1,0,3,0,0,1,0,0,2,5,4,4,4,1,2,1,4,5,2,3,3,2,3,2,2,3,2,3,1,2,4,1,-0.311677242,0.44271131,0.258721402,1,0,1,0,3,0,0,1,0,0,2,0,4,1,0,1,0,1,2,0,0,0,1,0,0,1,1,0,1,0,2,0,0,1,3,0,0,1,3,0,0,1,3,1,0,0,1,0,0,0,1,4
3247,45,2,1.637367438,1,76022,0,1,0,4,0,0,0,1,0,5,5,5,3,3,3,4,4,5,5,5,3,1,1,3,2,2,2,1,3,2,2,1,1,0.801073873,1.059635904,0.67960678,1,0,0,1,4,0,0,1,0,0,2,0,4,0,1,2,0,0,3,0,0,0,1,0,0,1,1,0,1,0,2,0,1,0,2,0,0,1,3,1,0,0,1,1,0,0,1,0,1,0,0,2
3250,33,2,0.680457484,0,11204,1,0,0,3,0,0,1,0,0,2,3,2,3,3,3,3,3,2,3,3,3,3,2,3,2,2,2,2,2,2,1,2,0,-0.756980926,0.574752449,-1.152405132,1,1,0,0,2,0,0,1,0,0,2,0,4,1,0,1,0,1,2,0,0,0,1,0,1,0,0,0,0,1,3,0,0,1,3,1,0,0,1,0,0,1,3,0,0,1,3,0,0,0,1,4
3251,19,2,0.808208106,0,70601,0,1,0,2,0,1,0,0,0,2,4,4,5,5,5,5,5,5,5,5,3,1,1,2,3,2,2,2,3,2,2,4,1,1.173233674,-0.223583981,0.47310401,0,0,1,0,3,0,0,1,0,0,1,1,1,1,0,1,0,0,3,0,0,0,0,1,0,1,1,0,1,0,2,0,0,1,3,0,1,0,2,0,0,1,3,1,0,0,1,0,1,0,0,2
3253,45,4,0.148090971,0,76661,0,1,0,4,0,0,0,1,0,5,5,4,4,4,1,3,3,5,3,4,2,2,2,4,2,1,2,2,2,3,2,2,1,-0.687483706,-0.42257051,0.188813041,1,0,0,1,4,0,0,1,0,0,2,0,4,1,0,1,0,0,3,0,1,0,0,1,0,1,1,1,0,0,1,1,0,0,1,0,0,1,3,1,0,0,1,1,0,0,1,1,0,0,0,1
3254,49,4,0.000506558,0,98683,1,0,0,3,0,0,1,0,0,3,4,4,3,5,2,4,4,4,5,3,3,3,3,2,1,1,3,1,3,4,2,2,0,-0.470954655,0.336763453,0.340659463,1,0,1,1,4,0,0,1,0,0,2,0,4,1,0,1,0,1,2,0,0,0,0,0,0,0,0,0,0,1,3,0,0,1,3,0,0,1,3,0,1,0,2,1,0,0,1,0,0,0,1,4
3255,33,2,6.17230894,0,94109,1,0,0,2,0,1,0,0,0,1,4,2,5,4,4,4,2,4,5,4,2,1,1,3,2,2,2,2,2,3,3,3,1,0.558508852,-0.202879681,0.586628757,1,0,0,0,1,0,1,1,0,0,2,0,4,0,0,3,1,0,1,0,0,0,0,0,0,1,1,0,0,1,3,0,0,1,3,1,0,0,1,0,0,1,3,0,0,1,3,0,0,0,1,4
3256,34,4,0.706172514,0,28403,0,1,0,3,0,0,1,0,0,2,5,4,5,5,1,1,1,3,4,3,2,2,2,2,2,2,2,2,3,4,3,4,1,1.312880017,0.575523454,0.267013061,1,0,1,0,3,0,0,1,0,0,2,0,4,1,0,1,0,0,3,1,1,0,0,0,0,1,1,0,1,0,2,0,0,1,3,0,1,0,2,0,0,1,3,1,0,0,1,0,0,1,0,3
3257,50,4,0.787038468,0,26726,0,1,0,5,0,0,0,0,1,5,5,5,1,5,1,1,1,1,1,1,1,1,1,1,2,2,2,2,3,4,4,4,1,-0.309601826,-1.781839048,-2.3348793,1,1,0,0,2,0,0,1,0,0,2,0,4,1,0,1,1,0,1,0,1,0,0,0,1,1,1,1,0,0,1,0,1,0,2,1,0,0,1,0,0,1,3,1,0,0,1,1,0,0,0,1
3259,1,4,0.647797645,0,36344,0,0,1,3,0,0,1,0,0,2,5,5,5,5,1,1,1,3,5,1,2,2,2,4,2,2,2,2,2,4,4,4,1,0.158271544,-1.740777611,1.732257564,1,0,0,1,4,0,0,1,0,0,2,0,4,1,0,1,1,0,1,0,1,0,0,0,0,1,1,1,0,0,1,1,0,0,1,1,0,0,1,1,0,0,1,1,0,0,1,1,0,0,0,1
3260,18,4,0.373093208,0,40601,0,1,0,3,0,0,1,0,0,3,4,3,4,4,2,2,1,3,4,3,2,2,2,3,2,2,2,2,2,4,3,4,1,0.112927802,-1.529762024,-0.922355497,1,1,0,0,2,0,0,1,0,0,2,0,4,1,0,1,0,1,2,0,0,0,0,1,0,1,1,0,1,0,2,0,0,1,3,0,0,1,3,1,0,0,1,1,0,0,1,0,1,0,0,2
3262,45,4,0.398899905,1,78745,1,0,0,2,0,1,0,0,0,1,2,2,3,2,2,4,1,3,4,4,1,1,1,2,3,1,1,3,3,3,2,2,1,-0.315651911,0.317004338,-0.292322545,0,0,1,0,3,0,0,1,0,0,2,0,4,1,0,1,0,1,2,0,0,0,0,0,0,1,1,0,0,1,3,0,1,0,2,0,0,1,3,0,0,1,3,1,0,0,1,0,0,1,0,3
3266,45,4,0.305127165,1,75601,0,1,0,3,0,0,1,0,0,3,5,3,1,5,4,3,1,5,4,4,2,2,2,3,2,2,2,3,3,4,3,1,1,1.188947715,-1.018867095,-0.208567611,1,0,0,1,4,0,0,1,0,0,2,0,4,1,0,1,1,0,1,0,1,0,0,0,1,1,1,1,0,0,1,0,1,0,2,0,1,0,2,0,1,0,2,1,0,0,1,0,1,0,0,2
3267,10,4,0.229989213,0,34208,0,1,0,2,0,1,0,0,0,2,3,3,4,5,2,4,3,5,5,4,2,2,2,3,2,2,2,2,2,3,2,2,1,0.800850653,-0.203076907,0.052461247,0,0,0,1,4,0,0,1,0,0,2,0,4,1,0,1,0,1,2,0,1,0,0,1,0,1,1,0,1,0,2,0,1,0,2,0,0,1,3,0,0,1,3,1,0,0,1,0,0,1,0,3
3269,19,4,1.132894608,0,71292,0,1,0,3,0,0,1,0,0,3,2,4,2,5,2,4,4,5,5,5,2,2,2,3,2,2,2,2,2,3,3,3,1,0.433840029,-0.288746346,0.796939725,1,1,0,0,2,0,0,1,0,0,2,0,4,0,1,2,0,0,3,1,0,0,0,0,0,1,1,1,0,0,1,1,0,0,1,1,0,0,1,1,0,0,1,1,0,0,1,1,0,0,0,1
3271,22,4,0.206474921,0,2090,0,1,0,2,0,1,0,0,0,2,4,4,3,5,4,5,4,4,4,4,3,1,1,2,3,3,3,1,3,2,2,1,1,0.695611879,0.805357609,0.198228342,1,0,0,1,4,0,0,1,0,0,2,0,4,1,0,1,0,0,3,0,0,0,0,0,0,1,1,1,0,0,1,0,1,0,2,0,0,1,3,0,0,1,3,0,0,1,3,0,1,0,0,2
3273,11,4,2.051392763,0,30327,0,1,0,2,0,1,0,0,0,2,4,3,4,4,1,2,2,3,4,3,1,2,2,4,2,2,1,2,3,3,2,2,1,0.553308091,0.503214883,0.045396822,1,0,0,1,4,1,1,1,0,0,2,0,4,0,0,3,0,1,2,0,0,0,0,1,0,1,1,0,1,0,2,1,0,0,1,0,0,1,3,0,1,0,2,1,0,0,1,1,0,0,0,1
3274,23,4,0.352219199,0,48079,0,1,0,4,0,0,0,1,0,3,4,2,4,5,1,1,1,5,5,1,3,1,1,1,1,1,3,1,3,1,2,1,1,-0.595280124,-2.372477708,1.724199671,1,0,0,1,4,0,0,1,0,0,2,0,4,1,0,1,0,1,2,0,1,0,0,1,0,1,1,1,0,0,1,0,1,0,2,0,1,0,2,0,0,1,3,1,0,0,1,1,0,0,0,1
3275,11,4,0.788334336,0,30132,0,1,0,4,0,0,0,1,0,2,5,4,3,4,1,1,1,4,4,3,2,2,1,3,2,2,2,1,2,4,2,2,1,1.228323898,-0.166843964,-0.257169592,1,0,1,0,3,0,0,1,0,0,2,0,4,1,0,1,0,1,2,0,0,0,0,1,0,1,1,1,0,0,1,1,0,0,1,1,0,0,1,1,0,0,1,1,0,0,1,1,0,0,0,1
3278,5,4,0.00082483,0,95207,1,0,0,2,0,1,0,0,0,3,6,3,4,4,1,1,1,4,4,1,2,2,2,4,2,2,2,2,2,4,3,4,1,-0.833919081,0.118353826,0.166997988,1,0,0,1,4,0,0,0,1,0,2,0,2,1,0,1,1,0,1,0,0,0,0,0,0,1,1,0,0,1,3,0,0,1,3,1,0,0,1,0,1,0,2,1,0,0,1,0,0,0,1,4
3283,29,2,0.047603782,1,89119,1,0,0,4,0,0,0,1,0,2,4,3,2,4,2,4,2,4,2,4,1,3,1,2,1,3,1,3,1,2,1,2,1,-0.820069346,-0.26217326,-1.246444862,1,1,0,0,2,0,0,1,0,0,2,0,4,0,1,2,0,0,3,1,1,0,0,0,0,1,1,0,0,1,3,0,0,1,3,0,0,1,3,0,1,0,2,0,1,0,2,0,0,0,1,4
3284,18,2,0.475124117,0,42345,0,1,0,1,1,0,0,0,0,2,5,4,2,4,1,2,2,3,3,2,2,2,2,2,3,2,3,2,3,4,2,3,1,0.078773735,-0.389062124,0.97724185,1,1,0,0,2,0,0,1,0,0,2,0,4,1,0,1,0,1,2,0,0,1,1,1,0,1,1,1,0,0,1,1,0,0,1,0,1,0,2,0,1,0,2,1,0,0,1,1,0,0,0,1
3286,39,4,1.092049029,0,18951,0,1,0,2,0,1,0,0,0,2,4,1,4,4,2,3,2,4,4,4,3,2,2,3,2,2,2,2,2,4,3,4,1,0.28145622,0.870633666,0.019994049,1,0,0,1,4,0,1,1,0,0,2,0,4,0,0,3,0,1,2,0,0,0,0,1,0,1,1,1,0,0,1,0,1,0,2,1,0,0,1,0,0,1,3,1,0,0,1,1,0,0,0,1
3288,41,4,0.452852226,0,2903,1,0,0,3,0,0,1,0,0,3,4,5,2,4,5,3,2,5,5,5,2,1,2,2,3,1,2,2,3,3,2,2,1,0.831679044,0.004414173,0.392297862,1,0,0,1,4,0,0,1,0,0,2,0,4,1,0,1,1,0,1,0,1,0,0,0,1,1,1,0,0,1,3,0,0,1,3,0,0,1,3,0,0,1,3,0,0,1,3,0,0,0,1,4
3289,24,2,0.469617782,0,55407,1,0,0,1,1,0,0,0,0,2,4,3,3,5,2,1,1,4,5,4,2,2,1,4,2,2,2,2,2,4,2,4,1,0.422194432,-1.14804663,0.371641615,1,0,0,1,4,1,1,1,0,0,2,0,4,1,0,1,1,0,1,0,0,0,0,1,1,1,1,0,0,1,3,0,0,1,3,1,0,0,1,0,0,1,3,0,1,0,2,0,0,0,1,4
3290,31,4,1.441209589,0,7631,1,0,0,3,0,0,1,0,0,3,5,2,2,3,3,2,3,3,3,3,2,2,2,4,2,2,2,2,2,3,3,4,0,-0.427317031,-0.26432791,0.693034438,0,1,0,0,2,0,1,0,0,1,2,0,3,1,0,1,1,0,1,0,0,0,0,1,1,0,0,0,0,1,3,0,0,1,3,0,1,0,2,0,1,0,2,1,0,0,1,0,0,1,0,3
3292,45,4,1.045311963,1,78214,0,1,0,2,0,1,0,0,0,1,5,2,5,5,3,3,3,5,5,5,2,2,2,3,2,2,2,2,2,3,3,3,1,0.562681662,1.407491577,0.312322226,0,0,0,1,4,0,0,1,0,0,2,0,4,0,1,2,0,0,3,1,0,0,0,1,0,1,1,0,0,1,3,0,1,0,2,0,1,0,2,1,0,0,1,1,0,0,1,0,0,1,0,3
3293,10,1,0.649570603,1,33197,0,1,0,2,0,1,0,0,0,2,5,3,2,3,4,5,4,5,5,5,1,1,2,2,2,2,2,1,3,2,2,2,1,0.603523515,1.118676625,1.031377025,1,0,0,0,1,0,0,0,1,0,2,0,2,1,0,1,0,0,3,1,0,0,0,1,0,1,1,0,0,0,0,0,0,0,0,0,0,0,0,0,0,0,0,0,0,0,0,0,0,0,0,0
3295,19,4,1.487663036,0,70563,0,1,0,2,0,1,0,0,0,1,5,2,4,5,1,1,1,1,5,5,3,3,3,2,2,2,2,2,3,3,2,2,1,1.269996067,0.258557002,-0.383748017,1,0,1,0,3,1,1,1,0,0,2,0,4,0,1,2,0,1,2,0,0,0,0,1,0,1,1,0,1,0,2,0,1,0,2,1,0,0,1,1,0,0,1,1,0,0,1,1,0,0,0,1
3296,21,4,1.444068823,0,20740,0,1,0,2,0,1,0,0,0,2,3,4,3,5,5,5,3,3,5,3,2,2,2,3,2,2,2,2,3,1,2,2,1,-0.026575575,0.021532703,-0.016375173,0,0,0,0,1,0,0,0,1,0,1,1,1,0,0,0,0,0,3,0,0,0,0,1,0,1,1,0,1,0,2,0,1,0,2,0,0,1,3,0,1,0,2,0,0,1,3,0,0,0,1,4
3297,51,4,0.538887539,0,53208,1,0,0,2,0,1,0,0,0,3,5,3,2,4,2,2,1,2,4,3,2,2,1,1,2,2,1,1,3,1,2,1,0,1.628317672,-0.123582813,-0.265797061,1,0,0,1,4,0,0,1,0,0,2,0,4,1,0,1,1,0,1,0,0,0,0,0,0,0,0,0,0,1,3,0,0,1,3,0,0,1,3,0,1,0,2,1,0,0,1,0,0,0,1,4
3298,1,4,1.483106949,0,35072,0,0,1,3,0,0,1,0,0,3,6,3,2,5,4,4,2,4,4,4,2,2,2,4,2,2,2,2,2,3,3,3,1,0.758322779,-0.061676451,-0.199680915,1,0,1,0,3,0,0,1,0,0,2,0,4,1,0,1,0,1,2,0,1,0,0,1,0,1,1,1,0,0,1,1,0,0,1,1,0,0,1,1,0,0,1,1,0,0,1,1,0,0,0,1
3303,45,2,0.60906071,1,75214,0,1,0,3,0,0,1,0,0,3,3,3,3,4,2,2,3,4,4,3,3,2,3,2,2,2,2,2,2,4,3,4,1,-1.193288617,-0.864408105,0.455423035,0,1,0,0,2,0,0,0,1,0,2,0,2,0,1,2,0,0,3,0,0,0,1,0,0,1,1,0,0,1,3,0,1,0,2,0,1,0,2,1,0,0,1,0,1,0,2,0,0,0,1,4
3304,3,2,0.007884198,1,85716,0,1,0,4,0,0,0,1,0,1,5,5,5,5,4,5,5,5,5,5,1,2,2,1,3,1,1,1,3,3,2,3,1,-1.205623139,1.0752505,-1.67055288,1,1,0,0,2,1,1,1,0,0,2,0,4,0,1,2,0,0,3,1,0,0,0,1,0,1,1,0,1,0,2,0,0,1,3,1,0,0,1,0,1,0,2,0,1,0,2,0,0,0,1,4
3310,26,4,0.37935975,0,65251,0,1,0,1,1,0,0,0,0,3,3,0,5,5,1,1,1,5,5,4,2,2,2,4,2,2,2,2,2,4,4,4,1,-0.350102772,-0.807215901,1.585352861,1,0,1,0,3,0,0,1,0,0,2,0,4,1,0,1,1,0,1,0,1,0,0,0,1,1,1,1,0,0,1,1,0,0,1,0,1,0,2,0,0,1,3,1,0,0,1,1,0,0,0,1
3312,23,1,0.6221945,0,49201,0,1,0,5,0,0,0,0,1,4,5,5,4,5,3,1,2,4,5,5,1,3,3,1,3,1,1,1,3,1,2,1,1,-0.576210261,-0.02058272,0.698136035,1,1,0,0,2,0,0,1,0,0,2,0,4,1,0,1,1,0,1,0,1,0,1,0,1,1,1,1,0,0,1,0,0,1,3,0,1,0,2,0,0,1,3,1,0,0,1,1,0,0,0,1
3316,18,4,0.647797645,0,42743,0,0,1,3,0,0,1,0,0,3,4,3,4,5,1,4,2,4,3,3,3,3,2,3,3,2,2,2,2,2,3,4,1,-0.037781557,-0.054489901,-0.27007927,1,0,0,1,4,0,0,1,0,0,2,0,4,1,0,1,1,0,1,0,0,0,0,0,0,1,1,1,0,0,1,1,0,0,1,1,0,0,1,1,0,0,1,1,0,0,1,1,0,0,0,1
3318,34,4,0.814756167,0,27360,0,1,0,3,0,0,1,0,0,2,3,0,5,5,5,2,2,4,4,4,3,3,3,1,3,2,2,3,2,4,4,2,1,-1.660795134,0.000218186,-0.08165853,1,0,1,0,3,0,0,1,0,0,2,0,4,1,0,1,1,0,1,0,1,0,0,1,1,1,1,1,0,0,1,1,0,0,1,0,1,0,2,1,0,0,1,1,0,0,1,1,0,0,0,1
3325,36,4,0.370148594,0,44705,0,1,0,2,0,1,0,0,0,1,4,3,5,5,1,1,1,1,1,1,2,1,1,1,2,2,2,2,2,4,4,4,1,-0.360560788,-0.330053731,-0.020728675,0,0,0,1,4,0,0,1,0,0,2,0,4,1,0,1,0,1,2,0,0,0,0,0,0,1,1,0,1,0,2,0,1,0,2,1,0,0,1,0,0,1,3,1,0,0,1,0,1,0,0,2
3328,5,4,0.039561167,0,92234,0,1,0,2,0,1,0,0,0,2,5,3,4,4,1,1,1,1,4,1,2,2,2,2,2,2,1,1,3,4,2,4,1,-1.133557629,0.954916475,-0.380036529,0,0,0,1,4,0,1,1,0,0,2,0,4,0,0,3,0,1,2,0,0,0,0,1,0,1,1,0,1,0,2,0,1,0,2,0,1,0,2,0,1,0,2,1,0,0,1,0,0,1,0,3
3330,36,3,0.484535894,0,45207,1,0,0,1,1,0,0,0,0,1,5,5,5,5,2,2,5,5,3,3,2,1,1,2,2,2,2,1,3,1,2,4,1,-1.253367743,0.434870761,0.332342219,1,0,1,0,3,0,0,0,1,0,2,0,2,1,0,1,1,0,1,0,1,0,0,0,1,1,1,0,0,1,3,0,1,0,2,0,0,1,3,1,0,0,1,1,0,0,1,0,0,0,1,4
3332,42,4,0.799096431,0,29061,0,1,0,2,0,1,0,0,0,2,4,2,4,5,1,1,1,5,5,3,2,2,2,4,2,2,2,2,3,3,2,3,1,0.646494499,-0.847442942,1.010235831,0,0,0,1,4,0,0,1,0,0,2,0,4,1,0,1,1,0,1,0,1,0,0,1,0,1,1,1,0,0,1,1,0,0,1,0,1,0,2,1,0,0,1,1,0,0,1,1,0,0,0,1
3336,29,4,0.004998184,0,89509,0,1,0,3,0,0,1,0,0,2,5,3,3,4,2,3,2,4,4,4,1,2,3,3,2,2,2,2,3,3,2,2,1,0.069056561,0.749225177,-0.595729752,1,0,0,1,4,1,1,1,0,0,2,0,4,0,0,0,0,1,2,0,0,0,0,1,0,1,1,0,1,0,2,0,1,0,2,1,0,0,1,1,0,0,1,1,0,0,1,0,1,0,0,2
3337,15,4,0.564829213,0,47331,0,1,0,3,0,0,1,0,0,2,3,2,5,2,1,1,1,4,5,1,2,2,2,4,2,2,2,2,3,1,1,1,1,0.614220666,-1.76281661,0.038688892,0,0,0,1,4,0,1,1,0,0,2,0,4,0,1,2,0,1,2,0,0,0,0,1,0,1,1,1,0,0,1,0,1,0,2,1,0,0,1,0,1,0,2,1,0,0,1,1,0,0,0,1
3340,51,4,0.841025717,0,54914,0,1,0,3,0,0,1,0,0,3,3,2,3,4,2,3,2,4,4,3,2,2,2,3,2,2,3,2,2,3,3,3,1,0.376329373,0.153006751,-1.031955198,0,0,0,1,4,0,0,1,0,0,2,0,4,0,1,2,1,0,1,0,0,0,0,0,0,1,1,0,1,0,2,0,1,0,2,1,0,0,1,0,1,0,2,1,0,0,1,0,1,0,0,2
3341,29,4,0.00807458,0,89408,0,0,1,2,0,1,0,0,0,2,5,3,4,5,2,2,2,4,4,5,1,1,3,3,2,2,2,2,2,4,2,4,1,0.778971312,0.005422198,-0.172119409,0,0,0,1,4,0,0,1,0,0,2,0,4,0,0,3,0,0,3,1,0,0,0,1,0,1,1,1,0,0,1,1,0,0,1,0,1,0,2,1,0,0,1,1,0,0,1,1,0,0,0,1
3343,36,4,0.347694444,0,43235,0,1,0,1,1,0,0,0,0,2,5,3,4,4,3,3,2,5,5,4,3,2,2,4,2,2,3,2,3,2,2,3,1,0.894169859,-0.22437974,-0.129947857,1,0,0,1,4,0,1,1,0,0,2,0,4,1,0,1,1,0,1,0,0,0,0,1,0,1,1,0,1,0,2,0,0,1,3,0,0,1,3,0,0,1,3,1,0,0,1,0,1,0,0,2
3344,42,4,1.009632996,0,29164,0,0,1,2,0,1,0,0,0,1,5,2,4,4,2,2,1,2,4,3,2,2,2,4,2,2,2,2,2,3,2,4,1,-0.105016481,-0.422852635,0.06391093,0,0,1,0,3,0,0,1,0,0,2,0,4,1,0,1,0,0,3,1,0,0,0,0,0,1,1,1,0,0,1,1,0,0,1,0,1,0,2,1,0,0,1,1,0,0,1,1,0,0,0,1
3347,33,4,0.124941412,0,14425,0,0,1,2,0,1,0,0,0,2,3,4,2,4,1,3,1,4,2,3,1,1,1,1,1,1,1,1,1,1,1,1,1,0.120866605,-0.189428069,-0.038416551,1,0,0,1,4,0,0,1,0,0,2,0,4,1,0,1,0,0,3,0,1,0,0,0,0,1,1,0,0,0,0,0,0,0,0,0,0,0,0,0,0,0,0,0,0,0,0,0,0,0,0,0
3350,14,2,0.419775085,0,62946,0,1,0,3,0,0,1,0,0,2,4,5,2,5,1,1,1,3,1,1,2,2,2,4,2,2,2,2,3,4,2,4,1,-0.961984002,-1.698456573,-0.409515677,1,1,0,0,2,1,1,1,0,0,2,0,4,1,0,1,1,0,1,0,0,0,0,0,0,1,1,1,0,0,1,1,0,0,1,0,1,0,2,1,0,0,1,1,0,0,1,1,0,0,0,1
3351,10,4,4.182739316,0,33875,0,1,0,4,0,0,0,1,0,3,4,2,3,4,2,3,1,5,5,4,2,2,2,4,2,2,2,2,2,4,2,4,1,-0.056735241,-1.67548069,1.32964789,1,0,1,0,3,0,0,1,0,0,1,1,1,1,0,1,0,0,3,0,0,0,0,1,0,1,1,1,0,0,1,1,0,0,1,1,0,0,1,1,0,0,1,1,0,0,1,1,0,0,0,1
3354,33,4,0.185188611,0,12477,0,1,0,4,0,0,0,1,0,4,5,5,2,5,3,3,3,4,4,2,2,2,2,4,2,2,2,2,3,2,2,2,0,-1.217012585,0.395299363,-0.725420636,1,0,0,1,4,0,0,1,0,0,2,0,4,1,0,1,0,0,3,1,1,0,0,1,0,0,0,1,0,0,1,1,0,0,1,0,1,0,2,0,0,1,3,1,0,0,1,1,0,0,0,1
3357,25,4,2.62796428,0,38622,0,0,1,2,0,1,0,0,0,3,3,3,3,5,1,1,1,3,4,3,2,2,2,4,2,2,2,2,3,4,2,4,1,0.307421406,-1.547126791,-0.064590125,1,0,1,1,4,0,0,0,1,0,2,0,2,1,0,1,1,0,1,0,1,0,0,0,1,1,1,0,0,0,0,0,0,0,0,0,0,0,0,0,0,0,0,0,0,0,0,0,0,0,0,0
3359,26,4,1.762107324,0,65706,0,1,0,3,0,0,1,0,0,2,5,4,4,4,4,4,2,5,5,5,3,3,3,4,2,2,3,1,2,3,3,3,1,0.452482532,0.248894333,0.288372331,1,0,0,1,4,0,0,1,0,0,2,0,4,1,0,1,1,0,1,0,0,0,0,1,0,1,1,1,0,0,1,1,0,0,1,0,1,0,2,0,1,0,2,1,0,0,1,1,0,0,0,1
3360,45,2,2.231595918,1,75104,0,1,0,2,0,1,0,0,0,2,5,3,1,5,1,1,1,5,5,5,1,1,3,1,2,2,1,1,3,1,2,1,1,1.279858973,1.185658219,0.719418138,1,0,1,0,3,0,1,0,1,0,2,0,2,0,0,3,0,0,3,1,0,0,1,0,0,1,1,0,1,0,2,1,0,0,1,0,0,1,3,0,1,0,2,1,0,0,1,0,1,0,0,2
3361,5,2,0.086771753,0,93309,1,0,0,5,0,0,0,0,1,4,5,5,5,5,2,3,2,3,4,3,3,2,3,3,2,1,2,1,2,3,4,2,1,-0.01922338,0.746888591,0.383939128,1,0,0,1,4,0,1,1,0,0,2,0,4,0,0,3,0,0,3,1,0,0,0,1,0,1,1,0,0,1,3,0,1,0,2,0,0,1,3,0,0,1,3,1,0,0,1,0,0,0,1,4
3362,39,4,0.466043268,0,18247,0,0,1,3,0,0,1,0,0,2,6,3,3,5,1,1,1,4,4,3,1,1,2,3,2,2,2,2,3,4,2,4,1,-0.448535711,0.630955496,-0.414329206,1,0,0,1,4,0,0,1,0,0,2,0,4,1,0,1,1,0,1,0,0,0,0,1,0,1,1,0,0,0,0,0,0,0,0,0,0,0,0,0,0,0,0,0,0,0,0,0,0,0,0,0
3363,48,2,0.448530068,0,20187,0,1,0,2,0,1,0,0,0,2,4,3,4,4,4,4,4,4,4,4,1,1,3,3,2,2,2,2,2,3,3,3,1,0.129480079,0.690446653,0.02746992,1,1,0,0,2,1,1,1,0,0,2,0,4,0,1,2,0,0,3,1,0,0,0,1,0,1,1,1,0,0,1,1,0,0,1,0,1,0,2,0,1,0,2,1,0,0,1,1,0,0,0,1
3366,5,3,0.000127387,0,95928,0,1,0,2,0,1,0,0,0,4,5,3,2,4,3,3,3,3,3,3,2,2,2,4,2,2,2,2,2,4,4,4,1,-0.585136051,-0.450268678,0.605411763,1,1,0,0,2,0,0,1,0,0,2,0,4,1,0,1,0,1,2,0,0,0,0,1,0,1,1,0,1,0,2,0,0,1,3,0,1,0,2,0,0,1,3,1,0,0,1,0,1,0,0,2
3369,16,2,0.183331122,0,51023,0,1,0,2,0,1,0,0,0,2,4,3,3,4,4,4,3,4,4,4,2,2,2,3,2,2,2,2,3,3,2,3,1,0.569832528,-0.62311336,-0.058912934,1,1,0,0,2,0,0,1,0,0,2,0,4,1,0,1,0,0,3,0,0,0,1,1,0,1,1,1,0,0,1,1,0,0,1,0,1,0,2,0,0,1,3,1,0,0,1,1,0,0,0,1
3370,3,2,1.095828683,0,86326,0,1,0,4,0,0,0,1,0,2,5,5,1,1,3,5,5,5,5,5,1,3,3,2,3,1,1,1,3,4,4,4,1,1.382593656,0.581795314,0.237952643,1,0,1,0,3,0,0,1,0,0,2,0,4,0,0,3,0,1,2,0,1,0,1,1,0,1,1,1,0,0,1,1,0,0,1,1,0,0,1,0,1,0,2,1,0,0,1,0,0,1,0,3
3371,18,4,1.420845533,0,40004,0,1,0,2,0,1,0,0,0,3,4,3,4,4,2,4,2,4,4,3,2,2,2,3,2,2,2,2,2,3,3,3,1,-0.662373952,0.064300594,-1.00265517,1,1,0,0,2,0,0,1,0,0,2,0,4,0,1,2,0,0,3,1,0,0,0,1,0,1,1,1,0,0,1,0,1,0,2,0,1,0,2,0,0,1,3,1,0,0,1,1,0,0,0,1
3372,11,4,0.85181815,0,30633,0,0,1,2,0,1,0,0,0,2,2,3,4,4,2,4,2,4,4,4,1,1,1,1,2,1,1,1,3,2,2,2,1,0.090889772,0.924951823,0.043482045,1,0,0,1,4,0,0,1,0,0,2,0,4,0,1,2,0,0,3,1,1,0,0,1,0,1,1,1,0,0,1,1,0,0,1,1,0,0,1,1,0,0,1,1,0,0,1,1,0,0,0,1
3375,45,4,0.662789304,0,76207,0,1,0,3,0,0,1,0,0,3,5,3,2,5,2,2,1,3,5,5,2,1,3,2,2,2,1,2,3,3,2,4,1,1.563118185,-0.814179821,-0.871930432,1,0,0,1,4,1,1,1,0,0,2,0,4,0,1,2,1,0,1,0,0,0,0,0,0,1,1,1,0,0,1,1,0,0,1,0,0,1,3,0,1,0,2,1,0,0,1,0,1,0,0,2
3376,45,4,0.894347475,1,78741,1,0,0,3,0,0,1,0,0,2,3,1,5,4,2,4,3,5,4,1,2,2,2,1,1,2,2,2,2,3,3,3,1,-0.962112979,-0.401435851,0.801929693,1,1,0,0,2,0,0,1,0,0,2,0,4,0,1,2,0,0,3,1,0,0,0,0,0,1,1,0,0,1,3,0,0,1,3,0,0,1,3,0,1,0,2,1,0,0,1,0,0,1,0,3
3378,20,4,0.592481467,0,4039,0,1,0,1,1,0,0,0,0,2,1,0,5,3,2,4,4,3,4,4,2,1,2,2,2,2,2,2,1,2,2,2,0,-0.829952908,1.027227286,1.208942623,1,0,0,1,4,0,0,1,0,0,2,0,4,1,0,1,0,1,2,0,1,0,0,1,0,0,0,1,0,0,1,1,0,0,1,0,1,0,2,0,0,1,3,1,0,0,1,1,0,0,0,1
3380,44,4,0.399885481,0,38118,0,1,0,4,0,0,0,1,0,2,5,4,4,5,1,1,1,5,5,3,2,1,2,1,1,2,1,3,3,1,2,4,1,1.138810478,-1.133819069,0.586899788,0,0,0,1,4,1,1,0,1,0,2,0,2,1,0,1,1,0,1,0,0,0,0,0,0,1,1,0,1,0,2,0,1,0,2,0,1,0,2,0,1,0,2,1,0,0,1,0,0,1,0,3
3381,36,4,0.28337859,0,44241,0,1,0,2,0,1,0,0,0,3,5,4,2,5,1,1,1,1,5,1,2,2,2,4,2,2,1,2,2,4,2,4,1,-0.451044121,-1.212487594,0.848318233,1,0,0,1,4,1,1,1,0,0,2,0,4,0,1,2,0,1,2,0,1,0,0,1,0,1,1,1,0,0,1,1,0,0,1,0,0,1,3,0,0,1,3,1,0,0,1,1,0,0,0,1
3383,15,4,0.713806145,0,46304,0,1,0,3,0,0,1,0,0,2,5,4,4,5,2,2,1,4,4,4,2,1,2,1,1,1,2,2,3,3,3,3,1,1.363337222,-0.206916179,0.378612177,1,0,0,1,4,0,0,1,0,0,2,0,4,1,0,1,1,0,1,0,1,0,0,0,0,1,1,0,1,0,2,0,1,0,2,1,0,0,1,0,1,0,2,0,1,0,2,1,0,0,0,1
3384,10,4,1.924569287,0,33813,0,1,0,2,0,1,0,0,0,3,3,2,4,4,1,2,1,4,4,4,2,2,2,3,2,2,2,2,2,3,3,3,1,0.397013333,-0.498533834,-0.596247164,1,0,0,1,4,0,0,1,0,0,2,0,4,0,1,2,0,0,3,1,1,0,0,1,0,1,1,0,1,0,2,0,1,0,2,0,0,1,3,0,1,0,2,1,0,0,1,0,1,0,0,2
3385,15,4,0.210051634,0,47715,0,1,0,4,0,0,0,1,0,4,5,4,1,5,1,3,5,5,5,5,2,2,2,4,2,2,2,2,2,3,3,2,1,-1.836558873,0.669294756,0.940876917,1,1,0,0,2,0,0,1,0,0,2,0,4,1,0,1,0,0,3,1,1,0,0,0,0,1,1,0,1,0,2,0,1,0,2,0,0,1,3,0,1,0,2,1,0,0,1,0,1,0,0,2
3386,11,2,2.397282975,1,33030,0,1,0,2,0,1,0,0,0,3,1,4,1,5,1,3,5,5,3,3,3,1,3,1,3,3,1,1,2,2,2,3,1,-1.273978361,0.460259651,-1.425611751,0,1,0,0,2,1,1,0,0,0,1,1,1,0,0,3,0,0,3,1,0,0,0,0,0,1,1,1,0,0,1,1,0,0,1,1,0,0,1,0,0,1,3,1,0,0,1,1,0,0,0,1
3387,16,4,0.213272405,0,52404,0,1,0,4,0,0,0,1,0,2,5,5,3,5,3,3,1,3,4,2,1,2,2,3,2,2,2,2,3,3,2,3,1,1.078484782,0.053323374,0.844124046,1,1,0,0,2,0,0,1,0,0,2,0,4,1,0,1,0,0,3,0,0,0,0,0,0,1,1,0,1,0,2,0,1,0,2,0,0,1,3,0,0,1,3,1,0,0,1,0,0,0,1,4
3388,50,2,1.05998114,0,25064,0,1,0,4,0,0,0,1,0,4,4,3,3,5,1,3,1,4,5,5,2,2,2,4,3,2,2,2,3,2,2,2,1,0.289551238,0.835562088,0.277012742,1,1,0,0,2,0,0,1,0,0,2,0,4,0,1,2,0,0,3,1,0,0,1,0,0,1,1,0,1,0,2,0,0,1,3,0,1,0,2,0,0,1,3,1,0,0,1,0,1,0,0,2
3390,14,4,0.393021946,0,60626,1,0,0,2,0,1,0,0,0,1,4,2,4,3,3,2,1,4,4,4,2,2,2,4,2,2,2,2,2,4,4,4,0,-0.889680036,-0.103838329,-0.71662632,1,0,0,1,4,1,1,1,0,0,2,0,4,1,0,1,1,0,1,0,1,0,0,0,1,0,0,0,0,1,3,0,0,1,3,1,0,0,1,1,0,0,1,0,0,1,3,0,0,0,1,4
3391,25,4,0.40541924,0,39739,0,1,0,2,0,1,0,0,0,1,4,2,4,4,2,2,2,2,4,4,2,2,2,3,2,2,2,2,2,4,3,3,1,0.369001432,0.703254649,0.139976664,1,0,1,0,3,0,0,0,1,0,2,0,2,1,0,1,0,1,2,0,0,0,0,1,0,1,1,1,0,0,1,1,0,0,1,1,0,0,1,1,0,0,1,1,0,0,1,1,0,0,0,1
3392,25,4,0.229989213,0,39212,0,1,0,3,0,0,1,0,0,3,3,3,2,4,1,1,1,4,4,3,1,1,1,3,3,2,1,1,3,4,2,4,1,0.243546309,-0.244347319,-1.081859191,0,0,0,1,4,0,0,1,0,0,2,0,4,1,0,1,0,1,2,0,1,0,0,1,0,1,1,0,1,0,2,1,0,0,1,1,0,0,1,0,1,0,2,1,0,0,1,0,1,0,0,2
3394,32,4,0.063667897,0,87124,0,1,0,5,0,0,0,0,1,2,5,5,1,5,2,3,2,5,5,4,2,1,2,2,2,2,1,2,3,3,2,4,1,-1.229156774,0.888351486,0.896436093,1,0,0,1,4,0,1,1,0,0,2,0,4,0,1,2,1,0,1,0,0,0,0,1,0,1,1,0,1,0,2,1,0,0,1,1,0,0,1,1,0,0,1,1,0,0,1,0,1,0,0,2
3396,6,2,5.877489268,0,94124,1,0,0,2,0,1,0,0,0,2,3,2,2,3,2,1,2,3,1,2,3,2,3,2,2,2,3,3,3,2,3,3,0,-1.036614183,0.175237013,0.671375741,1,1,0,0,2,0,1,1,0,0,2,0,4,0,0,3,0,0,3,1,1,0,0,0,0,0,0,0,0,1,3,0,0,1,3,0,1,0,2,0,0,1,3,0,0,1,3,0,0,0,1,4
3397,36,2,1.481512943,0,45044,0,1,0,3,0,0,1,0,0,3,5,3,2,5,1,4,1,4,5,3,2,3,2,2,2,2,2,2,3,3,2,3,1,0.592139638,-0.950938369,-0.599757441,1,0,1,0,3,0,0,1,0,0,2,0,4,0,1,2,0,0,3,1,0,0,1,1,0,1,1,0,1,0,2,0,1,0,2,0,0,1,3,0,1,0,2,1,0,0,1,0,0,1,0,3
3400,42,4,1.301732627,0,29607,0,1,0,3,0,0,1,0,0,2,3,4,5,5,3,3,3,3,4,3,2,2,3,2,2,2,1,2,3,3,2,3,1,-1.302894388,0.65885885,-0.559428346,0,1,0,0,2,0,0,1,0,0,2,0,4,1,0,1,0,0,3,0,1,0,0,1,0,1,1,1,0,0,1,0,0,1,3,0,0,1,3,0,0,1,3,1,0,0,1,0,0,1,0,3
3402,15,4,0.506741145,0,46140,0,1,0,3,0,0,1,0,0,1,5,3,5,5,1,4,1,5,5,1,2,2,2,2,3,2,2,2,2,2,2,2,1,1.132504886,-0.686381272,-0.59202882,1,0,1,1,4,0,0,1,0,0,2,0,4,1,0,1,0,1,2,0,0,0,0,0,0,1,1,1,0,0,1,0,1,0,2,1,0,0,1,1,0,0,1,1,0,0,1,1,0,0,0,1
3403,21,4,0.715178828,0,21742,0,1,0,1,1,0,0,0,0,1,4,1,3,5,3,3,3,5,5,5,2,2,2,4,2,2,2,2,2,3,3,3,1,1.015325158,-1.095603823,0.473074735,1,0,0,1,4,0,0,1,0,0,2,0,4,0,1,2,0,0,3,0,0,0,0,1,0,1,1,1,0,0,1,0,1,0,2,1,0,0,1,0,0,1,3,1,0,0,1,1,0,0,0,1
3408,22,2,0.891510201,0,1462,0,1,0,1,1,0,0,0,0,1,4,3,5,1,1,1,1,1,1,1,2,2,2,3,2,2,2,2,2,3,3,3,1,-2.179682062,0.048977294,-0.396360877,1,1,0,0,2,1,1,1,0,0,2,0,4,0,0,3,0,1,2,0,0,0,0,1,0,1,1,1,0,0,1,1,0,0,1,1,0,0,1,0,1,0,2,1,0,0,1,1,0,0,0,1
3410,37,2,8.11712311,0,74834,0,1,0,2,0,1,0,0,0,1,6,2,4,4,1,1,1,3,4,4,2,2,2,3,2,2,2,2,2,4,3,3,1,0.983879843,-0.065302542,-0.091359644,1,0,1,0,3,1,1,1,0,0,2,0,4,0,0,3,0,0,3,0,0,0,0,1,0,1,1,1,0,0,1,1,0,0,1,1,0,0,1,0,1,0,2,1,0,0,1,1,0,0,0,1
3412,51,4,0.614083362,0,53581,0,1,0,1,1,0,0,0,0,1,5,1,3,5,1,1,1,3,3,3,2,2,2,4,2,2,2,2,3,4,3,4,1,-0.023031534,-0.677364412,-0.831063417,1,0,0,1,4,0,0,1,0,0,2,0,4,1,0,1,1,0,1,0,0,0,0,1,0,1,1,1,0,0,1,1,0,0,1,1,0,0,1,0,0,1,3,1,0,0,1,1,0,0,0,1
3413,32,4,8.98E-07,0,87032,0,0,1,2,0,1,0,0,0,3,5,4,4,5,3,3,3,5,5,4,2,2,2,3,2,2,2,1,2,1,3,3,1,0.712647565,0.202755682,-0.573841585,1,0,0,1,4,0,0,1,0,0,2,0,4,1,0,1,1,0,1,0,0,0,0,0,0,1,1,0,0,0,0,0,0,0,0,0,0,0,0,0,0,0,0,0,0,0,0,0,0,0,0,0
3414,29,4,0.001065112,0,89403,0,1,0,1,1,0,0,0,0,1,5,2,5,3,1,1,1,1,3,1,2,2,2,4,2,2,2,2,2,4,2,3,1,0.634337044,-0.874729392,-0.618295793,1,0,1,0,3,0,0,1,0,0,2,0,4,1,0,1,1,0,1,0,0,0,0,1,0,1,1,1,0,0,1,1,0,0,1,1,0,0,1,1,0,0,1,1,0,0,1,1,0,0,0,1
3416,45,4,0.290929607,0,78418,0,1,0,3,0,0,1,0,0,4,5,4,2,5,2,4,3,5,5,4,3,2,2,4,2,2,2,2,3,2,2,2,1,0.889938747,-1.330922758,-1.968813787,0,0,0,1,4,0,0,1,0,0,2,0,4,1,0,1,1,0,1,0,1,0,0,0,1,1,1,1,0,0,1,1,0,0,1,0,0,1,3,1,0,0,1,1,0,0,1,0,1,0,0,2
3417,37,2,2.851426924,0,74020,0,1,0,2,0,1,0,0,0,3,5,3,3,4,2,2,2,4,4,3,2,1,2,4,2,2,2,2,2,3,3,3,1,-0.38416596,-0.899053356,0.063772524,1,0,1,1,4,1,1,1,0,0,2,0,4,0,0,3,0,1,2,0,0,0,0,1,0,1,1,1,0,0,1,1,0,0,1,1,0,0,1,0,1,0,2,1,0,0,1,1,0,0,0,1
3421,39,4,1.84145776,0,19436,0,1,0,2,0,1,0,0,0,1,4,2,4,4,1,3,1,4,5,3,1,2,2,4,2,2,2,2,3,2,2,2,1,1.42422631,0.650944448,-0.035622833,0,0,0,1,4,0,1,1,0,0,2,0,4,0,0,3,0,1,2,0,0,0,0,0,0,1,1,1,0,0,1,1,0,0,1,1,0,0,1,0,0,1,3,0,0,1,3,0,1,0,0,2
3423,3,4,0.025443803,1,85201,1,0,0,2,0,1,0,0,0,2,4,3,4,4,3,4,3,3,4,4,1,2,2,3,2,1,1,1,2,3,3,3,1,0.419883503,0.092219148,1.085927308,1,0,0,1,4,0,1,1,0,0,2,0,4,0,1,2,1,0,1,0,0,0,0,0,0,1,1,0,0,1,3,0,0,1,3,0,1,0,2,0,0,1,3,0,0,1,3,0,0,0,1,4
3424,10,2,0.901555483,1,33134,1,0,0,3,0,0,1,0,0,2,5,3,4,5,1,1,2,4,3,3,1,2,2,2,1,2,2,1,3,1,3,1,1,-0.832409573,0.383898357,0.480137341,0,1,0,0,2,1,1,1,0,0,2,0,4,0,1,2,0,0,3,1,0,0,1,1,0,1,1,0,0,1,3,0,0,1,3,1,0,0,1,0,0,1,3,1,0,0,1,0,0,0,1,4
3425,10,2,3.260666632,1,33405,1,0,0,1,1,0,0,0,0,1,1,0,5,3,1,3,3,5,3,3,2,2,2,3,2,2,2,2,2,3,3,3,1,-0.063334041,-0.040369052,-0.110952292,0,0,0,1,4,0,1,1,0,0,2,0,4,0,0,3,0,1,2,0,0,0,0,0,0,1,1,0,0,1,3,0,0,1,3,0,0,1,3,0,0,1,3,1,0,0,1,0,0,0,1,4
3427,22,4,0.628468375,0,2043,0,1,0,1,1,0,0,0,0,2,4,3,2,5,2,2,2,4,5,3,1,1,1,4,2,2,1,2,3,3,3,3,1,1.076621571,-0.379588535,0.844868014,1,0,0,1,4,0,0,1,0,0,2,0,4,0,1,2,1,0,1,0,0,0,0,0,0,1,1,0,1,0,2,0,1,0,2,1,0,0,1,0,1,0,2,0,0,1,3,0,0,1,0,3
3431,36,1,0.499263161,0,45245,0,1,0,3,0,0,1,0,0,3,4,4,4,5,3,4,1,4,4,2,1,1,3,2,3,1,3,1,3,1,2,2,1,-0.125218214,0.457280246,0.848687423,1,1,0,0,2,1,1,0,1,0,1,1,1,0,1,2,0,0,3,1,0,0,1,1,0,1,1,0,1,0,2,0,1,0,2,0,0,1,3,0,1,0,2,1,0,0,1,1,0,0,0,1
3432,15,4,0.117710862,0,46818,0,1,0,2,0,1,0,0,0,3,2,2,2,5,3,3,2,5,5,5,3,2,2,3,2,2,3,2,3,1,2,2,1,0.988732036,0.504683975,-0.210668537,0,0,0,1,4,0,0,1,0,0,2,0,4,1,0,1,0,0,3,0,0,0,0,1,0,1,1,1,0,0,1,1,0,0,1,0,0,1,3,0,1,0,2,1,0,0,1,1,0,0,0,1
3436,15,4,0.908278818,0,47460,0,1,0,3,0,0,1,0,0,2,6,3,3,4,3,2,2,4,4,3,2,2,2,3,2,2,2,2,2,4,3,3,1,-0.045460064,0.093595359,-0.008012525,1,0,0,1,4,0,0,1,0,0,2,0,4,0,1,2,0,1,2,0,0,0,0,1,0,1,1,1,0,0,1,0,1,0,2,1,0,0,1,0,1,0,2,1,0,0,1,1,0,0,0,1
3437,39,4,0.58155847,0,17601,0,1,0,1,1,0,0,0,0,1,5,0,5,3,1,1,1,3,1,1,2,2,2,4,2,2,2,2,2,4,4,4,1,-1.97328399,-1.070066,-2.916172282,0,0,0,1,4,0,0,1,0,0,2,0,4,1,0,1,1,0,1,0,1,0,0,0,0,1,1,1,0,0,1,0,0,1,3,0,0,1,3,0,0,1,3,0,1,0,2,1,0,0,0,1
3438,10,4,2.248517764,0,34689,0,1,0,3,0,0,1,0,0,3,4,4,3,4,4,3,4,4,4,4,2,1,3,2,3,1,2,1,3,3,3,3,1,0.334293501,-0.029648062,0.113065502,0,0,0,1,4,1,1,1,0,0,2,0,4,0,0,3,0,1,2,0,0,0,0,0,0,1,1,1,0,0,1,0,1,0,2,0,1,0,2,0,0,1,3,1,0,0,1,0,0,1,0,3
3439,14,4,0.685934255,0,60605,1,0,0,2,0,1,0,0,0,2,2,1,4,3,1,1,1,5,5,5,1,2,2,4,2,2,1,1,3,4,2,2,1,0.291427303,0.826478968,-0.440526918,0,0,0,1,4,1,1,1,0,0,2,0,4,0,1,2,0,1,2,0,0,0,0,0,0,1,1,0,0,1,3,0,0,1,3,0,0,1,3,0,0,1,3,0,0,1,3,0,0,0,1,4
3440,39,4,0.28796506,0,17020,0,1,0,3,0,0,1,0,0,3,3,3,3,3,3,3,3,3,3,3,1,3,2,4,2,3,1,3,2,4,3,2,1,-1.181063964,0.298496158,-0.847885672,0,1,0,0,2,0,0,1,0,0,2,0,4,1,0,1,0,1,2,0,0,0,0,1,0,1,1,1,0,0,1,1,0,0,1,0,1,0,2,1,0,0,1,1,0,0,1,1,0,0,0,1
3445,22,2,0.8102024,0,1569,0,1,0,1,1,0,0,0,0,1,3,3,3,2,3,3,4,4,4,3,2,1,1,1,3,1,2,1,3,1,2,3,1,-0.272290669,0.492566029,-0.253974519,0,0,1,0,3,0,1,1,0,0,2,0,4,0,0,3,0,0,3,0,0,0,0,1,0,1,1,1,0,0,1,1,0,0,1,0,1,0,2,0,0,1,3,1,0,0,1,1,0,0,0,1
3449,39,4,0.313147541,0,19043,1,0,0,2,0,1,0,0,0,2,5,2,2,4,1,1,1,1,5,2,3,2,2,2,3,1,2,2,3,2,1,2,1,0.673208948,-1.077636918,-1.073503191,1,0,0,1,4,0,0,1,0,0,2,0,4,1,0,1,1,0,1,0,0,0,0,0,0,1,1,0,0,1,3,0,0,1,3,1,0,0,1,0,0,1,3,0,0,1,3,0,0,0,1,4
3450,10,4,0.950756779,0,34108,0,1,0,2,0,1,0,0,0,2,4,3,4,4,1,1,1,4,4,4,2,2,2,4,2,2,2,2,2,4,3,3,1,0.244026804,0.03769152,0.133246716,1,0,0,1,4,0,0,1,0,0,2,0,4,0,1,2,0,1,2,0,0,0,0,1,0,1,1,0,1,0,2,0,0,1,3,0,0,1,3,1,0,0,1,1,0,0,1,1,0,0,0,1
3453,26,4,0.5689055,0,63366,0,1,0,1,1,0,0,0,0,1,5,3,5,3,1,1,1,1,4,1,2,2,2,3,2,2,2,2,2,4,3,3,1,1.024619206,0.656987507,0.354637139,0,0,0,1,4,0,1,1,0,0,2,0,4,0,1,2,1,0,1,0,0,0,0,1,0,1,1,0,1,0,2,0,1,0,2,0,0,1,3,0,0,1,3,1,0,0,1,1,0,0,0,1
3455,10,4,2.643258162,0,34135,0,1,0,1,1,0,0,0,0,1,4,1,4,3,3,4,2,5,4,4,3,2,2,2,2,2,2,2,2,3,2,3,1,0.355620811,-0.697071754,0.736627383,0,0,0,1,4,0,0,1,0,0,2,0,4,0,0,3,0,1,2,0,1,0,0,1,0,1,1,1,0,0,1,1,0,0,1,1,0,0,1,1,0,0,1,1,0,0,1,1,0,0,0,1
3456,44,4,0.617968318,0,37355,0,1,0,2,0,1,0,0,0,2,5,3,5,3,1,1,1,5,3,1,2,2,2,4,2,2,2,2,2,4,3,4,1,-0.917307767,-0.822786752,-1.866382985,1,0,1,0,3,0,0,1,0,0,2,0,4,1,0,1,0,0,3,0,0,0,0,1,0,1,1,1,0,0,1,1,0,0,1,0,1,0,2,1,0,0,1,1,0,0,1,1,0,0,0,1
3459,31,4,2.303587556,0,8016,0,1,0,2,0,1,0,0,0,2,5,3,4,4,2,2,3,3,5,3,2,2,2,3,2,2,2,2,3,3,3,3,1,0.900998959,-0.690824796,0.372386758,0,0,1,0,3,0,1,1,0,0,2,0,4,0,0,3,1,0,1,0,0,0,0,1,0,1,1,0,1,0,2,0,1,0,2,0,1,0,2,0,0,1,3,0,0,1,3,0,0,1,0,3
3462,45,4,0.571488679,1,75093,0,1,0,2,0,1,0,0,0,3,5,4,4,2,1,4,2,4,3,3,3,2,2,2,3,1,2,2,1,3,3,4,1,-0.116236235,-0.291514824,-1.321783876,1,0,0,0,1,0,0,1,0,0,2,0,4,0,1,2,0,0,3,1,0,0,0,0,0,1,1,0,1,0,2,0,0,1,3,0,0,1,3,0,1,0,2,1,0,0,1,0,0,0,1,4
3467,21,4,0.390879663,0,21085,0,1,0,3,0,0,1,0,0,3,4,2,3,4,4,3,2,5,4,4,1,1,2,2,2,2,3,2,3,2,2,2,1,1.346783702,-0.039552331,-0.303570627,0,0,1,0,3,1,1,1,0,0,2,0,4,1,0,1,1,0,1,0,0,0,0,0,0,1,1,1,0,0,1,1,0,0,1,0,1,0,2,0,0,1,3,0,1,0,2,1,0,0,0,1
3469,51,2,5.903917294,0,54849,0,0,1,3,0,0,1,0,0,3,4,4,2,5,2,2,2,4,4,4,3,1,1,2,3,1,1,1,3,3,2,2,1,0.265813577,1.222811147,0.852015627,0,0,1,0,3,0,0,1,0,0,2,0,4,0,1,2,0,1,2,0,1,0,0,1,0,1,1,0,0,0,0,0,0,0,0,0,0,0,0,0,0,0,0,0,0,0,0,0,0,0,0,0
3470,14,4,9.10768612,0,61607,0,1,0,2,0,1,0,0,0,2,5,3,5,2,1,1,1,1,3,1,2,2,2,4,2,2,2,2,2,3,3,3,1,0.177204568,-0.017793827,0.140772488,0,0,0,1,4,0,0,1,0,0,2,0,4,1,0,1,0,1,2,0,0,0,0,1,0,1,1,1,0,0,1,1,0,0,1,0,1,0,2,0,0,1,3,1,0,0,1,1,0,0,0,1
3474,38,4,0.092514032,0,97034,0,1,0,3,0,0,1,0,0,2,5,3,4,5,2,2,2,3,3,2,2,2,2,4,2,2,2,2,2,4,3,4,1,-0.316984308,-0.025480095,-0.946364137,1,0,0,1,4,0,1,1,0,0,2,0,4,0,0,3,0,1,2,0,1,0,0,1,0,1,1,0,1,0,2,0,1,0,2,1,0,0,1,0,0,1,3,1,0,0,1,0,0,1,0,3
3475,23,2,0.040144121,0,48047,0,1,0,2,0,1,0,0,0,2,6,4,2,4,3,2,1,4,4,4,2,1,2,3,2,2,2,2,1,4,2,2,1,0.39086952,0.428064319,0.33365937,1,0,0,1,4,0,0,1,0,0,2,0,4,1,0,1,1,0,1,0,0,0,1,0,1,1,1,0,1,0,2,1,0,0,1,0,1,0,2,0,1,0,2,1,0,0,1,1,0,0,0,1
3476,39,2,8.418661706,0,18104,0,1,0,3,0,0,1,0,0,3,4,4,4,4,3,3,3,4,4,4,2,2,2,3,2,2,2,2,2,4,3,3,1,-0.237463257,0.352901938,0.462855424,1,0,1,0,3,0,1,1,0,0,2,0,4,0,0,3,1,0,1,0,0,0,0,0,0,1,1,0,1,0,2,0,0,1,3,0,0,1,3,0,1,0,2,1,0,0,1,0,0,0,1,4
3477,26,4,3.90616769,0,64082,0,1,0,1,1,0,0,0,0,1,2,1,4,4,2,2,2,2,4,4,2,2,2,4,2,2,2,2,2,4,3,3,1,0.05666145,0.458075907,0.380613519,0,0,0,1,4,0,1,1,0,0,2,0,4,0,0,3,0,1,2,0,0,0,0,1,0,1,1,1,0,0,1,1,0,0,1,0,0,1,3,1,0,0,1,1,0,0,1,1,0,0,0,1
3478,15,2,2.605649675,0,46214,0,1,0,1,1,0,0,0,0,1,4,2,5,2,1,1,4,1,4,1,2,2,2,2,2,2,2,2,2,4,2,3,1,0.232823553,0.739306656,0.156225764,1,0,1,0,3,0,0,1,0,0,2,0,4,1,0,1,1,0,1,0,0,0,1,1,0,1,1,0,1,0,2,0,1,0,2,0,0,1,3,0,0,1,3,1,0,0,1,0,0,1,0,3
3483,10,2,3.080261522,1,33322,1,0,0,3,0,0,1,0,0,2,5,4,4,2,4,4,4,4,5,5,1,1,1,1,2,2,2,2,2,3,2,2,1,-0.099616574,0.144881749,-0.356365422,1,0,0,1,4,0,0,1,0,0,2,0,4,0,0,3,0,1,2,0,0,0,0,1,0,1,1,0,0,1,3,0,1,0,2,0,0,1,3,0,0,1,3,1,0,0,1,0,0,1,0,3
3485,19,4,0.692523582,0,70433,0,1,0,1,1,0,0,0,0,1,3,3,5,5,3,5,3,5,5,3,2,2,2,3,2,2,2,2,2,3,3,3,1,1.261721344,-0.025271,1.002983055,1,0,0,1,4,0,0,1,0,0,2,0,4,0,1,2,0,0,3,1,0,0,0,1,0,1,1,1,0,0,1,0,0,1,3,0,1,0,2,0,1,0,2,1,0,0,1,0,1,0,0,2
3486,36,2,1.04052727,0,43615,0,1,0,3,0,0,1,0,0,3,5,3,4,4,2,2,2,2,2,2,1,1,1,1,1,2,2,2,1,1,3,1,1,-2.621574307,-0.827296321,-1.967966762,0,0,1,0,3,1,1,1,0,0,2,0,4,0,1,2,0,1,2,0,0,0,1,1,0,1,1,1,0,0,1,1,0,0,1,0,1,0,2,0,0,1,3,1,0,0,1,0,0,1,0,3
3487,48,4,0.182689371,0,23325,0,1,0,3,0,0,1,0,0,3,4,3,4,5,2,3,2,3,4,3,2,2,2,1,2,2,2,2,2,3,2,3,1,1.570625412,-0.978465315,-1.273539164,1,0,1,1,4,0,0,1,0,0,2,0,4,1,0,1,0,0,3,1,1,0,0,0,0,1,1,0,1,0,2,1,0,0,1,0,0,1,3,1,0,0,1,0,1,0,2,0,0,1,0,3
3488,39,2,4.367753835,0,15625,0,0,1,2,0,1,0,0,0,3,5,3,5,5,1,5,5,5,5,4,2,3,3,2,3,2,3,2,3,2,2,2,1,1.101309889,1.805045212,0.546539154,1,0,0,1,4,0,0,1,0,0,2,0,4,0,0,3,0,1,2,0,0,0,1,1,0,1,1,0,0,0,0,0,0,0,0,0,0,0,0,0,0,0,0,0,0,0,0,0,0,0,0,0
3490,33,4,0.12481433,0,14626,0,1,0,3,0,0,1,0,0,2,4,4,5,4,3,3,1,2,4,4,1,2,1,1,1,2,1,1,2,1,3,3,1,1.217881457,1.800191397,0.462956337,1,0,0,1,4,1,1,1,0,0,2,0,4,1,0,1,1,0,1,0,1,0,0,1,0,1,1,0,1,0,2,0,1,0,2,0,1,0,2,0,0,1,3,1,0,0,1,0,0,1,0,3
3492,33,2,1.138939399,0,11204,1,0,0,1,1,0,0,0,0,1,5,1,5,5,5,5,5,5,5,5,1,1,1,1,1,1,1,1,1,1,1,1,1,0.355540531,-0.286713491,-1.396923018,1,0,1,0,3,0,0,1,0,0,2,0,4,1,0,1,0,0,3,1,0,0,1,0,0,1,1,0,0,1,3,0,0,1,3,1,0,0,1,0,0,1,3,0,0,1,3,0,0,0,1,4
3494,48,4,3.770085783,0,22405,0,1,0,2,0,1,0,0,0,1,5,3,5,5,1,1,1,4,5,3,2,2,3,2,3,2,2,2,2,4,2,2,1,0.837177674,-0.703552258,-0.268330259,1,1,0,0,2,1,1,1,0,0,2,0,4,0,0,3,0,0,3,1,1,0,0,1,0,1,1,1,0,0,1,1,0,0,1,0,1,0,2,0,1,0,2,0,1,0,2,1,0,0,0,1
3496,17,2,3.135044095,0,66441,0,1,0,3,0,0,1,0,0,3,5,3,4,5,1,1,1,4,4,4,1,1,1,1,2,2,1,2,1,4,2,4,1,-0.020006515,0.423512988,1.006696739,1,1,0,0,2,0,0,1,0,0,1,1,1,0,1,2,0,0,3,1,0,0,0,1,0,1,1,1,0,0,1,0,1,0,2,0,1,0,2,1,0,0,1,1,0,0,1,1,0,0,0,1
3499,33,4,0.329647704,0,12020,0,1,0,3,0,0,1,0,0,1,5,2,5,5,1,1,1,4,3,3,2,2,2,4,2,2,2,2,2,4,3,4,1,1.401190903,-0.278730568,0.262392665,0,0,0,1,4,0,0,1,0,0,2,0,4,1,0,1,0,1,2,0,1,0,0,0,0,1,1,1,0,0,1,0,1,0,2,1,0,0,1,0,0,1,3,1,0,0,1,0,1,0,0,2
3500,33,2,0.604756641,0,12144,0,1,0,3,0,0,1,0,0,3,4,3,4,3,1,1,1,5,5,4,2,2,2,2,2,2,2,2,2,3,2,3,1,1.368956279,0.482266298,-0.462320857,1,1,0,0,2,0,1,1,0,0,2,0,4,0,0,0,0,1,2,0,0,0,1,1,0,1,1,1,0,0,1,0,1,0,2,0,1,0,2,0,0,1,3,0,0,1,3,0,0,1,0,3
3502,36,4,1.175605282,0,43081,0,1,0,2,0,1,0,0,0,2,4,3,1,5,1,1,1,5,5,2,2,2,2,2,2,2,1,2,3,4,2,4,1,0.934935899,-0.648082544,-0.126802675,1,0,0,1,4,0,0,1,0,0,2,0,4,1,0,1,1,0,1,0,0,0,0,0,0,1,1,0,1,0,2,0,0,1,3,0,0,1,3,0,1,0,2,1,0,0,1,0,1,0,0,2
3504,10,2,6.587433686,1,33401,1,0,0,2,0,1,0,0,0,1,5,2,4,4,1,1,1,4,5,4,1,3,3,2,2,3,3,2,3,3,3,4,1,0.336522552,0.302908153,0.039162309,0,0,0,1,4,0,1,1,0,0,2,0,4,0,0,3,0,1,2,0,0,0,1,0,0,1,1,0,0,1,3,0,0,1,3,0,0,1,3,0,1,0,2,0,0,1,3,0,0,0,1,4
3505,48,4,1.650054675,0,23321,0,1,0,2,0,1,0,0,0,2,4,2,4,3,1,1,1,3,3,3,2,2,2,3,2,2,3,2,3,3,1,2,1,-0.149083412,0.169142215,0.218154489,0,0,0,1,4,0,0,1,0,0,2,0,4,0,1,2,0,1,2,0,0,0,0,1,0,1,1,0,1,0,2,0,1,0,2,0,0,1,3,0,1,0,2,1,0,0,1,0,1,0,0,2
3507,44,2,5.119769491,0,37692,0,1,0,2,0,1,0,0,0,2,4,1,5,2,1,1,1,1,1,1,2,2,2,1,2,2,2,2,2,4,3,4,1,0.458587174,-1.526929815,-0.29094377,1,0,1,0,3,0,1,1,0,0,2,0,4,0,0,3,0,1,2,0,0,0,1,1,0,1,1,1,0,0,1,1,0,0,1,0,1,0,2,0,1,0,2,1,0,0,1,1,0,0,0,1
3510,23,4,0.375646668,0,48335,0,1,0,4,0,0,0,1,0,2,5,1,2,5,1,1,1,2,3,1,2,2,2,4,2,2,2,2,3,3,2,4,1,0.863181038,-1.396719952,1.429265513,0,0,0,1,4,1,1,1,0,0,2,0,4,0,1,2,0,1,2,0,0,0,0,1,0,1,1,0,1,0,2,0,1,0,2,0,0,1,3,0,1,0,2,1,0,0,1,1,0,0,0,1
3518,51,4,0.826535989,0,53012,0,1,0,1,1,0,0,0,0,2,1,1,4,5,2,2,1,3,5,3,3,1,2,2,2,2,1,2,3,4,2,3,1,0.264522711,-0.204065155,1.107268313,0,0,0,1,4,0,0,1,0,0,2,0,4,0,1,2,0,1,2,0,0,0,0,1,0,1,1,1,0,0,1,0,1,0,2,1,0,0,1,0,0,1,3,1,0,0,1,0,1,0,0,2
3520,23,4,0.997577696,0,48044,0,1,0,2,0,1,0,0,0,3,4,3,4,4,2,2,2,4,4,3,3,2,2,4,2,2,3,2,3,3,2,3,1,-1.106677299,-0.250775655,-0.40108144,0,0,0,1,4,0,0,1,0,0,2,0,4,0,1,2,0,1,2,0,1,0,0,1,0,1,1,0,0,1,3,1,0,0,1,0,1,0,2,0,1,0,2,1,0,0,1,1,0,0,0,1
3523,45,2,5.730279397,1,76109,0,1,0,1,1,0,0,0,0,1,5,1,5,4,1,1,4,3,4,4,2,2,2,2,2,2,2,2,3,3,3,3,1,0.334795351,0.048561631,-0.042216809,0,0,0,1,4,0,1,1,0,0,2,0,4,0,0,3,0,1,2,0,0,0,1,1,0,1,1,0,1,0,2,0,0,1,3,0,0,1,3,1,0,0,1,1,0,0,1,0,0,1,0,3
3529,51,4,2.863634464,0,53225,1,0,0,1,1,0,0,0,0,1,5,3,5,5,2,2,5,3,3,3,2,2,2,3,2,2,2,2,2,3,3,3,1,0.174520487,0.930539067,-0.129746693,1,0,0,1,4,0,0,1,0,0,2,0,4,0,0,3,0,0,3,0,0,0,0,1,0,1,1,0,0,1,3,0,0,1,3,0,0,1,3,0,1,0,2,1,0,0,1,0,0,1,0,3
3531,45,4,0.369566516,1,75219,1,0,0,3,0,0,1,0,0,3,5,4,1,5,4,4,3,4,5,5,1,1,3,2,2,2,2,3,3,2,2,2,1,0.916463585,-0.196100221,-0.357868225,0,0,0,1,4,0,1,1,0,0,2,0,4,1,0,1,1,0,1,0,1,0,0,0,0,1,1,0,0,1,3,0,0,1,3,0,1,0,2,0,0,1,3,0,0,1,3,0,0,0,1,4
3532,15,2,0.650455447,0,47803,0,1,0,3,0,0,1,0,0,3,5,3,4,4,1,4,1,1,3,3,2,3,2,4,2,2,2,2,3,2,2,3,1,0.566203423,-0.447641242,-0.140608528,1,0,0,1,4,1,1,1,0,0,2,0,4,1,0,1,1,0,1,0,1,0,1,0,0,1,1,0,1,0,2,0,1,0,2,1,0,0,1,1,0,0,1,1,0,0,1,0,0,1,0,3
3535,39,4,0.370289739,0,19565,0,0,1,2,0,1,0,0,0,2,4,3,4,4,1,2,1,1,3,3,2,2,2,3,2,2,2,2,2,3,3,3,1,-0.132318106,-0.413682787,0.332832219,0,0,0,1,4,0,1,1,0,0,2,0,4,0,1,2,0,1,2,0,0,0,0,1,0,1,1,1,0,0,1,1,0,0,1,1,0,0,1,0,0,1,3,1,0,0,1,1,0,0,0,1
3544,33,2,0.087753914,0,14414,0,1,0,3,0,0,1,0,0,2,5,5,2,4,1,2,1,4,4,3,2,2,2,4,2,2,2,2,2,3,2,3,1,0.041551007,0.786530141,0.928688801,0,1,0,0,2,0,1,1,0,0,2,0,4,1,0,1,0,0,3,0,0,0,1,1,0,1,1,1,0,0,1,0,1,0,2,1,0,0,1,0,0,1,3,1,0,0,1,0,0,1,0,3
3545,51,4,0.529957645,0,54656,0,1,0,2,0,1,0,0,0,3,4,3,4,2,2,3,3,4,4,3,3,2,2,2,2,2,3,2,2,2,2,3,0,0.149186349,-0.723074945,-0.369893229,1,0,0,1,4,0,0,1,0,0,2,0,4,1,0,1,1,0,1,0,0,0,0,1,0,0,0,1,0,0,1,0,1,0,2,0,1,0,2,0,1,0,2,1,0,0,1,1,0,0,0,1
3546,33,2,1.509522182,0,11206,1,0,0,2,0,1,0,0,0,2,5,3,4,5,3,3,3,4,5,3,1,1,3,2,2,2,3,1,3,3,2,3,1,0.611921736,0.018820269,0.027405691,1,1,0,0,2,0,1,0,1,0,2,0,2,0,0,3,0,1,2,0,0,0,1,0,1,1,1,0,0,1,3,0,0,1,3,1,0,0,1,0,1,0,2,0,0,1,3,0,0,0,1,4
3547,26,4,0.314135741,0,65203,0,1,0,3,0,0,1,0,0,3,4,3,2,4,1,1,1,3,5,3,2,2,2,3,2,2,2,2,3,4,3,3,1,1.619919217,-0.494421271,0.92078489,0,0,0,1,4,1,1,1,0,0,2,0,4,1,0,1,0,1,2,0,0,0,0,1,0,1,1,0,1,0,2,0,0,1,3,1,0,0,1,0,1,0,2,1,0,0,1,0,1,0,0,2
3553,10,4,0.810597226,0,32065,0,1,0,2,0,1,0,0,0,1,5,2,5,4,1,1,1,4,5,3,2,2,2,3,2,2,2,2,2,4,2,3,1,1.244775634,1.425498473,-0.059209858,1,0,0,1,4,0,0,1,0,0,2,0,4,0,1,2,1,0,1,0,0,0,0,1,0,1,1,1,0,0,1,0,1,0,2,0,0,1,3,0,0,1,3,1,0,0,1,0,1,0,0,2
3554,31,2,0.829422298,0,8757,0,1,0,3,0,0,1,0,0,3,1,3,4,5,1,3,1,5,3,1,2,2,2,4,2,2,2,2,2,3,3,4,1,-0.591916135,-1.427451224,0.852891998,0,0,1,0,3,0,0,1,0,0,2,0,4,0,1,2,0,1,2,0,1,0,0,1,0,1,1,0,1,0,2,1,0,0,1,1,0,0,1,1,0,0,1,1,0,0,1,1,0,0,0,1
3557,33,4,0.673166175,0,11953,0,1,0,2,0,1,0,0,0,1,5,3,4,4,2,2,2,2,4,2,2,2,2,4,2,2,2,2,2,3,3,4,1,0.673144192,-0.110260219,-0.734667471,0,0,1,0,3,0,0,1,0,0,2,0,4,0,1,2,0,1,2,0,0,0,0,1,0,1,1,1,0,0,1,1,0,0,1,1,0,0,1,0,1,0,2,1,0,0,1,1,0,0,0,1
3558,34,4,0.401252052,0,28461,0,1,0,1,1,0,0,0,0,1,4,3,5,5,1,2,2,5,5,2,1,1,1,1,2,2,2,2,3,3,2,3,1,1.615283004,-0.322912066,0.894370426,1,0,0,1,4,0,1,1,0,0,2,0,4,1,0,1,1,0,1,0,0,0,0,1,0,1,1,1,0,0,1,1,0,0,1,1,0,0,1,0,0,1,3,1,0,0,1,1,0,0,0,1
3562,21,2,1.231249536,0,21032,0,1,0,2,0,1,0,0,0,1,4,2,4,4,1,1,1,3,3,3,2,2,2,4,2,1,2,2,3,3,2,3,1,1.192241225,-0.400554902,0.27579381,0,0,0,1,4,1,1,1,0,0,2,0,4,0,1,2,0,0,3,0,0,1,0,1,0,1,1,1,0,0,1,1,0,0,1,1,0,0,1,0,0,1,3,1,0,0,1,1,0,0,0,1
3566,32,4,0.081455446,0,88310,0,1,0,3,0,0,1,0,0,2,4,3,4,5,2,2,1,4,4,3,1,3,2,3,2,2,1,2,3,1,2,3,1,0.680217605,-1.52716498,-0.803709045,0,0,0,1,4,1,1,1,0,0,2,0,4,0,0,3,0,1,2,0,1,0,0,1,0,1,1,0,1,0,2,0,1,0,2,1,0,0,1,1,0,0,1,1,0,0,1,1,0,0,0,1
3567,28,4,0.335955517,0,68108,1,0,0,2,0,1,0,0,0,3,4,4,4,5,1,3,1,3,5,5,1,3,2,3,2,2,1,2,3,4,2,3,1,0.755264281,0.615581799,-0.079376743,1,0,1,1,4,0,0,1,0,0,2,0,4,1,0,1,0,1,2,0,0,0,0,1,0,1,1,0,0,1,3,0,0,1,3,0,0,1,3,0,0,1,3,1,0,0,1,0,0,0,1,4
3569,20,2,0.451934665,0,4001,0,0,0,2,0,1,0,0,0,2,2,2,5,1,1,1,1,1,4,1,3,3,3,2,2,1,3,2,2,4,2,4,1,0.584163884,-0.085263777,-0.150932543,1,0,1,0,3,0,0,1,0,0,2,0,4,1,0,1,1,0,1,0,0,0,1,1,0,1,1,0,0,0,0,0,0,0,0,0,0,0,0,0,0,0,0,0,0,0,0,0,0,0,0,0
3572,18,4,0.578248955,0,40033,0,1,0,3,0,0,1,0,0,2,5,4,4,5,3,5,1,5,5,5,2,1,3,1,2,2,2,2,2,3,3,2,1,1.316904491,0.714949998,-0.328663371,1,0,0,0,1,0,0,1,0,0,2,0,4,1,0,1,1,0,1,0,1,0,0,0,1,1,1,1,0,0,1,0,1,0,2,0,1,0,2,0,0,1,3,1,0,0,1,1,0,0,0,1
3574,31,2,1.820941673,0,7869,0,1,0,3,0,0,1,0,0,2,5,3,4,4,1,4,1,4,4,4,2,2,2,4,2,2,2,2,2,4,3,3,1,0.037235339,1.105591993,0.210504485,1,0,1,0,3,1,1,1,0,0,2,0,4,0,0,3,0,1,2,0,0,0,0,1,0,1,1,0,1,0,2,1,0,0,1,0,1,0,2,0,1,0,2,1,0,0,1,1,0,0,0,1
3576,36,2,6.199503659,0,45342,0,1,0,3,0,0,1,0,0,3,4,2,4,2,1,1,2,2,4,3,2,1,1,2,2,2,2,2,2,4,3,4,1,-0.757181348,1.107199488,0.000877159,0,0,1,0,3,1,1,1,0,0,2,0,4,0,0,3,0,1,2,0,0,0,1,0,0,1,1,1,0,0,1,0,1,0,2,0,1,0,2,0,1,0,2,1,0,0,1,0,1,0,0,2
3578,10,4,0.969667335,0,34639,0,1,0,3,0,0,1,0,0,2,2,3,4,5,1,3,2,3,4,2,1,2,2,4,2,2,2,2,2,4,2,3,1,0.518543204,0.958303311,-0.080679157,1,0,1,0,3,0,0,1,0,0,2,0,4,0,0,0,0,1,2,0,0,0,0,1,0,1,1,1,0,0,1,1,0,0,1,0,1,0,2,1,0,0,1,1,0,0,1,1,0,0,0,1
3579,3,4,0.000519729,1,85713,0,1,0,1,1,0,0,0,0,1,5,3,4,5,1,1,1,1,4,1,2,2,2,4,2,2,2,2,2,4,2,4,1,1.046031586,-0.309824408,0.706265965,1,0,0,1,4,0,0,1,0,0,2,0,4,1,0,1,1,0,1,0,0,0,0,1,0,1,1,0,1,0,2,0,1,0,2,0,1,0,2,0,1,0,2,1,0,0,1,0,0,1,0,3
3581,39,2,0.730442897,0,17315,0,1,0,3,0,0,1,0,0,2,5,3,5,5,2,1,1,3,5,4,1,1,1,1,3,1,1,1,3,1,2,2,1,1.401978257,0.239655828,0.613484106,0,0,0,1,4,0,0,1,0,0,2,0,4,0,1,2,0,0,3,0,0,0,0,1,0,1,1,1,0,0,1,0,1,0,2,1,0,0,1,0,0,1,3,1,0,0,1,0,0,1,0,3
3582,1,4,1.036207882,0,35757,0,1,0,4,0,0,0,1,0,2,5,4,4,4,2,2,2,4,2,4,1,2,2,1,1,2,1,2,1,2,2,2,1,0.063229936,0.417114882,0.023371152,1,0,1,0,3,1,1,1,0,0,2,0,4,1,0,1,0,1,2,1,0,0,0,1,0,1,1,1,0,0,1,1,0,0,1,0,1,0,2,0,0,1,3,1,0,0,1,1,0,0,0,1
3583,23,2,0.167375759,0,49707,0,1,0,1,1,0,0,0,0,1,4,3,5,3,1,1,1,5,1,1,2,2,2,3,2,2,2,2,2,3,3,3,1,1.630826146,0.496677482,0.795483249,1,1,0,0,2,0,0,1,0,0,2,0,4,1,0,1,0,0,3,0,0,0,1,1,0,1,1,1,0,0,1,0,1,0,2,1,0,0,1,0,0,1,3,1,0,0,1,1,0,0,0,1
3584,10,2,3.197177963,1,32801,0,1,0,3,0,0,1,0,0,1,4,2,4,2,3,1,1,2,4,3,3,3,3,1,2,3,3,1,2,2,1,3,1,0.392351419,0.920135779,-1.388303269,1,0,0,1,4,0,1,1,0,0,2,0,4,0,0,3,0,1,2,1,0,0,1,1,0,1,1,0,1,0,2,0,0,1,3,0,0,1,3,0,0,1,3,0,0,1,3,0,0,0,1,4
3585,23,1,3.567530511,0,49004,0,1,0,2,0,1,0,0,0,2,5,4,4,4,2,2,2,4,4,4,2,1,3,3,3,2,2,1,2,3,3,1,1,0.082519574,0.753626858,-0.016342297,1,1,0,0,2,0,1,1,0,0,2,0,4,0,0,3,0,0,3,1,0,0,1,1,0,1,1,1,0,0,1,1,0,0,1,0,1,0,2,0,0,1,3,1,0,0,1,1,0,0,0,1
3590,50,4,1.841315415,0,25177,0,1,0,2,0,1,0,0,0,2,5,3,4,3,1,1,1,4,3,4,2,2,2,3,2,2,2,2,3,4,3,3,1,-0.443683737,0.017818949,-0.30108774,0,0,0,1,4,0,1,1,0,0,2,0,4,0,0,3,0,1,2,0,0,0,0,1,0,1,1,1,0,0,1,0,1,0,2,1,0,0,1,1,0,0,1,1,0,0,1,1,0,0,0,1
3591,10,2,0.416501587,1,33558,0,1,0,2,0,1,0,0,0,2,5,4,4,3,2,2,2,2,3,2,2,1,2,3,2,2,2,2,2,3,3,4,1,-0.583116222,0.491939093,-0.823056731,0,0,1,0,3,1,1,1,0,0,2,0,4,1,0,1,1,0,1,0,0,0,1,0,0,1,1,1,0,0,1,1,0,0,1,0,0,1,3,0,1,0,2,1,0,0,1,1,0,0,0,1
3595,36,4,1.118628052,0,45419,1,0,0,3,0,0,1,0,0,3,5,4,1,5,1,1,1,1,2,1,2,2,1,1,3,1,1,2,3,1,2,1,1,1.057862659,-1.404172766,-1.26332541,1,1,0,0,2,0,0,1,0,0,2,0,4,0,1,2,0,1,2,0,1,0,0,1,0,1,1,0,0,1,3,0,0,1,3,1,0,0,1,0,1,0,2,1,0,0,1,0,0,0,1,4
3597,23,4,0.524632576,0,48108,0,1,0,1,1,0,0,0,0,1,6,0,5,3,1,4,1,3,3,3,2,2,2,4,2,2,2,2,2,3,3,4,1,0.536781936,-0.427733255,0.092702689,1,0,1,0,3,0,0,1,0,0,2,0,4,1,0,1,0,1,2,0,1,0,0,0,1,1,1,0,1,0,2,0,0,1,3,0,0,1,3,0,0,1,3,1,0,0,1,0,0,1,0,3
3599,10,2,1.060647614,0,34606,0,1,0,3,0,0,1,0,0,3,1,3,1,4,3,3,3,4,3,4,2,2,2,1,2,1,1,3,3,3,2,2,1,-0.406839243,0.133943191,-0.079078608,0,0,1,0,3,0,0,1,0,0,2,0,4,0,1,2,0,0,3,0,0,0,1,1,0,1,1,1,0,0,1,1,0,0,1,0,1,0,2,0,1,0,2,1,0,0,1,0,1,0,0,2
3600,34,4,0.35589141,0,28752,0,1,0,2,0,1,0,0,0,3,6,3,4,5,2,2,2,4,4,2,2,2,2,4,2,2,2,2,3,3,3,3,1,0.702478751,-0.952781779,-0.086182834,1,0,0,1,4,0,0,1,0,0,2,0,4,1,0,1,1,0,1,0,0,0,0,0,0,1,1,1,0,0,1,1,0,0,1,0,1,0,2,0,1,0,2,1,0,0,1,1,0,0,0,1
3601,22,2,0.402773543,0,1010,0,0,1,2,0,1,0,0,0,2,2,1,4,4,1,1,1,1,1,1,2,2,2,4,2,2,2,2,2,3,3,3,1,1.550716338,0.406186471,0.691082813,0,0,0,1,4,0,0,1,0,0,2,0,4,1,0,1,0,1,2,0,0,1,1,1,0,1,1,1,0,0,1,1,0,0,1,0,1,0,2,1,0,0,1,1,0,0,1,1,0,0,0,1
3602,32,4,0.037838233,0,87111,1,0,0,2,0,1,0,0,0,2,5,4,4,5,3,3,3,2,3,2,2,2,2,4,2,2,2,2,3,4,3,4,1,0.115231593,-0.004511644,-0.02472675,1,0,0,1,4,1,1,1,0,0,2,0,4,0,0,0,0,1,2,0,0,0,0,0,0,1,1,0,0,1,3,0,1,0,2,1,0,0,1,0,0,1,3,1,0,0,1,0,0,0,1,4
3603,24,4,0.555326866,0,55376,0,0,1,3,0,0,1,0,0,2,4,3,2,4,2,2,2,2,3,2,2,2,2,4,2,2,2,2,2,4,4,4,1,-0.2157532,0.210871164,0.070948831,0,0,0,1,4,0,0,1,0,0,2,0,4,0,1,2,0,1,2,0,0,0,0,0,0,1,1,1,0,0,1,1,0,0,1,0,1,0,2,1,0,0,1,1,0,0,1,1,0,0,0,1
3605,23,4,1.039653573,0,48060,0,1,0,1,1,0,0,0,0,1,6,0,5,3,1,1,1,1,3,1,2,2,2,4,2,2,2,2,2,4,4,4,0,-0.302762476,-0.346162995,-1.603966427,1,0,1,0,3,0,0,1,0,0,2,0,4,0,1,2,0,1,2,0,0,0,0,1,0,0,0,0,1,0,2,0,1,0,2,0,1,0,2,0,1,0,2,1,0,0,1,0,1,0,0,2
3606,31,4,1.092049029,0,7726,0,1,0,1,1,0,0,0,0,1,5,2,4,4,1,3,4,4,4,4,2,2,2,3,2,2,2,3,2,3,3,2,1,0.60422302,-0.398693968,-1.265516767,1,0,0,1,4,0,1,1,0,0,2,0,4,0,0,3,0,1,2,0,0,0,0,1,0,1,1,1,0,0,1,0,1,0,2,0,1,0,2,0,0,1,3,1,0,0,1,0,0,1,0,3
3608,31,2,2.067747718,0,7029,1,0,0,3,0,0,1,0,0,4,4,5,2,5,1,1,1,5,5,2,2,1,2,4,2,1,2,2,3,4,3,4,1,1.101762153,0.085947236,-0.732865928,1,0,1,0,3,0,0,1,0,0,2,0,4,1,0,1,0,0,3,0,0,1,1,0,0,1,1,0,0,1,3,0,0,1,3,0,0,1,3,0,0,1,3,0,0,1,3,0,0,0,1,4
3609,26,4,0.752548032,0,65804,0,1,0,1,1,0,0,0,0,1,2,1,4,5,1,1,1,4,4,2,2,2,2,4,2,2,2,2,2,4,3,2,1,0.367633105,1.033373751,0.125286106,1,0,0,1,4,0,0,1,0,0,2,0,4,0,1,2,0,1,2,0,0,0,0,1,0,1,1,0,1,0,2,0,0,1,3,0,1,0,2,0,0,1,3,1,0,0,1,0,1,0,0,2
3612,36,2,0.992041835,0,44130,0,1,0,1,1,0,0,0,0,2,1,0,4,4,1,2,1,3,2,1,2,2,2,3,2,2,2,2,2,3,3,4,1,-1.916268136,-0.128894476,1.121773734,1,0,1,0,3,0,0,1,0,0,2,0,4,0,1,2,0,1,2,0,1,0,1,1,0,1,1,0,1,0,2,0,1,0,2,0,1,0,2,0,1,0,2,1,0,0,1,0,0,1,0,3
3613,36,2,10.02158204,0,44903,0,1,0,3,0,0,1,0,0,2,5,3,5,4,1,2,1,2,5,5,2,2,2,1,2,2,2,2,2,3,3,3,1,0.468822118,0.596609029,0.156158561,1,1,0,0,2,0,0,1,0,0,2,0,4,0,0,3,0,0,3,1,0,0,1,1,0,1,1,1,0,0,1,1,0,0,1,0,1,0,2,0,0,1,3,1,0,0,1,1,0,0,0,1
3614,19,4,0.460437075,0,70043,0,1,0,3,0,0,1,0,0,2,4,2,4,3,1,3,1,4,3,2,2,2,2,3,2,2,2,2,2,3,2,3,1,0.961490143,1.390204754,-0.260797819,1,0,0,1,4,0,0,1,0,0,2,0,4,1,0,1,1,0,1,0,0,0,0,1,0,1,1,0,1,0,2,0,1,0,2,1,0,0,1,0,1,0,2,1,0,0,1,0,1,0,0,2
3616,36,4,0.529957645,0,45133,0,1,0,2,0,1,0,0,0,3,3,3,2,5,2,2,1,5,5,3,1,2,2,4,2,2,2,2,1,4,1,4,1,-0.029010204,-0.5745791,0.869180363,1,0,0,1,4,0,0,1,0,0,2,0,4,1,0,1,1,0,1,0,0,0,0,1,0,1,1,1,0,0,1,1,0,0,1,0,1,0,2,0,0,1,3,1,0,0,1,1,0,0,0,1
3617,10,4,0.859010913,0,34773,0,0,1,3,0,0,1,0,0,3,5,3,2,5,3,2,2,5,5,5,1,2,2,2,2,2,2,2,2,3,2,4,1,0.827048132,0.225728018,0.699094893,1,0,1,0,3,0,0,1,0,0,2,0,4,1,0,1,0,0,3,0,1,0,0,1,0,1,1,0,0,0,0,0,0,0,0,0,0,0,0,0,0,0,0,0,0,0,0,0,0,0,0,0
3621,43,4,0.523283588,0,57108,0,1,0,2,0,1,0,0,0,1,5,1,4,4,1,1,1,4,5,4,1,1,2,4,2,2,1,2,3,4,2,2,1,0.561557514,1.116951914,-0.288877949,1,0,0,1,4,0,1,1,0,0,2,0,4,0,1,2,1,0,1,0,0,0,0,0,0,1,1,1,0,0,1,1,0,0,1,0,0,1,3,1,0,0,1,1,0,0,1,1,0,0,0,1
3623,34,4,2.303491222,0,27592,0,1,0,3,0,0,1,0,0,2,5,4,1,4,1,1,1,2,5,5,1,3,2,4,2,2,2,2,2,1,2,2,1,0.609724216,0.222302243,0.677420693,0,0,0,1,4,1,1,1,0,0,2,0,4,0,0,3,0,1,2,0,0,0,0,1,0,1,1,1,0,0,1,1,0,0,1,0,1,0,2,0,1,0,2,1,0,0,1,1,0,0,0,1
3624,11,4,0.71964801,0,30906,0,1,0,3,0,0,1,0,0,2,4,4,3,5,3,3,2,5,5,3,2,2,2,3,2,2,2,2,2,4,4,4,1,1.306059417,-1.139601474,1.046141834,1,0,1,0,3,0,0,1,0,0,2,0,4,1,0,1,0,0,3,0,0,0,0,1,0,1,1,1,0,0,1,1,0,0,1,0,0,1,3,0,1,0,2,1,0,0,1,1,0,0,0,1
3625,22,4,0.12481433,0,2048,0,1,0,2,0,1,0,0,0,2,5,2,2,4,3,4,2,4,4,4,2,2,2,3,2,2,2,2,2,3,3,3,0,1.019659726,0.918676048,0.676970545,1,0,0,1,4,1,1,1,0,0,2,0,4,1,0,1,1,0,1,0,0,0,0,1,0,0,0,1,0,0,1,0,1,0,2,0,1,0,2,0,1,0,2,0,1,0,2,1,0,0,0,1
3626,45,4,0.226320461,0,78945,0,0,1,2,0,1,0,0,0,2,4,3,5,5,2,5,4,5,4,4,2,2,2,3,2,2,2,2,3,2,2,3,1,-0.519071243,-0.152323675,-0.160099376,1,0,0,1,4,0,0,1,0,0,2,0,4,1,0,1,0,1,2,0,0,0,0,0,0,1,1,1,0,0,1,1,0,0,1,0,1,0,2,1,0,0,1,1,0,0,1,1,0,0,0,1
3629,48,4,0.444773179,0,23831,0,1,0,2,0,1,0,0,0,2,3,3,4,5,1,1,1,3,3,3,2,2,1,3,2,2,2,2,3,4,2,2,1,1.633666293,-0.410206662,0.414491772,1,0,0,1,4,0,0,1,0,0,2,0,4,1,0,1,1,0,1,0,0,0,0,0,0,1,1,1,0,0,1,1,0,0,1,0,0,1,3,0,1,0,2,1,0,0,1,1,0,0,0,1
3632,23,4,0.347694444,0,49504,1,0,0,2,0,1,0,0,0,2,6,2,3,5,1,1,1,5,5,3,2,2,2,4,2,2,2,2,2,4,2,4,1,0.312765258,-0.380905133,1.486902863,1,0,0,1,4,1,1,1,0,0,2,0,4,1,0,1,1,0,1,0,0,0,0,1,0,1,1,0,0,1,3,0,0,1,3,0,0,1,3,0,1,0,2,1,0,0,1,0,0,0,1,4
3633,34,4,0.673533402,0,27332,0,1,0,2,0,1,0,0,0,3,4,4,4,4,2,1,1,3,4,3,1,2,2,2,2,2,3,2,2,4,2,3,1,-0.665305323,-0.837717448,-1.62373465,0,0,0,1,4,1,1,1,0,0,2,0,4,0,1,2,1,0,1,0,0,0,0,1,0,1,1,1,0,0,1,1,0,0,1,0,1,0,2,0,1,0,2,1,0,0,1,1,0,0,0,1
3634,45,2,1.183087269,1,78233,0,1,0,3,0,0,1,0,0,2,5,3,5,1,1,1,1,5,5,2,2,2,2,4,2,2,2,2,2,4,3,3,1,-1.337091764,-0.250680604,1.074934714,1,0,1,0,3,0,0,1,0,0,2,0,4,1,0,1,1,0,1,0,0,1,1,1,0,1,1,0,1,0,2,0,1,0,2,0,0,1,3,0,1,0,2,1,0,0,1,0,1,0,0,2
3636,45,4,1.014407552,1,75090,0,1,0,2,0,1,0,0,0,3,5,3,3,4,3,2,1,4,4,3,2,2,2,4,2,2,2,2,3,4,2,4,1,-0.296379987,-1.04964396,-0.448917371,0,0,1,0,3,0,0,1,0,0,2,0,4,0,1,2,0,1,2,0,0,0,0,1,0,1,1,0,1,0,2,1,0,0,1,0,1,0,2,1,0,0,1,1,0,0,1,1,0,0,0,1
3637,33,4,0.100852539,0,11379,1,0,0,2,0,1,0,0,0,3,5,4,2,5,4,2,3,2,3,2,1,1,2,3,2,2,2,3,3,3,3,3,1,-0.78137468,0.172321831,-1.190145629,0,0,0,1,4,1,1,1,0,0,2,0,4,1,0,1,1,0,1,0,0,0,0,1,0,1,1,0,0,1,3,0,0,1,3,0,0,1,3,0,1,0,2,0,0,1,3,0,0,0,1,4
3639,26,2,0.498671382,0,65202,0,1,0,2,0,1,0,0,0,2,5,3,4,3,1,1,1,4,3,2,2,2,2,3,2,2,2,2,2,3,3,3,1,-1.419519202,0.821598702,0.905202193,1,1,0,0,2,1,1,1,0,0,2,0,4,1,0,1,0,0,3,0,0,0,0,1,0,1,1,1,0,0,1,1,0,0,1,0,0,1,3,0,0,1,3,1,0,0,1,1,0,0,0,1
3640,46,2,8.47E-05,0,84005,0,1,0,2,0,1,0,0,0,2,4,3,5,5,3,3,1,5,5,4,2,2,2,3,2,2,2,2,2,3,3,3,1,0.135193842,0.567620848,-2.206584078,0,0,1,0,3,1,1,1,0,0,2,0,4,1,0,1,0,0,3,0,0,0,0,0,0,1,1,1,0,0,1,1,0,0,1,1,0,0,1,1,0,0,1,1,0,0,1,1,0,0,0,1
3645,45,4,0.759926129,1,78225,0,1,0,4,0,0,0,1,0,3,5,5,2,5,2,2,1,4,5,4,2,1,2,4,2,2,2,2,1,4,2,4,1,0.735106238,-0.566071198,-1.319871213,1,0,0,1,4,0,0,1,0,0,1,1,1,1,0,1,0,1,2,0,0,0,0,1,0,1,1,0,0,1,3,1,0,0,1,0,0,1,3,0,1,0,2,1,0,0,1,0,0,1,0,3
3646,45,2,1.071580856,1,75143,0,0,1,3,0,0,1,0,0,3,4,4,2,4,3,4,2,2,4,4,2,1,2,3,3,1,2,1,3,3,3,2,1,1.107720177,-0.787836465,0.115220658,1,0,0,1,4,0,0,1,0,0,2,0,4,1,0,1,1,0,1,0,0,0,0,0,0,1,1,1,0,0,1,1,0,0,1,1,0,0,1,1,0,0,1,1,0,0,1,1,0,0,0,1
3647,24,4,0.758683488,0,55024,0,1,0,4,0,0,0,1,0,3,6,3,3,3,4,4,2,3,2,3,2,1,1,2,2,2,2,2,2,3,3,4,1,0.375712844,-0.511400461,-0.044265051,1,0,1,0,3,0,0,1,0,0,2,0,4,1,0,1,1,0,1,0,0,0,0,0,0,1,1,1,0,0,1,1,0,0,1,0,0,1,3,0,0,1,3,1,0,0,1,1,0,0,0,1
3650,49,4,3.464014344,0,98908,0,1,0,4,0,0,0,1,0,3,5,4,3,5,1,2,1,5,5,3,1,1,2,4,2,2,2,2,2,4,2,3,1,1.473590543,0.689589233,0.578927135,0,0,0,1,4,0,0,1,0,0,2,0,4,0,1,2,1,0,1,0,1,0,0,1,0,1,1,1,0,0,1,0,1,0,2,1,0,0,1,0,0,1,3,1,0,0,1,1,0,0,0,1
3651,26,2,1.280095075,0,65608,0,0,1,2,0,1,0,0,0,3,4,2,4,4,2,4,2,3,4,3,3,3,2,2,2,2,2,2,1,3,2,3,1,0.465040734,-0.464806219,-1.436567677,1,1,0,0,2,0,0,1,0,0,2,0,4,1,0,1,0,1,2,0,0,0,1,1,0,1,1,1,0,0,1,1,0,0,1,0,1,0,2,1,0,0,1,1,0,0,1,1,0,0,0,1
3652,15,2,0.945016063,0,46307,0,1,0,2,0,1,0,0,0,3,5,4,3,5,1,2,1,5,5,4,2,3,2,4,2,1,2,2,3,4,2,4,1,0.160263377,-0.257316467,-0.18206739,1,0,0,1,4,0,0,1,0,0,2,0,4,1,0,1,0,1,2,0,1,0,1,0,0,1,1,1,0,0,1,1,0,0,1,0,1,0,2,1,0,0,1,1,0,0,1,1,0,0,0,1
3654,39,4,3.302074568,0,15010,0,1,0,2,0,1,0,0,0,2,6,4,4,5,2,2,1,4,5,3,1,2,2,4,2,2,2,2,1,4,1,4,1,-0.724666676,-1.535139712,-0.746128646,1,0,0,1,4,0,0,1,0,0,2,0,4,1,0,1,0,0,3,1,0,0,0,0,1,1,1,0,1,0,2,0,1,0,2,1,0,0,1,0,1,0,2,1,0,0,1,0,0,1,0,3
3657,5,4,0.000474186,1,92506,0,1,0,3,0,0,1,0,0,2,5,2,4,4,1,1,1,5,5,3,1,1,3,1,3,2,1,2,3,4,2,1,1,0.786812711,0.711451067,-1.416189282,1,0,0,1,4,0,0,1,0,0,2,0,4,1,0,1,1,0,1,0,0,0,0,0,0,1,1,0,1,0,2,0,1,0,2,0,0,1,3,0,1,0,2,0,1,0,2,0,0,1,0,3
3662,10,4,1.11531555,0,33952,0,1,0,2,0,1,0,0,0,1,5,4,5,4,1,1,1,5,4,3,2,1,1,2,2,2,2,2,2,1,2,4,1,-0.146309277,-0.8721947,1.122790701,1,0,0,1,4,1,1,1,0,0,1,1,1,1,0,1,0,0,3,0,0,0,0,1,0,1,1,0,1,0,2,0,1,0,2,0,0,1,3,0,1,0,2,1,0,0,1,0,1,0,0,2
3666,45,4,0.393884796,1,76114,0,1,0,3,0,0,1,0,0,2,5,3,4,4,2,2,2,4,4,2,2,3,2,1,2,2,3,1,3,3,2,4,1,-0.130603942,0.46558929,-0.473535913,0,0,0,1,4,1,1,1,0,0,2,0,4,1,0,1,1,0,1,0,0,0,0,1,0,1,1,0,1,0,2,0,1,0,2,1,0,0,1,0,0,1,3,1,0,0,1,0,1,0,0,2
3667,45,4,0.788334336,0,78390,0,1,0,3,0,0,1,0,0,3,4,3,4,4,1,2,1,3,4,3,2,2,2,4,2,2,2,2,2,4,4,4,1,-0.196834424,0.106139574,-1.729876959,1,0,1,0,3,0,0,1,0,0,2,0,4,0,0,0,0,1,2,0,0,0,0,1,0,1,1,1,0,0,1,1,0,0,1,0,1,0,2,0,0,1,3,1,0,0,1,1,0,0,0,1
3668,5,4,1.58E-05,1,92410,1,0,0,4,0,0,0,1,0,1,5,3,4,5,1,1,1,3,4,1,1,1,3,1,2,2,1,2,2,1,1,4,1,0.666409503,0.251199984,-0.401038049,1,0,0,1,4,0,0,1,0,0,2,0,4,0,1,2,0,1,2,0,0,0,0,0,0,1,1,0,0,1,3,0,0,1,3,0,1,0,2,1,0,0,1,0,1,0,2,0,0,1,0,3
3669,45,4,5.339554908,1,76135,0,1,0,1,1,0,0,0,0,1,5,4,5,1,5,1,1,3,4,3,1,2,2,3,3,2,2,2,2,4,2,4,1,-0.682354799,-0.717594693,0.286697393,1,0,0,1,4,1,1,1,1,1,2,0,2,0,0,0,1,0,1,0,0,0,0,1,0,1,1,1,0,0,1,0,1,0,2,0,0,1,3,1,0,0,1,1,0,0,1,0,1,0,0,2
3670,5,4,10.37724954,0,94116,1,0,0,2,0,1,0,0,0,2,5,4,4,5,3,3,2,5,5,5,2,3,3,2,2,2,2,2,3,3,2,4,0,0.749023876,1.421799126,-0.084542304,0,0,0,1,4,1,1,0,0,1,2,0,3,0,1,2,0,1,2,0,0,0,0,0,0,0,0,0,0,1,3,0,0,1,3,1,0,0,1,0,0,1,3,0,0,1,3,0,0,0,1,4
3671,38,4,1.89E-06,0,97537,0,0,1,1,1,0,0,0,0,2,5,2,4,5,1,1,1,5,3,4,2,2,2,4,2,2,2,2,3,4,3,3,1,-0.680411207,0.104148403,-0.523403697,0,0,1,1,4,0,0,1,0,0,2,0,4,0,1,2,0,1,2,0,0,0,0,0,0,1,1,1,0,0,1,1,0,0,1,1,0,0,1,0,0,1,3,1,0,0,1,1,0,0,0,1
3673,8,2,1.878252094,0,19709,0,1,0,1,1,0,0,0,0,2,5,3,4,5,1,1,1,4,5,3,2,1,2,3,2,2,2,2,3,3,3,3,1,-0.078086723,0.03808367,0.739893791,0,0,0,1,4,0,0,1,0,0,2,0,4,0,1,2,0,1,2,0,0,0,0,1,0,1,1,1,0,0,1,1,0,0,1,0,1,0,2,0,1,0,2,1,0,0,1,1,0,0,0,1
3677,48,4,0.200779734,0,20121,1,0,0,2,0,1,0,0,0,2,5,4,2,5,1,2,1,4,4,3,2,3,2,4,2,2,1,2,3,3,2,3,1,0.020912858,0.188350686,0.391755402,0,0,0,1,4,1,1,1,0,0,2,0,4,0,1,2,0,1,2,0,0,0,0,0,0,1,1,0,0,1,3,0,1,0,2,0,0,1,3,1,0,0,1,1,0,0,1,0,0,1,0,3
3682,38,4,1.86E-07,0,97351,0,1,0,4,0,0,0,1,0,3,4,3,3,5,1,3,1,4,5,1,2,2,2,4,2,2,2,2,2,4,2,2,1,0.470410175,-1.485799145,0.305914543,1,0,0,1,4,0,0,1,0,0,2,0,4,1,0,1,1,0,1,0,1,0,0,1,1,1,1,1,0,0,1,1,0,0,1,1,0,0,1,0,0,1,3,1,0,0,1,1,0,0,0,1
3689,49,4,0.03275624,0,98208,0,1,0,2,0,1,0,0,0,2,2,3,4,4,2,2,2,4,4,4,1,3,3,3,2,2,2,2,3,1,2,2,0,1.025812748,-0.15994644,-0.486885537,1,0,0,1,4,0,0,1,0,0,2,0,4,1,0,1,0,1,2,0,0,0,0,0,0,0,0,0,1,0,2,0,0,1,3,0,0,1,3,0,1,0,2,1,0,0,1,0,0,1,0,3
3691,49,4,0.0083043,0,98338,0,1,0,1,1,0,0,0,0,2,4,1,4,5,1,3,1,4,4,3,1,2,2,4,2,2,1,2,2,1,2,2,0,1.063033419,-0.775419144,-0.504957677,1,0,0,1,4,1,1,1,0,0,2,0,4,1,0,1,0,1,2,0,0,0,0,1,0,0,0,1,0,0,1,1,0,0,1,1,0,0,1,1,0,0,1,1,0,0,1,1,0,0,0,1
3692,49,4,0.228484939,0,98290,0,1,0,1,1,0,0,0,0,2,4,1,4,3,1,1,1,1,4,4,2,2,2,4,2,2,2,2,2,4,3,3,1,0.270556951,-0.273353143,0.006557846,0,0,0,1,4,0,0,1,0,0,2,0,4,0,0,3,0,1,2,0,0,0,0,1,0,1,1,1,0,0,1,0,1,0,2,1,0,0,1,1,0,0,1,0,1,0,2,1,0,0,0,1
3693,49,2,0.050173675,0,98103,1,0,0,3,0,0,1,0,0,3,5,1,3,4,1,1,1,1,4,4,3,3,3,1,3,1,3,1,3,1,3,2,1,-0.217574625,0.376484667,-0.189594123,1,0,1,0,3,0,0,1,0,0,2,0,4,0,1,2,0,1,2,0,0,0,0,0,1,1,1,0,0,1,3,0,0,1,3,1,0,0,1,0,0,1,3,1,0,0,1,0,0,0,1,4
3698,49,4,0.026443708,0,98374,0,1,0,3,0,0,1,0,0,2,2,2,5,5,2,2,2,2,2,2,2,2,2,4,2,2,2,2,2,4,4,4,1,-0.494774274,0.20665673,-1.159625876,0,0,0,1,4,0,0,1,0,0,2,0,4,0,1,2,0,1,2,0,0,0,0,0,0,1,1,0,1,0,2,0,1,0,2,1,0,0,1,1,0,0,1,1,0,0,1,1,0,0,0,1
3704,49,4,0.020576315,0,98178,0,1,0,3,0,0,1,0,0,3,3,4,2,4,3,3,2,4,5,4,1,1,1,1,2,2,2,2,2,3,3,3,0,1.497328393,0.100927668,-0.193272255,1,0,0,1,4,0,0,0,1,0,2,0,2,0,1,2,0,0,3,1,0,0,0,1,0,0,0,0,1,0,2,0,0,1,3,0,0,1,3,1,0,0,1,0,1,0,2,0,0,0,1,4
3705,49,2,0.074286107,0,98444,0,1,0,3,0,0,1,0,0,3,5,5,2,5,1,2,2,3,4,2,3,1,3,4,2,2,2,2,2,4,3,4,0,-0.303526009,-1.564943738,-0.82811765,0,0,0,1,4,0,0,1,0,0,2,0,4,1,0,1,1,0,1,0,0,0,0,0,0,0,0,0,0,1,3,0,1,0,2,0,0,1,3,0,1,0,2,0,1,0,2,0,0,0,1,4
3706,49,4,0.021268952,0,98204,1,0,0,2,0,1,0,0,0,3,1,3,4,4,2,1,4,3,5,4,2,2,2,4,2,2,2,2,2,4,3,3,0,-0.854145841,-1.551879885,0.644503568,0,0,1,0,3,1,1,1,0,0,2,0,4,1,0,1,1,0,1,0,1,0,0,0,0,0,0,0,0,1,3,0,0,1,3,0,1,0,2,0,0,1,3,1,0,0,1,0,0,0,1,4
3707,49,4,0.011488483,0,98155,0,1,0,2,0,1,0,0,0,2,5,5,3,3,4,1,1,5,5,4,3,2,2,2,2,2,2,2,2,4,2,3,0,0.468877387,-1.071751225,-0.387217799,1,0,0,1,4,0,0,1,0,0,2,0,4,1,0,1,0,1,2,0,1,0,0,1,0,0,0,0,1,0,2,0,1,0,2,0,1,0,2,1,0,0,1,1,0,0,1,0,0,1,0,3
3709,49,4,0.028741351,0,98055,0,1,0,2,0,1,0,0,0,3,5,4,2,4,1,4,2,2,5,4,1,2,2,3,2,2,2,2,2,2,2,3,0,0.22833603,0.989207655,-0.514259974,1,0,0,1,4,0,0,1,0,0,2,0,4,0,1,2,1,0,1,0,0,0,0,0,0,0,0,0,1,0,2,0,0,1,3,0,0,1,3,0,0,1,3,1,0,0,1,0,0,1,0,3
3711,49,4,0.014684292,0,98008,1,0,0,2,0,1,0,0,0,1,4,3,4,4,2,2,2,3,2,2,2,2,2,3,2,2,2,2,2,1,1,2,0,-0.75147281,1.031515526,-0.837212907,1,0,1,0,3,0,0,0,0,0,1,1,1,0,0,0,0,1,2,0,0,0,0,0,0,0,0,0,0,1,3,0,0,1,3,0,1,0,2,1,0,0,1,1,0,0,1,0,0,0,1,4
3713,49,4,0.013194596,0,98021,0,1,0,3,0,0,1,0,0,3,5,2,4,4,1,1,1,4,4,1,2,2,2,4,2,2,2,2,3,4,2,4,0,-1.302886338,-0.691831844,-1.207931141,1,0,1,0,3,0,0,1,0,0,2,0,4,1,0,1,0,1,2,0,1,0,0,0,0,0,0,0,1,0,2,0,1,0,2,0,0,1,3,1,0,0,1,1,0,0,1,0,1,0,0,2
3714,49,2,0.055796896,0,98383,0,1,0,4,0,0,0,1,0,3,2,4,2,4,3,4,3,5,5,3,2,3,3,2,2,2,2,2,3,2,2,4,1,-0.081930836,-0.709810878,-1.358723733,1,0,1,0,3,1,1,1,0,0,2,0,4,0,1,2,0,1,2,0,0,0,1,1,0,1,1,1,0,0,1,0,1,0,2,0,1,0,2,1,0,0,1,1,0,0,1,1,0,0,0,1
3716,49,2,0.011604839,0,98087,1,0,0,2,0,1,0,0,0,2,5,5,5,5,1,1,1,5,5,5,2,2,2,4,2,3,2,2,3,1,2,2,1,1.663678236,-1.228094982,0.968516809,1,0,0,1,4,0,0,0,0,0,2,0,5,0,1,2,0,1,2,0,0,0,1,0,0,1,1,0,0,1,3,0,1,0,2,0,0,1,3,0,1,0,2,1,0,0,1,0,0,0,1,4
3719,49,2,0.010077806,0,98381,0,0,1,2,0,1,0,0,0,3,5,4,2,4,1,1,1,4,3,3,2,2,2,4,2,2,2,2,3,3,2,2,0,-1.059447093,0.946688449,-0.478203087,1,0,1,0,3,1,1,1,0,0,2,0,4,1,0,1,1,0,1,0,0,0,1,1,0,0,0,0,0,0,0,0,0,0,0,0,0,0,0,0,0,0,0,0,0,0,0,0,0,0,0,0
3720,49,2,0.03324495,0,98466,0,1,0,3,0,0,1,0,0,3,5,4,5,5,5,5,5,5,5,5,2,2,2,4,2,2,2,2,2,4,4,4,1,0.837977965,-0.485779711,1.121243376,1,0,1,0,3,0,0,1,0,0,2,0,4,1,0,1,0,1,2,0,0,0,0,1,0,1,1,0,1,0,2,0,1,0,2,1,0,0,1,1,0,0,1,1,0,0,1,0,0,0,1,4
3722,49,2,0.029354756,0,98059,0,1,0,3,0,0,1,0,0,3,2,3,4,4,2,2,2,4,3,3,2,3,2,4,3,2,3,2,3,3,2,3,0,0.15783911,1.090322326,-1.204186833,1,1,0,0,2,1,1,0,0,1,2,0,3,1,0,1,0,1,2,0,0,0,0,1,0,0,0,0,1,0,2,0,1,0,2,1,0,0,1,0,0,1,3,1,0,0,1,0,0,1,0,3
3729,49,4,0.218794687,0,98380,0,1,0,3,0,0,1,0,0,3,4,4,3,4,2,2,3,4,4,4,2,2,2,4,2,2,2,2,2,4,3,3,1,0.195723858,-0.535965405,-0.927566267,1,0,0,1,4,0,0,1,0,0,2,0,4,0,1,2,0,1,2,0,1,0,0,1,0,1,1,1,0,0,1,1,0,0,1,1,0,0,1,1,0,0,1,1,0,0,1,1,0,0,0,1
3730,49,4,0.002256646,0,98402,0,1,0,3,0,0,1,0,0,1,4,4,5,5,3,5,3,5,5,5,3,3,3,3,1,1,1,1,3,2,2,2,0,0.624635555,0.099392659,1.250118306,1,1,0,0,2,0,0,1,0,0,2,0,4,1,0,1,0,0,3,0,0,0,0,0,0,0,0,0,1,0,2,0,0,1,3,0,0,1,3,0,1,0,2,0,0,1,3,0,0,0,1,4
3734,49,2,0.013801612,0,98467,0,1,0,2,0,1,0,0,0,3,4,4,4,3,2,2,2,3,4,3,2,2,2,2,2,2,2,2,2,4,2,4,0,-0.197411493,0.652453452,-1.780743747,1,1,0,0,2,0,0,1,0,0,2,0,4,1,0,1,0,1,2,0,0,0,1,0,0,0,0,0,0,1,3,0,1,0,2,1,0,0,1,0,0,1,3,0,1,0,2,0,0,1,0,3
3735,49,2,0.074827132,0,98107,1,0,0,2,0,1,0,0,0,4,4,4,4,4,3,3,3,3,2,3,2,3,3,3,3,2,3,3,2,2,2,2,0,-1.713679276,0.360833955,0.606183433,0,1,0,0,2,0,0,0,1,0,2,0,2,0,1,2,1,0,1,0,0,0,1,0,1,0,0,0,0,1,3,0,0,1,3,1,0,0,1,1,0,0,1,1,0,0,1,0,0,0,1,4
3736,49,2,0.198532749,0,98001,0,1,0,1,1,0,0,0,0,2,3,4,3,4,1,3,4,4,4,3,2,3,1,2,1,1,3,1,1,3,2,2,0,-1.384036675,0.019998977,0.8517519,1,0,0,0,1,0,0,0,1,0,2,0,2,1,0,1,1,0,1,0,0,0,1,0,1,0,0,0,1,0,2,0,1,0,2,0,0,1,3,1,0,0,1,0,1,0,2,0,1,0,0,2
3738,49,3,0.058896207,0,98007,1,0,0,4,0,0,0,1,0,4,6,3,4,4,5,4,4,4,4,4,2,2,2,2,3,3,3,3,3,2,2,3,0,-0.510415369,-0.571100634,-0.567604792,1,0,1,0,3,0,0,0,0,0,1,1,1,1,0,1,1,0,1,1,1,0,0,0,1,0,0,0,0,1,3,0,0,1,3,0,1,0,2,0,0,1,3,1,0,0,1,0,0,0,1,4
3739,49,4,0.005114516,0,98332,0,1,0,3,0,0,1,0,0,1,4,1,5,4,1,1,1,2,3,3,2,2,2,3,2,2,2,2,2,3,3,3,1,0.908827316,-2.064515801,0.383470666,1,1,0,0,2,1,1,1,0,0,2,0,4,0,1,2,0,0,3,1,0,0,0,1,0,1,1,1,0,0,1,1,0,0,1,0,1,0,2,0,1,0,2,1,0,0,1,0,1,0,0,2
3742,49,4,0.048808466,0,98375,0,1,0,4,0,0,0,1,0,3,4,2,3,5,1,1,1,3,3,1,2,2,3,2,3,2,1,2,3,4,2,1,1,-0.859162736,0.215853428,-1.042088013,1,0,0,0,1,0,0,1,0,0,2,0,4,1,0,1,0,0,3,1,1,0,0,0,0,1,1,0,1,0,2,0,1,0,2,1,0,0,1,1,0,0,1,1,0,0,1,0,1,0,0,2
3743,49,4,0.016439288,0,98258,0,1,0,1,1,0,0,0,0,1,3,0,3,4,1,1,1,3,3,1,2,2,2,1,2,2,2,2,3,4,3,3,1,-1.645556054,-0.355080873,0.660937226,1,0,0,1,4,0,0,1,0,0,2,0,4,0,1,2,0,1,2,0,0,0,0,1,0,1,1,0,1,0,2,1,0,0,1,1,0,0,1,1,0,0,1,0,1,0,2,0,1,0,0,2
3745,49,2,0.100949254,0,98103,1,0,0,2,0,1,0,0,0,3,3,3,3,4,3,3,4,4,4,3,1,2,2,3,2,2,2,1,2,4,3,3,0,0.073695729,0.069761027,-0.718245945,0,0,1,0,3,0,1,1,0,0,2,0,4,0,0,3,0,1,2,0,0,0,0,1,0,0,0,0,0,1,3,0,0,1,3,1,0,0,1,0,0,1,3,1,0,0,1,0,0,0,1,4
3747,49,2,0.138938202,0,98118,0,1,0,3,0,0,1,0,0,3,5,4,2,5,2,3,3,4,3,3,1,1,2,1,2,2,2,1,3,3,3,3,0,-0.705447239,0.988401422,0.030401531,0,1,0,0,2,0,0,0,0,0,2,0,5,0,0,3,0,0,3,0,0,0,1,1,0,0,0,0,0,1,3,0,1,0,2,1,0,0,1,1,0,0,1,0,0,1,3,0,0,0,1,4
3749,42,4,2.553736412,0,29640,0,1,0,2,0,1,0,0,0,2,4,1,2,5,1,1,1,4,5,3,2,2,2,3,2,2,3,2,2,4,3,3,1,0.877394124,0.664819525,-0.007760659,1,0,0,1,4,0,0,1,0,0,1,1,1,0,1,2,1,0,1,0,0,0,0,1,0,1,1,1,0,0,1,1,0,0,1,0,1,0,2,0,1,0,2,1,0,0,1,1,0,0,0,1
3752,49,4,0.0083043,0,98103,1,0,0,1,1,0,0,0,0,2,3,1,4,4,1,1,1,2,3,1,2,3,2,2,2,2,2,2,2,1,2,3,0,0.477595205,-0.322147616,-0.062175802,1,0,0,1,4,1,1,1,0,0,2,0,4,1,0,1,0,1,2,0,0,0,0,1,0,0,0,0,0,1,3,0,0,1,3,1,0,0,1,0,0,1,3,1,0,0,1,0,0,0,1,4
3753,49,2,0.006440927,0,98032,1,0,0,2,0,1,0,0,0,2,4,3,5,5,5,5,3,5,5,5,2,2,3,4,3,2,2,2,3,4,4,2,1,0.793387411,0.779548895,0.959339422,1,1,0,0,2,0,0,0,0,1,2,0,3,0,1,2,0,1,2,0,1,0,0,0,1,1,1,0,0,1,3,0,0,1,3,0,0,1,3,0,1,0,2,0,1,0,2,0,0,0,1,4
3754,49,4,0.100159555,0,98034,1,0,0,2,0,1,0,0,0,3,5,4,2,3,2,3,2,4,4,3,2,2,2,2,2,2,2,2,3,3,2,2,0,-0.167154295,-1.27560447,1.202649031,1,0,1,0,3,0,1,1,0,0,2,0,4,0,0,3,0,1,2,0,0,0,0,1,0,0,0,0,0,1,3,0,0,1,3,0,1,0,2,0,1,0,2,1,0,0,1,0,0,1,0,3
3757,49,4,0.071795519,0,98023,0,1,0,5,0,0,0,0,1,5,4,5,1,3,2,1,3,4,3,2,1,1,3,2,2,2,1,1,3,1,1,1,0,-2.188061496,-0.685841384,-0.709886356,1,0,1,0,3,0,0,1,0,0,2,0,4,1,0,1,0,0,3,0,1,0,0,0,0,0,0,0,0,1,3,0,1,0,2,1,0,0,1,1,0,0,1,1,0,0,1,0,0,1,0,3
3758,49,2,0.313825973,0,98007,1,0,0,2,0,1,0,0,0,3,4,3,3,5,3,2,1,5,5,3,2,2,2,3,3,2,2,2,3,3,2,4,0,0.109230943,-0.855750589,0.099036971,1,0,1,0,3,0,0,1,0,0,2,0,4,1,0,1,1,0,1,0,0,0,0,0,0,0,0,0,0,1,3,0,0,1,3,0,1,0,2,0,0,1,3,1,0,0,1,0,0,0,1,4
3760,49,1,0.006397245,0,98296,0,1,0,2,0,1,0,0,0,3,5,3,2,5,4,3,1,4,5,3,2,3,2,2,2,2,2,2,2,4,2,3,0,0.325244735,-0.769604346,-0.844678101,1,1,0,0,2,1,1,1,0,0,2,0,4,0,1,2,0,0,3,0,1,0,0,1,0,0,0,1,0,0,1,1,0,0,1,1,0,0,1,0,0,1,3,1,0,0,1,1,0,0,0,1
3761,49,2,0.058971694,0,98056,0,1,0,1,1,0,0,0,0,1,5,1,5,2,1,1,1,4,4,4,2,2,2,1,2,2,2,2,2,4,3,3,1,-0.087664376,0.197881923,-0.631547769,1,0,0,1,4,0,0,1,0,0,2,0,4,0,1,2,1,0,1,0,0,0,1,1,0,1,1,0,0,1,3,0,1,0,2,1,0,0,1,0,1,0,2,1,0,0,1,0,0,0,1,4
3762,49,4,0.011100284,0,98498,0,1,0,3,0,0,1,0,0,3,4,3,3,5,2,3,3,4,4,3,2,2,2,4,2,2,2,2,3,3,2,4,1,0.871716894,-0.884768432,-0.435437558,1,0,0,1,4,0,0,1,0,0,2,0,4,1,0,1,0,0,3,0,0,0,0,1,0,1,1,0,1,0,2,0,1,0,2,0,1,0,2,1,0,0,1,0,1,0,2,0,0,1,0,3
3764,49,4,0.074560699,0,98059,0,1,0,4,0,0,0,1,0,2,5,5,3,5,1,2,1,5,5,4,1,2,2,1,2,2,2,2,2,3,3,3,1,-0.083577267,0.754409683,-1.350181246,1,0,1,0,3,1,1,0,1,0,2,0,2,0,1,2,0,1,2,0,0,0,0,1,0,1,1,0,1,0,2,0,1,0,2,1,0,0,1,0,0,1,3,1,0,0,1,0,0,1,0,3
3766,49,2,0.049341773,0,98102,1,0,0,2,0,1,0,0,0,2,5,4,3,5,2,2,1,4,5,2,2,1,2,2,2,2,2,2,2,4,3,4,0,-0.403878601,-0.872375131,0.536615863,1,0,0,0,1,0,1,1,0,0,2,0,4,0,1,2,1,0,1,0,0,0,0,0,0,0,0,0,0,1,3,0,0,1,3,0,0,1,3,0,0,1,3,0,0,1,3,0,0,0,1,4
3768,49,4,0.017283937,0,98366,0,1,0,2,0,1,0,0,0,3,6,2,3,4,2,3,3,2,3,3,2,2,2,3,2,2,2,2,2,3,3,4,1,-0.251956584,0.226532539,-0.177411271,1,1,0,0,2,0,0,1,0,0,2,0,4,1,0,1,0,1,2,0,0,0,0,1,0,1,1,1,0,0,1,0,1,0,2,1,0,0,1,0,1,0,2,0,1,0,2,0,0,1,0,3
3771,49,2,0.022453993,0,98208,0,1,0,3,0,0,1,0,0,2,5,3,4,5,1,3,1,5,5,4,2,2,3,2,2,2,2,2,3,2,2,2,1,0.93888937,-0.758028195,0.133370193,1,1,0,0,2,0,0,1,0,0,2,0,4,1,0,1,1,0,1,0,1,0,0,0,0,1,1,0,1,0,2,0,0,1,3,0,0,1,3,0,1,0,2,1,0,0,1,0,0,1,0,3
3772,49,4,0.007916732,0,98155,0,1,0,3,0,0,1,0,0,2,6,5,1,5,3,1,3,4,5,5,3,1,2,2,2,2,3,3,3,2,2,2,0,1.408260653,0.019044024,0.189690261,1,0,0,1,4,0,0,1,0,0,2,0,4,0,1,2,0,0,3,0,0,0,0,1,0,0,0,0,1,0,2,0,1,0,2,0,1,0,2,1,0,0,1,1,0,0,1,0,0,1,0,3
3776,49,4,0.029345248,0,98405,1,0,0,1,1,0,0,0,0,2,3,0,4,3,3,4,1,3,3,4,2,2,2,3,2,2,2,3,2,3,2,2,1,0.135295292,0.742783423,0.829136027,0,0,1,0,3,0,0,1,0,0,2,0,4,1,0,1,1,0,1,0,0,0,0,1,0,1,1,0,0,1,3,0,0,1,3,1,0,0,1,0,1,0,2,0,1,0,2,0,0,0,1,4
3782,49,2,0.027082585,0,98042,0,1,0,3,0,0,1,0,0,4,5,4,5,5,4,2,2,2,5,5,3,1,1,2,2,2,1,3,2,3,2,2,1,0.31601796,0.152554344,-0.19404244,0,0,0,1,4,1,1,1,0,0,2,0,4,0,1,2,1,0,1,0,0,0,0,1,0,1,1,0,1,0,2,1,0,0,1,0,1,0,2,1,0,0,1,1,0,0,1,1,0,0,0,1
3786,49,2,0.030328504,0,98201,1,0,0,3,0,0,1,0,0,3,5,4,2,5,2,3,2,3,5,2,2,2,2,3,2,2,2,2,2,3,3,3,0,-0.8624412,-0.838813544,-1.418224071,1,1,0,0,2,0,1,1,0,0,2,0,4,0,1,2,0,1,2,0,0,0,0,0,0,0,0,0,0,1,3,0,0,1,3,0,1,0,2,0,0,1,3,0,1,0,2,0,0,0,1,4
3788,49,2,0.067707947,0,98033,1,0,0,2,0,1,0,0,0,2,4,2,3,3,1,1,3,3,3,3,2,2,2,3,2,2,2,2,2,3,3,4,1,0.256687745,0.216387415,-0.048169042,1,1,0,0,2,1,1,1,0,0,2,0,4,0,0,3,0,0,3,1,0,0,1,1,0,1,1,0,1,0,2,0,0,1,3,0,0,1,3,0,0,1,3,1,0,0,1,0,0,0,1,4
3789,49,2,0.016289472,0,98032,1,0,0,3,0,0,1,0,0,3,5,3,4,2,3,5,2,2,4,3,2,3,3,3,2,3,2,1,2,2,3,2,0,-0.89032238,0.697958281,-0.332657214,1,1,0,0,2,0,0,0,1,0,2,0,2,1,0,1,0,0,3,1,0,0,0,1,0,0,0,0,0,1,3,0,0,1,3,0,0,1,3,0,1,0,2,0,1,0,2,0,0,0,1,4
3791,49,4,0.013072534,0,98204,1,0,0,2,0,1,0,0,0,1,2,1,4,3,1,1,4,1,3,1,2,2,2,2,2,2,2,2,2,4,4,4,0,-0.138275919,-0.63306757,-0.244263418,1,1,0,0,2,1,1,1,0,0,2,0,4,0,0,0,1,0,1,0,0,0,0,0,0,0,0,0,0,1,3,0,0,1,3,0,1,0,2,0,0,1,3,1,0,0,1,0,0,0,1,4
3792,49,4,0.011177602,0,98223,0,1,0,3,0,0,1,0,0,2,2,3,2,5,2,2,1,2,2,2,1,2,2,3,2,2,2,2,3,3,3,4,1,-1.909507856,-0.40920463,-0.126488227,0,1,0,0,2,0,0,1,0,0,2,0,4,0,1,2,0,0,3,0,1,0,0,1,0,1,1,1,0,0,1,1,0,0,1,0,1,0,2,1,0,0,1,1,0,0,1,1,0,0,0,1
3793,49,2,0.07009369,0,98122,1,0,0,5,0,0,0,0,1,4,5,4,2,5,5,5,1,5,4,5,3,3,3,2,2,1,1,3,3,2,2,2,0,-0.844847469,0.399563653,0.764613815,0,0,0,0,1,0,0,1,0,0,2,0,4,1,0,1,1,0,1,0,1,0,1,0,1,0,0,0,0,1,3,0,0,1,3,1,0,0,1,0,0,1,3,0,0,1,3,0,0,0,1,4
3794,49,2,0.071090846,0,98106,0,1,0,3,0,0,1,0,0,3,2,4,1,4,4,3,1,5,5,4,1,1,1,3,3,2,1,1,3,2,2,3,1,0.430264356,1.587392053,0.345544909,0,1,0,0,2,0,1,1,0,0,2,0,4,0,0,3,0,0,3,1,0,0,0,0,0,1,1,0,0,1,3,0,1,0,2,1,0,0,1,1,0,0,1,0,1,0,2,0,0,0,1,4
3795,49,2,0.063798927,0,98056,0,1,0,2,0,1,0,0,0,2,2,3,3,4,3,3,4,4,4,4,2,2,3,3,2,2,1,1,3,4,2,4,0,0.025489949,0.846439033,-0.187823265,0,0,0,1,4,0,0,0,1,0,2,0,2,1,0,1,1,0,1,0,1,0,0,0,1,0,0,0,0,1,3,0,1,0,2,1,0,0,1,0,1,0,2,1,0,0,1,0,0,0,1,4
3796,49,2,0.015455356,0,98087,1,0,0,2,0,1,0,0,0,1,4,1,5,5,1,1,1,3,5,3,1,1,3,3,2,2,2,2,2,3,3,3,1,0.899879591,-1.933052668,-1.04354628,1,0,1,0,3,0,1,1,0,0,2,0,4,1,0,1,0,1,2,0,1,0,1,0,0,1,1,0,0,1,3,0,1,0,2,0,0,1,3,0,1,0,2,1,0,0,1,0,0,0,1,4
3797,49,4,0.18027499,0,98402,0,1,0,2,0,1,0,0,0,2,6,3,3,4,2,2,2,3,4,4,2,2,2,3,2,2,2,2,3,3,2,2,1,-0.756781339,0.496768053,-0.140962428,1,1,0,0,2,0,0,0,0,0,1,1,1,0,1,2,0,0,3,1,0,0,0,0,1,1,1,0,1,0,2,0,0,1,3,0,0,1,3,0,1,0,2,0,0,1,3,0,0,0,1,4
3800,49,2,0.059169062,0,98055,0,1,0,2,0,1,0,0,0,1,3,1,4,3,1,1,1,1,1,1,2,2,2,3,2,2,2,2,2,1,3,4,0,-1.466009688,-0.462511009,0.232857246,0,0,1,0,3,0,1,1,0,0,2,0,4,0,1,2,0,1,2,0,0,0,1,1,0,0,0,0,1,0,2,0,0,1,3,0,0,1,3,0,0,1,3,1,0,0,1,0,0,1,0,3
3803,49,4,0.015361065,0,98146,0,1,0,3,0,0,1,0,0,3,4,3,3,4,2,2,2,4,3,4,3,2,2,4,2,2,3,2,3,4,2,2,1,-0.039540458,0.881029016,-0.043701742,0,0,1,0,3,0,0,1,0,0,2,0,4,0,1,2,0,0,3,1,1,0,0,1,0,1,1,0,0,1,3,0,1,0,2,1,0,0,1,0,1,0,2,0,1,0,2,0,0,1,0,3
3804,49,2,0.014893027,0,98290,0,1,0,2,0,1,0,0,0,2,3,1,4,4,4,4,2,4,4,4,2,3,3,2,3,1,1,1,3,3,3,3,0,0.358604585,-0.950063283,0.131749312,1,1,0,0,2,0,0,1,0,0,2,0,4,0,1,2,0,0,3,0,0,0,0,1,0,0,0,1,0,0,1,0,1,0,2,1,0,0,1,1,0,0,1,0,1,0,2,1,0,0,0,1
3807,49,2,0.012747697,0,98178,0,1,0,4,0,0,0,1,0,3,5,4,1,5,4,3,1,4,5,4,3,1,3,4,2,1,2,2,3,1,2,2,1,-0.71274223,0.984855927,0.24644494,1,0,0,1,4,1,1,1,0,0,2,0,4,1,0,1,1,0,1,0,0,0,0,1,0,1,1,0,1,0,2,0,0,1,3,0,0,1,3,1,0,0,1,0,1,0,2,0,0,0,1,4
3810,49,2,0.014447945,0,98104,1,0,0,3,0,0,1,0,0,1,1,1,5,4,1,1,1,3,2,1,2,2,2,3,2,2,2,1,2,4,3,4,1,1.054694504,-0.187943041,-0.496855509,0,1,0,0,2,1,1,1,0,0,1,1,1,0,1,2,0,0,3,1,0,0,1,1,0,1,1,0,0,1,3,0,0,1,3,0,0,1,3,0,0,1,3,0,0,1,3,0,0,0,1,4
3811,49,2,0.164027321,0,98108,1,0,0,2,0,1,0,0,0,1,4,1,4,5,1,1,1,5,5,3,1,2,2,1,3,1,1,1,3,3,2,2,1,-0.104386146,-0.820859994,-0.880807424,0,1,0,0,2,1,1,0,0,1,2,0,3,0,1,2,1,0,1,0,0,0,0,1,0,1,1,0,0,1,3,0,0,1,3,0,0,1,3,0,1,0,2,0,0,1,3,0,0,0,1,4
3814,49,2,0.046424721,0,98166,0,1,0,2,0,1,0,0,0,1,4,3,4,4,2,2,3,3,4,3,2,2,2,3,2,2,2,2,2,3,3,3,0,0.124076183,-0.846768842,0.779663456,1,1,0,0,2,1,1,1,0,1,2,0,3,0,1,2,0,0,3,1,0,0,0,1,0,0,0,0,1,0,2,0,1,0,2,1,0,0,1,0,1,0,2,1,0,0,1,0,0,1,0,3
3815,49,4,0.022927102,0,98033,1,0,0,2,0,1,0,0,0,2,5,2,4,5,1,1,2,4,4,3,1,1,2,2,3,1,2,2,2,4,4,2,1,-0.193726082,-0.810574703,1.297985627,0,0,0,1,4,0,0,1,0,0,2,0,4,1,0,1,1,0,1,0,0,0,0,1,1,1,1,0,1,0,2,0,0,1,3,0,0,1,3,0,0,1,3,1,0,0,1,0,0,0,1,4
3816,49,1,0.210388283,0,98058,0,1,0,2,0,1,0,0,0,2,4,1,4,5,1,1,1,4,2,1,2,2,1,4,2,1,1,2,3,3,3,4,0,-1.278412341,-1.771849347,1.489312427,0,1,0,0,2,0,0,1,0,0,2,0,4,0,0,3,0,1,2,0,0,1,0,1,0,0,0,0,1,0,2,1,0,0,1,1,0,0,1,1,0,0,1,1,0,0,1,0,1,0,0,2
3819,49,4,0.013562203,0,98444,0,1,0,2,0,1,0,0,0,3,2,2,3,4,1,3,3,4,4,3,2,2,2,4,2,2,2,2,3,3,2,3,1,0.093809539,-1.181309166,-0.626123063,1,0,0,1,4,0,0,1,0,0,2,0,4,1,0,1,0,1,2,0,1,0,0,0,0,1,1,0,0,1,3,0,1,0,2,0,0,1,3,0,1,0,2,0,1,0,2,0,0,0,1,4
3820,49,4,0.032790082,0,98405,1,0,0,3,0,0,1,0,0,1,5,5,1,5,3,5,3,5,5,5,2,2,2,4,3,1,1,3,1,1,2,1,0,-0.672023649,1.606785406,-1.181310465,1,1,0,0,2,0,0,1,0,0,2,0,4,1,0,1,0,0,3,1,0,0,0,0,0,0,0,0,0,1,3,0,0,1,3,1,0,0,1,0,1,0,2,0,1,0,2,0,0,0,1,4
3824,49,1,0.195865123,0,98271,0,1,0,1,1,0,0,0,0,1,5,0,4,4,1,1,1,4,1,3,2,2,2,4,2,2,2,2,2,3,3,1,1,-0.959949959,1.164588651,0.865209417,0,1,0,0,2,0,0,1,0,0,2,0,4,1,0,1,1,0,1,1,0,0,1,1,0,1,1,1,0,0,1,1,0,0,1,0,1,0,2,0,1,0,2,1,0,0,1,1,0,0,0,1
3826,49,2,0.036666115,0,98019,0,1,0,2,0,1,0,0,0,3,4,2,2,3,3,3,3,3,3,3,2,2,2,3,2,2,2,2,2,3,3,3,1,-0.689262568,1.070616772,0.180503717,0,1,0,0,2,0,0,1,0,0,2,0,4,0,1,2,0,0,3,1,0,0,0,1,0,1,1,1,0,0,1,1,0,0,1,1,0,0,1,0,1,0,2,1,0,0,1,0,1,0,0,2
3827,49,4,0.061238555,0,98074,0,1,0,3,0,0,1,0,0,2,4,2,4,4,3,3,1,5,5,5,2,1,1,3,2,2,2,2,3,3,2,2,1,-0.685191186,0.819844466,-0.281138987,1,1,0,0,2,1,1,1,0,0,2,0,4,0,0,3,0,0,3,1,0,0,0,0,0,1,1,0,1,0,2,1,0,0,1,1,0,0,1,1,0,0,1,1,0,0,1,0,1,0,0,2
3828,49,4,0.075509203,0,98444,0,1,0,4,0,0,0,1,0,3,4,3,3,1,3,1,5,5,1,5,1,1,1,1,1,1,1,1,1,1,1,1,1,-0.629433056,-0.585105207,1.820358902,0,1,0,0,2,0,0,0,0,0,1,1,1,1,0,1,0,0,3,0,0,0,0,0,0,1,1,0,0,1,3,0,1,0,2,0,0,1,3,0,1,0,2,0,1,0,2,0,0,0,1,4
3831,49,4,0.03084506,0,98408,0,1,0,1,1,0,0,0,0,1,2,2,4,4,2,2,2,5,5,2,1,2,2,4,2,2,3,1,2,1,2,4,0,0.645063045,-0.424654341,0.077397157,0,0,0,1,4,1,1,1,0,0,2,0,4,0,1,2,1,0,1,0,0,0,0,0,0,0,0,0,0,1,3,1,0,0,1,1,0,0,1,1,0,0,1,1,0,0,1,0,0,0,1,4
3835,49,2,0.076723507,0,98188,1,0,0,2,0,1,0,0,0,2,4,4,2,5,3,2,3,4,4,4,3,2,2,2,2,1,1,2,3,3,2,2,1,-0.098877187,0.765677096,0.419504962,0,0,0,1,4,0,0,1,0,0,2,0,4,0,1,2,0,1,2,0,1,0,0,0,0,1,1,0,0,1,3,0,0,1,3,0,0,1,3,0,0,1,3,0,0,1,3,0,0,1,0,3
3837,49,2,0.008728462,0,98057,0,1,0,3,0,0,1,0,0,1,5,5,4,5,2,2,2,4,4,4,1,1,1,1,2,1,1,1,2,2,3,2,1,1.039722343,0.339868273,0.745895705,0,0,0,1,4,1,1,0,0,1,2,0,3,1,0,1,1,0,1,0,1,0,0,0,1,1,1,0,1,0,2,0,0,1,3,0,0,1,3,0,0,1,3,0,1,0,2,0,0,0,1,4
3842,49,4,0.033793756,0,98133,1,0,0,3,0,0,1,0,0,3,3,3,4,3,2,4,3,5,4,3,3,3,2,4,1,1,2,2,3,2,2,2,1,-1.316349373,0.83591627,0.240251279,1,1,0,0,2,0,0,1,0,0,2,0,4,0,1,2,0,1,2,0,1,0,0,0,0,1,1,0,0,1,3,0,0,1,3,0,1,0,2,0,1,0,2,1,0,0,1,0,0,0,1,4
3844,49,4,0.047132514,0,98042,0,1,0,4,0,0,0,1,0,3,5,3,4,5,2,2,3,5,5,3,1,1,2,1,3,1,2,2,3,3,3,4,0,0.539020148,-0.30419965,-1.02984044,1,0,1,0,3,0,0,1,0,0,2,0,4,0,1,2,0,0,3,0,0,0,0,1,0,0,0,0,1,0,2,1,0,0,1,0,1,0,2,1,0,0,1,1,0,0,1,1,0,0,0,1
3845,49,4,0.017845942,0,98499,0,1,0,3,0,0,1,0,0,3,5,4,2,2,2,4,4,4,5,3,3,1,1,2,2,2,3,2,1,2,2,3,0,0.01925851,0.180810738,-0.876208394,1,0,0,1,4,0,0,1,0,0,2,0,4,1,0,1,0,1,2,0,0,0,0,0,0,0,0,0,1,0,2,0,0,1,3,0,0,1,3,0,0,1,3,0,1,0,2,0,0,0,1,4
3846,49,2,0.030134896,0,98370,0,1,0,1,1,0,0,0,0,1,4,1,4,4,2,2,2,3,4,2,2,2,2,3,2,2,2,2,2,4,4,4,1,0.028122388,-0.209058558,0.302834378,0,0,0,1,4,0,0,1,0,0,2,0,4,0,1,2,0,0,3,1,0,0,0,1,0,1,1,1,0,0,1,1,0,0,1,1,0,0,1,0,1,0,2,0,1,0,2,0,1,0,0,2
3847,49,4,0.064181234,0,98366,0,1,0,4,0,0,0,1,0,4,5,5,2,5,2,1,1,2,2,1,2,2,3,4,2,2,2,2,3,4,3,4,1,-1.231631509,-1.734771108,-1.587825219,0,1,0,0,2,0,0,1,0,0,2,0,4,1,0,1,1,0,1,0,1,0,0,0,1,1,1,1,0,0,1,0,1,0,2,1,0,0,1,0,1,0,2,0,1,0,2,0,0,1,0,3
3848,49,4,0.165537492,0,98108,1,0,0,3,0,0,1,0,0,3,5,4,2,4,4,4,2,2,4,3,1,2,2,2,3,2,1,3,3,2,2,2,0,-0.036459059,0.27324435,-0.213031401,0,0,1,0,3,1,1,0,0,1,2,0,3,0,1,2,0,1,2,0,0,0,0,1,0,0,0,0,0,1,3,0,0,1,3,0,0,1,3,0,1,0,2,0,0,1,3,0,0,0,1,4
3849,49,4,0.022064495,0,98045,0,1,0,3,0,0,1,0,0,2,5,4,4,5,1,1,1,1,3,3,2,2,2,3,2,2,2,2,2,3,2,2,0,1.527568526,-0.580608442,0.000404646,1,0,0,1,4,0,0,1,0,0,2,0,4,1,0,1,1,0,1,0,0,0,0,0,0,0,0,1,0,0,1,0,1,0,2,0,1,0,2,0,0,1,3,1,0,0,1,0,0,1,0,3
3853,49,2,0.025317398,0,98372,0,1,0,1,1,0,0,0,0,2,5,2,5,4,1,1,1,1,5,1,1,1,1,1,3,1,1,1,3,1,2,1,0,0.012013978,-0.735848555,-0.268266077,1,1,0,0,2,0,1,1,0,0,2,0,4,0,0,3,0,0,3,1,0,0,1,1,0,0,0,0,1,0,2,0,0,1,3,0,0,1,3,0,1,0,2,0,1,0,2,0,1,0,0,2
3854,49,2,0.17012642,0,98201,1,0,0,3,0,0,1,0,0,3,4,4,3,3,3,4,3,4,4,4,1,1,1,1,1,3,1,2,1,1,3,4,0,0.236167942,-0.643840182,0.286138667,1,0,1,0,3,0,0,0,0,1,2,0,3,1,0,1,1,0,1,0,0,0,1,0,1,0,0,0,0,1,3,0,0,1,3,0,1,0,2,0,0,1,3,0,1,0,2,0,0,0,1,4
3855,49,1,0.017398671,0,98374,0,1,0,3,0,0,1,0,0,3,5,5,4,4,3,2,5,5,5,5,1,3,3,1,2,1,2,1,3,1,2,3,1,1.218678455,0.868393645,-1.064885732,1,0,0,0,1,1,1,0,1,0,2,0,2,1,0,1,0,0,3,1,0,0,0,0,0,1,1,0,1,0,2,0,1,0,2,1,0,0,1,1,0,0,1,1,0,0,1,1,0,0,0,1
3856,49,2,0.249401096,0,98155,0,1,0,3,0,0,1,0,0,3,4,4,2,3,2,2,1,3,3,2,2,2,2,1,2,2,2,2,2,1,3,1,0,0.088792286,0.288718585,-0.0954546,1,0,0,1,4,0,0,1,0,0,2,0,4,0,0,3,0,0,3,0,1,0,0,1,0,0,0,0,1,0,2,0,1,0,2,0,1,0,2,1,0,0,1,1,0,0,1,0,0,1,0,3
3857,49,4,0.027849494,0,98321,0,1,0,1,1,0,0,0,0,1,2,0,4,2,1,1,1,3,2,1,2,2,2,4,2,2,2,2,2,3,2,3,1,0.83405555,0.164212958,0.640195373,1,0,1,0,3,0,0,1,0,0,2,0,4,0,1,2,0,1,2,0,0,0,0,1,0,1,1,1,0,0,1,1,0,0,1,1,0,0,1,1,0,0,1,1,0,0,1,1,0,0,0,1
3859,49,4,0.013562203,0,98405,1,0,0,1,1,0,0,0,0,1,5,3,1,5,1,1,1,5,5,4,1,2,2,4,2,2,1,2,3,4,2,2,0,0.824908149,-0.973214841,1.127477868,1,0,0,1,4,0,0,1,0,0,2,0,4,1,0,1,0,1,2,0,0,0,0,0,0,0,0,0,0,1,3,0,0,1,3,1,0,0,1,0,1,0,2,0,1,0,2,0,0,0,1,4
3866,49,4,0.132110729,0,98012,0,1,0,3,0,0,1,0,0,2,4,3,4,4,4,1,1,3,5,1,3,1,1,2,2,2,1,1,3,1,2,1,0,0.134876626,0.475763064,-0.087648346,1,0,1,0,3,0,0,1,0,0,2,0,4,0,0,3,0,0,3,0,0,0,0,0,0,0,0,0,1,0,2,0,1,0,2,1,0,0,1,1,0,0,1,1,0,0,1,0,0,1,0,3
3867,49,2,0.026763289,0,98290,0,1,0,3,0,0,1,0,0,3,5,5,4,5,3,2,2,5,5,3,2,2,2,2,3,2,2,2,3,4,2,3,1,0.372355607,-0.250981448,0.317338888,0,0,0,1,4,0,1,1,0,0,2,0,4,1,0,1,1,0,1,0,0,0,0,0,0,1,1,1,0,0,1,0,1,0,2,1,0,0,1,1,0,0,1,0,1,0,2,1,0,0,0,1
3868,49,2,0.110324164,0,98102,1,0,0,4,0,0,0,1,0,5,5,5,2,4,3,4,1,4,4,4,2,3,3,2,2,2,2,3,2,3,3,3,0,1.142027492,1.307971744,0.814233124,0,1,0,0,2,0,0,1,0,0,2,0,4,0,1,2,1,0,1,0,0,0,0,0,1,0,0,0,0,1,3,0,0,1,3,0,0,1,3,0,0,1,3,0,0,1,3,0,0,0,1,4
3870,49,4,0.084720617,0,98008,1,0,0,4,0,0,0,1,0,3,4,3,4,1,1,1,1,1,1,1,2,2,2,3,2,2,2,2,2,3,3,3,1,-0.131005242,0.766586435,0.575102627,1,0,0,0,1,0,0,1,0,0,1,1,1,0,1,2,0,0,3,0,0,0,0,0,0,1,1,0,0,1,3,0,0,1,3,0,1,0,2,1,0,0,1,1,0,0,1,0,0,0,1,4
3871,49,2,0.12192203,0,98052,0,1,0,2,0,1,0,0,0,2,3,3,5,3,1,1,1,2,4,1,2,2,2,3,2,3,3,2,2,4,4,4,0,0.788877004,-0.76974919,0.916460576,0,1,0,0,2,1,1,0,1,0,2,0,2,0,0,3,0,1,2,0,0,0,1,0,0,0,0,0,1,0,2,0,0,1,3,0,1,0,2,1,0,0,1,1,0,0,1,0,0,1,0,3
3872,49,4,0.017099072,0,98198,1,0,0,1,1,0,0,0,0,1,4,3,3,3,2,2,2,4,4,3,2,2,2,4,2,2,2,2,2,4,2,3,0,-0.338402179,0.619798402,0.081712739,1,0,0,1,4,0,0,1,0,0,2,0,4,1,0,1,1,0,1,0,0,0,0,1,0,0,0,0,0,1,3,0,1,0,2,0,1,0,2,0,1,0,2,0,1,0,2,0,0,1,0,3
3873,49,4,0.006052416,0,98001,0,1,0,4,0,0,0,1,0,5,6,5,1,5,1,1,1,4,4,4,2,2,2,4,2,2,2,2,3,2,4,4,0,-1.827958789,-0.083450905,-1.471881139,1,1,0,0,2,0,0,1,0,0,2,0,4,1,0,1,0,0,3,1,1,0,0,0,0,0,0,0,1,0,2,0,1,0,2,0,0,1,3,1,0,0,1,0,1,0,2,0,1,0,0,2
3875,49,2,0.016914271,0,98146,0,1,0,4,0,0,0,1,0,3,5,3,4,5,2,3,4,5,5,5,1,1,1,2,2,2,2,2,3,2,2,2,0,0.310264151,-0.476467809,-0.241656132,0,1,0,0,2,0,0,1,0,0,2,0,4,0,1,2,0,0,3,0,0,0,1,0,0,0,0,0,0,1,3,0,1,0,2,1,0,0,1,0,1,0,2,0,1,0,2,0,0,1,0,3
3876,49,4,0.311002426,0,98942,0,1,0,3,0,0,1,0,0,3,5,3,2,4,2,4,2,4,3,3,2,1,1,1,2,2,1,1,1,2,2,2,0,-0.574246716,0.179851209,-1.298505917,0,1,0,0,2,0,0,1,0,0,2,0,4,0,1,2,0,1,2,0,1,0,0,0,0,0,0,1,0,0,1,1,0,0,1,1,0,0,1,1,0,0,1,1,0,0,1,1,0,0,0,1
3881,49,4,0.026376709,0,98404,0,1,0,2,0,1,0,0,0,1,3,1,5,4,1,3,1,3,2,2,2,2,2,3,2,2,2,2,2,3,3,3,1,-0.183487075,-0.335220095,-1.903796502,1,0,0,0,1,1,1,0,0,1,2,0,3,1,0,1,0,0,3,1,0,0,0,1,0,1,1,0,0,1,3,0,1,0,2,0,1,0,2,1,0,0,1,0,1,0,2,0,0,0,1,4
3882,49,4,0.028979369,0,98020,0,1,0,3,0,0,1,0,0,3,5,4,1,2,1,1,1,4,5,5,3,1,2,2,2,2,2,2,2,4,2,1,1,0.93516713,0.504611692,0.0714608,1,0,1,0,3,1,1,1,0,0,2,0,4,0,1,2,1,0,1,0,1,0,0,0,0,1,1,0,1,0,2,1,0,0,1,1,0,0,1,0,1,0,2,0,1,0,2,0,0,1,0,3
3883,49,2,0.02465375,0,98374,0,1,0,3,0,0,1,0,0,2,5,3,4,4,2,2,2,4,4,4,3,2,3,2,3,1,2,1,2,3,2,2,1,-0.32974591,0.270151869,-0.10969154,0,0,0,1,4,1,1,1,0,0,2,0,4,0,1,2,1,0,1,0,0,0,0,1,0,1,1,0,1,0,2,0,1,0,2,1,0,0,1,1,0,0,1,1,0,0,1,1,0,0,0,1
3884,49,2,0.033983942,0,98087,1,0,0,2,0,1,0,0,0,2,5,4,3,4,3,1,1,1,3,3,3,2,2,3,2,3,2,2,3,4,4,4,1,-0.113009167,-1.628407616,-0.685057691,0,0,1,0,3,1,1,1,0,0,2,0,4,1,0,1,1,0,1,0,0,0,1,0,0,1,1,0,0,1,3,0,1,0,2,0,0,1,3,0,1,0,2,1,0,0,1,0,0,0,1,4
3885,43,2,0.497245972,0,57107,0,1,0,4,0,0,0,1,0,2,5,4,5,4,3,4,5,5,3,4,3,2,2,1,3,2,2,3,1,2,1,3,1,-0.14065192,1.613491746,1.050815137,0,0,0,0,1,1,1,1,0,0,2,0,4,0,1,2,0,0,3,1,0,0,0,1,0,1,1,1,0,0,1,1,0,0,1,0,0,1,3,0,1,0,2,1,0,0,1,0,1,0,0,2
3889,49,2,0.072926723,0,98109,1,0,0,2,0,1,0,0,0,2,4,1,3,3,3,3,3,3,3,3,3,3,3,2,1,2,3,3,3,2,2,3,0,-1.147286128,0.897233303,-0.573675305,1,0,0,0,1,1,1,1,0,0,1,1,1,0,1,2,1,0,1,0,0,0,0,0,0,0,0,0,0,1,3,0,0,1,3,0,0,1,3,0,0,1,3,0,1,0,2,0,0,0,1,4
3890,49,2,0.048385999,0,98032,1,0,0,4,0,0,0,1,0,2,4,4,4,4,5,5,5,4,5,4,3,2,1,4,2,2,2,3,2,2,2,2,1,0.67219308,1.284622052,0.716981199,0,1,0,0,2,0,1,1,0,0,2,0,4,0,0,3,0,0,3,1,0,1,1,0,0,1,1,0,0,1,3,0,0,1,3,0,0,1,3,0,1,0,2,0,1,0,2,0,0,0,1,4
3891,49,4,0.006052416,0,98001,0,1,0,4,0,0,0,1,0,4,6,5,2,5,3,2,1,4,3,3,2,1,1,1,2,2,2,2,2,4,3,4,0,-0.563819803,0.081424045,-1.958317017,1,1,0,0,2,0,0,1,0,0,2,0,4,1,0,1,0,0,3,1,1,0,0,0,0,0,0,0,1,0,2,0,1,0,2,0,0,1,3,1,0,0,1,0,1,0,2,0,1,0,0,2
3892,49,2,0.157634007,0,98168,0,1,0,1,1,0,0,0,0,1,4,1,5,3,1,1,1,4,4,1,3,2,3,3,2,2,2,1,2,4,2,4,0,-0.612485396,0.370104857,0.603033289,0,0,1,0,3,0,0,0,0,0,2,0,5,0,1,2,1,0,1,0,0,0,1,0,0,0,0,0,1,0,2,0,1,0,2,0,0,1,3,0,1,0,2,0,1,0,2,0,0,1,0,3
3894,49,2,0.025647794,0,98004,0,1,0,3,0,0,1,0,0,3,4,4,3,4,5,4,3,3,4,5,3,2,3,1,2,3,2,3,1,2,1,2,1,-0.443418826,0.947096399,0.710574479,0,0,1,0,3,0,1,1,0,0,2,0,4,0,0,3,0,0,3,1,0,0,1,1,0,1,1,0,1,0,2,0,0,1,3,0,0,1,3,0,0,1,3,1,0,0,1,0,0,0,1,4
3896,49,4,1.34E-06,0,98597,0,1,0,3,0,0,1,0,0,3,3,2,3,3,2,3,4,3,3,3,2,2,2,3,2,2,2,2,2,3,3,3,1,0.880292509,-0.246606446,-0.475317012,1,0,1,0,3,0,0,1,0,0,2,0,4,1,0,1,0,0,3,0,0,0,0,1,1,1,1,1,0,0,1,1,0,0,1,1,0,0,1,0,1,0,2,1,0,0,1,1,0,0,0,1
3898,49,2,0.057612261,0,98118,0,1,0,3,0,0,1,0,0,2,5,4,2,2,1,4,2,4,5,3,3,1,2,2,1,3,2,2,1,4,3,3,0,-0.448540402,-0.070013236,0.151926903,0,0,1,1,4,0,1,1,0,0,2,0,4,0,1,2,1,0,1,0,0,0,0,1,0,0,0,0,0,1,3,0,1,0,2,1,0,0,1,1,0,0,1,0,0,1,3,0,0,0,1,4
3900,49,2,0.059609819,0,98178,0,1,0,3,0,0,1,0,0,3,5,3,3,5,1,2,1,3,3,3,1,3,2,2,1,3,3,1,1,2,2,4,0,-0.903272161,-0.594327349,0.124860514,1,1,0,0,2,0,1,1,0,0,2,0,4,0,0,3,1,0,1,0,0,0,0,1,0,0,0,0,1,0,2,0,0,1,3,0,0,1,3,1,0,0,1,0,1,0,2,0,0,0,1,4
3909,49,2,0.081000608,0,98001,0,1,0,3,0,0,1,0,0,3,4,2,1,5,4,4,1,4,5,4,2,2,2,4,3,2,3,2,3,4,3,4,1,0.840591326,1.350885422,-1.166774197,0,0,0,0,1,1,1,1,0,0,2,0,4,0,0,3,0,0,3,1,0,0,0,0,0,1,1,0,1,0,2,0,1,0,2,0,0,1,3,1,0,0,1,0,1,0,2,0,1,0,0,2
3910,49,2,0.318663522,0,98188,1,0,0,3,0,0,1,0,0,2,4,4,4,5,5,5,5,3,5,4,2,2,3,1,3,1,2,1,2,3,2,3,1,0.917599249,1.336026536,0.871202279,0,1,0,0,2,1,1,0,0,1,2,0,3,0,1,2,0,1,2,1,0,0,0,1,0,1,1,0,0,1,3,0,0,1,3,0,0,1,3,0,0,1,3,0,0,1,3,0,0,1,0,3
3911,49,4,0.027855867,0,98117,1,0,0,5,0,0,0,0,1,3,5,5,1,3,4,4,1,4,4,5,3,3,2,1,2,2,1,1,2,3,2,4,0,-0.25542643,-1.168162296,-0.241851983,1,0,1,0,3,1,1,0,0,0,2,0,5,0,1,2,1,0,1,0,1,0,0,0,0,0,0,0,0,1,3,0,1,0,2,1,0,0,1,0,1,0,2,1,0,0,1,0,0,0,1,4
3912,49,4,0.163029801,0,98223,0,1,0,2,0,1,0,0,0,2,5,3,4,2,1,1,1,1,5,1,2,2,2,3,2,2,2,2,2,3,4,3,0,0.01704532,0.779523503,0.90551788,1,0,0,1,4,0,1,1,0,0,2,0,4,0,0,3,0,1,2,0,0,0,0,1,0,0,0,1,0,0,1,1,0,0,1,0,1,0,2,1,0,0,1,1,0,0,1,1,0,0,0,1
3913,49,2,0.025647794,0,98101,1,0,0,3,0,0,1,0,0,2,4,4,2,4,4,2,2,4,5,5,1,3,3,1,3,1,2,1,3,3,3,2,1,0.763401962,0.877072288,0.641429715,0,1,0,0,2,1,1,1,0,0,2,0,4,0,0,3,0,0,3,1,0,0,1,1,0,1,1,0,0,1,3,0,0,1,3,0,0,1,3,0,0,1,3,0,0,1,3,0,0,0,1,4
3914,49,4,0.000663423,0,98002,1,0,0,3,0,0,1,0,0,3,5,3,1,5,3,4,1,4,4,4,2,2,2,4,2,1,2,3,3,3,2,2,0,0.550137284,-0.028886648,0.686869566,0,0,0,1,4,0,0,1,0,0,2,0,4,1,0,1,0,0,3,0,1,0,0,0,0,0,0,0,0,1,3,0,0,1,3,0,1,0,2,0,1,0,2,0,1,0,2,0,0,0,1,4
3915,49,2,0.015004574,0,98104,1,0,0,3,0,0,1,0,0,4,5,4,3,4,2,2,2,4,4,2,1,2,2,4,2,2,2,2,2,4,4,4,0,-0.418209067,-0.178313873,-1.169673506,1,1,0,0,2,0,0,1,0,0,2,0,4,1,0,1,0,1,2,0,1,0,1,0,1,0,0,0,0,1,3,0,0,1,3,0,0,1,3,0,0,1,3,0,0,1,3,0,0,0,1,4
3916,49,4,0.005722506,0,98252,0,1,0,2,0,1,0,0,0,3,4,3,4,4,3,3,2,4,4,3,2,2,2,4,2,2,2,2,3,1,2,3,1,-0.002573919,0.413964934,-0.425085841,1,0,0,1,4,1,1,1,0,0,2,0,4,0,1,2,0,0,3,0,0,0,0,1,0,1,1,1,0,0,1,1,0,0,1,1,0,0,1,0,0,1,3,1,0,0,1,0,1,0,0,2
3917,49,4,0.060272482,0,98072,0,1,0,2,0,1,0,0,0,2,5,2,5,5,1,1,1,3,3,3,2,2,2,4,2,2,2,2,2,4,2,3,1,0.133545532,0.087738106,-0.220387859,1,0,1,1,4,1,1,1,0,0,2,0,4,0,1,2,1,0,1,0,0,0,0,1,0,1,1,1,0,0,1,0,1,0,2,0,1,0,2,0,0,1,3,1,0,0,1,0,1,0,0,2
3918,49,2,0.060565229,0,98119,1,0,0,3,0,0,1,0,0,3,5,5,5,5,4,4,2,4,4,4,2,2,2,2,2,2,1,1,2,2,2,2,0,-0.915526587,0.971653882,-0.347352031,1,0,1,0,3,0,0,1,0,0,2,0,4,0,1,2,0,1,2,0,0,0,1,1,0,0,0,0,0,1,3,0,0,1,3,1,0,0,1,0,0,1,3,1,0,0,1,0,0,0,1,4
3919,49,2,1.088717033,0,98332,0,1,0,1,1,0,0,0,0,1,5,4,4,4,1,5,1,4,5,3,2,2,2,3,2,2,2,2,2,4,2,2,1,0.468918239,1.398258269,-0.033072673,1,0,1,0,3,0,1,0,0,1,2,0,3,0,0,3,1,0,1,0,0,0,1,1,0,1,1,1,0,0,1,1,0,0,1,0,1,0,2,0,1,0,2,1,0,0,1,0,1,0,0,2
3920,49,2,0.025687428,0,98466,0,1,0,3,0,0,1,0,0,4,4,5,3,4,3,3,3,4,5,3,2,2,3,2,2,2,2,3,2,3,2,3,0,0.495859435,0.379386691,-0.390416496,1,0,0,1,4,0,0,0,1,0,2,0,2,1,0,1,0,1,2,1,0,0,0,1,0,0,0,0,1,0,2,0,1,0,2,1,0,0,1,1,0,0,1,1,0,0,1,0,0,0,1,4
3924,49,2,0.169392877,0,98405,1,0,0,4,0,0,0,1,0,5,1,4,1,5,3,1,1,5,5,5,2,3,3,1,3,3,3,1,3,1,2,1,1,-0.591257862,-0.748076187,1.070207252,1,0,0,0,1,0,0,0,1,0,1,1,1,1,0,1,0,1,2,1,0,0,1,0,1,1,1,0,0,1,3,0,0,1,3,1,0,0,1,0,1,0,2,0,1,0,2,0,0,0,1,4
3926,49,2,0.042140842,0,98058,0,1,0,4,0,0,0,1,0,2,5,2,4,3,1,1,1,5,5,4,2,2,2,3,2,2,2,2,2,3,3,4,0,-0.505750943,-0.630306995,0.588185754,1,0,0,0,1,0,0,0,1,0,2,0,2,0,1,2,0,0,3,0,1,0,1,0,0,0,0,0,1,0,2,1,0,0,1,1,0,0,1,1,0,0,1,1,0,0,1,0,1,0,0,2
3927,49,2,0.024161461,0,98366,0,1,0,2,0,1,0,0,0,2,3,2,4,4,1,1,1,4,2,3,2,2,2,4,2,2,2,2,2,4,2,3,0,1.008526935,0.489838004,-0.464880322,1,0,1,0,3,0,0,1,0,0,2,0,4,0,1,2,0,0,3,1,0,0,1,0,0,0,0,1,0,0,1,0,1,0,2,1,0,0,1,0,1,0,2,0,1,0,2,0,0,1,0,3
3930,49,2,0.066153567,0,98125,1,0,0,2,0,1,0,0,0,2,5,4,3,4,4,3,3,4,4,4,2,3,2,4,2,2,2,2,2,2,3,4,1,-0.236781692,0.811864485,-0.332711114,0,0,1,0,3,0,1,1,0,0,2,0,4,0,0,3,0,0,3,1,1,1,0,1,0,1,1,0,0,1,3,0,0,1,3,0,1,0,2,0,0,1,3,1,0,0,1,0,0,0,1,4
3932,49,4,0.009478939,0,98321,0,1,0,3,0,0,1,0,0,3,3,4,2,3,4,3,3,4,3,3,2,2,2,3,2,2,2,2,2,3,3,3,1,-0.271379612,0.562355589,-0.193453111,1,1,0,0,2,0,0,1,0,0,2,0,4,1,0,1,0,0,3,1,0,0,0,1,0,1,1,1,0,0,1,1,0,0,1,1,0,0,1,1,0,0,1,1,0,0,1,1,0,0,0,1
3933,49,2,0.072381083,0,98043,0,1,0,3,0,0,1,0,0,3,4,4,1,1,2,4,2,4,4,4,1,1,3,1,1,2,1,3,3,1,3,2,1,-0.402424557,-0.54204136,-0.647213287,1,0,1,0,3,0,1,0,1,0,2,0,2,0,0,3,0,0,3,1,0,0,0,0,0,1,1,0,1,0,2,0,1,0,2,0,0,1,3,0,0,1,3,1,0,0,1,0,0,0,1,4
3934,49,4,0.012205205,0,98033,1,0,0,3,0,0,1,0,0,2,4,4,3,4,4,4,4,5,5,4,1,3,2,2,2,2,2,2,3,3,3,3,1,0.048131037,0.830268121,0.13443974,0,0,0,1,4,0,1,1,0,0,2,0,4,0,1,2,0,1,2,0,0,0,0,1,0,1,1,0,1,0,2,0,0,1,3,0,0,1,3,0,0,1,3,1,0,0,1,0,0,0,1,4
3937,49,2,0.04067631,0,98003,1,0,0,4,0,0,0,1,0,4,5,5,2,5,3,4,1,4,5,2,1,2,3,1,3,1,1,3,3,2,2,2,1,0.012757038,0.17988222,0.923520585,0,1,0,0,2,0,1,1,0,0,2,0,4,0,0,3,0,0,3,1,0,0,0,0,0,1,1,0,0,1,3,0,0,1,3,0,0,1,3,0,1,0,2,1,0,0,1,0,0,0,1,4
3940,49,2,0.187476273,0,98115,1,0,0,2,0,1,0,0,0,2,5,5,1,5,1,5,4,4,5,5,2,2,2,2,2,2,3,2,3,2,2,2,1,-0.411682174,-0.357040225,0.187644678,1,0,0,0,1,0,1,1,1,0,2,0,2,0,1,2,1,0,1,0,0,0,1,0,0,1,1,0,0,1,3,0,0,1,3,0,1,0,2,0,0,1,3,1,0,0,1,0,0,0,1,4
3942,49,4,0.039075435,0,98105,1,0,0,3,0,0,1,0,0,3,2,3,4,4,2,2,4,4,3,2,1,3,3,2,3,1,3,1,3,2,2,1,0,-1.03780189,1.421632621,-0.092896627,0,0,0,0,1,0,0,0,0,1,2,0,3,1,0,1,0,0,3,0,0,0,0,1,1,0,0,0,0,1,3,0,0,1,3,0,0,1,3,0,0,1,3,1,0,0,1,0,0,0,1,4
3943,49,2,0.302252209,0,98115,1,0,0,3,0,0,1,0,0,3,5,3,3,1,1,5,3,4,4,3,1,3,3,2,1,3,3,1,1,2,2,1,0,-0.436528078,0.210982637,0.702552149,1,0,0,0,1,0,0,0,0,0,2,0,5,0,1,2,0,1,2,0,0,0,0,0,0,0,0,0,0,1,3,0,0,1,3,0,1,0,2,0,0,1,3,1,0,0,1,0,0,0,1,4
3944,49,4,0.04356275,0,98034,1,0,0,3,0,0,1,0,0,2,3,3,1,5,3,5,3,5,5,5,2,2,3,1,2,2,2,2,2,3,3,4,1,0.427358956,0.386888563,0.02616902,1,0,1,0,3,0,0,1,0,0,2,0,4,1,0,1,1,0,1,0,0,0,0,1,0,1,1,0,0,1,3,0,0,1,3,0,1,0,2,0,1,0,2,1,0,0,1,0,0,1,0,3
3946,49,4,0.073567491,0,98122,1,0,0,4,0,0,0,1,0,4,6,5,1,5,4,1,1,4,4,4,2,2,2,2,2,3,1,3,3,3,3,3,0,-0.598847731,-0.896420123,-0.150344405,1,0,1,0,3,0,0,1,0,0,2,0,4,1,0,1,1,0,1,0,0,0,0,0,1,0,0,0,0,1,3,0,0,1,3,1,0,0,1,0,0,1,3,0,0,1,3,0,0,0,1,4
3947,49,2,0.040698143,0,98405,1,0,0,3,0,0,1,0,0,3,4,3,3,4,1,2,3,4,5,4,3,3,2,3,2,3,3,2,3,2,2,3,1,0.63880999,-0.002957441,-0.703276593,1,0,0,0,1,0,0,0,1,0,2,0,2,1,0,1,0,0,3,0,0,0,1,0,0,1,1,0,0,1,3,0,0,1,3,1,0,0,1,0,1,0,2,0,1,0,2,0,0,0,1,4
3949,49,4,0.070837698,0,98043,0,1,0,1,1,0,0,0,0,1,2,1,2,5,1,1,1,4,5,2,1,2,1,4,2,2,2,2,3,3,2,3,0,-0.180055828,-0.076003424,0.380899774,0,0,1,0,3,1,1,0,0,1,2,0,3,0,1,2,0,1,2,0,1,0,0,1,0,0,0,0,1,0,2,0,1,0,2,0,0,1,3,0,0,1,3,1,0,0,1,0,0,0,1,4
3951,49,2,0.020751407,0,98118,0,1,0,4,0,0,0,1,0,1,5,5,4,2,3,3,4,2,3,4,2,3,3,3,3,1,3,2,3,1,2,2,1,0.508659684,0.119646785,-0.320921463,0,1,0,0,2,0,1,1,0,0,2,0,4,0,0,3,0,0,3,1,0,0,0,0,0,1,1,0,0,1,3,0,1,0,2,1,0,0,1,1,0,0,1,0,0,1,3,0,0,0,1,4
3952,49,2,0.049341773,0,98102,1,0,0,2,0,1,0,0,0,2,5,3,3,4,1,1,1,3,5,3,2,1,2,3,2,2,2,2,3,4,3,1,0,-0.170841462,-1.410453485,0.023914455,1,0,0,0,1,0,1,1,0,0,2,0,4,0,1,2,1,0,1,0,0,0,0,0,0,0,0,0,0,1,3,0,0,1,3,0,0,1,3,0,0,1,3,0,0,1,3,0,0,0,1,4
3954,49,4,0.008730788,0,98338,0,1,0,3,0,0,1,0,0,3,5,3,2,5,1,1,1,5,5,1,2,2,2,4,2,2,2,2,2,4,2,4,1,0.101738833,-0.849301861,0.931967694,1,0,0,1,4,0,0,1,0,0,2,0,4,1,0,1,0,1,2,0,0,0,0,1,0,1,1,1,0,0,1,1,0,0,1,1,0,0,1,1,0,0,1,1,0,0,1,1,0,0,0,1
3955,49,2,0.055607018,0,98003,1,0,0,3,0,0,1,0,0,2,3,2,4,2,4,4,5,5,5,5,1,3,3,1,3,1,3,1,3,2,2,2,1,0.567955972,1.371108083,0.670061487,0,1,0,0,2,1,1,0,1,0,2,0,2,0,1,2,0,0,3,1,0,0,0,1,0,1,1,0,0,1,3,0,0,1,3,0,0,1,3,0,1,0,2,1,0,0,1,0,0,0,1,4
3956,49,2,0.04067631,0,98059,0,1,0,4,0,0,0,1,0,2,5,5,5,4,5,5,2,5,5,5,2,2,1,1,2,2,1,2,2,3,3,2,1,0.142342025,0.793453048,0.262074961,0,1,0,0,2,0,1,1,0,0,2,0,4,0,0,3,0,0,3,1,0,0,0,0,0,1,1,0,1,0,2,0,1,0,2,1,0,0,1,0,0,1,3,1,0,0,1,0,0,1,0,3
3957,49,2,0.067691873,0,98002,1,0,0,3,0,0,1,0,0,3,3,3,1,1,1,4,3,1,2,3,3,2,2,1,3,2,3,1,3,2,2,4,0,-0.193337833,0.485705836,0.269856706,1,0,0,0,1,0,0,1,0,0,2,0,4,1,0,1,0,0,3,1,0,0,0,0,0,0,0,0,0,1,3,0,0,1,3,0,1,0,2,0,1,0,2,0,1,0,2,0,0,0,1,4
3958,49,4,0.047265619,0,98056,0,1,0,2,0,1,0,0,0,2,4,3,3,4,3,3,4,4,5,4,3,1,3,2,3,2,3,1,3,3,2,3,1,0.326621824,0.135694213,0.160340752,0,0,0,1,4,0,0,0,1,0,2,0,2,1,0,1,1,0,1,0,1,0,0,0,0,1,1,0,0,1,3,0,1,0,2,1,0,0,1,0,1,0,2,1,0,0,1,0,0,0,1,4
3961,49,2,0.029398684,0,98026,0,1,0,3,0,0,1,0,0,4,5,5,3,2,1,4,3,4,4,4,2,2,2,3,2,3,2,2,2,3,3,2,0,0.027093697,-0.357957229,-0.196952232,1,0,1,0,3,0,1,1,0,0,2,0,4,0,0,3,0,0,3,1,0,0,0,1,0,0,0,0,1,0,2,0,0,1,3,1,0,0,1,1,0,0,1,1,0,0,1,0,0,1,0,3
3963,49,2,0.037907222,0,98133,1,0,0,3,0,0,1,0,0,1,4,4,5,3,4,5,3,4,5,5,2,3,3,2,2,2,3,1,2,2,2,2,1,0.769602919,1.396602209,0.205219434,0,1,0,0,2,0,1,1,0,0,1,1,1,0,0,3,0,0,3,1,0,0,0,1,0,1,1,0,0,1,3,0,0,1,3,0,1,0,2,0,1,0,2,1,0,0,1,0,0,0,1,4
3970,49,2,0.01112271,0,98118,0,1,0,5,0,0,0,0,1,1,4,5,5,4,5,4,4,4,5,5,3,2,1,2,3,1,3,1,2,2,2,1,1,0.729927817,0.789804909,0.4099648,1,1,0,0,2,0,1,1,0,0,2,0,4,0,1,2,0,0,3,1,1,0,0,1,0,1,1,0,0,1,3,0,1,0,2,1,0,0,1,1,0,0,1,0,0,1,3,0,0,0,1,4
3972,49,2,0.021815021,0,98028,0,1,0,3,0,0,1,0,0,3,4,3,5,3,4,4,4,4,3,3,3,2,1,2,2,3,3,1,2,2,2,2,1,0.369038544,0.982003389,0.56249821,0,1,0,0,2,0,1,1,0,0,2,0,4,0,0,3,0,0,3,1,0,1,1,0,0,1,1,0,1,0,2,1,0,0,1,1,0,0,1,1,0,0,1,1,0,0,1,0,0,1,0,3
3973,49,4,0.030176746,0,98198,1,0,0,1,1,0,0,0,0,2,5,4,4,5,1,1,1,4,5,4,2,2,2,4,2,2,2,3,2,2,4,4,1,0.182780401,0.273060867,-0.318224777,1,0,0,1,4,0,0,1,0,0,2,0,4,1,0,1,1,0,1,0,1,0,0,0,1,1,1,0,0,1,3,0,1,0,2,0,1,0,2,0,1,0,2,0,1,0,2,0,0,1,0,3
3980,49,4,0.184034312,0,98029,0,1,0,1,1,0,0,0,0,2,4,3,4,2,2,2,1,4,4,2,2,2,2,3,2,2,2,2,2,1,2,2,0,-0.090867681,-0.076494585,0.178309056,1,0,1,0,3,1,1,0,0,0,1,1,1,0,0,3,0,1,2,0,0,0,0,1,0,0,0,0,0,1,3,1,0,0,1,1,0,0,1,1,0,0,1,1,0,0,1,0,0,1,0,3
3982,49,4,0.014691896,0,98038,0,1,0,3,0,0,1,0,0,3,5,4,3,4,1,3,2,4,5,5,2,1,1,4,2,2,2,2,2,3,3,3,1,0.659116538,0.541386544,-0.31875151,1,0,0,1,4,1,1,1,0,0,2,0,4,0,1,2,1,0,1,0,0,0,0,1,0,1,1,0,1,0,2,1,0,0,1,1,0,0,1,1,0,0,1,1,0,0,1,0,1,0,0,2
3983,49,2,0.178656522,0,98569,0,0,1,3,0,0,1,0,0,3,5,3,3,4,3,4,4,5,4,4,2,2,2,3,2,2,2,1,3,1,2,2,1,-0.864761867,-0.365950802,0.853179852,1,0,1,0,3,0,0,1,0,0,2,0,4,0,0,3,0,1,2,0,0,0,0,1,0,1,1,0,0,0,0,0,0,0,0,0,0,0,0,0,0,0,0,0,0,0,0,0,0,0,0,0
3986,49,4,0.052603412,0,98290,0,1,0,4,0,0,0,1,0,1,1,3,4,5,3,1,1,4,5,5,2,2,2,4,2,2,1,2,2,4,1,3,1,0.728194985,-0.768812154,0.75231567,0,0,1,0,3,0,0,1,0,0,2,0,4,1,0,1,0,0,3,1,1,0,0,0,0,1,1,1,0,0,1,0,1,0,2,1,0,0,1,1,0,0,1,0,1,0,2,1,0,0,0,1
3987,49,4,0.013562203,0,98087,1,0,0,3,0,0,1,0,0,3,5,5,1,5,4,4,2,5,5,5,3,3,2,4,2,1,3,1,2,3,4,4,0,0.837094707,-0.15664895,0.333167594,1,0,0,1,4,0,0,1,0,0,2,0,4,1,0,1,0,1,2,0,0,0,0,0,0,0,0,0,0,1,3,0,1,0,2,0,0,1,3,0,1,0,2,1,0,0,1,0,0,0,1,4
3988,49,2,0.037025346,0,98188,1,0,0,2,0,1,0,0,0,1,3,1,5,2,1,1,1,1,1,1,2,2,2,3,2,2,2,2,2,4,3,4,0,-1.942313511,0.117705747,-0.463006922,0,0,0,1,4,0,0,1,0,0,2,0,4,1,0,1,1,0,1,0,0,0,0,0,0,0,0,0,0,1,3,0,0,1,3,0,0,1,3,0,0,1,3,0,0,1,3,0,0,1,0,3
3990,49,4,0.194968959,0,98466,0,1,0,1,1,0,0,0,0,1,3,1,2,4,2,2,2,3,3,2,2,2,2,3,2,2,1,2,3,4,2,2,0,-0.103194935,-0.747745964,1.316639666,0,0,0,1,4,0,1,1,0,0,2,0,4,0,0,3,0,1,2,0,0,0,0,0,0,0,0,0,1,0,2,0,1,0,2,1,0,0,1,1,0,0,1,1,0,0,1,0,0,0,1,4
3991,49,4,0.016439288,0,98387,0,1,0,3,0,0,1,0,0,3,5,4,4,5,1,1,3,5,5,4,2,2,2,1,2,2,2,2,2,4,2,2,1,-0.099074134,0.774987594,0.124024997,1,0,0,1,4,0,0,1,0,0,2,0,4,0,0,0,0,1,2,0,1,0,0,1,0,1,1,0,1,0,2,1,0,0,1,1,0,0,1,1,0,0,1,1,0,0,1,0,1,0,0,2
3993,49,2,0.020640353,0,98026,0,1,0,2,0,1,0,0,0,2,4,3,4,4,1,1,1,1,1,1,2,1,1,3,2,2,2,2,2,1,1,1,1,-1.06189015,-0.91155442,1.031791957,1,1,0,0,2,0,0,1,0,0,2,0,4,1,0,1,0,0,3,1,0,0,0,0,0,1,1,0,1,0,2,0,0,1,3,1,0,0,1,1,0,0,1,1,0,0,1,0,0,1,0,3
3994,49,2,0.005260536,0,98444,0,1,0,3,0,0,1,0,0,2,5,3,2,5,3,3,3,5,5,4,3,3,3,2,3,3,3,2,3,1,2,2,0,0.588762599,0.980601221,0.854780685,1,0,0,1,4,1,1,1,0,0,2,0,4,1,0,1,0,0,3,0,0,0,0,1,0,0,0,0,0,1,3,0,1,0,2,0,0,1,3,0,1,0,2,0,1,0,2,0,0,0,1,4
3996,49,4,0.015088901,0,98056,0,1,0,4,0,0,0,1,0,2,5,4,4,2,1,1,1,4,4,4,2,2,2,4,2,2,2,2,2,4,3,3,1,-0.932048554,0.622822283,0.016663114,1,0,1,0,3,0,1,1,0,0,2,0,4,0,1,2,0,1,2,0,0,0,0,1,0,1,1,0,0,1,3,0,1,0,2,1,0,0,1,0,1,0,2,1,0,0,1,0,0,0,1,4
3997,49,2,0.007953657,0,98058,0,1,0,4,0,0,0,1,0,3,5,5,4,4,2,1,4,4,2,1,1,3,2,3,2,2,2,2,2,3,3,3,1,0.83706925,1.477631166,0.317956946,1,1,0,0,2,0,0,0,0,0,1,1,1,1,0,1,0,0,3,1,0,0,0,1,1,1,1,0,1,0,2,1,0,0,1,1,0,0,1,1,0,0,1,1,0,0,1,0,1,0,0,2
3998,49,4,0.04687307,0,98335,0,1,0,2,0,1,0,0,0,2,1,0,5,5,1,1,1,5,5,5,3,3,2,3,2,2,3,2,2,4,3,3,1,1.423925945,0.456637876,0.21609946,1,0,0,1,4,0,0,1,0,0,1,1,1,0,1,2,1,0,1,0,0,0,0,0,0,1,1,1,0,0,1,1,0,0,1,0,1,0,2,1,0,0,1,1,0,0,1,1,0,0,0,1
3999,49,4,0.010419822,0,98290,0,1,0,5,0,0,0,0,1,2,3,4,1,5,2,2,2,5,5,3,2,2,2,4,2,2,1,2,3,4,2,4,1,0.10853426,0.600768382,0.140418406,1,0,1,0,3,0,0,1,0,0,2,0,4,1,0,1,0,0,3,1,1,0,0,0,0,1,1,1,0,0,1,0,1,0,2,1,0,0,1,1,0,0,1,0,1,0,2,1,0,0,0,1
4000,49,4,0.192415976,0,98119,1,0,0,3,0,0,1,0,0,3,5,3,1,3,1,4,1,4,3,4,1,1,1,3,2,2,2,2,3,1,2,2,1,-0.708000051,-0.911308847,-0.309668239,1,0,0,0,1,0,0,1,0,0,2,0,4,1,0,1,0,1,2,0,1,0,0,0,1,1,1,0,0,1,3,0,0,1,3,1,0,0,1,0,0,1,3,1,0,0,1,0,0,0,1,4
4001,49,2,0.170662924,0,98040,0,1,0,1,1,0,0,0,0,1,4,1,4,4,1,1,1,1,5,4,1,3,3,2,3,1,2,1,3,2,2,4,1,0.240999434,0.632344922,0.225869149,1,0,0,0,1,1,1,1,0,1,2,0,3,0,1,2,1,0,1,0,0,0,1,0,0,1,1,0,1,0,2,0,1,0,2,0,0,1,3,1,0,0,1,1,0,0,1,0,0,1,0,3
4006,49,2,0.021381525,0,98188,1,0,0,3,0,0,1,0,0,3,4,4,4,3,3,4,2,4,5,4,2,2,2,2,2,2,2,2,2,4,2,3,0,-0.010452231,-0.622854192,-0.735336563,1,0,1,0,3,0,0,1,0,0,2,0,4,1,0,1,0,1,2,0,0,0,1,0,0,0,0,0,0,1,3,0,0,1,3,0,0,1,3,0,0,1,3,0,0,1,3,0,0,1,0,3
4007,49,2,0.012095462,0,98116,1,0,0,3,0,0,1,0,0,3,4,3,2,5,3,4,3,2,3,4,1,3,2,3,3,1,2,1,3,2,2,2,1,0.421322253,1.035563525,0.119980748,1,0,1,0,3,1,1,1,0,0,2,0,4,0,1,2,0,0,3,0,0,0,0,0,0,1,1,0,0,1,3,0,0,1,3,1,0,0,1,1,0,0,1,0,1,0,2,0,0,0,1,4
4012,49,2,0.219163027,0,98103,1,0,0,3,0,0,1,0,0,1,1,5,4,5,4,4,5,5,5,4,3,3,2,3,2,3,2,3,3,2,3,3,1,0.711909219,1.287779322,0.626033809,0,0,0,0,1,1,1,1,0,0,2,0,4,0,0,3,0,0,3,0,0,0,1,1,0,1,1,0,0,1,3,0,0,1,3,1,0,0,1,0,0,1,3,1,0,0,1,0,0,0,1,4
4013,49,4,0.003963447,0,98270,0,1,0,5,0,0,0,0,1,5,5,5,4,4,4,1,1,4,4,1,2,1,2,1,2,2,2,1,2,2,3,3,1,-1.369322968,0.524025824,0.139161548,1,1,0,0,2,0,0,0,0,0,2,0,5,1,0,1,0,0,3,0,1,0,0,0,0,1,1,0,1,0,2,0,1,0,2,1,0,0,1,1,0,0,1,1,0,0,1,0,0,1,0,3
4015,49,2,0.033059464,0,98391,0,1,0,2,0,1,0,0,0,1,2,1,5,3,2,3,1,2,2,2,3,3,3,2,2,2,2,2,2,3,3,4,1,-2.19162586,0.291205478,0.214979043,1,1,0,0,2,0,0,1,0,0,2,0,4,1,0,1,0,0,3,1,0,0,1,1,0,1,1,1,0,0,1,1,0,0,1,1,0,0,1,1,0,0,1,1,0,0,1,1,0,0,0,1
4017,49,2,0.055769519,0,98199,1,0,0,2,0,1,0,0,0,1,5,4,1,5,5,5,4,4,5,4,1,3,3,1,3,1,1,3,3,2,2,2,1,0.958046305,1.703264022,0.842050728,1,1,0,0,2,1,1,1,0,0,2,0,4,0,0,3,0,0,3,1,0,0,1,1,0,1,1,0,0,1,3,0,0,1,3,1,0,0,1,0,1,0,2,1,0,0,1,0,0,0,1,4
4019,49,4,0.239734587,0,98002,1,0,0,2,0,1,0,0,0,2,4,4,2,4,4,4,1,4,3,1,2,1,3,2,1,3,3,1,3,2,2,1,0,-1.523758616,1.013658388,0.675478201,0,1,0,0,2,0,0,1,0,0,2,0,4,1,0,1,1,0,1,0,0,0,0,0,1,0,0,0,0,1,3,0,0,1,3,0,1,0,2,0,1,0,2,0,1,0,2,0,0,0,1,4
4020,49,2,0.015386079,0,98122,1,0,0,3,0,0,1,0,0,2,5,3,4,4,4,4,4,4,4,4,3,3,2,3,2,3,3,2,2,3,3,2,1,-0.23644964,1.335241551,-0.135401182,1,1,0,0,2,0,1,1,0,0,2,0,4,0,1,2,0,0,3,1,1,0,0,1,0,1,1,0,0,1,3,0,0,1,3,1,0,0,1,0,0,1,3,0,0,1,3,0,0,0,1,4
4024,49,4,0.035260588,0,98055,0,1,0,4,0,0,0,1,0,3,3,4,3,2,1,4,3,4,4,4,3,3,1,2,2,2,2,1,1,3,2,2,0,0.625066392,1.786368339,-1.15973354,1,0,1,0,3,1,1,1,0,0,2,0,4,0,1,2,0,1,2,0,0,0,0,1,0,0,0,0,1,0,2,0,0,1,3,0,0,1,3,0,0,1,3,1,0,0,1,0,0,1,0,3
4025,49,4,0.01985678,0,98374,0,1,0,3,0,0,1,0,0,2,5,3,2,4,3,2,2,4,4,3,2,3,3,2,3,1,2,3,3,1,2,2,1,-0.71848561,0.240653504,0.182130057,0,0,0,1,4,1,1,1,0,0,2,0,4,0,1,2,1,0,1,0,0,0,0,1,0,1,1,0,1,0,2,0,1,0,2,1,0,0,1,1,0,0,1,1,0,0,1,1,0,0,0,1
4026,49,2,0.022453993,0,98208,0,1,0,2,0,1,0,0,0,1,4,1,4,4,1,1,2,3,5,3,2,2,2,3,2,2,2,2,2,4,3,4,1,-0.040372879,-1.361379717,0.132907118,1,1,0,0,2,0,0,1,0,0,2,0,4,1,0,1,1,0,1,0,1,0,0,0,0,1,1,0,1,0,2,0,0,1,3,0,0,1,3,0,1,0,2,1,0,0,1,0,0,1,0,3
4027,49,2,0.088257841,0,98045,0,1,0,2,0,1,0,0,0,2,4,2,4,4,1,1,1,3,5,4,2,2,2,3,2,2,2,2,3,4,2,2,1,0.41868425,0.609061382,0.181971898,0,1,0,0,2,0,1,1,0,0,2,0,4,0,0,3,0,0,3,1,0,0,1,1,0,1,1,1,0,0,1,0,1,0,2,0,1,0,2,0,0,1,3,1,0,0,1,0,0,1,0,3
4031,49,2,0.026250428,0,98059,0,1,0,4,0,0,0,1,0,3,1,3,4,4,5,4,4,5,5,4,1,1,1,1,2,2,3,2,3,3,3,2,1,0.91656497,1.448716292,0.255396764,1,1,0,0,2,0,1,1,0,0,2,0,4,0,0,3,0,0,3,1,0,0,1,1,0,1,1,0,1,0,2,0,1,0,2,1,0,0,1,0,0,1,3,1,0,0,1,0,0,1,0,3
4032,49,2,0.025647794,0,98188,1,0,0,3,0,0,1,0,0,4,4,3,5,4,3,4,5,4,5,4,2,2,2,3,2,2,2,2,2,3,3,4,1,-0.20357145,1.305159481,1.035655981,0,1,0,0,2,0,1,1,0,0,2,0,4,0,0,3,0,0,3,1,0,1,1,1,0,1,1,0,0,1,3,0,0,1,3,0,0,1,3,0,0,1,3,0,0,1,3,0,0,1,0,3
4033,49,2,0.079670384,0,98036,0,1,0,3,0,0,1,0,0,2,4,2,4,4,1,1,1,4,5,2,2,2,2,4,2,2,2,2,2,4,3,3,1,0.841745411,0.290590013,1.058931135,1,0,0,1,4,1,1,1,0,0,2,0,4,0,0,3,0,0,3,1,0,0,0,1,0,1,1,0,1,0,2,0,0,1,3,1,0,0,1,1,0,0,1,1,0,0,1,0,0,1,0,3
4036,49,2,0.026940315,0,98124,1,0,0,1,1,0,0,0,0,2,3,2,4,4,2,2,4,4,4,4,1,3,3,2,3,2,2,2,3,1,4,1,1,-1.273960211,1.284800284,0.734749422,1,1,0,0,2,0,0,0,0,1,2,0,3,1,0,1,0,0,3,1,0,0,0,1,0,1,1,0,0,0,0,0,0,0,0,0,0,0,0,0,0,0,0,0,0,0,0,0,0,0,0,0
4039,5,2,0.239328714,0,90001,1,0,0,4,0,0,0,1,0,2,5,5,5,3,4,5,5,4,5,4,1,3,2,2,1,3,3,1,3,2,3,1,1,1.139831793,1.030530317,0.771438576,1,1,0,0,2,0,1,1,0,0,2,0,4,0,0,3,0,0,3,1,0,0,0,1,0,1,1,0,0,1,3,0,0,1,3,1,0,0,1,0,0,1,3,0,0,1,3,0,0,0,1,4
4040,49,4,0.021712349,0,98407,0,1,0,1,1,0,0,0,0,1,4,2,5,4,2,2,2,3,3,3,2,2,2,3,2,2,2,2,2,3,3,3,0,-0.390350479,-0.474210846,0.250764884,1,0,1,0,3,0,0,1,0,0,2,0,4,1,0,1,1,0,1,0,0,0,0,1,0,0,0,0,1,0,2,0,1,0,2,1,0,0,1,1,0,0,1,0,1,0,2,0,0,0,1,4
4042,49,2,0.153693236,0,98122,1,0,0,3,0,0,1,0,0,3,4,3,2,5,3,3,5,5,5,3,2,1,1,3,2,2,2,1,2,2,2,3,1,1.043588442,1.464200946,1.082423828,1,1,0,0,2,1,1,1,0,0,1,1,1,0,0,3,0,0,3,1,0,0,1,1,0,1,1,0,0,1,3,0,0,1,3,1,0,0,1,0,0,1,3,0,0,1,3,0,0,0,1,4
4044,49,3,0.007516993,0,98059,0,1,0,1,1,0,0,0,0,1,5,5,5,1,1,1,1,1,5,5,2,2,2,3,2,2,2,2,2,3,3,4,0,1.27821638,-1.427731882,-0.128444138,1,1,0,0,2,0,0,1,0,0,2,0,4,1,0,1,0,0,3,0,0,0,0,1,1,0,0,0,1,0,2,0,1,0,2,1,0,0,1,0,0,1,3,1,0,0,1,0,0,1,0,3
4046,49,2,0.026065335,0,98498,0,1,0,2,0,1,0,0,0,3,4,3,2,5,1,1,1,3,1,1,1,1,3,3,2,2,1,1,3,1,2,1,1,-0.323251085,-0.556645958,-0.280447418,1,0,0,1,4,0,0,1,0,0,1,1,1,1,0,1,1,0,1,0,0,0,1,1,0,1,1,0,1,0,2,0,1,0,2,0,1,0,2,1,0,0,1,0,1,0,2,0,0,1,0,3
4047,49,1,0.124355944,0,98383,0,1,0,3,0,0,1,0,0,3,4,2,5,5,1,1,1,1,4,1,2,2,2,3,2,2,2,2,2,3,3,3,1,-0.536413649,-0.556443715,1.174848737,1,1,0,0,2,1,1,1,0,0,2,0,4,0,0,3,0,1,2,0,0,0,1,1,0,1,1,1,0,0,1,0,1,0,2,0,1,0,2,1,0,0,1,1,0,0,1,1,0,0,0,1
4050,49,2,0.146978991,0,98144,1,0,0,3,0,0,1,0,0,3,4,4,4,3,4,4,4,3,4,4,1,3,3,1,2,2,1,1,3,2,1,1,1,-0.286455826,0.409315719,0.261884556,0,1,0,0,2,0,0,0,0,1,2,0,3,1,0,1,0,1,2,1,0,0,0,0,0,1,1,0,0,1,3,0,0,1,3,0,0,1,3,0,0,1,3,0,0,1,3,0,0,0,1,4
4051,49,1,0.036207965,0,98030,1,0,0,5,0,0,0,0,1,3,5,4,5,1,1,1,1,1,5,1,3,1,3,2,1,3,3,3,1,2,2,4,0,0.007614071,-1.475514981,1.328941665,1,0,0,0,1,0,0,0,1,0,2,0,2,0,1,2,0,0,3,1,0,0,0,0,0,0,0,0,0,1,3,0,0,1,3,1,0,0,1,1,0,0,1,0,1,0,2,0,0,0,1,4
4052,49,2,0.051810373,0,98034,1,0,0,3,0,0,1,0,0,3,1,4,1,3,1,3,2,4,4,3,1,2,2,1,2,2,2,1,2,2,2,2,0,-0.726650175,0.502623937,0.58796975,0,1,0,0,2,1,1,0,1,0,2,0,2,0,0,3,0,0,3,1,0,0,0,1,0,0,0,0,0,1,3,0,0,1,3,0,1,0,2,0,1,0,2,1,0,0,1,0,0,1,0,3
4057,49,4,0.006912069,0,98372,0,1,0,2,0,1,0,0,0,2,5,3,2,5,2,4,2,4,4,3,2,3,3,1,2,2,2,1,3,3,2,2,0,1.048438165,-1.623643855,-0.408305025,1,0,1,0,3,0,0,1,0,0,2,0,4,1,0,1,0,0,3,1,1,0,0,1,0,0,0,0,1,0,2,0,0,1,3,0,0,1,3,0,1,0,2,0,1,0,2,0,1,0,0,2
4058,49,4,0.064225044,0,98433,0,1,0,3,0,0,1,0,0,3,4,1,3,3,1,1,1,1,5,2,2,2,2,4,1,2,2,2,1,4,1,4,1,-0.428349587,-1.720409233,0.053144689,1,0,0,0,1,0,0,1,0,0,2,0,4,1,0,1,0,0,3,1,0,0,0,0,0,1,1,1,0,0,1,1,0,0,1,0,1,0,2,0,0,1,3,0,1,0,2,1,0,0,0,1
4059,49,4,0.037047193,0,98223,0,1,0,2,0,1,0,0,0,2,1,3,3,4,2,2,2,3,4,2,2,2,2,4,2,2,2,2,2,4,2,3,1,-1.345810977,-0.118392395,0.423470133,1,0,0,1,4,1,1,1,0,0,2,0,4,0,1,2,0,1,2,0,0,0,0,1,0,1,1,1,0,0,1,1,0,0,1,0,1,0,2,1,0,0,1,1,0,0,1,1,0,0,0,1
4062,49,2,0.062105066,0,98188,1,0,0,3,0,0,1,0,0,1,5,2,5,2,1,1,1,1,4,4,2,2,2,3,2,2,2,2,2,4,3,3,1,-1.064080842,0.561619034,0.516253649,0,0,0,0,1,0,0,0,1,0,2,0,2,0,1,2,0,0,3,1,0,1,1,0,0,1,1,0,0,1,3,0,0,1,3,0,0,1,3,0,0,1,3,0,0,1,3,0,0,1,0,3
4063,49,2,0.476384983,0,98103,1,0,0,5,0,0,0,0,1,2,3,5,4,5,5,4,4,3,4,3,2,1,2,2,1,2,2,1,1,3,4,3,1,-1.169896134,0.041418588,-2.214214793,0,0,0,0,1,1,1,1,0,0,2,0,4,0,0,3,0,1,2,0,0,0,0,1,0,1,1,0,0,1,3,0,0,1,3,1,0,0,1,0,0,1,3,1,0,0,1,0,0,0,1,4
4064,49,2,0.106606965,0,98292,0,1,0,3,0,0,1,0,0,3,4,3,4,1,1,1,1,1,4,4,3,2,2,2,2,2,3,2,2,2,2,3,0,1.045791404,-0.115977107,0.138009673,0,0,1,0,3,0,0,1,0,0,2,0,4,0,1,2,0,1,2,0,1,0,1,0,0,0,0,1,0,0,1,1,0,0,1,1,0,0,1,1,0,0,1,1,0,0,1,1,0,0,0,1
4066,49,4,0.000341199,0,98597,0,1,0,2,0,1,0,0,0,2,2,3,1,1,1,1,3,1,1,1,2,2,2,4,2,2,2,2,2,4,4,3,0,-2.744166986,-0.755817748,1.020313293,1,1,0,0,2,0,0,0,0,0,2,0,5,1,0,1,1,0,1,0,0,0,0,0,0,0,0,1,0,0,1,1,0,0,1,1,0,0,1,0,1,0,2,1,0,0,1,1,0,0,0,1
4067,49,2,0.015672293,0,98023,0,1,0,5,0,0,0,0,1,4,4,5,4,2,3,4,1,5,5,2,3,1,1,2,1,3,3,1,1,2,2,1,0,-0.350832267,-0.60495767,0.075111088,1,1,0,0,2,0,0,0,1,0,2,0,2,1,0,1,0,0,3,1,0,0,0,0,0,0,0,0,0,1,3,0,1,0,2,1,0,0,1,1,0,0,1,1,0,0,1,0,0,1,0,3
4070,49,4,0.103761411,0,98272,0,1,0,3,0,0,1,0,0,3,5,4,2,5,1,3,1,1,5,4,2,2,2,2,2,2,2,2,2,4,2,3,1,0.785535758,-0.534361255,-1.804244244,1,0,0,1,4,0,0,1,0,0,2,0,4,0,0,3,0,0,3,0,0,0,0,1,0,1,1,1,0,0,1,1,0,0,1,0,0,1,3,0,1,0,2,1,0,0,1,1,0,0,0,1
4073,49,1,0.01154107,0,98311,0,1,0,3,0,0,1,0,0,3,4,3,3,5,3,4,4,5,5,5,3,3,3,2,2,2,3,1,3,2,2,2,0,0.1569851,-0.241457162,-0.024681975,1,1,0,0,2,0,0,1,0,0,2,0,4,1,0,1,0,0,3,1,0,0,1,0,0,0,0,0,1,0,2,1,0,0,1,1,0,0,1,1,0,0,1,1,0,0,1,0,1,0,0,2
4076,49,2,0.057482633,0,98052,0,1,0,5,0,0,0,0,1,3,6,1,4,3,1,3,1,3,3,1,2,2,2,3,2,2,2,2,2,3,3,3,0,-1.445582465,0.093604104,-1.966257365,1,0,1,0,3,0,1,0,1,0,2,0,2,0,0,0,0,1,2,0,0,0,1,0,1,0,0,0,1,0,2,0,0,1,3,0,1,0,2,1,0,0,1,1,0,0,1,0,0,1,0,3
4077,49,4,0.072025914,0,98204,1,0,0,3,0,0,1,0,0,1,4,2,3,3,1,1,2,2,2,2,1,1,1,1,3,1,3,1,1,1,1,1,1,-1.58723114,0.227454565,-1.203197843,0,0,1,1,4,0,0,1,0,0,2,0,4,1,0,1,1,0,1,0,0,0,0,0,0,1,1,0,0,1,3,0,0,1,3,0,1,0,2,0,0,1,3,1,0,0,1,0,0,0,1,4
4082,49,4,0.021209547,0,98032,1,0,0,2,0,1,0,0,0,1,3,1,5,2,1,1,1,2,4,2,1,1,1,2,2,2,2,2,3,1,2,1,0,0.424031582,-0.618721006,-0.670157974,1,1,0,0,2,0,0,0,1,0,2,0,2,1,0,1,0,1,2,0,0,0,0,0,0,0,0,0,0,1,3,0,0,1,3,0,0,1,3,0,1,0,2,0,1,0,2,0,0,0,1,4
4083,49,2,0.069792845,0,98466,0,1,0,2,0,1,0,0,0,3,5,3,2,5,1,1,1,1,3,2,2,2,3,4,2,1,1,2,3,4,2,4,0,-1.18407261,-1.682125781,-1.387201597,1,0,1,0,3,0,0,1,0,0,2,0,4,1,0,1,1,0,1,0,0,0,1,0,0,0,0,0,1,0,2,0,1,0,2,1,0,0,1,1,0,0,1,1,0,0,1,0,0,0,1,4
4084,49,2,0.048946574,0,98164,1,0,0,3,0,0,1,0,0,3,5,5,3,5,4,3,2,4,5,4,2,3,3,1,2,1,2,1,2,2,2,3,1,0.569665713,0.56934111,-0.534133432,1,1,0,0,2,1,1,1,0,0,2,0,4,0,0,3,0,0,3,1,0,0,0,1,0,1,1,0,0,0,0,0,0,0,0,0,0,0,0,0,0,0,0,0,0,0,0,0,0,0,0,0
4086,49,4,0.031988921,0,98103,1,0,0,3,0,0,1,0,0,2,5,3,2,5,2,4,1,2,4,1,2,3,3,3,2,2,3,3,3,2,2,4,0,-2.168312761,0.099590329,-0.411950104,0,1,0,0,2,0,0,1,0,0,2,0,4,1,0,1,1,0,1,0,1,0,0,0,1,0,0,0,0,1,3,0,0,1,3,1,0,0,1,0,0,1,3,1,0,0,1,0,0,0,1,4
4089,49,2,0.027561981,0,98178,0,1,0,4,0,0,0,1,0,1,5,5,4,5,5,5,4,4,3,4,2,3,3,3,3,2,1,1,1,2,2,3,1,0.79351907,0.051632285,0.731416631,0,0,1,0,3,0,1,1,0,0,2,0,4,0,0,3,0,0,3,1,0,1,0,0,0,1,1,0,1,0,2,0,0,1,3,0,0,1,3,1,0,0,1,0,1,0,2,0,0,0,1,4
4090,49,2,0.065301376,0,98146,0,1,0,1,1,0,0,0,0,3,1,0,4,2,2,2,3,1,4,3,3,2,2,3,2,3,2,2,2,3,2,2,1,0.911211599,0.750069075,-1.445685819,1,1,0,0,2,1,1,1,0,0,2,0,4,0,0,3,0,0,3,1,0,0,1,1,0,1,1,0,0,1,3,0,1,0,2,1,0,0,1,0,1,0,2,0,1,0,2,0,0,1,0,3
4091,49,4,0.064181234,0,98126,0,1,0,3,0,0,1,0,0,3,5,3,2,4,1,2,1,2,4,3,1,3,3,2,1,3,3,3,3,1,1,3,0,0.388979308,1.19700725,0.267558578,0,1,0,0,2,0,0,1,0,0,2,0,4,0,0,0,1,0,1,0,0,0,0,0,1,0,0,0,0,1,3,0,1,0,2,0,1,0,2,1,0,0,1,0,1,0,2,0,0,0,1,4
4093,49,2,0.137130394,0,98105,1,0,0,3,0,0,1,0,0,2,5,2,5,4,2,4,4,5,4,3,2,2,2,3,2,2,1,3,3,3,3,3,1,0.297637304,1.354412644,0.063171204,0,0,0,0,1,1,1,0,0,1,2,0,3,1,0,1,1,0,1,0,0,0,0,1,0,1,1,0,0,1,3,0,0,1,3,0,0,1,3,0,0,1,3,1,0,0,1,0,0,0,1,4
4094,49,4,0.021712349,0,98270,0,1,0,1,1,0,0,0,0,2,5,3,3,4,2,2,2,4,4,3,2,2,2,4,2,2,2,2,2,1,3,3,1,0.694138431,-0.71958014,-0.3920546,1,0,1,0,3,0,0,1,0,0,2,0,4,1,0,1,1,0,1,0,0,0,0,1,0,1,1,0,1,0,2,0,1,0,2,1,0,0,1,1,0,0,1,1,0,0,1,0,0,1,0,3
4096,49,2,0.020751407,0,98119,1,0,0,5,0,0,0,0,1,1,5,5,5,5,5,5,5,5,4,4,3,2,3,3,3,2,3,2,3,2,3,3,1,0.3853751,1.463296544,1.288103086,0,1,0,0,2,1,1,1,0,0,2,0,4,0,0,3,0,0,3,1,0,1,1,0,0,1,1,0,0,1,3,0,0,1,3,1,0,0,1,0,0,1,3,1,0,0,1,0,0,0,1,4
4098,49,2,0.026250428,0,98059,0,1,0,4,0,0,0,1,0,4,1,4,5,5,4,5,4,5,5,5,3,1,3,2,2,2,3,1,3,3,2,2,1,0.938966653,1.387339522,1.124297984,1,1,0,0,2,0,1,1,0,0,2,0,4,0,0,3,0,0,3,1,0,0,1,1,0,1,1,0,1,0,2,0,1,0,2,1,0,0,1,0,0,1,3,1,0,0,1,0,0,1,0,3
4101,49,4,0.041966035,0,98031,0,1,0,5,0,0,0,0,1,3,5,5,2,2,4,2,1,5,4,5,3,1,3,2,3,1,1,2,3,2,2,2,1,-0.454479494,-0.100007008,0.150553063,1,0,1,0,3,1,1,1,0,0,2,0,4,0,1,2,0,1,2,0,1,0,0,0,0,1,1,0,0,1,3,1,0,0,1,1,0,0,1,1,0,0,1,1,0,0,1,0,0,1,0,3
4104,49,4,0.155593046,0,98204,1,0,0,3,0,0,1,0,0,3,5,5,1,5,4,1,1,1,3,3,2,1,1,2,2,2,2,1,3,3,2,3,0,0.004458804,0.110556631,0.189392792,0,0,0,1,4,0,0,1,0,0,2,0,4,0,0,3,0,0,3,0,1,0,0,0,0,0,0,0,0,1,3,0,0,1,3,0,1,0,2,0,0,1,3,1,0,0,1,0,0,0,1,4
4106,33,2,0.580238225,0,11368,1,0,0,4,0,0,0,1,0,2,5,4,5,4,5,3,5,5,4,3,1,3,2,1,2,3,2,1,2,2,3,1,1,0.241455394,0.374935624,0.669779339,0,1,0,0,2,0,1,1,0,0,2,0,4,0,1,2,0,0,3,1,0,0,0,0,0,1,1,0,0,1,3,0,0,1,3,0,0,1,3,1,0,0,1,0,0,1,3,0,0,0,1,4
4108,49,4,0.01282857,0,98122,1,0,0,3,0,0,1,0,0,3,4,4,3,5,4,3,3,4,4,3,2,2,2,3,2,2,2,2,3,3,3,3,0,-0.27071466,0.344051876,-0.667986815,0,0,0,1,4,0,0,1,0,0,2,0,4,1,0,1,0,1,2,0,0,0,0,1,1,0,0,0,0,1,3,0,0,1,3,1,0,0,1,0,0,1,3,0,0,1,3,0,0,0,1,4
4109,49,4,0.022451002,0,98203,0,1,0,2,0,1,0,0,0,3,2,3,4,4,2,3,1,1,4,1,1,2,2,3,2,2,2,1,3,3,4,4,1,-0.491170745,-0.850829419,0.264472391,1,1,0,0,2,0,0,1,0,0,2,0,4,1,0,1,0,0,3,1,0,0,0,0,0,1,1,0,1,0,2,0,1,0,2,0,0,1,3,0,1,0,2,0,1,0,2,0,0,0,1,4
4110,49,2,0.124355944,0,98105,1,0,0,2,0,1,0,0,0,3,5,3,3,3,3,3,5,5,5,3,2,2,2,3,2,2,2,2,2,3,3,3,0,0.241662007,-0.277638743,-0.585092574,1,1,0,0,2,0,1,1,0,0,2,0,4,0,0,3,0,1,2,0,0,0,1,1,0,0,0,0,0,1,3,0,0,1,3,0,0,1,3,0,0,1,3,1,0,0,1,0,0,0,1,4
4111,49,1,0.093545508,0,98424,0,1,0,1,1,0,0,0,0,1,1,5,4,3,3,4,3,4,4,4,2,2,2,3,2,2,2,2,2,3,3,3,1,0.742955441,1.676173243,0.05526244,0,1,0,0,2,0,1,1,0,0,2,0,4,0,0,3,0,0,3,1,0,0,0,0,0,1,1,1,0,0,1,0,0,1,3,0,0,1,3,0,0,1,3,1,0,0,1,0,1,0,0,2
4113,49,2,0.224111295,0,98134,0,1,0,3,0,0,1,0,0,3,4,2,5,4,1,2,2,4,4,2,2,3,3,2,2,2,2,2,2,3,2,3,0,-0.198849176,-0.25042992,0.763961526,1,0,0,0,1,1,1,1,0,0,1,1,1,0,1,2,0,1,2,0,1,0,1,0,0,0,0,1,0,0,1,0,0,1,3,0,0,1,3,0,1,0,2,0,0,1,3,0,0,0,1,4
4118,49,2,0.030264945,0,98375,0,1,0,2,0,1,0,0,0,1,4,4,5,3,1,1,1,3,4,3,2,2,2,3,2,1,2,2,2,4,2,2,1,-0.057140477,-0.439762927,-0.241692179,0,1,0,0,2,0,1,1,0,0,2,0,4,0,0,3,0,0,3,0,0,0,1,1,0,1,1,0,1,0,2,0,1,0,2,1,0,0,1,1,0,0,1,1,0,0,1,0,1,0,0,2
4119,49,2,0.210720761,0,19103,1,0,0,3,0,0,1,0,0,3,4,4,2,5,3,3,2,5,5,5,1,3,3,1,3,1,3,1,3,1,2,2,1,0.577543271,1.325683084,1.084468203,0,1,0,0,2,0,1,1,0,0,2,0,4,0,0,3,0,0,3,1,0,0,1,1,0,1,1,0,0,1,3,0,0,1,3,0,0,1,3,0,0,1,3,0,0,1,3,0,0,0,1,4
4123,49,2,0.006763322,0,98001,0,1,0,2,0,1,0,0,0,2,4,3,5,4,3,3,2,5,5,5,2,1,1,1,3,1,1,3,3,2,2,2,1,-0.36918262,1.353033897,0.670840469,0,0,1,0,3,0,0,1,0,0,2,0,4,0,1,2,0,0,3,1,0,0,1,1,0,1,1,0,1,0,2,0,1,0,2,0,0,1,3,1,0,0,1,0,1,0,2,0,1,0,0,2
4127,49,4,0.011689065,0,98198,1,0,0,3,0,0,1,0,0,2,2,2,5,5,3,3,1,5,5,2,2,2,2,4,2,2,2,2,2,4,2,3,0,-0.779388606,0.083187588,-0.415008843,1,0,1,0,3,0,0,1,0,0,2,0,4,0,1,2,0,0,3,1,0,0,0,1,0,0,0,0,0,1,3,0,1,0,2,0,1,0,2,0,1,0,2,0,1,0,2,0,0,1,0,3
4128,49,4,0.158950715,0,98402,0,1,0,4,0,0,0,1,0,2,5,3,4,5,4,4,1,3,4,3,2,2,2,4,2,2,2,2,2,3,3,4,0,0.163128601,0.092184612,-1.279772574,1,1,0,0,2,0,0,0,1,0,2,0,2,1,0,1,0,1,2,0,1,0,0,0,0,0,0,0,1,0,2,0,0,1,3,0,0,1,3,0,1,0,2,0,0,1,3,0,0,0,1,4
4131,49,4,0.017821459,0,98109,1,0,0,4,0,0,0,1,0,4,5,4,4,5,1,1,1,5,4,3,1,2,2,4,2,2,2,2,2,1,2,1,1,-0.343927868,0.874209761,1.159952818,1,1,0,0,2,0,1,1,0,0,2,0,4,0,1,2,0,0,3,0,0,0,0,1,0,1,1,0,0,1,3,0,0,1,3,0,0,1,3,0,0,1,3,0,1,0,2,0,0,0,1,4
4133,49,1,0.032130234,0,98370,0,1,0,2,0,1,0,0,0,3,2,3,5,3,3,4,3,5,4,4,2,2,2,3,2,2,2,2,2,4,4,4,0,0.346583519,-0.507225836,1.183858723,1,1,0,0,2,0,0,1,0,0,2,0,4,0,1,2,1,0,1,0,1,0,1,0,0,0,0,1,0,0,1,1,0,0,1,1,0,0,1,0,1,0,2,0,1,0,2,0,1,0,0,2
4137,49,2,0.017559248,0,98311,0,1,0,2,0,1,0,0,0,2,5,1,4,4,2,4,2,5,5,5,2,2,2,2,2,2,2,2,2,2,2,2,0,1.094519115,-0.185081059,0.102383574,1,0,0,1,4,0,1,1,0,0,2,0,4,0,1,2,0,1,2,0,1,0,0,0,0,0,0,0,1,0,2,1,0,0,1,1,0,0,1,1,0,0,1,1,0,0,1,0,1,0,0,2
4139,49,2,0.11363863,0,98133,1,0,0,1,1,0,0,0,0,1,4,2,4,4,1,1,1,3,4,2,1,3,3,3,2,3,3,3,3,4,3,2,1,-0.324900117,0.712020667,0.040662386,0,0,1,0,3,1,1,1,0,0,2,0,4,0,1,2,1,0,1,0,0,0,1,0,0,1,1,0,0,1,3,0,0,1,3,0,1,0,2,0,1,0,2,1,0,0,1,0,0,0,1,4
4144,49,4,0.064031647,0,98117,1,0,0,2,0,1,0,0,0,2,5,3,5,5,1,1,1,3,5,3,1,2,2,4,2,2,2,2,2,4,2,4,1,0.482015236,0.090553555,0.411325979,0,0,0,1,4,1,1,1,0,0,2,0,4,0,0,3,0,1,2,0,0,0,0,1,0,1,1,0,0,1,3,0,1,0,2,1,0,0,1,0,1,0,2,1,0,0,1,0,0,0,1,4
4146,49,2,0.064801749,0,98208,0,1,0,3,0,0,1,0,0,3,5,5,4,3,1,1,1,5,5,1,2,2,2,2,3,2,2,2,2,4,3,4,0,-0.259688621,0.2860874,-0.167963177,1,1,0,0,2,0,0,1,0,0,2,0,4,1,0,1,0,1,2,0,0,1,0,0,1,0,0,0,1,0,2,0,0,1,3,0,0,1,3,0,1,0,2,1,0,0,1,0,0,1,0,3
4148,49,2,0.058829993,0,98499,0,1,0,3,0,0,1,0,0,3,5,3,2,5,2,4,1,4,3,2,2,3,3,4,2,3,3,1,3,2,2,3,0,-1.298932383,-0.781456198,0.397143006,1,0,0,0,1,0,0,1,0,0,2,0,4,1,0,1,0,1,2,0,0,0,1,0,0,0,0,0,1,0,2,0,0,1,3,0,0,1,3,0,0,1,3,0,1,0,2,0,0,0,1,4
4150,49,4,0.047740921,0,98125,1,0,0,3,0,0,1,0,0,1,5,4,4,5,2,2,1,2,4,4,3,2,2,1,2,2,2,1,3,1,2,1,1,0.080695853,-0.354329156,-0.828576266,1,1,0,0,2,0,0,1,0,0,1,1,1,0,1,2,0,0,3,1,1,0,0,0,0,1,1,0,0,1,3,0,0,1,3,0,1,0,2,0,0,1,3,1,0,0,1,0,0,0,1,4
4151,49,2,0.06595117,0,98125,1,0,0,2,0,1,0,0,0,3,4,3,3,4,1,4,4,3,4,3,3,2,2,2,1,2,1,1,2,1,2,1,1,-0.565021685,0.570313678,-0.066117688,1,0,0,0,1,0,1,1,0,0,2,0,4,0,1,2,0,1,2,0,0,0,1,1,0,1,1,0,0,1,3,0,0,1,3,0,1,0,2,0,0,1,3,1,0,0,1,0,0,0,1,4
4153,49,4,0.008059139,0,98023,0,1,0,2,0,1,0,0,0,2,4,4,2,1,2,2,3,5,5,4,3,2,2,2,2,2,2,2,3,2,2,3,1,0.364303838,-0.884501412,-0.123141257,1,1,0,0,2,0,0,1,0,0,2,0,4,0,1,2,0,0,3,1,1,0,0,1,0,1,1,0,0,1,3,0,1,0,2,1,0,0,1,1,0,0,1,1,0,0,1,0,0,1,0,3
4154,49,2,0.089727534,0,98042,0,1,0,2,0,1,0,0,0,1,5,2,4,5,2,3,2,5,5,4,2,2,2,4,2,2,2,2,2,4,3,4,1,0.718135049,0.223279028,0.116710312,0,0,1,0,3,0,0,1,0,0,2,0,4,0,0,3,0,0,3,0,0,0,0,1,0,1,1,0,1,0,2,1,0,0,1,0,1,0,2,1,0,0,1,1,0,0,1,1,0,0,0,1
4157,49,2,0.109033778,0,98004,0,1,0,2,0,1,0,0,0,3,5,4,3,5,2,2,2,4,4,3,2,1,1,3,2,2,1,2,3,3,3,4,0,-1.16247509,-0.813495075,-1.245721895,0,1,0,0,2,1,1,0,0,1,2,0,3,0,1,2,1,0,1,0,0,0,0,0,0,0,0,0,1,0,2,0,0,1,3,0,0,1,3,0,0,1,3,1,0,0,1,0,0,0,1,4
4158,49,2,0.048099984,0,98168,0,1,0,2,0,1,0,0,0,1,1,3,4,2,1,3,3,3,5,3,2,2,2,3,2,2,3,1,1,1,2,1,1,0.488359185,0.011771643,0.16778167,0,1,0,0,2,0,0,0,1,0,2,0,2,1,0,1,1,0,1,0,0,0,1,0,0,1,1,0,1,0,2,0,1,0,2,0,0,1,3,0,1,0,2,0,1,0,2,0,0,1,0,3
4159,49,4,0.012646192,0,98373,0,1,0,2,0,1,0,0,0,5,2,5,2,5,1,1,1,5,5,2,2,1,1,4,3,1,1,1,3,1,3,3,1,-1.896440989,-1.426341531,-0.188652938,1,0,0,0,1,0,0,1,0,0,2,0,4,1,0,1,0,0,3,1,0,0,0,1,0,1,1,0,1,0,2,0,1,0,2,0,1,0,2,0,0,1,3,1,0,0,1,0,0,1,0,3
4160,49,2,0.076610696,0,98031,0,1,0,3,0,0,1,0,0,1,5,3,5,4,1,1,4,4,4,3,2,1,2,3,2,3,2,2,2,3,2,3,0,0.200354714,0.588256505,0.226121787,1,1,0,0,2,0,0,0,1,0,2,0,2,0,1,2,1,0,1,0,0,0,0,1,0,0,0,0,0,1,3,1,0,0,1,1,0,0,1,1,0,0,1,1,0,0,1,0,0,1,0,3
4161,49,4,0.043252603,0,98409,0,1,0,1,1,0,0,0,0,1,5,2,5,4,2,3,2,4,4,4,2,1,1,4,2,2,2,3,2,3,2,3,1,-0.734361315,-0.516579469,-0.124513343,0,0,1,0,3,1,1,1,0,0,2,0,4,0,1,2,0,1,2,0,0,0,0,1,1,1,1,0,1,0,2,0,0,1,3,0,0,1,3,0,0,1,3,0,1,0,2,0,0,0,1,4
4165,49,4,0.023122775,0,98003,1,0,0,2,0,1,0,0,0,2,5,3,4,5,1,1,1,3,4,2,2,2,2,4,2,2,2,2,2,3,2,4,1,-0.609263295,-1.126614793,0.305380969,0,0,1,0,3,1,1,1,0,0,2,0,4,1,0,1,1,0,1,0,1,0,0,0,1,1,1,0,0,1,3,0,0,1,3,0,0,1,3,0,1,0,2,1,0,0,1,0,0,0,1,4
4169,49,3,0.017976637,0,98338,0,1,0,2,0,1,0,0,0,2,4,3,3,2,4,5,3,4,5,4,1,1,2,3,2,2,1,2,2,2,2,4,1,-1.924488376,-0.494999757,0.563358141,1,0,1,0,3,0,0,1,0,0,2,0,4,0,1,2,0,1,2,0,0,0,0,1,0,1,1,1,0,0,1,1,0,0,1,1,0,0,1,1,0,0,1,1,0,0,1,1,0,0,0,1
4170,49,4,0.05192134,0,98374,0,1,0,3,0,0,1,0,0,3,2,3,2,5,1,2,2,3,4,4,1,1,2,1,2,2,2,2,1,3,1,3,1,-0.324229547,0.299891742,-1.894912394,0,0,0,1,4,0,0,1,0,0,2,0,4,0,1,2,0,1,2,0,0,0,0,1,0,1,1,0,1,0,2,0,1,0,2,1,0,0,1,1,0,0,1,1,0,0,1,1,0,0,0,1
4173,49,2,0.026763289,0,98290,0,1,0,3,0,0,1,0,0,3,5,4,2,5,3,2,2,5,4,3,1,2,2,2,2,2,2,1,3,4,2,3,0,0.521391232,-0.603054514,-0.180168858,0,0,0,1,4,0,1,1,0,0,2,0,4,1,0,1,1,0,1,0,0,0,0,0,0,0,0,1,0,0,1,0,1,0,2,1,0,0,1,1,0,0,1,0,1,0,2,1,0,0,0,1
4177,49,2,0.049114595,0,98106,0,1,0,2,0,1,0,0,0,2,4,3,4,4,1,4,1,5,4,4,1,2,2,1,2,2,1,2,2,3,2,3,1,0.169620589,0.529934238,0.26695539,0,0,1,0,3,0,0,1,0,0,2,0,4,1,0,1,0,1,2,0,0,0,1,1,0,1,1,0,0,1,3,0,1,0,2,1,0,0,1,1,0,0,1,0,1,0,2,0,0,0,1,4
4182,49,2,0.03230247,0,98042,0,1,0,5,0,0,0,0,1,4,4,4,2,4,3,3,2,3,3,2,2,3,3,3,2,2,2,2,2,3,2,3,1,-0.971102173,-0.981067468,0.461373299,0,1,0,0,2,0,1,1,0,0,2,0,4,0,1,2,0,0,3,1,0,0,1,0,0,1,1,0,1,0,2,1,0,0,1,0,1,0,2,1,0,0,1,1,0,0,1,1,0,0,0,1
4184,49,3,0.023616534,0,98498,0,1,0,1,1,0,0,0,0,2,1,0,2,5,1,5,1,4,2,5,2,3,3,3,2,1,2,1,2,3,2,1,1,0.527247491,0.601157537,0.880015741,1,1,0,0,2,0,0,1,0,0,2,0,4,1,0,1,0,1,2,0,0,0,0,0,0,1,1,0,1,0,2,0,1,0,2,0,1,0,2,1,0,0,1,0,1,0,2,0,0,1,0,3
4185,49,4,0.047497356,0,98498,0,1,0,1,1,0,0,0,0,1,4,1,5,3,1,1,1,4,5,4,2,2,2,3,2,2,2,2,2,4,2,3,1,0.725646474,0.80013697,-0.327433103,1,0,0,1,4,0,0,1,0,0,2,0,4,0,1,2,1,0,1,0,1,0,0,1,0,1,1,0,1,0,2,0,1,0,2,0,1,0,2,1,0,0,1,0,1,0,2,0,0,1,0,3
4186,49,2,0.016492853,0,99205,0,1,0,2,0,1,0,0,0,4,4,3,2,5,2,3,4,2,4,2,2,3,3,3,2,2,1,3,3,1,2,4,1,-0.856962479,-0.84239439,-1.90395439,1,0,0,0,1,0,0,1,0,0,2,0,4,1,0,1,0,0,3,0,0,0,1,1,0,1,1,0,0,1,3,0,1,0,2,1,0,0,1,0,1,0,2,1,0,0,1,0,0,0,1,4
4189,49,2,0.037702455,0,98003,1,0,0,4,0,0,0,1,0,3,4,4,2,4,3,4,5,5,5,5,1,3,2,2,3,1,3,2,3,2,2,2,1,-0.859432381,1.639271062,0.232824394,0,0,0,0,1,1,1,1,0,0,2,0,4,0,1,2,0,0,3,1,0,0,0,0,0,1,1,0,0,1,3,0,0,1,3,0,0,1,3,0,1,0,2,1,0,0,1,0,0,0,1,4
4191,49,4,0.015399266,0,98204,1,0,0,2,0,1,0,0,0,3,4,2,4,3,1,5,1,1,1,1,2,2,2,4,2,2,2,2,1,2,4,4,0,-0.218515894,-1.075059356,-0.143161527,0,1,0,0,2,1,1,1,0,1,2,0,3,1,0,1,0,0,3,0,0,0,0,1,0,0,0,0,0,1,3,0,0,1,3,0,1,0,2,0,0,1,3,1,0,0,1,0,0,0,1,4
4193,49,2,0.066153567,0,98106,0,1,0,4,0,0,0,1,0,1,5,5,5,5,5,5,4,5,5,5,2,1,3,1,2,3,2,2,1,3,3,2,1,1.30243342,1.087579039,0.92788432,0,1,0,0,2,0,1,1,0,0,2,0,4,0,0,3,0,0,3,1,0,0,0,1,0,1,1,0,0,1,3,0,1,0,2,1,0,0,1,1,0,0,1,0,1,0,2,0,0,0,1,4
4196,49,1,0.088008518,0,98122,1,0,0,4,0,0,0,1,0,3,4,4,5,4,3,3,4,3,3,4,2,2,3,3,2,3,2,3,2,2,2,2,1,0.679497199,0.408795454,-0.03324115,1,1,0,0,2,0,1,1,0,0,2,0,4,0,0,3,0,1,2,1,1,0,0,1,0,1,1,0,0,1,3,0,0,1,3,1,0,0,1,0,0,1,3,0,0,1,3,0,0,0,1,4
4199,49,4,0.040492058,0,98136,0,1,0,4,0,0,0,1,0,2,4,3,4,4,2,3,2,1,3,4,2,2,2,2,1,3,3,1,1,2,2,2,1,0.075394104,0.795743737,-0.22222084,0,1,0,0,2,0,1,1,0,0,2,0,4,0,0,3,0,0,3,1,0,0,0,1,0,1,1,0,0,1,3,1,0,0,1,1,0,0,1,1,0,0,1,0,1,0,2,0,0,1,0,3
4202,49,2,0.06169175,0,98445,0,1,0,1,1,0,0,0,0,1,3,1,4,3,2,2,2,2,2,2,2,2,2,3,2,2,2,2,2,3,3,3,1,-0.165829279,0.501731726,-0.473489171,0,1,0,0,2,0,0,1,0,0,2,0,4,1,0,1,1,0,1,0,0,0,0,0,0,1,1,0,1,0,2,1,0,0,1,1,0,0,1,1,0,0,1,1,0,0,1,1,0,0,0,1
4203,49,2,0.030196013,0,98102,1,0,0,4,0,0,0,1,0,1,2,3,4,4,5,5,4,3,4,5,2,3,3,3,2,3,2,2,2,3,3,2,1,0.481033004,1.026812139,0.68106784,0,0,1,0,3,0,1,1,0,0,2,0,4,0,0,3,0,0,3,1,0,1,0,1,0,1,1,0,0,1,3,0,0,1,3,0,0,1,3,0,0,1,3,0,0,1,3,0,0,0,1,4
4204,49,4,0.01854863,0,98270,0,1,0,2,0,1,0,0,0,2,3,3,4,4,2,3,2,5,5,3,2,2,2,3,2,2,3,2,3,3,2,2,0,0.441088235,0.659078318,0.530338858,0,0,0,1,4,0,0,1,0,0,2,0,4,0,1,2,0,1,2,0,0,0,0,1,0,0,0,0,1,0,2,0,1,0,2,1,0,0,1,1,0,0,1,1,0,0,1,0,0,1,0,3
4208,49,4,0.023734674,0,98443,0,1,0,4,0,0,0,1,0,4,4,3,2,5,2,4,2,3,4,3,2,2,2,2,3,2,2,2,3,2,3,4,0,-1.099962636,0.644277029,-1.972995406,0,0,1,0,3,0,0,1,0,0,2,0,4,1,0,1,0,1,2,0,1,0,0,1,0,0,0,1,0,0,1,1,0,0,1,1,0,0,1,1,0,0,1,1,0,0,1,1,0,0,0,1
4209,49,4,0.252745636,0,98258,0,1,0,2,0,1,0,0,0,2,5,4,2,4,2,2,2,4,4,4,2,2,2,2,2,2,2,2,2,3,3,4,1,-0.334676605,-1.014269318,0.662758571,1,1,0,0,2,0,0,0,0,1,2,0,3,0,0,3,0,0,3,1,0,0,0,1,0,1,1,0,1,0,2,1,0,0,1,1,0,0,1,1,0,0,1,0,1,0,2,0,1,0,0,2
4210,49,4,0.015088901,0,98056,0,1,0,3,0,0,1,0,0,3,5,3,4,3,2,2,2,4,5,4,3,2,2,4,2,2,3,2,3,4,2,2,1,-1.198027356,-0.072541821,0.307012348,1,0,1,0,3,0,1,1,0,0,2,0,4,0,1,2,0,1,2,0,0,0,0,1,0,1,1,0,0,1,3,0,1,0,2,1,0,0,1,0,1,0,2,1,0,0,1,0,0,0,1,4
4211,49,2,0.039853197,0,98466,0,1,0,2,0,1,0,0,0,2,5,3,4,2,1,1,1,5,4,3,1,2,3,1,2,2,2,2,2,4,2,2,0,0.211753654,-0.140157771,-0.041538441,1,0,1,0,3,1,1,0,1,0,2,0,2,1,0,1,1,0,1,0,1,0,0,0,0,0,0,0,1,0,2,0,1,0,2,1,0,0,1,1,0,0,1,1,0,0,1,0,0,0,1,4
4212,49,2,0.00391195,0,98498,0,1,0,2,0,1,0,0,0,2,4,4,4,4,2,3,2,3,3,2,2,2,1,3,2,2,2,2,3,3,3,4,1,-0.231065302,-0.159804596,0.002775022,1,1,0,0,2,0,1,0,0,0,2,0,5,1,0,1,0,0,3,0,0,0,0,1,0,1,1,0,1,0,2,0,1,0,2,0,1,0,2,1,0,0,1,0,1,0,2,0,0,1,0,3
4217,49,4,0.075153818,0,98023,0,1,0,5,0,0,0,0,1,5,4,5,2,5,3,1,1,2,3,2,2,2,2,1,2,1,2,1,2,1,1,3,0,-1.516366698,-0.618005928,-0.850952091,1,0,1,0,3,0,0,1,0,0,2,0,4,1,0,1,0,0,3,0,1,0,0,0,0,0,0,0,0,1,3,0,1,0,2,1,0,0,1,1,0,0,1,1,0,0,1,0,0,1,0,3
4218,49,2,0.054779005,0,98012,0,1,0,1,1,0,0,0,0,2,6,1,5,4,1,1,1,1,5,3,2,1,1,3,2,2,2,2,2,3,3,3,1,0.589901468,1.299904748,-0.588688461,0,1,0,0,2,0,1,0,0,1,2,0,3,0,0,3,0,0,3,1,0,0,0,0,0,1,1,0,1,0,2,0,1,0,2,1,0,0,1,1,0,0,1,1,0,0,1,0,0,1,0,3
4221,32,4,0.000156414,0,87108,0,1,0,2,0,1,0,0,0,2,2,3,4,4,3,2,1,3,4,3,2,2,2,3,2,2,2,2,2,1,3,4,1,-0.727303221,-1.080232606,-1.024072664,1,1,0,0,2,0,0,1,0,0,2,0,4,1,0,1,0,0,3,1,0,0,0,0,0,1,1,0,1,0,2,0,0,1,3,1,0,0,1,0,0,1,3,1,0,0,1,0,0,0,1,4
4222,49,2,0.219746229,0,98312,0,1,0,2,0,1,0,0,0,4,5,4,3,4,1,1,3,4,4,3,2,3,3,1,3,2,3,1,3,2,2,3,1,0.214322799,-1.806397621,-0.867138615,1,0,0,0,1,0,0,1,0,0,2,0,4,1,0,1,0,1,2,0,1,0,0,0,0,1,1,0,1,0,2,0,1,0,2,0,0,1,3,1,0,0,1,1,0,0,1,0,0,1,0,3
4224,49,4,0.027494775,0,98387,0,1,0,4,0,0,0,1,0,4,4,5,1,4,1,4,1,3,4,3,2,1,3,1,2,2,2,2,3,3,3,4,0,-0.913904144,-0.440884552,0.075368821,1,0,0,0,1,0,0,0,0,0,1,1,1,1,0,1,0,1,2,0,0,0,0,0,1,0,0,0,1,0,2,1,0,0,1,1,0,0,1,1,0,0,1,1,0,0,1,0,1,0,0,2
4225,49,2,0.093259305,0,98056,0,1,0,3,0,0,1,0,0,3,5,4,3,3,2,4,3,3,4,3,3,3,2,2,2,2,2,2,2,2,2,4,0,-0.463102644,0.493394892,-0.852897546,1,0,0,0,1,1,1,1,0,0,2,0,4,0,0,0,0,1,2,0,0,0,0,0,0,0,0,0,0,1,3,0,1,0,2,1,0,0,1,0,1,0,2,1,0,0,1,0,0,0,1,4
4226,49,2,0.116643149,0,98311,0,1,0,2,0,1,0,0,0,2,4,1,4,4,1,1,1,3,3,2,2,2,2,3,2,2,2,2,2,3,3,3,1,-0.384657148,-0.470554,1.076134209,0,1,0,0,2,0,0,1,0,0,2,0,4,0,0,3,0,0,3,1,0,0,1,1,0,1,1,0,1,0,2,1,0,0,1,1,0,0,1,1,0,0,1,1,0,0,1,0,1,0,0,2
4227,49,4,0.012242724,0,98370,0,1,0,3,0,0,1,0,0,4,4,3,4,4,2,2,1,4,4,2,2,2,2,3,2,2,2,2,2,4,3,4,1,0.027094288,0.540775212,-1.840946362,1,1,0,0,2,0,0,1,0,0,2,0,4,1,0,1,0,0,3,1,1,0,0,0,0,1,1,1,0,0,1,1,0,0,1,1,0,0,1,0,1,0,2,0,1,0,2,0,1,0,0,2
4229,49,2,0.035478672,0,98290,0,1,0,2,0,1,0,0,0,2,2,4,4,4,3,4,4,4,4,4,3,3,2,2,3,3,3,2,3,2,2,2,1,-0.513948497,-0.206344901,-0.810557729,0,1,0,0,2,1,1,1,0,0,2,0,4,0,0,3,0,0,3,1,0,0,0,1,0,1,1,1,0,0,1,0,1,0,2,1,0,0,1,1,0,0,1,0,1,0,2,1,0,0,0,1
4230,49,2,0.016999786,0,98370,0,1,0,3,0,0,1,0,0,3,2,3,1,2,2,3,4,1,3,3,2,2,2,3,1,3,3,2,1,3,3,3,0,-0.800015077,1.130914368,0.384392188,0,0,1,0,3,1,1,1,0,0,2,0,4,1,0,1,1,0,1,0,0,0,0,1,0,0,0,1,0,0,1,1,0,0,1,1,0,0,1,0,1,0,2,0,1,0,2,0,1,0,0,2
4231,49,2,0.085483961,0,98033,1,0,0,4,0,0,0,1,0,2,5,1,2,4,2,3,3,4,2,5,3,2,2,2,2,1,3,2,1,2,1,3,1,-0.46126775,0.696451031,-0.675487986,1,0,0,0,1,0,0,0,1,0,2,0,2,1,0,1,1,0,1,1,0,1,0,0,0,1,1,0,1,0,2,0,0,1,3,0,0,1,3,0,0,1,3,1,0,0,1,0,0,0,1,4
4232,49,2,0.021475615,0,98118,0,1,0,3,0,0,1,0,0,2,5,4,1,3,3,4,3,5,4,3,2,2,1,3,2,2,2,1,3,3,2,3,1,-0.928309118,-1.364071559,-1.10884283,1,0,1,0,3,1,1,1,0,0,2,0,4,0,1,2,0,1,2,0,0,0,0,1,0,1,1,0,0,1,3,0,1,0,2,1,0,0,1,1,0,0,1,0,0,1,3,0,0,0,1,4
4235,49,4,0.020190287,0,98367,0,1,0,2,0,1,0,0,0,2,3,2,3,4,3,3,3,4,5,5,1,1,3,1,3,3,2,1,3,3,3,4,1,0.403797964,-0.135366958,0.418009457,1,0,1,0,3,1,1,0,0,0,1,1,1,0,0,3,0,0,3,0,0,0,0,1,0,1,1,1,0,0,1,1,0,0,1,1,0,0,1,1,0,0,1,0,1,0,2,1,0,0,0,1
4236,49,2,0.011424372,0,98118,0,1,0,2,0,1,0,0,0,2,4,3,4,5,3,4,3,5,5,5,1,1,2,1,3,1,3,1,3,2,2,2,1,-0.287987083,1.582281548,0.75811269,0,1,0,0,2,1,1,1,0,0,2,0,4,0,1,2,0,0,3,1,0,0,1,1,0,1,1,0,0,1,3,0,1,0,2,1,0,0,1,1,0,0,1,0,0,1,3,0,0,0,1,4
4238,49,2,0.035917955,0,98133,1,0,0,4,0,0,0,1,0,2,5,2,3,3,3,2,3,4,4,3,3,2,2,3,1,2,3,2,2,3,3,3,1,0.324554163,0.750993117,0.756610591,0,1,0,0,2,0,0,0,0,1,1,1,1,0,1,2,0,0,3,0,0,0,0,0,0,1,1,0,0,1,3,0,0,1,3,0,1,0,2,0,1,0,2,1,0,0,1,0,0,0,1,4
4239,49,2,0.472495971,0,98178,0,1,0,1,1,0,0,0,0,1,5,1,4,5,1,1,1,3,5,2,2,2,2,3,2,2,2,2,2,4,3,3,0,-1.023645712,-0.050134555,1.454753513,1,1,0,0,2,1,1,1,1,0,2,0,2,0,0,3,0,1,2,0,0,0,0,1,0,0,0,0,1,0,2,0,0,1,3,0,0,1,3,1,0,0,1,0,1,0,2,0,0,0,1,4
4240,49,2,0.019491298,0,98101,1,0,0,3,0,0,1,0,0,2,4,4,4,5,5,4,3,4,4,4,2,2,2,3,2,2,2,2,2,3,3,3,1,-0.218952056,1.113715937,0.264130036,0,1,0,0,2,0,1,1,0,0,2,0,4,0,0,3,0,0,3,1,0,0,0,1,0,1,1,0,0,1,3,0,0,1,3,0,0,1,3,0,0,1,3,0,0,1,3,0,0,0,1,4
4241,49,2,0.005350542,0,98418,0,1,0,4,0,0,0,1,0,2,4,4,5,4,4,5,4,4,5,4,3,3,2,3,2,3,3,2,2,2,3,3,1,-0.375810748,0.520132147,0.154600956,0,1,0,0,2,0,1,1,0,0,2,0,4,1,0,1,0,0,3,1,0,1,0,0,0,1,1,0,1,0,2,0,1,0,2,0,0,1,3,1,0,0,1,0,1,0,2,0,0,0,1,4
4244,49,2,0.109578661,0,98034,1,0,0,4,0,0,0,1,0,3,6,4,2,5,4,4,2,4,4,4,2,2,2,2,2,2,2,2,3,2,2,3,0,-0.248134771,-0.151855653,-1.486393569,0,0,0,0,1,0,0,1,0,0,2,0,4,1,0,1,1,0,1,0,0,0,1,1,0,0,0,0,0,1,3,0,0,1,3,0,1,0,2,0,1,0,2,1,0,0,1,0,0,1,0,3
4247,49,2,0.066670012,0,98422,0,1,0,1,1,0,0,0,0,1,4,0,1,4,3,1,1,4,4,3,1,1,1,4,2,1,1,3,2,3,4,1,0,-1.337241533,0.049551012,-0.535817559,0,1,0,0,2,1,1,1,0,0,1,1,1,0,1,2,0,0,3,1,0,0,0,1,0,0,0,0,1,0,2,1,0,0,1,1,0,0,1,1,0,0,1,0,1,0,2,0,1,0,0,2
4248,49,4,0.00358228,0,98023,0,1,0,4,0,0,0,1,0,5,5,5,1,5,2,3,1,5,5,5,2,3,3,4,2,2,1,1,3,1,2,3,0,-2.04271849,0.02991762,1.323494062,1,1,0,0,2,0,0,1,0,0,2,0,4,0,1,2,0,0,3,1,0,0,0,0,0,0,0,0,0,1,3,0,1,0,2,1,0,0,1,1,0,0,1,1,0,0,1,0,0,1,0,3
4257,49,4,0.068096051,0,98037,1,0,0,3,0,0,1,0,0,3,3,3,4,3,3,1,3,1,2,3,2,2,2,2,2,2,2,3,3,4,4,2,1,-1.299633502,-0.591605183,-0.325216662,1,1,0,0,2,0,0,0,0,0,1,1,1,1,0,1,0,1,2,0,0,0,0,0,0,1,1,0,0,1,3,0,1,0,2,0,1,0,2,0,1,0,2,1,0,0,1,0,0,1,0,3
4258,49,1,0.047103797,0,98119,1,0,0,3,0,0,1,0,0,1,4,3,5,5,3,3,3,4,4,4,1,3,3,1,3,1,2,1,3,2,2,1,1,0.828931753,-0.853545553,0.662096486,1,0,0,0,1,1,1,0,0,1,2,0,3,1,0,1,0,0,3,0,0,0,0,0,0,1,1,0,0,1,3,0,0,1,3,1,0,0,1,0,0,1,3,1,0,0,1,0,0,0,1,4
4261,49,2,0.037907222,0,98252,0,1,0,2,0,1,0,0,0,3,3,3,3,2,4,3,4,2,4,4,3,1,1,1,2,1,3,1,3,2,2,2,1,0.71704571,0.840875979,-0.519045706,0,1,0,0,2,0,1,1,0,0,1,1,1,0,0,3,0,0,3,1,0,0,0,1,0,1,1,1,0,0,1,1,0,0,1,1,0,0,1,0,0,1,3,1,0,0,1,0,1,0,0,2
4263,49,2,0.072500263,0,98204,1,0,0,2,0,1,0,0,0,3,4,2,3,3,3,3,3,3,4,3,2,2,3,3,3,2,2,3,2,2,3,2,0,-0.381788905,0.680110467,-0.054094602,0,1,0,0,2,1,1,1,0,0,2,0,4,0,0,0,1,0,1,0,0,0,1,0,1,0,0,0,0,1,3,0,0,1,3,0,1,0,2,0,0,1,3,1,0,0,1,0,0,0,1,4
4264,49,2,0.067707947,0,98033,1,0,0,1,1,0,0,0,0,1,4,1,4,3,1,1,3,3,3,3,2,2,2,4,2,2,2,2,2,4,2,4,1,-0.29803016,0.108013231,-0.363694325,1,1,0,0,2,1,1,1,0,0,2,0,4,0,0,3,0,0,3,1,0,0,1,1,0,1,1,0,1,0,2,0,0,1,3,0,0,1,3,0,0,1,3,1,0,0,1,0,0,0,1,4
4265,49,4,0.017144051,0,98338,0,1,0,3,0,0,1,0,0,3,4,3,3,4,2,4,2,4,4,4,3,3,2,3,3,3,2,3,2,3,2,3,0,-0.108298365,0.372492486,-1.336786063,1,1,0,0,2,0,0,1,0,0,2,0,4,0,1,2,0,0,3,1,0,0,0,1,0,0,0,1,0,0,1,1,0,0,1,1,0,0,1,1,0,0,1,1,0,0,1,1,0,0,0,1
4266,49,2,0.020795,0,98026,0,1,0,2,0,1,0,0,0,1,1,0,5,2,2,1,1,2,3,3,2,2,2,2,2,2,3,2,2,3,3,3,1,-1.340205707,-0.290678385,0.197075884,0,1,0,0,2,1,1,1,0,0,2,0,4,0,1,2,0,0,3,1,1,1,1,1,0,1,1,0,1,0,2,0,0,1,3,1,0,0,1,1,0,0,1,1,0,0,1,0,0,1,0,3
4268,3,2,0.085928289,1,85001,1,0,0,5,0,0,0,0,1,1,5,5,5,4,5,4,5,4,5,4,2,3,2,2,2,2,3,2,2,2,3,3,1,0.781360913,0.712830787,0.822588959,0,0,0,0,1,1,1,1,0,0,2,0,4,0,0,3,0,0,3,1,0,0,0,1,0,1,1,0,0,0,0,0,0,0,0,0,0,0,0,0,0,0,0,0,0,0,0,0,0,0,0,0
4270,49,4,0.040492058,0,98108,1,0,0,3,0,0,1,0,0,2,5,2,4,5,3,4,3,4,4,5,3,1,2,1,1,2,3,1,2,2,3,1,1,0.472783185,1.616414422,0.685579957,0,1,0,0,2,0,1,1,0,0,2,0,4,0,0,3,0,0,3,1,0,0,0,1,0,1,1,0,0,1,3,0,0,1,3,0,0,1,3,0,1,0,2,0,0,1,3,0,0,0,1,4
4276,49,2,0.025647794,0,98118,0,1,0,3,0,0,1,0,0,3,4,5,2,4,2,4,4,5,5,5,3,2,2,2,3,1,3,1,3,2,2,2,1,0.915986946,1.226693235,0.382251762,0,1,0,0,2,0,1,1,0,0,2,0,4,0,0,3,0,0,3,1,0,0,0,1,0,1,1,0,0,1,3,0,1,0,2,1,0,0,1,1,0,0,1,0,0,1,3,0,0,0,1,4
4279,49,2,0.025647794,0,98498,0,1,0,5,0,0,0,0,1,1,5,5,5,4,5,4,5,4,4,5,3,1,3,2,2,3,1,3,2,1,2,3,1,0.221346485,1.681727098,0.729485558,0,1,0,0,2,0,1,1,0,0,2,0,4,0,0,3,0,0,3,1,0,1,0,1,0,1,1,0,1,0,2,0,1,0,2,0,1,0,2,1,0,0,1,0,1,0,2,0,0,1,0,3
4282,49,2,0.042382605,0,98122,1,0,0,4,0,0,0,1,0,2,5,3,4,4,4,4,4,4,3,4,1,2,2,2,2,3,3,3,2,3,2,3,1,-0.103937772,0.341559711,0.033377491,1,1,0,0,2,0,1,1,0,0,2,0,4,0,0,3,0,0,3,1,0,0,0,1,0,1,1,0,0,1,3,0,0,1,3,1,0,0,1,0,0,1,3,0,0,1,3,0,0,0,1,4
4287,51,2,0.08431398,0,98125,1,0,0,3,0,0,1,0,0,3,4,4,3,4,3,4,3,3,4,3,3,2,2,2,1,3,3,3,3,2,1,2,1,-0.426653379,0.87528334,-0.730157052,0,0,1,0,3,0,1,1,0,0,2,0,4,0,0,3,0,0,3,1,0,1,0,1,0,1,1,0,0,1,3,0,0,1,3,0,1,0,2,0,0,1,3,1,0,0,1,0,0,0,1,4
4290,49,2,0.265913729,0,98133,1,0,0,3,0,0,1,0,0,2,4,4,4,3,5,4,5,3,5,4,3,2,1,2,1,2,3,2,1,3,2,3,1,0.136753735,0.353912208,0.012901103,0,1,0,0,2,0,0,1,0,0,2,0,4,0,0,3,0,0,3,1,0,0,0,1,0,1,1,0,0,1,3,0,0,1,3,0,1,0,2,0,1,0,2,1,0,0,1,0,0,0,1,4
4291,49,4,0.031988921,0,98004,0,1,0,3,0,0,1,0,0,3,4,3,4,4,2,2,2,3,4,2,2,2,2,3,2,2,2,2,3,3,3,3,0,-0.004734,0.822669571,0.131045397,0,1,0,0,2,0,0,1,0,0,2,0,4,1,0,1,1,0,1,0,0,0,0,0,1,0,0,0,1,0,2,0,0,1,3,0,0,1,3,0,0,1,3,1,0,0,1,0,0,0,1,4
4292,49,4,0.029385159,0,98002,1,0,0,5,0,0,0,0,1,4,4,5,3,5,3,1,1,1,1,1,2,2,2,4,2,2,2,2,2,4,4,4,0,-0.807450647,-1.321741551,-0.687538512,1,1,0,0,2,0,0,0,0,0,2,0,5,0,0,0,1,0,1,0,1,0,0,1,1,0,0,0,0,1,3,0,0,1,3,0,1,0,2,0,1,0,2,0,1,0,2,0,0,0,1,4
4293,49,1,0.159111145,0,98004,0,1,0,2,0,1,0,0,0,2,5,4,2,4,3,4,2,4,5,4,2,2,2,4,3,2,2,2,3,2,2,4,1,0.538386889,-1.218659128,0.911303705,1,0,0,0,1,0,1,1,0,0,2,0,4,0,0,3,0,1,2,0,0,0,0,0,0,1,1,0,1,0,2,0,0,1,3,0,0,1,3,0,0,1,3,1,0,0,1,0,0,0,1,4
4295,49,2,0.033914534,0,98101,1,0,0,2,0,1,0,0,0,2,2,2,4,4,3,1,2,5,3,4,1,2,3,3,1,3,2,1,3,2,1,3,1,-0.125680356,0.896520704,-0.354055095,1,1,0,0,2,0,0,1,0,0,2,0,4,0,1,2,0,0,3,1,0,1,0,1,0,1,1,0,0,1,3,0,0,1,3,0,0,1,3,0,0,1,3,0,0,1,3,0,0,0,1,4
4297,49,2,0.013125036,0,98052,0,1,0,4,0,0,0,1,0,3,5,5,4,5,3,2,2,5,5,4,1,2,2,4,2,2,2,2,3,4,2,2,0,0.782930413,0.358174335,0.432167774,1,1,0,0,2,1,1,1,0,0,2,0,4,0,0,0,0,0,3,0,0,0,0,1,0,0,0,0,1,0,2,0,0,1,3,0,1,0,2,1,0,0,1,1,0,0,1,0,0,1,0,3
4299,49,2,0.052139618,0,98043,0,1,0,3,0,0,1,0,0,3,5,3,5,4,1,1,1,4,4,5,3,3,2,3,2,3,3,2,3,4,2,4,1,0.013424866,-1.124094968,1.361783672,1,1,0,0,2,0,0,1,0,0,2,0,4,0,1,2,0,1,2,0,0,0,1,0,0,1,1,0,1,0,2,0,1,0,2,0,0,1,3,0,0,1,3,1,0,0,1,0,0,0,1,4
4300,49,2,0.025647794,0,98126,0,1,0,2,0,1,0,0,0,2,5,2,4,5,1,1,1,1,5,4,1,2,3,3,2,2,2,2,2,3,2,3,1,0.64606783,0.879487443,0.249422392,0,1,0,0,2,0,1,1,0,0,2,0,4,0,0,3,0,0,3,1,0,0,1,1,0,1,1,0,0,1,3,0,1,0,2,0,1,0,2,1,0,0,1,0,1,0,2,0,0,0,1,4
4301,49,2,0.169049282,0,98001,0,1,0,2,0,1,0,0,0,1,4,4,4,4,3,4,4,4,4,4,3,3,3,2,1,3,3,1,3,2,2,1,0,-0.691747314,0.495132701,-0.394459945,0,1,0,0,2,0,0,0,0,1,2,0,3,1,0,1,0,0,3,0,0,0,1,0,0,0,0,0,1,0,2,0,1,0,2,0,0,1,3,1,0,0,1,0,1,0,2,0,1,0,0,2
4305,49,4,0.016659537,0,98445,0,1,0,3,0,0,1,0,0,2,4,4,4,5,4,4,4,4,4,4,2,2,2,3,2,2,2,2,2,3,3,3,1,-0.008947771,1.34521458,0.562853,1,1,0,0,2,0,0,1,0,0,2,0,4,0,1,2,1,0,1,0,0,0,0,1,0,1,1,0,1,0,2,1,0,0,1,1,0,0,1,1,0,0,1,1,0,0,1,1,0,0,0,1
4306,49,0,0.075083726,0,98372,0,1,0,3,0,0,1,0,0,3,5,4,3,5,1,4,1,4,4,5,2,2,3,3,2,2,2,3,2,3,3,2,-9,1.219937209,-0.172813207,-0.641963463,1,0,0,1,4,0,0,0,0,0,0,0,0,0,0,0,0,1,2,0,1,0,0,0,0,-9,0,0,1,0,2,0,0,1,3,0,0,1,3,0,1,0,2,0,1,0,2,0,1,0,0,2
4307,49,2,0.068217708,0,98208,0,1,0,5,0,0,0,0,1,1,5,3,5,4,5,5,4,5,4,5,3,3,2,2,3,2,3,3,2,2,2,3,1,0.905688202,1.270935581,0.901118688,0,1,0,0,2,0,1,1,0,0,2,0,4,0,0,3,0,0,3,1,0,0,0,0,0,1,1,0,1,0,2,0,0,1,3,0,0,1,3,0,1,0,2,1,0,0,1,0,0,1,0,3
4308,49,2,0.092258283,0,98117,1,0,0,2,0,1,0,0,0,2,4,3,4,5,4,2,3,4,4,4,3,2,2,2,2,2,3,2,1,3,2,4,0,-0.059861101,-0.499837415,-0.750559723,0,1,0,0,2,0,0,1,0,0,2,0,4,0,1,2,1,0,1,0,0,0,0,0,0,0,0,0,0,1,3,0,1,0,2,1,0,0,1,0,1,0,2,1,0,0,1,0,0,0,1,4
4309,14,2,6.340896289,0,60604,1,0,0,5,0,0,0,0,1,1,5,3,4,5,3,3,5,4,4,5,2,3,3,3,2,3,3,2,2,2,3,3,1,0.602226732,0.018342443,0.182394679,0,0,0,0,1,0,0,1,0,0,2,0,4,0,0,3,0,0,3,1,0,1,0,1,0,1,1,0,0,1,3,0,0,1,3,0,0,1,3,0,1,0,2,0,0,1,3,0,0,0,1,4
4310,49,4,0.085244328,0,98146,0,1,0,4,0,0,0,1,0,4,4,3,5,4,1,3,3,5,5,4,1,2,1,4,2,2,2,2,3,4,2,3,0,0.415395893,-0.111187296,0.271268638,1,1,0,0,2,0,0,0,0,0,2,0,5,1,0,1,0,0,3,1,0,0,0,0,0,0,0,0,0,1,3,0,1,0,2,1,0,0,1,0,1,0,2,0,1,0,2,0,0,1,0,3
4314,49,4,0.003965554,0,98408,0,1,0,3,0,0,1,0,0,5,3,4,2,4,1,1,1,1,3,1,2,2,2,1,2,2,2,2,2,4,4,4,1,-1.930809073,0.321219561,-0.420871398,1,1,0,0,2,0,0,1,0,0,2,0,4,1,0,1,0,0,3,1,0,0,0,0,0,1,1,0,0,1,3,1,0,0,1,1,0,0,1,1,0,0,1,1,0,0,1,0,0,0,1,4
4315,49,2,0.025116524,0,98122,1,0,0,1,1,0,0,0,0,1,5,2,4,4,4,2,4,2,2,1,2,2,2,2,2,2,2,2,3,4,4,4,1,-0.444741651,-0.940755489,-0.261499652,1,1,0,0,2,0,1,1,0,0,2,0,4,0,1,2,0,1,2,0,0,0,0,0,0,1,1,0,0,1,3,0,0,1,3,1,0,0,1,0,0,1,3,0,0,1,3,0,0,0,1,4
4317,49,2,0.024540935,0,98311,0,1,0,1,1,0,0,0,0,1,5,0,5,2,1,1,1,3,5,4,2,2,1,3,1,2,2,1,2,1,2,2,1,0.293259868,0.635921355,0.785217255,0,1,0,0,2,0,0,1,0,0,2,0,4,0,1,2,0,0,3,0,0,0,1,1,0,1,1,0,1,0,2,1,0,0,1,1,0,0,1,1,0,0,1,1,0,0,1,0,1,0,0,2
4318,49,1,0.069213684,0,98101,1,0,0,5,0,0,0,0,1,1,5,5,5,5,5,5,5,5,5,5,3,1,3,1,3,1,3,1,3,2,2,2,1,0.984548793,1.393782222,1.217152987,1,1,0,0,2,1,1,1,0,0,2,0,4,0,0,3,0,0,3,1,1,1,0,0,0,1,1,0,0,1,3,0,0,1,3,0,0,1,3,0,0,1,3,0,0,1,3,0,0,0,1,4
4322,39,2,0.380203299,0,17517,0,1,0,3,0,0,1,0,0,3,3,2,3,4,3,3,3,4,3,3,1,1,1,1,2,3,1,1,1,4,4,4,1,-1.145519271,-0.350269255,-0.343769316,0,1,0,0,2,0,0,1,0,0,2,0,4,1,0,1,0,1,2,0,0,0,1,0,0,1,1,1,0,0,1,0,1,0,2,0,1,0,2,0,0,1,3,1,0,0,1,1,0,0,0,1
4323,15,2,3.693935394,0,46220,0,1,0,2,0,1,0,0,0,3,3,3,3,3,1,1,1,1,3,3,2,2,1,3,2,2,2,2,2,3,3,3,1,-0.649111657,0.007720194,-0.834585256,1,1,0,0,2,1,1,1,0,0,2,0,4,0,0,3,0,1,2,0,0,0,0,1,0,1,1,0,1,0,2,0,0,1,3,0,1,0,2,0,1,0,2,1,0,0,1,0,0,1,0,3
4324,10,2,0.844824946,0,32413,0,1,0,3,0,0,1,0,0,2,5,2,4,4,3,2,2,2,3,2,2,2,2,3,2,2,2,2,2,4,3,4,1,-0.226082521,-0.823728878,0.067957039,1,1,0,0,2,1,1,1,0,0,2,0,4,1,0,1,0,1,2,0,0,0,0,0,0,1,1,1,0,0,1,0,0,1,3,0,0,1,3,0,0,1,3,1,0,0,1,0,0,1,0,3
4326,30,2,0.224559283,0,3851,0,0,1,1,1,0,0,0,0,3,5,4,4,3,4,5,4,4,3,5,1,1,1,1,3,1,1,1,3,1,2,1,1,-0.751269213,0.094216045,-0.184385599,0,0,0,0,1,1,1,1,0,0,2,0,4,0,1,2,1,0,1,0,0,0,1,1,0,1,1,1,0,0,1,1,0,0,1,0,1,0,2,1,0,0,1,1,0,0,1,1,0,0,0,1
4327,47,2,0.491811861,0,5033,0,0,1,1,1,0,0,0,0,1,5,1,5,4,2,2,1,2,3,3,2,2,2,3,2,2,2,2,3,3,3,3,1,0.144227908,-1.646390853,0.190477681,0,1,0,0,2,0,0,1,0,0,2,0,4,1,0,1,1,0,1,0,0,0,0,0,0,1,1,1,0,0,1,1,0,0,1,0,1,0,2,0,0,1,3,1,0,0,1,0,1,0,0,2
4328,49,4,0.009940463,0,98201,1,0,0,2,0,1,0,0,0,2,3,3,4,4,2,3,2,2,2,2,1,1,1,1,2,2,2,2,2,3,3,4,0,-0.19946627,-0.086217848,-1.951932822,1,1,0,0,2,0,0,1,0,0,2,0,4,1,0,1,0,0,3,0,0,0,0,1,1,0,0,0,0,1,3,0,0,1,3,0,1,0,2,0,0,1,3,0,1,0,2,0,0,0,1,4
4330,26,2,2.263122357,0,64126,0,1,0,5,0,0,0,0,1,1,5,5,5,5,5,5,5,4,5,4,2,2,2,4,2,2,2,2,2,4,4,4,1,0.984548793,1.393782222,1.217152987,0,1,0,0,2,0,0,1,0,0,2,0,4,0,0,3,0,1,2,0,0,0,0,1,0,1,1,0,1,0,2,0,1,0,2,0,1,0,2,0,1,0,2,1,0,0,1,0,0,1,0,3
4331,14,2,1.036126274,0,60060,0,1,0,2,0,1,0,0,0,2,3,2,5,4,2,3,2,3,5,5,2,2,2,1,3,1,1,3,3,4,2,2,1,0.981396122,1.136280921,0.806862049,0,0,1,0,3,0,0,1,0,0,2,0,4,0,1,2,0,1,2,0,0,0,1,1,0,1,1,0,1,0,2,0,1,0,2,1,0,0,1,0,1,0,2,0,1,0,2,0,1,0,0,2
4335,45,2,1.114318946,1,75287,1,0,0,4,0,0,0,1,0,1,3,5,5,3,4,4,5,4,4,5,3,3,3,2,3,1,2,2,2,3,3,3,1,0.160939974,1.207167599,1.068887733,0,1,0,0,2,1,1,1,0,0,1,1,1,1,0,1,0,0,3,1,0,0,0,1,0,1,1,0,0,1,3,0,1,0,2,0,0,1,3,1,0,0,1,1,0,0,1,0,0,1,0,3
4337,18,4,0.263366829,0,42301,0,1,0,2,0,1,0,0,0,2,4,2,5,4,1,2,1,3,3,1,2,2,2,3,2,2,2,2,2,3,3,3,1,-0.149049065,-0.987433654,0.242545789,1,1,0,0,2,0,1,1,0,0,2,0,4,0,1,2,0,0,3,1,0,0,0,1,0,1,1,0,1,0,2,0,1,0,2,0,0,1,3,0,1,0,2,1,0,0,1,1,0,0,0,1
4341,36,4,0.334281,0,44460,0,1,0,5,0,0,0,0,1,1,5,5,1,5,1,1,1,5,5,1,2,2,2,4,2,2,1,2,3,1,2,1,1,-0.070183666,-0.594617855,-0.107062055,1,0,1,0,3,1,1,1,0,0,2,0,4,0,1,2,1,0,1,0,0,0,0,1,0,1,1,1,0,0,1,0,1,0,2,0,1,0,2,0,1,0,2,1,0,0,1,1,0,0,0,1
4342,45,2,1.647258788,1,77434,0,1,0,3,0,0,1,0,0,2,4,2,2,4,4,4,2,4,4,4,1,3,1,1,3,1,3,1,3,2,2,2,1,0.774980579,-0.010962509,-0.044298788,0,1,0,0,2,0,0,0,1,0,2,0,2,0,1,2,1,0,1,0,0,0,1,1,0,1,1,1,0,0,1,1,0,0,1,1,0,0,1,0,0,1,3,1,0,0,1,0,1,0,0,2
4346,48,2,3.288847315,0,23089,0,0,1,2,0,1,0,0,0,1,1,0,5,3,3,3,3,3,3,5,2,2,2,3,2,2,2,2,2,3,3,3,1,1.346564218,0.791813591,1.022086559,1,1,0,0,2,0,1,0,1,0,2,0,2,0,0,3,0,0,3,0,0,0,1,1,0,1,1,0,0,0,0,0,0,0,0,0,0,0,0,0,0,0,0,0,0,0,0,0,0,0,0,0
4347,45,2,1.000307571,1,75446,0,1,0,5,0,0,0,0,1,3,5,5,5,5,2,2,2,5,5,2,2,2,2,3,2,2,2,2,2,3,3,3,1,1.011188018,1.23713644,0.927082339,1,1,0,0,2,0,0,1,0,0,2,0,4,1,0,1,0,0,3,0,0,0,1,1,0,1,1,1,0,0,1,1,0,0,1,0,1,0,2,1,0,0,1,1,0,0,1,1,0,0,0,1
4349,34,2,1.675966053,0,28273,0,1,0,4,0,0,0,1,0,3,3,3,4,4,3,4,1,4,5,4,3,2,1,2,2,3,3,1,3,2,2,2,1,-0.837823354,-0.717607957,0.669813489,1,0,1,0,3,0,0,0,1,0,2,0,2,1,0,1,1,0,1,0,0,0,1,0,0,1,1,1,0,0,1,0,0,1,3,0,0,1,3,0,0,1,3,0,1,0,2,0,0,1,0,3
4350,23,4,0.216810785,0,49270,0,1,0,2,0,1,0,0,0,1,5,3,2,5,2,2,1,5,5,3,2,2,2,3,2,2,2,2,3,3,3,4,1,0.382285014,-1.398704827,0.483535463,1,0,1,0,3,0,0,1,0,0,2,0,4,1,0,1,0,1,2,0,0,0,0,1,0,1,1,1,0,0,1,1,0,0,1,0,1,0,2,1,0,0,1,1,0,0,1,1,0,0,0,1
4351,33,2,0.394123066,0,13787,0,0,1,2,0,1,0,0,0,1,5,4,5,3,1,1,1,5,5,5,2,2,2,2,2,2,2,2,2,4,2,3,1,-0.221020707,-1.124613803,-0.305313383,1,0,1,0,3,0,0,1,0,0,2,0,4,1,0,1,1,0,1,0,0,0,1,1,0,1,1,1,0,0,1,1,0,0,1,0,1,0,2,1,0,0,1,1,0,0,1,1,0,0,0,1
4352,10,2,0.337460207,0,33936,0,1,0,4,0,0,0,1,0,4,5,4,3,4,3,3,3,3,3,3,2,2,2,3,2,2,2,2,2,3,3,3,1,-1.030552545,0.827254605,-0.483077495,1,1,0,0,2,0,0,1,0,0,2,0,4,1,0,1,0,0,3,1,0,0,0,1,0,1,1,0,1,0,2,1,0,0,1,1,0,0,1,1,0,0,1,1,0,0,1,0,0,1,0,3
4357,39,2,0.331354842,0,17519,0,1,0,2,0,1,0,0,0,1,3,1,5,3,1,1,1,2,1,2,2,2,2,3,2,2,2,2,2,4,3,4,1,-0.601565385,0.600164209,0.020428878,0,0,1,0,3,0,0,1,0,0,2,0,4,0,1,2,0,0,3,0,0,0,1,0,0,1,1,1,0,0,1,1,0,0,1,1,0,0,1,0,0,1,3,1,0,0,1,1,0,0,0,1
4358,14,2,8.596366679,0,60921,0,0,1,2,0,1,0,0,0,2,5,4,5,4,1,1,1,2,5,2,3,1,2,2,2,2,2,2,2,4,3,4,1,1.271189813,0.328966885,0.913447593,1,0,1,0,3,0,1,1,0,0,2,0,4,0,0,3,0,1,2,0,0,0,0,1,0,1,1,1,0,0,1,1,0,0,1,1,0,0,1,1,0,0,1,1,0,0,1,1,0,0,0,1
4362,31,2,0.43489783,0,8854,0,1,0,1,1,0,0,0,0,2,5,4,4,5,2,4,2,4,4,4,2,3,3,2,2,2,2,2,3,2,2,2,1,0.111276574,-0.278405473,0.413375211,1,1,0,0,2,1,1,1,0,0,2,0,4,1,0,1,0,0,3,0,0,0,0,1,0,1,1,0,1,0,2,0,1,0,2,0,1,0,2,1,0,0,1,0,1,0,2,0,1,0,0,2
4363,11,4,1.30863265,0,30683,0,1,0,2,0,1,0,0,0,3,5,1,5,2,2,2,2,2,4,2,3,3,2,1,3,1,1,2,3,1,2,2,1,-0.182540541,-1.212268458,-0.693374383,1,0,1,0,3,0,0,1,0,0,2,0,4,0,1,2,0,1,2,0,0,0,0,1,0,1,1,1,0,0,1,1,0,0,1,1,0,0,1,0,0,1,3,1,0,0,1,1,0,0,0,1
4364,44,2,1.438809706,0,37013,0,1,0,2,0,1,0,0,0,1,5,2,4,5,1,2,3,3,4,3,3,2,2,2,2,2,2,2,3,4,3,4,1,0.529560779,0.048050369,0.651460067,1,1,0,0,2,1,1,1,0,0,2,0,4,0,1,2,0,0,3,1,0,0,1,1,0,1,1,0,1,0,2,0,1,0,2,0,1,0,2,1,0,0,1,1,0,0,1,0,1,0,0,2
4365,45,4,0.422105681,0,78332,0,1,0,2,0,1,0,0,0,3,5,4,1,4,1,1,1,4,5,4,1,1,1,1,2,2,1,2,2,1,3,3,1,0.642710147,0.672145556,-0.191826488,1,0,1,0,3,1,1,0,1,0,2,0,2,0,1,2,0,0,3,0,0,0,0,0,0,1,1,0,1,0,2,0,1,0,2,0,1,0,2,0,1,0,2,1,0,0,1,0,1,0,0,2
4367,49,2,0.037588689,0,98312,0,1,0,3,0,0,1,0,0,3,4,3,4,4,1,3,3,2,4,3,2,3,3,4,2,2,2,2,2,2,3,2,1,0.026171288,-0.307910212,-0.080278317,0,1,0,0,2,1,1,1,0,0,2,0,4,0,0,3,0,0,3,1,0,0,1,1,0,1,1,0,1,0,2,0,1,0,2,0,0,1,3,1,0,0,1,1,0,0,1,0,0,1,0,3
4369,4,2,0.60209263,0,72076,0,1,0,5,0,0,0,0,1,5,5,5,2,4,2,4,4,4,4,4,2,2,2,3,2,2,2,2,2,3,3,4,1,0.387689293,0.376911906,-2.085227053,1,1,0,0,2,0,0,1,0,0,2,0,4,1,0,1,0,0,3,1,1,0,0,0,0,1,1,1,0,0,1,1,0,0,1,0,1,0,2,1,0,0,1,1,0,0,1,1,0,0,0,1
4372,23,4,0.840195207,0,49507,1,0,0,5,0,0,0,0,1,1,5,5,3,5,1,1,1,5,5,5,2,3,3,3,2,2,3,2,3,4,2,4,1,0.812932673,0.866981447,1.228268994,1,0,1,0,3,0,0,1,0,0,2,0,4,1,0,1,0,1,2,0,1,0,0,1,0,1,1,0,0,1,3,0,0,1,3,0,1,0,2,0,1,0,2,0,0,1,3,0,0,0,1,4
4374,10,2,3.924737066,1,33704,0,1,0,2,0,1,0,0,0,2,5,3,5,3,1,1,1,2,5,1,2,1,2,3,2,2,2,2,3,4,4,4,1,-0.773932344,0.424115337,-1.121768236,1,0,1,0,3,1,1,1,0,0,2,0,4,0,0,3,0,1,2,0,0,0,1,1,0,1,1,0,1,0,2,0,1,0,2,1,0,0,1,0,0,1,3,1,0,0,1,0,0,0,1,4
4376,23,2,0.741389171,0,48423,0,1,0,2,0,1,0,0,0,3,4,4,3,3,4,5,3,4,4,4,1,1,2,2,3,2,1,2,2,2,2,3,1,0.500499902,0.197993471,-0.989108908,1,1,0,0,2,0,0,1,0,0,2,0,4,1,0,1,1,0,1,0,0,0,1,0,0,1,1,1,0,0,1,1,0,0,1,0,1,0,2,0,1,0,2,1,0,0,1,1,0,0,0,1
4379,49,4,0.147355697,0,98405,1,0,0,2,0,1,0,0,0,2,1,3,2,4,1,4,1,3,5,3,3,2,2,2,2,2,2,2,3,3,2,3,0,0.240170069,-1.725518016,-0.522464232,0,1,0,0,2,0,0,1,0,0,2,0,4,1,0,1,0,1,2,0,1,0,0,0,1,0,0,0,0,1,3,0,0,1,3,1,0,0,1,0,1,0,2,0,1,0,2,0,0,0,1,4
4380,36,2,0.662503761,0,44113,0,1,0,3,0,0,1,0,0,3,6,3,5,4,1,3,4,4,4,3,3,3,3,3,3,2,3,2,3,2,2,4,1,0.55852307,-0.065052063,-0.313553595,1,1,0,0,2,0,0,1,0,0,2,0,4,0,1,2,0,0,3,1,0,0,0,1,0,1,1,0,1,0,2,0,0,1,3,0,0,1,3,0,0,1,3,0,0,1,3,0,0,0,1,4
4382,18,2,1.723609553,0,40243,0,1,0,1,1,0,0,0,0,1,5,0,5,2,1,1,1,1,4,1,2,2,2,1,1,2,2,1,1,1,2,1,1,1.017546784,-1.368363348,0.208694028,0,1,0,0,2,0,0,1,0,0,2,0,4,1,0,1,0,1,2,0,0,0,1,1,0,1,1,0,1,0,2,0,1,0,2,0,0,1,3,1,0,0,1,1,0,0,1,0,0,0,1,4
4383,22,2,1.441131109,0,1562,0,1,0,4,0,0,0,1,0,3,5,4,4,4,1,2,3,4,4,3,3,1,2,2,2,2,2,2,2,1,2,1,1,-2.041208428,-0.573450189,-0.449435864,1,0,1,0,3,1,1,1,0,0,2,0,4,0,0,3,0,1,2,0,0,0,0,1,0,1,1,1,0,0,1,1,0,0,1,1,0,0,1,0,0,1,3,1,0,0,1,1,0,0,0,1
4384,11,2,7.889260613,0,30052,0,1,0,2,0,1,0,0,0,2,6,3,4,4,1,4,1,4,5,5,2,2,2,2,2,2,2,2,3,3,3,3,1,1.022936355,-0.14367394,0.060012069,1,1,0,0,2,0,0,0,1,0,2,0,2,0,0,3,0,0,3,1,0,0,1,1,0,1,1,1,0,0,1,1,0,0,1,0,1,0,2,0,1,0,2,1,0,0,1,1,0,0,0,1
4386,24,2,1.070189324,0,55303,0,1,0,2,0,1,0,0,0,3,1,3,5,3,1,1,1,2,3,3,2,2,1,4,2,3,2,2,1,4,4,4,1,-1.033712276,1.12784426,-0.867768403,1,1,0,0,2,1,1,1,0,0,2,0,4,0,0,3,0,0,3,1,0,0,1,0,0,1,1,0,1,0,2,0,0,1,3,0,0,1,3,0,1,0,2,0,1,0,2,0,1,0,0,2
4387,33,2,1.760694145,0,10011,1,0,0,5,0,0,0,0,1,1,5,5,5,4,5,4,5,4,5,4,1,3,2,3,2,3,1,3,2,2,3,2,1,0.784176853,1.302891213,0.596934152,0,0,0,0,1,1,1,1,0,0,2,0,4,0,0,3,0,0,3,0,0,0,0,1,0,1,1,0,0,1,3,0,0,1,3,0,0,1,3,0,0,1,3,0,0,1,3,0,0,1,0,3
4391,39,2,0.713398085,0,18301,0,1,0,3,0,0,1,0,0,3,3,3,2,4,4,4,3,4,5,5,1,3,1,1,3,1,1,1,3,2,2,2,1,0.281790526,-0.70279318,0.71848224,1,1,0,0,2,1,1,1,0,0,2,0,4,0,1,2,0,1,2,1,0,0,0,0,0,1,1,0,1,0,2,0,0,1,3,0,1,0,2,0,0,1,3,1,0,0,1,0,0,1,0,3
4392,10,4,0.500124517,1,33193,0,1,0,2,0,1,0,0,0,3,5,4,3,5,3,2,2,5,5,4,1,2,3,2,3,2,2,3,3,3,2,2,1,-1.377656155,-0.021892667,0.003159813,1,0,1,0,3,0,0,1,0,0,1,1,1,1,0,1,0,1,2,0,1,0,0,0,0,1,1,0,0,1,3,0,1,0,2,0,1,0,2,1,0,0,1,1,0,0,1,0,0,1,0,3
4393,24,4,0.758683488,0,55024,0,1,0,5,0,0,0,0,1,4,3,5,1,1,4,4,1,3,5,4,3,2,2,2,2,2,2,2,1,3,3,4,1,1.45191284,-0.249082993,-0.915437157,1,0,1,0,3,0,0,1,0,0,2,0,4,1,0,1,1,0,1,0,0,0,0,0,0,1,1,1,0,0,1,1,0,0,1,0,0,1,3,0,0,1,3,1,0,0,1,1,0,0,0,1
4396,1,2,2.534126668,0,36207,0,1,0,3,0,0,1,0,0,5,3,5,3,3,3,3,4,3,3,3,3,3,1,1,1,2,3,1,3,2,2,4,0,0.740728729,1.397157516,1.286365181,1,1,0,0,2,0,0,1,0,0,2,0,4,1,0,1,0,0,3,1,1,0,0,1,0,0,0,1,0,0,1,1,0,0,1,1,0,0,1,1,0,0,1,1,0,0,1,1,0,0,0,1
4397,31,2,0.280066474,0,8742,0,1,0,3,0,0,1,0,0,2,5,3,5,4,2,2,2,4,5,4,1,1,2,1,2,2,2,1,3,1,2,2,1,0.293639404,-0.150515696,0.17666062,0,0,1,0,3,0,1,1,0,0,2,0,4,0,1,2,1,0,1,0,0,0,1,0,0,1,1,0,1,0,2,0,1,0,2,1,0,0,1,0,0,1,3,0,1,0,2,0,0,0,1,4
4401,34,3,0.527557892,0,27514,0,1,0,5,0,0,0,0,1,3,5,5,1,5,1,1,1,2,5,3,3,2,2,3,2,2,2,2,2,4,3,3,1,0.3643059,-1.062384535,-1.401092209,1,0,0,0,1,0,0,1,0,0,2,0,4,1,0,1,0,1,2,0,1,0,0,0,0,1,1,0,1,0,2,0,1,0,2,0,1,0,2,0,0,1,3,1,0,0,1,0,0,0,1,4
4403,39,1,1.03036891,0,19146,1,0,0,3,0,0,1,0,0,3,5,4,5,4,1,1,4,4,5,3,2,2,2,2,3,3,3,2,1,2,2,2,1,-1.621197932,1.347843405,0.526923479,1,0,0,0,1,0,0,0,1,0,2,0,2,0,1,2,0,0,3,1,0,0,0,0,0,1,1,0,0,1,3,0,0,1,3,1,0,0,1,1,0,0,1,0,0,1,3,0,0,0,1,4
4405,10,4,0.761758992,1,33321,1,0,0,2,0,1,0,0,0,2,4,3,4,4,2,2,3,4,3,3,3,2,2,2,2,2,2,2,3,3,3,3,1,-0.369249125,-0.006035013,0.059960583,0,1,0,0,2,1,1,1,0,0,2,0,4,0,0,3,0,0,3,1,0,0,0,1,0,1,1,0,0,1,3,0,0,1,3,0,0,1,3,0,0,1,3,1,0,0,1,0,0,0,1,4
4410,36,2,0.487042138,0,45102,0,1,0,2,0,1,0,0,0,2,5,3,2,4,1,1,1,1,4,4,1,3,3,1,3,1,2,1,3,2,2,3,1,0.179505925,0.514941,-0.72391846,1,1,0,0,2,0,0,1,0,0,2,0,4,1,0,1,0,0,3,1,0,0,1,1,0,1,1,1,0,0,1,1,0,0,1,0,1,0,2,1,0,0,1,1,0,0,1,1,0,0,0,1
4412,45,2,1.284661722,1,76016,0,1,0,3,0,0,1,0,0,3,5,3,3,3,3,3,3,3,3,3,2,2,2,3,2,2,2,2,2,3,3,3,1,-0.615977943,0.103903761,-0.509328945,0,1,0,0,2,0,0,1,0,0,2,0,4,1,0,1,1,0,1,0,0,0,1,1,0,1,1,0,1,0,2,0,1,0,2,0,0,1,3,1,0,0,1,1,0,0,1,1,0,0,0,1
4420,22,4,0.376921457,0,1001,0,1,0,3,0,0,1,0,0,2,6,3,3,3,3,3,3,3,3,3,2,2,2,3,2,2,2,2,2,4,3,4,1,-0.61546619,0.058314823,-1.271232552,0,0,1,0,3,0,0,1,0,0,2,0,4,1,0,1,1,0,1,0,0,0,0,0,1,1,1,1,0,0,1,0,1,0,2,0,1,0,2,0,0,1,3,1,0,0,1,0,1,0,0,2
4421,49,2,0.020751407,0,98002,1,0,0,4,0,0,0,1,0,2,3,2,4,3,2,5,5,3,2,4,2,3,2,2,1,3,2,3,2,4,3,2,1,0.186082843,-0.166344059,-0.917947786,0,1,0,0,2,0,1,1,0,0,2,0,4,0,0,3,0,0,3,1,0,0,0,0,0,1,1,0,0,1,3,0,0,1,3,0,1,0,2,0,1,0,2,0,1,0,2,0,0,0,1,4
4422,44,4,0.787038468,0,37321,0,1,0,2,0,1,0,0,0,3,4,3,3,4,3,4,2,4,4,3,2,2,2,4,2,2,2,2,3,3,3,4,1,-0.236608958,-0.129000826,-1.223460235,1,0,1,0,3,0,0,1,0,0,2,0,4,1,0,1,1,0,1,0,0,0,0,0,1,1,1,1,0,0,1,1,0,0,1,0,1,0,2,0,0,1,3,1,0,0,1,1,0,0,0,1
4423,4,2,1.097466629,0,72076,0,1,0,1,1,0,0,0,0,1,2,3,5,4,1,1,1,4,1,3,2,2,2,1,2,1,2,2,2,3,2,2,1,0.420043829,0.181061695,-1.154128022,0,1,0,0,2,0,0,0,1,0,2,0,2,1,0,1,0,1,2,0,0,0,0,1,0,1,1,1,0,0,1,1,0,0,1,0,1,0,2,1,0,0,1,1,0,0,1,1,0,0,0,1
4424,11,4,1.079832111,0,31909,0,1,0,2,0,1,0,0,0,2,5,3,3,4,1,1,1,1,4,1,2,1,2,1,2,2,1,2,2,4,3,1,1,0.441761075,-0.46691619,-0.94274388,1,0,1,0,3,0,0,0,1,0,2,0,2,1,0,1,1,0,1,0,0,0,0,1,0,1,1,0,1,0,2,0,1,0,2,0,0,1,3,0,1,0,2,1,0,0,1,1,0,0,0,1
4426,14,4,0.116938495,0,60632,1,0,0,4,0,0,0,1,0,3,5,4,4,3,1,3,1,4,4,3,2,1,3,3,3,1,1,2,3,3,2,4,0,-0.065060012,-1.295468696,-0.154041414,1,1,0,0,2,1,1,0,1,0,2,0,2,1,0,1,0,1,2,0,0,0,0,0,1,0,0,0,0,1,3,0,0,1,3,1,0,0,1,1,0,0,1,0,0,1,3,0,0,0,1,4
4429,11,2,0.744806515,0,30043,0,1,0,2,0,1,0,0,0,1,3,2,4,3,1,1,1,3,3,3,2,2,2,1,2,2,2,2,2,1,2,3,1,0.624785466,-0.627951455,1.241376585,1,1,0,0,2,0,1,0,1,0,2,0,2,0,0,0,0,0,3,1,0,0,0,1,0,1,1,0,1,0,2,1,0,0,1,0,1,0,2,0,1,0,2,1,0,0,1,1,0,0,0,1
4431,48,2,0.462349586,0,24871,0,0,1,3,0,0,1,0,0,3,4,3,5,2,3,3,3,5,5,5,2,2,3,3,2,2,2,2,2,3,3,3,1,-0.29114884,0.924247889,0.079853493,1,0,0,0,1,1,1,0,0,1,2,0,3,0,1,2,0,0,3,1,0,0,0,1,0,1,1,1,0,0,1,1,0,0,1,1,0,0,1,1,0,0,1,1,0,0,1,1,0,0,0,1
4434,24,4,0.163371278,0,55447,0,1,0,3,0,0,1,0,0,3,4,3,3,4,3,3,1,4,4,4,2,2,2,3,2,2,2,2,2,1,3,4,1,0.578862846,-0.081741555,-0.123298049,1,1,0,0,2,0,0,1,0,0,2,0,4,1,0,1,0,0,3,0,0,0,0,1,0,1,1,0,1,0,2,0,1,0,2,0,0,1,3,0,1,0,2,1,0,0,1,0,0,1,0,3
4435,49,2,0.074304644,0,98102,1,0,0,4,0,0,0,1,0,2,4,4,4,4,4,4,4,4,4,4,3,1,3,2,2,2,2,2,3,2,2,2,1,0.067731785,0.818495615,0.088087581,0,1,0,0,2,0,1,1,0,0,1,1,1,0,0,3,0,0,3,1,0,0,0,1,0,1,1,0,0,1,3,0,0,1,3,0,0,1,3,0,0,1,3,0,0,1,3,0,0,0,1,4
4439,14,2,0.695192217,0,60619,0,1,0,3,0,0,1,0,0,3,4,5,3,4,3,4,3,4,4,4,3,3,3,2,2,2,2,2,3,4,2,3,1,0.072057609,0.732531445,0.171081917,1,0,1,0,3,0,0,0,1,0,2,0,2,1,0,1,1,0,1,0,0,0,1,0,1,1,1,0,0,1,3,0,1,0,2,0,1,0,2,1,0,0,1,0,0,1,3,0,0,1,0,3
4440,19,2,3.605948462,0,70461,0,1,0,2,0,1,0,0,0,2,5,3,4,4,1,1,1,3,3,3,2,2,2,3,2,2,2,2,2,4,3,3,1,0.036536319,-0.246002974,-0.217195118,1,1,0,0,2,0,0,1,0,0,2,0,4,0,0,3,0,0,3,1,0,0,1,1,0,1,1,1,0,0,1,1,0,0,1,0,0,1,3,0,1,0,2,1,0,0,1,1,0,0,0,1
4443,37,4,0.181379613,0,74826,0,0,1,4,0,0,0,1,0,2,5,5,5,5,1,1,1,5,1,1,2,2,2,4,2,2,2,2,2,4,3,4,1,-0.807976573,-0.268035286,1.446662389,1,1,0,0,2,0,0,0,0,0,2,0,5,1,0,1,0,1,2,0,0,0,0,1,0,1,1,1,0,0,1,1,0,0,1,1,0,0,1,1,0,0,1,1,0,0,1,1,0,0,0,1
4444,11,4,0.25712178,0,30705,0,1,0,3,0,0,1,0,0,2,5,3,5,1,1,1,1,1,5,1,2,2,2,3,2,2,2,2,3,4,2,4,1,-0.719624811,-0.455264134,1.240281361,1,1,0,0,2,0,0,1,0,0,2,0,4,1,0,1,0,0,3,0,0,0,0,1,0,1,1,1,0,0,1,1,0,0,1,1,0,0,1,1,0,0,1,1,0,0,1,1,0,0,0,1
4445,10,2,1.123258814,0,33897,0,0,1,3,0,0,1,0,0,2,3,3,2,3,4,4,3,2,2,4,2,2,2,3,2,2,2,2,2,3,3,3,1,-1.355109138,0.32854436,-0.40681865,0,0,0,0,1,0,0,1,0,0,2,0,4,1,0,1,1,0,1,0,0,0,0,1,0,1,1,1,0,0,1,1,0,0,1,1,0,0,1,0,1,0,2,1,0,0,1,1,0,0,0,1
4446,22,2,2.495147983,0,2169,1,0,0,1,1,0,0,0,0,1,6,1,5,3,2,2,1,3,3,3,2,2,2,3,2,2,2,3,3,3,3,3,1,0.047246119,-0.360743315,-0.3122238,1,1,0,0,2,0,0,1,0,0,1,1,1,0,1,2,0,0,3,1,0,0,0,0,1,1,1,0,0,1,3,0,0,1,3,0,1,0,2,0,1,0,2,0,0,1,3,0,0,0,1,4
4448,10,2,11.37360635,1,33073,1,0,0,2,0,1,0,0,0,2,5,3,5,1,1,3,1,2,4,3,2,2,3,3,2,2,2,2,2,3,3,4,1,0.21413597,0.290561975,-0.971267354,1,0,1,0,3,0,0,1,0,0,2,0,4,0,0,3,0,1,2,0,0,0,1,1,0,1,1,0,0,1,3,0,0,1,3,0,0,1,3,1,0,0,1,1,0,0,1,0,0,1,0,3
4450,37,4,0.364209031,0,74848,0,1,0,2,0,1,0,0,0,3,4,3,4,5,3,3,3,4,3,3,2,2,2,4,2,2,2,2,2,4,4,4,1,-0.438257309,0.121112437,-0.520373015,0,1,0,0,2,0,0,1,0,0,2,0,4,1,0,1,0,0,3,0,0,0,0,1,0,1,1,1,0,0,1,1,0,0,1,1,0,0,1,0,1,0,2,1,0,0,1,1,0,0,0,1
4451,16,4,0.111863708,0,52632,0,1,0,3,0,0,1,0,0,3,5,5,5,5,1,1,1,3,5,4,2,2,2,4,2,2,2,2,2,4,2,4,1,0.534554584,-1.092260728,-0.069197761,1,1,0,0,2,0,0,1,0,0,2,0,4,1,0,1,0,0,3,1,1,0,0,1,1,1,1,1,0,0,1,0,1,0,2,1,0,0,1,0,0,1,3,1,0,0,1,0,1,0,0,2
4453,33,2,1.692193572,0,10035,1,0,0,3,0,0,1,0,0,2,3,3,4,4,2,4,1,5,5,5,1,3,3,1,3,1,2,2,3,2,2,2,1,0.62450659,0.638852404,0.441937817,0,1,0,0,2,1,1,1,0,0,2,0,4,0,0,3,0,0,3,1,0,0,0,1,0,1,1,0,0,1,3,0,0,1,3,0,0,1,3,0,0,1,3,0,0,1,3,0,0,0,1,4
4454,30,4,1.673712584,0,3833,0,1,0,2,0,1,0,0,0,2,5,2,2,4,2,2,3,4,5,5,1,1,2,1,2,2,1,2,3,3,2,2,1,1.428228452,-0.576573573,-0.948893987,1,1,0,0,2,1,1,1,0,0,2,0,4,0,0,3,0,0,3,1,0,0,0,1,0,1,1,1,0,0,1,0,1,0,2,0,1,0,2,0,1,0,2,0,1,0,2,1,0,0,0,1
4457,34,2,0.251939683,0,28399,0,0,1,3,0,0,1,0,0,2,5,4,3,5,3,3,3,5,5,5,1,2,2,3,2,2,2,2,2,3,3,3,1,1.500541114,-0.762478159,0.577715222,1,0,1,0,3,0,0,1,0,0,2,0,4,1,0,1,0,1,2,0,0,0,1,0,1,1,1,1,0,0,1,1,0,0,1,1,0,0,1,1,0,0,1,1,0,0,1,1,0,0,0,1
4458,20,2,2.235685842,0,4330,0,1,0,3,0,0,1,0,0,3,5,4,4,4,1,1,1,4,4,2,2,1,2,3,2,2,2,2,3,4,2,4,1,0.065258156,-0.415573562,0.111123695,1,1,0,0,2,0,0,1,0,0,2,0,4,0,0,3,0,0,3,1,0,0,1,0,0,1,1,1,0,0,1,0,0,1,3,0,1,0,2,0,1,0,2,1,0,0,1,0,1,0,0,2
4463,49,4,0.014548053,0,98418,0,1,0,3,0,0,1,0,0,3,4,4,4,5,1,1,1,5,3,1,2,2,2,4,2,2,2,2,2,4,3,4,0,-0.244288494,-0.391453735,-1.002282388,1,0,1,0,3,0,0,1,0,0,2,0,4,1,0,1,0,1,2,0,0,0,0,0,1,0,0,0,1,0,2,0,1,0,2,0,0,1,3,1,0,0,1,0,1,0,2,0,0,0,1,4
4465,39,4,0.170898402,0,19401,1,0,0,2,0,1,0,0,0,2,4,2,3,4,2,2,2,2,4,3,2,1,2,3,2,2,2,2,2,3,3,3,1,-0.188981311,0.178544303,-0.893129451,1,1,0,0,2,1,1,1,0,0,2,0,4,1,0,1,0,0,3,1,0,0,0,0,0,1,1,0,0,1,3,0,0,1,3,1,0,0,1,0,0,1,3,0,0,1,3,0,0,0,1,4
4466,39,2,0.070412622,0,19120,1,0,0,3,0,0,1,0,0,3,6,3,3,4,3,3,4,4,5,4,2,3,3,1,3,1,2,1,3,3,2,2,0,0.992845737,1.346680492,0.810529688,1,1,0,0,2,0,0,0,1,0,2,0,2,1,0,1,0,0,3,0,0,0,0,0,0,0,0,0,0,1,3,0,0,1,3,1,0,0,1,1,0,0,1,0,0,1,3,0,0,0,1,4
4467,14,2,0.681924129,0,60625,1,0,0,2,0,1,0,0,0,2,5,4,5,2,2,4,1,4,5,5,3,1,1,3,3,1,3,3,2,3,2,2,1,0.837470699,0.561610678,0.907464353,0,1,0,0,2,1,1,1,0,0,2,0,4,0,1,2,0,1,2,0,0,0,0,0,0,1,1,0,0,1,3,0,0,1,3,1,0,0,1,0,1,0,2,0,0,1,3,0,0,0,1,4
4468,49,4,0.047089888,0,98391,0,1,0,3,0,0,1,0,0,2,4,3,5,4,1,3,2,3,4,1,3,2,2,2,2,2,2,2,3,3,3,3,1,0.436864451,-0.74468292,0.323733061,1,1,0,0,2,0,0,0,1,0,2,0,2,0,1,2,0,0,3,1,0,0,0,1,0,1,1,1,0,0,1,1,0,0,1,1,0,0,1,1,0,0,1,1,0,0,1,1,0,0,0,1
4469,5,1,28.7637828,0,92672,1,0,0,1,1,0,0,0,0,1,1,1,1,5,5,5,5,5,4,5,1,2,2,2,2,1,2,2,2,4,4,4,1,0.468853075,0.883297351,-0.093426151,1,0,0,0,1,0,1,0,0,0,1,1,1,1,0,1,0,0,3,1,0,0,1,0,0,1,1,0,0,1,3,0,0,1,3,0,0,1,3,0,0,1,3,0,0,1,3,0,0,1,0,3
4470,39,3,0.207830455,0,16648,0,1,0,2,0,1,0,0,0,2,5,1,5,4,2,1,1,1,4,1,1,2,2,2,2,2,2,2,2,4,3,4,1,-0.595872646,-0.373974191,-0.224465142,1,1,0,0,2,1,1,1,0,0,2,0,4,1,0,1,0,0,3,1,0,0,0,1,0,1,1,1,0,0,1,1,0,0,1,1,0,0,1,1,0,0,1,1,0,0,1,1,0,0,0,1
4472,23,2,1.179205186,0,48089,0,1,0,2,0,1,0,0,0,2,5,3,5,5,3,4,3,4,3,3,2,2,2,3,2,2,2,2,3,3,2,3,1,-0.418542773,-0.021977784,0.241990079,1,1,0,0,2,0,0,1,0,0,2,0,4,1,0,1,0,0,3,1,0,0,1,1,0,1,1,0,1,0,2,0,1,0,2,0,1,0,2,0,1,0,2,1,0,0,1,0,1,0,0,2
4474,36,2,0.365475022,0,42224,0,0,0,4,0,0,0,1,0,3,3,3,5,3,1,5,1,1,5,5,2,3,2,3,1,2,2,2,2,3,3,3,1,0.140988103,0.236140934,-0.509555147,1,1,0,0,2,0,0,1,0,0,2,0,4,0,1,2,0,0,3,0,0,0,1,0,0,1,1,0,0,0,0,0,0,0,0,0,0,0,0,0,0,0,0,0,0,0,0,0,0,0,0,0
4477,36,3,0.621747257,0,44510,0,1,0,4,0,0,0,1,0,1,4,3,1,5,2,4,2,2,2,1,2,2,2,1,2,2,2,2,2,1,4,1,0,-1.007225565,0.090159352,-0.617620388,1,0,0,0,1,0,0,0,1,0,2,0,2,1,0,1,1,0,1,0,0,0,0,0,1,0,0,1,0,0,1,0,0,1,3,0,0,1,3,0,0,1,3,1,0,0,1,0,1,0,0,2
4478,45,3,8.273294283,0,76209,0,1,0,5,0,0,0,0,1,3,3,5,3,3,5,5,4,5,5,4,2,2,2,3,2,2,2,2,2,3,3,3,1,-0.118898018,-0.21545079,0.832041546,1,1,0,0,2,0,0,1,0,0,1,1,1,1,0,1,0,0,3,1,0,0,0,0,0,1,1,0,1,0,2,0,0,1,3,0,0,1,3,1,0,0,1,0,1,0,2,0,1,0,0,2
4483,9,2,0.350756388,0,20010,1,0,0,2,0,1,0,0,0,1,3,2,3,3,3,3,3,3,3,3,2,2,2,3,2,2,2,2,2,3,3,3,1,-0.605265159,0.239833714,-1.110190018,1,1,0,0,2,0,0,0,1,0,2,0,2,1,0,1,0,1,2,0,0,0,0,0,1,1,1,0,0,1,3,0,0,1,3,1,0,0,1,0,0,1,3,0,0,1,3,0,0,0,1,4
4485,33,4,0.37061365,0,14006,0,1,0,3,0,0,1,0,0,3,3,3,3,3,3,3,3,3,3,3,2,2,2,4,2,2,2,3,3,4,2,2,1,0.067731785,0.818495615,0.088087581,1,1,0,0,2,0,0,1,0,0,2,0,4,0,0,0,0,0,3,1,0,0,0,0,1,1,1,1,0,0,1,1,0,0,1,0,1,0,2,0,1,0,2,1,0,0,1,1,0,0,0,1
4486,14,2,0.18979928,0,60429,0,1,0,4,0,0,0,1,0,2,4,3,4,5,4,3,4,5,4,3,3,1,3,3,3,1,3,2,1,1,2,1,1,0.094957365,0.753056379,-0.38616296,0,1,0,0,2,1,1,0,1,0,2,0,2,1,0,1,1,0,1,1,1,0,0,0,0,1,1,0,1,0,2,0,1,0,2,0,0,1,3,0,0,1,3,0,0,1,3,0,0,1,0,3
4488,33,2,1.11564755,0,11211,1,0,0,1,1,0,0,0,0,2,4,3,5,5,3,3,3,3,3,3,2,2,2,3,2,2,2,2,2,3,3,3,1,0.280490115,0.272834007,0.465017721,1,1,0,0,2,0,0,0,1,0,2,0,2,0,1,2,0,1,2,0,0,0,1,0,1,1,1,0,0,1,3,0,0,1,3,0,0,1,3,0,0,1,3,0,0,1,3,0,0,0,1,4
4489,49,2,0.006763322,0,98001,0,1,0,2,0,1,0,0,0,3,5,3,4,2,2,3,2,4,5,5,2,1,1,1,3,1,3,3,3,2,2,2,1,-0.178757603,1.123791063,0.217320565,0,0,1,0,3,0,0,1,0,0,2,0,4,0,1,2,0,0,3,1,0,0,1,1,0,1,1,0,1,0,2,0,1,0,2,0,0,1,3,1,0,0,1,0,1,0,2,0,1,0,0,2
4490,49,2,0.073866207,0,98499,0,1,0,2,0,1,0,0,0,2,4,2,4,5,1,1,1,5,1,1,2,2,2,1,2,2,2,2,2,4,4,4,1,-0.803437711,-1.284774448,0.325333821,0,1,0,0,2,1,1,0,1,0,2,0,2,1,0,1,1,0,1,0,0,0,0,0,0,1,1,0,1,0,2,0,0,1,3,0,0,1,3,0,0,1,3,0,1,0,2,0,0,0,1,4
4491,18,2,0.514688639,0,40033,0,1,0,3,0,0,1,0,0,1,3,0,5,3,1,1,1,1,1,1,2,2,2,4,2,2,2,2,2,4,3,4,1,0.302378503,-1.742205093,-0.437213742,1,1,0,0,2,0,0,1,0,0,2,0,4,0,1,2,0,0,3,1,0,0,0,1,0,1,1,1,0,0,1,0,1,0,2,0,1,0,2,0,0,1,3,1,0,0,1,1,0,0,0,1
4495,22,1,3.055378967,0,2108,1,0,0,3,0,0,1,0,0,1,5,1,5,4,5,5,3,5,5,5,3,3,3,2,3,1,3,1,3,2,2,1,1,1.105450401,1.35399208,1.146411159,0,1,0,0,2,1,1,0,1,0,2,0,2,0,0,3,0,0,3,1,0,0,0,0,0,1,1,0,0,1,3,0,0,1,3,0,0,1,3,0,0,1,3,0,0,1,3,0,0,0,1,4
4498,49,2,0.029055974,0,98270,0,1,0,3,0,0,1,0,0,3,4,3,5,2,1,2,2,3,4,2,2,2,2,1,1,2,2,2,3,2,2,4,0,-0.103801075,-1.007743224,-0.521196123,1,1,0,0,2,0,0,1,0,0,2,0,4,0,1,2,0,0,3,1,0,0,0,0,0,0,0,0,1,0,2,0,1,0,2,1,0,0,1,1,0,0,1,1,0,0,1,0,0,1,0,3
4500,15,4,0.811444088,0,46036,0,1,0,2,0,1,0,0,0,2,3,3,3,4,3,3,2,4,4,3,2,2,2,4,2,2,2,2,2,3,2,3,1,-0.616433882,0.260911606,-0.470602256,1,1,0,0,2,0,0,1,0,0,2,0,4,1,0,1,0,0,3,1,0,0,0,1,0,1,1,1,0,0,1,1,0,0,1,1,0,0,1,1,0,0,1,1,0,0,1,1,0,0,0,1
4501,9,4,0.876766376,0,20024,1,0,0,5,0,0,0,0,1,4,5,4,2,3,3,1,1,3,3,1,2,2,2,4,2,2,2,2,2,4,4,4,1,-1.258328262,-0.423415264,-0.912746186,1,1,0,0,2,0,0,0,1,0,2,0,2,1,0,1,1,0,1,0,0,0,0,0,1,1,1,0,0,1,3,0,0,1,3,0,0,1,3,0,1,0,2,0,0,1,3,0,0,0,1,4
4502,14,2,0.501776104,0,61911,0,1,0,1,1,0,0,0,0,1,1,2,5,5,2,2,2,4,5,5,3,3,3,2,3,3,3,3,3,2,2,2,1,0.721146329,0.037113627,0.745077429,1,1,0,0,2,0,0,1,0,0,2,0,4,1,0,1,0,0,3,0,0,0,0,1,0,1,1,1,0,0,1,1,0,0,1,1,0,0,1,0,0,1,3,1,0,0,1,1,0,0,0,1
4505,23,2,0.911555327,0,48036,0,1,0,1,1,0,0,0,0,2,4,1,5,1,1,1,1,1,3,1,2,3,2,1,2,2,2,2,1,1,3,4,1,0.695590499,-0.2275741,0.124103532,1,0,1,0,3,0,0,1,0,0,2,0,4,0,1,2,0,0,3,0,0,0,1,1,0,1,1,0,1,0,2,0,1,0,2,0,0,1,3,0,0,1,3,1,0,0,1,0,1,0,0,2
4507,51,2,3.693935394,0,54751,0,1,0,1,1,0,0,0,0,2,4,1,4,4,1,1,1,4,5,3,1,1,1,1,2,2,2,2,2,1,3,2,1,0.286171023,0.730125411,0.060707641,1,1,0,0,2,0,1,1,0,0,2,0,4,0,0,3,0,1,2,0,0,0,0,1,0,1,1,1,0,0,1,1,0,0,1,0,1,0,2,0,1,0,2,1,0,0,1,1,0,0,0,1
4514,31,2,6.846041528,0,7050,1,0,0,4,0,0,0,1,0,2,5,4,4,5,5,3,3,4,5,5,2,3,2,2,3,3,2,3,2,3,2,3,1,0.523348538,0.862315833,0.848177389,1,1,0,0,2,0,1,0,1,0,1,1,1,0,0,3,0,0,3,1,0,0,0,1,0,1,1,0,0,1,3,0,0,1,3,0,1,0,2,1,0,0,1,0,0,1,3,0,0,0,1,4
4519,49,3,0.017983993,0,98199,1,0,0,3,0,0,1,0,0,3,4,4,3,4,3,3,3,3,3,3,1,1,3,2,2,2,2,2,2,1,1,1,1,0.732841663,-1.004919575,-0.530528639,1,1,0,0,2,0,0,1,0,0,2,0,4,0,1,2,0,1,2,1,0,0,0,0,0,1,1,0,0,1,3,0,0,1,3,1,0,0,1,0,1,0,2,1,0,0,1,0,0,0,1,4
4520,36,2,0.265844844,0,45680,0,1,0,2,0,1,0,0,0,2,5,2,5,1,1,4,1,4,5,1,1,1,2,4,2,2,1,2,2,3,2,2,1,-1.891967785,-0.949797075,1.156637414,1,1,0,0,2,0,0,1,0,0,2,0,4,1,0,1,0,1,2,0,0,0,1,0,0,1,1,1,0,0,1,1,0,0,1,0,1,0,2,0,1,0,2,1,0,0,1,1,0,0,0,1
4521,49,2,0.065301376,0,98117,1,0,0,2,0,1,0,0,0,1,4,1,4,3,1,1,1,3,5,3,2,2,2,3,2,2,2,2,2,4,3,3,1,0.819233497,0.520206221,-0.212995879,1,1,0,0,2,1,1,1,0,0,2,0,4,0,0,3,0,0,3,1,0,0,0,1,0,1,1,0,0,1,3,0,1,0,2,1,0,0,1,0,1,0,2,1,0,0,1,0,0,0,1,4
4522,23,4,0.468961045,0,48846,0,1,0,1,1,0,0,0,0,3,3,3,3,4,1,5,3,5,4,4,1,3,2,1,3,2,1,1,2,2,4,3,1,-0.407258221,0.704884456,-1.077622222,1,0,0,0,1,0,0,1,0,0,2,0,4,0,1,2,0,0,3,0,0,0,0,0,0,1,1,1,0,0,1,0,1,0,2,0,1,0,2,0,0,1,3,1,0,0,1,1,0,0,0,1
4526,10,3,0.554950456,1,33025,1,0,0,3,0,0,1,0,0,3,4,3,4,4,5,3,3,5,3,3,2,2,3,3,3,2,3,2,3,2,3,3,1,-0.882344855,0.752669739,-0.200249194,1,0,0,0,1,0,0,0,1,0,1,1,1,0,1,2,0,0,3,0,0,0,0,0,0,1,1,0,0,1,3,0,0,1,3,0,0,1,3,0,1,0,2,1,0,0,1,0,0,1,0,3
4527,20,4,0.328528411,0,4742,0,0,1,1,1,0,0,0,0,1,3,2,4,4,1,1,1,3,4,3,2,2,2,3,2,2,2,2,2,4,2,3,1,-0.355878301,-0.569621468,0.430666616,1,0,1,0,3,0,0,1,0,0,2,0,4,1,0,1,0,1,2,0,0,0,0,1,0,1,1,1,0,0,1,1,0,0,1,1,0,0,1,0,0,1,3,1,0,0,1,1,0,0,0,1
4528,24,4,0.397551335,0,56387,0,0,0,5,0,0,0,0,1,5,2,5,3,4,4,4,5,4,5,5,2,2,3,4,2,2,2,2,2,2,2,2,1,0.072321723,0.792787987,-1.198791524,1,0,1,0,3,0,0,1,0,0,2,0,4,1,0,1,1,0,1,0,0,0,0,0,0,1,1,0,0,0,0,0,0,0,0,0,0,0,0,0,0,0,0,0,0,0,0,0,0,0,0,0
4531,1,2,1.290671936,0,36521,0,0,1,2,0,1,0,0,0,3,4,4,4,4,3,2,2,3,4,2,3,1,3,2,2,3,3,1,3,1,2,2,1,0.45822394,-0.896478199,0.097191605,1,0,1,0,3,0,0,1,0,0,2,0,4,1,0,1,0,0,3,1,0,0,1,0,0,1,1,1,0,0,1,1,0,0,1,1,0,0,1,1,0,0,1,1,0,0,1,1,0,0,0,1
4532,15,2,0.728205134,0,46201,0,1,0,5,0,0,0,0,1,1,5,5,5,5,5,5,5,5,5,5,3,3,3,2,3,3,3,3,3,2,2,2,1,0.984548793,1.393782222,1.217152987,1,1,0,0,2,0,0,0,1,0,2,0,2,1,0,1,0,1,2,0,1,1,0,1,0,1,1,0,0,1,3,0,1,0,2,1,0,0,1,1,0,0,1,1,0,0,1,0,0,0,1,4
4533,43,4,0.965549061,0,57106,0,1,0,3,0,0,1,0,0,2,5,3,4,2,2,1,1,4,3,1,2,2,2,3,2,2,2,2,3,3,2,4,1,-0.944643522,-1.490199572,-0.003957066,0,1,0,0,2,0,0,1,0,0,2,0,4,1,0,1,1,0,1,0,1,0,0,0,0,1,1,0,1,0,2,0,1,0,2,0,0,1,3,0,1,0,2,1,0,0,1,0,0,1,0,3
4534,19,2,1.478679005,0,70586,0,1,0,2,0,1,0,0,0,2,5,3,5,3,1,1,2,3,3,4,3,2,2,2,2,2,2,2,2,3,3,3,1,0.947697651,-0.857601918,0.130487556,0,1,0,0,2,0,0,1,0,0,2,0,4,0,1,2,1,0,1,0,0,0,1,1,0,1,1,1,0,0,1,1,0,0,1,1,0,0,1,0,1,0,2,1,0,0,1,1,0,0,0,1
4536,36,2,1.319993604,0,45013,0,1,0,3,0,0,1,0,0,1,4,3,5,5,3,4,4,4,4,3,1,1,2,1,1,2,2,1,3,1,2,1,1,-0.427350462,-0.432139749,-0.257688935,1,1,0,0,2,0,0,1,0,0,2,0,4,0,1,2,0,0,3,1,0,0,1,1,0,1,1,0,1,0,2,0,1,0,2,1,0,0,1,0,1,0,2,1,0,0,1,1,0,0,0,1
4538,25,1,0.88291171,0,39503,0,1,0,4,0,0,0,1,0,2,5,2,5,4,1,2,1,5,5,4,3,3,3,2,3,3,2,2,3,1,2,2,1,1.104829662,0.729501861,0.502946494,1,1,0,0,2,0,0,0,1,0,2,0,2,1,0,1,1,0,1,0,0,0,1,0,0,1,1,1,0,0,1,0,1,0,2,0,0,1,3,0,1,0,2,1,0,0,1,1,0,0,0,1
4541,24,4,0.272871422,0,55433,0,1,0,3,0,0,1,0,0,3,6,4,3,2,1,5,3,3,2,2,1,3,3,1,2,2,3,2,3,2,2,1,1,-0.883525958,-0.66936268,-1.108594348,1,0,1,0,3,0,0,1,0,0,2,0,4,1,0,1,0,1,2,0,0,0,0,0,0,1,1,0,1,0,2,0,0,1,3,0,0,1,3,0,0,1,3,1,0,0,1,0,0,1,0,3
4549,15,2,0.850150168,0,47591,0,1,0,4,0,0,0,1,0,2,5,5,2,5,2,4,1,4,4,5,1,1,1,2,1,2,1,1,3,2,2,2,1,0.50422432,-0.220233183,0.881980805,0,1,0,0,2,0,0,1,0,0,2,0,4,1,0,1,0,1,2,0,0,0,1,0,0,1,1,0,1,0,2,0,0,1,3,0,1,0,2,0,0,1,3,1,0,0,1,0,1,0,0,2
4552,50,4,2.824485789,0,25140,0,0,1,2,0,1,0,0,0,2,6,2,5,4,2,3,2,3,3,3,2,2,2,3,2,2,2,2,2,3,3,3,0,-0.511535432,0.283741923,0.254732265,1,1,0,0,2,0,0,1,0,0,2,0,4,1,0,1,1,0,1,0,0,0,0,1,1,0,0,1,0,0,1,1,0,0,1,1,0,0,1,0,0,1,3,1,0,0,1,1,0,0,0,1
4553,49,2,0.281148847,0,98034,1,0,0,3,0,0,1,0,0,3,5,3,4,4,2,4,1,4,3,3,1,3,2,1,1,1,3,3,3,2,1,2,1,-0.415544498,0.581968408,-0.222123443,0,1,0,0,2,0,1,0,0,1,2,0,3,0,0,3,0,0,3,0,0,0,0,1,0,1,1,0,0,1,3,0,0,1,3,0,1,0,2,0,1,0,2,1,0,0,1,0,0,1,0,3
4554,37,4,1.730771026,0,73160,0,1,0,3,0,0,1,0,0,2,5,3,4,5,1,4,4,5,5,4,1,3,3,2,3,2,3,2,3,2,2,4,1,1.085324516,0.908097147,0.937440823,0,1,0,0,2,0,0,1,0,0,2,0,4,0,1,2,0,0,3,0,0,0,0,1,0,1,1,0,1,0,2,0,1,0,2,0,0,1,3,0,1,0,2,1,0,0,1,0,1,0,0,2
4559,4,4,0.799441134,0,71665,0,0,1,1,1,0,0,0,0,1,3,0,5,3,1,1,1,5,3,3,2,2,2,4,2,2,2,2,2,4,3,4,1,-0.35989039,-1.280077743,0.884993473,0,1,0,0,2,0,0,1,0,0,2,0,4,1,0,1,0,1,2,1,1,0,0,0,0,1,1,1,0,0,1,1,0,0,1,1,0,0,1,1,0,0,1,1,0,0,1,1,0,0,0,1
4562,34,1,0.959205513,0,27962,0,0,1,3,0,0,1,0,0,3,4,4,3,3,2,3,1,2,2,2,2,2,2,2,3,3,2,2,2,3,3,3,1,-1.734360036,-0.068336705,-2.728958912,1,0,0,0,1,1,1,0,1,0,1,1,1,0,1,2,0,0,3,0,1,0,0,0,1,1,1,1,0,0,1,1,0,0,1,0,1,0,2,0,1,0,2,1,0,0,1,1,0,0,0,1
4564,33,4,0.717663281,0,11785,0,1,0,2,0,1,0,0,0,3,5,5,5,5,2,4,2,4,4,4,3,3,3,2,2,2,3,2,3,2,2,2,1,0.261742413,0.641393567,0.096527793,1,0,1,0,3,0,0,1,0,0,2,0,4,1,0,1,0,0,3,0,0,0,0,1,0,1,1,0,0,0,0,0,0,0,0,0,0,0,0,0,0,0,0,0,0,0,0,0,0,0,0,0
4565,51,2,1.502151947,0,54914,0,1,0,4,0,0,0,1,0,2,5,5,4,4,3,3,3,4,4,4,1,1,1,1,3,1,1,1,3,1,1,1,1,0.007307266,0.149579886,0.137087838,1,0,0,0,1,1,1,0,0,1,2,0,3,0,1,2,0,0,3,1,0,0,0,0,0,1,1,0,1,0,2,0,1,0,2,1,0,0,1,0,1,0,2,1,0,0,1,0,1,0,0,2
4569,34,4,0.335019499,0,27574,0,0,1,3,0,0,1,0,0,2,4,3,3,4,4,4,3,2,3,3,2,2,2,3,3,3,2,2,3,2,3,2,1,-0.77681667,0.871221768,0.874370074,0,1,0,0,2,0,0,1,0,0,2,0,4,1,0,1,0,0,3,0,1,0,0,0,0,1,1,1,0,0,1,1,0,0,1,1,0,0,1,0,1,0,2,1,0,0,1,1,0,0,0,1
4571,24,2,7.415874866,0,55120,0,1,0,2,0,1,0,0,0,2,5,2,5,4,1,1,1,1,2,3,2,2,2,3,2,2,2,2,2,3,2,2,1,1.126688976,-0.803719183,0.569249852,0,0,1,0,3,1,1,1,0,0,2,0,4,0,0,3,1,0,1,0,0,0,1,1,0,1,1,1,0,0,1,0,0,1,3,0,0,1,3,1,0,0,1,1,0,0,1,0,1,0,0,2
4573,49,2,0.07692399,0,98052,0,1,0,2,0,1,0,0,0,2,3,3,5,1,1,1,1,1,2,1,2,2,2,3,2,2,2,2,2,4,4,4,1,-0.077188713,1.068146118,0.410492418,0,1,0,0,2,1,1,1,0,0,2,0,4,0,0,3,0,1,2,0,0,1,1,0,0,1,1,0,1,0,2,0,0,1,3,0,1,0,2,1,0,0,1,1,0,0,1,0,0,1,0,3
4574,44,2,3.94799048,0,37813,0,1,0,4,0,0,0,1,0,2,5,5,4,3,3,4,4,5,3,4,2,2,2,4,2,3,1,1,3,1,1,4,1,-0.098363725,1.350163789,0.764875579,1,1,0,0,2,0,0,1,0,0,2,0,4,0,1,2,1,0,1,0,0,0,1,0,0,1,1,1,0,0,1,0,1,0,2,0,1,0,2,0,0,1,3,1,0,0,1,1,0,0,0,1
4577,33,2,1.006121277,0,10118,1,0,0,4,0,0,0,1,0,2,4,2,4,3,4,4,2,4,4,5,1,3,2,3,3,1,2,2,3,3,2,2,1,0.21009455,0.903817881,-0.137879425,0,1,0,0,2,1,1,1,0,0,2,0,4,0,0,3,0,0,3,1,0,0,0,1,0,1,1,0,0,0,0,0,0,0,0,0,0,0,0,0,0,0,0,0,0,0,0,0,0,0,0,0
4580,10,2,0.935679267,0,32209,0,1,0,3,0,0,1,0,0,2,4,3,4,4,4,4,4,4,5,4,3,2,3,2,2,3,2,3,3,2,3,2,1,0.165737857,1.201079049,0.071018512,0,1,0,0,2,0,0,0,1,0,2,0,2,1,0,1,1,0,1,0,0,0,1,1,0,1,1,0,1,0,2,0,1,0,2,0,0,1,3,1,0,0,1,0,1,0,2,0,0,0,1,4
4582,14,2,0.909813791,0,61104,1,0,0,4,0,0,0,1,0,3,4,5,3,3,1,1,1,5,5,2,3,2,2,1,1,2,2,2,1,1,3,3,1,1.155046204,1.150147444,0.760325886,0,1,0,0,2,0,0,0,1,0,2,0,2,1,0,1,1,0,1,0,0,0,1,0,0,1,1,0,0,1,3,0,0,1,3,1,0,0,1,0,1,0,2,1,0,0,1,0,1,0,0,2
4583,25,2,0.508732639,0,39531,0,1,0,1,1,0,0,0,0,1,5,2,4,4,1,4,2,3,4,3,2,2,2,3,2,2,2,2,2,3,3,4,1,0.842285229,-0.386461586,-0.55880857,1,1,0,0,2,1,1,1,0,0,2,0,4,1,0,1,1,0,1,0,0,0,0,0,1,1,1,0,1,0,2,0,1,0,2,1,0,0,1,1,0,0,1,1,0,0,1,0,1,0,0,2
4587,49,4,0.013800514,0,98371,0,1,0,3,0,0,1,0,0,3,5,4,2,4,1,1,1,4,5,1,1,3,2,4,2,2,2,2,2,4,2,4,0,-0.986961548,-1.462502918,0.640396082,1,1,0,0,2,0,0,1,0,0,2,0,4,0,0,0,0,1,2,0,0,0,0,1,0,0,0,0,1,0,2,0,1,0,2,0,1,0,2,1,0,0,1,0,0,1,3,0,0,1,0,3
4588,45,3,0.358848989,1,78219,0,1,0,4,0,0,0,1,0,3,4,4,3,4,2,2,2,2,4,3,2,2,3,1,2,2,2,2,2,4,3,3,1,-0.097794733,0.442641647,-0.47409889,1,1,0,0,2,0,0,1,0,0,2,0,4,0,1,2,0,0,3,0,0,0,0,1,0,1,1,0,1,0,2,0,1,0,2,0,0,1,3,0,0,1,3,1,0,0,1,0,1,0,0,2
4589,49,4,0.023668385,0,98122,1,0,0,3,0,0,1,0,0,2,4,3,3,3,3,3,3,4,4,4,2,2,2,3,3,1,3,1,3,2,2,2,0,0.063627022,0.784023745,-0.130120036,1,0,1,0,3,0,0,1,0,0,2,0,4,1,0,1,1,0,1,0,1,0,0,0,1,0,0,0,0,1,3,0,0,1,3,1,0,0,1,0,0,1,3,0,0,1,3,0,0,0,1,4
4592,49,2,0.433868739,0,98818,0,0,1,4,0,0,0,1,0,2,2,2,4,4,4,3,2,4,5,5,1,3,3,3,3,2,3,1,2,4,3,2,1,0.898431496,1.051087221,0.269231073,0,1,0,0,2,0,1,1,0,0,2,0,4,0,0,3,0,0,3,1,0,0,0,1,0,1,1,0,0,0,0,0,0,0,0,0,0,0,0,0,0,0,0,0,0,0,0,0,0,0,0,0
4595,45,2,0.788065795,1,78748,0,1,0,3,0,0,1,0,0,2,6,3,3,3,3,4,4,5,5,4,2,2,2,4,2,2,1,1,2,3,2,2,1,-0.071563535,1.278191869,-1.553525493,0,1,0,0,2,0,0,1,0,0,2,0,4,1,0,1,1,0,1,0,0,0,0,0,0,1,1,0,1,0,2,1,0,0,1,0,1,0,2,1,0,0,1,1,0,0,1,0,1,0,0,2
4597,23,2,0.295731063,0,49445,0,1,0,3,0,0,1,0,0,4,3,3,3,4,4,4,3,3,3,3,2,2,3,2,2,2,2,2,1,2,3,1,1,-0.724315828,0.625083023,-1.594489361,1,1,0,0,2,0,0,1,0,0,2,0,4,1,0,1,0,0,3,1,0,0,1,0,0,1,1,1,0,0,1,1,0,0,1,0,1,0,2,0,1,0,2,1,0,0,1,1,0,0,0,1
4599,49,4,0.043680061,0,98310,0,1,0,2,0,1,0,0,0,3,4,2,1,4,1,4,4,4,5,5,2,2,2,2,2,2,2,2,2,3,3,3,1,-1.140679895,-0.61122052,1.132653824,1,1,0,0,2,0,0,1,0,0,2,0,4,1,0,1,1,0,1,0,0,0,0,0,0,1,1,0,1,0,2,0,1,0,2,1,0,0,1,0,1,0,2,0,1,0,2,0,0,0,1,4
4607,36,2,4.057110529,0,44138,0,1,0,1,1,0,0,0,0,1,3,0,5,1,1,1,1,1,1,1,1,2,2,3,2,2,2,2,2,3,3,3,1,-0.38207561,0.300941323,0.691437684,0,1,0,0,2,1,1,1,0,0,2,0,4,0,0,3,0,1,2,0,0,0,1,1,0,1,1,1,0,0,1,1,0,0,1,1,0,0,1,0,0,1,3,1,0,0,1,1,0,0,0,1
4614,10,4,0.370280768,0,34713,0,0,1,4,0,0,0,1,0,3,5,5,2,3,1,4,3,4,5,5,2,2,2,3,2,2,2,2,2,3,3,4,1,0.040314347,0.704390657,0.309264739,1,0,1,0,3,0,0,1,0,0,2,0,4,0,1,2,0,0,3,1,0,0,0,1,0,1,1,0,0,0,0,0,0,0,0,0,0,0,0,0,0,0,0,0,0,0,0,0,0,0,0,0
4617,39,2,0.925604509,0,18103,1,0,0,2,0,1,0,0,0,4,4,2,3,4,4,4,3,4,4,3,2,2,2,3,2,2,2,2,2,4,4,3,1,0.309857135,0.905921498,0.252089564,1,1,0,0,2,0,0,1,0,0,2,0,4,0,1,2,0,0,3,1,0,0,0,1,0,1,1,0,1,0,2,0,0,1,3,0,1,0,2,0,0,1,3,1,0,0,1,0,0,0,1,4
4618,10,2,0.627664233,1,33433,0,1,0,3,0,0,1,0,0,3,4,3,4,4,1,2,3,4,2,3,2,2,2,2,3,2,2,2,3,3,2,4,1,0.226239248,-0.924726743,0.326879579,1,0,1,0,3,1,1,1,0,0,2,0,4,0,1,2,1,0,1,0,0,0,0,0,0,1,1,0,1,0,2,0,1,0,2,0,0,1,3,0,1,0,2,1,0,0,1,0,1,0,0,2
4622,19,4,0.359201616,0,70638,0,0,1,4,0,0,0,1,0,4,5,5,1,4,1,4,4,4,1,4,1,1,1,2,2,2,2,1,2,3,2,2,1,-0.093519097,-0.465343313,0.13057571,0,1,0,0,2,0,0,1,0,0,2,0,4,1,0,1,0,0,3,1,0,0,0,0,0,1,1,1,0,0,1,1,0,0,1,1,0,0,1,1,0,0,1,1,0,0,1,1,0,0,0,1
4624,49,4,0.164159495,0,98104,1,0,0,1,1,0,0,0,0,1,4,3,4,4,2,3,4,4,4,4,2,2,2,4,2,2,2,2,2,3,3,3,0,0.277002073,0.96287805,-0.647866079,1,1,0,0,2,1,1,1,0,0,2,0,4,0,1,2,1,0,1,0,0,0,0,0,1,0,0,0,0,1,3,0,0,1,3,0,0,1,3,0,0,1,3,0,0,1,3,0,0,0,1,4
4627,49,2,0.019491298,0,98101,1,0,0,3,0,0,1,0,0,2,4,4,5,4,5,5,4,5,5,4,2,3,2,2,2,2,2,2,3,3,3,2,1,0.342875472,0.873748136,1.092552405,0,1,0,0,2,0,1,1,0,0,2,0,4,0,0,3,0,0,3,1,0,0,0,1,0,1,1,0,0,1,3,0,0,1,3,0,0,1,3,0,0,1,3,0,0,1,3,0,0,0,1,4
4629,49,2,0.019570543,0,98367,0,1,0,2,0,1,0,0,0,2,6,3,1,5,2,5,1,5,5,5,2,1,2,1,2,2,2,2,3,3,2,3,0,0.424374703,-0.686164134,-0.786993378,1,1,0,0,2,0,0,1,0,0,2,0,4,1,0,1,0,0,3,0,0,0,0,1,0,0,0,1,0,0,1,1,0,0,1,1,0,0,1,1,0,0,1,0,1,0,2,1,0,0,0,1
4630,45,2,0.780782619,1,77016,0,1,0,3,0,0,1,0,0,2,3,2,2,4,4,3,2,2,4,3,1,3,2,4,3,2,1,3,2,4,3,2,1,-0.565117002,0.741816443,-0.340088339,0,0,0,0,1,0,0,0,1,0,2,0,2,1,0,1,0,1,2,1,0,0,0,1,0,1,1,0,1,0,2,1,0,0,1,0,1,0,2,1,0,0,1,1,0,0,1,0,0,1,0,3
4631,49,2,0.025647794,0,98188,1,0,0,3,0,0,1,0,0,2,3,2,2,4,4,4,5,5,5,5,1,3,3,1,3,1,3,1,3,2,2,2,1,0.261529177,1.886070656,-0.053643481,0,1,0,0,2,0,1,1,0,0,2,0,4,0,0,3,0,0,3,1,0,0,0,1,0,1,1,0,0,1,3,0,0,1,3,0,0,1,3,0,0,1,3,0,0,1,3,0,0,1,0,3
4633,49,2,0.025647794,0,98121,1,0,0,4,0,0,0,1,0,1,5,5,5,5,5,5,5,5,5,5,3,3,3,3,2,2,3,2,2,3,3,3,1,1.078652372,1.177724163,0.93201333,0,1,0,0,2,0,1,1,0,0,2,0,4,0,0,3,0,0,3,1,0,0,0,1,0,1,1,0,0,1,3,0,0,1,3,0,0,1,3,0,0,1,3,0,0,1,3,0,0,0,1,4
4634,39,4,0.114095848,0,16915,0,1,0,3,0,0,1,0,0,3,6,1,2,5,3,3,3,3,3,3,2,2,2,4,2,2,1,2,2,3,2,4,0,0.339047431,-1.42793222,-0.943508345,1,0,1,0,3,0,0,1,0,0,2,0,4,0,0,0,0,1,2,0,1,0,0,1,0,0,0,1,0,0,1,1,0,0,1,1,0,0,1,0,1,0,2,1,0,0,1,1,0,0,0,1
4637,36,4,0.370148594,0,44705,0,1,0,2,0,1,0,0,0,1,5,3,5,5,1,1,1,2,4,1,2,2,2,4,2,2,2,2,2,4,4,4,1,-0.669489928,-0.615931942,-0.477918583,0,0,0,1,4,0,0,1,0,0,2,0,4,1,0,1,0,1,2,0,0,0,0,0,0,1,1,0,1,0,2,0,1,0,2,1,0,0,1,0,0,1,3,1,0,0,1,0,1,0,0,2
4641,49,2,0.029398684,0,98405,1,0,0,4,0,0,0,1,0,3,5,4,4,4,3,5,5,5,5,5,2,3,3,3,3,2,2,1,3,2,2,2,1,-0.152020327,1.18652959,0.666243647,1,0,1,0,3,0,1,1,0,0,2,0,4,0,0,3,0,0,3,1,0,0,0,1,0,1,1,0,0,1,3,0,0,1,3,1,0,0,1,0,1,0,2,0,1,0,2,0,0,0,1,4
4643,49,4,0.058254304,0,98110,0,1,0,1,1,0,0,0,0,1,5,1,5,2,1,1,1,2,5,1,2,2,2,3,2,2,2,2,2,4,4,4,1,0.204779867,-2.000802196,1.637866447,1,0,0,1,4,0,0,1,0,0,2,0,4,0,0,3,0,1,2,0,0,0,0,0,0,1,1,1,0,0,1,1,0,0,1,1,0,0,1,0,0,1,3,1,0,0,1,0,1,0,0,2
4645,30,2,3.321817824,0,3825,0,0,1,1,1,0,0,0,0,3,5,1,3,4,1,1,1,1,1,1,2,2,2,3,2,2,2,2,2,4,4,4,1,-0.536559234,-0.201560275,0.063529754,1,1,0,0,2,1,1,1,0,0,2,0,4,0,0,3,1,0,1,0,0,0,1,1,0,1,1,1,0,0,1,1,0,0,1,0,1,0,2,0,0,1,3,1,0,0,1,1,0,0,0,1
4647,22,4,0.185023398,0,1089,0,1,0,2,0,1,0,0,0,2,5,2,4,5,1,1,1,4,4,3,2,2,2,3,2,2,2,1,2,4,4,3,1,0.179595414,-1.640071303,0.198396299,0,0,1,0,3,0,0,1,0,0,2,0,4,0,1,2,0,1,2,0,0,0,0,1,0,1,1,0,1,0,2,0,1,0,2,0,0,1,3,0,1,0,2,0,1,0,2,0,0,1,0,3
4650,16,2,1.444013002,0,51104,0,1,0,1,1,0,0,0,0,1,6,0,5,1,1,1,1,1,1,3,2,2,2,3,2,2,2,2,2,4,3,3,1,1.017387158,1.38655459,-0.270918661,1,1,0,0,2,1,1,1,0,0,2,0,4,0,0,3,0,1,2,0,0,0,0,1,0,1,1,0,1,0,2,0,1,0,2,1,0,0,1,1,0,0,1,1,0,0,1,0,0,1,0,3
4654,49,2,1.30E-09,0,99312,0,0,0,3,0,0,1,0,0,3,5,3,5,4,1,4,1,3,1,1,2,2,2,1,2,2,2,2,1,1,2,4,1,-0.681825043,-0.297465293,0.39111834,1,1,0,0,2,0,0,1,0,0,2,0,4,1,0,1,0,0,3,1,0,0,1,0,0,1,1,0,0,0,0,0,0,0,0,0,0,0,0,0,0,0,0,0,0,0,0,0,0,0,0,0
4656,33,2,0.030638697,0,98168,0,1,0,2,0,1,0,0,0,3,4,5,4,4,3,4,1,5,5,4,2,1,3,4,3,1,2,2,2,1,2,2,1,0.850816149,0.848260031,-2.071687448,1,1,0,0,2,0,1,1,0,0,2,0,4,0,0,3,0,0,3,1,0,0,0,1,0,1,1,0,1,0,2,0,1,0,2,0,0,1,3,0,1,0,2,0,1,0,2,0,0,1,0,3
4657,49,2,0.050274066,0,98108,1,0,0,4,0,0,0,1,0,1,6,3,5,5,5,5,5,5,5,5,1,1,1,1,3,1,3,1,3,2,2,2,1,0.655549643,0.43017944,0.475898965,0,1,0,0,2,0,1,1,0,0,2,0,4,0,0,3,0,0,3,1,0,0,0,1,0,1,1,0,0,1,3,0,0,1,3,0,0,1,3,0,1,0,2,0,0,1,3,0,0,0,1,4
4662,33,2,1.964898144,0,10011,1,0,0,5,0,0,0,0,1,1,5,5,4,5,5,5,5,5,5,5,3,3,3,2,3,3,3,3,3,2,2,2,1,1.048025161,1.355383642,1.214102776,0,1,0,0,2,1,1,1,0,0,2,0,4,0,0,3,1,0,1,0,0,1,0,1,0,1,1,0,0,1,3,0,0,1,3,0,0,1,3,0,0,1,3,0,0,1,3,0,0,1,0,3
4665,34,2,10.39811334,0,28079,0,1,0,2,0,1,0,0,0,2,2,3,3,4,2,4,2,4,4,4,3,2,2,2,2,2,2,2,3,3,2,2,1,0.212346436,0.83377253,0.426950082,1,1,0,0,2,1,1,0,0,1,2,0,3,0,0,3,0,0,3,1,0,0,0,1,0,1,1,1,0,0,1,1,0,0,1,1,0,0,1,0,1,0,2,1,0,0,1,1,0,0,0,1
4668,9,2,7.121210683,0,6712,0,1,0,1,1,0,0,0,0,1,4,0,3,3,3,3,4,3,3,4,3,1,1,2,3,3,2,2,2,2,3,1,1,-0.677141072,0.457668911,0.223688038,0,1,0,0,2,1,1,0,0,0,2,0,5,0,0,3,0,0,3,1,0,0,0,1,0,1,1,1,0,0,1,1,0,0,1,1,0,0,1,0,1,0,2,1,0,0,1,1,0,0,0,1
4669,44,4,0.412312114,0,37311,0,1,0,4,0,0,0,1,0,3,5,5,1,5,3,3,1,3,3,3,2,2,2,4,2,2,2,2,3,4,4,4,1,-2.003529803,0.398046025,-1.920689002,1,0,1,0,3,0,0,1,0,0,2,0,4,1,0,1,0,1,2,0,1,0,0,0,1,1,1,1,0,0,1,0,0,1,3,0,0,1,3,0,0,1,3,1,0,0,1,0,1,0,0,2
4671,33,2,0.056189398,0,98109,1,0,0,4,0,0,0,1,0,3,4,3,3,3,3,3,3,3,3,3,2,1,3,2,2,1,2,3,1,1,2,2,1,0.332117013,1.271494429,1.140377166,0,0,0,0,1,0,1,1,0,0,2,0,4,0,0,3,0,0,3,1,1,0,0,0,0,1,1,0,0,1,3,0,0,1,3,0,0,1,3,0,0,1,3,0,1,0,2,0,0,0,1,4
4675,45,4,0.298789382,0,79714,0,1,0,2,0,1,0,0,0,1,5,2,5,3,4,4,1,5,5,5,2,2,3,2,3,3,1,1,3,2,2,2,1,1.349016808,0.995503608,0.665576796,0,0,0,0,1,0,0,1,0,0,2,0,4,0,0,0,0,0,3,0,0,0,0,0,0,1,1,0,1,0,2,0,1,0,2,1,0,0,1,0,1,0,2,1,0,0,1,0,1,0,0,2
4677,23,1,0.516123286,0,48170,0,1,0,2,0,1,0,0,0,3,3,3,2,4,3,3,3,4,4,3,1,1,1,1,3,2,3,3,2,1,4,4,1,-0.766761415,-0.041748176,-2.14184139,1,1,0,0,2,1,1,1,0,0,2,0,4,0,1,2,0,0,3,0,0,0,1,1,0,1,1,0,1,0,2,0,0,1,3,0,0,1,3,0,1,0,2,1,0,0,1,0,1,0,0,2
4680,49,2,0.012817828,0,98418,0,1,0,3,0,0,1,0,0,2,5,3,4,5,1,2,1,3,4,2,3,2,2,3,1,3,2,1,2,3,2,3,1,0.033603098,-0.791964703,0.480548735,1,1,0,0,2,1,1,1,0,0,2,0,4,0,0,3,0,0,3,1,0,0,1,0,0,1,1,0,1,0,2,0,1,0,2,0,0,1,3,1,0,0,1,0,1,0,2,0,0,0,1,4
4681,36,2,3.360444603,0,43315,0,0,1,3,0,0,1,0,0,1,5,5,5,3,1,1,1,1,1,1,1,2,2,4,2,2,2,2,2,4,3,4,1,1.006546749,-1.492811526,0.998116826,1,1,0,0,2,1,1,1,0,0,2,0,4,0,0,3,0,1,2,0,0,0,0,1,0,1,1,1,0,0,1,1,0,0,1,0,1,0,2,1,0,0,1,1,0,0,1,1,0,0,0,1
4684,36,2,0.315295407,0,43612,0,1,0,2,0,1,0,0,0,1,5,1,5,5,1,1,1,5,3,1,2,2,3,3,2,2,2,2,3,4,2,4,1,-1.157228583,-1.656630983,1.185481021,1,0,1,0,3,0,0,1,0,0,1,1,1,1,0,1,0,0,3,0,0,0,1,1,0,1,1,0,0,1,3,0,1,0,2,1,0,0,1,0,1,0,2,1,0,0,1,0,0,1,0,3
4685,49,4,0.211414933,0,98444,0,1,0,2,0,1,0,0,0,3,4,3,3,4,3,4,3,4,4,4,1,3,3,1,3,1,3,1,3,2,2,2,1,-0.516828559,0.299851433,-0.711577646,1,0,1,0,3,0,0,1,0,0,2,0,4,0,0,3,0,0,3,1,0,0,0,1,0,1,1,0,0,1,3,0,1,0,2,0,0,1,3,0,1,0,2,0,1,0,2,0,0,0,1,4
4687,47,4,0.033056911,0,5401,1,0,0,2,0,1,0,0,0,3,5,3,4,2,2,2,2,2,4,4,2,2,2,3,2,2,3,1,3,3,2,2,0,-0.21169946,-0.680720251,-0.27088893,0,1,0,0,2,0,0,1,0,0,2,0,4,1,0,1,1,0,1,0,0,0,0,0,1,0,0,0,0,1,3,0,0,1,3,1,0,0,1,0,0,1,3,1,0,0,1,0,0,0,1,4
4691,39,2,0.260775503,0,15136,0,1,0,3,0,0,1,0,0,2,1,1,2,5,1,1,1,4,5,3,1,3,3,1,3,1,2,1,3,1,2,3,1,-0.514561666,-0.202722802,0.909652183,0,1,0,0,2,0,0,0,1,0,2,0,2,1,0,1,0,0,3,1,0,0,0,1,0,1,1,0,1,0,2,0,1,0,2,1,0,0,1,0,0,1,3,1,0,0,1,0,0,0,1,4
4692,34,4,0.605728787,0,28337,0,0,1,2,0,1,0,0,0,2,5,2,5,5,1,1,1,1,1,1,2,2,2,1,2,2,2,2,2,3,3,4,1,0.457659355,-0.183976141,1.157596315,1,1,0,0,2,0,0,1,0,0,2,0,4,1,0,1,0,0,3,0,0,0,0,0,0,1,1,1,0,0,1,1,0,0,1,0,1,0,2,0,0,1,3,1,0,0,1,1,0,0,0,1
4697,39,2,1.256195731,0,16671,0,0,1,1,1,0,0,0,0,1,5,1,5,3,1,3,2,1,4,1,2,2,2,3,2,2,2,2,2,3,3,4,0,-1.438306614,-1.457367995,-2.553183269,1,0,1,0,3,0,0,1,0,0,2,0,4,1,0,1,1,0,1,0,0,0,0,1,0,0,0,1,0,0,1,1,0,0,1,1,0,0,1,1,0,0,1,1,0,0,1,1,0,0,0,1
4698,49,4,0.014518683,0,98043,0,1,0,1,1,0,0,0,0,1,5,2,4,3,1,1,1,3,5,4,2,2,2,4,2,2,2,2,2,4,3,3,0,0.487893366,-0.1831064,-0.003131105,1,0,0,1,4,0,1,1,0,0,2,0,4,1,0,1,1,0,1,0,0,0,0,0,0,0,0,0,1,0,2,0,1,0,2,0,0,1,3,0,0,1,3,1,0,0,1,0,0,0,1,4
4699,34,4,0.197401849,0,27360,0,1,0,3,0,0,1,0,0,4,5,5,1,4,4,3,2,4,4,4,1,2,1,1,2,2,2,1,2,3,1,4,0,0.044698169,-0.689283805,-0.066147883,1,0,1,0,3,0,1,1,0,0,2,0,4,1,0,1,0,1,2,0,0,0,0,0,1,0,0,1,0,0,1,1,0,0,1,0,1,0,2,1,0,0,1,1,0,0,1,1,0,0,0,1
4702,45,4,1.913549775,1,76137,0,1,0,3,0,0,1,0,0,4,5,5,2,5,1,1,1,4,5,5,2,2,3,4,2,2,3,1,3,3,3,3,1,0.441615735,-0.597993913,0.531575778,1,0,1,0,3,0,0,1,0,0,1,1,1,1,0,1,0,0,3,0,1,0,0,1,0,1,1,0,0,1,3,0,1,0,2,0,1,0,2,1,0,0,1,0,1,0,2,0,1,0,0,2
4706,45,2,1.006271101,1,77573,0,1,0,4,0,0,0,1,0,2,5,4,4,4,1,1,1,1,4,1,2,2,2,4,2,2,2,2,2,4,4,4,1,-1.998582332,0.862864902,0.698670722,0,1,0,0,2,0,1,1,0,0,2,0,4,0,1,2,0,1,2,0,0,0,0,1,0,1,1,0,1,0,2,1,0,0,1,1,0,0,1,0,0,1,3,1,0,0,1,1,0,0,0,1
4708,49,2,0.030264945,0,98375,0,1,0,1,1,0,0,0,0,1,4,1,5,3,1,1,1,2,3,2,2,1,2,3,2,1,2,1,3,1,2,2,1,-0.712141402,-0.38431406,0.653276217,0,1,0,0,2,0,1,1,0,0,2,0,4,0,0,3,0,0,3,0,0,0,1,1,0,1,1,0,1,0,2,0,1,0,2,1,0,0,1,1,0,0,1,1,0,0,1,0,1,0,0,2
4711,49,2,0.028047295,0,98383,0,1,0,2,0,1,0,0,0,3,6,3,4,5,2,2,1,2,3,3,2,1,3,2,1,3,3,2,2,3,3,3,1,-1.560030669,-0.10344429,0.256335314,1,1,0,0,2,1,1,1,0,0,1,1,1,0,0,3,0,0,3,1,0,0,0,1,0,1,1,1,0,0,1,0,1,0,2,0,1,0,2,1,0,0,1,1,0,0,1,1,0,0,0,1
4714,33,2,0.602407822,0,11789,0,1,0,3,0,0,1,0,0,2,2,3,4,4,2,4,4,4,4,3,1,2,1,1,1,1,2,1,2,3,3,3,1,0.436709057,0.452503897,0.273472589,0,0,1,0,3,0,0,1,0,0,2,0,4,1,0,1,0,0,3,1,0,0,1,1,0,1,1,0,1,0,2,1,0,0,1,1,0,0,1,1,0,0,1,1,0,0,1,0,1,0,0,2
4717,19,4,0.281278854,0,71038,0,1,0,4,0,0,0,1,0,4,5,5,1,4,3,3,2,4,5,4,2,1,2,4,2,2,2,2,2,4,2,4,1,-1.046773079,-1.180027969,-2.218992313,1,1,0,0,2,0,0,1,0,0,2,0,4,0,0,0,0,0,3,1,0,0,0,1,0,1,1,1,0,0,1,1,0,0,1,1,0,0,1,0,1,0,2,1,0,0,1,1,0,0,0,1
4718,49,2,0.049114595,0,98106,0,1,0,1,1,0,0,0,0,2,4,2,4,2,1,3,1,5,4,3,2,2,2,4,2,2,1,2,2,4,3,4,1,0.309712652,0.585095032,-1.196257558,0,0,1,0,3,0,0,1,0,0,2,0,4,1,0,1,0,1,2,0,0,0,1,1,0,1,1,0,0,1,3,0,1,0,2,1,0,0,1,1,0,0,1,0,1,0,2,0,0,0,1,4
4719,10,4,1.699920886,0,32578,0,1,0,1,1,0,0,0,0,1,5,0,5,2,1,1,1,2,5,1,2,2,2,3,2,2,2,2,2,3,3,4,1,0.000861317,-0.809708062,0.824350228,1,0,1,0,3,0,1,1,0,0,2,0,4,0,1,2,0,1,2,0,0,0,0,1,0,1,1,1,0,0,1,0,1,0,2,0,1,0,2,0,1,0,2,1,0,0,1,0,1,0,0,2
4721,7,2,1.017139109,0,6074,0,1,0,3,0,0,1,0,0,3,5,4,4,4,1,1,5,5,5,2,2,3,3,4,2,3,3,1,3,4,4,4,1,0.268993483,-1.131081194,1.34863725,1,0,1,0,3,1,1,1,0,0,2,0,4,0,1,2,0,1,2,0,0,0,1,1,0,1,1,1,0,0,1,1,0,0,1,0,1,0,2,0,1,0,2,1,0,0,1,1,0,0,0,1
4722,36,2,0.452750348,0,45424,0,1,0,5,0,0,0,0,1,5,5,5,2,5,1,2,1,1,4,1,2,2,2,2,2,2,2,2,3,3,2,1,1,-0.340701609,-1.294155999,-0.590088223,0,1,0,0,2,0,0,1,0,0,2,0,4,1,0,1,0,1,2,0,0,0,1,1,1,1,1,0,1,0,2,0,1,0,2,0,1,0,2,0,0,1,3,1,0,0,1,0,1,0,0,2
4724,49,4,0.008484749,0,98499,0,1,0,1,1,0,0,0,0,1,5,0,5,3,1,1,1,4,1,1,2,2,2,3,2,2,2,2,2,3,3,3,0,-0.721479596,-1.297815474,1.145260331,1,0,1,0,3,0,0,0,1,0,2,0,2,1,0,1,0,0,3,0,1,0,0,0,0,0,0,0,1,0,2,0,0,1,3,0,0,1,3,0,0,1,3,0,1,0,2,0,0,0,1,4
4727,49,4,0.008529523,0,98025,0,0,1,1,1,0,0,0,0,1,3,1,2,5,1,2,1,4,3,3,1,1,1,1,2,2,1,1,2,4,2,3,1,-0.215884078,0.323321684,0.225144551,0,0,0,1,4,1,1,1,0,0,2,0,4,1,0,1,0,1,2,0,0,0,0,1,0,1,1,1,0,0,1,1,0,0,1,1,0,0,1,1,0,0,1,1,0,0,1,1,0,0,0,1
4728,34,4,0.223770619,0,27215,0,1,0,3,0,0,1,0,0,4,5,3,3,2,2,3,1,4,4,3,2,2,2,2,2,2,2,3,3,3,2,3,1,-0.20530763,-0.218418061,-0.939862232,0,1,0,0,2,0,0,1,0,0,2,0,4,1,0,1,0,1,2,1,0,0,0,1,1,1,1,1,0,0,1,0,1,0,2,0,1,0,2,0,0,1,3,1,0,0,1,1,0,0,0,1
4729,37,4,3.147551963,0,74011,0,1,0,2,0,1,0,0,0,1,5,3,4,3,1,3,1,4,5,2,2,2,2,3,3,2,2,2,2,3,2,4,1,0.820049262,-0.634860295,0.602222947,0,1,0,0,2,0,0,1,0,0,1,1,1,1,0,1,0,0,3,0,0,0,0,1,0,1,1,0,1,0,2,1,0,0,1,0,1,0,2,0,0,1,3,1,0,0,1,0,1,0,0,2
4731,49,2,0.021475615,0,98118,0,1,0,2,0,1,0,0,0,2,5,4,2,5,3,4,1,5,4,3,2,2,2,1,2,2,2,1,3,4,2,3,1,-0.11483114,-2.162047241,-0.60300152,1,0,1,0,3,1,1,1,0,0,2,0,4,0,1,2,0,1,2,0,0,0,0,1,0,1,1,0,0,1,3,0,1,0,2,1,0,0,1,1,0,0,1,0,0,1,3,0,0,0,1,4
4732,7,2,0.393520094,0,6002,0,1,0,1,1,0,0,0,0,1,5,1,5,5,1,1,1,1,3,1,2,2,2,3,2,2,2,2,2,4,4,4,1,0.056543573,-1.759021299,0.774392575,1,1,0,0,2,1,1,1,0,0,2,0,4,0,1,2,0,0,3,0,0,0,1,0,0,1,1,1,0,0,1,0,1,0,2,1,0,0,1,0,1,0,2,1,0,0,1,0,1,0,0,2
4733,49,2,0.028898123,0,98467,0,1,0,3,0,0,1,0,0,3,5,2,5,4,2,2,2,2,3,2,2,2,2,3,2,2,2,2,2,4,3,4,0,-0.850382145,-0.550962728,-0.308545669,0,0,1,0,3,0,0,1,0,0,2,0,4,1,0,1,0,1,2,0,1,0,1,0,0,0,0,0,0,1,3,0,1,0,2,1,0,0,1,0,0,1,3,0,1,0,2,0,0,1,0,3
4736,14,3,0.46334932,0,60628,0,1,0,4,0,0,0,1,0,5,1,5,5,5,3,5,5,5,5,3,1,3,3,3,2,2,3,2,2,3,3,3,1,-0.439407501,0.948587338,1.147179872,1,1,0,0,2,0,0,0,1,0,2,0,2,1,0,1,0,0,3,0,1,0,0,1,0,1,1,0,0,1,3,0,1,0,2,0,1,0,2,1,0,0,1,0,0,1,3,0,0,0,1,4
4737,34,4,8.865628758,0,28777,0,1,0,3,0,0,1,0,0,1,6,2,4,3,3,3,3,4,3,3,2,2,2,3,2,2,2,2,2,4,4,4,1,-1.630397667,-0.038058098,-0.139459177,0,1,0,0,2,0,0,0,0,0,2,0,5,0,0,0,1,0,1,0,0,0,0,0,0,1,1,1,0,0,1,1,0,0,1,1,0,0,1,0,0,1,3,1,0,0,1,1,0,0,0,1
4740,36,2,1.309622248,0,43041,0,0,1,3,0,0,1,0,0,3,5,4,4,4,1,2,1,5,5,4,2,2,2,3,2,2,2,2,2,4,3,3,1,1.269825969,0.249367917,0.701157833,1,1,0,0,2,0,0,1,0,0,2,0,4,0,0,0,0,0,3,1,0,0,0,1,0,1,1,0,0,0,0,0,0,0,0,0,0,0,0,0,0,0,0,0,0,0,0,0,0,0,0,0
4744,36,4,0.357380725,0,44857,0,1,0,5,0,0,0,0,1,4,1,5,1,5,2,3,3,3,3,3,2,1,2,4,2,2,2,2,3,3,2,4,0,-0.944766343,-1.549555925,-1.7895784,1,1,0,0,2,0,0,1,0,0,2,0,4,1,0,1,0,0,3,1,1,0,0,0,1,0,0,1,0,0,1,0,1,0,2,0,1,0,2,0,0,1,3,1,0,0,1,1,0,0,0,1
4745,49,2,0.143087722,0,98133,1,0,0,2,0,1,0,0,0,3,5,3,2,3,3,3,3,3,4,3,2,2,2,3,2,2,2,2,2,3,3,2,0,-0.628629521,-0.041918199,-0.668732665,0,0,1,0,3,0,1,0,0,1,2,0,3,0,1,2,1,0,1,0,0,0,1,1,0,0,0,0,0,1,3,0,0,1,3,0,1,0,2,0,1,0,2,1,0,0,1,0,0,0,1,4
4746,49,2,0.011748356,0,98498,0,1,0,2,0,1,0,0,0,3,5,5,3,3,3,3,3,3,2,4,3,3,2,2,2,2,3,2,2,2,3,2,0,-1.423399644,-0.526598366,-0.44235079,1,1,0,0,2,0,0,1,0,0,2,0,4,1,0,1,0,1,2,1,1,0,1,0,0,0,0,0,1,0,2,0,1,0,2,0,1,0,2,1,0,0,1,0,1,0,2,0,0,1,0,3
4748,45,2,0.412057666,1,75050,0,1,0,3,0,0,1,0,0,3,4,3,3,2,3,4,2,4,4,4,2,2,2,3,2,2,2,2,2,3,3,3,1,-0.26416099,1.009160152,0.025599438,0,1,0,0,2,0,0,0,1,0,2,0,2,1,0,1,0,0,3,1,0,1,1,0,0,1,1,0,1,0,2,0,1,0,2,0,0,1,3,0,0,1,3,0,1,0,2,0,1,0,0,2
4751,18,2,0.292354481,0,42330,0,0,1,2,0,1,0,0,0,2,6,1,4,3,1,1,1,3,4,2,2,2,2,3,2,2,2,2,2,3,3,3,1,0.048349645,0.521758559,-0.132507603,1,1,0,0,2,0,0,1,0,0,2,0,4,1,0,1,0,0,3,1,1,1,0,1,0,1,1,1,0,0,1,1,0,0,1,0,1,0,2,1,0,0,1,1,0,0,1,1,0,0,0,1
4752,48,2,0.631909045,0,20155,0,1,0,1,1,0,0,0,0,1,5,0,5,1,1,3,2,4,3,1,2,2,2,2,3,3,2,2,2,3,3,3,1,-1.814017968,-1.345360141,0.567389771,1,1,0,0,2,1,1,1,0,0,2,0,4,0,0,3,0,0,3,1,0,0,0,0,0,1,1,0,1,0,2,1,0,0,1,0,0,1,3,0,1,0,2,1,0,0,1,1,0,0,0,1
4756,49,4,0.015442267,0,98177,0,1,0,3,0,0,1,0,0,2,4,4,5,5,1,3,1,4,3,1,1,2,2,4,2,2,2,2,2,4,3,4,0,-0.524751254,-1.010462968,-1.418445981,1,0,0,1,4,0,0,1,0,0,2,0,4,1,0,1,1,0,1,0,0,0,0,1,1,0,0,0,0,1,3,0,1,0,2,1,0,0,1,1,0,0,1,1,0,0,1,0,0,0,1,4
4758,49,4,0.04737658,0,98042,0,1,0,4,0,0,0,1,0,3,5,4,2,4,1,1,2,2,2,3,1,2,2,4,2,2,2,1,3,4,3,1,1,-1.884034581,0.925657541,-0.57808093,1,0,1,1,4,1,1,1,0,0,2,0,4,0,0,3,0,1,2,0,0,0,0,1,0,1,1,0,1,0,2,1,0,0,1,0,1,0,2,1,0,0,1,1,0,0,1,1,0,0,0,1
4759,49,2,0.00893992,0,98371,0,1,0,3,0,0,1,0,0,3,4,4,3,5,1,1,3,2,5,3,3,2,3,3,2,2,2,2,3,4,3,4,0,-0.157788652,-0.62354896,-1.573112624,1,0,1,0,3,0,0,1,0,0,2,0,4,1,0,1,0,0,3,0,0,0,1,0,0,0,0,0,1,0,2,0,1,0,2,0,1,0,2,1,0,0,1,0,0,1,3,0,0,1,0,3
4760,49,2,0.155834223,0,98006,0,1,0,3,0,0,1,0,0,1,3,4,1,2,1,1,3,4,2,3,2,2,2,4,2,3,3,1,2,4,4,4,0,-1.203353966,-0.709393552,-0.439786658,0,0,0,1,4,1,1,1,0,0,2,0,4,0,0,3,0,1,2,0,0,0,1,1,0,0,0,0,1,0,2,0,0,1,3,0,0,1,3,1,0,0,1,1,0,0,1,0,0,1,0,3
4763,45,2,1.752977674,1,78726,0,1,0,3,0,0,1,0,0,2,4,1,3,3,3,3,3,5,5,4,2,2,2,3,2,2,2,2,2,3,2,3,1,0.85327655,0.571136589,0.341490461,1,0,1,0,3,1,1,1,0,0,2,0,4,0,0,3,0,1,2,0,0,0,0,1,0,1,1,0,0,0,0,0,0,0,0,0,0,0,0,0,0,0,0,0,0,0,0,0,0,0,0,0
4765,49,2,0.058073021,0,98104,1,0,0,3,0,0,1,0,0,2,1,3,4,1,1,2,2,5,4,4,1,2,1,1,2,2,1,3,2,4,3,3,1,-0.750273561,-0.686697459,1.791664255,1,1,0,0,2,1,1,0,1,0,2,0,2,0,0,3,0,1,2,0,0,0,1,1,0,1,1,0,0,1,3,0,0,1,3,0,0,1,3,0,0,1,3,0,0,1,3,0,0,0,1,4
4767,49,2,0.028045477,0,98023,0,1,0,4,0,0,0,1,0,4,5,4,1,5,3,4,5,5,5,5,1,1,3,2,3,1,1,1,3,2,2,2,0,0.636836013,0.793401956,-0.091815977,0,0,1,0,3,1,1,0,1,0,2,0,2,1,0,1,0,1,2,0,0,0,1,1,0,0,0,0,0,1,3,0,1,0,2,1,0,0,1,1,0,0,1,1,0,0,1,0,0,1,0,3
4768,49,2,0.776162766,0,98199,1,0,0,2,0,1,0,0,0,1,2,2,3,3,3,4,4,3,3,2,3,2,2,4,2,2,2,2,2,4,3,3,1,-1.147869367,0.648772282,-0.544330088,1,0,0,0,1,1,1,0,0,1,2,0,3,0,0,3,0,0,3,1,0,1,0,0,0,1,1,0,0,1,3,0,0,1,3,1,0,0,1,0,1,0,2,1,0,0,1,0,0,0,1,4
4771,49,2,0.232125995,0,98121,1,0,0,2,0,1,0,0,0,1,3,3,3,3,3,3,3,2,1,2,3,1,3,2,3,3,2,3,1,2,2,2,1,-0.851438803,0.240474649,0.380121715,0,1,0,0,2,0,0,1,0,0,2,0,4,0,0,3,0,1,2,0,0,0,1,0,1,1,1,0,0,1,3,0,0,1,3,0,0,1,3,0,0,1,3,0,0,1,3,0,0,0,1,4
4773,9,3,0.132090222,0,20011,1,0,0,4,0,0,0,1,0,2,5,4,4,4,3,4,4,3,4,3,2,2,2,3,3,2,2,2,2,2,3,3,1,-0.198324578,0.292453282,-0.272580366,0,1,0,0,2,0,0,0,1,0,2,0,2,1,0,1,0,0,3,1,1,0,0,0,0,1,1,0,0,1,3,0,0,1,3,1,0,0,1,0,1,0,2,0,0,1,3,0,0,0,1,4
4776,49,2,0.063119822,0,98404,0,1,0,1,1,0,0,0,0,3,4,2,5,3,1,2,1,2,3,1,2,2,2,3,2,2,2,2,2,4,3,4,0,-1.665602345,-0.950657891,0.557686678,1,1,0,0,2,0,0,1,0,0,2,0,4,0,1,2,0,1,2,0,1,0,0,1,0,0,0,0,0,1,3,0,1,0,2,0,1,0,2,1,0,0,1,0,1,0,2,0,0,0,1,4
4778,49,2,0.047703923,0,98204,1,0,0,1,1,0,0,0,0,1,4,2,5,5,1,4,1,4,1,1,1,1,3,3,2,2,2,1,2,3,3,3,0,0.324523651,-0.290463953,0.431420229,1,1,0,0,2,0,0,1,0,0,2,0,4,1,0,1,1,0,1,0,0,0,1,0,0,0,0,0,0,1,3,0,0,1,3,0,1,0,2,0,0,1,3,1,0,0,1,0,0,0,1,4
4779,1,2,0.861880994,0,36016,0,0,1,4,0,0,0,1,0,1,3,3,2,4,2,2,2,5,5,3,3,1,1,3,3,1,3,1,3,1,2,1,1,0.134972358,-1.09313467,0.70131693,0,1,0,0,2,0,0,0,1,0,2,0,2,1,0,1,0,1,2,0,0,0,0,0,0,1,1,1,0,0,1,1,0,0,1,1,0,0,1,0,0,1,3,1,0,0,1,1,0,0,0,1
4780,49,4,0.16515736,0,98388,0,1,0,2,0,1,0,0,0,2,5,4,3,4,1,1,1,4,5,4,2,2,2,2,2,2,2,1,3,4,2,2,1,-0.038595688,0.396822667,0.857571912,0,0,0,1,4,0,1,1,0,0,2,0,4,0,0,3,0,1,2,0,0,0,0,1,0,1,1,0,1,0,2,1,0,0,1,1,0,0,1,1,0,0,1,0,1,0,2,0,1,0,0,2
4781,45,2,1.489088996,1,78664,0,1,0,4,0,0,0,1,0,3,5,4,1,4,1,1,1,5,5,3,2,1,2,2,3,2,1,2,3,4,2,2,1,-0.862363335,0.084493919,-0.216191225,0,1,0,0,2,0,0,0,1,0,2,0,2,0,1,2,0,0,3,1,0,0,0,1,0,1,1,0,1,0,2,0,1,0,2,0,0,1,3,0,1,0,2,1,0,0,1,0,0,1,0,3
4783,51,4,0.217494192,0,54911,0,1,0,1,1,0,0,0,0,1,5,3,4,2,2,2,2,2,4,4,2,2,2,4,2,2,2,2,2,4,3,4,1,0.55818535,-0.170360015,-0.157738844,1,1,0,0,2,0,0,1,0,0,2,0,4,1,0,1,0,1,2,0,0,0,0,0,0,1,1,0,1,0,2,0,0,1,3,0,1,0,2,0,0,1,3,1,0,0,1,0,1,0,0,2
4785,4,4,0.652474455,0,72031,0,0,1,2,0,1,0,0,0,1,5,1,2,2,1,1,1,2,5,1,2,3,2,1,2,2,1,2,3,1,1,4,1,0.647856217,-1.161129038,0.790514864,1,1,0,0,2,0,0,1,0,0,2,0,4,1,0,1,1,0,1,0,0,0,0,1,0,1,1,1,0,0,1,1,0,0,1,1,0,0,1,0,1,0,2,1,0,0,1,1,0,0,0,1
4787,26,4,0.545774301,0,64117,0,1,0,2,0,1,0,0,0,2,5,3,4,5,2,2,2,5,5,4,3,2,3,2,3,1,1,1,3,3,3,3,1,1.273362307,1.31254934,0.684058883,1,1,0,0,2,0,0,1,0,0,2,0,4,0,1,2,0,0,3,1,0,0,0,1,0,1,1,0,1,0,2,1,0,0,1,0,0,1,3,0,0,1,3,1,0,0,1,0,0,1,0,3
4789,44,2,0.56673173,0,38104,0,1,0,5,0,0,0,0,1,4,5,3,1,5,3,3,3,4,5,4,2,1,3,1,2,2,3,1,2,3,3,3,1,-0.686649852,0.105245473,0.434453597,1,0,1,0,3,1,1,0,1,0,2,0,2,1,0,1,1,0,1,0,0,0,1,0,1,1,1,0,1,0,2,0,0,1,3,0,0,1,3,0,0,1,3,0,0,1,3,0,0,0,1,4
4791,23,4,1.040356066,0,48209,0,1,0,2,0,1,0,0,0,4,6,3,2,5,1,1,1,1,1,1,1,2,1,4,2,2,2,2,3,4,4,4,0,-1.352078144,-0.373085355,-1.54041253,1,1,0,0,2,0,0,1,0,0,1,1,1,1,0,1,0,0,3,1,0,0,0,0,0,0,0,0,0,1,3,0,1,0,2,0,1,0,2,0,1,0,2,1,0,0,1,0,0,0,1,4
4792,33,2,0.470164444,0,10459,1,0,0,2,0,1,0,0,0,3,4,2,4,3,4,5,4,3,3,4,2,3,3,1,1,1,1,1,3,3,3,3,0,-0.105416948,0.113749564,-0.917941916,0,1,0,0,2,0,0,0,1,0,2,0,2,1,0,1,0,0,3,1,0,0,1,0,0,0,0,0,0,1,3,0,0,1,3,0,1,0,2,0,1,0,2,0,0,1,3,0,0,0,1,4
4793,49,2,0.11140375,0,98366,0,1,0,3,0,0,1,0,0,2,2,3,2,3,4,3,3,4,4,5,3,1,1,1,3,3,1,3,3,3,2,2,1,-0.711437179,0.569427503,-0.593836462,0,0,0,0,1,1,1,1,0,0,1,1,1,0,0,3,0,0,3,1,0,0,0,1,0,1,1,1,0,0,1,0,1,0,2,1,0,0,1,0,1,0,2,0,1,0,2,0,0,1,0,3
4796,49,2,0.012901375,0,98372,0,1,0,2,0,1,0,0,0,2,2,2,2,4,1,4,2,5,5,4,1,1,1,3,2,2,3,1,3,2,2,2,1,0.797097458,-0.266033752,-0.23906375,1,0,0,1,4,0,0,1,0,0,2,0,4,1,0,1,0,1,2,0,0,0,1,0,0,1,1,0,1,0,2,0,0,1,3,0,0,1,3,0,1,0,2,0,1,0,2,0,1,0,0,2
4797,39,2,25.00370527,0,19038,0,1,0,2,0,1,0,0,0,2,4,0,5,5,5,4,5,5,5,4,2,2,2,3,2,1,1,3,3,2,2,2,1,0.042066005,-0.669682088,-0.295511106,1,1,0,0,2,0,0,1,1,0,2,0,2,1,0,1,0,1,2,0,0,0,0,0,1,1,1,0,1,0,2,0,1,0,2,1,0,0,1,0,0,1,3,0,0,1,3,0,0,0,1,4
4798,16,1,1.200492911,0,50169,0,1,0,5,0,0,0,0,1,4,5,4,2,5,2,2,2,5,5,5,3,2,3,2,2,2,2,2,3,3,2,2,1,1.172310976,1.409799818,0.763289021,1,1,0,0,2,1,1,1,0,0,2,0,4,0,1,2,0,0,3,1,0,0,0,1,0,1,1,1,0,0,1,1,0,0,1,0,1,0,2,0,0,1,3,1,0,0,1,1,0,0,0,1
4801,23,4,4.968899699,0,48461,0,0,1,3,0,0,1,0,0,1,6,2,4,5,1,1,1,5,5,5,2,2,2,3,2,2,2,2,2,3,3,3,1,0.340269723,1.560006834,-1.308061472,1,1,0,0,2,0,0,1,0,0,2,0,4,0,0,3,0,0,3,1,0,0,0,1,0,1,1,1,0,0,1,1,0,0,1,0,1,0,2,1,0,0,1,1,0,0,1,1,0,0,0,1
4803,23,4,0.460658815,0,49440,0,1,0,2,0,1,0,0,0,1,3,3,2,3,3,3,3,3,3,3,2,2,2,3,2,2,2,2,2,3,3,3,1,0.35141912,-0.054571512,-0.210761798,1,1,0,0,2,0,0,1,0,0,2,0,4,1,0,1,1,0,1,0,1,0,0,0,0,1,1,0,1,0,2,0,0,1,3,0,1,0,2,0,0,1,3,1,0,0,1,0,0,1,0,3
4804,31,2,0.423974441,0,7508,1,0,0,5,0,0,0,0,1,5,5,5,1,5,3,4,1,5,5,2,2,2,3,3,2,2,2,2,2,3,3,1,1,-0.332447098,-0.969137766,-1.965964331,0,1,0,0,2,0,0,0,1,0,2,0,2,1,0,1,0,0,3,1,0,0,1,1,0,1,1,0,0,1,3,0,0,1,3,1,0,0,1,1,0,0,1,1,0,0,1,0,0,0,1,4
4806,14,2,0.423901692,0,62002,0,1,0,4,0,0,0,1,0,4,4,4,3,4,4,4,3,4,5,4,1,3,3,3,2,2,2,1,3,3,2,3,1,-0.567336699,0.447555688,0.167686875,1,1,0,0,2,0,0,1,0,0,2,0,4,1,0,1,0,1,2,0,0,0,1,1,0,1,1,0,1,0,2,0,1,0,2,0,1,0,2,0,0,1,3,1,0,0,1,0,1,0,0,2
4808,24,2,0.229886627,0,55330,0,1,0,2,0,1,0,0,0,3,4,3,2,4,1,3,3,4,3,2,3,2,2,2,2,2,2,1,2,3,2,2,1,0.17130171,0.142565373,0.607657482,1,1,0,0,2,1,1,1,0,0,2,0,4,1,0,1,1,0,1,0,0,0,0,1,0,1,1,1,0,0,1,0,1,0,2,0,0,1,3,0,0,1,3,1,0,0,1,1,0,0,0,1
4811,33,2,7.378491229,0,14051,0,1,0,1,1,0,0,0,0,1,5,3,4,3,3,4,4,4,4,4,2,2,2,3,2,2,2,2,2,4,3,4,1,0.63323205,0.032104302,-0.377409723,1,1,0,0,2,0,1,0,0,0,2,0,5,0,0,3,1,0,1,0,0,0,1,1,0,1,1,1,0,0,1,1,0,0,1,1,0,0,1,0,1,0,2,1,0,0,1,1,0,0,0,1
4813,49,4,0.00211077,0,98580,0,1,0,3,0,0,1,0,0,3,2,3,3,4,1,3,1,4,3,1,2,2,2,4,2,2,2,2,2,4,3,4,1,-0.676820091,-1.048938164,-1.351173468,1,1,0,0,2,0,0,1,0,0,2,0,4,1,0,1,0,1,2,0,0,0,0,0,0,1,1,1,0,0,1,1,0,0,1,1,0,0,1,1,0,0,1,0,1,0,2,1,0,0,0,1
4815,49,4,0.014204214,0,98408,0,1,0,2,0,1,0,0,0,2,5,3,4,5,1,2,1,4,4,3,1,1,1,1,2,2,1,2,3,1,2,2,0,-0.009973102,-0.265510487,0.167854932,1,0,0,1,4,0,0,1,0,0,2,0,4,1,0,1,1,0,1,0,0,0,0,1,0,0,0,0,0,1,3,1,0,0,1,1,0,0,1,1,0,0,1,1,0,0,1,0,0,0,1,4
4817,49,4,0.123847891,0,98119,1,0,0,2,0,1,0,0,0,3,5,2,4,4,2,2,2,4,2,2,2,2,1,1,1,1,1,1,1,1,1,1,0,-2.440588305,-0.401117684,-1.699711143,0,0,1,0,3,0,1,0,0,1,2,0,3,0,1,2,1,0,1,0,0,0,0,0,0,0,0,0,0,1,3,0,0,1,3,1,0,0,1,0,0,1,3,1,0,0,1,0,0,0,1,4
4820,49,4,0.015399266,0,98204,1,0,0,2,0,1,0,0,0,3,3,3,2,3,2,5,2,2,2,2,1,1,2,4,2,2,2,2,1,2,4,4,0,-0.272826887,-0.963151639,-0.047910823,0,1,0,0,2,1,1,1,0,1,2,0,3,1,0,1,0,0,3,0,0,0,0,1,0,0,0,0,0,1,3,0,0,1,3,0,1,0,2,0,0,1,3,1,0,0,1,0,0,0,1,4
4822,49,4,0.0083043,0,98346,0,1,0,1,1,0,0,0,0,1,3,0,4,2,1,1,2,2,5,1,2,2,2,3,2,2,2,2,2,3,2,3,0,0.210494399,-0.430425968,0.457707747,1,0,1,1,4,1,1,1,0,0,2,0,4,1,0,1,0,1,2,0,0,0,0,1,0,0,0,1,0,0,1,1,0,0,1,1,0,0,1,0,1,0,2,0,1,0,2,1,0,0,0,1
4825,49,2,0.018640136,0,98122,1,0,0,3,0,0,1,0,0,3,3,3,3,5,3,3,3,1,3,3,1,1,3,1,1,1,1,1,3,1,1,1,0,-1.001656375,1.178508415,-1.004317045,1,1,0,0,2,0,0,0,0,0,1,1,1,1,0,1,0,0,3,1,0,0,1,0,0,0,0,0,0,1,3,0,0,1,3,1,0,0,1,0,0,1,3,0,0,1,3,0,0,0,1,4
4826,49,2,0.017958161,0,98101,1,0,0,3,0,0,1,0,0,2,5,4,4,5,5,4,3,5,5,5,1,2,3,1,3,1,1,1,3,2,2,2,1,1.360879893,1.540577915,0.021918299,1,1,0,0,2,1,1,1,0,0,2,0,4,0,1,2,0,0,3,1,0,0,0,1,0,1,1,0,0,1,3,0,0,1,3,0,0,1,3,0,0,1,3,0,0,1,3,0,0,0,1,4
4829,49,2,0.050274066,0,98198,1,0,0,3,0,0,1,0,0,1,6,2,1,5,5,5,2,5,5,5,1,1,3,1,3,1,1,1,3,2,2,2,0,0.876538442,1.332528315,0.498768811,0,1,0,0,2,0,1,1,0,0,2,0,4,0,0,3,0,0,3,1,0,0,0,1,0,0,0,0,0,1,3,0,1,0,2,0,1,0,2,0,1,0,2,0,1,0,2,0,0,1,0,3
4831,49,1,0.07873388,0,98198,1,0,0,4,0,0,0,1,0,2,5,4,4,3,4,5,3,4,2,3,3,1,3,3,3,3,3,2,3,3,3,3,1,-0.892837044,-0.451847459,-1.356819969,0,1,0,0,2,0,1,1,0,0,2,0,4,0,0,3,0,0,3,1,1,0,0,0,0,1,1,0,0,1,3,0,1,0,2,0,1,0,2,0,1,0,2,0,1,0,2,0,0,1,0,3
4835,7,2,0.154734032,0,6705,1,0,0,2,0,1,0,0,0,3,4,4,4,4,2,4,2,4,2,4,1,1,2,3,2,2,1,3,2,3,3,4,1,0.282372252,0.150939258,-0.291920692,1,1,0,0,2,0,0,1,0,0,2,0,4,1,0,1,0,0,3,0,1,0,0,0,0,1,1,0,0,1,3,0,1,0,2,0,1,0,2,0,0,1,3,0,1,0,2,0,0,0,1,4
4837,49,2,0.011424372,0,98107,1,0,0,3,0,0,1,0,0,2,4,3,4,4,5,4,3,5,3,3,3,2,1,3,3,3,2,3,1,3,2,2,0,-0.69543123,0.598174423,-0.084009299,0,1,0,0,2,0,1,1,0,0,2,0,4,0,1,2,0,0,3,1,0,0,0,1,0,0,0,0,0,1,3,0,0,1,3,1,0,0,1,1,0,0,1,1,0,0,1,0,0,0,1,4
4838,17,4,1.746895045,0,67357,0,1,0,2,0,1,0,0,0,2,2,2,4,4,2,2,1,5,4,3,1,1,3,4,3,1,1,1,3,2,2,2,1,0.490594481,-0.019685215,0.582899251,1,0,1,0,3,0,0,1,0,0,2,0,4,1,0,1,0,0,3,1,1,0,0,1,0,1,1,1,0,0,1,0,1,0,2,1,0,0,1,0,1,0,2,1,0,0,1,1,0,0,0,1
4840,49,2,0.097774412,0,98103,1,0,0,4,0,0,0,1,0,1,4,4,4,4,5,4,4,5,4,4,2,3,1,3,3,2,3,2,3,2,3,1,0,0.242371169,0.953636431,1.132290346,0,1,0,0,2,0,1,1,0,0,1,1,1,0,0,3,0,0,3,1,0,0,0,1,0,0,0,0,0,1,3,0,0,1,3,1,0,0,1,0,0,1,3,1,0,0,1,0,0,0,1,4
4841,49,4,0.016439288,0,98223,0,1,0,1,1,0,0,0,0,3,4,3,4,4,1,1,1,3,4,1,2,2,2,4,2,2,2,2,2,4,3,4,0,-0.608327446,-1.0148177,-0.262457851,1,0,1,1,4,0,0,1,0,0,2,0,4,0,1,2,0,1,2,0,0,0,0,1,0,0,0,1,0,0,1,1,0,0,1,0,1,0,2,1,0,0,1,1,0,0,1,1,0,0,0,1
4844,49,4,0.103761411,0,98272,0,1,0,2,0,1,0,0,0,3,5,4,2,5,2,2,3,1,4,2,3,2,2,4,2,2,2,2,2,4,2,4,1,0.442824483,-1.25081578,-0.87891777,1,0,0,1,4,0,0,1,0,0,2,0,4,0,0,3,0,0,3,0,0,0,0,1,0,1,1,1,0,0,1,1,0,0,1,0,0,1,3,0,1,0,2,1,0,0,1,1,0,0,0,1
4851,49,4,0.011162241,0,98111,1,0,0,3,0,0,1,0,0,3,5,4,4,4,2,4,3,5,5,3,1,3,2,1,2,2,2,1,3,1,2,4,0,-0.66022672,0.470868824,-0.431292294,1,0,0,1,4,0,1,1,0,0,2,0,4,1,0,1,1,0,1,0,0,0,0,1,1,0,0,0,0,0,0,0,0,0,0,0,0,0,0,0,0,0,0,0,0,0,0,0,0,0,0,0
4853,49,2,0.373591279,0,98177,0,1,0,3,0,0,1,0,0,3,3,1,3,3,3,3,3,3,3,3,2,2,2,3,2,2,2,2,2,3,3,3,1,-0.849085224,0.243209007,-1.040977825,1,0,0,0,1,0,1,1,0,0,2,0,4,0,0,3,0,1,2,0,0,0,1,0,0,1,1,0,0,1,3,0,1,0,2,1,0,0,1,1,0,0,1,1,0,0,1,0,0,0,1,4
4854,33,2,0.409484847,0,10035,1,0,0,2,0,1,0,0,0,2,5,2,1,5,1,1,1,5,4,1,1,1,3,2,3,1,2,1,3,4,2,4,1,-0.587179453,-1.111465265,0.100688412,1,1,0,0,2,0,1,0,1,0,2,0,2,0,1,2,1,0,1,0,0,0,1,0,1,1,1,0,0,1,3,0,0,1,3,0,0,1,3,0,0,1,3,0,0,1,3,0,0,0,1,4
4857,36,4,0.553116003,0,45440,0,1,0,2,0,1,0,0,0,3,3,3,3,3,3,3,3,3,3,3,2,2,2,3,2,2,2,2,2,3,3,3,1,-0.821323388,0.226556351,-1.028862748,1,1,0,0,2,0,0,1,0,0,2,0,4,1,0,1,0,1,2,1,0,0,0,0,0,1,1,0,1,0,2,0,1,0,2,0,1,0,2,0,1,0,2,1,0,0,1,0,0,1,0,3
4860,14,4,0.103039309,0,62864,0,1,0,2,0,1,0,0,0,3,5,4,4,5,1,2,1,3,3,3,2,2,2,4,2,2,2,2,2,4,3,4,1,-0.557822843,-1.63133047,-0.464478185,1,0,1,0,3,0,0,1,0,0,2,0,4,0,1,2,0,0,3,0,0,0,0,1,0,1,1,1,0,0,1,0,1,0,2,0,1,0,2,0,1,0,2,1,0,0,1,1,0,0,0,1
4862,26,4,0.169056607,0,64870,0,1,0,1,1,0,0,0,0,1,5,3,4,4,1,2,1,3,4,3,2,2,2,2,2,2,2,2,2,3,2,3,1,0.488632373,-0.772516814,-0.873605756,1,1,0,0,2,1,1,1,0,0,2,0,4,0,1,2,0,0,3,1,0,0,0,1,0,1,1,1,0,0,1,1,0,0,1,0,1,0,2,0,1,0,2,1,0,0,1,0,1,0,0,2
4865,31,1,0.168087934,0,8015,0,1,0,3,0,0,1,0,0,3,4,3,3,2,1,4,5,4,3,4,2,2,3,3,2,2,2,3,2,3,2,3,1,0.817492712,-0.246588125,-0.546730921,1,1,0,0,2,0,0,0,1,0,2,0,2,0,1,2,0,0,3,0,0,0,0,0,0,1,1,1,0,0,1,1,0,0,1,1,0,0,1,1,0,0,1,1,0,0,1,1,0,0,0,1
4871,14,2,1.488340128,0,61201,0,1,0,3,0,0,1,0,0,3,5,3,3,4,3,4,4,5,3,3,1,1,3,3,2,1,1,1,2,3,1,3,0,-0.02504326,0.395411975,0.187184397,1,1,0,0,2,0,0,1,0,0,2,0,4,0,1,2,0,0,3,1,0,0,0,1,0,0,0,0,1,0,2,0,1,0,2,0,1,0,2,0,0,1,3,1,0,0,1,0,1,0,0,2
4875,28,4,0.25565425,0,68127,1,0,0,2,0,1,0,0,0,3,4,3,4,4,4,4,4,4,4,1,3,2,2,2,2,2,2,3,2,2,2,4,1,0.662901845,-1.650941693,-1.458213668,1,0,1,0,3,0,0,1,0,0,2,0,4,1,0,1,0,0,3,0,1,0,0,0,1,1,1,0,0,1,3,0,0,1,3,0,0,1,3,1,0,0,1,1,0,0,1,0,0,1,0,3
4877,26,2,0.455313312,0,63301,0,1,0,3,0,0,1,0,0,1,5,0,5,5,1,1,1,1,4,3,2,2,2,3,2,2,2,2,2,4,3,3,1,0.831616908,-1.573706896,0.594558532,1,0,1,0,3,0,0,1,0,0,2,0,4,0,1,2,0,0,3,0,0,0,1,0,0,1,1,0,1,0,2,0,0,1,3,0,1,0,2,0,1,0,2,1,0,0,1,0,1,0,0,2
4881,26,2,0.472761779,0,63031,0,1,0,4,0,0,0,1,0,2,6,5,3,5,3,5,1,5,5,1,3,3,3,4,1,3,2,2,3,2,2,1,1,1.264392683,-0.189611631,0.750532998,1,0,1,0,3,0,0,1,0,0,2,0,4,0,1,2,0,0,3,0,0,0,0,1,0,1,1,0,1,0,2,0,1,0,2,1,0,0,1,0,1,0,2,1,0,0,1,0,0,1,0,3
4883,14,2,0.123933837,0,60616,1,0,0,2,0,1,0,0,0,1,4,3,4,5,1,4,3,2,5,5,2,2,2,3,3,2,2,2,2,3,2,2,1,0.617393585,0.711207698,0.526872931,0,1,0,0,2,1,1,0,1,0,2,0,2,1,0,1,0,1,2,0,0,0,0,0,1,1,1,0,0,1,3,0,0,1,3,0,0,1,3,0,1,0,2,0,0,1,3,0,0,0,1,4
4884,3,2,0.004997901,1,85281,1,0,0,3,0,0,1,0,0,2,5,3,5,4,2,3,2,2,5,4,2,2,2,3,2,2,2,2,3,3,2,2,1,0.458369156,0.271188701,0.466076549,1,0,1,0,3,1,1,1,0,0,2,0,4,1,0,1,1,0,1,0,0,0,0,0,0,1,1,0,0,1,3,0,0,1,3,0,0,1,3,0,1,0,2,0,0,1,3,0,0,0,1,4
4885,3,4,0.031120772,1,85301,1,0,0,3,0,0,1,0,0,1,3,5,2,5,4,5,4,5,5,4,3,1,2,1,2,2,2,2,3,1,2,2,1,0.78363483,1.155710226,0.023738809,1,0,1,0,3,0,0,1,0,0,2,0,4,1,0,1,1,0,1,1,1,0,0,0,0,1,1,0,0,1,3,0,0,1,3,0,1,0,2,1,0,0,1,1,0,0,1,0,0,0,1,4
4886,3,4,0.018943141,1,85249,0,1,0,3,0,0,1,0,0,3,5,5,3,5,1,1,1,1,1,1,1,2,2,4,2,2,2,2,3,4,3,4,1,0.226368848,0.332870091,0.501597948,1,0,0,1,4,1,1,1,0,0,2,0,4,0,0,3,0,0,3,1,0,0,0,1,0,1,1,0,1,0,2,1,0,0,1,0,0,1,3,1,0,0,1,1,0,0,1,1,0,0,0,1
4889,3,4,0.020058456,1,85085,0,1,0,1,1,0,0,0,0,1,5,1,5,5,1,1,1,4,5,1,2,2,2,4,2,2,2,2,2,4,4,4,1,-0.693094522,-1.1885405,0.338716129,1,0,1,0,3,1,1,1,0,0,2,0,4,0,1,2,0,1,2,0,0,0,0,0,0,1,1,1,0,0,1,1,0,0,1,1,0,0,1,1,0,0,1,1,0,0,1,1,0,0,0,1
4890,3,3,0.0291126,1,85037,0,1,0,5,0,0,0,0,1,4,5,4,4,5,1,3,1,3,1,1,2,2,2,4,2,2,2,2,2,4,3,4,1,-1.976603876,-1.599025405,0.739323164,1,0,1,0,3,0,0,1,0,0,2,0,4,1,0,1,0,1,2,0,1,0,0,1,1,1,1,0,0,1,3,0,1,0,2,0,1,0,2,1,0,0,1,1,0,0,1,0,0,1,0,3
4891,3,4,0.027061615,1,85027,0,1,0,2,0,1,0,0,0,3,5,3,5,4,1,1,1,3,4,4,2,2,2,1,2,2,2,2,2,4,2,4,1,-0.032892005,-0.54154351,-0.798734525,1,0,0,1,4,0,0,1,0,0,2,0,4,0,1,2,0,1,2,0,0,0,0,1,0,1,1,0,1,0,2,0,0,1,3,0,0,1,3,0,1,0,2,1,0,0,1,0,0,1,0,3
4892,3,4,0.007997296,1,85051,1,0,0,2,0,1,0,0,0,2,5,4,1,5,4,1,1,4,4,4,2,2,2,4,2,2,2,1,3,4,3,4,1,-0.224525383,-0.44448502,-0.786131771,0,0,0,1,4,0,0,1,0,0,2,0,4,1,0,1,1,0,1,0,1,0,0,0,1,1,1,0,0,1,3,0,0,1,3,0,0,1,3,0,1,0,2,1,0,0,1,0,0,0,1,4
4893,3,4,0.004069846,1,85015,1,0,0,2,0,1,0,0,0,2,5,3,2,4,2,2,2,4,4,3,1,1,3,4,2,2,2,1,3,1,1,1,1,-0.563348733,-0.518966139,-0.910521691,0,0,0,1,4,0,0,0,1,0,2,0,2,1,0,1,1,0,1,0,0,0,0,0,1,1,1,0,0,1,3,0,0,1,3,0,1,0,2,0,1,0,2,0,0,1,3,0,0,0,1,4
4894,3,2,0.078810122,1,85224,0,1,0,2,0,1,0,0,0,2,5,1,3,4,1,1,1,3,5,4,2,1,3,1,3,1,1,1,3,1,2,3,1,1.134484879,0.314435873,0.536948744,0,1,0,0,2,0,1,1,0,0,2,0,4,0,0,3,0,0,3,0,0,0,0,1,0,1,1,0,1,0,2,0,0,1,3,0,0,1,3,0,1,0,2,1,0,0,1,0,0,0,1,4
4895,3,4,0.044456252,1,85263,0,0,1,3,0,0,1,0,0,2,5,1,3,4,1,1,5,1,3,3,2,2,2,3,2,2,2,2,2,3,3,3,1,0.411877611,0.825087851,-0.632462998,0,0,0,1,4,0,1,1,0,0,2,0,4,0,1,2,0,1,2,0,0,0,0,1,0,1,1,1,0,0,1,1,0,0,1,1,0,0,1,0,0,1,3,1,0,0,1,1,0,0,0,1
4896,3,4,0.06332586,1,85041,0,1,0,2,0,1,0,0,0,3,1,5,5,4,1,1,1,3,5,3,3,2,2,2,2,2,3,2,3,4,2,4,1,-0.408646455,-0.840773326,-1.970508838,1,0,1,0,3,0,0,0,1,0,2,0,2,1,0,1,1,0,1,0,0,0,0,0,0,1,1,0,0,1,3,1,0,0,1,1,0,0,1,1,0,0,1,1,0,0,1,0,0,1,0,3
4899,49,4,0.046070619,0,98087,1,0,0,2,0,1,0,0,0,2,5,3,4,5,1,1,1,2,3,2,2,2,2,4,2,2,2,2,2,4,3,4,1,0.012144987,-0.201512737,-0.411345787,0,0,0,1,4,0,0,1,0,0,2,0,4,0,1,2,1,0,1,0,0,0,0,1,0,1,1,0,0,1,3,0,1,0,2,0,0,1,3,0,1,0,2,1,0,0,1,0,0,0,1,4
4901,3,4,0.011398406,1,85379,0,1,0,3,0,0,1,0,0,2,5,5,2,4,1,3,5,2,4,3,3,2,2,2,2,2,2,2,3,2,2,3,1,0.853020258,-0.054151393,1.287595935,1,0,0,1,4,0,0,1,0,0,2,0,4,1,0,1,0,1,2,0,0,0,0,1,0,1,1,0,0,1,3,1,0,0,1,0,1,0,2,1,0,0,1,1,0,0,1,1,0,0,0,1
4902,3,2,0.058804415,1,85210,1,0,0,2,0,1,0,0,0,2,5,2,5,4,1,1,2,3,3,2,2,2,2,4,2,2,2,2,2,3,3,3,1,0.017505019,2.33341285,-1.346934661,0,0,0,1,4,1,1,1,0,0,2,0,4,0,0,0,0,1,2,0,0,0,0,1,0,1,1,0,0,1,3,0,0,1,3,0,0,1,3,0,1,0,2,0,0,1,3,0,0,0,1,4
4903,3,4,0.015431304,1,85209,0,1,0,5,0,0,0,0,1,3,5,5,2,5,2,2,2,5,5,4,1,2,1,1,2,2,1,1,3,4,2,3,1,0.552246073,0.712607748,0.031062966,1,0,0,1,4,0,1,1,0,0,2,0,4,0,1,2,0,1,2,0,0,0,0,1,0,1,1,0,1,0,2,0,1,0,2,0,0,1,3,1,0,0,1,1,0,0,1,0,0,1,0,3
4904,3,4,0.028330094,1,85207,0,1,0,3,0,0,1,0,0,2,5,3,5,5,1,1,1,4,4,4,2,2,2,2,3,1,2,2,3,3,2,1,1,0.665969577,0.773814533,0.204606976,0,0,0,1,4,1,1,1,0,0,2,0,4,0,1,2,0,1,2,0,1,0,0,1,0,1,1,0,1,0,2,1,0,0,1,0,0,1,3,1,0,0,1,1,0,0,1,0,1,0,0,2
4905,3,4,0.028398762,1,85086,0,1,0,5,0,0,0,0,1,4,5,5,4,3,2,5,1,4,5,4,2,2,1,3,2,2,2,2,2,2,2,2,0,0.380963316,0.701477903,-2.183711461,1,0,0,1,4,0,0,1,0,0,2,0,4,0,1,2,1,0,1,0,0,0,0,1,0,0,0,0,1,0,2,1,0,0,1,0,1,0,2,1,0,0,1,1,0,0,1,1,0,0,0,1
4907,3,4,0.049499896,1,85207,0,1,0,1,1,0,0,0,0,1,5,0,5,1,1,1,1,1,1,1,1,1,1,1,2,2,2,1,2,1,1,1,1,-2.577087195,0.128299279,1.658612009,0,0,0,1,4,1,1,1,0,0,2,0,4,0,0,3,0,0,3,1,0,0,0,1,0,1,1,0,1,0,2,1,0,0,1,0,0,1,3,1,0,0,1,1,0,0,1,0,1,0,0,2
4908,3,4,0.027397651,1,85206,0,1,0,3,0,0,1,0,0,3,5,4,2,5,1,2,5,2,4,3,2,2,2,4,2,2,3,2,3,3,2,3,1,0.75147391,0.177966826,-0.602811491,1,0,0,1,4,1,1,1,0,0,2,0,4,0,1,2,0,1,2,0,1,0,0,1,0,1,1,0,1,0,2,0,0,1,3,0,0,1,3,0,0,1,3,1,0,0,1,0,0,1,0,3
4909,3,4,0.027061615,1,85029,1,0,0,3,0,0,1,0,0,3,5,3,3,5,1,2,1,4,4,1,2,2,2,4,2,2,2,2,3,1,3,4,1,0.211294636,-1.097733386,-0.065546469,1,0,0,1,4,0,0,1,0,0,2,0,4,0,1,2,0,1,2,0,0,0,0,1,0,1,1,0,0,1,3,0,0,1,3,0,0,1,3,0,1,0,2,1,0,0,1,0,0,0,1,4
4910,3,2,0.019578055,1,85014,1,0,0,5,0,0,0,0,1,4,5,5,2,5,4,5,4,5,5,5,2,3,3,2,2,3,3,2,3,2,2,2,1,0.197426001,1.02200785,0.24592682,1,0,1,0,3,0,0,1,0,0,2,0,4,1,0,1,0,1,2,1,0,0,1,1,0,1,1,0,0,1,3,0,0,1,3,1,0,0,1,0,0,1,3,0,1,0,2,0,0,0,1,4
4912,3,4,0.018907238,1,85345,0,1,0,2,0,1,0,0,0,1,5,4,1,5,1,1,4,4,4,4,3,3,3,2,2,2,3,2,3,4,2,4,1,0.522069786,-1.551585738,0.410766418,1,0,0,1,4,1,1,0,1,0,2,0,2,0,1,2,0,1,2,0,0,0,0,0,0,1,1,0,1,0,2,0,1,0,2,0,0,1,3,1,0,0,1,1,0,0,1,0,0,1,0,3
4913,3,2,0.090729518,1,85215,0,1,0,2,0,1,0,0,0,1,5,3,3,4,1,1,1,3,4,3,2,1,1,3,2,2,1,2,3,4,3,4,1,0.395437098,0.51544521,-0.091495539,1,0,0,1,4,1,1,1,0,0,2,0,4,0,0,3,1,0,1,0,0,0,0,1,0,1,1,0,1,0,2,0,1,0,2,0,0,1,3,1,0,0,1,1,0,0,1,0,1,0,0,2
4914,3,4,0.046652889,1,85345,0,1,0,5,0,0,0,0,1,2,5,5,4,5,1,3,1,5,5,1,2,2,1,3,2,2,2,2,2,1,4,3,1,0.101665816,0.710548744,1.501318142,0,0,0,1,4,1,1,1,0,0,2,0,4,0,1,2,1,0,1,0,0,0,0,1,0,1,1,0,1,0,2,0,1,0,2,0,0,1,3,1,0,0,1,1,0,0,1,0,0,1,0,3
4915,3,2,0.072080338,1,85003,0,1,0,4,0,0,0,1,0,4,5,5,1,5,5,4,3,3,4,3,2,2,2,3,3,1,2,2,2,3,3,3,1,0.535774856,1.021389542,1.144104113,0,1,0,0,2,1,1,1,0,0,2,0,4,0,0,3,0,0,3,1,0,0,1,1,0,1,1,0,1,0,2,0,0,1,3,0,0,1,3,0,1,0,2,0,0,1,3,0,0,0,1,4
4917,3,4,0.013452707,1,85302,0,1,0,1,1,0,0,0,0,2,5,3,4,4,2,2,2,2,4,2,2,2,2,3,2,2,2,2,2,3,3,3,1,-0.04423143,-0.710677499,0.30663793,1,0,0,1,4,0,1,1,0,0,2,0,4,0,1,2,0,1,2,0,0,0,0,0,0,1,1,0,0,1,3,0,1,0,2,1,0,0,1,0,1,0,2,1,0,0,1,0,0,0,1,4
4920,3,2,0.014480237,1,85263,0,0,1,4,0,0,0,1,0,3,5,3,3,3,3,3,1,3,5,4,2,2,2,3,2,2,2,2,2,4,3,3,0,0.111015402,-0.285769744,0.802096908,1,0,0,1,4,1,1,1,0,0,2,0,4,0,1,2,1,0,1,0,0,0,0,0,0,0,0,1,0,0,1,1,0,0,1,1,0,0,1,0,0,1,3,1,0,0,1,1,0,0,0,1
4923,3,4,0.034085718,0,85139,0,1,0,4,0,0,0,1,0,3,5,4,4,5,1,4,1,4,3,3,2,2,2,3,2,3,2,2,2,2,2,3,1,-0.593252583,-0.067971829,-0.670306719,1,1,0,0,2,0,0,1,0,0,2,0,4,0,1,2,0,0,3,0,0,0,0,1,0,1,1,0,1,0,2,1,0,0,1,0,1,0,2,1,0,0,1,1,0,0,1,1,0,0,0,1
4924,3,4,0.023842282,1,85206,0,1,0,2,0,1,0,0,0,2,4,3,1,5,1,1,1,2,4,4,1,1,2,4,2,2,1,2,2,4,2,1,1,0.441600828,0.670705155,0.134843074,0,0,0,1,4,1,1,1,0,0,2,0,4,0,1,2,0,1,2,0,0,0,0,1,0,1,1,0,1,0,2,0,0,1,3,0,0,1,3,0,0,1,3,1,0,0,1,0,0,1,0,3
4926,3,4,0.027397651,1,85323,0,1,0,2,0,1,0,0,0,3,5,4,2,5,1,4,4,4,5,2,2,1,2,3,2,2,1,2,3,2,2,3,1,-0.115420743,0.412734059,-0.776738462,1,0,0,1,4,1,1,1,0,0,2,0,4,0,1,2,0,1,2,0,0,0,0,1,0,1,1,0,1,0,2,0,1,0,2,0,1,0,2,1,0,0,1,1,0,0,1,0,0,1,0,3
4927,3,2,0.06571677,1,85262,0,1,0,3,0,0,1,0,0,2,5,3,5,4,1,2,3,3,4,4,3,3,2,4,2,2,3,1,3,2,2,2,1,-0.842460948,0.466807397,-0.365592568,0,0,0,1,4,0,0,1,0,0,2,0,4,0,1,2,0,1,2,0,1,0,0,1,0,1,1,1,0,0,1,1,0,0,1,0,1,0,2,1,0,0,1,1,0,0,1,1,0,0,0,1
4929,3,2,0.019301568,1,85017,1,0,0,2,0,1,0,0,0,1,4,2,3,5,3,2,3,5,5,4,1,2,3,1,2,2,3,1,3,1,2,2,1,0.286473834,0.297571391,0.300632726,1,0,1,0,3,0,0,1,0,0,2,0,4,0,1,2,0,1,2,0,0,0,0,1,0,1,1,0,0,1,3,0,0,1,3,0,0,1,3,0,1,0,2,1,0,0,1,0,0,1,0,3
4930,3,4,0.021550927,1,85215,0,1,0,2,0,1,0,0,0,2,5,2,4,2,2,2,2,4,4,4,2,2,2,4,2,2,2,1,2,3,3,3,1,-1.183962847,0.473875063,-0.240304921,0,0,0,1,4,0,0,0,1,0,2,0,2,1,0,1,0,1,2,0,0,0,0,1,0,1,1,0,1,0,2,0,1,0,2,0,0,1,3,1,0,0,1,1,0,0,1,0,1,0,0,2
4931,3,2,0.262159743,1,85019,1,0,0,3,0,0,1,0,0,3,5,3,4,2,2,2,2,4,4,4,1,1,1,3,2,2,2,1,2,3,2,3,1,-0.244225948,0.553829638,-0.227298648,0,0,1,0,3,0,0,1,0,0,2,0,4,0,1,2,1,0,1,0,0,0,1,1,0,1,1,0,0,1,3,0,0,1,3,0,1,0,2,1,0,0,1,1,0,0,1,0,0,1,0,3
4932,3,2,0.047137238,1,85351,0,1,0,4,0,0,0,1,0,4,5,5,1,5,1,1,1,5,5,5,1,3,3,2,3,1,1,1,3,1,2,1,1,0.802085755,0.429664975,0.410178302,1,1,0,0,2,0,0,1,0,0,2,0,4,0,1,2,1,0,1,0,0,0,1,1,0,1,1,0,1,0,2,1,0,0,1,0,1,0,2,1,0,0,1,1,0,0,1,0,1,0,0,2
4933,3,2,0.031303983,1,85032,0,1,0,5,0,0,0,0,1,5,5,5,4,4,1,1,1,1,1,1,2,2,2,3,2,2,2,2,2,3,3,3,1,-1.505315091,-1.323825351,0.213829993,1,1,0,0,2,0,0,1,0,0,2,0,4,1,0,1,0,1,2,0,0,0,1,0,0,1,1,0,0,1,3,0,1,0,2,0,0,1,3,0,0,1,3,1,0,0,1,0,0,0,1,4
4934,3,2,0.008253241,1,85379,0,1,0,2,0,1,0,0,0,3,5,4,4,5,5,4,4,5,4,4,2,2,2,3,2,2,2,3,2,3,3,3,1,0.179565186,0.569044647,0.159813712,1,0,0,1,4,0,0,1,0,0,2,0,4,0,1,2,0,0,3,0,0,1,1,1,0,1,1,0,0,1,3,1,0,0,1,0,1,0,2,1,0,0,1,1,0,0,1,1,0,0,0,1
4935,3,2,0.040193162,1,85308,0,1,0,4,0,0,0,1,0,3,5,5,2,4,2,1,1,4,3,4,2,2,2,1,2,2,1,2,2,2,2,3,1,-0.087103937,-1.744873868,0.068914693,1,0,1,0,3,1,1,1,0,0,2,0,4,0,1,2,0,1,2,0,0,0,0,1,0,1,1,0,1,0,2,0,1,0,2,0,0,1,3,0,1,0,2,1,0,0,1,0,0,1,0,3
4936,3,3,0.020153542,1,85017,1,0,0,1,1,0,0,0,0,1,5,0,5,5,1,1,1,4,4,3,2,2,2,3,2,2,2,2,2,4,3,4,1,-0.275188366,0.795260244,0.237627979,1,0,0,0,1,0,0,1,0,0,2,0,4,1,0,1,1,0,1,0,0,0,0,0,0,1,1,0,0,1,3,0,0,1,3,0,0,1,3,0,1,0,2,1,0,0,1,0,0,1,0,3
4939,3,4,0.032616678,1,85085,0,1,0,3,0,0,1,0,0,2,5,5,3,5,2,2,4,3,2,2,1,1,2,3,2,2,1,2,3,1,2,4,1,-0.671404797,-0.392538452,-0.621508231,0,0,0,1,4,1,1,1,0,0,2,0,4,0,1,2,0,1,2,0,1,0,0,0,0,1,1,1,0,0,1,1,0,0,1,1,0,0,1,1,0,0,1,1,0,0,1,1,0,0,0,1
4942,3,4,0.041795808,1,85233,0,1,0,1,1,0,0,0,0,2,5,2,4,5,2,1,3,3,3,2,2,2,2,4,2,2,2,2,3,4,2,4,1,-0.175119317,-1.591358195,-0.989079309,1,0,1,0,3,0,0,1,0,0,2,0,4,0,1,2,0,0,3,0,0,0,0,1,0,1,1,0,1,0,2,0,0,1,3,0,0,1,3,0,1,0,2,1,0,0,1,0,0,1,0,3
4945,3,4,0.122897117,1,85374,0,1,0,2,0,1,0,0,0,2,5,1,4,2,1,1,4,2,3,1,2,2,2,4,2,2,2,2,2,4,3,1,1,0.025709228,0.311302668,0.264718132,0,0,0,1,4,1,1,1,0,0,2,0,4,0,0,3,0,1,2,0,0,0,0,1,0,1,1,0,1,0,2,0,1,0,2,0,0,1,3,0,1,0,2,1,0,0,1,1,0,0,0,1
4946,49,4,0.05192134,0,98367,0,1,0,2,0,1,0,0,0,3,5,3,2,5,1,2,2,2,5,2,3,2,2,2,2,2,3,2,3,3,2,3,0,0.256034483,-0.978594094,1.414842738,0,0,0,1,4,0,0,1,0,0,2,0,4,0,1,2,0,1,2,0,0,0,0,1,0,0,0,1,0,0,1,1,0,0,1,1,0,0,1,1,0,0,1,0,1,0,2,1,0,0,0,1
4947,3,4,0.066595809,1,85018,1,0,0,3,0,0,1,0,0,4,5,2,2,3,3,2,4,2,2,2,1,1,1,2,3,3,2,1,1,1,1,1,1,-1.767992811,-0.714297181,-1.878902242,0,0,0,1,4,0,1,1,0,0,2,0,4,0,0,3,0,1,2,1,0,0,0,1,0,1,1,0,0,1,3,0,0,1,3,1,0,0,1,0,0,1,3,1,0,0,1,0,0,0,1,4
4948,3,4,0.011164956,1,85387,0,1,0,3,0,0,1,0,0,2,5,5,4,5,2,2,3,4,5,3,2,2,2,4,2,2,2,2,3,2,2,3,1,-1.03610508,-0.906651192,-0.569873052,1,0,1,0,3,1,1,1,0,0,2,0,4,1,0,1,0,1,2,0,0,0,0,1,0,1,1,1,0,0,1,1,0,0,1,1,0,0,1,1,0,0,1,1,0,0,1,1,0,0,0,1
4950,3,4,0.046607536,1,85016,1,0,0,3,0,0,1,0,0,1,5,0,2,5,1,1,1,5,5,5,1,1,1,1,2,2,1,1,1,2,2,2,1,1.061562126,-0.227738317,0.505067058,1,0,0,1,4,0,0,1,0,0,2,0,4,0,0,3,0,1,2,0,0,0,0,0,0,1,1,0,0,1,3,0,0,1,3,0,0,1,3,0,0,1,3,1,0,0,1,0,0,0,1,4
4951,3,4,0.173630072,1,85383,0,1,0,3,0,0,1,0,0,2,5,4,2,5,1,1,3,4,3,3,1,2,2,4,2,2,2,2,2,4,2,3,1,-0.42342942,-0.074512585,0.571497046,1,0,1,1,4,0,1,0,0,1,2,0,3,0,0,3,0,1,2,0,0,0,0,1,0,1,1,0,1,0,2,1,0,0,1,0,1,0,2,0,1,0,2,1,0,0,1,1,0,0,0,1
4952,49,2,0.027685195,0,98118,0,1,0,4,0,0,0,1,0,2,4,5,3,3,3,3,4,4,4,4,2,1,2,3,2,2,2,1,3,1,1,1,1,1.038092991,1.693160936,0.80807302,0,1,0,0,2,0,1,1,0,0,2,0,4,0,0,3,0,0,3,1,0,1,0,0,0,1,1,0,0,1,3,0,1,0,2,1,0,0,1,1,0,0,1,0,0,1,3,0,0,0,1,4
4953,3,4,0.015554324,1,85225,1,0,0,1,1,0,0,0,0,1,5,0,5,5,1,2,2,2,2,2,2,2,2,4,2,2,2,2,2,3,3,4,1,-0.703586491,-1.230314631,1.321727614,1,0,1,0,3,0,1,1,0,0,2,0,4,1,0,1,0,1,2,0,0,0,0,1,0,1,1,0,0,1,3,0,1,0,2,0,0,1,3,0,1,0,2,1,0,0,1,0,0,1,0,3
4954,3,4,0.014444721,1,85304,1,0,0,1,1,0,0,0,0,1,5,3,5,5,4,4,2,4,4,3,3,2,1,3,2,1,2,3,3,3,3,2,1,0.259714491,-1.771539656,0.987540349,0,0,0,1,4,1,1,1,0,0,2,0,4,1,0,1,1,0,1,0,0,0,0,0,0,1,1,0,0,1,3,0,1,0,2,1,0,0,1,0,1,0,2,1,0,0,1,0,0,0,1,4
4956,3,4,0.018794187,1,85251,1,0,0,1,1,0,0,0,0,1,5,2,5,5,1,1,1,4,3,3,2,2,2,4,2,2,2,2,2,4,3,4,1,1.144638413,0.575707378,0.088547414,1,0,0,1,4,0,0,1,0,0,2,0,4,1,0,1,1,0,1,0,0,0,0,0,0,1,1,0,0,1,3,0,0,1,3,0,1,0,2,0,1,0,2,1,0,0,1,0,0,0,1,4
4957,3,4,0.033322114,1,85210,1,0,0,4,0,0,0,1,0,3,5,4,5,5,1,1,1,4,5,2,2,2,2,4,2,2,2,2,2,3,3,4,1,-0.153798478,-0.385538292,0.479482878,1,0,0,1,4,0,0,1,0,0,2,0,4,1,0,1,0,1,2,0,1,0,0,1,0,1,1,0,0,1,3,0,0,1,3,0,0,1,3,0,1,0,2,0,0,1,3,0,0,0,1,4
4959,3,2,0.028017265,1,85043,0,1,0,3,0,0,1,0,0,2,5,3,4,5,3,1,1,1,4,3,1,1,2,3,3,1,3,1,3,1,2,3,1,-0.224229481,0.469675865,0.176028764,1,1,0,0,2,0,0,1,0,0,1,1,1,1,0,1,0,0,3,1,0,0,0,0,0,1,1,1,0,0,1,0,0,1,3,0,0,1,3,0,0,1,3,1,0,0,1,0,0,1,0,3
4960,3,4,0.028773165,1,85253,0,1,0,3,0,0,1,0,0,2,5,2,4,5,2,3,1,5,4,4,1,1,1,1,2,2,1,2,3,3,2,2,1,1.184417594,1.148520245,0.20197183,1,0,0,1,4,1,1,1,0,0,2,0,4,0,1,2,0,1,2,0,1,0,0,1,0,1,1,1,0,0,1,0,1,0,2,0,1,0,2,0,1,0,2,1,0,0,1,0,1,0,0,2
4961,3,2,0.045809791,1,85340,0,1,0,4,0,0,0,1,0,3,5,4,3,4,3,2,2,2,4,4,2,2,2,3,2,2,2,2,2,3,3,3,1,-0.386678606,-0.141687141,0.442306582,1,0,0,0,1,0,0,1,0,0,2,0,4,1,0,1,0,0,3,0,0,0,1,1,0,1,1,0,1,0,2,1,0,0,1,0,1,0,2,0,1,0,2,1,0,0,1,0,1,0,0,2
4962,3,4,0.039913318,1,85303,0,1,0,1,1,0,0,0,0,1,5,1,4,5,1,1,1,1,1,1,2,2,2,4,2,2,2,2,3,4,3,4,1,1.267004313,-0.867286867,0.10224757,1,0,0,1,4,0,0,0,1,0,2,0,2,0,1,2,1,0,1,0,0,0,0,1,0,1,1,0,0,1,3,1,0,0,1,1,0,0,1,1,0,0,1,1,0,0,1,0,0,1,0,3
4963,3,2,0.090890895,1,85205,0,1,0,3,0,0,1,0,0,3,5,3,4,4,2,3,2,2,3,3,3,3,2,1,2,2,2,1,1,1,1,3,1,-0.233754103,0.758466076,-0.241831044,0,0,0,1,4,0,0,1,0,0,2,0,4,0,1,2,0,1,2,0,0,0,1,1,0,1,1,0,1,0,2,0,1,0,2,0,1,0,2,0,1,0,2,1,0,0,1,0,0,1,0,3
4964,3,4,0.210007493,0,85142,0,1,0,5,0,0,0,0,1,5,5,5,1,5,1,1,5,1,1,1,1,3,1,2,1,1,3,1,3,1,1,1,1,0.31552798,1.26491253,1.227107412,1,0,0,0,1,0,0,1,0,0,1,1,1,0,0,3,0,0,3,1,1,0,0,1,0,1,1,1,0,0,1,1,0,0,1,0,1,0,2,0,0,1,3,1,0,0,1,1,0,0,0,1
4969,3,2,0.021118578,1,85339,0,1,0,2,0,1,0,0,0,2,3,3,2,4,2,2,3,4,5,3,2,2,2,4,2,2,2,2,2,3,2,3,1,-0.385850171,-1.076451643,-0.226944415,1,0,1,0,3,0,0,1,0,0,2,0,4,0,1,2,0,0,3,0,0,0,0,1,0,1,1,1,0,0,1,1,0,0,1,1,0,0,1,1,0,0,1,1,0,0,1,0,1,0,0,2
4970,3,2,0.096770642,1,85249,0,1,0,1,1,0,0,0,0,1,5,0,5,2,1,1,1,3,4,3,2,2,3,2,3,1,2,2,2,4,2,2,1,0.157664677,0.401067177,1.092010503,1,1,0,0,2,0,0,0,1,0,1,1,1,0,0,3,0,0,3,1,0,0,0,1,0,1,1,0,1,0,2,1,0,0,1,0,0,1,3,1,0,0,1,1,0,0,1,1,0,0,0,1
4971,3,4,0.001960177,1,85017,1,0,0,3,0,0,1,0,0,3,5,3,4,5,2,4,2,4,3,3,2,2,2,3,2,2,3,2,2,3,3,3,1,-1.827099164,0.496531252,1.154196479,1,1,0,0,2,0,0,0,0,0,2,0,5,1,0,1,0,1,2,0,0,0,0,0,0,1,1,0,0,1,3,0,0,1,3,0,0,1,3,0,1,0,2,1,0,0,1,0,0,1,0,3
4972,3,4,0.173849653,1,85054,0,0,1,2,0,1,0,0,0,2,5,0,4,3,1,1,5,1,4,1,2,2,2,3,2,2,2,2,2,3,3,3,1,0.03534585,0.731249582,-0.36178789,1,0,0,1,4,1,1,0,0,1,2,0,3,0,0,3,0,1,2,0,0,0,0,0,0,1,1,0,0,0,0,0,0,0,0,0,0,0,0,0,0,0,0,0,0,0,0,0,0,0,0,0
4973,3,2,0.070002071,1,85353,0,1,0,2,0,1,0,0,0,2,3,4,3,4,4,4,3,4,4,4,2,2,3,2,1,3,2,1,3,1,2,3,1,0.17377644,0.774731001,0.202208702,0,1,0,0,2,0,0,0,1,0,2,0,2,1,0,1,0,1,2,1,0,0,1,1,0,1,1,0,1,0,2,0,1,0,2,0,1,0,2,1,0,0,1,1,0,0,1,1,0,0,0,1
4974,3,4,0.037937422,1,85051,1,0,0,4,0,0,0,1,0,1,5,5,5,5,5,5,5,5,5,5,1,1,1,2,3,3,3,1,3,2,2,2,1,1.090489457,-0.279551066,0.370872872,1,0,0,0,1,0,0,1,0,0,1,1,1,0,1,2,0,0,3,1,0,0,0,1,0,1,1,0,0,1,3,0,0,1,3,0,0,1,3,0,1,0,2,1,0,0,1,0,0,0,1,4
4977,3,2,0.064234469,1,85374,0,1,0,2,0,1,0,0,0,2,4,2,4,4,3,4,3,4,3,3,2,2,1,3,2,2,2,2,2,1,2,4,1,-0.292896021,0.140328378,0.206023065,1,1,0,0,2,1,1,1,0,0,2,0,4,0,0,3,0,0,3,1,0,0,1,1,0,1,1,0,1,0,2,0,1,0,2,0,0,1,3,0,1,0,2,1,0,0,1,1,0,0,0,1
4981,3,2,0.121396372,1,85268,0,1,0,3,0,0,1,0,0,2,5,3,4,5,1,1,1,3,3,2,2,2,2,3,2,2,2,2,2,4,3,4,1,-0.945597916,-0.999380432,0.723245441,1,1,0,0,2,0,0,1,0,0,2,0,4,0,0,3,0,1,2,0,0,0,0,0,0,1,1,1,0,0,1,1,0,0,1,0,1,0,2,1,0,0,1,1,0,0,1,1,0,0,0,1
4982,3,4,0.044549885,1,85205,0,1,0,3,0,0,1,0,0,2,5,2,4,4,2,2,2,4,4,3,2,2,2,1,2,2,2,1,2,1,3,3,1,-0.180725136,0.2109643,0.049366915,0,0,1,0,3,1,1,0,1,0,2,0,2,0,1,2,0,1,2,0,1,0,0,0,0,1,1,0,1,0,2,0,1,0,2,0,1,0,2,0,1,0,2,1,0,0,1,0,0,1,0,3
4983,3,2,0.056171833,0,85142,0,1,0,3,0,0,1,0,0,2,5,4,2,3,1,1,1,1,2,3,2,2,2,3,2,2,2,2,2,3,2,3,1,-1.310283536,0.228006433,-1.152078935,1,0,0,0,1,0,0,1,0,0,2,0,4,1,0,1,0,0,3,0,1,0,1,1,0,1,1,1,0,0,1,1,0,0,1,0,1,0,2,0,0,1,3,1,0,0,1,1,0,0,0,1
4984,3,4,0.032155399,1,85308,0,1,0,3,0,0,1,0,0,3,5,4,4,5,2,2,2,4,5,5,1,1,1,1,1,1,1,1,2,1,3,3,1,0.828335194,0.456035407,-1.53944555,1,0,0,1,4,0,0,1,0,0,2,0,4,0,1,2,0,1,2,0,0,0,0,1,0,1,1,0,1,0,2,0,1,0,2,0,0,1,3,0,1,0,2,1,0,0,1,0,0,1,0,3
4985,3,4,0.088566101,1,85295,0,1,0,3,0,0,1,0,0,2,4,3,4,5,1,1,1,1,4,3,2,2,2,3,2,2,2,2,2,4,3,4,1,0.495278578,-0.286851299,-0.819091207,1,0,0,1,4,0,0,1,0,0,2,0,4,0,0,3,0,0,3,0,0,0,0,1,0,1,1,0,1,0,2,0,0,1,3,0,0,1,3,0,0,1,3,1,0,0,1,0,0,1,0,3
4986,3,4,0.017444219,1,85035,0,1,0,3,0,0,1,0,0,1,4,1,5,4,3,3,3,3,3,2,3,1,2,2,2,2,3,1,1,1,1,1,1,0.221843377,1.186627236,0.735886732,1,1,0,0,2,0,0,0,1,0,1,1,1,1,0,1,0,0,3,1,0,0,0,0,1,1,1,0,0,1,3,0,1,0,2,0,1,0,2,1,0,0,1,1,0,0,1,0,0,1,0,3
4988,3,2,0.146616012,1,85034,0,1,0,2,0,1,0,0,0,1,5,2,4,4,1,1,1,2,2,2,1,2,3,2,2,2,3,1,3,2,2,1,1,0.463066388,1.20077615,1.240302085,0,0,0,0,1,0,0,0,1,0,2,0,2,0,0,3,0,0,3,0,0,0,1,0,0,1,1,1,0,0,1,0,0,1,3,0,0,1,3,0,1,0,2,0,0,1,3,0,0,0,1,4
4990,3,4,0.004611968,0,85139,0,1,0,2,0,1,0,0,0,3,5,3,4,5,2,1,1,4,4,3,2,2,2,4,2,2,2,2,2,4,4,4,1,-0.375474702,0.755676555,-0.676932034,1,0,1,0,3,0,0,1,0,0,2,0,4,1,0,1,0,0,3,0,1,0,0,1,0,1,1,0,1,0,2,1,0,0,1,0,1,0,2,1,0,0,1,1,0,0,1,1,0,0,0,1
4992,3,4,0.011984589,1,85032,0,1,0,5,0,0,0,0,1,5,5,5,1,5,1,1,1,5,5,1,1,3,2,4,2,2,2,2,3,4,2,4,0,-0.432608762,-1.978698696,0.832476428,1,0,0,1,4,0,0,1,0,0,2,0,4,1,0,1,1,0,1,0,0,0,0,1,0,0,0,0,0,1,3,0,1,0,2,0,0,1,3,0,0,1,3,1,0,0,1,0,0,0,1,4
4993,3,1,0.067514702,1,85225,1,0,0,5,0,0,0,0,1,3,5,4,2,5,3,3,3,3,3,3,3,2,2,2,3,1,2,2,3,3,2,3,1,-0.528708078,-0.150133178,1.479908605,0,1,0,0,2,1,1,1,0,0,2,0,4,0,0,3,0,0,3,1,0,0,0,1,0,1,1,0,0,1,3,0,1,0,2,0,0,1,3,0,1,0,2,1,0,0,1,0,0,1,0,3
4995,23,2,0.642320963,0,48213,0,1,0,5,0,0,0,0,1,3,5,5,5,5,2,5,5,5,5,5,1,3,3,2,3,3,3,2,3,2,2,2,0,-0.276304904,1.145117893,0.810715628,1,0,0,0,1,0,0,0,1,0,2,0,2,0,1,2,0,1,2,0,0,0,0,1,0,0,0,0,1,0,2,1,0,0,1,0,1,0,2,1,0,0,1,1,0,0,1,0,0,1,0,3
4996,3,2,0.073911444,1,85302,0,1,0,4,0,0,0,1,0,3,5,3,5,5,3,4,1,5,5,5,3,1,3,1,3,3,1,1,3,2,2,2,1,1.145330876,1.081397627,0.376721651,1,1,0,0,2,0,0,1,0,0,2,0,4,0,1,2,0,1,2,0,0,0,0,0,0,1,1,0,0,1,3,0,1,0,2,1,0,0,1,0,1,0,2,1,0,0,1,0,0,0,1,4
4998,3,4,0.049418825,1,85304,1,0,0,3,0,0,1,0,0,5,5,3,4,4,4,4,2,4,4,3,2,1,2,1,2,1,1,1,2,1,3,1,1,-1.337765432,-0.680518068,-1.694646965,1,1,0,0,2,0,0,1,0,0,1,1,1,0,1,2,0,0,3,1,0,0,0,1,0,1,1,0,0,1,3,0,1,0,2,1,0,0,1,0,1,0,2,1,0,0,1,0,0,0,1,4
4999,33,4,0.045788832,0,11427,1,0,0,3,0,0,1,0,0,2,6,4,3,5,2,1,2,4,4,4,2,2,2,4,2,2,2,2,2,3,3,4,0,0.061916951,-0.797568731,0.928773332,0,0,1,0,3,0,1,0,1,0,2,0,2,0,1,2,0,0,3,0,1,0,0,0,0,0,0,0,0,1,3,0,0,1,3,0,0,1,3,1,0,0,1,0,1,0,2,0,0,0,1,4
5001,3,2,0.105639807,1,85248,0,1,0,3,0,0,1,0,0,1,6,3,5,1,1,1,1,1,5,5,2,2,2,3,2,2,2,2,2,3,3,3,1,1.323346934,1.399411583,0.761075133,1,1,0,0,2,1,1,0,0,1,2,0,3,0,0,3,0,0,3,1,0,0,0,0,0,1,1,0,1,0,2,0,1,0,2,0,0,1,3,0,1,0,2,1,0,0,1,0,1,0,0,2
5002,3,4,0.070981563,1,85021,1,0,0,1,1,0,0,0,0,1,5,0,5,4,1,2,1,1,1,2,3,3,2,3,3,3,3,1,3,2,2,3,1,-0.64728346,0.73664803,-0.641192827,1,1,0,0,2,0,0,1,0,0,1,1,1,1,0,1,0,0,3,1,0,0,0,0,0,1,1,0,0,1,3,0,0,1,3,1,0,0,1,0,1,0,2,0,0,1,3,0,0,0,1,4
5004,3,2,0.021244909,1,85209,0,1,0,3,0,0,1,0,0,2,5,4,4,5,1,1,1,4,4,2,3,3,3,2,3,3,3,3,3,4,4,4,1,-0.445002369,-0.388104795,0.165361294,1,0,0,0,1,1,1,1,0,0,2,0,4,0,1,2,1,0,1,0,0,0,0,0,1,1,1,0,1,0,2,0,1,0,2,0,0,1,3,1,0,0,1,1,0,0,1,0,0,1,0,3
5008,49,3,1.029198004,0,98270,0,1,0,3,0,0,1,0,0,2,5,1,2,4,1,1,1,1,2,1,2,2,2,3,2,2,2,2,3,4,3,4,1,1.086040349,-0.686522882,-0.643223461,1,0,0,0,1,0,0,0,0,1,2,0,3,0,0,3,0,0,3,1,0,0,0,1,0,1,1,0,1,0,2,0,1,0,2,1,0,0,1,1,0,0,1,1,0,0,1,0,0,1,0,3
5010,3,4,0.00639927,1,85032,0,1,0,4,0,0,0,1,0,1,5,4,5,5,1,1,1,5,5,5,2,2,3,1,2,2,2,2,3,4,4,3,1,0.17271289,-0.527206456,-0.781693457,0,0,1,0,3,0,0,1,0,0,2,0,4,1,0,1,1,0,1,0,1,0,0,1,1,1,1,0,0,1,3,0,1,0,2,0,0,1,3,0,0,1,3,1,0,0,1,0,0,0,1,4
5013,3,2,0.037700661,1,85041,0,1,0,3,0,0,1,0,0,3,5,3,2,4,1,1,1,3,3,1,1,3,3,2,2,2,1,3,3,4,2,4,1,0.708939691,-0.448788663,-0.469776665,0,0,0,0,1,0,0,0,1,0,2,0,2,1,0,1,0,1,2,0,0,0,1,0,0,1,1,0,0,1,3,1,0,0,1,1,0,0,1,1,0,0,1,1,0,0,1,0,0,1,0,3
5014,3,2,0.029156187,1,85213,0,1,0,3,0,0,1,0,0,3,4,4,3,4,3,4,1,4,5,2,3,3,2,2,2,2,3,2,3,2,1,2,1,-0.49221404,0.305457508,0.254251969,1,0,0,0,1,0,0,0,0,0,1,1,1,1,0,1,0,0,3,1,1,0,1,0,1,1,1,0,1,0,2,0,1,0,2,0,1,0,2,1,0,0,1,0,1,0,2,0,0,1,0,3
5019,3,2,0.120271055,1,85035,0,1,0,4,0,0,0,1,0,2,5,3,4,4,3,4,5,4,4,3,2,2,2,3,2,2,3,3,3,3,3,3,1,0.046116247,0.149363006,0.330578705,0,0,1,0,3,0,0,0,0,0,2,0,5,0,1,2,1,0,1,0,0,0,1,1,0,1,1,0,0,1,3,0,1,0,2,0,1,0,2,1,0,0,1,1,0,0,1,0,0,1,0,3
5021,3,2,0.013243485,1,85283,1,0,0,4,0,0,0,1,0,3,5,4,2,5,2,4,1,4,3,2,1,1,2,4,2,2,1,2,3,1,2,4,1,0.401818864,0.072646177,0.658366061,1,0,0,0,1,0,0,1,0,0,2,0,4,1,0,1,0,0,3,1,0,0,1,0,0,1,1,0,0,1,3,0,0,1,3,0,0,1,3,0,1,0,2,1,0,0,1,0,0,0,1,4
5022,3,4,0.265681569,1,85251,1,0,0,4,0,0,0,1,0,3,5,4,3,3,2,3,4,4,4,3,3,3,3,2,3,3,3,2,3,2,2,3,1,-1.057702661,-0.304138528,-0.369459476,1,0,0,0,1,0,0,1,0,0,2,0,4,1,0,1,0,0,3,1,0,0,0,0,0,1,1,0,0,1,3,0,0,1,3,0,1,0,2,0,1,0,2,1,0,0,1,0,0,0,1,4
5025,3,1,0.085604549,1,85326,0,1,0,2,0,1,0,0,0,1,4,4,4,4,1,1,1,1,1,1,1,1,2,1,1,1,1,1,1,3,3,2,1,-0.120501238,0.99984235,-0.123152385,1,1,0,0,2,0,0,0,0,0,1,1,1,1,0,1,0,0,3,1,0,1,0,1,0,1,1,1,0,0,1,1,0,0,1,0,1,0,2,1,0,0,1,1,0,0,1,1,0,0,0,1
5026,3,4,0.034251011,1,85027,0,1,0,2,0,1,0,0,0,3,5,3,5,5,2,2,2,3,4,3,2,2,3,3,2,2,2,2,3,4,3,4,1,-0.989819473,-0.122883418,-0.181401167,1,1,0,0,2,0,0,1,0,0,2,0,4,1,0,1,0,0,3,1,1,0,0,0,0,1,1,0,1,0,2,0,0,1,3,0,0,1,3,0,1,0,2,1,0,0,1,0,0,1,0,3
5029,3,2,0.016588208,1,85021,1,0,0,4,0,0,0,1,0,4,5,3,2,5,1,2,1,5,5,5,2,2,2,3,2,2,2,1,2,3,3,1,1,-2.107210623,-2.187702807,0.88615969,1,1,0,0,2,1,1,0,1,0,2,0,2,1,0,1,1,0,1,0,0,0,0,1,1,1,1,0,0,1,3,0,0,1,3,1,0,0,1,0,1,0,2,0,0,1,3,0,0,0,1,4
5030,3,2,0.055763927,1,85202,1,0,0,5,0,0,0,0,1,5,5,5,3,1,1,4,1,3,5,5,3,1,3,1,2,2,3,1,2,2,2,2,1,-1.098479708,0.353792253,0.957546879,1,0,1,0,3,0,0,0,0,0,1,1,1,1,0,1,0,0,3,1,0,0,1,0,0,1,1,0,0,1,3,0,1,0,2,0,0,1,3,0,0,1,3,0,1,0,2,0,0,0,1,4
5031,36,2,3.59225193,0,45005,0,1,0,3,0,0,1,0,0,3,5,4,4,4,1,1,1,4,4,4,2,2,2,1,3,1,1,1,3,1,2,2,1,0.067731785,0.818495615,0.088087581,0,1,0,0,2,1,1,1,0,0,2,0,4,0,0,3,0,0,3,1,0,0,0,1,0,1,1,1,0,0,1,1,0,0,1,0,1,0,2,0,1,0,2,1,0,0,1,1,0,0,0,1
5033,3,1,0.018656334,1,85018,1,0,0,4,0,0,0,1,0,1,5,4,2,4,3,2,5,5,5,5,1,1,1,1,2,1,2,1,3,1,2,2,1,-0.666400801,-0.63777974,-0.561764612,0,1,0,0,2,0,0,0,1,0,2,0,2,1,0,1,1,0,1,0,0,0,0,0,1,1,1,0,0,1,3,0,0,1,3,1,0,0,1,0,0,1,3,1,0,0,1,0,0,0,1,4
5035,17,2,0.307045298,0,66215,0,1,0,1,1,0,0,0,0,1,5,4,5,4,1,1,1,1,4,3,2,2,2,4,2,2,2,2,2,4,3,4,1,0.3587333,-1.494430042,1.480581057,0,1,0,0,2,0,0,1,0,0,2,0,4,1,0,1,0,1,2,0,0,0,0,0,0,1,1,0,1,0,2,0,0,1,3,0,0,1,3,1,0,0,1,1,0,0,1,0,0,1,0,3
5037,30,2,0.521060907,0,3062,0,1,0,3,0,0,1,0,0,2,4,4,4,3,2,3,3,2,3,3,2,2,2,3,2,2,2,2,2,3,3,4,1,-0.064539537,0.514678644,-1.14344995,0,1,0,0,2,0,0,1,0,0,2,0,4,1,0,1,1,0,1,0,0,0,1,0,0,1,1,0,1,0,2,0,1,0,2,0,0,1,3,1,0,0,1,1,0,0,1,1,0,0,0,1
5038,3,2,0.020405226,1,85203,0,1,0,2,0,1,0,0,0,2,5,3,4,5,2,2,4,2,4,2,3,2,3,2,2,2,2,2,3,4,2,4,1,-1.210566177,-0.951695862,0.52916107,0,1,0,0,2,0,0,1,0,0,2,0,4,1,0,1,1,0,1,0,0,0,1,0,1,1,1,0,0,1,3,0,1,0,2,0,1,0,2,0,0,1,3,0,0,1,3,0,0,0,1,4
5039,15,1,0.646545725,0,46113,0,1,0,5,0,0,0,0,1,1,5,5,5,5,5,5,5,5,5,5,3,3,3,2,3,3,3,3,3,2,2,2,1,0.984548793,1.393782222,1.217152987,0,0,0,0,1,0,0,0,1,0,2,0,2,1,0,1,0,0,3,1,1,0,0,0,0,1,1,1,0,0,1,1,0,0,1,0,0,1,3,0,1,0,2,1,0,0,1,0,1,0,0,2
5040,49,3,0.028812402,0,98391,0,1,0,3,0,0,1,0,0,4,2,3,3,3,2,4,2,2,2,2,1,3,3,2,2,2,3,2,3,2,2,4,1,-0.48501237,-0.010083015,0.081015103,1,0,0,0,1,0,0,1,0,0,2,0,4,0,1,2,0,0,3,1,0,0,0,1,0,1,1,1,0,0,1,1,0,0,1,1,0,0,1,1,0,0,1,1,0,0,1,1,0,0,0,1
5041,49,2,0.050274066,0,98108,1,0,0,3,0,0,1,0,0,1,6,3,1,5,5,5,4,5,5,5,2,2,2,4,3,2,2,2,2,2,2,2,0,0.423211552,1.482870389,1.061960235,0,1,0,0,2,0,1,1,0,0,2,0,4,0,0,3,0,0,3,1,0,0,0,1,0,0,0,0,0,1,3,0,0,1,3,0,0,1,3,0,1,0,2,0,0,1,3,0,0,0,1,4
5042,3,4,0.152552807,1,85048,0,1,0,5,0,0,0,0,1,4,5,5,5,2,1,1,4,4,5,5,1,1,1,2,3,2,1,1,3,2,2,2,1,0.09232819,-0.705518394,0.666093688,1,1,0,0,2,0,0,1,0,1,2,0,3,1,0,1,0,0,3,1,0,0,0,0,0,1,1,0,1,0,2,0,1,0,2,0,0,1,3,1,0,0,1,1,0,0,1,0,0,1,0,3
5044,24,2,1.531711766,0,55060,0,1,0,1,1,0,0,0,0,1,3,1,5,3,1,3,2,4,4,4,3,3,3,2,3,3,3,2,3,3,3,3,1,-0.230484844,0.043355797,-0.376784456,0,1,0,0,2,1,1,1,0,0,2,0,4,0,0,3,0,0,3,1,0,0,1,1,0,1,1,1,0,0,1,0,1,0,2,0,1,0,2,1,0,0,1,1,0,0,1,1,0,0,0,1
5046,3,2,0.047137238,1,85382,0,1,0,3,0,0,1,0,0,3,5,4,3,4,1,1,2,2,1,1,1,1,3,1,2,2,1,2,3,3,3,3,1,-0.145525083,-0.802938076,-1.180232899,1,1,0,0,2,0,0,1,0,0,2,0,4,0,1,2,1,0,1,0,0,0,0,1,0,1,1,0,1,0,2,0,1,0,2,0,1,0,2,0,0,1,3,1,0,0,1,0,1,0,0,2
5048,3,2,0.077436063,1,85051,1,0,0,3,0,0,1,0,0,3,5,5,3,4,3,3,3,3,3,2,3,3,3,2,3,1,3,1,3,2,2,1,1,-2.030003547,-0.465728288,-0.261372858,0,1,0,0,2,1,1,1,0,0,2,0,4,0,1,2,1,0,1,0,0,0,0,1,0,1,1,0,0,1,3,0,0,1,3,0,0,1,3,0,1,0,2,1,0,0,1,0,0,0,1,4
5049,3,2,0.015616436,1,85029,1,0,0,5,0,0,0,0,1,5,5,4,2,5,5,5,5,5,5,5,3,1,3,2,2,2,3,1,3,1,2,2,1,-0.041746657,0.398626487,0.232762587,0,1,0,0,2,0,0,1,0,0,2,0,4,0,1,2,0,0,3,1,0,0,0,0,0,1,1,0,0,1,3,0,0,1,3,0,0,1,3,0,1,0,2,1,0,0,1,0,0,0,1,4
5052,49,4,0.000961618,0,98052,0,1,0,5,0,0,0,0,1,5,5,5,1,5,3,5,5,4,5,5,2,1,1,3,2,2,2,2,2,2,2,4,1,-0.607439729,-0.730786249,-1.819587929,1,0,0,0,1,0,0,1,0,0,2,0,4,0,0,0,0,0,3,1,0,0,0,0,0,1,1,0,1,0,2,0,0,1,3,0,1,0,2,1,0,0,1,1,0,0,1,0,0,1,0,3
5053,3,4,0.011189373,1,85021,1,0,0,4,0,0,0,1,0,3,5,2,5,5,3,3,3,3,3,3,2,2,1,4,3,2,3,3,3,2,2,4,1,-1.888875855,-1.518352754,-0.255606143,1,1,0,0,2,0,0,0,1,0,2,0,2,1,0,1,0,1,2,0,1,0,0,0,0,1,1,0,0,1,3,0,0,1,3,1,0,0,1,0,1,0,2,0,0,1,3,0,0,0,1,4
5054,3,4,0.035718198,1,85015,1,0,0,3,0,0,1,0,0,1,5,4,5,5,1,1,1,2,4,2,2,2,2,4,2,2,2,2,2,4,3,4,1,0.562346009,0.158886282,-0.486719676,0,0,0,0,1,0,0,1,0,0,2,0,4,1,0,1,1,0,1,0,0,0,0,1,0,1,1,0,0,1,3,0,0,1,3,0,1,0,2,0,1,0,2,0,0,1,3,0,0,0,1,4
5055,49,4,0.028283521,0,98402,0,1,0,1,1,0,0,0,0,1,5,5,1,3,3,1,3,5,5,5,2,2,2,4,2,2,2,2,2,4,2,2,0,-1.083692513,0.114506136,0.150407265,0,0,1,0,3,0,0,0,0,0,2,0,5,0,0,0,1,0,1,0,0,0,0,0,0,0,0,0,1,0,2,0,0,1,3,0,0,1,3,0,1,0,2,0,0,1,3,0,0,0,1,4
5057,3,2,0.036112583,1,85023,1,0,0,2,0,1,0,0,0,1,4,0,5,3,3,4,4,4,3,4,3,3,3,3,2,3,3,2,2,2,3,4,1,1.131193754,0.616229572,0.495365018,1,0,1,0,3,0,1,1,0,0,2,0,4,0,0,3,0,0,3,1,0,1,1,1,0,1,1,0,0,1,3,0,0,1,3,0,1,0,2,1,0,0,1,1,0,0,1,0,0,1,0,3
5058,3,2,0.02298756,1,85281,1,0,0,4,0,0,0,1,0,3,5,4,4,4,4,4,4,5,5,4,1,3,3,1,2,2,1,1,3,2,2,3,1,0.887454842,-0.085192069,-1.313806527,1,1,0,0,2,0,0,0,0,1,2,0,3,1,0,1,0,1,2,0,0,0,1,0,0,1,1,0,0,1,3,0,0,1,3,0,0,1,3,0,1,0,2,0,0,1,3,0,0,0,1,4
5059,3,2,0.056740383,1,85326,0,1,0,2,0,1,0,0,0,2,2,2,4,4,2,3,3,3,4,4,2,3,2,2,2,3,3,2,3,3,2,2,1,0.82745847,0.82169679,0.120600829,1,1,0,0,2,1,1,1,0,0,2,0,4,0,0,3,0,0,3,1,0,0,0,0,0,1,1,1,0,0,1,1,0,0,1,0,1,0,2,1,0,0,1,1,0,0,1,1,0,0,0,1
5060,49,2,0.015353825,0,98101,1,0,0,5,0,0,0,0,1,1,5,5,5,5,4,3,4,3,4,4,3,2,2,2,2,3,2,3,2,2,1,3,1,1.008597234,1.494122633,0.055537643,1,1,0,0,2,1,1,1,0,0,2,0,4,0,0,3,0,0,3,1,0,1,1,0,0,1,1,0,0,1,3,0,0,1,3,0,0,1,3,0,0,1,3,0,0,1,3,0,0,0,1,4
5062,22,2,0.090358623,0,98074,0,1,0,1,1,0,0,0,0,1,1,0,3,4,4,5,4,4,5,5,1,3,3,2,3,1,3,1,3,2,2,2,1,0.695249084,0.93030403,0.853589905,1,1,0,0,2,1,1,0,1,0,2,0,2,0,0,3,0,0,3,1,0,0,0,0,0,1,1,0,1,0,2,1,0,0,1,1,0,0,1,1,0,0,1,1,0,0,1,0,1,0,0,2
5065,13,4,1.378473621,0,83672,0,1,0,4,0,0,0,1,0,2,4,4,3,5,2,3,3,4,4,3,2,2,2,3,2,2,2,2,2,3,3,4,1,0.627549884,-0.12721132,-0.903350772,1,1,0,0,2,0,0,1,0,0,2,0,4,0,0,0,0,0,3,0,1,0,0,0,0,1,1,1,0,0,1,1,0,0,1,1,0,0,1,0,0,1,3,1,0,0,1,1,0,0,0,1
5069,22,2,3.049304915,0,2128,1,0,0,4,0,0,0,1,0,2,3,5,3,4,5,5,3,4,4,5,3,3,2,3,3,2,3,3,2,2,3,3,1,0.15085699,0.578613334,-0.451836055,0,1,0,0,2,0,1,1,0,0,1,1,1,0,0,3,0,0,3,1,1,0,0,0,0,1,1,0,0,1,3,0,0,1,3,0,0,1,3,1,0,0,1,0,0,1,3,0,0,0,1,4
5072,49,2,0.050274066,0,98108,1,0,0,3,0,0,1,0,0,1,6,2,1,5,5,5,4,5,5,5,2,2,2,4,3,1,1,2,3,2,2,2,1,0.613856362,1.431983082,0.114148136,0,1,0,0,2,0,1,1,0,0,2,0,4,0,0,3,0,0,3,1,0,0,0,1,0,1,1,0,0,1,3,0,0,1,3,0,0,1,3,0,1,0,2,0,0,1,3,0,0,0,1,4
5074,49,2,0.053524276,0,98424,0,1,0,1,1,0,0,0,0,1,1,4,2,4,5,4,3,3,5,5,2,2,2,3,2,2,2,2,2,3,3,3,1,0.282238954,1.733650924,-0.256069055,0,1,0,0,2,0,1,1,0,0,2,0,4,0,0,3,0,0,3,1,0,0,0,0,0,1,1,1,0,0,1,0,0,1,3,0,0,1,3,0,0,1,3,1,0,0,1,0,1,0,0,2
5076,49,2,0.178538319,0,98580,0,1,0,2,0,1,0,0,0,2,5,3,5,4,1,1,2,4,4,4,3,2,2,2,2,2,2,2,2,3,2,2,1,0.589423274,0.29046465,0.700102227,1,1,0,0,2,0,0,1,0,0,2,0,4,0,0,3,0,1,2,0,0,0,1,1,0,1,1,1,0,0,1,1,0,0,1,1,0,0,1,1,0,0,1,0,1,0,2,1,0,0,0,1
5077,49,2,0.198356278,0,98003,1,0,0,2,0,1,0,0,0,1,1,0,5,2,1,1,2,4,5,4,3,3,3,2,3,3,3,3,3,2,2,3,1,-0.472419102,-1.341197552,-0.233101486,0,1,0,0,2,0,1,0,1,0,2,0,2,0,0,3,1,0,1,0,0,0,1,0,0,1,1,0,0,1,3,0,0,1,3,0,0,1,3,0,1,0,2,1,0,0,1,0,0,0,1,4
5078,49,2,0.138938202,0,98118,0,1,0,3,0,0,1,0,0,3,4,4,4,4,2,3,3,4,3,3,2,1,2,3,2,2,2,2,3,3,3,3,0,-0.524510023,0.613130932,-0.459081269,0,1,0,0,2,0,0,0,0,0,2,0,5,0,0,3,0,0,3,0,0,0,1,1,0,0,0,0,0,1,3,0,1,0,2,1,0,0,1,1,0,0,1,0,0,1,3,0,0,0,1,4
5081,15,2,1.1537244,0,46947,0,1,0,3,0,0,1,0,0,2,4,3,4,4,2,2,2,2,2,2,2,2,2,1,1,1,2,2,2,1,3,1,1,-1.191490788,0.658379515,0.124592483,0,1,0,0,2,0,0,1,0,0,2,0,4,1,0,1,1,0,1,0,0,0,1,1,0,1,1,0,1,0,2,0,1,0,2,1,0,0,1,1,0,0,1,1,0,0,1,1,0,0,0,1
5085,3,2,0.013900981,1,85024,0,1,0,3,0,0,1,0,0,2,3,3,4,5,4,5,3,4,5,5,1,2,1,2,2,2,2,1,2,1,1,3,1,0.361039762,0.717724592,0.685516543,1,1,0,0,2,1,1,1,0,0,2,0,4,0,0,3,0,0,3,1,0,0,1,1,1,1,1,0,0,1,3,0,1,0,2,0,0,1,3,0,1,0,2,1,0,0,1,0,0,1,0,3
5086,3,2,0.029197363,1,85224,0,1,0,2,0,1,0,0,0,2,5,3,4,4,1,1,2,1,1,1,1,1,3,1,3,1,1,1,3,1,3,1,1,-0.153700831,0.031031113,0.542322371,0,1,0,0,2,1,1,1,0,0,2,0,4,0,1,2,0,0,3,0,0,0,1,1,0,1,1,0,1,0,2,0,0,1,3,0,0,1,3,0,1,0,2,1,0,0,1,0,0,0,1,4
5087,3,3,0.173575162,1,85323,0,1,0,3,0,0,1,0,0,2,5,3,4,2,3,3,4,2,1,2,2,2,2,2,2,2,2,3,2,4,3,3,1,-0.748603062,0.649375596,-1.643176384,0,0,0,0,1,0,0,0,0,1,2,0,3,0,1,2,0,0,3,1,0,0,0,1,0,1,1,0,1,0,2,0,1,0,2,0,1,0,2,1,0,0,1,1,0,0,1,0,0,1,0,3
5088,3,2,0.085419108,1,85381,0,1,0,3,0,0,1,0,0,3,5,4,4,5,3,3,3,4,3,3,2,1,1,2,2,2,1,1,3,1,3,3,1,-0.392252118,0.140036907,-0.891964514,0,1,0,0,2,0,0,1,0,0,2,0,4,0,1,2,0,0,3,0,0,0,1,1,0,1,1,0,1,0,2,0,1,0,2,0,1,0,2,0,0,1,3,1,0,0,1,0,0,1,0,3
5091,3,2,0.063238951,1,85031,0,1,0,5,0,0,0,0,1,1,3,4,5,3,5,4,1,3,5,5,2,2,2,3,2,2,2,2,2,3,3,3,1,1.068530526,0.798534492,0.981180572,1,0,0,0,1,0,0,0,1,0,2,0,2,1,0,1,0,0,3,1,0,0,1,1,0,1,1,0,0,1,3,0,1,0,2,1,0,0,1,1,0,0,1,1,0,0,1,0,0,0,1,4
5092,3,2,0.023272148,1,85383,0,1,0,3,0,0,1,0,0,2,5,3,4,4,2,4,2,4,3,2,3,2,3,2,3,2,2,1,3,1,2,1,1,-0.179264957,1.307887505,0.515357144,0,1,0,0,2,0,0,0,1,0,2,0,2,0,1,2,0,0,3,1,0,0,0,1,0,1,1,0,1,0,2,1,0,0,1,0,1,0,2,0,1,0,2,1,0,0,1,1,0,0,0,1
5093,3,4,0.011180526,1,85021,1,0,0,3,0,0,1,0,0,3,5,4,1,5,1,5,1,3,5,1,2,2,2,1,3,2,2,3,3,2,2,4,1,0.162703634,-1.622730587,-1.263690095,1,0,0,0,1,0,0,0,1,0,2,0,2,1,0,1,0,0,3,0,0,0,0,1,0,1,1,0,0,1,3,0,0,1,3,1,0,0,1,0,1,0,2,0,0,1,3,0,0,0,1,4
5095,49,4,0.013653833,0,98023,0,1,0,2,0,1,0,0,0,1,4,1,4,3,1,2,1,3,4,3,2,2,2,3,2,2,2,1,2,1,2,1,0,0.512368738,0.394564994,-0.121557979,1,1,0,0,2,0,0,0,1,0,2,0,2,1,0,1,0,1,2,0,0,0,0,1,0,0,0,0,0,1,3,0,1,0,2,1,0,0,1,1,0,0,1,1,0,0,1,0,0,1,0,3
5096,14,4,0.424606716,0,61201,0,1,0,2,0,1,0,0,0,1,5,2,5,3,1,1,1,1,1,1,2,2,2,4,2,2,2,2,2,4,3,4,1,-0.648930635,-0.312574835,0.903680606,0,0,1,0,3,0,0,1,0,0,2,0,4,1,0,1,1,0,1,0,0,0,0,0,1,1,1,0,1,0,2,0,1,0,2,0,1,0,2,0,0,1,3,1,0,0,1,0,1,0,0,2
5097,3,2,0.036770956,1,85283,1,0,0,2,0,1,0,0,0,2,5,3,5,5,1,3,4,5,4,3,2,2,2,3,2,2,2,2,2,4,3,4,1,-0.102808158,-1.027175196,0.117385923,1,1,0,0,2,1,1,1,0,0,2,0,4,0,1,2,1,0,1,0,0,0,1,0,0,1,1,0,0,1,3,0,0,1,3,0,0,1,3,0,1,0,2,1,0,0,1,0,0,0,1,4
5098,3,2,0.17204758,1,85224,0,1,0,5,0,0,0,0,1,2,5,5,5,5,4,4,1,5,5,5,2,3,3,2,2,2,3,1,2,2,2,1,1,0.202372267,1.03015628,1.219386901,0,1,0,0,2,0,0,1,1,0,1,1,1,1,0,1,0,0,3,1,0,0,1,0,0,1,1,0,1,0,2,0,0,1,3,0,0,1,3,0,1,0,2,1,0,0,1,0,0,0,1,4
5102,3,2,0.097523867,1,85021,1,0,0,3,0,0,1,0,0,2,4,4,3,4,3,4,3,4,4,4,2,2,3,1,2,2,3,1,2,2,2,2,1,-0.222691671,0.184929118,0.458292568,1,1,0,0,2,0,1,1,0,0,1,1,1,0,1,2,0,1,2,1,1,0,1,1,0,1,1,0,0,1,3,0,0,1,3,1,0,0,1,0,1,0,2,0,0,1,3,0,0,0,1,4
5103,3,2,0.035418267,1,85205,0,1,0,1,1,0,0,0,0,3,5,5,5,5,5,5,1,1,1,1,2,2,2,2,2,2,2,2,2,3,3,4,1,-2.598979213,-1.325438071,-0.104728213,1,1,0,0,2,0,0,1,0,0,2,0,4,1,0,1,0,0,3,1,1,0,1,1,0,1,1,0,1,0,2,0,1,0,2,0,1,0,2,0,1,0,2,1,0,0,1,0,0,1,0,3
5105,3,2,0.153352298,1,85008,1,0,0,3,0,0,1,0,0,3,5,3,4,4,3,3,2,3,4,3,2,2,2,3,2,2,2,2,2,3,3,3,1,0.112225245,-0.305804795,0.315380747,0,0,0,0,1,0,0,1,0,0,1,1,1,1,0,1,1,0,1,0,0,1,1,1,0,1,1,0,0,1,3,0,0,1,3,0,1,0,2,0,0,1,3,0,1,0,2,0,0,1,0,3
5106,3,2,0.087334063,1,85034,0,1,0,1,1,0,0,0,0,2,5,3,5,5,3,3,2,2,3,2,2,2,2,3,2,2,2,2,3,3,3,3,1,-0.084066264,0.711712257,-0.30329941,0,0,0,0,1,0,1,1,0,0,2,0,4,0,1,2,1,0,1,0,0,0,1,0,0,1,1,1,0,0,1,0,0,1,3,0,0,1,3,0,1,0,2,0,0,1,3,0,0,0,1,4
5107,33,2,1.591785726,0,11249,1,0,0,4,0,0,0,1,0,3,4,4,3,3,3,3,3,3,3,3,2,2,3,3,2,2,2,2,2,3,3,3,1,0.78972416,0.850910871,1.195548961,0,1,0,0,2,1,1,0,1,0,2,0,2,0,0,3,0,1,2,0,0,0,0,1,0,1,1,0,0,1,3,0,0,1,3,0,0,1,3,0,1,0,2,0,0,1,3,0,0,0,1,4
5109,3,2,0.201205691,1,85254,0,1,0,4,0,0,0,1,0,3,5,5,4,5,1,5,5,5,5,5,2,1,3,2,3,1,1,1,3,2,2,2,1,-2.256330643,-0.49994865,1.395538627,0,1,0,0,2,0,0,1,0,0,2,0,4,0,0,3,0,1,2,1,0,0,0,1,0,1,1,0,1,0,2,0,0,1,3,0,0,1,3,0,1,0,2,1,0,0,1,0,0,1,0,3
5110,3,2,0.123509996,1,85326,0,1,0,5,0,0,0,0,1,3,5,5,1,3,4,4,3,4,4,4,3,3,3,2,2,2,2,2,3,2,2,2,1,-0.600145529,-0.055359263,0.252227429,1,0,0,0,1,0,0,1,0,0,2,0,4,1,0,1,1,0,1,0,0,0,1,1,0,1,1,1,0,0,1,1,0,0,1,0,1,0,2,1,0,0,1,1,0,0,1,1,0,0,0,1
5111,3,2,0.04262175,1,85018,1,0,0,3,0,0,1,0,0,2,4,2,5,5,2,3,4,5,5,5,3,3,3,2,2,2,2,1,3,1,2,2,1,1.500454879,-1.02530104,1.242754331,1,1,0,0,2,0,0,1,0,0,2,0,4,1,0,1,1,0,1,0,0,0,1,0,0,1,1,0,0,1,3,0,0,1,3,1,0,0,1,0,0,1,3,1,0,0,1,0,0,0,1,4
5112,3,2,0.138550117,1,85251,1,0,0,3,0,0,1,0,0,1,5,1,4,4,1,1,1,3,4,1,2,2,2,4,2,2,2,2,2,4,4,4,1,-0.985310504,-1.305468829,0.98801473,1,0,1,0,3,1,1,1,0,0,2,0,4,0,0,3,1,0,1,0,0,0,1,1,0,1,1,0,0,1,3,0,0,1,3,0,1,0,2,0,1,0,2,1,0,0,1,0,0,0,1,4
5114,3,2,0.163208038,1,85301,1,0,0,3,0,0,1,0,0,3,5,4,3,5,2,3,1,2,3,3,3,1,3,1,2,2,1,1,3,2,2,1,1,-0.70502234,-0.719602756,0.094250929,1,0,0,0,1,0,0,0,0,0,2,0,5,0,0,3,0,0,3,0,1,0,0,0,0,1,1,0,0,1,3,0,0,1,3,0,1,0,2,1,0,0,1,1,0,0,1,0,0,0,1,4
5115,3,2,0.026532281,1,85201,1,0,0,3,0,0,1,0,0,3,5,4,2,4,1,1,1,1,3,1,1,1,2,2,2,2,2,2,2,4,3,2,1,-1.440694353,-0.205889638,0.510143807,1,1,0,0,2,1,1,1,0,0,2,0,4,0,1,2,0,1,2,0,0,0,0,0,0,1,1,0,0,1,3,0,0,1,3,0,1,0,2,0,0,1,3,0,0,1,3,0,0,0,1,4
5117,3,2,1.61767075,1,85024,0,1,0,3,0,0,1,0,0,2,5,3,4,5,5,4,1,1,3,3,3,1,2,2,3,1,3,2,3,2,2,4,1,-0.074346636,0.023386936,0.535332472,0,0,0,0,1,0,0,1,1,1,1,1,1,0,0,3,0,1,2,0,1,0,0,0,0,1,1,0,0,1,3,0,1,0,2,0,0,1,3,0,1,0,2,1,0,0,1,0,0,1,0,3
5118,3,2,0.023929791,1,85014,1,0,0,3,0,0,1,0,0,2,5,1,5,2,1,3,1,3,4,5,2,2,1,4,2,2,2,2,2,3,4,4,1,0.502771115,0.375371174,0.865353405,0,1,0,0,2,0,0,1,0,0,2,0,4,0,1,2,0,0,3,1,0,0,1,0,0,1,1,0,0,1,3,0,0,1,3,1,0,0,1,0,0,1,3,0,1,0,2,0,0,0,1,4
5120,3,1,0.188056102,1,85012,0,1,0,2,0,1,0,0,0,2,5,4,5,2,2,3,3,3,4,4,2,2,2,3,2,2,2,1,1,1,1,3,1,-1.239853315,0.441167992,0.369173066,0,1,0,0,2,0,0,1,0,0,2,0,4,0,1,2,1,0,1,0,0,0,0,0,0,1,1,0,1,0,2,0,0,1,3,1,0,0,1,0,0,1,3,0,0,1,3,0,0,0,1,4
5123,14,2,2.298439377,0,60462,0,1,0,4,0,0,0,1,0,4,5,5,2,5,1,1,1,3,3,1,1,2,2,3,3,3,2,1,2,4,4,4,1,-0.637285054,-1.015842258,0.358925306,0,1,0,0,2,0,0,1,0,0,2,0,4,0,1,2,0,1,2,0,0,0,0,0,0,1,1,0,1,0,2,0,0,1,3,1,0,0,1,0,1,0,2,0,1,0,2,0,0,1,0,3
5124,33,2,1.895879937,0,10467,1,0,0,4,0,0,0,1,0,3,5,5,2,4,3,3,1,4,5,3,1,3,3,1,3,1,3,3,3,1,2,2,1,0.066301438,-0.112112942,-0.251405399,0,1,0,0,2,0,0,0,0,1,2,0,3,0,1,2,0,0,3,0,0,0,1,1,0,1,1,0,0,1,3,0,0,1,3,1,0,0,1,1,0,0,1,0,0,1,3,0,0,1,0,3
5125,3,4,0.154278342,1,85204,0,1,0,5,0,0,0,0,1,3,4,5,3,5,3,1,1,3,1,5,1,1,2,1,3,3,2,2,3,3,2,4,1,0.280718031,0.193402856,-0.120466364,1,1,0,0,2,0,0,0,0,0,1,1,1,1,0,1,0,0,3,1,0,0,0,0,1,1,1,0,0,1,3,0,1,0,2,0,0,1,3,0,1,0,2,0,1,0,2,0,0,0,1,4
5126,3,2,0.132026529,1,85295,0,1,0,2,0,1,0,0,0,1,5,1,5,5,1,3,1,4,4,1,2,2,2,3,3,1,2,2,2,3,3,3,1,-1.25119003,-1.000458509,0.414252355,1,0,1,0,3,1,1,1,0,0,2,0,4,0,0,3,0,1,2,0,0,0,0,1,0,1,1,0,1,0,2,0,0,1,3,0,0,1,3,0,0,1,3,1,0,0,1,0,0,1,0,3
5127,3,2,0.057775488,1,85323,0,1,0,5,0,0,0,0,1,4,5,4,2,5,4,3,3,4,4,4,2,1,3,2,3,1,1,2,3,3,2,2,1,-0.095387066,0.753266988,0.388194393,1,1,0,0,2,0,0,1,0,0,1,1,1,0,1,2,0,0,3,1,0,0,0,1,0,1,1,0,1,0,2,0,1,0,2,0,1,0,2,1,0,0,1,1,0,0,1,0,0,1,0,3
5128,3,1,1.180750674,1,85379,0,1,0,3,0,0,1,0,0,3,6,2,3,3,3,3,3,3,3,3,2,1,1,3,2,2,2,2,2,3,3,4,1,-0.477858566,0.572372558,-0.034164,1,0,0,0,1,0,0,1,0,1,1,1,1,0,0,3,0,0,3,1,1,0,0,1,0,1,1,0,0,1,3,1,0,0,1,0,1,0,2,1,0,0,1,1,0,0,1,1,0,0,0,1
5129,3,4,0.390744836,1,85234,0,1,0,1,1,0,0,0,0,1,5,0,5,5,3,3,3,5,5,3,1,1,3,3,3,2,1,1,3,1,3,3,1,0.868702813,1.658564593,0.671419239,0,0,0,0,1,0,0,0,1,0,2,0,2,0,0,3,1,0,1,0,0,0,0,1,0,1,1,0,1,0,2,0,1,0,2,0,0,1,3,0,0,1,3,1,0,0,1,0,0,1,0,3
5130,3,2,0.042885141,1,85004,0,1,0,2,0,1,0,0,0,2,5,4,4,5,1,1,1,4,1,1,1,1,2,2,2,2,2,2,2,3,2,1,1,-1.475985529,0.934197794,0.877769991,0,0,0,0,1,0,0,1,0,0,2,0,4,0,1,2,1,0,1,0,1,0,1,0,1,1,1,0,1,0,2,0,0,1,3,0,0,1,3,0,1,0,2,0,0,1,3,0,0,0,1,4
5132,3,4,0.242913819,1,85204,0,1,0,3,0,0,1,0,0,2,5,3,4,4,1,1,1,1,5,1,2,2,2,3,2,2,2,2,2,4,3,4,1,-0.676293402,-0.276272458,0.200748788,1,1,0,0,2,0,0,1,0,0,2,0,4,1,0,1,0,1,2,1,0,0,0,0,1,1,1,0,0,1,3,0,1,0,2,0,0,1,3,0,1,0,2,0,1,0,2,0,0,0,1,4
5133,3,2,0.067655486,1,85037,0,1,0,5,0,0,0,0,1,3,5,4,3,4,4,5,3,5,5,4,3,3,3,2,3,1,1,1,3,2,2,2,1,0.067731785,0.818495615,0.088087581,0,0,1,0,3,0,0,0,1,0,2,0,2,1,0,1,1,0,1,0,0,0,0,1,0,1,1,0,0,1,3,0,1,0,2,0,1,0,2,1,0,0,1,1,0,0,1,0,0,1,0,3
5134,3,4,0.001501587,1,85020,1,0,0,4,0,0,0,1,0,3,5,2,3,5,3,3,3,4,3,3,1,1,2,3,2,2,2,2,2,3,3,4,1,0.163099346,-0.702578275,0.813603582,1,1,0,0,2,0,0,1,0,0,2,0,4,1,0,1,1,0,1,0,1,0,0,0,1,1,1,0,0,1,3,0,0,1,3,0,1,0,2,0,0,1,3,1,0,0,1,0,0,0,1,4
5136,3,2,0.180529871,1,85353,0,1,0,2,0,1,0,0,0,2,5,4,5,5,1,1,1,5,5,2,3,1,3,2,3,1,3,1,3,2,2,1,1,0.152884015,0.616801162,0.461128431,1,1,0,0,2,1,1,1,0,0,1,1,1,0,0,3,0,0,3,1,0,0,0,1,0,1,1,0,1,0,2,0,1,0,2,0,1,0,2,1,0,0,1,1,0,0,1,1,0,0,0,1
5137,36,2,0.681716425,0,44902,0,1,0,1,1,0,0,0,0,1,1,0,5,3,3,3,1,1,1,1,2,2,2,3,2,2,2,2,2,3,3,3,1,-0.674955961,0.199175602,-0.22193107,0,0,1,0,3,0,0,0,1,0,2,0,2,0,1,2,0,0,3,1,0,0,1,1,0,1,1,0,1,0,2,0,0,1,3,0,1,0,2,0,0,1,3,1,0,0,1,0,1,0,0,2
5138,3,2,0.28311214,1,85201,1,0,0,2,0,1,0,0,0,1,5,3,5,5,1,1,5,4,5,3,3,2,3,2,2,2,1,2,3,4,2,4,1,0.264347353,-0.385500034,0.21540021,1,0,1,0,3,0,0,1,0,1,2,0,3,0,0,3,0,0,3,1,0,0,0,1,0,1,1,0,0,1,3,0,0,1,3,0,1,0,2,0,0,1,3,0,0,1,3,0,0,0,1,4
5139,3,2,0.047150742,1,85288,1,0,0,3,0,0,1,0,0,4,4,3,3,5,1,1,4,2,4,3,2,1,3,3,2,2,2,2,3,3,2,4,1,-0.496124947,-0.328146026,0.04596726,1,0,0,0,1,0,0,0,1,0,1,1,1,1,0,1,0,1,2,0,0,0,1,0,0,1,1,0,0,0,0,0,0,0,0,0,0,0,0,0,0,0,0,0,0,0,0,0,0,0,0,0
5141,3,2,0.106551422,1,85207,0,1,0,2,0,1,0,0,0,1,5,1,5,2,1,1,1,3,3,3,2,2,2,3,2,2,2,2,2,4,3,3,1,-0.571595051,1.610873054,0.476496778,0,1,0,0,2,0,1,1,0,0,2,0,4,0,0,3,0,0,3,1,0,0,0,1,0,1,1,0,1,0,2,1,0,0,1,0,0,1,3,1,0,0,1,1,0,0,1,0,1,0,0,2
5143,3,4,0.000910311,1,85209,0,1,0,2,0,1,0,0,0,2,5,3,2,5,3,2,1,3,4,3,2,2,2,4,2,2,2,2,2,3,2,2,1,-1.035284544,-1.084908985,-2.024346099,0,1,0,0,2,0,0,1,0,0,2,0,4,1,0,1,0,1,2,0,1,0,0,0,1,1,1,0,1,0,2,0,1,0,2,0,0,1,3,1,0,0,1,1,0,0,1,0,0,1,0,3
5145,39,2,1.488054423,0,17331,0,1,0,3,0,0,1,0,0,2,4,3,4,4,2,4,3,5,2,3,3,2,3,3,2,2,3,3,3,3,3,3,1,-1.167297208,1.122926298,-0.334173644,0,1,0,0,2,0,0,1,0,0,1,1,1,0,1,2,1,0,1,1,0,0,1,0,0,1,1,0,1,0,2,0,0,1,3,1,0,0,1,0,0,1,3,1,0,0,1,0,0,1,0,3
5148,22,2,0.446159185,0,2169,1,0,0,2,0,1,0,0,0,1,4,3,5,5,1,1,1,5,3,3,2,2,2,3,2,2,2,2,2,4,3,4,1,-0.880066735,-0.29040532,0.511353219,0,0,0,0,1,1,1,1,0,0,1,1,1,0,1,2,0,0,3,0,0,0,1,0,0,1,1,0,0,1,3,0,0,1,3,0,1,0,2,0,1,0,2,0,0,1,3,0,0,0,1,4
5150,49,1,0.006744118,0,98366,0,1,0,3,0,0,1,0,0,3,1,4,3,4,2,3,2,4,4,4,2,2,3,3,3,2,2,1,3,3,3,3,0,-0.748427397,0.034338406,-1.634457183,1,1,0,0,2,0,0,1,0,0,2,0,4,1,0,1,0,0,3,1,0,0,1,1,0,0,0,1,0,0,1,0,1,0,2,1,0,0,1,0,1,0,2,0,1,0,2,0,0,1,0,3
5152,49,2,0.055769519,0,98270,0,1,0,1,1,0,0,0,0,1,5,1,5,5,1,5,1,1,1,1,3,3,3,2,3,3,3,3,3,4,4,4,0,0.874535332,0.680077209,1.522061819,1,1,0,0,2,1,1,1,0,0,2,0,4,0,0,3,0,0,3,1,0,0,0,1,0,0,0,0,1,0,2,0,1,0,2,1,0,0,1,1,0,0,1,1,0,0,1,0,0,1,0,3
5154,33,1,11.03356946,0,12189,1,0,0,2,0,1,0,0,0,1,3,1,5,4,1,4,1,5,1,5,1,3,3,2,3,1,3,3,3,2,2,2,1,-0.155299407,0.429490365,1.165724749,0,1,0,0,2,0,0,1,1,0,1,1,1,1,0,1,1,0,1,0,0,0,0,0,0,1,1,0,0,1,3,0,1,0,2,0,0,1,3,0,1,0,2,1,0,0,1,0,0,0,1,4
5157,49,2,0.011424372,0,98107,1,0,0,4,0,0,0,1,0,3,4,4,2,4,3,5,4,3,4,4,3,2,3,1,3,2,3,3,2,1,2,3,0,-0.602563219,0.244467835,0.461127907,0,1,0,0,2,0,1,1,0,0,2,0,4,0,1,2,0,0,3,1,0,0,1,1,0,0,0,0,0,1,3,0,0,1,3,1,0,0,1,1,0,0,1,1,0,0,1,0,0,0,1,4
5160,36,2,0.357546714,0,45662,0,1,0,3,0,0,1,0,0,1,3,2,5,5,5,5,5,5,5,5,2,2,2,3,2,2,2,2,2,3,3,3,1,-0.719704078,0.573496204,-0.520174644,0,1,0,0,2,0,0,1,0,0,2,0,4,1,0,1,0,0,3,0,0,0,0,0,1,1,1,0,1,0,2,0,1,0,2,1,0,0,1,0,1,0,2,1,0,0,1,1,0,0,0,1
5161,36,4,1.368507002,0,44485,0,1,0,4,0,0,0,1,0,2,5,4,5,4,1,1,1,3,3,3,2,2,2,1,2,2,2,2,2,3,3,3,1,0.588758879,-1.268080259,-1.00086816,0,0,0,0,1,0,0,1,0,0,2,0,4,0,1,2,1,0,1,0,0,0,0,1,0,1,1,0,1,0,2,1,0,0,1,1,0,0,1,0,1,0,2,1,0,0,1,1,0,0,0,1
5162,39,4,0.085356376,0,19053,0,1,0,2,0,1,0,0,0,2,5,5,2,5,1,1,1,4,1,1,2,2,2,4,2,2,3,2,3,4,2,1,1,-1.42206901,0.163879028,1.120285882,0,1,0,0,2,1,1,1,0,0,2,0,4,1,0,1,1,0,1,0,0,0,0,1,0,1,1,0,1,0,2,0,1,0,2,0,1,0,2,0,0,1,3,0,0,1,3,0,0,1,0,3
5163,15,4,0.0235858,0,46052,0,1,0,1,1,0,0,0,0,4,5,0,3,3,3,3,3,3,3,3,2,2,2,4,2,2,2,2,2,4,4,4,0,0.136257784,-0.327785223,0.071868223,0,1,0,0,2,0,1,0,0,1,2,0,3,1,0,1,1,0,1,0,0,0,0,0,0,0,0,1,0,0,1,0,1,0,2,0,1,0,2,0,0,1,3,1,0,0,1,1,0,0,0,1
5165,7,2,0.41857486,0,6851,0,1,0,3,0,0,1,0,0,2,5,4,4,5,3,3,2,4,5,5,1,2,2,2,2,2,2,2,2,3,2,2,1,0.419141222,0.777724039,0.806682029,0,1,0,0,2,1,1,0,1,0,2,0,2,0,1,2,0,1,2,0,0,0,1,0,0,1,1,0,1,0,2,0,0,1,3,0,0,1,3,0,0,1,3,0,1,0,2,0,0,1,0,3
5166,26,4,0.38390359,0,63966,0,0,1,3,0,0,1,0,0,2,4,5,3,5,1,4,1,3,4,1,1,3,2,2,2,2,3,2,1,2,2,4,1,-1.945549631,-1.094415878,1.545617403,0,1,0,0,2,0,0,1,0,0,2,0,4,1,0,1,0,0,3,1,1,0,0,0,0,1,1,1,0,0,1,1,0,0,1,1,0,0,1,1,0,0,1,1,0,0,1,1,0,0,0,1
5168,14,2,5.32493203,0,62441,0,1,0,4,0,0,0,1,0,1,5,1,4,3,2,1,1,1,4,2,2,2,2,3,2,2,2,2,1,3,2,3,1,-0.07164406,1.532247018,-2.273315726,1,1,0,0,2,0,0,1,0,0,2,0,4,0,1,2,0,0,3,1,0,0,1,1,0,1,1,1,0,0,1,1,0,0,1,0,1,0,2,0,1,0,2,1,0,0,1,1,0,0,0,1
5169,36,2,1.675089126,0,43812,0,1,0,4,0,0,0,1,0,2,4,4,5,1,1,1,1,1,1,1,3,2,2,3,2,2,2,2,2,4,2,3,0,0.258003196,0.158003399,-0.193451813,0,1,0,0,2,0,0,1,0,0,2,0,4,0,1,2,0,1,2,1,0,1,1,1,0,0,0,1,0,0,1,0,1,0,2,1,0,0,1,0,0,1,3,1,0,0,1,1,0,0,0,1
5171,39,2,0.639129205,0,17241,0,1,0,2,0,1,0,0,0,2,5,1,5,2,1,1,1,1,1,1,2,2,2,4,2,2,2,2,2,4,4,4,1,-0.570099131,0.059729449,0.032503272,0,1,0,0,2,0,0,1,0,0,2,0,4,0,1,2,1,0,1,0,0,0,1,1,0,1,1,1,0,0,1,1,0,0,1,1,0,0,1,1,0,0,1,1,0,0,1,1,0,0,0,1
5173,49,2,0.017101293,0,98387,0,1,0,3,0,0,1,0,0,3,2,2,3,4,4,4,4,4,4,3,1,1,1,2,3,1,2,1,3,3,2,3,0,-0.144047862,0.279758328,0.626157485,0,1,0,0,2,0,0,1,0,0,2,0,4,0,1,2,0,0,3,1,0,0,0,0,0,0,0,0,1,0,2,1,0,0,1,1,0,0,1,1,0,0,1,1,0,0,1,0,1,0,0,2
5174,49,2,0.008757273,0,98004,0,1,0,4,0,0,0,1,0,3,6,2,5,2,3,1,1,5,5,4,3,3,2,3,3,1,3,2,2,3,2,2,0,0.042843405,0.574089456,-0.356343011,1,1,0,0,2,0,0,0,0,0,2,0,5,1,0,1,0,0,3,1,0,0,0,0,0,0,0,0,1,0,2,0,0,1,3,0,0,1,3,0,0,1,3,1,0,0,1,0,0,0,1,4
5175,3,2,0.001934776,0,84205,0,0,0,1,1,0,0,0,0,1,5,3,5,5,2,2,2,3,3,3,2,2,2,3,2,2,2,2,2,3,3,4,1,-0.370391259,-0.432085419,-0.688773035,0,0,1,0,3,0,0,1,0,0,2,0,4,1,0,1,0,1,2,0,0,0,0,1,0,1,1,0,0,0,0,0,0,0,0,0,0,0,0,0,0,0,0,0,0,0,0,0,0,0,0,0
5179,26,2,4.859545928,0,65648,0,0,1,1,1,0,0,0,0,1,4,1,5,1,1,1,1,2,4,2,2,2,2,4,2,2,2,2,2,3,2,3,1,0.319331286,0.371287427,0.44557727,0,1,0,0,2,0,0,1,0,0,2,0,4,0,0,3,0,1,2,0,0,0,1,1,0,1,1,1,0,0,1,1,0,0,1,1,0,0,1,1,0,0,1,1,0,0,1,1,0,0,0,1
5181,49,2,0.011692805,0,98208,0,1,0,2,0,1,0,0,0,1,5,1,5,3,2,3,1,5,4,4,2,2,2,4,2,2,2,2,2,4,2,3,0,0.209122381,-1.3231399,1.143914503,1,1,0,0,2,1,1,1,0,0,2,0,4,0,1,2,0,0,3,1,1,0,1,1,0,0,0,0,1,0,2,0,0,1,3,0,0,1,3,0,1,0,2,1,0,0,1,0,0,1,0,3
5182,49,2,0.067707947,0,98033,1,0,0,1,1,0,0,0,0,1,3,0,5,3,1,1,3,3,3,4,1,2,2,3,2,2,2,2,2,4,2,4,1,-0.381083183,0.207089743,-0.148352298,1,1,0,0,2,1,1,1,0,0,2,0,4,0,0,3,0,0,3,1,0,0,1,1,0,1,1,0,1,0,2,0,0,1,3,0,0,1,3,0,0,1,3,1,0,0,1,0,0,0,1,4
5186,49,2,0.007935948,0,98292,0,1,0,3,0,0,1,0,0,3,4,2,4,5,1,2,1,4,4,2,2,2,2,4,2,2,2,2,2,4,3,3,0,0.149459584,-0.286396905,-0.633364992,0,1,0,0,2,1,1,0,0,0,2,0,5,0,1,2,0,0,3,1,0,0,1,0,1,0,0,1,0,0,1,1,0,0,1,1,0,0,1,1,0,0,1,1,0,0,1,1,0,0,0,1
5187,43,2,1.587899142,0,57104,0,1,0,3,0,0,1,0,0,2,1,3,3,4,3,2,2,4,4,4,2,2,2,2,3,2,2,2,3,1,3,3,1,-0.623736331,0.522958518,-0.261975995,0,1,0,0,2,0,0,1,0,0,2,0,4,1,0,1,0,1,2,0,0,0,0,0,0,1,1,0,1,0,2,0,0,1,3,0,1,0,2,0,0,1,3,1,0,0,1,0,0,0,1,4
5188,24,2,1.531711766,0,55398,0,0,1,2,0,1,0,0,0,2,2,3,4,4,4,3,4,4,4,4,2,2,2,3,3,1,1,2,3,3,2,2,1,0.668622939,1.125406287,-0.211156523,0,1,0,0,2,1,1,1,0,0,2,0,4,0,0,3,0,0,3,1,0,0,0,1,0,1,1,1,0,0,1,1,0,0,1,1,0,0,1,1,0,0,1,1,0,0,1,1,0,0,0,1
5194,23,2,1.336867136,0,48658,0,1,0,3,0,0,1,0,0,2,3,1,5,3,1,3,1,4,3,2,2,2,2,4,2,2,2,2,2,3,3,3,0,-0.555252679,-0.175439992,0.430677338,0,1,0,0,2,0,0,1,0,0,2,0,4,1,0,1,1,0,1,0,0,0,0,1,0,0,0,1,0,0,1,1,0,0,1,0,1,0,2,1,0,0,1,1,0,0,1,1,0,0,0,1
5198,36,2,1.036515587,0,44319,0,1,0,3,0,0,1,0,0,3,4,3,3,5,1,1,1,5,5,3,2,2,2,4,2,2,2,2,2,4,3,3,1,0.954897009,0.279843629,1.456035066,0,1,0,0,2,1,1,1,0,0,2,0,4,0,1,2,0,1,2,1,0,0,1,1,0,1,1,1,0,0,1,1,0,0,1,0,1,0,2,0,0,1,3,1,0,0,1,1,0,0,0,1
5199,24,2,3.279705163,0,55346,0,1,0,4,0,0,0,1,0,2,4,4,5,4,3,4,3,4,4,4,2,3,3,1,1,3,3,3,1,2,2,3,1,0.061024383,0.035551534,-0.237895408,0,1,0,0,2,0,1,1,0,0,2,0,4,0,0,3,0,0,3,1,0,1,0,0,0,1,1,1,0,0,1,0,0,1,3,0,0,1,3,1,0,0,1,1,0,0,1,1,0,0,0,1
5200,51,2,2.698231637,0,53222,1,0,0,1,1,0,0,0,0,1,5,1,5,5,1,1,1,1,4,1,1,1,2,4,2,2,2,1,3,3,2,4,1,0.475528658,-0.82908297,0.772145243,0,1,0,0,2,1,1,1,0,0,2,0,4,0,0,3,0,1,2,0,0,0,0,1,0,1,1,0,0,1,3,0,0,1,3,0,1,0,2,0,0,1,3,1,0,0,1,0,0,0,1,4
5203,15,2,3.97526031,0,46323,0,1,0,4,0,0,0,1,0,3,5,4,4,5,2,4,4,5,5,4,1,1,3,1,3,1,3,1,3,2,2,2,1,-0.09173957,0.938568678,-0.935039575,0,0,0,0,1,1,1,1,0,0,1,1,1,0,0,3,0,0,3,1,0,0,0,1,0,1,1,0,1,0,2,0,1,0,2,0,0,1,3,0,1,0,2,0,1,0,2,0,1,0,0,2
5207,31,3,11.7786821,0,7059,0,1,0,2,0,1,0,0,0,3,2,3,5,5,1,4,1,1,4,4,3,2,2,2,3,2,2,2,3,3,3,3,1,1.072580648,-0.481883884,0.187122671,0,1,0,0,2,0,1,0,0,1,2,0,3,0,0,3,0,0,3,0,0,0,0,1,0,1,1,1,0,0,1,1,0,0,1,0,1,0,2,0,0,1,3,1,0,0,1,1,0,0,0,1
5209,39,2,2.391872171,0,19130,1,0,0,1,1,0,0,0,0,1,4,1,5,4,1,4,4,3,5,2,2,1,3,3,3,1,2,1,3,2,2,4,1,-0.275870623,-0.980977142,1.129493847,0,0,1,0,3,1,1,1,0,0,1,1,1,0,0,3,0,1,2,0,0,0,0,0,0,1,1,0,0,1,3,0,0,1,3,1,0,0,1,0,0,1,3,0,0,1,3,0,0,0,1,4
5212,23,2,1.890296597,0,48075,0,1,0,2,0,1,0,0,0,2,4,1,5,2,1,1,1,2,1,1,2,2,2,2,2,2,2,1,3,3,3,3,1,0.623062363,-1.720909432,0.320422029,0,1,0,0,2,0,0,0,1,0,2,0,2,1,0,1,1,0,1,1,0,1,1,1,0,1,1,0,1,0,2,0,0,1,3,0,0,1,3,0,0,1,3,1,0,0,1,0,0,1,0,3
5216,14,2,3.509470413,0,60139,1,0,0,1,1,0,0,0,0,1,5,1,5,5,1,1,1,5,5,1,2,2,2,4,2,2,2,2,2,4,4,4,1,-1.546992697,-1.619709393,2.007928926,0,0,1,0,3,1,1,0,0,1,2,0,3,0,0,3,0,0,3,1,0,0,1,1,0,1,1,0,0,1,3,0,0,1,3,0,1,0,2,0,1,0,2,1,0,0,1,0,0,1,0,3
5221,51,4,1.491971894,0,53402,0,1,0,2,0,1,0,0,0,1,4,3,3,3,3,2,2,3,3,2,2,2,2,1,2,2,2,2,3,4,2,4,0,-1.457404598,-0.143600954,-1.752405247,0,1,0,0,2,0,0,1,0,0,2,0,4,1,0,1,0,0,3,1,1,0,0,0,0,0,0,0,0,1,3,0,1,0,2,1,0,0,1,0,1,0,2,1,0,0,1,0,0,1,0,3
5222,33,2,0.61460071,0,12090,0,1,0,3,0,0,1,0,0,1,5,5,5,5,1,1,1,5,5,5,2,2,2,4,1,2,2,1,2,4,4,4,1,1.108703781,1.46596028,0.974127472,0,1,0,0,2,0,0,1,0,0,2,0,4,1,0,1,0,1,2,0,0,0,1,0,0,1,1,1,0,0,1,1,0,0,1,1,0,0,1,0,0,1,3,1,0,0,1,1,0,0,0,1
5223,33,2,0.545178174,0,11433,1,0,0,4,0,0,0,1,0,4,6,5,1,1,1,1,5,5,5,5,1,1,1,1,1,1,3,3,3,1,2,2,1,0.799662415,-0.18812905,0.129232952,0,1,0,0,2,0,0,0,1,0,2,0,2,0,1,2,0,0,3,1,0,1,1,1,0,1,1,0,0,1,3,0,0,1,3,1,0,0,1,0,1,0,2,0,0,1,3,0,0,0,1,4
5224,33,4,0.551592272,0,14024,0,0,1,3,0,0,1,0,0,2,5,3,3,3,1,1,1,4,2,1,2,2,2,3,2,2,2,2,2,4,2,2,1,-1.563703826,0.43782206,-0.630870639,0,0,1,0,3,0,0,1,0,0,2,0,4,0,1,2,0,0,3,0,1,0,0,1,0,1,1,1,0,0,1,1,0,0,1,0,1,0,2,1,0,0,1,1,0,0,1,1,0,0,0,1
5228,36,2,2.033171698,0,44256,0,1,0,1,1,0,0,0,0,1,3,1,4,4,2,2,2,2,2,2,1,1,2,1,2,2,1,2,2,4,4,4,0,-0.770819943,-0.455065692,-1.013436299,0,0,1,0,3,1,1,1,0,0,2,0,4,0,0,3,0,0,3,0,0,0,0,1,0,0,0,1,0,0,1,0,1,0,2,0,1,0,2,0,0,1,3,1,0,0,1,1,0,0,0,1
5230,33,4,0.871693877,0,12306,0,1,0,3,0,0,1,0,0,4,3,4,3,4,2,2,2,4,3,2,2,2,2,4,2,2,2,2,3,3,2,4,1,-0.975113829,-0.542725708,-1.544255173,0,0,1,0,3,0,0,1,0,0,2,0,4,0,1,2,0,1,2,0,1,0,0,0,0,1,1,0,1,0,2,0,1,0,2,0,1,0,2,0,1,0,2,0,1,0,2,0,0,1,0,3
5231,23,2,0.465578261,0,49126,0,0,1,2,0,1,0,0,0,3,4,3,4,2,1,4,1,4,4,2,1,1,1,4,2,2,2,1,3,2,1,1,0,-0.077860509,-1.872352918,-0.342685912,0,0,1,0,3,0,0,1,0,0,2,0,4,1,0,1,0,1,2,0,0,1,1,1,0,0,0,1,0,0,1,1,0,0,1,0,0,1,3,1,0,0,1,1,0,0,1,1,0,0,0,1
5232,39,2,0.496946896,0,16502,1,0,0,2,0,1,0,0,0,1,4,3,4,3,1,1,1,3,3,4,1,2,2,1,2,2,3,2,2,3,3,3,0,-0.035186523,0.930541697,0.108943847,0,0,1,0,3,0,0,1,0,0,2,0,4,1,0,1,1,0,1,0,1,0,0,1,0,0,0,0,0,1,3,0,0,1,3,1,0,0,1,0,0,1,3,1,0,0,1,0,0,0,1,4
5233,22,2,1.851437007,0,1853,0,0,0,3,0,0,1,0,0,1,1,0,4,4,3,4,1,4,4,3,2,2,2,3,2,2,2,2,2,4,2,2,1,-1.377389972,0.245733941,0.179999082,0,1,0,0,2,0,0,1,0,0,2,0,4,0,1,2,1,0,1,0,0,0,1,0,0,1,1,0,0,0,0,0,0,0,0,0,0,0,0,0,0,0,0,0,0,0,0,0,0,0,0,0
5234,17,2,0.465303549,0,66062,0,1,0,3,0,0,1,0,0,2,4,3,3,2,4,2,4,2,3,4,2,1,2,2,2,2,1,3,2,3,2,3,1,-1.388786872,0.379436488,-0.628337819,0,1,0,0,2,1,1,1,0,0,2,0,4,0,1,2,0,1,2,0,0,0,0,1,0,1,1,0,1,0,2,0,1,0,2,0,0,1,3,0,1,0,2,1,0,0,1,0,0,1,0,3
5236,26,4,0.424606716,0,63401,0,1,0,2,0,1,0,0,0,1,5,4,5,5,3,3,3,4,4,3,2,3,3,4,2,2,2,2,2,4,2,3,1,0.001737409,-0.13249771,1.328309646,0,1,0,0,2,0,0,1,0,0,2,0,4,1,0,1,1,0,1,0,1,0,0,0,1,1,1,1,0,0,1,0,1,0,2,0,1,0,2,0,0,1,3,1,0,0,1,0,1,0,0,2
5237,36,3,0.276796999,0,43560,0,1,0,4,0,0,0,1,0,2,5,5,4,5,1,2,2,4,5,3,1,3,1,2,3,1,3,1,1,2,1,1,0,-0.817485076,-1.063758639,1.397831287,0,0,1,0,3,0,0,1,0,0,2,0,4,1,0,1,0,1,2,0,0,0,0,0,0,0,0,0,1,0,2,0,1,0,2,0,0,1,3,0,0,1,3,1,0,0,1,0,0,1,0,3
5239,15,2,1.576250804,0,47424,0,1,0,3,0,0,1,0,0,2,5,4,4,5,4,5,4,4,5,4,2,2,2,3,2,2,2,2,2,3,3,3,1,0.989668811,1.105693968,0.410706185,0,1,0,0,2,0,0,0,0,0,1,1,1,0,1,2,0,0,3,1,0,0,0,1,0,1,1,1,0,0,1,1,0,0,1,1,0,0,1,1,0,0,1,1,0,0,1,1,0,0,0,1
5242,26,2,1.750773843,0,63640,0,1,0,2,0,1,0,0,0,3,1,5,5,4,2,2,1,2,3,2,2,2,3,2,2,2,2,2,2,3,2,3,1,0.112004337,1.764557837,0.839271859,0,1,0,0,2,0,0,1,0,0,2,0,4,0,1,2,0,0,3,1,0,0,1,1,0,1,1,0,1,0,2,0,0,1,3,0,1,0,2,0,1,0,2,1,0,0,1,0,1,0,0,2
5244,39,4,0.147850918,0,16601,0,1,0,4,0,0,0,1,0,4,5,5,1,5,4,2,2,4,3,3,2,3,3,4,2,2,2,2,3,4,4,4,1,-0.895128948,-0.09183032,-1.724113816,0,0,1,0,3,0,0,1,0,0,2,0,4,1,0,1,0,0,3,1,1,0,0,1,0,1,1,0,1,0,2,0,0,1,3,1,0,0,1,0,1,0,2,1,0,0,1,0,1,0,0,2
5246,33,2,0.604738557,0,11374,1,0,0,4,0,0,0,1,0,2,5,4,5,5,4,5,4,4,5,4,2,3,2,3,3,3,2,3,3,2,3,1,1,0.718942747,0.808429813,0.339000332,0,1,0,0,2,1,1,1,0,0,2,0,4,0,1,2,0,0,3,1,0,1,0,0,0,1,1,0,0,1,3,0,0,1,3,0,0,1,3,1,0,0,1,0,0,1,3,0,0,0,1,4
5250,22,2,13.30177604,0,2128,1,0,0,3,0,0,1,0,0,3,5,4,3,4,2,3,3,3,5,4,1,1,3,1,3,1,1,1,3,2,1,2,1,1.064452765,0.729309479,-1.448303495,0,1,0,0,2,0,1,1,0,0,1,1,1,0,0,3,0,0,3,1,0,1,1,0,0,1,1,0,0,1,3,0,0,1,3,0,0,1,3,1,0,0,1,0,0,1,3,0,0,0,1,4
5253,33,2,0.043955096,0,11210,1,0,0,1,1,0,0,0,0,3,4,3,4,4,2,2,2,4,4,3,1,1,3,1,3,1,1,1,3,1,2,4,1,0.063669848,0.049824501,0.141429581,0,1,0,0,2,1,1,0,1,0,2,0,2,1,0,1,1,0,1,0,0,0,0,0,0,1,1,0,0,1,3,0,0,1,3,1,0,0,1,1,0,0,1,0,0,1,3,0,0,0,1,4
5254,22,2,0.779446781,0,2721,1,0,0,2,0,1,0,0,0,3,3,3,1,4,1,1,1,4,4,4,1,3,3,2,3,1,1,1,3,2,2,2,1,1.056190508,-0.230875451,0.158513946,0,1,0,0,2,0,0,1,0,0,2,0,4,0,1,2,0,0,3,1,0,0,0,0,0,1,1,0,0,1,3,0,0,1,3,0,0,1,3,0,1,0,2,1,0,0,1,0,0,0,1,4
5255,31,1,0.797021777,0,7088,1,0,0,3,0,0,1,0,0,2,3,5,2,2,2,2,2,2,1,3,3,3,3,3,3,2,3,3,2,2,2,2,1,0.433219006,0.385995678,0.480541785,0,1,0,0,2,0,1,0,1,0,2,0,2,0,0,3,0,0,3,0,0,0,1,0,0,1,1,0,0,1,3,0,0,1,3,0,1,0,2,0,0,1,3,1,0,0,1,0,0,0,1,4
5256,39,4,0.149028526,0,15014,1,0,0,2,0,1,0,0,0,1,5,1,5,4,1,1,1,1,5,2,2,2,2,2,2,2,1,2,2,3,3,3,1,-0.261527749,-1.393574045,-1.877263311,0,1,0,0,2,0,0,1,0,0,2,0,4,1,0,1,0,1,2,0,0,0,0,1,0,1,1,0,0,1,3,0,0,1,3,1,0,0,1,1,0,0,1,1,0,0,1,0,0,0,1,4
5261,33,2,3.402135372,0,11778,0,1,0,4,0,0,0,1,0,1,5,5,5,5,5,5,5,4,5,5,3,3,3,2,3,3,3,3,3,2,2,2,1,0.911234353,1.914939323,1.00748677,0,1,0,0,2,0,1,1,0,0,1,1,1,0,0,3,0,0,3,1,0,0,0,1,0,1,1,0,1,0,2,1,0,0,1,1,0,0,1,0,1,0,2,1,0,0,1,0,1,0,0,2
5262,33,4,0.46472841,0,10989,0,1,0,2,0,1,0,0,0,4,5,4,1,5,3,3,2,4,4,3,1,1,1,1,3,1,1,1,3,2,2,2,1,-1.750368416,0.045501394,-0.705310218,0,1,0,0,2,0,0,1,0,0,2,0,4,0,1,2,0,0,3,0,1,0,0,1,0,1,1,0,1,0,2,0,1,0,2,0,1,0,2,0,1,0,2,1,0,0,1,0,1,0,0,2
5263,20,2,1.169254584,0,3901,0,0,0,3,0,0,1,0,0,2,5,3,3,3,1,1,1,3,3,1,2,2,2,4,2,2,2,2,2,4,2,4,1,0.012125468,0.457375081,1.173800779,0,1,0,0,2,0,0,1,0,0,2,0,4,0,1,2,0,1,2,0,0,0,1,1,0,1,1,0,0,0,0,0,0,0,0,0,0,0,0,0,0,0,0,0,0,0,0,0,0,0,0,0
5269,33,3,0.585918761,0,14303,1,0,0,5,0,0,0,0,1,2,1,5,1,3,3,5,5,5,5,5,2,2,2,3,1,2,2,2,1,3,2,2,1,1.07718074,1.819607054,1.038730842,0,0,1,0,3,0,0,1,0,0,1,1,1,0,1,2,0,1,2,0,0,0,0,1,0,1,1,0,1,0,2,0,0,1,3,0,1,0,2,1,0,0,1,1,0,0,1,0,0,0,1,4
5271,33,2,0.380203299,0,10027,1,0,0,3,0,0,1,0,0,2,2,2,2,3,3,4,4,3,3,3,2,2,3,3,2,2,2,2,3,2,3,3,1,-1.924830564,-0.132433391,0.084708765,0,1,0,0,2,0,0,1,0,0,2,0,4,1,0,1,0,1,2,0,0,0,1,0,0,1,1,0,0,1,3,0,0,1,3,0,0,1,3,0,0,1,3,0,0,1,3,0,0,0,1,4
5275,33,4,0.211891834,0,12303,0,1,0,1,1,0,0,0,0,2,1,2,5,5,1,1,1,1,1,1,1,1,1,1,1,2,2,1,1,1,1,1,0,-2.567522036,-1.486352911,-1.177094072,0,1,0,0,2,0,0,1,0,0,2,0,4,1,0,1,0,1,2,0,0,0,0,1,0,0,0,0,0,1,3,0,1,0,2,0,0,1,3,1,0,0,1,1,0,0,1,0,0,1,0,3
5276,7,4,0.639597291,0,6105,1,0,0,3,0,0,1,0,0,2,5,4,5,4,1,1,1,4,5,3,2,1,1,2,2,1,1,3,3,3,2,4,1,-0.24296966,0.091999184,-0.502961597,0,1,0,0,2,0,0,0,1,0,2,0,2,0,1,2,0,0,3,0,0,0,0,0,0,1,1,0,0,1,3,0,0,1,3,0,1,0,2,0,0,1,3,0,0,1,3,0,0,0,1,4
5278,10,4,0.248446662,0,32189,0,1,0,1,1,0,0,0,0,1,6,3,3,3,3,3,3,3,3,3,2,2,2,3,2,2,2,2,2,3,3,3,1,0.334374876,-0.740038029,-0.884810958,1,1,0,0,2,0,0,1,0,0,2,0,4,1,0,1,0,0,3,0,0,0,0,0,0,1,1,1,0,0,1,1,0,0,1,0,1,0,2,1,0,0,1,1,0,0,1,1,0,0,0,1
5280,33,2,0.113873486,0,10606,1,0,0,2,0,1,0,0,0,1,2,4,4,4,5,1,1,5,5,3,1,1,1,3,2,1,1,2,3,1,3,3,1,0.527579613,-0.609132708,-0.704421597,1,0,1,0,3,0,1,1,0,0,2,0,4,1,0,1,0,0,3,0,1,0,0,0,0,1,1,0,0,1,3,0,0,1,3,0,1,0,2,0,1,0,2,0,0,1,3,0,0,0,1,4
5281,1,2,0.951097522,0,36606,0,1,0,3,0,0,1,0,0,3,5,2,4,4,1,1,1,1,5,1,2,2,2,3,2,2,3,3,2,2,3,2,1,0.350644497,0.771379445,0.88035286,1,0,0,0,1,0,0,0,0,1,1,1,1,0,1,2,0,0,3,1,0,1,1,0,0,1,1,0,1,0,2,0,0,1,3,0,0,1,3,0,0,1,3,1,0,0,1,0,1,0,0,2
5282,39,2,0.655515664,0,18246,0,0,1,3,0,0,1,0,0,4,6,4,3,5,1,1,1,3,3,1,2,2,2,4,2,2,1,2,3,4,3,4,1,-1.242383829,-1.392613976,-1.378705626,1,1,0,0,2,0,0,1,0,0,2,0,4,1,0,1,0,0,3,0,0,0,1,1,0,1,1,1,0,0,1,1,0,0,1,1,0,0,1,1,0,0,1,1,0,0,1,1,0,0,0,1
5284,14,4,0.388565863,0,60516,0,1,0,3,0,0,1,0,0,3,5,5,3,3,1,1,1,1,1,1,2,2,2,3,2,2,2,2,2,3,3,3,1,-1.583947628,-0.434363607,-2.091546006,1,1,0,0,2,1,1,1,0,0,2,0,4,0,1,2,1,0,1,0,0,0,0,0,0,1,1,0,1,0,2,0,1,0,2,0,1,0,2,0,1,0,2,0,1,0,2,0,0,1,0,3
5286,36,2,0.586655446,0,44669,0,0,1,2,0,1,0,0,0,2,5,2,4,5,2,3,3,4,4,3,2,2,2,2,2,2,1,1,3,3,3,3,1,0.174805793,-0.092896874,0.063630636,0,1,0,0,2,0,1,1,0,0,2,0,4,0,1,2,0,1,2,0,0,0,0,1,0,1,1,1,0,0,1,1,0,0,1,0,1,0,2,1,0,0,1,1,0,0,1,1,0,0,0,1
5287,21,4,0.169500596,0,21703,0,1,0,2,0,1,0,0,0,3,3,3,3,3,2,2,2,3,3,3,2,2,2,3,2,2,2,2,2,3,3,3,1,-0.870553864,0.106474482,-0.646524248,1,0,1,0,3,1,1,1,0,0,2,0,4,1,0,1,0,1,2,0,1,0,0,0,0,1,1,0,1,0,2,0,1,0,2,0,0,1,3,0,1,0,2,0,1,0,2,0,0,1,0,3
5289,37,2,1.478679005,0,73533,0,1,0,1,1,0,0,0,0,1,5,1,5,2,1,1,1,1,1,1,2,2,2,3,2,2,2,2,2,3,3,3,1,0.841465024,-0.462033533,-0.428780211,0,1,0,0,2,0,0,1,0,0,2,0,4,0,1,2,1,0,1,0,0,0,1,1,0,1,1,1,0,0,1,1,0,0,1,1,0,0,1,0,0,1,3,1,0,0,1,1,0,0,0,1
5291,10,2,1.309623484,1,33032,0,0,1,5,0,0,0,0,1,1,5,4,5,4,5,4,5,4,4,5,3,3,3,2,3,3,2,2,2,3,3,3,1,0.731324592,0.980493162,1.073355866,1,0,0,0,1,0,0,1,0,0,1,1,1,1,0,1,0,0,3,0,1,0,0,1,0,1,1,1,0,0,1,1,0,0,1,1,0,0,1,0,1,0,2,1,0,0,1,1,0,0,0,1
5293,26,4,1.354148572,0,64653,0,0,1,3,0,0,1,0,0,3,5,3,3,4,2,4,4,4,5,4,2,2,1,4,2,2,2,2,3,2,2,2,1,-0.450260797,-0.611347099,1.102204914,1,0,1,0,3,0,0,1,0,0,2,0,4,1,0,1,0,0,3,1,1,0,0,1,0,1,1,1,0,0,1,1,0,0,1,1,0,0,1,1,0,0,1,1,0,0,1,1,0,0,0,1
5295,10,2,0.579063676,0,32233,0,1,0,5,0,0,0,0,1,5,5,5,1,5,1,1,1,2,4,1,1,1,1,4,2,1,1,1,2,1,3,1,1,-2.34257908,-0.661865604,-0.789871859,1,1,0,0,2,0,0,1,0,0,2,0,4,1,0,1,0,1,2,0,1,0,1,0,0,1,1,0,1,0,2,0,1,0,2,0,0,1,3,0,1,0,2,1,0,0,1,0,0,1,0,3
5299,45,2,0.720281751,1,77019,1,0,0,1,1,0,0,0,0,2,5,1,5,1,1,1,1,1,5,1,2,2,2,3,2,2,2,2,2,3,3,3,1,0.542345191,-0.857003301,0.714355712,1,1,0,0,2,1,1,1,0,0,2,0,4,1,0,1,1,0,1,0,0,0,1,0,0,1,1,0,0,1,3,0,0,1,3,1,0,0,1,0,0,1,3,1,0,0,1,0,0,0,1,4
5301,21,4,0.507806723,0,20853,0,1,0,4,0,0,0,1,0,4,1,4,2,5,5,5,3,4,5,4,1,2,3,2,3,1,2,2,3,2,2,3,1,1.160547108,-0.206292585,1.119596782,1,1,0,0,2,0,0,1,0,0,2,0,4,1,0,1,0,1,2,0,1,0,0,1,0,1,1,0,0,1,3,0,1,0,2,0,0,1,3,0,0,1,3,1,0,0,1,0,0,1,0,3
5303,31,2,0.517530548,0,7735,0,1,0,3,0,0,1,0,0,2,5,4,4,4,1,2,1,5,5,3,2,2,2,4,2,2,2,2,2,3,3,4,1,0.355279784,-2.074057175,0.561036,0,0,0,0,1,0,0,0,1,0,2,0,2,1,0,1,1,0,1,0,0,0,1,0,1,1,1,0,1,0,2,0,1,0,2,0,1,0,2,0,1,0,2,0,1,0,2,0,0,0,1,4
5308,39,1,0.534583884,0,17404,1,0,0,2,0,1,0,0,0,2,4,0,5,4,1,1,1,1,4,2,2,2,2,2,3,2,2,2,2,2,2,2,1,-0.797247425,-0.541714114,0.396273811,1,1,0,0,2,0,0,1,0,0,2,0,4,0,1,2,0,0,3,1,0,0,0,1,0,1,1,0,0,1,3,0,0,1,3,0,1,0,2,0,0,1,3,1,0,0,1,0,0,0,1,4
5309,45,2,6.503724118,1,78758,0,1,0,1,1,0,0,0,0,1,4,3,4,3,1,1,2,4,4,4,2,3,3,1,1,3,3,2,2,3,3,3,1,-0.368857562,0.344917651,-0.329724293,0,0,0,0,1,0,1,0,0,1,2,0,3,0,0,3,1,0,1,0,0,0,0,0,0,1,1,0,0,0,0,0,0,0,0,0,0,0,0,0,0,0,0,0,0,0,0,0,0,0,0,0
5314,33,2,2.291903991,0,10314,1,0,0,3,0,0,1,0,0,1,5,3,4,5,3,4,4,5,4,4,3,1,3,2,2,2,3,1,2,2,2,2,1,-0.653468345,1.145304242,1.148550707,1,1,0,0,2,0,1,1,0,0,2,0,4,0,0,3,0,0,3,0,0,0,0,1,0,1,1,0,0,1,3,0,0,1,3,0,0,1,3,0,1,0,2,0,1,0,2,0,0,0,1,4
5315,37,4,0.659833414,0,73023,1,0,0,2,0,1,0,0,0,2,5,1,4,4,1,5,2,4,3,4,2,2,2,3,2,2,2,1,2,3,3,3,1,0.449811205,-0.270762844,-0.358676869,1,1,0,0,2,0,0,1,0,0,2,0,4,0,1,2,0,0,3,1,0,0,0,0,0,1,1,0,0,0,0,0,0,0,0,0,0,0,0,0,0,0,0,0,0,0,0,0,0,0,0,0
5318,15,4,0.675130235,0,46239,0,1,0,1,1,0,0,0,0,1,4,1,5,3,1,5,1,1,5,4,3,2,2,2,2,2,2,2,2,2,2,2,1,0.87820553,1.31748174,-1.910875863,1,0,0,0,1,0,0,1,0,0,2,0,4,0,1,2,0,0,3,1,0,0,0,1,0,1,1,1,0,0,1,1,0,0,1,0,1,0,2,0,0,1,3,1,0,0,1,1,0,0,0,1
5321,31,2,0.297498632,0,7111,1,0,0,3,0,0,1,0,0,3,4,5,5,3,4,5,5,5,5,5,3,2,3,1,2,1,1,3,1,3,1,2,1,0.080033753,1.410229305,1.349490319,0,1,0,0,2,0,0,0,1,0,1,1,1,1,0,1,0,1,2,0,0,1,0,0,0,1,1,0,0,1,3,0,0,1,3,0,0,1,3,1,0,0,1,1,0,0,1,0,0,0,1,4
5322,33,2,0.137981042,0,14212,0,1,0,3,0,0,1,0,0,3,3,4,3,3,3,4,4,4,3,3,2,3,3,2,2,2,2,2,2,2,2,2,1,-0.460642378,0.748104545,-0.946712412,0,0,0,0,1,0,0,0,1,0,2,0,2,1,0,1,1,0,1,0,0,0,1,0,0,1,1,0,0,1,3,0,1,0,2,1,0,0,1,1,0,0,1,1,0,0,1,0,0,1,0,3
5327,34,2,1.001875284,0,27893,0,1,0,4,0,0,0,1,0,1,5,4,4,5,4,5,5,5,5,4,2,2,3,2,2,2,2,2,2,2,3,4,1,0.66999722,1.041677073,0.591537126,0,1,0,0,2,0,0,0,1,0,2,0,2,0,1,2,0,0,3,0,0,0,0,0,0,1,1,1,0,0,1,0,1,0,2,0,1,0,2,0,0,1,3,1,0,0,1,1,0,0,0,1
5329,3,2,6.08E-08,0,86005,0,1,0,1,1,0,0,0,0,1,4,2,5,5,1,1,1,3,4,3,1,1,1,3,2,2,1,1,3,3,3,1,0,-1.092242307,-0.715734494,0.117249382,1,0,0,0,1,0,0,1,0,0,2,0,4,1,0,1,0,0,3,0,0,0,1,0,0,0,0,1,0,0,1,1,0,0,1,0,0,1,3,1,0,0,1,1,0,0,1,1,0,0,0,1
5330,15,2,0.844420826,0,46517,0,1,0,3,0,0,1,0,0,1,5,3,4,3,5,4,3,3,3,4,3,2,3,1,3,1,2,2,2,2,2,2,1,-0.536960451,0.784900031,0.637445106,0,0,0,0,1,1,1,1,0,0,2,0,4,0,1,2,0,1,2,0,0,1,0,1,0,1,1,0,1,0,2,0,1,0,2,0,1,0,2,0,0,1,3,1,0,0,1,0,1,0,0,2
5332,46,2,30.19834591,0,84074,0,1,0,5,0,0,0,0,1,1,5,5,5,5,2,2,2,4,5,3,2,2,3,3,2,2,3,2,2,3,3,3,1,0.67070514,1.047654679,0.883394835,1,0,0,0,1,1,1,1,0,0,2,0,4,0,0,3,0,0,3,1,0,0,1,1,0,1,1,1,0,0,1,1,0,0,1,1,0,0,1,0,0,1,3,1,0,0,1,0,1,0,0,2
5335,6,2,0.214704942,0,80227,0,1,0,2,0,1,0,0,0,1,5,3,5,4,2,3,2,2,3,2,2,2,2,3,2,2,2,2,2,3,3,3,1,0.060202413,-0.00948183,0.336767345,1,0,0,0,1,1,1,0,1,0,2,0,2,0,1,2,1,0,1,0,0,0,0,0,0,1,1,0,0,1,3,0,1,0,2,0,1,0,2,1,0,0,1,1,0,0,1,0,0,1,0,3
5338,39,2,1.231730199,0,15206,1,0,0,3,0,0,1,0,0,1,4,3,3,4,3,4,4,4,3,3,2,2,2,3,2,2,2,2,2,3,3,3,1,0.44789165,0.770853263,-0.417463038,1,1,0,0,2,1,1,1,0,0,2,0,4,0,0,3,0,0,3,1,0,0,1,1,0,1,1,0,0,1,3,0,0,1,3,0,1,0,2,1,0,0,1,0,0,1,3,0,0,0,1,4
5339,10,4,0.289588952,0,32091,0,1,0,5,0,0,0,0,1,4,5,4,3,3,4,4,4,4,4,4,1,1,1,1,1,1,1,1,2,1,1,1,1,0.039067363,0.746392774,0.076387477,1,1,0,0,2,0,0,1,0,0,2,0,4,1,0,1,0,0,3,1,1,0,0,1,0,1,1,1,0,0,1,1,0,0,1,0,1,0,2,0,1,0,2,1,0,0,1,1,0,0,0,1
5340,1,2,0.55105983,0,36067,0,1,0,3,0,0,1,0,0,2,4,3,5,3,2,4,5,3,4,3,2,2,2,3,2,2,2,2,2,3,3,3,1,0.728033255,0.963992558,-0.102071442,0,0,0,0,1,0,0,0,1,0,2,0,2,1,0,1,0,0,3,1,0,0,0,0,0,1,1,1,0,0,1,1,0,0,1,0,1,0,2,0,1,0,2,1,0,0,1,1,0,0,0,1
5344,16,2,24.4569761,0,52246,1,0,0,2,0,1,0,0,0,1,5,2,4,4,1,2,2,4,3,2,2,2,2,3,2,2,2,2,2,3,2,3,1,0.057546329,0.260249419,-0.076782765,0,0,0,0,1,0,1,0,0,1,2,0,3,0,0,3,1,0,1,0,0,0,0,1,0,1,1,0,0,1,3,0,0,1,3,1,0,0,1,0,0,1,3,1,0,0,1,0,0,1,0,3
5346,17,1,9.771219502,0,66436,0,1,0,2,0,1,0,0,0,2,5,3,3,4,2,2,2,2,2,2,3,2,2,2,2,2,2,2,2,2,3,2,1,-0.075459836,-0.136837307,-0.893500078,1,0,0,0,1,0,0,1,1,0,2,0,2,0,0,3,0,1,2,0,0,0,1,1,0,1,1,1,0,0,1,0,1,0,2,1,0,0,1,0,0,1,3,1,0,0,1,1,0,0,0,1
5349,23,4,0.597435339,0,48213,0,1,0,2,0,1,0,0,0,3,1,3,4,4,3,4,2,3,3,3,2,2,2,3,2,2,2,2,2,2,3,2,1,-1.009540443,0.179530196,-0.523265259,1,1,0,0,2,0,0,1,0,0,2,0,4,1,0,1,0,1,2,0,0,0,0,0,0,1,1,0,1,0,2,1,0,0,1,0,1,0,2,1,0,0,1,1,0,0,1,0,0,1,0,3
5351,36,2,0.335834833,0,44707,0,1,0,3,0,0,1,0,0,1,4,3,5,2,1,1,1,2,3,3,2,2,2,3,2,2,2,2,2,3,3,3,1,0.572323037,1.546078539,0.598927219,0,1,0,0,2,0,0,1,0,0,2,0,4,1,0,1,0,0,3,0,0,0,1,1,0,1,1,1,0,0,1,0,1,0,2,0,0,1,3,0,0,1,3,1,0,0,1,0,1,0,0,2
5354,36,2,1.901049271,0,45201,1,0,0,2,0,1,0,0,0,2,3,3,4,5,2,3,3,4,5,5,1,1,1,3,2,2,1,2,3,3,2,3,1,1.003232454,0.451442919,-0.125961272,1,0,0,0,1,0,0,1,0,0,2,0,4,0,1,2,0,0,3,1,0,0,0,1,0,1,1,0,0,0,0,0,0,0,0,0,0,0,0,0,0,0,0,0,0,0,0,0,0,0,0,0
5356,45,1,0.518497696,1,75102,0,0,1,2,0,1,0,0,0,3,5,2,4,4,1,4,1,5,5,5,2,2,2,3,2,2,2,2,2,3,3,3,1,0.900249809,0.417279417,0.955943254,1,1,0,0,2,0,0,1,0,0,2,0,4,0,1,2,0,0,3,1,0,0,0,0,0,1,1,1,0,0,1,1,0,0,1,0,1,0,2,1,0,0,1,1,0,0,1,1,0,0,0,1
5358,18,2,2.179462458,0,40353,0,1,0,3,0,0,1,0,0,2,5,2,2,5,1,1,1,5,5,4,3,3,3,1,2,2,1,2,3,3,2,3,1,0.719969388,-1.860398119,0.171247831,1,1,0,0,2,0,0,1,0,0,2,0,4,0,1,2,0,0,3,1,0,0,1,1,0,1,1,1,0,0,1,1,0,0,1,0,1,0,2,0,1,0,2,1,0,0,1,1,0,0,0,1
5359,11,2,0.906565574,0,30236,0,1,0,5,0,0,0,0,1,1,5,4,5,4,1,4,4,4,5,1,3,2,3,1,2,3,3,2,1,2,1,2,1,-0.221989099,0.530867917,-0.672133665,1,1,0,0,2,0,0,0,1,0,2,0,2,0,1,2,0,0,3,1,0,0,0,1,0,1,1,1,0,0,1,0,1,0,2,0,1,0,2,0,1,0,2,1,0,0,1,0,1,0,0,2
5363,23,2,0.502254184,0,48813,0,1,0,4,0,0,0,1,0,3,5,4,4,4,3,5,3,4,5,5,1,1,2,2,2,2,2,2,3,2,2,2,1,0.302056691,0.775222674,0.086477279,1,1,0,0,2,0,0,1,0,0,2,0,4,1,0,1,0,1,2,0,1,0,1,1,0,1,1,1,0,0,1,1,0,0,1,0,1,0,2,1,0,0,1,1,0,0,1,1,0,0,0,1
5364,18,2,0.833237207,0,40211,0,1,0,3,0,0,1,0,0,3,5,5,1,5,1,1,1,5,4,4,2,2,2,3,2,2,3,3,3,2,2,2,1,0.571611203,-0.696265093,0.097953479,1,1,0,0,2,0,0,0,1,0,2,0,2,0,1,2,0,0,3,1,0,0,1,0,0,1,1,0,1,0,2,0,1,0,2,0,0,1,3,1,0,0,1,1,0,0,1,0,0,0,1,4
5365,23,2,0.3355033,0,48238,0,1,0,3,0,0,1,0,0,2,4,4,3,3,2,4,2,2,4,2,2,2,1,3,2,1,2,1,2,3,1,3,0,-1.204358425,0.474609136,-0.977360286,1,0,0,0,1,0,0,0,1,0,2,0,2,1,0,1,0,0,3,1,0,0,1,1,1,0,0,0,0,1,3,1,0,0,1,0,0,1,3,1,0,0,1,1,0,0,1,0,0,1,0,3
5366,15,4,0.325796536,0,47302,0,1,0,4,0,0,0,1,0,4,4,2,2,5,2,1,1,4,4,2,2,2,2,4,2,2,2,2,2,4,4,4,1,-2.227269997,-1.711797034,-0.82342725,1,0,0,0,1,0,0,0,1,0,2,0,2,1,0,1,1,0,1,0,0,0,0,0,1,1,1,0,1,0,2,0,1,0,2,1,0,0,1,0,1,0,2,1,0,0,1,1,0,0,0,1
5367,18,4,0.178372557,0,40440,0,1,0,3,0,0,1,0,0,3,5,3,2,2,2,4,2,4,4,4,2,2,3,3,2,2,2,1,3,3,3,3,1,0.454399112,-0.865382465,0.611898917,1,0,0,0,1,0,0,1,0,0,2,0,4,1,0,1,0,0,3,1,1,0,0,1,0,1,1,1,0,0,1,1,0,0,1,0,1,0,2,1,0,0,1,1,0,0,1,1,0,0,0,1
5370,25,2,1.531119481,0,39631,0,0,1,4,0,0,0,1,0,1,5,4,1,5,1,5,3,3,4,3,2,2,2,4,2,1,2,2,3,4,4,4,1,-0.062846901,-1.233715106,1.18965154,1,1,0,0,2,0,0,0,1,0,1,1,1,1,0,1,0,1,2,1,0,0,0,1,1,1,1,1,0,0,1,1,0,0,1,1,0,0,1,0,1,0,2,1,0,0,1,1,0,0,0,1
5371,41,2,0.78224107,0,29651,0,1,0,4,0,0,0,1,0,4,5,1,5,5,5,5,5,5,5,4,2,2,2,3,2,2,2,2,2,3,3,3,1,1.20104064,0.815544208,1.110062204,1,1,0,0,2,0,0,0,1,0,2,0,2,1,0,1,0,0,3,1,1,0,0,0,0,1,1,1,0,0,1,1,0,0,1,1,0,0,1,0,1,0,2,1,0,0,1,1,0,0,0,1
5377,11,4,0.656663772,0,30904,0,1,0,1,1,0,0,0,0,2,1,0,3,3,3,3,3,3,3,3,2,2,2,3,2,2,2,2,2,4,3,3,1,-0.972371936,-0.458067058,0.195212813,0,1,0,0,2,0,0,1,0,0,2,0,4,1,0,1,0,0,3,1,0,0,0,1,1,1,1,0,1,0,2,0,1,0,2,0,1,0,2,0,0,1,3,1,0,0,1,0,1,0,0,2
5378,39,2,0.896650719,0,15212,1,0,0,3,0,0,1,0,0,2,5,3,4,3,2,4,3,4,5,4,2,3,3,3,3,2,1,2,3,1,3,3,1,0.033510625,0.961720227,0.590048166,1,0,0,0,1,1,1,1,0,0,2,0,4,0,0,3,0,0,3,1,0,0,0,0,0,1,1,0,0,1,3,0,0,1,3,0,0,1,3,1,0,0,1,0,0,1,3,0,0,0,1,4
5379,10,2,0.712030116,1,33018,1,0,0,2,0,1,0,0,0,2,3,3,4,3,2,2,2,4,5,3,2,2,3,3,3,3,1,3,2,2,3,2,1,0.665309544,0.927163516,0.679745454,0,0,0,0,1,0,0,0,1,0,2,0,2,1,0,1,1,0,1,0,0,0,1,0,0,1,1,0,0,1,3,0,0,1,3,0,0,1,3,0,0,1,3,1,0,0,1,0,0,0,1,4
5380,14,2,4.6714421,0,60544,0,1,0,3,0,0,1,0,0,1,3,3,5,5,1,1,4,2,3,4,3,3,2,3,3,3,2,3,2,2,3,1,1,0.282440889,0.867176448,0.651573038,1,0,0,0,1,1,1,1,0,0,2,0,4,0,0,3,0,0,3,1,0,0,1,1,0,1,1,0,1,0,2,1,0,0,1,0,1,0,2,1,0,0,1,1,0,0,1,1,0,0,0,1
5382,26,2,0.149847353,0,64126,0,1,0,3,0,0,1,0,0,3,4,4,4,4,4,4,4,1,3,3,2,1,3,3,3,1,3,3,1,2,1,2,1,-0.686217159,1.340352961,-0.968060655,1,0,0,0,1,0,0,0,1,0,2,0,2,1,0,1,0,0,3,0,0,0,0,0,0,1,1,0,1,0,2,0,1,0,2,0,1,0,2,0,1,0,2,1,0,0,1,0,0,1,0,3
5386,15,4,0.308568203,0,47043,0,0,1,3,0,0,1,0,0,2,5,3,4,4,1,4,1,2,1,1,1,1,1,1,2,2,2,2,2,3,3,4,1,-0.080216715,-0.918285516,-0.348200779,0,0,0,0,1,0,0,1,0,0,2,0,4,1,0,1,0,0,3,0,0,0,0,1,0,1,1,1,0,0,1,1,0,0,1,1,0,0,1,0,1,0,2,1,0,0,1,1,0,0,0,1
5387,51,2,0.353755992,0,53215,1,0,0,5,0,0,0,0,1,5,5,5,5,5,3,3,5,5,5,5,2,1,2,1,3,1,3,1,3,2,2,2,1,-0.897699258,0.276425703,0.402369137,1,1,0,0,2,1,1,0,1,0,2,0,2,1,0,1,1,0,1,0,0,0,0,0,0,1,1,0,0,1,3,0,0,1,3,1,0,0,1,0,1,0,2,1,0,0,1,0,0,0,1,4
5388,45,2,1.355630477,1,75056,0,1,0,3,0,0,1,0,0,3,4,4,4,4,4,5,4,4,4,4,1,1,1,1,3,3,1,3,3,1,2,2,1,0.119562763,1.17332968,-0.245108857,0,0,0,0,1,0,0,1,0,0,1,1,1,1,0,1,0,0,3,1,0,0,0,1,0,1,1,0,1,0,2,0,1,0,2,0,1,0,2,0,1,0,2,1,0,0,1,0,1,0,0,2
5390,45,2,1.48011928,1,75227,0,1,0,3,0,0,1,0,0,3,3,3,3,3,3,3,3,3,3,3,2,2,2,3,2,2,2,2,2,3,3,3,1,0.067731785,0.818495615,0.088087581,1,1,0,0,2,1,1,1,0,0,2,0,4,0,1,2,1,0,1,0,0,0,0,1,0,1,1,0,0,1,3,0,1,0,2,0,1,0,2,1,0,0,1,0,1,0,2,0,0,1,0,3
5391,34,4,0.290535951,0,28613,0,1,0,2,0,1,0,0,0,3,3,2,3,3,3,1,3,3,3,3,1,1,1,1,1,1,2,1,1,1,3,1,1,-1.443527814,-0.259164475,-1.107691003,1,1,0,0,2,0,0,1,0,0,2,0,4,1,0,1,0,1,2,1,0,0,0,1,0,1,1,1,0,0,1,1,0,0,1,0,1,0,2,0,1,0,2,1,0,0,1,1,0,0,0,1
5396,10,2,1.553071594,0,33909,0,1,0,1,1,0,0,0,0,1,5,0,5,3,1,1,1,1,3,1,2,2,2,3,2,2,2,2,2,1,3,1,1,-0.541787042,0.209424275,-0.28525054,0,1,0,0,2,1,1,1,0,0,2,0,4,0,1,2,0,1,2,0,0,0,0,0,0,1,1,1,0,0,1,0,1,0,2,0,0,1,3,0,0,1,3,1,0,0,1,0,0,1,0,3
5397,33,1,0.306056254,0,14613,0,1,0,1,1,0,0,0,0,1,2,4,1,4,3,5,2,4,2,3,1,2,3,4,3,2,1,2,2,2,1,3,1,-0.330172959,-0.759899723,-0.229331798,0,1,0,0,2,0,0,0,1,0,2,0,2,1,0,1,0,0,3,1,0,0,0,1,1,1,1,0,0,1,3,0,1,0,2,1,0,0,1,1,0,0,1,1,0,0,1,0,0,0,1,4
5398,26,4,0.864848699,0,63122,0,1,0,4,0,0,0,1,0,3,5,3,4,5,3,3,2,2,2,2,1,1,3,1,3,1,2,2,3,1,2,2,1,-0.170389939,0.147923175,-0.758400885,1,1,0,0,2,0,0,1,0,0,2,0,4,1,0,1,0,0,3,1,0,0,0,1,0,1,1,0,1,0,2,0,0,1,3,0,1,0,2,0,0,1,3,1,0,0,1,0,0,1,0,3
5399,6,2,0.007221835,0,80246,1,0,0,2,0,1,0,0,0,2,5,2,4,3,1,4,1,5,5,5,2,2,2,3,2,2,2,3,3,2,4,4,1,0.450264429,0.607502643,-0.128057655,0,1,0,0,2,0,0,1,0,0,2,0,4,1,0,1,0,1,2,0,0,1,1,1,0,1,1,0,0,1,3,0,0,1,3,1,0,0,1,0,1,0,2,1,0,0,1,0,0,0,1,4
5403,17,2,0.103070123,0,66202,0,1,0,3,0,0,1,0,0,3,4,4,3,3,3,4,4,4,3,4,2,2,2,3,2,2,2,2,3,3,3,3,1,-0.005990704,0.689808906,-0.770267527,0,1,0,0,2,1,1,0,1,0,2,0,2,1,0,1,0,0,3,1,0,0,1,1,0,1,1,0,1,0,2,0,0,1,3,0,0,1,3,1,0,0,1,1,0,0,1,0,0,1,0,3
5408,15,4,1.478793281,0,46517,0,1,0,3,0,0,1,0,0,1,5,4,4,4,5,5,5,5,5,5,2,2,2,3,3,2,2,2,2,4,3,4,1,0.703720801,-0.563105798,1.23591789,1,1,0,0,2,0,0,1,0,0,2,0,4,1,0,1,0,0,3,1,1,0,0,0,0,1,1,0,1,0,2,0,1,0,2,0,1,0,2,0,0,1,3,1,0,0,1,0,1,0,0,2
5409,45,2,8.303938996,1,77012,0,1,0,4,0,0,0,1,0,4,5,4,1,4,3,4,4,4,3,4,1,1,1,1,3,3,1,1,3,1,2,1,1,-0.624088601,0.283339884,0.692572654,0,1,0,0,2,0,0,1,0,0,1,1,1,0,1,2,1,0,1,1,0,0,1,0,0,1,1,0,0,1,3,0,1,0,2,0,0,1,3,0,0,1,3,1,0,0,1,0,0,0,1,4
5412,23,2,0.772828527,0,48227,0,1,0,3,0,0,1,0,0,1,3,1,5,3,1,3,2,4,3,3,2,2,2,3,2,2,2,2,1,3,3,4,1,-0.577596633,0.832334425,-0.212242598,1,1,0,0,2,0,0,0,1,0,2,0,2,0,1,2,0,0,3,1,0,0,1,1,0,1,1,0,0,1,3,1,0,0,1,0,1,0,2,1,0,0,1,1,0,0,1,0,0,1,0,3
5416,36,2,1.330469981,0,44484,0,1,0,1,1,0,0,0,0,1,5,0,5,5,1,1,1,1,1,1,3,3,3,2,2,2,3,2,3,1,2,1,1,-0.840355265,1.317662612,0.287280937,0,0,0,0,1,0,0,1,0,0,2,0,4,1,0,1,1,0,1,0,0,1,1,0,0,1,1,1,0,0,1,0,1,0,2,0,1,0,2,0,0,1,3,1,0,0,1,1,0,0,0,1
5417,33,2,0.28628616,0,11412,1,0,0,2,0,1,0,0,0,1,2,1,4,2,1,1,1,4,4,3,3,1,1,4,3,1,3,2,1,1,1,3,0,0.327438355,-0.139473059,-0.092387005,0,0,0,0,1,0,0,0,1,0,2,0,2,0,1,2,0,0,3,0,0,0,0,0,0,0,0,0,0,1,3,0,1,0,2,1,0,0,1,1,0,0,1,0,0,1,3,0,0,0,1,4
5418,45,1,0.670207885,1,77014,0,1,0,4,0,0,0,1,0,2,4,4,4,5,3,4,3,4,5,4,2,1,3,4,3,2,1,3,2,2,2,2,1,-0.813611317,0.546105919,0.792177188,0,0,0,0,1,0,0,0,1,0,2,0,2,1,0,1,0,0,3,0,0,1,0,0,0,1,1,0,0,1,3,0,1,0,2,1,0,0,1,0,0,1,3,1,0,0,1,0,0,0,1,4
5425,33,2,0.975241335,0,11768,0,1,0,2,0,1,0,0,0,1,4,3,3,5,1,4,4,1,1,1,1,1,1,1,1,1,1,3,1,1,1,1,1,-0.11971698,0.311925113,0.097038307,0,1,0,0,2,0,0,1,0,0,2,0,4,0,1,2,0,0,3,1,0,0,1,1,0,1,1,1,0,0,1,1,0,0,1,1,0,0,1,0,1,0,2,0,1,0,2,1,0,0,0,1
5426,39,2,5.038970671,0,19013,0,1,0,2,0,1,0,0,0,1,5,4,4,4,4,5,4,5,4,4,2,2,3,1,3,3,3,2,2,3,3,2,1,0.909102697,1.039190108,0.998372285,0,0,0,0,1,0,0,0,1,0,2,0,2,0,0,3,1,0,1,0,0,0,0,1,0,1,1,0,0,1,3,0,1,0,2,0,0,1,3,1,0,0,1,0,0,1,3,0,0,0,1,4
5427,46,2,0.052912103,0,84404,0,1,0,3,0,0,1,0,0,2,5,1,5,1,1,1,1,4,1,2,2,2,2,1,2,2,3,2,1,4,2,4,1,0.475896765,-1.627994742,1.175470485,0,0,0,0,1,0,0,1,0,0,2,0,4,1,0,1,0,1,2,0,0,0,1,1,0,1,1,0,1,0,2,0,1,0,2,1,0,0,1,0,1,0,2,1,0,0,1,0,0,1,0,3
5428,31,2,0.636228802,0,8861,1,0,0,3,0,0,1,0,0,2,4,2,3,5,2,2,2,5,5,5,2,1,3,2,2,1,3,1,1,1,1,1,1,0.5597026,-0.505579658,0.401927964,0,0,0,0,1,0,0,0,1,0,1,1,1,1,0,1,1,0,1,0,0,0,0,0,0,1,1,0,0,1,3,0,0,1,3,0,0,1,3,0,1,0,2,0,0,1,3,0,0,0,1,4
5430,33,4,3.696476413,0,10466,1,0,0,3,0,0,1,0,0,2,4,4,4,3,4,3,4,4,4,3,3,2,3,1,2,2,3,2,2,2,2,2,1,-0.16092698,0.652416222,0.064756613,0,0,0,0,1,0,0,0,1,0,2,0,2,1,0,1,1,0,1,0,0,0,0,0,1,1,1,0,0,1,3,0,0,1,3,1,0,0,1,1,0,0,1,0,0,1,3,0,0,1,0,3
5431,48,4,2.035983119,0,23703,0,1,0,3,0,0,1,0,0,2,4,3,3,3,3,3,3,3,3,3,2,2,2,3,2,2,2,2,2,3,3,3,1,0.343019956,0.363921264,0.673310016,0,0,0,0,1,0,0,0,1,0,2,0,2,0,1,2,0,0,3,1,0,0,0,0,0,1,1,0,1,0,2,1,0,0,1,0,0,1,3,1,0,0,1,1,0,0,1,0,1,0,0,2
5435,19,2,0.732577431,0,71111,0,1,0,3,0,0,1,0,0,1,4,3,4,5,3,4,5,5,5,3,1,1,2,1,3,2,1,1,3,1,3,3,1,0.318965937,0.249830824,1.151061746,0,0,0,0,1,0,0,0,1,0,2,0,2,1,0,1,0,1,2,1,0,0,1,0,0,1,1,0,1,0,2,0,0,1,3,0,0,1,3,0,0,1,3,1,0,0,1,1,0,0,0,1
5438,11,3,0.855960481,0,30318,1,0,0,3,0,0,1,0,0,2,4,4,3,3,1,1,1,3,5,4,2,2,2,3,2,2,2,1,2,3,3,3,1,0.695795344,0.725474487,0.423580958,0,0,0,0,1,0,0,1,0,0,2,0,4,0,1,2,0,0,3,0,0,0,0,1,0,1,1,0,0,1,3,0,0,1,3,1,0,0,1,0,1,0,2,0,0,1,3,0,0,1,0,3
5439,21,2,0.421085305,0,20904,0,1,0,5,0,0,0,0,1,1,5,4,4,4,4,5,5,5,4,4,2,2,2,3,2,2,2,2,2,3,3,3,1,0.211381267,1.007693525,1.231291555,0,0,0,0,1,0,0,0,1,0,1,1,1,1,0,1,0,0,3,1,1,0,0,0,0,1,1,0,0,1,3,0,1,0,2,0,0,1,3,1,0,0,1,1,0,0,1,0,0,1,0,3
5441,39,2,3.699654167,0,18109,0,1,0,2,0,1,0,0,0,3,2,2,4,3,3,4,3,4,4,4,2,1,1,2,2,2,3,1,2,2,2,2,1,0.313638166,-0.074138406,0.131516845,0,1,0,0,2,1,1,1,0,0,2,0,4,0,0,3,0,0,3,1,0,0,1,0,0,1,1,0,1,0,2,0,0,1,3,1,0,0,1,0,0,1,3,1,0,0,1,0,0,0,1,4
5442,45,2,12.56016865,0,73301,1,0,0,1,1,0,0,0,0,1,5,3,5,5,3,3,3,3,4,4,2,2,2,3,2,2,2,2,2,3,3,3,1,0.636364249,0.374761695,0.315066895,0,0,0,0,1,0,0,0,1,0,2,0,2,1,0,1,1,0,1,0,0,0,0,1,0,1,1,0,0,0,0,0,0,0,0,0,0,0,0,0,0,0,0,0,0,0,0,0,0,0,0,0
5445,35,2,0.408693484,0,58703,0,1,0,1,1,0,0,0,0,2,2,3,3,3,3,3,3,3,3,3,2,2,2,3,2,2,2,2,2,3,3,3,1,0.085436499,0.772951358,0.093337573,0,0,0,0,1,0,0,1,0,0,2,0,4,1,0,1,0,1,2,0,0,0,0,0,1,1,1,0,1,0,2,0,1,0,2,1,0,0,1,0,0,1,3,1,0,0,1,0,1,0,0,2
5448,31,2,0.90037585,0,8361,0,1,0,2,0,1,0,0,0,2,5,2,1,5,4,3,4,5,5,5,3,2,2,2,2,2,2,2,3,2,2,2,1,0.073576002,0.468364572,1.098835567,0,0,0,0,1,0,0,1,0,0,1,1,1,1,0,1,0,0,3,1,0,0,1,1,0,1,1,1,0,0,1,1,0,0,1,1,0,0,1,1,0,0,1,1,0,0,1,1,0,0,0,1
5450,37,2,0.468361817,0,73750,0,1,0,4,0,0,0,1,0,2,5,4,2,5,4,4,5,5,5,5,1,1,3,1,3,1,1,1,3,3,3,2,1,0.741684464,0.691774735,0.485251863,0,1,0,0,2,1,1,1,0,0,2,0,4,0,1,2,0,0,3,1,0,0,0,1,0,1,1,1,0,0,1,1,0,0,1,0,1,0,2,0,0,1,3,1,0,0,1,1,0,0,0,1
5455,46,2,0.013248916,0,84333,0,0,1,3,0,0,1,0,0,3,5,4,4,4,3,2,5,4,5,4,2,3,3,3,3,1,2,3,3,3,2,2,1,0.100089731,1.104142703,0.279150391,0,1,0,0,2,0,0,1,0,0,2,0,4,1,0,1,0,0,3,0,0,0,0,0,0,1,1,1,0,0,1,1,0,0,1,1,0,0,1,0,0,1,3,1,0,0,1,1,0,0,0,1
5457,45,2,1.787612913,1,77049,0,1,0,2,0,1,0,0,0,2,4,1,4,2,2,2,2,2,4,4,2,2,2,3,2,2,2,2,2,3,3,3,1,0.313638166,-0.074138406,0.131516845,0,0,0,0,1,0,0,1,0,0,2,0,4,0,1,2,0,0,3,1,0,0,0,1,0,1,1,0,0,1,3,1,0,0,1,0,0,1,3,1,0,0,1,1,0,0,1,1,0,0,0,1
5461,33,1,1.948466788,0,11746,0,1,0,3,0,0,1,0,0,1,4,2,3,4,3,3,4,3,3,4,2,1,3,2,3,2,1,1,2,1,3,3,1,0.150545084,0.725545541,0.788989888,0,0,0,0,1,0,1,1,0,0,2,0,4,0,0,3,0,1,2,0,0,0,1,1,0,1,1,0,1,0,2,0,1,0,2,0,1,0,2,0,0,1,3,0,0,1,3,0,1,0,0,2
5462,9,2,0.723690892,0,20011,1,0,0,3,0,0,1,0,0,3,4,4,4,3,4,4,4,4,4,5,2,2,3,3,2,2,2,3,2,3,4,3,1,-0.235150262,0.313348346,0.909109165,0,1,0,0,2,0,0,0,1,0,2,0,2,0,1,2,0,0,3,1,1,1,0,0,0,1,1,0,0,1,3,0,0,1,3,1,0,0,1,0,1,0,2,0,0,1,3,0,0,0,1,4
5463,11,2,0.829236385,0,30331,0,1,0,2,0,1,0,0,0,3,6,3,4,3,3,3,3,2,3,3,2,2,2,3,2,2,2,2,2,3,3,3,1,-0.064585513,-0.006422258,-0.691047165,0,0,0,0,1,0,0,0,1,0,2,0,2,1,0,1,1,0,1,0,0,0,1,0,1,1,1,0,1,0,2,0,1,0,2,0,0,1,3,0,0,1,3,1,0,0,1,0,0,1,0,3
5465,48,2,3.545035071,0,24354,0,1,0,3,0,0,1,0,0,2,3,2,4,3,1,3,1,3,4,3,2,2,2,2,2,2,2,1,2,3,3,2,1,-0.318730599,0.952783105,0.293687799,0,1,0,0,2,0,0,1,0,0,2,0,4,1,0,1,0,0,3,1,0,0,0,1,0,1,1,1,0,0,1,1,0,0,1,0,1,0,2,1,0,0,1,1,0,0,1,1,0,0,0,1
5466,10,2,0.468361817,1,33145,1,0,0,4,0,0,0,1,0,2,4,4,4,5,4,5,4,3,4,4,2,2,2,3,3,2,2,2,2,3,3,3,1,1.118181982,1.157456394,0.554461202,0,1,0,0,2,1,1,1,0,0,2,0,4,0,1,2,0,0,3,1,0,0,0,1,0,1,1,0,0,1,3,0,0,1,3,1,0,0,1,0,1,0,2,0,1,0,2,0,0,0,1,4
5467,33,2,0.998158456,0,14532,0,0,1,2,0,1,0,0,0,1,4,5,3,4,3,3,2,3,3,4,2,2,2,2,2,2,2,2,2,3,4,1,1,-0.924499228,0.621747598,0.445253995,0,0,0,0,1,0,0,1,0,0,2,0,4,0,1,2,0,0,3,0,0,1,1,0,0,1,1,1,0,0,1,1,0,0,1,0,0,1,3,0,0,1,3,1,0,0,1,1,0,0,0,1
5468,39,2,3.068109418,0,18018,1,0,0,3,0,0,1,0,0,1,5,2,3,4,3,4,1,2,1,4,3,3,3,3,2,2,2,2,2,3,2,3,0,-0.540866526,0.408542001,-1.833433628,0,0,0,0,1,0,0,1,0,0,1,1,1,0,1,2,0,1,2,1,0,0,0,1,0,0,0,0,0,1,3,0,0,1,3,0,0,1,3,0,1,0,2,1,0,0,1,0,0,0,1,4
5469,33,4,0.422562948,0,12182,1,0,0,3,0,0,1,0,0,1,4,1,4,5,1,1,1,1,3,2,1,1,3,2,3,1,1,1,3,1,2,1,1,0.725603604,0.990308194,0.990454151,0,0,0,0,1,0,0,1,0,0,2,0,4,1,0,1,1,0,1,0,0,0,0,0,1,1,1,0,0,1,3,0,0,1,3,1,0,0,1,0,0,1,3,1,0,0,1,0,0,0,1,4
5470,45,2,2.405811409,0,79015,0,1,0,2,0,1,0,0,0,2,5,4,4,2,4,2,4,4,5,4,2,1,1,1,2,2,2,1,1,1,3,2,0,0.762499314,0.550871325,-0.035222345,0,1,0,0,2,0,0,1,0,0,2,0,4,0,1,2,1,0,1,0,0,0,0,1,0,0,0,1,0,0,1,0,1,0,2,0,1,0,2,0,1,0,2,1,0,0,1,1,0,0,0,1
5475,10,2,2.202939592,1,33170,0,1,0,4,0,0,0,1,0,4,5,4,5,4,4,5,5,4,4,5,3,3,3,2,3,3,3,3,3,2,2,2,1,0.061429609,0.956181867,-1.161212778,0,0,0,0,1,0,0,0,1,0,2,0,2,0,1,2,1,0,1,0,0,0,1,1,0,1,1,1,0,0,1,1,0,0,1,0,0,1,3,0,1,0,2,1,0,0,1,0,0,1,0,3
5476,33,4,0.035428928,0,11212,1,0,0,2,0,1,0,0,0,2,4,3,2,3,4,4,5,5,5,4,2,2,1,3,3,3,3,2,1,1,2,1,1,0.113832484,-0.242556385,-0.141339062,0,1,0,0,2,0,0,0,1,0,2,0,2,1,0,1,1,0,1,0,0,0,0,0,1,1,1,0,0,1,3,0,0,1,3,1,0,0,1,1,0,0,1,0,0,1,3,0,0,0,1,4
5477,10,2,0.484960987,0,32608,0,1,0,5,0,0,0,0,1,1,5,5,3,3,2,2,3,2,3,3,3,3,3,2,3,3,3,3,3,2,2,4,1,-1.644717515,0.418601662,-1.575530043,0,0,0,0,1,0,0,1,0,0,2,0,4,1,0,1,0,0,3,1,0,0,1,0,0,1,1,0,1,0,2,0,1,0,2,0,0,1,3,0,0,1,3,1,0,0,1,0,0,1,0,3
5480,22,2,1.958086624,0,2124,1,0,0,3,0,0,1,0,0,3,4,2,3,3,3,3,3,3,3,3,2,2,2,3,2,2,2,2,2,3,3,3,1,-1.031293859,0.330053059,0.253003234,0,0,0,0,1,1,1,1,0,0,1,1,1,0,0,3,0,1,2,1,0,0,1,1,0,1,1,0,0,1,3,0,0,1,3,1,0,0,1,0,1,0,2,0,0,1,3,0,0,0,1,4
5481,45,4,0.428857345,1,78745,1,0,0,3,0,0,1,0,0,1,5,3,5,3,3,3,1,3,5,3,2,2,2,3,2,2,2,2,2,3,3,4,1,-0.433630468,-0.410038408,0.844789584,0,1,0,0,2,0,0,1,0,0,2,0,4,1,0,1,1,0,1,0,0,0,0,0,0,1,1,0,0,1,3,0,1,0,2,0,0,1,3,0,0,1,3,1,0,0,1,0,0,1,0,3
5483,24,2,2.971761424,0,55416,1,0,0,2,0,1,0,0,0,2,5,3,3,5,3,3,3,4,4,3,1,2,2,3,2,2,2,2,2,2,2,4,1,-0.52557314,0.187054222,-0.411286866,0,1,0,0,2,1,1,0,0,0,2,0,5,0,1,2,1,0,1,0,0,0,1,0,0,1,1,0,0,1,3,0,0,1,3,0,0,1,3,0,0,1,3,1,0,0,1,0,0,0,1,4
5485,11,2,1.989288263,0,30643,0,0,1,3,0,0,1,0,0,3,4,4,3,3,4,4,1,4,4,2,2,3,2,2,2,3,2,2,3,2,4,1,1,-1.119098294,0.971129501,-1.580557197,0,0,0,0,1,0,0,1,0,0,2,0,4,0,1,2,0,0,3,1,1,0,0,0,0,1,1,1,0,0,1,1,0,0,1,0,1,0,2,1,0,0,1,1,0,0,1,1,0,0,0,1
5486,45,3,0.147554669,1,75052,1,0,0,3,0,0,1,0,0,3,3,4,3,4,5,3,2,1,1,2,3,2,2,3,1,2,1,1,3,2,2,1,1,-0.297951807,1.423869383,0.248583482,0,1,0,0,2,0,0,0,0,0,1,1,1,1,0,1,0,0,3,0,0,0,0,1,0,1,1,0,0,1,3,0,0,1,3,0,0,1,3,0,1,0,2,1,0,0,1,1,0,0,0,1
5491,36,2,3.168743023,0,43623,0,1,0,3,0,0,1,0,0,3,2,3,4,2,1,1,1,2,2,2,3,2,2,2,2,2,2,2,2,4,2,4,1,-0.007776071,-0.002963418,0.204709275,0,1,0,0,2,0,0,1,0,0,2,0,4,0,1,2,1,0,1,0,0,0,1,0,0,1,1,0,1,0,2,0,1,0,2,0,1,0,2,1,0,0,1,1,0,0,1,0,0,1,0,3
5492,42,4,0.306401604,0,29152,0,1,0,4,0,0,0,1,0,2,4,4,2,5,4,4,4,4,4,4,1,2,2,1,2,2,2,2,3,2,2,4,1,-0.620392566,0.138792489,-0.326759183,0,0,0,0,1,0,0,0,1,0,2,0,2,1,0,1,0,1,2,0,0,0,0,0,1,1,1,1,0,0,1,1,0,0,1,1,0,0,1,0,1,0,2,1,0,0,1,1,0,0,0,1
5493,33,2,0.433819539,0,14609,0,1,0,1,1,0,0,0,0,1,5,2,5,1,3,5,4,5,5,5,3,1,3,2,3,3,3,1,3,1,1,1,1,0.269513772,1.264295998,0.979207516,0,1,0,0,2,0,0,0,1,0,2,0,2,1,0,1,0,0,3,1,0,0,1,0,0,1,1,0,0,1,3,0,1,0,2,0,0,1,3,1,0,0,1,1,0,0,1,0,0,0,1,4
5494,42,4,1.083229399,0,29922,0,0,1,3,0,0,1,0,0,3,5,5,2,2,2,2,2,2,4,2,2,2,2,3,2,2,2,2,2,3,3,3,1,-0.400972046,0.630872465,0.193831806,0,0,0,0,1,0,0,0,1,0,2,0,2,0,1,2,0,0,3,1,0,0,0,0,0,1,1,1,0,0,1,1,0,0,1,1,0,0,1,1,0,0,1,1,0,0,1,1,0,0,0,1
5496,23,2,1.89561324,0,48838,0,1,0,2,0,1,0,0,0,1,2,1,5,2,1,1,1,1,1,1,2,2,2,3,2,2,2,2,2,3,3,3,1,-1.161952341,0.737126945,0.992553826,0,1,0,0,2,0,0,1,0,0,2,0,4,1,0,1,0,0,3,1,0,0,1,0,0,1,1,1,0,0,1,1,0,0,1,1,0,0,1,0,1,0,2,1,0,0,1,1,0,0,0,1
5498,33,2,0.221382339,0,11520,1,0,0,3,0,0,1,0,0,3,3,3,3,3,3,3,3,3,3,3,1,1,1,2,2,2,2,1,3,2,2,3,0,-0.887338422,0.279975989,-0.71656319,0,0,0,0,1,0,0,1,0,0,2,0,4,1,0,1,1,0,1,0,0,0,1,1,0,0,0,0,0,1,3,0,0,1,3,0,1,0,2,0,1,0,2,0,0,1,3,0,0,0,1,4
5499,14,4,2.695221641,0,62220,0,1,0,3,0,0,1,0,0,2,4,4,3,4,4,5,2,4,5,4,1,1,3,1,3,1,2,3,3,2,2,3,1,0.787166667,0.848231441,-0.129089174,0,0,0,0,1,0,0,1,0,0,2,0,4,0,0,0,1,0,1,0,0,0,0,0,1,1,1,0,1,0,2,0,0,1,3,0,1,0,2,0,0,1,3,0,1,0,2,0,0,1,0,3
5500,10,2,17.64834352,0,32601,0,1,0,2,0,1,0,0,0,3,4,3,3,4,3,5,3,2,5,4,3,2,2,1,2,2,2,2,3,2,2,2,0,-0.162298624,0.070030782,-0.841251797,0,0,0,0,1,0,0,1,1,0,2,0,2,0,1,2,0,0,3,1,1,0,0,0,0,0,0,0,1,0,2,0,0,1,3,0,0,1,3,0,0,1,3,1,0,0,1,0,0,0,1,4
5507,44,4,0.689586756,0,37604,0,1,0,2,0,1,0,0,0,2,4,2,4,3,1,1,1,1,4,1,2,2,2,4,2,2,2,2,3,4,4,4,1,0.225835156,-1.538484734,-2.298685648,0,0,0,0,1,0,0,1,0,0,2,0,4,0,1,2,0,0,3,0,0,0,0,1,0,1,1,1,0,0,1,0,1,0,2,0,1,0,2,1,0,0,1,1,0,0,1,0,1,0,0,2
5512,10,3,4.356147175,1,32766,0,1,0,4,0,0,0,1,0,4,4,3,4,5,1,5,5,5,5,4,2,2,2,2,3,1,3,1,3,2,1,2,1,0.270187364,0.017868357,0.209994979,0,0,0,0,1,0,0,0,1,0,2,0,2,1,0,1,0,1,2,0,0,0,0,1,0,1,1,1,0,0,1,1,0,0,1,0,1,0,2,1,0,0,1,1,0,0,1,1,0,0,0,1
5514,11,4,1.104903787,0,30168,0,1,0,3,0,0,1,0,0,3,4,5,4,2,1,4,1,2,5,4,2,2,3,3,2,2,2,2,2,2,2,1,1,0.620845918,-1.205579043,0.605952844,0,0,0,0,1,0,0,0,1,0,2,0,2,0,1,2,0,0,3,1,0,0,0,0,0,1,1,1,0,0,1,1,0,0,1,0,1,0,2,0,0,1,3,1,0,0,1,1,0,0,0,1
5515,33,2,1.178029089,0,10118,1,0,0,3,0,0,1,0,0,2,6,4,2,3,4,4,2,4,5,5,1,2,2,1,3,1,1,1,2,3,3,2,1,0.667399446,1.212025305,0.816844052,0,0,0,0,1,0,1,0,1,0,2,0,2,0,0,3,0,0,3,1,0,1,0,0,0,1,1,0,0,0,0,0,0,0,0,0,0,0,0,0,0,0,0,0,0,0,0,0,0,0,0,0
5517,31,4,4.361304589,0,7748,0,1,0,2,0,1,0,0,0,2,5,1,4,4,1,1,1,4,3,1,2,2,2,4,2,2,2,2,2,4,4,3,1,-1.298043264,-1.373781915,1.883147483,0,1,0,0,2,0,1,0,0,0,2,0,5,0,0,3,1,0,1,0,0,0,0,1,0,1,1,0,1,0,2,0,1,0,2,0,1,0,2,0,1,0,2,0,1,0,2,0,0,1,0,3
5519,48,1,8.661786288,0,20136,0,1,0,2,0,1,0,0,0,2,2,2,2,4,1,3,2,1,3,4,2,2,2,3,2,2,2,2,2,2,2,3,1,-0.319580866,0.024017295,-1.751802539,0,0,0,0,1,1,1,1,0,0,1,1,1,0,0,3,0,1,2,0,0,0,1,1,0,1,1,0,1,0,2,1,0,0,1,0,0,1,3,1,0,0,1,0,1,0,2,1,0,0,0,1
5520,23,2,7.956638429,0,48230,1,0,0,3,0,0,1,0,0,3,3,2,3,3,3,3,3,3,3,3,1,1,2,4,2,2,2,2,3,4,2,4,1,-0.080486305,-0.338220321,-0.238409368,0,1,0,0,2,1,1,0,1,0,2,0,2,0,0,3,0,1,2,0,0,0,1,1,0,1,1,0,1,0,2,0,1,0,2,1,0,0,1,0,1,0,2,1,0,0,1,0,0,1,0,3
5523,31,4,0.128875067,0,8081,0,1,0,2,0,1,0,0,0,2,2,3,4,5,5,5,4,5,5,4,1,1,1,2,3,1,1,1,3,2,2,2,1,0.618464362,-1.283072779,0.1791943,0,0,0,0,1,0,0,1,0,0,1,1,1,1,0,1,0,0,3,0,0,0,0,0,0,1,1,0,1,0,2,1,0,0,1,0,0,1,3,0,1,0,2,1,0,0,1,0,1,0,0,2
5525,36,1,0.915316981,0,45255,0,1,0,2,0,1,0,0,0,2,2,3,4,2,4,3,3,3,2,3,1,1,2,2,2,2,3,2,2,2,3,2,1,-1.19785945,0.079882403,-1.851030514,0,0,0,0,1,0,0,0,1,0,2,0,2,1,0,1,1,0,1,1,0,0,0,0,0,1,1,0,1,0,2,0,1,0,2,0,1,0,2,0,1,0,2,1,0,0,1,0,0,1,0,3
5526,14,2,0.362571594,0,61104,1,0,0,3,0,0,1,0,0,3,4,2,2,4,4,2,2,4,4,4,2,2,2,2,2,2,3,1,3,3,1,1,1,0.208489211,0.484200661,-0.205635132,0,0,0,0,1,0,0,0,1,0,2,0,2,1,0,1,0,0,3,1,0,0,0,0,0,1,1,0,0,1,3,0,0,1,3,1,0,0,1,0,1,0,2,1,0,0,1,0,1,0,0,2
5528,23,2,0.61892671,0,49444,0,1,0,2,0,1,0,0,0,2,1,3,2,1,4,5,2,3,1,5,2,1,3,2,1,2,2,3,2,4,2,1,1,-1.799511313,0.38868168,1.096221442,0,0,0,0,1,0,0,0,1,0,2,0,2,1,0,1,1,0,1,0,0,0,1,1,0,1,1,0,1,0,2,1,0,0,1,0,0,1,3,1,0,0,1,1,0,0,1,0,1,0,0,2
5530,33,2,0.43806332,0,14620,1,0,0,2,0,1,0,0,0,2,5,2,5,4,1,1,1,1,5,4,3,2,2,2,2,2,3,1,3,3,2,3,0,0.941895179,0.811307131,0.862561569,0,0,0,0,1,0,0,1,0,0,2,0,4,1,0,1,1,0,1,0,0,0,1,0,0,0,0,0,0,1,3,0,0,1,3,0,0,1,3,0,1,0,2,1,0,0,1,0,0,0,1,4
5531,31,2,0.357872633,0,7524,1,0,0,3,0,0,1,0,0,2,3,5,2,4,4,2,2,1,1,3,2,2,3,1,3,2,2,2,3,1,2,3,1,-0.808968927,0.070555991,-0.922806676,0,0,0,0,1,0,0,0,1,0,2,0,2,1,0,1,1,0,1,0,0,0,0,0,0,1,1,0,0,1,3,0,0,1,3,1,0,0,1,0,0,1,3,0,0,1,3,0,0,0,1,4
5534,34,2,2.749391013,0,27282,0,1,0,2,0,1,0,0,0,3,5,5,3,5,3,2,2,4,4,4,1,1,1,2,2,3,1,1,3,1,1,1,1,-1.653862029,0.116115861,0.164434278,0,0,0,0,1,1,1,1,0,0,2,0,4,0,0,3,0,1,2,0,0,0,1,1,0,1,1,1,0,0,1,1,0,0,1,0,0,1,3,0,1,0,2,1,0,0,1,1,0,0,0,1
5536,14,2,0.700665965,0,61701,0,1,0,2,0,1,0,0,0,3,4,3,5,3,2,3,2,2,4,1,2,3,3,3,2,2,2,3,2,4,2,3,1,-0.653912188,0.134639078,-0.212418144,0,1,0,0,2,0,0,1,0,0,2,0,4,0,0,0,0,0,3,1,0,1,0,0,0,1,1,0,1,0,2,0,0,1,3,0,1,0,2,0,0,1,3,1,0,0,1,0,0,0,1,4
5538,33,2,0.813073066,0,11701,1,0,0,1,1,0,0,0,0,2,2,2,4,4,4,4,5,5,5,4,2,2,2,3,2,2,2,2,2,3,3,4,1,0.738656396,1.014945737,0.14249007,0,1,0,0,2,1,1,0,1,0,2,0,2,0,0,3,0,0,3,1,0,0,0,1,0,1,1,0,1,0,2,0,0,1,3,0,1,0,2,0,0,1,3,0,0,1,3,0,0,0,1,4
5539,24,2,5.63989566,0,55811,0,1,0,4,0,0,0,1,0,3,5,3,5,4,1,1,1,1,4,4,2,2,3,2,3,2,3,2,3,4,2,2,1,0.139209437,1.258053941,-0.054047079,0,0,0,0,1,1,1,1,0,0,2,0,4,0,0,3,0,0,3,1,0,0,1,1,0,1,1,1,0,0,1,0,1,0,2,1,0,0,1,0,1,0,2,1,0,0,1,0,0,1,0,3
5541,25,4,0.471912892,0,39083,0,1,0,3,0,0,1,0,0,3,4,3,1,5,3,1,2,4,5,3,2,2,2,3,2,2,2,2,3,3,4,3,1,-0.423127523,-1.522805841,-2.938966676,0,0,0,0,1,0,0,0,1,0,2,0,2,1,0,1,0,0,3,0,0,0,0,1,0,1,1,1,0,0,1,1,0,0,1,0,1,0,2,0,0,1,3,1,0,0,1,1,0,0,0,1
5542,21,2,0.145759395,0,20735,0,1,0,2,0,1,0,0,0,2,4,4,4,4,4,4,4,4,4,4,2,2,2,3,2,2,2,2,2,3,3,3,1,0.067731785,0.818495615,0.088087581,0,0,0,0,1,1,1,0,1,0,2,0,2,1,0,1,0,1,2,0,0,0,0,0,0,1,1,0,1,0,2,0,1,0,2,0,1,0,2,1,0,0,1,1,0,0,1,1,0,0,0,1
5543,17,1,2.356829068,0,67074,0,0,1,3,0,0,1,0,0,3,3,2,3,3,3,2,2,3,3,3,3,3,3,2,2,2,2,2,2,4,4,4,1,-0.595350975,-0.099519265,-0.127682508,0,0,0,0,1,0,0,1,0,0,2,0,4,1,0,1,0,0,3,1,0,0,0,0,0,1,1,1,0,0,1,1,0,0,1,1,0,0,1,1,0,0,1,1,0,0,1,1,0,0,0,1
5544,33,2,0.266472726,0,11226,1,0,0,1,1,0,0,0,0,1,3,0,4,4,1,1,1,5,4,3,1,1,3,3,3,1,3,2,1,3,2,3,1,0.287580911,-0.205377105,0.661282801,0,0,0,0,1,1,1,1,0,0,2,0,4,0,1,2,0,1,2,0,0,0,0,0,0,1,1,0,0,1,3,0,0,1,3,1,0,0,1,1,0,0,1,0,0,1,3,0,0,1,0,3
5546,29,3,6.55E-06,1,89101,1,0,0,3,0,0,1,0,0,2,4,5,3,5,3,5,5,5,5,5,3,3,3,2,3,1,2,2,3,2,2,2,1,1.088048623,1.282003532,0.845755216,0,0,0,0,1,0,0,0,1,0,2,0,2,1,0,1,1,0,1,0,0,0,0,0,1,1,1,0,0,1,3,0,0,1,3,0,0,1,3,0,1,0,2,0,0,1,3,0,0,0,1,4
5548,44,2,0.634031543,0,38141,0,1,0,4,0,0,0,1,0,3,5,2,3,4,2,3,3,3,3,3,2,2,2,3,2,2,2,2,2,3,3,3,1,-1.170204308,-0.30826418,-0.608208014,0,1,0,0,2,0,0,0,1,0,2,0,2,0,1,2,0,1,2,0,0,0,1,1,0,1,1,0,1,0,2,1,0,0,1,0,1,0,2,1,0,0,1,1,0,0,1,0,1,0,0,2
5549,23,2,0.176608355,0,48227,0,1,0,4,0,0,0,1,0,1,5,4,5,4,5,4,5,4,5,5,2,3,3,3,2,2,2,2,2,3,3,3,1,0.776473542,1.240632474,1.14234345,0,1,0,0,2,1,1,0,1,0,2,0,2,1,0,1,0,0,3,1,0,0,0,1,0,1,1,0,0,1,3,1,0,0,1,0,1,0,2,1,0,0,1,1,0,0,1,0,0,1,0,3
5550,33,2,0.892045979,0,10001,1,0,0,5,0,0,0,0,1,2,5,5,5,4,5,2,3,4,5,3,3,3,3,2,1,3,3,3,3,1,2,2,1,0.742784861,0.988683892,-0.267677681,0,0,0,0,1,1,1,1,0,0,2,0,4,0,0,3,0,0,3,1,0,1,0,0,0,1,1,0,0,1,3,0,0,1,3,0,0,1,3,1,0,0,1,0,0,1,3,0,0,1,0,3
5551,51,1,0.977960283,0,53215,1,0,0,3,0,0,1,0,0,3,4,3,5,3,1,3,1,5,5,5,2,2,2,3,2,2,2,2,2,3,3,3,1,1.241681362,1.202010955,0.565692009,0,1,0,0,2,0,0,0,0,1,2,0,3,1,0,1,0,0,3,1,0,0,1,0,0,1,1,0,0,1,3,0,0,1,3,1,0,0,1,0,1,0,2,1,0,0,1,0,0,0,1,4
5552,11,2,1.390120053,0,30528,0,0,1,3,0,0,1,0,0,3,5,2,3,4,2,2,2,4,3,2,3,3,2,3,1,2,3,2,3,2,2,2,1,-0.547824638,0.787993463,0.181212709,0,0,0,0,1,0,0,1,0,0,2,0,4,0,0,0,0,0,3,1,0,1,1,1,0,1,1,1,0,0,1,1,0,0,1,0,1,0,2,0,1,0,2,1,0,0,1,1,0,0,0,1
5554,46,2,4.568399868,0,84044,0,1,0,5,0,0,0,0,1,4,4,5,3,2,1,2,2,4,4,2,1,3,3,1,3,2,3,1,3,1,1,1,1,-0.666051145,-0.175497998,0.213664947,0,0,0,0,1,0,0,0,0,0,1,1,1,0,0,3,0,0,3,1,0,1,1,0,0,1,1,0,1,0,2,1,0,0,1,1,0,0,1,0,1,0,2,1,0,0,1,0,0,1,0,3
5557,45,2,4.558315658,1,75208,1,0,0,2,0,1,0,0,0,3,4,3,4,2,1,2,1,1,3,1,2,2,2,3,2,2,2,2,3,3,3,4,0,-0.828216953,-0.777299104,-1.21409842,0,0,0,0,1,0,0,0,0,0,1,1,1,1,0,1,0,0,3,1,0,0,1,1,0,0,0,0,0,1,3,0,0,1,3,0,0,1,3,0,1,0,2,0,0,1,3,0,0,0,1,4
5559,39,4,1.03690768,0,18040,0,1,0,3,0,0,1,0,0,3,3,2,2,3,2,2,3,3,3,3,2,3,2,2,2,2,2,2,2,2,2,3,1,-0.805123118,0.663227147,-0.919500826,0,0,0,0,1,0,0,0,0,0,1,1,1,1,0,1,0,0,3,1,0,0,0,1,0,1,1,1,0,0,1,1,0,0,1,1,0,0,1,0,0,1,3,1,0,0,1,0,1,0,0,2
5564,39,3,0.136249372,0,15214,0,1,0,2,0,1,0,0,0,2,2,1,2,5,3,4,4,5,5,4,2,3,1,1,1,3,1,2,1,1,1,1,1,0.225348254,0.734280819,0.920053138,0,1,0,0,2,0,0,1,0,0,2,0,4,1,0,1,1,0,1,0,0,0,0,0,0,1,1,0,1,0,2,1,0,0,1,0,0,1,3,1,0,0,1,1,0,0,1,0,0,1,0,3
5565,34,2,0.559460607,0,28323,0,0,1,3,0,0,1,0,0,4,4,4,5,5,3,5,5,5,5,5,3,3,3,1,3,3,3,1,1,2,2,2,1,0.42796032,-0.196978812,0.555127835,0,0,0,0,1,0,0,1,0,0,2,0,4,1,0,1,0,1,2,0,0,0,1,0,0,1,1,1,0,0,1,1,0,0,1,1,0,0,1,1,0,0,1,1,0,0,1,1,0,0,0,1
5569,10,2,0.281731295,1,33511,0,1,0,2,0,1,0,0,0,4,5,5,4,5,4,4,4,4,5,4,1,3,2,3,2,3,1,3,2,1,2,3,1,0.210522437,0.192125789,0.612380568,0,0,0,0,1,1,1,1,0,0,2,0,4,1,0,1,0,1,2,0,1,0,0,1,0,1,1,0,1,0,2,0,0,1,3,0,0,1,3,0,1,0,2,1,0,0,1,0,1,0,0,2
5570,33,2,0.503469114,0,10453,1,0,0,4,0,0,0,1,0,1,4,3,5,3,4,4,5,4,5,2,2,3,1,3,3,2,1,2,3,4,2,3,1,0.443888034,0.227404941,0.243154382,0,0,0,0,1,0,0,0,1,0,1,1,1,0,1,2,0,0,3,0,0,1,0,0,0,1,1,0,0,1,3,0,0,1,3,0,0,1,3,1,0,0,1,0,0,1,3,0,0,1,0,3
5571,11,2,1.483014979,0,31404,0,1,0,2,0,1,0,0,0,2,3,4,3,3,3,3,4,3,3,3,3,3,3,2,2,2,2,2,3,3,3,3,1,-0.194615827,-0.288309202,-1.456617885,0,1,0,0,2,0,1,1,0,0,2,0,4,0,1,2,0,0,3,1,0,0,0,1,0,1,1,0,1,0,2,0,1,0,2,0,0,1,3,0,1,0,2,1,0,0,1,0,0,0,1,4
5575,33,4,1.547087898,0,13502,0,1,0,3,0,0,1,0,0,2,4,3,3,3,3,3,3,3,3,3,2,2,2,3,2,2,2,2,2,3,3,3,1,-1.285102623,0.313946527,-0.852098924,0,0,0,0,1,0,0,1,0,0,2,0,4,1,0,1,0,0,3,0,0,0,0,0,0,1,1,0,1,0,2,0,0,1,3,0,0,1,3,0,1,0,2,1,0,0,1,0,0,1,0,3
5576,11,2,0.480278239,0,30436,0,0,1,3,0,0,1,0,0,3,2,2,3,3,2,1,1,5,4,2,3,3,2,3,2,2,2,3,2,4,4,4,1,-0.066409561,1.00261575,-3.226153144,0,0,0,0,1,0,0,1,0,0,2,0,4,1,0,1,0,1,2,0,0,0,0,1,0,1,1,1,0,0,1,1,0,0,1,1,0,0,1,1,0,0,1,1,0,0,1,1,0,0,0,1
5578,24,2,1.29662143,0,55038,0,1,0,3,0,0,1,0,0,3,3,2,4,3,1,1,1,1,3,2,1,1,1,1,1,1,1,1,1,1,1,1,1,-0.965379834,0.755659084,-2.2176102,0,1,0,0,2,0,0,1,0,0,2,0,4,0,1,2,0,0,3,0,0,0,1,1,0,1,1,1,0,0,1,1,0,0,1,0,1,0,2,0,0,1,3,1,0,0,1,1,0,0,0,1
5579,34,2,1.60750663,0,28304,0,1,0,1,1,0,0,0,0,2,4,3,2,4,2,2,2,4,4,2,2,2,2,1,2,2,1,2,2,3,3,4,1,-0.0864785,0.298457444,-0.05607901,0,0,0,0,1,0,0,0,1,0,2,0,2,1,0,1,0,0,3,1,0,0,1,0,0,1,1,0,1,0,2,0,1,0,2,0,1,0,2,0,1,0,2,1,0,0,1,1,0,0,0,1
5583,45,1,0.59909112,1,79916,0,1,0,3,0,0,1,0,0,3,3,3,3,4,3,4,3,4,3,4,2,2,2,3,2,2,2,2,2,3,3,3,1,-0.49848562,0.736610153,-0.046822194,0,1,0,0,2,0,1,0,1,0,2,0,2,1,0,1,1,0,1,0,1,0,0,1,0,1,1,1,0,0,1,1,0,0,1,0,0,1,3,0,0,1,3,1,0,0,1,1,0,0,0,1
5589,23,4,0.275098876,0,48035,0,1,0,1,1,0,0,0,0,3,4,2,4,4,1,3,2,1,3,4,3,1,2,2,2,2,1,3,3,2,2,2,0,-0.420168341,-0.65421765,-0.798132173,0,0,0,0,1,0,0,1,0,0,2,0,4,1,0,1,0,0,3,0,1,0,0,1,1,0,0,0,1,0,2,0,1,0,2,0,1,0,2,0,0,1,3,1,0,0,1,1,0,0,0,1
5590,39,2,0.304333735,0,19134,1,0,0,1,1,0,0,0,0,2,5,3,5,5,1,1,1,1,1,1,2,2,2,3,2,2,2,2,2,3,3,3,1,-0.33745664,0.206662458,0.271254356,0,0,0,0,1,0,0,0,1,0,2,0,2,1,0,1,0,1,2,1,0,0,1,0,0,1,1,0,0,1,3,0,0,1,3,1,0,0,1,1,0,0,1,0,0,1,3,0,0,0,1,4
5591,10,2,1.023095393,1,33411,0,1,0,3,0,0,1,0,0,3,5,5,5,5,5,4,1,3,4,4,2,2,2,2,2,2,2,2,3,3,2,3,1,-0.725170397,0.751738787,1.072559108,0,0,0,0,1,0,0,0,1,0,2,0,2,0,1,2,1,0,1,0,0,0,1,0,0,1,1,0,1,0,2,0,1,0,2,0,0,1,3,0,1,0,2,1,0,0,1,0,1,0,0,2
5592,34,2,0.941886733,0,28205,0,1,0,2,0,1,0,0,0,1,2,1,4,4,1,1,1,3,4,2,2,2,2,3,2,2,2,2,2,4,3,3,1,-0.166797669,-0.00941238,0.947977162,0,0,0,0,1,0,1,1,0,0,2,0,4,0,1,2,0,1,2,0,0,0,1,0,0,1,1,0,1,0,2,0,1,0,2,0,0,1,3,0,0,1,3,0,0,1,3,0,0,0,1,4
5594,33,2,0.185390154,0,13905,1,0,0,3,0,0,1,0,0,3,4,4,5,4,1,4,2,5,5,2,2,2,2,3,2,2,2,1,2,4,4,3,1,-0.916565191,0.520420332,0.861340514,0,0,0,0,1,1,1,1,0,0,2,0,4,0,1,2,0,0,3,0,0,0,1,0,0,1,1,0,0,1,3,0,0,1,3,0,1,0,2,0,1,0,2,1,0,0,1,0,1,0,0,2
5595,10,2,0.923003639,0,34698,0,1,0,1,1,0,0,0,0,1,3,2,5,5,1,3,3,4,4,3,2,2,2,3,1,2,2,1,2,3,3,4,1,-0.295490963,0.046316529,0.112938402,0,0,0,0,1,0,1,1,0,0,2,0,4,0,1,2,0,0,3,0,0,0,1,0,0,1,1,0,1,0,2,0,1,0,2,0,1,0,2,0,1,0,2,1,0,0,1,0,0,1,0,3
5597,14,2,0.39965773,0,60435,1,0,0,3,0,0,1,0,0,3,3,3,3,4,3,3,4,3,3,4,2,2,2,3,2,2,2,2,2,3,3,3,1,0.208236309,0.916111,0.657361516,0,0,0,0,1,1,1,0,1,0,2,0,2,0,1,2,0,0,3,1,0,0,0,0,0,1,1,0,0,1,3,0,0,1,3,1,0,0,1,0,1,0,2,0,1,0,2,0,0,1,0,3
5602,45,2,2.976379438,0,78411,0,1,0,3,0,0,1,0,0,3,4,3,3,4,2,3,3,5,4,3,2,2,1,1,2,2,1,2,3,4,2,3,1,0.32173115,-0.197701778,-0.649371142,0,0,0,0,1,0,0,1,0,0,2,0,4,1,0,1,0,0,3,0,0,1,1,1,0,1,1,0,1,0,2,0,0,1,3,0,0,1,3,0,0,1,3,1,0,0,1,0,0,0,1,4
5607,36,2,4.329807279,0,43229,1,0,0,4,0,0,0,1,0,1,5,4,5,5,3,4,3,5,5,4,2,3,2,4,2,2,3,2,3,3,3,2,1,-0.071878365,0.317209956,1.074087052,0,1,0,0,2,0,0,0,0,0,1,1,1,0,1,2,0,0,3,1,0,0,1,1,0,1,1,0,0,1,3,0,0,1,3,0,0,1,3,0,0,1,3,1,0,0,1,0,0,1,0,3
5611,34,2,2.344078716,0,28376,0,1,0,3,0,0,1,0,0,2,5,3,5,4,1,1,1,4,4,2,2,2,2,3,2,2,2,2,2,4,3,4,1,0.126860808,-0.016147897,0.405791092,0,1,0,0,2,0,1,1,0,0,2,0,4,0,0,3,1,0,1,0,0,0,1,1,0,1,1,1,0,0,1,1,0,0,1,1,0,0,1,1,0,0,1,1,0,0,1,1,0,0,0,1
5612,26,2,1.930326879,0,64801,0,1,0,3,0,0,1,0,0,4,5,4,1,5,1,5,1,1,3,3,2,2,2,3,2,2,2,2,2,3,3,4,1,-2.320118091,-0.429705945,0.676791765,0,0,0,0,1,0,0,1,0,0,2,0,4,1,0,1,1,0,1,0,0,0,1,0,0,1,1,1,0,0,1,0,1,0,2,1,0,0,1,0,0,1,3,1,0,0,1,0,1,0,0,2
5615,45,2,7.416529764,1,78582,0,1,0,5,0,0,0,0,1,1,5,5,5,5,5,4,4,4,4,4,3,3,3,2,3,3,3,3,3,2,2,2,1,-2.206383661,1.355087902,1.204837968,0,0,0,0,1,0,0,0,1,0,1,1,1,1,0,1,1,0,1,0,0,0,0,1,0,1,1,1,0,0,1,1,0,0,1,1,0,0,1,1,0,0,1,1,0,0,1,1,0,0,0,1
5615,45,2,7.416529764,1,78582,0,1,0,5,0,0,0,0,1,1,5,5,5,5,5,4,4,4,4,4,3,3,3,2,3,3,3,3,3,2,2,2,1,-2.206383661,1.355087902,1.204837968,0,0,0,0,1,0,0,0,1,0,1,1,1,1,0,1,1,0,1,0,0,0,0,1,0,1,1,1,0,0,1,1,0,0,1,1,0,0,1,1,0,0,1,1,0,0,1,1,0,0,0,1
5617,26,2,2.454651071,0,63034,0,1,0,4,0,0,0,1,0,3,4,3,3,4,4,4,5,4,4,3,1,3,3,1,3,1,1,1,3,2,1,2,1,-0.304906605,0.717842398,-0.356169678,0,0,0,0,1,0,1,1,0,0,2,0,4,0,0,3,0,0,3,1,0,0,0,0,0,1,1,0,1,0,2,1,0,0,1,1,0,0,1,1,0,0,1,1,0,0,1,1,0,0,0,1
5619,10,4,0.388231116,0,34461,0,1,0,2,0,1,0,0,0,3,5,4,4,5,1,1,1,1,2,4,3,3,3,3,3,3,3,3,3,1,2,2,1,0.754311419,1.039873179,-0.211639443,0,1,0,0,2,0,0,0,0,0,2,0,5,1,0,1,0,1,2,0,1,0,0,0,0,1,1,1,0,0,1,1,0,0,1,0,1,0,2,0,0,1,3,1,0,0,1,1,0,0,0,1
5621,21,2,0.657115176,0,21108,0,1,0,3,0,0,1,0,0,3,4,3,4,4,4,4,4,4,4,4,2,1,3,3,2,1,3,3,3,3,2,3,1,0.067731785,0.818495615,0.088087581,0,1,0,0,2,1,1,0,0,1,2,0,3,0,1,2,0,0,3,1,0,0,1,1,0,1,1,1,0,0,1,0,1,0,2,0,1,0,2,0,0,1,3,1,0,0,1,1,0,0,0,1
5622,9,2,0.345418923,0,20012,1,0,0,4,0,0,0,1,0,3,4,4,4,3,3,4,3,4,3,4,2,2,2,4,2,2,3,2,2,2,3,3,1,0.327800995,0.308566513,-0.84350491,0,1,0,0,2,0,0,0,1,0,2,0,2,1,0,1,0,0,3,1,1,0,0,0,0,1,1,0,0,1,3,0,0,1,3,1,0,0,1,0,0,1,3,0,0,1,3,0,0,0,1,4
5627,36,2,0.338605238,0,44110,0,1,0,1,1,0,0,0,0,1,5,0,5,2,2,3,2,3,5,5,2,2,2,3,2,2,2,2,2,3,3,3,1,0.984548793,1.393782222,1.217152987,0,0,0,0,1,0,0,0,1,0,2,0,2,1,0,1,0,1,2,0,0,0,1,1,0,1,1,0,0,1,3,0,1,0,2,0,1,0,2,1,0,0,1,1,0,0,1,0,0,0,1,4
5628,42,4,0.455567541,0,29303,0,1,0,2,0,1,0,0,0,3,3,3,5,5,1,3,3,5,5,5,2,3,2,4,2,2,2,3,2,2,2,2,1,-0.005476677,1.150353278,0.417642718,0,1,0,0,2,0,0,0,1,0,2,0,2,1,0,1,0,1,2,0,0,0,0,0,0,1,1,1,0,0,1,0,1,0,2,0,0,1,3,0,0,1,3,1,0,0,1,1,0,0,0,1
5629,33,2,0.103005482,0,104,0,0,0,2,0,1,0,0,0,1,5,4,5,1,1,1,1,5,5,5,2,2,2,3,1,3,2,3,1,1,2,2,1,-0.779346262,-0.860586153,1.676097853,0,0,0,0,1,1,1,0,1,0,2,0,2,1,0,1,0,1,2,0,0,0,1,0,0,1,1,0,0,0,0,0,0,0,0,0,0,0,0,0,0,0,0,0,0,0,0,0,0,0,0,0
5631,14,2,0.332403297,0,60411,0,1,0,3,0,0,1,0,0,3,5,4,3,4,3,3,3,5,5,3,2,2,3,2,2,2,2,1,3,3,3,3,1,0.124156265,0.502973148,-0.482441356,0,1,0,0,2,0,0,0,1,0,2,0,2,1,0,1,0,0,3,1,0,0,1,0,0,1,1,0,1,0,2,0,1,0,2,1,0,0,1,0,1,0,2,1,0,0,1,0,0,1,0,3
5632,45,3,0.396447174,1,78210,1,0,0,1,1,0,0,0,0,1,5,0,5,3,1,1,1,3,3,3,2,2,2,3,2,2,2,2,2,3,3,3,1,-0.98650489,1.034466534,0.663606075,0,0,0,0,1,0,0,0,1,0,2,0,2,0,0,0,0,0,3,1,0,0,0,0,0,1,1,0,0,1,3,0,0,1,3,0,0,1,3,1,0,0,1,1,0,0,1,0,0,0,1,4
5633,17,1,0.753583208,0,66067,0,1,0,2,0,1,0,0,0,2,5,3,4,2,3,4,2,4,4,3,3,1,3,2,3,1,2,2,2,2,2,2,1,0.405630789,1.337190418,0.717659533,0,0,0,0,1,0,0,1,0,0,2,0,4,0,1,2,0,0,3,0,0,0,0,0,0,1,1,1,0,0,1,0,1,0,2,0,1,0,2,0,0,1,3,1,0,0,1,1,0,0,0,1
5636,34,2,0.205574257,0,28304,0,1,0,3,0,0,1,0,0,2,3,2,3,3,2,2,2,2,1,2,3,2,3,3,2,3,3,3,1,2,3,3,1,-0.849085224,0.243209007,-1.040977825,0,0,0,0,1,0,0,1,0,0,2,0,4,1,0,1,0,0,3,0,1,0,0,0,0,1,1,0,1,0,2,0,1,0,2,0,1,0,2,0,1,0,2,1,0,0,1,1,0,0,0,1
5637,15,4,0.937390557,0,46619,0,1,0,2,0,1,0,0,0,1,4,1,5,5,3,2,1,3,5,3,2,2,2,4,2,2,2,2,3,3,3,4,1,0.100451236,-0.117143637,-0.47080443,0,1,0,0,2,0,0,1,0,0,2,0,4,1,0,1,0,1,2,0,0,0,0,1,0,1,1,0,1,0,2,0,1,0,2,1,0,0,1,1,0,0,1,0,1,0,2,1,0,0,0,1
5638,44,2,2.873742382,0,37128,0,1,0,2,0,1,0,0,0,2,5,3,3,4,2,3,4,4,3,4,2,2,2,3,2,2,2,2,2,3,3,3,1,-0.790712863,0.203084913,-0.040348689,0,0,0,0,1,1,1,0,1,0,2,0,2,0,0,3,0,1,2,0,0,0,0,0,0,1,1,1,0,0,1,0,1,0,2,0,1,0,2,1,0,0,1,1,0,0,1,1,0,0,0,1
5640,34,2,0.876238601,0,28607,0,1,0,4,0,0,0,1,0,4,5,4,1,5,1,4,1,3,2,4,2,2,2,2,2,2,2,2,2,3,3,3,0,-1.044066914,0.575824896,0.874826565,0,0,0,0,1,0,0,1,0,0,2,0,4,1,0,1,0,0,3,0,1,0,1,0,0,0,0,1,0,0,1,0,1,0,2,1,0,0,1,0,0,1,3,1,0,0,1,0,1,0,0,2
5641,15,4,1.045660707,0,47421,0,1,0,5,0,0,0,0,1,4,5,4,3,5,2,2,1,3,4,1,2,2,2,4,2,2,2,2,2,3,1,4,0,-0.796866166,-1.553043681,-0.560116055,0,0,0,0,1,0,0,1,0,0,2,0,4,1,0,1,0,0,3,0,0,0,0,1,0,0,0,1,0,0,1,0,1,0,2,1,0,0,1,0,1,0,2,1,0,0,1,1,0,0,0,1
5643,45,2,0.442644619,0,76667,0,1,0,2,0,1,0,0,0,3,5,3,2,5,2,3,2,4,3,3,2,1,2,3,3,1,2,2,3,3,3,4,1,-0.070413866,-1.288745536,-1.301869229,0,1,0,0,2,0,0,1,0,0,2,0,4,1,0,1,0,0,3,0,0,0,0,1,0,1,1,1,0,0,1,1,0,0,1,1,0,0,1,0,0,1,3,1,0,0,1,1,0,0,0,1
5646,45,2,1.965148214,1,76119,0,1,0,3,0,0,1,0,0,1,5,1,4,3,1,1,2,3,3,3,2,1,3,3,2,2,2,2,3,4,2,4,1,-0.612082818,0.970361584,1.433459577,0,0,0,0,1,0,0,0,1,0,2,0,2,1,0,1,0,0,3,0,0,0,1,0,0,1,1,0,1,0,2,0,1,0,2,0,0,1,3,0,1,0,2,1,0,0,1,0,0,1,0,3
5651,4,2,39.9886604,0,72212,0,1,0,3,0,0,1,0,0,1,5,3,4,4,1,1,1,1,1,1,1,3,3,2,2,2,1,2,3,4,4,4,1,-1.868678115,0.366717382,0.04865689,0,0,0,0,1,0,0,1,0,0,1,1,1,0,0,3,1,0,1,0,0,0,0,1,0,1,1,0,1,0,2,0,0,1,3,1,0,0,1,0,1,0,2,1,0,0,1,0,1,0,0,2
5652,50,4,0.205154493,0,24954,0,0,1,3,0,0,1,0,0,3,4,4,4,5,2,2,1,4,3,2,2,2,2,4,2,2,1,2,2,3,3,4,1,-1.532238518,-0.197351318,0.586022056,0,0,0,0,1,1,1,1,0,0,2,0,4,1,0,1,1,0,1,0,0,0,0,0,1,1,1,1,0,0,1,1,0,0,1,1,0,0,1,0,0,1,3,1,0,0,1,1,0,0,0,1
5653,36,2,0.17579667,0,43204,0,1,0,5,0,0,0,0,1,4,4,4,3,5,4,4,3,5,5,5,3,1,3,1,3,1,3,1,2,2,2,2,0,0.592009031,1.569474689,0.735632632,0,1,0,0,2,0,0,0,1,0,2,0,2,1,0,1,0,0,3,0,1,0,0,0,0,0,0,0,0,1,3,0,1,0,2,0,1,0,2,1,0,0,1,1,0,0,1,0,0,1,0,3
5657,34,2,0.879434848,0,28269,0,1,0,2,0,1,0,0,0,2,3,2,2,3,2,2,2,4,4,4,3,1,3,2,3,3,1,1,3,1,2,2,1,0.495580583,0.545084038,0.720757873,0,0,0,0,1,0,0,0,1,0,2,0,2,0,1,2,0,0,3,1,0,0,1,1,0,1,1,0,1,0,2,0,1,0,2,0,1,0,2,0,1,0,2,1,0,0,1,0,1,0,0,2
5659,50,2,0.14778321,0,25301,0,1,0,5,0,0,0,0,1,4,6,5,5,5,1,1,1,1,5,2,2,2,2,3,2,2,2,2,2,4,3,3,1,-1.628672044,-1.153263454,-1.974407082,0,1,0,0,2,0,0,1,0,0,2,0,4,1,0,1,0,0,3,0,0,0,0,0,1,1,1,0,1,0,2,0,0,1,3,0,0,1,3,0,1,0,2,1,0,0,1,0,0,1,0,3
5661,19,2,0.052386189,0,70001,0,1,0,1,1,0,0,0,0,1,5,0,5,1,1,1,1,1,1,1,2,2,2,3,2,2,2,2,2,3,3,3,1,0.707014772,-1.67998845,-0.001856239,0,1,0,0,2,0,0,1,0,0,2,0,4,1,0,1,0,1,2,0,0,1,1,0,0,1,1,0,1,0,2,1,0,0,1,1,0,0,1,1,0,0,1,1,0,0,1,1,0,0,0,1
5662,42,2,0.755591161,0,29385,0,1,0,2,0,1,0,0,0,2,5,3,5,4,1,2,1,4,4,1,2,2,3,3,3,2,2,2,3,2,2,4,1,-0.212577847,0.568559883,0.943688041,0,0,0,0,1,0,0,0,0,0,2,0,5,1,0,1,1,0,1,0,0,0,0,1,1,1,1,1,0,0,1,1,0,0,1,0,1,0,2,0,1,0,2,1,0,0,1,1,0,0,0,1
5663,22,2,0.26249979,0,1534,0,1,0,2,0,1,0,0,0,2,3,3,3,4,1,3,2,4,3,1,2,3,2,2,2,3,2,3,2,2,3,2,1,-0.618742487,0.056710845,-1.542425327,0,0,0,0,1,0,0,1,0,0,2,0,4,1,0,1,0,1,2,0,0,1,0,0,1,1,1,1,0,0,1,1,0,0,1,1,0,0,1,0,0,1,3,1,0,0,1,0,1,0,0,2
5664,34,2,0.645014237,0,28206,0,1,0,3,0,0,1,0,0,2,2,2,3,4,2,2,4,3,3,3,2,2,2,3,2,2,2,2,2,2,3,3,1,-0.420726854,0.848181321,0.103528087,0,1,0,0,2,0,0,0,1,0,2,0,2,1,0,1,1,0,1,0,0,0,0,0,0,1,1,0,1,0,2,0,0,1,3,0,0,1,3,1,0,0,1,0,0,1,3,0,0,1,0,3
5665,42,2,1.32097892,0,29316,0,1,0,3,0,0,1,0,0,2,6,4,2,5,1,1,1,1,1,1,1,1,3,1,3,1,1,1,3,1,1,1,1,-0.463055682,-0.903089125,1.24643902,0,0,0,0,1,0,0,0,1,0,2,0,2,0,1,2,0,0,3,0,0,0,1,1,0,1,1,1,0,0,1,1,0,0,1,1,0,0,1,0,0,1,3,1,0,0,1,1,0,0,0,1
5670,22,4,0.370289739,0,2747,0,1,0,2,0,1,0,0,0,1,4,1,2,5,1,1,1,1,4,1,2,1,2,1,2,2,2,2,2,4,3,4,1,0.585637053,-0.584424072,0.70517895,0,0,0,1,4,1,1,1,0,0,2,0,4,0,1,2,0,1,2,0,0,0,0,1,0,1,1,1,0,0,1,0,1,0,2,1,0,0,1,0,0,1,3,1,0,0,1,0,1,0,0,2
5671,45,2,0.775363132,1,75076,0,0,1,2,0,1,0,0,0,1,5,1,5,2,1,1,1,1,1,1,2,2,2,4,2,2,2,2,2,4,2,3,1,0.963397035,0.690582113,0.582345636,0,0,0,1,4,0,0,1,0,0,2,0,4,1,0,1,0,1,2,0,0,1,1,0,0,1,1,1,0,0,1,1,0,0,1,0,1,0,2,1,0,0,1,1,0,0,1,1,0,0,0,1
5672,44,4,0.906518092,0,37043,0,1,0,2,0,1,0,0,0,1,4,4,5,4,2,4,4,5,4,3,2,2,2,2,2,2,2,2,2,3,3,4,1,0.345587488,0.178769883,0.164429198,0,0,0,1,4,0,0,1,0,0,2,0,4,0,1,2,0,1,2,0,0,0,0,1,0,1,1,1,0,0,1,0,1,0,2,1,0,0,1,0,1,0,2,1,0,0,1,1,0,0,0,1
5673,34,4,0.77288016,0,28115,0,1,0,3,0,0,1,0,0,1,5,4,4,5,4,4,4,5,5,5,3,1,1,3,2,2,2,1,2,2,3,3,1,1.018767424,0.850520528,-1.052928779,0,0,0,1,4,0,0,1,0,0,2,0,4,0,1,2,1,0,1,0,0,0,0,1,0,1,1,1,0,0,1,1,0,0,1,1,0,0,1,0,0,1,3,1,0,0,1,1,0,0,0,1
5679,52,4,5.398575065,0,82601,0,1,0,3,0,0,1,0,0,2,5,4,2,3,2,3,1,4,4,3,2,2,2,3,2,2,2,2,2,3,3,3,0,-0.658574625,-0.486754396,0.664886688,0,0,0,1,4,0,1,1,0,0,2,0,4,0,0,3,0,1,2,0,0,0,0,1,0,0,0,0,1,0,2,0,0,1,3,0,1,0,2,0,0,1,3,1,0,0,1,0,0,1,0,3
5685,19,4,1.117898198,0,70001,0,1,0,1,1,0,0,0,0,1,5,3,5,5,1,1,1,4,4,1,2,2,2,3,2,2,2,2,2,3,3,4,1,0.364670083,-0.561105028,0.534896881,0,1,0,0,2,0,0,1,0,0,2,0,4,0,1,2,0,0,3,1,0,0,0,1,0,1,1,0,1,0,2,1,0,0,1,1,0,0,1,1,0,0,1,1,0,0,1,1,0,0,0,1
5686,33,4,0.184628518,0,11385,1,0,0,1,1,0,0,0,0,2,2,1,4,4,1,1,1,1,4,4,2,2,2,3,2,2,2,2,2,3,3,3,1,0.810733013,0.751911289,0.677676458,0,0,0,1,4,0,0,1,0,0,2,0,4,1,0,1,0,1,2,0,0,0,0,0,0,1,1,0,0,1,3,0,0,1,3,1,0,0,1,0,1,0,2,0,0,1,3,0,0,0,1,4
5688,19,4,1.177571902,0,70809,0,1,0,3,0,0,1,0,0,2,5,4,4,5,2,2,2,4,4,2,2,2,2,3,2,2,2,2,2,2,2,3,1,0.056709252,0.107031293,-0.074430483,0,0,0,1,4,0,1,1,0,0,2,0,4,0,1,2,0,1,2,0,0,0,0,1,0,1,1,1,0,0,1,0,0,1,3,0,0,1,3,0,1,0,2,1,0,0,1,1,0,0,0,1
5692,16,4,0.826535989,0,50310,0,1,0,3,0,0,1,0,0,2,5,3,3,4,2,3,2,3,3,3,2,2,2,3,2,2,2,2,3,2,3,2,1,-0.125259495,-0.402005649,-1.15399849,0,0,0,1,4,0,0,1,0,0,2,0,4,0,1,2,0,1,2,0,0,0,0,1,0,1,1,0,1,0,2,0,1,0,2,1,0,0,1,0,0,1,3,1,0,0,1,0,0,1,0,3
5694,24,4,2.564454877,0,55011,0,1,0,2,0,1,0,0,0,2,5,3,5,4,1,1,1,2,4,2,2,2,2,4,2,2,2,1,2,1,1,1,1,-0.320354455,-1.833554028,0.5134653,0,0,1,0,3,1,1,1,0,0,2,0,4,0,0,3,1,0,1,0,1,0,0,1,0,1,1,1,0,0,1,1,0,0,1,0,1,0,2,0,0,1,3,1,0,0,1,1,0,0,0,1
5697,7,4,3.56274496,0,6248,0,1,0,2,0,1,0,0,0,3,5,2,1,2,3,2,4,3,2,2,3,3,2,2,2,2,3,2,3,4,2,4,0,0.129667382,0.495085313,-1.739110146,0,0,0,1,4,0,0,1,0,0,2,0,4,0,0,3,1,0,1,0,0,0,0,1,0,0,0,1,0,0,1,1,0,0,1,1,0,0,1,1,0,0,1,1,0,0,1,1,0,0,0,1
5698,6,2,0.04830053,0,80910,0,1,0,3,0,0,1,0,0,2,4,2,5,3,1,3,1,5,3,2,2,2,3,3,2,2,2,1,2,3,2,4,1,0.308888147,0.004645303,0.764014216,0,1,0,0,2,0,0,1,0,0,2,0,4,1,0,1,0,0,3,0,0,0,1,0,0,1,1,0,0,1,3,0,1,0,2,0,0,1,3,0,1,0,2,1,0,0,1,0,0,0,1,4
5699,26,4,0.52756955,0,63116,1,0,0,1,1,0,0,0,0,1,4,2,5,5,1,1,1,3,4,4,2,2,2,1,2,2,2,2,2,3,3,3,1,0.136371137,-0.801825885,0.104884022,0,0,1,0,3,1,1,1,0,0,2,0,4,1,0,1,1,0,1,0,0,0,0,1,0,1,1,0,0,1,3,0,1,0,2,1,0,0,1,1,0,0,1,1,0,0,1,0,0,0,1,4
5702,29,2,55.83292967,1,89106,1,0,0,5,0,0,0,0,1,1,5,5,5,4,5,5,5,4,4,5,3,3,1,2,2,3,3,3,1,2,2,2,1,0.935480606,1.2750084,0.635243296,0,1,0,0,2,0,0,0,0,0,1,1,1,0,1,2,0,0,3,1,0,0,1,1,0,1,1,0,0,1,3,0,0,1,3,0,0,1,3,0,1,0,2,0,1,0,2,0,0,0,1,4
5703,7,4,6.368512721,0,6902,1,0,0,2,0,1,0,0,0,3,5,3,2,1,1,3,3,3,3,1,3,1,1,1,1,3,2,2,2,3,3,1,1,-0.875188192,-0.526515736,-0.472900776,0,0,1,0,3,0,0,1,0,0,2,0,4,0,0,3,1,0,1,0,0,0,0,0,0,1,1,0,0,1,3,0,0,1,3,0,1,0,2,0,1,0,2,0,1,0,2,0,0,1,0,3
5704,6,2,29.44975072,0,80909,0,1,0,1,1,0,0,0,0,1,1,0,5,3,3,1,1,3,1,1,2,2,2,3,2,2,2,2,2,3,3,3,1,-1.923291094,0.501864949,0.40012009,0,1,0,0,2,0,0,1,0,0,2,0,4,0,1,2,0,0,3,0,0,0,1,1,0,1,1,0,1,0,2,0,0,1,3,0,1,0,2,0,1,0,2,1,0,0,1,0,0,0,1,4
5705,18,4,0.514922239,0,42503,0,1,0,1,1,0,0,0,0,1,5,0,3,3,3,3,3,3,3,3,2,2,2,3,2,2,2,2,2,3,3,3,1,1.209856613,0.042649755,0.064853993,0,0,1,1,4,0,0,1,0,0,2,0,4,1,0,1,0,1,2,0,0,0,0,1,0,1,1,1,0,0,1,1,0,0,1,0,0,1,3,1,0,0,1,1,0,0,1,1,0,0,0,1
5706,27,4,0.565354712,0,59102,0,1,0,3,0,0,1,0,0,3,5,4,3,5,1,1,1,4,4,3,1,1,2,3,2,2,2,2,2,4,3,4,1,-1.010337967,-0.124992686,-0.852893451,0,0,0,1,4,1,1,1,0,0,2,0,4,0,0,3,0,1,2,0,0,0,0,1,0,1,1,0,1,0,2,0,0,1,3,1,0,0,1,0,0,1,3,1,0,0,1,0,1,0,0,2
5707,45,4,1.655857937,1,77546,0,1,0,3,0,0,1,0,0,2,5,4,4,5,2,3,3,5,3,3,3,3,2,2,2,2,3,2,3,2,2,4,1,0.861172554,-2.004373367,0.592852194,0,0,1,0,3,0,0,1,0,0,2,0,4,1,0,1,1,0,1,0,0,0,0,0,0,1,1,0,1,0,2,1,0,0,1,0,1,0,2,0,1,0,2,1,0,0,1,1,0,0,0,1
5710,14,4,0.676583897,0,60630,1,0,0,2,0,1,0,0,0,2,5,4,4,4,1,4,1,2,3,2,2,2,2,3,2,2,2,2,3,3,2,4,1,-1.033790379,-1.419349154,0.613714757,0,0,0,1,4,0,0,1,0,0,2,0,4,1,0,1,1,0,1,0,1,0,0,0,0,1,1,0,0,1,3,0,0,1,3,0,0,1,3,0,1,0,2,0,0,1,3,0,0,0,1,4
5711,45,4,0.8196814,1,75225,0,1,0,1,1,0,0,0,0,1,5,4,4,4,1,4,4,4,5,5,1,1,1,2,2,2,2,1,3,2,2,2,1,0.299942483,0.383261081,1.013400806,0,0,0,1,4,1,1,1,0,0,2,0,4,0,0,3,0,1,2,0,0,0,0,0,0,1,1,0,1,0,2,0,0,1,3,0,0,1,3,1,0,0,1,0,1,0,2,0,0,1,0,3
5713,22,4,1.02662712,0,1830,1,0,0,1,1,0,0,0,0,2,4,1,4,5,2,3,1,5,5,5,2,2,2,4,2,2,2,2,2,3,3,3,0,1.506778065,-0.528654706,-0.358446744,0,0,1,0,3,0,0,1,0,0,2,0,4,1,0,1,1,0,1,0,0,0,0,0,1,0,0,0,0,1,3,0,0,1,3,0,1,0,2,0,1,0,2,0,1,0,2,0,0,1,0,3
5714,19,4,1.622230658,0,70737,0,1,0,3,0,0,1,0,0,3,5,3,4,5,3,3,2,4,4,4,1,1,1,2,2,2,1,1,3,4,2,4,1,0.320896172,-0.100694101,0.335487948,0,0,0,1,4,0,0,1,0,0,1,1,1,1,0,1,0,1,2,0,1,0,0,1,0,1,1,1,0,0,1,1,0,0,1,0,0,1,3,1,0,0,1,1,0,0,1,1,0,0,0,1
5716,45,4,0.229989213,1,76148,0,1,0,2,0,1,0,0,0,1,4,3,4,2,4,2,2,3,3,2,2,3,2,2,2,2,2,2,3,4,2,3,1,-0.068366332,-2.169013859,0.279290806,0,0,0,1,4,0,0,1,0,0,2,0,4,1,0,1,0,1,2,0,0,0,0,1,0,1,1,0,1,0,2,0,1,0,2,0,1,0,2,0,0,1,3,0,1,0,2,0,1,0,0,2
5717,44,2,0.658376696,0,37354,0,0,1,2,0,1,0,0,0,3,5,5,3,5,4,2,1,5,5,4,3,2,2,2,2,2,3,2,2,4,2,2,1,0.954288363,1.099385027,-0.04884617,0,0,0,1,4,0,0,1,0,0,2,0,4,1,0,1,0,1,2,0,1,0,1,0,0,1,1,1,0,0,1,1,0,0,1,1,0,0,1,1,0,0,1,1,0,0,1,1,0,0,0,1
5723,44,2,1.687937445,0,38425,0,1,0,4,0,0,0,1,0,3,5,4,3,4,5,5,3,5,5,5,3,1,3,2,3,3,3,1,3,2,2,2,1,1.301861884,-0.11815782,0.085690332,0,0,1,0,3,0,0,1,0,0,2,0,4,0,1,2,0,0,3,1,0,0,0,1,0,1,1,1,0,0,1,1,0,0,1,0,1,0,2,0,1,0,2,1,0,0,1,1,0,0,0,1
5725,18,4,1.351264772,0,41042,0,1,0,1,1,0,0,0,0,1,5,1,4,5,1,1,1,3,2,2,2,2,2,3,2,2,2,2,2,1,2,4,1,-0.417549937,0.179689987,-0.268291072,0,0,0,1,4,0,0,1,0,0,2,0,4,0,1,2,0,1,2,0,0,0,0,1,0,1,1,0,1,0,2,0,0,1,3,0,1,0,2,1,0,0,1,1,0,0,1,0,1,0,0,2
5727,20,4,0.983309815,0,4958,0,0,1,1,1,0,0,0,0,1,5,1,5,5,1,1,1,4,4,1,2,2,2,4,2,2,2,2,2,4,4,4,0,-0.599262595,-1.242426022,1.65019404,0,0,1,0,3,0,0,1,0,0,2,0,4,0,1,2,0,0,3,0,0,0,0,1,0,0,0,1,0,0,1,1,0,0,1,1,0,0,1,0,0,1,3,1,0,0,1,1,0,0,0,1
5728,7,4,0.394845448,0,6708,0,1,0,2,0,1,0,0,0,1,3,3,4,3,1,1,1,4,4,3,2,1,2,4,2,2,1,2,2,4,4,4,1,-0.165550144,-0.590945358,0.737156838,0,0,0,1,4,0,0,1,0,0,2,0,4,1,0,1,1,0,1,0,0,0,0,0,0,1,1,0,0,1,3,0,1,0,2,0,0,1,3,1,0,0,1,0,1,0,2,0,0,1,0,3
5729,7,4,0.272394768,0,6902,1,0,0,1,1,0,0,0,0,1,5,4,2,5,2,2,2,4,4,1,2,1,2,4,2,2,2,2,3,4,2,4,1,-0.654031423,-2.054650125,1.465768335,0,0,0,1,4,1,1,1,0,0,2,0,4,1,0,1,1,0,1,0,0,0,0,0,1,1,1,0,0,1,3,0,0,1,3,0,1,0,2,0,1,0,2,0,1,0,2,0,0,1,0,3
5733,29,4,0.005681329,0,89460,0,1,0,1,1,0,0,0,0,1,6,1,5,5,1,1,1,1,1,1,2,2,2,4,2,2,2,2,2,4,4,4,1,-0.917276907,-0.836586935,0.28019739,0,0,0,1,4,0,0,1,0,0,2,0,4,1,0,1,1,0,1,0,0,0,0,0,0,1,1,0,1,0,2,1,0,0,1,1,0,0,1,1,0,0,1,1,0,0,1,1,0,0,0,1
5734,19,2,0.8806247,0,70570,0,1,0,4,0,0,0,1,0,3,5,5,4,4,2,4,4,5,5,5,2,3,2,4,2,2,2,2,2,3,3,3,1,1.103695952,-1.637118527,0.878305222,0,0,1,0,3,1,1,1,0,0,2,0,4,0,1,2,0,1,2,0,0,0,0,1,0,1,1,1,0,0,1,1,0,0,1,0,1,0,2,1,0,0,1,1,0,0,1,1,0,0,0,1
5736,30,2,0.318459523,0,3466,0,0,1,3,0,0,1,0,0,3,5,4,4,5,1,1,1,1,5,1,2,2,2,1,2,2,2,2,3,4,3,4,1,-0.510969687,-1.432739293,0.705141536,0,0,1,0,3,0,0,1,0,0,2,0,4,1,0,1,1,0,1,0,0,0,1,1,0,1,1,1,0,0,1,1,0,0,1,0,1,0,2,1,0,0,1,1,0,0,1,1,0,0,0,1
5737,26,2,1.787734305,0,64127,0,1,0,3,0,0,1,0,0,3,4,3,3,5,1,1,1,3,5,3,2,2,3,4,2,2,2,2,2,4,3,4,1,0.400817211,-0.318110251,0.080623584,0,0,0,1,4,0,0,1,0,0,2,0,4,1,0,1,1,0,1,0,0,0,0,1,0,1,1,0,1,0,2,0,1,0,2,0,1,0,2,1,0,0,1,1,0,0,1,0,0,0,1,4
5739,18,2,1.244172054,0,41465,0,0,1,3,0,0,1,0,0,3,4,3,2,4,1,1,1,1,1,1,3,2,2,4,2,2,1,1,3,4,3,4,1,-0.486466634,-1.059686922,-0.727909482,0,0,1,0,3,0,0,1,0,0,2,0,4,1,0,1,0,0,3,0,1,1,1,1,0,1,1,1,0,0,1,1,0,0,1,1,0,0,1,1,0,0,1,1,0,0,1,1,0,0,0,1
5743,1,4,1.321384846,0,35214,0,1,0,3,0,0,1,0,0,3,3,3,3,3,3,3,3,5,4,5,2,2,2,3,2,2,1,1,1,1,1,1,1,-1.521659605,1.04252847,-1.772764219,0,0,1,0,3,0,0,0,0,0,2,0,5,1,0,1,1,0,1,0,0,0,0,1,0,1,1,1,0,0,1,1,0,0,1,0,1,0,2,0,1,0,2,1,0,0,1,0,1,0,0,2
5744,26,4,0.226849446,0,65802,0,1,0,4,0,0,0,1,0,4,5,4,4,4,3,1,1,2,4,4,2,2,2,3,3,2,2,3,2,2,3,4,1,-0.240055712,0.740737018,0.429954151,0,0,0,1,4,0,0,1,0,0,2,0,4,1,0,1,0,0,3,1,1,0,0,1,0,1,1,0,1,0,2,0,0,1,3,1,0,0,1,0,0,1,3,1,0,0,1,0,1,0,0,2
5745,22,4,1.019510665,0,1810,0,1,0,3,0,0,1,0,0,4,5,4,2,5,3,2,2,4,5,3,1,3,3,4,2,2,2,1,3,3,2,3,1,0.3061688,-0.597989217,-0.447160224,0,0,0,1,4,0,1,1,0,0,2,0,4,0,0,3,0,1,2,0,0,0,0,0,0,1,1,1,0,0,1,0,0,1,3,0,0,1,3,0,0,1,3,0,0,1,3,0,1,0,0,2
5747,26,4,0.375646668,0,65324,0,0,1,1,1,0,0,0,0,1,4,0,5,1,1,1,1,1,2,1,2,2,2,4,2,2,2,2,2,4,2,3,1,-0.088447145,1.165470667,0.754716273,0,0,0,1,4,0,1,1,0,0,2,0,4,0,1,2,0,1,2,0,0,0,0,1,0,1,1,0,0,0,0,0,0,0,0,0,0,0,0,0,0,0,0,0,0,0,0,0,0,0,0,0
5749,3,4,7.54E-08,0,85638,0,0,1,3,0,0,1,0,0,2,4,3,2,4,3,3,2,4,5,3,2,2,2,4,2,2,2,2,3,3,2,2,1,-0.38349983,-1.97605856,-0.430833534,0,0,0,1,4,1,1,1,0,0,2,0,4,1,0,1,0,1,2,0,0,0,0,0,0,1,1,1,0,0,1,1,0,0,1,1,0,0,1,0,0,1,3,1,0,0,1,1,0,0,0,1
5752,22,4,0.370289739,0,2558,0,1,0,4,0,0,0,1,0,3,3,3,4,5,3,3,2,5,5,3,1,1,2,4,2,2,3,1,3,3,3,3,1,-0.831276722,-0.991090038,0.32396737,0,0,0,1,4,1,1,1,0,0,2,0,4,0,1,2,0,1,2,0,0,0,0,1,0,1,1,1,0,0,1,1,0,0,1,1,0,0,1,0,0,1,3,0,1,0,2,0,0,1,0,3
5753,44,4,1.688317427,0,37128,0,1,0,2,0,1,0,0,0,2,5,1,4,4,1,1,1,2,3,2,2,2,2,4,2,2,2,2,2,2,2,3,1,-0.296923064,-0.272999827,1.059021697,0,0,0,1,4,0,0,1,0,0,2,0,4,0,0,3,0,0,3,0,0,0,0,1,0,1,1,1,0,0,1,0,1,0,2,0,1,0,2,1,0,0,1,1,0,0,1,1,0,0,0,1
5754,45,3,0.1641384,1,77039,0,1,0,3,0,0,1,0,0,2,5,1,5,1,1,1,1,1,5,1,2,2,2,4,2,2,2,2,2,4,3,3,1,-1.516440998,0.596524173,1.531270496,0,1,0,0,2,0,0,0,1,0,2,0,2,1,0,1,0,0,3,1,1,0,0,1,0,1,1,0,1,0,2,0,1,0,2,0,0,1,3,0,1,0,2,1,0,0,1,0,0,1,0,3
5756,1,2,1.111713897,0,35904,0,1,0,3,0,0,1,0,0,1,5,2,3,2,3,3,3,3,3,3,2,2,2,3,2,2,2,2,2,3,3,3,1,-0.500818934,-0.134114917,0.513623784,0,1,0,0,2,0,0,1,0,0,2,0,4,1,0,1,1,0,1,0,0,0,0,1,1,1,1,1,0,0,1,1,0,0,1,0,1,0,2,0,1,0,2,1,0,0,1,1,0,0,0,1
5758,29,4,0.009060993,1,89084,0,1,0,2,0,1,0,0,0,2,5,3,4,2,2,2,1,3,4,4,2,1,2,2,2,2,2,2,2,4,3,3,1,0.93009324,0.908026845,0.327752366,0,0,0,1,4,0,1,1,0,0,2,0,4,0,1,2,0,1,2,0,1,0,0,1,0,1,1,0,0,1,3,1,0,0,1,0,1,0,2,1,0,0,1,1,0,0,1,0,0,1,0,3
5759,52,4,7.91E-07,0,82801,0,1,0,3,0,0,1,0,0,2,6,3,2,5,2,2,2,4,4,2,2,2,2,4,2,2,2,2,3,4,3,4,1,1.391951031,0.055001052,0.386218668,0,0,0,1,4,0,0,1,0,0,2,0,4,1,0,1,1,0,1,0,0,0,0,0,0,1,1,1,0,0,1,0,1,0,2,0,1,0,2,0,0,1,3,1,0,0,1,0,1,0,0,2
5760,3,2,0.015055286,0,85140,0,1,0,5,0,0,0,0,1,2,5,5,5,5,1,5,1,3,4,3,1,2,2,4,2,2,1,2,3,3,2,4,1,-0.504108574,-0.167184022,1.219367399,0,0,1,0,3,0,0,1,0,0,2,0,4,1,0,1,1,0,1,0,0,1,0,1,0,1,1,1,0,0,1,1,0,0,1,1,0,0,1,0,1,0,2,1,0,0,1,1,0,0,0,1
5761,3,4,0.012546233,1,85711,0,1,0,3,0,0,1,0,0,3,5,4,2,4,3,3,2,4,4,4,2,2,2,2,2,2,2,2,3,3,3,3,1,-1.40048675,0.434442745,-0.805375368,0,0,0,1,4,0,1,1,0,0,2,0,4,1,0,1,1,0,1,0,0,0,0,0,0,1,1,0,1,0,2,0,0,1,3,1,0,0,1,0,1,0,2,1,0,0,1,0,0,0,1,4
5762,22,1,0.201806059,0,2482,0,1,0,3,0,0,1,0,0,3,5,3,4,5,2,2,2,4,5,4,1,1,1,1,2,2,2,2,2,4,3,4,1,-0.57113841,0.108374711,-0.053939781,0,1,0,0,2,1,1,1,0,0,2,0,4,1,0,1,1,0,1,0,0,0,1,0,1,1,1,0,1,0,2,0,1,0,2,0,0,1,3,0,1,0,2,0,0,1,3,0,0,1,0,3
5764,6,4,0.0001037,0,80224,1,0,0,2,0,1,0,0,0,2,6,1,3,5,3,3,1,5,3,3,2,2,2,4,2,2,2,2,2,4,3,4,1,-0.445568377,-0.743158918,-0.889428879,0,0,0,1,4,0,0,1,0,0,2,0,4,1,0,1,1,0,1,0,0,0,0,0,0,1,1,0,0,1,3,0,0,1,3,1,0,0,1,0,0,1,3,0,1,0,2,0,0,0,1,4
5765,22,4,0.201434073,0,1913,0,1,0,1,1,0,0,0,0,2,5,2,4,5,3,4,3,4,5,4,3,2,2,3,2,2,2,2,3,3,2,2,1,0.04753071,-0.387479818,1.027833951,0,0,1,0,3,1,1,1,0,0,2,0,4,1,0,1,1,0,1,0,0,0,0,0,0,1,1,0,1,0,2,1,0,0,1,0,0,1,3,0,0,1,3,1,0,0,1,0,0,1,0,3
5766,7,4,3.122252981,0,6410,0,1,0,2,0,1,0,0,0,2,5,3,4,4,1,1,1,4,4,4,3,2,2,1,1,1,2,1,2,4,3,3,1,-0.357031901,0.004038848,-0.282540246,0,0,0,1,4,0,1,1,0,0,1,1,1,0,0,3,0,1,2,0,0,0,0,1,0,1,1,1,0,0,1,1,0,0,1,1,0,0,1,0,1,0,2,1,0,0,1,0,1,0,0,2
5767,18,2,0.440016756,0,41101,0,1,0,2,0,1,0,0,0,3,5,2,1,5,1,1,1,4,5,3,1,1,3,1,2,2,2,2,3,4,2,3,1,0.343484961,-1.417906261,1.154514164,0,1,0,0,2,0,0,1,0,0,2,0,4,1,0,1,0,1,2,0,0,0,1,1,0,1,1,1,0,0,1,0,0,1,3,1,0,0,1,0,0,1,3,1,0,0,1,0,1,0,0,2
5768,44,4,0.689776023,0,38501,0,1,0,5,0,0,0,0,1,1,5,3,5,5,5,1,1,5,5,5,3,3,3,3,2,2,2,3,3,1,1,4,1,0.468383188,-0.440061014,0.848373959,0,0,1,0,3,0,0,1,0,0,2,0,4,1,0,1,0,0,3,1,1,0,0,1,0,1,1,1,0,0,1,0,1,0,2,0,1,0,2,0,1,0,2,1,0,0,1,1,0,0,0,1
5773,46,2,0.00705273,0,84070,1,0,0,2,0,1,0,0,0,2,5,2,5,4,1,1,1,3,4,3,2,2,2,3,2,2,2,2,2,3,3,3,1,0.633528158,-0.046082001,0.437603855,0,0,0,0,1,0,0,1,0,0,2,0,4,1,0,1,0,0,3,0,0,0,1,1,0,1,1,0,0,1,3,0,0,1,3,1,0,0,1,0,1,0,2,0,0,1,3,0,0,0,1,4
5774,3,2,12.30071268,1,85712,0,1,0,2,0,1,0,0,0,2,5,2,5,4,1,3,1,1,3,3,2,2,2,3,2,2,2,2,2,3,3,3,1,0.670502683,-0.096144314,-0.401231802,0,0,0,0,1,0,0,1,0,0,1,1,1,1,0,1,0,1,2,0,0,0,1,0,0,1,1,0,1,0,2,0,0,1,3,1,0,0,1,0,0,1,3,1,0,0,1,0,0,0,1,4
5776,51,2,0.570939533,0,54002,0,0,1,1,1,0,0,0,0,1,1,1,3,4,3,4,4,3,4,3,2,2,2,3,2,2,2,2,2,3,3,3,1,-0.80124174,0.26327772,-0.615642146,0,1,0,0,2,0,0,1,0,0,2,0,4,0,1,2,0,1,2,0,0,0,1,1,0,1,1,1,0,0,1,1,0,0,1,1,0,0,1,1,0,0,1,1,0,0,1,1,0,0,0,1
5777,36,2,0.519437206,0,43125,0,1,0,3,0,0,1,0,0,2,5,3,4,3,2,3,1,2,4,4,2,2,3,3,3,1,2,2,3,3,2,2,1,0.844380442,1.252287637,-0.017527388,0,1,0,0,2,1,1,1,0,0,2,0,4,0,1,2,0,0,3,1,0,0,1,1,0,1,1,1,0,0,1,0,1,0,2,0,1,0,2,0,1,0,2,1,0,0,1,0,1,0,0,2
5779,21,4,5.939487728,0,20854,0,1,0,2,0,1,0,0,0,2,3,3,3,4,3,4,2,2,3,3,1,1,1,1,3,1,1,1,3,2,2,2,1,-0.430099129,0.584283605,0.026113161,0,0,1,0,3,1,1,0,0,1,2,0,3,0,0,3,0,0,3,1,0,0,0,1,0,1,1,0,1,0,2,0,1,0,2,0,1,0,2,0,0,1,3,1,0,0,1,0,0,1,0,3
5780,38,2,1.146498021,0,97845,0,0,1,4,0,0,0,1,0,2,4,1,2,4,1,3,1,4,5,4,1,1,1,3,2,1,2,2,2,3,2,3,1,1.2053767,0.099876533,0.311280254,0,1,0,0,2,0,0,1,0,0,2,0,4,1,0,1,1,0,1,0,0,0,1,0,0,1,1,1,0,0,1,1,0,0,1,1,0,0,1,0,0,1,3,1,0,0,1,1,0,0,0,1
5781,3,2,5.63E-05,1,85711,0,1,0,5,0,0,0,0,1,4,2,5,5,5,5,5,5,5,5,5,1,1,1,1,2,2,1,1,2,3,3,3,1,-0.052335842,0.915520027,0.730342244,0,1,0,0,2,0,0,0,1,0,2,0,2,1,0,1,1,0,1,0,0,0,0,0,1,1,1,0,1,0,2,0,0,1,3,1,0,0,1,0,1,0,2,1,0,0,1,0,0,0,1,4
5782,14,4,1.44693783,0,61554,0,1,0,2,0,1,0,0,0,1,6,3,5,5,1,1,1,4,4,3,2,1,3,2,3,1,1,1,3,1,2,4,1,-0.496067396,-1.061859061,0.087283124,0,1,0,0,2,0,0,1,0,0,2,0,4,0,1,2,0,0,3,1,0,0,0,1,0,1,1,0,1,0,2,0,1,0,2,1,0,0,1,0,1,0,2,1,0,0,1,0,0,1,0,3
5785,39,2,0.254594836,0,19606,0,1,0,3,0,0,1,0,0,2,5,3,3,4,2,4,1,4,5,4,1,1,2,3,1,2,2,1,3,1,3,3,1,-0.54376213,-1.463534196,0.982893891,0,1,0,0,2,1,1,1,0,0,2,0,4,0,1,2,0,0,3,1,0,0,1,0,0,1,1,0,1,0,2,0,1,0,2,1,0,0,1,0,0,1,3,1,0,0,1,0,1,0,0,2
5786,11,2,2.777138884,0,30349,0,1,0,1,1,0,0,0,0,1,4,0,5,4,4,1,1,5,5,5,2,2,2,3,3,1,2,2,3,1,2,2,1,0.049258039,-0.421512205,1.669573675,0,0,0,0,1,0,0,0,1,0,2,0,2,0,0,3,0,0,3,0,0,0,1,1,0,1,1,0,1,0,2,0,0,1,3,0,0,1,3,0,0,1,3,1,0,0,1,0,0,1,0,3
5788,45,2,0.206376821,1,78654,0,1,0,2,0,1,0,0,0,3,3,3,2,3,2,2,2,3,4,4,2,2,1,1,2,2,1,3,3,1,1,3,1,-0.061224344,0.581136184,-0.212154938,0,0,0,0,1,1,1,1,0,0,2,0,4,0,1,2,0,0,3,1,0,0,0,0,0,1,1,1,0,0,1,1,0,0,1,1,0,0,1,1,0,0,1,1,0,0,1,1,0,0,0,1
5789,3,2,0.059249397,1,85250,1,0,0,5,0,0,0,0,1,2,4,3,5,5,5,3,5,5,5,5,2,1,3,2,3,3,3,2,3,2,2,3,1,1.205812046,0.631482553,0.727651286,0,0,0,0,1,1,1,1,0,0,2,0,4,0,1,2,0,0,3,1,0,0,0,1,0,1,1,0,0,1,3,0,0,1,3,0,0,1,3,1,0,0,1,1,0,0,1,0,0,0,1,4
5790,14,2,3.939279517,0,61101,0,1,0,4,0,0,0,1,0,1,5,4,5,4,5,4,4,3,5,4,3,1,2,2,3,1,3,2,3,1,2,2,1,0.295226033,0.987738236,0.98151832,1,1,0,0,2,1,1,0,1,0,1,1,1,0,0,3,0,0,3,1,1,0,0,0,0,1,1,0,1,0,2,0,0,1,3,1,0,0,1,0,1,0,2,1,0,0,1,1,0,0,0,1
5793,23,2,0.416208396,0,48864,0,1,0,3,0,0,1,0,0,2,4,3,3,2,2,3,3,3,3,2,2,3,3,3,2,2,2,3,3,3,3,3,1,-0.666844761,0.8479151,-1.166166501,0,0,0,0,1,1,1,1,0,0,2,0,4,0,1,2,0,0,3,1,1,0,0,0,0,1,1,1,0,0,1,1,0,0,1,0,1,0,2,0,0,1,3,1,0,0,1,0,1,0,0,2
5798,52,2,0.401177583,0,82601,0,1,0,3,0,0,1,0,0,3,5,4,1,2,5,4,4,4,5,4,3,1,1,1,3,3,3,2,3,2,2,3,1,0.538491562,0.797673655,0.707818065,0,0,0,0,1,1,1,1,0,0,2,0,4,0,0,3,0,0,3,1,0,0,0,1,0,1,1,0,1,0,2,0,0,1,3,0,1,0,2,0,0,1,3,1,0,0,1,0,0,1,0,3
5801,33,2,0.870258397,0,10019,1,0,0,3,0,0,1,0,0,2,3,3,4,4,2,3,2,3,4,4,2,1,3,1,3,2,2,1,3,3,2,1,1,0.249665818,-0.408212478,-0.062467265,0,1,0,0,2,0,1,1,0,0,2,0,4,0,0,3,1,0,1,0,0,0,0,0,0,1,1,0,0,1,3,0,0,1,3,0,0,1,3,0,0,1,3,0,0,1,3,0,0,1,0,3
5802,32,2,12.88702802,0,87364,0,0,1,3,0,0,1,0,0,3,4,3,4,4,5,4,4,5,5,5,3,2,3,2,1,1,2,3,3,2,2,2,1,0.920133556,1.043180094,0.327816214,0,1,0,0,2,1,1,0,0,0,2,0,5,1,0,1,0,0,3,0,0,0,1,1,0,1,1,1,0,0,1,1,0,0,1,1,0,0,1,0,1,0,2,1,0,0,1,1,0,0,0,1
5804,24,2,1.29662143,0,55038,0,1,0,1,1,0,0,0,0,1,4,2,4,3,1,1,1,2,3,2,2,2,2,3,2,2,2,2,2,3,3,4,1,0.222976699,-0.088809099,-2.393799674,0,1,0,0,2,0,0,1,0,0,2,0,4,0,1,2,0,0,3,0,0,0,1,1,0,1,1,1,0,0,1,1,0,0,1,0,1,0,2,0,0,1,3,1,0,0,1,1,0,0,0,1
5805,3,2,0.072949537,1,85001,1,0,0,5,0,0,0,0,1,2,5,5,3,5,1,3,1,5,5,3,1,2,3,2,2,3,3,2,3,3,3,3,1,-0.88772552,-0.266389017,1.801471885,0,0,0,0,1,0,0,0,1,0,2,0,2,0,1,2,0,0,3,1,0,0,0,1,0,1,1,0,0,0,0,0,0,0,0,0,0,0,0,0,0,0,0,0,0,0,0,0,0,0,0,0
5806,44,2,1.462407667,0,38119,0,1,0,2,0,1,0,0,0,1,3,2,3,4,1,1,1,4,3,1,2,2,2,3,2,1,2,2,3,4,4,4,1,-0.98793981,0.357011216,0.375524508,0,1,0,0,2,0,0,0,1,0,2,0,2,0,0,3,0,0,3,1,0,0,0,0,0,1,1,0,1,0,2,0,0,1,3,0,0,1,3,0,0,1,3,1,0,0,1,0,1,0,0,2
5808,5,2,0.023661975,0,91607,1,0,0,1,1,0,0,0,0,1,5,2,5,5,1,1,1,3,5,1,2,2,2,4,2,2,2,2,2,4,4,4,1,-2.43411922,-1.667887822,1.465835537,0,1,0,0,2,0,0,1,0,0,2,0,4,0,1,2,0,0,3,0,0,0,1,0,0,1,1,0,0,1,3,0,0,1,3,0,0,1,3,0,0,1,3,0,0,1,3,0,0,0,1,4
5809,5,2,5.905765963,0,90057,1,0,0,2,0,1,0,0,0,2,6,2,4,5,1,2,1,4,2,2,2,1,1,1,2,2,3,2,3,2,2,4,1,-0.310239367,0.43409529,-1.258682637,1,0,0,0,1,0,0,1,0,0,1,1,1,0,1,2,0,0,3,0,0,0,1,0,0,1,1,0,0,1,3,0,0,1,3,1,0,0,1,0,0,1,3,0,0,1,3,0,0,0,1,4
5813,14,1,0.760415644,0,60628,0,1,0,5,0,0,0,0,1,2,5,4,4,4,5,3,3,3,5,5,3,3,3,2,2,3,3,3,3,3,3,3,1,0.056622932,-0.400490218,0.344692216,1,0,0,0,1,0,0,1,0,0,1,1,1,0,1,2,0,0,3,1,0,0,0,1,0,1,1,0,0,1,3,0,1,0,2,0,1,0,2,1,0,0,1,0,0,1,3,0,0,0,1,4
5814,14,2,0.497245972,0,62002,0,1,0,1,1,0,0,0,0,1,5,3,5,1,1,3,3,3,3,3,2,2,2,3,2,2,2,2,2,3,3,3,1,0.012620288,1.056957478,0.956870576,0,0,0,0,1,1,1,1,0,0,2,0,4,0,1,2,0,0,3,1,0,0,0,1,0,1,1,0,1,0,2,0,1,0,2,0,1,0,2,0,0,1,3,1,0,0,1,0,1,0,0,2
5815,23,2,0.983730677,0,48340,0,1,0,3,0,0,1,0,0,1,1,2,5,1,1,1,1,1,5,5,2,2,2,3,2,2,2,2,2,3,3,3,1,1.309400772,1.559139479,0.836041103,1,0,0,0,1,0,1,0,1,0,2,0,2,0,0,3,0,0,3,1,0,0,0,0,0,1,1,0,1,0,2,0,1,0,2,1,0,0,1,1,0,0,1,1,0,0,1,1,0,0,0,1
5817,3,2,0.455642408,1,85749,0,1,0,3,0,0,1,0,0,4,5,3,4,5,5,2,4,4,5,3,3,3,2,3,3,1,3,2,3,2,3,3,1,0.789525113,0.995267039,0.867673584,1,0,0,0,1,0,1,1,0,0,2,0,4,0,0,3,0,0,3,1,0,0,0,1,0,1,1,1,0,0,1,1,0,0,1,1,0,0,1,0,1,0,2,1,0,0,1,1,0,0,0,1
5818,49,2,0.029048262,0,98168,0,1,0,3,0,0,1,0,0,3,3,3,3,5,2,1,1,5,5,3,2,3,3,4,3,1,3,1,3,1,2,1,1,-0.760082106,-1.420564046,-0.035057952,1,0,0,0,1,0,0,0,1,0,2,0,2,1,0,1,0,0,3,1,0,0,1,0,0,1,1,0,1,0,2,0,1,0,2,0,0,1,3,0,1,0,2,0,1,0,2,0,0,1,0,3
5819,21,4,0.472266889,0,21224,1,0,0,2,0,1,0,0,0,3,5,4,1,5,4,4,2,4,4,4,3,1,1,2,3,1,2,2,3,2,2,1,1,0.014249799,-0.895283124,-0.536939805,1,0,0,0,1,0,0,1,0,0,2,0,4,1,0,1,0,0,3,0,1,0,0,0,0,1,1,0,0,1,3,0,0,1,3,0,1,0,2,0,1,0,2,0,0,1,3,0,0,0,1,4
5820,31,2,0.835545141,0,8053,0,1,0,1,1,0,0,0,0,1,5,0,5,2,1,1,1,3,4,1,2,3,2,4,2,2,2,2,2,4,2,3,1,-0.046259374,-1.292857957,0.021441055,1,1,0,0,2,1,1,1,0,0,2,0,4,0,1,2,0,0,3,1,0,0,1,1,0,1,1,0,1,0,2,0,0,1,3,0,0,1,3,0,0,1,3,1,0,0,1,0,1,0,0,2
5821,33,4,0.888801231,0,10452,1,0,0,3,0,0,1,0,0,3,4,3,3,3,2,3,3,4,4,3,2,2,2,3,2,2,2,2,3,3,3,4,1,-0.248800063,-0.576174888,-0.0754719,1,0,0,0,1,0,0,0,1,0,1,1,1,1,0,1,0,0,3,1,0,0,0,0,1,1,1,0,0,1,3,0,0,1,3,0,0,1,3,0,1,0,2,0,0,1,3,0,0,0,1,4
5822,16,2,0.632260208,0,50265,0,1,0,3,0,0,1,0,0,3,5,2,2,5,1,4,4,3,3,2,2,2,2,1,2,1,1,1,3,2,2,1,1,-0.679429441,-0.277231172,-0.620916459,1,0,0,0,1,1,1,1,0,0,2,0,4,1,0,1,0,0,3,0,0,0,0,0,0,1,1,0,1,0,2,0,0,1,3,0,1,0,2,0,0,1,3,1,0,0,1,0,0,1,0,3
5823,5,2,19.3326269,0,90630,1,0,0,3,0,0,1,0,0,5,6,2,3,3,3,3,3,3,3,3,2,2,2,3,2,2,2,2,2,3,3,3,1,0.000327347,0.229010046,-1.381561164,1,0,0,0,1,1,1,0,0,1,2,0,3,0,0,3,0,0,3,0,0,0,0,1,0,1,1,0,0,1,3,0,0,1,3,0,0,1,3,0,0,1,3,1,0,0,1,0,0,0,1,4
5825,48,3,0.418220276,0,22314,1,0,0,3,0,0,1,0,0,4,4,3,4,3,4,3,3,3,3,3,2,2,2,2,2,2,2,3,3,3,2,2,0,-0.138757571,0.26503211,-0.529611511,1,1,0,0,2,1,1,1,0,0,2,0,4,0,1,2,0,1,2,1,0,0,0,0,0,0,0,0,0,1,3,0,0,1,3,0,0,1,3,0,0,1,3,0,0,1,3,0,0,0,1,4
5828,49,2,0.049622898,0,98101,1,0,0,3,0,0,1,0,0,2,3,4,4,5,4,4,5,4,5,4,2,2,2,3,2,2,2,2,2,3,3,3,1,0.610465376,0.171949362,0.185222004,0,0,0,0,1,1,1,1,0,0,1,1,1,0,1,2,0,0,3,1,0,0,0,1,0,1,1,0,0,1,3,0,0,1,3,0,0,1,3,0,0,1,3,0,0,1,3,0,0,0,1,4
5836,3,2,0.032302668,1,85053,1,0,0,4,0,0,0,1,0,3,5,5,3,5,4,3,4,5,5,4,3,2,3,2,3,1,1,1,3,1,2,2,1,-1.649032144,0.3664452,0.397600924,1,1,0,0,2,0,0,0,1,0,2,0,2,0,1,2,0,0,3,1,0,0,1,1,0,1,1,0,0,1,3,0,0,1,3,0,0,1,3,0,1,0,2,1,0,0,1,0,0,0,1,4
5837,51,2,3.184936186,0,53204,1,0,0,3,0,0,1,0,0,2,5,1,4,4,1,1,1,3,1,1,3,1,1,2,2,2,3,2,1,1,2,4,1,-0.320150798,0.537042182,0.991061542,1,0,0,0,1,0,0,0,0,0,1,1,1,1,0,1,0,1,2,0,0,0,1,0,0,1,1,0,0,1,3,0,0,1,3,0,0,1,3,0,1,0,2,0,1,0,2,0,0,0,1,4
5840,11,4,0.400473351,0,31601,0,1,0,2,0,1,0,0,0,2,3,3,3,3,3,3,3,3,3,3,2,2,2,3,2,2,2,2,2,3,3,3,1,-0.849085224,0.243209007,-1.040977825,1,0,0,0,1,0,0,0,0,0,2,0,5,1,0,1,0,1,2,0,0,0,0,0,0,1,1,1,0,0,1,0,1,0,2,0,1,0,2,0,0,1,3,1,0,0,1,0,1,0,0,2
5842,39,3,0.882325451,0,18018,1,0,0,3,0,0,1,0,0,2,6,2,4,4,1,4,3,4,3,3,3,2,2,3,2,2,2,2,2,3,2,3,0,-0.507028627,0.248145445,-1.777357328,0,0,0,0,1,0,0,1,0,0,1,1,1,0,1,2,0,0,3,1,1,0,0,0,0,0,0,0,0,1,3,0,0,1,3,0,0,1,3,0,1,0,2,1,0,0,1,0,0,0,1,4
5843,3,4,0.053126278,1,85051,1,0,0,2,0,1,0,0,0,1,6,2,5,4,2,2,4,4,5,2,3,3,3,2,3,1,1,3,3,1,2,1,1,-1.248037798,0.997850276,1.447927787,0,0,0,0,1,0,0,0,0,0,1,1,1,1,0,1,0,0,3,1,0,0,0,0,0,1,1,0,0,1,3,0,0,1,3,0,0,1,3,0,1,0,2,1,0,0,1,0,0,0,1,4
5844,15,2,0.243681273,0,60435,1,0,0,4,0,0,0,1,0,1,5,4,4,4,4,4,4,4,4,4,2,3,2,2,2,3,2,3,2,3,3,3,1,0.067731785,0.818495615,0.088087581,0,0,0,0,1,1,1,0,1,0,2,0,2,0,1,2,0,0,3,1,1,0,0,0,0,1,1,0,0,1,3,0,0,1,3,1,0,0,1,0,1,0,2,0,1,0,2,0,0,1,0,3
5846,49,2,0.334779133,0,98108,1,0,0,4,0,0,0,1,0,1,5,5,5,4,2,4,3,2,4,3,3,3,1,2,2,2,3,1,3,4,4,4,1,0.730120878,0.18976713,0.644529837,0,0,0,0,1,0,0,0,0,1,2,0,3,0,1,2,0,1,2,0,0,0,1,1,0,1,1,0,0,1,3,0,0,1,3,0,0,1,3,0,1,0,2,0,0,1,3,0,0,0,1,4
5847,3,1,0.807869968,1,85085,0,1,0,1,1,0,0,0,0,1,5,0,5,1,1,1,1,1,1,1,2,2,2,3,2,2,2,2,2,3,3,3,1,1.266490796,0.241923927,1.012139332,1,0,0,0,1,0,0,1,0,1,2,0,3,0,0,3,0,0,3,0,0,0,1,1,0,1,1,1,0,0,1,1,0,0,1,1,0,0,1,1,0,0,1,1,0,0,1,1,0,0,0,1
5849,49,2,0.064474066,0,98117,1,0,0,2,0,1,0,0,0,3,4,3,4,4,5,3,2,3,4,4,3,2,2,2,2,2,3,2,3,1,3,2,0,-1.023623788,1.222753548,0.00389812,0,1,0,0,2,0,0,1,0,0,2,0,4,1,0,1,1,0,1,0,0,0,1,0,0,0,0,0,0,1,3,0,1,0,2,1,0,0,1,0,1,0,2,1,0,0,1,0,0,0,1,4
5850,10,1,0.558699889,1,33604,0,1,0,2,0,1,0,0,0,2,3,1,3,3,3,2,3,3,2,2,1,3,1,2,1,3,1,3,1,2,1,2,1,-0.010867723,-0.538975639,-1.889667052,1,0,0,0,1,0,0,0,1,0,2,0,2,1,0,1,0,1,2,1,0,0,0,0,1,1,1,0,0,1,3,0,1,0,2,0,1,0,2,0,1,0,2,1,0,0,1,0,0,0,1,4
5852,5,3,6.450230581,0,94705,1,0,0,4,0,0,0,1,0,3,4,3,5,5,1,1,1,1,4,1,2,2,2,2,2,2,3,2,3,3,3,4,0,0.683433316,-1.387929434,0.033850207,1,0,0,0,1,0,0,0,0,1,2,0,3,1,0,1,0,0,3,0,0,0,0,1,0,0,0,0,0,1,3,0,0,1,3,1,0,0,1,0,0,1,3,0,0,1,3,0,0,0,1,4
5853,5,2,4.262927669,0,92243,1,0,0,2,0,1,0,0,0,3,5,3,3,5,3,2,3,5,5,3,3,3,3,1,3,3,3,1,3,3,3,3,1,0.352053686,0.090834601,-0.14681918,1,0,0,0,1,0,0,0,0,0,2,0,5,1,0,1,0,0,3,0,0,0,1,0,1,1,1,0,0,1,3,0,0,1,3,0,1,0,2,0,0,1,3,1,0,0,1,0,0,1,0,3
5854,49,2,0.073866207,0,98499,0,1,0,2,0,1,0,0,0,2,4,3,4,5,5,3,3,3,4,4,2,2,2,4,2,2,2,2,2,4,3,4,1,0.115974869,0.178769249,0.448092914,0,1,0,0,2,1,1,0,1,0,2,0,2,1,0,1,1,0,1,0,0,0,0,0,0,1,1,0,1,0,2,0,0,1,3,0,0,1,3,0,0,1,3,0,1,0,2,0,0,0,1,4
5858,26,1,1.897141927,0,62942,0,0,1,4,0,0,0,1,0,4,3,4,1,5,5,5,5,5,5,5,2,3,3,3,2,3,2,1,3,3,2,3,1,0.191921762,0.964443938,-0.267249849,0,0,0,0,1,0,0,1,0,0,2,0,4,0,1,2,0,0,3,0,0,0,1,1,0,1,1,1,0,0,1,1,0,0,1,1,0,0,1,1,0,0,1,1,0,0,1,1,0,0,0,1
5859,3,2,0.270405167,1,85286,0,1,0,2,0,1,0,0,0,2,5,2,5,4,2,2,2,3,4,4,2,2,2,2,3,2,3,2,3,2,3,3,1,0.871241536,0.823982726,-0.416559707,0,0,0,0,1,0,1,1,0,0,2,0,4,0,0,3,1,0,1,0,0,0,1,1,0,1,1,0,1,0,2,0,1,0,2,0,0,1,3,1,0,0,1,1,0,0,1,0,1,0,0,2
5861,18,3,0.374883698,0,42539,0,0,1,3,0,0,1,0,0,2,3,3,3,2,2,3,3,3,2,3,2,3,2,2,2,3,2,2,2,2,3,3,1,-0.832229093,0.409747381,-0.504417694,1,0,0,0,1,0,0,0,0,1,2,0,3,1,0,1,0,0,3,0,0,0,0,0,0,1,1,1,0,0,1,1,0,0,1,1,0,0,1,1,0,0,1,1,0,0,1,1,0,0,0,1
5862,5,2,0.006082636,0,91326,0,1,0,5,0,0,0,0,1,3,5,4,2,3,5,3,2,2,3,4,1,3,2,2,2,3,2,3,2,2,3,2,1,0.554390445,0.653187923,0.189361866,0,0,0,0,1,0,0,1,0,0,2,0,4,1,0,1,0,0,3,0,0,0,0,1,0,1,1,0,1,0,2,0,1,0,2,0,0,1,3,0,0,1,3,1,0,0,1,0,1,0,0,2
5863,1,4,0.22081963,0,35228,0,1,0,4,0,0,0,1,0,4,6,0,1,1,1,1,1,2,1,1,2,2,3,4,2,2,2,2,2,4,4,4,0,-2.074222343,-1.406313685,-1.745610962,1,0,0,0,1,0,0,0,1,0,2,0,2,1,0,1,0,0,3,0,0,0,0,1,1,0,0,0,1,0,2,1,0,0,1,0,1,0,2,1,0,0,1,1,0,0,1,0,0,1,0,3
5864,38,2,3.071770677,0,97404,0,1,0,4,0,0,0,1,0,3,3,2,2,4,1,4,2,5,5,4,2,3,3,2,2,2,2,2,2,2,2,2,1,0.481478822,0.042748813,0.638311537,0,1,0,0,2,0,0,1,0,0,2,0,4,1,0,1,1,0,1,0,0,0,1,1,0,1,1,0,1,0,2,0,1,0,2,0,0,1,3,0,1,0,2,0,1,0,2,0,0,1,0,3
5865,45,2,6.503724118,1,78758,1,0,0,2,0,1,0,0,0,2,4,3,4,3,1,1,2,3,4,4,2,3,1,1,1,3,3,2,2,3,3,3,1,-0.028157092,-0.59546857,0.781670482,0,0,0,0,1,0,1,0,0,1,2,0,3,0,0,3,1,0,1,0,0,0,0,0,0,1,1,0,0,0,0,0,0,0,0,0,0,0,0,0,0,0,0,0,0,0,0,0,0,0,0,0
5868,5,2,0.337420915,0,96055,0,1,0,3,0,0,1,0,0,3,5,4,4,3,3,2,3,3,3,4,3,2,3,3,2,3,2,2,3,2,2,2,0,-0.102868467,0.856040495,0.051447832,0,0,0,0,1,0,0,1,0,0,2,0,4,0,1,2,0,0,3,0,0,0,1,1,0,0,0,1,0,0,1,1,0,0,1,0,1,0,2,0,0,1,3,1,0,0,1,0,0,1,0,3
5869,45,4,2.162601187,1,78233,0,1,0,2,0,1,0,0,0,2,3,3,1,5,1,1,1,5,1,1,1,1,1,1,1,1,1,1,3,1,2,1,1,-0.823491372,0.280624604,0.186605634,0,0,0,0,1,0,0,0,0,0,1,1,1,0,1,2,0,0,3,0,0,0,0,1,1,1,1,0,1,0,2,0,1,0,2,0,0,1,3,0,1,0,2,1,0,0,1,0,1,0,0,2
5870,22,4,7.81415341,0,1075,0,1,0,1,1,0,0,0,0,1,4,1,5,2,2,2,1,2,3,1,2,2,2,2,3,2,2,2,2,3,3,3,1,-2.434845687,-0.912612314,1.531520719,0,0,0,0,1,0,0,1,0,0,2,0,4,0,0,3,0,0,3,0,0,0,0,1,0,1,1,1,0,0,1,0,1,0,2,1,0,0,1,0,1,0,2,1,0,0,1,0,1,0,0,2
5872,45,2,0.46536457,1,78654,0,1,0,3,0,0,1,0,0,2,3,3,2,2,4,2,3,4,4,4,1,1,3,3,3,1,2,2,3,1,1,1,1,0.012196603,0.399916374,-0.902630356,0,0,0,0,1,1,1,1,0,0,2,0,4,0,1,2,0,1,2,0,0,0,0,0,0,1,1,1,0,0,1,1,0,0,1,1,0,0,1,1,0,0,1,1,0,0,1,1,0,0,0,1
5873,45,2,0.970138144,0,76502,0,1,0,3,0,0,1,0,0,2,4,3,3,4,3,3,3,4,3,4,2,3,1,3,2,3,3,2,3,2,2,1,1,0.147249248,1.430337529,-0.432030667,0,0,0,0,1,0,0,0,1,0,2,0,2,0,1,2,0,0,3,1,0,0,1,0,0,1,1,0,1,0,2,1,0,0,1,0,1,0,2,0,1,0,2,1,0,0,1,1,0,0,0,1
5874,33,2,2.00248403,0,10011,1,0,0,2,0,1,0,0,0,3,4,4,4,5,4,4,5,4,5,4,2,3,2,2,2,3,3,2,2,2,2,2,1,-0.427202322,1.391618622,0.614151906,0,0,0,0,1,0,1,1,0,0,2,0,4,0,0,3,0,0,3,1,0,0,0,1,0,1,1,0,0,1,3,0,0,1,3,0,0,1,3,0,0,1,3,0,0,1,3,0,0,1,0,3
5876,49,3,0.084082792,0,98310,0,1,0,4,0,0,0,1,0,4,5,4,4,4,2,4,2,2,4,3,3,3,2,3,2,2,2,2,2,4,2,4,1,-0.279094721,-0.745043909,0.505862871,0,0,0,0,1,0,0,1,0,0,2,0,4,1,0,1,1,0,1,0,1,0,0,0,0,1,1,0,1,0,2,0,1,0,2,1,0,0,1,0,1,0,2,0,1,0,2,0,0,0,1,4
5878,19,1,4.142671466,0,71109,0,1,0,5,0,0,0,0,1,1,5,3,5,5,4,2,5,3,4,4,2,2,2,3,2,2,2,2,3,2,2,2,1,0.608176085,1.370184838,-0.349340609,0,0,0,0,1,0,0,0,1,0,1,1,1,1,0,1,0,0,3,1,1,0,0,1,0,1,1,0,1,0,2,1,0,0,1,0,0,1,3,1,0,0,1,1,0,0,1,1,0,0,0,1
5879,49,2,0.153460034,0,98188,1,0,0,5,0,0,0,0,1,2,5,5,2,5,5,5,4,4,5,4,1,1,3,1,3,1,2,1,2,2,3,1,1,1.162917337,1.099111268,0.509681301,0,1,0,0,2,1,1,0,0,1,2,0,3,0,1,2,0,0,3,1,0,0,1,1,0,1,1,0,0,1,3,0,0,1,3,0,0,1,3,0,0,1,3,0,0,1,3,0,0,1,0,3
5880,33,2,0.135636699,0,10030,1,0,0,3,0,0,1,0,0,2,3,2,4,5,2,5,4,5,2,5,3,2,1,1,3,2,2,1,3,2,2,2,1,-0.215261119,1.964977691,0.849980907,0,1,0,0,2,1,1,1,0,0,2,0,4,1,0,1,0,0,3,1,0,0,1,1,0,1,1,0,0,1,3,0,0,1,3,1,0,0,1,0,1,0,2,0,0,1,3,0,0,0,1,4
5884,21,2,0.675415209,0,20735,0,1,0,4,0,0,0,1,0,2,5,4,4,4,4,4,4,4,4,4,2,2,2,3,2,2,2,2,2,3,3,3,1,0.067731785,0.818495615,0.088087581,0,0,0,0,1,1,1,0,1,0,2,0,2,1,0,1,0,1,2,0,0,0,0,1,0,1,1,0,1,0,2,0,1,0,2,0,1,0,2,1,0,0,1,1,0,0,1,1,0,0,0,1
5885,3,2,0.127241408,1,85087,0,1,0,4,0,0,0,1,0,3,5,4,3,5,4,5,3,5,3,4,2,2,1,3,3,2,2,2,2,3,3,4,1,0.534768655,0.562589586,0.230423562,0,1,0,0,2,0,0,1,0,0,2,0,4,0,0,0,0,0,3,0,0,1,1,1,0,1,1,1,0,0,1,1,0,0,1,1,0,0,1,1,0,0,1,1,0,0,1,1,0,0,0,1
5886,25,4,0.208378133,0,38654,0,1,0,3,0,0,1,0,0,3,5,5,2,5,1,1,3,1,1,3,2,2,2,3,2,2,2,2,2,3,3,3,1,-0.187854744,-0.097274219,-1.059073342,0,1,0,0,2,0,0,1,0,0,2,0,4,1,0,1,0,0,3,1,0,0,0,1,0,1,1,1,0,0,1,1,0,0,1,0,1,0,2,0,1,0,2,1,0,0,1,1,0,0,0,1
5892,3,2,0.339441503,1,85008,1,0,0,2,0,1,0,0,0,2,5,4,3,2,2,2,1,5,5,5,2,2,2,3,2,2,3,3,2,2,2,2,1,0.859198812,1.369345376,0.643874034,0,1,0,0,2,1,1,1,0,0,1,1,1,0,0,3,0,0,3,1,0,1,0,1,0,1,1,0,0,1,3,0,0,1,3,0,1,0,2,0,0,1,3,0,1,0,2,0,0,1,0,3
5895,49,2,0.001904138,0,20001,1,0,0,3,0,0,1,0,0,3,4,3,2,5,4,5,1,5,5,5,2,2,2,3,2,2,2,2,1,2,2,2,1,1.160912057,1.227465859,0.534668839,0,1,0,0,2,0,1,1,0,0,2,0,4,0,1,2,0,0,3,1,0,0,0,1,0,1,1,0,0,1,3,0,0,1,3,0,1,0,2,0,0,1,3,0,0,1,3,0,0,0,1,4
5896,10,4,1.126414676,1,33185,0,1,0,3,0,0,1,0,0,1,5,3,2,3,1,4,1,5,5,3,3,1,1,2,2,2,1,1,3,2,3,3,1,-1.370459437,-0.160964504,-0.57215056,0,0,0,0,1,0,0,1,0,0,1,1,1,1,0,1,0,0,3,0,0,0,0,0,0,1,1,0,0,1,3,0,1,0,2,1,0,0,1,1,0,0,1,1,0,0,1,0,0,0,1,4
5899,49,2,0.322846135,0,98446,0,1,0,1,1,0,0,0,0,1,2,1,4,4,1,1,1,2,4,3,2,2,2,3,2,2,2,2,2,3,3,4,1,0.110438489,-0.377266863,-0.096668072,0,0,0,0,1,1,1,1,0,0,2,0,4,0,0,3,0,0,3,0,0,0,0,1,0,1,1,1,0,0,1,1,0,0,1,1,0,0,1,0,0,1,3,1,0,0,1,1,0,0,0,1
5900,42,2,0.462056516,0,29206,0,1,0,3,0,0,1,0,0,1,4,3,5,5,1,1,1,1,3,3,2,2,2,2,2,2,2,2,3,3,3,4,1,-0.29750987,-1.140561122,0.645708278,0,1,0,0,2,0,1,1,0,0,2,0,4,0,1,2,0,0,3,1,0,0,1,0,0,1,1,1,0,0,1,0,1,0,2,0,1,0,2,0,1,0,2,1,0,0,1,0,0,1,0,3
5904,30,2,0.224559283,0,3851,0,0,1,3,0,0,1,0,0,3,3,3,4,5,4,3,3,5,4,4,1,1,1,1,1,1,1,1,3,1,1,1,1,-0.393087284,-0.019198337,-0.067221917,0,0,0,0,1,1,1,1,0,0,2,0,4,0,1,2,1,0,1,0,0,0,1,1,0,1,1,1,0,0,1,1,0,0,1,0,1,0,2,1,0,0,1,1,0,0,1,1,0,0,0,1
5908,10,2,0.281731295,1,33511,0,1,0,4,0,0,0,1,0,2,5,5,4,4,5,4,1,4,4,4,1,3,2,3,3,1,3,2,3,1,2,3,0,-1.138129899,0.005859862,0.565193524,0,0,0,0,1,1,1,1,0,0,2,0,4,1,0,1,0,1,2,0,0,0,0,1,0,0,0,0,1,0,2,0,0,1,3,0,0,1,3,0,1,0,2,1,0,0,1,0,1,0,0,2
5910,33,3,0.623300658,0,10601,1,0,0,1,1,0,0,0,0,5,5,0,5,1,1,1,1,1,1,1,2,2,2,4,2,2,2,2,2,4,4,4,1,-2.009263604,0.938153,-1.057990423,0,1,0,0,2,0,0,0,0,0,1,1,1,1,0,1,1,0,1,0,1,0,0,0,1,1,1,0,0,1,3,0,0,1,3,0,0,1,3,0,0,1,3,0,0,1,3,0,0,0,1,4
5914,11,1,1.804033958,0,31520,0,1,0,4,0,0,0,1,0,1,3,3,5,5,5,5,5,5,5,5,3,3,3,2,3,3,3,3,3,2,2,2,1,1.372183674,1.397672426,0.83001106,0,0,0,0,1,0,0,0,1,0,2,0,2,0,1,2,1,0,1,0,0,0,1,1,0,1,1,0,1,0,2,0,0,1,3,1,0,0,1,1,0,0,1,1,0,0,1,0,1,0,0,2
5915,44,2,0.2929821,0,38018,0,1,0,2,0,1,0,0,0,4,4,2,3,3,3,3,4,4,3,3,2,2,2,3,2,2,2,2,2,3,3,4,1,-0.000671339,1.479626514,1.430790715,0,1,0,0,2,0,0,0,1,0,2,0,2,1,0,1,0,0,3,0,0,0,1,1,0,1,1,0,1,0,2,0,1,0,2,0,1,0,2,0,0,1,3,1,0,0,1,0,1,0,0,2
5918,39,2,0.724029768,0,19401,1,0,0,2,0,1,0,0,0,2,5,3,2,3,3,2,4,3,3,4,2,3,3,1,2,2,1,1,2,3,2,3,1,-0.472966116,1.134110402,0.849877878,0,1,0,0,2,0,0,1,0,0,2,0,4,0,1,2,0,0,3,1,0,0,0,0,0,1,1,0,0,1,3,0,0,1,3,1,0,0,1,0,0,1,3,0,0,1,3,0,0,0,1,4
5920,33,2,1.341673648,0,10027,1,0,0,5,0,0,0,0,1,2,5,3,4,4,4,4,4,4,4,3,3,1,3,3,3,3,1,3,2,2,1,2,1,-1.002334269,0.16470533,-1.353255943,0,0,0,0,1,1,1,1,0,0,2,0,4,0,0,3,1,0,1,0,1,0,0,1,0,1,1,0,0,1,3,0,0,1,3,0,0,1,3,0,0,1,3,0,0,1,3,0,0,0,1,4
5923,32,2,9.767551797,0,88005,0,1,0,5,0,0,0,0,1,2,5,4,5,5,1,5,1,5,3,1,2,2,2,4,2,2,2,2,2,4,3,4,1,-0.635293355,-2.231522777,0.967255357,0,0,0,0,1,0,0,1,1,0,2,0,2,1,0,1,0,0,3,1,0,0,1,0,0,1,1,0,1,0,2,0,1,0,2,0,1,0,2,0,0,1,3,1,0,0,1,0,1,0,0,2
5925,23,1,1.169485684,0,48205,0,1,0,4,0,0,0,1,0,1,5,4,4,4,4,2,5,4,3,3,2,3,3,1,3,2,3,3,3,1,3,2,1,-0.323466524,0.736874984,-0.364880771,0,0,0,0,1,0,0,0,1,0,2,0,2,0,1,2,0,0,3,1,0,0,0,0,0,1,1,0,0,1,3,1,0,0,1,1,0,0,1,1,0,0,1,1,0,0,1,0,0,1,0,3
5926,6,2,0.101448431,0,80134,0,1,0,3,0,0,1,0,0,3,3,3,5,5,4,5,4,4,5,3,2,3,3,1,2,2,3,1,2,2,2,3,1,0.776412105,0.917191893,0.072458519,0,0,0,0,1,1,1,1,0,0,2,0,4,0,1,2,0,0,3,1,0,0,1,1,0,1,1,0,1,0,2,0,1,0,2,0,0,1,3,0,1,0,2,1,0,0,1,0,1,0,0,2
5929,48,2,0.39635336,0,23116,0,1,0,3,0,0,1,0,0,3,3,3,4,3,4,4,4,4,4,4,3,2,2,2,2,2,3,2,3,3,2,2,1,0.918920869,0.740788862,-1.235509664,0,0,0,0,1,0,0,1,0,0,2,0,4,1,0,1,0,0,3,0,0,0,0,1,0,1,1,1,0,0,1,1,0,0,1,0,1,0,2,0,1,0,2,1,0,0,1,1,0,0,0,1
5930,39,2,0.097663744,0,17601,0,1,0,3,0,0,1,0,0,4,2,4,3,5,1,1,1,5,4,1,1,1,1,1,1,1,1,1,3,1,3,3,1,-0.494699435,0.107407451,0.0682071,0,0,0,0,1,0,0,0,1,0,2,0,2,1,0,1,0,0,3,1,1,1,1,0,0,1,1,1,0,0,1,0,0,1,3,0,0,1,3,0,0,1,3,0,1,0,2,1,0,0,0,1
5931,24,2,0.846206954,0,55106,1,0,0,3,0,0,1,0,0,3,5,5,1,4,2,2,1,4,4,3,2,2,1,1,2,1,1,1,3,4,2,3,1,-0.326381883,1.155797022,-0.355039489,0,0,0,0,1,0,0,1,0,0,2,0,4,1,0,1,1,0,1,0,0,0,1,1,1,1,1,0,0,1,3,0,0,1,3,0,1,0,2,0,1,0,2,0,1,0,2,0,0,0,1,4
5932,33,4,0.348814071,0,10466,1,0,0,1,1,0,0,0,0,1,1,0,3,3,3,3,3,3,3,3,2,2,2,3,2,2,2,2,2,3,3,3,1,-0.849085224,0.243209007,-1.040977825,0,0,0,0,1,0,0,0,1,0,2,0,2,1,0,1,1,0,1,0,0,0,0,1,1,1,1,0,0,1,3,0,0,1,3,1,0,0,1,1,0,0,1,0,0,1,3,0,0,1,0,3
5938,4,2,0.552119859,0,72712,0,1,0,1,1,0,0,0,0,2,5,1,4,2,1,1,1,2,1,1,2,2,1,2,2,2,2,2,2,4,3,3,1,-0.260927125,0.131629815,0.68698341,0,0,0,0,1,0,0,1,0,0,2,0,4,1,0,1,0,1,2,0,0,1,1,0,0,1,1,1,0,0,1,0,0,1,3,0,1,0,2,0,0,1,3,1,0,0,1,1,0,0,0,1
5939,31,2,2.024706466,0,7047,1,0,0,3,0,0,1,0,0,2,4,3,4,4,2,2,3,3,3,3,2,2,2,3,2,2,2,2,2,3,3,3,1,0.969208228,1.333058309,1.19443876,0,1,0,0,2,0,0,0,0,0,1,1,1,1,0,1,0,1,2,0,0,0,0,1,0,1,1,0,0,1,3,0,0,1,3,1,0,0,1,0,1,0,2,0,0,1,3,0,0,0,1,4
5945,3,2,0.1348407,1,85012,0,1,0,4,0,0,0,1,0,2,4,3,3,4,4,5,3,4,4,5,2,2,3,2,2,2,2,3,2,3,3,3,1,0.855380283,1.112843426,-0.6292187,0,1,0,0,2,1,1,1,0,0,2,0,4,0,0,3,0,0,3,1,0,0,1,1,0,1,1,0,1,0,2,0,0,1,3,1,0,0,1,0,0,1,3,0,0,1,3,0,0,0,1,4
5946,11,4,0.120473811,0,31061,0,1,0,2,0,1,0,0,0,2,5,2,3,4,1,1,1,1,2,1,2,2,2,3,2,2,2,2,2,3,3,3,1,-0.628943246,1.013145907,-0.200123258,0,0,0,0,1,0,1,1,0,0,2,0,4,1,0,1,0,0,3,1,0,0,0,0,0,1,1,1,0,0,1,0,1,0,2,1,0,0,1,0,1,0,2,1,0,0,1,1,0,0,0,1
5949,48,2,2.46328106,0,23669,0,1,0,2,0,1,0,0,0,2,4,2,4,3,1,1,1,4,4,4,1,1,3,3,2,2,2,2,2,4,2,2,1,0.31149633,0.242414846,-0.159088171,0,0,0,0,1,0,1,1,0,0,2,0,4,0,0,3,0,0,3,1,0,0,0,1,0,1,1,0,1,0,2,0,1,0,2,0,0,1,3,1,0,0,1,1,0,0,1,0,0,1,0,3
5950,33,2,0.505851802,0,10453,1,0,0,4,0,0,0,1,0,2,4,5,5,1,5,3,2,3,2,5,1,1,3,1,3,2,3,2,2,2,1,1,1,-1.1293668,0.950154545,-1.151797945,0,0,0,0,1,1,1,0,1,0,1,1,1,0,1,2,1,0,1,0,1,0,0,1,0,1,1,0,0,1,3,0,0,1,3,0,0,1,3,1,0,0,1,0,0,1,3,0,0,1,0,3
5959,42,4,0.382278343,0,29111,0,0,1,2,0,1,0,0,0,2,5,1,3,5,1,1,1,4,4,2,2,1,2,4,3,2,1,2,3,4,4,4,1,-2.31343584,-1.766415028,0.994599874,0,0,0,0,1,0,0,0,1,0,2,0,2,1,0,1,1,0,1,0,0,0,0,0,0,1,1,1,0,0,1,1,0,0,1,0,1,0,2,1,0,0,1,1,0,0,1,1,0,0,0,1
5962,1,1,1.258782857,0,35216,0,1,0,3,0,0,1,0,0,1,4,3,5,5,2,3,3,5,3,3,2,2,2,3,2,2,2,2,2,3,3,3,1,-0.540718287,-0.338256096,-0.494514691,0,0,0,0,1,0,0,0,1,0,2,0,2,1,0,1,0,0,3,1,0,0,1,0,0,1,1,0,1,0,2,0,0,1,3,0,0,1,3,0,1,0,2,1,0,0,1,0,0,1,0,3
5964,14,2,2.543498711,0,61008,0,1,0,2,0,1,0,0,0,2,4,3,4,5,3,2,5,5,5,5,3,2,2,2,2,2,3,2,3,2,2,2,1,1.500364754,-0.091192256,0.343587099,0,0,0,0,1,0,0,1,0,0,2,0,4,1,0,1,0,0,3,0,0,0,1,1,0,1,1,0,1,0,2,0,1,0,2,0,0,1,3,0,0,1,3,1,0,0,1,1,0,0,0,1
5966,45,2,2.139521459,1,78046,0,1,0,3,0,0,1,0,0,2,5,5,4,4,3,3,2,2,4,4,2,2,2,3,2,2,2,2,2,3,3,3,1,-0.612061336,0.619440581,0.322759769,0,1,0,0,2,0,0,1,0,0,1,1,1,1,0,1,0,1,2,0,0,0,0,0,0,1,1,0,0,1,3,1,0,0,1,0,1,0,2,1,0,0,1,1,0,0,1,1,0,0,0,1
5969,23,2,3.136057836,0,48229,0,1,0,2,0,1,0,0,0,2,5,1,3,4,2,2,2,4,4,4,2,2,2,2,3,2,2,2,3,3,3,3,1,-0.792231755,0.820374831,0.865795092,0,1,0,0,2,0,0,1,0,0,1,1,1,0,1,2,0,0,3,0,0,0,0,1,0,1,1,0,0,1,3,1,0,0,1,1,0,0,1,1,0,0,1,1,0,0,1,1,0,0,0,1
5970,3,2,0.392023532,0,85120,0,1,0,2,0,1,0,0,0,2,4,4,4,4,5,4,3,4,5,4,2,2,1,1,1,2,1,2,1,3,3,3,1,0.258129807,0.766969442,-0.724394452,0,1,0,0,2,1,1,1,0,0,2,0,4,0,1,2,0,1,2,0,0,0,1,0,0,1,1,0,1,0,2,0,1,0,2,0,0,1,3,1,0,0,1,1,0,0,1,0,1,0,0,2
5983,51,4,0.349447229,0,54494,0,1,0,4,0,0,0,1,0,2,5,5,2,2,2,2,2,2,2,2,2,3,2,2,2,2,2,2,2,2,2,2,1,0.565640444,0.278424159,0.560579859,0,0,0,0,1,0,0,1,0,0,2,0,4,1,0,1,0,1,2,0,0,0,0,1,1,1,1,1,0,0,1,0,1,0,2,1,0,0,1,0,1,0,2,1,0,0,1,1,0,0,0,1
5985,4,4,0.551343047,0,72601,0,1,0,3,0,0,1,0,0,3,5,3,3,4,3,3,1,3,3,2,1,1,2,4,2,2,2,2,3,4,3,4,1,-1.743036594,0.512959091,-0.38596374,0,1,0,0,2,0,0,1,0,0,2,0,4,1,0,1,1,0,1,0,1,0,0,0,1,1,1,1,0,0,1,1,0,0,1,1,0,0,1,0,0,1,3,1,0,0,1,1,0,0,0,1
5991,18,4,1.955941514,0,42103,0,1,0,2,0,1,0,0,0,1,4,2,4,4,1,1,1,1,4,1,2,2,2,4,2,2,2,2,2,4,3,4,1,1.244187571,0.224049291,-0.708008787,0,0,0,1,4,0,1,1,0,0,2,0,4,0,0,3,0,1,2,0,1,0,0,1,0,1,1,1,0,0,1,0,1,0,2,0,1,0,2,1,0,0,1,1,0,0,1,1,0,0,0,1
5996,45,2,2.20413345,1,78250,0,1,0,5,0,0,0,0,1,2,5,5,5,5,3,5,3,5,5,5,3,3,2,2,2,3,3,2,2,3,2,3,1,0.470390094,1.815786084,0.274932193,0,1,0,0,2,0,0,1,0,0,2,0,4,0,1,2,1,0,1,0,0,0,1,1,0,1,1,0,0,1,3,1,0,0,1,0,1,0,2,1,0,0,1,1,0,0,1,0,0,1,0,3
5997,22,2,0.587393262,0,1887,0,1,0,2,0,1,0,0,0,3,2,2,4,3,3,4,2,4,4,3,1,3,3,2,3,1,3,1,1,2,2,2,1,0.94258622,-0.762572433,0.97663235,1,0,1,0,3,0,0,1,0,0,2,0,4,1,0,1,0,1,2,0,0,0,0,1,0,1,1,1,0,0,1,0,1,0,2,0,1,0,2,0,1,0,2,0,0,1,3,1,0,0,0,1
5998,26,4,2.623336705,0,63366,0,1,0,3,0,0,1,0,0,4,2,4,3,4,2,4,1,3,3,3,1,1,1,1,1,1,1,1,3,2,2,1,1,0.301637737,-0.35666084,-1.018103141,0,0,0,1,4,0,0,1,0,0,1,1,1,1,0,1,1,0,1,0,0,0,0,0,1,1,1,0,1,0,2,0,1,0,2,0,0,1,3,0,0,1,3,1,0,0,1,1,0,0,0,1
6000,17,4,0.204209457,0,66103,0,1,0,3,0,0,1,0,0,2,6,3,4,5,2,2,2,3,4,4,1,2,1,1,2,2,2,2,2,3,2,4,1,-0.470838101,0.009607731,-0.736036742,1,0,0,1,4,0,1,0,1,0,2,0,2,1,0,1,1,0,1,0,0,0,0,0,0,1,1,0,1,0,2,0,0,1,3,0,0,1,3,0,1,0,2,1,0,0,1,0,0,1,0,3
6001,7,4,1.092049029,0,6374,0,1,0,1,1,0,0,0,0,1,5,1,5,5,1,1,1,4,5,3,1,3,2,2,2,2,2,2,3,3,2,3,0,1.07012605,-0.057425239,-0.086540501,1,0,0,1,4,0,1,1,0,0,2,0,4,0,0,3,0,1,2,0,0,0,0,1,0,0,0,1,0,0,1,1,0,0,1,0,1,0,2,0,0,1,3,1,0,0,1,1,0,0,0,1
6002,41,4,0.385359946,0,2919,0,1,0,4,0,0,0,1,0,2,4,4,3,5,1,1,1,3,4,1,2,2,2,1,2,2,2,2,1,4,1,4,1,-0.569671581,-1.396909562,0.230916966,1,0,0,1,4,0,0,1,0,0,2,0,4,1,0,1,1,0,1,0,0,0,0,1,0,1,1,0,1,0,2,0,1,0,2,0,0,1,3,0,0,1,3,1,0,0,1,0,0,1,0,3
6003,7,2,1.475790676,0,6706,0,1,0,4,0,0,0,1,0,2,6,3,4,4,4,4,4,4,4,4,3,3,3,3,3,1,1,2,3,3,2,3,1,0.067731785,0.818495615,0.088087581,0,1,0,0,2,0,0,0,1,0,2,0,2,0,0,3,0,0,3,1,0,0,0,0,0,1,1,0,0,1,3,0,1,0,2,0,0,1,3,1,0,0,1,0,1,0,2,0,0,0,1,4
6005,41,4,0.035445769,0,2917,0,1,0,2,0,1,0,0,0,1,4,4,1,5,3,1,1,5,5,3,2,2,3,4,2,2,2,3,2,1,3,4,1,-1.278983669,-1.923241778,-1.709516022,0,0,0,1,4,0,0,1,0,0,2,0,4,1,0,1,1,0,1,0,1,0,0,0,1,1,1,1,0,0,1,0,1,0,2,0,1,0,2,0,0,1,3,1,0,0,1,0,1,0,0,2
6006,41,4,0.50262376,0,2909,1,0,0,3,0,0,1,0,0,3,5,3,2,5,2,2,2,4,4,4,1,1,1,1,2,2,2,2,3,4,2,2,1,-0.861781012,-0.571313952,-0.513247974,0,1,0,0,2,0,0,1,0,0,2,0,4,1,0,1,1,0,1,0,1,0,0,0,1,1,1,0,0,1,3,0,0,1,3,0,0,1,3,0,0,1,3,0,1,0,2,0,0,0,1,4
6007,1,2,1.703413017,0,35214,0,1,0,4,0,0,0,1,0,2,4,4,4,4,4,4,4,4,4,4,2,1,1,3,2,2,2,2,2,3,3,3,1,0.067731785,0.818495615,0.088087581,1,1,0,0,2,0,0,0,1,0,2,0,2,0,1,2,0,0,3,1,0,0,1,0,0,1,1,1,0,0,1,1,0,0,1,0,1,0,2,0,1,0,2,1,0,0,1,0,1,0,0,2
6010,7,4,0.424346647,0,6457,0,1,0,3,0,0,1,0,0,2,5,3,2,4,1,1,1,4,4,4,2,2,2,4,2,2,2,2,3,4,2,4,1,0.291586348,-0.352575774,-0.888398547,0,0,0,1,4,0,0,1,0,0,2,0,4,1,0,1,0,1,2,0,0,0,0,0,0,1,1,0,1,0,2,0,0,1,3,0,1,0,2,0,0,1,3,1,0,0,1,0,1,0,0,2
6011,44,4,0.43905839,0,37188,0,1,0,3,0,0,1,0,0,3,3,4,3,3,3,3,3,3,3,3,1,2,1,1,1,1,1,1,2,1,3,3,1,-0.186199678,0.227121327,-1.19301488,1,0,0,1,4,0,0,1,0,0,2,0,4,0,0,0,0,1,2,0,0,0,0,1,0,1,1,1,0,0,1,1,0,0,1,0,1,0,2,0,1,0,2,1,0,0,1,1,0,0,0,1
6014,24,2,0.530403008,0,56431,0,0,1,2,0,1,0,0,0,1,5,2,4,3,1,1,1,1,3,1,2,2,2,4,2,2,2,2,2,1,3,4,1,0.120650751,-0.611450169,0.319572623,0,0,1,1,4,1,1,1,0,0,2,0,4,1,0,1,1,0,1,0,0,1,1,1,0,1,1,1,0,0,1,1,0,0,1,1,0,0,1,0,1,0,2,1,0,0,1,1,0,0,0,1
6015,18,4,0.411951111,0,40213,0,1,0,2,0,1,0,0,0,3,5,3,4,5,2,2,1,4,4,3,2,2,2,1,2,2,2,2,3,3,2,4,1,0.255356643,-0.359208725,0.036492691,1,0,0,1,4,0,0,1,0,0,2,0,4,1,0,1,0,1,2,0,0,0,0,0,0,1,1,0,1,0,2,0,0,1,3,0,1,0,2,0,0,1,3,1,0,0,1,0,0,1,0,3
6016,18,2,1.206859869,0,40701,0,1,0,3,0,0,1,0,0,3,4,4,4,4,4,5,4,4,4,4,1,1,1,3,1,2,2,2,3,1,2,1,1,0.94849458,-1.79846059,0.085261101,0,1,0,0,2,0,0,1,0,0,2,0,4,0,1,2,1,0,1,0,1,1,1,1,0,1,1,1,0,0,1,0,1,0,2,0,1,0,2,0,1,0,2,1,0,0,1,0,1,0,0,2
6018,22,4,0.371721893,0,1749,0,1,0,1,1,0,0,0,0,2,5,2,5,3,1,1,1,4,3,1,2,2,2,4,2,2,2,2,2,4,4,4,1,-1.536411827,0.129282002,0.564094123,0,0,0,1,4,0,0,1,0,0,2,0,4,0,0,0,0,0,3,0,0,0,0,0,0,1,1,0,1,0,2,0,1,0,2,1,0,0,1,1,0,0,1,1,0,0,1,0,1,0,0,2
6019,43,4,0.643811275,0,57216,0,0,1,2,0,1,0,0,0,2,3,1,2,4,3,3,3,2,4,4,2,2,2,3,2,2,2,2,2,4,4,4,1,-0.312510595,-0.036128626,-1.073255004,1,0,0,1,4,0,0,1,0,0,2,0,4,1,0,1,1,0,1,0,0,0,0,1,0,1,1,1,0,0,1,1,0,0,1,0,1,0,2,0,0,1,3,1,0,0,1,1,0,0,0,1
6020,26,4,0.732142449,0,65078,0,0,1,2,0,1,0,0,0,2,2,4,5,3,1,5,1,2,1,1,1,3,1,4,2,2,3,2,2,2,2,4,1,0.647246652,-1.179942979,0.909771148,1,0,1,0,3,0,0,1,0,0,2,0,4,1,0,1,1,0,1,0,0,0,0,1,0,1,1,1,0,0,1,1,0,0,1,1,0,0,1,1,0,0,1,1,0,0,1,1,0,0,0,1
6021,1,4,0.793700082,0,35016,0,1,0,1,1,0,0,0,0,1,5,3,5,5,1,1,1,1,5,3,2,2,2,4,2,2,2,2,2,4,3,4,1,0.979025869,-1.453164867,-0.750931506,1,0,0,1,4,0,0,1,0,0,2,0,4,1,0,1,1,0,1,0,0,0,0,0,0,1,1,1,0,0,1,1,0,0,1,0,1,0,2,0,1,0,2,1,0,0,1,1,0,0,0,1
6022,18,4,0.460437075,0,42220,0,0,1,2,0,1,0,0,0,2,3,3,3,5,1,2,1,5,4,3,1,2,1,1,2,2,2,2,3,3,2,2,1,1.033192,-0.770376818,0.370029957,1,0,0,1,4,0,0,1,0,0,2,0,4,1,0,1,1,0,1,0,1,0,0,1,0,1,1,1,0,0,1,1,0,0,1,0,1,0,2,1,0,0,1,1,0,0,1,1,0,0,0,1
6023,7,2,2.421277495,0,6514,0,1,0,1,1,0,0,0,0,1,4,3,4,3,2,2,2,2,4,4,2,2,2,3,2,2,2,2,2,4,3,3,1,0.98802779,-0.076627278,-0.187792204,1,0,0,1,4,0,0,1,0,0,2,0,4,0,1,2,0,1,2,0,0,0,1,1,0,1,1,0,1,0,2,0,1,0,2,0,1,0,2,1,0,0,1,1,0,0,1,0,0,1,0,3
6025,1,4,0.399960277,0,35806,0,1,0,2,0,1,0,0,0,2,5,3,4,5,3,2,2,4,4,4,2,2,2,2,2,2,2,3,3,4,2,2,1,0.45704733,-0.045377349,0.732045476,0,0,0,1,4,0,0,1,0,0,2,0,4,0,1,2,0,1,2,0,0,0,0,0,1,1,1,1,0,0,1,1,0,0,1,0,1,0,2,0,0,1,3,1,0,0,1,1,0,0,0,1
6026,22,4,0.741289749,0,1040,1,0,0,2,0,1,0,0,0,2,5,5,1,5,3,3,3,5,5,4,3,3,3,4,2,2,3,2,2,3,2,4,1,0.106758221,-0.635774491,-0.04061681,1,0,0,1,4,0,0,1,0,0,2,0,4,0,1,2,0,1,2,0,0,0,0,0,0,1,1,0,0,1,3,0,0,1,3,0,0,1,3,0,0,1,3,1,0,0,1,0,0,0,1,4
6027,7,4,0.288107474,0,6109,0,1,0,3,0,0,1,0,0,3,5,5,2,4,4,4,2,5,5,5,3,3,1,2,3,1,3,3,3,2,2,2,1,1.163179527,0.615360681,0.002456847,0,0,0,1,4,0,0,1,0,0,2,0,4,1,0,1,0,1,2,0,0,0,0,0,0,1,1,0,1,0,2,0,1,0,2,0,0,1,3,1,0,0,1,1,0,0,1,0,0,1,0,3
6030,22,4,0.837923432,0,1468,0,0,0,3,0,0,1,0,0,3,3,3,1,5,1,1,1,1,3,1,2,2,2,2,2,2,2,2,3,4,2,4,1,-1.724480496,0.240059731,-0.750661,1,0,1,0,3,0,0,1,0,0,2,0,4,1,0,1,1,0,1,0,0,0,0,1,0,1,1,0,0,0,0,0,0,0,0,0,0,0,0,0,0,0,0,0,0,0,0,0,0,0,0,0
6032,24,4,0.529957645,0,55060,0,1,0,3,0,0,1,0,0,3,4,3,4,3,2,3,1,4,3,2,2,2,2,4,2,2,2,2,2,4,3,4,1,-0.476966499,-0.084837541,-1.33892193,1,0,0,1,4,0,0,1,0,0,2,0,4,1,0,1,1,0,1,0,0,0,0,1,0,1,1,1,0,0,1,0,1,0,2,0,1,0,2,1,0,0,1,1,0,0,1,1,0,0,0,1
6034,17,2,3.445150847,0,66061,0,1,0,3,0,0,1,0,0,3,5,4,1,4,1,3,2,3,5,3,2,1,3,2,2,2,2,2,3,1,2,4,1,0.665386742,-0.564011451,0.338258293,1,0,0,1,4,0,0,1,0,0,2,0,4,0,1,2,0,0,3,1,0,0,1,1,0,1,1,0,1,0,2,0,0,1,3,0,0,1,3,1,0,0,1,1,0,0,1,0,0,1,0,3
6036,24,2,0.248653929,0,55124,0,1,0,2,0,1,0,0,0,1,3,2,4,1,1,3,1,4,4,3,2,2,2,3,2,2,1,1,3,1,2,4,1,0.13425748,-1.037196449,0.120839316,1,1,0,0,2,1,1,1,0,0,2,0,4,1,0,1,0,1,2,0,0,0,1,0,0,1,1,0,1,0,2,0,1,0,2,0,0,1,3,1,0,0,1,1,0,0,1,0,0,1,0,3
6038,26,4,0.505148871,0,63877,0,1,0,3,0,0,1,0,0,3,5,4,2,5,1,2,1,5,5,2,2,1,2,4,2,2,2,2,3,3,3,4,1,-0.161275895,-0.42397284,-1.382630857,1,0,0,1,4,0,0,1,0,0,2,0,4,1,0,1,0,1,2,0,1,0,0,1,0,1,1,1,0,0,1,1,0,0,1,1,0,0,1,0,1,0,2,1,0,0,1,1,0,0,0,1
6041,24,4,1.733351346,0,55721,0,0,1,3,0,0,1,0,0,2,1,1,4,4,2,2,2,4,4,2,1,1,1,1,3,1,1,1,3,2,2,1,1,0.376145254,0.832633527,0.088448298,1,0,0,1,4,0,0,1,0,0,2,0,4,0,1,2,0,1,2,0,0,0,0,1,0,1,1,1,0,0,1,1,0,0,1,1,0,0,1,0,0,1,3,1,0,0,1,1,0,0,0,1
6042,33,4,0.25049489,0,14150,0,1,0,2,0,1,0,0,0,2,2,4,4,4,2,2,2,2,4,4,2,2,2,3,2,2,2,2,2,4,3,3,1,0.614344653,0.689119839,-0.238840491,1,0,0,1,4,1,1,1,0,0,2,0,4,0,1,2,1,0,1,0,0,0,0,1,0,1,1,0,1,0,2,0,1,0,2,0,1,0,2,0,1,0,2,1,0,0,1,0,0,1,0,3
6044,36,4,1.029038378,0,45414,0,1,0,2,0,1,0,0,0,3,3,3,4,4,2,1,5,3,2,4,2,2,2,4,2,2,2,2,3,1,2,2,1,0.767531869,0.256316424,-2.90761672,1,1,0,0,2,0,0,1,1,0,2,0,2,1,0,1,1,0,1,0,1,0,0,0,1,1,1,1,0,0,1,0,1,0,2,0,0,1,3,1,0,0,1,1,0,0,1,0,0,1,0,3
6045,50,2,3.924737066,0,26601,0,1,0,5,0,0,0,0,1,3,4,5,1,5,1,1,1,5,5,1,1,1,1,1,1,1,1,1,1,1,1,1,1,-0.761763811,0.879874162,-0.704282373,1,1,0,0,2,0,1,1,0,0,2,0,4,0,0,3,0,1,2,0,1,0,0,1,0,1,1,1,0,0,1,1,0,0,1,1,0,0,1,1,0,0,1,1,0,0,1,1,0,0,0,1
6048,5,4,0.005939602,0,90810,1,0,0,3,0,0,1,0,0,3,4,3,3,3,3,3,3,3,3,3,2,2,2,4,2,2,2,2,2,4,3,4,0,-0.920704368,-0.620901228,-0.879007086,0,0,0,1,4,1,1,1,0,0,2,0,4,0,0,0,0,1,2,0,0,0,0,1,0,0,0,0,0,1,3,0,0,1,3,0,0,1,3,0,1,0,2,0,1,0,2,0,1,0,0,2
6049,36,2,0.342474741,0,43521,0,1,0,3,0,0,1,0,0,2,4,4,3,5,3,3,2,5,4,4,2,2,2,3,2,2,2,2,3,3,2,3,1,0.077037879,0.824196463,-0.147011204,1,1,0,0,2,1,1,1,0,0,2,0,4,0,1,2,1,0,1,0,0,0,1,1,0,1,1,1,0,0,1,1,0,0,1,0,1,0,2,0,1,0,2,1,0,0,1,1,0,0,0,1
6050,11,2,0.262302023,0,31069,0,1,0,2,0,1,0,0,0,2,4,3,4,3,3,4,5,4,4,3,1,3,1,2,1,3,1,3,1,2,1,2,1,-1.78384808,0.5893296,-0.472637056,1,1,0,0,2,1,1,1,0,0,2,0,4,1,0,1,0,0,3,1,0,0,0,1,0,1,1,1,0,0,1,1,0,0,1,0,0,1,3,0,0,1,3,1,0,0,1,1,0,0,0,1
6053,33,4,2.173506108,0,11747,0,1,0,1,1,0,0,0,0,1,5,1,2,5,1,4,1,3,4,4,2,2,1,2,3,3,3,1,3,2,2,3,1,0.056548764,1.102578257,-0.01052431,1,0,0,1,4,0,1,1,0,0,2,0,4,0,0,3,0,1,2,0,0,0,0,1,0,1,1,0,1,0,2,0,1,0,2,0,1,0,2,1,0,0,1,1,0,0,1,0,0,1,0,3
6054,26,4,0.5689055,0,63366,0,1,0,2,0,1,0,0,0,2,5,2,5,3,1,2,2,2,4,2,2,2,2,3,2,2,2,2,2,3,3,4,1,0.282897498,0.553210964,-0.107895975,0,0,0,1,4,0,1,1,0,0,2,0,4,0,1,2,1,0,1,0,0,0,0,1,0,1,1,0,1,0,2,0,1,0,2,0,0,1,3,0,0,1,3,1,0,0,1,1,0,0,0,1
6057,29,4,0.005681329,0,89460,0,1,0,2,0,1,0,0,0,2,6,1,4,5,1,1,1,1,4,2,2,2,2,4,2,2,2,2,2,4,4,4,1,-0.621027716,-1.2000303,0.397994317,0,0,0,1,4,0,0,1,0,0,2,0,4,1,0,1,1,0,1,0,0,0,0,0,0,1,1,0,1,0,2,1,0,0,1,1,0,0,1,1,0,0,1,1,0,0,1,1,0,0,0,1
6062,3,4,0.020346663,0,86404,0,1,0,2,0,1,0,0,0,2,4,3,4,4,3,3,2,4,3,3,2,2,2,3,2,2,2,2,2,3,3,4,1,-0.022022126,-0.458613292,-0.813463507,1,0,0,1,4,0,0,1,0,0,2,0,4,0,0,3,0,1,2,0,0,0,0,1,0,1,1,1,0,0,1,1,0,0,1,1,0,0,1,0,0,1,3,1,0,0,1,1,0,0,0,1
6065,37,4,1.177571902,0,73173,0,1,0,1,1,0,0,0,0,2,5,1,4,4,1,1,1,1,2,1,2,2,2,1,2,2,2,2,2,1,1,4,1,0.183821073,-0.893430824,-0.202927048,0,0,0,1,4,1,1,1,0,0,2,0,4,0,1,2,0,1,2,0,0,0,0,1,0,1,1,1,0,0,1,1,0,0,1,1,0,0,1,0,1,0,2,1,0,0,1,1,0,0,0,1
6066,45,4,0.950756779,1,78666,0,1,0,2,0,1,0,0,0,2,5,3,3,4,3,3,2,4,3,3,1,1,1,2,2,2,2,2,2,3,3,3,1,0.785584363,0.237482022,0.674369933,1,0,1,1,4,0,0,1,0,0,2,0,4,0,1,2,0,1,2,0,0,0,0,1,0,1,1,0,1,0,2,0,0,1,3,0,0,1,3,0,1,0,2,1,0,0,1,1,0,0,0,1
6067,45,2,1.149137178,1,78642,0,0,1,3,0,0,1,0,0,3,5,5,2,4,3,2,2,5,3,3,2,2,2,4,2,2,2,2,2,4,3,3,1,0.366238586,0.468643167,0.562731464,1,0,1,0,3,0,0,1,0,0,2,0,4,1,0,1,1,0,1,0,0,0,1,1,0,1,1,0,0,0,0,0,0,0,0,0,0,0,0,0,0,0,0,0,0,0,0,0,0,0,0,0
6070,26,4,0.383082292,0,63125,0,1,0,4,0,0,0,1,0,1,5,5,5,5,1,1,1,1,1,1,1,1,3,1,1,1,1,1,3,1,1,1,1,1.145179963,0.012966119,0.954506515,0,0,0,1,4,1,1,1,0,0,2,0,4,1,0,1,1,0,1,0,0,0,0,0,0,1,1,0,1,0,2,0,1,0,2,0,1,0,2,0,0,1,3,1,0,0,1,0,0,1,0,3
6071,47,4,0.212883905,0,5765,0,1,0,3,0,0,1,0,0,2,3,3,3,4,3,3,1,1,3,3,2,2,2,4,2,2,2,2,2,4,3,4,0,-0.779292737,-0.24538353,-0.953949417,1,0,1,0,3,0,0,1,0,0,2,0,4,1,0,1,0,0,3,0,0,0,0,1,0,0,0,1,0,0,1,1,0,0,1,1,0,0,1,0,0,1,3,1,0,0,1,0,0,1,0,3
6076,1,2,0.424884245,0,36081,0,1,0,3,0,0,1,0,0,2,4,3,2,3,2,4,4,2,5,3,2,3,2,2,2,3,2,3,2,3,3,2,1,0.8011287,-0.724501689,-0.221191927,1,0,1,0,3,0,0,1,0,0,2,0,4,1,0,1,0,0,3,0,1,0,0,0,0,1,1,1,0,0,1,1,0,0,1,1,0,0,1,0,0,1,3,1,0,0,1,1,0,0,0,1
6080,7,4,0.024510767,0,6360,0,1,0,1,1,0,0,0,0,2,5,2,3,5,1,1,1,4,4,3,2,2,1,4,2,2,1,1,3,4,2,4,1,0.44830569,-0.677802938,0.116456329,0,0,0,1,4,0,0,1,0,0,2,0,4,1,0,1,1,0,1,0,0,0,0,0,0,1,1,0,1,0,2,0,1,0,2,0,1,0,2,0,1,0,2,1,0,0,1,0,0,1,0,3
6082,44,4,0.739662908,0,38118,0,1,0,1,1,0,0,0,0,3,5,4,2,5,1,1,1,4,4,4,2,1,2,4,2,2,1,2,2,4,2,4,1,0.819285896,-0.360335335,-0.083086438,1,0,1,0,3,0,0,1,0,0,2,0,4,1,0,1,0,1,2,0,0,0,0,0,0,1,1,0,1,0,2,0,1,0,2,0,1,0,2,0,1,0,2,1,0,0,1,0,0,1,0,3
