ResponseId,state,empsta,weights,hcity,zip_code,urban,suburban,rural,ext_powerout_impact_wlb,powerout_imp_1,powerout_imp_2,powerout_imp_3,powerout_imp_4,powerout_imp_5,ext_powerout_cope,ext_powerout_likely_repeat,ext_powerout_affect,ext_powerout_lkly_normal_business,ext_powerout_lkly_stay_home,ext_powerout_lkly_seek_shelter,ext_powerout_lkly_social_connection,ext_powerout_lkly_leave_town,ext_powerout_lkly_supplies,ext_powerout_lkly_follow_officials,ext_powerout_lkly_comm_supports,ext_powerout_eating_restaurant,ext_powerout_indoor_restaurant,ext_powerout_food_delivery,ext_powerout_takeout_pickup,ext_powerout_car_travel,ext_powerout_walk_bike_mode,ext_powerout_transit_use,ext_powerout_stay_home,ext_powerout_stay_family_friends,ext_powerout_check_family_friends,ext_powerout_volunteer_community,CR,SE,PR,female,age_3150,age_5165,age_65p,age_cat,edu_bs,bs_grad,white,black,asian,hispanic_raw,hispanic_c,race_cat,in50,in50100,income_cat,hhsize1,hhsize2,hhsize_cat,child,dis_yes,work_out,tcom_no,sa_home,hhveh0,ac_raw,ac_c,PopDens_low,PopDens_medium,PopDens_high,PopDens_cat,EmpDens_low,EmpDens_medium,EmpDens_high,EmpDens_cat,NetworkDensity_low,NetworkDensity_medium,NetworkDensity_high,NetworkDensity_cat,Diversity_low,Diversity_medium,Diversity_high,Diversity_cat,TransitAccess_low,TransitAccess_medium,TransitAccess_high,TransitAccess_cat,NatWalkInd_very_low,NatWalkInd_low,NatWalkInd_high,NatWalkInd_very_high,NatWalkInd_cat
1001,26,4,1.080766134,0,64011,0,0,1,2,0,1,0,0,0,2,3,3,2,5,3,2,2,4,4,2,2,2,2,2,3,2,2,3,4,3,4,-0.583507714,-0.866495326,-1.476662817,1,1,0,0,2,0,0,1,0,0,2,0,4,1,0,1,0,1,2,0,1,0,0,0,1,-9,0,1,0,0,1,1,0,0,1,1,0,0,1,1,0,0,1,1,0,0,1,1,0,0,0,1
1004,10,2,0.626965505,1,33614,0,1,0,2,0,1,0,0,0,1,3,2,3,4,1,1,3,5,4,4,1,1,3,1,1,1,1,2,3,3,2,0.661520218,0.108639111,0.813131128,0,0,0,1,4,0,0,0,1,0,2,0,2,0,1,2,0,1,2,0,0,1,1,1,0,1,1,0,1,0,2,0,0,1,3,0,0,1,3,0,1,0,2,0,1,0,2,0,0,1,0,3
1008,6,4,8.40E-05,0,81652,0,1,0,1,1,0,0,0,0,1,5,1,5,2,1,2,1,1,5,5,2,2,2,2,2,2,2,2,4,2,3,1.384192096,1.390938879,-0.951514326,1,0,0,1,4,0,0,1,0,0,2,0,4,1,0,1,0,1,2,0,0,0,0,1,0,-9,0,1,0,0,1,1,0,0,1,0,1,0,2,0,0,1,3,1,0,0,1,1,0,0,0,1
1010,10,4,0.529310787,1,33617,1,0,0,3,0,0,1,0,0,2,5,4,4,5,3,4,1,5,5,5,1,2,2,1,1,1,1,3,2,2,2,0.712858679,0.446968073,-0.378590998,1,0,0,1,4,0,0,1,0,0,2,0,4,1,0,1,1,0,1,0,0,0,0,0,0,1,1,0,0,1,3,0,1,0,2,0,0,1,3,1,0,0,1,1,0,0,1,0,0,1,0,3
1011,31,4,0.484656137,0,8344,0,1,0,4,0,0,0,1,0,4,4,5,2,2,4,4,4,3,3,3,1,1,1,1,1,1,1,1,1,1,1,-0.849085224,0.243209007,-1.040977825,1,1,0,0,2,0,0,0,1,0,2,0,2,1,0,1,1,0,1,0,0,0,0,1,1,1,1,1,0,0,1,1,0,0,1,1,0,0,1,0,0,1,3,1,0,0,1,0,1,0,0,2
1013,38,4,4.72E-06,0,97214,1,0,0,1,1,0,0,0,0,1,4,2,4,3,2,2,1,3,4,4,1,1,1,1,2,2,2,2,3,2,3,-0.264769143,-0.303906102,-0.184036962,1,0,1,0,3,0,0,1,0,0,2,0,4,1,0,1,1,0,1,0,0,0,0,0,1,1,1,0,0,1,3,0,0,1,3,0,1,0,2,0,0,1,3,0,0,1,3,0,0,0,1,4
1014,38,4,1.22E-08,0,97470,0,0,1,2,0,1,0,0,0,3,3,2,3,3,3,3,2,3,4,3,2,2,2,2,2,2,2,2,3,3,4,-0.630387057,-1.109210958,-0.529074917,1,0,0,0,1,0,0,1,1,0,2,0,2,1,0,1,1,0,1,0,1,0,0,0,1,-9,0,1,0,0,1,1,0,0,1,1,0,0,1,1,0,0,1,1,0,0,1,1,0,0,0,1
1015,51,2,0.559583118,0,53406,0,1,0,1,1,0,0,0,0,2,2,3,4,4,2,5,5,4,5,3,2,2,2,2,2,2,2,2,3,2,2,1.031601796,-0.409149708,-0.083535192,1,0,0,1,4,1,1,1,0,0,2,0,4,1,0,1,1,0,1,0,0,0,0,1,0,-9,0,0,1,0,2,0,1,0,2,0,1,0,2,0,1,0,2,0,1,0,2,0,0,1,0,3
1018,5,4,0.068014371,1,95819,1,0,0,1,1,0,0,0,0,2,2,2,2,4,1,3,3,4,4,3,2,3,2,2,2,2,2,2,3,3,3,-0.165661801,-0.606177013,0.285475981,1,0,0,1,4,0,1,1,0,0,2,0,4,0,1,2,0,1,2,0,0,0,0,1,0,-9,0,0,0,1,3,0,0,1,3,1,0,0,1,0,1,0,2,0,1,0,2,0,0,0,1,4
1019,5,4,0.000285073,0,91344,0,1,0,1,1,0,0,0,0,1,5,3,3,5,1,1,1,3,5,4,2,2,2,2,1,3,1,3,1,2,2,0.030864806,0.324282572,0.012527591,1,0,0,1,4,1,1,1,0,0,2,0,4,1,0,1,1,0,1,0,0,0,0,1,0,-9,0,0,1,0,2,0,1,0,2,0,0,1,3,0,0,1,3,1,0,0,1,0,0,1,0,3
1020,44,4,0.787038468,0,37321,0,1,0,3,0,0,1,0,0,3,3,3,3,3,3,3,2,4,4,3,2,2,2,2,2,2,2,2,4,3,4,-0.701412941,-0.293133518,-1.61362034,1,0,1,0,3,0,0,1,0,0,2,0,4,1,0,1,1,0,1,0,0,0,0,0,1,-9,0,1,0,0,1,1,0,0,1,0,1,0,2,0,0,1,3,1,0,0,1,1,0,0,0,1
1021,18,4,0.809581264,0,42071,0,1,0,2,0,1,0,0,0,1,5,3,3,4,1,5,2,4,4,4,2,2,2,2,2,2,2,2,3,3,3,0.872350491,-0.904382883,-1.202029631,1,0,0,1,4,0,0,1,0,0,2,0,4,1,0,1,1,0,1,0,0,0,0,0,0,-9,0,1,0,0,1,0,1,0,2,1,0,0,1,1,0,0,1,1,0,0,1,1,0,0,0,1
1024,34,4,4.104565226,0,28540,0,1,0,4,0,0,0,1,0,2,3,3,2,4,4,3,4,4,4,4,1,1,2,2,1,1,2,3,1,1,1,-1.192403853,-0.530792568,-1.388250633,1,0,1,0,3,0,0,0,1,0,2,0,2,1,0,1,1,0,1,0,1,0,0,1,1,-9,0,1,0,0,1,0,1,0,2,0,1,0,2,0,0,1,3,1,0,0,1,1,0,0,0,1
1026,48,4,1.487663036,0,23464,0,1,0,2,0,1,0,0,0,1,1,3,2,4,1,1,1,4,4,4,2,2,2,2,2,2,2,2,3,3,3,-0.382794997,1.410011597,-0.04942656,1,0,1,0,3,0,1,1,0,0,2,0,4,0,1,2,0,1,2,0,0,0,0,1,0,-9,0,0,0,1,3,0,1,0,2,0,0,1,3,1,0,0,1,0,1,0,2,0,0,1,0,3
1027,39,4,0.616707123,0,18302,0,1,0,1,1,0,0,0,0,1,3,3,4,5,1,4,1,3,4,2,2,2,2,2,2,2,2,2,3,3,4,0.326877918,0.879878416,-0.427716789,1,0,0,1,4,0,0,1,0,0,2,0,4,0,1,2,0,0,3,0,0,0,0,1,0,-9,0,1,0,0,1,1,0,0,1,1,0,0,1,1,0,0,1,1,0,0,1,1,0,0,0,1
1030,45,4,4.28473235,1,77505,0,1,0,2,0,1,0,0,0,2,4,1,4,5,1,1,1,1,5,1,1,2,1,1,2,2,2,2,4,2,4,0.427274728,-0.137876904,0.787080829,1,0,0,1,4,0,0,1,0,0,2,0,4,0,0,3,0,1,2,0,0,0,0,1,0,1,1,0,1,0,2,0,1,0,2,0,0,1,3,0,1,0,2,1,0,0,1,0,1,0,0,2
1031,18,4,0.1682515,0,40215,0,1,0,1,1,0,0,0,0,1,5,5,3,5,1,1,1,5,5,5,1,1,1,1,3,1,3,2,1,3,2,1.387478301,-0.57668298,0.76078856,1,0,0,1,4,0,0,0,1,0,2,0,2,1,0,1,1,0,1,0,0,0,0,0,1,-9,0,0,0,1,3,1,0,0,1,0,0,1,3,1,0,0,1,1,0,0,1,0,0,0,1,4
1033,49,2,0.22039166,0,98388,0,1,0,4,0,0,0,1,0,3,2,4,1,4,1,2,3,4,3,3,2,3,2,3,3,2,2,1,4,3,3,-0.793217959,-0.201714614,0.933148768,1,1,0,0,2,0,1,0,0,1,2,0,3,0,0,3,0,0,3,0,0,0,0,1,0,-9,0,0,1,0,2,1,0,0,1,1,0,0,1,1,0,0,1,0,1,0,2,0,1,0,0,2
1034,49,4,0.027778406,0,98026,0,1,0,1,1,0,0,0,0,1,4,2,5,3,1,1,1,4,5,4,3,3,3,3,3,1,3,3,4,2,4,0.952006515,0.620700465,0.708712163,1,0,0,1,4,0,1,1,0,0,2,0,4,0,1,2,1,0,1,0,0,0,0,0,0,0,0,0,1,0,2,0,0,1,3,1,0,0,1,1,0,0,1,1,0,0,1,0,0,1,0,3
1035,49,4,1.226893882,0,98178,0,1,0,5,0,0,0,0,1,3,1,5,1,5,1,1,1,5,1,1,1,1,3,3,3,3,1,1,2,3,1,-2.233768806,-0.56409513,1.234418476,0,1,0,0,2,0,0,0,0,0,1,1,1,0,0,3,1,0,1,0,1,0,0,1,0,-9,0,0,1,0,2,0,0,1,3,0,0,1,3,1,0,0,1,0,1,0,2,0,0,0,1,4
1037,49,4,0.062362714,0,98275,0,1,0,1,1,0,0,0,0,1,5,1,4,5,2,4,1,3,5,4,2,3,2,3,2,2,2,2,3,2,2,0.441286799,0.362106914,-0.316130727,1,0,0,1,4,1,1,1,0,0,2,0,4,0,0,3,1,0,1,0,0,0,0,0,0,0,0,0,1,0,2,0,1,0,2,1,0,0,1,1,0,0,1,0,1,0,2,0,0,1,0,3
1038,49,4,0.013876774,0,98110,0,1,0,2,0,1,0,0,0,1,5,0,4,2,1,1,1,1,1,1,2,2,2,2,2,2,2,2,4,4,4,-1.233911288,-0.754947919,-0.573810598,0,0,0,1,4,1,1,1,0,0,2,0,4,1,0,1,1,0,1,0,0,0,0,1,0,-9,0,1,0,0,1,1,0,0,1,1,0,0,1,0,0,1,3,1,0,0,1,0,1,0,0,2
1041,49,2,0.022453993,0,98310,0,1,0,1,1,0,0,0,0,1,5,3,5,2,1,1,1,1,1,1,2,2,2,2,2,2,2,2,3,3,3,0.099803405,-0.180163475,0.317428595,1,1,0,0,2,0,0,1,0,0,2,0,4,1,0,1,1,0,1,0,0,0,1,0,0,-9,0,0,1,0,2,0,1,0,2,1,0,0,1,0,1,0,2,0,1,0,2,0,0,0,1,4
1043,49,4,0.014983686,0,98446,0,1,0,1,1,0,0,0,0,1,2,1,4,4,1,3,1,4,5,2,2,2,2,2,1,2,2,2,4,1,2,0.237386739,0.076048147,0.357250148,0,0,1,0,3,0,0,1,0,0,2,0,4,0,0,0,0,1,2,0,0,0,0,1,0,-9,0,1,0,0,1,1,0,0,1,1,0,0,1,0,0,1,3,1,0,0,1,1,0,0,0,1
1044,49,4,0.014256743,0,98087,1,0,0,2,0,1,0,0,0,1,5,1,3,4,1,1,1,3,4,3,2,1,2,1,1,2,1,3,4,3,3,0.68733314,-0.860512753,0.9309105,0,0,1,0,3,1,1,1,0,0,2,0,4,1,0,1,1,0,1,0,0,0,0,0,0,-9,0,0,0,1,3,0,1,0,2,0,0,1,3,0,1,0,2,1,0,0,1,0,0,0,1,4
1047,49,4,0.046070619,0,98580,0,1,0,1,1,0,0,0,0,1,1,1,5,5,1,1,2,4,4,1,1,3,2,2,2,1,2,2,4,4,2,-0.901311607,-0.135186141,0.594228126,0,0,0,1,4,0,0,1,0,0,2,0,4,0,1,2,1,0,1,0,0,0,0,1,0,-9,0,1,0,0,1,1,0,0,1,1,0,0,1,1,0,0,1,0,1,0,2,1,0,0,0,1
1049,49,2,0.043425503,0,98026,0,1,0,3,0,0,1,0,0,2,5,1,2,5,1,1,1,4,3,2,2,2,2,2,1,2,2,3,4,2,4,-1.374709717,-0.462393038,-0.785454659,0,1,0,0,2,0,0,1,0,0,2,0,4,0,1,2,1,0,1,0,0,0,0,0,0,-9,0,0,1,0,2,0,0,1,3,1,0,0,1,1,0,0,1,1,0,0,1,0,0,1,0,3
1050,49,4,0.02509942,0,98208,0,1,0,1,1,0,0,0,0,1,3,0,5,3,1,1,1,3,3,3,2,2,2,2,2,2,2,2,3,3,3,-1.121074855,-1.541345457,0.457050386,0,0,0,1,4,0,0,1,0,0,2,0,4,1,0,1,1,0,1,0,0,0,0,0,0,1,1,0,1,0,2,0,0,1,3,0,0,1,3,0,1,0,2,1,0,0,1,0,0,1,0,3
1051,49,4,0.016060325,0,98103,1,0,0,1,1,0,0,0,0,2,3,1,3,2,1,2,1,3,4,4,2,2,1,2,2,2,2,2,3,3,3,0.397903887,0.005584789,0.216751695,0,0,0,1,4,0,1,1,0,0,2,0,4,0,1,2,0,1,2,0,0,0,0,1,0,-9,0,0,0,1,3,0,0,1,3,1,0,0,1,0,0,1,3,1,0,0,1,0,0,0,1,4
1052,49,4,0.016439288,0,98580,0,1,0,1,1,0,0,0,0,1,4,3,3,3,2,3,1,3,4,3,1,3,2,3,2,1,2,3,4,2,4,0.207841495,-0.551038299,-0.402229252,1,0,0,1,4,0,0,1,0,0,2,0,4,0,1,2,0,1,2,0,0,0,0,1,0,-9,0,1,0,0,1,1,0,0,1,1,0,0,1,1,0,0,1,0,1,0,2,1,0,0,0,1
1053,49,4,0.03084506,0,98408,0,1,0,1,1,0,0,0,0,1,2,2,3,4,2,2,2,3,4,2,1,1,2,2,2,2,2,2,3,2,4,0.368437845,-0.597762987,0.156112181,0,0,0,1,4,1,1,1,0,0,2,0,4,0,1,2,1,0,1,0,0,0,0,0,0,-9,0,0,0,1,3,1,0,0,1,1,0,0,1,1,0,0,1,1,0,0,1,0,0,0,1,4
1055,49,4,0.037429187,0,98445,0,1,0,2,0,1,0,0,0,2,5,2,2,5,1,1,1,5,5,1,1,2,2,2,1,1,1,3,1,2,4,0.655562374,0.005958322,-0.068527035,1,0,1,0,3,0,0,1,0,0,2,0,4,0,1,2,0,0,3,0,0,0,0,1,0,-9,0,0,1,0,2,1,0,0,1,1,0,0,1,1,0,0,1,1,0,0,1,1,0,0,0,1
1056,49,4,0.009345735,0,98311,0,1,0,1,1,0,0,0,0,2,6,3,3,5,3,2,3,5,4,4,1,2,1,2,2,1,1,2,1,2,3,0.235694754,0.316056845,-0.005668449,1,0,0,1,4,0,0,1,0,0,2,0,4,0,1,2,0,0,3,0,1,0,0,0,0,-9,0,0,1,0,2,1,0,0,1,1,0,0,1,1,0,0,1,1,0,0,1,0,1,0,0,2
1060,49,4,0.055427821,0,98092,0,1,0,3,0,0,1,0,0,3,2,5,3,5,1,1,1,3,5,3,2,3,3,3,3,2,2,3,4,2,4,0.548873236,-2.132734772,-0.298779643,1,0,0,1,4,0,0,1,0,0,1,1,1,1,0,1,0,0,3,0,1,0,0,0,0,-9,0,0,1,0,2,1,0,0,1,1,0,0,1,1,0,0,1,1,0,0,1,0,1,0,0,2
1061,49,4,0.04457819,0,98388,0,1,0,1,1,0,0,0,0,1,2,0,5,5,1,1,1,1,1,1,2,2,2,2,2,2,2,2,4,4,4,-0.922872334,-0.51723911,1.189459824,0,0,0,1,4,0,0,1,0,0,2,0,4,0,1,2,0,1,2,0,0,0,0,1,0,1,1,0,1,0,2,1,0,0,1,1,0,0,1,1,0,0,1,0,1,0,2,0,1,0,0,2
1064,3,4,0.080316803,1,85087,0,1,0,2,0,1,0,0,0,3,4,3,3,3,3,4,4,4,4,3,2,2,2,2,2,2,2,2,3,3,4,0.215566644,-0.732278075,0.269236263,1,0,1,0,3,0,0,1,0,0,2,0,4,0,0,3,0,1,2,0,0,0,0,1,0,-9,0,1,0,0,1,1,0,0,1,1,0,0,1,1,0,0,1,1,0,0,1,1,0,0,0,1
1065,3,4,0.038756086,1,85375,0,1,0,1,1,0,0,0,0,2,6,3,2,4,2,2,2,2,5,3,1,1,1,1,1,1,1,3,2,2,2,-0.013149079,-0.488311134,0.210804594,0,0,0,1,4,1,1,1,0,0,2,0,4,0,1,2,0,1,2,0,0,0,0,0,0,1,1,1,0,0,1,1,0,0,1,0,1,0,2,1,0,0,1,1,0,0,1,1,0,0,0,1
1066,49,4,0.017339166,0,98005,0,1,0,2,0,1,0,0,0,2,3,3,3,5,1,1,1,3,4,3,2,2,2,2,2,2,2,2,3,2,3,-0.472430283,-0.31834604,-0.890483697,1,0,0,1,4,0,1,1,0,0,2,0,4,1,0,1,1,0,1,0,1,0,0,0,1,-9,0,0,1,0,2,0,0,1,3,0,0,1,3,0,1,0,2,1,0,0,1,0,0,0,1,4
1067,3,4,0.020579455,1,85008,1,0,0,1,1,0,0,0,0,1,5,1,5,1,1,1,1,1,1,1,1,1,2,2,2,2,2,2,4,3,4,-0.296406392,-0.405564848,0.149771279,1,0,0,1,4,1,1,0,1,0,2,0,2,1,0,1,1,0,1,0,0,0,0,0,0,1,1,0,0,1,3,0,0,1,3,0,1,0,2,0,0,1,3,0,1,0,2,0,0,1,0,3
1068,49,3,0.057484759,0,98029,0,1,0,3,0,0,1,0,0,3,4,4,2,4,2,4,1,5,5,5,3,3,3,3,3,1,1,1,2,2,2,0.831877061,0.663667175,0.239326482,1,1,0,0,2,0,0,1,0,0,2,0,4,1,0,1,0,1,2,1,0,0,0,0,0,-9,0,0,0,1,3,1,0,0,1,1,0,0,1,1,0,0,1,1,0,0,1,0,0,1,0,3
1070,3,2,0.061035541,1,85234,0,1,0,1,1,0,0,0,0,1,5,1,5,5,1,1,1,5,5,1,3,3,3,3,3,3,2,2,3,3,3,-0.22705431,-0.598101047,1.436120364,0,0,1,0,3,1,1,1,0,0,2,0,4,0,0,3,0,0,3,0,0,0,1,1,0,-9,0,0,1,0,2,0,1,0,2,0,0,1,3,0,0,1,3,1,0,0,1,0,0,1,0,3
1072,3,2,0.017293193,1,85233,0,1,0,1,1,0,0,0,0,2,5,2,3,4,3,3,3,4,4,4,1,1,1,1,3,3,3,3,1,3,3,-0.293361699,0.261681683,0.437914056,1,0,1,0,3,1,1,1,0,0,2,0,4,0,1,2,0,1,2,0,0,0,1,0,0,-9,0,0,1,0,2,0,0,1,3,0,0,1,3,0,1,0,2,1,0,0,1,0,0,1,0,3
1073,49,4,0.018986714,0,98042,0,1,0,4,0,0,0,1,0,4,5,5,3,5,1,4,1,4,4,1,2,2,2,1,1,2,2,1,2,2,4,-0.235695063,-0.588946703,-1.636485748,1,1,0,0,2,0,0,1,0,0,2,0,4,1,0,1,0,1,2,0,1,0,0,1,0,0,0,0,1,0,2,1,0,0,1,0,1,0,2,1,0,0,1,1,0,0,1,1,0,0,0,1
1074,3,4,0.062425983,1,85326,0,1,0,1,1,0,0,0,0,1,1,1,4,2,1,1,3,3,3,3,2,2,2,2,2,2,2,1,4,4,4,0.452107289,0.688880205,-0.065808448,1,1,0,0,2,0,0,1,0,0,2,0,4,0,1,2,0,0,3,1,0,0,0,1,0,1,1,1,0,0,1,1,0,0,1,0,1,0,2,1,0,0,1,1,0,0,1,1,0,0,0,1
1075,3,4,0.08589955,1,85351,0,1,0,1,1,0,0,0,0,2,4,2,3,3,2,1,3,1,3,1,1,1,1,1,2,2,2,2,4,3,4,-1.509709483,-0.929614079,1.332184621,0,0,0,1,4,0,0,1,0,0,2,0,4,1,0,1,1,0,1,0,0,0,0,1,0,1,1,0,1,0,2,1,0,0,1,0,1,0,2,1,0,0,1,1,0,0,1,0,1,0,0,2
1080,3,4,0.046607536,1,85016,1,0,0,2,0,1,0,0,0,2,1,1,5,5,1,1,1,4,5,5,2,2,2,2,2,2,2,2,4,3,3,1.332478734,1.548513672,0.848878352,1,0,0,1,4,0,0,1,0,0,2,0,4,0,0,3,0,1,2,0,0,0,0,0,0,-9,0,0,0,1,3,0,0,1,3,0,0,1,3,0,0,1,3,1,0,0,1,0,0,0,1,4
1081,3,4,0.107926331,1,85377,0,1,0,1,1,0,0,0,0,1,5,0,5,1,1,1,1,3,3,3,2,2,2,2,2,2,2,2,4,3,3,-1.048977399,-0.22280635,-0.475787052,0,1,0,0,2,0,0,1,0,0,2,0,4,1,0,1,1,0,1,0,0,0,0,0,0,-9,0,1,0,0,1,1,0,0,1,1,0,0,1,0,0,1,3,1,0,0,1,0,1,0,0,2
1082,3,4,0.014513458,1,85206,0,1,0,5,0,0,0,0,1,3,4,3,2,5,2,2,1,4,4,4,2,2,2,2,2,2,2,3,4,2,2,0.485024252,-0.581317703,-1.181689441,1,0,0,1,4,0,0,1,0,0,2,0,4,1,0,1,1,0,1,0,0,0,0,0,0,1,1,0,1,0,2,0,0,1,3,0,0,1,3,0,0,1,3,1,0,0,1,0,0,1,0,3
1083,3,4,0.036163248,1,85001,1,0,0,2,0,1,0,0,0,2,2,1,4,4,3,4,2,3,4,3,1,2,1,2,2,1,2,1,2,2,3,0.638006807,-0.190643539,0.773372438,0,0,0,1,4,0,0,1,0,0,2,0,4,0,0,3,0,0,3,0,0,0,0,1,0,1,1,0,0,0,0,0,0,0,0,0,0,0,0,0,0,0,0,0,0,0,0,0,0,0,0,0
1084,3,4,0.014642507,1,85208,0,1,0,3,0,0,1,0,0,1,4,4,4,5,1,5,1,5,5,1,1,1,1,2,2,2,2,2,3,3,4,-1.422315573,-1.112839133,2.349336059,1,0,0,1,4,0,1,1,0,0,2,0,4,1,0,1,1,0,1,0,0,0,0,0,0,1,1,0,1,0,2,0,1,0,2,0,0,1,3,0,1,0,2,1,0,0,1,0,1,0,0,2
1087,3,4,0.027061615,1,85029,1,0,0,2,0,1,0,0,0,3,5,3,2,5,1,1,1,2,4,2,1,1,1,1,1,1,1,2,1,1,1,0.448478497,-1.163990477,0.042397735,1,0,0,1,4,0,0,1,0,0,2,0,4,0,1,2,0,1,2,0,0,0,0,1,0,1,1,0,0,1,3,0,0,1,3,0,0,1,3,0,1,0,2,1,0,0,1,0,0,0,1,4
1089,3,4,0.061334699,1,85284,0,1,0,3,0,0,1,0,0,3,4,3,3,5,1,1,1,5,4,1,1,1,2,3,1,1,2,3,1,2,2,0.650592004,-1.03118249,0.262832271,1,0,0,1,4,1,1,1,0,0,2,0,4,0,0,3,0,1,2,0,0,0,0,1,0,1,1,0,1,0,2,0,0,1,3,0,0,1,3,0,1,0,2,1,0,0,1,0,0,0,1,4
1092,3,4,0.014739078,1,85210,1,0,0,1,1,0,0,0,0,1,4,3,4,4,1,4,1,3,4,3,2,2,2,2,2,2,2,2,3,2,3,-0.694895298,-0.977233886,-0.545339023,0,0,1,0,3,0,0,1,0,0,1,1,1,1,0,1,0,0,3,0,0,0,0,1,0,-9,0,0,0,1,3,0,0,1,3,0,0,1,3,0,1,0,2,0,0,1,3,0,0,0,1,4
1093,3,4,0.004603127,1,85375,0,1,0,2,0,1,0,0,0,2,4,2,2,5,1,2,1,4,5,4,1,1,1,1,1,2,1,3,3,2,1,0.702150334,0.072246536,0.844346269,1,0,1,0,3,0,0,1,0,0,2,0,4,1,0,1,0,0,3,0,0,0,0,1,0,1,1,1,0,0,1,1,0,0,1,0,1,0,2,1,0,0,1,1,0,0,1,1,0,0,0,1
1099,3,2,0.013378893,1,85345,0,1,0,3,0,0,1,0,0,3,3,3,2,3,1,4,4,1,3,1,1,2,3,1,1,2,2,3,2,2,1,-0.080898174,-0.878226057,0.367999278,1,1,0,0,2,1,1,1,0,0,2,0,4,0,1,2,0,0,3,1,0,0,0,1,0,1,1,0,1,0,2,0,1,0,2,0,0,1,3,1,0,0,1,1,0,0,1,0,0,1,0,3
1101,3,4,0.008891702,1,85053,1,0,0,1,1,0,0,0,0,2,6,3,4,5,1,1,1,4,5,3,2,2,2,1,1,2,2,2,4,3,4,1.020967111,-0.091103362,0.535857346,1,0,0,1,4,1,1,1,0,0,2,0,4,1,0,1,0,1,2,0,1,0,0,0,0,1,1,0,0,1,3,0,0,1,3,0,0,1,3,0,1,0,2,1,0,0,1,0,0,0,1,4
1102,3,2,0.138260096,1,85033,0,1,0,4,0,0,0,1,0,3,3,3,1,4,3,4,3,4,5,5,1,1,2,2,2,2,2,3,3,2,2,0.730277103,1.482043513,-0.184381184,1,0,1,0,3,0,0,1,0,0,2,0,4,0,1,2,0,1,2,0,0,0,0,1,0,-9,0,0,0,1,3,0,1,0,2,1,0,0,1,1,0,0,1,1,0,0,1,0,0,1,0,3
1103,3,4,0.031249448,1,85338,0,1,0,1,1,0,0,0,0,1,5,3,2,4,2,3,2,4,4,4,3,3,2,2,3,2,2,2,3,3,3,0.909340833,0.905475023,0.051519485,1,0,1,0,3,0,0,1,0,0,2,0,4,0,1,2,0,1,2,0,0,0,0,1,0,-9,0,1,0,0,1,1,0,0,1,0,1,0,2,0,0,1,3,1,0,0,1,0,1,0,0,2
1104,3,2,0.102249691,1,85351,0,1,0,3,0,0,1,0,0,2,5,4,2,2,2,4,4,4,5,5,1,3,1,1,3,1,1,1,2,2,2,0.252025699,-1.105269658,0.382997405,1,0,1,0,3,0,1,1,0,0,2,0,4,0,0,3,0,1,2,0,0,0,1,1,0,1,1,0,1,0,2,1,0,0,1,0,1,0,2,1,0,0,1,1,0,0,1,0,1,0,0,2
1106,3,2,0.043692321,1,85209,0,1,0,3,0,0,1,0,0,3,6,4,3,4,2,3,2,4,4,4,1,1,1,1,1,1,2,3,1,2,1,-1.918270387,-0.225071438,0.915768154,1,0,1,0,3,0,1,1,0,0,2,0,4,0,1,2,1,0,1,0,0,0,0,0,0,-9,0,0,1,0,2,0,1,0,2,0,0,1,3,1,0,0,1,1,0,0,1,0,0,1,0,3
1107,3,2,0.009834738,1,85233,0,1,0,2,0,1,0,0,0,2,3,2,2,4,2,5,2,4,5,3,1,1,1,1,2,2,2,2,2,2,4,-0.882058695,-1.568696044,-1.380737833,1,1,0,0,2,0,0,1,0,0,2,0,4,1,0,1,1,0,1,0,0,0,1,0,0,1,1,0,1,0,2,0,0,1,3,0,0,1,3,0,1,0,2,1,0,0,1,0,0,1,0,3
1108,3,4,0.027962505,1,85382,0,1,0,2,0,1,0,0,0,2,5,3,3,4,2,5,2,2,4,2,2,2,1,2,2,2,2,2,3,3,3,0.40421187,-0.039236921,0.508669371,1,0,1,0,3,0,1,1,0,0,2,0,4,0,1,2,0,1,2,0,0,0,0,1,0,1,1,0,1,0,2,0,1,0,2,0,1,0,2,0,0,1,3,1,0,0,1,0,1,0,0,2
1109,3,2,0.022299858,1,85201,1,0,0,4,0,0,0,1,0,3,5,5,2,4,2,3,1,4,4,4,1,1,1,3,3,3,2,3,4,2,2,-0.425833547,0.076939737,0.156100563,1,0,1,0,3,1,1,1,0,0,1,1,1,1,0,1,0,0,3,1,0,0,1,0,0,1,1,0,0,1,3,0,0,1,3,0,1,0,2,0,0,1,3,0,0,1,3,0,0,0,1,4
1111,3,2,0.212127142,1,85024,0,1,0,3,0,0,1,0,0,2,4,4,2,2,3,4,4,4,4,4,2,2,2,3,3,1,1,2,2,2,3,-0.528491728,-0.514608634,0.716294458,1,1,0,0,2,0,0,1,1,0,2,0,2,0,1,2,0,1,2,0,0,0,0,1,0,-9,0,0,0,1,3,0,1,0,2,0,0,1,3,0,1,0,2,1,0,0,1,0,0,1,0,3
1117,49,4,0.162161109,0,98258,0,1,0,2,0,1,0,0,0,2,3,3,3,5,4,4,4,5,5,5,1,1,1,1,1,3,3,3,2,2,2,0.994367892,-1.032963297,-0.305270186,1,0,0,1,4,0,0,1,1,1,1,1,1,1,0,1,1,0,1,0,1,0,0,0,1,1,1,0,1,0,2,1,0,0,1,1,0,0,1,1,0,0,1,0,1,0,2,0,1,0,0,2
1119,49,2,0.060728326,0,98409,0,1,0,3,0,0,1,0,0,1,4,2,4,3,2,1,1,4,4,3,2,2,2,2,2,2,2,2,4,4,4,-1.565987968,-0.433600335,0.264060701,1,1,0,0,2,0,0,1,0,0,2,0,4,0,1,2,0,1,2,0,0,0,1,0,0,-9,0,0,1,0,2,0,0,1,3,0,0,1,3,0,0,1,3,0,1,0,2,0,0,0,1,4
1121,49,4,0.037215196,0,98312,0,1,0,3,0,0,1,0,0,2,5,3,4,5,3,4,2,4,3,3,2,2,2,2,2,2,2,3,3,2,3,-1.106735019,-0.32273201,0.313581121,0,0,0,1,4,0,0,1,0,0,2,0,4,0,0,0,0,1,2,0,0,0,0,1,0,-9,0,0,1,0,2,0,1,0,2,0,0,1,3,1,0,0,1,1,0,0,1,0,0,1,0,3
1124,49,2,0.02836033,0,98057,0,1,0,3,0,0,1,0,0,2,2,3,2,4,3,5,2,4,4,5,2,3,2,3,3,3,3,2,2,2,2,-0.244056775,-0.240386815,0.08869844,0,1,0,0,2,0,1,1,0,0,2,0,4,0,1,2,0,0,3,1,0,0,1,0,0,-9,0,0,1,0,2,0,0,1,3,0,0,1,3,0,0,1,3,0,1,0,2,0,0,0,1,4
1125,49,4,0.03595792,0,98223,0,1,0,1,1,0,0,0,0,1,5,1,5,5,1,1,1,3,3,2,2,2,2,2,2,2,2,2,3,3,4,0.20515272,-0.563874176,0.4718521,0,0,1,0,3,0,0,1,0,0,2,0,4,0,0,0,0,1,2,0,1,0,0,1,0,-9,0,1,0,0,1,1,0,0,1,0,1,0,2,1,0,0,1,1,0,0,1,1,0,0,0,1
1127,49,4,0.0083043,0,98103,1,0,0,3,0,0,1,0,0,2,5,4,2,4,1,1,1,3,4,4,1,1,1,3,3,2,2,3,1,3,3,0.329113889,0.34881034,0.61725984,1,0,0,1,4,1,1,1,0,0,2,0,4,1,0,1,0,1,2,0,0,0,0,1,0,0,0,0,0,1,3,0,0,1,3,1,0,0,1,0,0,1,3,1,0,0,1,0,0,0,1,4
1129,49,4,0.013882818,0,98101,1,0,0,1,1,0,0,0,0,1,2,1,3,4,2,2,2,4,4,4,3,1,3,3,2,3,3,3,4,2,1,-0.009208824,-0.130719212,-0.3085549,1,0,0,1,4,1,1,1,0,0,2,0,4,0,1,2,0,1,2,0,0,0,0,0,1,-9,0,0,0,1,3,0,0,1,3,0,0,1,3,0,0,1,3,0,0,1,3,0,0,0,1,4
1132,49,4,0.016581232,0,98092,0,1,0,2,0,1,0,0,0,2,5,4,4,4,1,5,1,5,5,5,2,3,2,3,2,3,1,3,2,2,3,1.505342146,-0.278136911,-0.665647558,1,0,1,0,3,1,1,1,0,0,2,0,4,0,1,2,1,0,1,0,0,0,0,0,0,1,1,0,1,0,2,1,0,0,1,1,0,0,1,1,0,0,1,1,0,0,1,0,1,0,0,2
1133,49,2,0.032977939,0,98134,0,1,0,3,0,0,1,0,0,3,5,5,1,5,3,5,1,5,5,4,2,2,2,2,1,1,2,2,4,4,3,-0.718175795,-0.210031965,0.413332657,1,0,0,1,4,0,0,1,0,0,2,0,4,1,0,1,1,0,1,0,0,0,1,0,0,-9,0,1,0,0,1,0,0,1,3,0,0,1,3,0,1,0,2,0,0,1,3,0,0,0,1,4
1139,49,4,0.016060325,0,98029,0,1,0,4,0,0,0,1,0,2,4,3,2,3,2,2,2,2,4,3,2,2,1,2,2,2,2,2,3,2,2,0.567707345,-0.001196085,-0.500347951,0,0,0,1,4,1,1,1,0,0,2,0,4,0,0,0,0,1,2,0,0,0,0,1,0,-9,0,0,0,1,3,1,0,0,1,1,0,0,1,1,0,0,1,1,0,0,1,0,0,1,0,3
1140,49,4,0.010419822,0,98290,0,1,0,3,0,0,1,0,0,1,3,5,3,5,3,5,5,5,5,5,1,1,1,1,1,1,2,1,3,3,3,-0.399667639,0.047259765,-0.866378506,1,0,1,0,3,0,0,1,0,0,2,0,4,1,0,1,0,0,3,1,1,0,0,0,0,-9,0,1,0,0,1,0,1,0,2,1,0,0,1,1,0,0,1,0,1,0,2,1,0,0,0,1
1142,49,4,0.046145459,0,98118,0,1,0,1,1,0,0,0,0,1,4,0,5,3,1,1,1,2,3,1,2,2,1,2,2,1,1,3,3,3,4,-0.20553205,-1.898460538,-0.094256237,1,0,0,0,1,0,0,0,0,0,1,1,1,1,0,1,0,0,3,1,0,0,0,1,0,1,1,0,0,1,3,0,1,0,2,1,0,0,1,1,0,0,1,0,0,1,3,0,0,0,1,4
1144,49,4,0.021770819,0,98444,0,1,0,3,0,0,1,0,0,3,4,4,2,5,3,4,1,5,5,4,2,2,3,3,3,1,2,3,2,2,2,0.315871245,-0.841594703,-0.167100954,0,1,0,0,2,0,0,1,0,0,2,0,4,1,0,1,1,0,1,0,1,0,0,0,0,1,1,0,0,1,3,0,1,0,2,0,0,1,3,0,1,0,2,0,1,0,2,0,0,0,1,4
1146,3,2,0.036506058,1,85215,0,1,0,1,1,0,0,0,0,2,4,1,3,2,3,4,2,4,3,3,2,2,2,2,2,2,2,2,3,3,3,1.123144518,0.315449488,-0.111218044,1,0,1,0,3,0,0,1,0,0,2,0,4,0,1,2,1,0,1,0,0,0,0,1,0,1,1,0,1,0,2,0,1,0,2,0,0,1,3,1,0,0,1,1,0,0,1,0,1,0,0,2
1149,3,4,0.032283999,1,85037,0,1,0,3,0,0,1,0,0,1,3,0,4,4,1,1,1,1,5,1,2,2,2,2,2,2,2,2,4,3,4,-0.024663404,-0.881024188,-0.03060872,1,0,1,1,4,0,0,1,0,0,2,0,4,0,1,2,0,0,3,1,0,0,0,1,0,-9,0,0,0,1,3,0,1,0,2,0,1,0,2,1,0,0,1,1,0,0,1,0,0,1,0,3
1150,3,4,0.018794187,1,85209,0,1,0,2,0,1,0,0,0,2,5,2,5,5,5,5,3,4,5,5,2,2,2,2,2,2,2,3,3,3,3,1.134371432,0.573998603,0.42136234,1,0,0,1,4,0,0,1,0,0,2,0,4,1,0,1,1,0,1,0,1,0,0,0,0,1,1,0,1,0,2,0,1,0,2,0,0,1,3,1,0,0,1,1,0,0,1,0,0,1,0,3
1151,3,4,0.039009292,1,85281,1,0,0,2,0,1,0,0,0,3,6,3,4,5,3,4,1,4,3,3,1,2,2,1,2,2,2,3,3,2,3,0.384125347,0.972034059,-2.274659073,1,0,0,1,4,0,0,0,0,0,1,1,1,0,0,0,0,1,2,0,1,0,0,1,0,1,1,0,0,1,3,0,0,1,3,0,0,1,3,0,1,0,2,0,0,1,3,0,0,0,1,4
1152,3,2,0.009721859,1,85345,0,1,0,3,0,0,1,0,0,3,1,4,1,2,3,1,4,3,4,4,1,1,2,2,1,3,3,3,4,2,3,0.147215218,-0.698625466,0.337008433,0,1,0,0,2,0,0,1,0,0,2,0,4,1,0,1,1,0,1,0,0,0,0,1,1,1,1,0,1,0,2,0,1,0,2,0,0,1,3,1,0,0,1,1,0,0,1,0,0,1,0,3
1153,3,4,0.015431304,1,85205,0,1,0,2,0,1,0,0,0,1,5,4,5,4,1,4,1,2,4,3,2,3,2,2,2,2,2,1,2,2,3,-1.205816405,0.082466352,-1.325732664,1,0,0,1,4,1,1,1,0,0,2,0,4,0,1,2,0,1,2,0,0,0,0,1,0,1,1,0,1,0,2,0,1,0,2,0,1,0,2,0,1,0,2,1,0,0,1,0,0,1,0,3
1154,3,4,0.008021518,1,85257,1,0,0,1,1,0,0,0,0,1,5,1,4,4,2,2,2,2,4,2,2,2,2,2,2,2,2,2,3,3,3,-0.35615065,-0.566462379,0.71003874,1,0,0,1,4,1,1,1,0,0,2,0,4,0,1,2,1,0,1,0,1,0,0,0,0,1,1,0,0,1,3,0,0,1,3,0,1,0,2,0,1,0,2,1,0,0,1,0,0,0,1,4
1158,3,2,0.015458439,1,85044,1,0,0,2,0,1,0,0,0,1,5,3,4,3,1,3,3,4,3,3,2,2,2,2,2,2,2,2,3,3,2,-0.776189384,0.336763873,-0.373632832,1,0,1,0,3,1,1,1,0,0,1,1,1,1,0,1,0,1,2,0,0,0,1,0,0,1,1,0,0,1,3,0,0,1,3,0,0,1,3,0,0,1,3,1,0,0,1,0,0,0,1,4
1159,3,2,0.238559284,0,85142,0,1,0,2,0,1,0,0,0,2,3,4,3,5,2,2,1,2,3,3,2,2,2,2,2,2,2,2,3,2,2,-0.035920531,0.137277419,1.112555228,0,0,0,1,4,0,0,1,0,0,1,1,1,0,0,3,0,1,2,0,0,0,0,1,0,1,1,1,0,0,1,1,0,0,1,0,1,0,2,0,0,1,3,1,0,0,1,1,0,0,0,1
1161,3,2,0.020127839,1,85288,1,0,0,1,1,0,0,0,0,1,5,0,3,5,1,2,1,5,5,4,2,1,2,2,2,2,2,2,4,3,4,0.931460644,0.021691786,0.897595597,0,0,0,1,4,0,1,0,1,0,2,0,2,0,1,2,1,0,1,0,0,0,1,0,1,1,1,0,0,0,0,0,0,0,0,0,0,0,0,0,0,0,0,0,0,0,0,0,0,0,0,0
1167,3,4,0.011984589,1,85032,0,1,0,4,0,0,0,1,0,4,4,5,2,3,1,1,1,3,1,1,2,2,2,1,1,1,2,2,4,4,4,-1.244360335,-0.906685515,0.914227247,1,0,0,1,4,0,0,1,0,0,2,0,4,1,0,1,1,0,1,0,0,0,0,1,0,-9,0,0,0,1,3,0,1,0,2,0,0,1,3,0,0,1,3,1,0,0,1,0,0,0,1,4
1168,3,4,0.009114076,1,85022,0,1,0,2,0,1,0,0,0,3,5,5,2,5,3,4,5,5,5,5,1,2,2,2,2,2,2,2,3,2,3,0.128467805,0.320934129,0.132394488,1,0,0,1,4,0,0,0,1,0,2,0,2,1,0,1,0,1,2,0,1,0,0,0,0,1,1,0,0,1,3,0,1,0,2,0,1,0,2,1,0,0,1,1,0,0,1,0,0,1,0,3
1169,3,4,0.020632376,1,85255,0,1,0,4,0,0,0,1,0,2,2,2,4,5,3,3,3,5,5,5,2,2,2,2,2,2,2,3,2,2,2,1.407665964,0.200503761,-0.010831374,1,0,0,1,4,1,1,1,0,0,2,0,4,0,0,3,0,1,2,0,0,0,0,0,0,1,1,1,0,0,1,0,1,0,2,0,0,1,3,0,1,0,2,1,0,0,1,1,0,0,0,1
1171,3,2,0.038059644,1,85331,0,1,0,1,1,0,0,0,0,1,1,2,4,3,2,2,2,2,3,3,2,2,2,2,2,2,2,2,3,3,3,0.610850904,0.491022648,0.793344679,1,0,0,1,4,0,1,1,0,0,2,0,4,0,0,0,0,1,2,0,0,0,0,1,0,-9,0,1,0,0,1,1,0,0,1,0,0,1,3,0,1,0,2,1,0,0,1,1,0,0,0,1
1173,3,2,0.145078427,1,85225,1,0,0,1,1,0,0,0,0,1,5,2,5,5,1,1,4,5,5,3,1,1,1,1,1,1,1,3,2,2,3,-0.600019474,-0.672806032,-0.2901143,0,0,1,0,3,0,0,1,0,0,2,0,4,0,0,3,0,1,2,0,0,0,1,1,0,-9,0,0,0,1,3,0,1,0,2,0,0,1,3,0,1,0,2,1,0,0,1,0,0,1,0,3
1176,3,4,0.080153914,1,85226,0,1,0,1,1,0,0,0,0,1,2,1,5,4,3,2,2,3,5,3,1,1,2,2,2,1,1,2,3,3,3,0.451543043,-0.158952543,0.447349998,1,0,0,1,4,0,0,1,0,0,2,0,4,0,1,2,0,1,2,0,0,0,0,1,0,-9,0,0,1,0,2,0,0,1,3,0,0,1,3,0,0,1,3,1,0,0,1,0,0,0,1,4
1177,3,2,0.004997901,1,85281,1,0,0,2,0,1,0,0,0,2,4,3,4,5,2,4,2,4,5,4,2,2,3,3,2,2,2,3,2,2,2,0.574275951,0.409653635,0.424794916,1,0,1,0,3,1,1,1,0,0,2,0,4,1,0,1,1,0,1,0,0,0,0,0,0,-9,0,0,0,1,3,0,0,1,3,0,0,1,3,0,1,0,2,0,0,1,3,0,0,0,1,4
1178,3,4,0.026290055,1,85086,0,1,0,3,0,0,1,0,0,2,5,5,1,5,1,5,1,3,5,3,1,1,2,1,2,2,2,1,1,1,4,0.966226212,-2.0076884,1.107963373,1,0,0,1,4,0,1,1,0,0,2,0,4,0,1,2,1,0,1,0,0,0,0,1,0,1,1,0,1,0,2,1,0,0,1,0,1,0,2,1,0,0,1,1,0,0,1,1,0,0,0,1
1179,3,4,0.027531917,1,85392,0,1,0,3,0,0,1,0,0,1,4,4,3,4,2,2,2,4,5,4,2,1,2,2,2,2,2,2,3,2,3,-0.821717067,-0.489257998,0.856008136,0,0,1,0,3,0,1,1,0,0,2,0,4,0,1,2,0,1,2,0,1,0,0,1,0,-9,0,0,1,0,2,0,1,0,2,0,0,1,3,1,0,0,1,1,0,0,1,0,0,1,0,3
1180,3,2,0.021497167,1,85379,0,1,0,1,1,0,0,0,0,1,4,0,2,2,4,4,1,3,3,1,1,1,3,3,3,2,2,3,1,2,4,-0.784862811,-0.044672515,0.253343023,1,1,0,0,2,0,0,1,0,0,2,0,4,0,1,2,0,0,3,1,0,0,0,1,0,-9,0,0,0,1,3,1,0,0,1,0,1,0,2,1,0,0,1,1,0,0,1,1,0,0,0,1
1184,3,4,0.013452707,1,85302,0,1,0,1,1,0,0,0,0,3,5,3,4,3,3,4,4,3,4,4,2,2,2,2,2,2,2,2,3,3,3,-0.5612507,-0.344264239,-0.410374472,1,0,0,1,4,0,1,1,0,0,2,0,4,0,1,2,0,1,2,0,0,0,0,0,0,-9,0,0,0,1,3,0,1,0,2,1,0,0,1,0,1,0,2,1,0,0,1,0,0,0,1,4
1187,3,4,0.010447929,1,85351,0,1,0,3,0,0,1,0,0,3,2,3,3,4,2,3,1,4,4,3,2,2,2,2,2,2,2,3,3,3,4,0.05378576,-0.222097616,0.327714473,1,0,0,1,4,0,0,1,0,0,2,0,4,1,0,1,1,0,1,0,0,0,0,0,0,1,1,0,1,0,2,1,0,0,1,0,1,0,2,1,0,0,1,1,0,0,1,0,1,0,0,2
1188,3,2,0.095062902,1,85323,0,1,0,2,0,1,0,0,0,2,4,3,4,4,1,4,2,3,2,1,1,3,3,3,3,2,2,3,3,3,4,-1.057835894,0.089135756,1.640837498,0,1,0,0,2,0,0,1,0,0,1,1,1,1,0,1,0,1,2,0,0,0,1,1,0,1,1,0,1,0,2,0,1,0,2,0,1,0,2,1,0,0,1,1,0,0,1,0,0,1,0,3
1189,3,4,0.009218309,1,85301,1,0,0,3,0,0,1,0,0,3,4,4,5,5,5,4,2,5,5,5,2,1,2,2,2,3,3,3,3,1,3,1.332820109,0.310899705,-0.162640931,1,0,1,0,3,0,0,1,0,0,2,0,4,1,0,1,0,0,3,0,1,0,0,0,0,-9,0,0,0,1,3,0,0,1,3,0,1,0,2,1,0,0,1,1,0,0,1,0,0,0,1,4
1190,3,2,0.042584107,1,85260,0,1,0,1,1,0,0,0,0,1,4,3,4,4,1,2,1,4,2,3,2,2,2,2,2,2,2,3,1,2,2,-0.192931144,0.672486574,-0.429350036,1,0,1,0,3,1,1,1,0,0,1,1,1,0,1,2,0,1,2,0,0,0,0,0,0,1,1,0,1,0,2,0,0,1,3,0,0,1,3,0,1,0,2,1,0,0,1,0,0,1,0,3
1191,3,4,0.010296395,1,85304,1,0,0,1,1,0,0,0,0,1,1,0,5,5,2,4,2,3,3,4,2,2,2,2,2,2,2,2,2,2,2,0.971010211,-0.263767688,0.158733978,1,0,0,0,1,1,1,1,0,0,2,0,4,1,0,1,0,0,3,1,0,0,0,1,0,1,1,0,0,1,3,0,1,0,2,1,0,0,1,0,1,0,2,1,0,0,1,0,0,0,1,4
1194,3,4,0.030945766,1,85203,0,1,0,3,0,0,1,0,0,2,5,4,2,4,3,4,1,3,3,3,2,2,2,2,2,1,1,3,3,3,4,-0.85739805,-0.221190296,0.011376698,1,0,1,1,4,0,0,1,0,0,2,0,4,1,0,1,1,0,1,0,0,0,0,0,0,-9,0,0,0,1,3,0,1,0,2,0,1,0,2,0,0,1,3,0,0,1,3,0,0,0,1,4
1199,3,4,0.112859289,1,85041,0,1,0,2,0,1,0,0,0,2,5,2,4,4,1,2,1,1,4,2,2,2,2,2,2,2,2,2,3,3,4,-0.346717401,-1.479217902,0.566055969,0,0,0,1,4,0,0,1,0,0,2,0,4,0,0,3,0,1,2,0,0,0,0,1,0,1,1,0,0,1,3,1,0,0,1,1,0,0,1,1,0,0,1,1,0,0,1,0,0,1,0,3
1201,3,4,0.122897117,1,85262,0,1,0,1,1,0,0,0,0,1,5,1,4,3,1,1,1,1,4,3,2,2,2,2,2,2,1,2,1,3,3,0.087545904,0.651411197,0.377720574,0,0,1,1,4,1,1,1,0,0,2,0,4,0,0,3,0,1,2,0,0,0,0,1,0,1,1,1,0,0,1,1,0,0,1,0,1,0,2,1,0,0,1,1,0,0,1,1,0,0,0,1
1202,3,4,0.016274244,1,85257,1,0,0,1,1,0,0,0,0,2,5,2,4,3,2,2,2,3,4,2,2,2,2,2,2,2,2,2,4,3,4,-1.115291388,-0.651101911,0.233027003,0,0,0,1,4,0,0,1,0,0,2,0,4,0,1,2,0,0,3,0,1,0,0,1,0,-9,0,0,0,1,3,0,0,1,3,0,1,0,2,0,1,0,2,1,0,0,1,0,0,0,1,4
1203,3,4,0.013803584,1,85208,0,1,0,3,0,0,1,0,0,2,3,3,2,5,1,3,2,4,4,2,1,2,2,2,2,2,2,3,4,2,4,0.006375912,-0.348161587,1.328393105,1,0,0,1,4,0,0,1,0,0,2,0,4,1,0,1,0,1,2,0,0,0,0,0,0,1,1,0,1,0,2,0,1,0,2,0,0,1,3,0,1,0,2,1,0,0,1,0,1,0,0,2
1205,3,4,0.02595097,1,85351,0,1,0,1,1,0,0,0,0,1,5,1,3,3,3,1,4,1,1,1,2,2,2,2,2,2,2,2,1,1,3,1.0868658,-1.65590758,1.636422089,0,0,0,1,4,1,1,1,0,0,2,0,4,1,0,1,1,0,1,0,0,0,0,1,0,1,1,0,1,0,2,1,0,0,1,0,1,0,2,1,0,0,1,1,0,0,1,0,1,0,0,2
1206,3,4,0.12859477,1,85032,0,1,0,3,0,0,1,0,0,2,1,2,3,2,1,3,3,5,3,4,2,2,2,2,2,2,2,1,1,3,3,0.753184501,0.381380384,0.980665169,1,0,1,0,3,0,0,1,0,0,2,0,4,0,0,3,0,0,3,0,0,0,0,1,0,-9,0,0,0,1,3,0,1,0,2,0,0,1,3,0,0,1,3,1,0,0,1,0,0,0,1,4
1207,3,4,0.030194881,1,85284,0,1,0,2,0,1,0,0,0,2,4,5,1,5,4,5,2,5,5,5,3,3,3,1,3,2,2,3,2,2,3,1.021042127,-0.534211421,0.038321494,1,0,0,1,4,1,1,1,0,0,2,0,4,0,1,2,1,0,1,0,0,0,0,1,0,-9,0,0,1,0,2,0,0,1,3,0,0,1,3,0,1,0,2,1,0,0,1,0,0,0,1,4
1210,3,4,4.70E-09,0,85901,0,0,1,2,0,1,0,0,0,2,4,3,4,5,4,3,3,4,5,5,1,1,2,2,2,1,1,2,3,2,2,0.672539669,0.29511901,0.06468383,1,0,0,1,4,0,0,1,0,0,2,0,4,1,0,1,0,1,2,0,1,0,0,0,0,1,1,1,0,0,1,1,0,0,1,1,0,0,1,0,0,1,3,1,0,0,1,1,0,0,0,1
1211,3,2,0.030461873,1,85250,1,0,0,1,1,0,0,0,0,1,4,1,4,5,1,4,1,3,3,4,2,2,2,3,2,1,1,3,2,2,2,0.188062283,0.441530506,0.03285475,1,0,1,0,3,1,1,1,0,0,2,0,4,0,0,3,0,1,2,0,0,0,0,0,0,1,1,0,0,1,3,0,0,1,3,0,0,1,3,1,0,0,1,1,0,0,1,0,0,0,1,4
1213,3,2,0.164145401,1,85258,0,1,0,2,0,1,0,0,0,1,4,2,1,2,1,1,1,3,5,1,2,2,1,2,2,2,2,2,4,1,4,-0.403337794,0.305432174,0.083514846,0,0,1,0,3,0,0,1,0,0,2,0,4,0,0,3,0,1,2,0,0,0,1,1,0,1,1,0,1,0,2,0,0,1,3,0,0,1,3,0,1,0,2,1,0,0,1,0,0,1,0,3
1214,3,4,0.005670019,1,85032,0,1,0,1,1,0,0,0,0,2,5,3,3,3,3,2,4,2,4,3,2,2,3,1,1,2,2,3,2,2,2,-0.495948276,-0.641546229,0.58071141,1,0,1,1,4,1,1,1,0,0,2,0,4,1,0,1,0,0,3,0,0,0,0,1,0,-9,0,0,0,1,3,0,1,0,2,0,0,1,3,0,0,1,3,1,0,0,1,0,0,0,1,4
1215,3,2,0.042227216,1,85048,0,1,0,1,1,0,0,0,0,1,3,3,3,3,2,4,2,3,3,3,2,2,2,2,2,2,2,2,3,3,4,-0.194470116,-0.001562366,-0.023902216,1,0,1,0,3,0,1,1,0,0,2,0,4,0,0,3,0,0,3,0,0,0,1,1,0,1,1,0,1,0,2,0,1,0,2,0,0,1,3,1,0,0,1,1,0,0,1,0,0,1,0,3
1216,3,4,0.004124038,1,85282,1,0,0,1,1,0,0,0,0,2,5,4,4,5,1,1,1,4,4,4,2,2,2,2,3,1,1,3,4,3,4,-0.049982396,-0.904733688,-0.59712913,1,0,0,1,4,0,0,1,0,0,2,0,4,1,0,1,0,0,3,0,1,0,0,1,0,1,1,0,0,1,3,0,0,1,3,0,0,1,3,0,0,1,3,0,1,0,2,0,0,0,1,4
1217,3,4,0.022731202,1,85308,0,1,0,2,0,1,0,0,0,2,6,3,5,3,1,3,1,5,4,4,2,2,2,2,2,2,2,2,1,2,4,-0.278393599,0.113840939,0.065983632,1,0,0,1,4,0,0,1,0,0,2,0,4,1,0,1,1,0,1,0,0,0,0,0,0,1,1,0,1,0,2,0,1,0,2,0,0,1,3,0,1,0,2,1,0,0,1,0,0,1,0,3
1220,3,4,0.044556077,1,85016,1,0,0,3,0,0,1,0,0,2,5,3,4,4,1,1,4,4,4,1,2,2,2,2,2,2,2,2,4,3,3,0.309291692,0.531962967,0.240781661,0,0,0,1,4,1,1,1,0,0,2,0,4,0,0,3,0,1,2,0,0,0,0,0,0,1,1,0,0,1,3,0,0,1,3,0,0,1,3,0,0,1,3,1,0,0,1,0,0,0,1,4
1221,3,2,0.347195892,1,85033,0,1,0,2,0,1,0,0,0,2,5,3,4,4,2,2,5,4,4,3,2,3,2,2,2,1,1,2,1,2,3,-1.313625658,0.546171873,0.985240558,0,0,1,0,3,0,0,0,0,0,1,1,1,0,1,2,0,1,2,0,0,0,1,1,0,1,1,0,0,1,3,0,1,0,2,1,0,0,1,1,0,0,1,1,0,0,1,0,0,1,0,3
1222,3,4,0.028773165,1,85253,0,1,0,2,0,1,0,0,0,3,4,3,2,5,3,4,1,4,5,3,2,1,2,2,1,2,2,3,3,2,3,1.549053922,0.108363169,-0.879159094,1,0,0,1,4,1,1,1,0,0,2,0,4,0,1,2,0,1,2,0,1,0,0,1,0,1,1,1,0,0,1,0,1,0,2,0,1,0,2,0,1,0,2,1,0,0,1,0,1,0,0,2
1228,3,2,0.020019474,1,85234,0,1,0,1,1,0,0,0,0,1,4,3,3,2,3,3,3,4,4,4,2,2,2,3,1,1,2,2,3,3,3,0.713990176,-0.590546862,0.298365535,1,0,1,0,3,0,0,1,0,0,2,0,4,1,0,1,0,1,2,0,0,0,0,1,0,1,1,0,1,0,2,0,1,0,2,0,0,1,3,0,0,1,3,1,0,0,1,0,0,1,0,3
1229,3,4,0.066638631,1,85202,1,0,0,2,0,1,0,0,0,1,4,4,4,5,2,3,4,4,4,4,2,2,1,3,2,2,2,2,1,2,2,0.554612648,-0.283969008,0.452482963,1,0,0,1,4,0,0,1,0,0,1,1,1,0,1,2,0,1,2,0,0,0,0,1,0,-9,0,0,0,1,3,0,1,0,2,0,0,1,3,0,0,1,3,0,1,0,2,0,0,0,1,4
1231,3,2,0.223453734,1,85043,0,1,0,1,1,0,0,0,0,1,1,0,1,3,1,2,1,3,5,5,2,2,2,2,2,2,2,2,4,3,3,0.59975037,-0.044916038,0.858838638,0,1,0,0,2,0,0,1,0,0,2,0,4,0,1,2,1,0,1,0,0,0,1,0,0,1,1,1,0,0,1,0,0,1,3,0,0,1,3,0,0,1,3,1,0,0,1,0,0,1,0,3
1239,3,2,0.683381733,1,85224,0,1,0,4,0,0,0,1,0,4,3,5,2,4,2,3,1,4,5,5,2,3,2,2,2,2,2,1,2,2,2,0.15793204,0.516843746,0.331320051,1,1,0,0,2,0,0,0,0,1,2,0,3,0,0,3,0,1,2,0,0,0,0,0,0,-9,0,0,1,0,2,0,0,1,3,0,0,1,3,0,1,0,2,1,0,0,1,0,0,0,1,4
1243,3,4,0.002518277,1,85283,1,0,0,3,0,0,1,0,0,1,2,2,4,5,5,4,3,4,4,4,3,1,3,3,3,3,3,3,2,2,2,-1.482778971,1.054235465,0.127619863,1,1,0,0,2,0,0,1,0,0,2,0,4,1,0,1,0,1,2,0,0,0,0,0,1,1,1,0,0,1,3,0,0,1,3,0,0,1,3,0,1,0,2,1,0,0,1,0,0,0,1,4
1244,3,2,0.103541053,1,85029,1,0,0,2,0,1,0,0,0,1,4,2,3,5,1,3,2,5,4,5,1,2,1,2,2,1,1,3,1,2,1,-1.023641639,0.269891856,1.490918792,1,0,0,0,1,0,0,1,0,0,2,0,4,0,0,3,0,1,2,0,0,0,0,0,0,1,1,0,0,1,3,0,0,1,3,0,0,1,3,0,1,0,2,1,0,0,1,0,0,0,1,4
1245,49,2,0.060119241,0,98101,1,0,0,4,0,0,0,1,0,2,4,4,4,4,4,3,4,4,4,3,2,3,3,2,3,3,2,2,3,2,3,-0.345858749,0.795686596,-0.22843528,0,1,0,0,2,0,1,1,0,0,1,1,1,0,0,3,0,0,3,1,0,0,0,0,0,-9,0,0,0,1,3,0,0,1,3,0,0,1,3,0,0,1,3,0,0,1,3,0,0,0,1,4
1248,49,4,0.057936422,0,98032,1,0,0,1,1,0,0,0,0,1,4,2,4,4,3,3,2,4,4,4,2,2,2,2,2,2,2,2,4,3,3,0.526809428,-0.258127334,0.330570777,1,0,0,1,4,0,0,1,0,0,2,0,4,1,0,1,1,0,1,0,1,0,0,0,1,0,0,0,0,1,3,0,0,1,3,0,0,1,3,0,1,0,2,0,1,0,2,0,0,0,1,4
1250,3,2,0.016259448,1,85215,0,1,0,1,1,0,0,0,0,1,4,1,4,2,1,1,1,2,5,5,2,2,2,2,2,2,2,2,4,2,2,0.064393294,-0.976849711,0.345982736,1,0,1,0,3,0,1,1,0,0,2,0,4,0,1,2,0,0,3,1,0,0,0,1,0,1,1,0,1,0,2,0,1,0,2,0,0,1,3,1,0,0,1,1,0,0,1,0,1,0,0,2
1252,3,4,0.015907791,1,85254,0,1,0,1,1,0,0,0,0,1,3,2,3,4,3,3,2,4,4,3,1,1,1,1,1,2,1,3,2,2,4,-0.855440108,0.175601109,1.076068592,0,0,0,1,4,0,0,1,0,0,2,0,4,0,1,2,1,0,1,0,0,0,0,0,0,1,1,0,1,0,2,0,0,1,3,0,0,1,3,0,1,0,2,1,0,0,1,0,0,1,0,3
1253,3,2,0.033655737,1,85201,1,0,0,3,0,0,1,0,0,3,5,4,3,2,4,4,3,2,4,4,1,1,2,1,2,2,3,1,2,2,2,-1.016859584,-0.061813874,-0.37152557,1,0,0,1,4,0,1,1,0,0,2,0,4,0,1,2,1,0,1,0,0,0,1,0,0,-9,0,0,0,1,3,0,0,1,3,0,1,0,2,0,0,1,3,0,0,1,3,0,0,0,1,4
1254,49,2,0.024599867,0,98125,1,0,0,1,1,0,0,0,0,1,5,1,3,2,1,1,1,2,3,2,1,1,1,2,2,2,2,2,1,3,3,-1.480634196,0.994668326,-0.285900537,1,0,1,0,3,0,0,1,0,0,2,0,4,1,0,1,1,0,1,0,0,0,1,1,0,-9,0,0,0,1,3,0,0,1,3,0,1,0,2,0,0,1,3,1,0,0,1,0,0,0,1,4
1257,3,4,0.199709986,1,85345,0,1,0,2,0,1,0,0,0,2,6,4,1,5,2,2,1,3,5,3,2,2,2,2,1,2,2,3,4,2,4,0.678081413,-0.172284634,1.122531952,1,0,0,1,4,0,0,1,0,0,2,0,4,0,1,2,0,0,3,0,0,0,0,1,0,1,1,0,1,0,2,0,1,0,2,0,0,1,3,1,0,0,1,1,0,0,1,0,0,1,0,3
1260,49,2,0.005206274,0,87405,0,1,0,1,1,0,0,0,0,1,4,1,4,4,3,2,3,4,5,4,2,2,2,2,2,2,2,2,4,2,3,0.675702396,1.07087271,0.708304202,0,0,0,1,4,0,0,1,0,0,2,0,4,0,1,2,0,1,2,0,0,0,1,1,0,1,1,0,0,0,0,0,0,0,0,0,0,0,0,0,0,0,0,0,0,0,0,0,0,0,0,0
1262,49,2,0.100949254,0,98012,0,1,0,2,0,1,0,0,0,2,3,3,2,4,3,3,3,3,4,3,1,1,1,1,2,2,2,3,3,2,3,-0.235961415,0.187228199,-0.04493424,0,0,1,0,3,0,1,1,0,0,2,0,4,0,0,3,0,1,2,0,0,0,1,1,0,-9,0,0,1,0,2,0,1,0,2,1,0,0,1,1,0,0,1,1,0,0,1,0,0,1,0,3
1264,3,2,0.16903309,1,85295,0,1,0,2,0,1,0,0,0,2,3,3,3,5,3,3,2,3,3,3,1,1,2,2,2,2,2,3,3,3,3,-0.669609369,0.32191934,-0.456845208,0,1,0,0,2,1,1,0,0,1,2,0,3,0,1,2,1,0,1,0,0,0,0,1,0,1,1,0,1,0,2,0,0,1,3,0,0,1,3,0,0,1,3,1,0,0,1,0,0,1,0,3
1265,49,4,0.023491575,0,98443,0,1,0,3,0,0,1,0,0,2,1,3,3,4,2,4,1,5,4,4,2,1,2,3,2,3,1,3,1,2,3,0.817676595,0.030844776,-0.182684556,1,0,1,0,3,0,0,1,0,0,2,0,4,0,1,2,0,0,3,0,0,0,0,1,0,-9,0,1,0,0,1,1,0,0,1,1,0,0,1,1,0,0,1,1,0,0,1,1,0,0,0,1
1267,49,4,0.016439288,0,98146,0,1,0,2,0,1,0,0,0,3,4,3,2,3,1,4,2,2,4,4,2,3,1,2,2,2,2,1,2,2,2,0.280025459,0.315988514,-0.386947063,1,0,0,1,4,0,0,1,0,0,2,0,4,0,1,2,0,1,2,0,1,0,0,1,0,-9,0,0,0,1,3,0,1,0,2,1,0,0,1,0,1,0,2,0,1,0,2,0,0,1,0,3
1268,3,4,0.016363708,1,85283,1,0,0,3,0,0,1,0,0,1,3,0,1,4,1,1,1,1,5,3,1,1,1,1,1,1,1,3,1,2,1,1.20656525,-0.007811845,0.482216159,1,0,0,1,4,0,0,1,0,0,2,0,4,1,0,1,1,0,1,0,0,0,0,0,0,-9,0,0,0,1,3,0,0,1,3,0,0,1,3,0,1,0,2,1,0,0,1,0,0,0,1,4
1272,3,4,0.001950313,1,85210,1,0,0,5,0,0,0,0,1,3,6,5,3,5,1,1,1,4,1,1,1,1,1,1,1,1,1,2,1,1,1,-0.268800526,0.039973408,0.796936785,1,0,1,0,3,0,0,1,0,0,2,0,4,1,0,1,0,1,2,0,1,0,0,0,1,-9,0,0,0,1,3,0,0,1,3,0,0,1,3,0,1,0,2,0,0,1,3,0,0,0,1,4
1275,49,4,0.012219852,0,98321,0,1,0,1,1,0,0,0,0,1,4,3,1,5,2,4,1,5,5,4,1,1,1,1,1,1,1,2,2,2,4,0.672344876,-0.233477766,0.032009847,1,0,0,1,4,1,1,1,0,0,2,0,4,0,0,0,1,0,1,0,0,0,0,0,0,-9,0,1,0,0,1,1,0,0,1,1,0,0,1,1,0,0,1,1,0,0,1,1,0,0,0,1
1277,49,4,0.048010868,0,98311,0,1,0,3,0,0,1,0,0,2,5,3,4,2,1,4,1,3,2,1,2,2,2,2,1,2,2,3,2,2,4,-1.764524641,-1.219892339,-0.988484435,1,1,0,0,2,0,0,1,0,0,2,0,4,0,1,2,0,1,2,0,0,0,0,1,0,-9,0,0,1,0,2,1,0,0,1,1,0,0,1,1,0,0,1,1,0,0,1,0,1,0,0,2
1278,49,4,0.028017428,0,98002,1,0,0,2,0,1,0,0,0,2,5,3,2,1,1,4,4,2,4,2,2,2,1,2,2,2,2,1,3,3,2,0.138261918,0.134612523,-0.085301903,1,0,1,0,3,0,0,1,0,0,2,0,4,1,0,1,1,0,1,0,1,0,0,0,0,-9,0,0,0,1,3,0,0,1,3,0,1,0,2,0,1,0,2,0,1,0,2,0,0,0,1,4
1279,49,2,0.053474802,0,98021,0,1,0,2,0,1,0,0,0,3,5,4,3,4,1,1,1,3,5,3,2,2,2,2,2,2,2,2,4,3,4,0.095432052,-1.106354821,-0.134662612,1,1,0,0,2,0,0,1,0,0,2,0,4,1,0,1,0,1,2,0,1,0,0,1,0,-9,0,0,1,0,2,0,1,0,2,0,0,1,3,1,0,0,1,1,0,0,1,0,1,0,0,2
1285,49,4,0.096456418,0,98445,0,1,0,2,0,1,0,0,0,2,4,2,3,4,3,4,3,4,4,4,1,1,3,2,2,2,2,2,2,2,2,0.105756175,0.681561868,-0.068754543,1,0,0,1,4,1,1,0,0,1,2,0,3,0,1,2,0,1,2,0,0,0,0,1,0,-9,0,0,1,0,2,1,0,0,1,1,0,0,1,1,0,0,1,1,0,0,1,1,0,0,0,1
1286,49,4,0.019198294,0,98201,1,0,0,1,1,0,0,0,0,1,6,1,2,4,1,1,1,4,4,4,1,1,1,3,2,3,2,3,1,2,4,-1.210057004,-0.52486492,-0.571307673,1,0,1,0,3,1,1,1,0,0,2,0,4,0,1,2,0,0,3,1,1,0,0,1,0,1,1,0,0,1,3,0,0,1,3,0,1,0,2,0,0,1,3,0,1,0,2,0,0,0,1,4
1287,49,2,0.054273293,0,98204,1,0,0,3,0,0,1,0,0,2,2,1,4,2,1,1,2,1,1,1,2,2,2,2,2,2,2,2,4,4,4,-1.049243253,-0.004326711,0.355299363,1,1,0,0,2,1,1,1,0,0,2,0,4,0,1,2,1,0,1,0,0,0,1,0,0,0,0,0,0,1,3,0,0,1,3,0,1,0,2,0,0,1,3,1,0,0,1,0,0,0,1,4
1289,49,2,0.0305956,0,98023,0,1,0,5,0,0,0,0,1,4,4,4,2,2,2,4,2,2,3,3,3,3,1,1,2,2,2,1,4,3,3,-0.277136409,-1.044533328,-0.025749762,1,0,1,0,3,0,0,1,0,0,2,0,4,0,1,2,0,1,2,0,0,0,0,0,0,0,0,0,0,1,3,0,1,0,2,1,0,0,1,1,0,0,1,1,0,0,1,0,0,1,0,3
1290,49,4,0.04736953,0,98310,0,1,0,3,0,0,1,0,0,2,4,4,3,5,2,4,1,5,5,5,2,2,2,1,1,2,2,3,3,3,3,0.915903054,1.153426456,0.239036998,0,0,0,1,4,0,0,0,0,0,2,0,5,0,1,2,0,0,3,0,1,0,0,1,0,-9,0,0,1,0,2,0,1,0,2,1,0,0,1,0,1,0,2,0,1,0,2,0,0,0,1,4
1291,49,4,0.023987658,0,98270,0,1,0,2,0,1,0,0,0,3,3,2,2,5,1,1,1,1,3,1,2,2,2,2,2,2,1,2,4,4,4,1.072315704,-1.44078888,-1.614967631,1,0,0,1,4,0,0,1,0,0,2,0,4,1,0,1,1,0,1,0,1,0,0,0,1,-9,0,0,1,0,2,0,1,0,2,1,0,0,1,1,0,0,1,1,0,0,1,0,0,1,0,3
1292,49,4,0.038421997,0,98402,0,1,0,4,0,0,0,1,0,3,4,4,2,2,4,5,5,2,4,4,2,2,1,2,2,1,1,1,4,4,3,-0.303315041,0.207102906,-1.311857846,1,0,0,0,1,0,0,1,0,0,2,0,4,1,0,1,1,0,1,0,1,0,0,0,0,-9,0,0,1,0,2,0,0,1,3,0,0,1,3,0,1,0,2,0,0,1,3,0,0,0,1,4
1293,49,4,0.015243885,0,98387,0,1,0,3,0,0,1,0,0,2,1,3,3,4,1,4,3,5,5,3,1,1,1,1,2,1,1,3,3,3,3,-0.080832233,-0.075084217,0.122719603,0,0,0,1,4,0,1,1,0,0,2,0,4,1,0,1,1,0,1,0,0,0,0,1,0,0,0,0,1,0,2,1,0,0,1,1,0,0,1,1,0,0,1,1,0,0,1,0,1,0,0,2
1294,49,2,0.317207492,0,98092,0,1,0,2,0,1,0,0,0,2,5,2,4,3,1,4,1,5,5,3,1,1,2,2,1,2,2,1,2,2,3,-1.169238512,0.899637419,0.821860439,1,0,1,0,3,0,0,1,0,0,2,0,4,0,0,3,0,1,2,0,1,0,0,0,0,-9,0,0,1,0,2,1,0,0,1,1,0,0,1,1,0,0,1,1,0,0,1,0,1,0,0,2
1296,49,2,0.006336239,0,98444,0,1,0,5,0,0,0,0,1,5,5,5,2,3,5,5,1,3,5,4,2,2,3,3,3,3,3,3,2,2,2,-1.333238223,0.636145749,-0.003026299,1,0,1,0,3,0,0,1,0,0,2,0,4,1,0,1,0,0,3,1,0,0,0,0,0,0,0,0,0,1,3,0,1,0,2,0,0,1,3,0,1,0,2,0,1,0,2,0,0,0,1,4
1297,49,2,0.069792845,0,98466,0,1,0,1,1,0,0,0,0,1,5,1,4,4,1,1,1,2,4,1,2,2,2,2,2,2,2,2,3,3,3,-0.099337122,-1.401805921,-1.755878495,1,0,1,0,3,0,0,1,0,0,2,0,4,1,0,1,1,0,1,0,0,0,1,0,0,-9,0,0,1,0,2,0,1,0,2,1,0,0,1,1,0,0,1,1,0,0,1,0,0,0,1,4
1301,49,4,0.166483276,0,98118,0,1,0,2,0,1,0,0,0,1,5,3,5,5,4,4,4,4,5,5,3,3,2,1,2,2,2,2,3,2,2,0.063038787,-1.384537042,-0.953981661,1,1,0,0,2,0,1,1,0,0,2,0,4,0,0,3,0,0,3,1,1,0,0,0,0,1,1,0,0,1,3,0,1,0,2,1,0,0,1,1,0,0,1,0,0,1,3,0,0,0,1,4
1302,49,4,0.045219128,0,98446,0,1,0,3,0,0,1,0,0,1,5,3,4,5,1,1,1,5,5,2,2,2,2,2,2,2,3,3,4,3,4,-0.791972873,-0.817314039,0.073953721,1,0,1,0,3,0,0,1,0,0,2,0,4,1,0,1,0,1,2,0,0,0,0,0,1,-9,0,1,0,0,1,1,0,0,1,1,0,0,1,0,0,1,3,1,0,0,1,1,0,0,0,1
1303,49,2,0.066699556,0,98014,0,1,0,3,0,0,1,0,0,3,5,2,4,4,1,1,1,5,3,3,2,1,1,1,1,2,2,1,1,2,4,-0.656081241,-0.670314322,0.307787986,1,0,1,0,3,0,0,1,0,0,2,0,4,0,0,3,0,1,2,0,0,0,1,1,0,-9,0,1,0,0,1,1,0,0,1,1,0,0,1,1,0,0,1,1,0,0,1,1,0,0,0,1
1304,49,2,0.019508638,0,98321,0,1,0,3,0,0,1,0,0,3,3,3,3,4,2,3,5,5,4,4,2,2,2,2,2,2,2,2,4,2,3,0.053007439,-0.666424094,-1.327796966,1,1,0,0,2,0,0,1,0,0,2,0,4,1,0,1,0,0,3,1,0,0,0,1,1,1,1,1,0,0,1,1,0,0,1,1,0,0,1,1,0,0,1,1,0,0,1,1,0,0,0,1
1311,49,4,0.050245186,0,98122,1,0,0,1,1,0,0,0,0,1,5,1,5,1,1,1,1,1,1,1,2,2,3,2,2,2,2,2,3,3,3,-2.770359894,-0.71534593,1.335035569,1,0,1,0,3,1,1,1,0,0,2,0,4,0,0,3,0,0,3,1,0,0,0,1,0,-9,0,0,0,1,3,0,0,1,3,1,0,0,1,0,0,1,3,0,0,1,3,0,0,0,1,4
1312,49,2,0.052178575,0,98310,0,1,0,4,0,0,0,1,0,3,3,3,2,4,4,4,4,4,4,4,1,1,1,1,1,1,1,1,1,1,3,-1.617769686,0.640320372,-0.148896371,1,1,0,0,2,0,0,1,0,0,2,0,4,0,1,2,0,1,2,1,0,0,0,0,0,-9,0,0,1,0,2,0,1,0,2,1,0,0,1,0,1,0,2,0,1,0,2,0,0,0,1,4
1313,49,2,0.030004697,0,98404,0,1,0,3,0,0,1,0,0,1,4,3,5,5,5,5,2,5,5,3,2,2,2,2,1,1,1,2,1,4,1,0.128714398,-0.401218786,-0.543523553,1,1,0,0,2,0,0,1,1,0,2,0,2,1,0,1,0,1,2,0,1,0,0,0,0,1,1,0,0,1,3,0,1,0,2,0,1,0,2,1,0,0,1,0,1,0,2,0,0,0,1,4
1314,49,4,0.016828231,0,98271,0,1,0,4,0,0,0,1,0,4,5,5,1,5,1,1,1,5,5,1,2,2,1,2,2,2,2,2,4,4,4,-2.363747747,-2.072212418,-0.046333872,1,0,0,0,1,0,0,1,0,0,2,0,4,1,0,1,0,0,3,1,1,0,0,0,1,0,0,1,0,0,1,1,0,0,1,0,1,0,2,0,1,0,2,1,0,0,1,1,0,0,0,1
1324,3,4,0.024729077,1,85042,0,1,0,1,1,0,0,0,0,1,4,1,4,4,1,2,2,2,4,2,2,2,2,2,2,2,2,2,4,3,3,-1.115080765,-0.306501839,0.575040333,0,0,0,1,4,1,1,1,0,0,2,0,4,1,0,1,0,1,2,0,0,0,0,1,0,1,1,0,0,1,3,0,1,0,2,1,0,0,1,1,0,0,1,1,0,0,1,0,0,1,0,3
1327,49,4,0.065542553,0,98037,1,0,0,2,0,1,0,0,0,1,3,4,4,4,1,3,2,4,5,3,3,2,2,3,2,2,2,3,3,2,4,0.515940365,0.896103968,-0.410290072,1,0,0,1,4,0,0,1,0,0,2,0,4,0,0,3,0,1,2,0,1,0,0,1,0,-9,0,0,0,1,3,0,1,0,2,0,1,0,2,0,1,0,2,1,0,0,1,0,0,1,0,3
1328,49,4,0.014204214,0,98408,0,1,0,2,0,1,0,0,0,2,2,4,2,1,1,5,5,5,5,5,1,1,1,1,2,2,1,2,4,4,4,-0.466198604,-0.652026802,0.390843148,1,0,0,1,4,0,0,1,0,0,2,0,4,1,0,1,1,0,1,0,0,0,0,1,0,-9,0,0,0,1,3,1,0,0,1,1,0,0,1,1,0,0,1,1,0,0,1,0,0,0,1,4
1329,49,4,0.00949491,0,98443,0,1,0,1,1,0,0,0,0,2,2,3,3,5,3,4,2,4,3,3,2,2,2,2,1,3,3,3,1,1,4,-0.353465565,0.54456731,-1.013596356,0,0,1,0,3,0,0,1,0,0,2,0,4,1,0,1,0,0,3,0,1,0,0,1,0,-9,0,1,0,0,1,1,0,0,1,1,0,0,1,1,0,0,1,1,0,0,1,1,0,0,0,1
1332,3,4,0.030945766,1,85323,0,1,0,2,0,1,0,0,0,1,3,2,3,3,1,1,1,3,3,3,2,2,2,2,2,2,2,2,4,4,4,-0.344986682,-1.133696262,0.665755143,1,0,0,1,4,0,0,1,0,0,2,0,4,1,0,1,1,0,1,0,0,0,0,0,0,-9,0,0,1,0,2,0,1,0,2,0,1,0,2,1,0,0,1,1,0,0,1,0,0,1,0,3
1333,49,2,0.025235486,0,98005,0,1,0,4,0,0,0,1,0,2,1,1,5,4,1,4,1,4,5,5,2,2,2,2,3,3,2,3,3,2,3,1.192218369,1.390157901,0.782327766,1,0,0,1,4,0,0,1,0,0,2,0,4,0,1,2,1,0,1,0,0,0,1,1,0,-9,0,0,1,0,2,0,0,1,3,0,0,1,3,0,1,0,2,1,0,0,1,0,0,0,1,4
1335,49,2,0.010899185,0,98052,0,1,0,5,0,0,0,0,1,2,4,5,1,5,4,5,3,5,5,5,2,2,3,2,3,2,3,3,2,2,3,0.503667258,1.058588477,0.828093245,1,1,0,0,2,0,0,1,0,0,2,0,4,1,0,1,0,0,3,1,0,0,0,0,0,-9,0,0,1,0,2,0,0,1,3,0,1,0,2,1,0,0,1,1,0,0,1,0,0,1,0,3
1336,49,2,0.022453993,0,98208,0,1,0,2,0,1,0,0,0,3,2,3,5,4,1,1,1,4,4,3,1,1,2,1,2,2,1,3,2,2,1,-0.625249271,-0.905410651,-0.136191072,1,1,0,0,2,0,0,1,0,0,2,0,4,1,0,1,1,0,1,0,1,0,0,0,0,1,1,0,1,0,2,0,0,1,3,0,0,1,3,0,1,0,2,1,0,0,1,0,0,1,0,3
1337,3,4,0.009936906,1,85013,1,0,0,1,1,0,0,0,0,1,2,2,4,5,1,1,1,2,3,3,2,2,2,3,2,1,1,2,1,2,4,1.426791014,-1.583421678,0.714037353,1,0,0,1,4,0,0,1,0,0,2,0,4,1,0,1,0,1,2,0,0,0,0,0,0,-9,0,0,0,1,3,0,0,1,3,0,1,0,2,0,0,1,3,0,0,1,3,0,0,0,1,4
1338,3,4,0.005106128,1,85051,1,0,0,3,0,0,1,0,0,3,5,3,1,5,1,1,1,4,5,5,1,1,1,1,1,2,2,1,1,3,1,-0.871236013,0.002626497,-0.673212899,0,0,0,1,4,0,0,1,0,0,2,0,4,1,0,1,1,0,1,0,1,0,0,0,1,-9,0,0,0,1,3,0,0,1,3,0,0,1,3,0,1,0,2,1,0,0,1,0,0,0,1,4
1339,3,4,0.010140034,1,85020,1,0,0,4,0,0,0,1,0,1,3,4,3,4,3,2,2,3,3,3,2,3,2,2,2,2,2,2,2,3,4,-0.695621589,0.570742244,-0.499588577,1,1,0,0,2,0,0,1,0,0,2,0,4,1,0,1,0,0,3,1,0,0,0,0,0,1,1,0,0,1,3,0,0,1,3,0,1,0,2,0,0,1,3,1,0,0,1,0,0,0,1,4
1342,3,2,0.880238004,1,85208,0,1,0,3,0,0,1,0,0,3,5,5,4,4,2,2,1,3,4,3,1,1,1,1,1,1,1,2,4,3,4,-0.582524833,-0.727496101,-1.635389533,1,0,1,0,3,0,0,1,0,0,1,1,1,1,0,1,0,1,2,0,0,0,1,1,0,1,1,0,1,0,2,0,1,0,2,0,0,1,3,0,1,0,2,1,0,0,1,0,1,0,0,2
1343,3,2,0.00093411,1,85009,1,0,0,2,0,1,0,0,0,4,1,3,3,5,3,3,1,2,4,5,1,1,3,3,1,3,3,1,2,1,1,-0.325616409,0.452198561,0.371191451,1,0,1,0,3,0,0,1,0,0,2,0,4,1,0,1,0,1,2,0,1,0,1,0,1,-9,0,0,0,1,3,0,0,1,3,0,0,1,3,0,1,0,2,1,0,0,1,0,0,0,1,4
1344,3,4,0.00330481,1,85201,1,0,0,3,0,0,1,0,0,3,5,3,2,5,1,4,2,5,5,4,2,2,2,2,1,1,3,2,3,2,2,-0.084397812,0.817973591,0.803541877,1,0,0,1,4,0,0,1,0,0,2,0,4,1,0,1,1,0,1,0,1,0,0,0,1,-9,0,0,0,1,3,0,0,1,3,0,1,0,2,0,0,1,3,0,0,1,3,0,0,0,1,4
1345,3,4,0.010514415,1,85258,0,1,0,3,0,0,1,0,0,2,3,3,1,4,3,2,2,2,4,4,1,1,1,1,3,3,1,3,2,2,2,-1.418719108,0.257435848,-0.616810868,0,0,0,1,4,0,0,1,0,0,2,0,4,1,0,1,1,0,1,0,0,0,0,0,0,-9,0,0,1,0,2,0,0,1,3,0,0,1,3,0,1,0,2,1,0,0,1,0,0,1,0,3
1347,3,4,0.018335924,1,85206,0,1,0,3,0,0,1,0,0,2,6,4,3,5,5,5,3,5,5,5,1,1,1,1,2,2,2,3,2,2,2,0.786327239,0.562641755,0.769978558,1,0,0,1,4,1,1,1,0,0,2,0,4,0,1,2,0,1,2,0,0,0,0,1,0,-9,0,0,1,0,2,0,0,1,3,0,0,1,3,0,0,1,3,1,0,0,1,0,0,1,0,3
1348,3,4,0.001950313,1,85210,1,0,0,2,0,1,0,0,0,2,4,4,4,5,1,1,1,3,2,1,2,2,2,2,2,2,2,2,4,4,4,0.207638527,0.215476203,-0.21419328,1,0,1,0,3,0,0,1,0,0,2,0,4,1,0,1,0,1,2,0,1,0,0,0,1,-9,0,0,0,1,3,0,0,1,3,0,0,1,3,0,1,0,2,0,0,1,3,0,0,0,1,4
1350,3,4,0.023727931,1,85301,1,0,0,1,1,0,0,0,0,1,2,2,2,5,5,5,5,5,5,5,1,1,1,1,1,1,1,1,1,1,1,-1.109016336,1.195043699,0.110586013,0,1,0,0,2,0,0,1,0,0,2,0,4,1,0,1,0,0,3,0,1,0,0,1,0,1,1,0,0,1,3,0,0,1,3,0,1,0,2,1,0,0,1,1,0,0,1,0,0,0,1,4
1352,3,4,0.025770404,1,85383,0,1,0,2,0,1,0,0,0,2,5,5,1,2,4,3,5,5,5,5,2,1,1,1,1,3,2,3,1,2,2,-0.119557734,0.143419547,0.498033858,1,0,0,1,4,0,1,0,1,0,2,0,2,0,1,2,0,1,2,0,0,0,0,1,0,-9,0,0,1,0,2,1,0,0,1,0,1,0,2,0,1,0,2,1,0,0,1,1,0,0,0,1
1354,49,2,0.048741114,0,98134,0,1,0,2,0,1,0,0,0,1,5,2,2,5,5,2,1,5,5,5,2,2,1,3,1,2,2,2,1,4,4,0.221089793,-0.305167098,0.113037719,1,0,0,1,4,0,0,1,0,0,1,1,1,1,0,1,1,0,1,0,0,0,1,0,0,0,0,1,0,0,1,0,0,1,3,0,0,1,3,0,1,0,2,0,0,1,3,0,0,0,1,4
1355,3,4,0.00639927,1,85205,0,1,0,2,0,1,0,0,0,2,1,3,4,2,3,4,3,4,4,4,1,3,2,3,3,1,1,3,2,2,2,-0.479244393,0.6245787,-0.633801151,0,1,0,0,2,0,0,1,0,0,2,0,4,1,0,1,1,0,1,0,1,0,0,1,1,1,1,0,1,0,2,0,1,0,2,0,1,0,2,0,1,0,2,1,0,0,1,0,0,1,0,3
1359,3,2,0.790031402,1,85203,0,1,0,4,0,0,0,1,0,1,4,2,2,1,3,1,1,2,3,1,2,2,2,2,2,2,2,2,4,2,4,-0.643580111,-0.281073455,1.077041192,0,1,0,0,2,0,0,1,1,0,2,0,2,1,0,1,1,0,1,0,0,1,1,0,1,-9,0,0,0,1,3,0,1,0,2,0,1,0,2,0,0,1,3,0,0,1,3,0,0,0,1,4
1362,3,2,0.096742669,1,85020,1,0,0,2,0,1,0,0,0,2,3,3,2,3,4,5,3,5,5,5,3,1,2,2,1,3,2,3,4,2,2,0.924993245,0.617788764,-0.621124064,1,0,0,1,4,0,0,1,0,0,2,0,4,0,0,3,0,1,2,0,0,0,1,0,0,1,1,0,0,1,3,0,0,1,3,0,1,0,2,0,0,1,3,1,0,0,1,0,0,0,1,4
1363,3,4,0.06332586,1,85041,0,1,0,3,0,0,1,0,0,1,5,5,1,5,1,3,1,4,5,3,1,1,1,1,3,1,1,3,3,2,3,1.495806254,-1.268654014,0.881893033,1,0,1,0,3,0,0,0,1,0,2,0,2,1,0,1,1,0,1,0,0,0,0,0,0,1,1,0,0,1,3,1,0,0,1,1,0,0,1,1,0,0,1,1,0,0,1,0,0,1,0,3
1365,3,4,0.007961361,1,85301,1,0,0,2,0,1,0,0,0,2,5,2,4,4,2,3,1,4,4,4,2,1,3,1,1,1,1,2,2,3,3,-0.353147044,0.139537303,-0.158915248,1,1,0,0,2,0,0,1,0,0,2,0,4,1,0,1,0,1,2,0,0,0,0,0,0,-9,0,0,0,1,3,0,0,1,3,0,1,0,2,1,0,0,1,1,0,0,1,0,0,0,1,4
1367,3,4,0.005977286,1,85008,1,0,0,3,0,0,1,0,0,1,5,5,3,4,1,1,1,5,5,5,2,2,2,2,3,2,3,3,4,2,2,-0.313600519,0.186198472,1.148100241,0,0,0,1,4,0,0,1,0,0,2,0,4,1,0,1,0,0,3,0,1,0,0,0,1,-9,0,0,0,1,3,0,0,1,3,0,1,0,2,0,0,1,3,0,1,0,2,0,0,1,0,3
1368,3,2,0.031191441,1,85204,0,1,0,3,0,0,1,0,0,3,5,5,3,4,4,5,4,4,5,4,3,2,2,3,3,3,3,3,2,2,2,-0.108001246,0.521539201,0.100968946,1,1,0,0,2,0,0,1,0,0,2,0,4,1,0,1,0,1,2,0,0,0,0,0,0,1,1,0,0,1,3,0,1,0,2,0,0,1,3,0,1,0,2,0,1,0,2,0,0,0,1,4
1370,3,4,0.872185105,1,85283,1,0,0,3,0,0,1,0,0,3,3,3,3,3,2,4,2,4,3,3,2,2,2,2,2,2,2,2,3,3,4,-0.773783646,0.085599602,-1.092219559,1,0,1,0,3,0,0,0,0,0,1,1,1,1,0,1,1,0,1,0,0,0,0,1,0,-9,0,0,0,1,3,0,0,1,3,0,0,1,3,0,1,0,2,1,0,0,1,0,0,0,1,4
1372,3,2,0.011441482,1,85022,0,1,0,1,1,0,0,0,0,2,6,3,4,1,2,4,2,2,5,3,2,2,2,2,2,2,2,2,3,3,3,-0.749381644,-1.068805384,-0.081778717,1,0,1,0,3,0,1,0,1,0,2,0,2,0,1,2,0,0,3,0,0,0,0,0,0,1,1,0,0,1,3,0,1,0,2,0,1,0,2,1,0,0,1,1,0,0,1,0,0,1,0,3
1373,3,4,0.001284587,1,85022,0,1,0,3,0,0,1,0,0,2,6,2,4,3,3,3,2,3,3,3,2,2,2,2,2,2,2,2,4,3,4,-0.30947697,1.394586237,-0.607130764,1,1,0,0,2,0,0,1,0,0,2,0,4,1,0,1,0,0,3,0,1,0,0,0,0,1,1,0,0,1,3,0,1,0,2,0,1,0,2,1,0,0,1,1,0,0,1,0,0,1,0,3
1374,3,4,0.100988295,1,85383,0,1,0,2,0,1,0,0,0,2,3,4,2,3,1,2,2,3,4,2,2,2,2,2,2,2,2,1,3,3,4,1.068355993,-0.642772374,0.492454069,0,0,0,1,4,0,1,1,0,0,2,0,4,0,0,0,0,1,2,0,0,0,0,1,0,1,1,0,1,0,2,1,0,0,1,0,1,0,2,0,1,0,2,1,0,0,1,1,0,0,0,1
1376,3,2,0.284894972,1,85032,0,1,0,3,0,0,1,0,0,3,3,4,1,3,1,1,1,4,1,1,2,2,2,2,2,2,2,2,3,3,4,-1.95269442,-0.611409224,-1.126130108,0,1,0,0,2,0,0,1,0,0,2,0,4,1,0,1,0,0,3,0,1,0,1,1,0,-9,0,0,0,1,3,0,1,0,2,0,0,1,3,0,0,1,3,1,0,0,1,0,0,0,1,4
1379,3,4,0.020948459,1,85345,0,1,0,1,1,0,0,0,0,1,5,4,5,5,1,1,1,4,4,3,2,2,2,2,2,2,2,2,4,3,4,-0.320670562,-1.301716635,-0.927083093,1,0,1,0,3,0,0,1,0,0,2,0,4,1,0,1,0,1,2,0,1,0,0,1,0,-9,0,0,1,0,2,0,1,0,2,0,0,1,3,1,0,0,1,1,0,0,1,0,0,1,0,3
1381,3,4,0.009526499,1,85017,1,0,0,1,1,0,0,0,0,1,5,0,5,3,2,4,1,1,5,5,2,2,2,2,2,2,2,2,3,3,3,-0.618787692,0.426267052,1.489402637,0,0,1,0,3,0,0,1,0,0,2,0,4,1,0,1,0,1,2,0,0,0,0,0,0,-9,0,0,0,1,3,0,0,1,3,0,0,1,3,0,1,0,2,1,0,0,1,0,0,1,0,3
1386,3,4,0.026619271,1,85040,1,0,0,2,0,1,0,0,0,3,5,4,2,4,2,2,2,4,4,2,2,1,3,2,1,1,1,2,1,1,3,-0.867947205,-1.565748839,0.322831804,1,0,0,1,4,1,1,0,0,0,1,1,1,1,0,1,1,0,1,0,0,0,0,1,1,1,1,0,0,1,3,0,0,1,3,0,1,0,2,1,0,0,1,1,0,0,1,0,0,1,0,3
1389,3,4,0.1378727,1,85351,0,1,0,1,1,0,0,0,0,2,5,3,3,4,2,2,3,4,4,3,1,1,1,1,2,1,2,2,3,3,3,-0.149279407,-0.231066162,-0.166683811,1,0,0,1,4,0,0,1,0,0,2,0,4,0,0,3,0,1,2,0,0,0,0,1,0,1,1,0,1,0,2,1,0,0,1,0,1,0,2,1,0,0,1,1,0,0,1,0,1,0,0,2
1390,3,4,0.049682006,1,85383,0,1,0,4,0,0,0,1,0,4,3,4,2,4,3,4,4,3,5,4,1,1,1,1,1,2,2,2,2,2,3,0.608666836,0.254011515,0.203757319,0,0,0,1,4,0,0,1,0,0,2,0,4,0,1,2,0,1,2,0,1,0,0,1,0,1,1,0,1,0,2,1,0,0,1,0,1,0,2,0,1,0,2,1,0,0,1,1,0,0,0,1
1391,3,1,0.076012292,1,85051,1,0,0,5,0,0,0,0,1,2,5,5,1,1,1,5,1,5,5,1,1,1,1,1,1,1,1,1,2,2,1,0.255534323,-0.156128023,0.979933902,1,0,0,0,1,0,0,0,1,0,2,0,2,0,0,3,0,0,3,1,0,0,0,0,0,1,1,0,0,1,3,0,0,1,3,0,0,1,3,0,1,0,2,1,0,0,1,0,0,0,1,4
1392,3,4,0.024215166,1,85374,0,1,0,1,1,0,0,0,0,1,2,1,4,4,2,4,1,3,4,4,2,3,2,2,2,2,2,2,3,3,3,0.618498032,0.610225167,0.042056934,1,0,0,1,4,1,1,1,0,0,2,0,4,0,1,2,0,1,2,0,0,0,0,1,0,-9,0,0,1,0,2,0,1,0,2,0,0,1,3,0,1,0,2,1,0,0,1,1,0,0,0,1
1393,3,4,0.062111825,1,85022,0,1,0,3,0,0,1,0,0,3,4,3,3,4,4,2,4,4,3,2,2,3,2,1,3,2,2,1,3,2,4,-0.903271381,0.936046916,-0.140166505,0,0,1,0,3,0,0,0,1,0,2,0,2,1,0,1,0,1,2,0,0,0,0,0,0,1,1,0,0,1,3,0,1,0,2,0,1,0,2,1,0,0,1,1,0,0,1,0,0,1,0,3
1395,3,4,0.017245226,1,85283,1,0,0,1,1,0,0,0,0,1,4,3,5,2,2,4,4,5,5,5,3,3,2,3,3,2,2,3,2,2,2,1.608654893,0.532598546,0.074946839,1,0,0,1,4,0,0,1,0,0,2,0,4,0,1,2,0,1,2,0,0,0,0,1,0,1,1,0,0,1,3,0,0,1,3,0,0,1,3,0,1,0,2,1,0,0,1,0,0,0,1,4
1396,3,4,0.012239971,1,85044,1,0,0,2,0,1,0,0,0,3,4,3,2,5,1,1,1,5,5,5,1,1,1,2,2,1,1,3,4,4,4,-1.341603416,-0.496886789,-0.082425003,1,0,0,1,4,0,0,1,0,0,2,0,4,1,0,1,0,1,2,0,0,0,0,0,0,1,1,0,0,1,3,0,0,1,3,0,0,1,3,0,0,1,3,1,0,0,1,0,0,0,1,4
1397,3,2,0.022992939,1,85214,1,0,0,1,1,0,0,0,0,1,5,3,5,5,1,1,1,3,5,3,2,2,2,2,2,2,2,3,4,3,4,0.300185564,-1.261345819,0.843484661,1,0,1,0,3,0,0,1,0,0,2,0,4,1,0,1,0,1,2,0,0,0,0,1,0,-9,0,0,0,0,0,0,0,0,0,0,0,0,0,0,0,0,0,0,0,0,0,0,0,0,0,0
1398,49,2,0.060417059,0,98115,1,0,0,1,1,0,0,0,0,1,2,4,4,5,1,1,1,3,5,3,1,1,2,2,2,2,2,3,1,2,2,0.942652983,0.544577055,0.298502511,0,0,0,1,4,0,1,1,0,0,2,0,4,0,0,3,0,1,2,0,0,0,0,1,0,1,1,0,0,1,3,0,0,1,3,0,1,0,2,0,0,1,3,1,0,0,1,0,0,0,1,4
1400,3,2,0.180267317,1,85205,0,1,0,1,1,0,0,0,0,1,3,2,4,3,2,5,5,5,5,5,1,1,1,1,1,1,1,2,2,4,2,0.882311902,0.846216348,0.786674425,0,1,0,0,2,0,0,0,0,0,1,1,1,1,0,1,0,0,3,0,0,0,0,1,0,1,1,0,1,0,2,0,1,0,2,0,1,0,2,0,1,0,2,1,0,0,1,0,0,1,0,3
1406,3,1,0.425358733,1,85204,0,1,0,1,1,0,0,0,0,1,1,0,3,3,3,3,3,4,3,3,1,3,2,3,2,1,1,3,4,4,4,-1.119201325,-0.936645581,-0.979285781,1,0,0,0,1,0,0,1,1,0,1,1,1,1,0,1,0,0,3,1,0,0,1,0,1,-9,0,0,0,1,3,0,1,0,2,0,0,1,3,0,1,0,2,0,1,0,2,0,0,0,1,4
1410,3,4,0.034343008,1,85338,0,1,0,1,1,0,0,0,0,1,5,3,3,5,1,2,1,4,5,5,2,2,2,2,2,2,2,2,3,2,3,0.315006112,0.24129436,0.015251926,1,0,0,1,4,0,0,1,0,0,2,0,4,0,0,3,0,0,3,0,0,0,0,1,0,-9,0,1,0,0,1,1,0,0,1,0,1,0,2,0,0,1,3,1,0,0,1,0,1,0,0,2
1411,3,4,0.011984589,1,85032,0,1,0,5,0,0,0,0,1,5,5,5,1,5,1,1,1,5,5,4,1,1,2,2,1,1,2,3,4,2,3,0.146570347,-0.959157996,0.702748194,1,0,0,1,4,0,0,1,0,0,2,0,4,1,0,1,1,0,1,0,0,0,0,1,0,0,0,0,0,1,3,0,1,0,2,0,0,1,3,0,0,1,3,1,0,0,1,0,0,0,1,4
1412,3,2,0.091819576,1,85087,0,1,0,2,0,1,0,0,0,1,3,2,4,4,2,2,1,4,4,4,1,1,3,3,1,3,2,3,3,2,2,-0.889687667,0.673674576,0.770055474,0,1,0,0,2,0,0,1,0,0,2,0,4,0,0,3,0,0,3,1,0,0,0,1,0,1,1,1,0,0,1,1,0,0,1,1,0,0,1,1,0,0,1,1,0,0,1,1,0,0,0,1
1414,3,2,0.048319372,1,85373,0,1,0,3,0,0,1,0,0,2,2,2,3,4,3,2,2,5,5,2,2,1,2,2,2,2,2,3,4,2,3,-0.71927146,-0.933490946,0.400675499,1,0,1,0,3,0,0,1,0,0,1,1,1,1,0,1,0,0,3,0,0,0,0,0,0,-9,0,0,1,0,2,1,0,0,1,0,1,0,2,1,0,0,1,1,0,0,1,1,0,0,0,1
1415,3,4,0.006805185,1,85345,0,1,0,1,1,0,0,0,0,1,4,1,5,5,1,1,1,1,3,1,2,2,2,2,2,2,2,2,4,4,4,0.579738322,-1.084958872,-0.95360977,1,0,0,1,4,0,0,1,0,0,2,0,4,1,0,1,1,0,1,0,0,0,0,0,0,1,1,0,1,0,2,0,1,0,2,0,0,1,3,1,0,0,1,1,0,0,1,0,0,1,0,3
1416,3,4,0.069343146,1,85255,0,1,0,3,0,0,1,0,0,2,5,3,5,5,2,4,3,3,5,5,1,1,2,2,2,1,2,2,3,2,3,1.539284143,-0.091159322,-0.105162727,1,0,0,1,4,0,1,1,0,0,2,0,4,0,0,3,0,1,2,0,0,0,0,0,0,1,1,1,0,0,1,0,1,0,2,0,0,1,3,0,1,0,2,1,0,0,1,1,0,0,0,1
1418,3,4,0.010061705,1,85048,0,1,0,2,0,1,0,0,0,2,4,2,2,5,1,1,1,1,3,3,2,2,2,2,2,2,2,2,3,3,4,0.045012431,-0.262095843,-0.141285658,0,0,0,1,4,1,1,1,0,0,2,0,4,1,0,1,0,1,2,0,0,0,0,1,0,1,1,0,1,0,2,0,1,0,2,0,0,1,3,1,0,0,1,1,0,0,1,0,0,1,0,3
1419,3,3,0.002210611,1,85009,1,0,0,5,0,0,0,0,1,5,3,4,3,4,5,2,3,5,5,4,1,1,3,1,3,3,1,3,2,2,2,-0.560710609,1.580084019,0.311896993,0,1,0,0,2,0,1,0,1,0,2,0,2,1,0,1,0,0,3,0,0,0,0,0,0,-9,0,0,0,1,3,0,0,1,3,0,0,1,3,0,1,0,2,1,0,0,1,0,0,0,1,4
1420,3,2,0.039308938,1,85050,0,1,0,2,0,1,0,0,0,2,3,3,3,3,3,3,3,3,3,3,1,1,1,1,3,1,1,3,1,2,1,-1.878322845,0.087158771,0.000247795,0,0,1,0,3,0,0,1,0,0,2,0,4,1,0,1,1,0,1,0,0,0,1,0,0,1,1,0,0,1,3,1,0,0,1,0,0,1,3,1,0,0,1,1,0,0,1,0,1,0,0,2
1422,3,4,0.005106128,1,85023,1,0,0,5,0,0,0,0,1,5,5,5,1,5,3,3,2,5,5,5,1,3,3,2,2,1,3,3,3,3,4,0.248053265,-1.801520793,-0.192643895,0,0,0,1,4,0,0,1,0,0,2,0,4,1,0,1,1,0,1,0,1,0,0,0,1,1,1,0,0,1,3,0,0,1,3,0,1,0,2,1,0,0,1,1,0,0,1,0,0,1,0,3
1424,3,2,0.089122211,1,85007,0,1,0,2,0,1,0,0,0,2,3,3,4,3,3,3,2,5,5,5,1,1,3,3,3,1,2,3,3,2,2,1.222352263,1.061226028,0.457491892,0,1,0,0,2,0,0,0,1,0,2,0,2,0,1,2,1,0,1,0,0,0,1,1,0,1,1,0,1,0,2,0,0,1,3,0,0,1,3,0,0,1,3,0,1,0,2,0,0,0,1,4
1425,3,2,0.032747908,1,85021,1,0,0,1,1,0,0,0,0,1,3,1,5,5,3,4,3,5,5,4,2,2,2,2,2,2,2,1,3,2,3,-0.845057324,0.304221311,0.33900276,1,0,1,1,4,0,0,1,0,0,2,0,4,0,1,2,1,0,1,0,0,0,1,0,0,-9,0,0,0,1,3,0,0,1,3,1,0,0,1,0,1,0,2,0,0,1,3,0,0,0,1,4
1427,3,3,0.035202296,1,85340,0,1,0,3,0,0,1,0,0,3,5,4,4,3,3,2,1,2,4,3,2,3,1,1,3,1,2,1,1,3,4,0.318625113,-1.036715697,-0.79651432,0,1,0,0,2,1,1,1,0,0,1,1,1,0,1,2,0,0,3,0,0,0,0,1,0,-9,0,0,1,0,2,1,0,0,1,0,1,0,2,0,1,0,2,1,0,0,1,0,1,0,0,2
1430,3,4,0.018241607,1,85296,0,1,0,2,0,1,0,0,0,2,3,2,2,5,3,3,1,1,5,3,1,1,1,1,2,1,1,2,1,1,1,0.656849833,0.409945505,0.626749182,1,0,1,0,3,0,0,1,0,0,2,0,4,1,0,1,1,0,1,0,0,0,0,1,0,-9,0,0,1,0,2,0,1,0,2,0,0,1,3,0,1,0,2,1,0,0,1,0,1,0,0,2
1432,3,2,0.071016111,1,85395,0,1,0,2,0,1,0,0,0,2,2,2,2,3,1,2,1,3,5,5,3,1,2,3,2,2,2,2,4,1,2,0.423025284,1.048803689,-0.303903545,0,0,1,0,3,1,1,0,1,0,2,0,2,0,0,3,0,0,3,0,0,0,1,1,0,1,1,0,1,0,2,0,1,0,2,0,0,1,3,0,1,0,2,1,0,0,1,1,0,0,0,1
1434,3,2,0.038627727,1,85008,1,0,0,1,1,0,0,0,0,1,5,2,5,4,3,4,2,2,5,5,1,1,1,1,2,2,1,1,2,2,2,-0.633423426,0.362051154,0.301194321,0,1,0,0,2,0,0,0,1,0,2,0,2,0,1,2,0,0,3,1,0,0,0,0,0,-9,0,0,0,1,3,0,0,1,3,0,1,0,2,0,0,1,3,0,1,0,2,0,0,1,0,3
1435,3,4,0.039577219,1,85022,0,1,0,2,0,1,0,0,0,3,3,5,3,5,2,5,1,2,4,3,2,2,3,2,2,3,2,3,2,2,4,0.421082838,-0.274294072,-2.01487211,1,0,0,1,4,0,0,1,0,0,2,0,4,0,1,2,0,0,3,0,1,0,0,1,0,1,1,0,0,1,3,0,1,0,2,0,1,0,2,1,0,0,1,1,0,0,1,0,0,1,0,3
1437,3,4,0.092557872,1,85308,0,1,0,1,1,0,0,0,0,2,6,3,3,4,2,2,3,2,4,3,2,2,2,1,2,2,2,2,3,3,4,0.374434653,-0.371206066,-1.371329614,1,0,1,0,3,0,0,1,0,0,2,0,4,0,1,2,0,1,2,0,0,0,0,1,0,1,1,0,1,0,2,0,1,0,2,0,0,1,3,0,1,0,2,1,0,0,1,0,0,1,0,3
1438,3,4,0.026184912,1,85304,1,0,0,3,0,0,1,0,0,2,4,3,5,1,1,3,1,1,3,3,2,3,1,2,3,2,2,1,1,1,1,0.909084335,-0.301427484,1.156116108,1,1,0,0,2,0,0,1,0,0,2,0,4,0,1,2,0,1,2,0,1,0,0,1,0,-9,0,0,0,1,3,0,1,0,2,1,0,0,1,0,1,0,2,1,0,0,1,0,0,0,1,4
1439,3,2,0.026882323,1,85042,0,1,0,2,0,1,0,0,0,2,3,2,4,5,2,2,1,2,2,4,1,1,1,1,1,3,1,3,4,2,2,-0.906313018,-0.37448366,0.596595026,0,1,0,0,2,0,0,0,0,0,2,0,5,1,0,1,0,0,3,0,0,1,1,0,0,1,1,0,0,1,3,0,1,0,2,1,0,0,1,1,0,0,1,1,0,0,1,0,0,1,0,3
1440,3,2,0.29311893,1,85016,1,0,0,1,1,0,0,0,0,1,2,0,5,4,1,1,1,1,1,1,1,1,1,3,2,2,2,3,1,1,3,-0.894265045,-0.660767668,1.152516623,0,1,0,0,2,0,0,0,1,0,2,0,2,0,0,3,1,0,1,0,0,0,0,0,0,-9,0,0,0,1,3,0,0,1,3,0,0,1,3,0,0,1,3,1,0,0,1,0,0,0,1,4
1443,3,4,0.569113803,1,85021,1,0,0,1,1,0,0,0,0,1,3,1,4,3,1,1,3,1,4,3,2,3,2,2,2,2,2,2,4,3,4,0.848549473,0.31978107,-0.300761151,1,1,0,0,2,0,0,1,0,0,1,1,1,0,1,2,0,0,3,1,0,0,0,0,0,1,1,0,0,1,3,0,0,1,3,1,0,0,1,0,1,0,2,0,0,1,3,0,0,0,1,4
1444,49,2,0.066388791,0,98042,0,1,0,2,0,1,0,0,0,3,4,3,2,2,2,2,2,4,4,2,1,1,2,1,1,2,2,3,4,2,2,0.584648624,-0.81215294,0.271220351,1,0,1,0,3,0,0,1,0,0,2,0,4,0,0,3,0,0,3,0,0,0,1,1,0,-9,0,0,1,0,2,1,0,0,1,0,1,0,2,1,0,0,1,1,0,0,1,1,0,0,0,1
1445,3,4,0.023842282,1,85225,1,0,0,4,0,0,0,1,0,2,4,4,4,3,1,2,1,2,4,3,2,2,2,2,3,2,2,2,2,2,2,-0.630308839,0.364213273,0.097785775,0,0,0,1,4,1,1,1,0,0,2,0,4,0,1,2,0,1,2,0,1,0,0,1,0,-9,0,0,0,1,3,0,1,0,2,0,0,1,3,0,1,0,2,1,0,0,1,0,0,1,0,3
1448,3,2,0.086457548,1,85253,0,1,0,3,0,0,1,0,0,3,2,1,2,2,2,2,2,4,4,4,3,3,2,2,3,2,2,3,3,2,2,-0.673612909,0.23393229,0.380904226,1,0,0,1,4,0,1,1,0,0,2,0,4,0,0,3,0,1,2,0,0,0,0,1,0,-9,0,1,0,0,1,0,1,0,2,0,1,0,2,0,1,0,2,1,0,0,1,0,1,0,0,2
1449,3,2,0.02717267,1,85208,0,1,0,3,0,0,1,0,0,2,4,4,4,3,1,3,1,3,3,3,2,2,2,2,2,2,2,2,3,4,4,-0.532151955,-0.825850793,0.878890393,0,1,0,0,2,0,0,1,0,0,1,1,1,1,0,1,0,0,3,1,0,0,1,0,0,1,1,0,1,0,2,0,1,0,2,0,0,1,3,0,1,0,2,1,0,0,1,0,1,0,0,2
1450,49,2,0.012055551,0,99163,0,1,0,3,0,0,1,0,0,1,5,4,4,3,4,4,3,4,5,5,3,2,2,2,3,3,1,2,3,3,3,1.350604754,0.96030071,0.674894875,1,1,0,0,2,0,0,1,0,0,2,0,4,0,1,2,0,0,3,1,0,0,1,1,0,-9,0,0,0,1,3,0,1,0,2,1,0,0,1,0,1,0,2,1,0,0,1,0,1,0,0,2
1453,3,2,0.011430111,1,85201,1,0,0,3,0,0,1,0,0,2,5,4,5,4,1,1,1,4,5,1,1,1,1,1,1,1,1,2,1,3,1,0.046880994,-1.002291737,-0.381939136,1,0,1,0,3,1,1,1,0,0,2,0,4,1,0,1,0,1,2,0,0,0,1,0,0,1,1,0,0,1,3,0,0,1,3,0,1,0,2,0,0,1,3,0,0,1,3,0,0,0,1,4
1456,49,4,0.021839636,0,98407,0,1,0,2,0,1,0,0,0,2,1,1,4,5,1,1,1,4,5,5,2,2,3,3,2,1,1,2,3,1,1,0.83954569,-0.307583375,-0.514357712,1,0,0,1,4,0,0,1,0,0,2,0,4,0,1,2,0,0,3,0,1,0,0,0,0,1,1,0,1,0,2,0,1,0,2,1,0,0,1,1,0,0,1,0,1,0,2,0,0,0,1,4
1457,49,2,0.049424877,0,98023,0,1,0,3,0,0,1,0,0,3,4,3,4,2,1,4,3,3,3,3,2,3,3,3,2,2,2,1,2,3,4,-0.520753706,-0.474384857,-0.268740148,1,1,0,0,2,0,0,0,0,1,2,0,3,0,1,2,0,0,3,1,0,0,1,0,1,-9,0,0,0,1,3,0,1,0,2,1,0,0,1,1,0,0,1,1,0,0,1,0,0,1,0,3
1458,3,2,0.005990821,1,85248,0,1,0,1,1,0,0,0,0,2,4,2,4,2,4,4,1,5,5,5,2,3,3,1,3,3,2,3,2,2,2,1.294036214,0.404966906,-0.199709436,1,0,1,0,3,0,0,1,0,0,2,0,4,1,0,1,0,1,2,0,0,0,1,0,0,-9,0,0,1,0,2,0,1,0,2,0,0,1,3,0,1,0,2,1,0,0,1,0,1,0,0,2
1459,3,4,0.057645067,1,85041,0,1,0,4,0,0,0,1,0,2,5,3,3,2,1,5,1,5,1,1,2,2,3,3,3,2,2,2,3,3,3,-0.412231891,-1.125657624,0.138087691,1,1,0,0,2,0,0,1,1,0,1,1,1,1,0,1,0,0,3,1,0,0,0,0,0,-9,0,0,0,1,3,1,0,0,1,1,0,0,1,1,0,0,1,1,0,0,1,0,0,1,0,3
1461,3,2,0.046542077,1,85339,0,1,0,2,0,1,0,0,0,1,5,1,4,4,2,4,1,3,5,4,1,3,3,2,2,2,1,1,1,2,2,0.169536971,0.736169004,0.277781083,0,1,0,0,2,0,0,0,0,0,2,0,5,0,1,2,0,1,2,0,0,0,0,1,0,-9,0,1,0,0,1,1,0,0,1,1,0,0,1,1,0,0,1,1,0,0,1,0,1,0,0,2
1467,3,2,0.076862437,1,85085,0,1,0,1,1,0,0,0,0,1,4,1,5,2,1,3,1,1,3,1,2,3,1,1,3,2,2,1,3,3,3,0.161831027,0.926529766,0.218737041,0,0,1,0,3,0,1,1,0,0,2,0,4,0,0,3,0,0,3,1,0,0,1,1,0,-9,0,1,0,0,1,1,0,0,1,1,0,0,1,1,0,0,1,1,0,0,1,1,0,0,0,1
1468,49,4,0.006310936,0,98275,0,1,0,5,0,0,0,0,1,4,6,4,2,4,1,2,1,1,1,2,2,3,2,2,1,1,1,3,3,2,4,-0.806913254,-0.496475734,-0.75409139,1,0,0,1,4,1,1,1,0,0,2,0,4,1,0,1,0,1,2,0,0,0,0,1,0,-9,0,0,1,0,2,0,1,0,2,1,0,0,1,1,0,0,1,0,1,0,2,0,0,1,0,3
1470,3,4,0.005991951,1,85249,0,1,0,1,1,0,0,0,0,3,4,4,3,5,1,1,1,1,1,1,1,2,1,2,1,2,2,3,4,3,4,-0.077357352,-0.290433955,0.256482217,1,0,0,1,4,1,1,1,0,0,2,0,4,0,0,3,0,0,3,1,0,0,0,1,1,-9,0,0,1,0,2,1,0,0,1,0,0,1,3,1,0,0,1,1,0,0,1,1,0,0,0,1
1471,3,4,0.046652889,1,85248,0,1,0,1,1,0,0,0,0,2,4,2,4,3,2,3,2,2,4,3,2,2,2,2,2,2,2,2,4,3,3,-0.745482059,-0.325391043,-0.277707568,0,0,0,1,4,1,1,1,0,0,2,0,4,0,1,2,1,0,1,0,0,0,0,1,0,1,1,0,1,0,2,0,1,0,2,0,0,1,3,0,1,0,2,1,0,0,1,0,1,0,0,2
1476,3,4,0.202382157,1,85395,0,1,0,1,1,0,0,0,0,1,3,3,4,5,1,1,1,1,1,1,1,1,2,1,1,2,2,3,4,4,4,1.185062765,-1.228135934,0.309083334,0,0,0,1,4,0,1,1,0,0,2,0,4,0,0,3,1,0,1,0,1,0,0,1,0,1,1,0,1,0,2,0,1,0,2,0,0,1,3,0,1,0,2,1,0,0,1,1,0,0,0,1
1478,3,4,0.028330094,1,85262,0,1,0,1,1,0,0,0,0,1,4,4,2,4,2,4,3,4,4,4,1,1,1,1,1,1,1,1,1,1,1,1.114665667,-0.458914557,-1.133686752,0,0,0,1,4,1,1,1,0,0,2,0,4,0,1,2,0,1,2,0,0,0,0,1,0,-9,0,1,0,0,1,1,0,0,1,0,1,0,2,1,0,0,1,1,0,0,1,1,0,0,0,1
1479,3,4,0.004663329,1,85024,0,1,0,3,0,0,1,0,0,1,5,3,3,2,1,1,1,4,4,4,3,3,1,3,2,1,2,1,4,4,2,-2.640050611,0.792595906,0.414995927,0,0,0,1,4,1,1,0,0,0,1,1,1,1,0,1,1,0,1,0,1,0,0,0,1,-9,0,0,0,1,3,0,1,0,2,0,0,1,3,0,1,0,2,1,0,0,1,0,0,1,0,3
1481,49,4,0.050071002,0,98203,0,1,0,1,1,0,0,0,0,1,3,0,5,5,1,3,3,4,5,5,2,2,1,2,2,2,2,2,3,3,3,1.146626884,0.870793483,0.622913445,0,0,0,1,4,1,1,1,0,0,2,0,4,0,1,2,0,1,2,0,0,0,0,1,0,-9,0,0,1,0,2,0,1,0,2,0,0,1,3,0,1,0,2,0,1,0,2,0,0,0,1,4
1488,3,4,0.027061615,1,85051,1,0,0,3,0,0,1,0,0,3,5,3,5,5,1,1,1,1,1,1,2,2,2,2,2,2,2,3,4,4,4,-1.864619006,0.13168482,-0.719045433,1,0,0,1,4,0,0,1,0,0,2,0,4,0,0,0,0,1,2,0,0,0,0,1,0,1,1,0,0,1,3,0,0,1,3,0,0,1,3,0,1,0,2,1,0,0,1,0,0,0,1,4
1490,3,4,0.012869433,1,85351,0,1,0,2,0,1,0,0,0,3,5,4,4,4,1,3,3,5,4,4,1,1,1,1,1,1,1,1,1,1,1,0.959312325,-0.896143745,-0.588780356,1,0,0,1,4,0,0,1,0,0,2,0,4,1,0,1,1,0,1,0,1,0,0,0,0,1,1,0,1,0,2,1,0,0,1,0,1,0,2,1,0,0,1,1,0,0,1,0,1,0,0,2
1491,3,4,0.002883066,1,85326,0,1,0,2,0,1,0,0,0,2,4,3,4,4,3,2,4,5,5,3,2,2,1,3,2,2,2,2,1,2,3,-0.648891796,0.376314851,-0.702505373,1,0,0,1,4,0,0,1,0,0,2,0,4,0,0,0,0,0,3,1,0,0,0,0,0,1,1,1,0,0,1,1,0,0,1,0,1,0,2,1,0,0,1,1,0,0,1,1,0,0,0,1
1492,3,4,0.06435558,1,85259,0,1,0,2,0,1,0,0,0,2,4,2,5,3,1,3,1,3,4,3,2,2,1,1,2,3,1,2,3,4,3,-1.401241453,1.02549809,0.53067223,0,0,0,1,4,1,1,1,0,0,2,0,4,0,0,3,0,1,2,0,0,0,0,1,0,1,1,0,1,0,2,1,0,0,1,0,0,1,3,0,1,0,2,1,0,0,1,0,1,0,0,2
1493,3,4,0.0266449,1,85339,0,1,0,1,1,0,0,0,0,1,4,1,5,5,1,2,1,3,5,4,2,2,2,2,2,2,2,2,3,3,3,-0.170211157,-0.288528973,0.459652694,0,0,0,1,4,0,0,1,0,0,2,0,4,0,1,2,0,1,2,0,0,0,0,1,0,-9,0,1,0,0,1,1,0,0,1,1,0,0,1,1,0,0,1,1,0,0,1,0,1,0,0,2
1494,34,2,1.331867674,0,28204,0,1,0,2,0,1,0,0,0,3,4,2,2,2,3,3,3,4,4,3,1,3,3,2,3,3,3,3,2,2,3,0.000345975,0.993020865,-0.060469774,1,1,0,0,2,1,1,1,0,0,2,0,4,0,0,3,0,0,3,1,0,1,0,0,0,1,1,0,1,0,2,0,0,1,3,0,0,1,3,0,0,1,3,0,0,1,3,0,0,0,1,4
1495,3,2,0.032666204,1,85048,0,1,0,2,0,1,0,0,0,1,6,3,3,5,1,1,1,5,5,5,2,2,1,2,1,2,2,2,4,3,3,1.389818008,0.256695557,1.230792304,1,0,1,0,3,0,1,1,0,0,2,0,4,0,1,2,1,0,1,0,0,0,0,1,0,1,1,0,1,0,2,0,1,0,2,0,0,1,3,1,0,0,1,1,0,0,1,0,0,1,0,3
1496,3,2,0.069476825,1,85207,0,1,0,2,0,1,0,0,0,1,5,3,2,2,3,3,3,4,3,3,3,1,1,3,3,2,2,1,2,2,2,-1.896240613,-0.398239632,0.538746383,1,1,0,0,2,0,0,1,0,0,2,0,4,0,1,2,0,0,3,0,0,0,1,1,0,-9,0,0,1,0,2,1,0,0,1,0,0,1,3,1,0,0,1,1,0,0,1,0,1,0,0,2
1497,3,2,0.020019474,1,85351,0,1,0,2,0,1,0,0,0,3,6,2,4,5,1,1,1,3,5,1,2,2,2,2,2,2,2,2,4,2,3,0.644898383,0.154546945,-1.76646366,1,0,1,0,3,0,0,1,0,0,2,0,4,1,0,1,0,1,2,0,0,0,1,1,0,1,1,0,1,0,2,1,0,0,1,0,1,0,2,1,0,0,1,1,0,0,1,0,1,0,0,2
1499,3,2,0.041661099,1,85335,0,1,0,1,1,0,0,0,0,1,1,3,1,5,3,3,2,4,4,4,1,1,1,3,3,2,2,2,1,2,4,0.384538738,0.237260212,-1.050680578,1,0,1,0,3,0,0,0,0,0,1,1,1,1,0,1,0,0,3,0,0,0,1,1,0,-9,0,0,0,1,3,1,0,0,1,0,1,0,2,1,0,0,1,1,0,0,1,1,0,0,0,1
1500,3,2,0.032139755,1,85208,0,1,0,3,0,0,1,0,0,2,5,3,4,5,2,4,1,5,3,2,1,3,1,1,2,2,2,3,2,2,2,-0.363711735,0.044140596,1.062540617,1,1,0,0,2,0,0,1,0,0,2,0,4,0,1,2,0,0,3,0,0,0,1,0,0,1,1,0,1,0,2,0,1,0,2,0,0,1,3,0,1,0,2,1,0,0,1,0,1,0,0,2
1501,3,4,0.056945798,1,85345,0,1,0,3,0,0,1,0,0,3,5,5,1,5,1,5,5,5,2,5,2,2,2,2,2,2,2,2,2,2,2,-0.732965892,-0.531666479,-0.652172607,1,1,0,0,2,0,0,0,0,0,2,0,5,1,0,1,1,0,1,0,0,0,0,1,0,-9,0,0,1,0,2,0,1,0,2,0,0,1,3,1,0,0,1,1,0,0,1,0,0,1,0,3
1502,3,2,0.153650583,1,85202,1,0,0,3,0,0,1,0,0,2,2,3,4,4,3,2,2,2,2,2,1,2,2,1,3,1,3,3,2,2,2,-1.429578898,0.034300926,-0.364010863,0,0,1,0,3,0,0,1,0,0,2,0,4,1,0,1,1,0,1,0,0,0,0,0,1,-9,0,0,0,1,3,0,1,0,2,0,0,1,3,0,0,1,3,0,1,0,2,0,0,0,1,4
1504,3,4,0.054612159,1,85037,0,1,0,2,0,1,0,0,0,2,5,1,4,3,1,3,1,4,5,5,2,2,3,1,1,3,2,3,2,2,2,0.048437147,0.649502155,0.031525819,1,0,1,0,3,0,0,1,0,0,2,0,4,0,0,3,0,1,2,0,0,0,0,0,0,-9,0,0,0,1,3,0,1,0,2,0,1,0,2,1,0,0,1,1,0,0,1,0,0,1,0,3
1507,3,2,0.096242067,1,85210,1,0,0,5,0,0,0,0,1,4,3,4,5,1,5,5,5,5,5,5,3,3,3,3,3,3,3,1,2,2,2,0.861229557,0.874222881,0.545648216,0,0,0,0,1,0,0,1,0,0,2,0,4,0,1,2,0,1,2,1,0,0,0,0,0,-9,0,0,0,1,3,0,0,1,3,0,0,1,3,0,1,0,2,0,0,1,3,0,0,0,1,4
1508,3,2,0.106551422,1,85030,1,0,0,2,0,1,0,0,0,3,5,2,3,2,4,4,1,5,5,4,3,2,2,3,1,3,3,1,2,2,2,1.385878886,0.627233779,0.472459282,0,1,0,0,2,1,1,1,0,0,2,0,4,0,0,3,0,0,3,1,0,0,0,1,0,1,1,0,0,0,0,0,0,0,0,0,0,0,0,0,0,0,0,0,0,0,0,0,0,0,0,0
1509,3,1,0.011911729,1,85018,1,0,0,1,1,0,0,0,0,3,5,4,3,4,1,1,5,5,4,2,2,1,1,1,1,1,1,2,1,3,3,0.268005791,-0.625139204,-0.553177878,0,1,0,0,2,0,0,0,1,0,2,0,2,1,0,1,1,0,1,0,0,0,1,0,1,1,1,0,0,1,3,0,0,1,3,1,0,0,1,0,0,1,3,1,0,0,1,0,0,0,1,4
1510,3,4,0.00141073,1,85203,0,1,0,4,0,0,0,1,0,4,4,4,2,4,2,4,3,4,2,2,3,3,3,3,2,1,3,2,2,1,1,-1.833219943,0.764680345,-0.69898084,1,1,0,0,2,0,0,1,0,0,2,0,4,1,0,1,0,0,3,1,0,0,0,0,1,1,1,0,0,1,3,0,1,0,2,0,1,0,2,0,0,1,3,0,0,1,3,0,0,0,1,4
1516,3,4,0.016817339,1,85017,1,0,0,2,0,1,0,0,0,1,5,3,4,4,2,2,1,4,4,4,1,1,1,1,2,2,2,3,1,2,2,0.140850843,-1.022891886,0.025075822,1,0,0,1,4,1,1,1,0,0,2,0,4,1,0,1,1,0,1,0,0,0,0,0,0,1,1,0,0,1,3,0,0,1,3,0,0,1,3,0,1,0,2,1,0,0,1,0,0,1,0,3
1518,49,4,0.018160915,0,98408,0,1,0,2,0,1,0,0,0,1,4,3,1,4,3,4,2,3,4,3,2,2,3,3,2,2,2,2,3,2,4,0.36307733,-0.175388584,-0.530197786,0,0,0,1,4,1,1,1,0,0,2,0,4,1,0,1,1,0,1,0,0,0,0,1,1,-9,0,0,0,1,3,1,0,0,1,1,0,0,1,1,0,0,1,1,0,0,1,0,0,0,1,4
1521,3,4,0.051490912,1,85390,0,1,0,1,1,0,0,0,0,2,5,4,2,4,1,1,1,4,4,2,2,2,1,2,2,1,2,3,1,2,2,0.987464378,-0.660612673,0.320241306,0,0,0,1,4,0,0,1,0,0,2,0,4,1,0,1,1,0,1,0,0,0,0,1,0,-9,0,1,0,0,1,1,0,0,1,1,0,0,1,0,0,1,3,1,0,0,1,1,0,0,0,1
1522,3,4,0.031660246,1,85204,0,1,0,2,0,1,0,0,0,2,3,3,3,4,2,2,2,3,4,3,2,1,1,1,2,2,2,2,3,3,3,0.330842413,-0.535429509,0.106956735,0,0,0,1,4,0,0,1,0,0,2,0,4,0,1,2,0,1,2,0,0,0,0,1,0,1,1,0,0,1,3,0,1,0,2,0,0,1,3,0,1,0,2,0,1,0,2,0,0,0,1,4
1523,49,4,0.012448151,0,98133,1,0,0,4,0,0,0,1,0,2,4,5,1,5,3,3,2,3,4,3,2,1,2,1,2,2,2,2,4,3,4,0.702835068,-0.360758568,-0.377364508,1,0,1,0,3,1,1,1,0,0,2,0,4,1,0,1,0,1,2,0,0,0,0,0,0,-9,0,0,0,1,3,0,0,1,3,0,1,0,2,0,1,0,2,1,0,0,1,0,0,0,1,4
1525,3,2,0.035290728,1,85225,1,0,0,1,1,0,0,0,0,1,3,1,4,3,2,3,2,2,3,3,2,2,2,2,3,3,3,1,1,2,4,-0.545862247,0.303237545,0.332082552,0,1,0,0,2,0,0,0,1,0,2,0,2,0,1,2,0,0,3,0,0,0,1,1,0,1,1,0,0,1,3,0,1,0,2,0,0,1,3,0,1,0,2,1,0,0,1,0,0,1,0,3
1526,3,4,0.032155399,1,85308,0,1,0,1,1,0,0,0,0,1,4,1,5,5,2,4,3,5,5,5,2,2,2,2,2,2,2,2,4,2,3,1.369936163,-0.726222897,1.077655306,1,0,0,1,4,0,0,1,0,0,2,0,4,0,1,2,0,1,2,0,0,0,0,1,0,1,1,0,1,0,2,0,1,0,2,0,0,1,3,0,1,0,2,1,0,0,1,0,0,1,0,3
1528,3,4,0.051078708,1,85212,0,1,0,1,1,0,0,0,0,1,2,1,4,3,1,1,1,2,4,2,2,3,2,1,2,2,2,2,3,3,3,0.582788107,0.647192778,-0.40532192,1,0,0,1,4,0,0,1,0,0,2,0,4,0,1,2,0,1,2,0,0,0,0,1,0,-9,0,1,0,0,1,1,0,0,1,0,1,0,2,0,1,0,2,1,0,0,1,1,0,0,0,1
1529,3,4,0.059949786,1,85306,1,0,0,1,1,0,0,0,0,3,4,3,5,5,2,2,1,3,4,3,2,2,2,2,2,1,2,3,4,3,3,-0.175587103,-0.251517824,-0.216505919,0,0,0,1,4,0,0,1,0,0,2,0,4,0,1,2,1,0,1,0,1,0,0,1,0,1,1,0,0,1,3,0,0,1,3,0,1,0,2,0,1,0,2,1,0,0,1,0,0,0,1,4
1532,3,2,0.657900338,1,85301,1,0,0,3,0,0,1,0,0,2,4,1,5,1,3,5,1,3,5,5,2,2,2,2,2,2,1,2,3,3,3,1.228957687,1.344504647,0.611210096,0,0,0,0,1,0,0,0,0,0,1,1,1,0,1,2,0,0,3,0,0,0,1,1,0,-9,0,0,0,1,3,0,0,1,3,0,1,0,2,1,0,0,1,1,0,0,1,0,0,0,1,4
1534,3,2,0.101355876,1,85037,0,1,0,3,0,0,1,0,0,3,5,5,2,4,2,4,1,5,1,4,2,2,2,2,2,2,2,2,3,3,4,0.18151986,-0.772793383,-0.325210918,1,0,0,0,1,0,0,1,0,0,1,1,1,1,0,1,0,0,3,0,0,0,0,1,0,-9,0,0,0,1,3,0,1,0,2,0,1,0,2,1,0,0,1,1,0,0,1,0,0,1,0,3
1535,3,2,0.053543471,1,85374,0,1,0,3,0,0,1,0,0,3,5,3,4,5,1,3,1,5,5,4,2,2,2,2,2,2,2,2,3,3,3,1.312754033,0.087218023,-0.09887043,1,0,1,0,3,0,1,1,0,0,2,0,4,0,0,3,0,1,2,0,0,0,0,1,0,1,1,0,1,0,2,0,1,0,2,0,0,1,3,0,1,0,2,1,0,0,1,1,0,0,0,1
1537,3,4,0.048868669,1,85281,1,0,0,2,0,1,0,0,0,2,5,2,4,2,1,3,1,1,3,3,2,2,2,2,2,2,2,2,3,3,4,-1.088066845,-0.62414017,-1.152386317,1,1,0,0,2,0,0,1,0,0,1,1,1,1,0,1,0,1,2,0,1,0,0,0,0,1,1,0,0,1,3,0,0,1,3,0,0,1,3,0,1,0,2,0,0,1,3,0,0,0,1,4
1538,3,4,0.123842569,1,85338,0,1,0,3,0,0,1,0,0,3,3,3,4,4,2,3,3,4,4,4,1,2,1,2,3,1,1,2,1,2,3,-0.019508769,-0.916456785,0.43144801,0,0,0,1,4,0,0,1,0,0,2,0,4,0,1,2,0,1,2,0,0,0,0,1,0,1,1,1,0,0,1,1,0,0,1,0,1,0,2,0,0,1,3,1,0,0,1,0,1,0,0,2
1541,3,1,0.004528407,1,85281,1,0,0,3,0,0,1,0,0,2,4,2,4,2,2,4,4,4,5,5,3,3,3,3,3,3,3,3,2,2,2,0.323161746,0.318295863,-0.023317981,1,1,0,0,2,0,0,1,0,0,2,0,4,1,0,1,0,0,3,1,1,0,0,0,0,-9,0,0,0,1,3,0,0,1,3,0,0,1,3,0,1,0,2,0,0,1,3,0,0,0,1,4
1542,3,4,0.010140743,1,85019,1,0,0,3,0,0,1,0,0,3,5,1,4,4,1,1,1,4,4,4,1,1,1,1,2,1,1,2,1,3,3,0.622674897,-0.210320411,-1.367251443,1,0,1,0,3,0,0,1,0,0,2,0,4,1,0,1,1,0,1,0,1,0,0,1,0,1,1,0,0,1,3,0,0,1,3,0,1,0,2,1,0,0,1,1,0,0,1,0,0,1,0,3
1544,3,2,0.008919147,1,85035,0,1,0,3,0,0,1,0,0,1,3,2,4,3,2,2,1,2,2,3,1,1,1,1,2,2,2,2,4,2,3,0.094085321,0.491702872,-0.434537401,0,0,1,0,3,0,0,0,0,0,2,0,5,1,0,1,1,0,1,0,0,0,0,0,1,-9,0,0,0,1,3,0,1,0,2,0,1,0,2,1,0,0,1,1,0,0,1,0,0,1,0,3
1550,3,4,0.016363708,1,85283,1,0,0,1,1,0,0,0,0,1,3,3,4,4,2,2,1,3,4,2,1,1,2,1,2,2,2,2,2,3,1,1.000512547,-0.395935817,0.744705192,1,0,0,1,4,0,0,1,0,0,2,0,4,1,0,1,1,0,1,0,0,0,0,0,0,1,1,0,0,1,3,0,0,1,3,0,0,1,3,0,1,0,2,1,0,0,1,0,0,0,1,4
1551,3,2,0.008644995,1,85204,0,1,0,5,0,0,0,0,1,2,6,3,3,2,3,2,2,4,3,3,3,3,3,3,3,3,1,3,1,1,1,-1.281701179,-0.025892381,0.851210817,0,1,0,0,2,0,0,1,0,0,2,0,4,1,0,1,0,1,2,0,0,1,1,0,1,1,1,0,0,1,3,0,1,0,2,0,0,1,3,0,1,0,2,0,1,0,2,0,0,0,1,4
1560,3,2,0.371088305,1,85204,0,1,0,2,0,1,0,0,0,1,5,3,5,3,1,1,1,5,3,1,2,2,2,2,2,2,2,2,3,3,4,0.531693545,-1.336862763,0.020814688,1,0,0,1,4,0,0,1,0,0,2,0,4,1,0,1,1,0,1,0,0,0,1,1,0,1,1,0,0,1,3,0,1,0,2,0,0,1,3,0,1,0,2,0,1,0,2,0,0,0,1,4
1563,3,2,0.011410468,1,85286,0,1,0,2,0,1,0,0,0,3,6,3,3,3,3,3,3,3,3,3,2,2,2,2,2,2,2,2,3,3,3,-0.853109407,0.247467094,-1.05251556,0,0,0,1,4,1,1,1,0,0,2,0,4,0,1,2,0,0,3,0,1,0,0,1,0,-9,0,0,1,0,2,0,1,0,2,0,0,1,3,1,0,0,1,1,0,0,1,0,1,0,0,2
1565,3,4,0.042331001,1,85022,0,1,0,3,0,0,1,0,0,1,5,1,5,5,1,5,5,1,2,1,1,2,1,2,2,1,1,2,3,3,1,1.041670005,-0.61773023,1.395112216,0,0,0,1,4,1,1,1,0,0,2,0,4,0,1,2,0,1,2,0,0,0,0,1,0,1,1,0,0,1,3,0,1,0,2,0,1,0,2,1,0,0,1,1,0,0,1,0,0,1,0,3
1566,3,2,0.013111229,1,85282,1,0,0,3,0,0,1,0,0,3,5,4,2,5,1,3,1,3,5,3,2,2,2,2,3,2,2,3,4,2,3,0.734789309,0.676634863,-0.091006505,1,0,1,0,3,0,1,1,0,0,2,0,4,1,0,1,0,1,2,0,0,0,0,1,0,1,1,0,0,1,3,0,0,1,3,0,0,1,3,0,0,1,3,0,1,0,2,0,0,0,1,4
1567,3,4,0.023682445,1,85282,1,0,0,2,0,1,0,0,0,3,1,1,4,1,1,1,1,1,5,3,2,2,2,2,2,2,2,2,4,4,4,-0.179906624,-1.912379909,-1.008992739,0,0,1,0,3,0,0,1,0,0,2,0,4,1,0,1,0,0,3,0,1,0,0,1,0,1,1,0,0,1,3,0,0,1,3,0,0,1,3,0,0,1,3,0,1,0,2,0,0,0,1,4
1569,3,4,0.031660246,1,85379,0,1,0,2,0,1,0,0,0,2,3,2,4,4,1,2,1,3,3,3,1,2,2,2,2,2,2,3,3,3,4,0.552155623,0.081117689,-0.258443733,0,0,0,1,4,0,0,1,0,0,2,0,4,0,1,2,0,1,2,0,0,0,0,1,0,-9,0,0,0,1,3,1,0,0,1,0,1,0,2,1,0,0,1,1,0,0,1,1,0,0,0,1
1571,3,4,0.058853402,1,85209,0,1,0,2,0,1,0,0,0,2,4,4,4,5,2,5,1,3,5,3,3,1,2,2,1,2,2,2,3,3,3,0.771553767,0.951814234,-1.185228846,1,0,0,1,4,0,0,1,0,0,1,1,1,0,1,2,1,0,1,0,0,0,0,1,0,-9,0,0,1,0,2,0,1,0,2,0,0,1,3,1,0,0,1,1,0,0,1,0,0,1,0,3
1572,3,4,0.004147001,1,85306,1,0,0,2,0,1,0,0,0,2,3,3,3,3,3,4,3,3,4,4,2,2,2,2,2,2,2,3,2,2,4,0.860096482,0.225711706,-0.383332919,1,0,1,0,3,0,0,1,0,0,2,0,4,1,0,1,1,0,1,0,0,0,0,0,1,-9,0,0,0,1,3,0,0,1,3,0,1,0,2,0,1,0,2,1,0,0,1,0,0,0,1,4
1573,3,4,0.000684938,0,85120,0,1,0,3,0,0,1,0,0,2,4,1,5,3,3,4,4,4,4,4,2,3,3,2,2,2,2,1,2,2,2,-1.514999356,0.017065375,0.333650772,1,1,0,0,2,0,0,1,0,0,1,1,1,1,0,1,0,0,3,0,1,0,0,0,0,1,1,0,1,0,2,0,1,0,2,0,0,1,3,1,0,0,1,1,0,0,1,0,1,0,0,2
1574,3,4,0.014692259,1,85310,0,1,0,1,1,0,0,0,0,1,4,1,3,4,1,1,1,4,5,2,2,1,2,2,1,2,2,2,4,2,2,0.771889804,0.181777883,0.791128097,1,0,1,0,3,0,0,1,0,0,2,0,4,0,1,2,0,0,3,0,0,0,0,1,0,-9,0,0,1,0,2,0,1,0,2,1,0,0,1,1,0,0,1,1,0,0,1,1,0,0,0,1
1575,3,2,0.012998326,1,85044,1,0,0,1,1,0,0,0,0,2,5,3,4,3,2,2,2,1,3,1,2,2,2,2,2,2,2,2,3,4,4,-2.140829232,-1.328630143,-0.50712661,1,1,0,0,2,0,0,1,0,0,2,0,4,0,1,2,1,0,1,0,0,0,0,0,1,1,1,0,0,1,3,0,0,1,3,0,0,1,3,0,0,1,3,1,0,0,1,0,0,0,1,4
1577,49,4,0.03275624,0,98204,1,0,0,3,0,0,1,0,0,3,4,3,1,4,4,1,4,3,4,4,2,2,2,2,2,2,2,2,4,4,3,0.560410349,-1.722028912,-1.667955897,1,0,0,1,4,0,0,1,0,0,2,0,4,1,0,1,0,1,2,0,1,0,0,0,0,0,0,0,0,1,3,0,0,1,3,0,1,0,2,0,0,1,3,1,0,0,1,0,0,0,1,4
1579,3,4,0.056647131,1,85387,0,1,0,1,1,0,0,0,0,2,6,3,4,5,2,3,3,4,5,4,2,2,2,2,2,2,2,3,3,3,3,-0.704073731,-0.198009495,0.445313355,1,0,0,1,4,0,0,1,0,0,2,0,4,0,0,3,0,1,2,0,1,0,0,1,0,-9,0,1,0,0,1,1,0,0,1,1,0,0,1,1,0,0,1,1,0,0,1,1,0,0,0,1
1581,3,4,0.078919644,1,85212,0,1,0,1,1,0,0,0,0,1,6,2,3,5,3,3,3,3,4,4,2,2,2,2,2,2,2,2,3,3,3,-0.142816997,0.64357233,0.540531909,0,0,0,1,4,0,0,1,0,0,2,0,4,0,1,2,0,1,2,0,0,0,0,1,0,1,1,1,0,0,1,1,0,0,1,0,1,0,2,0,1,0,2,1,0,0,1,1,0,0,0,1
1584,3,4,0.008891702,1,85032,0,1,0,1,1,0,0,0,0,2,5,3,4,5,1,2,1,4,5,3,2,1,1,2,1,2,2,3,4,2,4,1.150597404,-0.465506457,0.226844381,1,0,0,1,4,1,1,1,0,0,2,0,4,1,0,1,0,1,2,0,0,0,0,0,0,1,1,0,0,1,3,0,1,0,2,0,0,1,3,0,0,1,3,1,0,0,1,0,0,0,1,4
1587,49,2,0.202414287,0,98026,0,1,0,2,0,1,0,0,0,1,5,3,1,5,1,1,1,5,5,5,1,1,1,1,1,1,1,3,2,2,2,0.876003553,1.768062181,0.905500821,1,0,0,1,4,0,1,1,0,0,2,0,4,0,0,3,0,1,2,0,0,0,0,1,0,-9,0,0,1,0,2,0,0,1,3,1,0,0,1,1,0,0,1,1,0,0,1,0,0,1,0,3
1588,3,2,0.026190072,1,85014,1,0,0,2,0,1,0,0,0,1,5,1,2,2,1,1,1,1,1,1,1,3,1,1,2,1,1,2,1,1,1,-0.011550566,-2.145922141,1.393609507,0,1,0,0,2,1,1,1,0,0,2,0,4,1,0,1,0,1,2,0,0,1,1,0,0,1,1,0,0,1,3,0,0,1,3,1,0,0,1,0,0,1,3,0,1,0,2,0,0,0,1,4
1589,49,4,0.010267331,0,98311,0,1,0,1,1,0,0,0,0,1,5,0,2,5,1,2,1,4,4,4,1,3,3,3,3,2,2,1,2,2,4,0.776377456,0.064118905,-0.396925096,1,0,0,1,4,1,1,1,0,0,2,0,4,0,0,0,1,0,1,0,0,0,0,1,0,-9,0,0,1,0,2,1,0,0,1,1,0,0,1,1,0,0,1,1,0,0,1,0,1,0,0,2
1591,3,4,0.043203734,1,85041,0,1,0,2,0,1,0,0,0,3,5,3,5,3,1,4,3,4,3,2,2,2,2,2,2,2,2,2,2,3,4,0.688210789,0.322371461,0.470335894,0,0,1,0,3,1,1,1,0,0,2,0,4,0,1,2,0,1,2,0,0,0,0,1,0,-9,0,0,0,1,3,1,0,0,1,1,0,0,1,1,0,0,1,1,0,0,1,0,0,1,0,3
1593,3,4,0.027604973,1,85383,0,1,0,3,0,0,1,0,0,2,4,4,1,2,2,5,3,4,4,4,1,3,2,3,3,2,2,2,2,2,3,0.543036487,0.048810084,-1.006171279,1,1,0,0,2,1,1,1,0,0,2,0,4,0,1,2,0,0,3,1,0,0,0,1,0,1,1,0,1,0,2,1,0,0,1,0,1,0,2,0,1,0,2,1,0,0,1,1,0,0,0,1
1594,3,4,0.036390742,1,85032,0,1,0,1,1,0,0,0,0,3,5,5,2,2,1,5,5,5,5,5,3,1,3,3,3,1,1,1,4,2,2,1.533420464,0.121425552,-0.074337991,1,1,0,0,2,0,0,1,0,0,2,0,4,0,1,2,0,0,3,0,0,0,0,1,0,-9,0,0,0,1,3,0,1,0,2,0,0,1,3,0,0,1,3,1,0,0,1,0,0,0,1,4
1597,49,2,0.054273293,0,98074,0,1,0,4,0,0,0,1,0,2,6,4,1,5,1,2,1,3,5,3,2,3,2,3,2,2,2,2,3,3,4,-0.034486361,-0.406936752,-0.901053782,1,1,0,0,2,1,1,1,0,0,2,0,4,0,1,2,1,0,1,0,0,0,0,0,0,-9,0,0,1,0,2,1,0,0,1,1,0,0,1,1,0,0,1,1,0,0,1,0,1,0,0,2
1600,3,2,0.047758685,1,85338,0,1,0,3,0,0,1,0,0,2,4,3,4,4,2,4,3,4,4,3,3,1,2,2,2,2,2,2,3,3,3,-0.576270629,-0.390265079,0.071109347,1,0,1,0,3,1,1,1,0,0,2,0,4,0,0,0,0,1,2,0,0,0,0,1,0,1,1,1,0,0,1,1,0,0,1,0,1,0,2,0,0,1,3,1,0,0,1,0,1,0,0,2
1601,3,2,0.02870831,1,85201,1,0,0,4,0,0,0,1,0,4,5,4,3,1,2,3,3,3,4,4,1,3,1,1,3,1,1,1,1,2,2,0.340294232,0.366717527,-0.718712003,1,0,1,0,3,1,1,1,0,0,1,1,1,1,0,1,1,0,1,0,0,0,0,0,0,1,1,0,0,1,3,0,0,1,3,0,1,0,2,0,0,1,3,0,0,1,3,0,0,0,1,4
1602,3,2,0.011603393,1,85015,1,0,0,4,0,0,0,1,0,1,5,3,1,5,1,4,5,5,4,1,1,1,1,1,1,1,1,2,3,3,3,-1.218807006,-1.364656675,0.71623681,1,0,1,0,3,0,0,0,0,1,2,0,3,1,0,1,0,0,3,0,0,0,1,0,0,-9,0,0,0,1,3,0,0,1,3,0,1,0,2,0,1,0,2,0,0,1,3,0,0,0,1,4
1604,3,4,0.003302399,0,85614,0,1,0,1,1,0,0,0,0,1,6,1,5,5,2,1,1,4,4,2,1,1,1,3,3,2,2,1,3,3,3,0.711004528,-2.086673588,-0.910513322,1,1,0,0,2,0,0,1,0,0,2,0,4,1,0,1,0,1,2,0,0,0,0,0,0,-9,0,1,0,0,1,1,0,0,1,0,0,1,3,1,0,0,1,1,0,0,1,1,0,0,0,1
1606,3,2,0.041335142,1,85353,0,1,0,2,0,1,0,0,0,1,1,1,2,4,1,1,1,3,5,3,1,2,2,2,2,2,2,2,4,4,4,-1.228236493,-0.346975467,1.263208551,1,0,1,0,3,0,0,1,0,0,2,0,4,0,1,2,0,1,2,0,0,0,0,1,0,1,1,0,1,0,2,0,1,0,2,0,1,0,2,1,0,0,1,1,0,0,1,1,0,0,0,1
1608,49,2,0.019749228,0,98023,0,1,0,2,0,1,0,0,0,3,3,3,2,2,2,5,2,1,3,3,3,3,1,1,2,2,2,1,2,2,2,-0.12589625,-1.028918889,-0.108908031,1,0,1,0,3,0,0,1,0,0,2,0,4,0,1,2,0,1,2,0,0,0,0,0,0,-9,0,0,0,1,3,0,1,0,2,1,0,0,1,1,0,0,1,1,0,0,1,0,0,1,0,3
1609,49,4,0.031308002,0,98444,0,1,0,3,0,0,1,0,0,3,4,3,3,5,3,3,3,3,5,4,2,2,2,2,2,2,2,2,4,3,3,-0.099931546,-0.160924157,0.430656529,0,0,0,1,4,0,0,1,0,0,2,0,4,1,0,1,0,1,2,0,0,0,0,1,0,0,0,0,0,1,3,0,1,0,2,0,0,1,3,0,1,0,2,0,1,0,2,0,0,0,1,4
1610,3,4,0.204863775,1,85034,0,1,0,4,0,0,0,1,0,3,2,3,3,4,2,2,2,4,2,3,1,2,2,2,3,2,2,3,3,4,4,-0.014389192,0.856343863,-1.562620652,0,1,0,0,2,0,0,0,0,1,2,0,3,1,0,1,1,0,1,0,0,0,0,1,0,-9,0,1,0,0,1,0,0,1,3,0,0,1,3,0,1,0,2,0,0,1,3,0,0,0,1,4
1611,3,2,0.044191134,1,85379,0,1,0,2,0,1,0,0,0,2,4,2,2,5,2,2,3,4,4,5,1,1,1,1,1,3,2,3,4,4,4,-2.268363675,-0.459563924,0.175866929,1,1,0,0,2,0,1,0,1,0,2,0,2,0,0,3,0,0,3,1,0,0,0,1,0,-9,0,0,0,1,3,1,0,0,1,0,1,0,2,1,0,0,1,1,0,0,1,1,0,0,0,1
1614,3,4,0.005857127,1,85009,1,0,0,2,0,1,0,0,0,1,4,3,3,3,2,2,1,4,4,4,3,3,2,2,2,2,2,2,3,3,3,0.109340169,-0.342843652,0.089923238,0,0,0,1,4,0,0,1,0,0,2,0,4,1,0,1,1,0,1,0,0,0,0,1,1,-9,0,0,0,1,3,0,0,1,3,0,0,1,3,0,1,0,2,1,0,0,1,0,0,0,1,4
1617,3,2,0.034914973,1,85262,0,1,0,1,1,0,0,0,0,1,1,2,1,2,2,2,2,2,2,2,2,2,2,2,2,2,2,2,3,3,3,-0.872136424,0.950019957,0.341858873,1,0,1,0,3,1,1,1,0,0,2,0,4,0,0,3,0,0,3,0,0,0,1,1,0,1,1,1,0,0,1,1,0,0,1,0,1,0,2,1,0,0,1,1,0,0,1,1,0,0,0,1
1618,3,2,0.018919465,1,85308,0,1,0,2,0,1,0,0,0,2,2,5,3,3,1,1,1,3,5,3,2,2,2,2,2,2,2,2,4,4,4,-0.367583453,-1.613962665,-2.131174997,1,1,0,0,2,0,0,1,0,0,2,0,4,1,0,1,0,1,2,0,0,0,0,1,0,1,1,0,1,0,2,0,1,0,2,0,0,1,3,0,1,0,2,1,0,0,1,0,0,1,0,3
1620,3,4,0.078043734,1,85335,0,1,0,4,0,0,0,1,0,3,3,3,1,1,1,1,1,1,3,4,2,1,1,1,2,2,1,2,2,3,3,-1.017604184,-1.297377064,0.056761095,1,0,0,0,1,0,0,1,0,0,2,0,4,0,1,2,0,0,3,0,0,0,0,1,0,-9,0,0,0,1,3,1,0,0,1,0,1,0,2,1,0,0,1,1,0,0,1,1,0,0,0,1
1621,3,4,0.031308857,1,85204,0,1,0,4,0,0,0,1,0,3,5,3,3,4,2,4,3,3,3,3,2,2,2,3,3,3,1,3,2,2,4,-0.996112417,-0.53488426,0.643909951,1,0,0,0,1,0,0,1,0,0,2,0,4,0,1,2,0,0,3,0,0,0,0,1,0,-9,0,0,0,1,3,0,1,0,2,0,0,1,3,0,1,0,2,0,1,0,2,0,0,0,1,4
1625,3,4,0.004069846,1,85015,1,0,0,2,0,1,0,0,0,3,4,3,2,4,2,2,1,3,4,4,2,3,1,1,2,3,1,2,1,2,3,-0.592356286,0.152204965,-0.399748316,0,0,0,1,4,0,0,0,1,0,2,0,2,1,0,1,1,0,1,0,0,0,0,0,1,-9,0,0,0,1,3,0,0,1,3,0,1,0,2,0,1,0,2,0,0,1,3,0,0,0,1,4
1627,3,4,0.017245226,1,85044,1,0,0,1,1,0,0,0,0,2,3,2,3,3,3,3,3,3,3,3,1,2,1,1,2,2,2,2,1,2,2,-0.028345888,0.278466327,0.069410877,1,0,0,1,4,0,0,1,0,0,2,0,4,0,0,0,0,1,2,0,0,0,0,1,0,1,1,0,0,1,3,0,0,1,3,0,0,1,3,0,0,1,3,1,0,0,1,0,0,0,1,4
1628,3,4,0.023842282,1,85051,1,0,0,2,0,1,0,0,0,2,5,1,4,4,1,1,1,1,3,1,2,2,2,2,2,2,2,2,4,3,4,-0.241413805,0.056217754,-0.666672234,0,0,0,1,4,1,1,1,0,0,2,0,4,0,1,2,0,1,2,0,1,0,0,1,0,1,1,0,0,1,3,0,0,1,3,0,0,1,3,0,1,0,2,1,0,0,1,0,0,0,1,4
1630,3,2,0.215715012,1,85304,1,0,0,2,0,1,0,0,0,2,2,5,4,4,1,1,1,4,4,3,2,2,2,2,2,2,2,2,3,3,4,-0.372028056,-0.432600388,-0.148389819,0,0,1,0,3,0,0,1,0,0,2,0,4,0,1,2,1,0,1,0,0,0,1,1,0,-9,0,0,0,1,3,0,1,0,2,1,0,0,1,0,1,0,2,1,0,0,1,0,0,0,1,4
1631,3,2,0.023570475,1,85086,0,1,0,3,0,0,1,0,0,2,4,3,3,4,2,2,2,3,4,3,1,2,2,2,2,2,2,2,4,3,4,-0.058866432,-0.642869283,0.452807863,1,0,1,0,3,0,1,1,0,0,2,0,4,0,1,2,0,1,2,0,0,0,1,1,0,1,1,0,1,0,2,1,0,0,1,0,1,0,2,1,0,0,1,1,0,0,1,1,0,0,0,1
1632,3,2,0.067564255,1,85212,0,1,0,2,0,1,0,0,0,2,2,3,4,4,3,4,3,3,4,4,2,2,2,2,2,2,2,2,3,3,3,-0.192324701,0.7789521,-0.266684608,1,0,0,1,4,0,0,1,0,0,2,0,4,0,1,2,0,1,2,0,0,0,0,1,0,1,1,1,0,0,1,1,0,0,1,0,1,0,2,0,1,0,2,1,0,0,1,1,0,0,0,1
1634,3,4,0.039913318,1,85303,0,1,0,2,0,1,0,0,0,1,3,2,2,4,1,1,1,1,5,1,2,2,2,2,2,2,2,2,4,4,4,0.964605607,-0.641653828,0.235090945,1,0,0,1,4,0,0,0,1,0,2,0,2,0,1,2,1,0,1,0,0,0,0,1,0,1,1,0,0,1,3,1,0,0,1,1,0,0,1,1,0,0,1,1,0,0,1,0,0,1,0,3
1636,3,2,0.010148722,1,85296,0,1,0,3,0,0,1,0,0,3,6,4,3,1,1,5,1,3,5,4,2,1,1,2,2,3,1,2,2,2,3,0.449951548,-0.695237351,0.855356379,1,0,0,0,1,1,1,1,0,0,2,0,4,1,0,1,0,0,3,0,0,0,1,1,0,1,1,0,1,0,2,0,1,0,2,0,0,1,3,0,1,0,2,1,0,0,1,0,1,0,0,2
1637,3,2,0.140215686,1,85043,0,1,0,2,0,1,0,0,0,3,4,3,3,4,3,4,3,4,3,5,2,2,2,2,2,2,2,2,4,4,4,0.071938374,1.539851512,0.63100009,1,1,0,0,2,1,1,0,0,1,2,0,3,0,0,3,0,0,3,1,0,0,0,1,0,-9,0,1,0,0,1,0,0,1,3,0,0,1,3,0,0,1,3,1,0,0,1,0,0,1,0,3
1643,3,2,0.191241686,1,85006,1,0,0,3,0,0,1,0,0,3,3,2,3,4,4,3,3,3,3,3,2,2,2,2,2,2,3,3,2,2,2,-0.539029562,0.079497102,0.046292217,1,1,0,0,2,0,0,1,0,0,1,1,1,1,0,1,1,0,1,0,0,0,0,1,0,1,1,0,0,1,3,0,0,1,3,0,0,1,3,0,1,0,2,0,1,0,2,0,0,0,1,4
1644,3,4,0.006805185,1,85248,0,1,0,3,0,0,1,0,0,3,1,3,4,4,3,3,5,5,5,3,2,2,2,2,2,2,2,2,3,4,4,1.253768429,0.252168502,0.672494112,1,0,0,1,4,0,0,1,0,0,2,0,4,1,0,1,1,0,1,0,0,0,0,0,0,1,1,0,1,0,2,0,1,0,2,0,0,1,3,0,1,0,2,1,0,0,1,0,1,0,0,2
1647,3,2,0.048852516,1,85033,0,1,0,2,0,1,0,0,0,3,4,1,4,4,2,4,2,4,4,4,2,2,2,2,2,2,2,2,3,3,3,0.14885945,0.261474257,0.142790967,1,1,0,0,2,0,0,1,0,0,2,0,4,1,0,1,0,1,2,0,0,0,0,0,0,1,1,0,0,1,3,0,1,0,2,1,0,0,1,1,0,0,1,1,0,0,1,0,0,1,0,3
1651,49,4,0.169054451,0,98110,0,1,0,2,0,1,0,0,0,2,5,4,2,4,2,2,2,4,5,5,1,1,2,1,2,1,2,3,4,2,3,0.919619984,0.432328208,0.415167323,1,0,0,1,4,0,0,1,0,0,2,0,4,0,0,3,0,1,2,0,0,0,0,1,0,-9,0,1,0,0,1,1,0,0,1,1,0,0,1,0,0,1,3,1,0,0,1,0,1,0,0,2
1658,3,2,0.048395953,1,85387,0,1,0,4,0,0,0,1,0,4,4,3,4,4,1,1,3,4,4,4,1,3,3,3,3,1,1,3,1,1,2,-0.859442981,0.138197215,0.617903505,1,1,0,0,2,0,0,1,1,0,2,0,2,1,0,1,0,0,3,0,0,1,1,1,0,1,1,1,0,0,1,1,0,0,1,1,0,0,1,1,0,0,1,1,0,0,1,1,0,0,0,1
1660,3,4,0.030656917,1,85351,0,1,0,1,1,0,0,0,0,1,3,4,3,3,4,4,3,4,4,3,2,2,2,2,2,2,2,2,3,2,3,-0.711720224,0.168413977,-1.015393706,1,0,0,1,4,0,0,1,0,0,2,0,4,0,0,0,0,1,2,0,0,0,0,0,0,-9,0,0,1,0,2,1,0,0,1,0,1,0,2,1,0,0,1,1,0,0,1,0,1,0,0,2
1663,49,4,0.138564517,0,98390,0,1,0,4,0,0,0,1,0,2,4,3,4,5,1,1,1,5,5,4,1,1,1,1,1,2,1,3,4,2,2,0.683357042,0.418531633,1.016360917,1,0,1,0,3,0,0,1,0,0,2,0,4,0,0,3,0,1,2,0,0,0,0,1,0,-9,0,0,1,0,2,0,0,1,3,0,0,1,3,0,0,1,3,0,0,1,3,0,1,0,0,2
1664,3,2,0.049534708,1,85302,0,1,0,2,0,1,0,0,0,2,5,3,1,5,1,1,1,1,5,1,1,2,2,2,2,2,2,2,4,2,4,-0.768315918,0.217754104,-1.009954654,0,0,1,1,4,0,0,0,1,0,2,0,2,0,1,2,0,1,2,0,0,0,0,1,0,1,1,0,0,1,3,0,1,0,2,1,0,0,1,0,1,0,2,1,0,0,1,0,0,0,1,4
1666,3,2,0.001432391,1,85304,1,0,0,1,1,0,0,0,0,2,4,3,3,2,4,4,1,4,4,4,2,2,2,1,1,3,3,1,2,2,2,0.453719126,-0.029361793,0.646341314,1,0,1,0,3,0,0,1,0,0,2,0,4,1,0,1,0,0,3,1,0,0,0,0,1,1,1,0,0,1,3,0,1,0,2,1,0,0,1,0,1,0,2,1,0,0,1,0,0,0,1,4
1667,49,4,0.031339655,0,98037,1,0,0,3,0,0,1,0,0,3,5,4,1,5,2,2,2,5,5,2,2,2,2,2,2,2,2,2,4,3,4,0.44056687,-0.55235094,-0.176533551,1,0,1,0,3,1,1,1,0,0,2,0,4,0,1,2,0,1,2,0,0,0,0,0,0,-9,0,0,0,1,3,0,1,0,2,0,1,0,2,0,1,0,2,1,0,0,1,0,0,1,0,3
1668,49,2,0.038281911,0,98311,0,1,0,1,1,0,0,0,0,2,5,1,3,4,1,1,1,3,5,2,2,2,2,2,2,2,2,2,3,3,3,-0.163908631,-0.262315613,0.198286151,0,0,1,0,3,0,0,0,0,0,2,0,5,1,0,1,1,0,1,0,0,0,1,1,0,1,1,0,1,0,2,1,0,0,1,1,0,0,1,1,0,0,1,1,0,0,1,0,1,0,0,2
1673,3,4,0.086224549,1,85375,0,1,0,3,0,0,1,0,0,3,5,4,3,4,4,4,4,4,5,5,2,2,3,1,2,2,1,2,4,4,4,0.462107305,0.645216144,-0.271815183,0,0,1,0,3,0,0,1,0,0,2,0,4,0,1,2,0,1,2,0,0,0,0,1,0,-9,0,1,0,0,1,1,0,0,1,0,1,0,2,1,0,0,1,1,0,0,1,1,0,0,0,1
1674,3,4,0.014321241,1,85037,0,1,0,3,0,0,1,0,0,2,3,2,3,4,2,4,4,4,4,4,2,2,2,2,2,2,2,2,3,3,3,-0.748802103,-0.278573952,-0.10190089,1,1,0,0,2,0,0,1,0,0,2,0,4,1,0,1,0,1,2,0,0,0,0,0,0,1,1,0,0,1,3,0,1,0,2,0,1,0,2,1,0,0,1,1,0,0,1,0,0,1,0,3
1675,49,2,0.034334082,0,98034,1,0,0,2,0,1,0,0,0,2,3,2,2,3,2,2,2,3,2,3,2,2,2,2,2,2,2,2,3,3,4,-0.754205329,0.018685641,-0.970438284,1,1,0,0,2,1,1,1,0,0,2,0,4,0,1,2,0,1,2,1,0,0,1,0,0,0,0,0,0,1,3,0,0,1,3,0,1,0,2,0,1,0,2,1,0,0,1,0,0,1,0,3
1676,3,4,0.016322881,1,85340,0,1,0,5,0,0,0,0,1,2,2,4,4,3,2,4,3,4,5,3,2,2,2,2,2,3,1,2,3,2,2,-1.468009747,0.647504603,0.62163935,1,0,1,0,3,0,1,1,0,0,2,0,4,1,0,1,1,0,1,0,0,0,0,1,0,1,1,0,1,0,2,1,0,0,1,0,1,0,2,0,1,0,2,1,0,0,1,0,1,0,0,2
1680,3,2,0.019301568,1,85295,0,1,0,1,1,0,0,0,0,2,4,1,4,4,3,3,3,4,4,4,1,1,3,3,3,2,1,2,1,2,3,0.746278377,-0.130839428,0.299613252,1,0,1,0,3,0,0,1,0,0,2,0,4,0,1,2,0,1,2,0,0,0,0,1,0,1,1,0,1,0,2,0,0,1,3,0,0,1,3,0,0,1,3,1,0,0,1,0,0,1,0,3
1681,3,4,0.0160255,1,85253,0,1,0,3,0,0,1,0,0,2,4,4,3,5,3,4,3,2,4,3,2,2,2,2,3,2,2,1,2,1,3,-0.968866704,-0.203423635,-0.12986056,1,0,0,1,4,1,1,1,0,0,2,0,4,1,0,1,0,1,2,0,0,0,0,0,0,-9,0,1,0,0,1,0,1,0,2,0,1,0,2,0,1,0,2,1,0,0,1,0,1,0,0,2
1682,3,4,0.028602938,1,85007,0,1,0,3,0,0,1,0,0,3,5,3,4,4,2,2,1,5,4,3,2,2,2,1,1,1,1,3,1,3,1,-0.205760342,-0.026470507,-0.637467957,1,0,1,0,3,0,0,1,0,0,2,0,4,1,0,1,0,1,2,0,0,0,0,0,0,1,1,0,1,0,2,0,0,1,3,0,0,1,3,0,0,1,3,0,1,0,2,0,0,0,1,4
1684,49,2,0.023781764,0,98444,0,1,0,2,0,1,0,0,0,2,6,2,4,4,1,3,1,4,4,3,1,1,3,3,2,1,1,3,4,2,4,-0.271767885,-0.159406954,0.046939711,1,1,0,0,2,0,0,0,1,0,2,0,2,1,0,1,0,1,2,0,1,0,1,0,1,-9,0,0,0,1,3,0,1,0,2,0,0,1,3,0,1,0,2,0,1,0,2,0,0,0,1,4
1685,3,2,0.008341383,1,85301,1,0,0,1,1,0,0,0,0,1,4,2,4,4,2,2,2,2,3,2,2,2,2,2,2,2,2,2,3,3,4,-2.089909371,0.166219582,0.133456589,0,1,0,0,2,0,0,1,0,0,2,0,4,1,0,1,0,1,2,1,0,0,0,0,1,-9,0,0,0,1,3,0,0,1,3,0,1,0,2,1,0,0,1,1,0,0,1,0,0,0,1,4
1686,3,2,0.084943638,1,85022,0,1,0,2,0,1,0,0,0,1,5,3,5,2,4,4,2,4,4,4,2,2,1,2,2,1,1,3,2,2,2,0.567004809,0.696215753,0.639695071,0,0,0,0,1,0,0,0,1,0,2,0,2,1,0,1,1,0,1,0,0,0,1,0,1,1,1,0,0,1,3,0,1,0,2,0,1,0,2,1,0,0,1,1,0,0,1,0,0,1,0,3
1689,3,2,0.006155938,1,85022,0,1,0,3,0,0,1,0,0,2,3,3,3,4,3,1,4,4,3,3,1,1,1,1,2,2,1,3,4,4,4,-0.814613102,-0.367395781,1.017047308,0,1,0,0,2,0,0,1,0,0,2,0,4,0,1,2,0,0,3,0,0,0,1,0,1,-9,0,0,0,1,3,0,1,0,2,0,1,0,2,1,0,0,1,1,0,0,1,0,0,1,0,3
1691,3,4,0.023842282,1,85283,1,0,0,1,1,0,0,0,0,2,4,3,1,5,1,2,3,3,5,4,1,1,1,1,2,2,2,2,3,2,2,0.71830858,0.78124662,-0.164999495,0,0,0,1,4,1,1,1,0,0,2,0,4,0,1,2,0,1,2,0,0,0,0,1,0,1,1,0,0,1,3,0,0,1,3,0,0,1,3,0,1,0,2,1,0,0,1,0,0,0,1,4
1693,3,4,0.001229811,1,85205,0,1,0,2,0,1,0,0,0,2,5,5,1,5,1,1,1,1,4,2,2,2,2,2,2,2,2,2,4,3,4,-0.406350704,0.029960929,0.410163747,1,0,0,1,4,1,1,1,0,0,2,0,4,1,0,1,1,0,1,0,0,0,0,0,1,-9,0,0,1,0,2,0,1,0,2,0,1,0,2,0,1,0,2,1,0,0,1,0,0,1,0,3
1695,3,2,0.040644617,1,85340,0,1,0,2,0,1,0,0,0,1,4,4,4,4,2,4,1,2,5,4,3,3,3,3,3,3,2,3,3,2,3,-1.915452673,-0.348466673,0.90886298,0,1,0,0,2,0,0,0,1,0,2,0,2,0,1,2,0,0,3,1,1,1,1,1,0,-9,0,0,1,0,2,1,0,0,1,0,1,0,2,0,1,0,2,1,0,0,1,0,1,0,0,2
1698,49,4,0.307701896,0,98422,0,1,0,3,0,0,1,0,0,3,5,5,3,5,2,1,1,3,4,4,3,1,3,3,3,1,1,3,1,1,1,-0.878261451,-0.203252462,-0.409702829,0,0,0,1,4,0,0,0,0,1,2,0,3,0,0,3,0,1,2,0,0,0,0,1,0,-9,0,0,1,0,2,1,0,0,1,1,0,0,1,1,0,0,1,0,1,0,2,0,1,0,0,2
1699,3,4,0.003143167,1,85251,1,0,0,1,1,0,0,0,0,1,3,1,4,5,2,4,2,4,4,4,1,1,1,2,2,2,2,2,4,3,4,0.167056685,-0.618060696,-1.430256274,1,0,0,1,4,0,0,1,0,0,2,0,4,1,0,1,0,1,2,0,0,0,0,0,1,-9,0,0,0,1,3,0,0,1,3,0,1,0,2,0,1,0,2,1,0,0,1,0,0,0,1,4
1700,3,4,0.025411666,1,85083,0,1,0,2,0,1,0,0,0,2,1,1,4,5,1,3,1,1,4,2,2,2,2,2,2,1,2,2,3,3,4,0.724213724,0.401640138,0.007942173,1,0,0,1,4,0,1,1,0,0,2,0,4,0,1,2,1,0,1,0,0,0,0,1,0,1,1,0,1,0,2,1,0,0,1,0,1,0,2,1,0,0,1,1,0,0,1,1,0,0,0,1
1703,3,4,0.025411666,1,85304,1,0,0,1,1,0,0,0,0,2,6,3,4,5,1,2,1,2,5,3,2,3,3,1,1,1,1,3,2,3,4,1.165514294,0.507727649,1.230770123,1,0,0,1,4,0,1,1,0,0,2,0,4,0,1,2,1,0,1,0,0,0,0,1,0,1,1,0,0,1,3,0,1,0,2,1,0,0,1,0,1,0,2,1,0,0,1,0,0,0,1,4
1704,3,4,0.018241607,1,85018,1,0,0,2,0,1,0,0,0,1,5,3,4,5,1,1,1,1,2,1,2,2,2,2,2,2,2,2,4,3,4,0.647991522,-1.631682635,-1.833860772,1,0,1,0,3,0,0,1,0,0,2,0,4,1,0,1,1,0,1,0,0,0,0,1,0,1,1,0,0,1,3,0,0,1,3,1,0,0,1,0,0,1,3,1,0,0,1,0,0,0,1,4
1705,3,3,0.031268395,1,85015,1,0,0,4,0,0,0,1,0,3,4,2,3,4,2,2,2,2,4,2,3,1,1,1,1,1,1,3,1,1,1,-0.22469441,0.120678332,-0.359629902,1,1,0,0,2,0,0,1,0,0,1,1,1,1,0,1,0,1,2,0,0,0,0,0,0,0,0,0,0,1,3,0,0,1,3,0,1,0,2,0,1,0,2,0,0,1,3,0,0,0,1,4
1707,3,2,0.079162088,1,85345,0,1,0,5,0,0,0,0,1,3,4,3,3,5,4,4,1,5,5,4,2,3,2,2,2,2,3,3,2,2,3,0.446308862,-0.061812834,1.068020664,1,1,0,0,2,0,0,1,0,0,1,1,1,0,1,2,0,0,3,1,0,0,1,0,0,1,1,0,1,0,2,0,1,0,2,0,0,1,3,1,0,0,1,1,0,0,1,0,0,1,0,3
1708,3,4,0.030194881,1,85210,1,0,0,1,1,0,0,0,0,1,5,1,2,4,2,4,1,2,4,4,1,1,1,1,1,1,1,3,2,2,1,0.505561672,0.018692463,0.053654406,1,0,0,1,4,0,1,1,0,0,2,0,4,0,1,2,1,0,1,0,0,0,0,1,0,1,1,0,0,1,3,0,0,1,3,0,0,1,3,0,1,0,2,0,0,1,3,0,0,0,1,4
1709,3,4,0.040850855,1,85209,0,1,0,3,0,0,1,0,0,3,4,3,3,3,3,3,3,3,4,3,2,2,2,2,2,2,2,2,3,3,3,-0.422974382,-0.213008168,0.668034852,1,1,0,0,2,0,1,1,0,0,2,0,4,0,1,2,0,1,2,0,0,0,0,1,0,-9,0,0,1,0,2,0,1,0,2,0,0,1,3,1,0,0,1,1,0,0,1,0,0,1,0,3
1712,3,2,0.029620631,1,85042,0,1,0,2,0,1,0,0,0,2,5,2,2,3,1,3,1,3,4,2,2,2,2,2,2,2,2,2,4,3,4,-0.151719617,-0.276908115,-0.946008602,1,1,0,0,2,0,0,1,0,0,2,0,4,0,1,2,0,1,2,1,0,0,0,1,0,-9,0,0,0,1,3,0,1,0,2,1,0,0,1,1,0,0,1,1,0,0,1,0,0,1,0,3
1713,3,4,0.052627731,1,85392,0,1,0,4,0,0,0,1,0,2,6,3,4,4,2,2,1,1,4,2,2,2,2,2,2,2,2,2,2,2,4,0.468237833,-0.916016622,-0.096330893,1,0,1,0,3,0,0,1,0,0,1,1,1,1,0,1,0,1,2,0,1,0,0,1,0,1,1,0,1,0,2,0,1,0,2,0,0,1,3,1,0,0,1,1,0,0,1,0,0,1,0,3
1714,3,4,0.043250728,1,85310,0,1,0,2,0,1,0,0,0,2,4,3,4,5,1,1,1,2,5,1,1,1,3,1,1,2,2,2,4,3,4,-0.351716576,-0.400071322,0.325388897,1,1,0,0,2,0,0,1,0,0,2,0,4,0,1,2,0,0,3,1,0,0,0,1,0,-9,0,0,1,0,2,0,1,0,2,1,0,0,1,1,0,0,1,1,0,0,1,1,0,0,0,1
1716,3,2,0.119035581,1,85283,1,0,0,3,0,0,1,0,0,3,5,3,4,1,1,1,1,1,3,1,2,2,2,2,2,2,2,2,3,3,4,0.666094559,0.324234328,-0.054431808,0,0,0,0,1,0,1,1,0,0,2,0,4,0,1,2,1,0,1,0,0,0,0,1,0,1,1,0,0,1,3,0,0,1,3,0,0,1,3,0,1,0,2,1,0,0,1,0,0,0,1,4
1718,3,1,0.015895085,1,85338,0,1,0,4,0,0,0,1,0,3,4,4,4,5,2,4,2,4,4,3,2,3,1,2,2,2,2,3,2,2,3,-1.025652301,-0.340961402,-0.574873903,1,0,0,0,1,1,1,1,0,0,2,0,4,1,0,1,0,0,3,0,0,0,1,1,0,1,1,1,0,0,1,1,0,0,1,0,1,0,2,0,0,1,3,1,0,0,1,0,1,0,0,2
1719,3,4,0.056050242,1,85085,0,1,0,2,0,1,0,0,0,2,2,2,3,5,2,4,2,5,4,3,1,3,1,3,3,1,1,3,2,2,1,-0.004152569,0.485393525,0.605431105,0,0,1,0,3,1,1,1,0,0,2,0,4,0,0,3,0,0,3,0,1,0,0,1,0,1,1,1,0,0,1,1,0,0,1,1,0,0,1,1,0,0,1,1,0,0,1,1,0,0,0,1
1722,3,4,0.020749009,1,85254,0,1,0,1,1,0,0,0,0,2,4,2,4,1,2,5,3,3,3,3,2,2,2,1,3,2,2,1,2,3,3,-0.937421917,-0.182160445,0.198593914,1,0,0,0,1,0,0,1,0,0,1,1,1,1,0,1,0,0,3,1,1,0,0,0,0,-9,0,0,1,0,2,0,0,1,3,0,0,1,3,0,1,0,2,1,0,0,1,0,0,1,0,3
1724,3,2,0.030244873,1,85254,0,1,0,2,0,1,0,0,0,3,2,2,4,4,3,4,4,4,3,4,2,1,3,3,3,1,1,3,2,2,3,-0.235668232,0.755728235,-0.100113307,0,1,0,0,2,0,0,1,0,0,2,0,4,0,1,2,0,0,3,1,0,0,1,1,0,1,1,0,1,0,2,0,0,1,3,0,0,1,3,0,1,0,2,1,0,0,1,0,0,1,0,3
1727,3,2,0.008475326,1,85282,1,0,0,4,0,0,0,1,0,4,5,2,4,5,1,1,1,4,2,1,1,1,3,3,1,2,1,1,1,1,1,-3.070754142,-1.011768195,0.516598596,0,0,1,0,3,0,0,1,0,0,2,0,4,1,0,1,1,0,1,0,1,0,0,0,1,1,1,0,0,1,3,0,0,1,3,0,0,1,3,0,0,1,3,0,1,0,2,0,0,0,1,4
1728,3,4,0.004467895,1,85302,0,1,0,3,0,0,1,0,0,3,3,4,3,5,3,2,1,4,4,4,1,1,2,2,2,2,2,3,1,1,2,0.397840124,-0.289582059,0.355489308,0,0,1,0,3,0,0,1,0,0,2,0,4,1,0,1,0,1,2,0,1,0,0,0,0,1,1,0,0,1,3,0,1,0,2,1,0,0,1,0,1,0,2,1,0,0,1,0,0,0,1,4
1732,49,2,0.018734055,0,98074,0,1,0,1,1,0,0,0,0,1,5,3,4,5,1,1,1,5,5,4,1,1,2,1,1,1,1,3,1,2,3,-0.540168207,-0.287338522,1.303071343,1,0,1,0,3,1,1,1,0,0,2,0,4,0,1,2,0,1,2,0,0,0,0,1,0,-9,0,0,1,0,2,1,0,0,1,1,0,0,1,1,0,0,1,1,0,0,1,0,1,0,0,2
1733,3,4,0.065362074,1,85375,0,1,0,2,0,1,0,0,0,3,4,3,3,4,1,3,1,4,4,4,1,1,2,2,2,2,2,2,2,3,2,0.443358058,1.091340034,-0.326723366,1,0,0,1,4,1,1,1,0,0,2,0,4,0,0,3,0,1,2,0,0,0,0,1,0,-9,0,1,0,0,1,1,0,0,1,0,1,0,2,1,0,0,1,1,0,0,1,1,0,0,0,1
1735,49,4,0.016439288,0,98223,0,1,0,3,0,0,1,0,0,2,4,4,3,4,1,1,1,4,4,2,2,2,2,2,2,2,2,2,4,3,4,-0.48477407,-1.390044958,-0.571372249,1,0,1,1,4,0,0,1,0,0,2,0,4,0,1,2,0,1,2,0,0,0,0,1,0,-9,0,1,0,0,1,1,0,0,1,0,1,0,2,1,0,0,1,1,0,0,1,1,0,0,0,1
1737,3,2,0.231838074,1,85310,0,1,0,1,1,0,0,0,0,1,1,1,5,1,1,1,1,1,1,1,2,2,2,2,2,2,2,2,3,3,3,0.180567328,0.205271508,0.85163935,0,0,1,0,3,0,0,1,0,0,1,1,1,0,0,3,0,1,2,0,0,0,0,1,0,1,1,0,1,0,2,0,1,0,2,1,0,0,1,1,0,0,1,1,0,0,1,1,0,0,0,1
1738,3,2,0.045275421,1,85201,1,0,0,2,0,1,0,0,0,3,4,3,3,3,3,3,3,3,3,3,2,2,2,2,2,2,2,2,3,3,3,-0.870146346,0.038095738,-0.232657435,0,0,1,1,4,1,1,1,0,0,2,0,4,0,1,2,1,0,1,0,0,0,1,0,0,1,1,0,0,1,3,0,0,1,3,0,1,0,2,0,0,1,3,0,0,1,3,0,0,0,1,4
1739,3,4,0.027061615,1,85345,0,1,0,1,1,0,0,0,0,2,3,2,1,5,3,4,1,3,5,3,2,2,2,2,2,2,2,1,3,3,4,1.104039152,-0.643490186,-0.670816969,1,0,0,1,4,0,0,1,0,0,2,0,4,0,1,2,0,1,2,0,0,0,0,1,0,1,1,0,1,0,2,0,1,0,2,0,0,1,3,1,0,0,1,1,0,0,1,0,0,1,0,3
1741,3,4,0.025282903,1,85032,0,1,0,1,1,0,0,0,0,2,4,3,4,4,2,2,1,3,3,3,2,2,2,2,2,2,2,2,3,3,3,-0.908855366,0.343946706,0.128880736,0,0,0,1,4,0,0,1,0,0,2,0,4,1,0,1,1,0,1,0,0,0,0,0,0,-9,0,0,0,1,3,0,1,0,2,0,0,1,3,0,0,1,3,1,0,0,1,0,0,0,1,4
1742,3,3,0.029566474,1,85205,0,1,0,3,0,0,1,0,0,2,5,3,4,1,3,3,4,3,2,4,1,2,2,2,2,1,1,1,4,1,1,-1.826133821,1.262849967,-1.192500752,1,0,1,0,3,0,0,1,0,0,2,0,4,0,1,2,0,1,2,0,0,0,0,1,0,1,1,0,1,0,2,0,1,0,2,0,1,0,2,0,1,0,2,1,0,0,1,0,0,1,0,3
1743,3,4,0.092095815,1,85248,0,1,0,1,1,0,0,0,0,1,3,1,4,4,1,1,2,3,4,4,2,2,2,2,2,2,2,2,4,2,2,-0.137471971,0.836257791,1.204520143,0,0,1,0,3,0,1,1,0,0,2,0,4,0,0,3,0,1,2,0,0,0,0,1,0,1,1,0,1,0,2,0,1,0,2,0,0,1,3,0,1,0,2,1,0,0,1,0,1,0,0,2
1746,3,4,0.004467895,1,85302,0,1,0,3,0,0,1,0,0,3,4,3,4,5,3,3,1,4,3,4,1,1,2,3,2,2,1,3,1,2,2,-0.073291834,0.157100537,0.116352727,0,0,1,0,3,0,0,1,0,0,2,0,4,1,0,1,0,1,2,0,1,0,0,0,0,1,1,0,0,1,3,0,1,0,2,1,0,0,1,0,1,0,2,1,0,0,1,0,0,0,1,4
1747,3,4,0.024570578,1,85345,0,1,0,3,0,0,1,0,0,3,4,3,2,2,3,4,1,4,4,1,1,1,3,3,2,2,2,2,1,3,3,-1.661347357,0.345604656,-1.239114258,0,0,1,0,3,0,0,1,0,0,2,0,4,1,0,1,1,0,1,0,1,0,0,0,0,1,1,0,1,0,2,0,1,0,2,0,0,1,3,1,0,0,1,1,0,0,1,0,0,1,0,3
1748,3,4,0.032155399,1,85225,1,0,0,3,0,0,1,0,0,2,6,3,3,5,2,3,2,4,4,3,1,2,2,1,2,2,2,2,4,3,4,0.369754781,-0.387867481,0.045162522,1,0,0,1,4,0,0,1,0,0,2,0,4,0,1,2,0,1,2,0,1,0,0,1,0,1,1,0,0,1,3,0,1,0,2,0,0,1,3,0,1,0,2,1,0,0,1,0,0,1,0,3
1752,3,4,0.00978853,1,85017,1,0,0,1,1,0,0,0,0,2,4,4,1,5,2,2,1,3,4,4,2,2,3,2,2,2,2,2,4,3,4,-1.11322832,0.148449537,1.388370029,1,0,0,1,4,0,0,1,0,0,2,0,4,1,0,1,1,0,1,0,1,0,0,0,1,1,1,0,0,1,3,0,0,1,3,0,0,1,3,0,1,0,2,1,0,0,1,0,0,1,0,3
1753,3,4,0.074424028,1,85215,0,1,0,1,1,0,0,0,0,1,6,1,5,3,1,1,1,1,5,1,2,2,2,2,2,2,2,2,3,3,4,0.750629194,-0.571902516,1.455630683,0,0,0,1,4,0,0,1,0,0,2,0,4,0,0,3,0,1,2,1,0,0,0,1,0,1,1,0,1,0,2,0,1,0,2,0,0,1,3,1,0,0,1,1,0,0,1,0,1,0,0,2
1756,3,2,0.03032678,1,85020,1,0,0,1,1,0,0,0,0,2,2,2,4,5,1,1,1,2,3,3,1,1,3,3,2,2,2,3,3,3,4,-0.773765129,-0.609205682,-1.178228572,1,0,1,0,3,0,0,1,0,0,2,0,4,0,1,2,0,1,2,0,0,0,1,0,0,-9,0,0,0,1,3,0,0,1,3,0,1,0,2,0,0,1,3,1,0,0,1,0,0,0,1,4
1758,3,4,0.027962505,1,85225,1,0,0,2,0,1,0,0,0,2,4,1,4,5,1,1,1,4,3,3,2,2,2,2,2,2,2,2,4,2,3,-0.689058657,-1.510740604,1.582632911,1,0,1,0,3,0,1,1,0,0,2,0,4,0,1,2,0,1,2,0,0,0,0,1,0,1,1,0,0,1,3,0,1,0,2,0,0,1,3,0,1,0,2,1,0,0,1,0,0,1,0,3
1759,3,4,0.065362074,1,85382,0,1,0,2,0,1,0,0,0,3,3,1,1,5,2,4,3,5,5,3,1,1,1,1,1,2,2,3,2,2,3,-0.172144486,-0.385776352,-0.875057628,1,0,0,1,4,1,1,1,0,0,2,0,4,0,0,3,0,1,2,0,0,0,0,1,0,-9,0,0,1,0,2,0,1,0,2,0,1,0,2,0,0,1,3,1,0,0,1,0,1,0,0,2
1761,3,4,0.022015084,1,85042,0,1,0,1,1,0,0,0,0,2,1,4,3,5,1,1,1,5,5,5,2,2,2,2,2,2,2,2,4,3,3,1.052501751,-0.493184758,-0.159571245,1,0,0,1,4,0,0,1,0,0,2,0,4,1,0,1,0,0,3,0,0,0,0,1,0,1,1,0,0,1,3,0,1,0,2,1,0,0,1,1,0,0,1,1,0,0,1,0,0,1,0,3
1765,3,4,0.028773165,1,85351,0,1,0,3,0,0,1,0,0,2,6,1,4,5,1,4,4,5,5,4,1,1,2,3,2,2,2,2,2,3,3,1.18972473,0.728916465,0.301291635,1,0,0,1,4,1,1,1,0,0,2,0,4,0,1,2,0,1,2,0,0,0,0,1,0,-9,0,0,1,0,2,1,0,0,1,0,1,0,2,1,0,0,1,1,0,0,1,0,1,0,0,2
1767,3,4,0.002515097,1,85041,0,1,0,1,1,0,0,0,0,1,1,0,5,1,3,4,1,1,4,5,2,2,2,2,1,1,3,2,4,4,4,-2.116500641,0.063459114,1.158807853,1,1,0,0,2,0,0,1,0,0,2,0,4,1,0,1,0,1,2,0,0,0,0,1,1,1,1,0,0,1,3,1,0,0,1,1,0,0,1,1,0,0,1,1,0,0,1,0,0,1,0,3
1769,3,4,0.009527294,1,85203,0,1,0,3,0,0,1,0,0,1,4,3,4,4,1,2,3,5,5,4,2,2,2,2,3,2,2,3,1,2,2,0.198598362,0.691092973,-1.411913373,1,0,1,0,3,0,0,1,0,0,2,0,4,0,1,2,0,0,3,0,0,0,0,0,0,-9,0,0,0,1,3,0,1,0,2,0,1,0,2,0,0,1,3,0,0,1,3,0,0,0,1,4
1770,3,2,0.009901364,1,85009,1,0,0,4,0,0,0,1,0,3,3,4,5,2,1,1,5,1,1,1,3,3,3,2,2,2,2,2,3,3,3,-0.895883115,1.124945937,-0.506027331,1,1,0,0,2,0,0,1,0,0,2,0,4,1,0,1,0,0,3,1,0,0,1,1,0,1,1,0,0,1,3,0,0,1,3,0,0,1,3,0,1,0,2,1,0,0,1,0,0,0,1,4
1771,3,4,0.063520552,1,85206,0,1,0,4,0,0,0,1,0,3,4,5,1,4,3,5,2,4,5,5,3,1,2,3,2,2,2,2,2,2,2,0.251582811,0.693338764,-0.144132697,1,0,1,0,3,0,1,1,0,0,2,0,4,0,0,3,0,1,2,0,0,0,0,1,0,-9,0,0,1,0,2,0,0,1,3,0,0,1,3,0,0,1,3,1,0,0,1,0,0,1,0,3
1774,49,2,0.016382126,0,98391,0,1,0,4,0,0,0,1,0,2,5,4,2,2,1,4,1,1,4,3,2,2,2,3,3,2,2,2,4,1,4,-0.456977004,-0.303770775,0.141782909,1,0,1,0,3,0,0,1,0,0,2,0,4,1,0,1,0,1,2,0,1,0,0,0,0,0,0,1,0,0,1,1,0,0,1,1,0,0,1,1,0,0,1,1,0,0,1,1,0,0,0,1
1775,3,2,0.033709268,1,85037,0,1,0,2,0,1,0,0,0,1,4,4,3,2,1,4,1,3,5,3,1,1,2,1,3,1,2,2,3,3,4,0.738722097,-1.348609126,1.139158009,1,1,0,0,2,0,0,0,1,0,2,0,2,0,1,2,0,0,3,0,0,0,1,0,0,-9,0,0,0,1,3,0,1,0,2,0,1,0,2,1,0,0,1,1,0,0,1,0,0,1,0,3
1776,3,2,0.012337127,1,85033,0,1,0,2,0,1,0,0,0,1,2,2,5,1,1,1,1,1,4,1,2,2,2,2,2,2,2,2,4,3,4,-1.212759537,-0.423922297,0.335422989,1,0,1,0,3,0,0,1,0,0,2,0,4,1,0,1,0,0,3,0,0,0,1,1,0,-9,0,0,0,1,3,0,1,0,2,1,0,0,1,1,0,0,1,1,0,0,1,0,0,1,0,3
1781,3,2,0.186328674,1,85233,0,1,0,4,0,0,0,1,0,2,3,3,4,5,1,1,1,4,4,3,2,2,2,3,3,1,2,3,1,2,1,-1.005857897,-0.782572879,-0.563819603,1,1,0,0,2,0,0,0,0,0,2,0,5,0,0,3,0,0,3,1,0,0,1,1,0,-9,0,0,1,0,2,0,0,1,3,0,0,1,3,0,1,0,2,1,0,0,1,0,0,1,0,3
1782,3,4,0.017434511,1,85050,0,1,0,3,0,0,1,0,0,2,4,4,2,5,2,4,2,4,5,3,3,1,3,3,3,3,1,3,2,2,2,-0.458818826,-0.447483376,-0.392711433,0,0,1,0,3,0,0,1,0,0,2,0,4,0,1,2,1,0,1,0,0,0,0,0,0,1,1,0,0,1,3,1,0,0,1,0,0,1,3,1,0,0,1,1,0,0,1,0,1,0,0,2
1784,3,2,0.009250359,1,85001,1,0,0,3,0,0,1,0,0,3,4,4,1,4,5,4,4,5,5,5,2,1,1,1,1,2,1,1,3,1,3,0.417621586,1.184117064,0.405850457,1,0,1,0,3,1,1,1,0,0,1,1,1,0,1,2,0,0,3,1,0,0,0,0,0,-9,0,0,0,0,0,0,0,0,0,0,0,0,0,0,0,0,0,0,0,0,0,0,0,0,0,0
1785,3,4,0.027962505,1,85305,0,1,0,2,0,1,0,0,0,2,6,3,3,3,2,3,2,3,4,4,2,2,2,2,2,2,2,2,3,3,4,0.578356219,-0.333470818,0.404501009,1,0,1,0,3,1,1,1,0,0,2,0,4,0,0,0,0,1,2,0,0,0,0,1,0,-9,0,0,1,0,2,1,0,0,1,0,1,0,2,1,0,0,1,1,0,0,1,0,1,0,0,2
1788,3,4,0.033031479,1,85209,0,1,0,3,0,0,1,0,0,1,4,2,4,4,1,1,1,4,3,1,2,2,2,2,2,1,1,2,1,3,1,-0.662336403,-0.279072712,0.059135353,1,0,1,0,3,1,1,1,0,0,2,0,4,0,1,2,1,0,1,0,0,0,0,0,0,1,1,0,1,0,2,0,1,0,2,0,0,1,3,1,0,0,1,1,0,0,1,0,0,1,0,3
1790,3,4,0.017886648,1,85297,0,1,0,2,0,1,0,0,0,3,6,5,3,5,1,1,1,5,3,3,2,2,2,2,2,2,2,2,3,2,3,-0.233471087,0.472149356,0.159685511,1,0,1,1,4,0,0,1,0,0,2,0,4,0,0,0,0,1,2,0,0,0,0,1,0,1,1,0,0,1,3,1,0,0,1,0,0,1,3,1,0,0,1,1,0,0,1,0,1,0,0,2
1793,3,2,0.242081328,1,85236,0,1,0,2,0,1,0,0,0,2,3,1,4,4,1,2,2,5,5,5,2,2,2,2,2,2,1,3,4,2,4,0.247099788,-1.746036571,0.663305697,1,0,1,0,3,1,1,1,1,0,2,0,2,0,1,2,1,0,1,0,0,0,0,1,0,1,1,0,0,0,0,0,0,0,0,0,0,0,0,0,0,0,0,0,0,0,0,0,0,0,0,0
1794,3,2,0.014874801,1,85023,1,0,0,2,0,1,0,0,0,2,2,3,2,3,2,4,3,2,4,3,2,2,1,1,3,2,2,3,1,2,1,-0.148715988,-0.518327472,-1.0826331,1,0,0,1,4,0,0,1,0,0,2,0,4,0,1,2,0,0,3,0,0,0,0,1,0,-9,0,0,0,1,3,0,0,1,3,0,1,0,2,1,0,0,1,1,0,0,1,0,0,1,0,3
1796,3,2,0.25315284,0,85941,0,1,0,4,0,0,0,1,0,4,5,5,4,5,4,3,4,4,4,4,2,2,2,2,1,3,3,3,3,3,2,0.031664705,1.046075488,-0.172162326,1,0,1,0,3,0,0,1,0,0,2,0,4,0,1,2,1,0,1,0,0,1,1,1,0,0,0,1,0,0,1,1,0,0,1,1,0,0,1,0,0,1,3,1,0,0,1,1,0,0,0,1
1798,3,4,0.092663545,1,85204,0,1,0,5,0,0,0,0,1,3,3,3,3,3,3,1,3,3,4,4,2,2,3,3,3,2,2,2,3,3,4,-1.406749165,0.342427957,0.737683175,0,1,0,0,2,0,0,1,0,0,2,0,4,0,1,2,1,0,1,0,0,0,0,0,1,1,1,0,0,1,3,0,1,0,2,0,0,1,3,0,1,0,2,0,1,0,2,0,0,0,1,4
1800,3,4,0.001976227,0,85132,0,1,0,5,0,0,0,0,1,4,5,5,4,4,1,2,2,2,5,4,1,3,1,1,1,1,1,3,2,2,2,0.26914184,-0.301086911,0.54106602,1,0,0,0,1,0,1,1,0,0,2,0,4,0,1,2,0,0,3,1,0,0,0,1,0,-9,0,1,0,0,1,1,0,0,1,1,0,0,1,1,0,0,1,1,0,0,1,1,0,0,0,1
1802,3,4,0.011398406,1,85204,0,1,0,2,0,1,0,0,0,3,4,3,3,5,3,4,2,4,5,5,1,1,2,2,3,3,2,3,3,3,4,0.540666532,-0.181943222,-0.346715956,1,0,0,1,4,0,0,1,0,0,2,0,4,1,0,1,0,1,2,0,0,0,0,1,0,1,1,0,0,1,3,0,1,0,2,0,0,1,3,0,1,0,2,0,1,0,2,0,0,0,1,4
1809,3,4,0.00990066,1,85373,0,1,0,4,0,0,0,1,0,3,2,4,1,5,3,2,3,4,4,4,1,3,2,3,1,3,2,3,1,2,2,0.262851417,0.487936437,-1.014419464,1,0,0,1,4,1,1,1,0,0,2,0,4,0,1,2,0,1,2,0,1,0,0,0,0,1,1,0,1,0,2,1,0,0,1,0,1,0,2,1,0,0,1,1,0,0,1,1,0,0,0,1
1815,3,4,0.018770449,1,85396,0,1,0,2,0,1,0,0,0,1,3,1,3,4,1,2,1,2,3,3,2,1,2,1,1,2,2,3,1,3,4,-0.067728744,0.431323279,0.057541961,1,0,0,1,4,0,0,1,0,0,2,0,4,1,0,1,1,0,1,0,0,0,0,1,0,1,1,1,0,0,1,1,0,0,1,0,1,0,2,1,0,0,1,1,0,0,1,1,0,0,0,1
1819,3,2,0.031801875,1,85281,1,0,0,3,0,0,1,0,0,3,3,2,4,3,3,4,4,4,3,4,1,1,3,3,3,1,1,2,2,2,2,0.425296133,0.95659913,0.786687092,0,1,0,0,2,1,1,1,0,0,2,0,4,0,0,3,0,0,3,1,0,0,0,0,0,-9,0,0,0,1,3,0,0,1,3,0,0,1,3,0,1,0,2,0,0,1,3,0,0,0,1,4
1821,3,4,0.017524969,1,85301,1,0,0,2,0,1,0,0,0,4,4,4,1,5,5,3,5,5,5,5,1,2,1,1,1,1,1,2,3,2,1,-0.420450093,0.780627958,0.674791858,1,1,0,0,2,0,0,0,1,0,2,0,2,1,0,1,0,1,2,0,1,0,0,0,0,-9,0,0,0,1,3,0,0,1,3,0,1,0,2,1,0,0,1,1,0,0,1,0,0,0,1,4
1823,3,4,0.061611699,1,85051,1,0,0,2,0,1,0,0,0,2,1,4,4,4,3,4,4,3,3,3,2,2,2,2,2,2,2,2,4,3,4,0.497046997,-0.266145135,0.343178471,0,0,0,1,4,1,1,1,0,0,2,0,4,0,0,0,1,0,1,0,1,0,0,1,0,-9,0,0,0,1,3,0,0,1,3,0,0,1,3,0,1,0,2,1,0,0,1,0,0,0,1,4
1825,3,2,0.053185301,1,85210,1,0,0,1,1,0,0,0,0,1,5,1,5,1,1,1,1,1,5,1,2,1,2,2,2,2,2,1,1,1,1,0.7749155,1.519797031,0.517819281,0,1,0,0,2,1,1,0,1,0,2,0,2,0,0,3,0,0,3,1,0,0,0,0,0,-9,0,0,0,1,3,0,0,1,3,0,0,1,3,0,1,0,2,0,0,1,3,0,0,0,1,4
1827,3,4,0.010942207,1,85361,0,0,1,2,0,1,0,0,0,3,3,3,3,3,1,1,1,3,5,3,2,2,2,2,2,2,2,2,4,4,3,-1.488339873,-0.812483215,0.943123557,1,0,1,0,3,0,0,1,0,0,2,0,4,1,0,1,0,0,3,1,0,0,0,1,0,-9,0,1,0,0,1,1,0,0,1,1,0,0,1,0,0,1,3,1,0,0,1,1,0,0,0,1
1829,5,2,0.799368858,0,90245,1,0,0,5,0,0,0,0,1,1,5,5,5,4,4,5,5,4,5,5,3,3,3,2,3,3,2,2,3,2,3,0.427142003,0.970477699,0.822638185,0,1,0,0,2,1,1,1,0,0,2,0,4,0,0,3,0,0,3,1,1,1,0,0,0,1,1,0,0,1,3,0,0,1,3,0,0,1,3,0,1,0,2,0,1,0,2,0,0,1,0,3
1830,3,2,0.087717748,1,85030,1,0,0,3,0,0,1,0,0,3,3,4,4,3,4,5,4,4,4,5,1,3,3,3,3,3,1,3,2,2,2,0.13098295,0.612080939,0.957259671,0,1,0,0,2,1,1,1,0,0,2,0,4,0,0,3,0,0,3,1,0,0,0,1,0,-9,0,0,0,0,0,0,0,0,0,0,0,0,0,0,0,0,0,0,0,0,0,0,0,0,0,0
1833,3,2,0.087717748,1,85381,0,1,0,2,0,1,0,0,0,3,3,4,4,5,4,4,3,4,5,4,1,3,3,3,3,3,1,3,2,2,2,0.479857164,0.522933422,0.812583582,0,1,0,0,2,1,1,1,0,0,2,0,4,0,0,3,0,0,3,1,0,0,0,1,0,1,1,0,1,0,2,0,1,0,2,0,1,0,2,0,0,1,3,1,0,0,1,0,0,1,0,3
1835,3,2,0.016653182,1,85030,1,0,0,4,0,0,0,1,0,2,5,5,5,4,3,4,5,4,4,5,1,3,1,3,1,3,1,3,1,2,1,0.60007396,0.747439143,0.76863066,0,1,0,0,2,1,1,1,0,0,2,0,4,0,0,3,0,0,3,1,0,1,0,0,0,1,1,0,0,0,0,0,0,0,0,0,0,0,0,0,0,0,0,0,0,0,0,0,0,0,0,0
1837,3,2,0.087717748,1,85035,0,1,0,2,0,1,0,0,0,3,3,3,4,5,4,4,4,5,4,4,1,3,3,3,3,3,1,3,2,2,1,0.929612641,0.715055465,0.083721853,0,1,0,0,2,1,1,1,0,0,2,0,4,0,0,3,0,0,3,1,0,0,0,1,0,-9,0,0,0,1,3,0,1,0,2,0,1,0,2,1,0,0,1,1,0,0,1,0,0,1,0,3
1838,3,2,0.068143299,1,85204,0,1,0,4,0,0,0,1,0,4,4,4,4,5,2,5,4,4,4,4,1,1,3,3,3,1,1,3,2,2,2,0.010602489,0.660587067,1.028460447,0,0,1,0,3,0,0,1,0,0,2,0,4,0,1,2,0,0,3,0,0,0,0,1,0,1,1,0,0,1,3,0,1,0,2,0,0,1,3,0,1,0,2,0,1,0,2,0,0,0,1,4
1839,3,3,0.246639705,1,85018,1,0,0,4,0,0,0,1,0,4,5,5,2,4,4,4,2,4,4,4,3,3,3,3,1,3,3,2,2,3,2,-0.98223856,0.883255838,0.169096598,1,0,0,0,1,0,0,1,0,0,2,0,4,0,0,3,0,0,3,1,0,0,0,1,0,1,1,0,0,1,3,0,0,1,3,1,0,0,1,0,0,1,3,1,0,0,1,0,0,0,1,4
1840,3,2,0.015452657,1,85302,0,1,0,3,0,0,1,0,0,2,3,4,4,4,3,4,2,4,3,3,2,2,2,3,1,3,3,3,3,3,3,-0.737110898,0.151828949,0.100097538,1,1,0,0,2,0,0,1,0,0,2,0,4,1,0,1,0,1,2,0,0,0,1,0,1,-9,0,0,0,1,3,0,1,0,2,1,0,0,1,0,1,0,2,1,0,0,1,0,0,0,1,4
1842,3,2,0.009044206,1,85009,1,0,0,3,0,0,1,0,0,2,5,4,5,4,4,5,4,4,5,5,3,1,3,3,3,2,3,1,1,2,2,0.403817459,0.967359556,0.112696413,1,1,0,0,2,0,1,1,0,0,2,0,4,0,1,2,0,0,3,1,0,0,1,0,0,1,1,0,0,1,3,0,0,1,3,0,0,1,3,0,1,0,2,1,0,0,1,0,0,0,1,4
1843,3,2,0.02086171,1,85213,0,1,0,2,0,1,0,0,0,3,5,5,1,5,3,5,3,5,5,5,2,1,3,3,2,2,1,3,2,2,2,0.078454995,-0.877511632,0.112618371,0,1,0,0,2,0,0,1,0,0,2,0,4,1,0,1,0,0,3,1,0,0,0,1,0,1,1,0,1,0,2,0,1,0,2,0,1,0,2,1,0,0,1,0,1,0,2,0,0,1,0,3
1846,3,4,0.01341468,1,85022,0,1,0,2,0,1,0,0,0,3,2,3,2,5,1,3,1,2,4,2,2,2,2,2,2,2,2,2,4,3,4,0.033560061,-2.264267247,1.194719777,1,0,1,0,3,0,0,1,0,0,2,0,4,1,0,1,0,1,2,0,1,0,0,0,0,1,1,0,0,1,3,0,1,0,2,0,1,0,2,1,0,0,1,1,0,0,1,0,0,1,0,3
1847,3,2,0.090844259,1,85257,1,0,0,1,1,0,0,0,0,1,5,1,5,5,3,3,1,3,5,5,2,2,2,2,2,2,2,2,3,3,3,1.066017343,1.640944955,-0.10457114,1,0,0,1,4,0,1,1,0,0,2,0,4,0,0,3,1,0,1,0,0,0,1,0,0,-9,0,0,0,1,3,0,0,1,3,0,1,0,2,0,1,0,2,1,0,0,1,0,0,0,1,4
1849,3,2,0.025002261,1,85283,1,0,0,4,0,0,0,1,0,1,4,5,4,5,5,3,5,4,5,4,2,3,2,3,3,1,3,3,2,1,2,-0.026941965,1.890261776,-0.00190326,1,1,0,0,2,0,1,1,0,0,2,0,4,0,0,3,0,0,3,1,1,0,0,0,0,-9,0,0,0,1,3,0,0,1,3,0,0,1,3,0,1,0,2,1,0,0,1,0,0,0,1,4
1850,3,4,0.058211688,1,85042,0,1,0,3,0,0,1,0,0,3,5,4,3,3,1,3,3,3,5,2,1,1,1,1,2,2,1,3,4,2,2,-1.286476311,1.61376097,1.326215434,0,1,0,0,2,0,0,0,0,0,1,1,1,0,1,2,1,0,1,0,0,0,0,0,0,-9,0,0,0,1,3,0,1,0,2,1,0,0,1,1,0,0,1,1,0,0,1,0,0,1,0,3
1852,3,4,0.018335924,1,85304,1,0,0,3,0,0,1,0,0,2,4,3,2,1,4,5,5,4,5,3,2,2,2,3,3,2,2,1,2,2,3,0.297256553,1.125279712,0.229932258,1,0,0,1,4,0,1,1,0,0,2,0,4,0,1,2,0,1,2,0,0,0,0,1,0,-9,0,0,0,1,3,0,1,0,2,1,0,0,1,0,1,0,2,1,0,0,1,0,0,0,1,4
1856,3,2,0.010632281,1,85006,1,0,0,2,0,1,0,0,0,1,4,1,4,4,3,3,2,2,4,4,2,2,2,2,2,3,3,2,3,2,2,1.062827534,0.042009658,0.888192035,1,0,0,1,4,0,1,1,0,0,2,0,4,0,1,2,1,0,1,0,0,0,0,1,1,1,1,0,0,1,3,0,0,1,3,0,0,1,3,0,1,0,2,0,1,0,2,0,0,0,1,4
1857,3,4,0.022567015,1,85225,1,0,0,1,1,0,0,0,0,1,5,0,5,1,1,3,1,3,5,5,2,2,2,2,2,2,2,2,3,3,3,0.346181997,1.685752892,1.02806251,0,0,1,0,3,1,1,1,0,0,2,0,4,0,1,2,0,0,3,1,0,0,0,1,0,1,1,0,0,1,3,0,1,0,2,0,0,1,3,0,1,0,2,1,0,0,1,0,0,1,0,3
1859,3,4,0.096905896,1,85335,0,1,0,3,0,0,1,0,0,2,5,4,2,2,1,4,4,5,3,3,2,2,2,2,2,2,2,2,3,2,4,-1.542494766,-1.288928965,0.917485535,1,0,0,1,4,0,0,1,0,0,2,0,4,0,0,0,0,1,2,1,1,0,0,1,0,1,1,0,0,1,3,1,0,0,1,0,1,0,2,1,0,0,1,1,0,0,1,1,0,0,0,1
1860,3,4,0.040658996,1,85029,1,0,0,3,0,0,1,0,0,2,5,3,3,3,1,5,3,3,5,4,2,3,2,3,2,2,2,1,2,2,2,1.30653394,-0.927184946,-0.097449975,1,0,0,1,4,0,1,0,0,0,2,0,5,1,0,1,1,0,1,0,0,0,0,0,0,-9,0,0,0,1,3,0,0,1,3,0,0,1,3,0,1,0,2,1,0,0,1,0,0,0,1,4
1861,3,4,0.078577516,1,85226,0,1,0,1,1,0,0,0,0,3,4,2,5,5,2,4,4,4,4,4,1,1,1,1,3,1,1,3,2,2,2,-0.876103203,-0.916322059,-0.966280189,0,1,0,0,2,0,0,1,0,0,2,0,4,0,0,3,0,1,2,0,0,0,0,1,0,-9,0,0,1,0,2,0,0,1,3,0,0,1,3,0,0,1,3,1,0,0,1,0,0,0,1,4
1863,3,4,0.044456252,1,85263,0,0,1,1,1,0,0,0,0,3,4,2,1,1,2,1,4,4,4,4,2,2,2,2,2,2,2,2,3,3,3,0.808691014,0.823013814,-0.926561578,0,0,0,1,4,0,1,1,0,0,2,0,4,0,1,2,0,1,2,0,0,0,0,1,0,-9,0,1,0,0,1,1,0,0,1,1,0,0,1,0,0,1,3,1,0,0,1,1,0,0,0,1
1867,3,2,0.017903604,1,85259,0,1,0,5,0,0,0,0,1,3,4,3,2,2,2,2,5,4,4,2,2,2,1,1,3,2,2,1,2,2,4,-0.507643326,-0.690511775,0.0737391,1,0,1,0,3,1,1,1,0,0,2,0,4,0,1,2,0,0,3,1,0,0,1,0,0,1,1,0,1,0,2,1,0,0,1,0,0,1,3,0,1,0,2,1,0,0,1,0,1,0,0,2
1870,46,3,21.881375,0,84005,0,1,0,2,0,1,0,0,0,1,5,1,5,3,1,1,1,1,3,3,2,2,2,2,2,3,3,2,2,3,2,0.546503057,1.450815452,-1.901188528,1,0,0,0,1,0,0,1,0,0,2,0,4,0,0,3,0,0,3,1,0,0,0,1,0,-9,0,1,0,0,1,1,0,0,1,1,0,0,1,1,0,0,1,1,0,0,1,1,0,0,0,1
1871,3,3,0.033988672,1,85234,0,1,0,4,0,0,0,1,0,3,5,4,3,2,3,4,4,4,5,5,2,3,2,1,3,2,2,1,2,2,2,-0.762151543,-0.78473152,-0.934076178,1,1,0,0,2,0,0,1,0,0,2,0,4,1,0,1,0,1,2,0,0,0,0,1,0,1,1,0,1,0,2,0,1,0,2,0,0,1,3,0,0,1,3,1,0,0,1,0,0,1,0,3
1873,3,2,0.036199798,1,85224,0,1,0,3,0,0,1,0,0,3,1,0,2,5,3,4,2,4,4,4,1,1,1,3,1,1,1,3,2,2,2,0.136008543,1.703218151,0.074918223,0,0,0,0,1,0,0,1,0,0,2,0,4,0,1,2,0,0,3,0,0,1,1,0,0,-9,0,0,1,0,2,0,0,1,3,0,0,1,3,0,1,0,2,1,0,0,1,0,0,0,1,4
1874,3,2,7.189120005,0,35033,0,0,1,3,0,0,1,0,0,3,2,2,4,5,4,4,5,4,4,5,1,2,3,2,3,1,1,2,2,2,3,0.581785409,1.079210682,0.338925413,0,1,0,0,2,1,1,1,0,0,2,0,4,0,0,3,0,0,3,1,0,0,0,1,0,-9,0,1,0,0,1,1,0,0,1,1,0,0,1,1,0,0,1,1,0,0,1,1,0,0,0,1
1875,6,2,6.970966934,0,80201,1,0,0,4,0,0,0,1,0,2,5,5,5,4,3,4,5,5,4,5,1,3,1,3,1,3,3,1,1,2,1,0.615238435,0.779199408,0.148712271,0,0,0,0,1,1,1,1,0,0,2,0,4,0,0,3,0,1,2,0,0,1,0,0,0,-9,0,0,0,0,0,0,0,0,0,0,0,0,0,0,0,0,0,0,0,0,0,0,0,0,0,0
1876,5,2,6.000256496,0,90189,1,0,0,4,0,0,0,1,0,2,5,5,5,4,3,5,4,3,5,4,1,3,1,1,3,3,1,3,2,2,1,0.60007396,0.747439143,0.76863066,0,1,0,0,2,1,1,1,0,0,2,0,4,0,0,3,0,0,3,1,0,1,0,0,0,-9,0,0,0,0,0,0,0,0,0,0,0,0,0,0,0,0,0,0,0,0,0,0,0,0,0,0
1879,11,2,1.107859415,0,30301,1,0,0,4,0,0,0,1,0,2,5,5,5,4,3,4,5,4,4,5,1,3,1,3,1,3,1,3,1,1,2,0.464518964,1.350265373,0.832301658,0,0,0,0,1,1,1,1,0,0,2,0,4,0,0,3,0,0,3,0,0,1,0,0,0,-9,0,0,0,0,0,0,0,0,0,0,0,0,0,0,0,0,0,0,0,0,0,0,0,0,0,0
1880,5,2,22.89692681,1,95812,1,0,0,4,0,0,0,1,0,2,5,4,4,5,4,5,4,4,5,5,3,2,3,2,3,2,2,2,3,3,2,0.749392794,0.651521663,0.524774162,0,0,0,0,1,1,1,1,0,0,2,0,4,0,0,3,1,0,1,0,0,1,0,0,0,1,1,0,0,0,0,0,0,0,0,0,0,0,0,0,0,0,0,0,0,0,0,0,0,0,0,0
1884,3,2,0.087717748,1,85213,0,1,0,3,0,0,1,0,0,3,2,2,4,5,4,3,4,5,4,4,1,1,3,1,3,3,1,3,2,3,2,0.358297919,1.385364799,0.542590027,0,1,0,0,2,1,1,1,0,0,2,0,4,0,0,3,0,0,3,1,0,0,0,1,0,-9,0,0,1,0,2,0,1,0,2,0,1,0,2,1,0,0,1,0,1,0,2,0,0,1,0,3
1887,3,2,0.021035229,1,85363,0,1,0,2,0,1,0,0,0,2,6,2,5,3,1,3,1,4,1,1,1,1,1,1,2,2,2,2,3,2,4,0.620164264,0.601076289,-0.97791102,1,0,1,0,3,0,0,1,0,0,2,0,4,1,0,1,1,0,1,0,1,0,1,0,0,1,1,0,1,0,2,0,1,0,2,1,0,0,1,0,0,1,3,1,0,0,1,0,0,1,0,3
1890,3,2,0.015835915,1,85361,0,0,1,2,0,1,0,0,0,2,3,3,4,5,1,1,1,4,3,3,3,3,2,3,2,2,2,3,4,2,2,-0.664190541,0.238663361,-0.628779421,1,1,0,0,2,1,1,1,0,0,2,0,4,0,0,0,0,0,3,1,1,0,0,1,0,1,1,1,0,0,1,1,0,0,1,1,0,0,1,0,0,1,3,1,0,0,1,1,0,0,0,1
1891,3,4,0.041811807,1,85379,0,1,0,3,0,0,1,0,0,1,2,1,5,5,1,1,1,2,4,2,2,2,2,2,2,2,2,2,3,3,3,0.835055743,0.693004172,-0.256043746,0,0,0,1,4,0,0,1,0,0,2,0,4,0,1,2,0,1,2,0,0,0,0,1,0,1,1,0,0,1,3,1,0,0,1,0,1,0,2,1,0,0,1,1,0,0,1,1,0,0,0,1
1892,1,2,0.02707241,1,85034,0,1,0,2,0,1,0,0,0,2,4,1,2,2,4,3,4,4,4,4,3,2,3,2,2,1,3,2,1,3,3,-1.920962959,0.84571097,-0.94391083,0,0,0,0,1,0,0,1,0,0,2,0,4,0,1,2,0,0,3,1,0,0,1,0,0,-9,0,1,0,0,1,0,0,1,3,0,0,1,3,0,1,0,2,0,0,1,3,0,0,0,1,4
1894,3,4,0.005937326,1,85205,0,1,0,2,0,1,0,0,0,3,5,4,4,4,1,3,1,4,4,3,2,2,2,2,2,2,1,2,3,3,4,-1.106635233,-0.840075794,-0.185663215,1,0,1,1,4,0,0,1,0,0,2,0,4,1,0,1,1,0,1,0,1,0,0,1,1,1,1,0,1,0,2,0,1,0,2,0,1,0,2,0,1,0,2,1,0,0,1,0,0,1,0,3
1896,3,1,0.03140241,1,85255,0,1,0,3,0,0,1,0,0,1,5,0,5,2,1,5,1,1,5,5,3,3,1,1,3,1,1,1,2,2,2,1.279126195,1.401404936,0.575088471,1,0,0,0,1,0,0,1,0,0,2,0,4,0,1,2,0,0,3,1,0,0,1,1,0,1,1,1,0,0,1,0,1,0,2,0,0,1,3,0,1,0,2,1,0,0,1,1,0,0,0,1
1897,3,2,0.091440204,1,85020,1,0,0,2,0,1,0,0,0,2,4,4,4,4,4,3,4,5,5,3,1,1,1,1,1,1,3,3,2,2,2,-0.729890168,0.303991375,0.410847608,0,1,0,0,2,0,0,1,0,0,2,0,4,0,1,2,1,0,1,0,0,0,1,0,1,-9,0,0,0,1,3,0,0,1,3,0,1,0,2,0,0,1,3,1,0,0,1,0,0,0,1,4
1899,3,2,0.035460503,0,85142,0,1,0,1,1,0,0,0,0,1,2,1,5,2,1,5,1,1,4,4,2,3,1,1,3,2,2,1,2,2,2,0.373990904,0.711379148,0.161831312,0,0,1,0,3,0,0,1,0,0,2,0,4,0,1,2,0,0,3,1,0,0,0,1,0,-9,0,1,0,0,1,1,0,0,1,0,1,0,2,0,0,1,3,1,0,0,1,1,0,0,0,1
1900,3,4,0.015601145,1,85009,1,0,0,2,0,1,0,0,0,2,5,3,5,5,1,5,1,1,5,5,1,1,3,2,1,1,1,3,2,2,2,-0.081411702,0.490158286,-0.210927178,0,0,0,1,4,1,1,0,0,1,2,0,3,1,0,1,1,0,1,0,1,0,0,1,1,-9,0,0,0,1,3,0,0,1,3,0,0,1,3,0,1,0,2,1,0,0,1,0,0,0,1,4
1901,3,2,0.135035928,1,85295,0,1,0,1,1,0,0,0,0,2,5,4,1,5,1,1,2,5,3,2,1,1,1,1,1,2,2,2,4,3,3,-0.024312818,-1.176254107,1.689518222,1,0,1,0,3,1,1,1,0,0,1,1,1,0,0,3,0,1,2,0,0,0,0,1,0,-9,0,0,1,0,2,0,0,1,3,0,0,1,3,0,0,1,3,1,0,0,1,0,0,1,0,3
1903,3,4,0.004513914,1,85302,0,1,0,1,1,0,0,0,0,1,6,1,5,5,1,2,1,3,5,4,2,2,2,2,2,2,2,2,4,3,4,-1.678552786,-0.592718286,1.655487638,1,0,1,0,3,0,0,0,1,0,2,0,2,1,0,1,1,0,1,0,0,0,0,0,1,1,1,0,0,1,3,0,1,0,2,1,0,0,1,0,1,0,2,1,0,0,1,0,0,0,1,4
1904,3,4,0.006407363,1,85029,1,0,0,1,1,0,0,0,0,1,5,5,1,2,1,1,5,4,4,4,1,2,1,3,1,3,3,2,4,4,3,-0.458447146,1.293772793,1.07360117,0,0,1,0,3,0,0,1,0,0,2,0,4,1,0,1,1,0,1,0,0,0,0,0,1,-9,0,0,0,1,3,0,0,1,3,0,0,1,3,0,1,0,2,1,0,0,1,0,0,0,1,4
1905,3,2,0.031730625,1,85009,1,0,0,3,0,0,1,0,0,3,5,2,4,3,1,1,1,1,2,1,2,1,2,1,1,1,1,3,1,2,1,-0.760847889,1.454556352,0.10991645,0,1,0,0,2,1,1,1,0,0,2,0,4,0,1,2,0,0,3,1,0,0,1,1,0,1,1,0,0,1,3,0,0,1,3,0,0,1,3,0,1,0,2,1,0,0,1,0,0,0,1,4
1907,49,2,0.039161467,0,98407,0,1,0,2,0,1,0,0,0,3,5,3,3,3,3,3,2,3,3,3,2,2,1,2,2,1,2,3,4,2,2,-2.039325331,-0.47899696,0.157332852,0,1,0,0,2,0,0,1,0,0,2,0,4,1,0,1,0,1,2,1,1,0,0,1,1,-9,0,0,1,0,2,0,1,0,2,1,0,0,1,1,0,0,1,0,1,0,2,0,0,0,1,4
1908,4,2,0.009351513,1,85008,1,0,0,3,0,0,1,0,0,3,4,4,4,4,5,4,5,5,5,4,1,1,3,1,3,3,3,3,3,2,2,0.648593033,0.403009931,0.955046192,1,0,1,0,3,0,0,0,1,0,2,0,2,1,0,1,1,0,1,0,0,0,1,0,1,1,1,0,0,1,3,0,0,1,3,0,1,0,2,0,0,1,3,0,1,0,2,0,0,1,0,3
1909,3,2,0.072080338,1,85003,0,1,0,3,0,0,1,0,0,2,4,3,4,3,3,4,4,3,4,4,2,2,2,2,2,2,2,2,3,3,4,-1.126469355,0.08481806,-0.093281978,0,1,0,0,2,1,1,1,0,0,2,0,4,0,0,3,0,0,3,1,0,0,1,1,0,1,1,0,1,0,2,0,0,1,3,0,0,1,3,0,1,0,2,0,0,1,3,0,0,0,1,4
1913,3,4,0.029723628,1,85301,1,0,0,4,0,0,0,1,0,3,4,4,1,5,3,4,4,5,5,1,2,2,3,3,2,2,2,3,4,4,2,-1.404345503,0.715279132,-1.345612629,0,1,0,0,2,0,0,1,0,0,2,0,4,1,0,1,1,0,1,0,0,0,0,0,1,1,1,0,0,1,3,0,0,1,3,0,1,0,2,1,0,0,1,1,0,0,1,0,0,0,1,4
1916,3,1,0.027701671,1,85210,1,0,0,2,0,1,0,0,0,4,2,1,4,2,2,4,2,4,5,5,2,3,3,1,3,3,3,2,2,2,2,0.447859701,0.307534558,-0.206738983,0,0,0,0,1,1,1,1,0,0,2,0,4,0,1,2,0,0,3,1,0,1,1,0,0,1,1,0,0,1,3,0,0,1,3,0,0,1,3,0,1,0,2,0,0,1,3,0,0,0,1,4
1918,3,4,0.012648536,1,85339,0,1,0,2,0,1,0,0,0,1,5,1,4,3,1,2,1,1,4,3,1,3,1,1,3,1,1,2,2,2,2,0.95105812,0.174100568,0.063115232,1,0,0,1,4,0,1,1,0,0,2,0,4,0,1,2,0,0,3,1,0,0,0,1,0,1,1,1,0,0,1,1,0,0,1,1,0,0,1,1,0,0,1,1,0,0,1,0,1,0,0,2
1920,3,2,0.006815494,1,85260,0,1,0,5,0,0,0,0,1,1,6,0,2,3,1,1,1,4,5,5,2,2,2,2,2,2,2,2,4,2,4,0.950582815,-0.511198872,0.609520674,1,0,1,0,3,1,1,1,0,0,2,0,4,1,0,1,1,0,1,0,0,0,1,0,0,1,1,0,1,0,2,0,0,1,3,0,0,1,3,0,1,0,2,1,0,0,1,0,0,1,0,3
1922,3,4,0.00084476,1,85007,0,1,0,1,1,0,0,0,0,1,5,2,5,1,1,4,2,4,3,4,2,2,2,2,1,3,1,1,3,3,3,-0.200420139,-1.806309592,0.760721647,1,1,0,0,2,0,0,1,0,0,2,0,4,1,0,1,1,0,1,0,0,0,0,0,1,0,0,0,1,0,2,0,0,1,3,0,0,1,3,0,0,1,3,0,1,0,2,0,0,0,1,4
1928,3,3,0.448753963,1,85043,0,1,0,2,0,1,0,0,0,3,3,3,1,1,1,1,4,3,5,5,2,2,2,2,3,2,2,1,3,3,3,-2.054571085,0.721786228,-0.978845868,1,0,0,0,1,0,0,0,0,0,1,1,1,0,0,3,0,0,3,1,0,0,0,1,0,-9,0,1,0,0,1,0,0,1,3,0,0,1,3,0,0,1,3,1,0,0,1,0,0,1,0,3
1929,3,2,0.02509371,1,85308,0,1,0,2,0,1,0,0,0,2,5,2,4,5,2,4,3,4,4,3,1,1,1,1,1,2,2,3,2,2,1,-1.150360888,0.505517398,0.285580171,1,1,0,0,2,0,0,1,0,0,2,0,4,0,1,2,0,0,3,0,0,0,0,1,0,1,1,0,1,0,2,0,1,0,2,0,0,1,3,0,1,0,2,1,0,0,1,0,0,1,0,3
1933,3,4,0.01881357,1,85373,0,1,0,1,1,0,0,0,0,1,2,1,4,5,4,3,3,4,5,4,3,3,3,3,3,2,2,1,2,2,2,0.150702426,-1.452939407,-1.57722894,1,0,0,0,1,1,1,1,0,0,2,0,4,0,1,2,0,0,3,1,0,0,0,1,0,-9,0,0,1,0,2,1,0,0,1,0,1,0,2,1,0,0,1,1,0,0,1,1,0,0,0,1
1934,3,3,0.009540821,1,85009,1,0,0,1,1,0,0,0,0,1,3,0,5,3,1,1,1,1,5,5,1,1,3,3,3,3,2,2,2,2,2,0.568265374,0.233055408,0.405895145,0,1,0,0,2,0,0,1,0,0,2,0,4,0,1,2,0,1,2,1,0,0,0,0,1,-9,0,0,0,1,3,0,0,1,3,0,0,1,3,0,1,0,2,1,0,0,1,0,0,0,1,4
1935,3,4,0.56842149,1,85297,0,1,0,2,0,1,0,0,0,1,3,3,2,4,4,4,4,4,4,4,1,2,2,2,2,1,1,2,3,3,1,0.282144873,0.464270655,-0.26023817,0,1,0,0,2,0,1,1,0,1,2,0,3,0,0,3,0,0,3,1,0,0,0,1,0,1,1,0,0,1,3,1,0,0,1,0,0,1,3,1,0,0,1,1,0,0,1,0,1,0,0,2
1936,49,2,0.132720897,0,98406,1,0,0,3,0,0,1,0,0,3,3,2,3,4,3,4,1,4,4,3,1,3,3,1,1,3,1,1,1,2,1,1.312971728,-0.491251952,0.17399932,1,0,1,0,3,0,0,1,0,0,2,0,4,0,1,2,1,0,1,0,0,0,0,0,1,-9,0,0,0,1,3,0,0,1,3,0,1,0,2,0,0,1,3,1,0,0,1,0,0,0,1,4
1940,49,2,0.061510775,0,98001,0,1,0,2,0,1,0,0,0,1,4,5,4,4,5,4,4,5,4,4,2,1,1,2,2,1,3,2,3,1,2,0.236513824,1.265655844,0.985442592,0,1,0,0,2,1,1,1,0,0,2,0,4,0,0,3,0,0,3,0,1,1,0,1,0,0,0,0,1,0,2,0,1,0,2,0,0,1,3,1,0,0,1,0,1,0,2,0,1,0,0,2
1942,3,2,0.06411642,1,85338,0,1,0,5,0,0,0,0,1,1,4,4,1,5,1,1,1,4,5,5,1,1,1,3,2,3,2,2,2,2,2,1.251303572,-1.716005576,0.981894742,1,1,0,0,2,1,1,1,0,0,2,0,4,0,0,3,0,0,3,1,0,0,0,1,0,-9,0,1,0,0,1,1,0,0,1,0,1,0,2,0,0,1,3,1,0,0,1,0,1,0,0,2
1943,3,4,0.066479481,1,85234,0,1,0,2,0,1,0,0,0,1,6,3,4,3,2,3,2,4,4,4,2,2,2,2,2,2,2,2,3,3,4,-0.06441841,-0.391960613,0.147071744,1,1,0,0,2,0,0,1,0,0,2,0,4,1,0,1,0,1,2,0,0,0,0,1,0,1,1,0,1,0,2,0,1,0,2,0,0,1,3,0,0,1,3,1,0,0,1,0,0,1,0,3
1945,3,4,0.016796097,1,85203,0,1,0,1,1,0,0,0,0,1,4,2,4,4,2,4,2,2,4,3,2,2,2,2,2,2,2,2,3,3,4,-0.918035061,-0.455175331,0.290394852,1,0,0,1,4,0,1,1,0,0,2,0,4,1,0,1,1,0,1,0,1,0,0,1,0,1,1,0,0,1,3,0,1,0,2,0,1,0,2,0,0,1,3,0,0,1,3,0,0,0,1,4
1947,3,4,0.015431304,1,85284,0,1,0,1,1,0,0,0,0,2,4,3,3,3,2,2,2,2,3,3,2,1,2,2,2,2,2,2,4,3,3,-0.114801695,0.230073939,-1.319338253,1,0,0,1,4,1,1,1,0,0,2,0,4,0,1,2,0,1,2,0,0,0,0,1,0,1,1,0,1,0,2,0,0,1,3,0,0,1,3,0,1,0,2,1,0,0,1,0,0,0,1,4
1948,3,2,0.022517733,1,85044,1,0,0,1,1,0,0,0,0,2,5,3,3,3,3,4,4,3,4,3,2,2,2,2,2,2,2,2,3,3,3,0.181396369,0.163019991,-0.894067914,0,1,0,0,2,0,0,0,1,0,2,0,2,0,1,2,0,0,3,0,0,1,1,0,0,1,1,0,0,1,3,0,0,1,3,0,0,1,3,0,0,1,3,1,0,0,1,0,0,0,1,4
1950,3,2,0.055140135,1,85205,0,1,0,2,0,1,0,0,0,1,3,2,4,4,1,1,2,5,5,4,2,2,2,3,1,3,2,3,2,2,2,0.274743712,0.533672902,0.279251406,1,1,0,0,2,0,0,1,0,0,2,0,4,0,0,3,0,0,3,1,0,0,0,1,0,1,1,0,1,0,2,0,1,0,2,0,1,0,2,0,1,0,2,1,0,0,1,0,0,1,0,3
1951,3,4,0.009184006,1,85033,0,1,0,2,0,1,0,0,0,2,5,3,4,5,4,4,1,4,4,4,2,2,1,1,3,3,3,2,2,3,3,0.247569137,0.32097096,-0.404638502,0,0,0,1,4,0,0,1,0,0,2,0,4,1,0,1,0,1,2,0,1,0,0,0,1,1,1,0,0,1,3,0,1,0,2,1,0,0,1,1,0,0,1,1,0,0,1,0,0,1,0,3
1952,3,2,0.012968684,1,85035,0,1,0,2,0,1,0,0,0,1,2,3,4,2,1,2,1,4,5,4,3,1,1,3,2,2,2,2,1,2,2,-0.38606489,0.383723285,-0.68813032,0,1,0,0,2,0,0,0,1,0,2,0,2,1,0,1,0,1,2,0,0,0,1,0,0,1,1,0,0,1,3,0,1,0,2,0,1,0,2,1,0,0,1,1,0,0,1,0,0,1,0,3
1954,3,4,0.001010833,1,85007,0,1,0,2,0,1,0,0,0,1,5,3,4,3,4,3,2,5,5,3,3,1,3,1,1,3,3,3,3,2,4,-0.42638134,0.157751782,-0.119107819,0,0,1,0,3,0,0,1,0,0,2,0,4,1,0,1,1,0,1,0,1,0,0,0,1,1,1,0,1,0,2,0,0,1,3,0,0,1,3,0,0,1,3,0,1,0,2,0,0,0,1,4
1956,3,4,0.003211699,1,85021,1,0,0,2,0,1,0,0,0,2,4,5,1,5,3,3,2,3,4,4,2,2,3,2,2,1,2,3,3,3,2,-0.563058642,-0.085990949,-0.826160377,1,0,1,0,3,0,0,1,0,0,2,0,4,1,0,1,1,0,1,0,1,0,0,0,1,1,1,0,0,1,3,0,0,1,3,1,0,0,1,0,1,0,2,0,0,1,3,0,0,0,1,4
1958,3,4,0.185852255,1,85374,0,1,0,1,1,0,0,0,0,2,2,2,4,4,2,2,2,3,3,3,2,2,2,2,2,2,2,2,3,3,3,0.312995968,-0.12640794,0.059363846,0,0,0,1,4,0,0,1,0,0,2,0,4,0,0,3,1,0,1,0,0,0,0,1,0,-9,0,0,1,0,2,0,1,0,2,0,0,1,3,0,1,0,2,1,0,0,1,1,0,0,0,1
1959,3,2,0.142256312,1,85008,1,0,0,3,0,0,1,0,0,3,4,5,5,5,5,5,5,5,5,5,1,3,1,3,3,1,1,3,2,2,2,-0.344544738,-0.773117803,-0.884887943,0,0,1,0,3,1,1,0,0,1,2,0,3,0,1,2,1,0,1,0,0,0,0,1,0,1,1,0,0,1,3,0,0,1,3,0,1,0,2,0,0,1,3,0,1,0,2,0,0,1,0,3
1962,3,4,0.015431304,1,85202,1,0,0,3,0,0,1,0,0,2,5,5,4,1,1,1,1,1,4,4,1,2,2,2,2,2,2,2,3,3,1,0.8037647,-0.253582586,0.091742013,1,0,0,1,4,1,1,1,0,0,2,0,4,0,1,2,0,1,2,0,0,0,0,1,0,1,1,0,0,1,3,0,1,0,2,0,0,1,3,0,0,1,3,0,1,0,2,0,0,0,1,4
1963,3,4,0.192171179,1,85360,0,0,1,1,1,0,0,0,0,2,2,2,3,3,3,3,3,3,3,3,2,2,2,2,2,2,2,2,3,3,3,0.166567012,0.814805732,0.085731821,0,0,0,1,4,0,0,1,0,0,2,0,4,0,1,2,1,0,1,0,0,0,0,0,0,-9,0,0,0,0,0,0,0,0,0,0,0,0,0,0,0,0,0,0,0,0,0,0,0,0,0,0
1965,3,3,0.048047123,1,85209,0,1,0,1,1,0,0,0,0,1,2,0,2,1,1,3,1,1,3,4,2,2,2,2,2,2,2,1,2,2,2,0.291965858,1.386733088,0.13858364,1,0,0,0,1,0,0,1,0,0,2,0,4,1,0,1,0,0,3,0,0,0,0,1,0,1,1,0,1,0,2,0,1,0,2,0,0,1,3,1,0,0,1,1,0,0,1,0,0,1,0,3
1966,3,4,0.005534637,1,85042,0,1,0,1,1,0,0,0,0,4,4,5,4,4,2,4,2,4,4,4,2,1,2,2,2,2,2,1,2,2,2,-0.959934672,0.784852811,-0.756999106,1,0,1,0,3,0,0,1,0,0,1,1,1,1,0,1,1,0,1,0,0,0,0,0,0,-9,0,0,0,1,3,0,1,0,2,1,0,0,1,1,0,0,1,1,0,0,1,0,0,1,0,3
1968,3,2,0.013502205,1,85207,0,1,0,5,0,0,0,0,1,1,4,5,5,4,5,4,5,4,5,4,1,1,3,3,3,3,1,3,2,2,2,0.476521024,1.255630207,1.052142622,1,1,0,0,2,0,0,1,0,0,2,0,4,1,0,1,0,0,3,1,0,0,0,1,0,1,1,0,1,0,2,1,0,0,1,0,0,1,3,1,0,0,1,1,0,0,1,0,1,0,0,2
1971,3,2,0.024946245,1,85035,0,1,0,2,0,1,0,0,0,2,4,4,4,5,4,5,5,5,4,4,3,3,1,3,3,1,1,1,2,1,2,0.471638693,1.083445768,0.997323981,1,1,0,0,2,0,1,1,0,0,2,0,4,0,1,2,0,0,3,1,0,0,1,1,0,-9,0,0,0,1,3,0,1,0,2,0,1,0,2,1,0,0,1,1,0,0,1,0,0,1,0,3
1972,3,4,0.0266449,1,85027,0,1,0,1,1,0,0,0,0,2,4,3,2,5,3,1,3,5,5,3,1,2,2,1,2,2,2,3,4,4,3,-0.335596958,0.032814396,-0.015362891,0,0,0,1,4,0,0,1,0,0,2,0,4,0,1,2,0,1,2,0,1,0,0,1,0,1,1,0,1,0,2,0,0,1,3,0,0,1,3,0,1,0,2,1,0,0,1,0,0,1,0,3
1973,3,4,0.024215166,1,85284,0,1,0,2,0,1,0,0,0,1,3,3,5,5,1,3,1,5,3,4,1,1,1,1,3,1,1,3,3,3,3,1.127829907,-0.059708505,0.749976919,1,0,0,1,4,0,1,1,0,0,2,0,4,0,0,0,0,1,2,0,0,0,0,1,0,-9,0,0,1,0,2,0,0,1,3,0,0,1,3,0,1,0,2,1,0,0,1,0,0,0,1,4
1976,3,4,0.122897117,1,85254,0,1,0,1,1,0,0,0,0,1,4,1,3,5,2,4,1,3,5,3,1,1,1,1,2,1,1,2,1,3,1,-0.468535989,0.007440848,0.838109905,0,0,0,1,4,0,1,1,0,0,2,0,4,0,0,3,0,1,2,0,0,0,0,1,0,1,1,0,1,0,2,0,0,1,3,0,0,1,3,0,1,0,2,1,0,0,1,0,0,1,0,3
1981,3,2,0.032985848,1,85201,1,0,0,3,0,0,1,0,0,3,6,4,1,1,1,5,4,3,3,2,2,2,1,1,2,2,2,1,2,2,4,-0.693123353,-0.509054168,0.725220706,1,1,0,0,2,0,0,1,0,0,2,0,4,0,1,2,0,0,3,1,0,0,1,0,0,1,1,0,0,1,3,0,0,1,3,0,1,0,2,0,0,1,3,0,0,1,3,0,0,0,1,4
1985,3,4,0.009640346,1,85308,0,1,0,1,1,0,0,0,0,1,4,3,3,3,3,3,2,4,5,5,2,2,3,2,2,2,1,2,3,3,3,0.036115978,0.113881138,0.101789858,0,0,0,1,4,0,0,1,0,0,2,0,4,0,1,2,0,0,3,0,0,0,0,1,0,1,1,0,1,0,2,0,1,0,2,0,0,1,3,0,1,0,2,1,0,0,1,0,0,1,0,3
1986,3,4,0.006673805,1,85206,0,1,0,2,0,1,0,0,0,2,4,4,3,5,3,1,3,4,5,5,2,2,2,2,2,2,2,2,3,3,4,-0.282417656,-0.352216372,-0.437058698,1,0,1,0,3,1,1,1,0,0,2,0,4,1,0,1,1,0,1,0,0,0,0,0,0,-9,0,0,1,0,2,0,0,1,3,0,0,1,3,0,0,1,3,1,0,0,1,0,0,1,0,3
1990,3,4,0.003220631,1,85201,1,0,0,1,1,0,0,0,0,1,5,3,4,5,1,4,2,5,5,3,2,1,3,1,1,3,2,3,2,2,2,-0.83380083,-0.51975564,0.344747099,1,0,1,0,3,0,0,1,0,0,2,0,4,1,0,1,0,0,3,1,1,0,0,0,0,-9,0,0,0,1,3,0,0,1,3,0,1,0,2,0,0,1,3,0,0,1,3,0,0,0,1,4
1992,3,2,0.007904765,1,85301,1,0,0,4,0,0,0,1,0,2,1,5,1,5,1,4,1,4,3,4,1,3,3,3,3,1,3,1,2,2,2,0.001293715,0.641794843,0.271155991,0,1,0,0,2,0,0,0,1,0,2,0,2,0,1,2,0,0,3,1,0,0,1,0,1,-9,0,0,0,1,3,0,0,1,3,0,1,0,2,1,0,0,1,1,0,0,1,0,0,0,1,4
1993,3,2,0.017743538,1,85281,1,0,0,1,1,0,0,0,0,1,3,0,3,5,2,2,1,5,5,2,2,2,2,2,2,2,2,2,4,3,4,0.177517635,0.36693094,0.721264194,1,1,0,0,2,1,1,1,0,0,1,1,1,1,0,1,0,0,3,0,0,0,1,1,0,-9,0,0,0,1,3,0,0,1,3,0,0,1,3,0,1,0,2,0,0,1,3,0,0,0,1,4
1995,3,2,0.4243988,0,37501,0,0,1,4,0,0,0,1,0,2,4,4,4,5,4,4,4,5,5,4,2,2,2,2,2,2,2,2,3,3,4,0.114871006,1.465670881,0.389884923,0,0,0,0,1,1,1,1,0,0,2,0,4,0,0,3,0,0,3,1,1,0,0,0,0,-9,0,0,0,0,0,0,0,0,0,0,0,0,0,0,0,0,0,0,0,0,0,0,0,0,0,0
1996,3,2,0.0292317,1,85029,1,0,0,3,0,0,1,0,0,3,2,3,3,4,2,4,1,2,5,2,2,2,2,2,2,2,2,2,1,3,4,0.196160958,0.17404754,-1.371382383,0,0,1,0,3,0,0,1,0,0,2,0,4,1,0,1,0,1,2,0,1,0,1,1,0,1,1,0,0,1,3,0,0,1,3,0,0,1,3,0,1,0,2,1,0,0,1,0,0,0,1,4
1998,3,4,0.241268683,1,85345,0,1,0,2,0,1,0,0,0,1,5,2,4,5,2,1,1,4,5,4,2,2,2,3,3,2,2,3,4,4,3,-0.485209809,-2.066504753,-0.606303748,0,0,0,1,4,0,0,1,0,0,2,0,4,1,0,1,1,0,1,0,1,0,0,0,0,1,1,0,1,0,2,0,1,0,2,0,0,1,3,1,0,0,1,1,0,0,1,0,0,1,0,3
1999,3,4,0.07304527,1,85051,1,0,0,2,0,1,0,0,0,2,3,3,3,4,2,3,2,4,4,4,2,2,2,2,2,2,2,2,3,3,4,0.127308777,0.899734788,0.213030542,1,0,0,1,4,0,0,1,0,0,2,0,4,0,0,3,0,1,2,0,0,0,0,1,0,-9,0,0,0,1,3,0,0,1,3,0,0,1,3,0,1,0,2,1,0,0,1,0,0,0,1,4
2001,3,4,0.062630749,1,85009,1,0,0,3,0,0,1,0,0,5,6,5,1,5,3,4,1,4,4,4,2,2,2,2,2,2,2,3,1,2,4,-1.171070959,-1.130085437,0.917207871,1,1,0,0,2,0,0,1,0,0,1,1,1,1,0,1,0,0,3,1,0,0,0,0,1,1,1,0,0,1,3,0,0,1,3,0,0,1,3,0,1,0,2,1,0,0,1,0,0,0,1,4
2002,3,2,0.05589882,1,85030,1,0,0,4,0,0,0,1,0,2,5,4,5,4,3,4,5,4,3,4,2,3,2,2,1,3,2,3,3,3,3,0.41500158,1.125826008,0.594589191,0,1,0,0,2,1,1,1,0,0,2,0,4,0,0,3,0,0,3,1,0,0,0,1,0,-9,0,0,0,0,0,0,0,0,0,0,0,0,0,0,0,0,0,0,0,0,0,0,0,0,0,0
2003,3,4,0.299158775,0,85941,0,1,0,1,1,0,0,0,0,2,4,1,5,3,1,2,1,3,5,4,2,2,2,2,2,2,2,3,3,2,3,0.224940534,-0.409290387,0.372480489,1,0,1,0,3,0,0,0,0,0,2,0,5,1,0,1,0,1,2,0,0,0,0,1,1,-9,0,1,0,0,1,1,0,0,1,1,0,0,1,0,0,1,3,1,0,0,1,1,0,0,0,1
2005,3,2,0.135011227,1,85030,1,0,0,4,0,0,0,1,0,2,5,4,4,5,4,4,5,4,4,5,3,2,2,2,3,3,2,2,3,3,2,0.917594543,1.075155062,0.133968906,0,1,0,0,2,1,1,1,0,0,2,0,4,0,0,3,0,0,3,1,0,1,0,0,0,-9,0,0,0,0,0,0,0,0,0,0,0,0,0,0,0,0,0,0,0,0,0,0,0,0,0,0
2006,3,2,0.329067992,1,85030,1,0,0,4,0,0,0,1,0,2,5,5,5,4,3,4,4,5,4,5,2,3,2,3,2,2,3,2,3,2,3,0.502706698,1.470734812,0.95382829,0,0,0,0,1,1,1,1,0,0,2,0,4,0,0,3,1,0,1,0,0,0,0,1,0,-9,0,0,0,0,0,0,0,0,0,0,0,0,0,0,0,0,0,0,0,0,0,0,0,0,0,0
2009,3,2,0.072080338,1,85033,0,1,0,3,0,0,1,0,0,3,2,2,4,4,5,4,3,4,5,4,2,2,3,3,3,1,2,3,2,1,2,0.25311049,0.95892435,0.108644583,0,1,0,0,2,1,1,1,0,0,2,0,4,0,0,3,0,0,3,1,0,0,0,1,0,-9,0,0,0,1,3,0,1,0,2,1,0,0,1,1,0,0,1,1,0,0,1,0,0,1,0,3
2017,3,2,0.031095858,1,85030,1,0,0,4,0,0,0,1,0,2,5,5,4,3,4,3,4,4,5,4,2,2,3,2,2,2,2,2,3,4,3,-0.147583362,1.161909641,-0.149412871,0,1,0,0,2,1,1,1,0,0,2,0,4,0,0,3,0,0,3,1,1,0,0,0,0,-9,0,0,0,0,0,0,0,0,0,0,0,0,0,0,0,0,0,0,0,0,0,0,0,0,0,0
2021,3,4,0.014447318,1,85053,1,0,0,3,0,0,1,0,0,3,5,5,3,5,3,1,1,5,5,5,2,3,3,3,2,2,2,3,2,2,2,1.427093089,0.289909197,0.123498792,1,0,1,0,3,0,0,1,0,0,2,0,4,1,0,1,0,0,3,0,1,0,0,1,0,1,1,0,0,1,3,0,0,1,3,0,0,1,3,0,1,0,2,1,0,0,1,0,0,0,1,4
2022,3,2,0.152755116,1,85030,1,0,0,4,0,0,0,1,0,2,5,4,4,5,5,5,4,4,5,5,3,2,2,3,3,3,2,2,2,2,3,0.721453818,0.934751362,0.254859226,0,0,0,0,1,1,1,1,0,0,2,0,4,0,0,3,0,0,3,1,0,1,0,0,0,-9,0,0,0,0,0,0,0,0,0,0,0,0,0,0,0,0,0,0,0,0,0,0,0,0,0,0
2023,3,2,0.017067763,1,85017,1,0,0,1,1,0,0,0,0,2,2,4,2,4,2,2,4,4,4,3,1,1,1,1,2,2,2,1,3,1,1,0.073820502,-0.170445977,0.119783227,1,1,0,0,2,0,0,1,0,0,2,0,4,1,0,1,0,1,2,1,0,0,1,0,0,1,1,0,0,1,3,0,0,1,3,0,0,1,3,0,1,0,2,1,0,0,1,0,0,1,0,3
2024,3,2,0.012647011,1,85045,0,1,0,3,0,0,1,0,0,2,2,4,4,4,5,4,1,4,4,4,2,2,2,2,2,3,2,2,3,3,3,0.098976853,0.25839749,1.443052894,1,0,1,0,3,0,1,1,0,0,2,0,4,0,1,2,0,0,3,0,0,0,0,1,0,1,1,0,1,0,2,1,0,0,1,1,0,0,1,1,0,0,1,1,0,0,1,1,0,0,0,1
2028,3,2,0.045933759,1,85001,1,0,0,2,0,1,0,0,0,2,4,4,4,5,5,4,4,5,3,4,2,3,2,3,2,2,2,3,2,2,3,0.616742277,0.803290248,0.307622861,0,1,0,0,2,1,1,1,0,0,2,0,4,0,0,3,0,0,3,1,0,0,1,1,0,1,1,0,0,0,0,0,0,0,0,0,0,0,0,0,0,0,0,0,0,0,0,0,0,0,0,0
2030,3,4,0.025348174,1,85208,0,1,0,1,1,0,0,0,0,1,4,3,5,4,1,5,1,4,4,3,2,2,2,2,3,3,2,3,2,2,4,-1.162290618,1.120913831,0.190228126,1,0,1,0,3,0,0,1,0,0,2,0,4,1,0,1,0,1,2,0,0,0,0,1,0,-9,0,0,1,0,2,0,1,0,2,0,0,1,3,0,1,0,2,1,0,0,1,0,1,0,0,2
2032,3,4,0.006089388,1,85375,0,1,0,1,1,0,0,0,0,1,3,3,3,3,2,4,2,3,5,2,1,2,2,2,3,1,2,1,2,2,2,0.403959472,0.12761348,-1.033074378,1,0,1,1,4,0,1,1,0,0,2,0,4,1,0,1,1,0,1,0,0,0,0,0,0,1,1,1,0,0,1,1,0,0,1,0,1,0,2,1,0,0,1,1,0,0,1,1,0,0,0,1
2040,3,2,0.051934439,1,85331,0,1,0,2,0,1,0,0,0,2,3,3,4,4,3,3,1,5,5,5,2,2,1,3,2,2,2,2,1,2,2,1.197408324,0.075280942,-0.749243254,0,0,0,1,4,1,1,1,0,0,2,0,4,0,1,2,1,0,1,0,1,0,0,1,0,1,1,1,0,0,1,1,0,0,1,0,0,1,3,0,1,0,2,1,0,0,1,1,0,0,0,1
2042,3,4,0.041811807,1,85032,0,1,0,1,1,0,0,0,0,2,3,2,4,4,1,3,1,2,3,1,2,2,2,2,2,2,2,2,3,3,4,0.184444604,-1.25407278,-1.159176378,0,0,0,1,4,0,0,1,0,0,2,0,4,0,1,2,0,1,2,0,1,0,0,1,0,1,1,0,0,1,3,0,1,0,2,0,0,1,3,0,0,1,3,1,0,0,1,0,0,0,1,4
2043,3,2,0.018568409,1,85032,0,1,0,2,0,1,0,0,0,1,2,0,2,5,5,5,1,1,5,5,3,3,2,2,3,3,3,3,1,1,1,1.064144885,-0.365375045,0.508546137,0,0,1,0,3,1,1,1,0,0,2,0,4,1,0,1,1,0,1,0,0,0,1,0,0,1,1,0,0,1,3,0,1,0,2,0,0,1,3,0,0,1,3,1,0,0,1,0,0,0,1,4
2044,3,2,0.00884727,1,85226,0,1,0,1,1,0,0,0,0,2,1,1,1,5,3,5,4,4,5,4,1,1,2,1,1,3,2,3,1,2,2,-0.392159514,0.816227964,0.724693489,1,0,1,0,3,0,1,1,0,0,2,0,4,1,0,1,0,0,3,1,0,0,0,1,0,1,1,0,1,0,2,0,0,1,3,0,0,1,3,0,0,1,3,1,0,0,1,0,0,0,1,4
2045,49,4,0.012748747,0,98445,0,1,0,1,1,0,0,0,0,3,6,3,1,5,1,1,1,4,3,1,2,2,2,2,2,2,2,2,4,3,4,1.014380155,-1.689180803,0.301802844,1,0,1,0,3,0,0,1,0,0,2,0,4,1,0,1,0,0,3,0,0,0,0,0,0,1,1,0,1,0,2,1,0,0,1,1,0,0,1,1,0,0,1,1,0,0,1,1,0,0,0,1
2046,3,2,0.045275421,1,85260,0,1,0,1,1,0,0,0,0,1,3,1,4,4,1,1,1,1,1,1,2,2,2,2,2,2,2,2,3,3,3,0.006123715,0.572430084,0.770661004,0,0,0,1,4,1,1,1,0,0,2,0,4,0,1,2,1,0,1,0,0,0,1,0,0,-9,0,0,1,0,2,0,0,1,3,0,0,1,3,0,1,0,2,1,0,0,1,0,0,1,0,3
2049,18,2,0.059324327,1,85001,1,0,0,4,0,0,0,1,0,2,4,2,4,4,4,5,4,4,4,5,3,3,1,2,2,2,2,2,3,3,3,0.936757809,0.649265871,0.257371481,0,0,0,0,1,1,1,1,0,0,2,0,4,0,1,2,0,0,3,1,0,1,1,0,0,-9,0,0,0,0,0,0,0,0,0,0,0,0,0,0,0,0,0,0,0,0,0,0,0,0,0,0
2051,3,2,0.16276749,1,85254,0,1,0,2,0,1,0,0,0,2,1,1,3,4,1,1,1,4,5,1,1,1,2,1,1,3,2,3,3,2,3,1.689913209,0.723492094,0.54846427,0,0,0,1,4,0,1,1,0,0,2,0,4,0,0,3,0,1,2,0,0,0,0,0,0,-9,0,0,1,0,2,0,0,1,3,0,0,1,3,0,1,0,2,1,0,0,1,0,0,1,0,3
2053,3,4,0.015668051,1,85051,1,0,0,1,1,0,0,0,0,1,5,1,3,4,1,1,1,4,2,2,1,1,1,1,2,2,2,3,4,4,4,-1.68084661,-0.833675575,0.446689342,0,0,1,0,3,0,0,1,0,0,2,0,4,1,0,1,1,0,1,0,1,0,0,1,0,1,1,0,0,1,3,0,0,1,3,0,0,1,3,0,1,0,2,1,0,0,1,0,0,0,1,4
2054,3,2,0.039728933,1,85033,0,1,0,2,0,1,0,0,0,1,2,2,2,3,3,4,2,4,4,4,2,3,1,3,3,2,2,1,2,2,2,-0.777236938,-0.785862146,0.684373751,0,1,0,0,2,0,0,1,0,0,1,1,1,1,0,1,0,0,3,1,0,0,1,0,1,1,1,0,0,1,3,0,1,0,2,1,0,0,1,1,0,0,1,1,0,0,1,0,0,1,0,3
2056,3,4,0.006365429,1,85345,0,1,0,4,0,0,0,1,0,3,3,3,5,5,1,3,1,2,5,5,1,1,1,3,3,1,1,3,2,2,4,-0.2384012,-0.641680318,0.291655468,1,0,1,0,3,0,0,0,1,0,2,0,2,1,0,1,0,1,2,0,1,0,0,0,0,-9,0,0,1,0,2,0,1,0,2,0,0,1,3,1,0,0,1,1,0,0,1,0,0,1,0,3
2057,3,1,0.001859988,0,85000,0,0,0,1,1,0,0,0,0,2,1,0,1,5,1,5,5,5,5,5,1,1,3,3,1,1,3,3,2,2,2,1.557501713,-0.929138382,0.723960652,0,0,0,0,1,1,1,0,1,0,2,0,2,1,0,1,0,1,2,0,0,0,0,0,0,-9,0,0,0,0,0,0,0,0,0,0,0,0,0,0,0,0,0,0,0,0,0,0,0,0,0,0
2059,3,4,0.041652492,1,85251,1,0,0,2,0,1,0,0,0,1,1,1,5,4,1,1,1,1,5,3,1,1,2,1,1,2,2,3,4,2,2,1.039464471,0.828070154,0.053361015,1,0,0,1,4,0,1,1,0,0,2,0,4,0,0,3,0,1,2,0,0,0,0,1,0,1,1,0,0,1,3,0,0,1,3,0,1,0,2,0,1,0,2,1,0,0,1,0,0,0,1,4
2066,3,4,0.039096308,1,85003,0,1,0,4,0,0,0,1,0,3,6,2,5,2,2,3,1,3,4,3,2,2,1,1,2,2,2,2,1,3,3,-1.010764132,-0.643522355,0.944476324,1,0,1,0,3,0,0,1,0,0,1,1,1,0,1,2,0,1,2,0,0,0,0,0,0,-9,0,0,1,0,2,0,0,1,3,0,0,1,3,0,1,0,2,0,0,1,3,0,0,0,1,4
2074,3,2,0.008498895,1,85281,1,0,0,5,0,0,0,0,1,3,3,2,4,4,1,1,3,5,4,3,3,1,3,3,3,3,3,3,4,2,4,-2.465080031,0.529051672,0.85196092,0,1,0,0,2,0,0,1,0,0,2,0,4,1,0,1,0,0,3,1,1,0,1,0,0,-9,0,0,0,1,3,0,0,1,3,0,0,1,3,0,1,0,2,0,0,1,3,0,0,0,1,4
2078,22,4,1.02662712,0,1830,1,0,0,2,0,1,0,0,0,2,4,3,5,5,1,3,1,5,5,5,2,2,2,2,2,2,2,2,3,3,2,-0.056073381,-0.127835393,0.002964721,0,0,1,0,3,0,0,1,0,0,2,0,4,1,0,1,1,0,1,0,0,0,0,0,1,0,0,0,0,1,3,0,0,1,3,0,1,0,2,0,1,0,2,0,1,0,2,0,0,1,0,3
2079,48,4,0.798740775,0,22201,1,0,0,2,0,1,0,0,0,2,2,2,2,4,2,5,1,2,5,4,1,1,1,1,1,2,2,2,3,3,3,1.496766647,-1.101031095,0.752631149,0,0,0,1,4,1,1,1,0,0,1,1,1,1,0,1,1,0,1,0,0,0,0,0,1,-9,0,0,0,1,3,0,0,1,3,0,0,1,3,0,1,0,2,0,0,1,3,0,0,0,1,4
2080,48,4,0.322686807,0,24112,0,1,0,2,0,1,0,0,0,3,6,3,1,5,1,4,1,5,5,4,1,3,3,3,3,1,3,3,1,2,2,0.838108767,0.320009615,-2.441391617,1,0,1,0,3,0,0,1,0,0,2,0,4,1,0,1,0,0,3,0,0,0,0,1,0,-9,0,1,0,0,1,1,0,0,1,1,0,0,1,0,1,0,2,1,0,0,1,1,0,0,0,1
2083,1,4,0.609430578,0,35570,0,1,0,3,0,0,1,0,0,2,3,3,3,4,3,4,1,4,4,3,2,2,2,2,2,3,3,3,2,2,4,0.947546614,-0.213558748,0.233939731,1,0,0,1,4,0,0,1,0,0,2,0,4,1,0,1,1,0,1,0,0,0,0,1,1,-9,0,1,0,0,1,1,0,0,1,1,0,0,1,1,0,0,1,1,0,0,1,1,0,0,0,1
2088,29,4,0.005681329,0,89460,0,1,0,3,0,0,1,0,0,1,5,2,3,5,1,1,1,1,1,1,2,2,2,2,2,2,2,2,4,4,4,-1.381899633,-1.270547959,0.360614832,0,0,0,1,4,0,0,1,0,0,2,0,4,1,0,1,1,0,1,0,0,0,0,0,0,-9,0,0,1,0,2,1,0,0,1,1,0,0,1,1,0,0,1,1,0,0,1,1,0,0,0,1
2091,34,4,0.786678391,0,28546,0,1,0,5,0,0,0,0,1,5,6,5,1,1,3,1,3,5,3,3,1,3,3,3,3,1,1,1,1,1,1,-2.020485674,-0.97110062,-1.472307851,1,1,0,0,2,0,0,1,0,0,2,0,4,1,0,1,0,0,3,0,0,0,0,0,0,-9,0,1,0,0,1,1,0,0,1,0,1,0,2,0,1,0,2,1,0,0,1,1,0,0,0,1
2092,1,4,0.653181065,0,35630,0,1,0,2,0,1,0,0,0,1,5,3,4,5,1,1,1,3,4,1,3,2,3,2,2,2,2,2,4,3,4,-1.427195564,-0.459045937,0.009026782,1,1,0,0,2,0,0,1,0,0,2,0,4,0,1,2,0,0,3,0,1,0,0,1,0,-9,0,1,0,0,1,0,1,0,2,0,1,0,2,0,1,0,2,1,0,0,1,1,0,0,0,1
2093,33,4,1.270545859,0,11510,1,0,0,3,0,0,1,0,0,3,2,3,1,5,1,4,1,3,4,4,1,1,1,1,1,1,1,3,2,2,1,0.664412993,-0.989282643,0.145555555,1,0,1,0,3,0,0,1,0,0,2,0,4,1,0,1,1,0,1,0,1,0,0,0,1,-9,0,0,0,1,3,0,1,0,2,0,1,0,2,0,1,0,2,0,0,1,3,0,0,0,1,4
2094,42,2,0.793954725,0,29456,0,1,0,3,0,0,1,0,0,3,5,4,2,4,1,1,1,4,5,3,3,3,2,3,2,2,2,1,1,2,4,0.56790117,-0.978580057,0.104207317,0,0,0,1,4,1,1,1,0,0,2,0,4,0,1,2,0,0,3,0,0,1,1,1,0,1,1,0,1,0,2,1,0,0,1,0,1,0,2,1,0,0,1,1,0,0,1,1,0,0,0,1
2096,5,2,0.327563225,0,90017,1,0,0,1,1,0,0,0,0,1,5,3,4,3,1,1,1,3,1,1,2,2,2,2,2,2,2,2,4,4,3,-0.47389216,-1.321672737,1.284130371,1,0,0,1,4,0,0,1,0,0,2,0,4,1,0,1,1,0,1,0,0,0,0,0,1,-9,0,0,0,1,3,0,0,1,3,0,0,1,3,0,0,1,3,0,0,1,3,0,0,0,1,4
2097,39,2,0.135124417,0,18902,0,1,0,3,0,0,1,0,0,3,4,4,2,4,2,2,2,4,4,3,2,2,2,2,2,2,2,2,4,3,4,0.218415076,0.577730984,0.143409781,1,0,0,1,4,0,1,1,0,0,2,0,4,1,0,1,0,1,2,0,0,0,0,0,0,-9,0,1,0,0,1,1,0,0,1,1,0,0,1,0,1,0,2,1,0,0,1,1,0,0,0,1
2098,45,4,2.914796043,1,77015,0,1,0,5,0,0,0,0,1,1,5,5,1,5,2,2,2,5,5,5,3,3,3,3,3,3,3,3,1,2,2,1.256053703,0.306506804,0.837910033,0,0,1,0,3,0,0,1,1,0,2,0,2,1,0,1,0,0,3,0,1,0,0,0,0,-9,0,0,0,1,3,0,1,0,2,0,0,1,3,0,1,0,2,1,0,0,1,0,1,0,0,2
2100,34,4,0.452029925,0,28645,0,1,0,2,0,1,0,0,0,4,4,4,3,3,3,2,2,4,4,4,2,3,3,3,1,3,3,2,4,2,2,-0.734010483,-0.149254154,-1.215089456,1,0,0,1,4,0,0,1,0,0,2,0,4,1,0,1,0,1,2,0,0,0,0,1,0,-9,0,1,0,0,1,1,0,0,1,0,1,0,2,1,0,0,1,1,0,0,1,1,0,0,0,1
2101,22,4,0.324276659,0,2121,1,0,0,2,0,1,0,0,0,2,4,3,1,4,3,4,1,4,4,4,1,1,1,1,1,1,1,1,2,2,2,0.104609119,-0.088027587,-0.095088656,0,0,1,0,3,0,0,0,1,0,2,0,2,1,0,1,0,0,3,1,1,0,0,0,0,1,1,0,0,1,3,0,0,1,3,1,0,0,1,1,0,0,1,0,0,1,3,0,0,0,1,4
2102,11,4,0.723437552,0,31757,0,0,1,2,0,1,0,0,0,2,5,4,2,4,3,3,2,2,3,3,1,1,1,1,2,1,1,3,2,2,1,-0.15383329,0.128800594,0.217317547,1,0,1,0,3,0,0,1,0,0,2,0,4,1,0,1,0,0,3,1,0,0,0,1,0,1,1,1,0,0,1,1,0,0,1,0,1,0,2,1,0,0,1,1,0,0,1,1,0,0,0,1
2105,23,4,2.382167006,0,48075,0,1,0,2,0,1,0,0,0,3,3,4,2,5,3,3,3,4,5,5,2,2,1,2,2,1,1,3,4,2,4,0.622449892,-0.387742843,-0.571236908,0,0,1,0,3,0,0,0,1,0,2,0,2,1,0,1,1,0,1,0,1,0,0,1,1,1,1,0,1,0,2,0,0,1,3,0,0,1,3,0,0,1,3,1,0,0,1,0,0,1,0,3
2106,14,2,0.417358281,0,62818,0,0,1,1,1,0,0,0,0,1,4,3,2,3,2,1,1,3,4,2,2,2,3,3,2,2,2,2,4,2,4,-0.155329846,-1.476347015,-1.433379181,1,1,0,0,2,0,0,1,0,0,2,0,4,0,1,2,0,0,3,0,0,0,1,0,0,1,1,1,0,0,1,1,0,0,1,0,1,0,2,1,0,0,1,1,0,0,1,1,0,0,0,1
2107,50,4,0.446100308,0,26201,0,1,0,2,0,1,0,0,0,4,4,3,2,4,2,4,2,2,5,4,1,1,2,2,1,2,2,1,2,2,4,-0.314057056,0.294707683,0.125974877,0,0,1,0,3,0,0,1,0,0,2,0,4,1,0,1,0,1,2,0,0,0,0,1,1,-9,0,1,0,0,1,1,0,0,1,1,0,0,1,0,0,1,3,1,0,0,1,1,0,0,0,1
2108,20,4,0.374142152,0,4981,0,0,1,3,0,0,1,0,0,2,5,4,4,5,5,4,5,5,5,5,2,2,2,2,2,2,2,2,3,3,3,0.697873906,-0.66461642,-0.512726337,1,0,0,1,4,0,0,1,0,0,2,0,4,1,0,1,1,0,1,1,1,0,0,0,0,-9,0,1,0,0,1,1,0,0,1,1,0,0,1,1,0,0,1,1,0,0,1,1,0,0,0,1
2111,34,4,0.632993466,0,27707,0,1,0,3,0,0,1,0,0,2,3,3,4,5,2,3,2,5,5,3,1,1,2,2,2,2,2,3,2,2,3,0.518127652,-0.035184015,-0.256895324,1,0,0,1,4,0,0,1,0,0,2,0,4,0,1,2,0,1,2,0,0,0,0,1,0,-9,0,0,1,0,2,0,1,0,2,0,1,0,2,0,0,1,3,1,0,0,1,0,0,1,0,3
2119,48,4,0.12024201,0,24554,0,0,1,2,0,1,0,0,0,3,3,2,4,5,5,4,3,4,4,4,1,1,1,1,1,1,3,3,2,2,1,-0.335853653,0.531274205,-0.987833826,1,0,0,1,4,0,0,1,0,0,2,0,4,1,0,1,0,0,3,0,0,0,0,0,1,1,1,1,0,0,1,1,0,0,1,1,0,0,1,1,0,0,1,1,0,0,1,1,0,0,0,1
2122,34,2,0.391642449,0,28173,0,1,0,4,0,0,0,1,0,3,5,4,2,4,1,4,1,1,1,1,2,1,1,3,3,2,2,3,2,2,4,0.577664826,-1.037998404,-0.032544832,1,1,0,0,2,1,1,1,0,0,2,0,4,0,1,2,0,1,2,1,0,0,1,0,0,-9,0,1,0,0,1,1,0,0,1,1,0,0,1,0,1,0,2,1,0,0,1,1,0,0,0,1
2126,4,4,0.444773179,0,72401,0,1,0,4,0,0,0,1,0,3,2,5,5,5,5,1,1,1,5,4,2,2,2,2,1,2,2,3,4,4,4,1.782495404,-1.860102738,-2.432343699,1,0,1,1,4,0,0,1,0,0,2,0,4,1,0,1,1,0,1,0,1,0,0,0,0,1,1,0,1,0,2,0,0,1,3,1,0,0,1,0,0,1,3,1,0,0,1,0,1,0,0,2
2127,37,4,0.1873487,0,74048,0,1,0,4,0,0,0,1,0,2,4,4,4,4,2,3,2,5,5,5,1,1,2,2,2,2,3,3,3,2,2,0.7700876,0.598547573,0.285457457,1,0,0,1,4,0,0,0,0,0,2,0,5,1,0,1,0,1,2,0,0,0,0,0,0,-9,0,1,0,0,1,1,0,0,1,1,0,0,1,0,1,0,2,1,0,0,1,1,0,0,0,1
2128,18,4,1.221263049,0,40977,0,0,1,4,0,0,0,1,0,3,5,3,3,5,2,2,2,5,5,5,2,2,2,3,2,1,1,3,4,2,4,-0.28382117,-0.085356719,-1.256636559,1,0,1,0,3,0,0,1,0,0,2,0,4,1,0,1,0,0,3,0,1,0,0,0,0,-9,0,1,0,0,1,1,0,0,1,0,1,0,2,1,0,0,1,1,0,0,1,1,0,0,0,1
2129,5,2,0.060247915,1,92104,1,0,0,2,0,1,0,0,0,1,4,3,2,4,2,2,1,3,3,2,1,1,2,2,2,2,2,3,1,1,1,-0.134082443,0.017476266,0.108963701,1,1,0,0,2,1,1,1,0,0,2,0,4,1,0,1,0,1,2,0,0,0,0,0,0,1,1,0,0,1,3,0,0,1,3,0,0,1,3,0,1,0,2,1,0,0,1,0,0,0,1,4
2131,29,2,0.004197976,1,89107,1,0,0,3,0,0,1,0,0,5,3,2,3,5,5,4,3,4,3,2,2,2,2,3,3,1,1,2,2,3,3,0.055496795,0.135414489,0.162824619,1,1,0,0,2,0,0,0,1,0,2,0,2,0,1,2,0,1,2,0,0,0,1,0,1,-9,0,0,0,1,3,0,0,1,3,0,0,1,3,0,1,0,2,1,0,0,1,0,0,1,0,3
2132,45,2,0.540124523,1,77840,1,0,0,3,0,0,1,0,0,3,3,3,3,5,2,2,1,3,4,2,2,2,2,1,1,1,2,2,2,3,2,0.160487043,-0.058110901,-1.207532438,1,0,1,0,3,1,1,1,0,0,2,0,4,1,0,1,0,1,2,0,0,0,0,1,0,-9,0,0,0,1,3,0,0,1,3,0,0,1,3,0,1,0,2,1,0,0,1,0,1,0,0,2
2135,47,4,0.25049489,0,5853,0,0,1,3,0,0,1,0,0,3,5,3,4,5,1,4,3,4,4,3,2,2,2,2,2,2,2,2,3,3,4,-0.363332567,-1.601334859,1.186436556,1,0,0,1,4,1,1,1,0,0,2,0,4,0,1,2,1,0,1,0,0,0,0,1,0,-9,0,1,0,0,1,1,0,0,1,1,0,0,1,1,0,0,1,1,0,0,1,1,0,0,0,1
2137,36,4,0.234887185,0,43222,1,0,0,1,1,0,0,0,0,2,6,2,3,4,1,1,1,2,3,3,2,2,2,2,2,2,2,2,4,3,4,0.006744146,-0.587714228,-0.056641795,0,0,0,1,4,0,0,1,0,0,2,0,4,1,0,1,0,1,2,0,0,0,0,1,0,-9,0,0,0,0,0,0,0,0,0,0,0,0,0,0,0,0,0,0,0,0,0,0,0,0,0,0
2138,26,4,0.513970221,0,64505,0,1,0,2,0,1,0,0,0,3,3,2,3,3,3,3,3,3,3,3,1,1,1,1,1,1,1,1,1,1,1,-1.02643072,-0.642342101,-2.788092068,1,0,0,0,1,0,0,1,0,0,2,0,4,1,0,1,0,1,2,0,0,0,0,1,0,-9,0,1,0,0,1,1,0,0,1,0,1,0,2,0,0,1,3,1,0,0,1,1,0,0,0,1
2140,39,2,7.043349826,0,16509,0,1,0,2,0,1,0,0,0,3,4,3,4,2,1,1,1,1,1,1,2,2,2,2,2,2,2,2,4,3,4,-2.370429448,-0.955042916,0.294010576,0,0,1,0,3,0,0,1,0,0,2,0,4,0,0,3,0,1,2,0,0,0,1,1,0,0,0,1,0,0,1,0,1,0,2,0,1,0,2,0,0,1,3,1,0,0,1,0,0,1,0,3
2142,24,4,1.836884333,0,56082,0,1,0,2,0,1,0,0,0,2,4,3,3,4,1,2,2,4,5,1,1,2,2,3,1,1,1,3,1,2,1,1.245158045,-0.203887199,1.086386254,0,0,0,1,4,0,0,1,0,0,2,0,4,1,0,1,0,1,2,0,0,0,0,1,0,-9,0,1,0,0,1,0,1,0,2,0,1,0,2,0,0,1,3,1,0,0,1,1,0,0,0,1
2144,7,4,0.622789647,0,6779,0,1,0,1,1,0,0,0,0,2,5,3,5,4,1,1,1,5,5,3,2,2,2,2,2,2,2,2,3,3,3,0.370046975,-0.316544189,1.410819521,0,0,0,1,4,1,1,1,0,0,2,0,4,0,1,2,0,1,2,0,0,0,0,1,0,-9,0,0,1,0,2,0,1,0,2,1,0,0,1,1,0,0,1,1,0,0,1,0,0,1,0,3
2146,11,4,0.603540298,0,31522,0,1,0,4,0,0,0,1,0,4,5,4,2,4,2,1,3,5,4,3,2,2,2,2,2,2,2,2,4,4,4,0.159285428,0.193793435,-0.545042998,0,0,0,1,4,0,0,1,0,0,2,0,4,0,1,2,0,1,2,0,0,0,0,1,0,-9,0,1,0,0,1,0,0,1,3,1,0,0,1,0,1,0,2,1,0,0,1,0,1,0,0,2
2147,10,4,0.772960156,1,32713,0,1,0,1,1,0,0,0,0,2,2,3,4,5,2,3,1,4,5,4,1,1,1,1,1,2,1,3,3,2,3,1.323783693,0.54742994,0.996406734,1,0,0,1,4,0,0,1,0,0,2,0,4,0,1,2,0,1,2,0,0,0,0,1,0,-9,0,1,0,0,1,1,0,0,1,0,1,0,2,0,0,1,3,0,1,0,2,0,1,0,0,2
2148,39,4,1.773053152,0,17050,0,1,0,3,0,0,1,0,0,3,4,4,3,5,1,1,1,5,5,3,2,1,2,2,2,1,1,3,1,2,4,0.677811592,-1.436754372,0.788434381,1,0,1,0,3,0,0,1,0,0,2,0,4,1,0,1,0,0,3,0,1,0,0,0,0,1,1,1,0,0,1,0,1,0,2,0,1,0,2,0,1,0,2,1,0,0,1,0,0,1,0,3
2151,45,4,0.775678665,1,77072,1,0,0,4,0,0,0,1,0,2,5,4,1,3,2,4,4,5,5,5,1,1,1,1,3,2,2,1,2,2,1,0.391444898,-0.256305679,0.298074339,1,0,1,0,3,0,0,1,0,0,2,0,4,1,0,1,1,0,1,0,0,0,0,0,0,1,1,0,0,1,3,0,0,1,3,0,1,0,2,1,0,0,1,1,0,0,1,0,0,1,0,3
2153,10,4,0.545198541,1,32803,0,1,0,2,0,1,0,0,0,3,5,2,3,4,2,2,2,4,4,4,1,1,1,1,1,2,1,3,1,2,2,0.042341033,0.008496089,-0.05908686,0,0,0,1,4,0,0,1,0,0,2,0,4,1,0,1,1,0,1,0,0,0,0,0,1,-9,0,0,1,0,2,0,0,1,3,0,1,0,2,0,0,1,3,0,1,0,2,0,0,0,1,4
2154,34,4,0.474040221,0,27030,0,1,0,3,0,0,1,0,0,3,5,4,1,4,1,1,1,4,4,1,1,1,1,1,2,1,1,2,1,3,1,-1.677091422,-1.579908301,1.04227516,1,0,0,1,4,0,0,1,0,0,2,0,4,1,0,1,1,0,1,0,1,0,0,1,0,-9,0,1,0,0,1,1,0,0,1,0,1,0,2,0,1,0,2,1,0,0,1,1,0,0,0,1
2155,24,2,0.964111058,0,55407,1,0,0,3,0,0,1,0,0,3,6,3,2,5,4,4,3,5,3,3,2,3,2,3,3,2,3,3,3,2,4,-0.287316752,0.062537624,-1.322801613,1,0,1,1,4,0,0,1,0,0,2,0,4,1,0,1,1,0,1,0,0,0,1,0,1,1,1,0,0,1,3,0,0,1,3,1,0,0,1,0,0,1,3,0,1,0,2,0,0,0,1,4
2156,33,2,0.194476109,0,12601,1,0,0,5,0,0,0,0,1,5,5,5,1,5,1,1,1,1,4,1,2,2,2,2,2,2,2,2,3,3,3,-3.404290988,0.315554073,-2.720004427,1,1,0,0,2,1,1,1,0,0,2,0,4,1,0,1,0,0,3,0,0,0,1,1,1,-9,0,0,0,1,3,0,0,1,3,0,1,0,2,0,1,0,2,0,1,0,2,0,1,0,0,2
2157,31,4,0.14768917,0,8759,0,1,0,2,0,1,0,0,0,1,3,3,2,5,3,3,3,4,4,4,1,2,2,3,2,1,1,2,3,2,3,0.470577011,0.426320728,0.148081292,0,0,0,1,4,1,1,1,0,0,2,0,4,0,1,2,0,1,2,0,0,0,0,1,0,1,1,1,0,0,1,1,0,0,1,1,0,0,1,1,0,0,1,1,0,0,1,1,0,0,0,1
2161,46,4,0.000479156,0,84790,0,1,0,3,0,0,1,0,0,1,6,3,3,3,3,3,3,3,3,3,2,2,2,2,2,2,2,1,1,1,2,-0.835053103,0.202324118,-1.052379755,1,0,1,0,3,0,0,1,0,0,2,0,4,1,0,1,1,0,1,0,1,0,0,1,1,-9,0,1,0,0,1,0,0,1,3,0,0,1,3,0,0,1,3,1,0,0,1,0,1,0,0,2
2162,15,4,0.403627899,0,46410,0,1,0,1,1,0,0,0,0,1,6,0,5,5,5,5,5,5,5,5,2,2,2,2,2,2,2,2,3,3,3,0.577962557,-2.371937726,-1.719599853,1,1,0,0,2,0,0,1,0,0,2,0,4,1,0,1,0,1,2,0,1,0,0,0,1,-9,0,0,1,0,2,0,1,0,2,0,1,0,2,0,0,1,3,1,0,0,1,1,0,0,0,1
2163,19,2,0.750668221,0,70592,0,1,0,2,0,1,0,0,0,3,2,2,2,5,2,2,2,4,4,4,1,1,1,1,1,1,1,3,4,2,2,1.564199472,0.396565151,-0.369247641,1,0,0,1,4,0,0,1,0,0,2,0,4,1,0,1,0,1,2,0,0,0,1,1,0,-9,0,0,0,0,0,0,0,0,0,0,0,0,0,0,0,0,0,0,0,0,0,0,0,0,0,0
2166,23,4,0.310279069,0,49503,1,0,0,2,0,1,0,0,0,3,5,3,2,4,3,3,1,3,3,3,2,2,2,2,2,2,2,2,4,3,4,-0.057249695,-0.855720553,-1.143547499,1,0,0,1,4,0,0,0,1,0,2,0,2,1,0,1,1,0,1,0,1,0,0,1,0,-9,0,0,0,1,3,0,0,1,3,0,0,1,3,0,1,0,2,0,0,1,3,0,0,0,1,4
2167,49,2,6.67E-08,0,98640,0,0,1,2,0,1,0,0,0,1,6,0,5,2,1,1,1,2,2,1,2,2,2,2,2,2,2,2,3,3,3,-1.959191823,-0.515534131,-0.22408354,1,1,0,0,2,0,0,1,0,0,2,0,4,1,0,1,1,0,1,0,0,0,1,0,0,-9,0,0,0,0,0,0,0,0,0,0,0,0,0,0,0,0,0,0,0,0,0,0,0,0,0,0
2171,48,4,1.927088737,0,24168,0,1,0,2,0,1,0,0,0,3,4,2,3,4,4,4,4,4,4,4,1,3,3,2,3,2,2,3,4,2,2,-0.074001277,0.378619905,0.597478372,1,1,0,0,2,0,0,1,0,0,2,0,4,1,0,1,0,1,2,0,1,0,0,0,0,1,1,1,0,0,1,1,0,0,1,0,1,0,2,0,0,1,3,1,0,0,1,1,0,0,0,1
2174,48,4,0.238139974,0,24317,0,0,1,4,0,0,0,1,0,3,3,4,3,5,1,1,1,1,1,1,2,2,2,2,2,2,2,2,4,3,4,-0.203627014,0.452833445,-0.350525201,1,0,0,1,4,0,1,1,0,0,2,0,4,1,0,1,1,0,1,0,1,0,0,1,1,1,1,0,0,0,0,0,0,0,0,0,0,0,0,0,0,0,0,0,0,0,0,0,0,0,0,0
2178,11,4,1.249913823,0,31220,0,1,0,3,0,0,1,0,0,3,5,1,2,1,1,2,2,5,5,5,3,3,3,3,3,3,1,3,1,2,2,-1.604831221,-0.320734224,0.761192064,1,0,0,1,4,0,0,1,0,0,2,0,4,1,0,1,1,0,1,0,0,0,0,1,0,1,1,1,0,0,1,1,0,0,1,0,0,1,3,0,0,1,3,1,0,0,1,1,0,0,0,1
2184,26,2,0.758096977,0,64118,0,1,0,3,0,0,1,0,0,3,2,2,2,4,2,2,2,4,4,4,1,1,1,1,1,2,2,2,2,4,2,-0.122392527,-0.010003529,-0.471229403,1,0,1,0,3,0,0,0,1,0,2,0,2,0,1,2,1,0,1,0,0,0,0,1,0,-9,0,0,1,0,2,0,1,0,2,0,1,0,2,0,1,0,2,1,0,0,1,0,0,1,0,3
2187,3,4,0.010291135,1,85711,0,1,0,1,1,0,0,0,0,2,4,2,3,4,2,2,1,5,4,3,1,2,2,1,2,1,2,2,1,3,3,-0.493709847,-0.424150216,-0.237825205,1,0,0,1,4,0,1,1,0,0,2,0,4,0,1,2,0,1,2,0,0,0,0,1,0,1,1,0,1,0,2,0,0,1,3,1,0,0,1,0,1,0,2,1,0,0,1,0,0,0,1,4
2188,15,4,0.195716831,0,46016,0,1,0,2,0,1,0,0,0,2,4,4,4,4,2,2,2,4,4,2,2,2,2,2,2,2,2,2,3,3,3,-0.751879092,-0.968021051,0.339941406,1,1,0,0,2,0,0,1,0,0,2,0,4,1,0,1,0,0,3,1,0,0,0,1,1,-9,0,0,1,0,2,0,1,0,2,1,0,0,1,0,1,0,2,1,0,0,1,0,1,0,0,2
2189,45,4,0.681901577,1,78664,0,1,0,2,0,1,0,0,0,2,3,3,3,5,3,3,3,4,4,3,2,2,2,2,2,2,2,2,4,3,3,0.653450593,-0.663808906,-0.51584208,0,0,0,1,4,0,0,1,0,0,2,0,4,0,1,2,0,0,3,0,0,0,0,1,0,1,1,0,1,0,2,0,1,0,2,0,0,1,3,0,1,0,2,1,0,0,1,0,0,1,0,3
2190,18,4,0.302040491,0,40390,0,0,1,2,0,1,0,0,0,2,4,1,4,3,2,2,2,4,4,3,2,2,2,2,3,2,2,3,4,2,3,-0.003628484,-0.09321205,-0.279465173,1,0,0,1,4,0,1,1,0,0,2,0,4,0,0,0,0,1,2,0,1,0,0,1,0,-9,0,1,0,0,1,1,0,0,1,0,1,0,2,0,0,1,3,1,0,0,1,1,0,0,0,1
2191,3,4,0.028218933,1,85020,1,0,0,1,1,0,0,0,0,2,5,2,4,3,2,2,2,4,4,4,2,2,2,3,2,2,2,3,4,2,2,-0.722852194,0.664854276,-0.774715078,1,0,1,0,3,0,0,1,0,0,2,0,4,0,1,2,0,0,3,0,0,0,0,0,0,-9,0,0,0,1,3,0,0,1,3,0,1,0,2,0,0,1,3,1,0,0,1,0,0,0,1,4
2195,42,2,0.503392178,0,29556,0,1,0,1,1,0,0,0,0,1,2,3,3,3,3,3,3,3,3,3,1,1,1,1,1,1,1,1,1,1,1,-0.849085224,0.243209007,-1.040977825,1,0,1,0,3,0,1,0,1,0,2,0,2,0,1,2,0,0,3,0,0,0,0,0,0,-9,0,1,0,0,1,1,0,0,1,1,0,0,1,0,1,0,2,1,0,0,1,1,0,0,0,1
2198,11,4,0.215789777,0,30331,0,1,0,1,1,0,0,0,0,1,4,1,4,3,1,1,1,3,3,3,2,1,1,1,2,2,1,2,3,3,3,0.091788606,1.425254691,0.502864827,0,0,0,1,4,0,0,1,0,0,2,0,4,1,0,1,0,1,2,0,0,0,0,0,0,1,1,0,1,0,2,0,1,0,2,0,0,1,3,0,0,1,3,1,0,0,1,0,0,1,0,3
2200,34,2,1.356749817,0,27025,0,1,0,3,0,0,1,0,0,4,4,3,5,4,2,2,2,4,3,2,2,3,2,3,3,3,2,3,2,2,3,-0.121062246,-0.842288709,-1.141584596,1,0,1,0,3,0,0,1,0,0,2,0,4,0,0,3,0,0,3,1,0,0,1,1,0,1,1,1,0,0,1,1,0,0,1,1,0,0,1,0,0,1,3,1,0,0,1,1,0,0,0,1
2202,23,2,5.207120605,0,48126,1,0,0,4,0,0,0,1,0,4,5,4,4,5,1,1,2,5,5,4,3,3,3,3,3,3,2,3,1,1,1,-1.29151276,0.085626344,1.552802595,1,0,1,1,4,0,1,1,0,0,2,0,4,0,0,3,0,1,2,0,0,0,0,1,0,-9,0,0,0,1,3,0,0,1,3,0,1,0,2,0,0,1,3,1,0,0,1,0,0,0,1,4
2205,3,4,0.068591692,1,85085,0,1,0,2,0,1,0,0,0,2,3,5,3,5,2,2,4,5,5,4,1,2,2,1,1,1,2,3,2,2,2,0.670534295,0.472146353,0.26399369,1,0,0,1,4,0,1,1,0,0,2,0,4,0,0,3,1,0,1,0,0,0,0,1,0,1,1,1,0,0,1,1,0,0,1,1,0,0,1,1,0,0,1,1,0,0,1,1,0,0,0,1
2206,14,4,4.74852608,0,60045,0,1,0,2,0,1,0,0,0,2,4,2,2,4,1,4,2,3,5,4,1,1,3,3,3,2,2,3,2,2,3,0.941340324,-0.555652162,1.019813735,0,0,0,1,4,0,1,1,0,0,2,0,4,0,0,3,1,0,1,0,0,0,0,1,0,-9,0,1,0,0,1,0,1,0,2,0,1,0,2,0,1,0,2,0,0,1,3,0,1,0,0,2
2209,45,4,0.474040221,1,76031,0,1,0,3,0,0,1,0,0,4,3,4,2,1,4,2,2,2,4,3,1,3,1,1,2,2,2,1,1,1,1,-0.003096076,-0.643196964,-0.828962376,1,0,0,1,4,0,0,1,0,0,2,0,4,1,0,1,1,0,1,0,1,0,0,1,0,1,1,1,0,0,1,1,0,0,1,0,1,0,2,1,0,0,1,1,0,0,1,1,0,0,0,1
2212,5,4,4.250234485,1,92069,1,0,0,1,1,0,0,0,0,1,1,1,4,3,1,1,1,1,1,1,1,1,1,1,1,1,1,3,1,2,1,0.541987735,-0.605411971,0.582584098,1,0,0,1,4,1,1,1,0,0,2,0,4,0,0,3,0,0,3,0,0,0,0,0,0,1,1,0,0,1,3,0,0,1,3,0,0,1,3,0,1,0,2,0,0,1,3,0,0,1,0,3
2215,48,4,0.988873144,0,24263,0,0,1,3,0,0,1,0,0,1,4,5,4,5,4,5,4,4,4,4,1,3,2,1,2,2,2,3,2,2,2,0.003139319,-0.386572057,0.245359812,1,0,0,1,4,0,0,1,0,0,2,0,4,1,0,1,0,1,2,0,1,0,0,0,1,-9,0,1,0,0,1,1,0,0,1,0,1,0,2,0,1,0,2,1,0,0,1,1,0,0,0,1
2216,32,4,0.00043405,0,87401,0,1,0,3,0,0,1,0,0,2,4,1,5,3,3,4,2,3,5,5,2,2,2,2,2,2,2,2,3,3,3,-1.442351001,0.743207683,0.029163914,1,0,1,0,3,0,0,1,0,0,2,0,4,1,0,1,0,0,3,0,1,0,0,0,0,-9,0,1,0,0,1,0,1,0,2,0,1,0,2,0,0,1,3,1,0,0,1,0,0,1,0,3
2218,39,4,0.715593786,0,18017,0,1,0,4,0,0,0,1,0,3,4,3,2,4,4,5,1,4,5,5,2,2,3,1,1,1,1,3,2,2,4,0.290569139,0.604649912,0.533404269,1,0,0,1,4,0,0,1,0,0,2,0,4,0,1,2,0,1,2,0,1,0,0,0,0,-9,0,0,1,0,2,0,0,1,3,1,0,0,1,0,0,1,3,1,0,0,1,0,0,0,1,4
2220,10,4,3.937776171,0,32571,0,1,0,2,0,1,0,0,0,2,5,3,1,3,1,1,1,3,3,1,3,3,2,3,3,2,2,2,4,2,4,0.209898615,-0.060091526,-0.505275192,1,0,0,1,4,0,0,1,0,0,1,1,1,1,0,1,1,0,1,0,1,0,0,1,0,-9,0,1,0,0,1,1,0,0,1,0,1,0,2,0,0,1,3,1,0,0,1,1,0,0,0,1
2221,45,4,0.196871732,1,77503,0,1,0,3,0,0,1,0,0,2,5,4,3,5,3,3,1,5,5,3,2,2,2,2,2,2,2,2,4,3,4,0.270339415,-0.310380008,-0.6808064,1,0,0,1,4,0,0,1,0,0,2,0,4,1,0,1,0,1,2,0,0,0,0,1,0,-9,0,0,1,0,2,0,0,1,3,0,0,1,3,0,0,1,3,1,0,0,1,1,0,0,0,1
2223,24,4,1.52697769,0,55811,0,1,0,1,1,0,0,0,0,1,3,0,5,3,1,1,1,4,3,3,2,2,2,2,2,2,2,2,4,3,4,-0.003127339,-0.338049366,0.215644448,0,0,0,1,4,1,1,1,0,0,2,0,4,0,0,3,0,1,2,0,0,0,0,1,0,-9,0,1,0,0,1,0,1,0,2,1,0,0,1,0,1,0,2,1,0,0,1,0,0,1,0,3
2225,45,4,0.21383748,1,77073,0,1,0,5,0,0,0,0,1,5,5,5,2,3,4,4,4,5,5,4,1,1,1,1,2,2,1,3,2,2,4,0.658503743,-1.231655892,-0.797494753,1,0,0,1,4,0,0,1,0,0,2,0,4,1,0,1,1,0,1,0,0,0,0,0,0,-9,0,0,1,0,2,0,0,1,3,0,0,1,3,0,0,1,3,1,0,0,1,0,1,0,0,2
2229,48,4,1.775532983,0,24293,0,1,0,3,0,0,1,0,0,2,4,4,5,5,4,5,1,5,5,4,2,2,3,3,2,2,2,3,3,2,4,1.203443891,-1.486437563,-0.202140762,1,0,1,0,3,0,0,1,0,0,2,0,4,1,0,1,0,1,2,0,1,0,0,0,1,-9,0,1,0,0,1,1,0,0,1,0,1,0,2,0,0,1,3,1,0,0,1,1,0,0,0,1
2234,34,4,1.017899408,0,28551,0,0,1,1,1,0,0,0,0,1,4,1,5,5,2,2,1,4,5,5,1,1,1,1,1,1,1,1,1,4,1,1.328076203,-0.846968216,-1.763938126,1,0,0,1,4,0,0,1,0,0,2,0,4,0,0,3,0,0,3,0,1,0,0,1,0,-9,0,1,0,0,1,1,0,0,1,0,1,0,2,0,0,1,3,1,0,0,1,1,0,0,0,1
2238,31,4,1.616482506,0,7675,0,1,0,1,1,0,0,0,0,1,5,0,5,4,1,1,1,2,1,1,1,1,2,1,2,2,2,2,4,2,2,0.741777054,0.179211993,-0.287411413,1,0,0,1,4,0,0,1,0,0,2,0,4,0,0,3,0,1,2,0,0,0,0,1,0,-9,0,0,1,0,2,0,1,0,2,1,0,0,1,0,0,1,3,0,0,1,3,0,0,1,0,3
2243,3,2,0.000553095,0,86440,0,1,0,5,0,0,0,0,1,3,5,4,1,5,1,5,2,5,5,4,2,2,2,2,2,2,2,2,3,3,3,1.050459288,0.239751564,0.976537969,1,0,0,1,4,0,0,1,0,0,2,0,4,1,0,1,1,0,1,0,1,1,0,1,0,1,1,1,0,0,1,1,0,0,1,1,0,0,1,1,0,0,1,1,0,0,1,1,0,0,0,1
2245,20,4,0.696681183,0,4401,0,1,0,2,0,1,0,0,0,2,5,0,5,5,1,1,1,4,5,5,2,2,2,2,2,2,2,2,1,4,3,1.315338316,0.78717213,0.916356431,0,0,0,1,4,0,0,1,0,0,2,0,4,0,1,2,0,1,2,0,0,0,0,0,0,-9,0,0,1,0,2,0,0,1,3,0,1,0,2,0,0,1,3,1,0,0,1,0,1,0,0,2
2246,39,4,0.494296851,0,17020,0,1,0,2,0,1,0,0,0,3,3,3,3,3,3,3,3,3,3,3,1,1,1,1,1,1,1,1,1,1,1,-0.675051503,0.009855204,-1.378854799,1,0,0,1,4,0,0,1,0,0,2,0,4,1,0,1,1,0,1,0,0,0,0,0,0,-9,0,1,0,0,1,1,0,0,1,0,1,0,2,1,0,0,1,1,0,0,1,1,0,0,0,1
2250,42,4,4.704643989,0,29605,0,1,0,5,0,0,0,0,1,4,4,5,1,5,1,3,1,5,5,4,3,3,3,3,3,2,2,2,4,3,3,0.687757461,-0.990367332,0.167434582,1,1,0,0,2,0,0,0,0,0,1,1,1,0,1,2,0,0,3,1,0,0,0,1,0,-9,0,1,0,0,1,0,1,0,2,0,1,0,2,0,0,1,3,1,0,0,1,0,0,1,0,3
2252,24,4,0.51797952,0,56425,0,1,0,1,1,0,0,0,0,1,4,1,4,4,1,1,1,3,4,1,2,2,2,2,2,2,2,2,4,2,2,0.00240447,-0.955140027,0.012845548,1,0,0,1,4,0,1,1,0,0,2,0,4,0,1,2,1,0,1,0,0,0,0,1,0,-9,0,1,0,0,1,1,0,0,1,0,0,1,3,0,1,0,2,1,0,0,1,1,0,0,0,1
2253,36,2,0.500911995,0,43081,0,1,0,2,0,1,0,0,0,2,3,3,2,4,3,3,2,2,4,3,2,1,1,1,2,2,2,3,3,3,3,0.850985699,0.565400555,0.919485846,0,0,0,1,4,1,1,1,0,0,2,0,4,0,1,2,0,1,2,0,1,0,0,1,0,1,1,0,1,0,2,0,0,1,3,0,0,1,3,0,1,0,2,1,0,0,1,0,1,0,0,2
2254,7,4,0.340058495,0,6405,0,1,0,3,0,0,1,0,0,1,5,5,5,5,3,3,3,5,5,3,2,2,2,2,2,2,2,3,3,2,3,1.181220065,-0.696518809,0.354385665,1,0,0,1,4,0,0,1,0,0,2,0,4,1,0,1,0,1,2,0,0,0,0,1,0,-9,0,1,0,0,1,0,1,0,2,0,1,0,2,0,1,0,2,0,1,0,2,0,1,0,0,2
2257,15,2,4.736747428,0,46368,0,1,0,2,0,1,0,0,0,2,4,1,4,4,1,2,1,4,4,3,2,1,3,1,3,2,2,3,2,2,4,0.135790166,-0.152002483,-0.826104553,1,0,1,0,3,0,0,0,0,0,1,1,1,1,0,1,0,1,2,0,0,0,1,0,0,1,1,1,0,0,1,0,1,0,2,0,1,0,2,0,1,0,2,0,1,0,2,1,0,0,0,1
2260,17,2,1.196328368,0,67336,0,0,1,1,1,0,0,0,0,1,5,0,5,5,1,1,1,2,4,3,2,2,2,2,2,2,2,2,4,3,3,0.54929904,-0.747597021,0.510087764,1,0,1,0,3,0,0,1,0,0,2,0,4,1,0,1,0,1,2,0,0,0,1,1,1,1,1,1,0,0,1,1,0,0,1,1,0,0,1,0,0,1,3,1,0,0,1,1,0,0,0,1
2264,50,4,0.090110644,0,25705,0,1,0,3,0,0,1,0,0,2,5,3,4,5,2,1,1,4,4,1,2,1,3,2,1,1,1,3,4,2,4,-1.867289081,-1.13026969,0.35471819,1,0,0,1,4,0,0,1,0,0,2,0,4,0,1,2,1,0,1,0,1,0,0,0,1,-9,0,0,1,0,2,0,1,0,2,0,1,0,2,0,0,1,3,1,0,0,1,0,1,0,0,2
2266,48,2,0.706658132,0,23225,0,1,0,2,0,1,0,0,0,3,6,1,2,3,3,4,3,3,3,3,2,2,2,2,2,2,2,2,3,3,3,-0.471901673,-0.215296533,-1.173655757,1,0,1,0,3,1,1,0,1,0,2,0,2,0,1,2,0,0,3,1,0,0,0,1,0,-9,0,0,1,0,2,0,1,0,2,0,0,1,3,0,1,0,2,1,0,0,1,0,0,1,0,3
2275,23,4,0.465906161,0,49349,0,0,1,2,0,1,0,0,0,2,3,1,4,5,1,3,1,3,4,3,2,2,2,2,1,2,2,2,3,2,4,0.401109326,-0.266968587,0.249879582,1,0,0,1,4,0,0,1,0,0,2,0,4,1,0,1,0,1,2,0,0,0,0,0,0,-9,0,1,0,0,1,1,0,0,1,0,1,0,2,1,0,0,1,1,0,0,1,1,0,0,0,1
2276,18,4,0.875576488,0,41102,0,1,0,3,0,0,1,0,0,5,2,5,4,4,1,1,1,1,5,1,1,1,1,1,2,2,1,2,1,1,1,-0.203693531,-1.794901394,-1.528358672,0,0,1,0,3,0,0,1,0,0,2,0,4,1,0,1,0,1,2,0,1,0,0,0,0,-9,0,1,0,0,1,1,0,0,1,1,0,0,1,0,0,1,3,1,0,0,1,1,0,0,0,1
2278,10,4,0.571215872,0,32694,0,0,1,1,1,0,0,0,0,1,1,0,1,5,1,1,1,1,1,1,1,1,1,1,1,1,1,3,1,2,1,0.686773454,-0.403767685,-0.6491669,1,0,1,0,3,0,0,0,1,0,2,0,2,1,0,1,0,0,3,1,0,0,0,0,0,-9,0,1,0,0,1,1,0,0,1,0,1,0,2,0,1,0,2,1,0,0,1,1,0,0,0,1
2279,39,4,0.641077056,0,17502,0,1,0,2,0,1,0,0,0,3,4,3,2,5,2,5,4,5,5,3,2,2,2,2,2,2,2,2,2,2,4,0.506019219,-0.567261679,-0.454834621,1,0,1,0,3,0,0,1,0,0,2,0,4,1,0,1,0,1,2,0,1,0,0,0,0,-9,0,1,0,0,1,1,0,0,1,0,1,0,2,1,0,0,1,1,0,0,1,1,0,0,0,1
2280,51,4,0.211501651,0,53704,0,1,0,3,0,0,1,0,0,2,3,2,3,4,4,2,1,3,4,3,1,1,1,3,1,3,3,3,1,2,2,-0.591141275,-0.197870893,-0.08808137,1,0,1,0,3,0,0,1,0,0,2,0,4,1,0,1,0,1,2,0,1,0,0,0,1,-9,0,0,1,0,2,0,0,1,3,0,1,0,2,0,0,1,3,1,0,0,1,0,0,0,1,4
2281,33,4,0.719732307,0,14075,0,1,0,3,0,0,1,0,0,2,5,4,4,5,1,1,1,4,4,1,1,1,1,1,1,1,1,1,1,1,1,-1.724394746,-1.140713319,-0.431427371,1,0,0,1,4,0,0,1,0,0,2,0,4,1,0,1,1,0,1,0,0,0,0,0,0,1,1,1,0,0,1,0,1,0,2,0,1,0,2,0,0,1,3,1,0,0,1,0,0,1,0,3
2282,20,4,0.20558756,0,4472,0,0,1,4,0,0,0,1,0,2,5,5,2,4,4,4,4,4,4,4,2,2,2,2,2,2,2,2,4,4,4,0.905537468,-0.879476356,-0.019250632,1,1,0,0,2,1,1,1,0,0,2,0,4,1,0,1,0,0,3,1,0,0,0,1,0,-9,0,1,0,0,1,1,0,0,1,1,0,0,1,1,0,0,1,1,0,0,1,1,0,0,0,1
2283,10,4,0.15711231,0,32225,0,1,0,3,0,0,1,0,0,2,5,4,3,4,3,3,3,4,4,4,1,1,1,1,2,2,1,2,1,3,1,0.359636195,-0.032554015,-0.200989122,0,0,0,1,4,1,1,1,0,0,2,0,4,1,0,1,0,0,3,0,0,0,0,1,0,1,1,0,1,0,2,0,1,0,2,0,0,1,3,0,1,0,2,1,0,0,1,0,1,0,0,2
2289,34,4,0.352849311,0,28270,0,1,0,3,0,0,1,0,0,3,4,3,3,4,2,2,2,3,4,3,3,3,3,2,2,1,2,3,1,2,3,0.273860733,0.221662966,-0.099455411,0,0,0,1,4,1,1,1,0,0,2,0,4,0,1,2,0,1,2,0,0,0,0,1,0,-9,0,0,1,0,2,1,0,0,1,0,0,1,3,0,1,0,2,1,0,0,1,0,1,0,0,2
2290,3,4,0.019003457,1,85326,0,1,0,1,1,0,0,0,0,1,5,2,5,2,2,5,1,4,5,4,3,3,3,3,3,2,2,1,4,2,2,0.506996071,0.975423682,0.417132995,1,0,0,1,4,0,0,1,0,0,2,0,4,0,1,2,0,0,3,1,1,0,0,1,0,1,1,1,0,0,1,1,0,0,1,0,1,0,2,1,0,0,1,1,0,0,1,1,0,0,0,1
2291,39,4,0.461227565,0,18969,0,1,0,1,1,0,0,0,0,2,4,3,2,5,2,2,1,3,4,3,2,2,2,1,1,1,1,3,4,2,4,0.139786652,0.095385209,-0.196217754,1,0,0,1,4,0,0,1,0,0,2,0,4,1,0,1,1,0,1,0,0,0,0,0,0,1,1,0,1,0,2,0,1,0,2,0,1,0,2,0,0,1,3,1,0,0,1,0,1,0,0,2
2296,1,4,3.999007364,0,35620,0,0,1,1,1,0,0,0,0,2,3,0,4,5,2,3,3,5,5,5,2,2,2,2,2,2,2,2,3,3,4,0.42335,-0.12901836,0.758155545,1,0,1,0,3,0,0,1,0,0,2,0,4,1,0,1,1,0,1,0,0,0,0,1,0,1,1,1,0,0,1,1,0,0,1,1,0,0,1,1,0,0,1,1,0,0,1,1,0,0,0,1
2299,45,4,0.238673375,1,78163,0,0,1,1,1,0,0,0,0,1,5,1,5,3,1,1,1,3,3,3,2,2,2,2,2,2,2,2,3,2,3,0.375561277,-0.018371214,-0.70179419,0,0,0,1,4,1,1,1,0,0,2,0,4,1,0,1,0,0,3,0,0,0,0,1,0,-9,0,1,0,0,1,1,0,0,1,0,1,0,2,0,0,1,3,1,0,0,1,1,0,0,0,1
2302,39,4,0.886028568,0,15220,0,1,0,1,1,0,0,0,0,1,5,0,5,4,1,1,1,1,3,1,2,2,2,2,2,2,2,2,4,2,3,1.136028234,0.130127697,0.794930593,0,0,0,1,4,0,0,1,0,0,2,0,4,0,0,0,0,1,2,0,0,0,0,1,0,1,1,0,1,0,2,0,0,1,3,0,0,1,3,0,1,0,2,0,1,0,2,0,0,1,0,3
2304,7,4,0.576380546,0,6066,0,1,0,5,0,0,0,0,1,3,3,5,4,5,3,4,1,4,5,3,2,2,2,2,2,2,2,2,3,3,3,1.176593604,-0.134248993,-2.116204196,1,0,0,1,4,0,0,1,0,0,2,0,4,0,0,0,0,1,2,0,0,0,0,0,0,1,1,0,1,0,2,0,1,0,2,0,1,0,2,0,1,0,2,1,0,0,1,0,0,1,0,3
2305,3,4,0.002060193,1,85201,1,0,0,3,0,0,1,0,0,4,4,3,3,3,3,1,1,2,4,2,2,1,3,1,1,3,3,3,4,1,4,-1.893227236,0.003145358,0.060807229,1,1,0,0,2,0,0,1,0,0,2,0,4,1,0,1,0,0,3,1,0,0,0,0,1,-9,0,0,0,1,3,0,0,1,3,0,1,0,2,0,0,1,3,0,0,1,3,0,0,0,1,4
2307,48,4,1.052970179,0,24018,0,1,0,1,1,0,0,0,0,2,4,2,4,4,3,3,3,4,4,3,2,2,2,2,2,2,2,2,3,3,3,0.486475421,-0.193276219,-0.727842973,1,0,0,1,4,1,1,1,0,0,2,0,4,0,1,2,1,0,1,0,0,0,0,1,0,1,1,1,0,0,1,1,0,0,1,0,1,0,2,0,1,0,2,1,0,0,1,1,0,0,0,1
2308,18,4,0.424077895,0,40744,0,1,0,2,0,1,0,0,0,2,3,3,4,3,4,3,2,3,3,4,1,1,1,1,3,1,1,2,2,2,2,-0.683792466,0.450026189,-1.031085676,0,0,0,1,4,0,0,1,0,0,2,0,4,1,0,1,1,0,1,0,0,0,0,0,0,-9,0,1,0,0,1,1,0,0,1,0,1,0,2,1,0,0,1,1,0,0,1,1,0,0,0,1
2311,48,4,0.200426179,0,23605,0,1,0,2,0,1,0,0,0,2,2,3,4,3,1,1,1,3,4,1,1,1,2,2,2,1,1,2,1,1,1,-0.189306517,-0.107854708,0.946964364,0,0,0,1,4,1,1,1,0,0,2,0,4,1,0,1,0,1,2,0,0,0,0,1,0,-9,0,0,1,0,2,0,1,0,2,0,0,1,3,1,0,0,1,1,0,0,1,0,0,1,0,3
2312,39,2,0.660054898,0,16028,0,0,1,2,0,1,0,0,0,2,3,3,3,3,3,3,3,3,3,3,1,1,1,1,1,1,1,1,1,1,1,-0.50153215,0.151669279,-0.449365615,1,0,1,0,3,0,0,1,0,0,2,0,4,1,0,1,0,1,2,0,0,0,0,0,0,1,1,1,0,0,1,1,0,0,1,1,0,0,1,0,1,0,2,1,0,0,1,1,0,0,0,1
2314,26,4,1.110800641,0,64127,0,1,0,2,0,1,0,0,0,3,5,3,4,5,3,3,1,3,4,3,2,2,2,2,2,2,2,2,4,4,4,1.314296142,-0.694576338,1.239531722,0,0,0,1,4,0,0,1,0,0,2,0,4,1,0,1,1,0,1,0,1,0,0,1,0,1,1,0,1,0,2,0,1,0,2,0,1,0,2,1,0,0,1,1,0,0,1,0,0,0,1,4
2317,49,4,0.014275027,0,98366,0,1,0,2,0,1,0,0,0,2,5,4,2,5,1,1,1,5,4,3,1,1,1,1,1,1,1,3,1,2,1,0.631467134,-0.368256351,1.383686489,0,0,0,1,4,0,0,1,0,0,2,0,4,0,1,2,0,0,3,0,0,0,0,1,0,-9,0,1,0,0,1,0,1,0,2,1,0,0,1,0,1,0,2,0,1,0,2,0,0,1,0,3
2319,42,4,0.684629331,0,29485,0,1,0,1,1,0,0,0,0,1,1,1,4,4,1,1,1,5,5,5,1,3,2,3,2,3,3,1,4,4,4,-2.842441351,0.648191847,-2.151877227,1,1,0,0,2,0,0,1,0,0,2,0,4,1,0,1,1,0,1,0,1,0,0,1,1,-9,0,0,1,0,2,0,1,0,2,1,0,0,1,1,0,0,1,1,0,0,1,1,0,0,0,1
2320,33,2,0.875144313,0,11209,1,0,0,2,0,1,0,0,0,2,3,3,3,4,4,4,3,4,4,2,2,3,2,2,3,2,3,2,2,3,3,-0.648824723,0.368313213,0.245795827,1,1,0,0,2,0,0,1,0,0,2,0,4,0,1,2,0,1,2,0,0,0,0,0,1,1,1,0,0,1,3,0,0,1,3,0,0,1,3,0,0,1,3,0,0,1,3,0,0,0,1,4
2322,5,4,0.017164602,0,95356,1,0,0,2,0,1,0,0,0,2,3,3,3,3,4,3,4,4,4,4,1,1,1,1,1,1,1,3,1,2,3,-1.000939542,-0.168659986,-1.838467194,1,0,1,0,3,0,0,1,0,0,2,0,4,1,0,1,0,1,2,0,0,0,0,1,0,-9,0,0,0,1,3,0,0,1,3,0,0,1,3,0,0,1,3,1,0,0,1,0,0,1,0,3
2323,33,4,0.878583098,0,12801,0,1,0,2,0,1,0,0,0,2,5,2,3,2,1,4,1,4,4,1,1,1,3,1,2,1,1,2,1,3,1,0.082985424,0.00368897,-1.068467795,1,0,1,0,3,0,0,1,0,0,2,0,4,1,0,1,1,0,1,0,0,0,0,0,0,-9,0,0,1,0,2,0,0,1,3,1,0,0,1,0,0,1,3,1,0,0,1,0,0,1,0,3
2324,26,2,2.980495021,0,63703,0,1,0,1,1,0,0,0,0,1,3,2,3,5,3,1,1,5,5,3,2,2,2,2,2,2,2,2,3,3,3,-0.002074542,0.299322717,-0.305240382,1,1,0,0,2,0,0,0,1,0,2,0,2,0,0,3,0,0,3,1,0,0,0,1,0,-9,0,0,1,0,2,0,0,1,3,0,0,1,3,0,0,1,3,1,0,0,1,0,1,0,0,2
2325,45,4,0.370068592,1,75098,0,1,0,3,0,0,1,0,0,3,4,3,1,5,3,1,1,4,5,5,1,1,2,1,1,1,1,3,1,2,1,0.249908645,-0.338640578,-0.556257504,1,0,0,1,4,0,1,1,0,0,2,0,4,0,1,2,0,1,2,0,0,0,0,1,0,-9,0,1,0,0,1,1,0,0,1,0,1,0,2,0,0,1,3,1,0,0,1,1,0,0,0,1
2326,39,2,0.281407588,0,17013,0,1,0,3,0,0,1,0,0,3,3,3,3,5,4,5,4,5,5,4,1,1,2,2,1,1,2,2,1,2,4,0.39383676,-1.019886387,-0.420517892,1,1,0,0,2,0,0,1,0,0,2,0,4,1,0,1,0,0,3,1,1,0,0,0,0,1,1,0,1,0,2,0,0,1,3,0,1,0,2,0,1,0,2,1,0,0,1,0,0,1,0,3
2327,37,4,0.43905839,0,73080,0,1,0,5,0,0,0,0,1,5,5,5,1,4,2,1,5,4,4,3,1,2,2,3,3,2,2,2,4,2,4,0.652888109,0.497507657,-1.219280102,1,0,0,1,4,0,0,1,0,0,2,0,4,1,0,1,0,1,2,0,1,0,0,1,0,-9,0,1,0,0,1,0,1,0,2,0,0,1,3,0,0,1,3,1,0,0,1,0,1,0,0,2
2332,49,2,0.246737425,0,99206,0,1,0,3,0,0,1,0,0,3,3,4,2,4,3,4,2,3,4,3,1,1,1,1,1,1,3,3,1,2,1,-0.101678761,-0.589742286,-0.059665117,1,0,1,0,3,0,0,1,0,0,2,0,4,0,1,2,0,1,2,0,1,0,1,0,0,-9,0,0,1,0,2,0,1,0,2,0,1,0,2,0,1,0,2,1,0,0,1,0,0,1,0,3
2334,24,4,0.994290483,0,55337,0,1,0,3,0,0,1,0,0,4,5,5,1,3,3,1,1,3,3,1,1,2,2,2,3,2,2,3,4,4,4,-0.345240474,-1.602252997,-1.301249872,1,0,1,0,3,0,0,1,0,0,2,0,4,0,1,2,0,0,3,0,1,0,0,1,0,-9,0,0,1,0,2,0,0,1,3,0,0,1,3,0,0,1,3,1,0,0,1,0,0,1,0,3
2338,17,2,0.50671498,0,67204,0,1,0,1,1,0,0,0,0,2,6,2,4,4,1,4,1,2,4,4,2,3,2,2,3,2,2,2,2,2,3,0.743286588,-1.319553102,-0.277316531,1,1,0,0,2,0,0,1,0,0,2,0,4,1,0,1,0,0,3,1,0,0,1,1,0,1,1,0,1,0,2,1,0,0,1,0,1,0,2,0,1,0,2,1,0,0,1,0,0,1,0,3
2341,19,4,0.410996433,0,71301,0,1,0,2,0,1,0,0,0,3,6,3,2,4,2,2,1,2,5,3,2,2,2,2,2,2,2,2,4,3,3,0.430689685,-1.08411887,0.130234939,1,0,0,1,4,0,0,0,1,0,2,0,2,1,0,1,0,1,2,0,0,0,0,1,0,1,1,0,1,0,2,0,0,1,3,0,0,1,3,0,0,1,3,1,0,0,1,0,1,0,0,2
2342,33,4,1.810536821,0,10901,0,1,0,4,0,0,0,1,0,1,3,2,5,5,1,1,1,2,2,4,2,2,2,2,2,3,2,2,4,3,3,-0.794749826,0.724376873,1.110601656,1,0,1,0,3,0,0,0,1,0,2,0,2,1,0,1,1,0,1,0,0,0,0,0,0,-9,0,0,1,0,2,0,0,1,3,0,1,0,2,0,0,1,3,0,0,1,3,0,1,0,0,2
2350,45,4,1.453612373,1,75440,0,0,1,1,1,0,0,0,0,2,5,1,4,5,1,1,1,2,5,4,2,2,2,2,2,2,2,3,3,2,4,1.667193072,-0.985825049,0.163753765,1,0,1,0,3,0,0,1,0,0,2,0,4,1,0,1,1,0,1,0,0,0,0,0,0,-9,0,1,0,0,1,1,0,0,1,0,1,0,2,1,0,0,1,1,0,0,1,1,0,0,0,1
2352,47,4,0.954085878,0,5065,0,0,1,4,0,0,0,1,0,3,4,4,1,4,3,2,3,5,5,3,1,2,2,2,2,2,2,3,1,2,2,-0.374429744,-0.606556615,-0.052689705,1,0,1,0,3,0,0,1,0,0,2,0,4,1,0,1,0,1,2,0,1,0,0,1,0,-9,0,1,0,0,1,1,0,0,1,1,0,0,1,0,0,1,3,1,0,0,1,0,0,1,0,3
2355,44,4,0.568604762,0,37932,0,1,0,2,0,1,0,0,0,2,4,4,4,5,3,4,1,3,5,4,2,2,2,2,2,2,2,2,3,3,4,-0.209883967,-1.109770701,0.61029677,1,1,0,0,2,0,1,1,0,0,2,0,4,1,0,1,1,0,1,0,1,0,0,1,0,1,1,1,0,0,1,1,0,0,1,0,1,0,2,1,0,0,1,1,0,0,1,1,0,0,0,1
2357,48,4,0.529310787,0,22044,1,0,0,3,0,0,1,0,0,3,5,4,5,5,3,3,2,5,5,5,1,1,1,1,2,2,2,2,4,3,3,1.396272154,1.331037549,-0.405685632,1,0,0,1,4,0,0,1,0,0,2,0,4,1,0,1,1,0,1,0,0,0,0,0,0,1,1,0,0,1,3,0,0,1,3,0,0,1,3,0,0,1,3,0,1,0,2,0,0,1,0,3
2358,45,2,0.564839954,0,76502,0,1,0,2,0,1,0,0,0,2,5,4,4,4,2,2,2,2,4,4,1,1,1,3,2,1,2,3,1,2,2,0.219377995,0.148761003,-0.144679413,1,0,1,0,3,0,0,1,0,0,2,0,4,1,0,1,0,1,2,0,0,0,1,0,0,-9,0,0,1,0,2,1,0,0,1,0,1,0,2,0,1,0,2,1,0,0,1,1,0,0,0,1
2359,10,4,0.048803202,1,33777,0,1,0,2,0,1,0,0,0,3,6,4,1,4,3,3,3,4,5,4,2,2,3,2,2,2,3,3,4,2,2,0.56252855,-0.818693879,-0.910776425,0,0,1,1,4,0,0,1,0,0,2,0,4,1,0,1,1,0,1,0,1,0,0,0,1,-9,0,0,1,0,2,0,1,0,2,0,0,1,3,1,0,0,1,1,0,0,1,0,0,1,0,3
2360,10,4,2.415759901,0,33870,0,1,0,3,0,0,1,0,0,2,5,4,1,2,3,5,1,5,5,4,3,3,3,3,2,2,2,1,2,2,4,-0.0539311,-1.980764415,-0.989302351,0,1,0,0,2,0,0,1,0,0,1,1,1,1,0,1,0,0,3,1,0,0,0,0,0,-9,0,1,0,0,1,0,1,0,2,0,0,1,3,1,0,0,1,1,0,0,1,1,0,0,0,1
2361,4,4,0.809581264,0,72450,0,1,0,5,0,0,0,0,1,2,4,3,1,5,4,1,1,4,4,3,1,1,3,1,1,1,3,3,1,2,2,0.816407195,0.423712924,-0.09942052,1,0,0,1,4,0,0,1,0,0,2,0,4,1,0,1,1,0,1,0,1,0,0,0,0,-9,0,1,0,0,1,1,0,0,1,1,0,0,1,0,1,0,2,1,0,0,1,1,0,0,0,1
2362,21,4,1.667598698,0,21032,0,1,0,3,0,0,1,0,0,3,6,2,2,5,1,1,1,2,3,3,1,1,1,1,2,1,1,2,2,3,4,0.064157154,0.079441413,0.21802031,0,0,0,1,4,1,1,1,0,0,2,0,4,0,0,3,1,0,1,0,0,0,0,1,0,-9,0,1,0,0,1,1,0,0,1,1,0,0,1,0,0,1,3,1,0,0,1,1,0,0,0,1
2365,15,2,1.143433428,0,46055,0,1,0,1,1,0,0,0,0,1,3,2,5,3,1,3,3,3,3,1,2,2,2,2,2,2,2,2,3,3,3,0.290098736,0.169391057,0.128730252,1,0,1,0,3,1,1,1,0,0,2,0,4,0,1,2,0,1,2,0,0,0,0,1,0,1,1,0,0,0,0,0,0,0,0,0,0,0,0,0,0,0,0,0,0,0,0,0,0,0,0,0
2367,10,2,1.816106341,1,33069,0,1,0,5,0,0,0,0,1,3,5,5,1,5,1,1,3,5,5,4,1,1,2,2,1,1,1,2,1,3,1,0.362670828,-0.092058936,-0.750840699,1,0,1,0,3,0,0,1,0,0,2,0,4,0,1,2,0,1,2,0,1,0,1,0,0,1,1,0,1,0,2,0,0,1,3,0,0,1,3,0,1,0,2,0,1,0,2,0,0,1,0,3
2370,49,2,0.013068713,0,98310,0,1,0,2,0,1,0,0,0,3,4,3,3,4,3,3,3,4,4,4,1,1,1,1,2,2,2,2,2,2,2,-0.471350049,-0.994006425,-1.383354613,1,0,0,0,1,0,0,1,0,0,2,0,4,1,0,1,0,0,3,0,1,0,1,1,1,1,1,0,1,0,2,0,1,0,2,1,0,0,1,0,1,0,2,0,1,0,2,0,0,0,1,4
2372,5,2,2.868304136,0,90057,1,0,0,2,0,1,0,0,0,2,2,0,4,3,2,2,3,2,2,2,1,1,3,1,2,2,2,2,3,3,3,-0.620131034,0.905761967,-0.969906331,1,0,0,0,1,0,0,1,0,0,1,1,1,0,1,2,0,0,3,0,0,0,1,0,0,-9,0,0,0,1,3,0,0,1,3,1,0,0,1,0,0,1,3,0,0,1,3,0,0,0,1,4
2374,10,4,0.189651798,0,32210,0,1,0,4,0,0,0,1,0,3,5,5,2,5,5,5,5,5,5,5,2,2,1,1,1,1,1,3,2,2,2,1.236825143,-0.099374798,0.693293062,1,0,0,1,4,0,0,0,1,0,2,0,2,1,0,1,0,0,3,0,0,0,0,0,0,-9,0,0,1,0,2,0,1,0,2,0,1,0,2,0,1,0,2,1,0,0,1,0,0,1,0,3
2375,50,4,0.319234212,0,25705,0,1,0,2,0,1,0,0,0,1,4,4,2,4,1,1,1,1,1,1,2,2,2,2,2,2,2,3,4,4,4,0.211020233,-0.147695141,-2.203287842,0,0,0,1,4,0,0,1,0,0,2,0,4,1,0,1,1,0,1,0,0,0,0,1,1,1,1,0,1,0,2,0,1,0,2,0,1,0,2,0,0,1,3,1,0,0,1,0,1,0,0,2
2376,36,4,0.100876695,0,43607,0,1,0,1,1,0,0,0,0,1,5,3,4,4,2,2,2,2,4,4,1,2,2,2,2,2,2,2,4,3,4,-0.012123434,-0.944545616,-0.086692982,1,0,1,0,3,0,0,0,0,0,1,1,1,1,0,1,0,1,2,0,0,0,0,0,0,-9,0,0,1,0,2,0,1,0,2,1,0,0,1,1,0,0,1,1,0,0,1,0,0,1,0,3
2379,34,4,0.335019499,0,27574,0,0,1,3,0,0,1,0,0,3,3,3,3,3,2,2,3,2,2,2,2,3,3,2,2,2,2,3,3,3,2,-0.147777335,0.387984284,0.006456017,0,1,0,0,2,0,0,1,0,0,2,0,4,1,0,1,0,0,3,0,1,0,0,0,0,-9,0,1,0,0,1,1,0,0,1,1,0,0,1,0,1,0,2,1,0,0,1,1,0,0,0,1
2381,24,4,0.217494192,0,56303,0,1,0,2,0,1,0,0,0,1,4,2,3,5,2,3,1,3,5,2,1,1,1,1,1,1,1,3,1,2,1,0.500996797,-1.207692571,-0.065207822,1,1,0,0,2,0,0,1,0,0,2,0,4,1,0,1,0,1,2,0,0,0,0,0,0,-9,0,0,1,0,2,0,0,1,3,1,0,0,1,0,1,0,2,0,1,0,2,0,1,0,0,2
2382,24,4,0.085038039,0,55125,0,1,0,2,0,1,0,0,0,4,1,1,5,4,5,4,3,5,3,4,2,2,2,2,2,2,2,3,4,2,4,0.291581379,0.107382249,-0.728984596,0,1,0,0,2,1,1,1,0,0,2,0,4,1,0,1,0,0,3,0,1,0,0,0,0,-9,0,0,1,0,2,0,1,0,2,0,0,1,3,0,1,0,2,1,0,0,1,0,1,0,0,2
2384,14,4,1.175605282,0,61036,0,1,0,1,1,0,0,0,0,1,4,3,4,5,1,1,1,2,4,3,2,2,2,2,2,2,2,2,4,4,4,0.011144625,-0.932295314,-0.206854032,1,0,0,1,4,0,0,1,0,0,2,0,4,1,0,1,1,0,1,0,1,0,0,0,0,-9,0,1,0,0,1,1,0,0,1,1,0,0,1,0,0,1,3,1,0,0,1,1,0,0,0,1
2386,5,2,0.002406827,0,91303,1,0,0,1,1,0,0,0,0,3,1,2,3,4,4,3,3,4,5,5,1,3,1,1,3,1,1,3,1,2,2,0.361757019,-0.176901086,1.367643337,0,0,1,0,3,0,0,0,1,0,2,0,2,0,1,2,0,0,3,1,0,1,0,1,0,-9,0,0,0,1,3,0,0,1,3,1,0,0,1,0,0,1,3,0,0,1,3,0,0,0,1,4
2387,6,2,0.010880454,0,80205,1,0,0,3,0,0,1,0,0,2,3,3,3,3,3,3,3,4,3,3,3,2,2,2,3,2,2,2,3,2,2,-1.646165088,0.726499077,-0.707459265,0,0,0,0,1,0,0,0,1,0,2,0,2,1,0,1,1,0,1,0,0,0,0,0,0,-9,0,0,0,1,3,0,0,1,3,1,0,0,1,1,0,0,1,0,0,1,3,0,0,0,1,4
2390,16,2,3.853966012,0,50158,0,1,0,4,0,0,0,1,0,4,4,3,1,5,1,3,1,5,5,4,2,2,2,2,2,2,2,3,3,2,2,0.217420736,0.826453612,-0.099694734,1,0,1,0,3,0,0,1,0,0,2,0,4,0,1,2,0,1,2,0,0,0,0,1,0,-9,0,0,1,0,2,0,1,0,2,1,0,0,1,0,1,0,2,1,0,0,1,0,0,1,0,3
2392,33,2,0.937086271,0,10468,1,0,0,3,0,0,1,0,0,3,2,4,4,3,4,4,3,3,3,3,2,2,2,2,2,2,2,3,3,3,3,-0.019883259,0.30713608,0.416724757,0,0,0,0,1,0,0,0,1,0,1,1,1,1,0,1,1,0,1,0,0,0,0,0,0,1,1,0,0,1,3,0,0,1,3,0,1,0,2,1,0,0,1,0,0,1,3,0,0,1,0,3
2393,39,2,0.199916194,0,16001,0,1,0,2,0,1,0,0,0,2,4,2,3,4,2,2,2,2,3,4,2,2,1,3,2,2,2,3,2,2,2,-0.18720177,-0.724867462,-1.073240913,1,0,0,0,1,0,0,1,0,0,2,0,4,1,0,1,0,1,2,0,0,0,0,1,0,-9,0,0,1,0,2,0,0,1,3,1,0,0,1,0,1,0,2,1,0,0,1,0,1,0,0,2
2395,36,4,0.240235234,0,44035,0,1,0,2,0,1,0,0,0,1,5,5,1,4,3,4,3,4,4,4,1,1,1,1,1,3,1,3,2,2,1,-1.363834357,-0.370613662,-0.850355176,1,0,1,0,3,0,0,1,0,0,2,0,4,1,0,1,0,1,2,1,0,0,0,0,0,-9,0,0,1,0,2,0,1,0,2,0,0,1,3,1,0,0,1,1,0,0,1,1,0,0,0,1
2396,16,2,0.805547345,0,50309,0,1,0,2,0,1,0,0,0,2,2,3,2,5,1,1,1,4,4,4,2,2,2,2,2,2,3,3,4,3,4,-0.318261754,-2.022151871,-0.270271747,1,1,0,0,2,0,0,0,1,0,2,0,2,1,0,1,1,0,1,0,0,0,1,0,1,1,1,1,0,0,1,0,0,1,3,1,0,0,1,0,1,0,2,1,0,0,1,0,0,0,1,4
2400,23,4,0.498264397,0,48186,0,1,0,5,0,0,0,0,1,3,5,5,2,4,1,2,1,3,5,5,3,3,2,3,3,2,2,3,4,2,4,-0.125672681,-1.305854664,-0.216721132,1,0,1,0,3,0,0,0,1,0,2,0,2,1,0,1,1,0,1,0,1,0,0,0,0,-9,0,0,1,0,2,1,0,0,1,1,0,0,1,1,0,0,1,1,0,0,1,1,0,0,0,1
2401,39,4,0.083562149,0,16001,0,1,0,3,0,0,1,0,0,1,4,3,4,4,2,1,1,4,5,3,2,2,2,2,2,3,3,3,4,4,4,-1.704070353,0.685873764,0.131692564,1,0,1,0,3,0,0,1,0,0,2,0,4,1,0,1,1,0,1,0,0,0,0,0,1,1,1,0,1,0,2,0,0,1,3,1,0,0,1,0,1,0,2,1,0,0,1,0,1,0,0,2
2402,48,4,1.3622384,0,22932,0,0,1,1,1,0,0,0,0,2,3,1,2,4,1,3,1,3,2,3,2,2,2,2,2,3,2,3,4,3,4,-0.325590109,-0.223926651,0.351654491,0,0,1,0,3,0,0,0,1,0,2,0,2,1,0,1,0,0,3,0,0,0,0,0,0,-9,0,1,0,0,1,1,0,0,1,1,0,0,1,0,0,1,3,1,0,0,1,1,0,0,0,1
2406,23,3,0.102286989,0,49829,0,1,0,5,0,0,0,0,1,5,6,3,1,5,1,1,1,5,4,3,1,1,1,1,1,1,1,2,1,1,1,-0.653695526,1.226573781,-0.430867128,1,1,0,0,2,0,0,1,0,0,2,0,4,1,0,1,0,0,3,1,1,0,0,0,0,-9,0,1,0,0,1,0,1,0,2,1,0,0,1,0,0,1,3,1,0,0,1,0,1,0,0,2
2411,26,4,0.625169167,0,63108,1,0,0,2,0,1,0,0,0,1,5,1,4,5,1,1,1,5,5,5,1,1,1,2,2,1,1,3,4,2,1,1.303959733,0.586645348,0.954776368,1,0,0,1,4,1,1,1,0,0,2,0,4,0,1,2,1,0,1,0,0,0,0,1,0,1,1,0,0,1,3,0,0,1,3,0,1,0,2,0,0,1,3,0,0,1,3,0,0,0,1,4
2413,5,4,0.004998184,1,92392,0,1,0,4,0,0,0,1,0,2,3,3,3,4,3,3,3,5,5,5,2,2,2,3,1,2,2,2,1,2,3,0.72118646,-0.014636448,1.103750629,1,0,0,1,4,1,1,1,0,0,2,0,4,0,1,2,0,1,2,0,0,0,0,1,0,-9,0,0,1,0,2,1,0,0,1,0,1,0,2,0,1,0,2,1,0,0,1,0,0,1,0,3
2414,18,4,0.414928219,0,42330,0,0,1,2,0,1,0,0,0,2,6,5,5,5,3,3,1,4,3,1,2,3,2,2,2,3,2,2,3,2,3,-0.947288186,-0.28816011,-0.572566765,1,1,0,0,2,0,0,1,0,0,2,0,4,0,0,0,0,1,2,1,0,0,0,1,1,-9,0,1,0,0,1,1,0,0,1,0,1,0,2,1,0,0,1,1,0,0,1,1,0,0,0,1
2415,25,2,0.224580201,0,39702,0,1,0,3,0,0,1,0,0,3,3,2,3,3,3,3,3,3,3,3,2,2,2,2,2,2,2,2,3,3,3,-0.849085224,0.243209007,-1.040977825,1,0,0,0,1,1,1,0,1,0,2,0,2,1,0,1,0,1,2,0,0,0,0,0,1,-9,0,1,0,0,1,1,0,0,1,1,0,0,1,1,0,0,1,1,0,0,1,1,0,0,0,1
2418,38,4,0.000170568,0,97601,0,1,0,4,0,0,0,1,0,1,6,5,3,5,5,5,5,5,5,5,1,3,3,3,3,1,3,3,2,2,2,1.610887949,0.310376423,-1.07441087,1,0,1,0,3,0,0,1,0,0,2,0,4,1,0,1,0,0,3,0,1,0,0,0,1,1,1,0,1,0,2,0,1,0,2,0,1,0,2,0,1,0,2,1,0,0,1,0,0,1,0,3
2419,11,4,0.173532241,0,31206,0,1,0,2,0,1,0,0,0,1,4,2,4,4,4,4,4,4,4,4,1,1,1,1,1,1,1,3,1,2,2,-0.85644965,0.221322266,-0.513225111,1,0,1,0,3,0,0,0,1,0,2,0,2,1,0,1,0,0,3,0,1,0,0,0,0,1,1,1,0,0,1,1,0,0,1,0,0,1,3,0,1,0,2,1,0,0,1,1,0,0,0,1
2421,26,4,0.210690459,0,65786,0,0,1,2,0,1,0,0,0,2,3,3,4,4,3,4,2,4,4,4,1,1,1,1,3,1,1,3,3,3,1,1.667346942,-1.563343226,-2.085931815,1,0,0,1,4,0,0,1,0,0,2,0,4,1,0,1,0,1,2,0,0,0,0,0,0,-9,0,1,0,0,1,1,0,0,1,1,0,0,1,1,0,0,1,1,0,0,1,1,0,0,0,1
2424,51,4,0.565569465,0,53177,0,1,0,1,1,0,0,0,0,1,3,3,4,3,1,3,2,1,3,3,2,2,2,2,2,2,2,2,4,3,4,-0.017842503,-0.405119793,-1.331830496,1,1,0,0,2,0,0,1,0,0,2,0,4,0,0,0,0,1,2,0,0,0,0,1,0,-9,0,1,0,0,1,0,1,0,2,0,1,0,2,0,0,1,3,0,1,0,2,1,0,0,0,1
2432,23,4,0.152162818,0,49464,0,1,0,5,0,0,0,0,1,1,3,2,4,3,3,3,2,4,4,3,2,2,2,2,2,2,2,2,3,3,4,-0.262743184,-1.104973633,0.313700433,1,1,0,0,2,0,0,1,0,0,2,0,4,1,0,1,0,0,3,1,0,0,0,0,0,1,1,1,0,0,1,0,0,1,3,0,1,0,2,0,1,0,2,1,0,0,1,1,0,0,0,1
2433,51,4,1.733662427,0,53202,1,0,0,3,0,0,1,0,0,2,1,1,3,4,3,5,3,4,4,4,1,1,1,1,1,1,1,1,1,1,1,0.129144062,0.33587716,0.507729257,1,0,1,0,3,0,0,0,0,0,2,0,5,1,0,1,1,0,1,1,1,0,0,0,1,-9,0,0,0,1,3,0,0,1,3,1,0,0,1,0,0,1,3,0,0,1,3,0,0,0,1,4
2436,14,2,0.533866722,0,60061,1,0,0,3,0,0,1,0,0,3,3,3,3,4,2,4,1,3,5,4,2,2,3,2,3,2,2,3,3,2,3,0.316270514,0.137572616,-0.430757813,1,1,0,0,2,0,0,1,0,0,2,0,4,1,0,1,1,0,1,0,0,0,1,0,0,-9,0,0,0,1,3,0,0,1,3,1,0,0,1,1,0,0,1,0,1,0,2,0,1,0,0,2
2441,45,2,0.263466737,0,79855,0,0,1,3,0,0,1,0,0,3,5,3,2,2,3,2,3,4,4,3,2,2,2,2,2,1,1,2,1,2,2,-0.088778247,-0.495990524,-0.389577324,0,0,0,1,4,0,0,1,0,0,2,0,4,1,0,1,1,0,1,0,0,1,1,0,0,1,1,1,0,0,1,1,0,0,1,1,0,0,1,0,0,1,3,1,0,0,1,1,0,0,0,1
2443,11,2,3.422907167,0,31005,0,1,0,1,1,0,0,0,0,2,4,2,5,1,1,2,1,3,3,3,1,2,2,2,2,2,2,2,3,3,3,-1.038952227,-0.389175227,-0.698634725,0,0,1,0,3,0,0,1,0,0,2,0,4,1,0,1,1,0,1,0,0,0,1,1,0,-9,0,1,0,0,1,1,0,0,1,0,0,1,3,0,1,0,2,1,0,0,1,1,0,0,0,1
2447,32,4,0.000197298,0,87031,0,1,0,2,0,1,0,0,0,2,4,3,2,4,3,4,4,3,5,5,1,1,2,2,1,1,2,3,3,2,3,1.230282929,0.055090198,0.710160515,1,0,0,1,4,0,1,1,0,0,2,0,4,0,1,2,0,0,3,0,0,0,0,1,0,1,1,1,0,0,1,1,0,0,1,0,1,0,2,0,0,1,3,0,1,0,2,0,1,0,0,2
2448,16,4,1.575747583,0,50248,0,1,0,1,1,0,0,0,0,1,5,3,2,5,2,3,2,3,5,3,2,1,2,1,1,1,2,2,4,2,4,0.946082869,-0.495746398,0.061566889,1,0,0,1,4,0,0,1,0,0,2,0,4,0,1,2,0,1,2,0,0,0,0,1,0,1,1,1,0,0,1,1,0,0,1,0,1,0,2,0,0,1,3,1,0,0,1,1,0,0,0,1
2450,10,4,0.372444588,0,33884,0,1,0,3,0,0,1,0,0,2,5,2,2,4,3,4,3,4,4,4,1,1,2,2,2,2,2,2,3,3,3,-0.055995839,0.488633664,0.14849648,0,0,0,1,4,0,0,1,0,0,2,0,4,0,1,2,0,1,2,0,0,0,0,0,0,1,1,1,0,0,1,0,1,0,2,0,1,0,2,0,0,1,3,1,0,0,1,1,0,0,0,1
2453,10,4,5.373204407,1,33598,0,1,0,3,0,0,1,0,0,3,3,2,2,2,2,2,4,5,3,3,3,1,3,3,3,2,2,1,4,3,3,0.06173913,0.339955641,-1.439737609,1,1,0,0,2,1,1,0,0,0,2,0,5,0,0,3,0,0,3,1,0,0,0,1,0,1,1,1,0,0,1,1,0,0,1,1,0,0,1,0,1,0,2,1,0,0,1,1,0,0,0,1
2455,22,4,0.882398019,0,2779,0,1,0,3,0,0,1,0,0,3,2,2,4,4,3,3,3,3,3,4,2,2,2,2,2,2,2,2,3,3,3,0.02156083,0.395241786,-0.196153133,0,0,0,1,4,0,1,1,0,0,2,0,4,0,0,0,0,1,2,0,0,0,0,1,0,0,0,1,0,0,1,1,0,0,1,0,1,0,2,1,0,0,1,1,0,0,1,1,0,0,0,1
2456,26,4,0.400543819,0,64831,0,0,1,3,0,0,1,0,0,2,2,1,4,5,3,4,4,5,4,4,2,2,1,1,1,1,1,3,3,3,3,1.083208861,0.885595767,0.875343408,1,0,1,0,3,0,0,1,0,0,2,0,4,1,0,1,0,1,2,0,0,0,0,1,0,-9,0,1,0,0,1,1,0,0,1,1,0,0,1,1,0,0,1,1,0,0,1,1,0,0,0,1
2458,42,4,0.643509085,0,29842,0,1,0,5,0,0,0,0,1,3,6,4,1,5,1,1,5,5,5,3,1,1,2,1,1,2,2,3,2,2,2,1.25614676,-1.320572059,0.404849973,1,1,0,0,2,0,0,1,0,0,2,0,4,1,0,1,0,0,3,1,0,0,0,0,0,1,1,1,0,0,1,1,0,0,1,0,1,0,2,0,0,1,3,1,0,0,1,1,0,0,0,1
2460,45,2,0.812450661,0,76654,0,0,1,2,0,1,0,0,0,1,5,1,4,4,1,1,1,3,1,1,2,2,2,3,3,2,2,1,4,2,4,-0.850612964,-0.743966464,1.39651688,1,1,0,0,2,0,0,1,0,0,2,0,4,0,1,2,0,1,2,0,0,0,0,1,0,-9,0,1,0,0,1,1,0,0,1,0,1,0,2,1,0,0,1,1,0,0,1,1,0,0,0,1
2461,16,4,0.879611789,0,50036,0,1,0,3,0,0,1,0,0,3,3,3,3,2,2,2,1,2,5,3,2,2,2,1,2,2,2,2,3,3,4,0.694177893,-0.429249814,-0.756010716,0,0,0,1,4,0,0,0,0,0,2,0,5,1,0,1,0,1,2,0,0,0,0,1,0,-9,0,1,0,0,1,1,0,0,1,1,0,0,1,0,0,1,3,1,0,0,1,1,0,0,0,1
2466,45,4,2.502451306,1,78240,1,0,0,5,0,0,0,0,1,4,5,5,1,4,3,2,1,5,4,3,3,3,2,3,3,2,2,2,3,2,4,-1.247098344,-1.148204568,-1.271537127,0,0,0,1,4,1,1,1,0,0,2,0,4,1,0,1,0,1,2,0,0,0,0,0,0,1,1,0,0,1,3,0,0,1,3,1,0,0,1,0,1,0,2,1,0,0,1,0,0,1,0,3
2467,23,4,0.42609324,0,49315,0,1,0,1,1,0,0,0,0,2,5,3,4,5,2,4,4,4,4,2,1,1,1,1,1,1,1,2,1,4,4,-0.937695313,0.688810275,-1.741890251,1,0,1,1,4,1,1,1,0,0,2,0,4,0,1,2,0,1,2,0,0,0,0,1,0,-9,0,1,0,0,1,1,0,0,1,0,1,0,2,0,0,1,3,1,0,0,1,1,0,0,0,1
2476,42,4,1.241205106,0,29860,0,1,0,3,0,0,1,0,0,4,6,4,1,4,1,5,1,4,5,1,2,3,3,3,2,2,2,1,2,2,4,-0.73290055,-0.34988886,0.49908088,0,0,0,1,4,0,0,1,0,0,2,0,4,0,1,2,0,0,3,0,0,0,0,1,0,-9,0,1,0,0,1,1,0,0,1,0,1,0,2,0,0,1,3,1,0,0,1,1,0,0,0,1
2479,10,2,1.878252094,0,34288,0,0,1,4,0,0,0,1,0,1,4,4,2,4,2,2,2,4,4,3,1,1,1,3,1,3,1,3,3,2,2,1.049316309,0.349836584,-0.083109157,0,0,0,1,4,0,0,1,0,0,2,0,4,0,1,2,0,1,2,0,0,1,1,1,0,1,1,0,0,0,0,0,0,0,0,0,0,0,0,0,0,0,0,0,0,0,0,0,0,0,0,0
2481,18,2,1.54994056,0,42081,0,0,1,5,0,0,0,0,1,1,4,5,3,3,3,3,1,3,3,3,2,2,2,2,2,2,2,2,3,3,3,1.316894282,0.518977221,0.833650529,1,1,0,0,2,0,0,1,0,0,2,0,4,1,0,1,0,0,3,1,0,0,1,0,0,-9,0,1,0,0,1,1,0,0,1,1,0,0,1,1,0,0,1,1,0,0,1,1,0,0,0,1
2482,33,4,1.088176798,0,12771,0,1,0,1,1,0,0,0,0,1,4,2,3,5,1,1,1,1,5,1,2,1,2,3,2,2,2,2,3,3,4,0.204938288,-0.56946707,0.342277685,0,0,1,0,3,0,0,1,0,0,2,0,4,0,1,2,0,1,2,0,0,0,0,1,0,-9,0,0,1,0,2,0,1,0,2,1,0,0,1,0,1,0,2,0,0,1,3,0,1,0,0,2
2483,45,4,0.77288016,1,77036,1,0,0,3,0,0,1,0,0,2,3,3,2,3,2,2,2,2,2,2,1,1,1,1,1,1,1,1,1,1,1,-1.821339153,0.544553885,-0.050791117,0,0,0,1,4,0,0,1,0,0,2,0,4,0,1,2,1,0,1,0,0,0,0,1,0,-9,0,0,0,1,3,0,0,1,3,0,0,1,3,1,0,0,1,1,0,0,1,0,0,0,1,4
2485,16,4,0.467985275,0,52316,0,0,1,3,0,0,1,0,0,1,3,4,4,4,1,3,1,4,5,4,2,3,2,2,2,2,2,2,2,2,3,1.000230405,-0.266322375,0.896644243,0,0,0,1,4,1,1,1,0,0,2,0,4,0,1,2,0,1,2,0,0,0,0,1,0,-9,0,1,0,0,1,1,0,0,1,0,1,0,2,0,1,0,2,1,0,0,1,1,0,0,0,1
2486,45,4,1.235038195,1,77802,0,1,0,3,0,0,1,0,0,2,3,4,3,5,3,2,3,4,4,3,1,2,2,2,2,2,2,2,3,3,1,0.169821626,-0.241047829,-0.983506784,1,0,0,1,4,1,1,1,0,0,2,0,4,0,1,2,0,1,2,0,0,0,0,1,0,1,1,0,1,0,2,0,1,0,2,1,0,0,1,0,0,1,3,1,0,0,1,0,1,0,0,2
2487,44,4,0.401252052,0,38583,0,1,0,3,0,0,1,0,0,3,5,5,1,3,1,3,1,4,5,4,2,2,2,2,2,2,2,2,2,2,2,-0.257350224,-0.908945211,0.248138539,1,0,0,1,4,1,1,1,0,0,2,0,4,0,0,0,1,0,1,0,0,0,0,1,0,-9,0,1,0,0,1,1,0,0,1,1,0,0,1,1,0,0,1,1,0,0,1,1,0,0,0,1
2488,29,4,1.30E-09,0,89429,0,0,1,5,0,0,0,0,1,4,3,5,2,4,2,4,3,4,3,3,2,2,2,2,2,2,2,3,3,1,3,-0.582913853,-0.749854925,0.243280729,1,0,0,1,4,0,0,1,0,0,2,0,4,1,0,1,1,0,1,0,0,0,0,0,1,-9,0,0,0,0,0,0,0,0,0,0,0,0,0,0,0,0,0,0,0,0,0,0,0,0,0,0
2489,5,2,4.46E-07,1,95713,0,1,0,2,0,1,0,0,0,2,5,3,3,3,1,1,1,5,4,3,1,1,2,2,2,2,2,2,3,2,3,0.515492554,0.263177838,0.542257595,0,0,0,1,4,1,1,1,0,0,2,0,4,1,0,1,0,1,2,0,0,0,0,0,1,-9,0,1,0,0,1,1,0,0,1,0,1,0,2,0,0,1,3,1,0,0,1,1,0,0,0,1
2491,33,4,0.891430759,0,14227,0,1,0,1,1,0,0,0,0,2,5,3,3,4,1,1,1,1,4,3,1,1,1,2,2,2,2,2,4,2,3,0.670607658,-0.242878771,0.769041891,0,0,0,1,4,0,0,1,0,0,2,0,4,0,1,2,0,1,2,0,0,0,0,1,0,-9,0,0,1,0,2,0,1,0,2,0,1,0,2,1,0,0,1,1,0,0,1,0,0,1,0,3
2494,44,4,1.235038195,0,37922,0,1,0,3,0,0,1,0,0,2,3,2,5,5,1,1,4,4,4,3,2,2,2,2,2,2,2,3,4,4,2,0.775003391,-1.012617462,0.966519422,1,0,0,1,4,1,1,1,0,0,2,0,4,0,1,2,0,1,2,0,0,0,0,1,0,-9,0,1,0,0,1,0,1,0,2,0,1,0,2,0,0,1,3,1,0,0,1,1,0,0,0,1
2497,45,4,1.990261878,1,75067,1,0,0,3,0,0,1,0,0,3,4,3,4,4,2,4,4,4,4,3,1,2,2,2,2,2,2,3,3,3,4,-0.188905256,-0.033531518,0.064794986,1,0,1,0,3,0,0,1,0,0,2,0,4,1,0,1,0,0,3,1,1,0,0,0,0,1,1,0,0,1,3,0,0,1,3,0,0,1,3,0,1,0,2,0,1,0,2,0,0,1,0,3
2498,36,4,0.641134568,0,44095,0,1,0,2,0,1,0,0,0,2,3,3,5,5,2,2,2,2,3,2,1,1,1,1,1,1,1,3,1,2,1,0.909311872,-0.587244617,0.174802303,1,0,0,1,4,0,0,1,0,0,2,0,4,1,0,1,0,1,2,0,0,0,0,1,0,-9,0,0,1,0,2,0,1,0,2,0,1,0,2,1,0,0,1,1,0,0,1,0,0,1,0,3
2501,27,2,0.034596128,0,59102,0,1,0,1,1,0,0,0,0,2,4,3,2,4,2,5,1,3,4,4,2,3,2,3,2,2,2,3,2,2,3,0.165341985,-1.492050682,0.043731251,0,0,0,1,4,0,0,1,0,0,2,0,4,0,0,3,0,0,3,1,0,0,1,1,0,1,1,0,1,0,2,0,0,1,3,1,0,0,1,0,0,1,3,1,0,0,1,0,1,0,0,2
2504,24,4,1.088602193,0,55119,0,1,0,3,0,0,1,0,0,3,1,5,2,3,2,2,1,3,4,3,2,2,2,2,2,1,2,3,3,2,2,0.356970413,-0.007923759,0.157979337,0,0,0,1,4,0,1,0,0,0,2,0,5,0,1,2,1,0,1,0,0,0,0,1,0,-9,0,0,0,1,3,0,1,0,2,0,0,1,3,1,0,0,1,1,0,0,1,0,0,1,0,3
2505,11,2,1.954582963,0,30035,0,1,0,2,0,1,0,0,0,2,5,4,4,5,2,2,1,4,5,4,1,1,2,2,2,2,2,2,4,3,4,0.389329691,0.08249905,0.354971661,0,0,0,1,4,0,1,1,0,0,1,1,1,0,1,2,1,0,1,0,1,0,0,0,1,-9,0,0,1,0,2,0,1,0,2,0,1,0,2,0,1,0,2,0,1,0,2,0,0,1,0,3
2507,34,4,9.587231602,0,27610,0,1,0,3,0,0,1,0,0,1,5,2,4,4,1,2,1,1,3,4,2,2,2,2,2,2,2,2,2,2,2,1.128291332,-0.111804148,-0.239309212,1,0,1,0,3,1,1,1,1,0,2,0,2,1,0,1,1,0,1,0,1,0,0,1,0,0,0,0,1,0,2,0,0,1,3,0,0,1,3,0,1,0,2,1,0,0,1,0,0,1,0,3
2508,33,4,0.156925399,0,11234,1,0,0,1,1,0,0,0,0,1,2,1,4,4,2,3,1,4,4,4,2,2,2,2,2,2,2,2,4,3,3,0.025471935,0.397402099,-0.095223676,1,0,0,1,4,0,0,1,0,0,2,0,4,1,0,1,0,1,2,0,1,0,0,0,0,-9,0,0,0,1,3,0,0,1,3,1,0,0,1,0,1,0,2,1,0,0,1,0,0,0,1,4
2509,34,2,0.667402227,0,28138,0,1,0,5,0,0,0,0,1,3,3,2,1,5,1,4,1,5,4,4,2,2,2,2,2,2,2,2,4,2,3,0.712102855,0.01324683,0.220817477,1,0,1,0,3,0,0,1,0,0,2,0,4,1,0,1,0,0,3,0,0,0,0,1,0,-9,0,1,0,0,1,1,0,0,1,1,0,0,1,0,1,0,2,1,0,0,1,1,0,0,0,1
2514,3,4,0.047306935,0,85139,0,1,0,1,1,0,0,0,0,2,5,4,5,3,1,1,1,1,1,1,2,2,2,2,2,2,2,2,4,3,4,-0.943035576,1.059105997,1.196387816,0,0,0,1,4,0,0,1,0,0,2,0,4,0,1,2,0,1,2,0,0,0,0,1,0,1,1,0,1,0,2,1,0,0,1,0,1,0,2,1,0,0,1,1,0,0,1,1,0,0,0,1
2515,10,4,0.762471141,0,32218,0,1,0,4,0,0,0,1,0,3,3,3,1,3,2,2,3,5,5,4,2,2,2,2,1,1,2,3,4,2,2,0.6294561,-0.116858822,0.500812509,1,0,1,0,3,0,0,1,0,0,2,0,4,0,1,2,0,1,2,0,0,0,0,1,0,-9,0,1,0,0,1,1,0,0,1,0,0,1,3,0,1,0,2,1,0,0,1,0,1,0,0,2
2516,39,4,0.592481467,0,15767,0,1,0,3,0,0,1,0,0,2,5,3,1,5,1,1,1,3,2,1,2,2,2,2,1,2,2,2,4,4,4,-0.245949683,-0.321391571,-0.55355737,1,0,0,1,4,0,0,1,0,0,2,0,4,1,0,1,0,1,2,0,0,0,0,1,0,-9,0,1,0,0,1,1,0,0,1,1,0,0,1,0,1,0,2,1,0,0,1,1,0,0,0,1
2518,34,4,0.544948737,0,28226,0,1,0,2,0,1,0,0,0,3,4,4,2,3,3,3,2,4,4,3,2,2,2,2,2,2,2,2,3,3,4,0.169136456,0.736371082,-1.375704557,1,0,0,1,4,0,0,1,0,0,2,0,4,1,0,1,1,0,1,0,0,0,0,0,0,-9,0,0,1,0,2,0,1,0,2,0,0,1,3,0,0,1,3,1,0,0,1,0,0,1,0,3
2521,25,4,0.838092869,0,39042,0,1,0,1,1,0,0,0,0,1,3,2,4,4,1,4,1,4,4,2,1,2,2,2,2,2,2,2,3,3,1,0.48892657,-0.032043779,0.119984387,1,0,0,1,4,0,0,1,0,0,2,0,4,1,0,1,1,0,1,0,0,0,0,1,0,-9,0,1,0,0,1,1,0,0,1,0,0,1,3,1,0,0,1,1,0,0,1,1,0,0,0,1
2525,23,4,0.385585615,0,49332,0,0,1,3,0,0,1,0,0,3,5,4,4,5,1,3,1,4,3,2,2,2,2,2,2,2,2,3,4,3,4,-0.350948459,-0.4324789,-0.906208047,0,0,0,1,4,0,0,1,0,0,2,0,4,1,0,1,0,0,3,0,0,0,0,0,0,1,1,1,0,0,1,1,0,0,1,0,1,0,2,0,0,1,3,1,0,0,1,1,0,0,0,1
2527,26,4,0.783985132,0,63084,0,1,0,3,0,0,1,0,0,3,4,2,4,4,4,4,2,5,5,5,2,2,2,2,2,2,2,2,3,2,2,-1.502064581,-0.327780856,0.565406204,0,0,0,1,4,0,0,1,0,0,2,0,4,1,0,1,1,0,1,0,1,0,0,0,0,-9,0,1,0,0,1,1,0,0,1,1,0,0,1,0,0,1,3,1,0,0,1,0,1,0,0,2
2528,6,4,0.007327046,0,80210,1,0,0,1,1,0,0,0,0,1,4,1,4,4,3,2,2,2,5,4,2,2,2,2,1,3,1,3,2,2,2,0.79413348,-0.585305322,0.564750016,0,0,0,1,4,0,0,1,0,0,2,0,4,0,1,2,0,1,2,0,0,0,0,0,0,1,1,0,0,1,3,0,0,1,3,0,0,1,3,0,0,1,3,0,0,1,3,0,0,0,1,4
2529,48,4,0.82854559,0,23927,0,0,1,2,0,1,0,0,0,1,5,4,4,5,3,1,1,4,5,2,2,1,1,1,2,1,1,3,1,2,1,1.727978095,-2.397735619,-0.251681815,1,0,0,1,4,1,1,1,0,0,2,0,4,0,1,2,0,1,2,0,0,0,0,1,0,-9,0,1,0,0,1,1,0,0,1,0,1,0,2,1,0,0,1,1,0,0,1,1,0,0,0,1
2534,11,2,3.201842673,0,30144,0,1,0,1,1,0,0,0,0,2,1,1,3,4,2,4,1,4,5,3,2,2,2,2,2,2,2,2,3,3,3,0.295563274,0.501410128,0.115677303,0,0,0,1,4,1,1,1,0,0,2,0,4,0,0,3,0,1,2,0,0,0,1,1,0,-9,0,1,0,0,1,1,0,0,1,0,0,1,3,0,0,1,3,1,0,0,1,1,0,0,0,1
2535,36,4,1.569867983,0,43040,0,1,0,2,0,1,0,0,0,2,3,3,3,3,3,3,3,3,3,3,2,2,2,2,2,2,2,2,3,3,3,0.549384881,0.211307926,0.170114495,1,0,1,0,3,0,0,1,0,0,2,0,4,1,0,1,0,1,2,1,0,0,0,0,0,-9,0,1,0,0,1,1,0,0,1,0,1,0,2,0,1,0,2,1,0,0,1,1,0,0,0,1
2538,48,4,2.363240154,0,24630,0,0,1,4,0,0,0,1,0,3,6,2,3,1,4,4,5,5,5,5,1,1,1,1,1,1,1,1,1,1,1,1.043325303,0.321937949,1.369161985,1,0,1,0,3,0,0,1,0,0,2,0,4,1,0,1,0,0,3,0,0,0,0,0,0,-9,0,1,0,0,1,1,0,0,1,0,1,0,2,1,0,0,1,1,0,0,1,1,0,0,0,1
2540,14,4,0.496758627,0,62863,0,1,0,5,0,0,0,0,1,3,5,4,1,5,1,5,3,5,5,5,2,3,3,3,2,3,2,3,4,2,2,0.956261903,-0.328074739,0.157615504,1,0,1,0,3,0,0,0,0,1,2,0,3,1,0,1,0,1,2,0,1,0,0,1,0,1,1,1,0,0,1,1,0,0,1,1,0,0,1,0,0,1,3,1,0,0,1,1,0,0,0,1
2543,38,4,0.014249539,0,97302,0,1,0,4,0,0,0,1,0,4,4,4,2,2,3,4,3,4,4,4,2,2,3,3,3,2,2,2,2,2,2,0.236323066,0.160062241,-0.148018015,1,0,0,1,4,0,1,1,0,0,2,0,4,1,0,1,1,0,1,0,0,0,0,0,0,-9,0,0,1,0,2,0,0,1,3,1,0,0,1,0,0,1,3,0,1,0,2,0,0,0,1,4
2545,10,4,1.756224867,0,34293,0,1,0,3,0,0,1,0,0,2,5,3,4,4,1,5,5,5,5,2,1,3,2,2,1,1,2,3,2,2,3,0.412485307,0.563772819,-0.046557183,1,0,0,1,4,0,0,1,0,0,2,0,4,0,0,3,0,0,3,1,0,0,0,1,0,-9,0,0,1,0,2,1,0,0,1,0,0,1,3,1,0,0,1,1,0,0,1,0,0,1,0,3
2548,36,4,0.249104899,0,45011,0,1,0,3,0,0,1,0,0,4,5,4,4,4,3,2,2,4,4,4,1,1,1,1,1,1,1,1,1,1,1,0.722692798,1.338866342,-0.718939588,1,0,1,0,3,0,0,1,0,0,2,0,4,1,0,1,0,0,3,1,0,0,0,1,0,1,1,0,1,0,2,0,1,0,2,0,1,0,2,0,1,0,2,1,0,0,1,0,0,1,0,3
2550,36,2,1.288182087,0,45320,0,1,0,3,0,0,1,0,0,1,5,3,3,5,1,1,1,5,5,1,1,1,2,1,1,1,1,2,1,3,1,-1.113142501,-0.915440826,-0.326084731,1,1,0,0,2,1,1,1,0,0,2,0,4,0,1,2,0,0,3,1,0,0,1,1,0,-9,0,1,0,0,1,0,1,0,2,1,0,0,1,0,1,0,2,1,0,0,1,1,0,0,0,1
2552,1,4,0.838092869,0,35750,0,0,1,1,1,0,0,0,0,1,5,0,5,5,1,1,1,5,1,1,2,2,2,2,2,2,2,2,4,3,4,0.780457449,-0.233000923,0.81841636,1,0,0,1,4,0,0,1,0,0,2,0,4,1,0,1,1,0,1,0,0,0,0,1,0,1,1,1,0,0,1,1,0,0,1,1,0,0,1,1,0,0,1,1,0,0,1,1,0,0,0,1
2553,36,2,0.486069247,0,43125,0,1,0,1,1,0,0,0,0,1,3,1,3,3,3,3,3,3,3,3,2,2,2,2,2,2,2,2,3,3,3,0.732684585,0.791817447,-0.236171771,0,1,0,0,2,1,1,1,0,0,2,0,4,0,1,2,0,1,2,0,0,0,1,1,0,-9,0,1,0,0,1,0,1,0,2,0,1,0,2,0,1,0,2,1,0,0,1,0,1,0,0,2
2557,3,4,5.09E-06,0,86406,0,1,0,1,1,0,0,0,0,1,2,3,4,4,2,2,2,4,4,4,2,2,2,1,1,1,1,3,4,2,4,0.166009241,-0.061457784,-0.105532144,1,0,0,1,4,1,1,1,0,0,2,0,4,1,0,1,1,0,1,0,0,0,0,0,1,1,1,1,0,0,1,1,0,0,1,1,0,0,1,0,0,1,3,1,0,0,1,1,0,0,0,1
2558,15,4,0.377130312,0,46237,0,1,0,2,0,1,0,0,0,2,2,1,2,4,2,3,2,4,4,3,2,2,2,3,2,2,2,2,3,2,3,1.431106795,-0.53620795,-0.70867303,1,0,0,1,4,0,0,1,0,0,2,0,4,0,1,2,0,0,3,0,0,0,0,1,0,-9,0,0,1,0,2,0,0,1,3,0,0,1,3,0,1,0,2,1,0,0,1,0,1,0,0,2
2559,15,2,0.345543173,0,46131,0,1,0,3,0,0,1,0,0,3,4,4,2,3,4,4,3,4,5,4,3,3,3,2,2,2,2,1,3,1,3,0.412355585,-0.617132275,0.019324912,1,0,1,0,3,0,0,1,0,0,2,0,4,1,0,1,0,1,2,0,1,0,1,0,0,-9,0,1,0,0,1,0,1,0,2,0,1,0,2,0,1,0,2,1,0,0,1,1,0,0,0,1
2563,36,2,1.565662017,0,43240,0,1,0,2,0,1,0,0,0,3,4,2,4,4,2,2,2,2,2,2,2,2,2,2,2,2,2,2,4,4,4,-1.188430195,0.312200939,-1.948073877,0,0,1,0,3,0,0,1,0,0,2,0,4,1,0,1,0,1,2,0,0,0,1,1,0,-9,0,1,0,0,1,0,0,1,3,0,0,1,3,0,1,0,2,1,0,0,1,0,0,1,0,3
2568,14,4,0.91434663,0,60435,1,0,0,3,0,0,1,0,0,2,5,3,3,3,3,3,3,3,2,3,1,1,1,1,2,3,1,3,3,2,2,0.085939184,0.57936879,-0.758641903,1,1,0,0,2,0,0,1,0,0,2,0,4,1,0,1,0,0,3,1,0,0,0,1,1,-9,0,0,0,1,3,0,0,1,3,1,0,0,1,0,1,0,2,0,1,0,2,0,0,1,0,3
2569,35,1,0.141887545,0,58203,0,1,0,1,1,0,0,0,0,1,4,2,5,4,1,1,1,1,1,1,1,1,1,1,1,1,1,1,1,1,1,-0.102325472,-1.350470027,-1.717065431,1,0,1,0,3,1,1,1,0,0,2,0,4,1,0,1,0,0,3,0,0,0,0,1,0,1,1,0,1,0,2,0,0,1,3,0,1,0,2,0,0,1,3,1,0,0,1,0,0,0,1,4
2572,45,4,1.549263229,1,77075,0,1,0,4,0,0,0,1,0,4,3,2,4,4,1,5,1,4,4,3,2,2,2,2,2,2,2,2,2,2,3,0.200492023,1.192696477,-1.924683078,1,0,1,0,3,0,0,1,0,0,2,0,4,1,0,1,1,0,1,0,0,0,0,1,0,1,1,0,1,0,2,0,1,0,2,0,1,0,2,1,0,0,1,1,0,0,1,1,0,0,0,1
2573,36,2,2.751478421,0,44129,0,1,0,1,1,0,0,0,0,1,3,2,4,2,1,3,3,3,3,3,1,1,1,3,3,2,2,2,3,3,3,0.432345153,0.069329672,0.47805025,0,1,0,0,2,1,1,1,0,0,2,0,4,0,0,3,0,1,2,0,0,0,1,1,0,1,1,0,0,1,3,0,1,0,2,1,0,0,1,0,1,0,2,1,0,0,1,0,0,1,0,3
2575,21,4,2.037872636,0,21767,0,0,1,1,1,0,0,0,0,2,5,3,3,4,1,1,2,5,3,2,1,1,1,2,2,1,1,2,2,3,3,-0.293203601,-1.576681952,1.448181591,0,0,0,1,4,0,0,1,0,0,2,0,4,0,1,2,1,0,1,0,0,0,0,1,0,1,1,0,0,0,0,0,0,0,0,0,0,0,0,0,0,0,0,0,0,0,0,0,0,0,0,0
2576,42,4,0.478421314,0,29020,0,1,0,2,0,1,0,0,0,3,4,3,3,4,2,3,1,4,4,3,2,2,2,2,2,1,1,3,3,2,2,0.41184251,-0.648619019,0.144406331,1,0,0,1,4,0,0,1,0,0,2,0,4,1,0,1,0,0,3,0,0,0,0,1,0,1,1,1,0,0,1,1,0,0,1,1,0,0,1,0,1,0,2,1,0,0,1,1,0,0,0,1
2578,5,2,0.311036484,0,93292,0,1,0,3,0,0,1,0,0,3,4,3,3,3,3,3,3,5,5,5,1,1,1,1,2,2,3,2,2,2,2,1.195616938,-0.763455459,-0.05671764,1,0,1,0,3,0,0,1,0,0,1,1,1,1,0,1,0,0,3,0,0,0,1,0,0,-9,0,0,1,0,2,1,0,0,1,0,0,1,3,0,1,0,2,1,0,0,1,1,0,0,0,1
2582,36,4,0.549698003,0,45887,0,0,1,2,0,1,0,0,0,3,3,3,2,4,2,4,5,2,4,2,2,3,2,2,3,1,2,1,1,1,4,0.041047871,-1.034451084,0.638839624,0,0,0,1,4,0,0,1,0,0,2,0,4,0,1,2,0,1,2,0,0,0,0,1,0,-9,0,1,0,0,1,1,0,0,1,0,1,0,2,0,1,0,2,1,0,0,1,1,0,0,0,1
2583,44,4,0.404894888,0,38580,0,0,1,3,0,0,1,0,0,3,5,3,1,4,2,2,2,2,4,4,1,1,2,2,1,1,1,2,1,4,1,0.534717385,1.025430134,1.221370868,0,0,0,1,4,0,0,1,0,0,2,0,4,0,1,2,0,1,2,0,0,0,0,1,0,1,1,1,0,0,1,1,0,0,1,1,0,0,1,1,0,0,1,1,0,0,1,1,0,0,0,1
2584,11,2,0.401645102,0,31415,0,1,0,3,0,0,1,0,0,1,3,5,3,1,3,3,1,3,1,3,2,2,3,2,2,3,2,3,4,2,4,-1.250625477,-0.398926107,-0.636458996,1,1,0,0,2,0,0,1,0,0,2,0,4,1,0,1,0,1,2,0,1,0,1,0,0,-9,0,0,1,0,2,1,0,0,1,0,0,1,3,1,0,0,1,1,0,0,1,0,0,0,1,4
2587,36,4,0.500491395,0,44720,0,1,0,2,0,1,0,0,0,3,5,0,1,5,3,1,1,2,4,3,2,2,2,2,2,2,2,3,2,2,1,1.367302094,-0.936856244,-0.030284929,1,0,0,1,4,0,0,1,0,0,2,0,4,0,1,2,0,1,2,0,0,0,0,1,0,-9,0,1,0,0,1,0,1,0,2,0,1,0,2,0,0,1,3,1,0,0,1,0,1,0,0,2
2590,4,2,1.046719173,0,72212,0,1,0,3,0,0,1,0,0,2,5,3,4,4,1,1,2,5,4,1,1,1,2,1,1,2,2,2,4,4,4,-0.199867238,0.749273943,-0.302667686,1,0,1,0,3,1,1,0,1,0,2,0,2,1,0,1,1,0,1,0,0,0,0,0,0,-9,0,0,1,0,2,0,0,1,3,1,0,0,1,0,1,0,2,1,0,0,1,0,1,0,0,2
2593,45,2,0.339977004,1,75791,0,1,0,1,1,0,0,0,0,1,4,2,5,3,1,1,1,5,1,3,2,2,2,2,2,2,2,2,4,3,4,0.780557104,-0.893659581,-0.373072535,1,0,1,0,3,0,0,1,0,0,2,0,4,1,0,1,0,0,3,0,0,0,1,0,0,0,0,1,0,0,1,1,0,0,1,0,1,0,2,0,0,1,3,1,0,0,1,1,0,0,0,1
2595,1,4,2.303491222,0,36572,0,0,1,2,0,1,0,0,0,2,5,4,3,5,3,4,2,3,4,4,2,2,1,2,2,2,2,2,3,3,3,1.110899576,-0.147466522,-0.00328114,0,0,0,1,4,1,1,1,0,0,2,0,4,0,0,3,0,1,2,0,1,0,0,1,0,1,1,0,0,0,0,0,0,0,0,0,0,0,0,0,0,0,0,0,0,0,0,0,0,0,0,0
2597,34,4,0.460437075,0,27707,0,1,0,2,0,1,0,0,0,2,4,3,5,5,2,2,1,5,5,3,2,2,2,2,2,2,2,2,4,2,4,0.539425418,-0.215139927,0.3282863,1,0,0,1,4,0,0,1,0,0,2,0,4,1,0,1,1,0,1,0,0,0,0,1,0,-9,0,0,1,0,2,0,1,0,2,0,1,0,2,0,0,1,3,1,0,0,1,0,0,1,0,3
2598,3,2,0.12352779,0,86442,0,1,0,2,0,1,0,0,0,3,5,3,3,5,3,5,5,4,3,3,2,2,2,2,2,2,2,2,3,3,4,0.106039646,-1.174178037,-0.90067926,1,0,0,1,4,0,0,1,0,0,2,0,4,0,1,2,1,0,1,0,1,0,0,1,0,1,1,0,1,0,2,1,0,0,1,1,0,0,1,0,1,0,2,1,0,0,1,0,0,1,0,3
2600,19,2,1.073592433,0,71433,0,0,1,1,1,0,0,0,0,1,5,4,4,3,1,1,1,1,1,1,2,2,2,2,2,2,2,2,4,3,4,-0.35194827,0.124044667,0.574495792,0,0,0,0,1,0,0,1,0,0,2,0,4,0,0,0,0,0,3,0,0,0,1,0,0,-9,0,1,0,0,1,1,0,0,1,1,0,0,1,1,0,0,1,1,0,0,1,1,0,0,0,1
2601,51,4,1.171911313,0,54101,0,0,1,2,0,1,0,0,0,3,5,4,4,5,1,3,3,4,5,3,2,2,2,2,2,2,2,2,4,2,4,0.852656283,0.7880557,0.487526251,1,0,0,1,4,0,0,1,0,0,2,0,4,1,0,1,1,0,1,0,0,0,0,1,0,-9,0,1,0,0,1,1,0,0,1,0,1,0,2,0,0,1,3,1,0,0,1,1,0,0,0,1
2602,2,2,0.018113335,0,99827,0,1,0,1,1,0,0,0,0,1,5,0,1,1,1,1,1,1,1,1,2,2,2,2,2,2,2,2,3,3,3,-0.19888351,-1.193578366,0.799470064,1,0,0,0,1,1,1,1,0,0,2,0,4,1,0,1,0,1,2,0,0,1,1,1,0,-9,0,1,0,0,1,1,0,0,1,1,0,0,1,0,1,0,2,1,0,0,1,1,0,0,0,1
2604,5,4,0.141219306,0,92630,1,0,0,4,0,0,0,1,0,2,1,4,5,5,1,1,1,1,5,1,2,2,2,2,2,2,2,2,3,3,3,0.137264302,-0.293025814,1.729517505,1,0,0,1,4,0,0,1,0,0,2,0,4,0,0,3,0,1,2,0,0,0,0,1,0,-9,0,0,0,1,3,0,0,1,3,0,0,1,3,0,1,0,2,0,1,0,2,0,0,0,1,4
2607,42,4,0.06501985,0,29201,0,1,0,1,1,0,0,0,0,1,4,3,3,5,1,1,1,2,5,3,2,2,2,2,2,2,2,2,1,4,3,1.411340638,0.805491879,1.00854944,1,0,0,1,4,1,1,1,0,0,2,0,4,1,0,1,1,0,1,0,0,0,0,0,0,-9,0,0,1,0,2,0,0,1,3,0,1,0,2,0,1,0,2,1,0,0,1,0,0,0,1,4
2608,37,2,1.312667828,0,73717,0,1,0,5,0,0,0,0,1,5,5,5,1,5,2,1,1,2,4,2,1,1,1,1,2,2,1,3,1,3,1,-0.231452638,-1.006768812,-0.087229275,0,0,1,0,3,1,1,1,0,0,2,0,4,0,1,2,0,1,2,0,0,0,1,1,0,-9,0,1,0,0,1,0,1,0,2,1,0,0,1,0,0,1,3,1,0,0,1,0,1,0,0,2
2609,51,4,0.460212614,0,53218,0,1,0,3,0,0,1,0,0,3,4,4,2,5,1,1,1,4,5,2,1,1,1,1,1,1,1,3,1,2,1,0.612366861,-0.274977941,0.80602216,0,0,0,1,4,0,0,0,1,0,2,0,2,1,0,1,0,0,3,0,0,0,0,1,0,-9,0,0,0,1,3,0,1,0,2,0,1,0,2,0,1,0,2,1,0,0,1,0,0,0,1,4
2610,14,4,0.826535989,0,60404,0,1,0,2,0,1,0,0,0,1,2,3,1,5,1,2,3,2,4,1,2,2,2,1,1,1,1,3,3,2,4,-0.362557132,0.211560954,-0.113652677,0,0,0,1,4,0,0,1,0,0,2,0,4,0,1,2,0,1,2,0,0,0,0,1,0,-9,0,0,1,0,2,0,1,0,2,0,1,0,2,0,0,1,3,1,0,0,1,0,1,0,0,2
2612,23,4,0.674457945,0,49333,0,0,1,2,0,1,0,0,0,2,4,4,3,4,2,2,2,3,3,3,2,2,2,2,2,2,2,2,3,3,3,0.63649054,-0.587014103,-0.150209762,0,0,0,1,4,0,0,1,0,0,2,0,4,1,0,1,1,0,1,0,0,0,0,1,0,-9,0,1,0,0,1,1,0,0,1,1,0,0,1,1,0,0,1,1,0,0,1,1,0,0,0,1
2613,45,4,0.802221789,1,79938,0,1,0,1,1,0,0,0,0,2,4,3,4,4,2,2,1,4,4,4,2,2,2,2,2,2,2,1,3,2,3,0.49716476,-0.926304309,0.8908252,0,0,0,1,4,0,0,1,0,0,2,0,4,1,0,1,1,0,1,0,0,0,0,1,0,-9,0,0,1,0,2,1,0,0,1,0,1,0,2,0,1,0,2,1,0,0,1,0,1,0,0,2
2614,45,2,0.557738588,1,78745,1,0,0,3,0,0,1,0,0,3,6,3,4,5,1,3,1,5,3,3,1,2,2,1,2,2,2,2,3,2,2,0.537026285,-0.227027939,0.044949611,1,0,0,1,4,1,1,1,0,0,2,0,4,0,0,0,1,0,1,0,1,0,1,1,0,-9,0,0,0,1,3,0,1,0,2,0,0,1,3,0,0,1,3,1,0,0,1,0,0,1,0,3
2615,39,4,0.118957383,0,15010,0,1,0,1,1,0,0,0,0,1,2,1,2,5,1,2,1,4,2,1,1,1,2,3,2,1,2,2,1,1,1,0.659373388,-0.937160187,-0.033307287,0,0,0,1,4,0,1,1,0,0,2,0,4,1,0,1,0,1,2,0,1,0,0,1,0,1,1,0,1,0,2,0,1,0,2,1,0,0,1,0,1,0,2,1,0,0,1,0,0,1,0,3
2617,33,4,0.461227565,0,14626,0,1,0,3,0,0,1,0,0,3,5,2,1,5,3,4,2,4,5,5,1,1,2,2,1,2,2,3,3,2,2,1.009730151,-0.447680962,0.008343435,1,0,0,1,4,0,0,1,0,0,2,0,4,1,0,1,1,0,1,0,1,0,0,0,0,0,0,0,1,0,2,0,1,0,2,0,1,0,2,0,0,1,3,1,0,0,1,0,0,1,0,3
2619,10,4,1.101122772,0,32177,0,1,0,1,1,0,0,0,0,2,5,1,4,3,2,3,2,4,5,5,2,2,2,2,2,2,2,2,3,3,3,1.290395891,0.15229653,-0.215244746,0,0,0,1,4,0,0,1,0,0,2,0,4,0,1,2,0,0,3,0,0,0,0,0,0,-9,0,1,0,0,1,0,1,0,2,0,1,0,2,0,0,1,3,1,0,0,1,1,0,0,0,1
2622,10,4,1.955941514,0,32136,0,1,0,3,0,0,1,0,0,2,5,3,2,5,1,1,5,5,4,5,2,2,2,2,2,1,2,3,2,2,2,0.201512749,0.49833908,0.329179241,0,0,0,1,4,0,1,1,0,0,2,0,4,0,0,3,0,1,2,0,0,0,0,1,0,1,1,1,0,0,1,1,0,0,1,0,1,0,2,0,0,1,3,1,0,0,1,1,0,0,0,1
2626,39,4,0.145845938,0,18301,0,1,0,3,0,0,1,0,0,3,3,3,1,3,1,1,1,5,3,1,2,2,2,2,2,2,2,3,1,3,1,-0.606979437,-0.284590262,0.491317427,0,0,0,1,4,1,1,1,0,0,2,0,4,1,0,1,1,0,1,0,0,0,0,1,1,1,1,0,1,0,2,0,0,1,3,0,1,0,2,0,0,1,3,1,0,0,1,0,0,1,0,3
2627,31,2,0.590739767,0,7102,1,0,0,5,0,0,0,0,1,3,5,5,1,2,3,3,3,3,3,3,3,1,3,3,3,3,3,3,2,2,2,0.276799048,1.489498663,0.388839439,0,0,0,0,1,1,1,0,1,0,1,1,1,0,0,3,0,0,3,1,0,0,0,0,0,-9,0,0,0,1,3,0,0,1,3,0,1,0,2,0,0,1,3,0,0,1,3,0,0,0,1,4
2630,24,4,0.713806145,0,55416,1,0,0,1,1,0,0,0,0,3,2,1,5,5,1,5,1,4,5,5,2,2,2,3,2,2,2,2,3,2,3,0.832746151,0.336812467,-1.132896022,1,0,0,1,4,0,0,1,0,0,2,0,4,1,0,1,1,0,1,0,0,0,0,0,0,-9,0,0,0,1,3,0,0,1,3,0,0,1,3,0,0,1,3,1,0,0,1,0,0,0,1,4
2631,19,2,0.604823254,0,70374,0,1,0,2,0,1,0,0,0,1,5,4,4,4,3,4,5,5,5,5,3,1,3,1,3,1,3,1,1,2,1,1.145767649,0.04633098,-0.233284004,0,1,0,0,2,1,1,1,0,0,2,0,4,0,1,2,0,0,3,1,0,1,0,1,0,1,1,1,0,0,1,1,0,0,1,0,1,0,2,0,0,1,3,1,0,0,1,1,0,0,0,1
2633,45,1,15.74137482,1,75001,1,0,0,4,0,0,0,1,0,1,5,4,4,5,4,4,5,5,4,5,2,3,2,3,2,3,3,2,2,3,2,0.215683249,0.773613302,-0.105923008,0,1,0,0,2,0,1,1,0,0,1,1,1,0,0,3,0,0,3,1,0,0,0,1,0,-9,0,0,0,1,3,0,0,1,3,1,0,0,1,0,1,0,2,1,0,0,1,0,0,1,0,3
2636,17,1,1.893681302,0,66106,0,1,0,5,0,0,0,0,1,1,5,4,5,4,4,5,4,3,4,5,2,3,2,3,3,2,3,3,2,3,3,0.254829297,0.538768445,-0.372421152,0,1,0,0,2,0,1,1,0,0,2,0,4,0,0,3,0,0,3,1,0,0,0,0,0,-9,0,0,1,0,2,1,0,0,1,0,0,1,3,1,0,0,1,1,0,0,1,0,1,0,0,2
2637,10,4,0.314141838,1,33187,0,1,0,2,0,1,0,0,0,3,2,3,3,5,1,1,1,5,4,3,1,3,3,1,1,3,1,3,1,3,2,-0.026484994,-0.081589903,-0.86074519,1,0,1,1,4,0,0,1,0,0,2,0,4,1,0,1,1,0,1,0,1,0,0,0,1,-9,0,1,0,0,1,1,0,0,1,1,0,0,1,0,1,0,2,1,0,0,1,1,0,0,0,1
2640,23,4,0.509757645,0,49457,0,1,0,1,1,0,0,0,0,1,6,3,2,2,2,2,2,4,2,4,2,2,2,3,2,2,2,2,3,3,3,-0.686184991,0.300506295,-0.808922776,0,0,1,0,3,0,0,1,0,0,2,0,4,1,0,1,0,1,2,0,0,0,0,1,0,-9,0,1,0,0,1,1,0,0,1,0,1,0,2,1,0,0,1,1,0,0,1,1,0,0,0,1
2641,25,2,3.092735995,0,39074,0,1,0,4,0,0,0,1,0,5,4,5,2,5,5,5,5,4,5,5,1,3,2,3,2,2,2,1,2,2,2,0.570580801,0.468401266,-0.198295899,1,0,1,0,3,0,0,0,0,0,2,0,5,0,1,2,0,1,2,0,0,0,1,1,0,1,1,1,0,0,1,1,0,0,1,1,0,0,1,1,0,0,1,1,0,0,1,1,0,0,0,1
2644,10,4,0.204193695,1,33407,1,0,0,1,1,0,0,0,0,2,5,0,5,5,1,1,1,5,5,3,1,2,2,2,2,2,2,2,3,3,4,0.713364281,-1.744596667,-0.810912348,1,0,1,0,3,0,0,1,0,0,2,0,4,0,1,2,0,0,3,0,0,0,0,0,0,-9,0,0,0,1,3,0,0,1,3,0,1,0,2,0,1,0,2,0,1,0,2,0,0,0,1,4
2646,34,4,0.904223598,0,28570,0,1,0,3,0,0,1,0,0,2,3,3,4,5,1,1,1,4,5,3,2,1,2,2,2,2,2,3,4,2,4,1.113410505,-0.167882309,-0.733116426,1,0,0,1,4,0,0,1,0,0,2,0,4,1,0,1,0,1,2,0,0,0,0,0,0,1,1,1,0,0,1,1,0,0,1,0,1,0,2,0,1,0,2,1,0,0,1,1,0,0,0,1
2648,14,3,2.082695126,0,60431,0,1,0,3,0,0,1,0,0,2,4,2,4,5,1,3,1,2,4,4,3,1,2,1,2,2,2,3,2,2,3,-0.597341175,-0.836064451,-1.194312595,0,0,0,0,1,0,0,1,0,0,2,0,4,0,1,2,0,0,3,1,0,0,0,1,0,1,1,0,1,0,2,0,1,0,2,0,0,1,3,1,0,0,1,1,0,0,1,0,1,0,0,2
2650,8,4,0.173646884,0,19952,0,1,0,2,0,1,0,0,0,2,5,4,2,5,4,4,3,5,5,5,1,1,1,1,3,1,1,3,1,2,2,0.520556751,-1.258250249,0.252248363,1,0,0,1,4,0,0,0,0,0,2,0,5,1,0,1,1,0,1,0,1,0,0,1,0,-9,0,1,0,0,1,1,0,0,1,1,0,0,1,1,0,0,1,1,0,0,1,1,0,0,0,1
2653,3,4,0.027242653,1,85234,0,1,0,3,0,0,1,0,0,3,4,3,2,2,4,4,3,5,4,4,1,2,1,1,3,2,2,1,2,2,4,0.697052844,-0.343707195,0.397276872,1,0,1,0,3,0,0,1,0,0,2,0,4,0,1,2,0,1,2,0,0,0,0,0,0,1,1,0,1,0,2,0,1,0,2,0,0,1,3,0,0,1,3,1,0,0,1,0,0,1,0,3
2654,29,4,0.270249066,1,89061,0,0,1,3,0,0,1,0,0,2,5,4,4,5,1,3,1,1,4,4,1,2,2,2,2,2,2,3,1,1,2,0.235725265,-0.722062057,-0.569951903,0,0,0,1,4,0,0,1,0,0,2,0,4,0,0,3,0,1,2,0,0,0,0,1,0,-9,0,0,0,0,0,0,0,0,0,0,0,0,0,0,0,0,0,0,0,0,0,0,0,0,0,0
2657,45,4,4.038647897,1,75043,0,1,0,2,0,1,0,0,0,2,6,2,3,3,1,1,1,3,3,2,2,2,2,2,2,2,2,2,4,4,4,-1.397379292,-0.63473569,0.019803157,0,0,0,1,4,0,0,0,0,0,1,1,1,0,1,2,0,1,2,0,0,0,0,1,0,-9,0,0,0,1,3,0,1,0,2,0,0,1,3,1,0,0,1,1,0,0,1,0,0,1,0,3
2658,15,4,0.981398276,0,46936,0,1,0,4,0,0,0,1,0,2,4,4,2,5,1,1,1,5,5,5,1,1,3,1,1,1,2,2,4,2,4,1.29966878,-2.137050244,1.080376076,1,0,1,0,3,0,0,1,0,0,2,0,4,1,0,1,1,0,1,0,1,0,0,1,0,1,1,1,0,0,1,1,0,0,1,0,0,1,3,1,0,0,1,1,0,0,1,1,0,0,0,1
2660,36,4,0.599753042,0,43201,1,0,0,3,0,0,1,0,0,3,5,3,4,4,1,4,1,3,4,4,2,2,2,1,2,2,2,2,3,2,2,0.158680466,0.749817618,-0.485951001,1,0,0,1,4,0,1,1,0,0,2,0,4,0,1,2,0,0,3,0,0,0,0,1,0,-9,0,0,0,1,3,0,0,1,3,0,1,0,2,0,1,0,2,1,0,0,1,0,0,0,1,4
2661,5,4,6.47E-08,1,95828,0,1,0,1,1,0,0,0,0,1,3,0,5,5,1,1,1,1,1,1,2,2,2,2,2,2,2,2,4,4,4,-0.13988952,-0.557882529,-2.523875515,0,1,0,0,2,0,0,0,0,1,2,0,3,1,0,1,1,0,1,0,0,0,0,0,1,-9,0,0,0,1,3,0,1,0,2,0,0,1,3,0,1,0,2,0,1,0,2,0,0,1,0,3
2665,45,4,0.148468593,1,75081,1,0,0,1,1,0,0,0,0,2,4,1,4,5,2,2,2,4,5,5,1,1,1,1,1,3,1,3,1,1,4,0.834652495,-1.003140882,0.328220661,1,0,0,1,4,0,1,1,0,0,2,0,4,1,0,1,0,1,2,0,0,0,0,1,1,1,1,0,0,1,3,0,0,1,3,1,0,0,1,0,1,0,2,0,1,0,2,0,0,0,1,4
2666,23,4,1.702018697,0,48457,0,1,0,1,1,0,0,0,0,2,5,2,3,3,1,1,1,4,3,1,2,2,2,2,2,2,2,2,4,3,3,-0.496019897,-0.602352761,0.127850379,0,0,1,0,3,0,0,1,0,0,2,0,4,1,0,1,1,0,1,0,1,0,0,1,0,-9,0,1,0,0,1,1,0,0,1,0,1,0,2,1,0,0,1,1,0,0,1,1,0,0,0,1
2668,15,2,3.133091114,0,46226,0,1,0,3,0,0,1,0,0,2,3,3,3,3,2,4,2,4,4,4,2,2,2,2,2,1,1,2,3,3,3,-0.121471762,-0.317648459,-1.012401451,1,0,1,0,3,0,0,0,1,0,2,0,2,1,0,1,1,0,1,1,0,0,1,0,0,-9,0,0,1,0,2,0,1,0,2,0,1,0,2,1,0,0,1,1,0,0,1,0,0,1,0,3
2670,24,4,1.390289195,0,55803,0,1,0,1,1,0,0,0,0,1,5,3,4,3,1,1,1,1,3,3,2,2,2,2,2,2,2,2,1,2,1,-0.233786801,1.111232596,0.024468553,1,0,0,1,4,0,1,1,0,0,2,0,4,0,0,3,0,1,2,0,0,0,0,1,0,-9,0,1,0,0,1,1,0,0,1,1,0,0,1,0,1,0,2,1,0,0,1,0,1,0,0,2
2673,33,4,0.372681335,0,14304,0,1,0,1,1,0,0,0,0,1,3,0,5,2,1,1,1,1,5,2,2,2,2,2,2,2,2,2,1,3,1,0.947754925,-0.721421422,-0.167697372,0,0,0,1,4,0,0,1,0,0,2,0,4,1,0,1,1,0,1,0,1,0,0,0,0,1,1,0,1,0,2,0,1,0,2,0,0,1,3,0,0,1,3,1,0,0,1,0,0,1,0,3
2674,11,2,8.491815253,0,30310,0,1,0,3,0,0,1,0,0,1,4,5,3,3,3,3,5,4,5,5,2,3,3,2,3,2,2,3,3,2,2,-1.384241876,0.300365067,0.44261881,0,1,0,0,2,0,0,1,0,0,2,0,4,0,0,3,0,1,2,0,0,0,1,0,0,-9,0,0,1,0,2,0,1,0,2,0,0,1,3,1,0,0,1,0,0,1,3,0,0,1,0,3
2675,34,2,1.013867989,0,28610,0,1,0,2,0,1,0,0,0,2,5,5,5,3,1,1,1,5,3,3,2,2,1,1,2,2,2,2,4,2,3,0.114060061,-0.187823894,0.517840262,1,0,1,0,3,0,0,1,0,0,2,0,4,1,0,1,0,0,3,0,0,0,0,1,0,-9,0,1,0,0,1,1,0,0,1,1,0,0,1,0,1,0,2,1,0,0,1,1,0,0,0,1
2678,51,4,0.335955517,0,54130,0,1,0,2,0,1,0,0,0,2,3,3,4,4,1,4,1,1,2,4,1,1,1,1,2,1,1,3,2,2,3,0.423592359,-0.812395707,-0.50784417,1,0,0,1,4,0,0,1,0,0,2,0,4,1,0,1,0,1,2,0,0,0,0,1,0,-9,0,1,0,0,1,0,1,0,2,0,1,0,2,0,0,1,3,1,0,0,1,1,0,0,0,1
2679,10,4,0.983006665,0,34606,0,1,0,1,1,0,0,0,0,2,5,3,2,5,1,1,1,5,5,5,2,2,2,2,2,2,2,2,3,2,2,1.404696184,-0.46434455,0.562649056,1,0,0,1,4,0,0,1,0,0,2,0,4,1,0,1,0,1,2,0,0,0,0,1,0,1,1,1,0,0,1,1,0,0,1,0,1,0,2,0,1,0,2,1,0,0,1,0,1,0,0,2
2680,23,4,0.5144071,0,49849,0,1,0,1,1,0,0,0,0,1,1,0,5,1,1,1,1,1,5,1,2,2,3,2,2,2,3,1,4,4,4,-0.440350749,-1.236314158,-0.006414064,1,1,0,0,2,0,0,1,0,0,2,0,4,1,0,1,0,0,3,1,0,0,0,0,1,-9,0,1,0,0,1,1,0,0,1,1,0,0,1,1,0,0,1,1,0,0,1,1,0,0,0,1
2681,11,4,0.503512393,0,30032,0,1,0,3,0,0,1,0,0,2,5,4,4,4,1,1,1,5,5,4,2,2,2,2,2,1,1,3,3,2,3,0.663719058,-1.078902938,0.435912914,0,0,0,1,4,0,0,0,1,0,2,0,2,1,0,1,1,0,1,0,0,0,0,1,0,1,1,0,1,0,2,1,0,0,1,0,1,0,2,0,1,0,2,0,1,0,2,0,0,1,0,3
2682,1,4,0.404894888,0,35611,0,1,0,1,1,0,0,0,0,1,3,2,2,4,1,2,1,5,5,5,2,2,2,2,2,2,2,2,3,2,2,1.241542963,1.161608669,1.029118612,0,0,0,1,4,0,0,1,0,0,2,0,4,0,1,2,0,1,2,0,0,0,0,1,0,1,1,1,0,0,1,0,1,0,2,0,1,0,2,0,1,0,2,1,0,0,1,0,1,0,0,2
2685,48,4,2.239818806,0,22102,1,0,0,1,1,0,0,0,0,2,4,3,4,4,1,2,1,2,5,3,2,1,2,1,2,2,2,2,3,2,3,0.21191875,-0.905109796,-0.823628341,1,0,0,1,4,1,1,0,1,0,2,0,2,0,0,3,1,0,1,0,0,0,0,0,0,-9,0,0,0,1,3,0,0,1,3,0,0,1,3,0,0,1,3,0,0,1,3,0,0,1,0,3
2686,45,2,1.684983566,1,76058,0,1,0,3,0,0,1,0,0,2,5,4,3,3,3,3,3,3,3,3,2,2,2,2,2,2,2,2,4,3,4,0.088489398,1.19049621,0.402812042,1,1,0,0,2,0,0,1,0,0,2,0,4,1,0,1,0,0,3,1,0,0,0,1,0,-9,0,1,0,0,1,1,0,0,1,0,1,0,2,1,0,0,1,1,0,0,1,1,0,0,0,1
2690,31,4,7.570323051,0,7016,1,0,0,1,1,0,0,0,0,1,3,1,4,4,1,1,1,1,5,4,2,2,2,3,3,2,2,2,3,2,3,0.802558333,-0.068978547,-0.850800286,1,0,0,1,4,0,0,1,0,0,2,0,4,0,1,2,0,1,2,0,0,0,0,1,0,-9,0,0,0,1,3,0,0,1,3,0,1,0,2,0,1,0,2,0,0,1,3,0,0,1,0,3
2693,23,4,0.04082231,0,49021,0,0,1,5,0,0,0,0,1,3,1,0,1,1,5,5,1,5,5,1,3,3,2,2,3,2,2,1,3,3,4,0.736924526,-2.559617477,1.262826586,1,1,0,0,2,0,0,1,0,0,2,0,4,1,0,1,0,1,2,0,0,0,0,0,0,-9,0,1,0,0,1,1,0,0,1,0,1,0,2,1,0,0,1,1,0,0,1,1,0,0,0,1
2697,20,4,1.058520528,0,4956,0,0,1,5,0,0,0,0,1,3,5,5,5,5,1,1,1,5,3,3,1,1,1,3,1,2,2,2,4,3,2,-1.283263551,0.242840794,1.783333734,0,0,0,1,4,0,0,1,0,0,2,0,4,1,0,1,0,1,2,0,0,0,0,1,0,-9,0,1,0,0,1,1,0,0,1,1,0,0,1,0,0,1,3,1,0,0,1,1,0,0,0,1
2698,14,4,0.713806145,0,60162,0,1,0,2,0,1,0,0,0,3,3,4,2,4,2,2,1,4,4,4,1,1,1,1,3,1,3,3,4,3,3,0.681754536,-0.987148662,-0.115427489,1,0,0,1,4,0,0,1,0,0,2,0,4,1,0,1,1,0,1,0,0,0,0,0,0,1,1,0,1,0,2,0,0,1,3,0,0,1,3,0,1,0,2,1,0,0,1,0,0,0,1,4
2699,33,2,0.77522914,0,10024,1,0,0,2,0,1,0,0,0,2,6,3,3,4,3,3,3,4,4,4,1,1,1,1,1,1,1,1,1,1,1,-0.485081089,-1.479687208,0.349567788,1,1,0,0,2,0,0,1,0,0,1,1,1,1,0,1,0,1,2,0,0,1,1,0,1,-9,0,0,0,1,3,0,0,1,3,0,0,1,3,0,0,1,3,0,0,1,3,0,0,0,1,4
2701,36,4,0.42609324,0,44408,0,1,0,5,0,0,0,0,1,4,3,5,1,5,1,1,1,5,5,4,1,1,2,1,1,2,2,3,4,2,4,0.685827427,0.685374693,0.485536193,1,0,0,1,4,1,1,1,0,0,2,0,4,0,0,0,0,1,2,0,0,0,0,1,0,-9,0,1,0,0,1,1,0,0,1,0,1,0,2,0,1,0,2,1,0,0,1,1,0,0,0,1
2702,31,2,0.267208749,0,8742,0,1,0,2,0,1,0,0,0,3,5,3,5,4,3,2,1,2,2,2,2,2,2,2,3,3,3,3,4,2,2,-0.038789932,0.247631238,0.113674073,1,1,0,0,2,0,0,1,0,0,2,0,4,1,0,1,0,1,2,0,1,0,1,0,0,-9,0,0,1,0,2,0,1,0,2,1,0,0,1,0,0,1,3,0,1,0,2,0,0,0,1,4
2703,23,4,0.400543819,0,48101,0,1,0,2,0,1,0,0,0,2,1,2,4,5,2,1,1,5,5,2,2,2,3,2,1,2,2,3,4,4,4,1.221680136,0.408443429,-1.027902335,1,0,1,0,3,0,0,1,0,0,2,0,4,1,0,1,0,1,2,0,0,0,0,1,0,-9,0,0,0,1,3,0,1,0,2,0,1,0,2,0,1,0,2,1,0,0,1,0,1,0,0,2
2705,28,4,0.340080279,0,68164,0,1,0,1,1,0,0,0,0,2,2,3,2,5,2,4,3,3,4,4,2,1,1,1,1,3,3,3,2,2,2,0.271151838,-0.499241563,0.186554485,0,0,0,1,4,1,1,1,0,0,2,0,4,0,1,2,0,1,2,0,0,0,0,0,0,1,1,0,1,0,2,0,1,0,2,0,1,0,2,1,0,0,1,1,0,0,1,0,1,0,0,2
2709,15,2,1.537201796,0,46410,0,1,0,3,0,0,1,0,0,2,4,3,4,4,1,1,1,4,4,3,2,2,1,3,2,2,2,2,4,3,4,0.99999448,0.552763991,0.703258514,1,0,1,1,4,0,0,1,0,0,2,0,4,0,1,2,0,1,2,0,1,0,1,1,0,-9,0,0,1,0,2,0,1,0,2,0,1,0,2,0,0,1,3,1,0,0,1,1,0,0,0,1
2710,23,4,0.478807298,0,48464,0,0,1,2,0,1,0,0,0,2,5,2,4,4,1,1,1,5,3,3,2,2,2,2,2,2,2,2,4,2,2,0.35624704,-0.610160385,0.648708912,0,0,0,1,4,0,0,1,0,0,2,0,4,1,0,1,0,1,2,0,0,0,0,1,0,0,0,1,0,0,1,1,0,0,1,0,1,0,2,1,0,0,1,1,0,0,1,1,0,0,0,1
2715,6,2,0.767450382,0,81301,0,1,0,1,1,0,0,0,0,1,3,2,2,4,3,4,3,4,4,4,2,3,1,1,3,1,1,3,1,2,2,0.681606527,0.605778817,-0.584641546,1,1,0,0,2,0,1,1,0,0,2,0,4,1,0,1,1,0,1,0,0,0,0,0,0,0,0,1,0,0,1,0,1,0,2,1,0,0,1,0,1,0,2,1,0,0,1,0,1,0,0,2
2716,39,4,0.147850918,0,16601,0,1,0,3,0,0,1,0,0,2,4,3,3,4,3,2,2,4,3,4,2,3,3,3,3,2,2,2,4,2,4,-0.576613195,-0.224912663,-0.278759877,0,0,1,0,3,0,0,1,0,0,2,0,4,1,0,1,0,0,3,1,1,0,0,1,0,-9,0,0,1,0,2,0,0,1,3,1,0,0,1,0,1,0,2,1,0,0,1,0,1,0,0,2
2718,6,4,0.000230629,0,80918,1,0,0,1,1,0,0,0,0,1,5,1,4,2,1,1,1,4,4,5,2,2,2,3,2,2,2,3,3,2,3,-0.567995345,-1.207391876,-0.173799316,1,1,0,0,2,1,1,1,0,0,2,0,4,1,0,1,0,0,3,1,1,0,0,1,0,-9,0,0,0,1,3,0,1,0,2,0,0,1,3,0,1,0,2,1,0,0,1,0,0,1,0,3
2719,23,4,0.967707512,0,48098,0,1,0,4,0,0,0,1,0,4,2,1,4,5,2,4,1,4,4,4,2,2,2,2,2,2,2,1,1,4,4,0.055648527,-0.997375524,-1.237033827,1,0,0,1,4,0,0,1,0,0,2,0,4,1,0,1,1,0,1,0,0,0,0,0,0,1,1,1,0,0,1,0,0,1,3,0,0,1,3,0,1,0,2,1,0,0,1,1,0,0,0,1
2721,15,2,0.383243924,0,46537,0,1,0,3,0,0,1,0,0,3,4,3,4,4,1,2,1,2,3,2,2,2,2,2,2,2,2,2,3,3,3,-0.002392278,0.004602898,-0.017238546,0,1,0,0,2,0,0,1,0,0,2,0,4,1,0,1,0,1,2,0,0,0,1,1,0,-9,0,1,0,0,1,1,0,0,1,0,0,1,3,0,0,1,3,1,0,0,1,1,0,0,0,1
2723,45,4,0.490651899,1,77535,0,1,0,5,0,0,0,0,1,4,6,3,1,5,3,3,1,3,3,4,2,2,2,2,2,2,2,2,3,3,4,1.424694482,-0.472634404,-1.317542019,1,0,1,0,3,0,0,1,0,0,2,0,4,1,0,1,1,0,1,0,1,0,0,1,1,-9,0,1,0,0,1,1,0,0,1,0,1,0,2,1,0,0,1,1,0,0,1,1,0,0,0,1
2727,42,4,3.4674428,0,29486,0,1,0,1,1,0,0,0,0,1,5,0,5,5,1,1,1,1,1,1,2,2,2,2,2,2,2,2,3,3,3,1.125150473,0.195187659,0.197107121,1,0,1,0,3,1,1,1,0,0,2,0,4,0,0,3,0,1,2,0,0,0,0,1,0,-9,0,1,0,0,1,1,0,0,1,0,1,0,2,1,0,0,1,1,0,0,1,1,0,0,0,1
2728,11,4,0.209003037,0,31757,0,0,1,2,0,1,0,0,0,1,3,3,3,3,3,3,3,3,3,3,2,2,2,2,2,2,2,2,4,4,4,-1.106281059,-1.135457866,-1.494325247,1,1,0,0,2,0,0,1,0,0,2,0,4,1,0,1,0,0,3,1,0,0,0,0,1,-9,0,1,0,0,1,1,0,0,1,0,1,0,2,1,0,0,1,1,0,0,1,1,0,0,0,1
2729,23,4,0.278370959,0,49349,0,0,1,3,0,0,1,0,0,3,4,3,4,4,2,2,2,4,2,3,1,1,1,1,1,1,1,1,1,1,1,0.279493168,0.224773233,0.039447373,1,0,1,0,3,0,0,1,0,0,2,0,4,1,0,1,0,0,3,0,0,0,0,0,0,-9,0,1,0,0,1,1,0,0,1,0,1,0,2,1,0,0,1,1,0,0,1,1,0,0,0,1
2733,5,2,6.117955966,0,93308,0,1,0,3,0,0,1,0,0,3,2,3,3,4,1,1,2,4,5,3,1,1,1,2,3,2,2,3,4,2,4,0.188340036,0.583055101,0.074522574,1,1,0,0,2,1,1,1,0,0,2,0,4,0,0,3,0,0,3,1,0,0,0,0,0,1,1,0,1,0,2,0,1,0,2,0,0,1,3,0,1,0,2,1,0,0,1,0,0,1,0,3
2737,29,4,0.013110586,0,89502,1,0,0,1,1,0,0,0,0,1,3,3,2,5,1,1,1,3,3,2,2,2,2,2,2,2,2,2,4,4,4,-1.069286994,-1.519642007,-2.624326097,1,1,0,0,2,0,0,1,0,0,2,0,4,1,0,1,0,1,2,0,1,0,0,0,0,1,1,0,0,1,3,0,0,1,3,0,0,1,3,0,1,0,2,0,1,0,2,0,0,1,0,3
2739,25,4,0.261200306,0,39520,0,0,1,2,0,1,0,0,0,1,3,2,2,4,3,3,3,3,3,3,3,3,3,2,2,3,2,3,4,3,3,-0.562750137,0.020151084,-1.163920946,1,1,0,0,2,0,0,1,0,0,2,0,4,1,0,1,0,0,3,1,0,0,0,0,1,-9,0,1,0,0,1,1,0,0,1,1,0,0,1,0,0,1,3,1,0,0,1,1,0,0,0,1
2741,10,4,0.314290779,0,32571,0,1,0,2,0,1,0,0,0,2,5,4,2,4,2,3,4,4,4,4,3,1,3,2,2,2,2,3,2,2,3,0.943298418,-1.498954987,-1.501103648,0,0,0,1,4,0,0,1,0,0,2,0,4,1,0,1,0,1,2,0,1,0,0,0,0,1,1,1,0,0,1,1,0,0,1,0,1,0,2,0,0,1,3,1,0,0,1,1,0,0,0,1
2742,45,4,1.730578443,1,77074,1,0,0,5,0,0,0,0,1,5,5,5,4,5,2,5,4,3,5,4,2,2,2,2,2,2,2,3,2,2,2,0.381474453,-0.604066876,-2.918061418,1,0,0,1,4,0,0,1,0,0,2,0,4,0,1,2,0,1,2,0,0,0,0,1,0,-9,0,0,0,1,3,0,0,1,3,0,0,1,3,1,0,0,1,1,0,0,1,0,0,0,1,4
2746,11,2,1.69755027,0,30116,0,1,0,2,0,1,0,0,0,1,4,5,1,4,1,1,1,5,5,2,1,1,1,3,3,1,1,3,4,4,4,-0.384676021,-0.400306,0.674263709,1,0,1,0,3,0,0,1,0,0,2,0,4,1,0,1,0,0,3,0,1,0,0,0,0,1,1,1,0,0,1,1,0,0,1,0,1,0,2,0,1,0,2,1,0,0,1,1,0,0,0,1
2747,13,4,0.000312269,0,83544,0,0,1,2,0,1,0,0,0,3,4,4,2,5,2,3,2,5,5,5,2,2,2,2,1,3,2,2,4,2,2,1.325148161,-0.989654835,0.628422118,1,0,1,0,3,0,0,1,0,0,2,0,4,1,0,1,0,0,3,0,0,0,0,1,0,0,0,1,0,0,1,1,0,0,1,1,0,0,1,1,0,0,1,1,0,0,1,1,0,0,0,1
2748,38,4,5.18E-06,0,97603,0,1,0,2,0,1,0,0,0,1,5,3,4,5,3,3,3,3,4,3,2,1,2,1,1,2,2,3,1,2,4,-0.075442205,-0.400801946,-0.469683594,1,0,1,0,3,0,0,1,0,0,2,0,4,1,0,1,1,0,1,0,0,0,0,1,1,-9,0,1,0,0,1,1,0,0,1,1,0,0,1,0,1,0,2,1,0,0,1,0,0,1,0,3
2749,3,3,22.10684057,1,85719,1,0,0,2,0,1,0,0,0,1,5,0,5,5,1,1,1,1,1,1,2,2,2,2,2,2,2,2,3,3,3,0.009347393,-0.731855262,-0.532184311,1,0,0,0,1,0,0,1,0,1,2,0,3,1,0,1,1,0,1,0,0,0,0,0,0,1,1,0,1,0,2,0,0,1,3,1,0,0,1,0,0,1,3,0,1,0,2,0,0,0,1,4
2751,30,4,0.271934952,0,3576,0,0,1,2,0,1,0,0,0,2,5,3,4,4,4,4,1,4,4,4,1,1,1,1,1,1,1,1,1,1,1,0.067731785,0.818495615,0.088087581,0,0,0,1,4,0,0,1,0,0,2,0,4,1,0,1,0,1,2,0,0,0,0,0,0,0,0,1,0,0,1,1,0,0,1,1,0,0,1,0,0,1,3,1,0,0,1,1,0,0,0,1
2752,14,4,0.678100937,0,60626,1,0,0,1,1,0,0,0,0,1,2,2,2,5,1,1,1,1,5,3,2,2,2,2,2,2,2,2,4,2,4,-0.815774946,-0.990926837,-2.477324904,0,0,0,1,4,1,1,1,0,0,2,0,4,1,0,1,1,0,1,0,0,0,0,0,1,0,0,0,0,1,3,0,0,1,3,1,0,0,1,1,0,0,1,0,0,1,3,0,0,0,1,4
2755,10,2,2.992067755,1,32810,0,1,0,5,0,0,0,0,1,1,5,5,5,5,5,5,5,5,5,5,2,2,1,2,3,3,3,2,2,2,2,1.102204302,0.615387178,0.01627206,1,0,1,0,3,0,0,0,1,0,2,0,2,0,0,3,0,0,3,1,0,1,0,1,0,-9,0,0,1,0,2,0,1,0,2,0,0,1,3,0,0,1,3,1,0,0,1,0,0,1,0,3
2760,17,4,0.223143263,0,66604,0,1,0,2,0,1,0,0,0,2,4,3,2,4,1,2,1,2,4,4,1,1,1,3,2,3,3,3,3,1,4,-1.410767905,-1.129612027,-1.199154715,1,1,0,0,2,0,0,1,0,0,2,0,4,1,0,1,0,0,3,1,0,0,0,0,0,-9,0,0,1,0,2,0,1,0,2,1,0,0,1,1,0,0,1,1,0,0,1,0,0,0,1,4
2762,33,2,0.836106205,0,14218,0,1,0,1,1,0,0,0,0,1,2,1,2,3,1,3,3,5,4,4,2,2,2,2,2,2,2,2,3,3,3,1.035920483,0.21947753,-0.02244441,1,0,0,0,1,0,0,1,0,0,2,0,4,0,1,2,0,0,3,1,0,0,0,0,0,-9,0,0,1,0,2,0,1,0,2,0,1,0,2,0,1,0,2,1,0,0,1,0,0,0,1,4
2763,5,4,0.00440073,0,94583,1,0,0,1,1,0,0,0,0,2,2,3,2,4,2,2,3,3,4,3,2,2,2,2,2,2,2,2,4,2,2,0.121661193,-0.367901135,-0.638841062,0,0,0,1,4,1,1,1,0,0,2,0,4,0,1,2,0,1,2,0,0,0,0,1,0,-9,0,0,0,1,3,0,1,0,2,0,0,1,3,0,0,1,3,1,0,0,1,0,0,1,0,3
2764,51,4,0.505148871,0,53126,0,1,0,2,0,1,0,0,0,1,3,3,1,5,1,1,1,1,5,1,2,2,2,2,2,2,2,2,4,4,4,1.671356905,-0.911241484,-0.616840557,1,0,0,1,4,0,0,1,0,0,2,0,4,1,0,1,0,1,2,0,0,0,0,1,0,1,1,1,0,0,1,1,0,0,1,0,1,0,2,0,0,1,3,0,1,0,2,1,0,0,0,1
2765,48,2,1.46362392,0,22202,1,0,0,3,0,0,1,0,0,3,5,3,2,2,2,2,2,3,3,2,2,2,1,1,1,2,2,1,3,3,3,0.688904141,-0.304255826,0.154494,1,0,0,1,4,1,1,1,0,0,2,0,4,0,1,2,1,0,1,0,0,0,0,1,0,-9,0,0,0,1,3,0,0,1,3,0,0,1,3,0,1,0,2,0,0,1,3,0,0,0,1,4
2770,7,4,0.313147541,0,6798,0,1,0,3,0,0,1,0,0,2,2,1,4,4,4,4,4,4,4,4,2,2,2,2,2,2,3,2,3,3,3,0.472373828,1.203684001,0.410342657,1,0,0,1,4,0,0,1,0,0,2,0,4,0,0,0,1,0,1,0,0,0,0,0,0,-9,0,1,0,0,1,1,0,0,1,1,0,0,1,0,0,1,3,1,0,0,1,1,0,0,0,1
2771,10,4,2.051392763,1,33432,1,0,0,2,0,1,0,0,0,2,5,2,4,5,1,1,1,4,3,1,2,2,2,2,2,2,2,3,4,4,4,-0.858326669,-1.55017529,-1.555551234,1,0,0,1,4,0,1,1,0,0,2,0,4,0,0,3,0,1,2,0,0,0,0,1,0,1,1,0,0,1,3,0,0,1,3,0,0,1,3,0,0,1,3,1,0,0,1,0,0,0,1,4
2782,39,4,0.934686832,0,18336,0,1,0,1,1,0,0,0,0,1,4,1,2,3,1,4,5,4,5,5,2,1,2,2,3,2,2,2,3,3,1,1.268511915,0.560167951,0.495784418,0,0,0,1,4,0,0,1,0,0,2,0,4,0,1,2,0,1,2,0,0,0,0,0,0,-9,0,0,1,0,2,1,0,0,1,1,0,0,1,0,1,0,2,0,0,1,3,0,1,0,0,2
2784,50,4,1.730578443,0,26003,0,1,0,5,0,0,0,0,1,5,4,4,5,5,1,1,1,5,5,3,2,2,2,1,1,2,2,3,4,2,4,0.980114339,-0.325472444,-1.063615532,1,0,0,1,4,0,0,1,0,0,2,0,4,0,1,2,0,1,2,0,1,0,0,1,0,1,1,1,0,0,1,0,0,1,3,0,0,1,3,0,1,0,2,1,0,0,1,0,1,0,0,2
2786,45,4,1.0899846,1,78015,0,1,0,3,0,0,1,0,0,3,3,3,3,3,3,3,3,4,3,3,2,2,2,2,2,2,2,2,3,3,3,-0.824704189,-0.267667975,-0.807983038,1,1,0,0,2,0,0,1,0,0,1,1,1,0,0,0,0,0,3,1,0,0,0,1,0,-9,0,1,0,0,1,1,0,0,1,0,0,1,3,0,0,1,3,1,0,0,1,1,0,0,0,1
2787,10,2,0.345190436,1,33782,0,1,0,3,0,0,1,0,0,2,5,4,4,4,2,3,5,4,5,4,2,3,2,2,2,2,3,2,2,2,2,0.276812521,0.112996895,0.158204503,1,0,0,1,4,0,0,1,0,0,2,0,4,1,0,1,0,1,2,0,0,1,1,1,0,-9,0,0,1,0,2,0,1,0,2,0,0,1,3,0,1,0,2,1,0,0,1,0,0,1,0,3
2788,39,4,16.07073298,0,18661,0,0,1,2,0,1,0,0,0,2,3,1,5,5,1,1,1,4,4,1,2,1,2,1,2,2,2,3,4,3,2,1.445439757,-0.345693017,-0.141702592,1,0,0,1,4,0,0,1,0,0,2,0,4,0,1,2,0,1,2,0,0,0,0,1,0,-9,0,1,0,0,1,1,0,0,1,0,1,0,2,1,0,0,1,1,0,0,1,1,0,0,0,1
2789,1,4,0.474040221,0,36545,0,1,0,4,0,0,0,1,0,3,6,4,1,5,1,1,5,5,5,5,2,2,2,2,2,2,2,2,4,2,4,-1.49240088,-0.139894388,0.93406937,1,0,0,1,4,0,0,1,0,0,2,0,4,0,0,0,1,0,1,0,0,0,0,1,0,-9,0,1,0,0,1,1,0,0,1,1,0,0,1,0,0,1,3,1,0,0,1,1,0,0,0,1
2790,22,2,0.300305477,0,1864,0,0,0,3,0,0,1,0,0,3,3,3,4,4,4,4,4,4,4,4,2,2,2,2,2,2,2,2,3,3,3,0.146931881,-0.593180551,0.110152996,0,0,0,1,4,0,1,1,0,0,2,0,4,0,1,2,1,0,1,0,0,0,1,0,0,1,1,0,0,0,0,0,0,0,0,0,0,0,0,0,0,0,0,0,0,0,0,0,0,0,0,0
2791,4,4,0.436048268,0,71901,0,1,0,1,1,0,0,0,0,1,5,3,4,4,1,1,1,1,1,1,2,2,2,2,2,2,2,2,3,3,4,0.507319707,0.268476379,-0.042267933,1,0,0,1,4,0,0,1,0,0,2,0,4,1,0,1,1,0,1,0,0,0,0,0,0,-9,0,1,0,0,1,0,1,0,2,1,0,0,1,0,0,1,3,1,0,0,1,0,1,0,0,2
2792,26,4,0.710467199,0,65606,0,0,1,3,0,0,1,0,0,3,5,4,3,4,1,1,2,3,4,1,2,2,2,2,2,2,2,3,1,1,1,-2.126614722,-0.072149077,0.085145437,1,0,1,0,3,0,1,1,0,0,2,0,4,0,1,2,0,1,2,0,0,0,0,1,0,1,1,1,0,0,1,1,0,0,1,1,0,0,1,1,0,0,1,1,0,0,1,1,0,0,0,1
2794,39,4,0.956521677,0,19320,0,1,0,1,1,0,0,0,0,1,5,4,4,5,1,3,1,3,5,1,2,2,2,2,1,1,1,2,3,3,1,-0.064660708,1.108791366,-0.815121123,1,0,0,1,4,0,0,1,0,0,2,0,4,0,1,2,0,0,3,0,0,0,0,1,0,1,1,0,1,0,2,1,0,0,1,1,0,0,1,0,1,0,2,0,1,0,2,1,0,0,0,1
2795,32,2,0.006441453,0,87031,0,1,0,3,0,0,1,0,0,2,3,2,3,3,3,3,3,2,3,3,2,2,2,2,2,2,2,2,3,3,3,-1.425320811,-0.159826249,-1.18909673,1,0,1,0,3,0,0,1,0,0,2,0,4,1,0,1,0,0,3,1,0,1,0,0,0,1,1,1,0,0,1,1,0,0,1,0,1,0,2,0,0,1,3,0,1,0,2,0,1,0,0,2
2796,36,4,2.049088166,0,44143,0,1,0,4,0,0,0,1,0,2,6,4,4,4,2,2,2,4,5,4,2,2,2,2,2,2,2,2,3,2,2,1.678501058,-0.645097578,-0.285976314,1,0,0,1,4,0,0,1,0,0,2,0,4,0,1,2,1,0,1,0,1,0,0,1,1,-9,0,1,0,0,1,0,0,1,3,0,1,0,2,0,0,1,3,1,0,0,1,0,0,1,0,3
2797,10,2,2.832634007,0,33909,0,1,0,4,0,0,0,1,0,2,5,4,4,2,1,3,1,5,5,5,2,3,1,3,3,1,2,1,2,2,2,0.939690576,-0.807800776,0.133020098,0,0,1,1,4,0,0,1,0,0,2,0,4,0,1,2,1,0,1,0,0,0,1,1,0,-9,0,1,0,0,1,0,1,0,2,0,0,1,3,0,0,1,3,1,0,0,1,0,0,1,0,3
2798,10,4,2.696150269,0,34203,0,1,0,3,0,0,1,0,0,3,5,5,1,5,1,5,1,5,5,5,2,2,2,2,1,1,2,2,2,2,4,0.787400446,0.919652027,-0.42850985,1,0,0,1,4,0,0,1,0,0,2,0,4,0,1,2,1,0,1,0,0,0,0,1,0,1,1,0,1,0,2,0,1,0,2,0,1,0,2,0,0,1,3,1,0,0,1,0,1,0,0,2
2801,33,4,0.182778985,0,14075,0,1,0,1,1,0,0,0,0,2,5,3,4,4,3,4,2,5,5,5,2,1,2,2,2,2,2,3,3,2,2,-0.930926696,-0.373199777,-0.201277901,1,0,0,1,4,0,1,1,0,0,2,0,4,0,1,2,0,1,2,0,1,0,0,1,0,1,1,1,0,0,1,0,1,0,2,0,1,0,2,0,0,1,3,1,0,0,1,0,0,1,0,3
2803,39,2,0.416985395,0,19317,0,1,0,4,0,0,0,1,0,3,4,4,1,3,1,4,1,1,1,1,2,3,2,2,3,2,2,1,2,2,4,-0.583804107,-0.560005465,-0.653116911,0,0,0,1,4,1,1,1,0,0,2,0,4,1,0,1,0,1,2,0,0,0,0,1,0,-9,0,1,0,0,1,1,0,0,1,1,0,0,1,0,0,1,3,1,0,0,1,1,0,0,0,1
2804,45,4,0.461272671,1,75067,1,0,0,3,0,0,1,0,0,3,3,4,3,5,3,3,3,5,5,5,1,1,2,2,2,1,2,3,3,2,2,0.366486326,-0.605516889,0.40592721,1,0,0,1,4,0,1,1,0,0,2,0,4,1,0,1,1,0,1,0,0,0,0,0,0,1,1,0,0,1,3,0,0,1,3,0,0,1,3,0,1,0,2,0,1,0,2,0,0,1,0,3
2806,44,4,3.683299051,0,38017,0,1,0,1,1,0,0,0,0,1,5,3,5,4,1,1,3,4,5,4,3,3,3,3,3,1,1,3,3,2,2,0.826058815,-0.242475583,-1.139197666,1,0,1,0,3,0,1,1,0,0,2,0,4,0,0,3,0,1,2,0,0,0,0,1,0,1,1,0,1,0,2,1,0,0,1,0,1,0,2,1,0,0,1,1,0,0,1,1,0,0,0,1
2807,34,4,1.148397914,0,27887,0,0,1,1,1,0,0,0,0,2,4,3,5,5,1,1,1,5,5,5,1,1,3,3,3,1,1,3,1,2,2,1.121639459,0.513329177,1.035130222,1,0,0,1,4,0,0,0,1,0,2,0,2,1,0,1,1,0,1,0,0,0,0,1,0,-9,0,0,0,0,0,0,0,0,0,0,0,0,0,0,0,0,0,0,0,0,0,0,0,0,0,0
2809,24,2,0.540690364,0,56601,0,1,0,1,1,0,0,0,0,1,3,2,3,4,1,2,1,4,4,3,2,2,2,2,2,2,2,2,3,3,3,-0.385151497,-0.258250726,-1.218481193,1,0,0,1,4,0,0,1,0,0,2,0,4,1,0,1,0,1,2,0,1,0,0,1,0,1,1,1,0,0,1,0,0,1,3,1,0,0,1,0,0,1,3,1,0,0,1,1,0,0,0,1
2810,22,4,1.02662712,0,1830,1,0,0,2,0,1,0,0,0,1,5,2,5,5,1,3,1,1,5,1,2,2,2,2,2,2,2,2,4,3,4,0.368203002,-0.525997011,0.590983442,0,0,1,0,3,0,0,1,0,0,2,0,4,1,0,1,1,0,1,0,0,0,0,0,1,-9,0,0,0,1,3,0,0,1,3,0,1,0,2,0,1,0,2,0,1,0,2,0,0,1,0,3
2814,10,4,1.052970179,1,33446,0,1,0,3,0,0,1,0,0,3,3,4,3,3,3,3,3,3,3,3,2,2,2,2,2,2,2,2,3,3,3,-0.849085224,0.243209007,-1.040977825,1,0,0,1,4,1,1,1,0,0,2,0,4,0,1,2,1,0,1,0,0,0,0,1,0,-9,0,0,1,0,2,1,0,0,1,0,0,1,3,1,0,0,1,1,0,0,1,1,0,0,0,1
2816,22,4,0.887756434,0,2155,1,0,0,4,0,0,0,1,0,3,3,4,1,4,4,2,4,5,5,4,2,2,2,2,2,2,2,2,3,3,3,-1.112916317,-0.544233491,-0.98913927,1,0,1,0,3,0,0,1,0,0,2,0,4,1,0,1,1,0,1,0,1,0,0,1,0,1,1,0,0,1,3,0,0,1,3,0,1,0,2,1,0,0,1,0,0,1,3,0,0,0,1,4
2821,34,4,4.773221903,0,27320,0,1,0,4,0,0,0,1,0,3,6,5,3,5,3,3,3,3,3,3,2,2,2,2,2,2,2,2,3,3,3,0.269220164,-0.180145287,-0.728650741,1,0,0,1,4,0,0,0,1,0,2,0,2,0,0,3,0,1,2,0,0,0,0,1,0,-9,0,1,0,0,1,1,0,0,1,0,1,0,2,1,0,0,1,1,0,0,1,1,0,0,0,1
2824,36,2,1.551506699,0,43076,0,1,0,5,0,0,0,0,1,3,5,5,1,5,3,3,1,5,5,5,1,1,1,1,1,1,1,3,3,2,3,1.522402513,0.55037535,-1.17816126,1,0,0,1,4,0,0,1,0,0,2,0,4,1,0,1,0,1,2,0,0,0,1,1,0,1,1,1,0,0,1,1,0,0,1,1,0,0,1,1,0,0,1,1,0,0,1,1,0,0,0,1
2829,10,4,0.972300287,0,34112,0,1,0,2,0,1,0,0,0,1,4,3,4,4,1,2,1,5,5,4,1,1,1,1,1,1,1,3,1,2,2,1.248306763,0.610679162,0.833148788,1,0,1,0,3,0,1,1,0,0,2,0,4,0,1,2,1,0,1,0,0,0,0,1,0,1,1,0,1,0,2,0,1,0,2,0,0,1,3,0,0,1,3,1,0,0,1,1,0,0,0,1
2830,4,4,0.21383748,0,72753,0,0,1,1,1,0,0,0,0,2,5,2,4,3,1,4,2,5,5,3,2,2,3,3,2,2,2,3,2,2,2,0.892348872,0.450038419,0.533689534,1,0,1,1,4,0,0,1,0,0,2,0,4,1,0,1,1,0,1,0,0,0,0,0,0,-9,0,1,0,0,1,1,0,0,1,0,1,0,2,1,0,0,1,1,0,0,1,1,0,0,0,1
2832,33,4,0.970680645,0,13901,0,1,0,4,0,0,0,1,0,3,6,4,1,3,3,4,4,5,5,3,2,2,1,3,2,2,2,1,2,4,4,0.14837745,-0.899029697,-0.553800116,1,1,0,0,2,0,0,1,0,0,2,0,4,1,0,1,1,0,1,0,1,0,0,0,1,-9,0,0,1,0,2,0,0,1,3,0,0,1,3,0,1,0,2,1,0,0,1,0,1,0,0,2
2836,24,4,0.289931637,0,55305,0,1,0,2,0,1,0,0,0,3,5,3,1,4,5,1,1,4,4,4,2,2,1,1,1,1,1,2,3,3,3,-1.839483165,1.563839769,0.744976069,1,0,1,1,4,0,0,1,0,0,2,0,4,1,0,1,0,1,2,0,1,0,0,1,0,-9,0,1,0,0,1,0,1,0,2,0,0,1,3,0,0,1,3,1,0,0,1,0,1,0,0,2
2841,23,4,0.908954579,0,49242,0,1,0,1,1,0,0,0,0,1,5,5,5,5,1,2,1,4,5,4,2,2,2,1,2,2,2,2,1,3,3,-1.101779125,0.204667177,0.551630012,0,0,1,0,3,0,0,1,0,0,2,0,4,1,0,1,1,0,1,0,0,0,0,0,1,-9,0,1,0,0,1,0,1,0,2,0,1,0,2,0,0,1,3,1,0,0,1,1,0,0,0,1
2844,36,2,1.309622248,0,44663,0,1,0,3,0,0,1,0,0,3,4,3,4,5,2,2,2,3,3,3,2,2,2,2,2,2,2,2,4,3,3,-0.182056153,-0.781582388,-1.433012262,1,1,0,0,2,0,0,1,0,0,2,0,4,0,1,2,0,0,3,1,0,0,1,1,0,-9,0,1,0,0,1,0,1,0,2,0,1,0,2,0,0,1,3,1,0,0,1,0,1,0,0,2
2845,10,4,0.431430718,0,32446,0,1,0,5,0,0,0,0,1,3,3,5,4,4,5,5,5,5,5,5,1,1,1,1,1,1,1,3,2,2,2,-0.256517129,0.46055762,0.64367667,1,0,1,0,3,0,0,0,1,0,2,0,2,1,0,1,0,1,2,1,0,0,0,0,0,1,1,1,0,0,1,1,0,0,1,1,0,0,1,0,0,1,3,1,0,0,1,1,0,0,0,1
2848,10,2,2.210722553,0,33860,0,1,0,2,0,1,0,0,0,2,5,3,4,4,5,2,1,4,4,3,1,1,1,1,1,1,1,1,1,1,1,-2.104860631,1.010595915,-0.291117301,0,0,1,0,3,1,1,1,0,0,2,0,4,0,1,2,0,0,3,0,0,0,1,1,0,1,1,1,0,0,1,1,0,0,1,0,0,1,3,0,0,1,3,1,0,0,1,1,0,0,0,1
2852,51,2,3.757806126,0,53189,0,1,0,3,0,0,1,0,0,2,5,3,4,2,1,1,1,4,4,2,2,1,3,3,2,1,2,2,4,2,3,-0.312078132,0.557595093,-0.101695538,1,0,1,0,3,1,1,1,0,0,2,0,4,0,0,3,1,0,1,0,0,0,0,1,0,-9,0,1,0,0,1,1,0,0,1,0,1,0,2,1,0,0,1,1,0,0,1,1,0,0,0,1
2853,45,4,1.315685525,0,76208,0,1,0,3,0,0,1,0,0,3,4,3,1,5,3,1,1,4,4,4,1,1,1,1,2,1,2,3,1,1,1,-0.450628898,-0.040096721,-0.271545628,1,0,1,0,3,0,0,1,0,0,2,0,4,0,1,2,0,0,3,1,1,0,0,1,0,1,1,1,0,0,1,1,0,0,1,0,0,1,3,0,0,1,3,1,0,0,1,1,0,0,0,1
2854,37,1,1.29788815,0,73115,0,1,0,3,0,0,1,0,0,3,5,3,5,3,2,2,2,5,5,5,1,1,1,1,2,2,2,3,3,2,2,-1.240925306,0.379558193,1.106861058,1,0,1,0,3,1,1,1,0,0,2,0,4,1,0,1,0,1,2,0,0,0,1,0,0,-9,0,0,1,0,2,0,1,0,2,0,1,0,2,0,1,0,2,1,0,0,1,0,1,0,0,2
2855,5,4,1.17E-06,1,92583,0,1,0,3,0,0,1,0,0,3,3,3,3,4,3,3,3,4,4,3,2,2,2,2,2,1,1,2,4,2,4,-0.780027984,0.422879398,-1.130084034,1,0,0,1,4,0,0,1,0,0,2,0,4,1,0,1,0,0,3,0,0,0,0,1,0,-9,0,0,1,0,2,0,1,0,2,0,1,0,2,0,0,1,3,1,0,0,1,0,0,1,0,3
2856,11,4,2.431038265,0,30019,0,1,0,1,1,0,0,0,0,2,2,2,3,5,1,2,1,3,2,2,2,2,2,2,2,2,2,2,3,3,4,0.287531802,0.39055792,-0.929823014,0,0,0,1,4,1,1,0,0,1,2,0,3,0,0,3,0,0,3,0,0,0,0,1,0,-9,0,0,0,0,0,0,0,0,0,0,0,0,0,0,0,0,0,0,0,0,0,0,0,0,0,0
2865,4,2,1.603444356,0,72120,0,1,0,3,0,0,1,0,0,3,6,4,2,3,1,1,1,3,3,1,2,2,2,2,2,2,2,2,4,4,4,-0.002509392,-1.233142851,-2.634378323,1,1,0,0,2,0,0,1,0,0,2,0,4,1,0,1,1,0,1,0,0,0,1,1,0,-9,0,1,0,0,1,0,1,0,2,0,1,0,2,0,1,0,2,1,0,0,1,0,1,0,0,2
2866,1,3,0.231010606,0,36092,0,0,1,2,0,1,0,0,0,3,5,2,3,3,1,1,1,1,3,3,1,1,1,1,2,1,1,3,3,3,1,-0.651667093,-0.166436593,-0.457769738,1,1,0,0,2,0,0,1,0,0,2,0,4,1,0,1,0,1,2,0,0,0,0,0,0,-9,0,1,0,0,1,1,0,0,1,0,1,0,2,1,0,0,1,1,0,0,1,1,0,0,0,1
2867,26,2,3.201729038,0,64029,0,1,0,1,1,0,0,0,0,1,5,0,5,3,1,4,1,3,3,3,2,2,2,2,2,2,2,2,3,3,2,1.036582779,0.471644354,0.848656561,0,0,1,0,3,0,0,0,0,0,2,0,5,0,0,0,0,1,2,0,0,0,1,1,0,-9,0,1,0,0,1,1,0,0,1,0,1,0,2,0,1,0,2,1,0,0,1,1,0,0,0,1
2870,45,4,5.311120364,0,79339,0,1,0,3,0,0,1,0,0,3,2,2,2,2,2,5,1,4,4,3,2,3,2,1,3,2,2,1,2,2,1,-0.146431467,1.362141821,-0.847542654,1,0,1,1,4,0,0,0,0,0,1,1,1,1,0,1,1,0,1,0,0,0,0,0,0,-9,0,1,0,0,1,1,0,0,1,0,0,1,3,0,1,0,2,1,0,0,1,1,0,0,0,1
2873,34,4,0.978461659,0,27103,0,1,0,2,0,1,0,0,0,1,4,1,4,5,1,3,1,3,3,1,1,1,1,2,2,2,2,2,3,2,4,1.165833375,-1.648443506,-0.274590859,1,0,1,0,3,0,0,1,0,0,2,0,4,1,0,1,1,0,1,0,0,0,0,0,0,-9,0,1,0,0,1,0,0,1,3,0,0,1,3,0,1,0,2,1,0,0,1,0,1,0,0,2
2875,17,2,0.770089672,0,66502,1,0,0,1,1,0,0,0,0,2,3,2,3,3,3,3,3,3,3,3,1,1,1,1,1,1,1,3,1,1,1,-1.678816196,-0.415234221,-0.279582144,1,1,0,0,2,0,0,1,0,0,2,0,4,0,1,2,0,0,3,1,0,0,0,0,0,-9,0,0,0,1,3,0,0,1,3,0,1,0,2,0,0,1,3,1,0,0,1,0,1,0,0,2
2877,24,2,6.577555604,0,55807,0,1,0,1,1,0,0,0,0,1,3,3,5,2,1,1,1,3,3,3,2,2,2,2,2,2,2,2,4,4,4,0.50639836,0.386204001,0.851988897,1,0,0,0,1,0,0,1,0,0,2,0,4,1,0,1,0,0,3,1,0,0,0,1,0,1,1,0,1,0,2,0,1,0,2,0,0,1,3,0,1,0,2,1,0,0,1,0,0,0,1,4
2881,42,2,0.555839061,0,29501,0,1,0,2,0,1,0,0,0,2,5,4,1,5,2,2,2,3,4,4,2,2,2,2,2,2,2,2,4,3,4,0.94708291,-0.528752222,1.111193796,0,0,0,1,4,0,1,0,1,0,2,0,2,1,0,1,1,0,1,0,0,0,0,0,0,1,1,1,0,0,1,0,1,0,2,1,0,0,1,0,1,0,2,1,0,0,1,1,0,0,0,1
2882,45,4,0.733220143,1,75765,0,0,1,2,0,1,0,0,0,3,5,4,2,4,4,4,4,2,5,5,2,2,2,1,1,1,2,3,2,2,2,1.180591942,0.153688613,0.034348235,1,0,0,1,4,1,1,1,0,0,2,0,4,1,0,1,1,0,1,0,0,0,0,1,0,1,1,1,0,0,1,1,0,0,1,0,1,0,2,1,0,0,1,1,0,0,1,1,0,0,0,1
2885,4,4,0.404894888,0,71909,0,1,0,4,0,0,0,1,0,2,5,5,5,4,1,1,1,3,4,1,1,1,2,2,2,2,2,2,1,3,4,0.771741106,-0.462904401,-0.596029992,0,0,0,1,4,0,0,1,0,0,2,0,4,0,1,2,0,1,2,0,0,0,0,1,0,1,1,1,0,0,1,1,0,0,1,1,0,0,1,0,0,1,3,1,0,0,1,1,0,0,0,1
2886,10,4,0.268391487,1,32767,0,1,0,4,0,0,0,1,0,3,5,4,3,4,2,2,1,5,4,4,2,2,2,3,1,1,3,2,2,2,2,-0.773612283,-0.681721406,-0.053206635,1,0,0,1,4,0,1,1,0,0,2,0,4,1,0,1,1,0,1,0,1,0,0,0,1,-9,0,1,0,0,1,1,0,0,1,1,0,0,1,1,0,0,1,1,0,0,1,1,0,0,0,1
2889,36,2,2.102988111,0,44094,0,1,0,5,0,0,0,0,1,4,4,4,2,1,1,5,2,5,5,4,1,1,1,1,1,2,2,1,2,2,3,1.634284242,-0.243210494,0.627110714,1,0,1,0,3,1,1,1,0,0,2,0,4,0,1,2,1,0,1,0,0,0,0,0,0,-9,0,0,1,0,2,0,1,0,2,0,1,0,2,0,1,0,2,1,0,0,1,0,0,1,0,3
2890,21,2,2.09167273,0,21061,1,0,0,3,0,0,1,0,0,3,3,3,1,2,5,5,4,5,5,5,2,2,2,2,2,2,2,2,3,3,3,1.276068649,-0.199548801,-1.733528426,1,0,1,0,3,0,0,1,0,0,2,0,4,1,0,1,1,0,1,0,1,0,0,1,0,1,1,0,0,1,3,0,0,1,3,0,0,1,3,0,1,0,2,0,0,1,3,0,0,1,0,3
2891,42,4,0.501985244,0,29435,0,0,1,5,0,0,0,0,1,5,5,5,1,3,3,4,4,4,3,4,1,3,1,1,3,1,1,3,2,2,1,0.503192313,-0.175813006,-0.067353628,1,0,1,0,3,0,0,1,0,0,2,0,4,0,1,2,0,0,3,1,0,0,0,0,0,1,1,0,0,0,0,0,0,0,0,0,0,0,0,0,0,0,0,0,0,0,0,0,0,0,0,0
2892,10,4,0.197229012,0,32024,0,0,1,2,0,1,0,0,0,2,5,2,2,5,2,2,2,5,4,4,2,2,2,2,2,2,2,2,3,2,4,1.188121388,0.740078452,0.404296201,1,0,0,1,4,0,1,1,0,0,2,0,4,1,0,1,0,1,2,0,1,0,0,0,0,1,1,1,0,0,1,1,0,0,1,0,1,0,2,1,0,0,1,1,0,0,1,1,0,0,0,1
2894,23,4,0.356651626,0,48103,0,1,0,5,0,0,0,0,1,3,5,5,2,4,2,4,2,5,5,5,1,1,1,1,1,3,3,1,2,2,3,0.867536501,-0.235265182,-0.347435706,1,0,0,1,4,0,1,1,0,0,2,0,4,0,1,2,0,1,2,0,0,0,0,0,0,-9,0,0,1,0,2,0,1,0,2,0,1,0,2,0,0,1,3,1,0,0,1,0,0,1,0,3
2896,3,4,0.002263335,0,85541,0,1,0,1,1,0,0,0,0,2,4,1,4,2,1,2,1,5,5,3,2,1,1,2,2,2,2,3,2,2,4,0.881456695,0.975609481,0.322357378,1,0,0,1,4,0,0,1,0,0,2,0,4,0,1,2,0,1,2,0,0,0,0,1,0,-9,0,1,0,0,1,1,0,0,1,1,0,0,1,0,0,1,3,1,0,0,1,1,0,0,0,1
2899,11,4,1.917043669,0,31909,0,1,0,1,1,0,0,0,0,2,2,2,4,4,2,2,2,2,3,2,2,2,2,2,2,2,2,2,3,3,3,0.287237625,0.680284561,-1.029656842,0,0,0,1,4,0,1,1,0,0,2,0,4,0,0,3,1,0,1,0,1,0,0,0,0,-9,0,0,1,0,2,0,1,0,2,0,0,1,3,0,1,0,2,1,0,0,1,1,0,0,0,1
2900,20,2,0.295271133,0,4742,0,0,1,2,0,1,0,0,0,2,3,3,3,3,3,3,3,3,3,3,2,2,2,2,2,2,2,2,3,3,3,-0.776665925,0.30797636,-1.104486725,1,1,0,0,2,1,1,1,0,0,2,0,4,1,0,1,0,0,3,0,0,0,0,1,0,-9,0,1,0,0,1,1,0,0,1,1,0,0,1,0,0,1,3,1,0,0,1,1,0,0,0,1
2903,5,2,5.59E-06,0,95141,0,0,0,3,0,0,1,0,0,3,4,5,4,4,3,4,3,4,4,3,2,2,2,3,3,2,2,2,2,2,3,0.120162818,-0.615660538,-1.530376915,1,0,1,0,3,0,0,1,0,0,2,0,4,0,1,2,0,1,2,0,0,0,0,0,0,0,0,0,0,0,0,0,0,0,0,0,0,0,0,0,0,0,0,0,0,0,0,0,0,0,0,0
2905,18,4,0.404894888,0,42101,0,1,0,1,1,0,0,0,0,1,2,2,4,4,3,2,2,4,4,4,1,2,2,2,1,2,2,3,1,2,2,0.017665832,-0.046358474,-0.342978277,0,0,0,1,4,0,0,1,0,0,2,0,4,0,1,2,0,1,2,0,0,0,0,1,0,-9,0,0,1,0,2,0,0,1,3,0,1,0,2,0,1,0,2,1,0,0,1,1,0,0,0,1
2906,26,4,0.505880358,0,64128,0,1,0,3,0,0,1,0,0,3,3,5,3,5,5,1,1,4,5,5,2,2,1,1,1,1,1,3,1,2,3,-0.943335438,-0.938068079,1.008651451,1,0,1,0,3,0,0,0,1,0,2,0,2,1,0,1,0,1,2,0,1,0,0,0,1,-9,0,0,1,0,2,1,0,0,1,0,1,0,2,1,0,0,1,1,0,0,1,0,0,1,0,3
2908,10,2,5.625784639,0,32320,0,1,0,3,0,0,1,0,0,1,5,4,1,5,1,4,4,5,5,5,1,1,2,1,1,1,1,3,1,2,2,0.493126339,0.425782941,0.796280161,1,1,0,0,2,0,0,1,0,0,2,0,4,0,0,3,0,0,3,1,0,0,1,0,0,-9,0,1,0,0,1,0,1,0,2,1,0,0,1,1,0,0,1,1,0,0,1,0,1,0,0,2
2909,24,4,0.092500936,0,56477,0,0,1,1,1,0,0,0,0,1,6,1,5,5,1,1,1,3,1,3,2,2,2,2,2,2,2,2,4,3,3,0.341534024,-1.022603898,1.164026443,1,0,1,0,3,1,1,1,0,0,2,0,4,0,0,0,0,0,3,0,1,0,0,1,0,-9,0,1,0,0,1,1,0,0,1,1,0,0,1,1,0,0,1,1,0,0,1,1,0,0,0,1
2911,16,2,1.755759973,0,50211,0,1,0,2,0,1,0,0,0,2,4,3,4,4,1,5,1,5,3,3,2,2,2,2,2,2,2,2,3,3,3,0.532444074,-0.903920871,0.39129119,1,0,1,0,3,0,0,1,0,0,2,0,4,0,1,2,0,0,3,0,0,0,0,1,0,1,1,1,0,0,1,1,0,0,1,0,1,0,2,0,0,1,3,1,0,0,1,1,0,0,0,1
2912,1,4,6.308164105,0,35674,0,1,0,3,0,0,1,0,0,3,6,2,4,5,3,4,1,5,5,3,2,2,2,2,2,1,1,2,3,2,3,-0.51882702,-0.316415741,0.432834047,1,0,0,1,4,0,0,1,0,0,2,0,4,1,0,1,1,0,1,0,0,0,0,1,0,-9,0,1,0,0,1,1,0,0,1,1,0,0,1,0,1,0,2,1,0,0,1,1,0,0,0,1
2913,51,2,4.957047728,0,53934,0,0,1,5,0,0,0,0,1,4,5,5,4,4,1,5,5,3,1,5,1,3,3,3,3,1,1,3,2,2,2,-0.316941852,1.36389144,0.462392889,0,1,0,0,2,0,0,1,0,0,2,0,4,1,0,1,1,0,1,0,0,0,1,0,0,-9,0,1,0,0,1,1,0,0,1,1,0,0,1,1,0,0,1,1,0,0,1,1,0,0,0,1
2914,16,4,0.713806145,0,52245,0,1,0,2,0,1,0,0,0,3,1,3,3,5,1,1,1,4,4,4,1,1,2,1,1,1,1,3,1,2,1,1.1517609,-0.108146819,0.528039082,1,0,0,1,4,0,0,1,0,0,2,0,4,1,0,1,1,0,1,0,1,0,0,0,0,-9,0,0,1,0,2,0,0,1,3,1,0,0,1,1,0,0,1,1,0,0,1,0,1,0,0,2
2917,45,4,1.599813665,1,78228,0,1,0,3,0,0,1,0,0,3,3,2,4,4,2,2,1,3,4,2,2,2,2,2,2,2,2,2,4,3,3,-0.981292583,-1.280278749,0.226254633,1,1,0,0,2,0,0,1,0,0,1,1,1,1,0,1,0,1,2,0,0,0,0,1,0,1,1,0,0,1,3,0,1,0,2,1,0,0,1,1,0,0,1,1,0,0,1,0,0,1,0,3
2920,14,4,0.017985932,0,62220,0,1,0,1,1,0,0,0,0,1,6,3,3,3,1,3,1,1,3,3,2,2,2,1,2,3,3,2,4,2,3,-1.629379172,0.127125894,-1.455412408,1,1,0,0,2,0,0,0,1,0,2,0,2,1,0,1,1,0,1,0,0,0,0,0,1,-9,0,0,1,0,2,0,0,1,3,0,1,0,2,0,0,1,3,0,1,0,2,0,0,1,0,3
2922,14,4,1.579363342,0,61201,0,1,0,2,0,1,0,0,0,1,5,4,4,4,1,1,1,3,5,2,2,2,2,1,1,1,2,2,1,2,1,0.593679697,-0.729856278,-0.947280874,1,0,1,0,3,0,0,1,0,0,2,0,4,1,0,1,1,0,1,0,1,0,0,0,1,-9,0,0,1,0,2,0,1,0,2,0,1,0,2,0,0,1,3,1,0,0,1,0,1,0,0,2
2929,34,4,0.258137826,0,28304,0,1,0,1,1,0,0,0,0,1,6,2,3,5,3,1,3,3,3,1,2,2,2,2,2,2,2,2,3,3,4,-0.31529999,-1.663070931,-0.640875411,1,0,1,0,3,0,1,0,1,0,2,0,2,0,0,0,0,0,3,0,0,0,0,1,0,-9,0,0,1,0,2,0,1,0,2,0,1,0,2,0,1,0,2,1,0,0,1,1,0,0,0,1
2931,33,2,1.545274444,0,10567,0,1,0,3,0,0,1,0,0,3,5,5,2,4,2,4,3,5,4,2,2,2,2,2,2,1,1,2,3,4,2,0.269423882,-0.31248607,-0.508907813,1,0,0,1,4,0,1,1,0,0,2,0,4,0,0,3,0,1,2,0,0,0,1,1,0,1,1,1,0,0,1,1,0,0,1,1,0,0,1,0,0,1,3,0,1,0,2,0,1,0,0,2
2932,37,4,0.335412086,0,74601,0,1,0,3,0,0,1,0,0,3,5,5,3,3,1,4,4,3,4,4,2,3,3,3,2,2,2,2,3,2,2,0.179319435,-1.378852835,-1.425976463,1,0,1,0,3,0,0,1,0,0,2,0,4,1,0,1,0,0,3,0,0,0,0,1,0,1,1,1,0,0,1,0,1,0,2,1,0,0,1,0,1,0,2,1,0,0,1,0,1,0,0,2
2933,39,4,0.527629425,0,17522,0,1,0,3,0,0,1,0,0,2,4,3,5,1,3,4,4,5,5,5,1,1,1,1,1,3,2,3,2,2,2,1.215164142,0.171767178,0.114495421,1,0,1,0,3,0,0,1,0,0,2,0,4,1,0,1,0,1,2,0,1,0,0,0,0,-9,0,0,1,0,2,0,1,0,2,1,0,0,1,0,0,1,3,1,0,0,1,0,1,0,0,2
2938,10,4,0.564045245,0,34656,0,1,0,2,0,1,0,0,0,3,4,4,3,3,3,2,3,4,4,4,1,1,1,1,1,1,1,1,1,1,1,0.155032448,0.800379298,-0.351392629,1,0,1,0,3,0,0,1,0,0,2,0,4,1,0,1,1,0,1,0,0,0,0,0,1,-9,0,0,0,0,0,0,0,0,0,0,0,0,0,0,0,0,0,0,0,0,0,0,0,0,0,0
2939,10,4,0.975769204,0,33809,0,1,0,1,1,0,0,0,0,1,5,3,5,5,2,2,2,4,5,5,2,2,2,2,2,2,2,2,3,3,4,0.583845266,-1.614622532,0.474954818,1,0,0,1,4,1,1,1,0,0,2,0,4,0,1,2,0,1,2,0,1,0,0,1,0,1,1,1,0,0,1,1,0,0,1,1,0,0,1,1,0,0,1,1,0,0,1,1,0,0,0,1
2940,14,4,0.908278818,0,60030,0,1,0,2,0,1,0,0,0,1,2,3,4,5,1,1,1,4,4,4,1,1,1,1,2,2,2,2,4,2,4,0.430465695,-0.187899828,0.183466449,1,0,0,1,4,0,0,1,0,0,2,0,4,0,1,2,0,1,2,0,0,0,0,1,0,-9,0,0,1,0,2,0,1,0,2,1,0,0,1,0,1,0,2,0,0,1,3,0,0,1,0,3
2942,11,4,0.425536888,0,30079,0,1,0,3,0,0,1,0,0,3,5,4,2,5,3,3,3,4,5,5,1,2,3,2,2,2,2,3,3,3,3,0.395823179,-0.977212534,0.830620485,1,1,0,0,2,0,0,0,1,0,2,0,2,1,0,1,0,1,2,1,1,0,0,0,0,1,1,1,0,0,1,0,1,0,2,0,0,1,3,0,0,1,3,1,0,0,1,0,0,0,1,4
2946,10,2,1.283709309,0,32219,0,1,0,2,0,1,0,0,0,2,4,3,3,3,3,4,4,4,4,4,1,1,1,3,3,1,1,3,1,2,1,0.804805794,0.530069588,0.922231837,1,1,0,0,2,0,0,0,1,0,2,0,2,0,1,2,0,0,3,1,0,0,1,1,0,1,1,1,0,0,1,1,0,0,1,0,0,1,3,0,0,1,3,1,0,0,1,0,0,1,0,3
2950,51,4,0.467985275,0,53716,0,1,0,2,0,1,0,0,0,1,4,5,4,5,1,1,1,5,2,1,1,1,1,1,2,2,2,3,4,4,4,1.360846919,-1.832474325,0.880006152,0,0,0,1,4,0,1,1,0,0,2,0,4,0,1,2,0,1,2,0,0,0,0,1,0,-9,0,0,1,0,2,0,1,0,2,0,1,0,2,0,0,1,3,1,0,0,1,0,0,0,1,4
2951,45,2,0.523304044,1,78641,0,1,0,3,0,0,1,0,0,2,2,4,4,2,2,4,4,5,5,5,1,3,3,1,1,2,1,3,2,2,3,0.523295154,-1.164651145,0.240523184,1,0,0,1,4,0,1,1,0,0,2,0,4,1,0,1,1,0,1,0,0,0,0,0,0,1,1,0,1,0,2,1,0,0,1,0,0,1,3,0,0,1,3,1,0,0,1,1,0,0,0,1
2952,42,2,10.79088128,0,29672,0,1,0,1,1,0,0,0,0,2,5,3,1,5,1,1,1,3,3,1,2,2,2,2,2,2,2,2,4,3,3,1.699992728,-1.374834802,1.196003882,1,0,1,0,3,1,1,1,0,0,2,0,4,0,0,3,0,1,2,0,0,0,0,1,0,-9,0,1,0,0,1,1,0,0,1,1,0,0,1,0,0,1,3,1,0,0,1,1,0,0,0,1
2957,48,4,0.634142215,0,23233,0,1,0,3,0,0,1,0,0,3,5,4,2,4,1,1,1,5,5,4,1,1,3,1,1,1,1,3,1,2,2,0.597166524,0.857970272,-0.251411682,1,0,0,1,4,1,1,1,0,0,2,0,4,0,1,2,0,1,2,0,1,0,0,0,0,1,1,0,1,0,2,1,0,0,1,0,0,1,3,0,1,0,2,1,0,0,1,1,0,0,0,1
2959,33,2,1.487177299,0,13126,0,1,0,3,0,0,1,0,0,2,2,5,2,5,1,4,2,5,5,4,3,2,2,2,2,3,2,3,3,3,3,0.936451351,0.086815253,1.082333848,1,1,0,0,2,0,0,1,0,0,2,0,4,0,1,2,0,0,3,1,0,0,1,1,0,1,1,0,1,0,2,0,0,1,3,1,0,0,1,0,1,0,2,1,0,0,1,0,0,1,0,3
2963,6,2,0.00013609,0,80910,0,1,0,3,0,0,1,0,0,3,3,4,3,4,3,4,4,4,4,4,2,3,1,1,1,2,2,2,2,2,2,-0.849428638,-1.1188927,0.479661346,1,1,0,0,2,0,0,1,0,0,2,0,4,1,0,1,1,0,1,0,0,0,0,1,1,-9,0,0,0,1,3,0,1,0,2,0,0,1,3,0,1,0,2,1,0,0,1,0,0,0,1,4
2966,19,4,10.66462722,0,71201,0,1,0,3,0,0,1,0,0,1,5,5,1,5,4,3,5,5,5,5,2,2,3,2,2,3,2,2,4,2,2,0.511231924,0.23837033,0.593858733,0,0,1,0,3,1,1,0,1,0,2,0,2,0,1,2,1,0,1,0,1,0,0,0,1,1,1,1,0,0,1,0,0,1,3,0,1,0,2,0,1,0,2,1,0,0,1,0,1,0,0,2
2967,14,4,0.295451503,0,60096,0,1,0,3,0,0,1,0,0,3,2,4,2,5,4,1,1,5,5,5,2,2,2,3,3,2,2,3,4,2,2,0.003829581,-1.168737132,-0.390884377,1,0,1,0,3,0,0,1,0,0,2,0,4,1,0,1,0,1,2,0,1,0,0,1,0,-9,0,1,0,0,1,1,0,0,1,1,0,0,1,1,0,0,1,0,0,1,3,0,1,0,0,2
2969,2,4,7.552139299,0,99507,1,0,0,2,0,1,0,0,0,2,6,2,4,3,1,1,1,1,3,3,2,2,2,2,2,2,2,2,3,3,3,-0.843765565,-0.923297051,0.359264096,1,0,0,0,1,0,0,1,0,0,2,0,4,1,0,1,0,0,3,1,0,0,0,0,0,-9,0,0,0,1,3,0,1,0,2,0,0,1,3,1,0,0,1,1,0,0,1,0,0,1,0,3
2970,36,2,0.729290379,0,45224,0,1,0,5,0,0,0,0,1,5,5,5,3,1,1,1,1,5,4,3,1,1,1,1,2,1,2,1,1,3,1,-0.234218375,1.01150583,0.094274806,1,1,0,0,2,0,0,1,0,0,2,0,4,0,1,2,0,1,2,0,0,0,1,0,0,-9,0,0,1,0,2,0,1,0,2,1,0,0,1,0,1,0,2,1,0,0,1,0,0,1,0,3
2971,23,4,1.85626782,0,48197,0,1,0,3,0,0,1,0,0,3,4,4,3,4,2,4,3,4,4,4,2,2,2,1,3,2,2,3,2,2,4,0.519554016,0.221065454,-0.094635656,0,0,0,1,4,1,1,1,0,0,2,0,4,0,0,3,1,0,1,0,0,0,0,1,0,1,1,0,1,0,2,0,1,0,2,0,1,0,2,0,1,0,2,1,0,0,1,0,0,1,0,3
2974,11,4,0.418152978,0,30741,0,1,0,1,1,0,0,0,0,1,5,2,3,5,1,1,1,3,1,1,2,2,2,2,2,2,2,2,4,3,4,-0.686884992,-0.903968224,-0.581290509,1,0,1,0,3,0,0,1,0,0,2,0,4,1,0,1,0,0,3,0,1,0,0,0,0,-9,0,1,0,0,1,1,0,0,1,1,0,0,1,0,1,0,2,1,0,0,1,1,0,0,0,1
2979,10,4,0.26622944,1,33567,0,1,0,2,0,1,0,0,0,3,3,2,3,3,3,3,3,3,3,3,2,2,2,2,2,2,2,2,4,4,4,-0.709518957,0.693937426,-0.161063496,1,0,1,0,3,0,0,1,0,0,2,0,4,1,0,1,0,1,2,0,1,0,0,0,1,-9,0,1,0,0,1,1,0,0,1,0,1,0,2,1,0,0,1,1,0,0,1,1,0,0,0,1
2984,23,2,2.551313546,0,49501,1,0,0,2,0,1,0,0,0,1,3,3,3,3,1,4,3,4,4,3,2,2,2,2,2,2,2,2,3,3,3,0.224156427,-0.526303836,0.239995976,1,1,0,0,2,1,1,1,0,0,2,0,4,0,0,3,0,1,2,1,0,0,1,1,0,-9,0,0,0,0,0,0,0,0,0,0,0,0,0,0,0,0,0,0,0,0,0,0,0,0,0,0
2987,45,4,0.439012951,1,75455,0,1,0,2,0,1,0,0,0,2,3,3,1,5,2,2,2,3,4,4,2,2,2,2,2,2,2,3,3,2,2,0.091751397,-1.280665333,0.010588154,0,0,0,1,4,0,0,1,0,0,2,0,4,1,0,1,1,0,1,0,0,0,0,1,0,1,1,1,0,0,1,0,1,0,2,0,1,0,2,0,1,0,2,1,0,0,1,1,0,0,0,1
2988,31,4,0.718087052,0,8094,0,1,0,1,1,0,0,0,0,1,5,3,4,3,2,3,2,3,5,5,2,2,2,2,2,2,2,2,4,3,2,0.24238343,0.461259187,0.962355935,0,0,0,1,4,0,0,1,0,0,2,0,4,1,0,1,1,0,1,1,1,0,0,0,0,1,1,1,0,0,1,1,0,0,1,0,1,0,2,0,0,1,3,1,0,0,1,0,1,0,0,2
2990,45,4,0.850045435,1,78041,1,0,0,2,0,1,0,0,0,3,4,3,2,4,3,3,1,3,3,4,2,3,3,3,3,2,2,3,2,2,4,-0.286660186,-0.592103719,-0.057242556,1,0,0,1,4,0,0,1,0,0,2,0,4,1,0,1,0,0,3,0,0,0,0,0,0,1,1,0,0,1,3,0,0,1,3,0,1,0,2,0,1,0,2,1,0,0,1,0,1,0,0,2
2991,36,2,1.53640306,0,44130,0,1,0,4,0,0,0,1,0,2,4,3,5,3,1,1,1,5,5,5,2,2,2,3,3,2,2,3,4,2,2,0.998554051,0.802249403,1.024277541,1,0,0,1,4,1,1,1,0,0,2,0,4,1,0,1,1,0,1,0,0,0,0,0,0,-9,0,0,1,0,2,0,1,0,2,0,1,0,2,0,1,0,2,1,0,0,1,0,0,1,0,3
2999,45,4,2.183147119,1,78233,0,1,0,3,0,0,1,0,0,5,4,3,3,3,1,4,1,3,1,1,2,2,1,1,2,2,2,1,2,2,4,-1.297154534,-0.469791392,-0.039312722,1,0,0,0,1,0,0,1,0,0,2,0,4,1,0,1,0,0,3,1,0,0,0,1,0,1,1,0,1,0,2,0,1,0,2,0,0,1,3,0,1,0,2,1,0,0,1,0,1,0,0,2
3001,49,4,3.59E-05,0,98642,0,1,0,1,1,0,0,0,0,1,4,2,4,4,2,1,1,4,4,4,1,3,1,3,2,2,1,2,1,3,2,0.826665594,0.651924417,0.656612902,0,0,0,1,4,0,0,1,0,0,2,0,4,0,0,0,0,1,2,0,0,0,0,1,0,-9,0,1,0,0,1,1,0,0,1,0,1,0,2,0,1,0,2,1,0,0,1,1,0,0,0,1
3003,11,4,0.24121284,0,31750,0,1,0,5,0,0,0,0,1,2,3,3,3,5,1,3,1,3,4,3,2,2,2,2,2,2,2,2,4,3,4,-0.567710336,-0.415333234,-0.222201042,1,0,1,1,4,0,0,1,0,0,2,0,4,1,0,1,0,1,2,0,0,0,0,1,0,-9,0,1,0,0,1,1,0,0,1,1,0,0,1,1,0,0,1,1,0,0,1,1,0,0,0,1
3008,23,2,1.833326831,0,48310,0,1,0,2,0,1,0,0,0,2,4,2,5,4,1,1,1,3,5,2,2,2,2,2,2,2,2,2,3,3,4,0.591300599,0.100806265,0.649496181,1,1,0,0,2,0,0,1,0,0,2,0,4,1,0,1,0,0,3,0,0,0,1,1,0,-9,0,0,0,1,3,0,1,0,2,0,1,0,2,0,1,0,2,1,0,0,1,0,1,0,0,2
3009,45,4,0.599165327,1,77077,0,1,0,1,1,0,0,0,0,1,5,1,4,4,2,4,1,5,4,3,2,2,3,3,2,3,3,2,4,4,3,1.06032953,0.880678301,0.993399951,1,0,0,1,4,0,1,1,0,0,2,0,4,0,1,2,1,0,1,0,0,0,0,0,0,-9,0,0,1,0,2,0,0,1,3,1,0,0,1,1,0,0,1,1,0,0,1,0,0,1,0,3
3011,26,4,0.294900035,0,64127,0,1,0,1,1,0,0,0,0,1,3,4,4,4,2,4,2,4,4,3,2,2,2,1,1,3,3,1,1,2,2,0.285147507,1.094793944,-0.342749274,1,0,1,0,3,0,0,1,0,0,2,0,4,1,0,1,0,0,3,0,0,0,0,0,0,1,1,0,1,0,2,0,1,0,2,0,1,0,2,1,0,0,1,1,0,0,1,0,0,0,1,4
3012,41,2,0.875144313,0,2909,1,0,0,3,0,0,1,0,0,3,4,2,4,4,2,2,2,4,4,4,1,3,3,1,1,3,3,3,1,2,2,-0.224552569,-0.319075715,-0.761708904,1,0,1,0,3,0,0,1,0,0,2,0,4,0,1,2,0,1,2,0,0,0,1,0,1,-9,0,0,0,1,3,0,0,1,3,0,0,1,3,0,0,1,3,0,1,0,2,0,0,0,1,4
3013,34,4,1.059149723,0,27565,0,1,0,1,1,0,0,0,0,2,6,3,4,5,2,2,4,2,5,4,2,2,2,2,2,2,2,2,4,2,3,1.156787799,0.19221157,0.269988527,1,0,0,1,4,0,0,0,1,0,2,0,2,0,1,2,0,1,2,0,0,0,0,1,0,-9,0,1,0,0,1,1,0,0,1,0,1,0,2,0,1,0,2,1,0,0,1,1,0,0,0,1
3015,10,2,0.733286353,0,33916,0,1,0,4,0,0,0,1,0,3,5,3,2,4,2,2,2,4,2,2,1,3,3,1,2,1,1,3,4,4,4,-2.165320404,-0.600919454,0.904885089,1,1,0,0,2,0,0,1,0,0,1,1,1,0,1,2,0,1,2,0,0,0,1,0,0,-9,0,0,1,0,2,0,1,0,2,0,0,1,3,0,1,0,2,1,0,0,1,0,0,0,1,4
3016,48,4,1.453612373,0,22630,0,1,0,2,0,1,0,0,0,3,6,4,4,3,2,4,2,3,4,3,1,2,2,2,2,1,2,2,3,2,3,-0.11833046,-0.018093346,-0.057845428,1,0,1,0,3,0,0,1,0,0,2,0,4,1,0,1,1,0,1,0,1,0,0,0,0,1,1,1,0,0,1,0,1,0,2,1,0,0,1,0,0,1,3,1,0,0,1,1,0,0,0,1
3017,33,4,0.037455726,0,14620,1,0,0,3,0,0,1,0,0,2,2,3,3,4,1,2,4,5,5,4,2,3,2,2,3,2,2,3,2,2,1,0.49606981,1.013038857,1.242630267,1,0,0,1,4,0,0,1,0,0,2,0,4,1,0,1,1,0,1,1,0,0,0,0,0,-9,0,0,0,1,3,0,0,1,3,0,0,1,3,0,1,0,2,1,0,0,1,0,0,0,1,4
3021,36,4,1.120571968,0,45140,0,1,0,1,1,0,0,0,0,1,2,1,3,5,1,4,2,4,4,4,1,1,1,1,2,1,1,2,3,3,3,0.283760081,0.088173408,-0.130402793,1,0,0,1,4,0,0,1,0,0,2,0,4,1,0,1,0,1,2,0,0,0,0,0,0,1,1,1,0,0,1,1,0,0,1,0,1,0,2,0,1,0,2,1,0,0,1,1,0,0,0,1
3022,33,4,0.147255598,0,14086,0,1,0,2,0,1,0,0,0,2,3,4,3,3,1,1,1,4,4,2,1,1,1,2,2,2,2,3,4,3,4,-1.086950246,-1.667761589,-0.124407856,1,0,0,1,4,0,0,1,0,0,2,0,4,1,0,1,0,0,3,0,0,0,0,1,1,1,1,0,1,0,2,0,1,0,2,1,0,0,1,0,0,1,3,1,0,0,1,0,1,0,0,2
3029,23,4,1.362221398,0,48192,1,0,0,1,1,0,0,0,0,1,4,3,4,3,1,3,1,3,5,5,2,2,2,2,2,2,2,2,3,3,3,0.025525452,-0.183854122,0.582915124,1,0,0,1,4,0,0,1,0,0,2,0,4,1,0,1,1,0,1,0,0,0,0,0,0,-9,0,0,0,1,3,0,1,0,2,0,0,1,3,0,1,0,2,1,0,0,1,0,1,0,0,2
3030,31,2,8.934143737,0,8087,0,1,0,2,0,1,0,0,0,2,4,0,5,5,1,1,1,4,4,3,1,2,1,2,2,1,1,2,1,2,3,0.075382659,0.457132702,0.694940322,1,0,0,1,4,0,0,1,0,0,2,0,4,0,0,3,0,0,3,1,0,0,1,1,0,-9,0,0,1,0,2,1,0,0,1,1,0,0,1,0,1,0,2,1,0,0,1,1,0,0,0,1
3032,14,2,0.596657723,0,60607,1,0,0,3,0,0,1,0,0,2,3,3,2,4,3,4,3,5,4,5,2,2,2,2,3,3,2,3,3,3,3,0.562852535,0.064287949,-0.26233327,1,1,0,0,2,0,0,1,0,0,1,1,1,0,1,2,0,1,2,0,1,0,0,1,0,-9,0,0,0,1,3,0,0,1,3,0,0,1,3,0,0,1,3,0,0,1,3,0,0,0,1,4
3035,23,4,0.366552338,0,48048,0,0,1,1,1,0,0,0,0,1,4,1,4,5,1,1,1,5,5,2,2,2,2,2,2,2,2,2,4,3,4,-0.52551158,-1.104044165,-0.930397954,1,0,0,1,4,0,0,0,1,0,2,0,2,1,0,1,1,0,1,0,0,0,0,1,1,1,1,1,0,0,1,1,0,0,1,0,1,0,2,1,0,0,1,1,0,0,1,1,0,0,0,1
3039,11,4,0.333707295,0,30608,0,1,0,1,1,0,0,0,0,1,3,1,3,3,3,4,3,3,3,3,2,2,2,2,2,2,2,2,3,3,4,0.502057136,0.537880513,-0.788305887,1,0,0,1,4,0,0,0,1,0,2,0,2,1,0,1,0,1,2,0,0,0,0,0,1,-9,0,0,0,0,0,0,0,0,0,0,0,0,0,0,0,0,0,0,0,0,0,0,0,0,0,0
3040,1,4,2.772250921,0,35603,0,1,0,3,0,0,1,0,0,3,3,4,4,4,1,3,2,4,4,4,2,2,2,2,2,2,2,2,3,3,3,0.697962566,-0.828613056,0.419893616,1,0,0,1,4,0,0,1,0,0,2,0,4,0,0,3,0,1,2,0,0,0,0,1,0,-9,0,1,0,0,1,0,1,0,2,0,0,1,3,1,0,0,1,1,0,0,1,1,0,0,0,1
3041,11,2,10.55712388,0,31091,0,0,1,3,0,0,1,0,0,2,2,3,4,4,4,4,3,4,4,4,2,2,2,2,2,2,2,3,2,2,2,0.548648363,0.788170576,0.329245753,1,0,1,0,3,0,0,1,0,0,2,0,4,0,0,3,1,0,1,0,0,0,0,1,0,-9,0,1,0,0,1,1,0,0,1,0,1,0,2,0,1,0,2,1,0,0,1,1,0,0,0,1
3043,33,4,1.03796317,0,11233,1,0,0,3,0,0,1,0,0,3,2,3,4,3,3,3,3,4,4,3,1,1,1,1,1,1,1,1,1,1,1,0.230740066,-0.548958385,-0.104073455,1,0,1,0,3,0,0,0,1,0,2,0,2,1,0,1,1,0,1,0,0,0,0,0,1,1,1,0,0,1,3,0,0,1,3,1,0,0,1,1,0,0,1,0,0,1,3,0,0,1,0,3
3044,18,2,2.301873481,0,42071,0,1,0,2,0,1,0,0,0,2,2,1,1,4,3,4,5,5,4,4,1,3,2,1,3,1,2,3,1,2,1,-0.049072993,0.563689614,0.285908597,1,0,1,0,3,0,0,1,0,0,2,0,4,1,0,1,0,1,2,0,0,0,1,0,0,-9,0,1,0,0,1,0,1,0,2,1,0,0,1,1,0,0,1,1,0,0,1,1,0,0,0,1
3049,39,4,0.355156785,0,16652,0,1,0,2,0,1,0,0,0,1,4,0,5,1,1,4,1,4,4,5,2,2,2,2,2,2,2,2,3,3,3,1.521003525,0.023907575,-0.637880237,1,0,1,0,3,0,0,1,0,0,2,0,4,0,1,2,0,1,2,0,0,0,0,1,0,-9,0,1,0,0,1,0,1,0,2,1,0,0,1,0,0,1,3,1,0,0,1,1,0,0,0,1
3050,11,4,0.256620801,0,30291,0,1,0,1,1,0,0,0,0,1,6,4,3,5,1,1,1,4,5,3,2,2,2,2,2,2,2,3,4,3,4,-1.144893258,-0.10723745,0.048724067,1,0,1,0,3,0,0,0,1,0,2,0,2,1,0,1,0,0,3,0,0,0,0,1,0,-9,0,0,0,0,0,0,0,0,0,0,0,0,0,0,0,0,0,0,0,0,0,0,0,0,0,0
3051,1,4,0.983006665,0,36250,0,1,0,2,0,1,0,0,0,2,6,3,4,5,1,1,1,3,3,2,2,2,2,2,2,2,2,2,4,3,3,-0.037743288,-0.638807018,0.031488149,1,0,0,1,4,0,0,1,0,0,2,0,4,1,0,1,0,1,2,0,0,0,0,1,0,-9,0,1,0,0,1,1,0,0,1,0,1,0,2,0,0,1,3,1,0,0,1,1,0,0,0,1
3053,11,4,0.694682396,0,31201,0,1,0,2,0,1,0,0,0,2,4,2,5,4,1,1,1,4,4,3,2,2,2,2,1,3,2,2,1,2,2,-0.508320471,-0.033634765,-1.291140032,1,0,1,0,3,0,0,1,0,0,2,0,4,1,0,1,1,0,1,0,0,0,0,1,0,1,1,0,1,0,2,0,1,0,2,0,0,1,3,0,0,1,3,1,0,0,1,0,0,1,0,3
3054,39,4,0.162101958,0,18014,0,1,0,5,0,0,0,0,1,1,5,5,4,5,2,5,5,5,5,5,2,2,2,2,3,2,2,3,3,2,4,0.889075252,0.176946498,0.726924019,1,1,0,0,2,0,1,0,1,0,2,0,2,0,1,2,0,1,2,0,0,0,0,0,0,-9,0,1,0,0,1,1,0,0,1,1,0,0,1,0,1,0,2,1,0,0,1,1,0,0,0,1
3055,15,4,1.916171899,0,46703,0,1,0,3,0,0,1,0,0,1,5,5,5,5,1,1,1,4,5,5,1,2,2,2,2,2,2,3,4,2,3,1.307880298,-1.151634174,0.312433365,1,0,1,0,3,0,0,1,0,0,2,0,4,0,1,2,0,0,3,1,0,0,0,1,0,1,1,1,0,0,1,0,1,0,2,0,1,0,2,0,1,0,2,1,0,0,1,1,0,0,0,1
3056,14,4,1.049038857,0,62049,0,1,0,1,1,0,0,0,0,1,3,1,5,5,3,2,1,3,3,3,2,2,2,2,2,2,2,2,4,3,4,0.25792635,0.100734148,-0.687397949,0,0,0,1,4,0,0,1,0,0,2,0,4,0,1,2,0,1,2,0,0,0,0,1,0,-9,0,1,0,0,1,1,0,0,1,1,0,0,1,0,1,0,2,1,0,0,1,1,0,0,0,1
3058,44,4,0.527305028,0,37066,0,1,0,2,0,1,0,0,0,2,5,3,3,5,3,2,2,4,4,3,2,2,2,2,2,2,2,3,4,3,4,-0.331112911,-0.623471238,-0.956189769,1,0,1,0,3,0,0,1,0,0,2,0,4,1,0,1,0,1,2,0,1,0,0,0,1,-9,0,1,0,0,1,0,1,0,2,1,0,0,1,0,1,0,2,1,0,0,1,1,0,0,0,1
3063,1,4,1.095076323,0,36505,0,0,1,2,0,1,0,0,0,3,2,3,3,4,1,2,1,4,5,5,3,3,2,3,3,1,2,3,4,2,2,0.153556585,0.20515089,-0.198820918,1,0,0,1,4,0,0,0,1,0,2,0,2,1,0,1,0,1,2,0,0,0,0,1,0,1,1,1,0,0,1,1,0,0,1,1,0,0,1,1,0,0,1,1,0,0,1,1,0,0,0,1
3065,10,4,0.467108554,0,33917,0,1,0,3,0,0,1,0,0,3,5,3,2,3,2,3,3,5,5,5,2,2,2,2,2,2,2,2,3,1,1,1.271819772,-0.00179074,0.609443698,1,1,0,0,2,0,0,1,0,0,2,0,4,1,0,1,0,1,2,0,0,0,0,0,0,-9,0,1,0,0,1,1,0,0,1,0,1,0,2,0,0,1,3,1,0,0,1,0,1,0,0,2
3066,14,2,0.047834586,0,62226,0,1,0,1,1,0,0,0,0,1,4,3,1,4,1,1,1,5,5,5,1,1,1,1,3,1,1,3,2,2,4,-0.665194683,-1.239924303,1.056902433,1,0,0,1,4,0,0,1,0,0,2,0,4,1,0,1,1,0,1,0,1,0,1,0,0,-9,0,0,1,0,2,0,1,0,2,1,0,0,1,0,0,1,3,0,1,0,2,0,0,1,0,3
3067,31,2,0.955935183,0,7746,0,1,0,5,0,0,0,0,1,5,5,5,1,1,1,1,5,5,5,2,3,3,2,3,3,2,2,2,4,2,4,-2.216090883,-0.087745186,-0.59937144,1,0,0,1,4,0,1,1,0,0,2,0,4,0,0,3,0,1,2,0,0,0,0,1,0,-9,0,0,1,0,2,1,0,0,1,0,0,1,3,0,0,1,3,1,0,0,1,1,0,0,0,1
3068,42,4,0.811540876,0,29732,0,1,0,1,1,0,0,0,0,3,4,3,5,5,1,1,1,4,3,2,2,2,2,2,2,2,2,2,4,4,4,-1.208365172,0.025505148,-2.409665849,0,0,1,0,3,0,0,1,0,0,2,0,4,1,0,1,1,0,1,0,1,0,0,1,0,1,1,1,0,0,1,0,1,0,2,1,0,0,1,0,0,1,3,1,0,0,1,0,1,0,0,2
3069,10,4,0.802304822,0,32112,0,1,0,3,0,0,1,0,0,3,5,3,2,5,1,1,1,2,4,4,1,1,1,1,2,1,1,2,4,3,4,-0.210275528,-0.227055855,-0.388050376,1,0,0,1,4,0,0,1,0,0,2,0,4,1,0,1,0,1,2,0,0,0,0,1,0,-9,0,1,0,0,1,1,0,0,1,1,0,0,1,1,0,0,1,1,0,0,1,1,0,0,0,1
3071,24,2,8.596366679,0,55068,0,1,0,3,0,0,1,0,0,3,4,3,2,4,2,3,2,4,5,4,2,1,2,2,2,2,2,1,3,2,4,-1.072820225,-0.603179487,-0.698959818,1,0,1,0,3,0,1,1,0,0,2,0,4,0,0,3,0,1,2,0,0,0,0,1,0,-9,0,0,1,0,2,0,1,0,2,0,1,0,2,1,0,0,1,1,0,0,1,0,1,0,0,2
3073,33,4,7.328332624,0,10467,1,0,0,2,0,1,0,0,0,2,3,2,3,3,3,3,3,3,3,3,2,2,2,2,2,2,3,3,4,3,4,-0.497180034,-0.295737936,-0.48604644,1,0,1,0,3,0,0,0,1,0,2,0,2,1,0,1,0,0,3,0,1,0,0,0,1,0,0,0,0,1,3,0,0,1,3,1,0,0,1,1,0,0,1,0,0,1,3,0,0,1,0,3
3074,23,4,0.366353381,0,48328,0,1,0,3,0,0,1,0,0,3,6,3,3,4,2,2,1,2,3,3,2,2,2,2,2,3,2,2,3,3,3,-0.055562499,0.503487113,-1.187471163,0,0,0,1,4,1,1,1,0,0,2,0,4,1,0,1,0,0,3,0,0,0,0,1,0,-9,0,0,1,0,2,0,1,0,2,1,0,0,1,0,1,0,2,1,0,0,1,1,0,0,0,1
3078,33,4,0.050458448,0,14546,0,1,0,3,0,0,1,0,0,3,5,5,4,5,5,4,4,4,4,4,1,1,1,1,2,2,2,3,1,2,2,0.224160182,-1.104344708,-0.339138558,1,0,0,1,4,1,1,1,0,0,2,0,4,1,0,1,1,0,1,0,0,0,0,0,0,-9,0,1,0,0,1,1,0,0,1,0,1,0,2,0,0,1,3,1,0,0,1,1,0,0,0,1
3083,44,2,3.867316079,0,38375,0,0,1,3,0,0,1,0,0,2,5,4,4,4,2,2,3,5,4,5,2,2,2,2,2,2,2,2,4,2,2,0.211608709,-0.425688173,0.584097974,1,0,1,0,3,0,0,1,0,0,2,0,4,0,0,3,0,1,2,0,0,0,1,1,0,1,1,1,0,0,1,1,0,0,1,1,0,0,1,1,0,0,1,1,0,0,1,1,0,0,0,1
3087,19,4,3.080056015,0,71107,0,1,0,3,0,0,1,0,0,3,3,4,3,3,4,5,3,4,3,4,2,2,2,2,2,3,3,3,3,2,2,-0.62126071,0.378237395,-0.616309158,1,0,1,0,3,0,0,1,0,0,2,0,4,1,0,1,0,1,2,0,0,0,0,0,0,-9,0,1,0,0,1,1,0,0,1,0,1,0,2,0,1,0,2,1,0,0,1,1,0,0,0,1
3088,36,4,0.350728881,0,43609,0,1,0,2,0,1,0,0,0,3,4,3,3,4,2,5,2,4,2,2,1,3,1,2,2,3,3,3,2,1,1,0.565920128,1.132993025,0.555719198,1,0,0,1,4,0,0,0,1,0,2,0,2,1,0,1,1,0,1,0,1,0,0,0,1,-9,0,0,1,0,2,0,1,0,2,0,0,1,3,0,0,1,3,1,0,0,1,0,0,0,1,4
3091,42,2,1.379864081,0,29349,0,1,0,3,0,0,1,0,0,4,4,3,3,4,2,2,2,4,4,4,3,3,3,3,2,2,2,2,3,2,2,0.456813861,-0.667852232,-0.139219937,1,1,0,0,2,0,0,1,0,0,2,0,4,0,0,3,0,0,3,1,0,0,1,1,0,-9,0,1,0,0,1,1,0,0,1,1,0,0,1,0,1,0,2,1,0,0,1,1,0,0,0,1
3092,36,2,3.091195168,0,43950,0,1,0,3,0,0,1,0,0,1,5,3,1,5,3,3,4,4,4,4,2,2,2,2,2,2,2,2,2,2,2,0.386858066,-1.087004774,1.161691564,1,0,1,0,3,1,1,1,0,0,2,0,4,0,0,3,0,1,2,0,0,0,0,1,0,1,1,1,0,0,1,1,0,0,1,0,0,1,3,0,0,1,3,1,0,0,1,1,0,0,0,1
3094,23,4,0.616400716,0,48071,1,0,0,1,1,0,0,0,0,1,6,3,2,5,2,2,2,5,5,4,1,1,3,3,2,2,2,1,1,1,2,1.311833681,-1.648430495,0.475371703,1,0,1,0,3,0,0,1,0,0,2,0,4,0,1,2,0,1,2,0,0,0,0,1,0,-9,0,0,1,0,2,0,0,1,3,0,0,1,3,0,0,1,3,1,0,0,1,0,1,0,0,2
3095,31,4,0.862629082,0,8904,1,0,0,2,0,1,0,0,0,2,3,3,2,4,2,2,2,4,4,4,2,2,2,2,2,2,2,3,4,3,3,0.157064441,0.276640105,0.275679028,1,0,1,0,3,0,0,1,0,0,2,0,4,1,0,1,1,0,1,0,0,0,0,0,1,-9,0,0,0,1,3,0,0,1,3,1,0,0,1,0,1,0,2,0,1,0,2,0,0,0,1,4
3096,34,3,0.128409213,0,27313,0,1,0,3,0,0,1,0,0,1,3,4,3,5,3,4,3,4,3,3,3,3,3,3,2,2,2,3,2,2,3,0.066528008,-0.159996387,-0.585449322,1,1,0,0,2,0,0,1,0,0,2,0,4,1,0,1,0,0,3,0,1,0,0,1,1,-9,0,1,0,0,1,1,0,0,1,1,0,0,1,0,0,1,3,1,0,0,1,1,0,0,0,1
3097,23,4,1.378256802,0,49203,0,1,0,2,0,1,0,0,0,2,4,3,3,4,4,4,4,4,4,4,2,2,2,2,1,3,2,2,3,3,1,-0.393200699,-0.012313531,0.423834899,1,0,1,0,3,0,0,1,0,0,1,1,1,1,0,1,0,1,2,0,1,0,0,1,0,1,1,0,1,0,2,0,1,0,2,1,0,0,1,0,1,0,2,1,0,0,1,1,0,0,0,1
3098,8,4,0.868760816,0,19946,0,0,1,2,0,1,0,0,0,1,5,5,4,4,3,4,3,5,5,4,2,2,2,1,1,3,2,3,4,2,4,-1.279252499,-0.106128185,0.107502211,1,0,1,0,3,0,0,1,0,0,2,0,4,1,0,1,0,0,3,1,0,0,0,1,0,-9,0,1,0,0,1,1,0,0,1,0,1,0,2,1,0,0,1,1,0,0,1,1,0,0,0,1
3099,10,4,0.845025365,1,33634,1,0,0,5,0,0,0,0,1,4,5,5,5,5,1,1,3,5,3,1,2,2,2,2,2,2,2,2,1,2,4,-1.593264294,0.272059083,-1.157509166,1,0,1,0,3,1,1,1,0,0,2,0,4,1,0,1,0,1,2,0,0,0,0,1,0,-9,0,0,0,1,3,0,0,1,3,0,0,1,3,1,0,0,1,0,1,0,2,0,0,1,0,3
3105,36,2,0.877878105,0,45013,0,1,0,1,1,0,0,0,0,1,1,5,5,5,1,3,3,3,3,3,2,2,2,2,2,2,2,2,3,3,3,0.293071066,0.219734656,0.042232623,1,1,0,0,2,0,0,1,0,0,2,0,4,0,1,2,0,0,3,1,0,0,1,1,0,1,1,0,1,0,2,0,1,0,2,1,0,0,1,0,1,0,2,1,0,0,1,1,0,0,0,1
3108,26,4,0.016691231,0,65402,0,1,0,1,1,0,0,0,0,1,3,3,3,3,3,3,1,5,5,5,2,2,3,3,3,2,2,3,4,2,4,-0.753331356,0.092470444,0.369464607,1,1,0,0,2,0,0,1,0,0,2,0,4,1,0,1,0,0,3,1,0,0,0,0,0,-9,0,0,0,0,0,0,0,0,0,0,0,0,0,0,0,0,0,0,0,0,0,0,0,0,0,0
3110,5,2,3.212369713,1,91748,1,0,0,1,1,0,0,0,0,3,4,1,4,4,4,2,2,4,4,4,3,1,1,1,3,3,2,3,2,2,2,-0.342538814,-1.067347884,-1.467416663,1,0,1,0,3,0,0,0,0,1,2,0,3,1,0,1,1,0,1,0,0,1,1,1,0,1,1,0,0,1,3,0,0,1,3,0,1,0,2,0,0,1,3,1,0,0,1,0,0,0,1,4
3114,49,4,0.046037729,0,98922,0,0,1,5,0,0,0,0,1,3,5,5,2,5,4,5,4,4,5,5,2,1,1,2,2,2,2,2,3,3,3,0.195206095,0.357381833,0.332871494,1,0,1,0,3,0,0,1,0,0,2,0,4,1,0,1,0,0,3,0,1,0,0,0,0,1,1,0,0,0,0,0,0,0,0,0,0,0,0,0,0,0,0,0,0,0,0,0,0,0,0,0
3117,45,4,0.387601608,1,78227,0,1,0,2,0,1,0,0,0,2,2,1,3,4,1,1,1,1,3,3,2,1,2,2,2,2,2,3,4,2,4,-0.387687727,-0.141842475,-2.068326331,1,0,0,1,4,1,1,1,0,0,2,0,4,1,0,1,1,0,1,0,0,0,0,0,0,-9,0,0,0,1,3,0,1,0,2,0,0,1,3,0,1,0,2,1,0,0,1,0,0,1,0,3
3120,44,2,0.921166698,0,38551,0,0,1,3,0,0,1,0,0,3,4,3,4,4,3,4,4,4,4,3,2,2,2,2,1,3,2,3,3,3,2,-0.594074386,0.329389083,-0.439344765,1,0,1,0,3,1,1,1,0,0,2,0,4,1,0,1,1,0,1,0,0,0,1,0,0,-9,0,1,0,0,1,1,0,0,1,0,1,0,2,0,1,0,2,1,0,0,1,1,0,0,0,1
3121,11,4,0.994908793,0,31088,0,1,0,2,0,1,0,0,0,2,4,4,2,2,4,4,5,5,5,5,1,1,3,1,3,1,2,1,3,3,3,-0.27084535,0.748043717,-0.06186762,1,0,1,0,3,0,0,0,1,0,2,0,2,1,0,1,1,0,1,0,1,0,0,1,1,-9,0,1,0,0,1,0,1,0,2,0,1,0,2,0,0,1,3,1,0,0,1,1,0,0,0,1
3122,11,2,8.79272278,0,30344,0,1,0,4,0,0,0,1,0,3,5,4,5,5,3,2,3,2,2,3,2,2,2,2,2,2,2,2,3,3,3,-0.582869157,0.178551724,-1.112498211,1,0,1,0,3,0,0,0,1,0,2,0,2,0,1,2,1,0,1,1,0,1,1,0,0,1,1,0,1,0,2,0,1,0,2,0,1,0,2,0,0,1,3,0,0,1,3,0,0,1,0,3
3125,34,3,0.310788195,0,27909,0,1,0,2,0,1,0,0,0,1,5,0,5,5,1,1,1,1,1,1,2,2,2,1,1,1,2,1,4,4,4,-0.943948766,-1.350895197,-1.688419489,1,1,0,0,2,0,0,0,1,0,2,0,2,1,0,1,0,1,2,0,0,0,0,1,0,-9,0,1,0,0,1,0,1,0,2,1,0,0,1,0,0,1,3,1,0,0,1,0,1,0,0,2
3127,39,4,0.285153499,0,16502,1,0,0,2,0,1,0,0,0,2,2,2,2,5,3,3,1,4,4,3,1,1,1,1,1,1,1,3,3,2,3,0.028522512,-0.412190088,0.590590415,0,0,1,0,3,0,1,1,0,0,2,0,4,0,1,2,0,1,2,0,1,0,0,0,0,-9,0,0,0,1,3,0,0,1,3,1,0,0,1,0,0,1,3,1,0,0,1,0,0,0,1,4
3129,10,2,2.64881095,0,34984,0,1,0,3,0,0,1,0,0,3,3,4,2,4,3,4,3,4,4,3,2,2,2,2,2,2,2,2,3,3,4,0.360574837,-0.808193378,0.898432066,1,0,1,0,3,0,0,1,0,0,2,0,4,1,0,1,1,0,1,0,0,0,0,1,0,1,1,0,1,0,2,1,0,0,1,0,0,1,3,0,0,1,3,1,0,0,1,0,1,0,0,2
3132,34,2,1.151674728,0,27705,0,1,0,3,0,0,1,0,0,4,5,5,2,4,3,4,3,4,5,4,3,3,3,3,3,1,1,3,2,2,2,0.460611161,0.143073326,0.030297705,1,0,0,1,4,0,1,1,0,0,2,0,4,0,1,2,0,1,2,0,0,0,0,1,0,1,1,0,1,0,2,0,0,1,3,0,0,1,3,0,1,0,2,1,0,0,1,0,0,0,1,4
3133,10,4,0.310105501,0,32137,0,1,0,4,0,0,0,1,0,3,5,5,1,5,4,2,2,5,5,5,1,1,2,2,1,1,1,3,1,2,2,1.314142652,0.175849199,0.907322394,1,0,0,1,4,0,0,1,0,0,2,0,4,1,0,1,0,1,2,0,0,0,0,1,1,-9,0,1,0,0,1,1,0,0,1,0,0,1,3,0,1,0,2,1,0,0,1,1,0,0,0,1
3135,11,4,0.681985023,0,30314,1,0,0,3,0,0,1,0,0,3,4,4,2,5,4,2,4,4,4,4,1,1,1,1,1,1,1,1,1,1,1,-1.545314476,-0.991540904,-1.154522145,1,1,0,0,2,0,0,0,1,0,2,0,2,1,0,1,1,0,1,0,1,0,0,0,0,-9,0,0,0,1,3,0,0,1,3,1,0,0,1,0,1,0,2,0,0,1,3,0,0,0,1,4
3137,38,4,4.00E-10,0,97060,0,1,0,3,0,0,1,0,0,3,4,4,4,5,2,4,1,5,5,3,2,2,2,2,1,1,3,3,3,2,4,1.266069187,-1.979779378,0.778062676,1,0,1,0,3,0,0,1,0,0,2,0,4,1,0,1,1,0,1,0,1,0,0,0,0,-9,0,0,1,0,2,0,1,0,2,0,1,0,2,0,1,0,2,1,0,0,1,0,0,1,0,3
3139,26,4,0.28337859,0,63129,0,1,0,3,0,0,1,0,0,2,3,3,3,4,3,4,3,5,5,4,1,3,3,2,2,2,2,1,2,2,4,0.067445808,0.490021552,-0.325955102,1,0,0,1,4,1,1,1,0,0,2,0,4,0,1,2,0,1,2,0,0,0,0,1,0,1,1,0,1,0,2,0,1,0,2,0,1,0,2,0,0,1,3,1,0,0,1,0,1,0,0,2
3140,49,2,0.047501626,0,98444,0,1,0,2,0,1,0,0,0,2,4,4,4,4,4,4,5,4,4,4,3,3,3,3,2,3,3,3,2,1,2,0.258857631,0.622357571,-0.440957375,1,1,0,0,2,1,1,0,0,1,2,0,3,0,1,2,0,0,3,1,1,1,0,0,0,-9,0,0,0,1,3,0,1,0,2,0,0,1,3,0,1,0,2,0,1,0,2,0,0,0,1,4
3141,45,4,0.377429258,1,78244,0,1,0,3,0,0,1,0,0,2,4,5,2,5,2,2,2,5,4,5,1,1,1,1,1,1,1,3,2,2,2,0.074453815,-0.94715085,-1.366229243,1,0,1,0,3,1,1,1,0,0,2,0,4,1,0,1,0,1,2,0,0,0,0,1,0,-9,0,0,0,1,3,1,0,0,1,1,0,0,1,1,0,0,1,1,0,0,1,0,0,1,0,3
3142,34,2,1.046719173,0,27406,0,1,0,3,0,0,1,0,0,2,2,2,2,5,3,1,1,5,5,3,2,2,2,2,1,1,1,3,1,2,1,-1.200852288,-1.587515442,0.907290748,1,0,1,0,3,0,1,0,1,0,2,0,2,1,0,1,1,0,1,0,1,0,1,0,0,-9,0,0,1,0,2,0,1,0,2,0,0,1,3,0,1,0,2,1,0,0,1,1,0,0,0,1
3148,36,3,0.445273207,0,45616,0,0,1,4,0,0,0,1,0,1,5,5,3,5,5,3,3,5,5,5,1,1,1,1,1,1,1,3,1,1,1,-1.342612812,-0.518262,1.156195449,1,0,1,0,3,0,0,1,0,0,2,0,4,1,0,1,0,1,2,1,0,0,0,0,0,1,1,1,0,0,1,1,0,0,1,0,1,0,2,1,0,0,1,1,0,0,1,1,0,0,0,1
3149,44,2,1.010660247,0,57532,0,0,1,3,0,0,1,0,0,3,3,5,5,5,4,1,1,4,4,3,2,2,3,1,2,1,1,3,1,2,1,0.149377579,-0.055540068,-0.19354407,0,0,1,0,3,0,0,1,0,0,2,0,4,0,1,2,0,0,3,1,0,0,1,0,0,-9,0,1,0,0,1,1,0,0,1,1,0,0,1,0,0,1,3,1,0,0,1,1,0,0,0,1
3150,39,2,1.283228697,0,19015,1,0,0,3,0,0,1,0,0,2,4,4,2,5,1,1,1,4,5,4,1,1,1,2,1,3,1,3,1,3,1,1.242887681,-1.204478244,0.528163261,0,0,0,1,4,1,1,1,0,0,2,0,4,0,0,3,0,0,3,1,0,0,1,1,0,-9,0,0,0,1,3,0,0,1,3,1,0,0,1,1,0,0,1,0,1,0,2,0,0,1,0,3
3151,18,2,1.659348691,0,40272,0,1,0,2,0,1,0,0,0,2,5,4,3,5,1,1,1,3,3,3,1,1,2,1,2,2,2,3,4,2,3,0.072981334,-0.374782028,-0.187119956,0,0,0,1,4,0,0,1,0,0,2,0,4,0,0,3,0,0,3,0,1,0,1,1,0,1,1,1,0,0,1,1,0,0,1,0,1,0,2,0,0,1,3,1,0,0,1,0,1,0,0,2
3152,24,2,1.478130257,0,55363,0,1,0,2,0,1,0,0,0,3,3,3,2,4,4,4,2,4,4,4,1,1,1,1,3,3,1,3,2,2,2,1.564019913,-0.490609816,0.481580526,1,0,1,0,3,0,0,1,0,0,2,0,4,0,1,2,1,0,1,0,0,0,1,0,0,-9,0,0,0,0,0,0,0,0,0,0,0,0,0,0,0,0,0,0,0,0,0,0,0,0,0,0
3153,18,4,0.727164732,0,40813,0,0,1,3,0,0,1,0,0,3,5,5,3,3,3,3,1,4,5,3,1,1,1,1,2,1,1,2,1,3,3,1.049531509,-0.350778927,-0.618074291,1,0,1,0,3,0,0,1,0,0,2,0,4,1,0,1,0,0,3,1,0,0,0,1,0,1,1,1,0,0,1,1,0,0,1,1,0,0,1,1,0,0,1,1,0,0,1,1,0,0,0,1
3157,34,4,0.482421142,0,28425,0,0,1,2,0,1,0,0,0,4,5,4,3,4,2,4,1,4,4,4,1,1,1,1,3,2,2,2,1,2,2,-0.286244592,-0.798213869,0.300611896,1,0,1,0,3,0,0,1,0,0,2,0,4,1,0,1,0,0,3,1,1,0,0,0,0,1,1,1,0,0,1,1,0,0,1,0,1,0,2,0,0,1,3,1,0,0,1,1,0,0,0,1
3158,45,2,0.948128674,1,75248,1,0,0,2,0,1,0,0,0,3,3,4,4,3,4,2,1,5,5,5,1,2,2,2,2,3,2,2,4,2,3,0.988715627,-0.195792354,0.599159331,0,0,1,0,3,0,0,1,0,0,2,0,4,0,1,2,0,1,2,0,0,1,1,0,0,1,1,0,0,1,3,0,0,1,3,0,0,1,3,0,0,1,3,1,0,0,1,0,0,0,1,4
3159,14,2,0.867394707,0,60621,0,1,0,3,0,0,1,0,0,3,6,3,2,5,1,5,1,5,3,3,1,1,1,1,3,1,1,3,2,2,3,-0.925169324,-0.548471481,-0.287588846,1,0,1,0,3,0,0,0,1,0,2,0,2,0,1,2,0,0,3,1,0,0,1,1,0,1,1,0,0,1,3,0,1,0,2,0,0,1,3,1,0,0,1,0,0,1,3,0,0,1,0,3
3160,28,2,3.0287887,0,68801,0,1,0,4,0,0,0,1,0,2,5,3,4,4,1,5,1,5,4,4,1,1,3,1,1,1,2,3,2,2,3,0.654722002,-1.193616332,-0.499659108,1,0,1,0,3,0,0,1,0,0,2,0,4,1,0,1,1,0,1,0,0,0,0,0,0,-9,0,0,1,0,2,0,1,0,2,1,0,0,1,1,0,0,1,1,0,0,1,0,1,0,0,2
3161,11,4,0.420488166,0,31779,0,0,1,3,0,0,1,0,0,3,3,3,3,4,4,4,4,4,4,3,2,2,2,2,2,2,2,2,3,3,4,-1.620489996,-0.992765897,-0.670702186,1,0,0,0,1,0,0,1,0,0,2,0,4,1,0,1,0,1,2,0,0,0,0,0,0,-9,0,1,0,0,1,1,0,0,1,0,1,0,2,1,0,0,1,1,0,0,1,1,0,0,0,1
3164,5,4,0.091467322,1,95638,0,0,1,3,0,0,1,0,0,2,5,5,5,5,2,2,4,4,5,5,2,2,2,3,3,2,2,3,2,2,3,-0.311291043,-0.657493417,-0.797164899,1,0,0,1,4,0,0,1,0,0,2,0,4,0,1,2,0,1,2,0,0,0,0,1,0,-9,0,1,0,0,1,1,0,0,1,0,1,0,2,1,0,0,1,1,0,0,1,1,0,0,0,1
3169,38,4,1.22E-07,0,97386,0,1,0,3,0,0,1,0,0,2,4,4,2,4,2,5,2,2,5,5,1,1,1,1,2,2,2,3,1,1,3,1.088896682,-0.011943493,-0.376483364,1,0,1,0,3,0,0,1,0,0,2,0,4,1,0,1,1,0,1,0,1,0,0,0,0,-9,0,1,0,0,1,1,0,0,1,1,0,0,1,1,0,0,1,1,0,0,1,0,1,0,0,2
3170,31,2,1.33574598,0,8405,0,0,0,3,0,0,1,0,0,2,4,3,3,3,2,1,4,3,3,2,1,3,2,2,3,2,2,2,4,3,2,-1.538851598,0.28890437,-0.680273132,0,1,0,0,2,0,0,1,0,0,2,0,4,0,1,2,0,0,3,1,1,1,0,0,0,1,1,0,0,0,0,0,0,0,0,0,0,0,0,0,0,0,0,0,0,0,0,0,0,0,0,0
3171,6,4,0.000114831,0,80501,1,0,0,3,0,0,1,0,0,3,5,3,3,5,3,4,2,4,4,1,1,3,3,2,2,3,1,3,2,2,4,0.246034586,-0.982185567,-1.23044394,1,0,1,0,3,0,0,1,0,0,1,1,1,1,0,1,0,1,2,0,1,0,0,1,1,-9,0,0,0,1,3,0,0,1,3,1,0,0,1,0,0,1,3,1,0,0,1,0,0,0,1,4
3174,33,2,10.17526267,0,13760,0,1,0,3,0,0,1,0,0,3,3,3,3,3,1,1,2,4,4,3,2,3,2,3,1,2,2,2,4,3,4,0.691167633,-1.08099825,-1.438712091,1,0,0,1,4,0,0,1,0,0,2,0,4,0,0,3,0,1,2,0,1,0,1,0,0,0,0,0,1,0,2,0,1,0,2,0,1,0,2,0,0,1,3,1,0,0,1,1,0,0,0,1
3177,21,4,0.774282773,0,20906,0,1,0,3,0,0,1,0,0,3,2,5,1,2,2,5,5,3,5,3,1,1,1,1,3,1,1,2,2,2,2,0.684010728,0.007438977,-0.949470722,0,0,0,1,4,1,1,1,0,0,2,0,4,0,1,2,1,0,1,0,0,0,0,0,0,1,1,0,0,1,3,0,1,0,2,0,0,1,3,1,0,0,1,0,1,0,2,0,0,1,0,3
3180,39,3,0.345209717,0,19132,1,0,0,4,0,0,0,1,0,1,2,5,5,5,5,5,1,4,4,5,2,2,1,2,2,2,2,2,3,3,3,1.032817793,0.761144817,0.634747279,0,0,0,0,1,0,0,0,1,0,2,0,2,1,0,1,1,0,1,0,1,0,0,0,1,1,1,0,0,1,3,0,0,1,3,1,0,0,1,1,0,0,1,0,0,1,3,0,0,0,1,4
3185,33,4,0.439882562,0,14219,0,1,0,2,0,1,0,0,0,3,4,4,2,5,3,3,2,3,4,3,1,3,2,2,1,2,2,3,4,3,4,1.002166682,-0.328546977,0.136366005,1,0,0,1,4,0,0,1,0,0,2,0,4,1,0,1,1,0,1,0,0,0,0,1,0,1,1,0,1,0,2,0,1,0,2,0,0,1,3,0,0,1,3,1,0,0,1,0,0,1,0,3
3186,23,4,1.171911313,0,49002,0,1,0,2,0,1,0,0,0,2,5,4,4,5,2,4,4,5,5,3,2,2,2,2,2,2,2,2,3,2,3,1.378292132,-0.71607053,1.182810162,1,0,0,1,4,0,0,1,0,0,2,0,4,1,0,1,1,0,1,0,0,0,0,1,0,-9,0,0,1,0,2,0,1,0,2,0,1,0,2,0,1,0,2,1,0,0,1,1,0,0,0,1
3189,10,4,0.862853472,0,32159,0,1,0,2,0,1,0,0,0,2,5,3,2,4,3,4,4,4,4,4,2,2,2,2,2,2,2,2,3,3,3,1.433668572,-0.582840537,-0.181320944,1,0,1,1,4,0,0,1,0,0,2,0,4,1,0,1,1,0,1,0,0,0,0,1,0,1,1,1,0,0,1,0,1,0,2,0,1,0,2,1,0,0,1,1,0,0,1,1,0,0,0,1
3190,34,4,0.643509085,0,27295,0,1,0,2,0,1,0,0,0,2,2,4,4,4,4,4,3,3,4,4,1,1,1,1,1,1,1,3,1,1,1,0.729054462,-0.216731028,0.606189655,1,1,0,0,2,0,0,1,0,0,2,0,4,1,0,1,0,0,3,1,0,0,0,0,0,-9,0,1,0,0,1,1,0,0,1,0,1,0,2,0,1,0,2,1,0,0,1,1,0,0,0,1
3191,34,4,1.54309988,0,27214,0,1,0,2,0,1,0,0,0,1,5,4,2,3,4,3,3,5,5,3,1,3,3,3,2,2,2,3,4,2,2,-0.258557319,1.004425502,0.01700796,1,0,1,1,4,1,1,1,0,0,2,0,4,0,0,3,0,0,3,0,0,0,0,1,0,-9,0,1,0,0,1,1,0,0,1,0,1,0,2,1,0,0,1,1,0,0,1,1,0,0,0,1
3193,39,4,0.331479752,0,16412,0,1,0,3,0,0,1,0,0,2,5,3,3,3,3,3,3,3,3,3,2,2,2,2,2,2,2,2,3,3,3,-0.124123321,0.228923443,-1.436328274,0,1,0,0,2,0,0,1,0,0,2,0,4,1,0,1,1,0,1,0,1,0,0,1,0,-9,0,1,0,0,1,1,0,0,1,1,0,0,1,1,0,0,1,1,0,0,1,0,1,0,0,2
3196,34,2,2.453087858,0,29650,0,1,0,2,0,1,0,0,0,2,3,2,3,3,2,2,2,3,3,3,2,2,2,2,2,2,2,2,4,3,3,1.079569056,0.664485614,0.140840795,0,0,1,0,3,0,0,1,0,0,2,0,4,1,0,1,1,0,1,0,0,0,0,1,0,1,1,1,0,0,1,0,1,0,2,0,1,0,2,0,0,1,3,1,0,0,1,0,1,0,0,2
3197,10,4,0.851144612,0,34610,0,1,0,3,0,0,1,0,0,2,5,4,2,4,1,1,1,5,5,4,1,1,1,1,2,2,1,2,1,1,1,0.59661885,-0.749402726,1.253582129,1,0,1,0,3,0,0,1,0,0,2,0,4,1,0,1,1,0,1,0,0,0,0,1,0,1,1,1,0,0,1,1,0,0,1,0,1,0,2,0,1,0,2,1,0,0,1,1,0,0,0,1
3199,45,2,2.951463362,0,76904,0,1,0,4,0,0,0,1,0,2,3,3,1,5,3,2,2,4,5,5,1,1,1,1,1,1,1,3,1,2,2,-0.034981649,1.40942434,0.465814887,1,1,0,0,2,0,0,1,0,0,1,1,1,0,1,2,0,0,3,1,0,1,1,1,0,1,1,0,1,0,2,0,1,0,2,0,0,1,3,0,0,1,3,1,0,0,1,1,0,0,0,1
3200,39,4,0.239549409,0,18822,0,1,0,1,1,0,0,0,0,1,4,2,5,5,5,1,1,5,5,3,1,1,1,1,2,2,2,2,4,3,4,0.835692551,-1.989524505,0.315536858,1,1,0,0,2,0,0,1,0,0,2,0,4,1,0,1,0,0,3,0,0,0,0,1,0,-9,0,1,0,0,1,1,0,0,1,1,0,0,1,0,0,1,3,1,0,0,1,1,0,0,0,1
3203,5,1,3.731913881,0,93105,0,1,0,2,0,1,0,0,0,3,4,3,4,2,3,4,3,5,4,4,2,2,1,3,3,3,2,1,3,3,3,-0.577240284,0.545009744,0.122678513,1,0,0,0,1,0,0,1,0,0,2,0,4,0,0,3,0,1,2,0,0,0,1,0,0,-9,0,0,1,0,2,0,0,1,3,0,0,1,3,0,0,1,3,1,0,0,1,0,1,0,0,2
3206,18,4,4.718539772,0,40203,1,0,0,3,0,0,1,0,0,3,3,2,3,5,1,1,1,5,4,1,2,2,2,2,1,3,2,2,4,2,4,0.03529355,-1.451518311,-1.87360274,1,0,1,0,3,0,0,0,1,0,2,0,2,1,0,1,1,0,1,0,0,0,0,0,1,-9,0,0,0,1,3,0,0,1,3,0,0,1,3,0,0,1,3,1,0,0,1,0,0,0,1,4
3208,45,4,0.368897046,0,78884,0,1,0,1,1,0,0,0,0,2,5,3,4,4,2,3,1,3,4,4,2,2,2,2,2,2,2,2,3,3,3,-0.445983454,0.172003338,0.367930254,0,0,0,1,4,0,0,1,0,0,2,0,4,1,0,1,1,0,1,0,0,0,0,1,0,0,0,1,0,0,1,1,0,0,1,0,1,0,2,0,0,1,3,1,0,0,1,1,0,0,0,1
3210,45,4,0.500461924,1,77360,0,1,0,2,0,1,0,0,0,3,5,3,2,4,2,4,3,4,4,4,2,3,2,3,2,2,2,2,2,2,2,0.380929925,-0.404447468,-0.013769974,0,0,0,1,4,1,1,1,0,0,2,0,4,0,1,2,0,0,3,1,0,0,0,1,0,-9,0,1,0,0,1,1,0,0,1,0,1,0,2,1,0,0,1,1,0,0,1,1,0,0,0,1
3211,3,4,8.40E-05,1,85742,0,1,0,3,0,0,1,0,0,2,4,3,4,4,1,1,1,5,4,4,1,1,1,1,2,2,2,3,1,2,2,-0.075111518,0.337063506,0.081446679,1,0,0,1,4,0,0,1,0,0,2,0,4,1,0,1,0,1,2,0,0,0,0,1,0,-9,0,0,1,0,2,1,0,0,1,0,1,0,2,1,0,0,1,1,0,0,1,1,0,0,0,1
3215,10,4,0.295389374,1,33635,0,1,0,1,1,0,0,0,0,2,4,1,5,4,2,2,1,3,4,4,1,3,1,1,2,1,1,3,1,2,1,-0.161490794,0.180540684,-0.11371152,0,0,0,1,4,0,1,1,0,0,2,0,4,1,0,1,0,1,2,0,1,0,0,1,0,-9,0,0,1,0,2,1,0,0,1,0,0,1,3,1,0,0,1,1,0,0,1,1,0,0,0,1
3221,23,4,0.752548032,0,49437,0,1,0,2,0,1,0,0,0,1,4,3,2,4,2,4,2,4,4,2,3,3,2,1,3,2,2,2,3,2,2,0.250660528,-1.33364563,0.056331717,1,0,0,1,4,0,0,1,0,0,2,0,4,0,1,2,0,1,2,0,0,0,0,1,0,0,0,1,0,0,1,1,0,0,1,0,1,0,2,0,1,0,2,1,0,0,1,1,0,0,0,1
3222,14,4,2.455470538,0,60139,1,0,0,3,0,0,1,0,0,3,3,3,3,3,2,2,2,3,3,3,2,2,2,2,2,2,2,2,3,3,4,0.099772276,-0.187556004,-0.555013956,1,0,0,1,4,0,0,1,0,0,2,0,4,0,0,3,0,1,2,0,0,0,0,1,0,-9,0,0,0,1,3,0,0,1,3,0,1,0,2,0,1,0,2,1,0,0,1,0,0,1,0,3
3223,11,4,0.616978099,0,30904,0,1,0,3,0,0,1,0,0,3,4,4,2,3,2,2,1,4,4,3,2,3,2,3,3,2,2,1,2,2,4,0.64617903,-0.11224657,-0.049838316,0,0,0,1,4,0,0,1,0,0,2,0,4,1,0,1,0,1,2,0,0,0,0,1,0,-9,0,0,1,0,2,0,1,0,2,0,1,0,2,0,0,1,3,1,0,0,1,0,1,0,0,2
3226,36,1,0.9255942,0,43228,0,1,0,3,0,0,1,0,0,1,4,2,4,3,1,1,1,4,5,2,2,3,1,3,1,3,2,3,1,2,2,-0.078562074,0.095590607,0.738072,1,0,0,0,1,0,0,0,0,0,2,0,5,1,0,1,0,1,2,0,0,0,1,0,0,1,1,0,0,1,3,0,1,0,2,0,0,1,3,0,1,0,2,1,0,0,1,0,0,1,0,3
3227,5,2,0.018822358,0,95501,1,0,0,3,0,0,1,0,0,3,3,4,3,4,3,3,3,5,5,3,1,1,2,2,2,2,2,2,4,3,4,-0.379517399,-0.642258209,0.243463286,1,1,0,0,2,1,1,1,0,0,2,0,4,0,1,2,0,0,3,1,0,0,1,1,0,-9,0,0,0,1,3,0,0,1,3,1,0,0,1,0,0,1,3,1,0,0,1,0,0,0,1,4
3228,11,3,0.165118952,0,31705,0,1,0,2,0,1,0,0,0,3,2,2,5,3,3,3,3,3,3,3,1,1,1,1,1,1,1,1,1,1,1,-1.058241281,0.278782506,-1.374189561,1,1,0,0,2,0,0,0,1,0,2,0,2,1,0,1,0,0,3,0,0,0,0,1,1,1,1,1,0,0,1,1,0,0,1,0,0,1,3,0,1,0,2,1,0,0,1,1,0,0,0,1
3231,21,2,1.789179909,0,20906,0,1,0,1,1,0,0,0,0,1,4,1,5,5,1,3,1,4,4,4,1,3,2,3,3,1,1,3,3,2,2,1.089002262,0.467015931,-0.031622171,1,0,0,1,4,0,0,1,0,0,2,0,4,0,1,2,0,1,2,0,0,0,1,0,0,-9,0,0,0,1,3,0,1,0,2,0,0,1,3,1,0,0,1,0,1,0,2,0,0,1,0,3
3232,33,4,0.192756578,0,14221,0,1,0,2,0,1,0,0,0,2,6,3,2,4,3,4,3,3,5,3,2,1,2,1,1,1,1,3,3,2,3,1.483676412,0.548647416,-1.336527717,1,0,0,1,4,0,1,1,0,0,2,0,4,1,0,1,1,0,1,0,1,0,0,0,0,-9,0,0,1,0,2,0,0,1,3,0,1,0,2,0,0,1,3,1,0,0,1,0,0,1,0,3
3233,25,2,0.82426923,0,38858,0,0,1,1,1,0,0,0,0,1,5,2,2,5,3,3,3,4,5,3,2,2,2,2,1,2,2,2,3,3,3,0.562687254,-0.208964684,-0.301973214,1,0,1,0,3,0,0,1,0,0,2,0,4,1,0,1,0,0,3,0,0,0,1,1,0,-9,0,1,0,0,1,1,0,0,1,1,0,0,1,1,0,0,1,1,0,0,1,1,0,0,0,1
3235,25,4,0.652202006,0,39203,0,1,0,2,0,1,0,0,0,2,4,5,3,5,2,2,2,2,4,4,2,2,2,2,2,2,2,1,2,2,4,1.011206611,-0.647887022,0.332574354,0,0,0,1,4,0,0,1,0,0,2,0,4,1,0,1,1,0,1,0,0,0,0,1,0,-9,0,0,1,0,2,0,1,0,2,1,0,0,1,0,0,1,3,1,0,0,1,0,0,0,1,4
3236,12,4,0.000118913,0,96818,0,1,0,1,1,0,0,0,0,1,4,1,4,5,2,1,1,4,5,2,2,2,3,2,2,2,2,3,3,3,3,-1.41977683,-2.283871304,-0.226112865,1,1,0,0,2,0,0,0,1,0,2,0,2,1,0,1,0,0,3,0,0,0,0,1,0,-9,0,0,0,1,3,0,1,0,2,0,0,1,3,0,1,0,2,1,0,0,1,0,0,0,1,4
3237,34,4,0.216541546,0,28146,0,1,0,2,0,1,0,0,0,3,4,3,2,5,2,3,2,4,4,3,1,1,2,1,3,3,2,3,3,2,4,-0.722473731,-0.572867127,-0.693263417,1,1,0,0,2,0,0,1,0,0,2,0,4,1,0,1,0,0,3,1,0,0,0,1,0,-9,0,1,0,0,1,1,0,0,1,0,1,0,2,0,1,0,2,1,0,0,1,1,0,0,0,1
3241,39,4,0.088098259,0,17512,0,1,0,3,0,0,1,0,0,4,4,4,2,5,2,4,1,5,5,3,2,2,2,2,1,2,2,1,1,1,4,0.250209159,-0.150553792,-0.065727901,1,0,0,1,4,0,0,1,0,0,2,0,4,1,0,1,0,1,2,0,1,0,0,0,0,-9,0,0,1,0,2,0,1,0,2,0,0,1,3,0,0,1,3,1,0,0,1,0,0,1,0,3
3246,35,4,0.908278818,0,58501,0,1,0,1,1,0,0,0,0,1,6,1,5,3,1,1,1,2,3,3,2,2,2,2,2,2,2,2,4,3,4,1.113480496,-0.496125029,0.004208054,1,0,0,1,4,0,0,1,0,0,2,0,4,0,1,2,0,1,2,0,0,0,0,1,0,-9,0,0,1,0,2,0,0,1,3,1,0,0,1,0,1,0,2,1,0,0,1,0,1,0,0,2
3247,45,2,1.637367438,1,76022,0,1,0,5,0,0,0,0,1,5,5,5,3,3,3,4,4,5,4,5,1,2,1,1,2,1,1,2,3,3,3,0.801073873,1.059635904,0.67960678,1,0,0,1,4,0,0,1,0,0,2,0,4,0,1,2,0,0,3,0,0,0,1,0,0,1,1,0,1,0,2,0,1,0,2,0,0,1,3,1,0,0,1,1,0,0,1,0,1,0,0,2
3248,36,2,3.091195168,0,45011,0,1,0,4,0,0,0,1,0,2,4,4,2,5,1,2,1,4,5,4,2,3,2,2,2,2,2,3,3,3,3,-1.254583401,1.271404497,1.315616274,1,0,1,0,3,0,1,1,0,0,2,0,4,0,0,3,0,1,2,0,0,0,1,1,0,-9,0,0,1,0,2,0,1,0,2,0,1,0,2,0,1,0,2,1,0,0,1,0,0,1,0,3
3249,19,4,1.499680268,0,71103,0,1,0,4,0,0,0,1,0,3,5,5,4,2,5,5,5,5,5,5,3,3,1,3,3,3,1,3,2,2,2,1.005878216,0.774428783,0.944774317,0,0,1,0,3,0,0,0,1,0,2,0,2,1,0,1,1,0,1,0,1,0,0,0,0,-9,0,1,0,0,1,0,0,1,3,0,0,1,3,0,0,1,3,1,0,0,1,1,0,0,0,1
3251,19,2,0.808208106,0,70601,0,1,0,3,0,0,1,0,0,2,4,5,2,5,5,5,5,5,5,5,1,3,1,1,1,1,1,3,2,2,4,1.173233674,-0.223583981,0.47310401,0,0,1,0,3,0,0,1,0,0,1,1,1,1,0,1,0,0,3,0,0,0,0,1,0,1,1,0,1,0,2,0,0,1,3,0,1,0,2,0,0,1,3,1,0,0,1,0,1,0,0,2
3252,26,4,0.244600309,0,65582,0,0,1,1,1,0,0,0,0,1,1,5,5,5,1,1,1,3,5,3,1,1,1,2,2,2,2,2,1,3,4,-0.53782571,-1.103288751,1.246578691,1,0,1,0,3,0,0,1,0,0,2,0,4,1,0,1,0,0,3,0,0,0,0,1,0,-9,0,1,0,0,1,1,0,0,1,1,0,0,1,1,0,0,1,1,0,0,1,1,0,0,0,1
3253,45,4,0.148090971,0,76661,0,1,0,2,0,1,0,0,0,2,5,5,2,4,1,3,2,4,2,2,2,2,2,2,3,3,2,3,2,2,4,-0.687483706,-0.42257051,0.188813041,1,0,0,1,4,0,0,1,0,0,2,0,4,1,0,1,0,0,3,0,1,0,0,1,0,1,1,1,0,0,1,1,0,0,1,0,0,1,3,1,0,0,1,1,0,0,1,1,0,0,0,1
3255,33,2,6.17230894,0,94109,1,0,0,1,1,0,0,0,0,1,2,2,3,3,3,2,3,4,5,4,2,1,1,1,3,1,2,1,1,2,2,0.558508852,-0.202879681,0.586628757,1,0,0,0,1,0,1,1,0,0,2,0,4,0,0,3,1,0,1,0,0,0,0,0,0,1,1,0,0,1,3,0,0,1,3,1,0,0,1,0,0,1,3,0,0,1,3,0,0,0,1,4
3260,18,4,0.373093208,0,40601,0,1,0,2,0,1,0,0,0,2,4,3,4,3,2,2,2,4,4,4,2,2,2,2,2,2,2,2,4,3,4,0.112927802,-1.529762024,-0.922355497,1,1,0,0,2,0,0,1,0,0,2,0,4,1,0,1,0,1,2,0,0,0,0,1,0,1,1,0,1,0,2,0,0,1,3,0,0,1,3,1,0,0,1,1,0,0,1,0,1,0,0,2
3262,45,4,0.398899905,1,78745,1,0,0,2,0,1,0,0,0,2,2,2,3,4,4,4,2,5,5,4,1,1,1,1,1,3,3,3,1,2,2,-0.315651911,0.317004338,-0.292322545,0,0,1,0,3,0,0,1,0,0,2,0,4,1,0,1,0,1,2,0,0,0,0,0,0,1,1,0,0,1,3,0,1,0,2,0,0,1,3,0,0,1,3,1,0,0,1,0,0,1,0,3
3265,10,4,1.417207393,1,33511,0,1,0,2,0,1,0,0,0,2,4,3,3,4,3,3,4,4,4,4,1,1,1,1,2,3,2,3,2,2,4,0.468847457,0.997216339,0.343522583,1,0,0,1,4,0,0,1,0,0,2,0,4,0,1,2,0,1,2,0,0,0,0,1,0,-9,0,0,1,0,2,0,0,1,3,0,0,1,3,0,1,0,2,1,0,0,1,0,1,0,0,2
3266,45,4,0.305127165,1,75601,0,1,0,2,0,1,0,0,0,3,5,4,2,5,4,4,1,4,5,3,2,1,2,1,1,1,3,3,3,2,3,1.188947715,-1.018867095,-0.208567611,1,0,0,1,4,0,0,1,0,0,2,0,4,1,0,1,1,0,1,0,1,0,0,0,1,1,1,1,0,0,1,0,1,0,2,0,1,0,2,0,1,0,2,1,0,0,1,0,1,0,0,2
3267,10,4,0.229989213,0,34208,0,1,0,3,0,0,1,0,0,2,4,3,4,5,3,3,4,4,5,4,2,2,2,2,2,2,2,2,3,2,2,0.800850653,-0.203076907,0.052461247,0,0,0,1,4,0,0,1,0,0,2,0,4,1,0,1,0,1,2,0,1,0,0,1,0,1,1,0,1,0,2,0,1,0,2,0,0,1,3,0,0,1,3,1,0,0,1,0,0,1,0,3
3268,13,4,0.001602702,0,83686,0,1,0,2,0,1,0,0,0,2,4,5,2,5,2,1,1,4,4,1,2,2,2,2,3,2,3,2,2,2,2,0.421428942,0.057055023,-0.10450828,1,0,0,1,4,0,0,1,0,0,2,0,4,1,0,1,1,0,1,0,0,0,0,0,0,-9,0,1,0,0,1,1,0,0,1,1,0,0,1,1,0,0,1,1,0,0,1,0,1,0,0,2
3271,22,4,0.206474921,0,2090,0,1,0,2,0,1,0,0,0,3,3,4,3,4,1,4,4,4,4,4,3,3,1,1,2,1,1,1,4,4,1,0.695611879,0.805357609,0.198228342,1,0,0,1,4,0,0,1,0,0,2,0,4,1,0,1,0,0,3,0,0,0,0,0,0,1,1,1,0,0,1,0,1,0,2,0,0,1,3,0,0,1,3,0,0,1,3,0,1,0,0,2
3272,21,4,0.878060901,0,21229,0,1,0,4,0,0,0,1,0,3,3,3,3,5,2,1,3,5,5,4,2,2,2,2,2,2,2,3,4,2,4,-0.181885117,-1.108835269,-0.437696507,1,0,0,1,4,1,1,1,0,0,2,0,4,0,0,3,0,0,3,0,0,0,0,0,0,-9,0,0,0,1,3,0,1,0,2,1,0,0,1,1,0,0,1,1,0,0,1,0,0,1,0,3
3275,11,4,0.788334336,0,30132,0,1,0,2,0,1,0,0,0,2,4,4,4,5,4,4,1,5,5,4,2,2,2,2,3,2,2,3,3,2,3,1.228323898,-0.166843964,-0.257169592,1,0,1,0,3,0,0,1,0,0,2,0,4,1,0,1,0,1,2,0,0,0,0,1,0,1,1,1,0,0,1,1,0,0,1,1,0,0,1,1,0,0,1,1,0,0,1,1,0,0,0,1
3277,34,4,2.408904461,0,27610,0,1,0,4,0,0,0,1,0,2,2,4,5,4,4,3,4,3,4,4,3,3,2,3,3,2,2,2,2,3,2,0.288602078,0.499916425,-0.734218761,0,1,0,0,2,0,1,1,0,0,2,0,4,0,0,3,0,0,3,1,0,0,0,0,0,-9,0,0,1,0,2,0,0,1,3,0,0,1,3,0,1,0,2,1,0,0,1,0,0,1,0,3
3279,52,2,0.019352446,0,82070,0,1,0,2,0,1,0,0,0,2,4,2,4,3,1,1,1,4,3,3,2,2,2,2,2,2,2,2,4,3,4,0.233530978,0.152916923,-0.177412063,0,0,1,0,3,0,0,1,0,0,2,0,4,0,1,2,0,0,3,0,0,0,0,1,0,-9,0,0,1,0,2,0,1,0,2,0,1,0,2,0,0,1,3,1,0,0,1,0,1,0,0,2
3280,1,4,0.418366486,0,35768,0,1,0,3,0,0,1,0,0,2,1,2,4,4,1,1,1,5,5,3,2,2,2,2,3,2,2,2,1,4,1,-0.974465502,-1.529603317,0.443379331,1,0,1,0,3,0,0,1,0,0,2,0,4,1,0,1,0,1,2,0,0,0,0,0,0,-9,0,1,0,0,1,0,1,0,2,0,1,0,2,0,1,0,2,1,0,0,1,1,0,0,0,1
3281,26,4,1.773105216,0,63010,0,1,0,3,0,0,1,0,0,3,5,4,2,3,2,4,4,5,5,5,1,1,2,2,2,2,2,3,2,2,2,-0.338416669,-2.002913383,-0.748531641,1,0,1,0,3,0,0,1,0,0,2,0,4,0,1,2,1,0,1,0,1,0,0,0,0,-9,0,1,0,0,1,1,0,0,1,0,1,0,2,0,1,0,2,1,0,0,1,0,1,0,0,2
3282,17,4,0.377130312,0,66046,0,1,0,4,0,0,0,1,0,5,6,3,1,5,1,1,3,4,5,3,2,2,2,2,2,2,2,2,3,3,4,-0.790183727,0.158237911,-1.205961498,1,0,0,1,4,0,0,1,0,0,2,0,4,0,1,2,0,0,3,0,0,0,0,1,0,-9,0,1,0,0,1,0,1,0,2,0,1,0,2,0,1,0,2,1,0,0,1,0,1,0,0,2
3284,18,2,0.475124117,0,42345,0,1,0,2,0,1,0,0,0,3,5,3,3,2,1,1,1,3,4,4,1,1,1,1,3,1,1,3,1,2,3,0.078773735,-0.389062124,0.97724185,1,1,0,0,2,0,0,1,0,0,2,0,4,1,0,1,0,1,2,0,0,1,1,1,0,1,1,1,0,0,1,1,0,0,1,0,1,0,2,0,1,0,2,1,0,0,1,1,0,0,0,1
3286,39,4,1.092049029,0,18951,0,1,0,2,0,1,0,0,0,1,4,3,1,3,2,3,2,4,4,4,2,2,2,2,2,2,2,2,4,3,3,0.28145622,0.870633666,0.019994049,1,0,0,1,4,0,1,1,0,0,2,0,4,0,0,3,0,1,2,0,0,0,0,1,0,1,1,1,0,0,1,0,1,0,2,1,0,0,1,0,0,1,3,1,0,0,1,1,0,0,0,1
3287,36,2,0.915602532,0,45344,0,1,0,2,0,1,0,0,0,1,2,1,4,3,1,3,1,4,4,2,1,1,2,1,2,2,2,3,4,2,4,0.075907354,-0.097254983,0.244530756,0,0,0,1,4,0,1,1,0,0,2,0,4,0,1,2,1,0,1,0,0,0,1,1,0,-9,0,1,0,0,1,1,0,0,1,0,1,0,2,1,0,0,1,1,0,0,1,1,0,0,0,1
3291,10,2,0.809874486,1,33311,1,0,0,2,0,1,0,0,0,4,3,3,1,5,3,3,3,5,5,4,1,1,1,1,1,1,1,3,1,2,2,-0.133287999,0.959041848,1.512477273,1,0,1,0,3,0,0,0,1,0,2,0,2,1,0,1,0,0,3,1,0,0,0,0,0,-9,0,0,0,1,3,0,0,1,3,0,0,1,3,0,1,0,2,0,1,0,2,0,0,0,1,4
3293,10,1,0.649570603,1,33197,0,1,0,2,0,1,0,0,0,3,4,4,2,1,3,2,5,5,5,4,3,1,1,3,2,2,2,1,3,2,2,0.603523515,1.118676625,1.031377025,1,0,0,0,1,0,0,0,1,0,2,0,2,1,0,1,0,0,3,1,0,0,0,1,0,1,1,0,0,0,0,0,0,0,0,0,0,0,0,0,0,0,0,0,0,0,0,0,0,0,0,0
3294,41,4,0.571257444,0,2864,0,1,0,3,0,0,1,0,0,2,4,4,4,4,3,3,2,3,2,3,2,2,2,2,2,2,2,3,1,1,2,-0.885375548,-0.722324658,0.707883953,0,0,0,1,4,0,0,1,0,0,2,0,4,0,1,2,0,1,2,0,1,0,0,1,0,-9,0,0,1,0,2,0,1,0,2,1,0,0,1,0,0,1,3,1,0,0,1,0,0,1,0,3
3296,21,4,1.444068823,0,20740,0,1,0,2,0,1,0,0,0,2,2,1,4,5,2,4,3,3,4,3,2,2,2,2,2,2,2,2,3,3,3,-0.026575575,0.021532703,-0.016375173,0,0,0,0,1,0,0,0,1,0,1,1,1,0,0,0,0,0,3,0,0,0,0,1,0,1,1,0,1,0,2,0,1,0,2,0,0,1,3,0,1,0,2,0,0,1,3,0,0,0,1,4
3299,21,2,0.13562519,0,21226,0,1,0,5,0,0,0,0,1,3,5,3,2,4,1,4,2,5,5,5,1,1,1,1,1,1,1,3,1,2,1,1.370805648,-0.484726152,1.133092474,1,1,0,0,2,0,0,1,0,0,2,0,4,1,0,1,0,0,3,1,0,0,1,0,1,-9,0,0,1,0,2,0,1,0,2,0,0,1,3,0,1,0,2,1,0,0,1,0,0,1,0,3
3301,34,4,0.219840475,0,28034,0,1,0,2,0,1,0,0,0,3,3,4,3,5,3,1,3,4,4,3,2,1,3,3,2,2,2,2,4,3,4,-1.205874319,-0.649816879,-0.470225994,1,0,1,0,3,0,0,0,1,0,2,0,2,1,0,1,0,0,3,1,0,0,0,0,0,-9,0,1,0,0,1,1,0,0,1,0,1,0,2,1,0,0,1,1,0,0,1,1,0,0,0,1
3305,21,4,0.354108989,0,21502,0,1,0,2,0,1,0,0,0,1,3,0,3,3,1,1,1,5,5,3,1,1,1,2,2,2,1,2,1,3,3,0.925796252,-1.501371034,0.766215966,1,0,1,0,3,0,0,1,0,0,2,0,4,0,1,2,0,1,2,0,1,0,0,0,0,-9,0,0,1,0,2,0,1,0,2,0,0,1,3,0,0,1,3,1,0,0,1,0,0,1,0,3
3306,34,4,2.683921076,0,28551,0,0,1,2,0,1,0,0,0,3,2,4,4,5,1,4,1,2,2,2,2,2,2,2,2,2,2,2,3,3,3,0.268703426,-2.05411559,-1.279376693,1,0,0,1,4,0,0,1,0,0,2,0,4,0,0,3,0,0,3,0,1,0,0,1,0,-9,0,1,0,0,1,1,0,0,1,0,1,0,2,0,0,1,3,1,0,0,1,1,0,0,0,1
3307,5,2,0.004648019,1,92316,0,1,0,2,0,1,0,0,0,1,5,3,3,3,3,3,3,5,5,5,2,2,2,2,2,2,2,2,3,3,3,1.336492646,0.964314807,0.65579919,1,0,1,0,3,0,0,1,0,0,2,0,4,1,0,1,0,0,3,0,0,0,0,1,0,-9,0,0,1,0,2,0,1,0,2,0,0,1,3,0,0,1,3,1,0,0,1,0,0,1,0,3
3309,7,4,0.370289739,0,6811,0,1,0,2,0,1,0,0,0,2,4,4,2,4,2,3,1,5,5,4,3,3,3,3,1,3,2,2,3,2,2,0.351559234,0.764221414,0.338833238,0,0,0,1,4,1,1,1,0,0,2,0,4,0,1,2,0,1,2,0,0,0,0,1,0,-9,0,1,0,0,1,1,0,0,1,0,1,0,2,0,1,0,2,1,0,0,1,1,0,0,0,1
3311,34,4,0.704238868,0,27521,0,1,0,2,0,1,0,0,0,3,3,3,2,5,3,3,1,1,4,3,2,2,2,2,2,2,2,3,4,4,4,0.856167184,-1.725955109,-0.230584297,1,0,0,1,4,0,0,1,0,0,2,0,4,1,0,1,1,0,1,0,0,0,0,1,0,-9,0,1,0,0,1,1,0,0,1,1,0,0,1,0,0,1,3,1,0,0,1,1,0,0,0,1
3313,17,4,0.581767648,0,67530,0,1,0,2,0,1,0,0,0,3,5,3,2,5,2,3,4,5,5,3,1,1,1,1,2,2,2,3,4,2,3,-0.299219639,0.157603149,-0.753169756,1,0,0,1,4,0,0,1,0,0,2,0,4,0,1,2,0,1,2,0,0,0,0,0,0,-9,0,0,1,0,2,0,1,0,2,1,0,0,1,0,0,1,3,1,0,0,1,0,1,0,0,2
3315,21,4,0.324097623,0,21206,0,1,0,2,0,1,0,0,0,3,6,3,4,4,2,2,2,4,3,2,2,2,2,2,2,2,2,2,4,3,4,-0.266254873,-0.182442726,0.24858007,0,0,0,1,4,0,0,0,1,0,2,0,2,1,0,1,1,0,1,0,0,0,0,0,1,-9,0,0,0,1,3,0,1,0,2,0,1,0,2,1,0,0,1,1,0,0,1,0,0,1,0,3
3316,18,4,0.647797645,0,42743,0,0,1,2,0,1,0,0,0,3,5,3,4,4,2,3,2,4,4,3,2,2,3,3,2,2,2,2,3,3,4,-0.037781557,-0.054489901,-0.27007927,1,0,0,1,4,0,0,1,0,0,2,0,4,1,0,1,1,0,1,0,0,0,0,0,0,1,1,1,0,0,1,1,0,0,1,1,0,0,1,1,0,0,1,1,0,0,1,1,0,0,0,1
3319,4,4,0.882464564,0,72110,0,1,0,2,0,1,0,0,0,3,6,3,3,3,3,5,3,4,3,3,2,2,2,2,3,2,2,2,3,3,4,-0.742677503,-0.292285666,-1.244004281,1,0,1,0,3,0,0,1,0,0,2,0,4,1,0,1,0,0,3,1,1,0,0,1,0,-9,0,1,0,0,1,1,0,0,1,0,1,0,2,1,0,0,1,1,0,0,1,1,0,0,0,1
3320,34,2,1.126726582,0,28086,0,1,0,2,0,1,0,0,0,1,3,3,2,5,3,3,1,5,4,3,1,3,2,3,2,2,2,3,4,2,2,1.486158054,-0.039303847,-0.224522669,1,0,0,1,4,0,0,1,0,0,2,0,4,0,1,2,1,0,1,0,0,0,1,1,0,-9,0,1,0,0,1,1,0,0,1,0,0,1,3,0,1,0,2,1,0,0,1,1,0,0,0,1
3321,15,4,0.462252804,0,46237,0,1,0,1,1,0,0,0,0,2,4,3,2,3,1,1,1,1,5,5,2,2,2,2,2,2,2,2,2,2,2,1.017010991,0.157388208,0.147551566,1,0,0,1,4,0,0,1,0,0,2,0,4,1,0,1,0,0,3,0,0,0,0,0,0,-9,0,0,1,0,2,0,0,1,3,0,0,1,3,0,1,0,2,1,0,0,1,0,1,0,0,2
3323,18,4,0.609430578,0,40014,0,1,0,5,0,0,0,0,1,3,5,5,1,5,2,2,1,4,4,3,2,2,2,2,2,2,2,3,3,3,1,0.398217283,0.227002149,-0.746643603,1,0,0,1,4,0,0,1,0,0,2,0,4,1,0,1,1,0,1,0,1,0,0,1,1,-9,0,1,0,0,1,1,0,0,1,0,1,0,2,1,0,0,1,1,0,0,1,1,0,0,0,1
3324,10,2,2.718750108,1,33446,0,1,0,1,1,0,0,0,0,1,5,4,4,4,5,5,5,4,4,4,2,2,2,2,2,2,2,2,3,3,3,0.915128716,1.029211426,0.278616377,0,0,0,1,4,0,1,1,0,0,2,0,4,0,0,3,0,1,2,0,1,0,0,1,0,-9,0,0,1,0,2,1,0,0,1,0,0,1,3,1,0,0,1,1,0,0,1,1,0,0,0,1
3326,26,4,12.9252966,0,64106,0,1,0,3,0,0,1,0,0,3,5,5,3,5,3,3,1,5,3,3,2,2,2,2,2,1,2,2,1,2,4,0.097758688,0.135227111,0.19043825,1,0,0,1,4,0,0,1,1,1,2,0,2,0,0,3,0,1,2,0,0,0,0,0,0,-9,0,0,1,0,2,0,0,1,3,0,0,1,3,0,0,1,3,0,0,1,3,0,0,0,1,4
3329,17,4,0.348790408,0,67147,0,0,1,1,1,0,0,0,0,2,4,1,4,4,1,1,1,2,3,2,2,2,2,2,2,2,2,3,4,3,4,-0.40845203,-0.733176561,-0.638183805,1,0,0,1,4,0,1,1,0,0,2,0,4,1,0,1,1,0,1,0,1,0,0,0,0,-9,0,1,0,0,1,1,0,0,1,0,1,0,2,0,1,0,2,1,0,0,1,1,0,0,0,1
3330,36,3,0.484535894,0,45207,1,0,0,1,1,0,0,0,0,3,5,5,3,5,3,4,5,4,5,3,2,1,1,1,2,3,3,3,1,3,4,-1.253367743,0.434870761,0.332342219,1,0,1,0,3,0,0,0,1,0,2,0,2,1,0,1,1,0,1,0,1,0,0,0,1,1,1,0,0,1,3,0,1,0,2,0,0,1,3,1,0,0,1,1,0,0,1,0,0,0,1,4
3331,34,4,0.525960649,0,27527,0,1,0,2,0,1,0,0,0,3,1,0,3,5,1,3,3,3,3,3,1,1,1,1,1,1,2,3,2,2,4,1.289682428,-0.590980004,-1.708354971,0,0,0,1,4,0,1,1,0,0,2,0,4,0,1,2,0,1,2,0,0,0,0,1,0,-9,0,0,0,0,0,0,0,0,0,0,0,0,0,0,0,0,0,0,0,0,0,0,0,0,0,0
3333,45,4,0.268681751,1,78628,0,1,0,2,0,1,0,0,0,3,4,3,2,4,3,3,2,3,3,3,1,1,1,1,2,1,1,2,3,3,1,-1.007875738,-0.51240479,-0.777524173,1,0,0,1,4,0,0,1,0,0,2,0,4,1,0,1,0,0,3,1,0,0,0,0,0,-9,0,1,0,0,1,0,1,0,2,0,0,1,3,0,0,1,3,1,0,0,1,1,0,0,0,1
3334,24,4,0.327728838,0,55423,1,0,0,1,1,0,0,0,0,1,1,0,3,4,1,1,1,1,3,1,2,2,2,2,2,2,2,2,4,4,4,-0.744272947,-0.315371741,0.012869579,1,0,0,1,4,0,0,1,0,0,2,0,4,1,0,1,0,1,2,0,1,0,0,0,1,-9,0,0,0,1,3,0,0,1,3,0,0,1,3,1,0,0,1,0,1,0,2,0,0,0,1,4
3335,31,4,2.173506108,0,7960,0,1,0,2,0,1,0,0,0,3,5,4,2,2,1,1,3,3,3,1,2,2,2,2,2,2,2,2,4,3,1,-0.081804973,1.533799223,-0.510767677,1,0,0,1,4,1,1,1,0,0,2,0,4,0,0,3,0,1,2,0,0,0,0,1,0,-9,0,0,1,0,2,0,0,1,3,0,1,0,2,0,1,0,2,0,1,0,2,0,1,0,0,2
3336,29,4,0.004998184,0,89509,0,1,0,2,0,1,0,0,0,2,4,2,4,4,2,2,2,4,4,4,1,2,3,2,2,2,2,2,3,2,3,0.069056561,0.749225177,-0.595729752,1,0,0,1,4,1,1,1,0,0,2,0,4,0,0,0,0,1,2,0,0,0,0,1,0,1,1,0,1,0,2,0,1,0,2,1,0,0,1,1,0,0,1,1,0,0,1,0,1,0,0,2
3338,23,4,1.089075091,0,48315,0,1,0,1,1,0,0,0,0,2,2,3,4,3,4,3,3,4,4,4,2,2,1,2,2,2,1,3,3,3,3,-0.978624614,0.700271582,0.937352991,0,0,0,1,4,1,1,1,0,0,2,0,4,0,1,2,0,1,2,0,0,0,0,1,0,-9,0,0,1,0,2,0,1,0,2,0,1,0,2,0,0,1,3,1,0,0,1,0,1,0,0,2
3339,23,2,3.773582104,0,49001,0,1,0,3,0,0,1,0,0,3,3,3,2,4,3,2,1,4,4,4,2,2,2,2,1,2,2,3,3,2,2,-0.593539266,-0.637451648,-0.86318496,0,0,0,1,4,0,0,1,0,0,2,0,4,0,0,3,0,0,3,0,0,0,1,1,0,-9,0,0,1,0,2,0,0,1,3,1,0,0,1,0,0,1,3,1,0,0,1,0,1,0,0,2
3340,51,4,0.841025717,0,54914,0,1,0,3,0,0,1,0,0,3,1,3,2,4,2,2,2,4,4,4,1,2,2,2,2,1,2,3,1,3,3,0.376329373,0.153006751,-1.031955198,0,0,0,1,4,0,0,1,0,0,2,0,4,0,1,2,1,0,1,0,0,0,0,0,0,1,1,0,1,0,2,0,1,0,2,1,0,0,1,0,1,0,2,1,0,0,1,0,1,0,0,2
3341,29,4,0.00807458,0,89408,0,0,1,1,1,0,0,0,0,2,5,1,4,5,2,2,1,4,4,5,1,2,2,2,2,1,2,2,4,3,4,0.778971312,0.005422198,-0.172119409,0,0,0,1,4,0,0,1,0,0,2,0,4,0,0,3,0,0,3,1,0,0,0,1,0,1,1,1,0,0,1,1,0,0,1,0,1,0,2,1,0,0,1,1,0,0,1,1,0,0,0,1
3345,39,4,0.84100947,0,16743,0,1,0,2,0,1,0,0,0,3,5,3,4,4,1,3,1,4,4,1,1,1,1,1,3,2,2,2,1,3,3,-1.557153527,-1.25848658,0.488162147,0,0,0,1,4,0,0,1,0,0,2,0,4,1,0,1,1,0,1,0,1,0,0,0,1,-9,0,1,0,0,1,1,0,0,1,1,0,0,1,0,1,0,2,1,0,0,1,1,0,0,0,1
3346,26,2,0.878215006,0,63043,0,1,0,4,0,0,0,1,0,2,4,4,5,5,4,4,5,4,4,5,2,2,2,2,2,2,2,2,3,3,3,1.223677227,1.212978614,0.531847772,0,1,0,0,2,0,0,1,0,0,2,0,4,0,0,0,0,0,3,1,0,0,0,1,0,-9,0,0,1,0,2,0,0,1,3,0,0,1,3,0,1,0,2,1,0,0,1,0,1,0,0,2
3347,33,4,0.124941412,0,14425,0,0,1,2,0,1,0,0,0,2,1,0,3,5,2,2,2,4,4,4,2,2,2,2,2,1,1,3,4,2,2,0.120866605,-0.189428069,-0.038416551,1,0,0,1,4,0,0,1,0,0,2,0,4,1,0,1,0,0,3,0,1,0,0,0,0,1,1,0,0,0,0,0,0,0,0,0,0,0,0,0,0,0,0,0,0,0,0,0,0,0,0,0
3349,33,2,2.368341725,0,13827,0,1,0,3,0,0,1,0,0,3,5,4,2,3,1,4,1,5,4,3,3,1,2,3,3,3,2,1,2,2,2,-0.279952099,0.382520257,0.594774078,1,1,0,0,2,1,1,1,0,0,2,0,4,0,0,3,0,0,3,1,0,0,0,1,0,-9,0,1,0,0,1,1,0,0,1,0,1,0,2,0,0,1,3,1,0,0,1,1,0,0,0,1
3351,10,4,4.182739316,0,33875,0,1,0,5,0,0,0,0,1,4,4,5,3,5,3,2,3,5,4,4,2,2,2,2,2,3,2,3,4,4,4,-0.056735241,-1.67548069,1.32964789,1,0,1,0,3,0,0,1,0,0,1,1,1,1,0,1,0,0,3,0,0,0,0,1,0,1,1,1,0,0,1,1,0,0,1,1,0,0,1,1,0,0,1,1,0,0,1,1,0,0,0,1
3353,11,4,0.472957708,0,31768,0,1,0,4,0,0,0,1,0,4,4,2,1,4,2,4,2,4,4,2,2,2,2,3,3,2,2,3,4,2,4,-0.739161573,-0.930818812,-1.261108238,1,0,1,0,3,0,0,1,0,0,2,0,4,1,0,1,0,0,3,1,1,0,0,0,0,-9,0,1,0,0,1,0,1,0,2,1,0,0,1,0,0,1,3,1,0,0,1,0,1,0,0,2
3354,33,4,0.185188611,0,12477,0,1,0,3,0,0,1,0,0,3,5,5,1,5,1,1,1,4,3,2,2,2,2,2,2,2,2,3,4,4,4,-1.217012585,0.395299363,-0.725420636,1,0,0,1,4,0,0,1,0,0,2,0,4,1,0,1,0,0,3,1,1,0,0,1,0,0,0,1,0,0,1,1,0,0,1,0,1,0,2,0,0,1,3,1,0,0,1,1,0,0,0,1
3356,23,4,0.542892221,0,48439,0,1,0,1,1,0,0,0,0,1,4,1,4,5,1,1,1,5,4,2,1,2,2,2,2,2,2,3,4,2,4,-1.335194114,-1.308623091,0.576111097,1,0,0,1,4,1,1,0,1,0,1,1,1,0,1,2,0,1,2,0,0,0,0,1,0,-9,0,1,0,0,1,0,1,0,2,0,1,0,2,0,1,0,2,1,0,0,1,1,0,0,0,1
3364,45,4,0.904223598,1,78733,0,1,0,2,0,1,0,0,0,3,5,4,3,5,1,2,1,4,4,2,2,2,2,2,2,2,2,3,3,3,4,-0.195578599,-0.545599266,0.22008212,1,0,0,1,4,0,0,1,0,0,2,0,4,1,0,1,0,1,2,0,0,0,0,0,0,-9,0,1,0,0,1,0,1,0,2,0,0,1,3,0,1,0,2,1,0,0,1,0,1,0,0,2
3368,25,4,0.77191147,0,38834,0,1,0,2,0,1,0,0,0,3,4,3,2,5,2,2,2,4,4,3,3,3,2,1,3,3,2,3,1,1,1,-0.33353883,-0.083790415,-0.580523777,0,0,0,1,4,0,0,1,0,0,2,0,4,1,0,1,1,0,1,0,0,0,0,0,0,-9,0,1,0,0,1,1,0,0,1,0,1,0,2,1,0,0,1,1,0,0,1,1,0,0,0,1
3370,3,2,1.095828683,0,86326,0,1,0,4,0,0,0,1,0,3,5,5,5,1,1,5,5,5,5,5,3,3,2,2,3,2,2,3,3,3,3,1.382593656,0.581795314,0.237952643,1,0,1,0,3,0,0,1,0,0,2,0,4,0,0,3,0,1,2,0,1,0,1,1,0,1,1,1,0,0,1,1,0,0,1,1,0,0,1,0,1,0,2,1,0,0,1,0,0,1,0,3
3371,18,4,1.420845533,0,40004,0,1,0,2,0,1,0,0,0,3,4,3,4,4,2,4,2,4,4,3,2,2,2,2,2,2,2,2,3,3,3,-0.662373952,0.064300594,-1.00265517,1,1,0,0,2,0,0,1,0,0,2,0,4,0,1,2,0,0,3,1,0,0,0,1,0,1,1,1,0,0,1,0,1,0,2,0,1,0,2,0,0,1,3,1,0,0,1,1,0,0,0,1
3373,30,4,0.122701364,0,3033,0,0,0,1,1,0,0,0,0,3,4,2,3,3,3,4,3,3,3,3,2,2,2,2,2,2,2,2,3,3,3,0.026770016,0.27626893,0.119686823,0,1,0,0,2,0,0,1,0,0,2,0,4,1,0,1,0,0,3,0,1,0,0,1,0,-9,0,0,0,0,0,0,0,0,0,0,0,0,0,0,0,0,0,0,0,0,0,0,0,0,0,0
3374,1,3,1.082058911,0,35973,0,0,1,5,0,0,0,0,1,1,5,5,5,5,2,5,2,5,5,5,3,3,3,3,2,1,1,2,3,3,3,1.212847949,0.221357392,0.877734396,1,0,0,0,1,1,1,1,0,0,2,0,4,1,0,1,1,0,1,1,0,0,0,1,0,-9,0,1,0,0,1,1,0,0,1,1,0,0,1,1,0,0,1,1,0,0,1,1,0,0,0,1
3375,45,4,0.662789304,0,76207,0,1,0,3,0,0,1,0,0,4,3,3,1,3,3,4,3,4,5,5,1,3,3,1,1,1,3,3,2,2,2,1.563118185,-0.814179821,-0.871930432,1,0,0,1,4,1,1,1,0,0,2,0,4,0,1,2,1,0,1,0,0,0,0,0,0,1,1,1,0,0,1,1,0,0,1,0,0,1,3,0,1,0,2,1,0,0,1,0,1,0,0,2
3376,45,4,0.894347475,1,78741,1,0,0,4,0,0,0,1,0,1,3,2,4,4,1,2,2,5,3,3,1,3,3,2,2,2,2,2,3,3,3,-0.962112979,-0.401435851,0.801929693,1,1,0,0,2,0,0,1,0,0,2,0,4,0,1,2,0,0,3,1,0,0,0,0,0,1,1,0,0,1,3,0,0,1,3,0,0,1,3,0,1,0,2,1,0,0,1,0,0,1,0,3
3379,14,4,0.74128951,0,60803,0,1,0,3,0,0,1,0,0,3,5,5,4,5,1,1,1,4,5,4,2,2,2,2,2,2,2,2,3,3,3,0.640593606,0.81545658,1.094943671,0,0,0,1,4,0,0,0,1,0,2,0,2,0,1,2,0,1,2,0,0,0,0,1,0,-9,0,0,1,0,2,0,1,0,2,0,1,0,2,1,0,0,1,0,1,0,2,0,0,1,0,3
3380,44,4,0.399885481,0,38118,0,1,0,3,0,0,1,0,0,1,4,4,2,5,1,1,1,5,5,1,2,2,2,2,1,1,1,3,4,2,4,1.138810478,-1.133819069,0.586899788,0,0,0,1,4,1,1,0,1,0,2,0,2,1,0,1,1,0,1,0,0,0,0,0,0,1,1,0,1,0,2,0,1,0,2,0,1,0,2,0,1,0,2,1,0,0,1,0,0,1,0,3
3381,36,4,0.28337859,0,44241,0,1,0,1,1,0,0,0,0,1,5,1,3,5,1,1,1,1,5,3,2,2,2,2,1,2,2,3,4,3,4,-0.451044121,-1.212487594,0.848318233,1,0,0,1,4,1,1,1,0,0,2,0,4,0,1,2,0,1,2,0,1,0,0,1,0,1,1,1,0,0,1,1,0,0,1,0,0,1,3,0,0,1,3,1,0,0,1,1,0,0,0,1
3382,22,4,0.435255216,0,1915,1,0,0,1,1,0,0,0,0,2,4,2,4,3,2,2,2,2,4,2,1,1,2,2,2,1,1,3,3,3,3,-1.096345973,-0.95860709,0.643807539,1,0,1,0,3,0,0,1,0,0,2,0,4,1,0,1,0,1,2,0,0,0,0,0,0,-9,0,0,0,1,3,0,0,1,3,1,0,0,1,1,0,0,1,0,0,1,3,0,0,0,1,4
3383,15,4,0.713806145,0,46304,0,1,0,2,0,1,0,0,0,2,5,4,2,4,3,3,2,3,4,4,2,1,2,2,2,1,1,2,3,3,3,1.363337222,-0.206916179,0.378612177,1,0,0,1,4,0,0,1,0,0,2,0,4,1,0,1,1,0,1,0,1,0,0,0,0,1,1,0,1,0,2,0,1,0,2,1,0,0,1,0,1,0,2,0,1,0,2,1,0,0,0,1
3384,10,4,1.924569287,0,33813,0,1,0,2,0,1,0,0,0,2,4,2,4,5,1,2,2,4,4,4,2,2,1,2,2,2,2,2,3,3,3,0.397013333,-0.498533834,-0.596247164,1,0,0,1,4,0,0,1,0,0,2,0,4,0,1,2,0,0,3,1,1,0,0,1,0,1,1,0,1,0,2,0,1,0,2,0,0,1,3,0,1,0,2,1,0,0,1,0,1,0,0,2
3385,15,4,0.210051634,0,47715,0,1,0,3,0,0,1,0,0,2,3,2,2,5,3,4,1,5,5,5,2,2,2,2,1,1,1,2,3,3,3,-1.836558873,0.669294756,0.940876917,1,1,0,0,2,0,0,1,0,0,2,0,4,1,0,1,0,0,3,1,1,0,0,0,0,1,1,0,1,0,2,0,1,0,2,0,0,1,3,0,1,0,2,1,0,0,1,0,1,0,0,2
3388,50,2,1.05998114,0,25064,0,1,0,2,0,1,0,0,0,3,5,3,4,4,3,4,2,4,5,4,2,3,1,3,2,2,2,2,2,2,2,0.289551238,0.835562088,0.277012742,1,1,0,0,2,0,0,1,0,0,2,0,4,0,1,2,0,0,3,1,0,0,1,0,0,1,1,0,1,0,2,0,0,1,3,0,1,0,2,0,0,1,3,1,0,0,1,0,1,0,0,2
3391,25,4,0.40541924,0,39739,0,1,0,1,1,0,0,0,0,1,1,0,5,5,5,2,2,3,4,4,2,2,2,2,2,2,2,2,3,3,3,0.369001432,0.703254649,0.139976664,1,0,1,0,3,0,0,0,1,0,2,0,2,1,0,1,0,1,2,0,0,0,0,1,0,1,1,1,0,0,1,1,0,0,1,1,0,0,1,1,0,0,1,1,0,0,1,1,0,0,0,1
3396,6,2,5.877489268,0,94124,1,0,0,3,0,0,1,0,0,2,2,3,3,3,2,3,2,2,2,2,3,2,3,2,2,2,3,3,3,3,2,-1.036614183,0.175237013,0.671375741,1,1,0,0,2,0,1,1,0,0,2,0,4,0,0,3,0,0,3,1,1,0,0,0,0,0,0,0,0,1,3,0,0,1,3,0,1,0,2,0,0,1,3,0,0,1,3,0,0,0,1,4
3402,15,4,0.506741145,0,46140,0,1,0,3,0,0,1,0,0,1,5,5,4,5,1,4,1,5,5,2,2,3,3,3,2,2,2,3,2,2,2,1.132504886,-0.686381272,-0.59202882,1,0,1,1,4,0,0,1,0,0,2,0,4,1,0,1,0,1,2,0,0,0,0,0,0,1,1,1,0,0,1,0,1,0,2,1,0,0,1,1,0,0,1,1,0,0,1,1,0,0,0,1
3404,10,4,0.470632141,1,33710,0,1,0,4,0,0,0,1,0,2,5,5,2,4,1,1,1,5,4,1,3,2,2,3,3,2,2,3,4,2,4,-0.649141443,-0.38478847,-0.26246136,1,0,0,1,4,0,1,1,0,0,2,0,4,1,0,1,0,1,2,0,0,0,0,1,0,-9,0,0,0,1,3,0,1,0,2,0,0,1,3,1,0,0,1,1,0,0,1,0,0,0,1,4
3413,32,4,8.98E-07,0,87032,0,0,1,2,0,1,0,0,0,3,5,4,4,5,2,2,2,5,5,5,2,2,2,2,2,2,2,2,4,3,3,0.712647565,0.202755682,-0.573841585,1,0,0,1,4,0,0,1,0,0,2,0,4,1,0,1,1,0,1,0,0,0,0,0,0,1,1,0,0,0,0,0,0,0,0,0,0,0,0,0,0,0,0,0,0,0,0,0,0,0,0,0
3416,45,4,0.290929607,0,78418,0,1,0,1,1,0,0,0,0,2,4,2,4,3,2,4,3,5,5,4,1,1,2,2,2,3,2,2,2,2,3,0.889938747,-1.330922758,-1.968813787,0,0,0,1,4,0,0,1,0,0,2,0,4,1,0,1,1,0,1,0,1,0,0,0,1,1,1,1,0,0,1,1,0,0,1,0,0,1,3,1,0,0,1,1,0,0,1,0,1,0,0,2
3417,37,2,2.851426924,0,74020,0,1,0,1,1,0,0,0,0,2,4,2,4,5,2,2,2,4,4,3,2,2,2,3,3,2,2,2,3,3,3,-0.38416596,-0.899053356,0.063772524,1,0,1,1,4,1,1,1,0,0,2,0,4,0,0,3,0,1,2,0,0,0,0,1,0,1,1,1,0,0,1,1,0,0,1,1,0,0,1,0,1,0,2,1,0,0,1,1,0,0,0,1
3418,4,4,0.706402281,0,72712,0,1,0,1,1,0,0,0,0,1,5,1,5,5,1,1,1,3,4,3,2,2,2,2,2,2,2,2,3,3,4,1.128518607,0.472284197,-0.017738301,1,0,0,1,4,0,1,1,0,0,2,0,4,0,1,2,1,0,1,0,0,0,0,1,0,-9,0,1,0,0,1,0,0,1,3,0,1,0,2,0,0,1,3,1,0,0,1,1,0,0,0,1
3419,28,4,0.400543819,0,68410,0,1,0,2,0,1,0,0,0,2,3,1,4,4,1,2,2,4,4,2,2,2,2,2,2,2,2,2,3,2,3,-0.655840776,0.329623995,-1.230456785,1,0,1,0,3,0,0,1,0,0,2,0,4,1,0,1,0,1,2,0,0,0,0,1,0,-9,0,1,0,0,1,0,1,0,2,1,0,0,1,0,0,1,3,1,0,0,1,0,1,0,0,2
3421,39,4,1.84145776,0,19436,0,1,0,2,0,1,0,0,0,2,3,1,3,5,1,3,1,3,5,4,1,1,1,1,2,2,3,3,4,2,2,1.42422631,0.650944448,-0.035622833,0,0,0,1,4,0,1,1,0,0,2,0,4,0,0,3,0,1,2,0,0,0,0,0,0,1,1,1,0,0,1,1,0,0,1,1,0,0,1,0,0,1,3,0,0,1,3,0,1,0,0,2
3423,3,4,0.025443803,1,85201,1,0,0,1,1,0,0,0,0,2,3,1,4,4,3,3,3,3,4,4,2,2,2,2,2,2,2,2,3,3,3,0.419883503,0.092219148,1.085927308,1,0,0,1,4,0,1,1,0,0,2,0,4,0,1,2,1,0,1,0,0,0,0,0,0,1,1,0,0,1,3,0,0,1,3,0,1,0,2,0,0,1,3,0,0,1,3,0,0,0,1,4
3424,10,2,0.901555483,1,33134,1,0,0,1,1,0,0,0,0,1,5,4,2,1,3,4,2,2,2,4,2,2,2,2,2,2,2,1,3,3,1,-0.832409573,0.383898357,0.480137341,0,1,0,0,2,1,1,1,0,0,2,0,4,0,1,2,0,0,3,1,0,0,1,1,0,1,1,0,0,1,3,0,0,1,3,1,0,0,1,0,0,1,3,1,0,0,1,0,0,0,1,4
3426,5,4,0.004103103,1,92596,0,1,0,2,0,1,0,0,0,1,4,2,5,3,2,2,1,3,4,4,2,2,2,2,2,2,2,2,3,2,2,1.466573093,-0.143383804,0.669958717,0,0,0,1,4,0,0,1,0,0,2,0,4,0,1,2,0,1,2,0,0,0,0,1,0,-9,0,1,0,0,1,1,0,0,1,0,1,0,2,1,0,0,1,1,0,0,1,1,0,0,0,1
3428,36,4,1.175605282,0,44720,0,1,0,2,0,1,0,0,0,3,4,3,2,5,3,2,4,3,4,4,1,1,1,1,1,2,2,3,3,2,3,0.254191422,0.356539136,-0.214520883,1,0,0,1,4,0,0,1,0,0,2,0,4,1,0,1,1,0,1,0,0,0,0,0,0,-9,0,1,0,0,1,0,1,0,2,0,1,0,2,0,0,1,3,1,0,0,1,0,1,0,0,2
3429,39,4,0.284640996,0,15601,0,1,0,4,0,0,0,1,0,2,3,3,2,5,2,4,2,5,5,5,2,2,2,2,2,2,2,3,2,2,2,1.160114867,-0.753727883,0.519324379,0,0,0,1,4,0,0,1,0,0,2,0,4,1,0,1,0,1,2,0,0,0,0,1,0,-9,0,0,1,0,2,0,0,1,3,0,1,0,2,0,0,1,3,1,0,0,1,0,1,0,0,2
3431,36,1,0.499263161,0,45245,0,1,0,1,1,0,0,0,0,1,4,0,5,5,1,1,1,1,4,1,1,1,1,1,3,1,1,3,1,2,1,-0.125218214,0.457280246,0.848687423,1,1,0,0,2,1,1,0,1,0,1,1,1,0,1,2,0,0,3,1,0,0,1,1,0,1,1,0,1,0,2,0,1,0,2,0,0,1,3,0,1,0,2,1,0,0,1,1,0,0,0,1
3434,10,2,2.7827413,0,34608,0,1,0,2,0,1,0,0,0,2,5,2,4,4,2,2,2,5,5,4,2,2,2,2,2,2,2,2,3,4,3,-0.535270665,0.41659081,-0.841669468,1,0,1,0,3,1,1,1,0,0,2,0,4,0,1,2,0,1,2,0,0,0,1,1,0,-9,0,0,1,0,2,1,0,0,1,1,0,0,1,1,0,0,1,1,0,0,1,0,0,1,0,3
3435,39,2,1.557563154,0,15235,0,1,0,1,1,0,0,0,0,2,5,1,4,5,1,1,1,3,5,5,1,1,3,2,2,1,3,3,4,2,2,0.986157788,-0.123578204,0.335500178,0,1,0,0,2,0,0,1,0,0,2,0,4,0,0,3,0,0,3,0,0,1,1,1,0,-9,0,0,1,0,2,0,1,0,2,0,1,0,2,0,0,1,3,0,1,0,2,0,0,1,0,3
3436,15,4,0.908278818,0,47460,0,1,0,3,0,0,1,0,0,2,5,4,2,4,3,2,1,5,4,3,2,2,2,2,2,2,2,2,3,3,3,-0.045460064,0.093595359,-0.008012525,1,0,0,1,4,0,0,1,0,0,2,0,4,0,1,2,0,1,2,0,0,0,0,1,0,1,1,1,0,0,1,0,1,0,2,1,0,0,1,0,1,0,2,1,0,0,1,1,0,0,0,1
3444,5,4,0.002357277,0,92649,1,0,0,3,0,0,1,0,0,3,5,5,4,4,1,1,1,2,5,2,2,2,2,2,2,2,2,2,4,4,4,-0.555055395,-1.743856867,-0.976739374,1,0,0,1,4,1,1,1,0,0,2,0,4,0,1,2,0,0,3,0,0,0,0,0,0,-9,0,0,0,1,3,0,0,1,3,0,0,1,3,0,1,0,2,1,0,0,1,0,0,0,1,4
3445,22,2,0.8102024,0,1569,0,1,0,1,1,0,0,0,0,1,4,3,3,4,2,3,3,4,4,3,1,1,1,1,1,1,1,3,1,2,2,-0.272290669,0.492566029,-0.253974519,0,0,1,0,3,0,1,1,0,0,2,0,4,0,0,3,0,0,3,0,0,0,0,1,0,1,1,1,0,0,1,1,0,0,1,0,1,0,2,0,0,1,3,1,0,0,1,1,0,0,0,1
3448,48,4,0.601160649,0,24639,0,1,0,5,0,0,0,0,1,5,5,5,1,5,1,1,1,5,5,3,2,2,2,2,2,2,2,2,4,3,4,-0.391179426,0.261689626,-0.450433445,1,0,1,0,3,0,0,1,0,0,2,0,4,1,0,1,1,0,1,0,1,0,0,1,1,-9,0,1,0,0,1,1,0,0,1,1,0,0,1,1,0,0,1,1,0,0,1,1,0,0,0,1
3452,26,4,1.867127235,0,63088,0,1,0,1,1,0,0,0,0,1,3,1,2,4,1,1,1,3,4,3,2,2,2,2,2,2,2,2,4,2,4,1.241412664,-0.341010468,1.072534422,0,0,1,0,3,0,0,1,0,0,2,0,4,0,0,3,0,0,3,0,0,0,0,1,0,-9,0,0,1,0,2,1,0,0,1,0,0,1,3,0,0,1,3,1,0,0,1,1,0,0,0,1
3454,18,4,0.546873384,0,40204,1,0,0,1,1,0,0,0,0,2,6,2,3,5,1,2,1,2,3,2,2,2,2,2,2,2,2,3,4,3,4,-0.339937884,-1.709076033,-0.037233477,0,0,0,1,4,1,1,1,0,0,2,0,4,0,1,2,1,0,1,0,0,0,0,0,1,-9,0,0,0,1,3,0,0,1,3,1,0,0,1,0,0,1,3,1,0,0,1,0,0,0,1,4
3456,44,4,0.617968318,0,37355,0,1,0,3,0,0,1,0,0,3,5,5,3,2,2,3,2,5,3,1,2,2,2,2,2,2,2,2,3,3,4,-0.917307767,-0.822786752,-1.866382985,1,0,1,0,3,0,0,1,0,0,2,0,4,1,0,1,0,0,3,0,0,0,0,1,0,1,1,1,0,0,1,1,0,0,1,0,1,0,2,1,0,0,1,1,0,0,1,1,0,0,0,1
3457,7,2,5.858574259,0,6468,0,1,0,3,0,0,1,0,0,2,5,4,4,4,3,3,3,4,5,4,2,1,2,3,3,3,1,3,3,3,3,-0.147236031,0.379428976,0.0219152,1,0,1,0,3,0,1,1,0,0,2,0,4,0,0,3,0,1,2,0,0,0,0,1,0,-9,0,1,0,0,1,1,0,0,1,1,0,0,1,0,0,1,3,1,0,0,1,1,0,0,0,1
3458,43,2,5.459539417,0,57005,0,1,0,2,0,1,0,0,0,3,2,2,4,4,3,3,3,4,3,3,2,2,2,2,2,2,2,2,4,3,4,0.263888655,0.466058787,-0.022064272,1,0,1,0,3,0,0,1,0,0,2,0,4,0,0,3,0,1,2,0,0,0,1,1,0,-9,0,1,0,0,1,0,1,0,2,0,1,0,2,0,0,1,3,1,0,0,1,1,0,0,0,1
3459,31,4,2.303587556,0,8016,0,1,0,1,1,0,0,0,0,1,4,1,4,4,2,2,2,3,5,3,2,2,2,2,2,3,2,2,3,2,3,0.900998959,-0.690824796,0.372386758,0,0,1,0,3,0,1,1,0,0,2,0,4,0,0,3,1,0,1,0,0,0,0,1,0,1,1,0,1,0,2,0,1,0,2,0,1,0,2,0,0,1,3,0,0,1,3,0,0,1,0,3
3460,39,4,0.628046645,0,18246,0,0,1,2,0,1,0,0,0,2,4,3,4,2,4,4,3,4,4,4,2,2,2,2,2,2,2,2,4,3,4,0.100295963,0.31566637,0.653503769,1,0,0,1,4,0,1,1,0,0,2,0,4,0,0,0,1,0,1,0,0,0,0,1,0,-9,0,1,0,0,1,1,0,0,1,1,0,0,1,1,0,0,1,1,0,0,1,1,0,0,0,1
3461,39,4,0.873531171,0,19144,1,0,0,3,0,0,1,0,0,3,4,3,5,4,2,2,1,4,4,5,2,2,2,2,2,1,2,3,1,2,2,0.559253718,0.985877917,-1.003563107,1,0,1,0,3,0,0,1,0,0,2,0,4,0,1,2,0,1,2,0,1,0,0,0,0,-9,0,0,0,1,3,0,0,1,3,1,0,0,1,1,0,0,1,0,0,1,3,0,0,0,1,4
3462,45,4,0.571488679,1,75093,0,1,0,2,0,1,0,0,0,3,3,3,3,4,2,4,4,4,4,4,2,1,2,2,3,2,2,3,3,2,4,-0.116236235,-0.291514824,-1.321783876,1,0,0,0,1,0,0,1,0,0,2,0,4,0,1,2,0,0,3,1,0,0,0,0,0,1,1,0,1,0,2,0,0,1,3,0,0,1,3,0,1,0,2,1,0,0,1,0,0,0,1,4
3464,24,4,0.979906444,0,55070,0,1,0,1,1,0,0,0,0,1,3,2,3,3,1,1,1,1,3,1,2,2,2,2,2,2,2,2,3,3,3,-1.334487251,0.040108002,-0.500050259,0,0,0,1,4,0,1,1,0,0,2,0,4,0,1,2,0,1,2,0,0,0,0,1,0,-9,0,1,0,0,1,1,0,0,1,0,1,0,2,0,1,0,2,1,0,0,1,1,0,0,0,1
3467,21,4,0.390879663,0,21085,0,1,0,1,1,0,0,0,0,2,4,3,3,4,2,3,1,5,4,3,1,1,1,2,2,2,2,3,2,2,2,1.346783702,-0.039552331,-0.303570627,0,0,1,0,3,1,1,1,0,0,2,0,4,1,0,1,1,0,1,0,0,0,0,0,0,1,1,1,0,0,1,1,0,0,1,0,1,0,2,0,0,1,3,0,1,0,2,1,0,0,0,1
3471,10,4,0.873618219,1,32778,0,1,0,3,0,0,1,0,0,2,2,4,2,4,2,2,3,3,4,4,2,2,2,2,2,2,2,2,3,2,2,0.351155664,-0.034731764,-1.446900964,0,0,0,1,4,1,1,1,0,0,2,0,4,0,0,3,0,1,2,0,1,0,0,1,0,-9,0,1,0,0,1,0,1,0,2,0,0,1,3,0,0,1,3,1,0,0,1,1,0,0,0,1
3472,31,2,1.617085582,0,7746,0,1,0,2,0,1,0,0,0,3,6,3,3,3,3,4,3,4,4,4,2,2,2,2,2,2,2,2,3,3,3,0.25254573,0.092113074,-0.131824189,0,0,0,1,4,1,1,1,0,0,2,0,4,0,0,3,0,0,3,0,0,0,0,0,0,-9,0,0,1,0,2,1,0,0,1,0,0,1,3,0,0,1,3,1,0,0,1,1,0,0,0,1
3473,36,2,0.835219873,0,44134,1,0,0,3,0,0,1,0,0,2,3,2,4,2,1,3,1,2,5,3,2,2,2,2,2,2,2,2,2,2,3,-0.379309494,-0.855086637,0.211608993,0,0,1,0,3,0,1,1,0,0,2,0,4,0,1,2,0,1,2,0,0,0,1,1,0,-9,0,0,0,1,3,0,1,0,2,1,0,0,1,0,1,0,2,1,0,0,1,0,0,1,0,3
3474,38,4,0.092514032,0,97034,0,1,0,2,0,1,0,0,0,2,5,3,3,4,2,2,2,3,4,3,2,2,2,2,2,2,2,2,4,3,4,-0.316984308,-0.025480095,-0.946364137,1,0,0,1,4,0,1,1,0,0,2,0,4,0,0,3,0,1,2,0,1,0,0,1,0,1,1,0,1,0,2,0,1,0,2,1,0,0,1,0,0,1,3,1,0,0,1,0,0,1,0,3
3477,26,4,3.90616769,0,64082,0,1,0,1,1,0,0,0,0,1,1,1,4,4,3,3,2,3,5,4,1,1,2,2,2,2,2,2,3,3,2,0.05666145,0.458075907,0.380613519,0,0,0,1,4,0,1,1,0,0,2,0,4,0,0,3,0,1,2,0,0,0,0,1,0,1,1,1,0,0,1,1,0,0,1,0,0,1,3,1,0,0,1,1,0,0,1,1,0,0,0,1
3479,10,2,0.797247504,1,33321,1,0,0,1,1,0,0,0,0,1,4,1,3,5,1,4,1,5,5,5,3,1,3,3,3,3,2,3,2,2,2,0.858924583,1.760739527,1.05167843,1,0,0,1,4,0,1,1,0,0,2,0,4,0,1,2,1,0,1,0,0,0,0,0,1,-9,0,0,0,1,3,0,0,1,3,0,0,1,3,0,0,1,3,1,0,0,1,0,0,0,1,4
3480,34,4,5.110339203,0,28152,0,1,0,4,0,0,0,1,0,2,3,3,4,3,2,2,1,3,4,4,2,2,2,2,3,2,2,2,3,3,3,0.82627242,0.301164551,0.365864495,1,0,1,0,3,0,1,1,0,0,2,0,4,0,0,3,0,1,2,0,0,0,0,1,0,-9,0,1,0,0,1,1,0,0,1,1,0,0,1,0,1,0,2,1,0,0,1,1,0,0,0,1
3481,33,4,0.223941539,0,11226,1,0,0,2,0,1,0,0,0,1,3,4,2,3,2,2,2,4,4,3,2,2,2,2,2,2,2,2,4,3,3,1.063222235,-0.584427815,0.293251097,0,0,0,1,4,1,1,1,0,0,2,0,4,0,1,2,0,1,2,0,0,0,0,0,1,-9,0,0,0,1,3,0,0,1,3,1,0,0,1,1,0,0,1,0,0,1,3,0,0,1,0,3
3483,10,2,3.080261522,1,33322,1,0,0,2,0,1,0,0,0,2,5,5,4,3,4,4,4,4,5,5,1,1,1,1,2,2,2,3,3,2,2,-0.099616574,0.144881749,-0.356365422,1,0,0,1,4,0,0,1,0,0,2,0,4,0,0,3,0,1,2,0,0,0,0,1,0,1,1,0,0,1,3,0,1,0,2,0,0,1,3,0,0,1,3,1,0,0,1,0,0,1,0,3
3486,36,2,1.04052727,0,43615,0,1,0,3,0,0,1,0,0,2,5,3,4,4,1,1,1,4,2,1,2,2,2,2,2,2,2,2,4,3,4,-2.621574307,-0.827296321,-1.967966762,0,0,1,0,3,1,1,1,0,0,2,0,4,0,1,2,0,1,2,0,0,0,1,1,0,1,1,1,0,0,1,1,0,0,1,0,1,0,2,0,0,1,3,1,0,0,1,0,0,1,0,3
3488,39,2,4.367753835,0,15625,0,0,1,5,0,0,0,0,1,2,4,4,4,5,4,5,5,5,5,5,1,1,3,3,3,1,2,3,2,2,2,1.101309889,1.805045212,0.546539154,1,0,0,1,4,0,0,1,0,0,2,0,4,0,0,3,0,1,2,0,0,0,1,1,0,1,1,0,0,0,0,0,0,0,0,0,0,0,0,0,0,0,0,0,0,0,0,0,0,0,0,0
3491,6,4,0.081455446,0,81211,0,1,0,1,1,0,0,0,0,2,5,1,2,4,1,1,1,1,5,2,2,2,2,2,3,3,2,1,3,2,2,0.525415714,-0.221032314,0.006677678,0,0,0,1,4,1,1,1,0,0,2,0,4,0,0,3,0,1,2,0,0,0,0,1,0,-9,0,1,0,0,1,1,0,0,1,0,1,0,2,0,0,1,3,1,0,0,1,1,0,0,0,1
3493,33,4,0.8553154,0,12836,0,0,1,1,1,0,0,0,0,2,5,1,1,4,1,1,1,1,1,1,1,1,1,1,1,1,1,2,1,1,1,-1.037551494,-0.193935674,-0.227575857,0,0,0,1,4,0,0,1,0,0,2,0,4,0,1,2,0,1,2,0,0,0,0,1,0,-9,0,1,0,0,1,1,0,0,1,1,0,0,1,0,0,1,3,1,0,0,1,1,0,0,0,1
3495,51,2,3.091195168,0,54601,0,1,0,2,0,1,0,0,0,2,3,3,4,2,1,1,1,1,3,2,2,2,2,2,2,2,2,2,3,3,3,0.196852145,0.123007863,0.784199879,1,0,1,0,3,1,1,1,0,0,2,0,4,0,0,3,0,1,2,0,0,0,0,1,0,-9,0,0,1,0,2,0,0,1,3,1,0,0,1,0,0,1,3,1,0,0,1,0,0,0,1,4
3498,10,4,0.390620132,0,33980,0,1,0,2,0,1,0,0,0,2,5,3,2,5,4,1,5,5,5,5,2,2,2,2,3,2,2,3,4,3,2,-1.032405311,-0.232265326,0.425335923,1,0,0,1,4,0,0,1,0,0,2,0,4,0,1,2,0,1,2,0,0,0,0,0,0,-9,0,1,0,0,1,0,1,0,2,0,0,1,3,0,1,0,2,1,0,0,1,1,0,0,0,1
3502,36,4,1.175605282,0,43081,0,1,0,2,0,1,0,0,0,2,4,3,2,4,1,2,1,5,5,2,1,1,2,2,1,3,2,3,4,2,4,0.934935899,-0.648082544,-0.126802675,1,0,0,1,4,0,0,1,0,0,2,0,4,1,0,1,1,0,1,0,0,0,0,0,0,1,1,0,1,0,2,0,0,1,3,0,0,1,3,0,1,0,2,1,0,0,1,0,1,0,0,2
3503,10,4,4.977608077,1,33761,0,1,0,2,0,1,0,0,0,1,3,2,2,3,1,1,5,5,5,5,2,2,2,2,1,3,1,2,1,2,2,0.331747208,0.596372992,-0.864211036,1,0,1,0,3,0,0,1,0,0,2,0,4,0,0,3,0,1,2,0,0,0,0,1,0,-9,0,0,1,0,2,0,0,1,3,0,0,1,3,0,0,1,3,1,0,0,1,0,0,1,0,3
3506,30,4,0.557795391,0,3062,0,1,0,3,0,0,1,0,0,2,3,3,3,3,4,4,1,2,5,5,2,2,2,2,2,2,2,3,2,3,3,1.172591668,-0.612966387,-1.062361806,1,0,0,1,4,0,0,1,0,0,2,0,4,1,0,1,1,0,1,0,0,0,0,0,0,-9,0,0,1,0,2,0,1,0,2,0,0,1,3,1,0,0,1,1,0,0,1,1,0,0,0,1
3508,33,2,0.767235208,0,14433,0,1,0,1,1,0,0,0,0,3,4,4,2,4,1,1,1,1,3,3,1,2,2,2,2,2,2,2,4,1,1,-0.119778032,0.644914305,0.051339577,0,0,1,0,3,0,0,1,0,0,2,0,4,1,0,1,0,1,2,0,0,0,0,1,0,-9,0,1,0,0,1,1,0,0,1,1,0,0,1,1,0,0,1,1,0,0,1,1,0,0,0,1
3509,31,4,1.323700452,0,7726,0,1,0,1,1,0,0,0,0,2,5,4,1,5,1,1,1,4,5,1,1,1,1,1,1,1,1,3,1,1,1,-1.923917144,-0.468201808,0.675098035,1,0,1,0,3,1,1,0,0,1,2,0,3,1,0,1,0,1,2,0,0,0,0,0,0,-9,0,1,0,0,1,0,1,0,2,0,1,0,2,0,0,1,3,1,0,0,1,0,0,1,0,3
3510,23,4,0.375646668,0,48335,0,1,0,4,0,0,0,1,0,3,5,4,1,3,2,4,4,3,3,4,2,3,2,3,3,2,2,1,2,2,4,0.863181038,-1.396719952,1.429265513,0,0,0,1,4,1,1,1,0,0,2,0,4,0,1,2,0,1,2,0,0,0,0,1,0,1,1,0,1,0,2,0,1,0,2,0,0,1,3,0,1,0,2,1,0,0,1,1,0,0,0,1
3511,14,4,2.597845231,0,60060,0,1,0,3,0,0,1,0,0,1,5,3,3,5,2,2,2,4,5,5,1,1,1,2,3,3,2,1,1,2,2,1.088170126,0.29959953,0.114688083,0,0,0,1,4,0,1,1,0,0,2,0,4,0,0,3,0,1,2,0,0,0,0,1,0,-9,0,0,1,0,2,0,1,0,2,1,0,0,1,0,1,0,2,0,1,0,2,0,1,0,0,2
3513,36,2,0.285964664,0,43215,0,1,0,1,1,0,0,0,0,2,3,3,3,3,3,4,3,4,3,3,2,2,2,2,2,2,2,2,3,3,4,-0.574327083,0.491686315,-1.533770777,0,1,0,0,2,0,0,0,1,0,2,0,2,1,0,1,0,0,3,1,0,0,1,1,0,-9,0,0,1,0,2,0,0,1,3,0,0,1,3,0,1,0,2,1,0,0,1,0,0,0,1,4
3514,5,4,0.001053033,1,92543,1,0,0,3,0,0,1,0,0,1,4,4,4,5,3,2,1,5,5,5,2,1,2,1,1,1,1,3,1,1,2,-0.663418137,-0.498418201,0.478376377,1,0,1,0,3,0,0,1,0,0,2,0,4,1,0,1,0,0,3,0,1,0,0,1,0,-9,0,0,0,1,3,0,1,0,2,1,0,0,1,1,0,0,1,1,0,0,1,0,0,0,1,4
3516,10,4,0.885793834,1,32953,0,1,0,2,0,1,0,0,0,2,5,1,4,3,1,1,1,3,1,1,2,2,2,2,2,2,2,2,4,2,3,-0.047377079,0.061661967,0.099832568,0,0,0,1,4,1,1,1,0,0,2,0,4,0,1,2,0,0,3,0,0,0,0,1,0,-9,0,0,1,0,2,0,1,0,2,1,0,0,1,0,0,1,3,1,0,0,1,0,0,1,0,3
3519,16,4,0.997577696,0,50325,0,1,0,3,0,0,1,0,0,3,5,4,1,4,1,5,3,5,5,5,1,1,2,1,2,2,2,3,2,2,2,1.09133121,-1.297392576,0.584955617,0,0,0,1,4,0,0,1,0,0,2,0,4,0,1,2,0,1,2,0,1,0,0,1,0,-9,0,0,1,0,2,0,0,1,3,0,0,1,3,0,0,1,3,1,0,0,1,0,0,1,0,3
3520,23,4,0.997577696,0,48044,0,1,0,3,0,0,1,0,0,3,3,3,4,4,3,4,3,4,4,3,2,3,2,2,2,1,2,2,3,3,2,-1.106677299,-0.250775655,-0.40108144,0,0,0,1,4,0,0,1,0,0,2,0,4,0,1,2,0,1,2,0,1,0,0,1,0,1,1,0,0,1,3,1,0,0,1,0,1,0,2,0,1,0,2,1,0,0,1,1,0,0,0,1
3521,39,4,0.686424046,0,18109,0,1,0,4,0,0,0,1,0,3,3,5,3,4,1,3,1,5,5,4,2,3,2,3,3,2,2,2,2,2,3,0.705745029,0.375542248,-0.869711819,1,0,0,1,4,0,0,1,0,0,2,0,4,1,0,1,1,0,1,0,0,0,0,1,0,-9,0,0,1,0,2,0,0,1,3,1,0,0,1,0,0,1,3,1,0,0,1,0,0,0,1,4
3522,39,4,0.865842158,0,19358,0,1,0,3,0,0,1,0,0,3,3,3,2,4,2,3,2,4,4,3,2,2,2,2,2,2,2,3,2,2,2,-0.397918617,0.137812377,-0.280464302,1,0,1,0,3,0,0,1,0,0,2,0,4,1,0,1,0,1,2,0,0,0,0,1,0,-9,0,1,0,0,1,0,1,0,2,1,0,0,1,1,0,0,1,1,0,0,1,1,0,0,0,1
3523,45,2,5.730279397,1,76109,0,1,0,1,1,0,0,0,0,1,5,1,5,2,1,1,1,4,4,4,1,1,2,2,2,2,2,2,3,2,1,0.334795351,0.048561631,-0.042216809,0,0,0,1,4,0,1,1,0,0,2,0,4,0,0,3,0,1,2,0,0,0,1,1,0,1,1,0,1,0,2,0,0,1,3,0,0,1,3,1,0,0,1,1,0,0,1,0,0,1,0,3
3524,34,4,1.187889969,0,28090,0,0,1,2,0,1,0,0,0,2,5,2,5,5,1,1,1,4,5,2,2,2,2,2,2,2,2,2,4,3,4,-0.335537235,-1.082593619,-0.182468628,1,0,1,0,3,0,0,1,0,0,2,0,4,0,1,2,1,0,1,0,0,0,0,1,0,-9,0,1,0,0,1,1,0,0,1,0,1,0,2,1,0,0,1,1,0,0,1,1,0,0,0,1
3526,23,4,0.51797952,0,48118,0,1,0,2,0,1,0,0,0,2,4,2,3,5,1,2,1,5,5,1,1,3,2,3,3,2,2,3,4,2,4,-0.495495897,-0.585973811,-0.019697899,1,0,0,1,4,0,1,1,0,0,2,0,4,0,1,2,1,0,1,0,1,0,0,1,0,-9,0,1,0,0,1,0,1,0,2,0,1,0,2,0,1,0,2,1,0,0,1,1,0,0,0,1
3527,34,2,8.272124712,0,28056,0,1,0,3,0,0,1,0,0,2,5,2,3,3,1,1,3,3,4,1,2,2,2,3,2,2,2,2,4,3,3,0.747971769,-1.349635067,-0.207615541,1,0,1,0,3,0,1,1,0,0,2,0,4,0,0,3,0,1,2,0,0,0,1,1,0,-9,0,1,0,0,1,1,0,0,1,1,0,0,1,1,0,0,1,1,0,0,1,1,0,0,0,1
3528,6,4,0.001602702,0,80246,1,0,0,2,0,1,0,0,0,4,4,4,1,4,3,4,1,4,4,4,2,2,1,1,3,1,2,2,3,3,2,0.310700924,-0.655101286,-1.666283857,1,0,0,1,4,0,0,1,0,0,2,0,4,1,0,1,1,0,1,0,1,0,0,0,0,-9,0,0,0,1,3,0,0,1,3,1,0,0,1,0,1,0,2,1,0,0,1,0,0,0,1,4
3534,10,4,5.091972182,0,34431,0,1,0,2,0,1,0,0,0,1,5,4,5,5,1,1,1,4,5,2,1,1,2,2,2,2,2,2,3,3,3,1.142321211,0.72347247,0.807901951,1,0,0,1,4,1,1,1,0,0,2,0,4,0,0,3,0,1,2,0,0,0,0,1,0,-9,0,1,0,0,1,1,0,0,1,1,0,0,1,0,0,1,3,1,0,0,1,1,0,0,0,1
3535,39,4,0.370289739,0,19565,0,0,1,2,0,1,0,0,0,2,2,3,2,4,1,2,2,2,3,2,2,2,2,2,2,2,2,2,3,3,3,-0.132318106,-0.413682787,0.332832219,0,0,0,1,4,0,1,1,0,0,2,0,4,0,1,2,0,1,2,0,0,0,0,1,0,1,1,1,0,0,1,1,0,0,1,1,0,0,1,0,0,1,3,1,0,0,1,1,0,0,0,1
3536,34,4,0.815081867,0,28570,0,1,0,3,0,0,1,0,0,2,4,4,4,4,1,3,1,5,5,5,1,1,1,1,2,1,1,2,1,4,3,1.305984345,1.25360417,0.353868156,1,1,0,0,2,1,1,1,0,0,1,1,1,1,0,1,0,1,2,1,1,0,0,0,0,-9,0,1,0,0,1,1,0,0,1,0,1,0,2,0,1,0,2,1,0,0,1,1,0,0,0,1
3538,51,4,1.175605282,0,53090,0,1,0,1,1,0,0,0,0,2,3,3,4,5,1,1,1,4,5,5,2,2,2,2,2,2,2,2,1,1,1,0.727801542,-0.069676646,-0.213963533,1,0,0,1,4,0,0,1,0,0,2,0,4,1,0,1,1,0,1,0,0,0,0,0,0,-9,0,1,0,0,1,1,0,0,1,0,1,0,2,0,0,1,3,1,0,0,1,1,0,0,0,1
3539,36,4,0.417918503,0,45238,0,1,0,4,0,0,0,1,0,3,6,3,2,4,2,2,1,4,4,2,2,2,2,2,2,2,2,2,4,3,4,-0.107301034,-0.653109806,-0.044432507,1,0,0,1,4,0,0,0,1,0,2,0,2,1,0,1,1,0,1,0,1,0,0,0,0,-9,0,0,1,0,2,0,1,0,2,1,0,0,1,1,0,0,1,1,0,0,1,0,0,1,0,3
3540,39,2,2.468222158,0,17815,0,1,0,2,0,1,0,0,0,2,5,4,4,4,3,2,5,5,5,5,1,2,3,3,1,3,3,3,1,2,2,0.606369972,0.907681592,-0.28820078,1,0,0,1,4,0,0,1,0,0,2,0,4,0,0,3,0,0,3,0,0,0,1,1,0,-9,0,0,1,0,2,0,1,0,2,0,1,0,2,0,0,1,3,1,0,0,1,1,0,0,0,1
3541,36,4,1.358717291,0,45805,0,1,0,3,0,0,1,0,0,1,2,3,3,1,2,4,4,4,4,4,2,2,3,2,2,2,2,2,3,3,3,0.502400852,0.233286542,0.276426231,1,0,1,0,3,0,0,1,0,0,2,0,4,1,0,1,1,0,1,0,0,0,0,1,1,-9,0,0,1,0,2,0,1,0,2,1,0,0,1,0,1,0,2,1,0,0,1,0,1,0,0,2
3542,33,4,4.202321743,0,10570,0,1,0,1,1,0,0,0,0,2,3,1,4,4,1,3,3,5,3,2,2,2,2,2,2,2,2,2,4,3,4,0.222644901,0.191602138,0.319901863,0,0,0,1,4,0,0,1,0,0,2,0,4,0,0,3,0,1,2,0,0,0,0,1,0,-9,0,1,0,0,1,1,0,0,1,0,1,0,2,1,0,0,1,0,1,0,2,1,0,0,0,1
3543,34,4,0.545722145,0,28518,0,0,1,4,0,0,0,1,0,4,4,4,1,1,5,5,5,5,5,5,1,1,1,1,3,2,2,1,2,2,2,0.241834436,0.390206493,0.957469111,1,1,0,0,2,0,0,1,0,0,2,0,4,0,1,2,0,0,3,1,0,0,0,1,0,-9,0,1,0,0,1,1,0,0,1,0,1,0,2,0,0,1,3,1,0,0,1,1,0,0,0,1
3545,51,4,0.529957645,0,54656,0,1,0,2,0,1,0,0,0,2,4,3,3,3,3,2,3,4,4,3,2,3,2,2,3,2,2,2,3,2,3,0.149186349,-0.723074945,-0.369893229,1,0,0,1,4,0,0,1,0,0,2,0,4,1,0,1,1,0,1,0,0,0,0,1,0,0,0,1,0,0,1,0,1,0,2,0,1,0,2,0,1,0,2,1,0,0,1,1,0,0,0,1
3550,4,4,2.857322847,0,72644,0,0,1,1,1,0,0,0,0,1,4,2,4,5,1,1,1,5,4,4,2,2,2,2,2,2,2,3,2,2,2,1.055980294,-0.495238238,0.872148626,0,0,1,0,3,0,0,1,0,0,2,0,4,0,1,2,0,1,2,0,1,0,0,1,0,-9,0,1,0,0,1,1,0,0,1,1,0,0,1,1,0,0,1,1,0,0,1,1,0,0,0,1
3551,24,4,0.433562939,0,55433,0,1,0,1,1,0,0,0,0,1,4,3,3,4,1,1,1,1,1,1,2,2,2,2,2,2,2,2,4,3,4,0.194700156,0.430550118,-0.380840917,1,0,0,1,4,1,1,1,0,0,2,0,4,0,1,2,1,0,1,0,0,0,0,0,0,-9,0,0,1,0,2,0,0,1,3,0,0,1,3,0,0,1,3,1,0,0,1,0,0,1,0,3
3552,15,2,0.485459615,0,47546,0,1,0,2,0,1,0,0,0,2,3,3,4,3,2,2,1,3,4,3,1,1,1,1,2,2,1,2,2,3,3,-0.012715474,-0.904364009,-0.528778741,1,1,0,0,2,0,0,1,0,0,2,0,4,0,1,2,0,0,3,1,0,0,1,0,0,-9,0,1,0,0,1,0,0,1,3,1,0,0,1,0,0,1,3,1,0,0,1,1,0,0,0,1
3555,21,4,1.324407522,0,20794,0,1,0,1,1,0,0,0,0,2,4,1,4,4,2,2,2,3,4,3,2,2,2,2,2,2,2,2,4,3,4,0.012890347,-0.554305802,-0.073686023,0,0,1,0,3,0,1,1,0,0,2,0,4,0,1,2,0,0,3,0,0,0,0,1,0,-9,0,0,1,0,2,0,0,1,3,0,0,1,3,0,0,1,3,0,1,0,2,0,1,0,0,2
3556,34,4,0.313889514,0,28711,0,0,1,5,0,0,0,0,1,4,6,5,1,1,1,5,5,2,5,2,3,3,3,3,3,1,1,1,2,2,2,1.154275397,0.853376384,-0.560099025,1,0,0,1,4,0,1,1,0,0,2,0,4,0,1,2,0,1,2,0,0,0,0,0,0,-9,0,1,0,0,1,1,0,0,1,1,0,0,1,1,0,0,1,1,0,0,1,1,0,0,0,1
3559,3,4,0.081455446,0,85614,0,1,0,3,0,0,1,0,0,3,4,4,2,3,2,4,2,4,5,4,2,1,2,2,2,2,2,3,4,2,3,1.143561128,0.58302064,-0.624536079,0,0,0,1,4,0,1,1,0,0,2,0,4,0,0,3,0,1,2,0,0,0,0,1,0,-9,0,1,0,0,1,1,0,0,1,0,0,1,3,1,0,0,1,1,0,0,1,1,0,0,0,1
3560,22,4,1.932123167,0,2116,1,0,0,3,0,0,1,0,0,3,1,4,2,4,1,1,1,2,4,2,1,1,1,1,1,2,1,3,1,2,4,0.479826947,0.541263697,-0.081100304,1,0,0,1,4,0,1,1,0,0,2,0,4,0,0,3,1,0,1,0,0,0,0,0,0,-9,0,0,0,1,3,0,0,1,3,0,0,1,3,0,0,1,3,0,0,1,3,0,0,0,1,4
3561,16,4,1.175605282,0,52241,0,1,0,1,1,0,0,0,0,2,4,3,4,4,1,4,2,4,4,5,2,2,2,2,2,2,2,2,2,2,3,1.170674855,-0.317815814,1.127957742,1,0,0,1,4,0,0,1,0,0,2,0,4,1,0,1,1,0,1,0,0,0,0,0,0,-9,0,0,1,0,2,0,0,1,3,0,1,0,2,0,0,1,3,1,0,0,1,0,0,0,1,4
3563,7,4,2.080222197,0,6413,0,1,0,2,0,1,0,0,0,2,6,3,4,4,2,2,2,4,4,3,2,2,2,2,2,2,2,2,4,3,3,-0.168030179,-0.338161502,0.461592308,1,0,1,0,3,1,1,1,0,0,2,0,4,0,0,3,0,1,2,0,0,0,0,1,0,-9,0,1,0,0,1,1,0,0,1,0,1,0,2,0,0,1,3,0,1,0,2,0,0,1,0,3
3564,14,4,4.792398664,0,60645,1,0,0,2,0,1,0,0,0,1,1,1,1,5,1,1,1,1,4,1,1,1,1,1,1,1,1,3,2,2,1,0.263565472,-0.098310103,0.575783037,0,0,0,1,4,0,1,0,0,0,2,0,5,0,0,3,1,0,1,0,0,0,0,1,0,-9,0,0,0,1,3,0,0,1,3,1,0,0,1,0,1,0,2,0,1,0,2,0,0,0,1,4
3565,23,4,1.733351346,0,48145,0,1,0,2,0,1,0,0,0,3,2,2,4,4,1,2,2,3,3,2,2,2,2,2,2,2,2,3,4,3,4,0.004125233,-0.695651804,-1.526309785,1,0,0,1,4,0,0,1,0,0,2,0,4,0,1,2,0,1,2,0,0,0,0,1,0,-9,0,1,0,0,1,1,0,0,1,0,0,1,3,1,0,0,1,1,0,0,1,1,0,0,0,1
3567,28,4,0.335955517,0,68108,1,0,0,2,0,1,0,0,0,3,2,4,1,3,1,4,1,4,5,3,3,2,3,3,2,1,2,2,2,2,2,0.755264281,0.615581799,-0.079376743,1,0,1,1,4,0,0,1,0,0,2,0,4,1,0,1,0,1,2,0,0,0,0,1,0,1,1,0,0,1,3,0,0,1,3,0,0,1,3,0,0,1,3,1,0,0,1,0,0,0,1,4
3568,26,4,1.469093867,0,64137,0,1,0,3,0,0,1,0,0,2,4,4,2,4,1,2,2,4,5,5,3,3,2,1,3,1,1,3,2,2,2,0.889887987,-0.344122924,0.022862874,1,0,1,0,3,0,0,1,0,0,2,0,4,0,1,2,1,0,1,0,0,0,0,0,0,-9,0,1,0,0,1,1,0,0,1,0,0,1,3,1,0,0,1,1,0,0,1,0,1,0,0,2
3569,20,2,0.451934665,0,4001,0,0,0,3,0,0,1,0,0,3,4,3,4,3,1,4,1,4,4,3,2,3,3,3,1,2,2,2,3,2,4,0.584163884,-0.085263777,-0.150932543,1,0,1,0,3,0,0,1,0,0,2,0,4,1,0,1,1,0,1,0,0,0,1,1,0,1,1,0,0,0,0,0,0,0,0,0,0,0,0,0,0,0,0,0,0,0,0,0,0,0,0,0
3570,34,4,0.950756779,0,28054,0,1,0,4,0,0,0,1,0,4,5,5,1,3,1,3,3,4,4,4,2,2,1,2,2,1,1,2,2,2,2,-0.339942729,0.328580513,-0.665312779,1,0,0,1,4,0,0,1,0,0,2,0,4,0,1,2,0,1,2,0,0,0,0,1,0,-9,0,1,0,0,1,0,1,0,2,0,1,0,2,0,0,1,3,1,0,0,1,0,1,0,0,2
3571,33,4,0.388521202,0,12180,1,0,0,1,1,0,0,0,0,1,2,0,3,4,2,2,1,4,5,4,2,2,2,2,2,2,2,2,4,3,4,1.437099805,-0.960424772,1.158611655,1,0,0,1,4,1,1,1,0,0,2,0,4,0,1,2,1,0,1,0,0,0,0,1,0,-9,0,0,0,1,3,0,0,1,3,1,0,0,1,0,0,1,3,1,0,0,1,0,0,1,0,3
3572,18,4,0.578248955,0,40033,0,1,0,4,0,0,0,1,0,2,4,5,5,5,4,5,1,5,5,5,1,1,3,1,1,3,2,3,3,3,1,1.316904491,0.714949998,-0.328663371,1,0,0,0,1,0,0,1,0,0,2,0,4,1,0,1,1,0,1,0,1,0,0,0,1,1,1,1,0,0,1,0,1,0,2,0,1,0,2,0,0,1,3,1,0,0,1,1,0,0,0,1
3573,33,4,0.770920963,0,12117,0,0,1,3,0,0,1,0,0,4,5,4,1,5,1,1,1,1,4,1,2,2,2,2,1,2,2,3,4,4,4,-0.423722108,-0.483918247,-1.488521566,0,0,1,0,3,0,0,1,0,0,2,0,4,1,0,1,0,1,2,0,0,0,0,1,0,-9,0,1,0,0,1,1,0,0,1,0,1,0,2,1,0,0,1,1,0,0,1,1,0,0,0,1
3576,36,2,6.199503659,0,45342,0,1,0,2,0,1,0,0,0,3,5,3,4,2,1,1,1,1,4,2,2,2,2,2,2,2,2,2,4,3,4,-0.757181348,1.107199488,0.000877159,0,0,1,0,3,1,1,1,0,0,2,0,4,0,0,3,0,1,2,0,0,0,1,0,0,1,1,1,0,0,1,0,1,0,2,0,1,0,2,0,1,0,2,1,0,0,1,0,1,0,0,2
3579,3,4,0.000519729,1,85713,0,1,0,1,1,0,0,0,0,1,4,1,4,5,1,1,1,1,1,1,2,2,2,2,2,2,2,2,4,3,4,1.046031586,-0.309824408,0.706265965,1,0,0,1,4,0,0,1,0,0,2,0,4,1,0,1,1,0,1,0,0,0,0,1,0,1,1,0,1,0,2,0,1,0,2,0,1,0,2,0,1,0,2,1,0,0,1,0,0,1,0,3
3581,39,2,0.730442897,0,17315,0,1,0,2,0,1,0,0,0,1,4,1,5,5,1,1,1,3,3,3,2,2,2,2,2,2,2,3,1,3,3,1.401978257,0.239655828,0.613484106,0,0,0,1,4,0,0,1,0,0,2,0,4,0,1,2,0,0,3,0,0,0,0,1,0,1,1,1,0,0,1,0,1,0,2,1,0,0,1,0,0,1,3,1,0,0,1,0,0,1,0,3
3582,1,4,1.036207882,0,35757,0,1,0,3,0,0,1,0,0,3,5,4,2,4,3,4,4,3,5,5,1,1,2,3,3,2,2,2,3,3,3,0.063229936,0.417114882,0.023371152,1,0,1,0,3,1,1,1,0,0,2,0,4,1,0,1,0,1,2,1,0,0,0,1,0,1,1,1,0,0,1,1,0,0,1,0,1,0,2,0,0,1,3,1,0,0,1,1,0,0,0,1
3585,23,1,3.567530511,0,49004,0,1,0,3,0,0,1,0,0,3,4,4,4,4,3,4,4,4,4,4,2,2,1,3,2,1,1,3,3,3,1,0.082519574,0.753626858,-0.016342297,1,1,0,0,2,0,1,1,0,0,2,0,4,0,0,3,0,0,3,1,0,0,1,1,0,1,1,1,0,0,1,1,0,0,1,0,1,0,2,0,0,1,3,1,0,0,1,1,0,0,0,1
3586,33,4,0.075315407,0,14613,0,1,0,3,0,0,1,0,0,1,3,3,3,5,3,3,1,5,5,5,1,1,1,1,1,1,2,3,3,2,2,1.303838864,1.025046451,0.875345561,0,0,1,0,3,0,0,0,1,0,2,0,2,1,0,1,0,1,2,0,0,0,0,1,0,-9,0,0,0,1,3,0,1,0,2,1,0,0,1,1,0,0,1,1,0,0,1,0,0,0,1,4
3587,34,4,1.507972149,0,27537,0,1,0,3,0,0,1,0,0,2,5,3,5,5,1,1,1,4,4,1,2,2,2,2,2,2,2,2,1,3,1,-1.314419614,-0.293081265,0.610874551,0,0,0,1,4,0,1,1,0,0,2,0,4,0,1,2,1,0,1,0,0,0,0,1,0,-9,0,1,0,0,1,1,0,0,1,0,1,0,2,1,0,0,1,1,0,0,1,1,0,0,0,1
3588,39,4,0.675561608,0,15108,0,1,0,1,1,0,0,0,0,1,5,1,4,5,1,1,4,1,3,1,2,2,2,2,2,2,2,2,1,3,1,0.419816095,-0.969034941,-0.199083058,1,0,0,1,4,1,1,1,0,0,2,0,4,0,0,3,0,1,2,0,0,0,0,1,0,-9,0,1,0,0,1,0,1,0,2,0,1,0,2,0,0,1,3,1,0,0,1,0,1,0,0,2
3591,10,2,0.416501587,1,33558,0,1,0,2,0,1,0,0,0,3,4,4,3,3,3,3,3,3,3,3,2,2,2,2,2,2,2,2,3,3,4,-0.583116222,0.491939093,-0.823056731,0,0,1,0,3,1,1,1,0,0,2,0,4,1,0,1,1,0,1,0,0,0,1,0,0,1,1,1,0,0,1,1,0,0,1,0,0,1,3,0,1,0,2,1,0,0,1,1,0,0,0,1
3592,42,4,2.462530929,0,29526,0,1,0,2,0,1,0,0,0,1,2,3,4,1,2,2,2,5,4,3,1,1,3,3,2,2,1,2,3,3,3,0.236201099,-0.009392363,0.159559624,0,0,1,0,3,0,0,1,0,0,2,0,4,1,0,1,1,0,1,0,1,0,0,1,0,-9,0,1,0,0,1,0,1,0,2,0,1,0,2,0,1,0,2,1,0,0,1,1,0,0,0,1
3593,5,4,0.091467322,0,95240,1,0,0,3,0,0,1,0,0,3,5,4,2,5,2,2,2,4,4,4,1,1,2,1,2,2,2,2,3,3,3,0.335281936,0.585838172,0.097878787,1,0,0,1,4,0,0,1,0,0,2,0,4,0,1,2,0,1,2,0,0,0,0,1,0,-9,0,0,0,1,3,0,0,1,3,0,1,0,2,0,0,1,3,1,0,0,1,0,0,1,0,3
3598,23,4,0.826535989,0,49315,0,1,0,1,1,0,0,0,0,2,5,1,3,4,2,4,3,4,4,4,2,2,2,2,2,1,1,2,4,3,3,1.726543696,0.548065619,-0.29906586,0,0,0,1,4,0,0,1,0,0,2,0,4,0,1,2,0,1,2,0,1,0,0,1,0,-9,0,1,0,0,1,1,0,0,1,0,1,0,2,0,0,1,3,1,0,0,1,1,0,0,0,1
3599,10,2,1.060647614,0,34606,0,1,0,4,0,0,0,1,0,2,5,3,1,4,3,3,3,4,4,4,1,1,1,2,1,2,2,3,3,3,3,-0.406839243,0.133943191,-0.079078608,0,0,1,0,3,0,0,1,0,0,2,0,4,0,1,2,0,0,3,0,0,0,1,1,0,1,1,1,0,0,1,1,0,0,1,0,1,0,2,0,1,0,2,1,0,0,1,0,1,0,0,2
3603,24,4,0.555326866,0,55376,0,0,1,2,0,1,0,0,0,2,3,2,2,3,2,2,3,2,3,2,3,3,2,2,2,2,2,2,4,4,4,-0.2157532,0.210871164,0.070948831,0,0,0,1,4,0,0,1,0,0,2,0,4,0,1,2,0,1,2,0,0,0,0,0,0,1,1,1,0,0,1,1,0,0,1,0,1,0,2,1,0,0,1,1,0,0,1,1,0,0,0,1
3604,1,2,2.794484573,0,35565,0,1,0,4,0,0,0,1,0,3,3,4,2,3,1,4,1,5,5,5,1,2,2,2,3,2,2,2,2,2,3,0.867686973,0.647752352,-0.109338915,1,0,1,0,3,0,0,1,0,0,2,0,4,0,1,2,0,1,2,0,0,0,1,1,0,-9,0,1,0,0,1,1,0,0,1,1,0,0,1,0,1,0,2,1,0,0,1,1,0,0,0,1
3606,31,4,1.092049029,0,7726,0,1,0,3,0,0,1,0,0,3,5,4,4,2,2,4,4,4,4,4,1,3,2,2,2,1,1,1,2,2,4,0.60422302,-0.398693968,-1.265516767,1,0,0,1,4,0,1,1,0,0,2,0,4,0,0,3,0,1,2,0,0,0,0,1,0,1,1,1,0,0,1,0,1,0,2,0,1,0,2,0,0,1,3,1,0,0,1,0,0,1,0,3
3607,10,4,0.497109753,0,34235,0,1,0,2,0,1,0,0,0,1,4,2,4,4,3,4,4,4,4,5,2,2,2,2,2,2,2,3,2,2,3,1.021838144,-0.381396592,0.148172096,0,0,0,1,4,0,1,1,0,0,2,0,4,0,0,3,0,1,2,0,0,0,0,0,0,-9,0,0,1,0,2,1,0,0,1,1,0,0,1,0,1,0,2,1,0,0,1,0,0,1,0,3
3610,10,2,3.277952866,1,33409,1,0,0,4,0,0,0,1,0,3,5,5,2,4,3,4,4,5,5,5,2,2,2,3,3,2,2,2,3,2,3,0.425544984,-0.420933271,0.05890929,1,0,0,1,4,0,1,1,0,0,2,0,4,0,0,3,0,1,2,0,0,0,0,0,0,-9,0,0,0,1,3,0,0,1,3,0,0,1,3,1,0,0,1,1,0,0,1,0,0,1,0,3
3611,36,2,1.751725884,0,44511,0,1,0,3,0,0,1,0,0,3,3,4,3,3,3,3,3,3,4,3,2,2,2,2,2,2,2,2,3,3,3,-0.345369959,0.337691184,-0.305059342,1,1,0,0,2,0,0,1,1,0,1,1,1,1,0,1,0,0,3,1,0,0,1,1,1,-9,0,0,1,0,2,1,0,0,1,1,0,0,1,1,0,0,1,1,0,0,1,1,0,0,0,1
3612,36,2,0.992041835,0,44130,0,1,0,3,0,0,1,0,0,2,5,3,4,3,1,2,1,4,3,2,2,2,2,2,2,2,2,2,4,3,4,-1.916268136,-0.128894476,1.121773734,1,0,1,0,3,0,0,1,0,0,2,0,4,0,1,2,0,1,2,0,1,0,1,1,0,1,1,0,1,0,2,0,1,0,2,0,1,0,2,0,1,0,2,1,0,0,1,0,0,1,0,3
3617,10,4,0.859010913,0,34773,0,0,1,3,0,0,1,0,0,3,5,3,4,5,4,3,4,5,4,5,2,3,2,2,2,2,2,2,3,2,4,0.827048132,0.225728018,0.699094893,1,0,1,0,3,0,0,1,0,0,2,0,4,1,0,1,0,0,3,0,1,0,0,1,0,1,1,0,0,0,0,0,0,0,0,0,0,0,0,0,0,0,0,0,0,0,0,0,0,0,0,0
3618,31,4,8.601347911,0,8230,0,1,0,2,0,1,0,0,0,2,4,3,2,4,4,4,3,4,4,4,2,2,2,2,2,2,2,2,3,3,3,0.33289145,-0.08494833,0.070488369,0,0,1,0,3,0,0,1,0,0,2,0,4,0,0,3,1,0,1,0,0,0,0,1,0,-9,0,1,0,0,1,1,0,0,1,0,1,0,2,0,1,0,2,1,0,0,1,1,0,0,0,1
3619,18,4,9.648935821,0,40513,0,1,0,2,0,1,0,0,0,3,6,1,3,4,3,3,3,3,3,3,2,2,2,2,2,2,2,2,3,3,3,0.139027387,0.817408334,-0.006275474,1,0,1,0,3,0,1,0,0,1,2,0,3,0,0,3,0,0,3,0,0,0,0,1,0,-9,0,1,0,0,1,0,1,0,2,0,0,1,3,0,0,1,3,1,0,0,1,0,0,1,0,3
3623,34,4,2.303491222,0,27592,0,1,0,3,0,0,1,0,0,2,5,3,1,5,1,1,1,4,5,5,1,1,1,1,2,2,2,3,4,3,3,0.609724216,0.222302243,0.677420693,0,0,0,1,4,1,1,1,0,0,2,0,4,0,0,3,0,1,2,0,0,0,0,1,0,1,1,1,0,0,1,1,0,0,1,0,1,0,2,0,1,0,2,1,0,0,1,1,0,0,0,1
3624,11,4,0.71964801,0,30906,0,1,0,3,0,0,1,0,0,3,3,5,3,3,3,3,2,5,5,2,2,2,2,2,2,2,2,2,4,4,4,1.306059417,-1.139601474,1.046141834,1,0,1,0,3,0,0,1,0,0,2,0,4,1,0,1,0,0,3,0,0,0,0,1,0,1,1,1,0,0,1,1,0,0,1,0,0,1,3,0,1,0,2,1,0,0,1,1,0,0,0,1
3625,22,4,0.12481433,0,2048,0,1,0,1,1,0,0,0,0,1,3,2,2,4,3,4,2,4,4,4,1,1,1,1,2,2,2,2,3,3,3,1.019659726,0.918676048,0.676970545,1,0,0,1,4,1,1,1,0,0,2,0,4,1,0,1,1,0,1,0,0,0,0,1,0,0,0,1,0,0,1,0,1,0,2,0,1,0,2,0,1,0,2,0,1,0,2,1,0,0,0,1
3627,4,4,0.638306117,0,71832,0,1,0,2,0,1,0,0,0,2,5,3,5,5,2,4,2,5,5,5,3,3,2,3,3,2,2,2,1,2,3,0.183536236,0.368226752,-0.282519422,1,0,1,0,3,0,0,1,0,0,2,0,4,1,0,1,0,1,2,0,0,0,0,1,0,-9,0,1,0,0,1,1,0,0,1,1,0,0,1,0,0,1,3,1,0,0,1,1,0,0,0,1
3628,44,4,0.451983143,0,37687,0,0,1,3,0,0,1,0,0,3,1,3,1,5,1,3,3,1,5,3,2,2,2,2,2,2,2,2,3,3,4,-0.962104337,-1.385278448,-1.113396168,0,0,0,1,4,0,0,1,0,0,2,0,4,1,0,1,1,0,1,0,0,0,0,1,0,-9,0,1,0,0,1,1,0,0,1,1,0,0,1,1,0,0,1,1,0,0,1,1,0,0,0,1
3629,48,4,0.444773179,0,23831,0,1,0,2,0,1,0,0,0,2,3,3,3,5,3,3,1,5,5,3,2,1,3,3,1,1,2,2,2,2,2,1.633666293,-0.410206662,0.414491772,1,0,0,1,4,0,0,1,0,0,2,0,4,1,0,1,1,0,1,0,0,0,0,0,0,1,1,1,0,0,1,1,0,0,1,0,0,1,3,0,1,0,2,1,0,0,1,1,0,0,0,1
3633,34,4,0.673533402,0,27332,0,1,0,3,0,0,1,0,0,3,4,3,4,5,2,1,3,4,4,3,2,1,1,3,2,2,2,2,4,3,2,-0.665305323,-0.837717448,-1.62373465,0,0,0,1,4,1,1,1,0,0,2,0,4,0,1,2,1,0,1,0,0,0,0,1,0,1,1,1,0,0,1,1,0,0,1,0,1,0,2,0,1,0,2,1,0,0,1,1,0,0,0,1
3635,23,4,0.481857872,0,48130,0,1,0,4,0,0,0,1,0,4,2,4,3,5,4,3,3,5,5,3,1,3,3,3,3,2,3,3,4,2,2,-0.323687517,-0.27918355,-0.797550355,1,0,1,0,3,0,1,1,0,0,2,0,4,1,0,1,1,0,1,0,0,0,0,0,0,-9,0,1,0,0,1,1,0,0,1,1,0,0,1,1,0,0,1,1,0,0,1,1,0,0,0,1
3637,33,4,0.100852539,0,11379,1,0,0,3,0,0,1,0,0,4,5,4,2,3,2,2,1,1,4,3,1,1,1,1,1,1,1,3,1,2,1,-0.78137468,0.172321831,-1.190145629,0,0,0,1,4,1,1,1,0,0,2,0,4,1,0,1,1,0,1,0,0,0,0,1,0,1,1,0,0,1,3,0,0,1,3,0,0,1,3,0,1,0,2,0,0,1,3,0,0,0,1,4
3641,33,2,3.633045472,0,10567,0,1,0,2,0,1,0,0,0,3,6,2,1,5,1,1,1,2,5,1,1,1,1,1,1,1,1,1,1,3,1,1.355862611,1.081607762,0.823512296,1,0,0,1,4,0,1,1,0,0,2,0,4,0,0,3,0,1,2,0,0,0,1,1,0,-9,0,1,0,0,1,1,0,0,1,1,0,0,1,0,0,1,3,0,1,0,2,0,1,0,0,2
3642,10,4,0.90816323,1,33763,1,0,0,2,0,1,0,0,0,2,4,1,4,2,1,1,1,2,5,3,2,2,2,2,2,2,2,2,4,2,3,0.822963613,0.714254072,0.976118946,0,0,0,1,4,1,1,1,0,0,2,0,4,0,1,2,0,1,2,0,0,0,0,0,0,-9,0,0,0,1,3,0,0,1,3,0,0,1,3,1,0,0,1,1,0,0,1,0,0,1,0,3
3644,31,4,0.734064399,0,7856,0,1,0,3,0,0,1,0,0,3,3,3,4,5,2,4,1,5,4,4,1,1,2,1,1,1,1,2,2,2,3,0.427805452,-0.265708701,-1.013495593,1,0,1,0,3,0,0,1,0,0,2,0,4,1,0,1,1,0,1,0,1,0,0,1,0,-9,0,1,0,0,1,0,1,0,2,0,1,0,2,0,0,1,3,1,0,0,1,0,1,0,0,2
3649,42,4,0.24165059,0,29902,0,1,0,1,1,0,0,0,0,1,5,4,1,5,2,1,4,5,5,4,3,1,2,2,2,2,2,3,3,2,3,0.819620325,-0.515465835,-0.102974622,1,0,0,1,4,0,1,1,0,0,2,0,4,1,0,1,0,1,2,0,1,0,0,0,0,-9,0,1,0,0,1,0,1,0,2,1,0,0,1,0,0,1,3,1,0,0,1,0,1,0,0,2
3652,15,2,0.945016063,0,46307,0,1,0,4,0,0,0,1,0,4,3,5,1,5,2,1,2,5,5,4,1,2,2,2,2,2,2,3,4,2,4,0.160263377,-0.257316467,-0.18206739,1,0,0,1,4,0,0,1,0,0,2,0,4,1,0,1,0,1,2,0,1,0,1,0,0,1,1,1,0,0,1,1,0,0,1,0,1,0,2,1,0,0,1,1,0,0,1,1,0,0,0,1
3655,10,4,0.314141838,0,33966,0,1,0,2,0,1,0,0,0,2,5,5,2,4,1,5,3,5,5,3,2,2,2,1,1,1,2,3,3,3,3,-0.533198794,-1.538797749,1.17930712,1,0,0,1,4,0,0,1,0,0,2,0,4,1,0,1,1,0,1,0,0,0,0,0,1,-9,0,0,0,0,0,0,0,0,0,0,0,0,0,0,0,0,0,0,0,0,0,0,0,0,0,0
3656,41,4,0.882398019,0,2893,0,1,0,3,0,0,1,0,0,2,4,3,5,5,1,4,3,5,5,3,2,3,3,3,3,1,1,3,3,2,2,1.590801698,-1.20805432,0.17527081,0,0,0,1,4,0,1,1,0,0,2,0,4,0,0,3,0,1,2,0,1,0,0,1,0,-9,0,0,1,0,2,0,1,0,2,1,0,0,1,0,0,1,3,1,0,0,1,0,0,0,1,4
3658,45,4,0.432009885,1,75234,1,0,0,4,0,0,0,1,0,3,4,3,3,4,2,4,2,3,4,4,2,2,2,2,2,2,2,2,3,3,3,-0.15004616,-0.874377684,-0.61642247,1,0,0,1,4,0,0,1,0,0,2,0,4,1,0,1,1,0,1,0,1,0,0,0,0,-9,0,0,0,1,3,0,0,1,3,0,0,1,3,0,1,0,2,0,1,0,2,0,0,0,1,4
3660,4,4,0.243079581,0,72904,0,1,0,3,0,0,1,0,0,1,5,0,1,4,1,4,3,4,3,2,2,2,2,2,2,3,3,3,2,2,1,-1.352287206,-1.015340969,0.230852092,1,1,0,0,2,0,0,1,0,0,2,0,4,1,0,1,0,1,2,1,0,0,0,0,1,-9,0,0,1,0,2,1,0,0,1,0,1,0,2,0,1,0,2,1,0,0,1,1,0,0,0,1
3661,23,2,0.900134329,0,48439,0,1,0,2,0,1,0,0,0,1,2,2,3,4,1,4,4,3,5,3,2,1,3,3,3,2,2,3,2,2,2,0.513361237,0.284230236,-0.429148299,1,1,0,0,2,0,1,1,0,0,2,0,4,0,1,2,1,0,1,0,0,0,1,0,0,-9,0,1,0,0,1,0,1,0,2,0,1,0,2,0,1,0,2,1,0,0,1,1,0,0,0,1
3662,10,4,1.11531555,0,33952,0,1,0,4,0,0,0,1,0,3,5,5,2,5,2,1,2,5,5,4,1,1,1,1,1,2,2,1,4,2,4,-0.146309277,-0.8721947,1.122790701,1,0,0,1,4,1,1,1,0,0,1,1,1,1,0,1,0,0,3,0,0,0,0,1,0,1,1,0,1,0,2,0,1,0,2,0,0,1,3,0,1,0,2,1,0,0,1,0,1,0,0,2
3663,45,2,1.731670926,1,77433,0,1,0,4,0,0,0,1,0,2,3,3,3,3,3,4,4,3,4,3,2,2,2,2,2,2,2,2,4,4,4,-1.782377367,0.890276423,-1.594259398,1,1,0,0,2,0,0,1,0,0,1,1,1,1,0,1,0,1,2,1,0,0,1,1,0,-9,0,1,0,0,1,1,0,0,1,0,0,1,3,0,0,1,3,1,0,0,1,1,0,0,0,1
3666,45,4,0.393884796,1,76114,0,1,0,2,0,1,0,0,0,2,4,3,4,4,2,2,3,4,4,2,2,2,2,2,2,1,1,3,4,2,4,-0.130603942,0.46558929,-0.473535913,0,0,0,1,4,1,1,1,0,0,2,0,4,1,0,1,1,0,1,0,0,0,0,1,0,1,1,0,1,0,2,0,1,0,2,1,0,0,1,0,0,1,3,1,0,0,1,0,1,0,0,2
3667,45,4,0.788334336,0,78390,0,1,0,3,0,0,1,0,0,3,4,3,3,3,1,4,1,4,4,1,2,2,2,2,2,2,2,2,3,2,4,-0.196834424,0.106139574,-1.729876959,1,0,1,0,3,0,0,1,0,0,2,0,4,0,0,0,0,1,2,0,0,0,0,1,0,1,1,1,0,0,1,1,0,0,1,0,1,0,2,0,0,1,3,1,0,0,1,1,0,0,0,1
3670,5,4,10.37724954,0,94116,1,0,0,2,0,1,0,0,0,2,5,2,2,4,3,2,2,4,5,3,1,1,2,3,1,3,2,2,1,2,3,0.749023876,1.421799126,-0.084542304,0,0,0,1,4,1,1,0,0,1,2,0,3,0,1,2,0,1,2,0,0,0,0,0,0,0,0,0,0,1,3,0,0,1,3,1,0,0,1,0,0,1,3,0,0,1,3,0,0,0,1,4
3671,38,4,1.89E-06,0,97537,0,0,1,3,0,0,1,0,0,2,5,2,4,5,1,1,1,4,3,3,2,2,2,2,2,2,2,2,4,3,3,-0.680411207,0.104148403,-0.523403697,0,0,1,1,4,0,0,1,0,0,2,0,4,0,1,2,0,1,2,0,0,0,0,0,0,1,1,1,0,0,1,1,0,0,1,1,0,0,1,0,0,1,3,1,0,0,1,1,0,0,0,1
3674,11,4,0.264391766,0,30741,0,1,0,1,1,0,0,0,0,3,5,1,4,4,3,3,1,4,5,5,2,2,2,2,1,2,2,3,4,2,4,0.906034847,-0.45103142,0.885841603,0,0,0,1,4,0,0,1,0,0,2,0,4,1,0,1,0,1,2,0,0,0,0,0,0,-9,0,1,0,0,1,1,0,0,1,1,0,0,1,0,1,0,2,1,0,0,1,1,0,0,0,1
3675,33,4,0.508173748,0,10027,1,0,0,3,0,0,1,0,0,3,6,3,4,4,4,4,4,4,4,4,1,1,1,1,1,1,1,1,1,1,1,0.33758843,-0.085100008,-0.251789612,1,0,1,0,3,0,0,0,1,0,2,0,2,1,0,1,1,0,1,0,1,0,0,0,1,-9,0,0,0,1,3,0,0,1,3,0,0,1,3,0,0,1,3,0,0,1,3,0,0,0,1,4
3676,48,4,0.448733641,0,23185,0,1,0,5,0,0,0,0,1,4,4,5,1,4,3,1,1,4,4,3,2,2,2,2,2,2,2,3,4,3,4,-1.31697069,-1.073650524,-1.050862122,0,0,0,1,4,1,1,1,0,0,2,0,4,1,0,1,0,1,2,0,0,0,0,1,0,-9,0,1,0,0,1,0,1,0,2,0,0,1,3,0,0,1,3,1,0,0,1,0,1,0,0,2
3678,26,4,0.276124573,0,63601,0,0,1,2,0,1,0,0,0,1,5,2,2,5,2,2,5,5,1,1,2,1,1,1,2,2,2,3,4,2,1,-0.113143419,1.126581455,-0.275879403,1,0,0,1,4,0,0,1,0,0,2,0,4,1,0,1,0,0,3,0,0,0,0,1,0,-9,0,1,0,0,1,1,0,0,1,1,0,0,1,0,0,1,3,1,0,0,1,1,0,0,0,1
3679,10,4,1.081109894,0,32208,0,1,0,2,0,1,0,0,0,2,3,2,4,5,1,2,1,4,4,1,2,2,1,1,2,2,2,2,3,3,4,-0.225485181,-0.318191994,-0.904227411,1,0,1,0,3,0,0,1,0,0,2,0,4,1,0,1,0,0,3,0,0,0,0,1,1,-9,0,0,1,0,2,1,0,0,1,0,1,0,2,1,0,0,1,1,0,0,1,0,0,1,0,3
3680,36,4,0.641134568,0,44890,0,1,0,2,0,1,0,0,0,2,3,2,4,4,1,2,1,4,5,4,2,2,2,2,2,2,2,2,3,3,4,0.845722482,-1.455316206,1.323069622,1,0,0,1,4,0,0,1,0,0,2,0,4,1,0,1,0,1,2,0,0,0,0,1,0,-9,0,1,0,0,1,1,0,0,1,0,1,0,2,1,0,0,1,1,0,0,1,1,0,0,0,1
3681,20,2,1.396357219,0,4736,0,1,0,3,0,0,1,0,0,2,1,2,3,3,3,2,2,3,4,3,2,1,2,2,2,2,2,2,3,2,4,0.547703801,-0.517949796,-0.380033062,1,0,1,1,4,1,1,1,0,0,2,0,4,0,0,3,0,0,3,0,0,0,0,1,0,-9,0,1,0,0,1,1,0,0,1,1,0,0,1,0,0,1,3,1,0,0,1,1,0,0,0,1
3682,38,4,1.86E-07,0,97351,0,1,0,2,0,1,0,0,0,1,2,2,5,5,1,1,1,4,5,1,2,2,2,2,2,2,2,2,4,2,2,0.470410175,-1.485799145,0.305914543,1,0,0,1,4,0,0,1,0,0,2,0,4,1,0,1,1,0,1,0,1,0,0,1,1,1,1,1,0,0,1,1,0,0,1,1,0,0,1,0,0,1,3,1,0,0,1,1,0,0,0,1
3683,34,4,0.968517168,0,28468,0,1,0,2,0,1,0,0,0,2,5,3,4,3,1,1,1,2,4,1,2,2,2,2,2,1,2,2,4,3,3,-1.309921204,-0.807480863,1.663103359,0,0,0,1,4,0,1,1,0,0,2,0,4,0,0,3,0,0,3,0,0,0,0,1,0,-9,0,1,0,0,1,1,0,0,1,1,0,0,1,0,0,1,3,1,0,0,1,1,0,0,0,1
3685,36,2,7.907598631,0,45040,0,1,0,2,0,1,0,0,0,2,5,4,2,4,2,5,4,4,4,4,2,2,2,2,2,3,2,2,2,2,2,0.107209954,0.598512143,-0.06487621,1,0,1,0,3,1,1,1,0,0,2,0,4,0,0,3,0,1,2,0,0,0,0,1,0,-9,0,0,1,0,2,0,1,0,2,0,1,0,2,0,0,1,3,1,0,0,1,0,1,0,0,2
3688,49,2,0.009732183,0,98001,0,1,0,3,0,0,1,0,0,3,4,2,3,3,2,4,4,4,4,3,2,1,1,1,3,3,3,3,1,2,2,0.463678676,1.041894636,-0.44216136,1,1,0,0,2,0,0,1,0,0,1,1,1,0,1,2,0,0,3,1,0,0,0,1,0,-9,0,0,1,0,2,0,1,0,2,0,0,1,3,1,0,0,1,0,1,0,2,0,1,0,0,2
3689,49,4,0.03275624,0,98208,0,1,0,1,1,0,0,0,0,1,2,1,2,4,3,2,2,2,2,2,1,1,1,1,1,1,1,1,1,3,3,1.025812748,-0.15994644,-0.486885537,1,0,0,1,4,0,0,1,0,0,2,0,4,1,0,1,0,1,2,0,0,0,0,0,0,0,0,0,1,0,2,0,0,1,3,0,0,1,3,0,1,0,2,1,0,0,1,0,0,1,0,3
3690,49,4,0.016439288,0,98003,1,0,0,2,0,1,0,0,0,2,5,4,3,5,1,1,1,4,4,3,2,2,3,1,1,1,1,3,1,3,1,-1.382336052,-1.433958124,0.239572079,1,0,0,1,4,0,0,1,0,0,2,0,4,0,1,2,0,1,2,0,0,0,0,1,0,-9,0,0,0,1,3,0,0,1,3,0,0,1,3,0,1,0,2,1,0,0,1,0,0,0,1,4
3694,49,4,0.012968197,0,98271,0,1,0,5,0,0,0,0,1,4,4,4,1,3,4,2,1,4,5,3,2,2,2,2,2,3,2,2,1,3,1,-0.638448758,-0.259297371,-1.175115713,1,0,1,0,3,0,0,0,0,0,2,0,5,1,0,1,0,1,2,0,0,0,0,0,0,-9,0,1,0,0,1,1,0,0,1,0,1,0,2,0,1,0,2,1,0,0,1,1,0,0,0,1
3695,49,4,0.306446206,0,98001,0,1,0,1,1,0,0,0,0,3,6,1,4,3,1,1,1,2,4,4,2,2,2,2,2,2,2,2,1,3,3,0.2955717,-1.01353557,-0.604332887,0,0,0,1,4,0,0,1,1,0,2,0,2,0,1,2,0,1,2,0,0,0,0,0,0,-9,0,0,1,0,2,0,1,0,2,0,0,1,3,1,0,0,1,0,1,0,2,0,1,0,0,2
3696,49,4,0.086726878,0,98275,0,1,0,2,0,1,0,0,0,2,5,5,2,4,1,1,1,4,4,3,1,1,1,1,2,2,3,3,1,2,3,0.40498135,-0.678661698,0.513922592,0,0,0,1,4,1,1,1,0,0,2,0,4,0,0,3,0,0,3,1,0,0,0,1,0,-9,0,0,1,0,2,0,1,0,2,1,0,0,1,1,0,0,1,0,1,0,2,0,0,1,0,3
3701,49,2,0.103331276,0,98011,0,1,0,3,0,0,1,0,0,2,5,3,3,4,3,3,3,5,5,3,2,2,2,2,2,2,2,3,3,2,2,0.420560412,-0.348510296,-0.289055671,1,0,1,0,3,0,0,1,0,0,2,0,4,0,0,3,0,1,2,0,0,0,1,1,0,-9,0,0,1,0,2,0,0,1,3,0,0,1,3,0,1,0,2,1,0,0,1,0,0,1,0,3
3702,49,4,0.047487258,0,98125,1,0,0,2,0,1,0,0,0,4,4,3,4,5,3,4,3,5,5,4,2,2,2,2,2,2,3,2,3,3,1,0.59207854,-0.434545875,0.534388941,1,0,1,0,3,0,0,1,0,0,2,0,4,1,0,1,1,0,1,0,0,0,0,0,1,-9,0,0,0,1,3,0,0,1,3,0,1,0,2,0,0,1,3,1,0,0,1,0,0,0,1,4
3703,49,4,0.028498741,0,98012,0,1,0,2,0,1,0,0,0,4,3,5,1,5,3,5,2,5,5,4,2,2,2,2,3,2,2,1,4,4,3,0.854961218,-0.726124591,0.628226018,1,0,0,1,4,0,0,1,0,0,2,0,4,0,0,0,1,0,1,0,0,0,0,1,0,-9,0,0,1,0,2,0,1,0,2,1,0,0,1,1,0,0,1,1,0,0,1,0,0,1,0,3
3707,49,4,0.011488483,0,98155,0,1,0,2,0,1,0,0,0,1,5,5,3,4,2,1,1,5,5,3,2,3,2,2,2,2,2,3,4,2,3,0.468877387,-1.071751225,-0.387217799,1,0,0,1,4,0,0,1,0,0,2,0,4,1,0,1,0,1,2,0,1,0,0,1,0,0,0,0,1,0,2,0,1,0,2,0,1,0,2,1,0,0,1,1,0,0,1,0,0,1,0,3
3710,49,2,0.050253959,0,98133,1,0,0,3,0,0,1,0,0,2,5,4,2,3,2,4,1,4,4,4,1,1,1,1,1,2,2,2,3,3,3,-0.176566261,0.291209684,0.073135811,1,0,0,1,4,1,1,0,0,0,2,0,5,0,0,3,0,1,2,0,0,0,0,0,0,-9,0,0,0,1,3,0,0,1,3,0,1,0,2,0,1,0,2,1,0,0,1,0,0,0,1,4
3711,49,4,0.014684292,0,98008,1,0,0,2,0,1,0,0,0,2,4,3,4,2,2,2,2,3,2,2,2,2,2,2,2,2,2,2,4,3,4,-0.75147281,1.031515526,-0.837212907,1,0,1,0,3,0,0,0,0,0,1,1,1,0,0,0,0,1,2,0,0,0,0,0,0,0,0,0,0,1,3,0,0,1,3,0,1,0,2,1,0,0,1,1,0,0,1,0,0,0,1,4
3712,49,2,0.094619024,0,98168,0,1,0,3,0,0,1,0,0,3,5,3,4,2,1,1,1,4,4,2,2,3,3,3,3,1,2,2,1,2,2,-1.663800904,0.560611278,0.549175613,0,0,1,0,3,0,0,0,0,0,2,0,5,1,0,1,0,1,2,1,0,0,1,1,0,-9,0,0,1,0,2,0,1,0,2,0,0,1,3,0,1,0,2,0,1,0,2,0,0,1,0,3
3715,49,2,0.505683637,0,98045,0,1,0,4,0,0,0,1,0,2,5,4,2,4,1,1,2,5,5,4,1,1,2,1,2,2,2,2,3,3,3,0.06091363,0.960015325,0.937820378,0,1,0,0,2,0,0,1,0,0,2,0,4,0,0,3,0,0,3,0,0,0,0,1,0,-9,0,1,0,0,1,0,1,0,2,0,1,0,2,0,0,1,3,1,0,0,1,0,0,1,0,3
3718,49,4,0.032851345,0,98030,1,0,0,3,0,0,1,0,0,1,5,1,5,1,1,5,3,5,5,3,2,2,2,2,2,2,2,1,2,2,3,0.120483952,0.477941886,-0.014159224,1,1,0,0,2,0,0,0,0,0,2,0,5,0,1,2,0,0,3,1,0,0,0,0,0,-9,0,0,0,1,3,0,0,1,3,1,0,0,1,1,0,0,1,0,1,0,2,0,0,0,1,4
3719,49,2,0.010077806,0,98381,0,0,1,4,0,0,0,1,0,3,4,4,2,4,1,1,1,4,3,2,2,2,2,2,2,2,2,3,1,2,2,-1.059447093,0.946688449,-0.478203087,1,0,1,0,3,1,1,1,0,0,2,0,4,1,0,1,1,0,1,0,0,0,1,1,0,0,0,0,0,0,0,0,0,0,0,0,0,0,0,0,0,0,0,0,0,0,0,0,0,0,0,0
3720,49,2,0.03324495,0,98466,0,1,0,3,0,0,1,0,0,2,4,3,5,5,5,5,5,5,5,5,2,2,2,2,2,2,2,2,3,3,3,0.837977965,-0.485779711,1.121243376,1,0,1,0,3,0,0,1,0,0,2,0,4,1,0,1,0,1,2,0,0,0,0,1,0,1,1,0,1,0,2,0,1,0,2,1,0,0,1,1,0,0,1,1,0,0,1,0,0,0,1,4
3721,49,2,0.074091074,0,98372,0,1,0,1,1,0,0,0,0,1,5,4,3,2,3,3,1,4,5,4,2,2,2,2,2,2,2,2,3,3,4,0.759356223,-0.719500993,0.293898469,1,0,0,1,4,0,0,1,0,0,2,0,4,0,0,0,0,1,2,0,0,1,1,0,0,-9,0,0,1,0,2,0,0,1,3,0,0,1,3,0,1,0,2,0,1,0,2,0,1,0,0,2
3722,49,2,0.029354756,0,98059,0,1,0,2,0,1,0,0,0,2,5,3,4,2,2,2,2,3,4,3,2,3,2,2,3,2,2,2,4,2,2,0.15783911,1.090322326,-1.204186833,1,1,0,0,2,1,1,0,0,1,2,0,3,1,0,1,0,1,2,0,0,0,0,1,0,0,0,0,1,0,2,0,1,0,2,1,0,0,1,0,0,1,3,1,0,0,1,0,0,1,0,3
3723,49,4,0.372065697,0,98146,0,1,0,2,0,1,0,0,0,1,4,3,4,4,1,3,1,3,4,3,1,1,1,1,2,2,2,2,4,2,3,0.436071011,0.134735497,-0.303310369,0,0,1,0,3,0,0,0,0,0,2,0,5,0,0,3,0,1,2,0,0,0,0,1,0,-9,0,0,0,1,3,0,1,0,2,1,0,0,1,0,1,0,2,0,1,0,2,0,0,1,0,3
3724,49,2,0.101479142,0,98409,0,1,0,5,0,0,0,0,1,3,1,1,3,4,1,3,1,4,3,3,2,2,2,2,2,2,2,2,4,2,4,-1.241275536,-1.017148779,1.581284505,0,1,0,0,2,0,0,1,0,0,2,0,4,0,1,2,1,0,1,0,1,0,1,0,0,-9,0,0,1,0,2,0,0,1,3,0,0,1,3,0,0,1,3,0,1,0,2,0,0,0,1,4
3725,15,2,0.658775889,0,46077,0,1,0,2,0,1,0,0,0,2,3,1,2,2,1,2,2,3,3,5,2,2,3,3,3,2,2,1,3,2,2,1.049760663,0.846029769,-0.175835606,0,0,0,0,1,1,1,0,1,0,2,0,2,0,0,3,0,0,3,1,0,0,0,0,0,-9,0,1,0,0,1,0,1,0,2,1,0,0,1,0,1,0,2,1,0,0,1,0,1,0,0,2
3727,49,4,0.015086288,0,98110,0,1,0,2,0,1,0,0,0,1,5,1,5,4,1,1,1,1,1,1,2,2,2,2,2,2,2,2,4,4,4,-1.661362303,-0.664207038,-0.182904715,0,0,0,1,4,1,1,1,0,0,2,0,4,1,0,1,1,0,1,0,0,0,0,1,1,-9,0,1,0,0,1,1,0,0,1,1,0,0,1,0,0,1,3,1,0,0,1,0,1,0,0,2
3728,49,2,0.023197925,0,98252,0,1,0,4,0,0,0,1,0,1,5,4,4,5,4,4,5,5,5,5,3,3,3,3,3,3,3,3,2,2,2,0.567740573,1.185574059,1.00736315,0,1,0,0,2,0,1,1,0,0,2,0,4,0,0,3,0,0,3,1,0,1,0,0,0,-9,0,1,0,0,1,1,0,0,1,1,0,0,1,0,0,1,3,1,0,0,1,0,1,0,0,2
3731,49,2,0.031162899,0,98208,0,1,0,1,1,0,0,0,0,1,5,1,5,5,1,1,1,3,4,2,2,1,2,2,2,2,2,2,4,4,4,-0.478234982,-0.782324052,1.27907179,0,0,0,1,4,0,0,1,0,0,2,0,4,1,0,1,1,0,1,0,0,0,1,0,0,-9,0,0,1,0,2,0,0,1,3,0,0,1,3,0,1,0,2,1,0,0,1,0,0,1,0,3
3733,49,2,0.056260668,0,98498,0,1,0,3,0,0,1,0,0,3,3,3,3,3,3,3,3,5,5,5,1,3,1,1,1,1,2,1,1,1,1,1.240989049,-0.002678112,0.554554599,1,0,1,0,3,0,0,1,0,0,2,0,4,0,0,3,0,0,3,1,0,0,1,1,0,-9,0,0,1,0,2,0,1,0,2,0,1,0,2,1,0,0,1,0,1,0,2,0,0,1,0,3
3735,49,2,0.074827132,0,98107,1,0,0,2,0,1,0,0,0,3,4,3,4,4,3,3,4,5,2,2,2,2,3,3,2,3,3,2,2,2,2,-1.713679276,0.360833955,0.606183433,0,1,0,0,2,0,0,0,1,0,2,0,2,0,1,2,1,0,1,0,0,0,1,0,1,0,0,0,0,1,3,0,0,1,3,1,0,0,1,1,0,0,1,1,0,0,1,0,0,0,1,4
3736,49,2,0.198532749,0,98001,0,1,0,2,0,1,0,0,0,2,3,3,3,4,1,3,2,4,4,3,2,2,1,1,3,1,1,1,3,2,2,-1.384036675,0.019998977,0.8517519,1,0,0,0,1,0,0,0,1,0,2,0,2,1,0,1,1,0,1,0,0,0,1,0,1,0,0,0,1,0,2,0,1,0,2,0,0,1,3,1,0,0,1,0,1,0,2,0,1,0,0,2
3737,49,2,0.012747697,0,98375,0,1,0,3,0,0,1,0,0,3,4,3,3,4,2,3,4,4,4,4,1,1,1,3,3,3,3,3,2,2,2,0.196378083,0.812158352,-0.460272634,1,0,1,1,4,1,1,1,0,0,2,0,4,1,0,1,1,0,1,0,0,0,1,1,0,-9,0,0,1,0,2,0,1,0,2,1,0,0,1,1,0,0,1,1,0,0,1,0,1,0,0,2
3741,49,2,0.053755252,0,98662,0,1,0,2,0,1,0,0,0,1,5,3,2,5,3,4,2,4,4,4,2,2,2,2,3,1,1,3,2,2,3,1.080225136,-0.750405605,0.996125523,0,0,0,1,4,1,1,1,0,0,2,0,4,1,0,1,1,0,1,0,0,0,0,0,0,-9,0,0,1,0,2,0,1,0,2,0,0,1,3,0,1,0,2,1,0,0,1,0,0,1,0,3
3743,49,4,0.016439288,0,98258,0,1,0,4,0,0,0,1,0,2,5,3,2,5,1,1,1,5,3,4,2,2,2,2,2,2,2,2,3,2,3,-1.645556054,-0.355080873,0.660937226,1,0,0,1,4,0,0,1,0,0,2,0,4,0,1,2,0,1,2,0,0,0,0,1,0,1,1,0,1,0,2,1,0,0,1,1,0,0,1,1,0,0,1,0,1,0,2,0,1,0,0,2
3746,49,2,0.220666779,0,98045,0,1,0,4,0,0,0,1,0,1,4,3,4,4,1,1,1,5,3,2,2,1,1,2,2,2,2,2,4,3,1,-0.615539766,-0.778217608,-0.303034456,0,0,1,1,4,0,0,1,0,0,2,0,4,0,0,3,0,1,2,0,0,0,1,1,0,-9,0,1,0,0,1,0,1,0,2,0,1,0,2,0,0,1,3,1,0,0,1,0,0,1,0,3
3747,49,2,0.138938202,0,98118,0,1,0,2,0,1,0,0,0,1,5,1,4,4,1,1,1,4,3,3,1,1,1,1,2,2,1,2,3,3,3,-0.705447239,0.988401422,0.030401531,0,1,0,0,2,0,0,0,0,0,2,0,5,0,0,3,0,0,3,0,0,0,1,1,0,0,0,0,0,1,3,0,1,0,2,1,0,0,1,1,0,0,1,0,0,1,3,0,0,0,1,4
3748,49,4,0.022872492,0,98406,1,0,0,1,1,0,0,0,0,1,5,2,4,5,1,2,1,4,4,1,1,1,3,3,1,3,2,3,4,2,4,-1.668892283,-1.210534281,-0.775781204,1,1,0,0,2,0,0,1,0,0,2,0,4,0,1,2,0,0,3,1,0,0,0,1,0,-9,0,0,0,1,3,0,0,1,3,0,1,0,2,0,0,1,3,1,0,0,1,0,0,0,1,4
3750,49,4,0.044941196,0,98409,0,1,0,5,0,0,0,0,1,1,3,3,3,5,3,3,1,5,3,3,2,2,2,2,2,2,2,2,4,3,4,0.014545226,0.467028234,-1.01901118,1,0,1,0,3,0,0,1,0,0,2,0,4,1,0,1,0,0,3,0,0,0,0,1,0,-9,0,0,1,0,2,0,0,1,3,0,0,1,3,0,0,1,3,0,1,0,2,0,0,0,1,4
3751,49,2,0.090331595,0,98390,0,1,0,1,1,0,0,0,0,1,4,0,5,3,1,4,1,4,5,2,1,2,2,2,2,1,1,2,1,2,1,0.956362443,-1.271355549,1.004654492,1,1,0,0,2,1,1,1,0,0,2,0,4,0,0,3,0,0,3,1,0,0,1,1,0,-9,0,0,1,0,2,0,0,1,3,0,0,1,3,0,0,1,3,0,0,1,3,0,1,0,0,2
3752,49,4,0.0083043,0,98103,1,0,0,2,0,1,0,0,0,2,5,4,3,5,2,2,2,4,4,3,2,3,2,3,3,3,2,3,1,2,3,0.477595205,-0.322147616,-0.062175802,1,0,0,1,4,1,1,1,0,0,2,0,4,1,0,1,0,1,2,0,0,0,0,1,0,0,0,0,0,1,3,0,0,1,3,1,0,0,1,0,0,1,3,1,0,0,1,0,0,0,1,4
3756,49,4,0.028210743,0,98122,1,0,0,1,1,0,0,0,0,2,6,2,4,5,2,2,1,3,4,5,2,3,2,2,2,2,2,3,3,3,4,-0.414955528,-0.182338133,-2.516414024,0,0,0,1,4,1,1,1,0,0,2,0,4,1,0,1,1,0,1,0,1,0,0,0,1,-9,0,0,0,1,3,0,0,1,3,1,0,0,1,0,0,1,3,0,0,1,3,0,0,0,1,4
3758,49,2,0.313825973,0,98007,1,0,0,2,0,1,0,0,0,2,4,0,3,4,3,3,2,5,5,5,2,2,2,2,2,2,2,3,3,2,3,0.109230943,-0.855750589,0.099036971,1,0,1,0,3,0,0,1,0,0,2,0,4,1,0,1,1,0,1,0,0,0,0,0,0,0,0,0,0,1,3,0,0,1,3,0,1,0,2,0,0,1,3,1,0,0,1,0,0,0,1,4
3759,49,2,0.094851548,0,98338,0,1,0,3,0,0,1,0,0,2,5,4,5,4,1,4,1,4,4,4,1,1,2,3,3,2,2,3,2,2,4,-0.375871282,0.347550321,-0.294322098,1,1,0,0,2,0,0,0,0,0,2,0,5,0,1,2,0,0,3,0,0,1,0,1,0,-9,0,1,0,0,1,1,0,0,1,1,0,0,1,1,0,0,1,1,0,0,1,1,0,0,0,1
3763,16,4,0.404157556,0,51501,0,1,0,3,0,0,1,0,0,2,2,1,3,4,2,1,2,4,4,4,1,1,1,1,3,1,1,3,1,1,2,0.236734971,-0.075470085,1.115820406,1,0,0,1,4,1,1,1,0,0,2,0,4,1,0,1,1,0,1,0,0,0,0,0,0,-9,0,0,1,0,2,0,1,0,2,0,0,1,3,0,0,1,3,1,0,0,1,0,1,0,0,2
3767,49,4,0.054416446,0,98052,0,1,0,4,0,0,0,1,0,5,4,5,3,4,5,4,3,5,5,4,1,3,2,3,3,1,2,2,2,2,2,0.531344003,0.072012044,0.233186611,1,0,0,1,4,1,1,0,1,0,2,0,2,0,1,2,1,0,1,0,0,0,0,1,0,-9,0,0,1,0,2,0,0,1,3,0,1,0,2,1,0,0,1,1,0,0,1,0,0,1,0,3
3770,49,2,0.007226668,0,98112,1,0,0,3,0,0,1,0,0,2,5,1,4,5,1,4,4,3,4,5,2,2,3,3,2,2,2,2,3,3,2,-0.260948782,-1.86401309,0.287021623,1,1,0,0,2,0,0,0,0,0,2,0,5,1,0,1,0,1,2,0,1,0,1,0,1,-9,0,0,0,1,3,0,0,1,3,0,0,1,3,0,0,1,3,0,1,0,2,0,0,0,1,4
3772,49,4,0.007916732,0,98155,0,1,0,5,0,0,0,0,1,2,4,5,2,5,5,5,3,4,5,5,3,3,2,2,2,2,3,3,2,2,2,1.408260653,0.019044024,0.189690261,1,0,0,1,4,0,0,1,0,0,2,0,4,0,1,2,0,0,3,0,0,0,0,1,0,0,0,0,1,0,2,0,1,0,2,0,1,0,2,1,0,0,1,1,0,0,1,0,0,1,0,3
3773,49,4,0.005405016,0,98052,0,1,0,4,0,0,0,1,0,4,4,3,3,3,2,1,3,4,4,3,2,3,2,3,2,2,2,3,4,3,2,-0.51431012,-0.032721874,-0.504811827,0,0,0,1,4,0,1,1,0,0,2,0,4,1,0,1,0,0,3,0,0,0,0,1,0,-9,0,0,1,0,2,0,0,1,3,0,1,0,2,1,0,0,1,1,0,0,1,0,0,1,0,3
3775,49,2,0.520372608,0,98058,0,1,0,5,0,0,0,0,1,5,5,5,1,1,5,5,5,5,5,5,1,3,1,1,1,1,1,3,2,2,2,-1.573842064,1.491375509,-0.857980159,1,1,0,0,2,0,0,1,1,0,2,0,2,0,1,2,1,0,1,0,0,0,0,0,0,-9,0,0,1,0,2,1,0,0,1,1,0,0,1,1,0,0,1,1,0,0,1,0,1,0,0,2
3776,49,4,0.029345248,0,98405,1,0,0,3,0,0,1,0,0,2,4,2,4,4,2,4,2,4,3,4,2,2,2,2,2,2,3,3,3,3,2,0.135295292,0.742783423,0.829136027,0,0,1,0,3,0,0,1,0,0,2,0,4,1,0,1,1,0,1,0,0,0,0,1,0,1,1,0,0,1,3,0,0,1,3,1,0,0,1,0,1,0,2,0,1,0,2,0,0,0,1,4
3778,49,2,0.086303472,0,98360,0,1,0,3,0,0,1,0,0,2,5,5,2,5,1,4,4,5,4,3,2,1,2,2,2,2,2,2,2,3,3,1.420930644,0.994463747,0.643096465,1,1,0,0,2,0,0,1,0,0,2,0,4,0,0,3,0,0,3,1,0,0,0,1,0,-9,0,1,0,0,1,1,0,0,1,1,0,0,1,1,0,0,1,1,0,0,1,1,0,0,0,1
3780,49,2,0.060633859,0,98012,0,1,0,2,0,1,0,0,0,1,3,5,2,4,1,4,1,5,5,5,3,1,1,3,1,3,1,3,2,2,4,-0.45666029,0.515231724,0.694816742,0,0,1,0,3,0,0,1,1,0,2,0,2,0,1,2,0,0,3,0,0,0,1,1,0,-9,0,0,1,0,2,0,1,0,2,1,0,0,1,1,0,0,1,1,0,0,1,0,0,1,0,3
3783,49,2,0.113332954,0,98409,0,1,0,3,0,0,1,0,0,2,4,3,2,4,2,3,3,5,4,4,1,3,3,3,3,1,1,2,2,2,2,-0.723915211,0.688806106,0.853074416,0,1,0,0,2,0,0,1,0,0,2,0,4,0,0,3,0,0,3,0,1,0,0,1,0,-9,0,0,1,0,2,0,0,1,3,0,0,1,3,0,0,1,3,0,1,0,2,0,0,0,1,4
3790,49,4,0.01163483,0,98329,0,1,0,3,0,0,1,0,0,2,5,3,3,3,2,3,3,4,3,3,1,2,2,3,2,2,2,3,2,2,3,-0.617267758,0.37384642,0.226210904,1,1,0,0,2,0,0,1,1,0,2,0,2,1,0,1,0,0,3,1,0,0,0,1,1,-9,0,1,0,0,1,1,0,0,1,1,0,0,1,1,0,0,1,1,0,0,1,1,0,0,0,1
3791,49,4,0.013072534,0,98204,1,0,0,2,0,1,0,0,0,1,2,1,4,2,1,1,1,1,1,1,2,2,2,2,2,2,2,2,4,3,4,-0.138275919,-0.63306757,-0.244263418,1,1,0,0,2,1,1,1,0,0,2,0,4,0,0,0,1,0,1,0,0,0,0,0,0,0,0,0,0,1,3,0,0,1,3,0,1,0,2,0,0,1,3,1,0,0,1,0,0,0,1,4
3794,49,2,0.071090846,0,98106,0,1,0,3,0,0,1,0,0,2,4,3,1,2,4,5,2,4,5,5,1,3,1,3,2,1,2,1,1,2,2,0.430264356,1.587392053,0.345544909,0,1,0,0,2,0,1,1,0,0,2,0,4,0,0,3,0,0,3,1,0,0,0,0,0,1,1,0,0,1,3,0,1,0,2,1,0,0,1,1,0,0,1,0,1,0,2,0,0,0,1,4
3795,49,2,0.063798927,0,98056,0,1,0,1,1,0,0,0,0,2,5,3,3,4,3,3,3,5,5,4,2,2,2,2,2,3,2,2,3,2,2,0.025489949,0.846439033,-0.187823265,0,0,0,1,4,0,0,0,1,0,2,0,2,1,0,1,1,0,1,0,1,0,0,0,1,0,0,0,0,1,3,0,1,0,2,1,0,0,1,0,1,0,2,1,0,0,1,0,0,0,1,4
3797,49,4,0.18027499,0,98402,0,1,0,3,0,0,1,0,0,3,4,1,4,4,2,2,2,4,4,3,2,2,2,2,2,2,2,2,2,2,3,-0.756781339,0.496768053,-0.140962428,1,1,0,0,2,0,0,0,0,0,1,1,1,0,1,2,0,0,3,1,0,0,0,0,1,1,1,0,1,0,2,0,0,1,3,0,0,1,3,0,1,0,2,0,0,1,3,0,0,0,1,4
3799,49,4,0.015527218,0,98371,0,1,0,1,1,0,0,0,0,1,2,1,5,3,1,1,1,1,3,3,2,2,2,2,1,2,2,3,4,2,2,-0.604041133,-0.03358188,1.089907107,0,0,0,1,4,0,0,1,0,0,2,0,4,1,0,1,0,1,2,0,0,0,0,1,0,-9,0,0,1,0,2,0,1,0,2,0,1,0,2,1,0,0,1,0,0,1,3,0,0,1,0,3
3800,49,2,0.059169062,0,98055,0,1,0,4,0,0,0,1,0,2,5,5,2,4,1,4,1,3,1,1,1,1,1,2,3,2,2,2,2,2,4,-1.466009688,-0.462511009,0.232857246,0,0,1,0,3,0,1,1,0,0,2,0,4,0,1,2,0,1,2,0,0,0,1,1,0,0,0,0,1,0,2,0,0,1,3,0,0,1,3,0,0,1,3,1,0,0,1,0,0,1,0,3
3801,49,4,0.009030548,0,98021,0,1,0,1,1,0,0,0,0,1,3,2,4,4,1,1,1,4,4,2,1,1,2,2,1,2,2,3,3,2,4,1.557138202,1.216506271,0.090674336,1,0,0,1,4,1,1,1,0,0,2,0,4,0,1,2,0,1,2,0,0,0,0,1,0,-9,0,0,1,0,2,0,1,0,2,0,0,1,3,1,0,0,1,1,0,0,1,0,1,0,0,2
3802,49,4,0.032419877,0,98198,1,0,0,5,0,0,0,0,1,4,4,3,3,5,4,1,3,5,5,5,1,1,1,1,2,2,2,3,4,2,3,-0.494453589,-0.043768878,0.596780825,1,0,1,0,3,0,0,0,0,0,2,0,5,1,0,1,1,0,1,0,1,0,0,0,0,-9,0,0,0,1,3,0,1,0,2,0,1,0,2,0,1,0,2,0,1,0,2,0,0,1,0,3
3805,49,4,0.016439288,0,98446,0,1,0,3,0,0,1,0,0,3,3,3,2,5,1,2,1,4,5,5,1,3,2,3,2,2,2,3,1,2,3,0.323219189,0.192840758,0.794013295,1,0,0,1,4,0,0,1,0,0,2,0,4,0,0,0,0,1,2,0,0,0,0,1,0,-9,0,1,0,0,1,1,0,0,1,1,0,0,1,0,0,1,3,1,0,0,1,1,0,0,0,1
3806,49,4,0.04479743,0,98198,1,0,0,1,1,0,0,0,0,1,4,0,5,3,1,4,1,1,5,1,2,2,2,2,2,2,2,2,3,3,3,-1.113015571,0.314706142,0.546345103,1,0,0,1,4,0,0,1,0,0,2,0,4,0,1,2,1,0,1,0,0,0,0,1,0,-9,0,0,0,1,3,0,1,0,2,0,1,0,2,0,1,0,2,0,1,0,2,0,0,1,0,3
3807,49,2,0.012747697,0,98178,0,1,0,4,0,0,0,1,0,3,5,4,1,5,1,2,1,2,5,4,1,3,2,2,2,1,1,3,3,2,2,-0.71274223,0.984855927,0.24644494,1,0,0,1,4,1,1,1,0,0,2,0,4,1,0,1,1,0,1,0,0,0,0,1,0,1,1,0,1,0,2,0,0,1,3,0,0,1,3,1,0,0,1,0,1,0,2,0,0,0,1,4
3808,49,1,0.011791697,0,98001,0,1,0,3,0,0,1,0,0,2,4,2,5,5,3,4,3,3,3,3,1,1,3,3,3,2,3,3,2,2,1,0.097534093,1.571713606,0.111415442,0,1,0,0,2,0,1,1,0,0,2,0,4,0,1,2,0,0,3,0,1,0,0,0,0,-9,0,0,1,0,2,0,1,0,2,0,0,1,3,1,0,0,1,0,1,0,2,0,1,0,0,2
3809,49,2,0.046947222,0,98092,0,1,0,4,0,0,0,1,0,3,5,3,2,4,1,1,1,1,1,1,2,2,2,2,2,2,2,2,3,3,3,-0.217035426,0.039238442,-0.358281978,1,0,0,0,1,1,1,1,0,0,1,1,1,0,1,2,1,0,1,0,0,1,1,1,0,-9,0,0,1,0,2,1,0,0,1,1,0,0,1,1,0,0,1,1,0,0,1,0,1,0,0,2
3811,49,2,0.164027321,0,98108,1,0,0,2,0,1,0,0,0,3,5,4,1,5,1,1,1,5,5,3,1,1,1,3,1,2,1,3,3,2,3,-0.104386146,-0.820859994,-0.880807424,0,1,0,0,2,1,1,0,0,1,2,0,3,0,1,2,1,0,1,0,0,0,0,1,0,1,1,0,0,1,3,0,0,1,3,0,0,1,3,0,1,0,2,0,0,1,3,0,0,0,1,4
3812,49,4,0.012493201,0,98467,0,1,0,1,1,0,0,0,0,2,4,2,4,4,1,4,2,3,4,3,2,2,2,2,2,2,2,2,3,2,3,0.430019037,0.648225684,0.367348181,1,0,0,1,4,0,0,1,0,0,2,0,4,0,1,2,0,1,2,0,0,0,0,1,0,-9,0,0,0,1,3,0,1,0,2,1,0,0,1,0,0,1,3,0,1,0,2,0,0,1,0,3
3813,49,4,0.048661492,0,98077,0,1,0,3,0,0,1,0,0,1,5,5,4,3,2,4,3,3,3,1,2,3,2,2,3,2,2,2,2,3,3,-0.229365145,-1.035621572,1.501025818,0,0,0,1,4,0,1,1,0,0,2,0,4,0,0,3,0,1,2,0,0,0,0,1,0,-9,0,1,0,0,1,1,0,0,1,1,0,0,1,0,1,0,2,1,0,0,1,1,0,0,0,1
3815,49,4,0.022927102,0,98033,1,0,0,2,0,1,0,0,0,2,6,2,2,4,2,2,2,4,4,4,2,2,2,2,2,2,2,2,4,3,2,-0.193726082,-0.810574703,1.297985627,0,0,0,1,4,0,0,1,0,0,2,0,4,1,0,1,1,0,1,0,0,0,0,1,1,1,1,0,1,0,2,0,0,1,3,0,0,1,3,0,0,1,3,1,0,0,1,0,0,0,1,4
3817,49,4,0.01464229,0,98391,0,1,0,3,0,0,1,0,0,1,5,4,4,3,1,3,1,4,5,4,2,2,2,2,2,2,2,3,1,3,1,0.478610259,0.397932319,0.490770634,1,0,1,1,4,0,0,1,0,0,2,0,4,1,0,1,0,1,2,0,1,0,0,1,0,-9,0,1,0,0,1,1,0,0,1,1,0,0,1,1,0,0,1,1,0,0,1,1,0,0,0,1
3818,49,4,0.07707675,0,98059,0,1,0,2,0,1,0,0,0,3,4,3,2,4,2,2,2,4,4,2,2,2,2,3,2,2,2,2,4,2,4,1.464544027,-0.766465655,-0.177372981,1,0,0,1,4,0,0,1,0,0,2,0,4,0,1,2,0,1,2,0,0,0,0,1,0,-9,0,0,1,0,2,0,1,0,2,1,0,0,1,0,0,1,3,1,0,0,1,0,0,1,0,3
3820,49,4,0.032790082,0,98405,1,0,0,3,0,0,1,0,0,1,1,5,5,1,2,5,3,4,3,3,1,1,2,2,2,1,1,3,2,2,2,-0.672023649,1.606785406,-1.181310465,1,1,0,0,2,0,0,1,0,0,2,0,4,1,0,1,0,0,3,1,0,0,0,0,0,0,0,0,0,1,3,0,0,1,3,1,0,0,1,0,1,0,2,0,1,0,2,0,0,0,1,4
3821,49,4,0.020720158,0,98201,1,0,0,2,0,1,0,0,0,1,3,3,3,3,3,3,3,3,3,3,2,2,2,2,2,2,2,2,3,3,3,-0.696075544,0.14458485,-0.685443506,0,0,0,1,4,1,1,0,0,0,2,0,5,1,0,1,1,0,1,0,0,0,0,0,0,-9,0,0,0,1,3,0,0,1,3,0,1,0,2,0,0,1,3,0,1,0,2,0,0,0,1,4
3822,49,4,0.028017428,0,98002,1,0,0,3,0,0,1,0,0,2,3,3,2,3,2,4,4,3,4,2,1,1,1,1,2,2,2,2,2,2,3,0.359187637,-0.031095816,-0.195042553,1,0,1,0,3,0,0,1,0,0,2,0,4,1,0,1,1,0,1,0,1,0,0,0,0,-9,0,0,0,1,3,0,0,1,3,0,1,0,2,0,1,0,2,0,1,0,2,0,0,0,1,4
3825,49,2,0.005418554,0,98032,1,0,0,3,0,0,1,0,0,3,4,2,4,5,4,4,3,3,4,4,1,1,2,2,2,3,1,3,4,2,4,0.316858728,0.824570161,0.522559849,1,1,0,0,2,0,0,0,0,1,2,0,3,1,0,1,0,1,2,0,1,0,0,0,1,-9,0,0,0,1,3,0,0,1,3,0,0,1,3,0,1,0,2,0,1,0,2,0,0,0,1,4
3828,49,4,0.075509203,0,98444,0,1,0,4,0,0,0,1,0,4,5,5,3,5,1,1,5,5,5,1,1,1,1,1,1,1,1,1,1,1,1,-0.629433056,-0.585105207,1.820358902,0,1,0,0,2,0,0,0,0,0,1,1,1,1,0,1,0,0,3,0,0,0,0,0,0,1,1,0,0,1,3,0,1,0,2,0,0,1,3,0,1,0,2,0,1,0,2,0,0,0,1,4
3829,49,2,0.035478672,0,98074,0,1,0,3,0,0,1,0,0,2,5,4,2,5,2,4,4,5,4,4,3,3,1,3,3,1,1,1,2,2,2,0.093384592,0.934755754,-0.207801161,0,1,0,0,2,0,1,1,0,0,2,0,4,0,0,3,0,0,3,1,0,0,1,1,0,-9,0,0,1,0,2,1,0,0,1,1,0,0,1,1,0,0,1,1,0,0,1,0,1,0,0,2
3833,49,4,0.101488085,0,98204,1,0,0,3,0,0,1,0,0,3,3,3,3,5,3,3,3,5,5,3,2,2,2,2,2,2,1,2,4,3,3,0.111031692,0.238608529,-0.934965908,0,0,0,1,4,1,1,0,1,0,2,0,2,0,0,3,0,1,2,0,0,0,0,1,0,-9,0,0,0,1,3,0,0,1,3,0,1,0,2,0,0,1,3,1,0,0,1,0,0,0,1,4
3835,49,2,0.076723507,0,98188,1,0,0,1,1,0,0,0,0,1,5,4,4,4,2,2,1,4,4,4,1,3,2,3,3,1,1,3,1,2,2,-0.098877187,0.765677096,0.419504962,0,0,0,1,4,0,0,1,0,0,2,0,4,0,1,2,0,1,2,0,1,0,0,0,0,1,1,0,0,1,3,0,0,1,3,0,0,1,3,0,0,1,3,0,0,1,3,0,0,1,0,3
3836,49,4,0.02061179,0,98031,0,1,0,3,0,0,1,0,0,3,5,3,3,4,1,4,1,3,5,4,2,2,2,1,1,3,2,2,4,2,2,0.497075312,-0.665368994,-0.872004522,0,0,0,1,4,0,1,1,0,0,2,0,4,0,1,2,0,1,2,0,1,0,0,0,1,-9,0,0,0,1,3,1,0,0,1,1,0,0,1,1,0,0,1,1,0,0,1,0,0,1,0,3
3838,49,4,0.069270118,0,98311,0,1,0,1,1,0,0,0,0,2,5,2,4,4,3,4,2,4,5,3,1,2,2,2,2,1,1,2,2,2,2,0.489847878,0.749966114,0.242406442,0,0,0,1,4,0,0,1,0,0,2,0,4,0,1,2,0,1,2,0,0,0,0,1,0,-9,0,0,1,0,2,1,0,0,1,1,0,0,1,1,0,0,1,1,0,0,1,0,1,0,0,2
3840,49,4,0.00789548,0,98108,1,0,0,3,0,0,1,0,0,1,5,4,2,5,3,3,1,5,5,3,2,2,1,2,1,2,2,2,2,3,4,-0.400648552,-1.89224588,-2.352607477,1,0,1,0,3,0,0,0,1,0,2,0,2,1,0,1,0,0,3,0,1,0,0,1,0,-9,0,0,0,1,3,0,0,1,3,0,0,1,3,0,1,0,2,0,0,1,3,0,0,0,1,4
3841,49,2,0.036267672,0,98101,1,0,0,3,0,0,1,0,0,1,1,1,5,2,5,4,2,4,5,5,2,2,2,2,2,2,3,2,3,3,3,1.00509005,1.189891729,0.52652791,0,1,0,0,2,0,1,1,0,0,2,0,4,0,0,3,0,0,3,1,0,0,0,0,0,-9,0,0,0,1,3,0,0,1,3,0,0,1,3,0,0,1,3,0,0,1,3,0,0,0,1,4
3843,49,2,0.25951071,0,98005,0,1,0,1,1,0,0,0,0,1,5,3,4,2,1,5,1,1,5,3,2,2,1,1,2,2,2,3,2,3,1,1.385289136,1.136774218,0.799771637,1,0,0,1,4,0,0,1,0,0,2,0,4,0,0,3,1,0,1,0,0,0,1,1,0,-9,0,0,1,0,2,0,0,1,3,0,0,1,3,0,1,0,2,1,0,0,1,0,0,0,1,4
3845,49,4,0.017845942,0,98499,0,1,0,2,0,1,0,0,0,3,4,2,2,4,1,5,1,2,5,4,2,1,3,3,3,2,2,1,2,2,3,0.01925851,0.180810738,-0.876208394,1,0,0,1,4,0,0,1,0,0,2,0,4,1,0,1,0,1,2,0,0,0,0,0,0,0,0,0,1,0,2,0,0,1,3,0,0,1,3,0,0,1,3,0,1,0,2,0,0,0,1,4
3846,49,2,0.030134896,0,98370,0,1,0,2,0,1,0,0,0,2,5,2,4,4,1,1,1,3,4,2,2,2,2,2,2,1,2,2,1,1,1,0.028122388,-0.209058558,0.302834378,0,0,0,1,4,0,0,1,0,0,2,0,4,0,1,2,0,0,3,1,0,0,0,1,0,1,1,1,0,0,1,1,0,0,1,1,0,0,1,0,1,0,2,0,1,0,2,0,1,0,0,2
3850,49,2,0.071224184,0,98052,0,1,0,2,0,1,0,0,0,2,3,2,3,4,2,4,4,5,5,5,1,1,1,1,2,2,1,3,2,2,2,-0.767472726,-0.15902602,0.484685282,1,0,1,0,3,0,1,1,0,0,2,0,4,0,1,2,1,0,1,0,0,0,0,1,0,-9,0,0,1,0,2,0,0,1,3,0,1,0,2,1,0,0,1,1,0,0,1,0,0,1,0,3
3852,49,4,0.16515736,0,98275,0,1,0,1,1,0,0,0,0,1,4,3,4,5,1,1,1,4,4,1,1,1,1,1,2,1,1,3,1,1,1,0.83589019,-1.284840613,0.189978267,0,0,0,1,4,1,1,1,0,0,2,0,4,0,0,3,0,1,2,0,0,0,0,1,0,-9,0,0,1,0,2,0,1,0,2,1,0,0,1,1,0,0,1,0,1,0,2,0,0,1,0,3
3854,49,2,0.17012642,0,98201,1,0,0,2,0,1,0,0,0,2,3,3,3,4,3,4,3,4,4,4,1,1,1,1,1,2,2,2,3,3,4,0.236167942,-0.643840182,0.286138667,1,0,1,0,3,0,0,0,0,1,2,0,3,1,0,1,1,0,1,0,0,0,1,0,1,0,0,0,0,1,3,0,0,1,3,0,1,0,2,0,0,1,3,0,1,0,2,0,0,0,1,4
3855,49,1,0.017398671,0,98374,0,1,0,3,0,0,1,0,0,3,2,4,5,2,2,4,4,3,5,5,3,3,3,1,2,2,2,1,2,2,3,1.218678455,0.868393645,-1.064885732,1,0,0,0,1,1,1,0,1,0,2,0,2,1,0,1,0,0,3,1,0,0,0,0,0,1,1,0,1,0,2,0,1,0,2,1,0,0,1,1,0,0,1,1,0,0,1,1,0,0,0,1
3856,49,2,0.249401096,0,98155,0,1,0,3,0,0,1,0,0,3,5,4,2,4,2,2,1,3,3,2,1,3,3,3,2,2,2,3,1,2,3,0.088792286,0.288718585,-0.0954546,1,0,0,1,4,0,0,1,0,0,2,0,4,0,0,3,0,0,3,0,1,0,0,1,0,0,0,0,1,0,2,0,1,0,2,0,1,0,2,1,0,0,1,1,0,0,1,0,0,1,0,3
3860,49,4,0.067320149,0,98408,0,1,0,2,0,1,0,0,0,2,4,2,2,4,3,3,3,4,4,4,3,3,3,3,3,1,1,3,2,2,2,-0.84080654,-0.099587153,-0.727492655,0,0,0,1,4,0,0,1,0,0,2,0,4,0,0,3,0,1,2,0,0,0,0,1,0,-9,0,0,0,1,3,1,0,0,1,1,0,0,1,1,0,0,1,1,0,0,1,0,0,0,1,4
3861,49,4,0.025798694,0,98032,1,0,0,3,0,0,1,0,0,3,6,3,5,5,1,5,5,5,5,1,2,2,2,2,2,2,2,2,3,3,4,-0.568273048,-1.832000778,0.562542217,1,1,0,0,2,0,0,1,0,0,2,0,4,1,0,1,0,0,3,1,1,0,0,0,0,-9,0,0,0,1,3,0,0,1,3,0,0,1,3,0,1,0,2,0,1,0,2,0,0,0,1,4
3862,49,2,0.025235486,0,98177,0,1,0,3,0,0,1,0,0,3,4,4,2,4,2,2,2,4,4,4,1,1,1,1,2,2,2,2,3,2,2,1.319395701,0.38836535,0.591428913,1,0,0,1,4,0,0,1,0,0,2,0,4,0,1,2,1,0,1,0,0,0,1,1,0,-9,0,0,0,1,3,0,1,0,2,1,0,0,1,1,0,0,1,1,0,0,1,0,0,0,1,4
3865,49,2,0.069439313,0,98052,0,1,0,3,0,0,1,0,0,4,4,4,5,2,3,5,2,4,5,4,1,3,3,3,1,1,3,1,2,2,1,0.979171446,1.184169851,-1.689244393,1,0,0,1,4,0,1,1,0,0,2,0,4,0,0,3,0,1,2,0,0,0,1,0,0,-9,0,0,1,0,2,0,0,1,3,0,1,0,2,1,0,0,1,1,0,0,1,0,0,1,0,3
3869,49,2,0.131745281,0,98042,0,1,0,2,0,1,0,0,0,1,5,1,4,4,1,1,1,4,4,3,2,1,2,1,2,2,2,2,3,2,3,0.011803584,0.163335357,0.03520298,0,0,0,1,4,1,1,1,0,0,2,0,4,0,0,3,0,0,3,0,0,0,1,1,0,-9,0,0,1,0,2,1,0,0,1,0,1,0,2,1,0,0,1,1,0,0,1,1,0,0,0,1
3870,49,4,0.084720617,0,98008,1,0,0,2,0,1,0,0,0,1,4,3,4,4,1,1,1,1,1,1,2,2,2,2,2,2,2,2,3,3,3,-0.131005242,0.766586435,0.575102627,1,0,0,0,1,0,0,1,0,0,1,1,1,0,1,2,0,0,3,0,0,0,0,0,0,1,1,0,0,1,3,0,0,1,3,0,1,0,2,1,0,0,1,1,0,0,1,0,0,0,1,4
3876,49,4,0.311002426,0,98942,0,1,0,2,0,1,0,0,0,2,4,3,2,3,4,4,2,4,4,3,2,2,1,3,2,1,1,2,3,3,3,-0.574246716,0.179851209,-1.298505917,0,1,0,0,2,0,0,1,0,0,2,0,4,0,1,2,0,1,2,0,1,0,0,0,0,0,0,1,0,0,1,1,0,0,1,1,0,0,1,1,0,0,1,1,0,0,1,1,0,0,0,1
3881,49,4,0.026376709,0,98404,0,1,0,1,1,0,0,0,0,2,2,1,4,4,1,4,2,2,2,1,2,2,2,2,2,2,2,2,2,2,2,-0.183487075,-0.335220095,-1.903796502,1,0,0,0,1,1,1,0,0,1,2,0,3,1,0,1,0,0,3,1,0,0,0,1,0,1,1,0,0,1,3,0,1,0,2,0,1,0,2,1,0,0,1,0,1,0,2,0,0,0,1,4
3884,49,2,0.033983942,0,98087,1,0,0,2,0,1,0,0,0,2,4,1,5,4,1,1,1,1,3,1,2,3,2,2,2,2,2,3,4,4,4,-0.113009167,-1.628407616,-0.685057691,0,0,1,0,3,1,1,1,0,0,2,0,4,1,0,1,1,0,1,0,0,0,1,0,0,1,1,0,0,1,3,0,1,0,2,0,0,1,3,0,1,0,2,1,0,0,1,0,0,0,1,4
3886,49,4,0.168722299,0,98125,1,0,0,2,0,1,0,0,0,2,1,2,4,4,3,2,4,4,4,2,1,3,2,2,2,2,2,2,4,4,4,-0.738473884,-0.598475871,1.35324537,0,1,0,0,2,0,0,1,0,0,2,0,4,0,0,0,0,0,3,0,0,0,0,1,0,-9,0,0,0,1,3,0,0,1,3,0,1,0,2,0,0,1,3,1,0,0,1,0,0,0,1,4
3888,49,4,0.010841817,0,98057,0,1,0,2,0,1,0,0,0,2,4,2,2,5,2,3,3,5,4,3,2,2,1,2,2,2,2,2,3,3,4,-1.149914971,-0.457708448,0.20974234,1,1,0,0,2,1,1,0,1,0,2,0,2,1,0,1,0,1,2,0,0,0,0,1,0,-9,0,0,1,0,2,0,0,1,3,0,0,1,3,0,0,1,3,0,1,0,2,0,0,0,1,4
3890,49,2,0.048385999,0,98032,1,0,0,4,0,0,0,1,0,2,5,5,3,2,5,5,4,5,5,4,2,2,2,2,2,2,2,2,2,2,2,0.67219308,1.284622052,0.716981199,0,1,0,0,2,0,1,1,0,0,2,0,4,0,0,3,0,0,3,1,0,1,1,0,0,1,1,0,0,1,3,0,0,1,3,0,0,1,3,0,1,0,2,0,1,0,2,0,0,0,1,4
3891,49,4,0.006052416,0,98001,0,1,0,1,1,0,0,0,0,2,6,4,2,5,3,2,2,4,5,4,1,1,1,1,2,2,2,2,1,3,3,-0.563819803,0.081424045,-1.958317017,1,1,0,0,2,0,0,1,0,0,2,0,4,1,0,1,0,0,3,1,1,0,0,0,0,0,0,0,1,0,2,0,1,0,2,0,0,1,3,1,0,0,1,0,1,0,2,0,1,0,0,2
3892,49,2,0.157634007,0,98168,0,1,0,2,0,1,0,0,0,2,4,3,5,2,1,1,1,4,5,2,2,3,2,3,2,1,1,2,1,2,3,-0.612485396,0.370104857,0.603033289,0,0,1,0,3,0,0,0,0,0,2,0,5,0,1,2,1,0,1,0,0,0,1,0,0,0,0,0,1,0,2,0,1,0,2,0,0,1,3,0,1,0,2,0,1,0,2,0,0,1,0,3
3893,49,4,0.069860204,0,98059,0,1,0,3,0,0,1,0,0,3,5,4,1,3,2,4,1,4,4,4,2,2,2,3,3,2,2,1,2,2,3,0.009966447,-0.415814357,0.028717892,0,0,1,0,3,0,1,1,0,0,2,0,4,0,0,3,0,1,2,1,0,0,0,1,0,-9,0,0,1,0,2,0,1,0,2,1,0,0,1,0,0,1,3,1,0,0,1,0,0,1,0,3
3896,49,4,1.34E-06,0,98597,0,1,0,1,1,0,0,0,0,1,6,2,5,3,3,2,4,3,3,3,2,2,2,2,2,2,2,2,3,3,3,0.880292509,-0.246606446,-0.475317012,1,0,1,0,3,0,0,1,0,0,2,0,4,1,0,1,0,0,3,0,0,0,0,1,1,1,1,1,0,0,1,1,0,0,1,1,0,0,1,0,1,0,2,1,0,0,1,1,0,0,0,1
3897,49,4,0.020350774,0,98367,0,1,0,1,1,0,0,0,0,2,5,3,4,5,1,4,1,5,5,5,2,2,2,2,1,2,2,3,3,3,4,1.137527485,-0.958386493,0.051816444,1,0,0,1,4,0,0,1,0,0,2,0,4,1,0,1,1,0,1,0,0,0,0,0,0,-9,0,1,0,0,1,1,0,0,1,1,0,0,1,1,0,0,1,0,1,0,2,1,0,0,0,1
3899,49,4,0.100159555,0,98034,1,0,0,2,0,1,0,0,0,2,4,3,4,5,2,3,2,4,4,3,2,1,2,2,1,2,2,3,4,2,2,-0.004278892,-0.723116209,0.386945853,1,0,1,0,3,0,1,1,0,0,2,0,4,0,0,3,0,1,2,0,0,0,0,1,0,-9,0,0,0,1,3,0,0,1,3,0,1,0,2,0,1,0,2,1,0,0,1,0,0,1,0,3
3900,49,2,0.059609819,0,98178,0,1,0,4,0,0,0,1,0,3,5,3,2,3,1,2,2,4,3,2,2,3,2,3,2,2,2,2,3,3,3,-0.903272161,-0.594327349,0.124860514,1,1,0,0,2,0,1,1,0,0,2,0,4,0,0,3,1,0,1,0,0,0,0,1,0,0,0,0,1,0,2,0,0,1,3,0,0,1,3,1,0,0,1,0,1,0,2,0,0,0,1,4
3905,49,4,0.076136067,0,98402,0,1,0,3,0,0,1,0,0,3,3,3,4,4,1,1,3,4,3,2,2,2,2,2,2,2,2,2,4,3,4,-0.348107342,-0.742198081,1.360101011,1,0,0,0,1,0,0,1,0,0,1,1,1,1,0,1,0,1,2,0,0,0,0,0,1,-9,0,0,1,0,2,0,0,1,3,0,0,1,3,0,1,0,2,0,0,1,3,0,0,0,1,4
3906,49,4,0.00786228,0,98028,0,1,0,5,0,0,0,0,1,3,5,5,2,5,4,4,1,5,4,4,1,2,1,2,2,1,2,1,1,4,3,-0.690208131,0.789316271,-0.737699176,1,0,0,1,4,0,0,1,0,0,2,0,4,1,0,1,0,0,3,0,1,0,0,0,0,-9,0,0,1,0,2,1,0,0,1,1,0,0,1,1,0,0,1,1,0,0,1,0,0,1,0,3
3908,49,2,0.258857224,0,98101,1,0,0,1,1,0,0,0,0,1,1,0,3,4,1,1,1,4,3,1,1,1,1,1,1,1,1,2,1,1,1,-1.310306123,-0.623000112,0.352380915,1,0,0,0,1,0,0,1,0,0,2,0,4,0,1,2,0,1,2,0,0,0,1,0,0,-9,0,0,0,1,3,0,0,1,3,0,0,1,3,0,0,1,3,0,0,1,3,0,0,0,1,4
3909,49,2,0.081000608,0,98001,0,1,0,3,0,0,1,0,0,3,3,3,2,4,5,2,2,4,5,3,1,3,3,2,2,2,2,2,2,2,2,0.840591326,1.350885422,-1.166774197,0,0,0,0,1,1,1,1,0,0,2,0,4,0,0,3,0,0,3,1,0,0,0,0,0,1,1,0,1,0,2,0,1,0,2,0,0,1,3,1,0,0,1,0,1,0,2,0,1,0,0,2
3914,49,4,0.000663423,0,98002,1,0,0,3,0,0,1,0,0,2,5,3,3,5,5,4,3,4,5,5,1,1,3,2,2,2,2,2,2,2,2,0.550137284,-0.028886648,0.686869566,0,0,0,1,4,0,0,1,0,0,2,0,4,1,0,1,0,0,3,0,1,0,0,0,0,0,0,0,0,1,3,0,0,1,3,0,1,0,2,0,1,0,2,0,1,0,2,0,0,0,1,4
3917,49,4,0.060272482,0,98072,0,1,0,1,1,0,0,0,0,3,5,1,5,5,1,1,1,5,5,3,1,1,1,1,1,1,2,2,1,2,3,0.133545532,0.087738106,-0.220387859,1,0,1,1,4,1,1,1,0,0,2,0,4,0,1,2,1,0,1,0,0,0,0,1,0,1,1,1,0,0,1,0,1,0,2,0,1,0,2,0,0,1,3,1,0,0,1,0,1,0,0,2
3919,49,2,1.088717033,0,98332,0,1,0,2,0,1,0,0,0,2,5,4,3,3,1,1,1,3,5,3,3,3,2,3,3,2,2,2,4,2,2,0.468918239,1.398258269,-0.033072673,1,0,1,0,3,0,1,0,0,1,2,0,3,0,0,3,1,0,1,0,0,0,1,1,0,1,1,1,0,0,1,1,0,0,1,0,1,0,2,0,1,0,2,1,0,0,1,0,1,0,0,2
3923,49,4,0.046262847,0,98074,0,1,0,2,0,1,0,0,0,3,4,3,4,4,4,3,3,4,4,4,2,2,2,2,2,2,2,2,4,3,3,-0.450539252,-0.605964149,-1.157350825,1,1,0,0,2,0,0,0,0,1,2,0,3,0,1,2,0,0,3,1,0,0,0,0,0,-9,0,0,1,0,2,1,0,0,1,1,0,0,1,1,0,0,1,1,0,0,1,0,1,0,0,2
3925,49,2,0.006572996,0,98383,0,1,0,4,0,0,0,1,0,2,5,4,1,2,3,4,1,4,3,3,1,3,1,1,2,1,1,1,3,3,2,-1.367329151,-1.677110165,1.005281426,1,1,0,0,2,0,1,1,0,0,1,1,1,0,1,2,0,0,3,1,0,0,0,0,0,-9,0,1,0,0,1,0,1,0,2,0,1,0,2,1,0,0,1,1,0,0,1,1,0,0,0,1
3927,49,2,0.024161461,0,98366,0,1,0,2,0,1,0,0,0,2,2,1,4,4,1,3,1,3,3,3,2,2,2,2,2,2,2,2,4,2,3,1.008526935,0.489838004,-0.464880322,1,0,1,0,3,0,0,1,0,0,2,0,4,0,1,2,0,0,3,1,0,0,1,0,0,0,0,1,0,0,1,0,1,0,2,1,0,0,1,0,1,0,2,0,1,0,2,0,0,1,0,3
3929,49,2,0.018233507,0,98101,1,0,0,4,0,0,0,1,0,3,2,3,2,4,5,5,4,5,5,5,2,1,2,2,3,3,1,1,2,2,2,0.425447053,0.461580582,0.568432335,0,1,0,0,2,1,1,1,0,0,2,0,4,0,1,2,0,0,3,1,0,0,0,1,0,-9,0,0,0,1,3,0,0,1,3,0,0,1,3,0,0,1,3,0,0,1,3,0,0,0,1,4
3931,49,4,0.03084506,0,98116,1,0,0,1,1,0,0,0,0,2,4,3,3,3,2,4,1,1,3,3,2,2,1,2,2,2,2,2,3,3,3,-1.051935202,0.750555811,0.480477854,0,0,0,1,4,0,1,1,0,0,2,0,4,0,1,2,1,0,1,0,0,0,0,0,0,-9,0,0,0,1,3,0,0,1,3,1,0,0,1,1,0,0,1,0,1,0,2,0,0,0,1,4
3932,49,4,0.009478939,0,98321,0,1,0,3,0,0,1,0,0,2,4,4,4,3,3,2,3,5,4,5,2,2,2,2,2,2,2,2,3,3,3,-0.271379612,0.562355589,-0.193453111,1,1,0,0,2,0,0,1,0,0,2,0,4,1,0,1,0,0,3,1,0,0,0,1,0,1,1,1,0,0,1,1,0,0,1,1,0,0,1,1,0,0,1,1,0,0,1,1,0,0,0,1
3933,49,2,0.072381083,0,98043,0,1,0,3,0,0,1,0,0,2,5,5,4,3,4,4,2,4,4,4,2,2,2,3,2,2,2,2,3,3,3,-0.402424557,-0.54204136,-0.647213287,1,0,1,0,3,0,1,0,1,0,2,0,2,0,0,3,0,0,3,1,0,0,0,0,0,1,1,0,1,0,2,0,1,0,2,0,0,1,3,0,0,1,3,1,0,0,1,0,0,0,1,4
3934,49,4,0.012205205,0,98033,1,0,0,4,0,0,0,1,0,3,5,5,2,4,3,4,4,4,4,4,2,2,2,2,2,2,2,2,3,3,3,0.048131037,0.830268121,0.13443974,0,0,0,1,4,0,1,1,0,0,2,0,4,0,1,2,0,1,2,0,0,0,0,1,0,1,1,0,1,0,2,0,0,1,3,0,0,1,3,0,0,1,3,1,0,0,1,0,0,0,1,4
3936,49,1,0.100323079,0,98038,0,1,0,4,0,0,0,1,0,4,4,4,1,2,1,5,1,1,5,2,2,2,2,2,1,2,2,3,2,2,4,-0.28000472,-1.625207808,-0.006363534,0,1,0,0,2,1,1,1,0,0,2,0,4,0,1,2,1,0,1,0,0,0,0,1,0,-9,0,0,1,0,2,1,0,0,1,1,0,0,1,1,0,0,1,1,0,0,1,0,1,0,0,2
3939,49,4,0.05192134,0,98023,0,1,0,3,0,0,1,0,0,3,5,3,3,4,3,4,2,3,5,4,1,3,2,2,3,2,2,2,2,2,2,0.322710715,0.611262466,-0.458622943,0,0,0,1,4,0,0,1,0,0,2,0,4,0,1,2,0,1,2,0,0,0,0,1,0,-9,0,0,0,1,3,0,1,0,2,1,0,0,1,1,0,0,1,1,0,0,1,0,0,1,0,3
3940,49,2,0.187476273,0,98115,1,0,0,3,0,0,1,0,0,1,4,3,1,3,1,4,1,3,5,3,2,2,2,3,3,2,2,2,2,2,3,-0.411682174,-0.357040225,0.187644678,1,0,0,0,1,0,1,1,1,0,2,0,2,0,1,2,1,0,1,0,0,0,1,0,0,1,1,0,0,1,3,0,0,1,3,0,1,0,2,0,0,1,3,1,0,0,1,0,0,0,1,4
3941,49,4,4.186581133,0,98952,0,0,1,2,0,1,0,0,0,3,4,2,3,4,4,5,4,4,4,4,1,2,1,2,3,1,3,2,3,2,4,0.474745667,1.068754327,-0.698125552,0,0,0,1,4,0,1,0,0,1,2,0,3,0,1,2,0,1,2,0,0,0,0,1,0,-9,0,1,0,0,1,1,0,0,1,1,0,0,1,1,0,0,1,1,0,0,1,1,0,0,0,1
3945,49,2,0.08067335,0,98004,0,1,0,3,0,0,1,0,0,2,2,3,2,4,2,4,4,3,3,3,1,1,2,2,2,2,2,3,3,3,3,-0.686855166,0.575631225,-0.618602247,1,1,0,0,2,1,1,0,0,1,2,0,3,0,1,2,1,0,1,0,0,0,1,0,0,-9,0,0,1,0,2,0,0,1,3,0,0,1,3,0,0,1,3,1,0,0,1,0,0,0,1,4
3947,49,2,0.040698143,0,98405,1,0,0,3,0,0,1,0,0,3,4,3,4,4,4,4,3,5,5,5,3,2,2,2,3,2,2,2,3,3,4,0.63880999,-0.002957441,-0.703276593,1,0,0,0,1,0,0,0,1,0,2,0,2,1,0,1,0,0,3,0,0,0,1,0,0,1,1,0,0,1,3,0,0,1,3,1,0,0,1,0,1,0,2,0,1,0,2,0,0,0,1,4
3948,49,2,0.103609538,0,98122,1,0,0,5,0,0,0,0,1,4,2,5,1,1,1,4,5,5,5,4,1,1,1,1,2,2,2,2,2,2,2,-1.285814002,1.272501919,1.40434162,1,1,0,0,2,0,0,1,0,0,2,0,4,0,0,3,0,1,2,0,0,0,0,0,0,-9,0,0,0,1,3,0,0,1,3,1,0,0,1,0,0,1,3,0,0,1,3,0,0,0,1,4
3950,49,4,0.007363436,0,98580,0,1,0,1,1,0,0,0,0,1,4,1,2,4,4,2,1,5,5,4,2,2,2,3,2,2,2,3,3,2,2,0.476522272,0.663201217,0.674336883,1,0,1,0,3,0,0,0,0,0,2,0,5,0,0,0,0,0,3,1,0,0,0,1,0,-9,0,1,0,0,1,1,0,0,1,1,0,0,1,1,0,0,1,0,1,0,2,1,0,0,0,1
3953,49,4,0.021770819,0,98122,1,0,0,3,0,0,1,0,0,4,4,5,2,4,2,2,2,4,4,5,2,2,2,3,3,3,1,3,1,2,2,-1.396868058,-0.61041685,-1.027449814,1,1,0,0,2,0,0,1,0,0,2,0,4,1,0,1,1,0,1,0,1,0,0,0,0,-9,0,0,0,1,3,0,0,1,3,1,0,0,1,0,0,1,3,0,0,1,3,0,0,0,1,4
3959,49,2,0.018033449,0,98168,0,1,0,5,0,0,0,0,1,1,4,2,1,5,2,2,5,1,5,3,1,1,1,1,2,1,1,2,1,3,2,-1.22848529,0.217884676,0.650358297,1,1,0,0,2,0,0,1,0,0,2,0,4,0,1,2,0,0,3,1,0,0,0,0,0,-9,0,0,1,0,2,0,1,0,2,0,0,1,3,0,1,0,2,0,1,0,2,0,0,1,0,3
3960,11,2,0.261391386,0,30350,0,1,0,1,1,0,0,0,0,2,3,2,4,2,2,2,1,3,5,5,2,2,2,2,2,2,2,2,3,2,2,0.500113057,-0.012951952,0.790558301,0,0,0,1,4,1,1,1,0,0,2,0,4,1,0,1,0,1,2,0,0,0,0,0,0,-9,0,0,1,0,2,0,1,0,2,0,0,1,3,0,1,0,2,1,0,0,1,1,0,0,0,1
3968,49,2,0.062626242,0,98107,1,0,0,5,0,0,0,0,1,4,4,4,4,2,3,4,4,4,4,4,2,2,3,1,3,1,2,1,2,2,2,0.441795015,-0.22276598,-0.584620005,1,0,0,0,1,1,1,1,0,0,2,0,4,0,0,3,0,0,3,1,0,0,1,0,0,-9,0,0,0,1,3,0,0,1,3,1,0,0,1,1,0,0,1,1,0,0,1,0,0,0,1,4
3969,49,4,0.026778705,0,98367,0,1,0,2,0,1,0,0,0,2,5,2,2,4,1,3,1,4,4,3,2,3,2,3,2,2,2,3,4,2,2,0.239401531,0.562900977,-0.879239548,0,0,1,0,3,0,0,1,0,0,2,0,4,1,0,1,1,0,1,0,0,0,0,1,0,-9,0,1,0,0,1,1,0,0,1,1,0,0,1,1,0,0,1,0,1,0,2,1,0,0,0,1
3975,49,4,0.035260588,0,98329,0,1,0,3,0,0,1,0,0,3,4,4,1,4,1,3,3,5,4,4,3,3,3,3,2,2,2,3,2,2,3,0.360524631,-1.106889692,-1.633445874,1,0,1,0,3,1,1,1,0,0,2,0,4,0,1,2,0,1,2,0,0,0,0,1,0,-9,0,1,0,0,1,1,0,0,1,1,0,0,1,1,0,0,1,1,0,0,1,1,0,0,0,1
3978,49,2,0.071090846,0,98164,1,0,0,5,0,0,0,0,1,1,4,5,5,5,5,4,4,5,5,5,3,2,3,3,3,1,3,3,2,2,2,0.819762225,1.004617426,0.785958979,0,1,0,0,2,0,1,1,0,0,2,0,4,0,0,3,0,0,3,1,1,1,0,0,0,-9,0,0,0,0,0,0,0,0,0,0,0,0,0,0,0,0,0,0,0,0,0,0,0,0,0,0
3979,49,2,0.122099236,0,98058,0,1,0,3,0,0,1,0,0,3,5,4,5,5,2,4,3,4,4,2,2,3,3,3,3,2,2,1,2,2,4,0.030525068,0.491011827,0.170823983,0,0,1,0,3,0,0,1,0,0,2,0,4,0,0,3,0,0,3,1,0,0,0,1,0,-9,0,0,1,0,2,1,0,0,1,1,0,0,1,1,0,0,1,1,0,0,1,0,1,0,0,2
3981,49,4,0.039422861,0,98031,0,1,0,5,0,0,0,0,1,3,4,4,4,5,1,2,1,4,3,2,1,2,3,3,2,2,2,3,2,3,3,-0.325145776,-1.166526921,-0.640810264,1,1,0,0,2,0,1,1,0,0,2,0,4,0,0,3,0,0,3,1,0,0,0,1,0,-9,0,0,0,1,3,1,0,0,1,1,0,0,1,1,0,0,1,1,0,0,1,0,0,1,0,3
3982,49,4,0.014691896,0,98038,0,1,0,4,0,0,0,1,0,3,5,4,3,4,2,2,2,5,5,5,3,3,2,2,2,2,2,2,3,3,3,0.659116538,0.541386544,-0.31875151,1,0,0,1,4,1,1,1,0,0,2,0,4,0,1,2,1,0,1,0,0,0,0,1,0,1,1,0,1,0,2,1,0,0,1,1,0,0,1,1,0,0,1,1,0,0,1,0,1,0,0,2
3983,49,2,0.178656522,0,98569,0,0,1,1,1,0,0,0,0,2,5,3,3,4,2,2,4,5,3,4,3,3,3,3,3,2,2,3,1,2,2,-0.864761867,-0.365950802,0.853179852,1,0,1,0,3,0,0,1,0,0,2,0,4,0,0,3,0,1,2,0,0,0,0,1,0,1,1,0,0,0,0,0,0,0,0,0,0,0,0,0,0,0,0,0,0,0,0,0,0,0,0,0
3985,49,2,0.005429572,0,98375,0,1,0,2,0,1,0,0,0,1,5,3,4,3,1,1,1,4,5,1,2,2,2,2,2,2,2,3,4,3,4,0.013297821,-0.31219126,0.855698936,1,0,1,0,3,1,1,1,0,0,2,0,4,1,0,1,0,0,3,0,0,0,1,1,0,-9,0,0,1,0,2,0,1,0,2,1,0,0,1,1,0,0,1,1,0,0,1,0,1,0,0,2
3986,49,4,0.052603412,0,98290,0,1,0,5,0,0,0,0,1,2,3,5,3,5,3,3,1,5,5,5,2,2,2,2,2,2,2,3,2,2,3,0.728194985,-0.768812154,0.75231567,0,0,1,0,3,0,0,1,0,0,2,0,4,1,0,1,0,0,3,1,1,0,0,0,0,1,1,1,0,0,1,0,1,0,2,1,0,0,1,1,0,0,1,0,1,0,2,1,0,0,0,1
3989,49,4,0.01985678,0,98405,1,0,0,2,0,1,0,0,0,2,4,1,2,3,1,2,1,2,5,4,2,3,3,3,2,2,2,2,3,2,4,0.854202628,-1.027687512,1.165915239,0,0,0,1,4,0,1,1,0,0,2,0,4,0,1,2,1,0,1,0,0,0,0,1,0,-9,0,0,0,1,3,0,0,1,3,1,0,0,1,0,1,0,2,0,1,0,2,0,0,0,1,4
3990,49,4,0.194968959,0,98466,0,1,0,1,1,0,0,0,0,1,4,1,2,5,2,2,2,3,3,4,2,2,2,2,2,2,2,2,4,2,2,-0.103194935,-0.747745964,1.316639666,0,0,0,1,4,0,1,1,0,0,2,0,4,0,0,3,0,1,2,0,0,0,0,0,0,0,0,0,1,0,2,0,1,0,2,1,0,0,1,1,0,0,1,1,0,0,1,0,0,0,1,4
3992,49,2,0.091519347,0,98407,0,1,0,4,0,0,0,1,0,2,4,4,1,3,3,4,3,4,5,2,2,3,3,3,2,2,2,2,2,2,4,0.016945075,-0.445421044,0.276996327,0,1,0,0,2,0,0,1,0,0,2,0,4,0,0,3,0,0,3,1,0,0,0,1,0,-9,0,0,1,0,2,0,1,0,2,1,0,0,1,1,0,0,1,0,1,0,2,0,0,0,1,4
3993,49,2,0.020640353,0,98026,0,1,0,1,1,0,0,0,0,1,5,1,5,5,1,2,1,2,2,2,1,1,1,1,2,2,2,2,1,2,1,-1.06189015,-0.91155442,1.031791957,1,1,0,0,2,0,0,1,0,0,2,0,4,1,0,1,0,0,3,1,0,0,0,0,0,1,1,0,1,0,2,0,0,1,3,1,0,0,1,1,0,0,1,1,0,0,1,0,0,1,0,3
3996,49,4,0.015088901,0,98056,0,1,0,4,0,0,0,1,0,3,5,4,4,3,1,4,3,5,4,4,1,2,2,2,2,1,2,2,3,3,3,-0.932048554,0.622822283,0.016663114,1,0,1,0,3,0,1,1,0,0,2,0,4,0,1,2,0,1,2,0,0,0,0,1,0,1,1,0,0,1,3,0,1,0,2,1,0,0,1,0,1,0,2,1,0,0,1,0,0,0,1,4
4002,49,2,0.045486871,0,98374,0,1,0,3,0,0,1,0,0,3,5,3,2,5,2,3,1,4,4,4,1,1,3,3,3,1,1,3,2,2,2,0.195187631,0.812393403,0.510425216,1,0,1,0,3,1,1,0,0,1,2,0,3,0,1,2,0,0,3,1,0,0,0,1,0,-9,0,0,1,0,2,0,1,0,2,1,0,0,1,1,0,0,1,1,0,0,1,1,0,0,0,1
4005,49,2,0.118857309,0,98057,0,1,0,2,0,1,0,0,0,1,5,3,2,5,3,2,1,5,4,2,2,2,2,3,2,2,2,3,3,2,3,-1.59022402,0.05656805,0.236524272,0,1,0,0,2,1,1,0,0,1,2,0,3,0,0,3,0,0,3,1,0,0,0,1,0,-9,0,0,1,0,2,0,0,1,3,0,0,1,3,0,0,1,3,0,1,0,2,0,0,0,1,4
4012,49,2,0.219163027,0,98103,1,0,0,3,0,0,1,0,0,1,1,5,5,5,4,4,4,5,4,5,3,3,2,3,2,2,2,3,2,2,3,0.711909219,1.287779322,0.626033809,0,0,0,0,1,1,1,1,0,0,2,0,4,0,0,3,0,0,3,0,0,0,1,1,0,1,1,0,0,1,3,0,0,1,3,1,0,0,1,0,0,1,3,1,0,0,1,0,0,0,1,4
4014,49,2,0.155839538,0,98155,0,1,0,3,0,0,1,0,0,3,5,3,4,4,2,2,1,4,2,3,1,1,3,1,3,1,2,3,4,4,4,-1.868165499,-0.012206664,-0.140229306,0,1,0,0,2,1,1,1,0,0,2,0,4,0,1,2,1,0,1,0,0,0,1,0,0,-9,0,0,1,0,2,0,1,0,2,0,1,0,2,1,0,0,1,1,0,0,1,0,0,1,0,3
4016,49,2,0.002805063,0,98349,0,1,0,2,0,1,0,0,0,2,5,3,2,5,2,2,2,4,4,2,1,2,1,1,2,2,2,3,4,2,4,1.120646514,-0.758261257,0.043736859,1,1,0,0,2,0,0,0,0,0,2,0,5,0,1,2,0,0,3,0,0,0,0,1,0,-9,0,1,0,0,1,1,0,0,1,1,0,0,1,1,0,0,1,1,0,0,1,1,0,0,0,1
4017,49,2,0.055769519,0,98199,1,0,0,2,0,1,0,0,0,2,5,4,2,5,5,4,4,5,5,4,3,3,3,3,3,3,2,3,2,3,2,0.958046305,1.703264022,0.842050728,1,1,0,0,2,1,1,1,0,0,2,0,4,0,0,3,0,0,3,1,0,0,1,1,0,1,1,0,0,1,3,0,0,1,3,1,0,0,1,0,1,0,2,1,0,0,1,0,0,0,1,4
4019,49,4,0.239734587,0,98002,1,0,0,2,0,1,0,0,0,3,4,3,4,2,4,4,4,4,2,2,2,2,2,2,2,2,2,1,2,2,1,-1.523758616,1.013658388,0.675478201,0,1,0,0,2,0,0,1,0,0,2,0,4,1,0,1,1,0,1,0,0,0,0,0,1,0,0,0,0,1,3,0,0,1,3,0,1,0,2,0,1,0,2,0,1,0,2,0,0,0,1,4
4020,49,2,0.015386079,0,98122,1,0,0,3,0,0,1,0,0,3,5,3,4,5,4,4,4,4,5,4,3,2,2,2,2,2,3,3,3,3,3,-0.23644964,1.335241551,-0.135401182,1,1,0,0,2,0,1,1,0,0,2,0,4,0,1,2,0,0,3,1,1,0,0,1,0,1,1,0,0,1,3,0,0,1,3,1,0,0,1,0,0,1,3,0,0,1,3,0,0,0,1,4
4021,49,2,0.039853197,0,98466,0,1,0,1,1,0,0,0,0,1,4,2,4,3,1,2,1,5,4,4,2,2,2,1,1,3,2,3,3,2,2,0.462864413,-0.597923922,0.718559268,1,0,1,0,3,1,1,0,1,0,2,0,2,1,0,1,1,0,1,0,1,0,0,0,0,-9,0,0,1,0,2,0,1,0,2,1,0,0,1,1,0,0,1,1,0,0,1,0,0,0,1,4
4023,49,4,0.014691896,0,98296,0,1,0,3,0,0,1,0,0,3,5,4,2,5,1,4,1,5,4,3,1,3,2,3,1,2,2,3,2,2,2,0.509497726,-0.290663201,-1.23005783,1,0,0,1,4,1,1,1,0,0,2,0,4,0,1,2,1,0,1,0,0,0,0,1,0,-9,0,1,0,0,1,1,0,0,1,1,0,0,1,0,0,1,3,1,0,0,1,1,0,0,0,1
4024,49,4,0.035260588,0,98055,0,1,0,2,0,1,0,0,0,2,4,3,3,3,2,4,3,4,5,4,1,3,1,3,2,1,1,2,3,2,2,0.625066392,1.786368339,-1.15973354,1,0,1,0,3,1,1,1,0,0,2,0,4,0,1,2,0,1,2,0,0,0,0,1,0,0,0,0,1,0,2,0,0,1,3,0,0,1,3,0,0,1,3,1,0,0,1,0,0,1,0,3
4025,49,4,0.01985678,0,98374,0,1,0,3,0,0,1,0,0,2,5,3,2,4,2,3,2,4,3,3,1,3,3,3,2,2,3,3,1,2,3,-0.71848561,0.240653504,0.182130057,0,0,0,1,4,1,1,1,0,0,2,0,4,0,1,2,1,0,1,0,0,0,0,1,0,1,1,0,1,0,2,0,1,0,2,1,0,0,1,1,0,0,1,1,0,0,1,1,0,0,0,1
4026,49,2,0.022453993,0,98208,0,1,0,1,1,0,0,0,0,1,5,0,5,2,1,1,1,3,4,4,2,2,2,2,2,2,2,2,4,3,4,-0.040372879,-1.361379717,0.132907118,1,1,0,0,2,0,0,1,0,0,2,0,4,1,0,1,1,0,1,0,1,0,0,0,0,1,1,0,1,0,2,0,0,1,3,0,0,1,3,0,1,0,2,1,0,0,1,0,0,1,0,3
4029,49,2,0.042510625,0,98121,1,0,0,4,0,0,0,1,0,1,5,5,5,4,5,5,4,5,4,5,2,3,2,3,1,3,2,2,3,2,2,0.308851124,0.514480433,1.00138164,0,1,0,0,2,0,1,1,0,0,2,0,4,0,1,2,1,0,1,1,0,1,1,0,0,-9,0,0,0,1,3,0,0,1,3,0,0,1,3,0,0,1,3,0,0,1,3,0,0,0,1,4
4030,49,2,0.045626331,0,98375,0,1,0,1,1,0,0,0,0,1,5,1,3,4,1,1,1,1,2,1,2,2,2,2,2,2,2,2,3,3,4,-1.051920453,-1.506581776,-2.59446977,0,1,0,0,2,0,0,1,0,0,2,0,4,1,0,1,0,1,2,0,0,0,0,1,0,-9,0,0,1,0,2,0,1,0,2,1,0,0,1,1,0,0,1,1,0,0,1,0,1,0,0,2
4032,49,2,0.025647794,0,98188,1,0,0,3,0,0,1,0,0,3,4,4,4,5,4,4,5,3,4,5,2,3,3,2,2,2,3,2,2,3,3,-0.20357145,1.305159481,1.035655981,0,1,0,0,2,0,1,1,0,0,2,0,4,0,0,3,0,0,3,1,0,1,1,1,0,1,1,0,0,1,3,0,0,1,3,0,0,1,3,0,0,1,3,0,0,1,3,0,0,1,0,3
4035,49,2,0.0259174,0,98374,0,1,0,2,0,1,0,0,0,2,5,4,2,2,1,5,2,4,5,4,3,3,1,1,2,2,1,2,3,2,3,1.068739255,0.501495688,0.222733956,1,0,1,0,3,0,0,1,0,0,2,0,4,0,1,2,0,1,2,0,0,0,0,1,0,-9,0,0,1,0,2,0,1,0,2,1,0,0,1,1,0,0,1,1,0,0,1,1,0,0,0,1
4036,49,2,0.026940315,0,98124,1,0,0,4,0,0,0,1,0,2,4,2,4,4,2,2,2,4,5,5,3,1,3,3,2,1,1,3,2,1,1,-1.273960211,1.284800284,0.734749422,1,1,0,0,2,0,0,0,0,1,2,0,3,1,0,1,0,0,3,1,0,0,0,1,0,1,1,0,0,0,0,0,0,0,0,0,0,0,0,0,0,0,0,0,0,0,0,0,0,0,0,0
4037,49,4,0.022064495,0,98223,0,1,0,2,0,1,0,0,0,1,3,2,2,5,3,3,1,5,5,3,2,2,2,2,2,2,2,2,4,3,4,-0.343340023,-1.330356,1.173864578,1,0,0,1,4,0,0,1,0,0,2,0,4,1,0,1,1,0,1,0,0,0,0,0,0,-9,0,1,0,0,1,1,0,0,1,0,1,0,2,1,0,0,1,1,0,0,1,1,0,0,0,1
4038,49,4,0.016169519,0,98374,0,1,0,2,0,1,0,0,0,1,5,3,2,3,1,4,1,4,3,3,1,2,2,2,3,2,2,1,3,2,3,-0.061939943,1.141384615,0.194195786,1,1,0,0,2,0,0,1,0,0,2,0,4,0,0,0,0,0,3,1,0,0,0,1,0,-9,0,0,1,0,2,0,1,0,2,1,0,0,1,1,0,0,1,1,0,0,1,1,0,0,0,1
4043,49,2,0.074091074,0,98372,0,1,0,3,0,0,1,0,0,1,5,1,5,1,1,1,1,4,5,1,1,1,2,2,2,2,2,2,4,3,4,0.530890246,-0.995663631,-0.056633857,1,0,0,1,4,0,0,1,0,0,2,0,4,0,0,0,0,1,2,0,0,0,1,0,0,-9,0,0,1,0,2,0,0,1,3,0,0,1,3,0,1,0,2,0,1,0,2,0,1,0,0,2
4044,49,3,0.007516993,0,98059,0,1,0,5,0,0,0,0,1,5,5,5,1,1,5,5,5,5,5,5,1,2,2,2,2,2,2,1,3,3,4,1.27821638,-1.427731882,-0.128444138,1,1,0,0,2,0,0,1,0,0,2,0,4,1,0,1,0,0,3,0,0,0,0,1,1,0,0,0,1,0,2,0,1,0,2,1,0,0,1,0,0,1,3,1,0,0,1,0,0,1,0,3
4045,49,4,0.019738911,0,98108,1,0,0,1,1,0,0,0,0,3,5,3,3,5,3,3,1,4,4,4,2,2,2,2,2,2,2,2,3,3,4,-0.161749808,-0.326828522,-2.676531068,0,0,0,1,4,0,0,0,0,1,2,0,3,1,0,1,0,0,3,0,1,0,0,1,0,-9,0,0,0,1,3,0,0,1,3,0,0,1,3,0,1,0,2,0,0,1,3,0,0,0,1,4
4046,49,2,0.026065335,0,98498,0,1,0,2,0,1,0,0,0,3,2,4,1,1,1,4,4,3,3,1,2,1,3,1,2,2,2,1,1,1,4,-0.323251085,-0.556645958,-0.280447418,1,0,0,1,4,0,0,1,0,0,1,1,1,1,0,1,1,0,1,0,0,0,1,1,0,1,1,0,1,0,2,0,1,0,2,0,1,0,2,1,0,0,1,0,1,0,2,0,0,1,0,3
4048,49,4,0.05192134,0,98023,0,1,0,2,0,1,0,0,0,1,5,3,4,3,2,2,3,4,4,4,1,2,2,1,3,2,2,2,1,2,2,0.106866942,1.258147136,0.109630596,0,0,0,1,4,0,0,1,0,0,2,0,4,0,1,2,0,1,2,0,0,0,0,1,0,-9,0,0,0,1,3,0,1,0,2,1,0,0,1,1,0,0,1,1,0,0,1,0,0,1,0,3
4055,49,4,0.252745636,0,98258,0,1,0,3,0,0,1,0,0,2,5,5,2,4,2,2,2,5,4,4,1,3,2,3,2,2,2,1,2,2,4,-1.048409065,-0.839022662,0.014820755,1,1,0,0,2,0,0,0,0,1,2,0,3,0,0,3,0,0,3,1,0,0,0,1,0,-9,0,0,1,0,2,1,0,0,1,1,0,0,1,1,0,0,1,0,1,0,2,0,1,0,0,2
4059,49,4,0.037047193,0,98223,0,1,0,3,0,0,1,0,0,2,1,3,4,4,1,1,2,3,4,3,2,2,2,2,2,1,2,2,4,2,2,-1.345810977,-0.118392395,0.423470133,1,0,0,1,4,1,1,1,0,0,2,0,4,0,1,2,0,1,2,0,0,0,0,1,0,1,1,1,0,0,1,1,0,0,1,0,1,0,2,1,0,0,1,1,0,0,1,1,0,0,0,1
4060,49,4,0.060158636,0,98370,0,1,0,3,0,0,1,0,0,1,5,3,3,4,1,1,2,4,3,3,2,1,2,2,2,2,2,3,4,3,3,-0.252207761,0.396501023,0.516404831,1,0,1,0,3,1,1,1,0,0,2,0,4,0,0,3,0,1,2,0,0,0,0,1,0,-9,0,1,0,0,1,1,0,0,1,1,0,0,1,0,1,0,2,0,1,0,2,0,1,0,0,2
4068,49,2,0.016186986,0,98391,0,1,0,3,0,0,1,0,0,2,5,3,4,3,2,2,2,2,2,2,3,1,2,2,2,2,2,2,3,4,3,0.632136264,0.172382401,0.531384347,1,0,1,0,3,1,1,1,0,0,2,0,4,1,0,1,1,0,1,0,0,0,1,1,0,-9,0,1,0,0,1,1,0,0,1,1,0,0,1,1,0,0,1,1,0,0,1,1,0,0,0,1
4069,49,1,0.012478378,0,98030,1,0,0,3,0,0,1,0,0,1,6,2,4,3,1,2,2,3,1,3,2,3,3,2,2,2,2,1,4,2,4,-1.838744492,-0.465893576,0.329420449,1,1,0,0,2,1,1,1,0,0,2,0,4,1,0,1,1,0,1,0,0,0,0,1,1,-9,0,0,0,1,3,0,0,1,3,1,0,0,1,1,0,0,1,0,1,0,2,0,0,0,1,4
4075,49,3,0.423136338,0,98164,1,0,0,4,0,0,0,1,0,1,5,2,3,5,5,5,1,5,5,5,3,1,3,3,3,3,3,1,2,2,2,0.21427565,1.474636681,0.450103476,0,0,0,0,1,0,0,0,0,1,2,0,3,0,0,3,0,0,3,1,0,0,0,1,0,-9,0,0,0,0,0,0,0,0,0,0,0,0,0,0,0,0,0,0,0,0,0,0,0,0,0,0
4078,49,2,0.012479285,0,98087,1,0,0,1,1,0,0,0,0,3,4,4,5,2,3,4,1,5,5,5,2,1,1,3,2,3,2,1,1,4,3,-0.190456975,0.145383561,-0.414427378,1,0,0,1,4,0,0,1,0,0,2,0,4,0,1,2,0,0,3,1,0,0,1,0,0,-9,0,0,0,1,3,0,1,0,2,0,0,1,3,0,1,0,2,1,0,0,1,0,0,0,1,4
4079,49,1,0.014529792,0,98103,1,0,0,3,0,0,1,0,0,2,4,4,4,4,4,4,4,4,4,4,1,3,2,3,1,3,2,3,1,2,3,0.256734903,0.65080787,0.631847255,1,1,0,0,2,1,1,1,0,0,2,0,4,0,1,2,0,0,3,1,0,1,0,0,0,-9,0,0,0,1,3,0,0,1,3,1,0,0,1,0,0,1,3,1,0,0,1,0,0,0,1,4
4081,49,2,0.009387564,0,98252,0,1,0,3,0,0,1,0,0,2,3,3,4,4,4,3,3,5,3,2,3,2,3,3,3,3,1,1,2,2,2,-0.048384244,-0.666416193,-0.429510584,0,0,1,0,3,0,0,1,0,0,2,0,4,1,0,1,0,0,3,0,0,1,1,0,0,-9,0,1,0,0,1,1,0,0,1,1,0,0,1,0,0,1,3,1,0,0,1,0,1,0,0,2
4082,49,4,0.021209547,0,98032,1,0,0,4,0,0,0,1,0,2,3,4,1,4,3,1,1,5,5,5,1,1,2,1,3,1,1,3,1,2,1,0.424031582,-0.618721006,-0.670157974,1,1,0,0,2,0,0,0,1,0,2,0,2,1,0,1,0,1,2,0,0,0,0,0,0,0,0,0,0,1,3,0,0,1,3,0,0,1,3,0,1,0,2,0,1,0,2,0,0,0,1,4
4083,49,2,0.069792845,0,98466,0,1,0,3,0,0,1,0,0,3,4,4,2,4,1,1,1,1,3,1,2,2,3,3,3,2,2,1,4,2,4,-1.18407261,-1.682125781,-1.387201597,1,0,1,0,3,0,0,1,0,0,2,0,4,1,0,1,1,0,1,0,0,0,1,0,0,0,0,0,1,0,2,0,1,0,2,1,0,0,1,1,0,0,1,1,0,0,1,0,0,0,1,4
4087,49,2,0.028912535,0,98321,0,1,0,3,0,0,1,0,0,3,5,3,4,3,1,1,2,3,4,4,2,2,2,2,2,2,2,2,4,3,3,0.325022263,0.373768643,-1.720064095,0,1,0,0,2,1,1,1,0,0,2,0,4,0,0,0,0,0,3,0,0,0,1,1,0,-9,0,1,0,0,1,1,0,0,1,1,0,0,1,1,0,0,1,1,0,0,1,1,0,0,0,1
4089,49,2,0.027561981,0,98178,0,1,0,4,0,0,0,1,0,1,5,5,5,4,4,4,4,5,4,5,1,2,2,3,3,3,1,3,1,2,1,0.79351907,0.051632285,0.731416631,0,0,1,0,3,0,1,1,0,0,2,0,4,0,0,3,0,0,3,1,0,1,0,0,0,1,1,0,1,0,2,0,0,1,3,0,0,1,3,1,0,0,1,0,1,0,2,0,0,0,1,4
4090,49,2,0.065301376,0,98146,0,1,0,1,1,0,0,0,0,1,4,3,4,2,2,4,1,2,5,4,3,1,2,3,2,2,2,1,2,2,3,0.911211599,0.750069075,-1.445685819,1,1,0,0,2,1,1,1,0,0,2,0,4,0,0,3,0,0,3,1,0,0,1,1,0,1,1,0,0,1,3,0,1,0,2,1,0,0,1,0,1,0,2,0,1,0,2,0,0,1,0,3
4092,49,2,0.014752572,0,98101,1,0,0,4,0,0,0,1,0,3,2,3,2,4,5,5,3,5,5,5,2,2,1,3,3,3,3,1,2,2,2,1.012991249,1.201579449,0.046554603,0,0,0,0,1,1,1,1,0,0,2,0,4,0,1,2,0,0,3,1,0,0,0,0,0,-9,0,0,0,1,3,0,0,1,3,0,0,1,3,0,0,1,3,0,0,1,3,0,0,0,1,4
4093,49,2,0.137130394,0,98105,1,0,0,3,0,0,1,0,0,3,5,4,3,4,4,5,2,3,4,4,2,2,2,2,2,2,2,2,2,2,3,0.297637304,1.354412644,0.063171204,0,0,0,0,1,1,1,0,0,1,2,0,3,1,0,1,1,0,1,0,0,0,0,1,0,1,1,0,0,1,3,0,0,1,3,0,0,1,3,0,0,1,3,1,0,0,1,0,0,0,1,4
4095,49,2,0.025719816,0,98373,0,1,0,2,0,1,0,0,0,3,3,3,4,3,2,3,1,4,3,1,2,1,2,3,2,2,2,3,3,2,3,-0.252089387,-0.213926441,0.074562387,0,0,0,1,4,0,0,1,0,0,2,0,4,1,0,1,0,1,2,0,0,0,1,1,0,-9,0,0,1,0,2,0,1,0,2,0,1,0,2,0,0,1,3,1,0,0,1,0,0,1,0,3
4097,49,4,0.017108384,0,98103,1,0,0,1,1,0,0,0,0,1,4,4,1,2,1,4,3,3,5,5,2,3,2,2,2,2,2,2,3,2,3,-0.223136071,-0.115759981,-1.477423704,1,1,0,0,2,0,1,1,0,0,2,0,4,1,0,1,1,0,1,0,0,0,0,0,1,-9,0,0,0,1,3,0,0,1,3,1,0,0,1,0,0,1,3,1,0,0,1,0,0,0,1,4
4104,49,4,0.155593046,0,98204,1,0,0,3,0,0,1,0,0,4,5,5,2,4,2,3,2,1,5,2,1,1,1,1,2,2,1,3,3,2,3,0.004458804,0.110556631,0.189392792,0,0,0,1,4,0,0,1,0,0,2,0,4,0,0,3,0,0,3,0,1,0,0,0,0,0,0,0,0,1,3,0,0,1,3,0,1,0,2,0,0,1,3,1,0,0,1,0,0,0,1,4
4107,49,2,0.016140786,0,98101,1,0,0,5,0,0,0,0,1,1,5,5,5,4,5,5,5,5,5,5,2,3,2,3,2,3,2,3,3,2,3,0.393136043,1.139350409,0.712991554,1,1,0,0,2,1,1,1,0,0,2,0,4,0,0,3,0,0,3,1,0,1,1,0,0,-9,0,0,0,1,3,0,0,1,3,0,0,1,3,0,0,1,3,0,0,1,3,0,0,0,1,4
4110,49,2,0.124355944,0,98105,1,0,0,2,0,1,0,0,0,2,5,3,3,5,1,3,3,4,5,3,2,2,2,2,2,2,2,2,3,3,3,0.241662007,-0.277638743,-0.585092574,1,1,0,0,2,0,1,1,0,0,2,0,4,0,0,3,0,1,2,0,0,0,1,1,0,0,0,0,0,1,3,0,0,1,3,0,0,1,3,0,0,1,3,1,0,0,1,0,0,0,1,4
4111,49,1,0.093545508,0,98424,0,1,0,1,1,0,0,0,0,1,1,5,3,3,3,3,3,3,3,3,2,2,2,2,2,2,2,2,3,3,3,0.742955441,1.676173243,0.05526244,0,1,0,0,2,0,1,1,0,0,2,0,4,0,0,3,0,0,3,1,0,0,0,0,0,1,1,1,0,0,1,0,0,1,3,0,0,1,3,0,0,1,3,1,0,0,1,0,1,0,0,2
4112,45,2,2.843166582,1,75201,1,0,0,4,0,0,0,1,0,2,4,5,5,4,5,4,5,4,5,4,2,3,2,2,2,3,3,2,2,3,2,0.687846021,1.066722671,0.956588278,0,1,0,0,2,0,1,1,0,0,2,0,4,0,0,3,0,0,3,1,0,0,0,0,0,-9,0,0,0,1,3,0,0,1,3,0,0,1,3,0,1,0,2,0,0,1,3,0,0,0,1,4
4114,49,4,0.042740328,0,98387,0,1,0,4,0,0,0,1,0,3,5,3,3,4,2,3,3,4,4,1,2,2,2,2,3,1,2,3,2,1,4,-0.763521435,-0.366762767,-0.907193798,1,1,0,0,2,0,0,1,1,1,2,0,2,0,1,2,0,1,2,0,0,0,0,1,0,-9,0,0,1,0,2,1,0,0,1,1,0,0,1,1,0,0,1,1,0,0,1,0,1,0,0,2
4116,49,4,0.058575798,0,98115,1,0,0,1,1,0,0,0,0,1,5,3,2,3,1,1,1,3,5,3,2,2,2,2,2,2,2,2,4,4,3,0.89771071,-0.747736261,1.106891978,1,0,0,1,4,0,1,1,0,0,2,0,4,0,0,3,1,0,1,0,1,0,0,1,0,-9,0,0,0,1,3,0,0,1,3,0,1,0,2,0,0,1,3,1,0,0,1,0,0,0,1,4
4117,33,2,0.036267672,0,98122,1,0,0,5,0,0,0,0,1,1,5,4,5,4,4,3,4,4,4,5,2,3,2,3,3,2,2,3,2,3,2,0.550965267,0.53761975,0.348728482,0,1,0,0,2,0,1,1,0,0,2,0,4,0,0,3,0,0,3,1,1,0,0,0,0,-9,0,0,0,1,3,0,0,1,3,1,0,0,1,0,0,1,3,0,0,1,3,0,0,0,1,4
4120,49,4,0.064031647,0,98059,0,1,0,3,0,0,1,0,0,3,4,3,4,2,1,3,1,4,5,3,2,3,2,2,3,2,2,2,2,2,3,0.556325298,0.709638447,0.088826987,0,0,0,1,4,1,1,1,0,0,2,0,4,0,0,3,0,1,2,0,0,0,0,1,0,-9,0,0,1,0,2,0,1,0,2,1,0,0,1,0,0,1,3,1,0,0,1,0,0,1,0,3
4121,49,4,0.037259857,0,98444,0,1,0,2,0,1,0,0,0,2,6,3,4,3,3,3,1,4,4,3,3,1,2,3,2,2,2,2,3,3,3,0.451349242,0.080539653,0.030897059,1,0,1,1,4,0,0,1,0,0,2,0,4,1,0,1,1,0,1,0,0,0,0,0,0,-9,0,0,0,1,3,0,1,0,2,0,0,1,3,0,1,0,2,0,1,0,2,0,0,0,1,4
4123,49,2,0.006763322,0,98001,0,1,0,3,0,0,1,0,0,3,4,3,4,2,2,4,2,4,5,5,2,2,2,2,2,2,2,2,2,2,2,-0.36918262,1.353033897,0.670840469,0,0,1,0,3,0,0,1,0,0,2,0,4,0,1,2,0,0,3,1,0,0,1,1,0,1,1,0,1,0,2,0,1,0,2,0,0,1,3,1,0,0,1,0,1,0,2,0,1,0,0,2
4125,49,2,0.404602633,0,98003,1,0,0,3,0,0,1,0,0,2,5,4,1,5,1,1,1,5,5,2,2,2,3,3,2,1,1,3,1,2,3,-0.235515608,1.248502496,0.192748871,0,0,1,0,3,0,0,1,0,0,1,1,1,0,0,3,0,1,2,0,0,1,0,1,0,-9,0,0,0,1,3,0,0,1,3,0,0,1,3,0,1,0,2,1,0,0,1,0,0,0,1,4
4126,49,4,0.064031647,0,98053,0,1,0,1,1,0,0,0,0,2,4,2,5,5,1,4,1,2,5,2,2,2,2,2,2,2,2,2,3,3,3,1.337352993,-0.200919911,0.736456488,0,0,0,1,4,0,1,1,0,0,2,0,4,0,0,3,0,1,2,0,0,0,0,1,0,-9,0,1,0,0,1,1,0,0,1,0,1,0,2,0,0,1,3,1,0,0,1,1,0,0,0,1
4129,49,2,0.012747697,0,98271,0,1,0,2,0,1,0,0,0,2,4,3,3,3,2,2,1,5,3,2,2,2,2,2,3,2,2,2,4,3,3,0.279989713,-0.603028652,0.039111965,1,0,0,1,4,0,1,1,0,0,2,0,4,1,0,1,1,0,1,0,0,0,1,1,0,-9,0,1,0,0,1,1,0,0,1,0,1,0,2,0,1,0,2,1,0,0,1,1,0,0,0,1
4131,49,4,0.017821459,0,98109,1,0,0,2,0,1,0,0,0,3,5,4,4,5,1,1,1,5,3,4,1,1,2,1,1,2,2,3,4,2,1,-0.343927868,0.874209761,1.159952818,1,1,0,0,2,0,1,1,0,0,2,0,4,0,1,2,0,0,3,0,0,0,0,1,0,1,1,0,0,1,3,0,0,1,3,0,0,1,3,0,0,1,3,0,1,0,2,0,0,0,1,4
4133,49,1,0.032130234,0,98370,0,1,0,2,0,1,0,0,0,2,5,5,5,3,4,5,5,5,5,5,2,2,2,2,2,2,2,2,4,4,4,0.346583519,-0.507225836,1.183858723,1,1,0,0,2,0,0,1,0,0,2,0,4,0,1,2,1,0,1,0,1,0,1,0,0,0,0,1,0,0,1,1,0,0,1,1,0,0,1,0,1,0,2,0,1,0,2,0,1,0,0,2
4135,49,3,0.105524145,0,98199,1,0,0,3,0,0,1,0,0,2,5,3,3,3,3,3,3,3,3,3,2,2,3,3,3,2,2,3,3,3,3,0.079545944,0.530484734,0.24074685,1,0,0,0,1,0,1,1,1,0,2,0,2,1,0,1,1,0,1,0,0,0,0,0,0,-9,0,0,0,1,3,0,0,1,3,1,0,0,1,0,1,0,2,1,0,0,1,0,0,0,1,4
4136,49,2,0.168072832,0,98103,1,0,0,2,0,1,0,0,0,1,5,2,2,4,1,1,1,4,4,2,2,2,3,3,2,2,2,2,4,4,4,-1.247762616,-1.050698841,-0.144086473,0,1,0,0,2,0,1,1,0,0,2,0,4,0,0,3,0,1,2,0,0,0,0,1,0,-9,0,0,0,1,3,0,0,1,3,1,0,0,1,0,0,1,3,1,0,0,1,0,0,0,1,4
4137,49,2,0.017559248,0,98311,0,1,0,2,0,1,0,0,0,3,5,3,3,3,4,5,3,4,5,5,3,1,1,2,2,3,2,3,2,2,2,1.094519115,-0.185081059,0.102383574,1,0,0,1,4,0,1,1,0,0,2,0,4,0,1,2,0,1,2,0,1,0,0,0,0,0,0,0,1,0,2,1,0,0,1,1,0,0,1,1,0,0,1,1,0,0,1,0,1,0,0,2
4138,49,2,0.168865877,0,98408,0,1,0,1,1,0,0,0,0,1,4,2,4,4,4,3,2,3,4,4,2,2,2,2,2,2,2,2,3,3,4,-0.871397418,-0.31754235,-0.35210667,0,0,1,0,3,0,1,0,0,1,2,0,3,0,0,3,0,0,3,0,0,0,1,1,0,-9,0,0,0,1,3,1,0,0,1,1,0,0,1,1,0,0,1,1,0,0,1,0,0,0,1,4
4139,49,2,0.11363863,0,98133,1,0,0,2,0,1,0,0,0,3,4,2,2,2,2,2,2,4,3,3,2,3,3,1,3,3,3,2,1,1,1,-0.324900117,0.712020667,0.040662386,0,0,1,0,3,1,1,1,0,0,2,0,4,0,1,2,1,0,1,0,0,0,1,0,0,1,1,0,0,1,3,0,0,1,3,0,1,0,2,0,1,0,2,1,0,0,1,0,0,0,1,4
4140,49,2,0.025367488,0,98404,0,1,0,2,0,1,0,0,0,2,4,2,2,2,3,4,4,4,4,4,2,2,2,2,3,2,2,2,2,3,3,0.065968887,1.451158077,0.035213738,0,1,0,0,2,0,0,0,0,0,1,1,1,0,1,2,0,0,3,1,0,1,1,1,0,-9,0,0,0,1,3,0,1,0,2,0,1,0,2,1,0,0,1,0,1,0,2,0,0,0,1,4
4141,49,2,0.358829963,0,98033,1,0,0,3,0,0,1,0,0,3,4,2,4,3,1,1,1,2,1,1,1,1,1,2,2,1,1,1,1,1,1,-0.027543604,-1.266511112,-0.370221887,1,1,0,0,2,1,1,1,0,0,2,0,4,0,0,3,1,0,1,0,0,0,1,1,0,-9,0,0,1,0,2,0,0,1,3,0,0,1,3,0,0,1,3,1,0,0,1,0,0,0,1,4
4145,49,4,0.016522322,0,98203,0,1,0,1,1,0,0,0,0,1,3,4,4,4,2,4,1,5,5,5,2,2,2,2,2,2,2,2,3,3,3,0.690221259,-0.622300934,-0.141706866,1,0,0,1,4,0,0,1,0,0,2,0,4,1,0,1,1,0,1,0,0,0,0,0,1,-9,0,0,1,0,2,0,1,0,2,0,0,1,3,0,1,0,2,0,1,0,2,0,0,0,1,4
4149,49,4,0.011488483,0,98370,0,1,0,3,0,0,1,0,0,1,5,0,2,4,1,1,1,5,5,3,2,2,2,2,2,1,2,2,4,2,3,1.289789783,0.340297237,1.25762197,1,0,0,1,4,0,0,1,0,0,2,0,4,1,0,1,0,1,2,0,0,0,0,1,0,-9,0,1,0,0,1,1,0,0,1,1,0,0,1,0,1,0,2,0,1,0,2,0,1,0,0,2
4154,49,2,0.089727534,0,98042,0,1,0,2,0,1,0,0,0,3,5,2,4,4,2,2,2,5,5,4,2,3,2,3,2,1,2,2,4,3,2,0.718135049,0.223279028,0.116710312,0,0,1,0,3,0,0,1,0,0,2,0,4,0,0,3,0,0,3,0,0,0,0,1,0,1,1,0,1,0,2,1,0,0,1,0,1,0,2,1,0,0,1,1,0,0,1,1,0,0,0,1
4156,49,4,0.008578876,0,98003,1,0,0,3,0,0,1,0,0,3,1,3,3,3,2,2,1,3,5,3,1,1,1,1,2,2,2,2,3,2,3,0.137594822,-0.811454039,-1.107089012,1,0,1,0,3,0,0,1,0,0,2,0,4,0,1,2,0,0,3,0,0,0,0,0,0,-9,0,0,0,1,3,0,0,1,3,0,0,1,3,0,1,0,2,1,0,0,1,0,0,0,1,4
4158,49,2,0.048099984,0,98168,0,1,0,4,0,0,0,1,0,2,1,3,1,4,3,1,1,4,4,5,3,1,3,2,3,3,3,2,3,2,4,0.488359185,0.011771643,0.16778167,0,1,0,0,2,0,0,0,1,0,2,0,2,1,0,1,1,0,1,0,0,0,1,0,0,1,1,0,1,0,2,0,1,0,2,0,0,1,3,0,1,0,2,0,1,0,2,0,0,1,0,3
4161,49,4,0.043252603,0,98409,0,1,0,2,0,1,0,0,0,2,4,2,3,4,2,4,3,4,4,3,2,1,1,1,2,3,3,3,3,2,2,-0.734361315,-0.516579469,-0.124513343,0,0,1,0,3,1,1,1,0,0,2,0,4,0,1,2,0,1,2,0,0,0,0,1,1,1,1,0,1,0,2,0,0,1,3,0,0,1,3,0,0,1,3,0,1,0,2,0,0,0,1,4
4162,49,4,0.004027051,0,98444,0,1,0,3,0,0,1,0,0,3,5,3,1,4,2,2,2,4,5,3,1,1,1,1,2,2,3,2,2,2,2,0.080836596,-1.168631075,-1.670113998,1,0,0,1,4,0,0,1,0,0,2,0,4,1,0,1,1,0,1,0,0,0,0,0,0,-9,0,0,0,1,3,0,1,0,2,0,0,1,3,0,1,0,2,0,1,0,2,0,0,0,1,4
4164,49,2,0.205028349,0,98002,1,0,0,3,0,0,1,0,0,2,3,1,2,2,3,3,2,3,3,3,1,1,1,1,1,1,1,2,3,4,3,-1.599385535,0.280145905,-0.591461763,0,1,0,0,2,0,0,0,1,0,2,0,2,1,0,1,1,0,1,0,0,0,1,0,0,-9,0,0,0,1,3,0,0,1,3,0,1,0,2,0,1,0,2,0,1,0,2,0,0,0,1,4
4166,49,4,0.064031647,0,98126,0,1,0,1,1,0,0,0,0,2,4,1,5,4,2,2,4,4,5,4,2,2,3,2,3,1,1,3,2,2,2,0.506501834,0.239275859,-0.205128624,0,0,0,1,4,0,1,1,0,0,2,0,4,0,0,3,0,1,2,0,1,0,0,1,0,-9,0,0,0,1,3,0,1,0,2,0,1,0,2,1,0,0,1,0,1,0,2,0,0,0,1,4
4167,49,4,0.01793346,0,98042,0,1,0,2,0,1,0,0,0,2,4,3,4,4,1,1,1,3,4,1,2,1,1,1,1,2,2,2,4,1,4,-1.294112393,-0.991250499,0.117221405,1,0,0,0,1,0,0,1,0,0,2,0,4,0,0,0,0,0,3,0,0,0,0,0,1,-9,0,0,1,0,2,1,0,0,1,0,1,0,2,1,0,0,1,1,0,0,1,1,0,0,0,1
4168,49,4,0.015086288,0,98110,0,1,0,1,1,0,0,0,0,1,5,1,5,5,1,1,1,1,1,1,2,2,2,2,2,2,2,2,4,4,4,-1.62807844,-0.080735459,0.231080471,0,0,0,1,4,1,1,1,0,0,2,0,4,1,0,1,1,0,1,0,0,0,0,1,1,-9,0,1,0,0,1,1,0,0,1,1,0,0,1,0,0,1,3,1,0,0,1,0,1,0,0,2
4172,49,2,0.004345153,0,98118,0,1,0,3,0,0,1,0,0,3,6,3,3,3,3,3,3,3,3,3,2,2,1,1,1,3,3,2,2,3,2,0.89084642,0.936764093,-0.405617411,0,1,0,0,2,1,1,1,0,0,2,0,4,0,1,2,0,0,3,1,0,0,0,0,0,-9,0,0,0,1,3,0,1,0,2,1,0,0,1,1,0,0,1,0,0,1,3,0,0,0,1,4
4174,49,2,0.155834223,0,98115,1,0,0,1,1,0,0,0,0,1,3,3,2,5,1,1,1,4,5,3,1,1,3,1,1,2,3,3,1,3,2,0.502603501,0.919909794,-0.111603369,0,0,0,1,4,0,1,1,0,0,2,0,4,0,0,3,0,1,2,0,0,0,0,1,0,-9,0,0,0,1,3,0,0,1,3,0,1,0,2,0,0,1,3,1,0,0,1,0,0,0,1,4
4175,49,2,0.08431398,0,98296,0,1,0,3,0,0,1,0,0,1,5,1,4,1,1,1,1,4,4,1,2,2,2,2,2,2,2,2,3,2,3,-1.141045994,0.717005025,1.592993582,0,1,0,0,2,1,1,1,0,0,2,0,4,0,0,3,0,0,3,1,0,0,0,1,0,-9,0,1,0,0,1,1,0,0,1,1,0,0,1,0,0,1,3,1,0,0,1,1,0,0,0,1
4179,49,2,0.117861168,0,98005,0,1,0,2,0,1,0,0,0,2,3,4,4,4,1,4,3,5,5,4,2,2,3,3,2,2,2,3,2,3,3,-0.172572488,0.015957373,-0.01767486,1,0,1,0,3,0,0,1,0,0,2,0,4,0,0,3,0,0,3,0,0,0,1,0,0,-9,0,0,1,0,2,0,0,1,3,0,0,1,3,0,1,0,2,1,0,0,1,0,0,0,1,4
4180,49,4,0.01577455,0,98204,1,0,0,3,0,0,1,0,0,2,5,3,2,5,3,2,2,4,4,2,2,2,2,2,2,2,2,2,4,4,4,0.479090234,-1.879094578,-0.46017474,1,0,0,1,4,0,0,1,0,0,2,0,4,1,0,1,0,0,3,0,0,0,0,0,0,-9,0,0,0,1,3,0,0,1,3,0,1,0,2,0,0,1,3,1,0,0,1,0,0,0,1,4
4181,49,2,0.178538319,0,98580,0,1,0,1,1,0,0,0,0,1,5,3,4,4,1,1,1,4,3,3,2,3,2,3,3,2,2,3,3,2,4,0.563274703,-1.031709481,0.119861122,1,1,0,0,2,0,0,1,0,0,2,0,4,0,0,3,0,1,2,0,0,0,1,1,0,-9,0,1,0,0,1,1,0,0,1,1,0,0,1,1,0,0,1,0,1,0,2,1,0,0,0,1
4182,49,2,0.03230247,0,98042,0,1,0,4,0,0,0,1,0,3,4,4,3,3,2,3,3,3,4,3,2,2,2,2,2,2,2,2,3,3,3,-0.971102173,-0.981067468,0.461373299,0,1,0,0,2,0,1,1,0,0,2,0,4,0,1,2,0,0,3,1,0,0,1,0,0,1,1,0,1,0,2,1,0,0,1,0,1,0,2,1,0,0,1,1,0,0,1,1,0,0,0,1
4183,49,4,0.134237574,0,98407,0,1,0,2,0,1,0,0,0,2,2,3,4,5,3,3,3,4,5,4,1,1,1,1,1,1,1,3,1,2,2,-0.308232341,0.93099985,0.655766605,1,0,0,1,4,0,1,1,0,0,2,0,4,0,0,3,0,1,2,0,0,0,0,1,0,-9,0,0,1,0,2,0,1,0,2,1,0,0,1,1,0,0,1,0,1,0,2,0,0,0,1,4
4186,49,2,0.016492853,0,99205,0,1,0,1,1,0,0,0,0,2,5,1,5,2,2,2,2,1,3,2,2,2,3,2,2,2,3,2,3,2,3,-0.856962479,-0.84239439,-1.90395439,1,0,0,0,1,0,0,1,0,0,2,0,4,1,0,1,0,0,3,0,0,0,1,1,0,1,1,0,0,1,3,0,1,0,2,1,0,0,1,0,1,0,2,1,0,0,1,0,0,0,1,4
4187,49,2,0.019491298,0,98059,0,1,0,3,0,0,1,0,0,2,5,4,5,4,2,3,1,3,3,4,2,2,2,3,2,3,2,2,2,2,2,0.528584941,0.35368951,0.675026453,0,1,0,0,2,0,1,1,0,0,2,0,4,0,0,3,0,0,3,1,0,0,1,1,0,-9,0,0,1,0,2,0,1,0,2,1,0,0,1,0,0,1,3,1,0,0,1,0,0,1,0,3
4188,49,4,0.021580598,0,98498,0,1,0,2,0,1,0,0,0,2,6,1,4,3,1,2,1,3,2,1,2,2,2,2,2,2,2,2,3,3,4,-0.327020839,-0.095473952,-0.154973498,1,0,0,0,1,0,0,0,0,0,2,0,5,1,0,1,0,0,3,1,0,0,0,0,0,-9,0,0,1,0,2,0,1,0,2,0,1,0,2,1,0,0,1,0,1,0,2,0,0,1,0,3
4190,49,2,0.139955778,0,98077,0,1,0,2,0,1,0,0,0,2,5,5,2,5,1,1,1,4,5,2,3,3,3,3,3,3,2,2,3,2,2,-0.518659577,-0.403936092,-0.136278843,1,0,1,0,3,0,0,1,0,0,2,0,4,0,0,3,0,0,3,1,0,0,0,1,0,-9,0,1,0,0,1,1,0,0,1,1,0,0,1,0,1,0,2,1,0,0,1,1,0,0,0,1
4194,49,2,0.010869914,0,98408,0,1,0,1,1,0,0,0,0,2,4,3,2,4,2,4,2,4,4,3,2,2,2,2,2,2,2,3,3,2,4,0.510019816,-0.419920476,0.060772895,1,0,1,0,3,0,0,1,0,0,2,0,4,1,0,1,0,0,3,1,0,0,1,1,0,-9,0,0,0,1,3,1,0,0,1,1,0,0,1,1,0,0,1,1,0,0,1,0,0,0,1,4
4200,49,2,0.02932178,0,98373,0,1,0,4,0,0,0,1,0,1,2,5,1,4,2,5,1,5,4,4,2,1,3,2,2,1,1,3,2,2,1,-0.270489676,-0.797855271,-0.069210396,1,0,0,0,1,0,0,1,0,0,2,0,4,1,0,1,0,1,2,0,0,0,0,0,0,-9,0,0,1,0,2,0,1,0,2,0,1,0,2,0,0,1,3,1,0,0,1,0,0,1,0,3
4201,49,4,0.003133856,0,98367,0,1,0,2,0,1,0,0,0,5,2,2,2,5,4,2,2,2,4,4,1,1,1,1,1,1,1,3,1,1,1,-0.307180439,-0.944075163,-0.568405536,0,0,1,0,3,0,0,1,0,0,2,0,4,1,0,1,0,1,2,0,1,0,0,0,0,-9,0,1,0,0,1,1,0,0,1,1,0,0,1,1,0,0,1,0,1,0,2,1,0,0,0,1
4204,49,4,0.01854863,0,98270,0,1,0,3,0,0,1,0,0,3,5,4,2,4,3,2,2,5,5,4,1,1,2,3,3,1,1,2,3,2,2,0.441088235,0.659078318,0.530338858,0,0,0,1,4,0,0,1,0,0,2,0,4,0,1,2,0,1,2,0,0,0,0,1,0,0,0,0,1,0,2,0,1,0,2,1,0,0,1,1,0,0,1,1,0,0,1,0,0,1,0,3
4205,49,2,0.012226136,0,98126,0,1,0,1,1,0,0,0,0,1,5,4,4,2,2,1,3,2,3,3,2,2,3,2,2,3,3,1,4,4,3,-2.208730886,0.504604022,-0.099429286,0,1,0,0,2,0,0,1,0,0,2,0,4,1,0,1,0,0,3,1,0,0,1,0,0,-9,0,0,0,1,3,0,1,0,2,0,1,0,2,1,0,0,1,0,1,0,2,0,0,0,1,4
4206,49,2,0.135689863,0,98072,0,1,0,2,0,1,0,0,0,2,5,0,5,4,1,1,1,5,4,3,1,1,1,1,1,1,1,3,1,1,2,0.496390797,-0.213159479,0.82067069,0,0,1,0,3,0,0,1,0,0,2,0,4,0,1,2,0,1,2,0,0,1,1,1,1,-9,0,1,0,0,1,0,1,0,2,0,1,0,2,0,0,1,3,1,0,0,1,0,1,0,0,2
4209,49,4,0.252745636,0,98258,0,1,0,3,0,0,1,0,0,3,5,4,2,4,2,2,4,4,5,4,2,2,2,2,2,2,2,2,3,3,4,-0.334676605,-1.014269318,0.662758571,1,1,0,0,2,0,0,0,0,1,2,0,3,0,0,3,0,0,3,1,0,0,0,1,0,1,1,0,1,0,2,1,0,0,1,1,0,0,1,1,0,0,1,0,1,0,2,0,1,0,0,2
4211,49,2,0.039853197,0,98466,0,1,0,1,1,0,0,0,0,2,5,3,4,2,1,1,1,5,4,4,1,1,1,1,2,2,2,2,4,2,2,0.211753654,-0.140157771,-0.041538441,1,0,1,0,3,1,1,0,1,0,2,0,2,1,0,1,1,0,1,0,1,0,0,0,0,0,0,0,1,0,2,0,1,0,2,1,0,0,1,1,0,0,1,1,0,0,1,0,0,0,1,4
4214,49,2,0.066153567,0,98093,1,0,0,4,0,0,0,1,0,2,4,5,3,4,3,4,4,3,4,3,3,2,3,1,2,3,2,3,3,2,3,1.148137895,1.2322915,0.428268015,0,1,0,0,2,0,1,1,0,0,2,0,4,0,0,3,0,0,3,1,0,0,0,1,0,-9,0,0,0,0,0,0,0,0,0,0,0,0,0,0,0,0,0,0,0,0,0,0,0,0,0,0
4224,49,4,0.027494775,0,98387,0,1,0,1,1,0,0,0,0,1,5,0,4,3,1,3,1,3,2,1,1,1,2,1,2,2,2,2,3,3,4,-0.913904144,-0.440884552,0.075368821,1,0,0,0,1,0,0,0,0,0,1,1,1,1,0,1,0,1,2,0,0,0,0,0,1,0,0,0,1,0,2,1,0,0,1,1,0,0,1,1,0,0,1,1,0,0,1,0,1,0,0,2
4229,49,2,0.035478672,0,98290,0,1,0,4,0,0,0,1,0,3,5,4,4,4,3,4,4,3,4,4,3,3,3,1,3,2,2,3,2,3,2,-0.513948497,-0.206344901,-0.810557729,0,1,0,0,2,1,1,1,0,0,2,0,4,0,0,3,0,0,3,1,0,0,0,1,0,1,1,1,0,0,1,0,1,0,2,1,0,0,1,1,0,0,1,0,1,0,2,1,0,0,0,1
4239,49,2,0.472495971,0,98178,0,1,0,1,1,0,0,0,0,1,3,1,2,5,1,1,1,3,4,2,1,3,3,3,2,2,2,3,4,3,3,-1.023645712,-0.050134555,1.454753513,1,1,0,0,2,1,1,1,1,0,2,0,2,0,0,3,0,1,2,0,0,0,0,1,0,0,0,0,1,0,2,0,0,1,3,0,0,1,3,1,0,0,1,0,1,0,2,0,0,0,1,4
4240,49,2,0.019491298,0,98101,1,0,0,3,0,0,1,0,0,2,2,5,5,5,4,4,3,3,4,4,2,2,2,2,2,2,2,2,3,3,3,-0.218952056,1.113715937,0.264130036,0,1,0,0,2,0,1,1,0,0,2,0,4,0,0,3,0,0,3,1,0,0,0,1,0,1,1,0,0,1,3,0,0,1,3,0,0,1,3,0,0,1,3,0,0,1,3,0,0,0,1,4
4242,49,2,0.005350542,0,98003,1,0,0,4,0,0,0,1,0,2,4,4,5,4,4,5,4,4,5,4,3,2,2,3,2,2,3,2,3,2,3,-0.329426303,0.562205854,-0.414676609,0,0,1,0,3,0,1,1,0,0,2,0,4,1,0,1,0,0,3,1,0,1,0,0,0,-9,0,0,0,1,3,0,0,1,3,0,0,1,3,0,1,0,2,1,0,0,1,0,0,0,1,4
4243,49,2,0.105127355,0,98021,0,1,0,1,1,0,0,0,0,1,5,0,4,5,1,5,5,4,5,1,2,1,2,2,2,2,2,2,2,2,4,0.476940249,-1.103757821,-0.518826439,0,1,0,0,2,0,1,0,0,1,2,0,3,0,0,3,0,0,3,0,1,0,0,1,0,-9,0,0,1,0,2,0,1,0,2,0,0,1,3,1,0,0,1,1,0,0,1,0,1,0,0,2
4244,49,2,0.109578661,0,98034,1,0,0,3,0,0,1,0,0,3,5,3,2,3,3,4,3,4,4,3,2,3,3,3,2,2,2,2,2,2,3,-0.248134771,-0.151855653,-1.486393569,0,0,0,0,1,0,0,1,0,0,2,0,4,1,0,1,1,0,1,0,0,0,1,1,0,0,0,0,0,1,3,0,0,1,3,0,1,0,2,0,1,0,2,1,0,0,1,0,0,1,0,3
4245,3,2,0.031153111,1,85001,1,0,0,5,0,0,0,0,1,1,5,5,5,5,4,4,5,5,5,4,2,2,2,3,3,3,3,3,3,2,3,0.759628429,0.267698549,0.863397012,0,0,0,0,1,1,1,1,0,0,2,0,4,0,0,3,0,0,3,1,0,0,0,0,0,-9,0,0,0,0,0,0,0,0,0,0,0,0,0,0,0,0,0,0,0,0,0,0,0,0,0,0
4249,49,2,0.6536688,0,98029,0,1,0,4,0,0,0,1,0,3,4,3,3,4,1,4,4,3,4,3,2,3,2,3,3,2,2,3,2,2,2,0.580220803,0.019316242,0.001837338,1,0,1,0,3,0,0,1,0,1,2,0,3,0,0,3,0,1,2,0,0,0,1,1,0,-9,0,0,0,1,3,1,0,0,1,1,0,0,1,1,0,0,1,1,0,0,1,0,0,1,0,3
4250,49,2,0.04067631,0,98118,0,1,0,5,0,0,0,0,1,1,5,5,5,5,5,5,5,4,5,5,3,3,3,3,2,3,3,3,2,2,3,1.038791798,1.362870759,0.984685311,0,1,0,0,2,0,1,1,0,0,2,0,4,0,0,3,0,0,3,1,1,0,0,0,0,-9,0,0,0,1,3,0,1,0,2,1,0,0,1,1,0,0,1,0,0,1,3,0,0,0,1,4
4251,49,2,0.030469393,0,98372,0,1,0,1,1,0,0,0,0,1,2,2,2,5,1,4,1,4,5,1,2,2,3,2,2,2,2,3,3,2,4,-0.057210362,-1.893256629,-0.068127674,1,0,0,0,1,0,0,1,0,0,2,0,4,1,0,1,0,0,3,1,0,0,1,0,0,-9,0,0,1,0,2,0,0,1,3,0,0,1,3,0,1,0,2,0,1,0,2,0,1,0,0,2
4252,49,2,0.059609819,0,98275,0,1,0,3,0,0,1,0,0,2,5,3,4,4,2,4,5,4,5,4,2,2,2,3,3,2,1,3,2,2,3,1.087750738,-1.461067127,-0.104686911,1,1,0,0,2,1,1,1,0,0,2,0,4,0,0,3,1,0,1,0,0,0,0,1,0,-9,0,0,1,0,2,0,1,0,2,1,0,0,1,1,0,0,1,0,1,0,2,0,0,1,0,3
4253,49,2,0.094247603,0,98042,0,1,0,3,0,0,1,0,0,3,3,5,3,4,1,5,1,2,3,1,2,3,3,3,2,2,2,1,2,2,3,-0.155860967,1.483213263,0.168823902,1,0,0,0,1,0,0,0,0,0,2,0,5,0,1,2,0,1,2,0,0,0,1,0,0,-9,0,0,1,0,2,1,0,0,1,0,1,0,2,1,0,0,1,1,0,0,1,1,0,0,0,1
4254,49,2,0.0551614,0,98204,1,0,0,5,0,0,0,0,1,5,6,2,3,5,5,1,3,5,3,3,2,2,2,3,2,2,2,3,4,2,4,-2.024730662,-0.886783433,-1.717914557,1,0,1,0,3,0,0,0,1,0,2,0,2,0,1,2,0,0,3,0,0,0,1,1,0,-9,0,0,0,1,3,0,0,1,3,0,1,0,2,0,0,1,3,1,0,0,1,0,0,0,1,4
4258,49,1,0.047103797,0,98119,1,0,0,4,0,0,0,1,0,3,2,5,3,1,4,3,3,3,3,4,3,3,3,3,2,2,2,1,2,2,4,0.828931753,-0.853545553,0.662096486,1,0,0,0,1,1,1,0,0,1,2,0,3,1,0,1,0,0,3,0,0,0,0,0,0,1,1,0,0,1,3,0,0,1,3,1,0,0,1,0,0,1,3,1,0,0,1,0,0,0,1,4
4263,49,2,0.072500263,0,98204,1,0,0,1,1,0,0,0,0,2,3,2,3,3,3,3,3,3,3,3,1,2,3,2,2,2,2,3,3,2,4,-0.381788905,0.680110467,-0.054094602,0,1,0,0,2,1,1,1,0,0,2,0,4,0,0,0,1,0,1,0,0,0,1,0,1,0,0,0,0,1,3,0,0,1,3,0,1,0,2,0,0,1,3,1,0,0,1,0,0,0,1,4
4265,49,4,0.017144051,0,98338,0,1,0,3,0,0,1,0,0,3,4,3,3,4,2,4,2,4,4,4,2,3,2,2,3,2,2,2,3,4,3,-0.108298365,0.372492486,-1.336786063,1,1,0,0,2,0,0,1,0,0,2,0,4,0,1,2,0,0,3,1,0,0,0,1,0,0,0,1,0,0,1,1,0,0,1,1,0,0,1,1,0,0,1,1,0,0,1,1,0,0,0,1
4266,49,2,0.020795,0,98026,0,1,0,2,0,1,0,0,0,1,3,2,4,2,2,1,1,2,3,2,3,1,1,2,3,2,2,3,4,2,3,-1.340205707,-0.290678385,0.197075884,0,1,0,0,2,1,1,1,0,0,2,0,4,0,1,2,0,0,3,1,1,1,1,1,0,1,1,0,1,0,2,0,0,1,3,1,0,0,1,1,0,0,1,1,0,0,1,0,0,1,0,3
4267,49,1,0.079108427,0,98121,1,0,0,4,0,0,0,1,0,2,5,5,4,5,5,4,2,4,4,4,3,2,2,3,3,2,3,3,3,3,2,0.993263005,0.348806369,0.408855998,0,1,0,0,2,0,1,1,0,0,1,1,1,0,0,3,0,0,3,1,0,0,0,0,0,-9,0,0,0,1,3,0,0,1,3,0,0,1,3,0,0,1,3,0,0,1,3,0,0,0,1,4
4271,49,3,0.053460267,0,98122,1,0,0,4,0,0,0,1,0,2,4,3,5,4,4,5,4,4,4,4,2,3,3,1,3,1,3,3,2,2,3,0.167241024,0.335654033,0.0741331,1,1,0,0,2,0,1,1,0,0,2,0,4,0,0,3,0,0,3,1,0,0,0,0,0,-9,0,0,0,1,3,0,0,1,3,1,0,0,1,0,0,1,3,0,0,1,3,0,0,0,1,4
4273,33,2,0.161335081,0,11221,1,0,0,4,0,0,0,1,0,2,5,4,5,3,5,4,4,3,5,4,2,3,3,3,1,3,2,3,1,2,2,0.463764772,0.566953177,0.779154757,0,1,0,0,2,0,1,1,0,0,2,0,4,1,0,1,0,0,3,1,0,0,0,1,0,-9,0,0,0,1,3,0,0,1,3,1,0,0,1,1,0,0,1,0,0,1,3,0,0,1,0,3
4275,49,2,0.739626394,0,98002,1,0,0,2,0,1,0,0,0,2,5,2,4,3,2,4,2,4,5,4,2,2,2,2,2,2,2,2,3,3,3,-0.05438846,0.775791288,1.185564839,0,0,0,0,1,0,0,1,1,0,2,0,2,1,0,1,0,0,3,1,0,0,1,0,0,-9,0,0,0,1,3,0,0,1,3,0,1,0,2,0,1,0,2,0,1,0,2,0,0,0,1,4
4276,49,2,0.025647794,0,98118,0,1,0,2,0,1,0,0,0,2,4,4,4,5,3,4,4,5,5,4,1,1,3,3,2,2,1,3,2,2,2,0.915986946,1.226693235,0.382251762,0,1,0,0,2,0,1,1,0,0,2,0,4,0,0,3,0,0,3,1,0,0,0,1,0,1,1,0,0,1,3,0,1,0,2,1,0,0,1,1,0,0,1,0,0,1,3,0,0,0,1,4
4277,49,2,0.027607393,0,98122,1,0,0,1,1,0,0,0,0,1,2,3,2,4,2,4,2,4,5,5,3,1,1,1,2,3,3,1,2,2,2,1.177521966,1.405607519,0.500683361,1,1,0,0,2,1,1,1,0,0,2,0,4,0,1,2,0,0,3,1,0,0,1,0,1,-9,0,0,0,1,3,0,0,1,3,1,0,0,1,0,0,1,3,0,0,1,3,0,0,0,1,4
4278,49,2,0.033459929,0,98087,1,0,0,2,0,1,0,0,0,2,1,3,2,5,1,1,1,5,5,4,2,2,2,2,1,2,2,2,4,2,2,-0.057390379,0.020259288,0.346215846,1,1,0,0,2,0,0,1,0,0,2,0,4,0,0,3,0,0,3,1,0,0,1,1,0,-9,0,0,0,1,3,0,1,0,2,0,0,1,3,0,1,0,2,1,0,0,1,0,0,0,1,4
4279,49,2,0.025647794,0,98498,0,1,0,5,0,0,0,0,1,1,5,5,5,4,5,4,3,4,5,4,3,1,3,2,3,1,3,2,2,1,2,0.221346485,1.681727098,0.729485558,0,1,0,0,2,0,1,1,0,0,2,0,4,0,0,3,0,0,3,1,0,1,0,1,0,1,1,0,1,0,2,0,1,0,2,0,1,0,2,1,0,0,1,0,1,0,2,0,0,1,0,3
4281,49,2,0.021257454,0,98122,1,0,0,3,0,0,1,0,0,2,3,2,3,2,3,3,3,2,2,4,2,2,2,3,3,3,2,2,3,2,3,-0.820185973,1.169987105,-0.717840576,0,1,0,0,2,0,1,1,0,0,2,0,4,0,1,2,0,0,3,1,0,0,0,0,0,-9,0,0,0,1,3,0,0,1,3,1,0,0,1,0,0,1,3,0,0,1,3,0,0,0,1,4
4283,49,2,0.08431398,0,98106,0,1,0,4,0,0,0,1,0,2,5,5,5,4,5,4,5,5,4,5,2,3,3,2,2,3,3,2,3,2,2,0.941898687,1.289750641,0.410246272,0,1,0,0,2,0,1,1,0,0,2,0,4,0,0,3,0,0,3,1,0,0,0,1,0,-9,0,0,0,1,3,0,1,0,2,1,0,0,1,1,0,0,1,0,1,0,2,0,0,0,1,4
4284,49,2,0.025647794,0,98106,0,1,0,4,0,0,0,1,0,4,2,3,2,4,4,4,4,5,5,5,1,1,1,1,1,3,3,3,2,2,2,1.107467284,1.334233872,0.669267485,0,1,0,0,2,0,1,1,0,0,2,0,4,0,0,3,0,0,3,1,0,0,1,1,0,-9,0,0,0,1,3,0,1,0,2,1,0,0,1,1,0,0,1,0,1,0,2,0,0,0,1,4
4285,49,2,0.003939427,0,98118,0,1,0,4,0,0,0,1,0,2,4,2,3,4,4,1,3,3,5,4,2,2,2,2,1,2,2,2,1,1,1,-1.001315241,0.054663549,0.142856528,1,1,0,0,2,0,0,1,0,0,2,0,4,0,1,2,0,1,2,0,0,0,0,0,1,-9,0,0,0,1,3,0,1,0,2,1,0,0,1,1,0,0,1,0,0,1,3,0,0,0,1,4
4286,49,4,0.033719651,0,98354,0,1,0,1,1,0,0,0,0,1,5,1,2,2,1,4,3,4,4,3,3,3,3,3,3,2,2,1,2,2,3,-0.113606075,-0.723983516,0.409762645,0,1,0,0,2,1,1,1,0,0,2,0,4,0,0,3,0,0,3,0,0,0,0,1,0,-9,0,0,1,0,2,1,0,0,1,0,0,1,3,1,0,0,1,1,0,0,1,0,0,0,1,4
4289,49,2,0.010899185,0,98133,1,0,0,1,1,0,0,0,0,1,5,0,3,3,1,3,1,3,5,5,2,2,2,2,2,2,2,2,3,3,3,1.315060637,0.040487896,-0.01264001,1,0,1,0,3,0,0,1,0,0,2,0,4,1,0,1,0,0,3,1,0,0,1,0,0,-9,0,0,0,1,3,0,0,1,3,0,1,0,2,0,1,0,2,1,0,0,1,0,0,0,1,4
4298,49,3,0.004311457,0,98374,0,1,0,2,0,1,0,0,0,1,2,2,2,5,4,5,3,4,4,4,1,1,3,3,2,3,2,3,2,2,2,0.858677407,0.34447752,0.997765952,1,0,0,0,1,0,0,0,0,1,2,0,3,0,0,0,0,0,3,0,0,0,0,0,0,-9,0,0,1,0,2,0,1,0,2,1,0,0,1,1,0,0,1,1,0,0,1,1,0,0,0,1
4302,49,2,0.702181432,0,98004,0,1,0,4,0,0,0,1,0,1,5,4,4,4,3,4,4,5,4,3,2,2,3,3,2,2,3,3,2,2,2,0.013232083,0.193593396,-0.241362242,0,0,0,0,1,0,0,1,0,0,1,1,1,0,0,3,1,0,1,0,1,0,0,1,0,-9,0,0,1,0,2,0,0,1,3,0,0,1,3,0,0,1,3,1,0,0,1,0,0,0,1,4
4306,49,0,0.075083726,0,98372,0,1,0,2,0,1,0,0,0,5,1,3,5,1,3,1,4,5,5,"Just be calm. Make sure you have what you would need in a power outage. Flashlights, candles, warm blankets",2,2,2,2,2,2,2,2,2,2,2,1.219937209,-0.172813207,-0.641963463,1,0,0,1,4,0,0,0,0,0,0,0,0,0,0,0,0,1,2,0,1,0,0,0,0,-9,0,0,1,0,2,0,0,1,3,0,0,1,3,0,1,0,2,0,1,0,2,0,1,0,0,2
4307,49,2,0.068217708,0,98208,0,1,0,5,0,0,0,0,1,1,5,5,5,5,4,5,5,4,4,5,3,3,3,2,3,2,3,2,2,3,2,0.905688202,1.270935581,0.901118688,0,1,0,0,2,0,1,1,0,0,2,0,4,0,0,3,0,0,3,1,0,0,0,0,0,1,1,0,1,0,2,0,0,1,3,0,0,1,3,0,1,0,2,1,0,0,1,0,0,1,0,3
4313,49,4,0.007186034,0,98201,1,0,0,3,0,0,1,0,0,3,3,3,4,4,2,2,2,3,4,2,1,1,1,1,2,2,2,2,3,2,3,-0.263613347,0.441688236,-2.079103462,1,1,0,0,2,0,0,1,0,0,2,0,4,1,0,1,0,0,3,0,0,0,0,1,1,-9,0,0,0,1,3,0,0,1,3,0,1,0,2,0,0,1,3,0,1,0,2,0,0,0,1,4
4314,49,4,0.003965554,0,98408,0,1,0,2,0,1,0,0,0,2,4,1,4,3,1,1,1,4,5,3,2,2,2,2,2,2,2,2,4,4,4,-1.930809073,0.321219561,-0.420871398,1,1,0,0,2,0,0,1,0,0,2,0,4,1,0,1,0,0,3,1,0,0,0,0,0,1,1,0,0,1,3,1,0,0,1,1,0,0,1,1,0,0,1,1,0,0,1,0,0,0,1,4
4316,49,2,0.012691168,0,98374,0,1,0,3,0,0,1,0,0,3,4,4,2,4,3,4,3,4,4,3,1,1,3,3,1,1,1,3,2,2,1,-0.776752466,0.418961359,-1.238882009,1,1,0,0,2,0,0,0,0,0,2,0,5,1,0,1,0,1,2,1,0,0,1,0,0,-9,0,0,1,0,2,0,1,0,2,1,0,0,1,1,0,0,1,1,0,0,1,1,0,0,0,1
4319,49,2,0.040994586,0,98036,0,1,0,2,0,1,0,0,0,2,4,2,2,5,2,2,2,4,5,4,1,1,2,3,1,2,2,3,1,2,3,0.760100343,-0.374419575,-0.0144227,0,1,0,0,2,0,0,1,0,0,1,1,1,0,1,2,0,0,3,1,0,0,0,0,0,-9,0,0,1,0,2,0,0,1,3,1,0,0,1,1,0,0,1,1,0,0,1,0,0,1,0,3
4320,49,2,0.011391904,0,98444,0,1,0,3,0,0,1,0,0,3,4,3,4,5,1,1,1,5,5,5,1,2,1,2,2,2,2,2,1,3,3,0.375458561,0.931189697,0.50405678,1,1,0,0,2,0,0,1,0,0,1,1,1,1,0,1,0,0,3,1,0,0,1,1,0,-9,0,0,0,1,3,0,1,0,2,0,0,1,3,0,1,0,2,0,1,0,2,0,0,0,1,4
4322,39,2,0.380203299,0,17517,0,1,0,3,0,0,1,0,0,3,3,2,2,4,2,4,4,4,4,4,1,1,2,1,1,2,2,3,4,4,4,-1.145519271,-0.350269255,-0.343769316,0,1,0,0,2,0,0,1,0,0,2,0,4,1,0,1,0,1,2,0,0,0,1,0,0,1,1,1,0,0,1,0,1,0,2,0,1,0,2,0,0,1,3,1,0,0,1,1,0,0,0,1
4328,49,4,0.009940463,0,98201,1,0,0,1,1,0,0,0,0,1,3,2,4,3,2,3,2,2,3,2,1,1,1,1,2,2,2,2,3,3,4,-0.19946627,-0.086217848,-1.951932822,1,1,0,0,2,0,0,1,0,0,2,0,4,1,0,1,0,0,3,0,0,0,0,1,1,0,0,0,0,1,3,0,0,1,3,0,1,0,2,0,0,1,3,0,1,0,2,0,0,0,1,4
4329,21,2,8.025161224,0,21222,0,1,0,2,0,1,0,0,0,2,4,4,5,4,1,1,1,1,4,3,1,1,1,1,1,1,1,1,1,1,1,0.693178433,-0.167467204,0.39527581,1,0,1,0,3,0,0,1,0,0,2,0,4,0,0,3,0,0,3,1,0,1,1,0,0,-9,0,0,0,1,3,0,1,0,2,0,1,0,2,0,1,0,2,0,1,0,2,0,0,1,0,3
4332,45,2,1.233582339,1,77021,0,1,0,2,0,1,0,0,0,3,5,3,4,2,3,4,3,4,3,3,1,3,1,3,3,1,1,1,2,2,2,-0.783084603,0.022211223,0.29320468,0,1,0,0,2,1,1,1,0,0,2,0,4,0,1,2,0,1,2,0,0,0,0,1,0,-9,0,0,1,0,2,0,1,0,2,0,1,0,2,0,1,0,2,1,0,0,1,0,0,0,1,4
4333,42,4,0.684629331,0,29485,0,1,0,1,1,0,0,0,0,2,1,0,5,5,1,1,1,5,5,5,2,2,2,3,2,1,2,3,4,4,4,-2.880974282,2.032794441,-2.176458299,1,1,0,0,2,0,0,1,0,0,2,0,4,1,0,1,1,0,1,0,0,0,0,1,1,-9,0,0,1,0,2,0,1,0,2,1,0,0,1,1,0,0,1,1,0,0,1,1,0,0,0,1
4336,34,2,2.896267419,0,28215,0,1,0,3,0,0,1,0,0,3,5,4,1,4,1,4,1,5,4,1,3,3,2,2,2,2,2,2,3,2,4,-0.218954634,-0.486767383,-0.200807295,1,0,1,0,3,1,1,1,0,0,2,0,4,0,0,3,0,0,3,0,0,0,0,1,0,-9,0,0,1,0,2,1,0,0,1,0,1,0,2,1,0,0,1,0,1,0,2,0,1,0,0,2
4337,18,4,0.263366829,0,42301,0,1,0,3,0,0,1,0,0,2,3,3,4,4,1,2,1,2,3,1,2,2,2,2,2,2,2,2,3,3,3,-0.149049065,-0.987433654,0.242545789,1,1,0,0,2,0,1,1,0,0,2,0,4,0,1,2,0,0,3,1,0,0,0,1,0,1,1,0,1,0,2,0,1,0,2,0,0,1,3,0,1,0,2,1,0,0,1,1,0,0,0,1
4338,14,4,0.088557224,0,60484,0,1,0,1,1,0,0,0,0,2,4,3,4,4,1,2,1,4,4,4,3,3,1,3,3,2,2,2,3,3,3,0.424625179,-1.345882195,-0.051809207,1,0,1,0,3,0,0,0,1,0,2,0,2,1,0,1,0,0,3,1,0,0,0,0,0,-9,0,0,1,0,2,1,0,0,1,1,0,0,1,1,0,0,1,0,1,0,2,0,1,0,0,2
4339,31,2,2.868284468,0,7003,1,0,0,2,0,1,0,0,0,2,4,4,4,3,2,3,2,3,4,4,2,2,2,2,2,2,2,2,3,3,3,-0.151818055,-0.197554736,-0.303798213,1,1,0,0,2,0,1,1,0,0,2,0,4,0,0,3,0,1,2,0,0,0,1,1,0,-9,0,0,0,1,3,0,0,1,3,0,0,1,3,0,1,0,2,0,0,1,3,0,0,0,1,4
4342,45,2,1.647258788,1,77434,0,1,0,4,0,0,0,1,0,3,3,3,3,4,3,4,2,4,4,4,1,3,1,1,3,3,1,3,2,2,2,0.774980579,-0.010962509,-0.044298788,0,1,0,0,2,0,0,0,1,0,2,0,2,0,1,2,1,0,1,0,0,0,1,1,0,1,1,1,0,0,1,1,0,0,1,1,0,0,1,0,0,1,3,1,0,0,1,0,1,0,0,2
4344,21,2,23.12698102,0,21061,1,0,0,3,0,0,1,0,0,3,4,4,3,4,3,3,3,3,3,3,1,1,3,3,3,3,2,3,2,2,2,-1.489799578,-0.058789161,-0.6073395,0,1,0,0,2,1,1,1,0,1,2,0,3,0,0,3,0,1,2,0,0,0,1,0,0,-9,0,0,0,1,3,0,0,1,3,0,0,1,3,0,1,0,2,0,0,1,3,0,0,1,0,3
4345,48,2,0.614799931,0,24301,0,1,0,4,0,0,0,1,0,2,5,5,4,4,4,4,4,4,4,4,1,1,1,1,1,1,1,1,1,1,1,0.049534013,0.763759429,0.221708061,1,0,0,0,1,0,0,1,0,0,2,0,4,0,1,2,0,0,3,1,0,0,0,0,0,-9,0,1,0,0,1,1,0,0,1,1,0,0,1,0,1,0,2,1,0,0,1,1,0,0,0,1
4346,48,2,3.288847315,0,23089,0,0,1,1,1,0,0,0,0,1,5,5,3,3,3,3,3,3,3,3,2,2,2,2,2,2,2,2,3,3,3,1.346564218,0.791813591,1.022086559,1,1,0,0,2,0,1,0,1,0,2,0,2,0,0,3,0,0,3,0,0,0,1,1,0,1,1,0,0,0,0,0,0,0,0,0,0,0,0,0,0,0,0,0,0,0,0,0,0,0,0,0
4353,34,4,0.16851215,0,28540,0,1,0,1,1,0,0,0,0,1,5,1,5,5,1,1,1,1,1,1,2,2,2,2,2,2,2,2,4,3,4,1.387524032,-0.351817472,0.732113312,0,0,1,0,3,0,0,1,0,0,2,0,4,1,0,1,0,0,3,1,0,0,0,1,0,-9,0,1,0,0,1,0,1,0,2,0,1,0,2,0,0,1,3,1,0,0,1,1,0,0,0,1
4354,37,2,3.064221874,0,74047,0,1,0,1,1,0,0,0,0,1,5,0,5,5,1,1,1,5,5,1,2,2,2,2,2,2,2,2,3,3,3,1.263596965,-1.740618992,0.265614782,1,1,0,0,2,0,0,1,0,0,2,0,4,1,0,1,0,0,3,1,0,0,1,0,0,-9,0,1,0,0,1,1,0,0,1,1,0,0,1,0,0,1,3,1,0,0,1,1,0,0,0,1
4355,34,2,0.819612708,0,27978,0,0,1,2,0,1,0,0,0,2,5,3,4,3,1,1,1,3,3,3,2,2,2,2,2,2,2,2,4,3,4,0.589671404,-0.865206725,-0.582259476,1,1,0,0,2,1,1,1,0,0,2,0,4,0,1,2,0,0,3,1,0,0,0,1,0,-9,0,1,0,0,1,1,0,0,1,1,0,0,1,1,0,0,1,1,0,0,1,1,0,0,0,1
4360,4,2,0.92570756,0,72616,0,0,1,2,0,1,0,0,0,3,4,3,3,4,3,3,4,3,3,3,1,3,2,3,2,2,2,3,2,3,4,-0.263079536,-0.401636653,-0.824560179,1,1,0,0,2,0,0,1,0,0,2,0,4,1,0,1,0,0,3,1,0,0,0,1,0,-9,0,1,0,0,1,1,0,0,1,1,0,0,1,1,0,0,1,1,0,0,1,1,0,0,0,1
4361,33,2,1.196745862,0,13037,0,1,0,2,0,1,0,0,0,2,4,4,4,4,1,2,1,4,3,3,2,2,2,2,2,2,2,2,4,4,4,0.25628811,0.31516232,-0.075655934,0,1,0,0,2,0,1,1,0,0,2,0,4,0,0,3,0,0,3,1,0,0,0,1,0,-9,0,1,0,0,1,1,0,0,1,0,1,0,2,0,0,1,3,1,0,0,1,1,0,0,0,1
4362,31,2,0.43489783,0,8854,0,1,0,1,1,0,0,0,0,1,3,4,3,5,3,4,1,4,5,5,2,2,3,3,3,2,2,2,4,4,4,0.111276574,-0.278405473,0.413375211,1,1,0,0,2,1,1,1,0,0,2,0,4,1,0,1,0,0,3,0,0,0,0,1,0,1,1,0,1,0,2,0,1,0,2,0,1,0,2,1,0,0,1,0,1,0,2,0,1,0,0,2
4364,44,2,1.438809706,0,37013,0,1,0,3,0,0,1,0,0,2,4,2,4,3,1,1,1,4,5,5,2,2,3,2,2,2,2,2,4,2,4,0.529560779,0.048050369,0.651460067,1,1,0,0,2,1,1,1,0,0,2,0,4,0,1,2,0,0,3,1,0,0,1,1,0,1,1,0,1,0,2,0,1,0,2,0,1,0,2,1,0,0,1,1,0,0,1,0,1,0,0,2
4366,26,2,0.639823326,0,63010,0,1,0,1,1,0,0,0,0,1,4,1,5,2,1,3,1,4,4,2,2,2,3,3,2,2,2,2,3,2,1,0.99517055,-1.095823233,0.530476053,1,0,1,0,3,0,0,1,0,0,2,0,4,1,0,1,1,0,1,0,0,0,1,0,0,-9,0,1,0,0,1,1,0,0,1,0,1,0,2,0,1,0,2,1,0,0,1,0,1,0,0,2
4367,49,2,0.037588689,0,98312,0,1,0,2,0,1,0,0,0,3,2,2,2,2,1,3,2,2,4,4,2,2,2,2,2,2,2,2,4,3,1,0.026171288,-0.307910212,-0.080278317,0,1,0,0,2,1,1,1,0,0,2,0,4,0,0,3,0,0,3,1,0,0,1,1,0,1,1,0,1,0,2,0,1,0,2,0,0,1,3,1,0,0,1,1,0,0,1,0,0,1,0,3
4368,48,2,1.831762606,0,23605,0,1,0,1,1,0,0,0,0,3,5,3,4,4,1,1,2,4,4,1,1,1,2,2,3,2,2,3,4,4,4,-2.367583213,-0.107004937,0.45647487,1,1,0,0,2,1,1,1,0,0,2,0,4,0,1,2,0,0,3,1,0,0,1,1,0,-9,0,0,1,0,2,0,1,0,2,0,0,1,3,1,0,0,1,1,0,0,1,0,0,1,0,3
4369,4,2,0.60209263,0,72076,0,1,0,4,0,0,0,1,0,4,5,5,3,4,2,4,4,4,5,4,2,2,3,2,3,2,2,2,3,3,4,0.387689293,0.376911906,-2.085227053,1,1,0,0,2,0,0,1,0,0,2,0,4,1,0,1,0,0,3,1,1,0,0,0,0,1,1,1,0,0,1,1,0,0,1,0,1,0,2,1,0,0,1,1,0,0,1,1,0,0,0,1
4371,45,4,0.144127558,1,76137,0,1,0,2,0,1,0,0,0,1,5,5,1,5,3,3,3,5,5,5,1,1,2,2,1,1,1,2,3,3,3,1.471639574,-0.434733864,0.787483748,1,0,1,0,3,0,0,1,0,0,2,0,4,1,0,1,0,0,3,0,0,0,0,1,0,-9,0,0,0,1,3,0,1,0,2,0,1,0,2,1,0,0,1,0,1,0,2,0,1,0,0,2
4373,39,2,8.636447872,0,18974,0,1,0,2,0,1,0,0,0,4,6,3,3,3,3,3,3,3,3,3,2,2,2,2,2,2,2,2,3,3,3,-1.547307768,1.353689046,0.154393472,1,1,0,0,2,0,1,0,0,0,2,0,5,0,1,2,0,0,3,1,0,0,0,1,0,-9,0,0,1,0,2,0,1,0,2,1,0,0,1,0,0,1,3,0,1,0,2,0,1,0,0,2
4375,33,2,0.261812355,0,11792,0,1,0,1,1,0,0,0,0,2,5,2,4,3,1,2,1,3,3,1,1,1,2,2,2,2,2,2,3,3,4,0.565878254,-1.604902459,0.604364942,0,1,0,0,2,0,0,1,0,0,2,0,4,0,1,2,0,1,2,0,0,1,1,1,0,-9,0,1,0,0,1,1,0,0,1,1,0,0,1,1,0,0,1,1,0,0,1,1,0,0,0,1
4377,11,4,0.062036442,0,30087,0,1,0,2,0,1,0,0,0,3,5,3,3,4,3,3,2,4,3,3,1,1,2,1,1,1,1,3,1,1,1,-0.856018042,-0.410008257,-0.849902936,1,1,0,0,2,0,0,1,0,0,2,0,4,1,0,1,0,0,3,1,0,0,0,0,0,-9,0,1,0,0,1,1,0,0,1,0,1,0,2,0,1,0,2,1,0,0,1,1,0,0,0,1
4379,49,4,0.147355697,0,98405,1,0,0,3,0,0,1,0,0,2,1,3,2,1,2,4,4,4,5,3,3,3,3,2,2,2,2,2,2,2,3,0.240170069,-1.725518016,-0.522464232,0,1,0,0,2,0,0,1,0,0,2,0,4,1,0,1,0,1,2,0,1,0,0,0,1,0,0,0,0,1,3,0,0,1,3,1,0,0,1,0,1,0,2,0,1,0,2,0,0,0,1,4
4385,23,2,0.649327067,0,48150,0,1,0,3,0,0,1,0,0,3,5,4,4,4,1,1,1,1,4,1,2,2,2,2,2,2,2,2,4,4,4,0.389612074,-1.487228988,-0.593284483,1,0,1,0,3,1,1,1,0,0,2,0,4,0,1,2,1,0,1,0,0,0,1,1,0,-9,0,0,1,0,2,0,1,0,2,1,0,0,1,0,1,0,2,1,0,0,1,0,1,0,0,2
4388,11,3,0.125791477,0,30318,1,0,0,5,0,0,0,0,1,2,5,5,5,5,3,4,5,5,5,3,2,2,3,2,2,1,2,3,3,3,4,-0.87537312,-0.540690547,-0.605304955,1,1,0,0,2,0,0,0,1,0,2,0,2,1,0,1,0,0,3,0,0,0,0,0,0,-9,0,0,0,1,3,0,0,1,3,1,0,0,1,0,1,0,2,0,0,1,3,0,0,1,0,3
4391,39,2,0.713398085,0,18301,0,1,0,5,0,0,0,0,1,4,3,3,1,4,3,4,4,4,5,5,1,1,1,3,3,3,1,3,2,2,2,0.281790526,-0.70279318,0.71848224,1,1,0,0,2,1,1,1,0,0,2,0,4,0,1,2,0,1,2,1,0,0,0,0,0,1,1,0,1,0,2,0,0,1,3,0,1,0,2,0,0,1,3,1,0,0,1,0,0,1,0,3
4392,10,4,0.500124517,1,33193,0,1,0,2,0,1,0,0,0,3,3,3,1,5,3,4,1,4,4,1,2,2,2,2,2,1,1,3,2,2,1,-1.377656155,-0.021892667,0.003159813,1,0,1,0,3,0,0,1,0,0,1,1,1,1,0,1,0,1,2,0,1,0,0,0,0,1,1,0,0,1,3,0,1,0,2,0,1,0,2,1,0,0,1,1,0,0,1,0,0,1,0,3
4394,36,2,0.123268022,0,43219,0,1,0,3,0,0,1,0,0,1,1,3,4,3,3,3,1,4,4,3,1,1,1,1,3,1,1,3,2,2,2,-0.836521237,0.34363846,0.129200886,0,1,0,0,2,0,0,0,1,0,2,0,2,1,0,1,0,1,2,0,0,0,1,1,0,-9,0,0,1,0,2,0,0,1,3,0,0,1,3,0,0,1,3,1,0,0,1,0,0,1,0,3
4395,10,4,0.952721078,0,32226,0,1,0,4,0,0,0,1,0,2,3,5,4,3,2,5,3,5,5,4,1,1,3,1,2,2,2,2,2,2,3,1.143565156,1.348346383,0.610080798,1,1,0,0,2,0,0,0,1,0,2,0,2,1,0,1,0,0,3,0,0,0,0,1,0,-9,0,1,0,0,1,1,0,0,1,0,1,0,2,0,0,1,3,1,0,0,1,1,0,0,0,1
4398,11,2,1.110513828,0,30127,0,1,0,4,0,0,0,1,0,3,5,2,2,1,1,4,2,4,4,2,2,2,2,2,2,2,2,2,3,2,2,1.238402503,0.783099772,1.032720001,1,1,0,0,2,1,1,1,0,0,2,0,4,0,0,3,0,0,3,1,0,0,0,1,0,-9,0,1,0,0,1,1,0,0,1,1,0,0,1,0,0,1,3,1,0,0,1,1,0,0,0,1
4399,4,2,4.622120504,0,72104,0,1,0,2,0,1,0,0,0,2,5,2,5,5,1,3,3,4,3,4,2,2,2,3,2,2,2,2,3,2,3,-0.978219506,-0.346558693,0.208666226,1,0,1,0,3,1,1,1,0,0,2,0,4,0,0,3,0,1,2,0,0,0,0,1,0,-9,0,1,0,0,1,1,0,0,1,1,0,0,1,1,0,0,1,1,0,0,1,1,0,0,0,1
4400,7,2,0.615584379,0,6106,1,0,0,3,0,0,1,0,0,3,3,5,3,3,3,3,3,3,3,3,2,2,2,3,2,3,3,3,2,1,4,-0.871104841,0.224430523,-0.682682557,0,1,0,0,2,0,0,0,1,0,2,0,2,1,0,1,1,0,1,0,0,0,1,0,1,-9,0,0,0,1,3,0,0,1,3,0,0,1,3,0,1,0,2,0,0,1,3,0,0,0,1,4
4408,11,2,2.331878823,0,30213,0,1,0,2,0,1,0,0,0,2,4,5,2,5,1,3,1,5,5,3,2,2,2,1,2,1,2,2,3,3,3,0.201785679,-0.314650473,1.132506857,1,1,0,0,2,0,1,0,1,0,2,0,2,0,0,0,0,0,3,0,1,0,1,1,0,-9,0,0,0,0,0,0,0,0,0,0,0,0,0,0,0,0,0,0,0,0,0,0,0,0,0,0
4410,36,2,0.487042138,0,45102,0,1,0,1,1,0,0,0,0,1,5,3,2,4,1,3,1,2,4,2,2,1,3,3,3,3,1,2,3,3,2,0.179505925,0.514941,-0.72391846,1,1,0,0,2,0,0,1,0,0,2,0,4,1,0,1,0,0,3,1,0,0,1,1,0,1,1,1,0,0,1,1,0,0,1,0,1,0,2,1,0,0,1,1,0,0,1,1,0,0,0,1
4411,26,2,2.174853755,0,63144,1,0,0,3,0,0,1,0,0,1,1,0,1,5,1,1,1,1,1,1,2,2,2,2,2,2,2,2,3,3,3,1.397544536,1.046257717,0.935897859,1,1,0,0,2,0,0,0,0,1,2,0,3,0,1,2,0,1,2,0,0,0,1,0,0,-9,0,0,0,1,3,0,0,1,3,0,1,0,2,0,0,1,3,0,0,1,3,0,0,0,1,4
4412,45,2,1.284661722,1,76016,0,1,0,2,0,1,0,0,0,3,4,3,3,3,3,3,3,3,3,3,2,2,2,2,2,2,2,2,3,3,3,-0.615977943,0.103903761,-0.509328945,0,1,0,0,2,0,0,1,0,0,2,0,4,1,0,1,1,0,1,0,0,0,1,1,0,1,1,0,1,0,2,0,1,0,2,0,0,1,3,1,0,0,1,1,0,0,1,1,0,0,0,1
4413,49,4,0.01506494,0,98444,0,1,0,4,0,0,0,1,0,3,5,4,3,5,5,4,3,4,4,4,2,2,2,2,2,3,3,2,3,3,3,0.838101285,0.740729481,-0.084995681,0,1,0,0,2,0,0,1,0,0,2,0,4,1,0,1,0,1,2,0,0,0,0,0,1,-9,0,0,0,1,3,0,1,0,2,0,0,1,3,0,1,0,2,0,1,0,2,0,0,0,1,4
4417,24,4,0.386597744,0,55415,0,1,0,4,0,0,0,1,0,3,2,4,2,2,2,4,1,2,4,2,2,2,1,2,2,2,2,1,2,3,3,-0.490385217,-1.172320692,-0.029382348,1,1,0,0,2,0,0,1,0,0,2,0,4,1,0,1,1,0,1,0,0,0,0,0,1,-9,0,0,1,0,2,0,0,1,3,0,0,1,3,0,1,0,2,0,0,1,3,0,0,0,1,4
4419,11,4,0.614200023,0,31903,0,1,0,2,0,1,0,0,0,2,3,3,1,5,1,5,4,1,1,1,2,2,2,2,2,2,2,2,3,3,4,-0.027214276,-0.973953549,-0.236117113,0,0,0,0,1,0,0,0,1,0,2,0,2,1,0,1,1,0,1,0,0,0,0,0,1,-9,0,0,1,0,2,1,0,0,1,0,1,0,2,0,0,1,3,1,0,0,1,1,0,0,0,1
4420,22,4,0.376921457,0,1001,0,1,0,1,1,0,0,0,0,1,6,3,3,3,3,3,3,3,3,3,2,2,2,2,2,2,2,2,4,3,4,-0.61546619,0.058314823,-1.271232552,0,0,1,0,3,0,0,1,0,0,2,0,4,1,0,1,1,0,1,0,0,0,0,0,1,1,1,1,0,0,1,0,1,0,2,0,1,0,2,0,0,1,3,1,0,0,1,0,1,0,0,2
4422,44,4,0.787038468,0,37321,0,1,0,2,0,1,0,0,0,3,4,3,4,4,3,3,2,4,4,3,1,1,1,1,1,1,1,2,3,2,3,-0.236608958,-0.129000826,-1.223460235,1,0,1,0,3,0,0,1,0,0,2,0,4,1,0,1,1,0,1,0,0,0,0,0,1,1,1,1,0,0,1,1,0,0,1,0,1,0,2,0,0,1,3,1,0,0,1,1,0,0,0,1
4425,10,4,0.972300287,0,34112,0,1,0,2,0,1,0,0,0,2,4,2,4,5,1,3,1,5,5,4,1,1,1,1,3,3,1,2,2,4,2,1.315077847,0.280766112,1.0279023,1,0,1,0,3,0,1,1,0,0,2,0,4,0,1,2,1,0,1,0,0,0,0,1,0,-9,0,0,1,0,2,0,1,0,2,0,0,1,3,0,0,1,3,1,0,0,1,1,0,0,0,1
4426,14,4,0.116938495,0,60632,1,0,0,2,0,1,0,0,0,2,2,1,3,3,2,5,2,4,3,3,2,1,3,2,2,2,2,2,3,2,4,-0.065060012,-1.295468696,-0.154041414,1,1,0,0,2,1,1,0,1,0,2,0,2,1,0,1,0,1,2,0,0,0,0,0,1,0,0,0,0,1,3,0,0,1,3,1,0,0,1,1,0,0,1,0,0,1,3,0,0,0,1,4
4428,45,4,1.794324984,0,79706,0,0,1,3,0,0,1,0,0,3,5,5,4,4,1,1,1,1,4,4,2,3,2,3,2,2,2,2,4,4,4,-0.537145653,-0.336688383,0.54734114,1,0,1,0,3,0,0,1,0,0,2,0,4,0,1,2,0,1,2,0,0,0,0,0,0,-9,0,1,0,0,1,1,0,0,1,0,1,0,2,0,1,0,2,1,0,0,1,0,1,0,0,2
4429,11,2,0.744806515,0,30043,0,1,0,3,0,0,1,0,0,1,5,3,4,3,1,3,3,4,4,3,1,1,1,1,2,3,2,2,2,2,3,0.624785466,-0.627951455,1.241376585,1,1,0,0,2,0,1,0,1,0,2,0,2,0,0,0,0,0,3,1,0,0,0,1,0,1,1,0,1,0,2,1,0,0,1,0,1,0,2,0,1,0,2,1,0,0,1,1,0,0,0,1
4432,45,2,0.684156192,1,77085,0,1,0,5,0,0,0,0,1,3,6,1,1,5,1,4,1,5,5,5,2,1,1,3,3,2,2,3,1,2,2,0.799238928,1.308430568,0.538308722,1,1,0,0,2,0,0,0,1,0,2,0,2,1,0,1,0,0,3,1,0,0,0,0,0,-9,0,0,1,0,2,1,0,0,1,0,0,1,3,1,0,0,1,1,0,0,1,0,1,0,0,2
4433,17,4,0.469041996,0,67204,0,1,0,2,0,1,0,0,0,1,2,1,4,4,1,1,1,1,1,4,2,2,2,2,2,2,2,2,4,3,4,-0.0345244,0.074747855,0.064917681,1,1,0,0,2,0,0,1,0,0,2,0,4,0,1,2,0,0,3,1,1,0,0,1,0,-9,0,0,1,0,2,1,0,0,1,0,1,0,2,0,1,0,2,1,0,0,1,0,0,1,0,3
4434,24,4,0.163371278,0,55447,0,1,0,3,0,0,1,0,0,3,4,4,4,3,2,2,2,4,4,3,2,2,2,2,2,2,2,2,1,3,4,0.578862846,-0.081741555,-0.123298049,1,1,0,0,2,0,0,1,0,0,2,0,4,1,0,1,0,0,3,0,0,0,0,1,0,1,1,0,1,0,2,0,1,0,2,0,0,1,3,0,1,0,2,1,0,0,1,0,0,1,0,3
4436,34,4,1.558654982,0,27317,0,1,0,2,0,1,0,0,0,1,5,0,4,4,2,4,2,4,2,2,3,1,3,3,3,3,2,2,3,3,3,0.650476055,-0.582132835,0.400353907,1,1,0,0,2,0,0,1,0,0,2,0,4,0,1,2,0,1,2,1,0,0,0,1,0,-9,0,1,0,0,1,1,0,0,1,0,1,0,2,0,0,1,3,1,0,0,1,1,0,0,0,1
4437,14,2,0.340020861,0,60074,0,1,0,4,0,0,0,1,0,3,2,4,2,3,2,2,3,3,2,3,1,1,1,1,3,1,1,1,2,2,2,-0.122316047,0.072627892,0.659180319,1,1,0,0,2,1,1,1,0,0,2,0,4,0,1,2,0,1,2,0,0,0,1,1,0,-9,0,0,0,1,3,0,1,0,2,0,0,1,3,1,0,0,1,0,1,0,2,0,1,0,0,2
4441,23,2,0.927495679,0,49501,0,1,0,4,0,0,0,1,0,3,4,4,3,3,1,4,4,4,5,4,3,3,2,2,2,2,2,2,3,2,3,0.347273911,-0.16764467,0.794828723,1,1,0,0,2,1,1,1,0,0,2,0,4,0,0,3,0,0,3,1,0,0,1,1,0,-9,0,0,0,0,0,0,0,0,0,0,0,0,0,0,0,0,0,0,0,0,0,0,0,0,0,0
4442,36,4,0.34201115,0,44471,0,1,0,1,1,0,0,0,0,1,5,2,4,4,1,1,1,2,5,2,2,2,2,2,2,2,2,3,4,3,2,-0.819156493,0.791671118,0.505742223,1,1,0,0,2,0,0,1,0,0,2,0,4,1,0,1,1,0,1,0,1,0,0,1,0,-9,0,0,1,0,2,0,1,0,2,1,0,0,1,1,0,0,1,1,0,0,1,1,0,0,0,1
4447,33,2,1.447060517,0,13153,0,1,0,3,0,0,1,0,0,3,5,4,4,4,1,1,1,4,4,1,2,2,2,2,2,2,2,2,4,2,4,-0.326978277,-1.549319701,0.087581534,1,0,1,0,3,0,0,1,0,0,2,0,4,0,1,2,0,1,2,0,0,0,1,1,0,-9,0,1,0,0,1,1,0,0,1,0,1,0,2,0,0,1,3,1,0,0,1,1,0,0,0,1
4448,10,2,11.37360635,1,33073,1,0,0,1,1,0,0,0,0,1,4,1,5,2,2,4,1,4,3,3,2,2,2,2,2,2,2,2,2,2,4,0.21413597,0.290561975,-0.971267354,1,0,1,0,3,0,0,1,0,0,2,0,4,0,0,3,0,1,2,0,0,0,1,1,0,1,1,0,0,1,3,0,0,1,3,0,0,1,3,1,0,0,1,1,0,0,1,0,0,1,0,3
4449,39,2,0.203708373,0,18509,1,0,0,2,0,1,0,0,0,1,4,4,4,4,3,4,3,3,4,5,2,2,2,2,2,2,2,2,3,2,4,-0.162404038,-0.070087864,-0.53105933,1,1,0,0,2,1,1,1,0,0,2,0,4,1,0,1,0,1,2,0,1,0,1,0,0,-9,0,0,0,1,3,0,0,1,3,1,0,0,1,0,0,1,3,1,0,0,1,0,1,0,0,2
4451,16,4,0.111863708,0,52632,0,1,0,4,0,0,0,1,0,3,5,3,3,5,1,3,1,1,5,5,2,2,1,1,1,1,2,2,4,2,4,0.534554584,-1.092260728,-0.069197761,1,1,0,0,2,0,0,1,0,0,2,0,4,1,0,1,0,0,3,1,1,0,0,1,1,1,1,1,0,0,1,0,1,0,2,1,0,0,1,0,0,1,3,1,0,0,1,0,1,0,0,2
4454,30,4,1.673712584,0,3833,0,1,0,1,1,0,0,0,0,1,5,1,5,4,2,2,2,5,5,4,1,1,2,2,2,2,2,2,3,2,2,1.428228452,-0.576573573,-0.948893987,1,1,0,0,2,1,1,1,0,0,2,0,4,0,0,3,0,0,3,1,0,0,0,1,0,1,1,1,0,0,1,0,1,0,2,0,1,0,2,0,1,0,2,0,1,0,2,1,0,0,0,1
4456,34,4,0.249950521,0,28739,0,1,0,2,0,1,0,0,0,3,3,2,4,4,1,4,1,5,5,4,3,3,3,3,3,2,2,2,2,2,2,0.384149021,0.021895076,0.445485332,1,1,0,0,2,0,0,1,0,0,2,0,4,1,0,1,0,0,3,1,0,0,0,1,0,-9,0,1,0,0,1,1,0,0,1,1,0,0,1,0,0,1,3,1,0,0,1,1,0,0,0,1
4459,19,2,1.035051073,0,70817,0,1,0,5,0,0,0,0,1,3,3,4,2,3,1,3,1,5,4,4,2,2,2,2,2,2,2,2,3,3,2,0.334624331,0.735871162,-0.778483855,1,0,1,0,3,0,0,1,0,0,2,0,4,0,1,2,0,1,2,0,0,0,1,0,0,-9,0,0,1,0,2,0,1,0,2,1,0,0,1,0,0,1,3,1,0,0,1,1,0,0,0,1
4460,11,2,4.668768653,0,30034,0,1,0,1,1,0,0,0,0,2,4,3,2,4,1,1,3,5,5,5,1,1,1,1,3,1,1,1,1,2,2,-0.890929765,0.028866688,-0.592590584,1,0,1,0,3,0,0,0,1,0,2,0,2,0,0,3,0,0,3,0,0,0,0,1,0,-9,0,0,1,0,2,1,0,0,1,0,1,0,2,1,0,0,1,1,0,0,1,0,1,0,0,2
4461,4,2,8.649551765,0,72532,0,0,1,1,1,0,0,0,0,1,2,0,5,5,1,1,1,4,5,4,1,1,1,1,3,1,1,2,1,2,2,-0.081008408,-0.192132309,-0.619600992,1,1,0,0,2,0,0,1,0,0,2,0,4,0,0,3,0,0,3,1,0,0,1,1,0,-9,0,1,0,0,1,1,0,0,1,1,0,0,1,1,0,0,1,1,0,0,1,1,0,0,0,1
4462,21,4,0.227072649,0,21207,0,1,0,4,0,0,0,1,0,2,5,3,4,3,1,1,1,4,2,2,2,2,2,1,1,1,1,3,4,2,4,-1.603065893,0.408779721,0.987440109,1,1,0,0,2,0,0,0,1,0,2,0,2,1,0,1,0,0,3,0,0,0,0,1,0,-9,0,0,0,1,3,0,1,0,2,0,1,0,2,1,0,0,1,0,1,0,2,0,0,1,0,3
4466,39,2,0.070412622,0,19120,1,0,0,2,0,1,0,0,0,1,3,3,3,2,3,4,5,5,5,4,1,1,2,2,2,1,1,2,2,2,3,0.992845737,1.346680492,0.810529688,1,1,0,0,2,0,0,0,1,0,2,0,2,1,0,1,0,0,3,0,0,0,0,0,0,0,0,0,0,1,3,0,0,1,3,1,0,0,1,1,0,0,1,0,0,1,3,0,0,0,1,4
4468,49,4,0.047089888,0,98391,0,1,0,2,0,1,0,0,0,3,2,3,3,2,1,3,4,4,4,3,2,3,3,2,3,2,2,1,2,2,3,0.436864451,-0.74468292,0.323733061,1,1,0,0,2,0,0,0,1,0,2,0,2,0,1,2,0,0,3,1,0,0,0,1,0,1,1,1,0,0,1,1,0,0,1,1,0,0,1,1,0,0,1,1,0,0,1,1,0,0,0,1
4471,11,2,0.324954952,0,31036,0,0,1,5,0,0,0,0,1,4,4,5,3,5,2,2,1,5,5,5,2,2,2,2,1,3,1,2,1,4,4,-0.386949323,0.803369502,1.261655179,1,1,0,0,2,0,0,0,1,0,2,0,2,1,0,1,0,0,3,0,1,0,0,1,0,-9,0,1,0,0,1,1,0,0,1,0,1,0,2,0,0,1,3,1,0,0,1,1,0,0,0,1
4472,23,2,1.179205186,0,48089,0,1,0,2,0,1,0,0,0,2,5,3,5,5,1,3,3,5,3,3,2,2,1,1,2,2,1,3,4,2,3,-0.418542773,-0.021977784,0.241990079,1,1,0,0,2,0,0,1,0,0,2,0,4,1,0,1,0,0,3,1,0,0,1,1,0,1,1,0,1,0,2,0,1,0,2,0,1,0,2,0,1,0,2,1,0,0,1,0,1,0,0,2
4473,45,4,3.206424051,1,78228,0,1,0,4,0,0,0,1,0,2,5,3,4,5,3,3,2,4,4,3,1,1,2,2,3,2,2,3,3,2,3,-0.018139753,-2.407740503,1.349357682,1,1,0,0,2,0,0,1,0,0,1,1,1,1,0,1,0,0,3,0,0,0,0,1,0,-9,0,0,0,1,3,0,1,0,2,1,0,0,1,1,0,0,1,1,0,0,1,0,0,1,0,3
4475,50,4,1.353021767,0,25508,0,1,0,5,0,0,0,0,1,1,5,0,4,2,1,5,3,4,5,4,3,3,2,2,2,2,2,1,3,2,2,0.505297863,-0.232164882,-0.345503985,1,1,0,0,2,0,0,1,0,0,2,0,4,1,0,1,0,1,2,0,0,0,0,1,0,-9,0,1,0,0,1,1,0,0,1,0,1,0,2,1,0,0,1,1,0,0,1,1,0,0,0,1
4484,51,4,0.293748398,0,54494,0,1,0,2,0,1,0,0,0,1,2,3,4,5,3,2,3,3,4,4,1,3,3,2,3,1,1,2,3,3,3,0.188273705,-0.725959167,-0.32014479,1,0,1,0,3,0,0,1,0,0,2,0,4,0,1,2,0,0,3,0,1,0,0,1,0,-9,0,1,0,0,1,0,1,0,2,1,0,0,1,0,1,0,2,1,0,0,1,1,0,0,0,1
4487,51,2,0.351723008,0,54449,0,1,0,4,0,0,0,1,0,2,4,2,4,3,3,4,4,2,3,2,2,3,3,2,2,3,1,2,2,3,3,-0.634206354,0.320377904,-1.234919029,1,0,0,0,1,1,1,0,0,0,1,1,1,0,1,2,0,0,3,1,1,1,0,0,0,-9,0,1,0,0,1,0,1,0,2,1,0,0,1,0,0,1,3,1,0,0,1,0,1,0,0,2
4489,49,2,0.006763322,0,98001,0,1,0,3,0,0,1,0,0,3,4,3,4,2,2,4,2,4,5,5,1,1,1,1,3,3,3,2,2,2,2,-0.178757603,1.123791063,0.217320565,0,0,1,0,3,0,0,1,0,0,2,0,4,0,1,2,0,0,3,1,0,0,1,1,0,1,1,0,1,0,2,0,1,0,2,0,0,1,3,1,0,0,1,0,1,0,2,0,1,0,0,2
4492,42,2,1.283807164,0,29301,0,1,0,5,0,0,0,0,1,3,5,5,1,5,4,4,4,5,5,5,1,1,3,3,1,1,1,3,2,2,2,0.67172703,0.810051768,0.606665204,1,0,1,0,3,0,0,1,0,0,2,0,4,0,1,2,0,0,3,0,0,0,1,0,0,-9,0,1,0,0,1,0,1,0,2,0,1,0,2,0,0,1,3,1,0,0,1,1,0,0,0,1
4493,31,2,0.715676693,0,8054,0,1,0,4,0,0,0,1,0,3,5,5,2,4,1,5,3,5,5,3,1,1,3,1,2,2,2,3,3,2,4,0.277565832,-0.051027723,-0.067143286,1,1,0,0,2,1,1,1,0,0,2,0,4,0,0,0,0,0,3,1,0,0,0,0,0,-9,0,0,1,0,2,0,1,0,2,0,0,1,3,0,1,0,2,1,0,0,1,0,1,0,0,2
4494,3,4,0.025683461,1,85379,0,1,0,2,0,1,0,0,0,3,4,4,3,4,3,5,4,3,4,4,1,3,2,1,2,1,1,3,2,2,1,-0.02358258,1.454846498,-0.211365806,1,1,0,0,2,0,0,0,1,0,2,0,2,1,0,1,0,0,3,0,0,0,0,1,0,-9,0,0,0,1,3,1,0,0,1,0,1,0,2,1,0,0,1,1,0,0,1,1,0,0,0,1
4495,22,1,3.055378967,0,2108,1,0,0,2,0,1,0,0,0,2,2,1,5,4,5,5,5,5,5,5,3,3,3,3,3,3,1,3,2,2,3,1.105450401,1.35399208,1.146411159,0,1,0,0,2,1,1,0,1,0,2,0,2,0,0,3,0,0,3,1,0,0,0,0,0,1,1,0,0,1,3,0,0,1,3,0,0,1,3,0,0,1,3,0,0,1,3,0,0,0,1,4
4497,11,4,0.532532911,0,31792,0,1,0,5,0,0,0,0,1,5,5,5,1,5,2,2,2,5,4,3,1,1,2,1,1,1,1,3,3,2,3,-0.774214621,-1.030574265,-0.481147912,1,1,0,0,2,0,0,1,0,0,2,0,4,1,0,1,1,0,1,0,1,0,0,1,0,-9,0,1,0,0,1,0,1,0,2,1,0,0,1,0,0,1,3,1,0,0,1,1,0,0,0,1
4498,49,2,0.029055974,0,98270,0,1,0,3,0,0,1,0,0,3,5,3,4,5,1,4,4,4,3,3,1,1,3,3,3,2,2,3,2,2,4,-0.103801075,-1.007743224,-0.521196123,1,1,0,0,2,0,0,1,0,0,2,0,4,0,1,2,0,0,3,1,0,0,0,0,0,0,0,0,1,0,2,0,1,0,2,1,0,0,1,1,0,0,1,1,0,0,1,0,0,1,0,3
4499,39,2,1.905603462,0,15613,0,1,0,2,0,1,0,0,0,2,1,3,4,4,3,4,4,5,4,4,2,3,1,3,3,3,1,1,1,1,1,0.217344775,-0.486164017,0.626819416,1,0,1,0,3,1,1,1,0,0,2,0,4,0,0,3,0,0,3,1,0,0,1,0,0,-9,0,1,0,0,1,1,0,0,1,1,0,0,1,0,0,1,3,1,0,0,1,1,0,0,0,1
4503,4,2,2.583549621,0,71929,0,0,1,1,1,0,0,0,0,1,5,4,4,4,1,1,1,2,1,1,2,2,2,2,2,2,2,2,4,3,4,-0.317511293,-1.596737953,1.64453576,1,1,0,0,2,0,1,1,0,0,2,0,4,0,0,3,0,1,2,0,0,0,1,1,0,-9,0,1,0,0,1,1,0,0,1,0,1,0,2,1,0,0,1,1,0,0,1,1,0,0,0,1
4504,22,2,1.48009735,0,2351,0,1,0,3,0,0,1,0,0,2,3,3,4,3,1,1,1,1,5,1,1,1,3,3,2,2,2,2,1,3,1,1.060862316,0.685200818,1.006580602,1,0,1,0,3,0,0,1,0,0,2,0,4,0,1,2,0,0,3,1,0,0,1,1,0,-9,0,1,0,0,1,1,0,0,1,1,0,0,1,0,0,1,3,0,0,1,3,0,1,0,0,2
4506,39,1,0.725424403,0,16935,0,0,1,2,0,1,0,0,0,3,3,5,2,3,3,5,4,1,2,4,2,2,2,3,2,2,3,2,4,3,2,-1.37030571,-0.249233003,0.132460444,1,1,0,0,2,0,0,1,0,0,2,0,4,1,0,1,0,1,2,0,0,0,0,1,0,-9,0,1,0,0,1,1,0,0,1,1,0,0,1,1,0,0,1,1,0,0,1,1,0,0,0,1
4509,4,2,1.793185655,0,72601,0,1,0,4,0,0,0,1,0,1,5,2,2,3,1,1,1,5,3,2,2,3,2,3,2,2,2,2,4,2,2,0.025433752,0.430367286,1.13631377,0,0,1,0,3,0,0,1,0,0,2,0,4,1,0,1,0,1,2,0,0,1,1,1,0,-9,0,1,0,0,1,1,0,0,1,1,0,0,1,0,0,1,3,1,0,0,1,1,0,0,0,1
4510,24,2,0.754773177,0,55337,0,1,0,2,0,1,0,0,0,2,2,4,2,5,2,2,2,4,5,3,2,2,2,1,1,2,2,3,4,2,2,0.106574117,-0.493550095,0.534395746,1,1,0,0,2,0,1,1,0,0,2,0,4,0,1,2,1,0,1,0,1,0,0,0,0,-9,0,0,1,0,2,0,0,1,3,0,0,1,3,0,0,1,3,1,0,0,1,0,0,1,0,3
4511,49,4,0.007923668,0,98367,0,1,0,2,0,1,0,0,0,3,5,4,1,5,1,1,1,2,2,2,1,1,2,2,2,1,1,3,1,2,3,-0.766620806,-0.550358782,-0.509865221,1,0,1,0,3,1,1,1,0,0,2,0,4,0,1,2,0,0,3,0,0,0,0,1,0,-9,0,1,0,0,1,1,0,0,1,1,0,0,1,1,0,0,1,0,1,0,2,1,0,0,0,1
4517,19,2,4.935339308,0,70448,0,1,0,1,1,0,0,0,0,1,3,3,3,5,1,1,1,4,4,1,2,2,2,2,2,2,2,2,4,3,3,-0.602525171,0.226865651,1.274257902,1,0,1,0,3,0,0,1,0,0,2,0,4,0,1,2,0,1,2,0,0,0,1,1,0,-9,0,1,0,0,1,1,0,0,1,1,0,0,1,0,1,0,2,1,0,0,1,1,0,0,0,1
4519,49,3,0.017983993,0,98199,1,0,0,4,0,0,0,1,0,3,3,4,1,2,2,3,4,5,5,3,2,2,2,2,2,2,2,2,3,3,3,0.732841663,-1.004919575,-0.530528639,1,1,0,0,2,0,0,1,0,0,2,0,4,0,1,2,0,1,2,1,0,0,0,0,0,1,1,0,0,1,3,0,0,1,3,1,0,0,1,0,1,0,2,1,0,0,1,0,0,0,1,4
4523,15,2,0.427144632,0,47802,0,1,0,5,0,0,0,0,1,1,5,5,1,5,1,1,1,4,5,5,1,1,3,1,1,2,2,3,1,3,1,1.022937798,-0.947807966,0.479740055,1,1,0,0,2,1,1,0,1,0,2,0,2,0,1,2,0,1,2,1,0,0,0,0,0,-9,0,1,0,0,1,0,1,0,2,1,0,0,1,0,1,0,2,1,0,0,1,0,0,1,0,3
4524,31,2,0.559992397,0,7850,0,1,0,1,1,0,0,0,0,2,5,4,3,3,4,3,4,4,5,3,2,2,2,2,3,2,2,3,2,2,2,0.627295038,0.875265992,0.225124803,0,1,0,0,2,0,0,1,0,0,2,0,4,1,0,1,0,1,2,0,0,0,1,0,0,-9,0,0,1,0,2,1,0,0,1,0,1,0,2,0,1,0,2,0,0,1,3,1,0,0,0,1
4527,20,4,0.328528411,0,4742,0,0,1,4,0,0,0,1,0,2,5,3,3,5,2,4,1,4,4,3,1,1,1,1,2,2,2,2,2,3,2,-0.355878301,-0.569621468,0.430666616,1,0,1,0,3,0,0,1,0,0,2,0,4,1,0,1,0,1,2,0,0,0,0,1,0,1,1,1,0,0,1,1,0,0,1,1,0,0,1,0,0,1,3,1,0,0,1,1,0,0,0,1
4528,24,4,0.397551335,0,56387,0,0,0,2,0,1,0,0,0,3,5,3,1,4,4,5,5,4,4,5,2,2,2,3,2,2,2,2,2,2,2,0.072321723,0.792787987,-1.198791524,1,0,1,0,3,0,0,1,0,0,2,0,4,1,0,1,1,0,1,0,0,0,0,0,0,1,1,0,0,0,0,0,0,0,0,0,0,0,0,0,0,0,0,0,0,0,0,0,0,0,0,0
4535,26,2,0.29083051,0,65802,0,1,0,2,0,1,0,0,0,2,2,1,4,4,2,4,4,4,5,5,2,2,2,2,2,2,2,2,3,3,3,1.567640858,-1.204024962,0.158563378,1,1,0,0,2,0,0,1,0,0,2,0,4,1,0,1,0,0,3,1,0,0,0,1,0,-9,0,0,1,0,2,0,0,1,3,1,0,0,1,0,0,1,3,1,0,0,1,0,1,0,0,2
4536,36,2,1.319993604,0,45013,0,1,0,1,1,0,0,0,0,1,1,1,5,5,3,3,3,3,3,3,1,1,2,2,2,1,1,3,1,2,1,-0.427350462,-0.432139749,-0.257688935,1,1,0,0,2,0,0,1,0,0,2,0,4,0,1,2,0,0,3,1,0,0,1,1,0,1,1,0,1,0,2,0,1,0,2,1,0,0,1,0,1,0,2,1,0,0,1,1,0,0,0,1
4537,49,2,0.056524603,0,98144,1,0,0,1,1,0,0,0,0,1,5,1,2,4,1,3,2,2,5,5,1,1,1,1,2,2,1,2,1,3,1,0.291162108,0.767678868,0.679365614,1,1,0,0,2,0,1,1,0,0,2,0,4,0,0,3,0,0,3,1,0,0,0,1,0,-9,0,0,0,1,3,0,0,1,3,0,0,1,3,0,0,1,3,0,0,1,3,0,0,0,1,4
4539,11,4,0.633429695,0,30296,0,1,0,2,0,1,0,0,0,1,5,3,1,5,1,3,1,5,5,3,1,1,2,1,1,2,2,3,3,2,4,-0.310417607,-0.036741016,0.027775242,1,0,1,0,3,1,1,0,1,0,2,0,2,1,0,1,1,0,1,0,0,0,0,1,0,-9,0,0,1,0,2,1,0,0,1,1,0,0,1,1,0,0,1,1,0,0,1,1,0,0,0,1
4540,49,2,0.024577194,0,98012,0,1,0,2,0,1,0,0,0,2,2,2,3,4,2,1,1,2,4,5,2,2,2,2,2,2,2,2,4,3,3,-1.133768945,0.104161923,-0.649270455,1,0,1,0,3,1,1,0,0,1,2,0,3,0,1,2,0,0,3,1,1,0,0,0,0,-9,0,0,1,0,2,0,1,0,2,1,0,0,1,1,0,0,1,1,0,0,1,0,0,1,0,3
4541,24,4,0.272871422,0,55433,0,1,0,2,0,1,0,0,0,2,6,3,2,2,2,5,3,3,3,2,2,3,3,3,3,2,2,1,2,2,4,-0.883525958,-0.66936268,-1.108594348,1,0,1,0,3,0,0,1,0,0,2,0,4,1,0,1,0,1,2,0,0,0,0,0,0,1,1,0,1,0,2,0,0,1,3,0,0,1,3,0,0,1,3,1,0,0,1,0,0,1,0,3
4542,11,2,0.149853551,0,31709,0,1,0,4,0,0,0,1,0,3,4,4,3,3,4,4,4,4,4,2,2,3,2,3,2,3,2,3,1,3,4,-1.096744497,0.631114333,-0.86681212,0,0,0,0,1,0,0,0,1,0,2,0,2,1,0,1,0,0,3,1,0,0,0,0,0,-9,0,1,0,0,1,1,0,0,1,0,1,0,2,0,1,0,2,1,0,0,1,1,0,0,0,1
4543,10,2,1.790706701,0,34737,0,0,1,1,1,0,0,0,0,1,5,0,5,4,1,1,1,1,4,3,2,2,2,2,2,2,2,2,3,3,3,0.006729886,-0.235172006,1.225448847,0,1,0,0,2,0,0,1,0,0,2,0,4,0,0,3,0,0,3,1,0,0,0,1,0,-9,0,1,0,0,1,1,0,0,1,0,1,0,2,1,0,0,1,1,0,0,1,1,0,0,0,1
4544,17,4,0.032013655,0,67156,0,1,0,3,0,0,1,0,0,3,3,3,4,4,1,1,1,4,3,2,2,2,2,2,2,2,2,3,4,3,4,-0.554677463,-0.868402327,0.010884361,1,1,0,0,2,0,0,1,0,0,2,0,4,1,0,1,0,0,3,0,0,0,0,0,0,-9,0,1,0,0,1,0,1,0,2,1,0,0,1,0,0,1,3,1,0,0,1,1,0,0,0,1
4546,31,2,0.577230827,0,8057,0,1,0,1,1,0,0,0,0,1,5,0,5,5,1,1,1,3,1,1,2,2,2,2,2,2,2,3,4,2,3,-1.974088869,-1.073921466,2.046312239,0,0,1,0,3,1,1,1,0,0,2,0,4,0,0,0,0,1,2,0,0,0,1,1,0,-9,0,1,0,0,1,0,0,1,3,0,1,0,2,0,0,1,3,1,0,0,1,0,0,1,0,3
4548,49,2,0.040284915,0,98367,0,1,0,3,0,0,1,0,0,2,5,2,3,2,1,2,2,4,3,2,2,2,2,2,2,2,2,2,3,3,3,-1.567986995,0.448740851,-0.403291501,0,0,0,0,1,0,0,1,0,0,2,0,4,1,0,1,0,0,3,1,0,1,1,1,0,-9,0,1,0,0,1,1,0,0,1,1,0,0,1,1,0,0,1,0,1,0,2,1,0,0,0,1
4549,15,2,0.850150168,0,47591,0,1,0,5,0,0,0,0,1,2,5,5,2,5,2,4,1,4,5,4,1,1,1,1,1,1,1,3,2,2,2,0.50422432,-0.220233183,0.881980805,0,1,0,0,2,0,0,1,0,0,2,0,4,1,0,1,0,1,2,0,0,0,1,0,0,1,1,0,1,0,2,0,0,1,3,0,1,0,2,0,0,1,3,1,0,0,1,0,1,0,0,2
4550,25,2,0.116468073,0,38654,0,1,0,1,1,0,0,0,0,2,4,1,3,5,2,2,2,3,4,4,2,2,2,2,2,2,2,3,1,2,2,-0.468388147,-0.996620399,1.532331554,1,1,0,0,2,0,0,0,0,0,2,0,5,1,0,1,0,0,3,1,0,0,1,0,0,-9,0,1,0,0,1,1,0,0,1,0,1,0,2,0,1,0,2,1,0,0,1,1,0,0,0,1
4551,50,2,0.788147362,0,26505,1,0,0,2,0,1,0,0,0,2,2,3,4,4,3,2,1,4,4,3,2,2,1,1,3,1,2,1,2,2,1,-0.236769773,-0.473330147,-0.261678556,1,0,1,0,3,0,0,1,0,0,2,0,4,1,0,1,0,1,2,0,0,0,1,0,0,-9,0,0,0,1,3,0,1,0,2,1,0,0,1,0,0,1,3,1,0,0,1,0,1,0,0,2
4552,50,4,2.824485789,0,25140,0,0,1,1,1,0,0,0,0,1,2,0,1,3,1,3,2,4,3,3,3,2,2,2,2,2,2,2,3,3,3,-0.511535432,0.283741923,0.254732265,1,1,0,0,2,0,0,1,0,0,2,0,4,1,0,1,1,0,1,0,0,0,0,1,1,0,0,1,0,0,1,1,0,0,1,1,0,0,1,0,0,1,3,1,0,0,1,1,0,0,0,1
4553,49,2,0.281148847,0,98034,1,0,0,5,0,0,0,0,1,4,5,3,4,4,3,3,2,3,4,3,1,1,1,1,1,1,1,1,3,3,1,-0.415544498,0.581968408,-0.222123443,0,1,0,0,2,0,1,0,0,1,2,0,3,0,0,3,0,0,3,0,0,0,0,1,0,1,1,0,0,1,3,0,0,1,3,0,1,0,2,0,1,0,2,1,0,0,1,0,0,1,0,3
4557,16,2,1.067599234,0,52804,0,1,0,2,0,1,0,0,0,2,2,3,2,4,4,4,1,4,4,4,2,2,1,2,1,1,2,2,1,3,2,-0.18083144,-1.02226591,-0.223061268,1,1,0,0,2,0,0,1,0,0,2,0,4,0,1,2,0,1,2,1,0,0,1,0,0,-9,0,0,1,0,2,0,1,0,2,1,0,0,1,0,0,1,3,1,0,0,1,1,0,0,0,1
4558,44,2,0.969437353,0,37311,0,1,0,1,1,0,0,0,0,2,2,3,2,4,2,2,2,2,4,4,2,2,2,2,2,2,2,2,1,2,3,-0.748269,-1.08144893,0.379883493,1,1,0,0,2,0,0,1,0,0,2,0,4,1,0,1,0,1,2,0,0,0,1,0,0,-9,0,1,0,0,1,0,0,1,3,0,0,1,3,0,0,1,3,1,0,0,1,0,1,0,0,2
4560,10,2,0.78984252,1,33067,0,1,0,2,0,1,0,0,0,3,3,4,2,2,2,2,2,3,3,3,2,2,2,2,2,2,2,2,3,3,3,-0.80074078,0.216219298,-1.096916876,1,0,1,0,3,1,1,0,0,0,2,0,5,0,0,3,0,1,2,0,0,0,0,1,0,-9,0,0,1,0,2,0,1,0,2,0,0,1,3,0,0,1,3,1,0,0,1,0,1,0,0,2
4561,49,4,0.021224768,0,98001,0,1,0,3,0,0,1,0,0,3,5,3,2,4,1,2,1,3,2,2,2,2,3,3,2,2,2,2,3,2,4,-1.741422257,-0.043280537,0.075400097,1,1,0,0,2,0,0,1,0,0,1,1,1,0,1,2,0,0,3,1,0,0,0,1,0,-9,0,0,1,0,2,0,1,0,2,0,0,1,3,1,0,0,1,0,1,0,2,0,1,0,0,2
4562,34,1,0.959205513,0,27962,0,0,1,5,0,0,0,0,1,4,1,3,4,1,1,2,2,1,4,4,2,2,2,2,2,2,2,2,4,4,4,-1.734360036,-0.068336705,-2.728958912,1,0,0,0,1,1,1,0,1,0,1,1,1,0,1,2,0,0,3,0,1,0,0,0,1,1,1,1,0,0,1,1,0,0,1,0,1,0,2,0,1,0,2,1,0,0,1,1,0,0,0,1
4563,14,2,5.300856251,0,60707,1,0,0,1,1,0,0,0,0,2,4,3,4,4,1,4,1,4,5,3,1,1,1,1,1,1,1,1,1,1,1,0.485818892,0.773191004,0.250966007,1,1,0,0,2,0,0,1,0,0,1,1,1,0,1,2,1,0,1,0,0,0,1,0,0,-9,0,0,0,1,3,0,0,1,3,1,0,0,1,0,1,0,2,0,0,1,3,0,0,0,1,4
4565,51,2,1.502151947,0,54914,0,1,0,4,0,0,0,1,0,2,5,5,4,4,3,3,3,4,4,4,1,1,1,1,1,1,1,3,1,1,1,0.007307266,0.149579886,0.137087838,1,0,0,0,1,1,1,0,0,1,2,0,3,0,1,2,0,0,3,1,0,0,0,0,0,1,1,0,1,0,2,0,1,0,2,1,0,0,1,0,1,0,2,1,0,0,1,0,1,0,0,2
4567,23,2,0.588072483,0,48227,0,1,0,2,0,1,0,0,0,2,3,5,3,3,3,3,3,3,3,3,2,2,2,2,2,2,2,2,3,3,3,0.748449213,1.254391181,0.823232936,1,1,0,0,2,0,0,0,1,0,2,0,2,1,0,1,0,1,2,0,1,0,0,0,0,-9,0,0,0,1,3,1,0,0,1,0,1,0,2,1,0,0,1,1,0,0,1,0,0,1,0,3
4568,14,4,0.387286878,0,62812,0,1,0,3,0,0,1,0,0,2,2,4,2,4,2,2,2,4,4,4,1,1,1,1,1,3,1,3,3,2,4,0.382139322,-1.104816231,-0.869352538,1,1,0,0,2,0,0,1,0,0,2,0,4,1,0,1,0,0,3,0,0,0,0,1,0,-9,0,1,0,0,1,1,0,0,1,0,1,0,2,1,0,0,1,1,0,0,1,1,0,0,0,1
4570,49,4,0.005573098,0,98370,0,1,0,4,0,0,0,1,0,3,5,4,2,4,3,5,5,5,5,5,2,2,3,3,2,2,1,3,2,2,2,1.280769789,-1.045115768,0.521082054,0,1,0,0,2,0,0,1,0,0,2,0,4,0,0,0,1,0,1,0,0,0,0,0,0,-9,0,1,0,0,1,1,0,0,1,1,0,0,1,0,1,0,2,0,1,0,2,0,1,0,0,2
4572,49,2,0.012844755,0,98101,1,0,0,3,0,0,1,0,0,3,3,4,3,2,4,2,3,5,5,4,3,2,1,2,3,2,1,3,2,3,3,-0.738430642,1.171478664,-1.001242236,1,1,0,0,2,0,1,1,0,0,2,0,4,0,1,2,0,0,3,1,0,0,0,1,0,-9,0,0,0,1,3,0,0,1,3,0,0,1,3,0,0,1,3,0,0,1,3,0,0,0,1,4
4575,14,4,0.188311475,0,61264,0,1,0,2,0,1,0,0,0,2,4,3,3,3,2,4,1,4,4,2,1,1,3,1,2,2,2,1,3,2,2,0.731739035,-0.41230662,-1.242660068,1,1,0,0,2,1,1,1,0,0,2,0,4,1,0,1,1,0,1,0,1,0,0,1,1,-9,0,1,0,0,1,1,0,0,1,0,0,1,3,1,0,0,1,1,0,0,1,1,0,0,0,1
4578,14,4,0.622136822,0,62665,0,0,1,1,1,0,0,0,0,1,5,1,5,5,1,1,1,3,5,2,2,2,2,2,2,2,2,2,3,2,4,0.632155835,0.129738467,-0.99330157,1,0,1,0,3,0,0,1,0,0,2,0,4,1,0,1,0,1,2,0,0,0,0,1,0,-9,0,1,0,0,1,1,0,0,1,0,1,0,2,0,0,1,3,1,0,0,1,1,0,0,0,1
4581,25,4,0.230391649,0,39402,0,1,0,3,0,0,1,0,0,1,6,0,5,4,1,4,3,4,4,5,2,2,2,2,2,2,2,1,1,1,1,0.128274716,-0.201829126,-0.014439229,1,0,0,0,1,0,0,1,0,0,2,0,4,1,0,1,0,0,3,1,0,0,0,0,0,-9,0,1,0,0,1,0,1,0,2,0,1,0,2,0,0,1,3,1,0,0,1,0,1,0,0,2
4583,25,2,0.508732639,0,39531,0,1,0,2,0,1,0,0,0,3,6,3,3,4,2,4,2,4,4,3,2,2,2,2,2,2,2,2,3,3,4,0.842285229,-0.386461586,-0.55880857,1,1,0,0,2,1,1,1,0,0,2,0,4,1,0,1,1,0,1,0,0,0,0,0,1,1,1,0,1,0,2,0,1,0,2,1,0,0,1,1,0,0,1,1,0,0,1,0,1,0,0,2
4586,49,4,0.013905432,0,98065,0,1,0,3,0,0,1,0,0,2,4,2,2,4,2,4,4,5,4,4,1,1,3,3,3,1,1,3,2,2,2,-1.019789366,-0.310936522,-0.350585946,1,1,0,0,2,0,0,1,0,0,2,0,4,1,0,1,0,0,3,1,0,0,0,0,0,-9,0,1,0,0,1,0,1,0,2,0,1,0,2,0,1,0,2,1,0,0,1,0,1,0,0,2
4590,37,4,0.00742762,0,74116,0,1,0,1,1,0,0,0,0,2,5,3,4,4,1,4,1,5,4,3,2,2,3,1,2,2,2,3,1,2,4,0.377818914,-1.303334972,-1.740452707,1,1,0,0,2,0,0,0,0,0,2,0,5,0,0,0,0,1,2,0,0,0,0,0,1,-9,0,1,0,0,1,0,1,0,2,0,0,1,3,0,0,1,3,1,0,0,1,1,0,0,0,1
4591,48,4,1.790432373,0,22314,1,0,0,3,0,0,1,0,0,3,3,3,3,3,3,3,3,1,3,3,3,3,3,3,3,3,3,3,4,4,4,-0.395781477,-0.774691442,-0.685645031,1,0,1,0,3,0,0,0,1,0,2,0,2,1,0,1,1,0,1,0,0,0,0,0,1,-9,0,0,0,1,3,0,0,1,3,0,0,1,3,0,0,1,3,0,0,1,3,0,0,0,1,4
4593,31,4,0.206372858,0,8619,0,1,0,1,1,0,0,0,0,1,6,2,5,5,1,2,1,4,3,3,2,2,2,2,2,2,2,2,4,2,2,0.02479798,0.926946013,-0.71181033,1,0,0,0,1,0,0,1,0,0,2,0,4,1,0,1,0,0,3,0,0,0,0,1,0,-9,0,0,1,0,2,0,1,0,2,0,0,1,3,0,0,1,3,0,1,0,2,0,0,1,0,3
4594,11,2,1.633548075,0,30052,0,1,0,3,0,0,1,0,0,3,3,4,4,2,4,5,5,5,5,5,1,3,3,1,2,1,2,2,3,3,3,0.423394725,0.573226061,0.116044553,0,0,0,0,1,1,1,0,1,0,2,0,2,0,1,2,0,0,3,0,0,0,1,1,0,-9,0,1,0,0,1,1,0,0,1,0,1,0,2,0,1,0,2,1,0,0,1,1,0,0,0,1
4596,48,2,11.84043511,0,71417,0,0,1,1,1,0,0,0,0,1,5,0,5,4,1,3,1,5,5,5,1,1,1,1,1,3,3,3,2,2,2,0.865827418,0.472079089,0.543347069,1,0,0,0,1,0,0,1,1,0,2,0,2,0,1,2,0,1,2,0,1,0,0,1,0,-9,0,1,0,0,1,1,0,0,1,0,1,0,2,1,0,0,1,1,0,0,1,1,0,0,0,1
4598,34,2,1.109179692,0,28562,0,1,0,2,0,1,0,0,0,2,3,3,4,4,2,2,2,3,4,3,2,2,2,2,2,2,2,2,4,3,3,0.376493457,-0.388101477,0.403654406,1,1,0,0,2,0,0,1,0,0,2,0,4,1,0,1,0,0,3,1,0,0,1,1,0,-9,0,1,0,0,1,0,1,0,2,0,0,1,3,0,0,1,3,1,0,0,1,1,0,0,0,1
4600,10,4,0.155272606,1,33009,1,0,0,2,0,1,0,0,0,5,4,3,3,4,1,2,1,3,3,3,2,2,2,2,2,2,2,2,4,3,4,-2.112821587,-0.481741886,-1.163437612,1,1,0,0,2,0,0,0,1,0,2,0,2,1,0,1,0,0,3,1,0,0,0,0,1,-9,0,0,0,1,3,0,0,1,3,0,0,1,3,0,1,0,2,1,0,0,1,0,0,0,1,4
4602,44,1,0.262816639,0,38506,0,1,0,2,0,1,0,0,0,2,2,5,4,4,3,2,5,5,3,5,2,2,2,2,2,2,2,2,4,3,4,0.182469279,0.100358427,0.492756189,1,1,0,0,2,0,0,1,0,0,2,0,4,1,0,1,0,1,2,1,1,0,0,0,0,-9,0,1,0,0,1,1,0,0,1,0,1,0,2,1,0,0,1,1,0,0,1,1,0,0,0,1
4604,18,4,16.21414555,0,40701,0,1,0,3,0,0,1,0,0,2,3,3,3,4,3,5,3,5,5,5,1,2,2,2,2,2,3,3,2,2,4,-0.869561132,0.910442238,-0.972278696,1,1,0,0,2,0,0,1,0,0,2,0,4,1,0,1,0,0,3,0,1,0,0,0,1,-9,0,1,0,0,1,0,1,0,2,0,1,0,2,0,1,0,2,1,0,0,1,0,1,0,0,2
4606,44,1,0.910566088,0,37725,0,0,1,3,0,0,1,0,0,4,4,4,4,4,3,4,2,3,2,4,2,2,2,2,2,2,2,2,3,3,3,-1.329845123,-0.037692194,0.41004173,1,1,0,0,2,0,0,1,0,0,2,0,4,1,0,1,0,0,3,0,1,0,0,0,0,-9,0,1,0,0,1,1,0,0,1,0,1,0,2,1,0,0,1,1,0,0,1,1,0,0,0,1
4607,36,2,4.057110529,0,44138,0,1,0,2,0,1,0,0,0,2,4,4,4,1,1,3,3,3,3,3,2,2,2,2,3,2,2,3,4,2,2,-0.38207561,0.300941323,0.691437684,0,1,0,0,2,1,1,1,0,0,2,0,4,0,0,3,0,1,2,0,0,0,1,1,0,1,1,1,0,0,1,1,0,0,1,1,0,0,1,0,0,1,3,1,0,0,1,1,0,0,0,1
4608,14,2,3.401680882,0,60601,1,0,0,1,1,0,0,0,0,1,1,0,5,4,1,1,1,4,4,3,2,2,2,2,1,2,1,2,1,1,1,-1.399738915,0.576683759,0.317193714,0,1,0,0,2,0,0,1,0,0,2,0,4,0,0,3,0,1,2,0,0,0,1,0,0,-9,0,0,0,1,3,0,0,1,3,0,1,0,2,0,1,0,2,0,0,1,3,0,0,0,1,4
4609,10,1,23.06019787,1,33162,1,0,0,5,0,0,0,0,1,1,4,5,4,4,4,4,4,4,4,4,2,2,2,2,2,2,2,2,3,3,3,0.151012665,0.401303825,0.15911495,0,1,0,0,2,0,0,0,1,0,2,0,2,0,0,3,1,0,1,0,0,0,0,1,0,-9,0,0,0,1,3,0,0,1,3,0,0,1,3,0,0,1,3,1,0,0,1,0,0,0,1,4
4610,25,2,3.030443176,0,38901,0,1,0,3,0,0,1,0,0,2,4,1,2,5,4,2,2,5,5,5,2,2,2,2,2,2,2,2,4,2,2,0.49678629,1.101292086,0.228235051,0,1,0,0,2,0,0,0,1,0,2,0,2,0,0,3,0,0,3,1,0,1,1,1,0,-9,0,1,0,0,1,0,1,0,2,1,0,0,1,0,1,0,2,1,0,0,1,1,0,0,0,1
4612,39,4,0.263299692,0,18504,0,1,0,3,0,0,1,0,0,4,2,3,2,4,3,4,4,5,5,4,2,1,3,3,1,2,2,3,2,3,2,1.339375302,-1.116008077,-2.164499463,1,1,0,0,2,0,0,1,0,0,2,0,4,0,1,2,0,0,3,0,0,0,0,1,0,-9,0,0,0,1,3,0,1,0,2,1,0,0,1,0,1,0,2,1,0,0,1,0,1,0,0,2
4615,36,2,1.706775164,0,45209,1,0,0,1,1,0,0,0,0,1,3,1,3,3,3,3,3,4,3,4,2,2,2,3,1,1,2,3,4,3,2,-1.308126155,0.404097365,-2.49472496,0,0,0,0,1,0,0,1,1,0,2,0,2,1,0,1,0,1,2,0,0,0,0,0,0,-9,0,0,0,1,3,0,0,1,3,0,1,0,2,0,0,1,3,1,0,0,1,0,0,0,1,4
4617,39,2,0.925604509,0,18103,1,0,0,1,1,0,0,0,0,3,3,2,3,4,4,2,3,4,2,3,2,2,2,2,2,2,2,2,3,3,4,0.309857135,0.905921498,0.252089564,1,1,0,0,2,0,0,1,0,0,2,0,4,0,1,2,0,0,3,1,0,0,0,1,0,1,1,0,1,0,2,0,0,1,3,0,1,0,2,0,0,1,3,1,0,0,1,0,0,0,1,4
4620,42,2,0.975160786,0,29115,0,1,0,3,0,0,1,0,0,2,3,2,3,2,4,2,4,4,2,4,1,3,1,3,1,3,1,3,1,2,2,-1.914723167,0.115504,-0.63061708,1,1,0,0,2,0,0,0,1,0,2,0,2,1,0,1,1,0,1,0,0,0,0,0,1,-9,0,1,0,0,1,0,1,0,2,1,0,0,1,0,0,1,3,1,0,0,1,1,0,0,0,1
4622,19,4,0.359201616,0,70638,0,0,1,3,0,0,1,0,0,4,4,4,2,1,1,5,5,5,1,3,1,1,1,1,3,3,1,2,2,2,1,-0.093519097,-0.465343313,0.13057571,0,1,0,0,2,0,0,1,0,0,2,0,4,1,0,1,0,0,3,1,0,0,0,0,0,1,1,1,0,0,1,1,0,0,1,1,0,0,1,1,0,0,1,1,0,0,1,1,0,0,0,1
4625,50,1,1.132004012,0,26812,0,0,1,3,0,0,1,0,0,2,5,4,1,3,1,4,1,5,5,2,2,2,2,3,2,2,2,2,3,2,2,0.721967698,-0.051323187,-0.485434403,1,1,0,0,2,0,0,1,0,0,2,0,4,1,0,1,0,1,2,1,0,0,1,0,0,-9,0,1,0,0,1,1,0,0,1,1,0,0,1,1,0,0,1,1,0,0,1,1,0,0,0,1
4628,33,2,0.035003413,0,11420,1,0,0,3,0,0,1,0,0,3,4,2,1,5,2,2,5,5,5,5,1,1,1,1,3,2,1,3,2,2,2,-1.397157166,-0.604810255,-0.051595673,1,0,1,0,3,1,1,0,1,0,2,0,2,0,1,2,0,1,2,0,0,0,0,0,1,-9,0,0,0,1,3,0,0,1,3,0,0,1,3,1,0,0,1,0,0,1,3,0,0,0,1,4
4631,49,2,0.025647794,0,98188,1,0,0,3,0,0,1,0,0,1,3,4,2,3,1,4,4,5,5,5,1,3,3,3,3,1,1,3,2,2,2,0.261529177,1.886070656,-0.053643481,0,1,0,0,2,0,1,1,0,0,2,0,4,0,0,3,0,0,3,1,0,0,0,1,0,1,1,0,0,1,3,0,0,1,3,0,0,1,3,0,0,1,3,0,0,1,3,0,0,1,0,3
4635,51,2,0.511872788,0,54304,0,1,0,2,0,1,0,0,0,2,3,3,1,4,3,3,3,3,3,3,1,3,1,1,2,2,1,2,3,3,1,-0.516042162,0.223324349,-1.043374692,1,0,0,0,1,0,0,1,0,0,2,0,4,1,0,1,0,0,3,0,0,0,1,0,0,-9,0,0,1,0,2,0,0,1,3,0,1,0,2,0,1,0,2,1,0,0,1,1,0,0,0,1
4636,45,2,10.39789438,1,78541,0,0,1,2,0,1,0,0,0,4,5,4,4,2,3,4,2,5,5,4,1,1,1,1,2,2,2,1,2,2,3,0.389980386,0.473960433,0.001887772,0,1,0,0,2,0,0,0,0,0,1,1,1,0,1,2,0,0,3,1,0,1,1,1,0,-9,0,1,0,0,1,1,0,0,1,1,0,0,1,1,0,0,1,1,0,0,1,1,0,0,0,1
4636,45,2,10.39789438,1,78541,0,0,1,2,0,1,0,0,0,4,5,4,4,2,3,4,2,5,5,4,1,1,1,1,2,2,2,1,2,2,3,0.389980386,0.473960433,0.001887772,0,1,0,0,2,0,0,0,0,0,1,1,1,0,1,2,0,0,3,1,0,1,1,1,0,-9,0,1,0,0,1,1,0,0,1,1,0,0,1,1,0,0,1,1,0,0,1,1,0,0,0,1
4638,25,4,1.334613479,0,39046,0,1,0,2,0,1,0,0,0,2,5,0,5,4,1,1,1,1,5,1,2,2,2,2,2,2,2,3,3,3,3,0.366517739,0.352869278,-1.820622463,1,1,0,0,2,0,0,0,0,0,2,0,5,0,0,0,0,0,3,0,0,0,0,1,0,-9,0,1,0,0,1,1,0,0,1,1,0,0,1,1,0,0,1,1,0,0,1,1,0,0,0,1
4641,49,2,0.029398684,0,98405,1,0,0,3,0,0,1,0,0,2,4,3,5,4,4,5,4,5,5,5,2,2,3,3,3,1,2,3,2,2,2,-0.152020327,1.18652959,0.666243647,1,0,1,0,3,0,1,1,0,0,2,0,4,0,0,3,0,0,3,1,0,0,0,1,0,1,1,0,0,1,3,0,0,1,3,1,0,0,1,0,1,0,2,0,1,0,2,0,0,0,1,4
4642,49,4,0.010108141,0,98466,0,1,0,1,1,0,0,0,0,1,5,1,4,3,1,1,1,3,3,1,2,2,2,2,2,2,2,2,3,3,4,-0.617829433,0.219689095,-0.500082858,1,0,0,1,4,0,0,1,0,0,2,0,4,0,1,2,0,1,2,0,0,0,0,0,0,-9,0,0,1,0,2,0,1,0,2,1,0,0,1,1,0,0,1,1,0,0,1,0,0,0,1,4
4644,33,4,0.442679072,0,11216,1,0,0,2,0,1,0,0,0,2,4,1,3,4,2,3,2,4,4,4,1,1,1,1,1,3,1,3,4,2,2,-0.256789466,0.463145769,0.204755806,0,0,1,0,3,0,0,1,0,0,1,1,1,1,0,1,0,1,2,0,1,0,0,0,1,-9,0,0,0,1,3,0,0,1,3,1,0,0,1,1,0,0,1,0,0,1,3,0,0,1,0,3
4645,30,2,3.321817824,0,3825,0,0,1,2,0,1,0,0,0,2,5,2,4,3,1,1,1,1,3,3,2,2,2,2,2,2,2,2,4,4,4,-0.536559234,-0.201560275,0.063529754,1,1,0,0,2,1,1,1,0,0,2,0,4,0,0,3,1,0,1,0,0,0,1,1,0,1,1,1,0,0,1,1,0,0,1,0,1,0,2,0,0,1,3,1,0,0,1,1,0,0,0,1
4646,16,2,1.479914829,0,50316,1,0,0,5,0,0,0,0,1,3,6,5,1,5,3,1,5,5,5,5,2,2,2,2,2,2,2,2,4,3,4,-1.947830748,-0.030998306,1.126162704,1,0,1,0,3,1,1,1,0,0,2,0,4,1,0,1,0,1,2,0,0,0,1,1,0,-9,0,0,1,0,2,0,0,1,3,0,0,1,3,0,0,1,3,1,0,0,1,0,0,0,1,4
4648,17,4,0.102555926,0,66872,0,0,1,2,0,1,0,0,0,2,4,2,4,5,1,4,3,5,3,2,2,2,2,2,2,2,2,2,3,2,4,0.260536274,-1.758116559,0.06010775,1,1,0,0,2,0,0,1,0,0,2,0,4,1,0,1,0,0,3,1,0,0,0,1,1,-9,0,1,0,0,1,1,0,0,1,1,0,0,1,0,0,1,3,1,0,0,1,1,0,0,0,1
4649,10,2,5.191830124,0,34746,0,1,0,5,0,0,0,0,1,1,5,5,5,5,5,5,5,4,5,5,3,3,2,2,3,2,3,3,3,2,3,0.695644255,1.231526237,0.76620057,0,0,0,0,1,0,1,1,0,0,2,0,4,0,0,3,0,0,3,1,0,0,0,1,0,-9,0,1,0,0,1,1,0,0,1,1,0,0,1,0,0,1,3,0,1,0,2,1,0,0,0,1
4651,10,2,2.180643002,1,32801,0,1,0,4,0,0,0,1,0,2,5,4,4,5,4,5,4,5,4,4,2,3,3,2,3,2,2,3,3,2,3,0.081456732,1.120621948,0.34649694,0,1,0,0,2,1,1,1,0,0,2,0,4,0,0,3,0,0,3,1,0,1,1,0,0,-9,0,0,1,0,2,0,0,1,3,0,0,1,3,0,0,1,3,0,0,1,3,0,0,0,1,4
4653,45,2,6.953731702,1,78759,0,1,0,3,0,0,1,0,0,2,4,4,2,3,2,4,4,4,4,4,1,1,1,3,2,2,1,2,2,2,2,-0.766389835,-0.826070835,-0.042431764,1,1,0,0,2,1,1,1,0,0,2,0,4,0,0,3,0,0,3,1,0,0,0,0,0,-9,0,0,1,0,2,0,0,1,3,0,0,1,3,1,0,0,1,1,0,0,1,0,1,0,0,2
4656,33,2,0.030638697,0,98168,0,1,0,4,0,0,0,1,0,4,1,5,2,2,3,5,3,3,3,5,2,1,3,3,1,1,1,2,1,2,2,0.850816149,0.848260031,-2.071687448,1,1,0,0,2,0,1,1,0,0,2,0,4,0,0,3,0,0,3,1,0,0,0,1,0,1,1,0,1,0,2,0,1,0,2,0,0,1,3,0,1,0,2,0,1,0,2,0,0,1,0,3
4658,45,1,1.31614326,1,77073,0,1,0,1,1,0,0,0,0,1,1,4,5,3,3,4,5,4,4,5,2,2,2,3,3,2,3,3,3,3,2,0.53122779,1.064001595,1.484467847,1,1,0,0,2,0,0,0,1,0,1,1,1,1,0,1,0,0,3,0,1,0,0,1,1,-9,0,0,1,0,2,0,0,1,3,0,0,1,3,0,0,1,3,1,0,0,1,0,1,0,0,2
4660,49,2,0.036267672,0,98102,1,0,0,3,0,0,1,0,0,2,4,4,4,4,2,5,3,5,5,5,1,3,2,3,2,3,2,3,1,3,2,0.526061063,1.26817294,0.283851057,0,1,0,0,2,1,1,1,0,0,2,0,4,0,0,3,0,0,3,1,0,0,0,0,0,-9,0,0,0,1,3,0,0,1,3,0,0,1,3,0,0,1,3,0,0,1,3,0,0,0,1,4
4661,10,2,0.806716222,1,33772,0,1,0,3,0,0,1,0,0,2,5,3,4,4,1,1,1,5,5,5,2,2,2,2,2,2,2,2,4,3,4,0.000430317,1.301295462,0.555649947,1,1,0,0,2,0,1,1,0,0,2,0,4,1,0,1,0,0,3,1,0,0,1,1,0,-9,0,0,1,0,2,0,1,0,2,0,0,1,3,1,0,0,1,1,0,0,1,0,0,1,0,3
4663,51,2,4.127260814,0,53406,0,1,0,1,1,0,0,0,0,2,3,3,2,3,1,4,2,1,4,1,2,2,2,2,2,2,2,2,3,3,3,0.473300016,1.16151932,0.788524146,0,0,1,0,3,1,1,1,0,0,2,0,4,0,0,3,1,0,1,0,0,0,0,1,0,-9,0,0,1,0,2,0,1,0,2,0,1,0,2,0,1,0,2,0,1,0,2,0,0,1,0,3
4664,15,2,0.78162813,0,46952,0,1,0,4,0,0,0,1,0,2,5,4,4,3,1,4,1,3,1,1,2,2,2,2,2,2,2,2,3,3,4,-0.819892347,-1.174926722,-0.588028767,1,1,0,0,2,0,0,1,0,0,2,0,4,0,1,2,0,1,2,0,0,0,1,1,0,-9,0,1,0,0,1,0,1,0,2,1,0,0,1,0,0,1,3,1,0,0,1,1,0,0,0,1
4665,34,2,10.39811334,0,28079,0,1,0,1,1,0,0,0,0,1,2,3,4,4,2,4,2,4,4,4,1,1,1,1,1,2,2,3,3,2,1,0.212346436,0.83377253,0.426950082,1,1,0,0,2,1,1,0,0,1,2,0,3,0,0,3,0,0,3,1,0,0,0,1,0,1,1,1,0,0,1,1,0,0,1,1,0,0,1,0,1,0,2,1,0,0,1,1,0,0,0,1
4666,48,2,1.283709309,0,23805,0,1,0,3,0,0,1,0,0,1,5,3,4,5,1,2,4,5,5,5,1,1,1,2,2,2,2,2,2,2,2,1.053071239,-1.223376964,0.107691358,1,1,0,0,2,0,0,0,1,0,2,0,2,0,1,2,0,0,3,1,0,0,0,1,0,-9,0,1,0,0,1,1,0,0,1,0,0,1,3,0,0,1,3,1,0,0,1,1,0,0,0,1
4673,22,2,0.272476256,0,1610,1,0,0,2,0,1,0,0,0,3,5,2,5,4,1,1,1,1,4,1,1,2,2,2,2,1,2,2,4,4,4,-0.794060334,0.372847798,0.937381671,1,1,0,0,2,0,0,1,0,0,2,0,4,1,0,1,0,0,3,0,0,0,1,0,0,-9,0,0,0,1,3,0,0,1,3,0,0,1,3,0,1,0,2,0,1,0,2,0,0,0,1,4
4674,18,4,0.222075277,0,42728,0,1,0,4,0,0,0,1,0,3,4,3,3,4,3,3,1,4,3,3,3,1,2,2,2,2,2,1,1,2,1,-1.094497421,-0.365561411,0.380134581,1,1,0,0,2,0,0,1,0,0,2,0,4,1,0,1,0,1,2,0,0,0,0,0,1,-9,0,1,0,0,1,1,0,0,1,0,1,0,2,1,0,0,1,1,0,0,1,1,0,0,0,1
4675,45,4,0.298789382,0,79714,0,1,0,3,0,0,1,0,0,1,5,2,5,4,4,4,1,5,5,5,1,1,1,1,3,3,3,3,2,2,2,1.349016808,0.995503608,0.665576796,0,0,0,0,1,0,0,1,0,0,2,0,4,0,0,0,0,0,3,0,0,0,0,0,0,1,1,0,1,0,2,0,1,0,2,1,0,0,1,0,1,0,2,1,0,0,1,0,1,0,0,2
4678,49,2,0.035909142,0,98201,1,0,0,3,0,0,1,0,0,3,5,3,1,2,3,4,2,4,5,4,3,3,2,2,2,2,2,1,2,3,2,-1.471425328,0.905266845,-0.033837915,0,1,0,0,2,0,0,1,1,0,2,0,2,1,0,1,0,0,3,1,0,0,1,1,0,-9,0,0,0,1,3,0,0,1,3,0,1,0,2,0,0,1,3,0,1,0,2,0,0,0,1,4
4679,16,4,0.670412629,0,50309,0,1,0,3,0,0,1,0,0,2,4,2,2,5,1,1,4,3,4,4,3,3,3,3,1,2,2,2,2,2,2,-0.240476204,-1.057076311,0.152299131,0,1,0,0,2,1,1,1,0,0,2,0,4,0,1,2,1,0,1,0,1,0,0,0,0,-9,0,1,0,0,1,0,0,1,3,1,0,0,1,0,1,0,2,1,0,0,1,0,0,0,1,4
4682,49,4,0.042659647,0,98042,0,1,0,2,0,1,0,0,0,2,3,3,3,5,1,1,1,4,4,3,2,2,2,2,3,2,2,2,3,3,2,-1.491967707,-0.924466638,0.694601888,0,0,0,1,4,0,0,1,0,0,2,0,4,0,0,3,0,0,3,0,0,0,0,1,0,-9,0,0,1,0,2,1,0,0,1,0,1,0,2,1,0,0,1,1,0,0,1,1,0,0,0,1
4686,49,4,0.023246237,0,98065,0,1,0,1,1,0,0,0,0,1,4,1,4,4,2,2,1,5,5,4,2,1,2,2,2,2,2,2,3,3,2,0.437199054,-0.197853986,0.035871841,1,0,0,1,4,0,0,1,0,0,2,0,4,0,1,2,0,1,2,0,0,0,0,0,0,-9,0,1,0,0,1,0,1,0,2,0,1,0,2,0,1,0,2,1,0,0,1,0,1,0,0,2
4697,39,2,1.256195731,0,16671,0,0,1,2,0,1,0,0,0,1,5,3,2,2,1,4,2,1,4,2,2,2,2,2,2,2,2,2,3,3,4,-1.438306614,-1.457367995,-2.553183269,1,0,1,0,3,0,0,1,0,0,2,0,4,1,0,1,1,0,1,0,0,0,0,1,0,0,0,1,0,0,1,1,0,0,1,1,0,0,1,1,0,0,1,1,0,0,1,1,0,0,0,1
4699,34,4,0.197401849,0,27360,0,1,0,3,0,0,1,0,0,3,5,4,2,3,3,2,2,4,4,4,2,2,2,2,2,2,2,2,3,2,4,0.044698169,-0.689283805,-0.066147883,1,0,1,0,3,0,1,1,0,0,2,0,4,1,0,1,0,1,2,0,0,0,0,0,1,0,0,1,0,0,1,1,0,0,1,0,1,0,2,1,0,0,1,1,0,0,1,1,0,0,0,1
4700,49,2,0.037701176,0,98092,0,1,0,1,1,0,0,0,0,1,5,3,5,4,1,4,1,2,5,1,2,3,2,2,2,2,2,3,3,3,4,-0.686461343,-0.778100276,-0.012862764,1,0,1,0,3,1,1,1,0,0,2,0,4,0,0,0,0,1,2,0,0,0,1,1,0,-9,0,0,1,0,2,1,0,0,1,1,0,0,1,1,0,0,1,1,0,0,1,0,1,0,0,2
4701,44,4,0.904875922,0,37129,0,1,0,2,0,1,0,0,0,1,6,3,2,3,1,4,3,3,4,3,2,2,2,3,2,2,2,1,2,2,3,-0.163954744,-0.008616081,-0.536059353,1,0,0,0,1,0,0,1,0,0,2,0,4,0,1,2,0,0,3,1,0,0,0,1,0,-9,0,1,0,0,1,0,1,0,2,0,1,0,2,1,0,0,1,1,0,0,1,1,0,0,0,1
4703,33,2,0.823700124,0,12210,1,0,0,1,1,0,0,0,0,2,5,3,4,1,1,1,1,1,3,1,3,3,3,3,2,2,2,2,4,4,4,-0.97627896,0.645934041,-0.101880575,1,1,0,0,2,0,0,1,0,0,2,0,4,0,1,2,1,0,1,0,0,0,1,0,1,-9,0,0,0,1,3,0,0,1,3,1,0,0,1,0,0,1,3,0,1,0,2,0,0,0,1,4
4705,49,2,0.013577996,0,98023,0,1,0,1,1,0,0,0,0,1,5,1,5,1,1,1,1,1,1,1,2,2,2,2,2,2,2,2,3,3,3,-0.849085224,0.243209007,-1.040977825,1,1,0,0,2,1,1,1,0,0,2,0,4,1,0,1,0,1,2,1,0,0,1,0,0,-9,0,0,0,1,3,0,1,0,2,1,0,0,1,1,0,0,1,1,0,0,1,0,0,1,0,3
4706,45,2,1.006271101,1,77573,0,1,0,2,0,1,0,0,0,2,5,4,4,4,1,1,1,1,4,1,2,2,2,2,2,2,2,2,4,4,4,-1.998582332,0.862864902,0.698670722,0,1,0,0,2,0,1,1,0,0,2,0,4,0,1,2,0,1,2,0,0,0,0,1,0,1,1,0,1,0,2,1,0,0,1,1,0,0,1,0,0,1,3,1,0,0,1,1,0,0,0,1
4708,49,2,0.030264945,0,98375,0,1,0,2,0,1,0,0,0,1,5,1,5,2,1,1,1,2,2,2,2,2,2,2,2,1,1,2,2,2,2,-0.712141402,-0.38431406,0.653276217,0,1,0,0,2,0,1,1,0,0,2,0,4,0,0,3,0,0,3,0,0,0,1,1,0,1,1,0,1,0,2,0,1,0,2,1,0,0,1,1,0,0,1,1,0,0,1,0,1,0,0,2
4711,49,2,0.028047295,0,98383,0,1,0,4,0,0,0,1,0,4,4,5,1,1,3,3,1,1,3,2,3,3,1,1,2,2,2,1,3,3,3,-1.560030669,-0.10344429,0.256335314,1,1,0,0,2,1,1,1,0,0,1,1,1,0,0,3,0,0,3,1,0,0,0,1,0,1,1,1,0,0,1,0,1,0,2,0,1,0,2,1,0,0,1,1,0,0,1,1,0,0,0,1
4720,48,2,1.117864576,0,24112,0,1,0,1,1,0,0,0,0,1,5,3,4,3,4,4,4,4,4,4,2,3,3,3,3,2,2,1,2,2,3,0.517916745,-0.361947546,0.993191346,1,1,0,0,2,0,0,1,0,0,2,0,4,1,0,1,0,0,3,1,0,0,1,0,0,-9,0,1,0,0,1,1,0,0,1,1,0,0,1,0,1,0,2,1,0,0,1,1,0,0,0,1
4721,7,2,1.017139109,0,6074,0,1,0,2,0,1,0,0,0,2,5,4,5,5,2,2,5,5,4,1,3,3,3,3,3,3,2,3,4,4,4,0.268993483,-1.131081194,1.34863725,1,0,1,0,3,1,1,1,0,0,2,0,4,0,1,2,0,1,2,0,0,0,1,1,0,1,1,1,0,0,1,1,0,0,1,0,1,0,2,0,1,0,2,1,0,0,1,1,0,0,0,1
4722,36,2,0.452750348,0,45424,0,1,0,3,0,0,1,0,0,2,5,2,2,2,1,4,1,1,3,1,2,2,2,2,2,2,2,1,2,2,3,-0.340701609,-1.294155999,-0.590088223,0,1,0,0,2,0,0,1,0,0,2,0,4,1,0,1,0,1,2,0,0,0,1,1,1,1,1,0,1,0,2,0,1,0,2,0,1,0,2,0,0,1,3,1,0,0,1,0,1,0,0,2
4723,23,4,0.217494192,0,48204,0,1,0,5,0,0,0,0,1,5,5,5,1,5,1,4,1,4,4,1,1,1,3,1,2,2,1,3,3,2,3,-1.283538541,0.085764835,0.122496739,1,1,0,0,2,0,0,1,0,0,2,0,4,1,0,1,0,1,2,0,0,0,0,0,0,-9,0,0,1,0,2,1,0,0,1,0,0,1,3,1,0,0,1,1,0,0,1,0,0,1,0,3
4724,49,4,0.008484749,0,98499,0,1,0,1,1,0,0,0,0,1,5,0,5,3,1,1,1,1,1,1,2,2,2,2,2,2,2,2,3,3,3,-0.721479596,-1.297815474,1.145260331,1,0,1,0,3,0,0,0,1,0,2,0,2,1,0,1,0,0,3,0,1,0,0,0,0,0,0,0,1,0,2,0,0,1,3,0,0,1,3,0,0,1,3,0,1,0,2,0,0,0,1,4
4735,44,2,4.142054417,0,37122,0,1,0,1,1,0,0,0,0,1,2,5,4,4,4,4,4,4,3,3,1,2,3,3,3,2,2,2,1,2,2,0.208317167,1.073095333,0.007635247,1,1,0,0,2,1,1,0,0,1,2,0,3,0,0,3,0,0,3,0,0,0,0,1,0,-9,0,1,0,0,1,1,0,0,1,1,0,0,1,1,0,0,1,0,1,0,2,1,0,0,0,1
4736,14,3,0.46334932,0,60628,0,1,0,1,1,0,0,0,0,3,2,2,3,1,4,5,5,5,5,4,2,2,1,1,1,2,1,1,4,1,4,-0.439407501,0.948587338,1.147179872,1,1,0,0,2,0,0,0,1,0,2,0,2,1,0,1,0,0,3,0,1,0,0,1,0,1,1,0,0,1,3,0,1,0,2,0,1,0,2,1,0,0,1,0,0,1,3,0,0,0,1,4
4737,34,4,8.865628758,0,28777,0,1,0,5,0,0,0,0,1,3,4,0,1,1,3,3,4,4,3,4,2,2,2,2,2,2,2,2,4,4,4,-1.630397667,-0.038058098,-0.139459177,0,1,0,0,2,0,0,0,0,0,2,0,5,0,0,0,1,0,1,0,0,0,0,0,0,1,1,1,0,0,1,1,0,0,1,1,0,0,1,0,0,1,3,1,0,0,1,1,0,0,0,1
4738,10,4,0.569086087,1,33610,0,1,0,2,0,1,0,0,0,3,5,3,5,3,3,5,5,4,4,3,2,2,2,2,2,2,1,3,3,2,2,-0.567114604,0.388286266,0.384735653,1,0,0,0,1,0,0,0,1,0,2,0,2,1,0,1,0,1,2,1,0,0,0,0,0,-9,0,0,1,0,2,0,0,1,3,0,0,1,3,0,1,0,2,1,0,0,1,0,0,0,1,4
4739,19,4,0.300616292,0,71019,0,0,1,2,0,1,0,0,0,2,5,3,4,5,1,3,4,5,5,5,2,2,2,1,3,1,2,3,2,2,2,0.823119463,-1.621188645,0.363429878,1,1,0,0,2,1,1,0,1,0,2,0,2,0,1,2,0,0,3,0,1,0,0,0,0,-9,0,1,0,0,1,1,0,0,1,1,0,0,1,0,1,0,2,1,0,0,1,1,0,0,0,1
4741,39,4,18.17805846,0,17110,1,0,0,4,0,0,0,1,0,3,5,3,4,4,2,3,2,4,3,3,1,1,1,1,2,3,3,3,3,3,2,-1.520736065,-0.753318219,-1.468491826,1,1,0,0,2,0,0,0,0,1,2,0,3,0,1,2,1,0,1,0,0,0,0,0,0,-9,0,0,0,1,3,0,0,1,3,0,1,0,2,0,0,1,3,0,1,0,2,0,0,1,0,3
4742,10,2,3.585176231,1,33166,0,1,0,2,0,1,0,0,0,3,3,1,3,4,3,2,3,4,3,3,1,1,2,2,2,1,2,2,1,1,1,-1.003800329,-0.592163985,-1.349069776,1,1,0,0,2,1,1,0,0,0,1,1,1,0,1,2,0,0,3,1,0,0,0,0,0,-9,0,0,1,0,2,0,0,1,3,1,0,0,1,0,1,0,2,0,0,1,3,0,0,0,1,4
4743,21,2,3.93607044,0,21030,1,0,0,2,0,1,0,0,0,2,2,2,3,3,1,1,2,3,5,4,1,1,1,2,2,2,2,1,1,3,3,0.331911695,-0.920525949,0.651207209,0,0,1,0,3,0,1,1,0,0,2,0,4,0,0,3,0,0,3,0,0,0,0,0,0,-9,0,0,1,0,2,0,1,0,2,1,0,0,1,0,0,1,3,0,1,0,2,0,0,1,0,3
4747,49,4,0.168722299,0,98125,1,0,0,1,1,0,0,0,0,1,4,3,3,4,3,1,4,4,4,2,2,2,2,2,2,2,3,3,4,4,4,-1.629330724,-0.400468476,0.320075532,0,1,0,0,2,0,0,1,0,0,2,0,4,0,0,0,0,0,3,0,0,0,0,1,0,-9,0,0,0,1,3,0,0,1,3,0,1,0,2,0,0,1,3,1,0,0,1,0,0,0,1,4
4748,45,2,0.412057666,1,75050,0,1,0,3,0,0,1,0,0,3,3,3,4,2,2,4,4,4,4,4,2,2,2,2,2,2,2,2,3,3,3,-0.26416099,1.009160152,0.025599438,0,1,0,0,2,0,0,0,1,0,2,0,2,1,0,1,0,0,3,1,0,1,1,0,0,1,1,0,1,0,2,0,1,0,2,0,0,1,3,0,0,1,3,0,1,0,2,0,1,0,0,2
4758,49,4,0.04737658,0,98042,0,1,0,3,0,0,1,0,0,3,4,3,2,4,1,1,1,5,4,3,2,2,2,2,2,1,2,3,4,2,3,-1.884034581,0.925657541,-0.57808093,1,0,1,1,4,1,1,1,0,0,2,0,4,0,0,3,0,1,2,0,0,0,0,1,0,1,1,0,1,0,2,1,0,0,1,0,1,0,2,1,0,0,1,1,0,0,1,1,0,0,0,1
4761,49,2,0.046976599,0,98359,0,1,0,1,1,0,0,0,0,1,5,0,5,3,1,1,1,1,3,1,2,2,2,2,2,1,1,2,3,3,1,-1.106575644,-0.314829624,0.063021253,0,0,0,0,1,0,0,1,0,0,2,0,4,0,0,0,0,0,3,0,0,0,1,1,0,-9,0,1,0,0,1,1,0,0,1,1,0,0,1,1,0,0,1,1,0,0,1,1,0,0,0,1
4762,49,2,0.013801612,0,98467,0,1,0,2,0,1,0,0,0,2,3,3,4,2,1,2,1,4,3,3,2,2,2,2,3,3,3,2,3,2,3,0.417471516,-0.379058539,-0.732077801,1,1,0,0,2,0,0,1,0,0,2,0,4,1,0,1,0,1,2,0,0,0,0,0,0,-9,0,0,0,1,3,0,1,0,2,1,0,0,1,0,0,1,3,0,1,0,2,0,0,1,0,3
4766,49,4,0.025710787,0,98122,1,0,0,2,0,1,0,0,0,2,4,3,2,3,3,4,3,3,4,3,1,1,2,1,1,1,1,2,4,3,3,-0.720130729,-0.650485378,0.299555721,1,1,0,0,2,0,1,0,0,1,2,0,3,0,1,2,0,1,2,0,0,0,0,1,0,-9,0,0,0,1,3,0,0,1,3,1,0,0,1,0,0,1,3,0,0,1,3,0,0,0,1,4
4767,49,2,0.028045477,0,98023,0,1,0,4,0,0,0,1,0,4,5,4,1,1,4,4,5,5,5,5,3,3,3,3,3,3,3,1,2,2,2,0.636836013,0.793401956,-0.091815977,0,0,1,0,3,1,1,0,1,0,2,0,2,1,0,1,0,1,2,0,0,0,1,1,0,0,0,0,0,1,3,0,1,0,2,1,0,0,1,1,0,0,1,1,0,0,1,0,0,1,0,3
4769,45,2,3.418293817,1,78526,0,1,0,2,0,1,0,0,0,1,6,3,4,4,3,4,2,5,5,3,2,2,2,2,2,2,2,2,3,3,4,0.264289426,0.031961499,0.687813064,1,1,0,0,2,0,0,1,0,0,1,1,1,0,1,2,0,0,3,1,0,0,1,1,0,-9,0,0,1,0,2,0,1,0,2,0,0,1,3,0,1,0,2,1,0,0,1,1,0,0,0,1
4769,45,2,3.418293817,1,78526,0,1,0,2,0,1,0,0,0,1,6,3,4,4,3,4,2,5,5,3,2,2,2,2,2,2,2,2,3,3,4,0.264289426,0.031961499,0.687813064,1,1,0,0,2,0,0,1,0,0,1,1,1,0,1,2,0,0,3,1,0,0,1,1,0,-9,0,0,1,0,2,0,1,0,2,0,0,1,3,0,1,0,2,1,0,0,1,1,0,0,0,1
4770,11,2,1.404472113,0,30114,0,0,1,2,0,1,0,0,0,3,3,3,3,4,1,1,4,4,2,4,2,2,2,2,2,2,2,2,4,3,4,-0.267078414,0.881708126,-1.546163845,1,1,0,0,2,1,1,1,0,0,2,0,4,0,0,0,0,0,3,1,0,0,0,0,0,-9,0,0,0,0,0,0,0,0,0,0,0,0,0,0,0,0,0,0,0,0,0,0,0,0,0,0
4772,49,4,0.017551956,0,98340,0,1,0,1,1,0,0,0,0,1,5,2,1,4,1,1,1,2,3,2,2,2,2,2,2,2,2,2,3,2,3,0.484542471,-0.256360271,0.192495817,0,0,0,1,4,1,1,0,0,0,2,0,5,1,0,1,1,0,1,0,0,0,0,1,0,-9,0,1,0,0,1,1,0,0,1,1,0,0,1,1,0,0,1,0,1,0,2,1,0,0,0,1
4784,36,2,0.909485406,0,45067,0,1,0,3,0,0,1,0,0,3,2,5,1,5,3,1,1,2,4,1,2,2,1,1,1,2,2,3,1,1,2,-2.358521815,-0.086935601,-0.206469553,1,0,1,0,3,0,0,1,0,0,2,0,4,0,1,2,1,0,1,0,0,0,1,1,0,-9,0,0,1,0,2,1,0,0,1,1,0,0,1,1,0,0,1,1,0,0,1,0,1,0,0,2
4787,26,4,0.545774301,0,64117,0,1,0,4,0,0,0,1,0,2,4,3,5,5,2,3,2,5,5,5,1,3,2,2,2,2,2,3,3,2,2,1.273362307,1.31254934,0.684058883,1,1,0,0,2,0,0,1,0,0,2,0,4,0,1,2,0,0,3,1,0,0,0,1,0,1,1,0,1,0,2,1,0,0,1,0,0,1,3,0,0,1,3,1,0,0,1,0,0,1,0,3
4789,44,2,0.56673173,0,38104,0,1,0,2,0,1,0,0,0,1,5,3,3,5,1,4,2,5,5,5,2,1,1,1,3,1,1,3,3,3,1,-0.686649852,0.105245473,0.434453597,1,0,1,0,3,1,1,0,1,0,2,0,2,1,0,1,1,0,1,0,0,0,1,0,1,1,1,0,1,0,2,0,0,1,3,0,0,1,3,0,0,1,3,0,0,1,3,0,0,0,1,4
4790,33,2,3.522372067,0,10301,1,0,0,2,0,1,0,0,0,3,6,4,3,3,3,3,1,3,3,1,2,2,2,2,2,2,2,2,4,3,4,-0.566113691,-1.656135998,0.305050498,0,1,0,0,2,1,1,1,0,0,2,0,4,0,0,3,0,0,3,0,0,0,0,1,0,-9,0,0,0,1,3,0,0,1,3,0,1,0,2,0,0,1,3,0,0,1,3,0,0,0,1,4
4795,51,2,0.515862505,0,53714,0,1,0,1,1,0,0,0,0,2,6,1,4,3,1,1,1,2,3,1,2,2,2,2,2,2,2,2,3,3,3,-0.183451242,-1.170364798,-0.437552444,1,1,0,0,2,0,1,1,0,0,2,0,4,0,1,2,0,0,3,1,0,0,0,1,0,-9,0,0,1,0,2,0,0,1,3,0,0,1,3,0,0,1,3,1,0,0,1,0,0,0,1,4
4799,49,2,0.340603665,0,98201,1,0,0,1,1,0,0,0,0,1,4,1,4,5,2,2,1,4,5,3,1,1,3,3,1,1,1,3,4,2,4,0.022570699,-0.438556405,0.46614426,1,1,0,0,2,0,0,1,0,0,2,0,4,0,0,3,0,1,2,0,0,1,1,0,0,-9,0,0,0,1,3,0,0,1,3,0,1,0,2,0,0,1,3,0,1,0,2,0,0,0,1,4
4800,49,4,0.029268835,0,98168,0,1,0,4,0,0,0,1,0,4,5,4,2,5,1,4,3,5,5,3,1,1,1,2,1,2,2,3,2,2,4,-1.333541688,0.044111395,0.049760053,1,0,1,0,3,0,0,1,0,0,2,0,4,1,0,1,0,1,2,0,0,0,0,1,0,-9,0,0,1,0,2,0,1,0,2,0,0,1,3,0,1,0,2,0,1,0,2,0,0,1,0,3
4802,23,2,0.122259466,0,48021,0,1,0,2,0,1,0,0,0,2,3,3,2,2,2,3,2,2,2,2,1,1,1,1,1,1,1,1,1,1,1,-2.173019193,0.251614749,-1.65192857,0,0,1,0,3,0,0,1,0,0,2,0,4,1,0,1,0,0,3,0,0,1,0,1,0,-9,0,0,0,1,3,0,1,0,2,0,1,0,2,1,0,0,1,1,0,0,1,0,1,0,0,2
4807,49,2,0.052292427,0,98003,1,0,0,2,0,1,0,0,0,1,5,5,5,1,1,4,5,1,5,5,3,3,3,3,3,3,3,1,2,2,2,1.282310737,0.663105181,0.620147556,0,1,0,0,2,0,0,0,1,0,2,0,2,1,0,1,1,0,1,0,0,0,1,0,1,-9,0,0,0,1,3,0,0,1,3,0,0,1,3,0,1,0,2,1,0,0,1,0,0,0,1,4
4808,24,2,0.229886627,0,55330,0,1,0,2,0,1,0,0,0,2,4,3,4,3,3,4,4,4,4,3,3,1,2,2,2,2,1,2,2,2,2,0.17130171,0.142565373,0.607657482,1,1,0,0,2,1,1,1,0,0,2,0,4,1,0,1,1,0,1,0,0,0,0,1,0,1,1,1,0,0,1,0,1,0,2,0,0,1,3,0,0,1,3,1,0,0,1,1,0,0,0,1
4809,49,2,0.065843944,0,98310,0,1,0,1,1,0,0,0,0,1,1,2,5,1,1,3,3,3,1,5,1,2,2,2,2,2,2,2,3,2,2,-1.78400923,-0.253647805,1.182818113,0,0,0,0,1,1,1,0,0,0,1,1,1,0,0,3,0,0,3,1,0,0,0,0,0,-9,0,0,1,0,2,0,1,0,2,1,0,0,1,0,1,0,2,0,1,0,2,0,0,0,1,4
4810,15,2,1.149748854,0,47960,0,1,0,2,0,1,0,0,0,3,4,3,3,5,2,3,2,5,4,3,1,3,3,3,1,1,1,3,2,2,1,-0.646967594,-1.547087023,-0.036336289,1,0,0,0,1,0,0,1,0,0,2,0,4,1,0,1,0,0,3,0,0,0,0,0,0,-9,0,1,0,0,1,0,1,0,2,1,0,0,1,0,1,0,2,1,0,0,1,1,0,0,0,1
4812,23,2,0.127001396,0,48393,0,1,0,5,0,0,0,0,1,2,4,3,4,2,2,5,5,5,4,4,2,2,2,2,3,3,3,2,2,2,2,0.134366105,0.320842094,1.454140639,1,1,0,0,2,0,0,1,0,0,2,0,4,1,0,1,0,0,3,0,0,0,0,0,0,-9,0,0,1,0,2,1,0,0,1,1,0,0,1,1,0,0,1,1,0,0,1,1,0,0,0,1
4813,49,4,0.00211077,0,98580,0,1,0,1,1,0,0,0,0,1,4,1,3,4,1,1,1,4,1,1,2,2,2,2,3,2,2,2,3,3,4,-0.676820091,-1.048938164,-1.351173468,1,1,0,0,2,0,0,1,0,0,2,0,4,1,0,1,0,1,2,0,0,0,0,0,0,1,1,1,0,0,1,1,0,0,1,1,0,0,1,1,0,0,1,0,1,0,2,1,0,0,0,1
4814,49,4,0.037530664,0,98109,1,0,0,3,0,0,1,0,0,3,5,5,2,5,1,2,1,4,5,4,1,1,1,1,3,1,1,3,1,2,2,-1.252010391,-1.050401666,0.654287841,0,0,1,1,4,0,1,1,0,0,2,0,4,0,1,2,0,1,2,0,0,0,0,1,0,-9,0,0,0,1,3,0,0,1,3,0,0,1,3,0,0,1,3,0,1,0,2,0,0,0,1,4
4815,49,4,0.014204214,0,98408,0,1,0,4,0,0,0,1,0,4,2,4,2,2,1,4,4,5,5,3,1,1,1,1,1,1,2,1,2,2,3,-0.009973102,-0.265510487,0.167854932,1,0,0,1,4,0,0,1,0,0,2,0,4,1,0,1,1,0,1,0,0,0,0,1,0,0,0,0,0,1,3,1,0,0,1,1,0,0,1,1,0,0,1,1,0,0,1,0,0,0,1,4
4826,49,2,0.017958161,0,98101,1,0,0,2,0,1,0,0,0,1,3,3,5,2,3,4,1,4,5,5,1,2,3,2,1,3,3,1,2,2,2,1.360879893,1.540577915,0.021918299,1,1,0,0,2,1,1,1,0,0,2,0,4,0,1,2,0,0,3,1,0,0,0,1,0,1,1,0,0,1,3,0,0,1,3,0,0,1,3,0,0,1,3,0,0,1,3,0,0,0,1,4
4827,33,1,0.116178073,0,11221,1,0,0,5,0,0,0,0,1,1,5,4,5,4,3,4,5,4,3,4,3,3,1,1,3,2,3,1,2,3,2,-0.124070359,0.676838482,0.211929655,0,1,0,0,2,0,1,1,0,0,2,0,4,1,0,1,0,0,3,1,0,0,0,0,0,-9,0,0,0,1,3,0,0,1,3,1,0,0,1,1,0,0,1,0,0,1,3,0,0,1,0,3
4828,14,2,1.450591364,0,61526,0,0,1,3,0,0,1,0,0,1,5,4,5,5,3,5,2,5,4,4,2,2,1,3,1,1,2,3,2,2,1,1.116750618,0.819346407,0.489291864,0,1,0,0,2,0,0,1,0,0,2,0,4,0,1,2,0,0,3,1,0,1,1,1,0,-9,0,1,0,0,1,1,0,0,1,0,1,0,2,1,0,0,1,1,0,0,1,1,0,0,0,1
4833,22,2,0.330567556,0,1545,0,1,0,2,0,1,0,0,0,3,3,2,2,5,3,3,3,4,3,4,1,1,1,1,1,3,1,3,2,2,3,-0.578274984,-0.383882633,-0.183224111,1,0,1,0,3,1,1,1,0,0,2,0,4,0,1,2,1,0,1,0,0,0,0,1,0,-9,0,1,0,0,1,1,0,0,1,0,0,1,3,0,1,0,2,1,0,0,1,1,0,0,0,1
4840,49,2,0.097774412,0,98103,1,0,0,4,0,0,0,1,0,2,5,4,3,5,4,4,5,4,4,4,2,3,3,2,2,3,2,3,3,3,2,0.242371169,0.953636431,1.132290346,0,1,0,0,2,0,1,1,0,0,1,1,1,0,0,3,0,0,3,1,0,0,0,1,0,0,0,0,0,1,3,0,0,1,3,1,0,0,1,0,0,1,3,1,0,0,1,0,0,0,1,4
4844,49,4,0.103761411,0,98272,0,1,0,3,0,0,1,0,0,2,5,3,4,5,1,1,1,3,4,4,2,2,3,2,2,2,2,3,4,2,4,0.442824483,-1.25081578,-0.87891777,1,0,0,1,4,0,0,1,0,0,2,0,4,0,0,3,0,0,3,0,0,0,0,1,0,1,1,1,0,0,1,1,0,0,1,0,0,1,3,0,1,0,2,1,0,0,1,1,0,0,0,1
4855,49,2,0.066153567,0,98198,1,0,0,4,0,0,0,1,0,2,2,4,5,2,3,3,2,3,4,3,2,2,3,3,2,2,2,2,2,3,3,-0.239823367,0.889383486,0.650242985,0,0,1,0,3,0,1,1,0,0,2,0,4,0,0,3,0,0,3,1,0,1,1,1,0,-9,0,0,0,1,3,0,1,0,2,0,1,0,2,0,1,0,2,0,1,0,2,0,0,1,0,3
4856,51,2,1.449114002,0,54115,0,1,0,1,1,0,0,0,0,1,4,3,3,4,2,3,3,3,4,4,3,3,3,3,3,3,2,3,2,2,4,0.826690196,-0.117420068,-0.059867659,1,1,0,0,2,0,0,1,0,0,2,0,4,0,1,2,0,0,3,1,0,0,1,1,0,-9,0,0,1,0,2,0,1,0,2,0,1,0,2,0,1,0,2,1,0,0,1,1,0,0,0,1
4859,33,4,0.593255971,0,12304,0,1,0,2,0,1,0,0,0,2,3,4,5,5,3,1,1,5,3,3,2,2,2,2,2,2,2,1,4,2,4,-0.674066693,-1.340638461,-2.135017757,1,0,1,0,3,0,0,1,0,0,2,0,4,1,0,1,1,0,1,0,1,0,0,1,1,-9,0,0,0,1,3,0,1,0,2,0,0,1,3,1,0,0,1,1,0,0,1,0,0,1,0,3
4861,7,4,0.068955878,0,6515,1,0,0,2,0,1,0,0,0,2,4,4,5,5,3,3,3,4,5,4,2,2,2,2,2,2,2,3,3,3,4,-0.467578832,-0.025797038,-0.259493387,1,0,1,0,3,0,1,1,0,0,2,0,4,1,0,1,0,1,2,0,1,0,0,1,1,-9,0,0,0,1,3,0,1,0,2,0,0,1,3,0,1,0,2,1,0,0,1,0,0,0,1,4
4862,26,4,0.169056607,0,64870,0,1,0,1,1,0,0,0,0,1,5,3,4,4,1,4,1,4,4,3,2,1,2,1,2,2,2,2,2,2,2,0.488632373,-0.772516814,-0.873605756,1,1,0,0,2,1,1,1,0,0,2,0,4,0,1,2,0,0,3,1,0,0,0,1,0,1,1,1,0,0,1,1,0,0,1,0,1,0,2,0,1,0,2,1,0,0,1,0,1,0,0,2
4864,49,4,0.03275624,0,98373,0,1,0,4,0,0,0,1,0,4,5,4,1,5,3,3,1,5,5,4,1,3,3,3,3,1,1,3,1,1,1,-0.477323761,-1.552079212,-0.617336165,1,0,0,1,4,0,0,1,0,0,2,0,4,1,0,1,0,1,2,0,1,0,0,0,0,-9,0,0,1,0,2,0,1,0,2,0,1,0,2,0,0,1,3,1,0,0,1,0,0,1,0,3
4865,31,1,0.168087934,0,8015,0,1,0,3,0,0,1,0,0,3,4,3,4,2,3,3,4,2,2,3,1,3,2,2,3,2,2,2,3,2,3,0.817492712,-0.246588125,-0.546730921,1,1,0,0,2,0,0,0,1,0,2,0,2,0,1,2,0,0,3,0,0,0,0,0,0,1,1,1,0,0,1,1,0,0,1,1,0,0,1,1,0,0,1,1,0,0,1,1,0,0,0,1
4866,14,2,3.564533374,0,60602,1,0,0,3,0,0,1,0,0,2,2,3,4,2,4,2,3,5,5,5,1,2,2,1,2,1,2,3,2,2,2,0.706098939,1.307728638,-0.221824028,0,1,0,0,2,1,1,1,0,0,2,0,4,0,0,3,0,0,3,1,0,0,0,1,0,-9,0,0,0,1,3,0,0,1,3,0,1,0,2,0,1,0,2,0,0,1,3,0,0,0,1,4
4872,39,2,3.930925666,0,16505,0,1,0,4,0,0,0,1,0,3,5,4,2,5,1,2,2,4,5,3,1,1,1,1,1,1,1,3,2,2,2,0.298002209,-0.540983718,0.544582177,1,1,0,0,2,1,1,1,0,0,2,0,4,0,0,3,1,0,1,0,1,0,0,1,0,-9,0,0,1,0,2,0,1,0,2,1,0,0,1,0,0,1,3,1,0,0,1,0,0,1,0,3
4873,33,2,0.861781743,0,11347,0,0,0,5,0,0,0,0,1,1,5,5,5,5,4,5,5,4,5,4,3,3,1,3,3,1,1,3,1,2,1,0.724036223,1.293987726,0.528035271,0,1,0,0,2,0,1,1,0,0,2,0,4,0,0,3,0,0,3,1,0,0,0,0,0,-9,0,0,0,0,0,0,0,0,0,0,0,0,0,0,0,0,0,0,0,0,0,0,0,0,0,0
4874,49,4,0.294529648,0,98021,0,1,0,3,0,0,1,0,0,2,5,4,3,4,1,2,1,3,4,4,2,3,1,3,2,2,1,3,3,3,4,-1.215533875,-0.281003112,-0.141437558,0,0,0,1,4,0,0,1,0,0,2,0,4,0,0,3,0,0,3,0,0,0,0,1,0,-9,0,0,1,0,2,0,1,0,2,0,0,1,3,1,0,0,1,1,0,0,1,0,1,0,0,2
4876,23,3,0.129416469,0,48210,0,1,0,2,0,1,0,0,0,3,3,4,2,4,3,2,2,4,4,3,2,2,2,2,2,2,2,2,3,3,4,-0.174915327,-0.60684219,-0.665111084,1,1,0,0,2,0,0,0,1,0,2,0,2,1,0,1,0,1,2,0,0,0,0,1,1,-9,0,0,0,1,3,0,1,0,2,0,0,1,3,1,0,0,1,1,0,0,1,0,0,1,0,3
4878,23,2,1.444013002,0,49601,0,1,0,1,1,0,0,0,0,1,5,1,5,3,1,1,1,1,3,1,2,2,2,2,2,2,2,2,4,4,4,-0.086792554,-0.90256887,0.525436651,1,1,0,0,2,1,1,1,0,0,2,0,4,0,0,3,0,1,2,0,0,0,0,1,0,-9,0,1,0,0,1,0,1,0,2,0,1,0,2,0,1,0,2,1,0,0,1,1,0,0,0,1
4879,23,3,0.319752269,0,48238,0,1,0,3,0,0,1,0,0,2,4,2,5,4,3,2,1,2,3,4,2,2,3,3,2,2,2,3,2,3,2,-0.399515484,0.09210758,-0.492444248,0,1,0,0,2,0,0,0,1,0,2,0,2,1,0,1,0,0,3,1,1,0,0,0,0,-9,0,0,0,1,3,1,0,0,1,0,0,1,3,1,0,0,1,1,0,0,1,0,0,1,0,3
4881,26,2,0.472761779,0,63031,0,1,0,3,0,0,1,0,0,1,5,3,3,4,3,5,3,5,5,5,2,1,3,3,1,1,1,3,2,2,1,1.264392683,-0.189611631,0.750532998,1,0,1,0,3,0,0,1,0,0,2,0,4,0,1,2,0,0,3,0,0,0,0,1,0,1,1,0,1,0,2,0,1,0,2,1,0,0,1,0,1,0,2,1,0,0,1,0,0,1,0,3
4882,31,2,0.726500839,0,7060,0,1,0,5,0,0,0,0,1,2,4,4,1,5,2,4,4,5,5,5,1,3,3,1,1,1,3,3,2,2,2,1.280100817,-0.004009763,0.853964756,0,0,1,0,3,0,0,0,1,0,2,0,2,0,1,2,0,1,2,1,0,0,1,0,0,-9,0,0,0,1,3,0,1,0,2,1,0,0,1,0,1,0,2,0,0,1,3,0,0,0,1,4
4884,3,2,0.004997901,1,85281,1,0,0,2,0,1,0,0,0,3,3,4,2,5,3,4,3,4,5,5,2,2,3,3,2,2,2,3,2,2,2,0.458369156,0.271188701,0.466076549,1,0,1,0,3,1,1,1,0,0,2,0,4,1,0,1,1,0,1,0,0,0,0,0,0,1,1,0,0,1,3,0,0,1,3,0,0,1,3,0,1,0,2,0,0,1,3,0,0,0,1,4
4887,3,4,0.010389864,1,85378,0,1,0,3,0,0,1,0,0,1,1,1,3,3,1,3,1,3,3,3,2,2,2,2,2,2,2,2,3,3,3,0.111462088,-0.598035778,-0.71400342,1,0,0,1,4,1,1,1,0,0,2,0,4,0,1,2,1,0,1,0,0,0,0,0,0,-9,0,0,1,0,2,0,1,0,2,0,0,1,3,1,0,0,1,1,0,0,1,1,0,0,0,1
4890,3,3,0.0291126,1,85037,0,1,0,5,0,0,0,0,1,2,5,3,3,5,1,3,1,3,3,1,2,2,2,2,1,2,2,2,4,3,4,-1.976603876,-1.599025405,0.739323164,1,0,1,0,3,0,0,1,0,0,2,0,4,1,0,1,0,1,2,0,1,0,0,1,1,1,1,0,0,1,3,0,1,0,2,0,1,0,2,1,0,0,1,1,0,0,1,0,0,1,0,3
4892,3,4,0.007997296,1,85051,1,0,0,2,0,1,0,0,0,2,5,4,1,5,3,1,1,3,4,4,2,2,2,2,2,1,3,3,4,2,4,-0.224525383,-0.44448502,-0.786131771,0,0,0,1,4,0,0,1,0,0,2,0,4,1,0,1,1,0,1,0,1,0,0,0,1,1,1,0,0,1,3,0,0,1,3,0,0,1,3,0,1,0,2,1,0,0,1,0,0,0,1,4
4894,3,2,0.078810122,1,85224,0,1,0,2,0,1,0,0,0,2,5,1,1,3,5,4,1,1,5,4,1,1,1,3,3,1,1,3,1,2,3,1.134484879,0.314435873,0.536948744,0,1,0,0,2,0,1,1,0,0,2,0,4,0,0,3,0,0,3,0,0,0,0,1,0,1,1,0,1,0,2,0,0,1,3,0,0,1,3,0,1,0,2,1,0,0,1,0,0,0,1,4
4895,3,4,0.044456252,1,85263,0,0,1,1,1,0,0,0,0,3,3,2,4,2,1,1,5,3,4,3,2,2,2,2,2,2,2,2,1,3,3,0.411877611,0.825087851,-0.632462998,0,0,0,1,4,0,1,1,0,0,2,0,4,0,1,2,0,1,2,0,0,0,0,1,0,1,1,1,0,0,1,1,0,0,1,1,0,0,1,0,0,1,3,1,0,0,1,1,0,0,0,1
4896,3,4,0.06332586,1,85041,0,1,0,3,0,0,1,0,0,1,5,5,1,4,1,1,5,5,5,5,2,2,3,3,2,2,1,3,4,2,4,-0.408646455,-0.840773326,-1.970508838,1,0,1,0,3,0,0,0,1,0,2,0,2,1,0,1,1,0,1,0,0,0,0,0,0,1,1,0,0,1,3,1,0,0,1,1,0,0,1,1,0,0,1,1,0,0,1,0,0,1,0,3
4897,3,2,0.048623189,1,85387,0,1,0,2,0,1,0,0,0,1,2,4,3,2,1,4,4,5,5,5,1,1,2,3,3,3,1,1,3,2,2,0.964463277,0.964927015,-1.27386683,1,1,0,0,2,0,0,1,0,0,1,1,1,0,1,2,0,0,3,1,0,0,1,1,0,-9,0,1,0,0,1,1,0,0,1,1,0,0,1,1,0,0,1,1,0,0,1,1,0,0,0,1
4898,3,4,0.028330094,1,85212,0,1,0,2,0,1,0,0,0,2,4,1,5,5,2,3,3,5,5,4,1,1,3,1,1,1,2,3,2,2,2,0.7702544,-0.804628405,0.276832942,0,0,0,1,4,1,1,1,0,0,2,0,4,0,1,2,0,1,2,0,0,0,0,1,0,-9,0,1,0,0,1,1,0,0,1,0,1,0,2,0,1,0,2,1,0,0,1,1,0,0,0,1
4899,49,4,0.046070619,0,98087,1,0,0,2,0,1,0,0,0,2,4,1,4,5,1,1,1,2,3,2,2,2,2,2,2,2,2,2,4,3,4,0.012144987,-0.201512737,-0.411345787,0,0,0,1,4,0,0,1,0,0,2,0,4,0,1,2,1,0,1,0,0,0,0,1,0,1,1,0,0,1,3,0,1,0,2,0,0,1,3,0,1,0,2,1,0,0,1,0,0,0,1,4
4900,4,4,0.033467395,1,85207,0,1,0,1,1,0,0,0,0,2,4,2,4,5,2,1,1,2,5,2,2,2,2,2,2,2,2,2,3,2,2,-0.076726605,0.550173278,0.364459115,0,0,0,1,4,0,0,1,0,0,2,0,4,1,0,1,0,1,2,0,0,0,0,0,0,-9,0,0,1,0,2,1,0,0,1,0,0,1,3,1,0,0,1,1,0,0,1,0,1,0,0,2
4902,3,2,0.058804415,1,85210,1,0,0,1,1,0,0,0,0,1,1,1,4,4,1,2,1,2,3,1,2,2,2,2,2,2,2,2,4,3,3,0.017505019,2.33341285,-1.346934661,0,0,0,1,4,1,1,1,0,0,2,0,4,0,0,0,0,1,2,0,0,0,0,1,0,1,1,0,0,1,3,0,0,1,3,0,0,1,3,0,1,0,2,0,0,1,3,0,0,0,1,4
4909,3,4,0.027061615,1,85029,1,0,0,2,0,1,0,0,0,2,5,3,2,3,1,2,1,4,4,1,2,2,2,2,1,2,2,3,3,3,4,0.211294636,-1.097733386,-0.065546469,1,0,0,1,4,0,0,1,0,0,2,0,4,0,1,2,0,1,2,0,0,0,0,1,0,1,1,0,0,1,3,0,0,1,3,0,0,1,3,0,1,0,2,1,0,0,1,0,0,0,1,4
4911,3,4,0.019337531,1,85257,1,0,0,3,0,0,1,0,0,3,4,3,4,4,2,2,2,4,4,2,1,1,1,1,2,2,2,2,1,2,1,-1.577156918,-0.126707826,0.501490006,0,0,0,1,4,0,0,1,0,0,2,0,4,0,1,2,0,0,3,0,1,0,0,1,0,-9,0,0,0,1,3,0,0,1,3,0,1,0,2,0,1,0,2,1,0,0,1,0,0,0,1,4
4916,3,2,0.03263515,1,85351,0,1,0,2,0,1,0,0,0,1,4,1,5,5,1,1,1,1,5,4,1,1,1,1,1,1,1,1,1,4,1,1.333657608,0.699959032,0.938349826,0,0,0,1,4,1,1,1,0,0,2,0,4,0,1,2,0,1,2,1,0,0,0,1,0,-9,0,0,1,0,2,1,0,0,1,0,1,0,2,1,0,0,1,1,0,0,1,0,1,0,0,2
4918,3,4,0.074745594,1,85033,0,1,0,3,0,0,1,0,0,1,5,3,1,5,3,5,1,3,5,5,2,2,2,2,2,1,1,2,4,4,3,0.39974574,1.539490655,-1.821257914,1,0,0,1,4,0,0,1,1,0,2,0,2,1,0,1,1,0,1,0,0,0,0,1,0,-9,0,0,0,1,3,0,1,0,2,1,0,0,1,1,0,0,1,1,0,0,1,0,0,1,0,3
4919,3,2,0.017765876,1,85053,1,0,0,4,0,0,0,1,0,2,5,2,4,5,4,3,5,4,3,4,1,2,2,1,3,1,2,3,1,2,3,0.568980554,1.150772518,0.096656387,1,1,0,0,2,0,0,1,0,0,2,0,4,0,1,2,0,0,3,1,1,0,0,1,0,-9,0,0,0,1,3,0,0,1,3,0,0,1,3,0,1,0,2,1,0,0,1,0,0,0,1,4
4920,3,2,0.014480237,1,85263,0,0,1,2,0,1,0,0,0,2,4,3,4,3,3,3,2,3,5,3,2,2,2,2,2,2,2,2,4,3,3,0.111015402,-0.285769744,0.802096908,1,0,0,1,4,1,1,1,0,0,2,0,4,0,1,2,1,0,1,0,0,0,0,0,0,0,0,1,0,0,1,1,0,0,1,1,0,0,1,0,0,1,3,1,0,0,1,1,0,0,0,1
4921,3,4,0.011398406,1,85050,0,1,0,2,0,1,0,0,0,2,5,5,1,5,3,4,1,5,3,4,2,2,2,2,2,2,2,2,4,3,3,-0.707129403,-0.673658329,-1.122527427,1,0,0,1,4,0,0,1,0,0,2,0,4,1,0,1,0,1,2,0,0,0,0,1,0,-9,0,0,0,1,3,1,0,0,1,0,0,1,3,1,0,0,1,1,0,0,1,0,1,0,0,2
4928,3,2,0.064328679,1,85013,1,0,0,2,0,1,0,0,0,1,3,1,4,4,1,3,1,3,3,3,1,1,3,2,3,1,1,3,3,2,3,-0.183094485,0.648035023,0.121142359,0,1,0,0,2,1,1,1,0,0,2,0,4,0,1,2,0,1,2,0,0,0,1,0,0,-9,0,0,0,1,3,0,0,1,3,0,1,0,2,0,0,1,3,0,0,1,3,0,0,0,1,4
4932,3,2,0.047137238,1,85351,0,1,0,5,0,0,0,0,1,5,5,5,1,1,1,5,5,5,5,5,3,1,1,1,3,1,1,1,2,2,2,0.802085755,0.429664975,0.410178302,1,1,0,0,2,0,0,1,0,0,2,0,4,0,1,2,1,0,1,0,0,0,1,1,0,1,1,0,1,0,2,1,0,0,1,0,1,0,2,1,0,0,1,1,0,0,1,0,1,0,0,2
4936,3,3,0.020153542,1,85017,1,0,0,4,0,0,0,1,0,3,5,2,3,3,1,4,2,4,4,3,1,3,3,3,3,1,2,1,3,2,4,-0.275188366,0.795260244,0.237627979,1,0,0,0,1,0,0,1,0,0,2,0,4,1,0,1,1,0,1,0,0,0,0,0,0,1,1,0,0,1,3,0,0,1,3,0,0,1,3,0,1,0,2,1,0,0,1,0,0,1,0,3
4937,3,2,0.004664508,1,85040,1,0,0,3,0,0,1,0,0,2,4,3,3,5,1,1,1,5,5,1,1,1,3,1,1,1,1,3,1,1,1,-2.941581238,-1.213344068,-1.906373627,1,1,0,0,2,0,0,0,1,0,2,0,2,1,0,1,0,0,3,1,0,0,0,0,0,-9,0,0,0,1,3,0,0,1,3,0,1,0,2,1,0,0,1,1,0,0,1,0,0,1,0,3
4938,3,4,0.035497206,1,85351,0,1,0,2,0,1,0,0,0,3,5,4,4,5,1,1,1,3,3,4,2,2,1,2,2,1,1,2,4,4,1,0.740971556,-1.271704015,-1.81684179,1,0,0,1,4,0,0,1,0,0,2,0,4,1,0,1,1,0,1,0,1,0,0,1,0,-9,0,0,1,0,2,1,0,0,1,0,1,0,2,1,0,0,1,1,0,0,1,0,1,0,0,2
4940,3,4,0.1378727,1,85374,0,1,0,1,1,0,0,0,0,1,3,1,4,4,4,3,3,3,3,3,2,3,2,3,3,1,1,3,2,2,2,0.874386299,1.000751711,0.558311167,1,0,0,1,4,0,0,1,0,0,2,0,4,0,0,3,0,1,2,0,0,0,0,1,0,-9,0,0,1,0,2,0,1,0,2,0,0,1,3,0,1,0,2,1,0,0,1,1,0,0,0,1
4941,3,4,0.036433724,1,85008,1,0,0,1,1,0,0,0,0,3,6,5,4,5,3,3,2,4,5,3,1,1,1,1,3,3,1,3,1,2,1,-1.20158759,-0.891740531,-2.525283138,0,0,1,0,3,0,0,1,0,0,2,0,4,1,0,1,0,1,2,0,1,0,0,0,0,-9,0,0,0,1,3,0,0,1,3,0,1,0,2,0,0,1,3,0,1,0,2,0,0,1,0,3
4943,3,2,0.036508874,1,85006,1,0,0,3,0,0,1,0,0,2,5,4,5,5,3,2,1,3,5,5,2,2,2,2,2,2,2,2,3,2,2,-0.255050615,0.414430261,0.104861679,0,0,1,1,4,0,0,1,0,0,2,0,4,0,1,2,0,1,2,0,0,0,0,0,0,-9,0,0,0,1,3,0,0,1,3,0,0,1,3,0,1,0,2,0,1,0,2,0,0,0,1,4
4945,3,4,0.122897117,1,85374,0,1,0,1,1,0,0,0,0,2,4,2,3,2,1,1,3,2,4,2,2,1,2,2,2,2,2,2,4,3,4,0.025709228,0.311302668,0.264718132,0,0,0,1,4,1,1,1,0,0,2,0,4,0,0,3,0,1,2,0,0,0,0,1,0,1,1,0,1,0,2,0,1,0,2,0,0,1,3,0,1,0,2,1,0,0,1,1,0,0,0,1
4946,49,4,0.05192134,0,98367,0,1,0,2,0,1,0,0,0,2,5,1,2,4,1,4,3,2,5,2,2,3,2,3,2,2,2,2,3,2,3,0.256034483,-0.978594094,1.414842738,0,0,0,1,4,0,0,1,0,0,2,0,4,0,1,2,0,1,2,0,0,0,0,1,0,0,0,1,0,0,1,1,0,0,1,1,0,0,1,1,0,0,1,0,1,0,2,1,0,0,0,1
4948,3,4,0.011164956,1,85387,0,1,0,2,0,1,0,0,0,2,5,4,4,5,3,3,4,5,5,3,2,1,2,2,3,2,2,2,2,2,3,-1.03610508,-0.906651192,-0.569873052,1,0,1,0,3,1,1,1,0,0,2,0,4,1,0,1,0,1,2,0,0,0,0,1,0,1,1,1,0,0,1,1,0,0,1,1,0,0,1,1,0,0,1,1,0,0,1,1,0,0,0,1
4949,3,4,0.017886648,1,85375,0,1,0,2,0,1,0,0,0,3,4,2,2,4,3,3,3,4,4,4,2,2,2,2,2,2,2,2,3,2,2,-0.371083004,-0.517544779,-0.270428467,1,0,0,1,4,0,0,1,0,0,2,0,4,1,0,1,0,1,2,0,0,0,0,1,0,-9,0,1,0,0,1,1,0,0,1,0,1,0,2,1,0,0,1,1,0,0,1,1,0,0,0,1
4951,3,4,0.173630072,1,85383,0,1,0,3,0,0,1,0,0,3,3,4,3,4,2,3,3,4,3,3,2,2,2,2,2,2,2,2,3,2,3,-0.42342942,-0.074512585,0.571497046,1,0,1,1,4,0,1,0,0,1,2,0,3,0,0,3,0,1,2,0,0,0,0,1,0,1,1,0,1,0,2,1,0,0,1,0,1,0,2,0,1,0,2,1,0,0,1,1,0,0,0,1
4953,3,4,0.015554324,1,85225,1,0,0,2,0,1,0,0,0,2,5,1,5,4,2,3,1,3,3,1,2,2,2,2,2,2,2,2,3,2,4,-0.703586491,-1.230314631,1.321727614,1,0,1,0,3,0,1,1,0,0,2,0,4,1,0,1,0,1,2,0,0,0,0,1,0,1,1,0,0,1,3,0,1,0,2,0,0,1,3,0,1,0,2,1,0,0,1,0,0,1,0,3
4954,3,4,0.014444721,1,85304,1,0,0,2,0,1,0,0,0,1,4,3,2,5,2,4,1,4,4,3,1,3,1,1,3,2,2,2,2,2,2,0.259714491,-1.771539656,0.987540349,0,0,0,1,4,1,1,1,0,0,2,0,4,1,0,1,1,0,1,0,0,0,0,0,0,1,1,0,0,1,3,0,1,0,2,1,0,0,1,0,1,0,2,1,0,0,1,0,0,0,1,4
4955,31,2,0.060224528,0,7060,0,1,0,4,0,0,0,1,0,2,4,4,4,4,4,4,4,4,4,4,2,2,2,2,2,2,2,2,3,3,3,0.067731785,0.818495615,0.088087581,0,0,1,0,3,0,0,0,1,0,2,0,2,1,0,1,0,0,3,0,0,0,0,1,0,-9,0,0,0,1,3,0,1,0,2,1,0,0,1,0,1,0,2,0,0,1,3,0,0,0,1,4
4957,3,4,0.033322114,1,85210,1,0,0,2,0,1,0,0,0,3,4,4,4,5,1,4,1,2,5,2,2,2,2,2,2,2,2,2,3,3,4,-0.153798478,-0.385538292,0.479482878,1,0,0,1,4,0,0,1,0,0,2,0,4,1,0,1,0,1,2,0,1,0,0,1,0,1,1,0,0,1,3,0,0,1,3,0,0,1,3,0,1,0,2,0,0,1,3,0,0,0,1,4
4958,3,4,0.034095319,1,85306,1,0,0,1,1,0,0,0,0,1,1,0,5,1,1,1,1,1,1,1,1,3,1,1,1,3,3,1,1,2,1,0.190183903,0.246764291,-0.266658556,0,1,0,0,2,0,0,1,0,0,2,0,4,1,0,1,1,0,1,0,0,0,0,1,1,-9,0,0,0,1,3,0,0,1,3,0,1,0,2,0,1,0,2,1,0,0,1,0,0,0,1,4
4959,3,2,0.028017265,1,85043,0,1,0,3,0,0,1,0,0,3,4,3,4,5,1,1,1,1,5,3,1,1,3,1,3,1,1,3,1,2,1,-0.224229481,0.469675865,0.176028764,1,1,0,0,2,0,0,1,0,0,1,1,1,1,0,1,0,0,3,1,0,0,0,0,0,1,1,1,0,0,1,0,0,1,3,0,0,1,3,0,0,1,3,1,0,0,1,0,0,1,0,3
4960,3,4,0.028773165,1,85253,0,1,0,2,0,1,0,0,0,2,6,3,3,2,1,5,1,2,5,4,2,3,2,2,2,2,2,1,2,2,3,1.184417594,1.148520245,0.20197183,1,0,0,1,4,1,1,1,0,0,2,0,4,0,1,2,0,1,2,0,1,0,0,1,0,1,1,1,0,0,1,0,1,0,2,0,1,0,2,0,1,0,2,1,0,0,1,0,1,0,0,2
4962,3,4,0.039913318,1,85303,0,1,0,1,1,0,0,0,0,1,4,1,4,5,3,1,1,1,5,1,2,1,1,2,2,2,2,2,4,3,4,1.267004313,-0.867286867,0.10224757,1,0,0,1,4,0,0,0,1,0,2,0,2,0,1,2,1,0,1,0,0,0,0,1,0,1,1,0,0,1,3,1,0,0,1,1,0,0,1,1,0,0,1,1,0,0,1,0,0,1,0,3
4966,3,4,0.112859289,1,85041,0,1,0,1,1,0,0,0,0,2,5,2,4,4,1,2,1,3,4,3,1,1,1,1,1,2,2,2,3,3,3,-0.909990544,-1.64756631,0.579243462,0,0,0,1,4,0,0,1,0,0,2,0,4,0,0,3,0,1,2,0,0,0,0,1,0,-9,0,0,0,1,3,1,0,0,1,1,0,0,1,1,0,0,1,1,0,0,1,0,0,1,0,3
4967,49,2,0.062167077,0,98388,0,1,0,1,1,0,0,0,0,1,4,3,2,5,2,2,2,4,5,4,1,1,1,3,1,3,1,3,1,2,2,0.89070675,1.023550582,0.779488576,0,0,0,1,4,0,1,1,0,0,2,0,4,0,1,2,0,1,2,0,0,0,1,1,0,-9,0,0,1,0,2,1,0,0,1,1,0,0,1,1,0,0,1,0,1,0,2,0,1,0,0,2
4968,49,2,0.071513953,0,98105,1,0,0,4,0,0,0,1,0,1,3,5,5,3,5,5,2,5,5,5,2,2,2,3,2,2,3,1,2,2,2,0.735460939,1.251477743,0.740420357,1,0,0,0,1,1,1,0,1,0,2,0,2,0,1,2,0,1,2,1,0,0,0,0,0,-9,0,0,0,1,3,0,0,1,3,0,0,1,3,0,0,1,3,1,0,0,1,0,0,0,1,4
4970,3,2,0.096770642,1,85249,0,1,0,1,1,0,0,0,0,1,2,0,5,1,1,1,1,4,5,3,2,1,2,2,2,2,2,1,4,2,2,0.157664677,0.401067177,1.092010503,1,1,0,0,2,0,0,0,1,0,1,1,1,0,0,3,0,0,3,1,0,0,0,1,0,1,1,0,1,0,2,1,0,0,1,0,0,1,3,1,0,0,1,1,0,0,1,1,0,0,0,1
4971,3,4,0.001960177,1,85017,1,0,0,2,0,1,0,0,0,2,3,3,4,2,2,3,2,2,3,3,1,1,1,2,2,1,1,2,3,3,3,-1.827099164,0.496531252,1.154196479,1,1,0,0,2,0,0,0,0,0,2,0,5,1,0,1,0,1,2,0,0,0,0,0,0,1,1,0,0,1,3,0,0,1,3,0,0,1,3,0,1,0,2,1,0,0,1,0,0,1,0,3
4974,3,4,0.037937422,1,85051,1,0,0,5,0,0,0,0,1,1,5,5,5,5,5,5,3,5,5,5,1,1,1,1,3,1,1,3,2,2,2,1.090489457,-0.279551066,0.370872872,1,0,0,0,1,0,0,1,0,0,1,1,1,0,1,2,0,0,3,1,0,0,0,1,0,1,1,0,0,1,3,0,0,1,3,0,0,1,3,0,1,0,2,1,0,0,1,0,0,0,1,4
4976,3,4,0.00724006,1,85326,0,1,0,1,1,0,0,0,0,1,2,3,4,4,3,4,2,3,5,3,3,3,2,3,1,1,2,3,2,2,2,0.905313672,0.266633968,0.600656602,1,0,0,1,4,0,0,1,0,0,2,0,4,1,0,1,1,0,1,0,0,0,0,0,0,-9,0,1,0,0,1,1,0,0,1,0,1,0,2,1,0,0,1,1,0,0,1,1,0,0,0,1
4977,3,2,0.064234469,1,85374,0,1,0,2,0,1,0,0,0,1,3,2,4,4,3,4,3,4,4,4,2,2,1,2,2,2,2,2,1,3,1,-0.292896021,0.140328378,0.206023065,1,1,0,0,2,1,1,1,0,0,2,0,4,0,0,3,0,0,3,1,0,0,1,1,0,1,1,0,1,0,2,0,1,0,2,0,0,1,3,0,1,0,2,1,0,0,1,1,0,0,0,1
4982,3,4,0.044549885,1,85205,0,1,0,3,0,0,1,0,0,2,5,3,4,4,2,2,2,4,4,4,1,1,2,2,1,3,1,2,1,3,3,-0.180725136,0.2109643,0.049366915,0,0,1,0,3,1,1,0,1,0,2,0,2,0,1,2,0,1,2,0,1,0,0,0,0,1,1,0,1,0,2,0,1,0,2,0,1,0,2,0,1,0,2,1,0,0,1,0,0,1,0,3
4983,3,2,0.056171833,0,85142,0,1,0,1,1,0,0,0,0,1,5,0,5,2,1,1,1,1,1,2,2,2,2,2,2,2,2,2,3,3,3,-1.310283536,0.228006433,-1.152078935,1,0,0,0,1,0,0,1,0,0,2,0,4,1,0,1,0,0,3,0,1,0,1,1,0,1,1,1,0,0,1,1,0,0,1,0,1,0,2,0,0,1,3,1,0,0,1,1,0,0,0,1
4984,3,4,0.032155399,1,85308,0,1,0,2,0,1,0,0,0,1,2,2,4,5,2,2,2,3,4,4,1,1,1,1,1,1,1,2,1,3,3,0.828335194,0.456035407,-1.53944555,1,0,0,1,4,0,0,1,0,0,2,0,4,0,1,2,0,1,2,0,0,0,0,1,0,1,1,0,1,0,2,0,1,0,2,0,0,1,3,0,1,0,2,1,0,0,1,0,0,1,0,3
4987,3,2,0.267362052,1,85006,1,0,0,1,1,0,0,0,0,1,3,2,3,4,3,3,2,4,4,3,2,2,2,2,3,3,2,2,1,2,2,-0.279508518,-0.661196267,0.304136712,1,1,0,0,2,0,0,1,0,0,1,1,1,1,0,1,0,0,3,1,0,0,0,0,0,-9,0,0,0,1,3,0,0,1,3,0,0,1,3,0,1,0,2,0,1,0,2,0,0,0,1,4
4989,3,4,0.04069164,1,85301,1,0,0,3,0,0,1,0,0,2,6,1,3,3,4,4,3,5,4,4,1,1,2,1,1,1,1,2,3,3,4,-0.537873915,-0.023172293,-1.275262066,1,1,0,0,2,0,0,1,0,0,1,1,1,1,0,1,0,0,3,1,0,0,0,1,1,-9,0,0,0,1,3,0,0,1,3,0,1,0,2,1,0,0,1,1,0,0,1,0,0,0,1,4
4990,3,4,0.004611968,0,85139,0,1,0,3,0,0,1,0,0,2,5,3,3,3,4,1,1,4,3,1,2,2,2,2,2,2,2,2,4,4,4,-0.375474702,0.755676555,-0.676932034,1,0,1,0,3,0,0,1,0,0,2,0,4,1,0,1,0,0,3,0,1,0,0,1,0,1,1,0,1,0,2,1,0,0,1,0,1,0,2,1,0,0,1,1,0,0,1,1,0,0,0,1
4991,3,4,0.029173185,1,85283,1,0,0,1,1,0,0,0,0,2,1,0,5,4,1,1,4,4,4,3,2,2,2,2,2,2,2,2,3,3,3,-1.685070128,-0.182861692,0.432011027,0,0,0,0,1,0,0,1,0,0,2,0,4,1,0,1,1,0,1,0,0,0,0,0,1,-9,0,0,0,1,3,0,0,1,3,0,0,1,3,0,1,0,2,1,0,0,1,0,0,0,1,4
4993,3,1,0.067514702,1,85225,1,0,0,5,0,0,0,0,1,3,3,3,3,5,3,3,3,3,4,3,2,2,2,2,2,2,2,2,3,3,3,-0.528708078,-0.150133178,1.479908605,0,1,0,0,2,1,1,1,0,0,2,0,4,0,0,3,0,0,3,1,0,0,0,1,0,1,1,0,0,1,3,0,1,0,2,0,0,1,3,0,1,0,2,1,0,0,1,0,0,1,0,3
4994,49,4,0.012359841,0,98367,0,1,0,4,0,0,0,1,0,3,5,5,2,5,2,3,1,4,5,4,2,2,2,2,2,2,2,3,3,3,3,0.59100029,-2.265733117,0.220663566,1,0,0,1,4,1,1,1,0,0,2,0,4,1,0,1,1,0,1,0,0,0,0,1,0,-9,0,1,0,0,1,1,0,0,1,1,0,0,1,1,0,0,1,0,1,0,2,1,0,0,0,1
4998,3,4,0.049418825,1,85304,1,0,0,2,0,1,0,0,0,2,4,2,3,5,2,2,4,4,3,3,1,1,1,1,1,1,1,3,1,2,1,-1.337765432,-0.680518068,-1.694646965,1,1,0,0,2,0,0,1,0,0,1,1,1,0,1,2,0,0,3,1,0,0,0,1,0,1,1,0,0,1,3,0,1,0,2,1,0,0,1,0,1,0,2,1,0,0,1,0,0,0,1,4
4999,33,4,0.045788832,0,11427,1,0,0,4,0,0,0,1,0,3,6,3,3,5,2,1,1,4,5,5,2,2,2,2,2,2,2,3,3,3,4,0.061916951,-0.797568731,0.928773332,0,0,1,0,3,0,1,0,1,0,2,0,2,0,1,2,0,0,3,0,1,0,0,0,0,0,0,0,0,1,3,0,0,1,3,0,0,1,3,1,0,0,1,0,1,0,2,0,0,0,1,4
5000,3,2,0.032467592,1,85345,0,1,0,5,0,0,0,0,1,3,5,3,4,2,2,3,3,3,3,3,3,1,2,2,3,2,2,2,2,3,2,0.41010791,0.354806023,0.672336776,0,1,0,0,2,0,0,0,1,0,2,0,2,0,1,2,0,0,3,1,1,0,0,1,0,-9,0,0,1,0,2,0,1,0,2,0,0,1,3,1,0,0,1,1,0,0,1,0,0,1,0,3
5002,3,4,0.070981563,1,85021,1,0,0,1,1,0,0,0,0,1,3,0,2,2,2,4,2,4,4,1,3,1,3,3,2,2,2,1,2,2,4,-0.64728346,0.73664803,-0.641192827,1,1,0,0,2,0,0,1,0,0,1,1,1,1,0,1,0,0,3,1,0,0,0,0,0,1,1,0,0,1,3,0,0,1,3,1,0,0,1,0,1,0,2,0,0,1,3,0,0,0,1,4
5006,3,1,0.106056849,1,85308,0,1,0,2,0,1,0,0,0,3,5,2,3,3,3,5,3,4,1,2,1,1,3,2,3,3,3,3,3,2,2,0.56092249,0.539687942,0.327429998,0,0,0,0,1,0,0,0,0,0,1,1,1,1,0,1,0,0,3,0,0,0,0,1,0,-9,0,0,1,0,2,0,1,0,2,0,0,1,3,0,1,0,2,1,0,0,1,0,0,1,0,3
5007,3,2,0.016495111,1,85208,0,1,0,2,0,1,0,0,0,1,3,2,5,3,1,3,1,1,5,3,2,2,3,3,2,2,2,2,3,2,3,0.416029534,-0.290035008,0.895896331,1,1,0,0,2,0,0,1,0,0,2,0,4,0,1,2,0,0,3,1,1,0,1,0,0,-9,0,0,1,0,2,0,1,0,2,0,0,1,3,0,1,0,2,1,0,0,1,0,1,0,0,2
5008,49,3,1.029198004,0,98270,0,1,0,3,0,0,1,0,0,1,5,3,3,4,1,1,1,1,5,1,1,1,3,2,2,2,2,3,4,3,4,1.086040349,-0.686522882,-0.643223461,1,0,0,0,1,0,0,0,0,1,2,0,3,0,0,3,0,0,3,1,0,0,0,1,0,1,1,0,1,0,2,0,1,0,2,1,0,0,1,1,0,0,1,1,0,0,1,0,0,1,0,3
5010,3,4,0.00639927,1,85032,0,1,0,3,0,0,1,0,0,1,5,3,5,5,1,1,1,5,5,5,2,2,3,2,2,2,3,3,4,1,4,0.17271289,-0.527206456,-0.781693457,0,0,1,0,3,0,0,1,0,0,2,0,4,1,0,1,1,0,1,0,1,0,0,1,1,1,1,0,0,1,3,0,1,0,2,0,0,1,3,0,0,1,3,1,0,0,1,0,0,0,1,4
5011,3,2,0.128043596,1,85016,1,0,0,2,0,1,0,0,0,2,3,0,5,4,2,2,4,3,3,4,2,2,2,2,2,2,2,2,4,4,4,1.137062707,1.679793561,-1.159707414,1,0,0,0,1,1,1,1,0,0,1,1,1,0,1,2,0,1,2,0,0,0,0,1,0,-9,0,0,0,1,3,0,0,1,3,0,0,1,3,0,0,1,3,1,0,0,1,0,0,0,1,4
5012,3,2,0.235073279,1,85043,0,1,0,2,0,1,0,0,0,3,4,4,4,3,5,4,5,5,4,4,2,2,2,3,3,2,2,2,3,3,3,0.501524047,1.163866503,0.737920326,0,0,0,0,1,1,1,1,0,0,1,1,1,0,1,2,0,1,2,0,0,0,0,1,0,-9,0,1,0,0,1,0,0,1,3,0,0,1,3,0,0,1,3,1,0,0,1,0,0,1,0,3
5013,3,2,0.037700661,1,85041,0,1,0,2,0,1,0,0,0,1,4,1,1,4,1,2,1,3,4,2,3,3,2,1,1,3,3,1,1,1,4,0.708939691,-0.448788663,-0.469776665,0,0,0,0,1,0,0,0,1,0,2,0,2,1,0,1,0,1,2,0,0,0,1,0,0,1,1,0,0,1,3,1,0,0,1,1,0,0,1,1,0,0,1,1,0,0,1,0,0,1,0,3
5015,3,2,0.110745569,1,85249,0,1,0,1,1,0,0,0,0,1,1,1,4,3,1,2,2,2,2,2,2,2,2,2,2,2,2,2,4,3,4,0.973489287,0.317242078,-0.127616338,1,0,0,0,1,1,1,1,0,0,1,1,1,0,0,3,0,0,3,0,0,0,0,1,0,-9,0,0,1,0,2,1,0,0,1,0,0,1,3,1,0,0,1,1,0,0,1,1,0,0,0,1
5018,3,2,0.536471298,1,85308,0,1,0,1,1,0,0,0,0,2,6,0,5,2,1,3,3,5,4,3,1,1,1,1,1,1,1,1,1,1,1,-0.292738202,-0.632627602,0.347686053,0,0,0,0,1,0,0,0,0,0,2,0,5,0,1,2,0,0,3,1,0,0,1,1,0,-9,0,0,1,0,2,0,1,0,2,0,0,1,3,0,1,0,2,1,0,0,1,0,0,1,0,3
5019,3,2,0.120271055,1,85035,0,1,0,2,0,1,0,0,0,2,1,5,3,4,4,4,5,4,4,4,1,1,2,3,3,3,3,2,3,2,3,0.046116247,0.149363006,0.330578705,0,0,1,0,3,0,0,0,0,0,2,0,5,0,1,2,1,0,1,0,0,0,1,1,0,1,1,0,0,1,3,0,1,0,2,0,1,0,2,1,0,0,1,1,0,0,1,0,0,1,0,3
5021,3,2,0.013243485,1,85283,1,0,0,2,0,1,0,0,0,1,5,1,5,2,1,1,1,2,2,3,1,1,3,3,3,1,1,3,1,2,1,0.401818864,0.072646177,0.658366061,1,0,0,0,1,0,0,1,0,0,2,0,4,1,0,1,0,0,3,1,0,0,1,0,0,1,1,0,0,1,3,0,0,1,3,0,0,1,3,0,1,0,2,1,0,0,1,0,0,0,1,4
5023,3,2,0.083690247,1,85086,0,1,0,2,0,1,0,0,0,1,3,4,3,2,2,3,2,4,4,4,2,2,2,2,2,2,2,2,3,3,3,0.446986541,0.232168746,-0.690272459,1,1,0,0,2,0,0,1,0,0,2,0,4,0,1,2,1,0,1,0,0,0,1,1,0,-9,0,0,1,0,2,1,0,0,1,0,1,0,2,1,0,0,1,1,0,0,1,1,0,0,0,1
5024,34,4,0.009188001,0,85118,0,1,0,5,0,0,0,0,1,1,5,3,3,4,3,4,2,4,4,4,2,2,3,3,2,2,2,2,2,2,2,0.476982399,-1.927709328,0.408151165,1,1,0,0,2,0,0,1,0,0,2,0,4,1,0,1,0,0,3,0,1,0,0,1,0,-9,0,1,0,0,1,1,0,0,1,1,0,0,1,0,1,0,2,1,0,0,1,1,0,0,0,1
5027,3,2,0.029843153,1,85282,1,0,0,2,0,1,0,0,0,2,4,3,4,2,2,2,2,3,4,4,3,2,2,3,2,2,2,3,4,3,3,-0.140913951,0.556768671,0.130261244,0,1,0,0,2,0,0,1,0,0,2,0,4,0,1,2,0,0,3,1,0,1,1,1,0,-9,0,0,0,1,3,0,0,1,3,0,0,1,3,0,0,1,3,0,1,0,2,0,0,0,1,4
5028,3,4,0.00748545,1,85208,0,1,0,4,0,0,0,1,0,2,5,5,3,5,5,4,3,5,5,5,1,2,3,2,3,1,2,3,2,2,2,-0.038717203,1.226439581,-0.452681727,1,1,0,0,2,0,0,1,0,0,2,0,4,1,0,1,0,0,3,1,0,0,0,1,0,-9,0,0,1,0,2,0,1,0,2,0,0,1,3,0,1,0,2,1,0,0,1,0,1,0,0,2
5029,3,2,0.016588208,1,85021,1,0,0,5,0,0,0,0,1,5,6,5,1,1,2,5,1,3,5,5,3,3,1,1,3,3,3,1,2,3,4,-2.107210623,-2.187702807,0.88615969,1,1,0,0,2,1,1,0,1,0,2,0,2,1,0,1,1,0,1,0,0,0,0,1,1,1,1,0,0,1,3,0,0,1,3,1,0,0,1,0,1,0,2,0,0,1,3,0,0,0,1,4
5030,3,2,0.055763927,1,85202,1,0,0,1,1,0,0,0,0,1,2,5,4,5,3,5,1,4,5,5,1,2,3,2,1,2,2,3,2,3,2,-1.098479708,0.353792253,0.957546879,1,0,1,0,3,0,0,0,0,0,1,1,1,1,0,1,0,0,3,1,0,0,1,0,0,1,1,0,0,1,3,0,1,0,2,0,0,1,3,0,0,1,3,0,1,0,2,0,0,0,1,4
5031,36,2,3.59225193,0,45005,0,1,0,4,0,0,0,1,0,3,3,4,4,4,1,1,1,4,4,4,1,1,1,1,1,1,1,3,1,2,2,0.067731785,0.818495615,0.088087581,0,1,0,0,2,1,1,1,0,0,2,0,4,0,0,3,0,0,3,1,0,0,0,1,0,1,1,1,0,0,1,1,0,0,1,0,1,0,2,0,1,0,2,1,0,0,1,1,0,0,0,1
5032,33,4,0.075315407,0,14613,0,1,0,2,0,1,0,0,0,2,2,3,3,4,3,3,2,5,5,5,1,1,1,1,1,1,1,3,3,2,2,0.892308914,1.458354861,0.805153963,0,0,1,0,3,0,0,0,1,0,2,0,2,1,0,1,0,1,2,0,0,0,0,1,0,-9,0,0,0,1,3,0,1,0,2,1,0,0,1,1,0,0,1,1,0,0,1,0,0,0,1,4
5033,3,1,0.018656334,1,85018,1,0,0,1,1,0,0,0,0,2,5,2,2,4,2,2,5,5,5,3,1,1,1,1,1,1,1,3,3,2,2,-0.666400801,-0.63777974,-0.561764612,0,1,0,0,2,0,0,0,1,0,2,0,2,1,0,1,1,0,1,0,0,0,0,0,1,1,1,0,0,1,3,0,0,1,3,1,0,0,1,0,0,1,3,1,0,0,1,0,0,0,1,4
5035,17,2,0.307045298,0,66215,0,1,0,2,0,1,0,0,0,2,4,1,5,4,3,3,1,3,4,3,2,2,2,2,3,3,2,3,3,2,2,0.3587333,-1.494430042,1.480581057,0,1,0,0,2,0,0,1,0,0,2,0,4,1,0,1,0,1,2,0,0,0,0,0,0,1,1,0,1,0,2,0,0,1,3,0,0,1,3,1,0,0,1,1,0,0,1,0,0,1,0,3
5045,33,1,0.448196553,0,10001,1,0,0,4,0,0,0,1,0,1,5,4,5,4,4,4,5,3,5,4,2,3,2,3,2,3,2,3,3,2,3,0.319852491,-0.063615183,-1.088144232,0,1,0,0,2,1,1,1,0,0,2,0,4,0,0,3,0,0,3,1,0,1,0,0,0,-9,0,0,0,1,3,0,0,1,3,0,0,1,3,1,0,0,1,0,0,1,3,0,0,1,0,3
5047,45,2,2.551491441,1,75219,1,0,0,4,0,0,0,1,0,2,5,4,1,5,2,2,1,4,5,4,1,1,3,1,2,1,1,3,3,1,2,0.930879803,1.486621471,-0.255193085,1,0,1,0,3,0,0,1,0,0,2,0,4,0,1,2,0,1,2,1,0,0,0,1,0,-9,0,0,0,1,3,0,0,1,3,0,1,0,2,0,0,1,3,0,0,1,3,0,0,0,1,4
5048,3,2,0.077436063,1,85051,1,0,0,2,0,1,0,0,0,1,3,2,4,4,3,4,3,3,2,2,2,3,2,2,2,2,2,2,3,3,3,-2.030003547,-0.465728288,-0.261372858,0,1,0,0,2,1,1,1,0,0,2,0,4,0,1,2,1,0,1,0,0,0,0,1,0,1,1,0,0,1,3,0,0,1,3,0,0,1,3,0,1,0,2,1,0,0,1,0,0,0,1,4
5051,49,2,0.035025047,0,98201,1,0,0,4,0,0,0,1,0,3,5,4,4,5,1,1,1,5,5,3,1,2,2,2,2,2,2,2,4,3,3,0.618633718,-0.086675197,0.941876498,1,1,0,0,2,0,0,1,0,0,2,0,4,0,0,3,0,0,3,1,0,0,0,1,0,-9,0,0,0,1,3,0,0,1,3,0,1,0,2,0,0,1,3,0,1,0,2,0,0,0,1,4
5057,3,2,0.036112583,1,85023,1,0,0,3,0,0,1,0,0,1,4,5,3,4,3,4,4,4,4,5,2,3,3,2,3,2,2,2,3,2,4,1.131193754,0.616229572,0.495365018,1,0,1,0,3,0,1,1,0,0,2,0,4,0,0,3,0,0,3,1,0,1,1,1,0,1,1,0,0,1,3,0,0,1,3,0,1,0,2,1,0,0,1,1,0,0,1,0,0,1,0,3
5063,49,4,0.023668385,0,98116,1,0,0,2,0,1,0,0,0,4,5,5,4,5,1,4,4,5,5,3,1,2,2,1,1,1,2,2,4,3,4,-1.765545648,0.350835503,0.38550073,1,0,1,0,3,0,0,1,0,0,2,0,4,1,0,1,1,0,1,0,1,0,0,0,1,-9,0,0,0,1,3,0,0,1,3,1,0,0,1,1,0,0,1,0,1,0,2,0,0,0,1,4
5064,49,2,0.053524276,0,98424,0,1,0,1,1,0,0,0,0,1,1,3,3,4,3,4,3,4,5,4,2,2,2,2,2,2,2,2,3,3,3,0.862262028,0.15948815,-1.226475794,0,1,0,0,2,0,1,1,0,0,2,0,4,0,0,3,0,0,3,1,0,0,0,0,0,-9,0,1,0,0,1,0,0,1,3,0,0,1,3,0,0,1,3,1,0,0,1,0,1,0,0,2
5066,33,2,5.987611383,0,10023,1,0,0,5,0,0,0,0,1,1,5,5,5,5,5,5,5,5,5,5,3,3,3,3,3,3,3,3,2,2,2,0.969208228,1.333058309,1.19443876,0,1,0,0,2,0,1,1,0,0,1,1,1,0,0,3,0,0,3,1,1,0,0,1,0,-9,0,0,0,1,3,0,0,1,3,0,0,1,3,0,0,1,3,0,0,1,3,0,0,0,1,4
5068,49,4,0.151552632,0,98118,0,1,0,2,0,1,0,0,0,2,5,3,2,2,2,4,5,4,5,4,2,2,3,2,2,2,2,2,2,2,2,-0.076241323,-1.259586397,-0.247042338,1,1,0,0,2,0,1,1,0,0,2,0,4,0,0,3,0,0,3,1,1,0,0,0,0,-9,0,0,0,1,3,0,1,0,2,1,0,0,1,1,0,0,1,0,0,1,3,0,0,0,1,4
5070,31,3,0.98979602,0,7011,1,0,0,3,0,0,1,0,0,1,5,3,4,3,1,3,3,5,5,5,2,2,2,2,2,2,2,3,3,3,3,-0.712358313,-0.650382494,0.198561283,0,1,0,0,2,0,0,0,0,0,1,1,1,1,0,1,0,1,2,0,0,0,0,1,0,-9,0,0,0,1,3,0,0,1,3,0,0,1,3,0,1,0,2,0,1,0,2,0,0,0,1,4
5073,49,2,0.01865352,0,98023,0,1,0,1,1,0,0,0,0,2,4,2,5,3,2,4,1,4,3,2,2,2,2,3,2,2,2,2,2,3,3,-0.083915064,0.479414351,0.562729736,0,1,0,0,2,0,0,1,0,0,2,0,4,1,0,1,0,1,2,0,1,0,1,0,0,-9,0,0,0,1,3,0,1,0,2,1,0,0,1,1,0,0,1,1,0,0,1,0,0,1,0,3
5075,14,2,5.743931735,0,61401,0,1,0,2,0,1,0,0,0,1,4,2,4,4,4,4,2,4,4,4,2,2,3,2,2,2,2,3,2,2,2,-0.164673049,0.577768414,0.077665531,0,1,0,0,2,0,0,1,0,0,2,0,4,1,0,1,1,0,1,0,0,0,1,0,0,-9,0,0,1,0,2,0,1,0,2,0,1,0,2,1,0,0,1,1,0,0,1,1,0,0,0,1
5077,49,2,0.198356278,0,98003,1,0,0,4,0,0,0,1,0,3,4,3,2,5,2,4,4,5,4,4,1,1,3,3,2,2,3,3,2,2,3,-0.472419102,-1.341197552,-0.233101486,0,1,0,0,2,0,1,0,1,0,2,0,2,0,0,3,1,0,1,0,0,0,1,0,0,1,1,0,0,1,3,0,0,1,3,0,0,1,3,0,1,0,2,1,0,0,1,0,0,0,1,4
5080,17,2,1.569181857,0,67213,0,1,0,1,1,0,0,0,0,1,4,1,4,2,1,1,1,2,2,2,2,2,2,2,2,2,2,2,4,3,3,-0.15085291,0.206231282,-0.060521288,0,0,1,0,3,0,0,1,0,0,2,0,4,0,1,2,1,0,1,0,0,0,1,1,0,-9,0,0,1,0,2,0,1,0,2,0,0,1,3,1,0,0,1,1,0,0,1,0,0,0,1,4
5083,3,2,0.407398937,1,85257,1,0,0,2,0,1,0,0,0,2,1,3,3,4,2,3,2,3,3,2,1,1,3,3,3,2,1,3,2,2,1,-1.229033815,0.698980416,-0.146292412,0,1,0,0,2,0,0,1,0,0,1,1,1,0,0,3,1,0,1,0,0,0,0,1,0,-9,0,0,0,1,3,0,0,1,3,0,1,0,2,0,1,0,2,1,0,0,1,0,0,0,1,4
5084,3,2,0.020894264,1,85233,0,1,0,3,0,0,1,0,0,4,5,4,4,4,4,5,1,4,2,5,2,2,2,3,2,2,2,2,3,4,3,0.984548793,1.393782222,1.217152987,0,0,0,0,1,0,0,0,1,0,1,1,1,1,0,1,0,0,3,0,0,0,0,0,0,-9,0,0,1,0,2,0,0,1,3,0,0,1,3,0,1,0,2,1,0,0,1,0,0,1,0,3
5086,3,2,0.029197363,1,85224,0,1,0,2,0,1,0,0,0,1,2,0,3,4,1,1,1,1,1,1,3,3,3,3,3,3,2,1,1,1,1,-0.153700831,0.031031113,0.542322371,0,1,0,0,2,1,1,1,0,0,2,0,4,0,1,2,0,0,3,0,0,0,1,1,0,1,1,0,1,0,2,0,0,1,3,0,0,1,3,0,1,0,2,1,0,0,1,0,0,0,1,4
5088,3,2,0.085419108,1,85381,0,1,0,2,0,1,0,0,0,2,2,3,3,4,3,4,3,5,3,3,2,2,2,1,2,2,2,2,3,3,1,-0.392252118,0.140036907,-0.891964514,0,1,0,0,2,0,0,1,0,0,2,0,4,0,1,2,0,0,3,0,0,0,1,1,0,1,1,0,1,0,2,0,1,0,2,0,1,0,2,0,0,1,3,1,0,0,1,0,0,1,0,3
5089,3,2,0.036831997,1,85306,1,0,0,2,0,1,0,0,0,1,3,1,5,4,2,4,1,4,4,2,2,2,2,2,3,1,3,1,2,2,2,0.348895646,-0.804867738,-0.765521961,0,1,0,0,2,0,0,1,0,0,2,0,4,1,0,1,0,0,3,1,1,0,1,1,0,-9,0,0,0,1,3,0,0,1,3,0,1,0,2,0,1,0,2,1,0,0,1,0,0,0,1,4
5090,49,1,0.079027229,0,98122,1,0,0,1,1,0,0,0,0,1,3,0,5,1,1,1,1,3,3,3,2,2,2,2,2,2,2,2,3,3,3,0.682700136,0.931523917,-0.642103819,1,0,0,0,1,0,0,0,1,0,1,1,1,1,0,1,1,0,1,0,0,0,0,1,0,-9,0,0,0,1,3,0,0,1,3,1,0,0,1,0,0,1,3,0,0,1,3,0,0,0,1,4
5093,3,4,0.011180526,1,85021,1,0,0,2,0,1,0,0,0,2,5,1,5,5,1,5,5,3,5,5,1,1,3,1,2,2,3,3,2,2,4,0.162703634,-1.622730587,-1.263690095,1,0,0,0,1,0,0,0,1,0,2,0,2,1,0,1,0,0,3,0,0,0,0,1,0,1,1,0,0,1,3,0,0,1,3,1,0,0,1,0,1,0,2,0,0,1,3,0,0,0,1,4
5095,49,4,0.013653833,0,98023,0,1,0,3,0,0,1,0,0,3,4,3,2,3,2,4,1,5,4,4,1,1,1,1,2,1,1,3,2,2,1,0.512368738,0.394564994,-0.121557979,1,1,0,0,2,0,0,0,1,0,2,0,2,1,0,1,0,1,2,0,0,0,0,1,0,0,0,0,0,1,3,0,1,0,2,1,0,0,1,1,0,0,1,1,0,0,1,0,0,1,0,3
5096,14,4,0.424606716,0,61201,0,1,0,2,0,1,0,0,0,1,5,2,4,3,1,1,1,2,1,1,2,2,2,2,2,2,2,2,4,3,4,-0.648930635,-0.312574835,0.903680606,0,0,1,0,3,0,0,1,0,0,2,0,4,1,0,1,1,0,1,0,0,0,0,0,1,1,1,0,1,0,2,0,1,0,2,0,1,0,2,0,0,1,3,1,0,0,1,0,1,0,0,2
5097,3,2,0.036770956,1,85283,1,0,0,3,0,0,1,0,0,3,6,4,4,4,2,2,1,5,4,3,1,1,2,2,2,2,2,2,4,2,4,-0.102808158,-1.027175196,0.117385923,1,1,0,0,2,1,1,1,0,0,2,0,4,0,1,2,1,0,1,0,0,0,1,0,0,1,1,0,0,1,3,0,0,1,3,0,0,1,3,0,1,0,2,1,0,0,1,0,0,0,1,4
5099,3,2,0.169349775,1,85015,1,0,0,4,0,0,0,1,0,2,4,3,5,5,1,4,1,2,4,4,2,3,3,2,3,2,2,2,2,2,2,0.423526507,0.90124485,-0.712342955,0,0,0,0,1,1,1,0,0,0,1,1,1,0,0,3,0,0,3,0,0,0,1,0,0,-9,0,0,0,1,3,0,0,1,3,0,1,0,2,0,1,0,2,0,0,1,3,0,0,0,1,4
5100,3,2,0.013087255,1,85254,0,1,0,5,0,0,0,0,1,2,1,5,5,5,1,5,5,5,4,3,2,2,2,2,2,2,2,2,4,4,3,0.408909574,1.096163427,0.37894791,1,1,0,0,2,1,1,1,0,0,2,0,4,0,1,2,0,0,3,1,0,0,1,1,0,-9,0,0,1,0,2,0,0,1,3,0,0,1,3,0,1,0,2,1,0,0,1,0,0,1,0,3
5101,3,1,0.015353422,0,85901,0,0,1,3,0,0,1,0,0,2,5,3,2,5,3,3,4,5,5,3,1,1,2,1,3,1,1,2,1,1,1,-0.433062341,0.115406043,0.642222698,1,1,0,0,2,1,1,1,0,0,2,0,4,1,0,1,1,0,1,0,1,0,0,1,0,-9,0,1,0,0,1,1,0,0,1,1,0,0,1,0,0,1,3,1,0,0,1,1,0,0,0,1
5103,3,2,0.035418267,1,85205,0,1,0,2,0,1,0,0,0,2,4,1,4,4,1,3,1,2,1,1,2,2,2,2,2,2,2,2,3,3,4,-2.598979213,-1.325438071,-0.104728213,1,1,0,0,2,0,0,1,0,0,2,0,4,1,0,1,0,0,3,1,1,0,1,1,0,1,1,0,1,0,2,0,1,0,2,0,1,0,2,0,1,0,2,1,0,0,1,0,0,1,0,3
5104,24,2,2.05615694,0,55320,0,1,0,3,0,0,1,0,0,3,5,3,1,3,2,4,2,3,4,4,1,1,1,1,2,1,2,2,3,3,1,-0.236921462,0.205885663,-0.618381685,0,1,0,0,2,0,0,1,0,0,2,0,4,0,1,2,0,0,3,1,0,0,0,0,0,-9,0,1,0,0,1,1,0,0,1,0,0,1,3,0,0,1,3,1,0,0,1,1,0,0,0,1
5105,3,2,0.153352298,1,85008,1,0,0,2,0,1,0,0,0,2,4,2,4,4,3,3,2,3,4,3,1,1,1,1,1,1,1,3,2,2,2,0.112225245,-0.305804795,0.315380747,0,0,0,0,1,0,0,1,0,0,1,1,1,1,0,1,1,0,1,0,0,1,1,1,0,1,1,0,0,1,3,0,0,1,3,0,1,0,2,0,0,1,3,0,1,0,2,0,0,1,0,3
5106,3,2,0.087334063,1,85034,0,1,0,4,0,0,0,1,0,2,4,5,3,2,2,4,2,2,3,2,2,2,2,2,2,2,2,1,3,3,3,-0.084066264,0.711712257,-0.30329941,0,0,0,0,1,0,1,1,0,0,2,0,4,0,1,2,1,0,1,0,0,0,1,0,0,1,1,1,0,0,1,0,0,1,3,0,0,1,3,0,1,0,2,0,0,1,3,0,0,0,1,4
5108,14,2,1.432934138,0,60641,1,0,0,3,0,0,1,0,0,2,3,5,2,4,2,4,4,4,5,4,2,2,2,2,2,2,2,2,3,3,3,-1.208368085,-0.645889557,1.466845275,0,1,0,0,2,0,0,0,0,0,1,1,1,1,0,1,1,0,1,0,0,0,0,0,0,-9,0,0,0,1,3,0,0,1,3,0,1,0,2,0,0,1,3,0,0,1,3,0,0,0,1,4
5112,3,2,0.138550117,1,85251,1,0,0,1,1,0,0,0,0,1,5,1,5,3,1,1,1,3,5,3,2,2,2,2,2,2,2,2,4,4,4,-0.985310504,-1.305468829,0.98801473,1,0,1,0,3,1,1,1,0,0,2,0,4,0,0,3,1,0,1,0,0,0,1,1,0,1,1,0,0,1,3,0,0,1,3,0,1,0,2,0,1,0,2,1,0,0,1,0,0,0,1,4
5113,3,4,0.012283018,1,85021,1,0,0,2,0,1,0,0,0,2,3,2,2,5,3,4,2,4,5,4,1,1,1,2,2,2,1,3,3,2,3,-0.279039554,-0.576619615,-0.393481288,1,0,1,0,3,0,0,1,0,0,2,0,4,1,0,1,1,0,1,0,0,0,0,0,1,-9,0,0,0,1,3,0,0,1,3,1,0,0,1,0,1,0,2,0,0,1,3,0,0,0,1,4
5114,3,2,0.163208038,1,85301,1,0,0,1,1,0,0,0,0,1,3,1,5,5,1,2,1,2,2,3,2,2,2,2,2,2,2,2,3,3,3,-0.70502234,-0.719602756,0.094250929,1,0,0,0,1,0,0,0,0,0,2,0,5,0,0,3,0,0,3,0,1,0,0,0,0,1,1,0,0,1,3,0,0,1,3,0,1,0,2,1,0,0,1,1,0,0,1,0,0,0,1,4
5117,3,2,1.61767075,1,85024,0,1,0,2,0,1,0,0,0,1,4,3,5,5,1,2,1,1,4,4,1,1,1,1,2,2,1,2,2,2,4,-0.074346636,0.023386936,0.535332472,0,0,0,0,1,0,0,1,1,1,1,1,1,0,0,3,0,1,2,0,1,0,0,0,0,1,1,0,0,1,3,0,1,0,2,0,0,1,3,0,1,0,2,1,0,0,1,0,0,1,0,3
5119,36,2,0.683831265,0,43235,0,1,0,1,1,0,0,0,0,1,4,2,2,2,1,5,2,5,4,3,1,1,1,1,2,2,2,3,2,2,4,-1.445333307,0.240977304,-0.731864273,0,1,0,0,2,1,1,1,0,0,1,1,1,1,0,1,0,1,2,0,0,0,1,0,0,-9,0,0,1,0,2,0,0,1,3,0,0,1,3,0,0,1,3,1,0,0,1,0,1,0,0,2
5131,31,2,0.675928437,0,7008,1,0,0,3,0,0,1,0,0,3,3,4,3,3,3,4,3,3,4,3,1,1,1,1,1,3,1,3,1,2,2,-1.020624999,0.313711669,-0.394334581,0,1,0,0,2,0,0,1,0,0,1,1,1,1,0,1,0,1,2,0,0,0,1,0,0,-9,0,0,0,1,3,0,1,0,2,0,0,1,3,1,0,0,1,1,0,0,1,0,0,0,1,4
5134,3,4,0.001501587,1,85020,1,0,0,2,0,1,0,0,0,2,3,2,3,3,3,3,3,4,3,3,2,2,2,2,2,2,2,2,3,3,3,0.163099346,-0.702578275,0.813603582,1,1,0,0,2,0,0,1,0,0,2,0,4,1,0,1,1,0,1,0,1,0,0,0,1,1,1,0,0,1,3,0,0,1,3,0,1,0,2,0,0,1,3,1,0,0,1,0,0,0,1,4
5136,3,2,0.180529871,1,85353,0,1,0,4,0,0,0,1,0,3,5,4,2,1,1,5,1,5,5,4,2,2,2,2,2,2,2,1,2,2,2,0.152884015,0.616801162,0.461128431,1,1,0,0,2,1,1,1,0,0,1,1,1,0,0,3,0,0,3,1,0,0,0,1,0,1,1,0,1,0,2,0,1,0,2,0,1,0,2,1,0,0,1,1,0,0,1,1,0,0,0,1
5140,3,4,0.084345313,1,85354,0,0,1,2,0,1,0,0,0,1,3,1,5,3,1,2,1,1,1,2,2,2,2,2,2,2,2,2,3,3,2,-0.207699624,0.069741363,0.685691375,0,1,0,0,2,0,0,1,0,0,1,1,1,0,1,2,0,0,3,1,0,0,0,0,0,-9,0,1,0,0,1,1,0,0,1,1,0,0,1,0,0,1,3,1,0,0,1,1,0,0,0,1
5144,3,2,0.007893269,1,85008,1,0,0,2,0,1,0,0,0,2,4,2,4,3,1,1,1,2,4,2,2,2,2,2,2,2,2,2,4,3,4,-2.172620929,-1.931021678,0.988607183,1,1,0,0,2,0,0,1,0,0,2,0,4,0,1,2,0,1,2,0,0,0,0,0,1,-9,0,0,0,1,3,0,0,1,3,0,1,0,2,0,0,1,3,0,1,0,2,0,0,1,0,3
5146,26,2,5.19527041,0,63376,0,1,0,1,1,0,0,0,0,2,4,1,4,3,1,3,3,4,3,3,2,2,1,3,2,2,2,3,3,3,4,-0.049037444,0.838061674,0.495245164,0,0,1,0,3,0,0,1,0,0,2,0,4,0,1,2,1,0,1,0,0,0,1,1,0,-9,0,0,1,0,2,0,1,0,2,0,1,0,2,0,1,0,2,1,0,0,1,0,1,0,0,2
5147,49,4,0.021770819,0,98418,0,1,0,2,0,1,0,0,0,1,5,3,5,5,1,5,1,3,5,3,2,2,2,2,3,2,2,3,2,2,2,0.796916949,-0.24412827,0.083060126,1,0,1,0,3,0,0,1,0,0,2,0,4,1,0,1,1,0,1,0,1,0,0,0,0,-9,0,0,1,0,2,0,1,0,2,0,0,1,3,1,0,0,1,0,1,0,2,0,0,0,1,4
5149,33,2,0.242824247,0,11210,1,0,0,3,0,0,1,0,0,3,4,4,2,4,4,3,3,5,4,4,2,2,3,1,2,3,3,2,1,2,2,-1.21230562,-0.007046332,0.519531517,0,0,1,0,3,1,1,0,1,0,2,0,2,1,0,1,1,0,1,0,0,0,1,0,1,-9,0,0,0,1,3,0,0,1,3,1,0,0,1,1,0,0,1,0,0,1,3,0,0,0,1,4
5150,49,1,0.006744118,0,98366,0,1,0,2,0,1,0,0,0,2,5,3,4,5,1,3,2,4,4,4,1,1,3,3,2,2,1,2,3,3,3,-0.748427397,0.034338406,-1.634457183,1,1,0,0,2,0,0,1,0,0,2,0,4,1,0,1,0,0,3,1,0,0,1,1,0,0,0,1,0,0,1,0,1,0,2,1,0,0,1,0,1,0,2,0,1,0,2,0,0,1,0,3
5151,49,2,0.084826513,0,98444,0,1,0,3,0,0,1,0,0,3,4,3,2,4,2,5,2,4,5,4,1,3,3,3,3,1,1,3,2,2,2,0.91312787,0.212176902,-0.062422774,1,1,0,0,2,0,0,1,0,0,2,0,4,0,1,2,1,0,1,0,0,0,1,0,0,-9,0,0,0,1,3,0,1,0,2,0,0,1,3,0,1,0,2,0,1,0,2,0,0,0,1,4
5152,49,2,0.055769519,0,98270,0,1,0,3,0,0,1,0,0,1,1,2,5,5,1,1,1,4,4,1,3,3,2,3,3,3,3,3,4,4,4,0.874535332,0.680077209,1.522061819,1,1,0,0,2,1,1,1,0,0,2,0,4,0,0,3,0,0,3,1,0,0,0,1,0,0,0,0,1,0,2,0,1,0,2,1,0,0,1,1,0,0,1,1,0,0,1,0,0,1,0,3
5154,33,1,11.03356946,0,12189,1,0,0,3,0,0,1,0,0,1,1,0,5,3,1,4,1,4,2,4,2,3,3,3,3,3,3,3,2,2,2,-0.155299407,0.429490365,1.165724749,0,1,0,0,2,0,0,1,1,0,1,1,1,1,0,1,1,0,1,0,0,0,0,0,0,1,1,0,0,1,3,0,1,0,2,0,0,1,3,0,1,0,2,1,0,0,1,0,0,0,1,4
5155,39,2,0.313212237,0,18201,1,0,0,4,0,0,0,1,0,2,2,4,1,3,3,3,4,4,3,5,1,1,1,1,3,3,1,2,4,2,2,-0.715612783,0.324558995,0.61140844,0,1,0,0,2,0,0,1,0,0,2,0,4,0,1,2,0,0,3,1,0,0,1,0,0,-9,0,0,0,1,3,0,0,1,3,1,0,0,1,0,1,0,2,1,0,0,1,0,1,0,0,2
5156,33,2,0.549823607,0,13662,0,1,0,1,1,0,0,0,0,2,1,1,4,3,1,2,2,5,4,3,2,2,2,1,1,3,1,3,1,2,2,-0.410233515,-0.767732127,0.576843027,0,1,0,0,2,0,0,1,0,0,2,0,4,1,0,1,0,1,2,0,0,0,0,0,1,-9,0,1,0,0,1,0,1,0,2,1,0,0,1,0,1,0,2,1,0,0,1,1,0,0,0,1
5160,36,2,0.357546714,0,45662,0,1,0,3,0,0,1,0,0,1,3,1,5,5,5,4,4,5,5,4,2,2,2,2,2,2,2,2,3,3,3,-0.719704078,0.573496204,-0.520174644,0,1,0,0,2,0,0,1,0,0,2,0,4,1,0,1,0,0,3,0,0,0,0,0,1,1,1,0,1,0,2,0,1,0,2,1,0,0,1,0,1,0,2,1,0,0,1,1,0,0,0,1
5164,14,4,2.231191174,0,60521,0,1,0,1,1,0,0,0,0,2,4,2,4,1,1,1,1,3,1,1,2,1,2,2,3,1,2,3,2,2,2,0.117763564,-0.21993269,0.958109746,0,1,0,0,2,0,0,1,0,0,2,0,4,0,0,3,0,0,3,0,0,0,0,1,0,-9,0,0,1,0,2,0,0,1,3,0,0,1,3,0,0,1,3,0,0,1,3,0,0,1,0,3
5166,26,4,0.38390359,0,63966,0,0,1,2,0,1,0,0,0,1,5,1,5,5,1,4,1,3,5,4,2,2,2,3,3,2,2,3,2,2,4,-1.945549631,-1.094415878,1.545617403,0,1,0,0,2,0,0,1,0,0,2,0,4,1,0,1,0,0,3,1,1,0,0,0,0,1,1,1,0,0,1,1,0,0,1,1,0,0,1,1,0,0,1,1,0,0,1,1,0,0,0,1
5169,36,2,1.675089126,0,43812,0,1,0,1,1,0,0,0,0,1,3,0,4,4,1,4,1,2,3,3,2,2,2,2,3,3,2,2,3,2,3,0.258003196,0.158003399,-0.193451813,0,1,0,0,2,0,0,1,0,0,2,0,4,0,1,2,0,1,2,1,0,1,1,1,0,0,0,1,0,0,1,0,1,0,2,1,0,0,1,0,0,1,3,1,0,0,1,1,0,0,0,1
5170,14,2,0.34347444,0,60155,1,0,0,3,0,0,1,0,0,2,4,4,2,2,1,5,1,2,5,5,3,2,2,3,3,2,2,1,2,2,3,0.479786326,0.886445354,-0.322116937,0,1,0,0,2,1,1,0,1,0,2,0,2,0,1,2,0,1,2,0,0,0,0,1,0,-9,0,0,0,1,3,0,0,1,3,0,1,0,2,0,0,1,3,1,0,0,1,0,0,0,1,4
5172,23,2,1.134031498,0,48220,1,0,0,3,0,0,1,0,0,2,3,2,3,3,2,3,1,4,3,4,2,3,2,3,2,2,2,1,3,2,3,0.372476131,1.198560424,-0.019311886,0,1,0,0,2,0,0,1,0,0,2,0,4,1,0,1,0,0,3,0,0,0,1,0,0,-9,0,0,0,1,3,0,0,1,3,0,0,1,3,0,0,1,3,1,0,0,1,0,0,1,0,3
5173,49,2,0.017101293,0,98387,0,1,0,3,0,0,1,0,0,2,3,3,3,3,1,4,4,4,4,4,1,1,3,1,3,1,1,3,1,2,2,-0.144047862,0.279758328,0.626157485,0,1,0,0,2,0,0,1,0,0,2,0,4,0,1,2,0,0,3,1,0,0,0,0,0,0,0,0,1,0,2,1,0,0,1,1,0,0,1,1,0,0,1,1,0,0,1,0,1,0,0,2
5174,49,2,0.008757273,0,98004,0,1,0,3,0,0,1,0,0,2,4,1,4,1,1,4,1,5,5,4,2,2,3,2,2,2,1,2,3,2,2,0.042843405,0.574089456,-0.356343011,1,1,0,0,2,0,0,0,0,0,2,0,5,1,0,1,0,0,3,1,0,0,0,0,0,0,0,0,1,0,2,0,0,1,3,0,0,1,3,0,0,1,3,1,0,0,1,0,0,0,1,4
5175,3,2,0.001934776,0,84205,0,0,0,3,0,0,1,0,0,3,5,4,3,5,3,3,3,5,3,3,1,1,1,1,2,2,2,2,4,3,4,-0.370391259,-0.432085419,-0.688773035,0,0,1,0,3,0,0,1,0,0,2,0,4,1,0,1,0,1,2,0,0,0,0,1,0,1,1,0,0,0,0,0,0,0,0,0,0,0,0,0,0,0,0,0,0,0,0,0,0,0,0,0
5176,39,2,0.278987064,0,15210,0,1,0,3,0,0,1,0,0,3,4,3,2,2,1,4,1,1,4,1,2,2,2,2,2,2,2,2,3,3,4,-0.418337131,-1.232624111,-0.256070596,0,0,1,0,3,0,0,1,0,0,2,0,4,1,0,1,1,0,1,0,0,0,1,1,0,-9,0,0,0,1,3,0,1,0,2,1,0,0,1,0,1,0,2,0,0,1,3,0,0,0,1,4
5177,49,2,0.334779133,0,98108,1,0,0,2,0,1,0,0,0,2,5,4,3,4,2,4,4,3,3,4,1,3,1,3,3,3,1,3,1,1,1,0.205220134,1.301819875,0.039464323,0,0,0,0,1,0,0,0,0,1,2,0,3,0,1,2,0,1,2,0,0,0,1,1,0,-9,0,0,0,1,3,0,0,1,3,0,0,1,3,0,1,0,2,0,0,1,3,0,0,0,1,4
5178,23,4,0.239121051,0,49309,0,0,1,3,0,0,1,0,0,2,4,4,3,4,3,4,3,4,3,4,2,2,2,1,2,1,1,2,3,1,3,-0.732973725,0.877006701,-0.666739436,0,0,1,0,3,0,0,1,0,0,2,0,4,1,0,1,1,0,1,0,0,0,0,1,0,-9,0,1,0,0,1,1,0,0,1,1,0,0,1,1,0,0,1,1,0,0,1,1,0,0,0,1
5179,26,2,4.859545928,0,65648,0,0,1,4,0,0,0,1,0,3,4,4,2,3,1,4,1,4,3,4,2,2,2,2,2,2,2,1,2,2,2,0.319331286,0.371287427,0.44557727,0,1,0,0,2,0,0,1,0,0,2,0,4,0,0,3,0,1,2,0,0,0,1,1,0,1,1,1,0,0,1,1,0,0,1,1,0,0,1,1,0,0,1,1,0,0,1,1,0,0,0,1
5180,31,4,0.563019409,0,7095,1,0,0,3,0,0,1,0,0,2,4,3,3,4,4,4,2,5,5,5,1,1,1,1,2,2,2,2,2,2,2,0.970501428,0.57908719,0.650188921,0,1,0,0,2,0,0,1,0,0,2,0,4,1,0,1,1,0,1,1,0,0,0,0,0,-9,0,0,0,1,3,0,0,1,3,0,0,1,3,0,0,1,3,0,0,1,3,0,0,0,1,4
5186,49,2,0.007935948,0,98292,0,1,0,4,0,0,0,1,0,3,4,3,4,4,2,2,1,3,4,3,2,2,2,2,1,1,1,3,4,3,3,0.149459584,-0.286396905,-0.633364992,0,1,0,0,2,1,1,0,0,0,2,0,5,0,1,2,0,0,3,1,0,0,1,0,1,0,0,1,0,0,1,1,0,0,1,1,0,0,1,1,0,0,1,1,0,0,1,1,0,0,0,1
5187,43,2,1.587899142,0,57104,0,1,0,3,0,0,1,0,0,1,4,3,4,4,3,2,2,4,4,4,2,2,2,2,2,2,2,3,4,3,3,-0.623736331,0.522958518,-0.261975995,0,1,0,0,2,0,0,1,0,0,2,0,4,1,0,1,0,1,2,0,0,0,0,0,0,1,1,0,1,0,2,0,0,1,3,0,1,0,2,0,0,1,3,1,0,0,1,0,0,0,1,4
5189,36,2,0.473349815,0,44115,1,0,0,4,0,0,0,1,0,5,5,5,1,5,3,4,3,5,5,4,1,1,1,1,2,2,2,3,3,2,3,-0.12793569,0.680830089,-0.392167498,0,1,0,0,2,0,0,0,1,0,2,0,2,0,1,2,0,0,3,1,0,0,1,1,0,-9,0,0,0,1,3,0,0,1,3,0,0,1,3,0,1,0,2,0,0,1,3,0,0,0,1,4
5191,31,4,0.57850261,0,8540,0,1,0,5,0,0,0,0,1,3,6,4,3,3,3,3,2,3,3,3,2,2,2,2,2,2,2,2,3,3,3,-0.922107092,1.295042915,-2.704658754,0,1,0,0,2,1,1,0,0,1,2,0,3,1,0,1,0,0,3,0,0,0,0,0,0,-9,0,0,1,0,2,0,0,1,3,1,0,0,1,0,0,1,3,0,1,0,2,0,0,1,0,3
5192,7,4,0.314599149,0,6704,0,1,0,1,1,0,0,0,0,1,5,0,5,4,2,2,2,4,2,2,2,2,2,2,2,2,2,2,3,3,3,-0.390422547,0.555885261,0.16836546,0,1,0,0,2,0,0,1,0,0,1,1,1,1,0,1,0,0,3,1,0,0,0,0,0,-9,0,0,0,1,3,0,1,0,2,1,0,0,1,1,0,0,1,0,1,0,2,0,0,1,0,3
5193,39,2,0.254594836,0,19606,0,1,0,2,0,1,0,0,0,2,4,1,5,2,1,1,1,5,5,4,2,2,2,2,2,2,2,2,4,3,3,-0.752165184,-1.04797647,0.883177007,0,1,0,0,2,1,1,1,0,0,2,0,4,0,1,2,0,0,3,1,0,0,1,0,0,-9,0,0,1,0,2,0,1,0,2,1,0,0,1,0,0,1,3,1,0,0,1,0,1,0,0,2
5195,33,2,0.846652041,0,10470,1,0,0,2,0,1,0,0,0,4,4,3,4,4,5,5,3,4,3,4,2,2,2,2,2,2,2,2,4,4,3,-0.349275169,0.833499838,-0.684826033,0,1,0,0,2,0,1,1,0,0,2,0,4,0,0,3,0,0,3,0,0,1,0,0,0,-9,0,0,0,1,3,0,0,1,3,0,0,1,3,0,1,0,2,0,0,1,3,0,0,0,1,4
5196,23,4,1.535739264,0,48186,0,1,0,3,0,0,1,0,0,1,5,4,2,2,3,1,1,3,3,1,1,3,3,1,3,1,1,1,1,2,1,-0.14878931,0.562934015,-0.89541373,0,1,0,0,2,0,0,1,0,0,2,0,4,1,0,1,0,0,3,1,0,0,0,1,0,-9,0,0,1,0,2,1,0,0,1,1,0,0,1,1,0,0,1,1,0,0,1,1,0,0,0,1
5198,36,2,1.036515587,0,44319,0,1,0,3,0,0,1,0,0,3,3,3,3,3,1,1,1,5,5,3,2,2,2,2,2,2,2,2,4,3,3,0.954897009,0.279843629,1.456035066,0,1,0,0,2,1,1,1,0,0,2,0,4,0,1,2,0,1,2,1,0,0,1,1,0,1,1,1,0,0,1,1,0,0,1,0,1,0,2,0,0,1,3,1,0,0,1,1,0,0,0,1
5200,51,2,2.698231637,0,53222,1,0,0,5,0,0,0,0,1,3,4,5,3,3,2,3,2,3,4,3,2,2,2,2,2,2,2,2,3,3,4,0.475528658,-0.82908297,0.772145243,0,1,0,0,2,1,1,1,0,0,2,0,4,0,0,3,0,1,2,0,0,0,0,1,0,1,1,0,0,1,3,0,0,1,3,0,1,0,2,0,0,1,3,1,0,0,1,0,0,0,1,4
5201,33,2,0.502202751,0,11542,1,0,0,1,1,0,0,0,0,1,4,1,4,4,1,2,1,4,5,4,2,2,1,2,2,2,1,2,1,3,3,1.101066174,-0.814888401,0.507536759,0,1,0,0,2,1,1,1,0,0,2,0,4,0,1,2,0,0,3,1,0,0,0,1,0,-9,0,0,0,1,3,0,0,1,3,1,0,0,1,0,1,0,2,0,0,1,3,0,0,1,0,3
5202,33,2,0.354454068,0,12564,0,1,0,4,0,0,0,1,0,2,6,4,5,5,3,3,3,5,4,4,1,1,1,1,1,1,1,3,3,3,3,1.305728336,0.79218095,0.942116942,0,1,0,0,2,1,1,1,0,0,2,0,4,0,1,2,0,1,2,1,0,0,0,1,0,-9,0,1,0,0,1,1,0,0,1,0,1,0,2,0,0,1,3,0,0,1,3,1,0,0,0,1
5204,14,2,1.531711766,0,60565,0,1,0,3,0,0,1,0,0,3,4,3,3,4,3,2,3,4,3,3,2,2,2,2,2,2,2,3,3,2,3,-0.162920394,0.87507103,-0.931100374,0,1,0,0,2,1,1,1,0,0,2,0,4,0,0,3,0,0,3,1,0,0,0,1,0,-9,0,0,1,0,2,1,0,0,1,0,1,0,2,1,0,0,1,1,0,0,1,1,0,0,0,1
5205,31,2,2.317632693,0,7410,1,0,0,3,0,0,1,0,0,1,2,3,4,2,1,4,1,2,5,4,3,3,2,3,2,2,2,2,2,3,3,-0.225318822,0.019100815,0.153426211,0,1,0,0,2,1,1,1,0,0,2,0,4,0,0,3,0,1,2,0,0,0,1,1,0,-9,0,0,0,1,3,0,0,1,3,0,0,1,3,0,0,1,3,0,0,1,3,0,0,0,1,4
5206,33,2,2.18303434,0,10467,1,0,0,4,0,0,0,1,0,2,4,3,4,2,3,3,2,5,5,5,2,3,1,1,1,3,3,2,1,1,2,-1.0905669,0.063040346,0.622475558,0,1,0,0,2,0,0,0,0,0,1,1,1,1,0,1,1,0,1,0,1,0,0,0,1,-9,0,0,0,1,3,0,0,1,3,1,0,0,1,1,0,0,1,0,0,1,3,0,0,1,0,3
5207,31,3,11.7786821,0,7059,0,1,0,3,0,0,1,0,0,2,2,2,5,4,1,4,4,1,4,3,2,3,2,3,3,2,2,1,2,2,3,1.072580648,-0.481883884,0.187122671,0,1,0,0,2,0,1,0,0,1,2,0,3,0,0,3,0,0,3,0,0,0,0,1,0,1,1,1,0,0,1,1,0,0,1,0,1,0,2,0,0,1,3,1,0,0,1,1,0,0,0,1
5208,24,2,0.601005155,0,55106,1,0,0,1,1,0,0,0,0,1,6,4,5,2,1,5,1,4,5,2,3,3,2,3,3,2,2,3,2,2,4,-1.329984466,-0.097308691,1.275240003,0,0,0,0,1,0,1,0,1,0,2,0,2,0,0,0,1,0,1,0,0,0,1,1,0,-9,0,0,0,1,3,0,0,1,3,0,1,0,2,0,1,0,2,0,1,0,2,0,0,0,1,4
5209,39,2,2.391872171,0,19130,1,0,0,1,1,0,0,0,0,1,2,1,5,4,1,4,4,3,5,2,2,2,2,2,2,1,1,3,3,3,1,-0.275870623,-0.980977142,1.129493847,0,0,1,0,3,1,1,1,0,0,1,1,1,0,0,3,0,1,2,0,0,0,0,0,0,1,1,0,0,1,3,0,0,1,3,1,0,0,1,0,0,1,3,0,0,1,3,0,0,0,1,4
5210,39,2,0.482881147,0,19147,1,0,0,1,1,0,0,0,0,1,1,1,5,5,1,1,3,2,3,3,3,3,3,1,3,3,3,3,2,2,2,0.11134147,0.162660331,0.522902789,0,1,0,0,2,0,0,1,0,0,2,0,4,1,0,1,1,0,1,0,0,0,1,0,1,-9,0,0,0,1,3,0,0,1,3,0,1,0,2,0,0,1,3,0,0,1,3,0,0,0,1,4
5211,36,2,1.324381497,0,43160,0,1,0,3,0,0,1,0,0,3,2,4,4,3,2,4,4,2,1,3,2,3,2,2,2,3,2,3,2,3,4,0.182140519,1.206932885,-1.22254444,0,1,0,0,2,0,0,1,0,0,2,0,4,0,1,2,0,0,3,1,1,0,0,0,0,-9,0,1,0,0,1,0,1,0,2,0,1,0,2,0,1,0,2,1,0,0,1,1,0,0,0,1
5212,23,2,1.890296597,0,48075,0,1,0,4,0,0,0,1,0,3,1,3,3,5,1,1,1,5,1,1,3,1,2,2,2,2,2,3,3,3,1,0.623062363,-1.720909432,0.320422029,0,1,0,0,2,0,0,0,1,0,2,0,2,1,0,1,1,0,1,1,0,1,1,1,0,1,1,0,1,0,2,0,0,1,3,0,0,1,3,0,0,1,3,1,0,0,1,0,0,1,0,3
5214,23,2,1.464109578,0,48917,0,1,0,1,1,0,0,0,0,2,3,0,4,4,1,3,3,3,2,1,2,2,2,2,2,2,2,2,3,3,4,-1.503138514,-1.222611048,0.409179408,0,0,1,0,3,0,0,1,0,0,2,0,4,0,1,2,1,0,1,0,0,0,1,0,0,-9,0,0,1,0,2,0,1,0,2,0,1,0,2,0,0,1,3,1,0,0,1,0,0,1,0,3
5215,33,4,0.164217012,0,14072,0,1,0,2,0,1,0,0,0,2,5,3,4,5,2,2,2,5,5,2,1,1,2,2,1,1,2,2,4,3,3,0.627435174,-0.809341076,0.188674195,0,0,1,0,3,0,0,1,0,0,2,0,4,1,0,1,0,1,2,0,0,0,0,1,0,-9,0,1,0,0,1,1,0,0,1,0,1,0,2,0,1,0,2,1,0,0,1,1,0,0,0,1
5218,23,2,0.79479635,0,48085,0,1,0,1,1,0,0,0,0,1,4,4,3,5,4,1,1,5,4,2,2,2,2,2,2,2,2,3,4,4,4,0.629938703,0.396920336,-0.877892981,0,1,0,0,2,0,1,1,0,0,2,0,4,0,0,3,0,0,3,0,0,0,0,1,0,-9,0,0,1,0,2,0,1,0,2,1,0,0,1,0,0,1,3,1,0,0,1,1,0,0,0,1
5219,28,2,2.898973206,0,68660,0,0,1,3,0,0,1,0,0,2,4,3,4,2,1,5,4,4,4,4,1,3,3,3,3,3,2,1,2,2,2,0.277528997,0.687869814,0.961779182,0,1,0,0,2,0,1,1,0,0,2,0,4,0,0,3,1,0,1,0,0,0,1,1,0,-9,0,1,0,0,1,1,0,0,1,1,0,0,1,0,0,1,3,1,0,0,1,1,0,0,0,1
5221,51,4,1.491971894,0,53402,0,1,0,3,0,0,1,0,0,2,5,4,3,3,3,3,3,3,3,1,2,2,2,2,2,2,2,2,3,3,4,-1.457404598,-0.143600954,-1.752405247,0,1,0,0,2,0,0,1,0,0,2,0,4,1,0,1,0,0,3,1,1,0,0,0,0,0,0,0,0,1,3,0,1,0,2,1,0,0,1,0,1,0,2,1,0,0,1,0,0,1,0,3
5223,33,2,0.545178174,0,11433,1,0,0,2,0,1,0,0,0,2,2,4,4,5,3,4,4,5,4,4,3,1,1,3,3,1,3,3,2,2,2,0.799662415,-0.18812905,0.129232952,0,1,0,0,2,0,0,0,1,0,2,0,2,0,1,2,0,0,3,1,0,1,1,1,0,1,1,0,0,1,3,0,0,1,3,1,0,0,1,0,1,0,2,0,0,1,3,0,0,0,1,4
5224,33,4,0.551592272,0,14024,0,0,1,2,0,1,0,0,0,1,3,3,5,3,1,1,1,4,2,2,2,2,2,2,2,2,2,2,4,2,3,-1.563703826,0.43782206,-0.630870639,0,0,1,0,3,0,0,1,0,0,2,0,4,0,1,2,0,0,3,0,1,0,0,1,0,1,1,1,0,0,1,1,0,0,1,0,1,0,2,1,0,0,1,1,0,0,1,1,0,0,0,1
5225,17,2,0.469436166,0,66203,0,1,0,2,0,1,0,0,0,2,4,4,4,3,3,4,2,2,3,2,2,2,2,2,2,2,2,2,2,2,2,0.2984772,-1.124590171,-0.805132945,0,0,1,0,3,1,1,1,0,0,2,0,4,0,1,2,0,0,3,1,0,0,1,1,0,-9,0,0,1,0,2,0,0,1,3,0,0,1,3,0,1,0,2,1,0,0,1,0,0,1,0,3
5227,36,2,0.659021691,0,43302,0,1,0,4,0,0,0,1,0,4,5,4,1,5,1,1,1,5,1,1,1,1,1,1,1,1,1,2,1,1,1,-2.736260434,-1.420094845,0.31516868,0,1,0,0,2,0,0,1,0,0,2,0,4,0,1,2,0,0,3,0,0,0,0,1,0,-9,0,0,1,0,2,0,1,0,2,0,1,0,2,0,1,0,2,1,0,0,1,1,0,0,0,1
5229,33,4,1.909394083,0,14532,0,0,1,3,0,0,1,0,0,3,1,5,4,5,4,4,2,2,5,5,2,2,2,2,2,2,2,2,2,2,2,1.466766423,1.207942671,0.552858309,0,1,0,0,2,0,1,1,0,0,2,0,4,0,0,3,1,0,1,0,0,0,0,0,0,-9,0,1,0,0,1,1,0,0,1,0,0,1,3,0,0,1,3,1,0,0,1,1,0,0,0,1
5235,15,4,0.667426413,0,46350,0,1,0,2,0,1,0,0,0,3,6,5,1,5,3,1,3,2,4,2,2,1,2,2,2,2,2,3,4,4,4,-2.201320423,-1.210128568,-1.485249271,0,1,0,0,2,1,1,1,0,0,2,0,4,0,0,0,0,0,3,0,0,0,0,1,0,-9,0,1,0,0,1,0,1,0,2,0,1,0,2,0,1,0,2,1,0,0,1,1,0,0,0,1
5241,15,2,0.390162475,0,46815,0,1,0,3,0,0,1,0,0,3,2,2,4,3,4,4,4,4,4,4,2,2,2,2,2,2,2,2,3,3,3,0.083469159,0.99379538,0.01633954,0,1,0,0,2,1,1,1,0,0,2,0,4,0,1,2,0,1,2,0,0,0,0,1,0,-9,0,0,1,0,2,0,1,0,2,0,1,0,2,0,0,1,3,1,0,0,1,0,0,1,0,3
5243,31,4,1.352009825,0,8012,0,1,0,3,0,0,1,0,0,3,4,3,4,4,4,3,4,4,4,4,2,2,2,2,2,2,2,2,3,3,3,0.067731785,0.818495615,0.088087581,0,1,0,0,2,0,0,1,0,0,2,0,4,0,1,2,0,1,2,0,0,0,0,0,0,-9,0,0,1,0,2,0,1,0,2,0,0,1,3,0,0,1,3,1,0,0,1,0,0,1,0,3
5244,39,4,0.147850918,0,16601,0,1,0,3,0,0,1,0,0,2,4,4,2,4,3,3,3,4,3,4,2,2,1,1,2,2,2,3,4,3,4,-0.895128948,-0.09183032,-1.724113816,0,0,1,0,3,0,0,1,0,0,2,0,4,1,0,1,0,0,3,1,1,0,0,1,0,1,1,0,1,0,2,0,0,1,3,1,0,0,1,0,1,0,2,1,0,0,1,0,1,0,0,2
5250,22,2,13.30177604,0,2128,1,0,0,3,0,0,1,0,0,3,4,4,3,4,3,3,2,3,5,4,3,3,3,2,3,1,1,1,2,2,2,1.064452765,0.729309479,-1.448303495,0,1,0,0,2,0,1,1,0,0,1,1,1,0,0,3,0,0,3,1,0,1,1,0,0,1,1,0,0,1,3,0,0,1,3,0,0,1,3,1,0,0,1,0,0,1,3,0,0,0,1,4
5251,33,2,0.380203299,0,14217,1,0,0,1,1,0,0,0,0,1,3,3,4,4,2,1,1,4,4,1,2,2,2,2,2,2,2,2,4,3,4,-0.545429371,-0.550205139,0.831498775,0,1,0,0,2,0,0,1,0,0,2,0,4,1,0,1,0,1,2,0,0,0,1,0,0,-9,0,0,0,1,3,0,0,1,3,0,1,0,2,0,0,1,3,1,0,0,1,0,0,0,1,4
5252,31,2,0.803052441,0,8083,0,1,0,2,0,1,0,0,0,2,4,3,5,5,5,5,5,5,5,5,2,2,2,2,2,2,2,2,3,3,3,1.285086168,1.180965089,0.565602376,0,0,1,0,3,1,1,1,0,0,2,0,4,0,1,2,0,0,3,1,0,0,0,1,0,-9,0,0,1,0,2,0,1,0,2,1,0,0,1,0,1,0,2,0,1,0,2,0,0,1,0,3
5253,33,2,0.043955096,0,11210,1,0,0,2,0,1,0,0,0,3,4,3,4,5,2,2,2,4,4,3,1,1,3,1,1,2,1,3,3,3,4,0.063669848,0.049824501,0.141429581,0,1,0,0,2,1,1,0,1,0,2,0,2,1,0,1,1,0,1,0,0,0,0,0,0,1,1,0,0,1,3,0,0,1,3,1,0,0,1,1,0,0,1,0,0,1,3,0,0,0,1,4
5254,22,2,0.779446781,0,2721,1,0,0,1,1,0,0,0,0,1,2,4,1,1,1,4,1,1,4,4,2,2,2,2,2,2,2,2,3,3,3,1.056190508,-0.230875451,0.158513946,0,1,0,0,2,0,0,1,0,0,2,0,4,0,1,2,0,0,3,1,0,0,0,0,0,1,1,0,0,1,3,0,0,1,3,0,0,1,3,0,1,0,2,1,0,0,1,0,0,0,1,4
5259,39,2,1.006121277,0,15501,0,1,0,4,0,0,0,1,0,3,4,4,4,5,4,4,4,4,4,3,2,2,2,2,2,2,2,2,3,3,3,0.73755963,1.352543513,0.630637739,0,1,0,0,2,1,1,1,0,0,2,0,4,0,0,3,0,0,3,1,0,0,0,1,0,-9,0,1,0,0,1,0,1,0,2,0,1,0,2,0,1,0,2,1,0,0,1,1,0,0,0,1
5260,33,2,1.858841679,0,11237,1,0,0,5,0,0,0,0,1,1,5,5,5,5,5,5,5,4,4,4,1,1,3,1,1,3,3,3,2,1,2,0.732356119,0.978318593,1.200879772,0,0,0,0,1,0,1,1,0,0,2,0,4,0,0,3,0,0,3,1,1,1,0,0,0,-9,0,0,0,1,3,0,0,1,3,1,0,0,1,0,1,0,2,0,0,1,3,0,0,0,1,4
5265,33,2,0.272787426,0,10467,1,0,0,3,0,0,1,0,0,1,3,5,4,2,2,2,2,3,3,3,1,3,2,2,1,2,1,3,2,4,2,-1.335476975,0.789303006,1.104697531,0,1,0,0,2,0,0,0,1,0,2,0,2,1,0,1,1,0,1,0,1,1,0,0,0,-9,0,0,0,1,3,0,0,1,3,1,0,0,1,1,0,0,1,0,0,1,3,0,0,1,0,3
5266,33,2,0.335860994,0,13618,0,0,1,1,1,0,0,0,0,1,5,0,5,3,1,1,1,3,3,1,2,2,2,2,2,2,2,2,3,3,4,-0.861332047,-0.341451642,1.516356248,0,0,0,0,1,0,0,1,0,0,2,0,4,1,0,1,0,0,3,1,0,0,1,1,0,-9,0,0,0,0,0,0,0,0,0,0,0,0,0,0,0,0,0,0,0,0,0,0,0,0,0,0
5269,33,3,0.585918761,0,14303,1,0,0,5,0,0,0,0,1,2,3,5,3,3,3,5,5,5,5,5,2,2,2,2,2,2,2,2,2,2,2,1.07718074,1.819607054,1.038730842,0,0,1,0,3,0,0,1,0,0,1,1,1,0,1,2,0,1,2,0,0,0,0,1,0,1,1,0,1,0,2,0,0,1,3,0,1,0,2,1,0,0,1,1,0,0,1,0,0,0,1,4
5270,36,2,3.59225193,0,44224,0,1,0,2,0,1,0,0,0,3,3,3,3,4,2,1,2,4,4,2,1,1,1,1,2,3,2,3,2,3,4,-1.690087926,0.272223542,-1.976402848,0,0,1,0,3,0,1,1,0,0,2,0,4,0,0,3,0,0,3,1,0,0,0,1,0,-9,0,1,0,0,1,1,0,0,1,1,0,0,1,0,1,0,2,1,0,0,1,1,0,0,0,1
5274,33,2,1.958086624,0,11803,1,0,0,3,0,0,1,0,0,1,4,5,3,4,4,3,1,5,4,5,2,2,2,2,2,2,2,1,3,3,3,1.122103362,1.465400162,0.788874879,0,1,0,0,2,0,1,1,0,0,1,1,1,0,0,3,0,1,2,1,0,0,0,1,0,-9,0,0,0,1,3,0,0,1,3,0,0,1,3,1,0,0,1,1,0,0,1,0,0,0,1,4
5278,10,4,0.248446662,0,32189,0,1,0,1,1,0,0,0,0,1,6,3,3,3,3,3,3,3,3,3,2,2,2,2,2,2,2,2,3,3,3,0.334374876,-0.740038029,-0.884810958,1,1,0,0,2,0,0,1,0,0,2,0,4,1,0,1,0,0,3,0,0,0,0,0,0,1,1,1,0,0,1,1,0,0,1,0,1,0,2,1,0,0,1,1,0,0,1,1,0,0,0,1
5279,39,4,0.518847464,0,17772,0,1,0,2,0,1,0,0,0,2,3,2,4,5,1,3,1,4,3,4,2,2,2,2,2,2,2,2,3,3,3,0.999992515,-0.820779426,-0.300433557,1,1,0,0,2,1,1,1,0,0,2,0,4,0,1,2,0,0,3,1,0,0,0,1,0,-9,0,1,0,0,1,1,0,0,1,1,0,0,1,0,0,1,3,1,0,0,1,1,0,0,0,1
5280,33,2,0.113873486,0,10606,1,0,0,2,0,1,0,0,0,2,1,4,2,5,3,1,1,5,5,4,1,1,1,1,1,2,2,2,1,3,3,0.527579613,-0.609132708,-0.704421597,1,0,1,0,3,0,1,1,0,0,2,0,4,1,0,1,0,0,3,0,1,0,0,0,0,1,1,0,0,1,3,0,0,1,3,0,1,0,2,0,1,0,2,0,0,1,3,0,0,0,1,4
5281,1,2,0.951097522,0,36606,0,1,0,1,1,0,0,0,0,1,5,0,5,5,1,1,1,1,4,1,3,2,3,2,2,2,2,2,3,3,2,0.350644497,0.771379445,0.88035286,1,0,0,0,1,0,0,0,0,1,1,1,1,0,1,2,0,0,3,1,0,1,1,0,0,1,1,0,1,0,2,0,0,1,3,0,0,1,3,0,0,1,3,1,0,0,1,0,1,0,0,2
5285,10,2,7.052656891,0,34275,0,1,0,4,0,0,0,1,0,4,5,5,2,5,1,3,1,5,3,3,1,1,1,1,1,1,1,1,1,1,1,0.994248401,-1.444881331,1.429095413,1,0,1,0,3,0,1,1,0,0,2,0,4,0,0,3,1,0,1,0,0,0,1,1,0,-9,0,1,0,0,1,1,0,0,1,0,0,1,3,0,0,1,3,1,0,0,1,0,1,0,0,2
5288,36,2,0.763541146,0,44302,1,0,0,2,0,1,0,0,0,2,4,3,4,3,3,1,1,1,1,1,2,2,1,2,1,1,3,3,1,1,1,-1.270795422,-0.137132631,-0.911662156,0,1,0,0,2,0,0,0,1,0,2,0,2,1,0,1,1,0,1,0,0,0,1,0,1,-9,0,0,0,1,3,0,0,1,3,1,0,0,1,1,0,0,1,1,0,0,1,0,1,0,0,2
5292,36,2,0.574683834,0,43938,0,1,0,4,0,0,0,1,0,4,4,5,4,2,1,1,1,1,1,3,3,3,1,3,3,2,2,1,4,2,4,1.046173916,-2.625564683,0.457347038,1,1,0,0,2,0,0,1,0,0,2,0,4,1,0,1,0,1,2,0,0,0,1,1,0,-9,0,1,0,0,1,1,0,0,1,0,0,1,3,1,0,0,1,1,0,0,1,1,0,0,0,1
5294,50,2,0.40125643,0,25703,1,0,0,2,0,1,0,0,0,2,4,2,2,3,4,4,3,4,5,5,2,2,3,3,2,2,2,2,2,2,2,0.379540623,0.523201481,-0.160422673,0,1,0,0,2,1,1,1,0,0,2,0,4,0,1,2,0,0,3,1,0,0,1,0,0,-9,0,0,0,1,3,0,0,1,3,0,1,0,2,1,0,0,1,1,0,0,1,0,0,1,0,3
5296,15,4,0.111863708,0,46806,0,1,0,4,0,0,0,1,0,2,5,3,2,5,1,2,1,4,4,4,1,1,1,1,1,3,3,3,1,2,3,0.255389945,0.7634625,0.887307232,1,0,1,0,3,0,0,1,0,0,2,0,4,1,0,1,0,0,3,1,1,0,0,1,1,-9,0,0,1,0,2,1,0,0,1,1,0,0,1,1,0,0,1,1,0,0,1,0,0,1,0,3
5297,11,2,2.928119856,0,30068,0,1,0,3,0,0,1,0,0,3,4,3,1,4,1,1,4,4,5,3,2,2,2,2,2,2,2,1,3,2,3,0.942086521,0.857013201,-1.028213958,1,1,0,0,2,1,1,1,0,0,2,0,4,0,0,3,0,0,3,1,0,0,0,1,0,-9,0,0,1,0,2,0,1,0,2,1,0,0,1,0,0,1,3,1,0,0,1,1,0,0,0,1
5302,44,2,0.880911003,0,38305,0,1,0,1,1,0,0,0,0,1,6,2,4,5,2,3,2,4,5,4,2,2,3,2,2,2,2,2,1,2,3,1.193513099,-0.870596848,-0.077770276,1,0,1,0,3,0,0,1,0,0,2,0,4,1,0,1,1,0,1,0,0,0,1,1,0,-9,0,1,0,0,1,0,1,0,2,0,1,0,2,0,0,1,3,1,0,0,1,1,0,0,0,1
5306,14,1,1.23567299,0,61610,0,1,0,3,0,0,1,0,0,2,5,1,4,3,1,3,2,5,4,4,2,3,2,2,3,2,2,1,2,2,3,-0.57036711,-0.789396507,-0.691344946,0,1,0,0,2,0,0,1,0,0,2,0,4,0,1,2,0,1,2,0,0,0,1,1,0,-9,0,1,0,0,1,1,0,0,1,0,1,0,2,0,1,0,2,1,0,0,1,1,0,0,0,1
5307,39,2,0.145195352,0,19335,0,1,0,1,1,0,0,0,0,1,4,1,4,4,2,4,3,3,4,3,3,1,2,2,2,2,2,2,3,3,3,-0.472676469,0.607985288,-0.512363603,1,1,0,0,2,1,1,1,0,0,2,0,4,1,0,1,1,0,1,0,0,0,1,0,0,-9,0,1,0,0,1,0,1,0,2,0,1,0,2,0,0,1,3,0,1,0,2,0,1,0,0,2
5310,36,4,0.24325806,0,44320,0,1,0,3,0,0,1,0,0,2,4,3,4,5,1,3,1,5,5,5,2,2,2,2,2,2,2,2,2,3,4,0.154518572,0.448120296,1.016453541,1,1,0,0,2,0,0,0,1,0,2,0,2,1,0,1,0,0,3,1,1,0,0,0,0,-9,0,0,1,0,2,1,0,0,1,0,1,0,2,0,0,1,3,1,0,0,1,1,0,0,0,1
5311,36,2,2.395960101,0,44107,1,0,0,4,0,0,0,1,0,4,3,5,2,1,1,5,1,3,4,1,2,2,1,1,3,3,2,1,2,3,4,-1.858237349,0.208244742,0.683166262,1,0,0,0,1,1,1,1,1,0,2,0,2,0,1,2,1,0,1,0,0,0,1,0,0,-9,0,0,0,1,3,0,0,1,3,1,0,0,1,0,0,1,3,0,1,0,2,0,0,0,1,4
5312,45,2,3.301964635,0,76226,0,1,0,4,0,0,0,1,0,3,4,3,4,5,5,5,3,5,5,5,2,2,3,2,2,1,1,3,2,2,2,1.146259068,0.491058773,0.793375467,1,1,0,0,2,1,1,0,0,1,2,0,3,0,0,3,0,1,2,0,0,0,0,1,0,-9,0,1,0,0,1,0,1,0,2,0,1,0,2,0,1,0,2,1,0,0,1,0,1,0,0,2
5313,26,2,0.836020898,0,63112,1,0,0,3,0,0,1,0,0,3,5,3,5,3,4,4,1,3,4,4,2,2,2,2,2,2,2,2,3,3,3,0.526512104,1.747840938,0.386836689,1,1,0,0,2,0,0,0,1,0,2,0,2,0,1,2,0,1,2,0,0,0,1,1,0,-9,0,0,0,1,3,0,1,0,2,0,1,0,2,0,1,0,2,0,0,1,3,0,0,1,0,3
5314,33,2,2.291903991,0,10314,1,0,0,4,0,0,0,1,0,2,5,3,4,5,2,4,5,5,5,5,1,1,1,1,2,2,1,2,3,3,3,-0.653468345,1.145304242,1.148550707,1,1,0,0,2,0,1,1,0,0,2,0,4,0,0,3,0,0,3,0,0,0,0,1,0,1,1,0,0,1,3,0,0,1,3,0,0,1,3,0,1,0,2,0,1,0,2,0,0,0,1,4
5315,37,4,0.659833414,0,73023,1,0,0,4,0,0,0,1,0,3,5,4,4,4,1,4,1,4,3,2,1,2,2,2,2,2,2,2,3,3,3,0.449811205,-0.270762844,-0.358676869,1,1,0,0,2,0,0,1,0,0,2,0,4,0,1,2,0,0,3,1,0,0,0,0,0,1,1,0,0,0,0,0,0,0,0,0,0,0,0,0,0,0,0,0,0,0,0,0,0,0,0,0
5316,10,4,0.165685378,0,33896,0,1,0,3,0,0,1,0,0,3,3,2,4,4,1,1,1,1,1,1,2,2,2,2,2,2,2,2,3,4,4,-1.497028114,-0.339406285,-0.439701064,0,1,0,0,2,0,0,1,0,0,2,0,4,1,0,1,0,0,3,0,0,0,0,0,0,-9,0,1,0,0,1,1,0,0,1,0,0,1,3,0,0,1,3,1,0,0,1,1,0,0,0,1
5317,36,1,4.702046396,0,45036,0,1,0,4,0,0,0,1,0,3,2,4,4,1,2,5,5,4,4,2,3,3,1,1,3,3,3,1,2,2,4,-0.516965064,0.420557152,-0.257502875,0,1,0,0,2,0,0,1,0,0,2,0,4,0,0,3,0,0,3,0,1,0,1,1,0,-9,0,1,0,0,1,0,1,0,2,0,1,0,2,0,0,1,3,1,0,0,1,1,0,0,0,1
5320,36,2,0.156683926,0,43211,0,1,0,5,0,0,0,0,1,4,4,2,2,3,2,4,4,3,5,5,2,1,2,3,2,2,2,2,2,2,2,0.284829059,0.669708979,-0.540341254,1,0,0,0,1,0,0,0,1,0,2,0,2,1,0,1,0,1,2,0,0,0,0,0,0,-9,0,0,0,1,3,0,1,0,2,0,1,0,2,1,0,0,1,1,0,0,1,0,0,1,0,3
5325,19,2,0.904591338,0,70506,0,1,0,1,1,0,0,0,0,1,4,3,3,5,2,3,3,5,4,4,2,2,2,2,2,2,2,2,3,3,4,-0.146301442,-0.142527766,0.611447236,0,0,0,0,1,1,1,0,1,0,2,0,2,0,1,2,0,0,3,1,0,0,1,1,0,-9,0,0,1,0,2,0,0,1,3,0,1,0,2,0,1,0,2,1,0,0,1,0,1,0,0,2
5326,34,1,1.498508711,0,27410,0,1,0,4,0,0,0,1,0,2,4,4,2,2,1,1,1,4,5,4,2,2,3,3,3,2,2,1,4,2,2,0.385084513,-1.711325554,1.689628926,1,0,0,0,1,0,0,1,0,0,2,0,4,0,1,2,0,0,3,0,0,0,1,1,0,-9,0,0,1,0,2,0,1,0,2,0,1,0,2,0,1,0,2,1,0,0,1,1,0,0,0,1
5328,21,3,0.855139985,0,21201,1,0,0,2,0,1,0,0,0,3,3,3,3,2,2,1,1,4,3,3,1,1,3,2,2,2,3,3,3,2,3,-1.182098789,0.31802373,-2.493588807,0,1,0,0,2,0,0,0,1,0,2,0,2,0,1,2,0,0,3,1,1,0,0,0,0,-9,0,0,0,1,3,0,0,1,3,0,0,1,3,0,1,0,2,0,0,1,3,0,0,0,1,4
5329,3,2,6.08E-08,0,86005,0,1,0,4,0,0,0,1,0,2,5,3,5,5,1,3,1,3,3,2,2,2,2,2,2,2,2,3,4,2,4,-1.092242307,-0.715734494,0.117249382,1,0,0,0,1,0,0,1,0,0,2,0,4,1,0,1,0,0,3,0,0,0,1,0,0,0,0,1,0,0,1,1,0,0,1,0,0,1,3,1,0,0,1,1,0,0,1,1,0,0,0,1
5333,33,2,0.806111829,0,12043,0,1,0,2,0,1,0,0,0,1,6,3,3,3,3,4,3,3,3,4,1,1,1,1,2,2,2,2,3,3,3,-0.211032881,1.243882147,-0.420131266,1,0,0,0,1,0,0,1,0,0,2,0,4,0,1,2,0,0,3,1,0,0,0,1,0,-9,0,1,0,0,1,0,1,0,2,1,0,0,1,0,0,1,3,1,0,0,1,1,0,0,0,1
5336,19,4,0.417000674,0,70403,0,1,0,5,0,0,0,0,1,1,5,5,5,4,5,4,5,3,4,4,3,2,3,2,3,2,3,2,2,3,2,0.082740107,0.610313427,0.863983279,0,0,0,0,1,0,0,0,1,0,2,0,2,1,0,1,0,0,3,1,0,0,0,0,0,-9,0,1,0,0,1,0,0,1,3,0,1,0,2,0,1,0,2,1,0,0,1,0,1,0,0,2
5337,33,2,1.341673648,0,10029,1,0,0,5,0,0,0,0,1,1,5,5,5,5,5,4,4,5,5,4,3,3,3,3,3,1,3,3,2,3,2,0.444152752,1.253774769,1.153167447,0,0,0,0,1,1,1,1,0,0,2,0,4,0,0,3,1,0,1,0,0,0,0,1,0,-9,0,0,0,1,3,0,0,1,3,0,0,1,3,0,0,1,3,0,0,1,3,0,0,1,0,3
5338,39,2,1.231730199,0,15206,1,0,0,3,0,0,1,0,0,3,3,3,5,3,4,3,3,3,3,3,2,2,2,2,2,2,2,2,3,3,3,0.44789165,0.770853263,-0.417463038,1,1,0,0,2,1,1,1,0,0,2,0,4,0,0,3,0,0,3,1,0,0,1,1,0,1,1,0,0,1,3,0,0,1,3,0,1,0,2,1,0,0,1,0,0,1,3,0,0,0,1,4
5341,22,1,6.914815531,0,1420,0,1,0,3,0,0,1,0,0,4,5,4,1,2,3,4,5,4,3,2,2,3,1,1,3,2,3,1,1,2,3,-0.796818175,0.554522245,-0.941697166,0,0,0,0,1,0,0,1,0,0,2,0,4,0,0,3,0,0,3,0,0,0,0,1,0,-9,0,0,1,0,2,0,1,0,2,1,0,0,1,0,1,0,2,0,0,1,3,0,0,1,0,3
5342,36,4,0.333751367,0,45239,0,1,0,5,0,0,0,0,1,4,1,2,1,2,1,5,1,5,5,3,1,1,3,1,1,1,1,3,2,2,2,-0.305871305,-0.918932784,1.597169139,1,1,0,0,2,0,0,0,1,0,2,0,2,1,0,1,0,1,2,0,1,0,0,1,0,-9,0,0,1,0,2,0,1,0,2,0,1,0,2,0,0,1,3,1,0,0,1,0,0,1,0,3
5343,18,2,0.221143184,0,40351,0,0,1,3,0,0,1,0,0,3,4,3,2,4,4,4,3,5,5,5,1,3,2,2,2,2,2,3,2,2,2,0.41484735,-0.419111408,-0.113211479,1,1,0,0,2,0,0,1,0,0,2,0,4,1,0,1,0,0,3,1,0,0,0,1,0,-9,0,1,0,0,1,1,0,0,1,1,0,0,1,1,0,0,1,1,0,0,1,1,0,0,0,1
5347,10,2,5.417767066,1,32836,0,1,0,3,0,0,1,0,0,3,4,3,3,4,4,4,4,5,5,4,2,2,2,2,2,2,2,2,3,3,3,0.8903751,0.487383011,-0.021087946,1,0,0,0,1,1,1,1,0,0,1,1,1,0,0,3,0,0,3,1,0,1,1,1,0,-9,0,1,0,0,1,1,0,0,1,0,0,1,3,0,0,1,3,1,0,0,1,1,0,0,0,1
5351,36,2,0.335834833,0,44707,0,1,0,4,0,0,0,1,0,1,5,4,2,5,3,4,3,4,5,5,1,1,1,1,1,1,1,1,1,1,1,0.572323037,1.546078539,0.598927219,0,1,0,0,2,0,0,1,0,0,2,0,4,1,0,1,0,0,3,0,0,0,1,1,0,1,1,1,0,0,1,0,1,0,2,0,0,1,3,0,0,1,3,1,0,0,1,0,1,0,0,2
5352,9,2,0.285368106,0,20011,1,0,0,4,0,0,0,1,0,1,4,4,4,5,3,4,4,2,5,4,1,1,3,3,3,2,2,3,1,2,2,-0.666740545,1.518515679,-0.601980827,0,0,0,0,1,1,1,0,1,0,2,0,2,0,1,2,0,0,3,1,0,1,1,1,1,-9,0,0,0,1,3,0,0,1,3,1,0,0,1,0,1,0,2,0,0,1,3,0,0,0,1,4
5353,10,2,0.385052859,0,34471,0,1,0,3,0,0,1,0,0,3,5,4,2,4,2,5,2,5,5,3,1,1,1,1,3,1,1,2,2,2,3,-0.020000165,-1.023551313,0.688252959,0,0,0,0,1,0,0,1,0,0,2,0,4,1,0,1,0,1,2,1,0,0,1,1,0,-9,0,1,0,0,1,0,0,1,3,0,1,0,2,0,1,0,2,1,0,0,1,0,0,1,0,3
5354,36,2,1.901049271,0,45201,1,0,0,3,0,0,1,0,0,1,4,2,5,2,1,1,1,1,5,2,2,2,2,2,2,2,2,2,3,3,3,1.003232454,0.451442919,-0.125961272,1,0,0,0,1,0,0,1,0,0,2,0,4,0,1,2,0,0,3,1,0,0,0,1,0,1,1,0,0,0,0,0,0,0,0,0,0,0,0,0,0,0,0,0,0,0,0,0,0,0,0,0
5356,45,1,0.518497696,1,75102,0,0,1,4,0,0,0,1,0,2,6,3,1,5,3,5,5,5,5,5,2,2,2,2,2,2,2,2,3,3,3,0.900249809,0.417279417,0.955943254,1,1,0,0,2,0,0,1,0,0,2,0,4,0,1,2,0,0,3,1,0,0,0,0,0,1,1,1,0,0,1,1,0,0,1,0,1,0,2,1,0,0,1,1,0,0,1,1,0,0,0,1
5357,31,2,0.426871045,0,8104,1,0,0,2,0,1,0,0,0,1,4,3,3,4,1,3,2,4,5,5,2,3,2,2,2,3,3,2,3,2,3,0.721028143,1.648263146,0.408150664,1,0,0,0,1,1,1,0,1,0,2,0,2,0,1,2,0,0,3,1,0,0,0,1,0,-9,0,0,0,1,3,0,1,0,2,0,0,1,3,1,0,0,1,0,1,0,2,0,0,0,1,4
5360,42,2,4.045660899,0,29520,0,0,1,1,1,0,0,0,0,2,5,5,3,3,1,1,1,4,3,3,1,1,1,1,1,1,2,3,4,2,4,0.074447346,-0.731062733,0.481420125,1,0,0,0,1,0,1,0,0,1,2,0,3,0,0,3,0,1,2,0,0,0,1,1,0,-9,0,1,0,0,1,1,0,0,1,1,0,0,1,1,0,0,1,1,0,0,1,1,0,0,0,1
5361,11,2,2.947668502,0,30324,0,1,0,5,0,0,0,0,1,3,5,5,4,3,4,4,4,3,4,4,2,3,2,3,2,2,3,2,3,2,3,-0.253510702,-0.08073108,-0.269082888,0,1,0,0,2,0,0,1,0,0,2,0,4,0,1,2,1,0,1,0,0,0,0,1,0,-9,0,0,1,0,2,0,0,1,3,0,0,1,3,0,0,1,3,1,0,0,1,0,0,0,1,4
5368,33,2,0.821943436,0,10469,1,0,0,2,0,1,0,0,0,1,1,3,4,1,1,1,1,1,1,4,2,3,2,3,3,2,3,1,2,2,2,0.469662245,0.740844105,0.449870095,0,0,0,0,1,1,1,0,1,0,2,0,2,0,0,3,0,0,3,1,0,0,0,1,0,-9,0,0,0,1,3,0,0,1,3,1,0,0,1,1,0,0,1,0,0,1,3,0,0,0,1,4
5369,1,2,0.983336649,0,36206,0,1,0,5,0,0,0,0,1,1,3,2,5,3,3,3,1,5,4,4,2,2,2,2,2,2,2,2,3,3,3,0.344914647,1.300101992,0.390968065,0,0,0,0,1,0,0,0,0,1,2,0,3,1,0,1,0,1,2,1,0,0,1,1,0,-9,0,1,0,0,1,1,0,0,1,0,0,1,3,1,0,0,1,1,0,0,1,1,0,0,0,1
5370,25,2,1.531119481,0,39631,0,0,1,5,0,0,0,0,1,2,5,3,1,5,1,1,5,5,5,1,2,2,2,2,1,3,2,3,4,4,4,-0.062846901,-1.233715106,1.18965154,1,1,0,0,2,0,0,0,1,0,1,1,1,1,0,1,0,1,2,1,0,0,0,1,1,1,1,1,0,0,1,1,0,0,1,1,0,0,1,0,1,0,2,1,0,0,1,1,0,0,0,1
5372,15,2,0.444706534,0,46067,0,0,1,4,0,0,0,1,0,3,4,3,2,3,2,4,4,2,3,1,1,1,1,1,2,2,1,1,4,4,1,-0.057161473,-0.092908757,-1.779027795,1,1,0,0,2,0,0,1,0,0,2,0,4,1,0,1,0,0,3,1,0,0,1,1,0,-9,0,0,0,0,0,0,0,0,0,0,0,0,0,0,0,0,0,0,0,0,0,0,0,0,0,0
5373,11,2,2.432606897,0,30180,0,1,0,5,0,0,0,0,1,3,5,5,1,5,1,1,1,2,4,3,1,3,2,2,2,1,1,2,3,3,1,-0.71495447,0.517619023,1.092690185,1,0,0,0,1,0,0,1,0,0,2,0,4,0,1,2,0,1,2,0,1,0,0,1,0,-9,0,1,0,0,1,1,0,0,1,0,1,0,2,0,1,0,2,1,0,0,1,1,0,0,0,1
5374,51,2,0.711556772,0,53081,0,1,0,2,0,1,0,0,0,3,2,3,3,3,3,3,3,3,3,3,2,2,2,2,2,2,2,2,3,3,3,-0.873277556,0.654720175,-0.458893477,0,1,0,0,2,0,0,0,1,0,2,0,2,0,1,2,0,1,2,1,0,1,0,0,0,-9,0,0,1,0,2,0,0,1,3,0,1,0,2,0,0,1,3,1,0,0,1,0,1,0,0,2
5375,19,3,0.177902106,0,70071,0,1,0,2,0,1,0,0,0,2,3,4,2,2,1,4,5,3,3,2,1,3,2,2,3,3,2,2,3,3,2,-1.184127015,0.777306227,-0.796462572,1,0,0,0,1,0,0,0,1,0,2,0,2,1,0,1,0,0,3,0,0,0,0,0,0,-9,0,1,0,0,1,0,1,0,2,0,1,0,2,0,0,1,3,1,0,0,1,1,0,0,0,1
5377,11,4,0.656663772,0,30904,0,1,0,3,0,0,1,0,0,2,3,3,3,3,3,3,3,5,3,3,2,2,2,2,2,2,2,2,4,3,3,-0.972371936,-0.458067058,0.195212813,0,1,0,0,2,0,0,1,0,0,2,0,4,1,0,1,0,0,3,1,0,0,0,1,1,1,1,0,1,0,2,0,1,0,2,0,1,0,2,0,0,1,3,1,0,0,1,0,1,0,0,2
5379,10,2,0.712030116,1,33018,1,0,0,4,0,0,0,1,0,1,5,4,4,5,4,4,3,4,5,4,2,3,3,2,3,3,2,2,4,3,2,0.665309544,0.927163516,0.679745454,0,0,0,0,1,0,0,0,1,0,2,0,2,1,0,1,1,0,1,0,0,0,1,0,0,1,1,0,0,1,3,0,0,1,3,0,0,1,3,0,0,1,3,1,0,0,1,0,0,0,1,4
5383,11,2,1.619577484,0,31082,0,1,0,1,1,0,0,0,0,1,3,3,3,3,3,4,3,4,4,5,1,1,3,3,3,1,1,1,2,2,2,0.22805341,1.04166514,0.64835864,1,1,0,0,2,0,0,1,0,0,2,0,4,0,1,2,0,1,2,0,0,0,1,1,0,-9,0,1,0,0,1,1,0,0,1,0,1,0,2,0,1,0,2,1,0,0,1,1,0,0,0,1
5389,11,2,1.73271214,0,30016,0,1,0,4,0,0,0,1,0,3,4,3,4,5,4,3,4,4,5,4,3,2,3,2,2,3,3,2,2,2,3,1.01705502,-0.028103871,-0.562017235,1,0,0,0,1,1,1,0,1,0,2,0,2,0,1,2,0,0,3,1,0,0,1,1,0,-9,0,1,0,0,1,1,0,0,1,1,0,0,1,0,0,1,3,1,0,0,1,1,0,0,0,1
5392,33,2,0.659287371,0,14305,0,1,0,4,0,0,0,1,0,2,3,3,4,5,1,2,2,5,5,4,2,2,3,2,2,1,2,3,2,2,3,0.861699404,0.074343411,-0.230384471,0,0,0,0,1,0,0,1,0,0,2,0,4,0,1,2,0,0,3,1,0,1,0,0,0,-9,0,0,1,0,2,1,0,0,1,0,1,0,2,1,0,0,1,1,0,0,1,0,0,1,0,3
5393,11,2,1.678369534,0,31322,0,1,0,5,0,0,0,0,1,3,5,5,1,1,2,3,2,3,2,2,2,3,1,1,3,3,3,1,2,2,3,-2.019099457,0.611220417,1.255491884,0,1,0,0,2,0,0,1,0,0,2,0,4,0,0,3,0,1,2,1,0,0,0,1,0,-9,0,1,0,0,1,1,0,0,1,0,1,0,2,1,0,0,1,1,0,0,1,1,0,0,0,1
5394,23,2,0.338965339,0,48174,0,1,0,3,0,0,1,0,0,3,3,4,3,4,3,4,3,4,3,3,2,2,2,2,2,3,2,2,3,3,3,-0.261471522,0.655228308,-0.881774822,1,1,0,0,2,0,0,0,1,0,2,0,2,0,1,2,0,0,3,1,0,0,1,0,0,-9,0,1,0,0,1,1,0,0,1,0,0,1,3,0,0,1,3,1,0,0,1,1,0,0,0,1
5400,28,2,2.618192934,0,68105,1,0,0,2,0,1,0,0,0,2,4,2,4,2,1,1,1,4,5,4,2,3,3,3,2,2,2,1,3,2,3,0.295404942,-0.564988684,-1.178495032,1,0,0,0,1,0,0,1,0,0,2,0,4,0,1,2,0,1,2,0,1,0,1,1,0,-9,0,0,0,1,3,0,0,1,3,0,0,1,3,1,0,0,1,1,0,0,1,0,0,0,1,4
5401,45,2,2.096187223,1,77505,0,1,0,5,0,0,0,0,1,3,5,5,1,5,5,5,5,5,5,5,2,2,2,2,2,2,2,2,3,3,3,-0.623542144,1.140477667,-0.028136383,1,1,0,0,2,0,0,1,0,0,2,0,4,0,0,3,0,0,3,1,0,0,1,1,0,-9,0,0,1,0,2,0,1,0,2,0,0,1,3,0,1,0,2,1,0,0,1,0,1,0,0,2
5402,10,2,0.293940195,1,33004,0,1,0,3,0,0,1,0,0,2,5,2,5,3,1,4,4,5,4,3,2,3,2,3,3,2,2,1,3,2,4,-1.308530159,0.35731281,0.146537781,0,0,0,0,1,0,0,0,1,0,2,0,2,1,0,1,0,1,2,0,0,0,0,1,0,-9,0,0,1,0,2,0,0,1,3,0,0,1,3,0,1,0,2,0,1,0,2,0,0,0,1,4
5403,17,2,0.103070123,0,66202,0,1,0,3,0,0,1,0,0,3,3,3,3,4,4,3,4,4,3,3,2,2,3,2,2,2,2,2,3,3,3,-0.005990704,0.689808906,-0.770267527,0,1,0,0,2,1,1,0,1,0,2,0,2,1,0,1,0,0,3,1,0,0,1,1,0,1,1,0,1,0,2,0,0,1,3,0,0,1,3,1,0,0,1,1,0,0,1,0,0,1,0,3
5404,11,2,0.55899082,0,30084,0,1,0,3,0,0,1,0,0,2,1,1,3,5,3,2,3,5,4,5,2,1,3,3,3,2,3,1,3,2,1,0.10814383,0.755705847,0.327906753,1,0,0,0,1,0,0,0,1,0,2,0,2,0,1,2,0,0,3,1,0,0,0,0,0,-9,0,0,1,0,2,0,1,0,2,0,0,1,3,0,1,0,2,1,0,0,1,0,0,1,0,3
5405,11,3,0.511389719,0,30528,0,0,1,2,0,1,0,0,0,2,5,4,5,5,1,1,1,5,3,3,2,2,2,2,2,2,2,2,3,3,3,0.287021515,-1.408785741,-0.648595618,1,0,0,0,1,0,0,1,0,0,2,0,4,0,1,2,0,0,3,0,0,0,0,1,0,-9,0,1,0,0,1,1,0,0,1,0,1,0,2,0,1,0,2,1,0,0,1,1,0,0,0,1
5406,7,3,5.084674777,0,6854,1,0,0,1,1,0,0,0,0,3,5,5,4,5,5,1,1,5,5,5,2,2,2,2,2,2,2,2,3,2,2,0.011298353,0.830730791,0.290260957,1,0,0,0,1,0,0,0,0,1,1,1,1,1,0,1,0,0,3,1,0,0,0,0,0,-9,0,0,0,1,3,0,0,1,3,0,0,1,3,1,0,0,1,0,0,1,3,0,0,1,0,3
5407,21,2,0.731105935,0,20744,0,1,0,2,0,1,0,0,0,1,1,0,3,3,3,4,1,5,4,4,2,2,2,2,2,2,2,2,3,3,3,-0.073857462,1.198287002,0.424694146,0,1,0,0,2,0,0,0,1,0,2,0,2,0,1,2,0,0,3,1,0,0,1,1,0,-9,0,0,1,0,2,1,0,0,1,0,1,0,2,1,0,0,1,1,0,0,1,0,1,0,0,2
5410,18,2,0.313245904,0,41071,1,0,0,4,0,0,0,1,0,4,4,3,4,3,1,3,2,4,4,3,1,1,1,1,1,1,1,2,1,1,1,0.150215629,-0.467754212,-0.093951988,0,0,0,0,1,0,0,1,0,0,2,0,4,1,0,1,0,0,3,1,0,0,0,1,0,-9,0,0,0,1,3,0,0,1,3,0,0,1,3,0,0,1,3,0,1,0,2,0,0,0,1,4
5411,19,2,0.2876887,0,70754,0,0,1,3,0,0,1,0,0,1,5,3,4,4,1,2,1,3,3,1,2,2,2,2,2,2,2,2,4,4,4,-1.100734709,-1.64104971,0.274959628,1,0,0,0,1,0,0,1,0,0,2,0,4,1,0,1,0,0,3,1,0,0,0,0,0,-9,0,1,0,0,1,1,0,0,1,0,1,0,2,0,1,0,2,1,0,0,1,1,0,0,0,1
5412,23,2,0.772828527,0,48227,0,1,0,4,0,0,0,1,0,3,6,5,1,5,1,5,3,5,5,1,1,1,1,1,3,1,1,3,2,2,4,-0.577596633,0.832334425,-0.212242598,1,1,0,0,2,0,0,0,1,0,2,0,2,0,1,2,0,0,3,1,0,0,1,1,0,1,1,0,0,1,3,1,0,0,1,0,1,0,2,1,0,0,1,1,0,0,1,0,0,1,0,3
5415,21,2,0.782159934,0,21213,1,0,0,3,0,0,1,0,0,2,5,4,3,2,2,4,2,4,4,4,1,1,1,2,2,1,1,3,3,3,2,-0.087192968,-0.365352942,0.444421349,0,0,0,0,1,0,0,0,1,0,2,0,2,0,1,2,0,1,2,1,0,0,1,0,0,-9,0,0,0,1,3,0,1,0,2,1,0,0,1,1,0,0,1,0,1,0,2,0,0,0,1,4
5421,44,4,0.080142184,0,38108,0,1,0,3,0,0,1,0,0,3,3,3,3,3,3,3,1,3,4,4,2,2,2,2,2,2,2,2,3,3,3,0.012011932,0.910158971,0.447804295,0,1,0,0,2,0,0,0,1,0,2,0,2,1,0,1,1,0,1,0,0,0,0,0,0,-9,0,0,1,0,2,1,0,0,1,0,1,0,2,1,0,0,1,1,0,0,1,0,0,1,0,3
5422,33,2,0.448196553,0,12203,1,0,0,4,0,0,0,1,0,2,5,4,5,4,4,5,5,4,4,5,2,3,3,2,2,3,3,2,3,2,2,0.720336548,1.126253773,0.310157314,0,1,0,0,2,0,1,1,0,0,2,0,4,0,0,3,0,0,3,1,0,0,0,0,0,-9,0,0,0,1,3,0,0,1,3,0,0,1,3,0,1,0,2,1,0,0,1,0,0,1,0,3
5423,31,4,0.082205757,0,7501,1,0,0,1,1,0,0,0,0,1,5,1,5,5,3,2,2,3,3,3,2,2,2,2,2,2,2,3,4,3,4,-0.158699176,-1.574895237,0.412331417,0,1,0,0,2,0,0,1,0,0,2,0,4,1,0,1,0,1,2,0,0,0,0,0,0,-9,0,0,0,1,3,0,0,1,3,0,0,1,3,1,0,0,1,0,0,1,3,0,0,0,1,4
5429,33,1,22.75281203,0,10016,1,0,0,4,0,0,0,1,0,3,5,4,4,5,5,3,3,4,3,4,2,3,2,2,2,2,2,2,2,1,2,-0.261102534,1.596080558,-0.144117795,0,0,0,0,1,1,1,1,1,0,1,1,1,0,1,2,1,0,1,0,0,0,0,1,0,-9,0,0,0,1,3,0,0,1,3,0,0,1,3,0,0,1,3,0,0,1,3,0,0,0,1,4
5431,48,4,2.035983119,0,23703,0,1,0,3,0,0,1,0,0,2,3,4,3,3,3,3,3,3,3,3,2,2,2,2,2,2,2,2,3,3,3,0.343019956,0.363921264,0.673310016,0,0,0,0,1,0,0,0,1,0,2,0,2,0,1,2,0,0,3,1,0,0,0,0,0,1,1,0,1,0,2,1,0,0,1,0,0,1,3,1,0,0,1,1,0,0,1,0,1,0,0,2
5432,41,2,17.93720333,0,2907,1,0,0,3,0,0,1,0,0,2,3,0,5,5,3,4,1,3,4,3,2,1,2,2,2,2,2,3,2,2,4,-1.194966425,1.098102293,0.298301081,0,0,0,0,1,0,0,0,0,0,2,0,5,1,0,1,0,0,3,1,1,0,0,0,1,-9,0,0,0,1,3,0,0,1,3,0,1,0,2,0,0,1,3,1,0,0,1,0,0,0,1,4
5433,45,2,1.033975343,1,75227,0,1,0,4,0,0,0,1,0,1,5,4,5,4,5,4,4,4,4,5,3,3,3,3,3,3,3,3,2,2,2,0.411867386,1.451943404,0.896993416,0,0,0,0,1,0,0,0,1,0,2,0,2,0,1,2,0,0,3,1,1,1,0,1,0,-9,0,0,0,1,3,0,1,0,2,0,1,0,2,1,0,0,1,0,1,0,2,0,0,1,0,3
5434,51,3,0.273441291,0,53005,0,1,0,3,0,0,1,0,0,3,2,3,3,4,3,3,3,3,4,3,2,2,2,2,1,2,2,2,3,3,4,-0.14828022,-1.411911132,-1.441077157,0,0,0,0,1,0,0,1,0,0,2,0,4,1,0,1,0,0,3,1,0,0,0,1,0,-9,0,1,0,0,1,0,0,1,3,0,1,0,2,0,0,1,3,1,0,0,1,0,1,0,0,2
5435,19,2,0.732577431,0,71111,0,1,0,3,0,0,1,0,0,2,4,2,5,2,1,5,5,3,3,3,3,3,1,3,3,3,3,1,2,3,3,0.318965937,0.249830824,1.151061746,0,0,0,0,1,0,0,0,1,0,2,0,2,1,0,1,0,1,2,1,0,0,1,0,0,1,1,0,1,0,2,0,0,1,3,0,0,1,3,0,0,1,3,1,0,0,1,1,0,0,0,1
5436,45,2,0.479356141,1,77530,0,1,0,4,0,0,0,1,0,4,4,4,1,4,2,4,5,5,5,5,2,2,2,2,2,2,2,2,2,2,2,0.586553758,-0.496042867,-0.75765865,0,1,0,0,2,0,0,0,1,0,2,0,2,1,0,1,0,0,3,1,0,0,1,1,0,-9,0,0,1,0,2,0,1,0,2,0,0,1,3,1,0,0,1,1,0,0,1,1,0,0,0,1
5440,33,1,0.1916126,0,11203,1,0,0,4,0,0,0,1,0,2,3,2,4,5,5,1,1,5,5,5,1,1,1,3,1,3,3,3,2,1,1,-1.570601947,0.891221734,1.547835528,0,0,0,0,1,0,0,0,1,0,2,0,2,1,0,1,1,0,1,0,0,0,0,1,0,-9,0,0,0,1,3,0,0,1,3,1,0,0,1,1,0,0,1,0,0,1,3,0,0,0,1,4
5441,39,2,3.699654167,0,18109,0,1,0,2,0,1,0,0,0,2,2,2,5,2,2,4,2,4,4,4,2,2,3,3,2,1,2,2,2,2,2,0.313638166,-0.074138406,0.131516845,0,1,0,0,2,1,1,1,0,0,2,0,4,0,0,3,0,0,3,1,0,0,1,0,0,1,1,0,1,0,2,0,0,1,3,1,0,0,1,0,0,1,3,1,0,0,1,0,0,0,1,4
5443,19,2,1.792224365,0,70560,0,1,0,2,0,1,0,0,0,1,1,5,1,1,1,1,1,1,1,1,1,1,1,1,1,1,1,1,1,1,1,-0.727147697,0.354785151,-0.411959122,0,0,0,0,1,0,0,0,1,0,2,0,2,1,0,1,0,1,2,0,0,0,0,0,1,-9,0,0,1,0,2,0,1,0,2,1,0,0,1,1,0,0,1,1,0,0,1,1,0,0,0,1
5446,45,2,0.281731295,0,76853,0,0,1,4,0,0,0,1,0,4,4,4,2,3,3,4,4,4,4,3,3,1,3,3,3,1,1,1,2,2,4,0.177143641,0.79082656,-0.472114826,0,0,0,0,1,1,1,1,0,0,2,0,4,1,0,1,0,1,2,0,0,0,0,1,0,-9,0,1,0,0,1,1,0,0,1,0,1,0,2,0,1,0,2,1,0,0,1,1,0,0,0,1
5449,45,2,2.099833227,1,77078,0,1,0,4,0,0,0,1,0,2,3,5,4,4,5,5,4,5,5,5,3,3,3,3,3,3,3,3,2,2,2,1.25324985,1.355569333,1.02341003,0,0,0,0,1,0,1,0,1,0,2,0,2,0,0,3,0,0,3,1,0,0,0,0,0,-9,0,0,1,0,2,1,0,0,1,1,0,0,1,0,1,0,2,1,0,0,1,0,1,0,0,2
5451,50,2,1.827675822,0,26292,0,0,1,3,0,0,1,0,0,3,6,3,1,1,1,3,1,3,5,5,2,2,2,2,2,2,2,1,3,3,3,-1.937488505,1.18776204,0.094994143,0,0,0,0,1,0,0,1,0,0,2,0,4,1,0,1,0,0,3,1,1,0,1,1,0,-9,0,1,0,0,1,1,0,0,1,1,0,0,1,0,0,1,3,1,0,0,1,1,0,0,0,1
5452,7,2,0.23063516,0,6804,0,1,0,1,1,0,0,0,0,1,4,1,5,4,1,4,4,4,4,4,2,3,3,3,3,2,2,2,3,3,3,0.189241633,0.065357987,-0.259680533,0,1,0,0,2,0,1,1,0,0,2,0,4,0,1,2,0,1,2,0,0,0,0,1,0,-9,0,1,0,0,1,1,0,0,1,0,1,0,2,0,1,0,2,1,0,0,1,1,0,0,0,1
5453,23,2,0.844420826,0,48840,0,1,0,2,0,1,0,0,0,3,5,3,2,4,1,3,2,2,3,3,2,3,3,3,2,2,2,2,2,2,3,0.446809775,-1.229676573,0.558176188,0,0,0,0,1,1,1,1,0,0,2,0,4,0,1,2,0,1,2,0,0,0,0,1,0,-9,0,1,0,0,1,1,0,0,1,1,0,0,1,0,1,0,2,1,0,0,1,0,1,0,0,2
5454,33,3,0.121538173,0,11727,0,1,0,1,1,0,0,0,0,3,2,3,4,4,2,3,2,3,2,3,1,1,2,1,2,1,1,3,2,2,3,-0.446163555,0.296508821,-1.011549859,0,0,0,0,1,0,0,0,1,0,2,0,2,1,0,1,0,0,3,1,0,0,0,0,0,-9,0,0,1,0,2,1,0,0,1,0,1,0,2,1,0,0,1,1,0,0,1,1,0,0,0,1
5455,46,2,0.013248916,0,84333,0,0,1,2,0,1,0,0,0,2,5,4,4,5,4,3,5,4,3,5,3,2,3,1,2,3,2,3,2,2,2,0.100089731,1.104142703,0.279150391,0,1,0,0,2,0,0,1,0,0,2,0,4,1,0,1,0,0,3,0,0,0,0,0,0,1,1,1,0,0,1,1,0,0,1,1,0,0,1,0,0,1,3,1,0,0,1,1,0,0,0,1
5456,15,3,3.617694009,0,47112,0,0,1,3,0,0,1,0,0,3,5,3,4,1,1,1,1,1,1,1,1,1,2,2,2,2,2,2,1,3,3,-0.689424425,-0.019600905,-0.359583142,0,0,0,0,1,0,0,1,0,0,2,0,4,0,1,2,0,0,3,0,0,0,0,1,0,-9,0,1,0,0,1,1,0,0,1,0,1,0,2,1,0,0,1,1,0,0,1,1,0,0,0,1
5459,23,4,0.978855177,0,49441,0,1,0,3,0,0,1,0,0,2,2,2,4,3,2,3,4,5,4,4,1,1,3,1,3,3,2,3,3,2,3,-1.724020187,0.340418756,0.892960342,0,1,0,0,2,0,0,0,0,0,2,0,5,1,0,1,0,1,2,1,0,0,0,1,1,-9,0,0,1,0,2,0,1,0,2,1,0,0,1,0,1,0,2,1,0,0,1,0,1,0,0,2
5464,48,2,0.645014237,0,23220,1,0,0,4,0,0,0,1,0,2,6,5,2,5,3,4,4,5,4,4,1,1,1,1,2,1,1,2,2,2,2,-0.705845724,-0.146204945,1.211201319,0,0,0,0,1,0,0,0,1,0,2,0,2,1,0,1,1,0,1,0,0,0,1,0,0,-9,0,0,0,1,3,0,0,1,3,0,0,1,3,0,0,1,3,1,0,0,1,0,0,0,1,4
5470,45,2,2.405811409,0,79015,0,1,0,2,0,1,0,0,0,1,4,4,4,3,4,4,4,5,5,4,2,2,3,3,2,3,3,1,4,4,3,0.762499314,0.550871325,-0.035222345,0,1,0,0,2,0,0,1,0,0,2,0,4,0,1,2,1,0,1,0,0,0,0,1,0,0,0,1,0,0,1,0,1,0,2,0,1,0,2,0,1,0,2,1,0,0,1,1,0,0,0,1
5471,33,4,0.077506947,0,13905,1,0,0,4,0,0,0,1,0,2,4,4,4,4,4,4,4,4,4,4,3,3,3,3,3,3,3,3,2,2,2,-0.055758926,1.056876621,0.049304181,0,1,0,0,2,0,0,1,0,0,2,0,4,1,0,1,0,1,2,0,0,0,0,1,0,-9,0,0,0,1,3,0,0,1,3,0,1,0,2,0,1,0,2,1,0,0,1,0,1,0,0,2
5472,39,1,0.232674418,0,18020,0,1,0,1,1,0,0,0,0,2,5,3,2,4,4,4,4,4,2,2,1,1,2,3,3,3,1,2,2,2,2,-0.016043698,-0.09557563,0.457860246,0,0,0,0,1,0,0,0,1,0,1,1,1,1,0,1,0,0,3,0,0,0,0,1,0,-9,0,0,1,0,2,0,1,0,2,0,1,0,2,0,0,1,3,1,0,0,1,0,0,1,0,3
5473,29,2,10.10235469,1,89108,0,1,0,2,0,1,0,0,0,2,5,4,4,4,3,4,2,4,3,3,3,3,3,2,2,3,2,1,2,2,2,0.116213392,0.260667008,0.519981572,0,0,0,0,1,0,0,1,0,0,2,0,4,0,1,2,1,0,1,0,0,0,1,0,0,-9,0,0,0,1,3,0,1,0,2,0,0,1,3,1,0,0,1,1,0,0,1,0,0,0,1,4
5474,11,2,0.785219051,0,30135,0,1,0,3,0,0,1,0,0,3,4,3,3,4,4,4,3,4,4,3,2,3,2,2,3,2,2,2,3,2,3,-0.139313516,0.436199822,0.29968645,0,0,0,0,1,0,0,0,1,0,2,0,2,0,1,2,0,1,2,1,0,0,1,0,0,-9,0,1,0,0,1,1,0,0,1,1,0,0,1,0,1,0,2,1,0,0,1,1,0,0,0,1
5478,11,2,0.460259659,0,30180,0,1,0,4,0,0,0,1,0,3,5,4,4,5,4,4,5,4,4,4,3,1,2,3,2,1,3,2,1,2,3,0.553684364,0.380764659,0.668609818,0,0,0,0,1,0,0,1,0,0,2,0,4,1,0,1,0,0,3,0,0,0,1,0,0,-9,0,1,0,0,1,1,0,0,1,0,1,0,2,0,1,0,2,1,0,0,1,1,0,0,0,1
5479,10,2,1.741743083,1,33133,1,0,0,3,0,0,1,0,0,2,5,5,4,4,4,4,3,3,5,4,3,3,3,2,3,3,3,3,3,3,2,0.145415476,0.635885806,0.816633929,0,1,0,0,2,1,1,1,0,0,2,0,4,0,0,3,0,0,3,1,0,0,0,1,0,-9,0,0,0,1,3,0,0,1,3,0,1,0,2,0,0,1,3,0,0,1,3,0,0,0,1,4
5485,11,2,1.989288263,0,30643,0,0,1,3,0,0,1,0,0,3,3,3,3,3,1,4,2,4,2,5,3,3,2,2,1,2,3,2,3,3,3,-1.119098294,0.971129501,-1.580557197,0,0,0,0,1,0,0,1,0,0,2,0,4,0,1,2,0,0,3,1,1,0,0,0,0,1,1,1,0,0,1,1,0,0,1,0,1,0,2,1,0,0,1,1,0,0,1,1,0,0,0,1
5489,29,2,0.067019506,1,89106,1,0,0,4,0,0,0,1,0,3,2,4,4,2,2,4,2,4,4,4,3,3,3,3,3,3,3,1,2,2,2,1.121647874,1.0347303,-0.408402351,0,1,0,0,2,1,1,1,0,0,2,0,4,0,0,3,0,0,3,1,0,0,0,1,0,-9,0,0,0,1,3,0,0,1,3,0,0,1,3,0,1,0,2,0,1,0,2,0,0,0,1,4
5490,23,2,0.338605238,0,48234,0,1,0,4,0,0,0,1,0,1,6,5,5,5,1,5,1,5,5,3,1,1,1,1,1,1,1,3,2,2,2,1.218923873,-0.525355102,0.941540142,0,1,0,0,2,0,0,0,1,0,2,0,2,1,0,1,0,1,2,0,0,0,1,1,0,-9,0,0,0,1,3,0,1,0,2,1,0,0,1,1,0,0,1,1,0,0,1,0,0,1,0,3
5491,36,2,3.168743023,0,43623,0,1,0,3,0,0,1,0,0,2,4,3,4,2,1,1,1,4,4,3,2,2,2,2,2,2,2,2,4,2,3,-0.007776071,-0.002963418,0.204709275,0,1,0,0,2,0,0,1,0,0,2,0,4,0,1,2,1,0,1,0,0,0,1,0,0,1,1,0,1,0,2,0,1,0,2,0,1,0,2,1,0,0,1,1,0,0,1,0,0,1,0,3
5492,42,4,0.306401604,0,29152,0,1,0,3,0,0,1,0,0,2,4,3,4,4,3,3,3,4,3,3,2,2,2,3,3,3,2,3,2,2,4,-0.620392566,0.138792489,-0.326759183,0,0,0,0,1,0,0,0,1,0,2,0,2,1,0,1,0,1,2,0,0,0,0,0,1,1,1,1,0,0,1,1,0,0,1,1,0,0,1,0,1,0,2,1,0,0,1,1,0,0,0,1
5493,33,2,0.433819539,0,14609,0,1,0,5,0,0,0,0,1,1,4,3,5,1,3,5,4,5,5,5,1,1,1,3,2,2,2,3,2,2,2,0.269513772,1.264295998,0.979207516,0,1,0,0,2,0,0,0,1,0,2,0,2,1,0,1,0,0,3,1,0,0,1,0,0,1,1,0,0,1,3,0,1,0,2,0,0,1,3,1,0,0,1,1,0,0,1,0,0,0,1,4
5495,18,2,2.353790533,0,42442,0,0,1,3,0,0,1,0,0,1,5,3,2,3,1,1,1,5,1,1,1,3,1,1,2,1,1,2,4,2,3,-0.281712191,-0.062751534,0.700741418,0,0,0,0,1,0,0,1,0,0,2,0,4,0,0,3,0,0,3,1,0,1,1,1,0,-9,0,1,0,0,1,1,0,0,1,0,0,1,3,1,0,0,1,1,0,0,1,1,0,0,0,1
5500,10,2,17.64834352,0,32601,0,1,0,3,0,0,1,0,0,1,4,4,3,4,1,4,3,4,5,4,1,3,2,2,2,2,1,3,2,2,1,-0.162298624,0.070030782,-0.841251797,0,0,0,0,1,0,0,1,1,0,2,0,2,0,1,2,0,0,3,1,1,0,0,0,0,0,0,0,1,0,2,0,0,1,3,0,0,1,3,0,0,1,3,1,0,0,1,0,0,0,1,4
5501,34,2,0.558193358,0,27292,0,1,0,3,0,0,1,0,0,3,5,4,2,4,4,3,3,4,4,3,3,1,3,3,1,2,3,3,2,1,1,-0.176161939,1.001368967,0.630708082,0,0,0,0,1,1,1,0,1,0,2,0,2,0,1,2,0,1,2,1,0,0,0,0,0,-9,0,1,0,0,1,1,0,0,1,0,0,1,3,0,0,1,3,1,0,0,1,1,0,0,0,1
5503,10,2,9.332701466,1,32818,0,1,0,3,0,0,1,0,0,2,3,2,4,2,1,1,1,4,4,2,2,2,2,2,2,2,2,2,4,2,2,-0.998831589,0.039660173,1.272394265,0,0,0,0,1,0,0,0,1,0,2,0,2,1,0,1,0,0,3,1,0,0,1,1,0,-9,0,0,1,0,2,0,1,0,2,0,0,1,3,1,0,0,1,1,0,0,1,0,0,1,0,3
5504,45,2,0.560547497,1,77331,0,0,1,3,0,0,1,0,0,3,3,4,4,4,2,3,1,4,2,2,2,2,2,2,2,2,2,2,3,3,4,-0.022358277,-1.177422011,-0.600237494,0,1,0,0,2,0,0,1,0,0,2,0,4,1,0,1,0,0,3,0,0,0,0,1,0,-9,0,0,0,0,0,0,0,0,0,0,0,0,0,0,0,0,0,0,0,0,0,0,0,0,0,0
5505,33,2,0.1021556,0,10001,1,0,0,4,0,0,0,1,0,2,1,5,1,1,5,5,5,5,5,5,3,1,3,3,3,1,1,1,2,2,2,0.980391061,1.351284138,0.862057747,0,1,0,0,2,1,1,0,1,0,2,0,2,1,0,1,0,0,3,0,0,1,0,0,0,-9,0,0,0,1,3,0,0,1,3,0,0,1,3,1,0,0,1,0,0,1,3,0,0,1,0,3
5506,25,2,3.522144323,0,39581,0,1,0,1,1,0,0,0,0,2,1,2,4,5,3,4,3,4,5,4,2,2,2,2,2,1,2,3,2,2,3,-0.191611543,0.874968339,0.628835457,0,0,0,0,1,0,0,0,1,0,2,0,2,1,0,1,1,0,1,0,0,0,1,0,1,-9,0,1,0,0,1,0,1,0,2,1,0,0,1,0,1,0,2,1,0,0,1,1,0,0,0,1
5508,31,2,1.490656716,0,7104,1,0,0,4,0,0,0,1,0,1,5,4,4,5,5,4,3,4,4,4,2,2,2,3,3,2,2,2,3,3,3,0.29402386,0.750468924,0.821959746,0,0,0,0,1,0,0,1,0,0,1,1,1,0,1,2,1,0,1,0,0,0,0,1,0,-9,0,0,0,1,3,0,0,1,3,0,0,1,3,0,1,0,2,0,0,1,3,0,0,0,1,4
5511,19,2,1.692653665,0,70501,0,1,0,3,0,0,1,0,0,2,3,3,2,5,1,5,1,4,5,5,3,3,2,3,2,2,2,3,2,2,3,1.221679908,-0.032157257,0.64531383,0,0,0,0,1,0,0,0,1,0,2,0,2,0,1,2,1,0,1,0,0,1,1,0,0,-9,0,0,1,0,2,0,0,1,3,0,0,1,3,0,0,1,3,1,0,0,1,0,1,0,0,2
5512,10,3,4.356147175,1,32766,0,1,0,3,0,0,1,0,0,1,4,4,5,3,1,2,1,4,5,4,2,1,3,2,3,3,2,3,2,2,1,0.270187364,0.017868357,0.209994979,0,0,0,0,1,0,0,0,1,0,2,0,2,1,0,1,0,1,2,0,0,0,0,1,0,1,1,1,0,0,1,1,0,0,1,0,1,0,2,1,0,0,1,1,0,0,1,1,0,0,0,1
5513,23,1,0.517540839,0,48910,0,1,0,3,0,0,1,0,0,3,5,3,4,5,4,4,4,5,4,5,2,3,1,2,2,3,3,2,1,2,3,-0.235446118,-0.165336268,-1.58968021,0,0,0,0,1,0,0,0,1,0,2,0,2,0,1,2,0,0,3,1,0,1,0,1,0,-9,0,0,1,0,2,0,0,1,3,1,0,0,1,0,0,1,3,1,0,0,1,0,0,1,0,3
5514,11,4,1.104903787,0,30168,0,1,0,3,0,0,1,0,0,3,4,4,3,5,2,4,1,3,5,5,1,2,3,1,1,1,2,3,3,2,2,0.620845918,-1.205579043,0.605952844,0,0,0,0,1,0,0,0,1,0,2,0,2,0,1,2,0,0,3,1,0,0,0,0,0,1,1,1,0,0,1,1,0,0,1,0,1,0,2,0,0,1,3,1,0,0,1,1,0,0,0,1
5516,45,4,0.049328208,1,76112,0,1,0,2,0,1,0,0,0,2,6,3,2,4,4,4,2,3,4,3,2,2,2,2,2,2,2,2,3,3,3,-0.903453574,0.083831492,0.436953725,0,0,0,0,1,1,1,0,1,0,2,0,2,0,0,0,1,0,1,0,0,0,0,0,1,-9,0,0,1,0,2,1,0,0,1,0,0,1,3,1,0,0,1,0,1,0,2,0,0,1,0,3
5519,48,1,8.661786288,0,20136,0,1,0,1,1,0,0,0,0,2,4,1,3,1,2,1,2,4,3,3,3,2,2,3,3,3,2,3,2,2,2,-0.319580866,0.024017295,-1.751802539,0,0,0,0,1,1,1,1,0,0,1,1,1,0,0,3,0,1,2,0,0,0,1,1,0,1,1,0,1,0,2,1,0,0,1,0,0,1,3,1,0,0,1,0,1,0,2,1,0,0,0,1
5520,23,2,7.956638429,0,48230,1,0,0,3,0,0,1,0,0,3,4,3,3,3,3,3,3,3,3,3,1,1,1,1,2,2,2,3,4,2,4,-0.080486305,-0.338220321,-0.238409368,0,1,0,0,2,1,1,0,1,0,2,0,2,0,0,3,0,1,2,0,0,0,1,1,0,1,1,0,1,0,2,0,1,0,2,1,0,0,1,0,1,0,2,1,0,0,1,0,0,1,0,3
5524,19,2,0.701763095,0,70570,0,1,0,3,0,0,1,0,0,3,3,3,4,2,3,2,3,4,4,4,3,2,3,2,3,3,2,3,3,2,2,-0.315970623,-0.246426177,-1.061396471,0,0,0,0,1,0,0,0,1,0,2,0,2,1,0,1,0,1,2,0,0,0,0,0,0,-9,0,1,0,0,1,1,0,0,1,0,1,0,2,1,0,0,1,1,0,0,1,1,0,0,0,1
5527,48,2,0.493518231,0,23225,0,1,0,1,1,0,0,0,0,3,3,3,4,3,1,4,1,5,5,1,3,1,2,3,3,1,3,3,2,2,4,0.368388674,-0.274812816,-0.555635342,0,0,0,0,1,0,0,0,1,0,2,0,2,1,0,1,0,0,3,1,0,0,1,1,0,-9,0,0,1,0,2,0,1,0,2,0,0,1,3,0,1,0,2,1,0,0,1,0,0,1,0,3
5531,31,2,0.357872633,0,7524,1,0,0,3,0,0,1,0,0,2,3,2,3,3,3,4,2,4,3,4,2,2,3,1,3,2,2,2,2,1,2,-0.808968927,0.070555991,-0.922806676,0,0,0,0,1,0,0,0,1,0,2,0,2,1,0,1,1,0,1,0,0,0,0,0,0,1,1,0,0,1,3,0,0,1,3,1,0,0,1,0,0,1,3,0,0,1,3,0,0,0,1,4
5536,14,2,0.700665965,0,61701,0,1,0,3,0,0,1,0,0,5,4,3,5,3,2,1,1,3,3,2,2,2,2,2,2,3,2,2,4,2,3,-0.653912188,0.134639078,-0.212418144,0,1,0,0,2,0,0,1,0,0,2,0,4,0,0,0,0,0,3,1,0,1,0,0,0,1,1,0,1,0,2,0,0,1,3,0,1,0,2,0,0,1,3,1,0,0,1,0,0,0,1,4
5537,45,2,2.850837171,1,75090,0,1,0,2,0,1,0,0,0,3,2,3,2,2,2,3,2,4,3,2,2,2,2,2,2,2,2,2,3,2,4,-1.371776676,-0.467636484,0.632039712,0,1,0,0,2,0,0,0,0,0,2,0,5,0,1,2,0,0,3,0,0,0,1,0,0,-9,0,0,1,0,2,1,0,0,1,0,1,0,2,1,0,0,1,1,0,0,1,1,0,0,0,1
5539,24,2,5.63989566,0,55811,0,1,0,2,0,1,0,0,0,3,4,2,4,2,1,1,1,1,3,2,1,3,3,3,3,1,2,1,4,2,2,0.139209437,1.258053941,-0.054047079,0,0,0,0,1,1,1,1,0,0,2,0,4,0,0,3,0,0,3,1,0,0,1,1,0,1,1,1,0,0,1,0,1,0,2,1,0,0,1,0,1,0,2,1,0,0,1,0,0,1,0,3
5541,25,4,0.471912892,0,39083,0,1,0,5,0,0,0,0,1,3,6,5,5,4,1,2,1,4,5,3,2,2,2,3,2,2,1,3,4,3,4,-0.423127523,-1.522805841,-2.938966676,0,0,0,0,1,0,0,0,1,0,2,0,2,1,0,1,0,0,3,0,0,0,0,1,0,1,1,1,0,0,1,1,0,0,1,0,1,0,2,0,0,1,3,1,0,0,1,1,0,0,0,1
5543,17,1,2.356829068,0,67074,0,0,1,3,0,0,1,0,0,3,4,3,3,3,3,3,3,3,3,3,2,2,2,2,2,2,2,2,3,3,3,-0.595350975,-0.099519265,-0.127682508,0,0,0,0,1,0,0,1,0,0,2,0,4,1,0,1,0,0,3,1,0,0,0,0,0,1,1,1,0,0,1,1,0,0,1,1,0,0,1,1,0,0,1,1,0,0,1,1,0,0,0,1
5548,44,2,0.634031543,0,38141,0,1,0,2,0,1,0,0,0,1,5,2,5,2,1,3,2,3,3,3,2,2,2,2,2,2,2,2,3,3,3,-1.170204308,-0.30826418,-0.608208014,0,1,0,0,2,0,0,0,1,0,2,0,2,0,1,2,0,1,2,0,0,0,1,1,0,1,1,0,1,0,2,1,0,0,1,0,1,0,2,1,0,0,1,1,0,0,1,0,1,0,0,2
5550,33,2,0.892045979,0,10001,1,0,0,5,0,0,0,0,1,1,4,4,5,4,5,4,5,4,5,3,3,3,3,3,1,3,3,1,2,2,1,0.742784861,0.988683892,-0.267677681,0,0,0,0,1,1,1,1,0,0,2,0,4,0,0,3,0,0,3,1,0,1,0,0,0,1,1,0,0,1,3,0,0,1,3,0,0,1,3,1,0,0,1,0,0,1,3,0,0,1,0,3
5552,11,2,1.390120053,0,30528,0,0,1,3,0,0,1,0,0,2,5,3,3,3,2,1,5,3,4,3,1,1,3,1,3,1,1,3,2,2,2,-0.547824638,0.787993463,0.181212709,0,0,0,0,1,0,0,1,0,0,2,0,4,0,0,0,0,0,3,1,0,1,1,1,0,1,1,1,0,0,1,1,0,0,1,0,1,0,2,0,1,0,2,1,0,0,1,1,0,0,0,1
5553,20,2,1.797661695,0,4092,0,1,0,2,0,1,0,0,0,3,4,4,4,5,3,3,3,3,3,3,1,2,3,1,1,1,1,3,3,3,3,1.099571587,1.412951001,0.218463412,0,1,0,0,2,1,1,1,0,0,2,0,4,0,0,3,0,0,3,1,0,0,0,1,0,-9,0,1,0,0,1,0,1,0,2,0,1,0,2,0,0,1,3,1,0,0,1,0,0,1,0,3
5555,15,2,0.531916756,0,46201,0,1,0,5,0,0,0,0,1,1,5,4,5,5,1,2,4,5,2,4,1,1,1,2,3,3,2,3,4,2,3,0.984548793,1.393782222,1.217152987,0,0,0,0,1,0,0,0,1,0,2,0,2,1,0,1,0,1,2,0,0,0,0,1,0,-9,0,0,0,1,3,0,1,0,2,1,0,0,1,1,0,0,1,1,0,0,1,0,0,0,1,4
5560,23,2,1.193388792,0,49837,0,1,0,2,0,1,0,0,0,1,5,2,4,3,1,1,1,3,2,1,1,1,3,1,2,1,1,2,1,2,1,0.007443721,0.580595898,-0.046204612,0,1,0,0,2,0,0,1,0,0,2,0,4,0,1,2,0,0,3,1,0,0,1,1,0,-9,0,1,0,0,1,1,0,0,1,0,0,1,3,1,0,0,1,1,0,0,1,1,0,0,0,1
5561,21,3,0.110993748,0,21205,1,0,0,3,0,0,1,0,0,1,4,4,5,3,3,3,2,4,5,5,1,2,3,2,3,3,2,3,3,2,3,-1.756253817,1.374939078,1.238617108,0,0,0,0,1,0,0,0,1,0,2,0,2,1,0,1,0,0,3,1,0,0,0,0,0,-9,0,0,0,1,3,0,0,1,3,1,0,0,1,1,0,0,1,0,0,1,3,0,0,0,1,4
5563,11,2,1.884937164,0,30680,0,1,0,2,0,1,0,0,0,2,3,3,3,4,3,2,2,5,5,4,1,1,1,1,3,2,2,3,2,2,2,0.078890787,1.216657327,0.245257915,0,1,0,0,2,0,1,1,0,0,2,0,4,0,0,3,0,0,3,1,0,0,0,0,0,-9,0,1,0,0,1,1,0,0,1,0,1,0,2,0,1,0,2,1,0,0,1,1,0,0,0,1
5566,14,4,0.014899404,0,60411,0,1,0,2,0,1,0,0,0,3,3,3,3,3,3,3,3,3,3,3,2,2,2,2,2,2,2,2,3,3,3,-0.889668891,-0.15817437,-1.060328578,0,1,0,0,2,0,0,0,1,0,2,0,2,0,0,0,1,0,1,0,1,0,0,0,1,-9,0,0,1,0,2,0,1,0,2,1,0,0,1,0,1,0,2,1,0,0,1,0,0,1,0,3
5567,7,4,0.110484064,0,6268,0,1,0,4,0,0,0,1,0,1,5,4,2,5,1,1,1,5,3,1,2,2,2,3,2,2,2,2,4,4,4,-0.87482035,-1.957878164,1.035332868,0,1,0,0,2,0,0,1,0,0,2,0,4,0,0,0,0,0,3,0,0,0,0,1,0,-9,0,1,0,0,1,1,0,0,1,1,0,0,1,0,0,1,3,1,0,0,1,1,0,0,0,1
5574,19,2,0.859820085,0,70633,0,0,1,3,0,0,1,0,0,2,4,5,4,4,3,1,4,4,4,1,2,2,2,2,2,2,2,2,3,2,2,-0.442052976,-1.480860126,0.585171283,0,1,0,0,2,0,0,0,1,0,2,0,2,1,0,1,0,1,2,0,0,0,1,0,0,-9,0,1,0,0,1,1,0,0,1,1,0,0,1,1,0,0,1,1,0,0,1,1,0,0,0,1
5587,36,2,0.561592535,0,44126,0,1,0,1,1,0,0,0,0,3,5,3,4,2,5,1,1,1,5,1,2,2,1,2,3,2,2,1,4,3,4,1.037114599,-1.76801231,-2.787076792,0,1,0,0,2,1,1,1,0,0,2,0,4,0,1,2,0,1,2,0,0,0,0,1,0,-9,0,0,1,0,2,0,0,1,3,0,1,0,2,0,1,0,2,1,0,0,1,0,0,1,0,3
5588,14,3,0.02544823,0,60605,1,0,0,4,0,0,0,1,0,3,5,5,2,3,3,4,1,3,4,3,2,2,2,2,2,2,2,1,2,3,4,0.879151356,-1.396456474,-0.021759413,0,0,0,0,1,0,0,1,0,0,2,0,4,1,0,1,1,0,1,0,1,0,0,0,1,-9,0,0,0,1,3,0,0,1,3,0,0,1,3,0,0,1,3,0,0,1,3,0,0,0,1,4
5593,26,2,2.282834762,0,64138,0,1,0,2,0,1,0,0,0,3,5,4,4,4,1,1,1,3,3,2,1,1,1,2,2,2,2,3,3,3,3,-0.993690587,0.138921924,0.618917465,0,0,0,0,1,0,1,1,0,0,2,0,4,0,0,3,0,1,2,0,0,0,1,1,0,-9,0,0,1,0,2,1,0,0,1,0,1,0,2,0,1,0,2,1,0,0,1,0,1,0,0,2
5595,10,2,0.923003639,0,34698,0,1,0,3,0,0,1,0,0,3,5,3,4,4,2,3,2,5,5,2,2,2,2,2,2,2,2,2,3,3,4,-0.295490963,0.046316529,0.112938402,0,0,0,0,1,0,1,1,0,0,2,0,4,0,1,2,0,0,3,0,0,0,1,0,0,1,1,0,1,0,2,0,1,0,2,0,1,0,2,0,1,0,2,1,0,0,1,0,0,1,0,3
5599,26,2,0.624184184,0,64402,0,0,1,3,0,0,1,0,0,3,3,2,3,4,3,3,2,4,4,4,1,1,2,1,2,2,2,2,1,3,2,-0.103287436,-0.4962662,-0.851041293,0,0,0,0,1,0,0,1,0,0,2,0,4,1,0,1,1,0,1,0,0,0,0,1,1,-9,0,1,0,0,1,1,0,0,1,1,0,0,1,0,0,1,3,1,0,0,1,1,0,0,0,1
5603,14,2,1.839962973,0,60465,0,1,0,1,1,0,0,0,0,3,6,2,3,3,1,3,3,3,3,3,2,2,2,2,2,2,2,2,3,3,4,-0.430651069,-0.32430671,-0.562711529,0,0,0,0,1,0,0,1,0,0,2,0,4,1,0,1,0,1,2,0,0,0,0,0,0,-9,0,0,1,0,2,0,1,0,2,1,0,0,1,1,0,0,1,0,1,0,2,0,0,1,0,3
5604,1,2,0.807243777,0,36619,0,1,0,1,1,0,0,0,0,2,6,3,2,4,1,2,3,5,5,3,2,2,1,2,2,2,2,2,3,3,3,-0.256889134,-0.826169881,-1.231609621,0,0,0,0,1,0,0,1,0,0,2,0,4,0,1,2,0,0,3,1,0,0,1,1,0,-9,0,1,0,0,1,0,1,0,2,0,0,1,3,0,0,1,3,1,0,0,1,1,0,0,0,1
5605,43,4,0.61117093,0,57701,0,1,0,2,0,1,0,0,0,1,4,2,1,4,1,5,2,4,5,5,3,3,1,3,3,3,3,1,2,2,2,0.631520455,-1.161291215,-1.504878246,0,0,0,0,1,0,0,1,0,0,2,0,4,1,0,1,1,0,1,0,1,0,0,0,1,-9,0,0,1,0,2,0,1,0,2,0,1,0,2,0,0,1,3,1,0,0,1,0,1,0,0,2
5606,47,2,0.399223273,0,5055,0,0,1,1,1,0,0,0,0,1,5,0,4,3,1,2,1,1,1,3,1,1,1,1,1,1,1,3,2,1,1,-0.737832131,0.237409438,-0.248401147,0,0,0,0,1,1,1,1,0,0,1,1,1,0,1,2,1,0,1,0,0,0,1,1,0,-9,0,1,0,0,1,1,0,0,1,0,1,0,2,0,0,1,3,1,0,0,1,1,0,0,0,1
5608,24,4,2.004637412,0,55406,1,0,0,1,1,0,0,0,0,1,4,4,4,3,2,2,1,2,4,3,3,1,1,3,3,2,2,3,3,2,3,0.233686965,0.470722316,-0.185026149,0,0,0,0,1,0,0,1,0,0,1,1,1,1,0,1,0,1,2,0,0,0,0,0,0,-9,0,0,0,1,3,0,0,1,3,0,1,0,2,0,1,0,2,0,0,1,3,0,0,0,1,4
5609,45,1,0.486987163,1,78723,0,1,0,2,0,1,0,0,0,2,4,2,4,3,1,3,2,3,4,2,2,3,2,2,2,2,2,2,3,2,3,-0.885942535,0.09981376,0.670457737,0,0,0,0,1,0,0,1,0,0,1,1,1,1,0,1,0,1,2,0,0,0,1,0,0,-9,0,0,0,1,3,0,1,0,2,0,0,1,3,0,1,0,2,0,1,0,2,0,0,1,0,3
5610,33,1,0.193718776,0,7008,1,0,0,2,0,1,0,0,0,3,3,3,3,2,4,1,4,4,4,5,3,3,1,3,3,1,1,1,1,1,2,-0.104185134,0.955279274,-1.096899754,0,0,0,0,1,1,1,1,0,0,2,0,4,1,0,1,0,0,3,0,0,0,0,0,0,-9,0,0,0,1,3,0,1,0,2,0,0,1,3,1,0,0,1,1,0,0,1,0,0,0,1,4
5613,16,3,0.419841652,0,52001,0,1,0,1,1,0,0,0,0,2,5,2,2,3,4,1,5,1,4,2,1,2,3,3,2,3,2,1,1,3,2,-1.464402322,0.440859541,-1.26773595,0,0,0,0,1,1,1,1,0,0,2,0,4,0,1,2,0,0,3,1,0,0,0,1,0,-9,0,0,1,0,2,0,0,1,3,1,0,0,1,0,0,1,3,1,0,0,1,0,1,0,0,2
5616,36,2,2.031365577,0,44125,1,0,0,3,0,0,1,0,0,3,4,3,3,3,3,3,3,3,3,3,1,1,1,1,1,1,1,1,2,2,2,0.577422918,0.89085796,0.20464066,0,1,0,0,2,0,0,0,1,0,1,1,1,1,0,1,1,0,1,0,0,0,0,1,0,-9,0,0,0,1,3,0,1,0,2,0,1,0,2,0,1,0,2,1,0,0,1,0,0,1,0,3
5619,10,4,0.388231116,0,34461,0,1,0,2,0,1,0,0,0,3,5,3,2,5,2,2,1,2,2,4,2,2,3,3,2,2,2,2,1,2,2,0.754311419,1.039873179,-0.211639443,0,1,0,0,2,0,0,0,0,0,2,0,5,1,0,1,0,1,2,0,1,0,0,0,0,1,1,1,0,0,1,1,0,0,1,0,1,0,2,0,0,1,3,1,0,0,1,1,0,0,0,1
5620,45,2,1.151825531,1,77073,0,1,0,3,0,0,1,0,0,3,4,3,4,4,2,5,3,5,4,4,2,1,3,2,1,3,3,3,1,3,3,0.490437716,0.552167996,1.010079915,0,1,0,0,2,1,1,1,0,0,2,0,4,0,1,2,1,0,1,0,0,0,0,1,0,-9,0,0,1,0,2,0,0,1,3,0,0,1,3,0,0,1,3,1,0,0,1,0,1,0,0,2
5622,9,2,0.345418923,0,20012,1,0,0,3,0,0,1,0,0,3,4,4,4,4,4,4,3,4,4,3,2,2,2,2,2,3,3,3,3,4,3,0.327800995,0.308566513,-0.84350491,0,1,0,0,2,0,0,0,1,0,2,0,2,1,0,1,0,0,3,1,1,0,0,0,0,1,1,0,0,1,3,0,0,1,3,1,0,0,1,0,0,1,3,0,0,1,3,0,0,0,1,4
5624,3,2,0.000642054,1,85742,0,1,0,3,0,0,1,0,0,2,4,4,2,4,4,4,4,3,4,4,1,2,3,2,3,2,3,2,2,4,2,0.105427433,0.687106455,-0.684731242,0,0,0,0,1,0,0,1,0,0,1,1,1,1,0,1,0,0,3,0,0,0,0,1,1,-9,0,0,1,0,2,1,0,0,1,0,1,0,2,1,0,0,1,1,0,0,1,1,0,0,0,1
5625,10,2,2.540385781,0,33896,0,1,0,1,1,0,0,0,0,1,5,4,2,2,3,3,3,4,4,4,2,2,2,2,2,2,2,1,3,2,2,0.143678711,0.655773037,-0.20404477,0,0,0,0,1,0,0,1,0,0,2,0,4,0,1,2,0,0,3,1,0,0,1,0,0,-9,0,1,0,0,1,1,0,0,1,0,0,1,3,0,0,1,3,1,0,0,1,1,0,0,0,1
5632,45,3,0.396447174,1,78210,1,0,0,1,1,0,0,0,0,1,2,2,3,4,3,5,3,2,3,3,2,2,1,2,2,2,2,2,3,3,3,-0.98650489,1.034466534,0.663606075,0,0,0,0,1,0,0,0,1,0,2,0,2,0,0,0,0,0,3,1,0,0,0,0,0,1,1,0,0,1,3,0,0,1,3,0,0,1,3,1,0,0,1,1,0,0,1,0,0,0,1,4
5635,39,1,11.07924971,0,19601,1,0,0,5,0,0,0,0,1,4,4,5,2,5,1,3,1,5,4,4,1,1,1,2,2,2,2,3,3,4,3,0.237926339,-1.289798883,0.65633061,0,0,0,0,1,0,0,0,0,0,1,1,1,1,0,1,1,0,1,0,0,0,1,0,0,-9,0,0,0,1,3,0,0,1,3,0,1,0,2,0,0,1,3,1,0,0,1,0,1,0,0,2
5638,44,2,2.873742382,0,37128,0,1,0,3,0,0,1,0,0,2,3,3,3,4,1,2,2,3,3,2,2,2,2,2,1,2,2,2,3,1,3,-0.790712863,0.203084913,-0.040348689,0,0,0,0,1,1,1,0,1,0,2,0,2,0,0,3,0,1,2,0,0,0,0,0,0,1,1,1,0,0,1,0,1,0,2,0,1,0,2,1,0,0,1,1,0,0,1,1,0,0,0,1
5639,10,2,9.889768223,1,32810,0,1,0,3,0,0,1,0,0,2,3,0,5,3,3,3,5,5,5,5,2,2,2,2,2,2,2,2,3,3,4,-0.442735853,1.067767134,0.525642891,0,0,0,0,1,0,0,1,1,0,2,0,2,0,1,2,0,0,3,1,0,1,1,0,0,-9,0,0,1,0,2,0,1,0,2,0,0,1,3,0,0,1,3,1,0,0,1,0,0,1,0,3
5640,34,2,0.876238601,0,28607,0,1,0,4,0,0,0,1,0,4,4,4,1,2,1,4,4,5,2,4,2,2,2,2,2,2,2,2,3,3,2,-1.044066914,0.575824896,0.874826565,0,0,0,0,1,0,0,1,0,0,2,0,4,1,0,1,0,0,3,0,1,0,1,0,0,0,0,1,0,0,1,0,1,0,2,1,0,0,1,0,0,1,3,1,0,0,1,0,1,0,0,2
5642,39,4,0.13694557,0,19013,0,1,0,1,1,0,0,0,0,1,5,2,1,4,1,1,4,4,4,3,3,1,3,1,3,3,3,3,2,2,1,-1.367139981,-0.679847791,0.193784788,0,0,0,0,1,0,0,0,1,0,2,0,2,1,0,1,0,0,3,0,0,0,0,0,1,-9,0,0,0,1,3,0,1,0,2,0,0,1,3,1,0,0,1,0,0,1,3,0,0,0,1,4
5643,45,2,0.442644619,0,76667,0,1,0,4,0,0,0,1,0,4,4,5,1,1,3,5,2,4,3,3,2,2,2,2,2,2,2,1,3,3,4,-0.070413866,-1.288745536,-1.301869229,0,1,0,0,2,0,0,1,0,0,2,0,4,1,0,1,0,0,3,0,0,0,0,1,0,1,1,1,0,0,1,1,0,0,1,1,0,0,1,0,0,1,3,1,0,0,1,1,0,0,0,1
5644,33,2,0.273860135,0,7008,1,0,0,4,0,0,0,1,0,1,5,5,4,5,5,5,5,5,5,4,2,3,3,3,3,3,1,2,2,2,2,1.195925512,0.888581302,0.694403672,0,0,0,0,1,0,1,1,0,0,2,0,4,0,1,2,0,0,3,1,0,1,0,0,0,-9,0,0,0,1,3,0,1,0,2,0,0,1,3,1,0,0,1,1,0,0,1,0,0,0,1,4
5647,45,2,0.662386321,1,75001,1,0,0,3,0,0,1,0,0,2,4,3,3,4,5,3,4,3,4,3,3,2,3,3,3,1,2,2,3,2,2,-0.094554132,1.007589172,-0.140719829,0,0,0,0,1,1,1,1,0,0,2,0,4,0,1,2,0,0,3,1,0,1,0,1,0,-9,0,0,0,1,3,0,0,1,3,1,0,0,1,0,1,0,2,1,0,0,1,0,0,1,0,3
5648,4,4,0.65203906,0,72065,0,0,1,2,0,1,0,0,0,1,5,0,1,3,1,1,1,1,1,1,2,2,2,2,2,2,2,2,3,3,3,0.372823063,0.816492218,0.940970974,0,1,0,0,2,1,1,1,0,0,2,0,4,0,1,2,0,1,2,0,0,0,0,1,0,-9,0,1,0,0,1,1,0,0,1,0,1,0,2,1,0,0,1,1,0,0,1,1,0,0,0,1
5649,51,2,0.977940477,0,53066,0,1,0,3,0,0,1,0,0,2,5,4,1,5,1,1,1,5,1,1,1,1,1,1,1,3,1,3,1,1,3,-0.420916855,1.240380853,1.228811449,0,0,0,0,1,1,1,1,0,0,1,1,1,0,1,2,0,0,3,1,0,0,1,1,0,-9,0,1,0,0,1,1,0,0,1,0,1,0,2,0,1,0,2,1,0,0,1,1,0,0,0,1
5650,33,2,2.00248403,0,11201,1,0,0,4,0,0,0,1,0,1,4,3,5,5,3,3,5,2,5,5,3,3,3,3,3,1,3,3,2,1,2,1.101277022,0.778023927,-0.504082573,0,1,0,0,2,0,1,1,0,0,2,0,4,0,0,3,0,0,3,1,0,0,0,1,0,-9,0,0,0,1,3,0,0,1,3,0,0,1,3,0,0,1,3,0,0,1,3,0,0,0,1,4
5651,4,2,39.9886604,0,72212,0,1,0,5,0,0,0,0,1,1,5,5,1,5,1,1,1,1,4,1,2,2,2,2,2,2,2,2,4,3,4,-1.868678115,0.366717382,0.04865689,0,0,0,0,1,0,0,1,0,0,1,1,1,0,0,3,1,0,1,0,0,0,0,1,0,1,1,0,1,0,2,0,0,1,3,1,0,0,1,0,1,0,2,1,0,0,1,0,1,0,0,2
5656,39,2,0.773697873,0,16057,0,1,0,4,0,0,0,1,0,2,3,2,4,3,1,2,1,3,3,4,1,1,1,1,2,2,2,2,3,2,2,-0.835473721,0.622109819,1.270636702,0,0,0,0,1,0,0,1,0,0,2,0,4,1,0,1,0,0,3,1,0,0,1,0,0,-9,0,1,0,0,1,1,0,0,1,1,0,0,1,0,0,1,3,1,0,0,1,1,0,0,0,1
5658,23,4,1.031836899,0,48608,0,0,1,1,1,0,0,0,0,1,6,1,3,3,1,3,1,3,3,3,2,2,2,2,2,2,2,2,3,3,3,-0.581584078,-0.88946659,1.314924194,0,1,0,0,2,0,0,1,0,0,2,0,4,1,0,1,1,0,1,0,1,0,0,1,0,-9,0,0,0,0,0,0,0,0,0,0,0,0,0,0,0,0,0,0,0,0,0,0,0,0,0,0
5662,42,2,0.755591161,0,29385,0,1,0,4,0,0,0,1,0,3,4,0,4,5,2,4,1,5,4,2,1,1,3,1,2,3,2,3,2,2,4,-0.212577847,0.568559883,0.943688041,0,0,0,0,1,0,0,0,0,0,2,0,5,1,0,1,1,0,1,0,0,0,0,1,1,1,1,1,0,0,1,1,0,0,1,0,1,0,2,0,1,0,2,1,0,0,1,1,0,0,0,1
5664,34,2,0.645014237,0,28206,0,1,0,2,0,1,0,0,0,3,4,3,3,2,1,4,4,4,4,2,2,2,3,2,2,2,2,3,2,3,3,-0.420726854,0.848181321,0.103528087,0,1,0,0,2,0,0,0,1,0,2,0,2,1,0,1,1,0,1,0,0,0,0,0,0,1,1,0,1,0,2,0,0,1,3,0,0,1,3,1,0,0,1,0,0,1,3,0,0,1,0,3
5665,42,2,1.32097892,0,29316,0,1,0,3,0,0,1,0,0,1,5,2,5,5,1,4,1,1,1,4,2,2,1,2,2,2,2,3,3,2,4,-0.463055682,-0.903089125,1.24643902,0,0,0,0,1,0,0,0,1,0,2,0,2,0,1,2,0,0,3,0,0,0,1,1,0,1,1,1,0,0,1,1,0,0,1,1,0,0,1,0,0,1,3,1,0,0,1,1,0,0,0,1
5666,45,3,2.558878181,1,75019,0,1,0,4,0,0,0,1,0,3,3,3,2,3,3,3,2,4,5,2,1,3,1,3,3,1,1,1,1,2,1,0.194964551,-0.707688166,-0.524081932,0,0,0,0,1,0,0,1,0,0,1,1,1,0,1,2,0,0,3,1,0,0,0,0,0,-9,0,0,1,0,2,0,0,1,3,0,0,1,3,0,0,1,3,0,1,0,2,0,1,0,0,2
5667,25,2,0.676701152,0,39204,0,1,0,2,0,1,0,0,0,2,3,3,4,4,4,3,2,4,4,3,2,2,2,2,2,2,2,2,4,4,4,-0.069032381,-0.753629611,0.010095335,0,0,1,0,3,0,0,0,0,1,2,0,3,1,0,1,0,1,2,0,0,0,1,1,0,-9,0,0,1,0,2,0,1,0,2,0,0,1,3,0,1,0,2,1,0,0,1,0,0,1,0,3
5669,10,4,0.299284244,0,34211,0,0,1,1,1,0,0,0,0,1,5,1,2,4,1,2,1,3,3,1,1,1,1,1,2,3,2,2,3,3,4,1.093799482,-0.70186659,0.494464428,0,0,1,1,4,1,1,1,0,0,2,0,4,0,1,2,0,1,2,0,0,0,0,0,0,-9,0,0,0,0,0,0,0,0,0,0,0,0,0,0,0,0,0,0,0,0,0,0,0,0,0,0
5671,45,2,0.775363132,1,75076,0,0,1,1,1,0,0,0,0,1,5,1,4,4,1,1,1,5,1,1,2,2,2,2,2,2,2,2,4,2,2,0.963397035,0.690582113,0.582345636,0,0,0,1,4,0,0,1,0,0,2,0,4,1,0,1,0,1,2,0,0,1,1,0,0,1,1,1,0,0,1,1,0,0,1,0,1,0,2,1,0,0,1,1,0,0,1,1,0,0,0,1
5672,44,4,0.906518092,0,37043,0,1,0,3,0,0,1,0,0,2,4,2,4,5,3,2,4,5,4,3,2,2,2,2,2,2,2,2,3,3,3,0.345587488,0.178769883,0.164429198,0,0,0,1,4,0,0,1,0,0,2,0,4,0,1,2,0,1,2,0,0,0,0,1,0,1,1,1,0,0,1,0,1,0,2,1,0,0,1,0,1,0,2,1,0,0,1,1,0,0,0,1
5674,23,4,0.311239407,0,49783,0,1,0,3,0,0,1,0,0,3,4,3,2,4,2,2,3,5,5,2,1,1,3,1,3,3,3,3,1,2,2,-0.817030152,-0.858736312,0.584326192,0,0,0,1,4,0,1,1,0,0,2,0,4,0,1,2,0,1,2,0,0,0,0,1,0,-9,0,1,0,0,1,0,1,0,2,0,1,0,2,0,1,0,2,1,0,0,1,1,0,0,0,1
5675,45,2,1.098087335,1,78741,1,0,0,1,1,0,0,0,0,2,5,4,2,4,1,1,1,5,5,5,2,2,2,2,2,2,2,3,4,4,4,-0.336013234,-0.205373345,1.629392829,0,0,0,1,4,0,1,1,0,0,2,0,4,0,1,2,0,1,2,0,0,0,0,1,0,-9,0,0,0,1,3,0,0,1,3,0,0,1,3,0,1,0,2,1,0,0,1,0,0,1,0,3
5679,52,4,5.398575065,0,82601,0,1,0,3,0,0,1,0,0,3,4,4,2,5,3,4,1,4,4,3,2,2,2,2,2,2,2,3,2,2,3,-0.658574625,-0.486754396,0.664886688,0,0,0,1,4,0,1,1,0,0,2,0,4,0,0,3,0,1,2,0,0,0,0,1,0,0,0,0,1,0,2,0,0,1,3,0,1,0,2,0,0,1,3,1,0,0,1,0,0,1,0,3
5682,36,2,2.92926613,0,44515,0,1,0,4,0,0,0,1,0,3,4,3,3,3,2,4,4,4,3,3,2,2,2,2,2,2,2,2,3,3,3,-0.665326992,0.343388746,0.890027081,0,1,0,0,2,0,0,1,0,0,2,0,4,0,1,2,0,0,3,1,0,0,1,0,0,-9,0,0,1,0,2,0,1,0,2,0,1,0,2,0,0,1,3,1,0,0,1,1,0,0,0,1
5684,51,4,1.089075091,0,54115,0,1,0,1,1,0,0,0,0,1,2,0,5,2,1,2,1,2,2,2,2,3,3,3,3,1,2,3,3,2,3,0.704337067,-0.037925357,-0.115006711,0,0,0,1,4,1,1,1,0,0,2,0,4,0,1,2,0,1,2,0,0,0,0,1,0,-9,0,0,1,0,2,0,1,0,2,0,1,0,2,0,1,0,2,1,0,0,1,1,0,0,0,1
5690,26,2,2.155810066,0,63113,0,1,0,2,0,1,0,0,0,1,6,5,1,5,5,3,3,5,5,5,3,1,1,1,1,1,1,3,2,2,2,1.466572753,0.434261443,0.89100526,0,1,0,0,2,0,0,0,1,0,2,0,2,0,1,2,0,0,3,1,0,0,0,1,0,-9,0,0,1,0,2,0,1,0,2,1,0,0,1,0,0,1,3,1,0,0,1,0,0,0,1,4
5691,14,4,0.674457945,0,62689,0,1,0,2,0,1,0,0,0,2,5,3,5,4,4,4,4,3,3,3,1,2,2,2,2,2,1,2,4,4,4,-0.926586802,0.644353659,0.9915498,0,0,0,1,4,0,0,1,0,0,2,0,4,1,0,1,1,0,1,0,0,0,0,1,0,-9,0,1,0,0,1,1,0,0,1,0,0,1,3,0,0,1,3,1,0,0,1,1,0,0,0,1
5692,16,4,0.826535989,0,50310,0,1,0,3,0,0,1,0,0,3,3,3,2,5,2,3,2,3,3,2,1,1,1,1,1,1,1,1,1,1,1,-0.125259495,-0.402005649,-1.15399849,0,0,0,1,4,0,0,1,0,0,2,0,4,0,1,2,0,1,2,0,0,0,0,1,0,1,1,0,1,0,2,0,1,0,2,1,0,0,1,0,0,1,3,1,0,0,1,0,0,1,0,3
5694,24,4,2.564454877,0,55011,0,1,0,1,1,0,0,0,0,1,5,0,5,5,1,1,1,1,4,1,2,2,2,2,2,1,1,2,1,1,1,-0.320354455,-1.833554028,0.5134653,0,0,1,0,3,1,1,1,0,0,2,0,4,0,0,3,1,0,1,0,1,0,0,1,0,1,1,1,0,0,1,1,0,0,1,0,1,0,2,0,0,1,3,1,0,0,1,1,0,0,0,1
5697,7,4,3.56274496,0,6248,0,1,0,3,0,0,1,0,0,3,5,3,2,4,3,2,4,4,4,3,3,3,2,3,3,3,2,3,4,2,4,0.129667382,0.495085313,-1.739110146,0,0,0,1,4,0,0,1,0,0,2,0,4,0,0,3,1,0,1,0,0,0,0,1,0,0,0,1,0,0,1,1,0,0,1,1,0,0,1,1,0,0,1,1,0,0,1,1,0,0,0,1
5699,26,4,0.52756955,0,63116,1,0,0,1,1,0,0,0,0,1,4,1,4,5,1,1,1,3,4,4,2,2,2,1,2,2,2,2,3,3,3,0.136371137,-0.801825885,0.104884022,0,0,1,0,3,1,1,1,0,0,2,0,4,1,0,1,1,0,1,0,0,0,0,1,0,1,1,0,0,1,3,0,1,0,2,1,0,0,1,1,0,0,1,1,0,0,1,0,0,0,1,4
5701,7,4,0.390094709,0,6424,0,1,0,2,0,1,0,0,0,3,4,4,4,4,3,3,2,5,5,4,3,3,2,3,1,1,2,3,1,2,1,-0.830533821,0.928313751,0.395222246,0,0,0,1,4,0,0,1,0,0,2,0,4,1,0,1,1,0,1,0,0,0,0,1,0,-9,0,1,0,0,1,1,0,0,1,1,0,0,1,1,0,0,1,1,0,0,1,1,0,0,0,1
5702,29,2,55.83292967,1,89106,1,0,0,3,0,0,1,0,0,1,5,4,5,5,5,5,4,4,5,4,3,3,2,1,1,3,1,1,2,2,3,0.935480606,1.2750084,0.635243296,0,1,0,0,2,0,0,0,0,0,1,1,1,0,1,2,0,0,3,1,0,0,1,1,0,1,1,0,0,1,3,0,0,1,3,0,0,1,3,0,1,0,2,0,1,0,2,0,0,0,1,4
5703,7,4,6.368512721,0,6902,1,0,0,2,0,1,0,0,0,1,5,3,3,2,1,3,3,3,3,1,3,3,3,3,2,3,2,3,2,2,1,-0.875188192,-0.526515736,-0.472900776,0,0,1,0,3,0,0,1,0,0,2,0,4,0,0,3,1,0,1,0,0,0,0,0,0,1,1,0,0,1,3,0,0,1,3,0,1,0,2,0,1,0,2,0,1,0,2,0,0,1,0,3
5708,26,4,0.5689055,0,63366,0,1,0,1,1,0,0,0,0,1,5,1,5,4,1,1,1,2,3,2,2,2,2,2,2,2,2,2,3,3,4,1.077730016,0.372508907,0.183762125,0,0,0,1,4,0,1,1,0,0,2,0,4,0,1,2,1,0,1,0,0,0,0,1,0,-9,0,0,1,0,2,0,1,0,2,0,0,1,3,0,0,1,3,1,0,0,1,1,0,0,0,1
5709,6,2,35.66275853,0,80205,1,0,0,2,0,1,0,0,0,1,2,0,5,5,1,1,2,3,5,4,2,2,2,2,1,1,1,3,2,2,3,1.075195182,0.7818022,0.806189671,0,0,0,1,4,0,1,1,0,0,2,0,4,1,0,1,1,0,1,0,0,0,1,1,0,-9,0,0,0,1,3,0,0,1,3,1,0,0,1,1,0,0,1,0,0,1,3,0,0,0,1,4
5710,14,4,0.676583897,0,60630,1,0,0,1,1,0,0,0,0,2,5,3,4,4,1,4,1,1,4,2,2,2,2,2,2,2,2,3,3,2,4,-1.033790379,-1.419349154,0.613714757,0,0,0,1,4,0,0,1,0,0,2,0,4,1,0,1,1,0,1,0,1,0,0,0,0,1,1,0,0,1,3,0,0,1,3,0,0,1,3,0,1,0,2,0,0,1,3,0,0,0,1,4
5711,45,4,0.8196814,1,75225,0,1,0,3,0,0,1,0,0,2,4,4,4,4,1,1,1,2,4,5,1,1,2,3,3,2,1,3,2,2,2,0.299942483,0.383261081,1.013400806,0,0,0,1,4,1,1,1,0,0,2,0,4,0,0,3,0,1,2,0,0,0,0,0,0,1,1,0,1,0,2,0,0,1,3,0,0,1,3,1,0,0,1,0,1,0,2,0,0,1,0,3
5712,36,4,0.309000986,0,45506,0,1,0,2,0,1,0,0,0,2,4,3,3,4,2,2,2,3,3,3,2,2,2,2,2,2,2,3,4,4,3,-1.188691986,-0.140924208,-0.002912627,0,0,1,0,3,0,0,1,0,0,2,0,4,1,0,1,0,1,2,0,0,0,0,1,0,-9,0,0,1,0,2,0,1,0,2,1,0,0,1,0,1,0,2,1,0,0,1,1,0,0,0,1
5715,28,4,0.372527361,0,68508,1,0,0,2,0,1,0,0,0,3,6,3,3,3,3,3,2,4,3,2,2,2,2,2,2,2,2,2,4,4,4,-0.647666501,-1.247700494,-0.487868091,0,0,0,1,4,0,1,1,0,0,2,0,4,1,0,1,1,0,1,0,1,0,0,0,1,-9,0,0,0,1,3,0,0,1,3,0,0,1,3,0,0,1,3,1,0,0,1,0,0,0,1,4
5717,44,2,0.658376696,0,37354,0,0,1,3,0,0,1,0,0,2,5,4,2,4,4,3,1,5,5,5,2,1,2,3,3,3,1,2,4,2,2,0.954288363,1.099385027,-0.04884617,0,0,0,1,4,0,0,1,0,0,2,0,4,1,0,1,0,1,2,0,1,0,1,0,0,1,1,1,0,0,1,1,0,0,1,1,0,0,1,1,0,0,1,1,0,0,1,1,0,0,0,1
5719,45,4,0.906518092,1,75480,0,0,1,3,0,0,1,0,0,3,5,4,2,4,3,3,3,4,4,4,1,2,2,2,2,2,2,3,3,2,4,-0.260703085,0.090762398,-1.469429057,0,0,0,1,4,0,0,1,0,0,2,0,4,0,1,2,0,1,2,0,0,0,0,1,0,-9,0,1,0,0,1,1,0,0,1,0,1,0,2,1,0,0,1,1,0,0,1,1,0,0,0,1
5721,44,2,0.679580453,0,38311,0,0,1,1,1,0,0,0,0,2,2,3,3,3,3,3,3,3,3,3,2,2,2,2,2,2,2,2,4,4,4,-1.045522019,0.651818845,-0.245494534,0,1,0,0,2,0,0,1,0,0,2,0,4,1,0,1,1,0,1,0,1,0,0,0,0,-9,0,1,0,0,1,1,0,0,1,1,0,0,1,1,0,0,1,1,0,0,1,1,0,0,0,1
5723,44,2,1.687937445,0,38425,0,1,0,4,0,0,0,1,0,3,4,4,3,4,5,5,3,5,5,5,1,1,1,1,3,1,1,1,2,2,2,1.301861884,-0.11815782,0.085690332,0,0,1,0,3,0,0,1,0,0,2,0,4,0,1,2,0,0,3,1,0,0,0,1,0,1,1,1,0,0,1,1,0,0,1,0,1,0,2,0,1,0,2,1,0,0,1,1,0,0,0,1
5725,18,4,1.351264772,0,41042,0,1,0,1,1,0,0,0,0,2,4,5,3,4,1,2,2,5,3,2,2,2,2,2,2,2,2,2,4,4,4,-0.417549937,0.179689987,-0.268291072,0,0,0,1,4,0,0,1,0,0,2,0,4,0,1,2,0,1,2,0,0,0,0,1,0,1,1,0,1,0,2,0,0,1,3,0,1,0,2,1,0,0,1,1,0,0,1,0,1,0,0,2
5726,13,4,4.66E-07,0,83316,0,1,0,3,0,0,1,0,0,2,1,4,1,2,3,1,1,4,5,5,1,1,1,1,2,2,1,2,1,1,3,-0.835269091,-1.351476423,-0.017488232,0,0,0,1,4,1,1,1,0,0,2,0,4,1,0,1,1,0,1,0,0,0,0,0,0,-9,0,1,0,0,1,1,0,0,1,1,0,0,1,0,0,1,3,1,0,0,1,1,0,0,0,1
5727,20,4,0.983309815,0,4958,0,0,1,2,0,1,0,0,0,2,5,2,5,5,1,1,1,5,1,1,2,2,2,2,2,2,2,2,4,4,4,-0.599262595,-1.242426022,1.65019404,0,0,1,0,3,0,0,1,0,0,2,0,4,0,1,2,0,0,3,0,0,0,0,1,0,0,0,1,0,0,1,1,0,0,1,1,0,0,1,0,0,1,3,1,0,0,1,1,0,0,0,1
5729,7,4,0.272394768,0,6902,1,0,0,1,1,0,0,0,0,1,5,3,1,5,1,1,1,3,4,1,2,2,2,2,2,1,2,3,4,2,4,-0.654031423,-2.054650125,1.465768335,0,0,0,1,4,1,1,1,0,0,2,0,4,1,0,1,1,0,1,0,0,0,0,0,1,1,1,0,0,1,3,0,0,1,3,0,1,0,2,0,1,0,2,0,1,0,2,0,0,1,0,3
5730,18,2,4.378059169,0,40356,0,1,0,1,1,0,0,0,0,2,5,2,4,4,3,4,3,4,4,3,2,2,2,2,2,1,1,2,3,3,2,-0.022958539,0.102550266,0.092355633,0,0,0,1,4,0,0,1,0,0,2,0,4,0,1,2,1,0,1,0,0,1,1,1,0,-9,0,1,0,0,1,1,0,0,1,0,1,0,2,0,0,1,3,1,0,0,1,0,1,0,0,2
5732,27,4,0.000134603,0,59929,0,0,1,1,1,0,0,0,0,1,4,1,5,5,1,1,1,1,1,1,2,2,1,2,2,1,1,2,1,1,1,-2.531335324,-0.362169897,-2.197761041,0,0,0,1,4,0,0,1,0,0,2,0,4,1,0,1,0,1,2,0,0,0,0,1,0,-9,0,1,0,0,1,1,0,0,1,1,0,0,1,1,0,0,1,1,0,0,1,1,0,0,0,1
5734,19,2,0.8806247,0,70570,0,1,0,1,1,0,0,0,0,1,5,5,4,2,1,4,2,4,5,5,2,1,3,3,2,2,2,2,3,3,3,1.103695952,-1.637118527,0.878305222,0,0,1,0,3,1,1,1,0,0,2,0,4,0,1,2,0,1,2,0,0,0,0,1,0,1,1,1,0,0,1,1,0,0,1,0,1,0,2,1,0,0,1,1,0,0,1,1,0,0,0,1
5735,44,2,0.284010047,0,38058,0,1,0,3,0,0,1,0,0,2,3,1,4,3,2,3,3,3,3,3,2,2,2,2,2,2,2,2,3,3,3,-1.199103887,-0.425864317,1.518309311,0,0,0,0,1,1,1,0,0,0,2,0,5,0,1,2,1,0,1,0,0,0,1,1,0,-9,0,1,0,0,1,1,0,0,1,0,1,0,2,1,0,0,1,1,0,0,1,1,0,0,0,1
5736,30,2,0.318459523,0,3466,0,0,1,4,0,0,0,1,0,3,5,5,1,5,1,1,1,5,3,1,2,2,2,3,2,2,2,2,4,2,4,-0.510969687,-1.432739293,0.705141536,0,0,1,0,3,0,0,1,0,0,2,0,4,1,0,1,1,0,1,0,0,0,1,1,0,1,1,1,0,0,1,1,0,0,1,0,1,0,2,1,0,0,1,1,0,0,1,1,0,0,0,1
5738,26,4,0.208919867,0,65202,0,1,0,2,0,1,0,0,0,1,3,2,3,3,3,3,3,3,3,3,2,2,2,2,2,2,2,2,3,3,3,-1.021010054,0.88186122,-0.990597799,0,0,0,1,4,1,1,1,0,0,2,0,4,1,0,1,0,1,2,0,0,0,0,1,0,-9,0,1,0,0,1,1,0,0,1,0,0,1,3,0,0,1,3,1,0,0,1,1,0,0,0,1
5739,18,2,1.244172054,0,41465,0,0,1,4,0,0,0,1,0,3,1,0,4,4,1,1,1,1,1,1,1,1,1,1,1,1,1,3,1,1,1,-0.486466634,-1.059686922,-0.727909482,0,0,1,0,3,0,0,1,0,0,2,0,4,1,0,1,0,0,3,0,1,1,1,1,0,1,1,1,0,0,1,1,0,0,1,1,0,0,1,1,0,0,1,1,0,0,1,1,0,0,0,1
5744,26,4,0.226849446,0,65802,0,1,0,4,0,0,0,1,0,3,4,2,3,1,3,1,2,3,5,5,2,2,2,3,2,2,2,2,2,3,3,-0.240055712,0.740737018,0.429954151,0,0,0,1,4,0,0,1,0,0,2,0,4,1,0,1,0,0,3,1,1,0,0,1,0,1,1,0,1,0,2,0,0,1,3,1,0,0,1,0,0,1,3,1,0,0,1,0,1,0,0,2
5746,26,4,0.499923954,0,63129,0,1,0,3,0,0,1,0,0,3,5,3,3,4,2,4,1,3,3,3,2,2,3,3,2,1,1,2,4,4,4,0.561902279,0.342175272,0.778816435,0,0,0,1,4,0,0,1,0,0,2,0,4,0,1,2,0,0,3,0,0,0,0,1,0,-9,0,0,1,0,2,0,1,0,2,0,1,0,2,0,0,1,3,1,0,0,1,0,1,0,0,2
5747,26,4,0.375646668,0,65324,0,0,1,1,1,0,0,0,0,1,5,1,5,1,1,1,1,1,2,1,2,2,2,2,2,2,2,2,4,3,3,-0.088447145,1.165470667,0.754716273,0,0,0,1,4,0,1,1,0,0,2,0,4,0,1,2,0,1,2,0,0,0,0,1,0,1,1,0,0,0,0,0,0,0,0,0,0,0,0,0,0,0,0,0,0,0,0,0,0,0,0,0
5748,24,4,0.564829213,0,56379,0,1,0,2,0,1,0,0,0,1,3,3,2,4,1,1,1,2,5,4,2,2,2,2,2,1,1,3,4,3,3,0.429937879,-0.762503292,0.21456746,0,0,0,1,4,1,1,1,0,0,2,0,4,0,1,2,0,1,2,0,0,0,0,1,0,-9,0,1,0,0,1,1,0,0,1,0,1,0,2,0,1,0,2,1,0,0,1,1,0,0,0,1
5750,7,4,0.419240953,0,6437,0,1,0,1,1,0,0,0,0,2,5,0,5,5,1,1,1,4,4,4,2,2,2,2,2,1,1,3,1,3,1,0.366290281,0.63438024,0.080770023,0,0,0,1,4,0,0,1,0,0,2,0,4,1,0,1,0,1,2,0,0,0,0,1,0,-9,0,1,0,0,1,1,0,0,1,0,1,0,2,1,0,0,1,0,1,0,2,1,0,0,0,1
5752,22,4,0.370289739,0,2558,0,1,0,2,0,1,0,0,0,2,2,3,4,3,2,2,2,5,4,3,1,1,1,1,2,2,1,3,3,1,3,-0.831276722,-0.991090038,0.32396737,0,0,0,1,4,1,1,1,0,0,2,0,4,0,1,2,0,1,2,0,0,0,0,1,0,1,1,1,0,0,1,1,0,0,1,1,0,0,1,0,0,1,3,0,1,0,2,0,0,1,0,3
5754,45,3,0.1641384,1,77039,0,1,0,4,0,0,0,1,0,2,5,1,5,1,1,1,1,5,5,4,2,2,2,1,2,2,2,2,4,3,3,-1.516440998,0.596524173,1.531270496,0,1,0,0,2,0,0,0,1,0,2,0,2,1,0,1,0,0,3,1,1,0,0,1,0,1,1,0,1,0,2,0,1,0,2,0,0,1,3,0,1,0,2,1,0,0,1,0,0,1,0,3
5761,3,4,0.012546233,1,85711,0,1,0,3,0,0,1,0,0,4,5,5,1,3,3,3,3,4,4,4,2,1,2,2,3,3,2,2,3,3,3,-1.40048675,0.434442745,-0.805375368,0,0,0,1,4,0,1,1,0,0,2,0,4,1,0,1,1,0,1,0,0,0,0,0,0,1,1,0,1,0,2,0,0,1,3,1,0,0,1,0,1,0,2,1,0,0,1,0,0,0,1,4
5764,6,4,0.0001037,0,80224,1,0,0,1,1,0,0,0,0,2,6,1,5,5,3,3,1,5,3,3,2,2,2,2,2,2,2,2,4,3,4,-0.445568377,-0.743158918,-0.889428879,0,0,0,1,4,0,0,1,0,0,2,0,4,1,0,1,1,0,1,0,0,0,0,0,0,1,1,0,0,1,3,0,0,1,3,1,0,0,1,0,0,1,3,0,1,0,2,0,0,0,1,4
5765,22,4,0.201434073,0,1913,0,1,0,1,1,0,0,0,0,1,5,1,5,2,2,2,2,4,4,4,2,3,2,2,2,2,2,3,3,2,2,0.04753071,-0.387479818,1.027833951,0,0,1,0,3,1,1,1,0,0,2,0,4,1,0,1,1,0,1,0,0,0,0,0,0,1,1,0,1,0,2,1,0,0,1,0,0,1,3,0,0,1,3,1,0,0,1,0,0,1,0,3
5766,7,4,3.122252981,0,6410,0,1,0,2,0,1,0,0,0,2,4,4,2,5,2,2,2,3,5,4,2,2,3,2,2,1,1,2,4,3,3,-0.357031901,0.004038848,-0.282540246,0,0,0,1,4,0,1,1,0,0,1,1,1,0,0,3,0,1,2,0,0,0,0,1,0,1,1,1,0,0,1,1,0,0,1,1,0,0,1,0,1,0,2,1,0,0,1,0,1,0,0,2
5770,29,2,46.30108059,1,89108,0,1,0,2,0,1,0,0,0,1,4,1,5,3,1,1,3,3,4,4,2,1,3,3,3,2,2,1,1,2,2,1.045974644,0.467855252,0.514316243,0,1,0,0,2,0,0,0,0,1,2,0,3,0,0,3,0,0,3,1,0,0,0,1,0,-9,0,0,0,1,3,0,1,0,2,0,0,1,3,1,0,0,1,1,0,0,1,0,0,0,1,4
5771,22,4,0.274774241,0,2360,0,1,0,2,0,1,0,0,0,4,4,5,3,3,1,3,4,5,5,5,1,3,2,2,3,2,2,3,3,3,4,-0.246090969,-1.011300189,0.21461774,0,0,0,1,4,0,0,1,0,0,2,0,4,1,0,1,0,1,2,0,1,0,0,1,0,-9,0,1,0,0,1,0,1,0,2,0,1,0,2,0,1,0,2,0,1,0,2,0,1,0,0,2
5772,29,2,3.88E-06,1,89118,1,0,0,3,0,0,1,0,0,2,6,3,3,3,2,3,2,4,3,2,2,2,2,2,2,2,2,2,3,3,3,-0.718052745,0.38737141,-0.954907877,0,0,0,0,1,0,0,1,0,0,2,0,4,1,0,1,0,0,3,0,0,0,1,0,1,-9,0,0,0,1,3,0,0,1,3,0,1,0,2,1,0,0,1,1,0,0,1,0,0,1,0,3
5774,3,2,12.30071268,1,85712,0,1,0,2,0,1,0,0,0,2,5,1,5,4,1,5,3,3,4,3,2,2,2,2,2,2,2,2,3,3,3,0.670502683,-0.096144314,-0.401231802,0,0,0,0,1,0,0,1,0,0,1,1,1,1,0,1,0,1,2,0,0,0,1,0,0,1,1,0,1,0,2,0,0,1,3,1,0,0,1,0,0,1,3,1,0,0,1,0,0,0,1,4
5775,3,2,0.001668542,1,85334,0,1,0,2,0,1,0,0,0,4,5,3,3,4,4,5,1,1,4,4,1,3,2,2,2,3,2,3,3,2,1,-0.720346663,0.121210658,0.461660536,0,1,0,0,2,1,1,1,0,0,2,0,4,1,0,1,0,0,3,1,1,0,0,0,0,-9,0,1,0,0,1,1,0,0,1,1,0,0,1,1,0,0,1,1,0,0,1,1,0,0,0,1
5778,10,4,0.297015549,1,32811,1,0,0,2,0,1,0,0,0,2,4,2,3,2,1,3,3,4,4,3,2,2,2,2,2,2,2,2,3,3,3,0.434534727,-1.781139571,-0.040766552,0,1,0,0,2,0,0,1,0,0,2,0,4,1,0,1,0,1,2,0,0,0,0,0,0,-9,0,0,0,1,3,0,0,1,3,0,0,1,3,0,1,0,2,1,0,0,1,0,0,1,0,3
5780,38,2,1.146498021,0,97845,0,0,1,1,1,0,0,0,0,1,5,0,5,3,1,1,1,2,4,2,2,2,2,2,2,2,2,2,3,3,3,1.2053767,0.099876533,0.311280254,0,1,0,0,2,0,0,1,0,0,2,0,4,1,0,1,1,0,1,0,0,0,1,0,0,1,1,1,0,0,1,1,0,0,1,1,0,0,1,0,0,1,3,1,0,0,1,1,0,0,0,1
5782,14,4,1.44693783,0,61554,0,1,0,3,0,0,1,0,0,2,6,4,3,2,1,5,1,4,4,2,1,1,1,3,2,1,1,1,2,2,4,-0.496067396,-1.061859061,0.087283124,0,1,0,0,2,0,0,1,0,0,2,0,4,0,1,2,0,0,3,1,0,0,0,1,0,1,1,0,1,0,2,0,1,0,2,1,0,0,1,0,1,0,2,1,0,0,1,0,0,1,0,3
5785,39,2,0.254594836,0,19606,0,1,0,1,1,0,0,0,0,2,5,5,4,5,1,4,1,4,5,3,1,1,1,2,2,2,2,2,2,1,2,-0.54376213,-1.463534196,0.982893891,0,1,0,0,2,1,1,1,0,0,2,0,4,0,1,2,0,0,3,1,0,0,1,0,0,1,1,0,1,0,2,0,1,0,2,1,0,0,1,0,0,1,3,1,0,0,1,0,1,0,0,2
5793,23,2,0.416208396,0,48864,0,1,0,3,0,0,1,0,0,2,2,3,3,3,4,2,3,3,3,3,3,2,2,3,2,3,3,3,3,3,2,-0.666844761,0.8479151,-1.166166501,0,0,0,0,1,1,1,1,0,0,2,0,4,0,1,2,0,0,3,1,1,0,0,0,0,1,1,1,0,0,1,1,0,0,1,0,1,0,2,0,0,1,3,1,0,0,1,0,1,0,0,2
5794,23,2,0.831273738,0,48910,0,1,0,5,0,0,0,0,1,1,5,5,5,5,5,5,5,5,5,5,2,2,2,2,2,2,2,2,3,3,3,0.943110689,1.53868431,1.329368397,0,0,0,0,1,0,0,1,0,0,1,1,1,1,0,1,0,0,3,0,0,0,1,0,0,-9,0,0,1,0,2,0,0,1,3,1,0,0,1,0,0,1,3,1,0,0,1,0,0,1,0,3
5795,33,1,1.341673648,0,10029,1,0,0,5,0,0,0,0,1,5,5,5,1,5,5,4,4,4,5,5,2,2,2,2,2,2,2,2,3,3,4,0.369021604,0.772090341,1.039527724,0,0,0,0,1,1,1,1,0,0,2,0,4,0,0,3,1,0,1,0,0,0,0,1,0,-9,0,0,0,1,3,0,0,1,3,0,0,1,3,0,0,1,3,0,0,1,3,0,0,1,0,3
5796,37,1,1.613977966,0,73068,0,0,1,3,0,0,1,0,0,1,5,5,5,4,3,4,2,5,3,5,2,3,2,3,2,2,2,3,3,3,3,-0.48847696,2.014215177,-1.086927171,0,1,0,0,2,0,0,1,0,0,2,0,4,0,1,2,1,0,1,0,0,0,0,1,0,-9,0,1,0,0,1,1,0,0,1,0,1,0,2,1,0,0,1,1,0,0,1,1,0,0,0,1
5797,26,4,0.857858058,0,64055,0,1,0,2,0,1,0,0,0,2,4,3,4,5,4,4,4,4,4,4,3,3,3,3,3,3,3,3,3,2,2,0.198929731,0.944021224,-0.03103476,0,0,0,0,1,0,0,0,1,0,2,0,2,0,1,2,0,1,2,0,0,0,0,1,0,-9,0,0,1,0,2,0,1,0,2,0,0,1,3,0,1,0,2,1,0,0,1,0,0,1,0,3
5800,22,1,0.753282559,0,2169,1,0,0,2,0,1,0,0,0,3,3,2,3,3,3,4,4,2,5,5,2,1,2,1,3,2,2,3,3,2,4,-0.79403586,0.557210796,-0.860998992,0,0,0,0,1,0,0,0,1,0,2,0,2,0,1,2,0,1,2,0,1,1,0,0,1,-9,0,0,0,1,3,0,0,1,3,0,1,0,2,0,1,0,2,0,0,1,3,0,0,0,1,4
5802,32,2,12.88702802,0,87364,0,0,1,3,0,0,1,0,0,3,4,3,4,4,3,4,4,4,5,5,3,3,2,2,3,3,2,3,1,1,2,0.920133556,1.043180094,0.327816214,0,1,0,0,2,1,1,0,0,0,2,0,5,1,0,1,0,0,3,0,0,0,1,1,0,1,1,1,0,0,1,1,0,0,1,1,0,0,1,0,1,0,2,1,0,0,1,1,0,0,0,1
5810,38,2,0.53142204,0,97214,1,0,0,2,0,1,0,0,0,2,4,3,2,4,2,4,2,4,4,4,1,1,1,1,1,1,1,1,1,1,1,0.474778197,-0.144522119,-0.901996898,1,0,0,0,1,1,1,0,0,0,1,1,1,1,0,1,1,0,1,0,0,0,1,0,1,-9,0,0,0,1,3,0,0,1,3,0,1,0,2,0,0,1,3,0,0,1,3,0,0,0,1,4
5815,23,2,0.983730677,0,48340,0,1,0,3,0,0,1,0,0,1,1,0,5,2,1,1,1,1,5,5,2,2,3,3,3,2,3,2,3,3,3,1.309400772,1.559139479,0.836041103,1,0,0,0,1,0,1,0,1,0,2,0,2,0,0,3,0,0,3,1,0,0,0,0,0,1,1,0,1,0,2,0,1,0,2,1,0,0,1,1,0,0,1,1,0,0,1,1,0,0,0,1
5816,45,4,0.299263448,1,78221,0,1,0,3,0,0,1,0,0,3,4,4,4,2,3,4,1,4,4,3,2,2,3,3,2,3,2,2,3,2,4,-0.296239613,-0.570391012,-0.447079298,1,0,0,0,1,0,0,1,0,0,1,1,1,1,0,1,0,0,3,1,0,0,0,0,1,-9,0,0,1,0,2,0,1,0,2,0,1,0,2,1,0,0,1,1,0,0,1,0,0,1,0,3
5817,3,2,0.455642408,1,85749,0,1,0,2,0,1,0,0,0,2,4,4,4,5,4,5,2,5,4,4,3,1,3,3,2,2,2,3,3,2,1,0.789525113,0.995267039,0.867673584,1,0,0,0,1,0,1,1,0,0,2,0,4,0,0,3,0,0,3,1,0,0,0,1,0,1,1,1,0,0,1,1,0,0,1,1,0,0,1,0,1,0,2,1,0,0,1,1,0,0,0,1
5822,16,2,0.632260208,0,50265,0,1,0,3,0,0,1,0,0,3,4,2,2,4,2,4,4,4,4,2,1,1,2,2,2,1,3,3,2,2,1,-0.679429441,-0.277231172,-0.620916459,1,0,0,0,1,1,1,1,0,0,2,0,4,1,0,1,0,0,3,0,0,0,0,0,0,1,1,0,1,0,2,0,0,1,3,0,1,0,2,0,0,1,3,1,0,0,1,0,0,1,0,3
5827,10,4,0.341600529,0,34601,0,1,0,4,0,0,0,1,0,3,5,4,4,3,3,3,4,5,4,4,2,2,2,3,2,2,2,3,4,4,4,-1.166458925,-0.91106567,0.131027177,1,1,0,0,2,0,0,1,0,0,1,1,1,1,0,1,0,1,2,0,0,0,0,0,0,-9,0,1,0,0,1,1,0,0,1,0,1,0,2,0,1,0,2,1,0,0,1,1,0,0,0,1
5829,49,2,0.064801749,0,98208,0,1,0,1,1,0,0,0,0,3,3,2,4,3,3,3,3,3,3,3,2,2,2,2,2,2,2,2,3,3,3,-0.39146127,0.685509454,-0.460775855,1,1,0,0,2,0,0,1,0,0,2,0,4,1,0,1,0,1,2,0,0,1,0,0,1,-9,0,0,1,0,2,0,0,1,3,0,0,1,3,0,1,0,2,1,0,0,1,0,0,1,0,3
5831,5,2,0.399269826,0,95035,1,0,0,3,0,0,1,0,0,3,5,1,4,1,3,3,4,5,5,4,2,2,2,2,2,2,2,2,3,3,3,0.364884123,1.175552184,0.001182295,1,1,0,0,2,1,1,0,0,1,2,0,3,1,0,1,0,0,3,0,0,0,0,1,0,-9,0,0,0,1,3,0,0,1,3,0,0,1,3,0,1,0,2,0,1,0,2,0,0,0,1,4
5833,3,1,0.127403514,1,85023,1,0,0,1,1,0,0,0,0,2,4,1,3,4,4,2,2,2,2,2,1,1,1,1,1,1,1,3,1,2,2,1.095939411,1.55228001,0.951417044,1,0,0,0,1,0,0,1,0,0,1,1,1,1,0,1,0,0,3,1,0,0,0,1,0,-9,0,0,0,1,3,0,0,1,3,0,1,0,2,1,0,0,1,1,0,0,1,0,0,1,0,3
5834,39,1,1.038399245,0,16117,0,1,0,5,0,0,0,0,1,4,4,2,3,3,5,3,3,4,4,4,2,3,3,2,2,2,2,2,3,3,4,-0.852185906,0.395997412,0.015053952,1,0,0,0,1,0,0,1,0,0,2,0,4,1,0,1,0,0,3,1,0,0,0,0,1,-9,0,1,0,0,1,0,1,0,2,1,0,0,1,0,0,1,3,1,0,0,1,1,0,0,0,1
5838,49,2,0.030709822,0,98101,1,0,0,3,0,0,1,0,0,3,3,3,3,2,3,3,2,4,2,3,3,1,1,3,2,1,2,1,2,2,3,0.662387951,0.979390878,-0.190415846,1,0,0,0,1,0,0,1,0,0,2,0,4,1,0,1,1,0,1,0,0,0,1,1,0,-9,0,0,0,1,3,0,0,1,3,0,0,1,3,0,0,1,3,0,0,1,3,0,0,0,1,4
5841,3,2,0.028003205,1,85019,1,0,0,4,0,0,0,1,0,2,5,3,3,5,5,5,4,5,5,5,3,3,2,3,3,3,3,2,2,2,2,1.177698742,1.296939413,0.176598797,1,0,0,0,1,0,0,0,1,0,2,0,2,1,0,1,0,0,3,0,0,0,0,0,0,-9,0,0,0,1,3,0,0,1,3,0,1,0,2,1,0,0,1,1,0,0,1,0,0,1,0,3
5855,3,2,0.064905515,1,85741,0,1,0,1,1,0,0,0,0,1,6,1,3,3,3,3,3,3,3,3,3,3,2,1,2,2,2,2,2,2,3,0.317958259,-0.097378313,0.590194984,1,0,0,0,1,0,0,1,0,0,2,0,4,0,1,2,0,0,3,1,0,0,1,1,0,-9,0,0,1,0,2,0,0,1,3,0,0,1,3,0,0,1,3,1,0,0,1,0,0,1,0,3
5856,49,3,0.020005464,0,98070,0,1,0,2,0,1,0,0,0,3,6,3,3,3,2,4,3,5,5,5,2,1,2,3,2,2,2,2,2,2,2,0.706521244,-0.366736612,0.793586138,1,0,0,0,1,0,0,1,0,0,2,0,4,1,0,1,0,1,2,0,0,0,0,1,0,-9,0,1,0,0,1,1,0,0,1,1,0,0,1,0,1,0,2,0,1,0,2,1,0,0,0,1
5858,26,1,1.897141927,0,62942,0,0,1,3,0,0,1,0,0,3,2,3,3,4,4,4,4,4,4,4,1,1,1,3,2,3,3,2,3,4,3,0.191921762,0.964443938,-0.267249849,0,0,0,0,1,0,0,1,0,0,2,0,4,0,1,2,0,0,3,0,0,0,1,1,0,1,1,1,0,0,1,1,0,0,1,1,0,0,1,1,0,0,1,1,0,0,1,1,0,0,0,1
5860,1,2,1.177633582,0,35217,0,1,0,2,0,1,0,0,0,3,4,3,4,5,2,5,4,5,5,5,3,2,2,3,3,1,1,1,2,2,2,0.02351537,0.589462665,0.702707637,1,0,0,0,1,0,1,0,1,0,2,0,2,0,1,2,0,0,3,1,0,0,0,1,0,-9,0,1,0,0,1,0,1,0,2,0,1,0,2,0,0,1,3,1,0,0,1,0,1,0,0,2
5865,45,2,6.503724118,1,78758,1,0,0,1,1,0,0,0,0,1,2,4,1,3,2,4,4,3,3,4,2,2,2,2,2,2,2,2,3,3,3,-0.028157092,-0.59546857,0.781670482,0,0,0,0,1,0,1,0,0,1,2,0,3,0,0,3,1,0,1,0,0,0,0,0,0,1,1,0,0,0,0,0,0,0,0,0,0,0,0,0,0,0,0,0,0,0,0,0,0,0,0,0
5866,45,2,6.462279636,1,78260,0,1,0,2,0,1,0,0,0,2,4,4,5,4,4,3,2,5,2,4,2,3,1,1,3,2,1,3,3,2,1,-1.403936693,1.444643938,-0.368994124,0,0,0,0,1,1,1,1,0,0,1,1,1,0,0,3,0,0,3,1,0,0,0,1,0,-9,0,1,0,0,1,1,0,0,1,1,0,0,1,1,0,0,1,1,0,0,1,1,0,0,0,1
5870,22,4,7.81415341,0,1075,0,1,0,3,0,0,1,0,0,2,5,2,2,2,1,4,3,1,1,3,2,2,2,2,2,2,2,2,3,3,3,-2.434845687,-0.912612314,1.531520719,0,0,0,0,1,0,0,1,0,0,2,0,4,0,0,3,0,0,3,0,0,0,0,1,0,1,1,1,0,0,1,0,1,0,2,1,0,0,1,0,1,0,2,1,0,0,1,0,1,0,0,2
5873,45,2,0.970138144,0,76502,0,1,0,2,0,1,0,0,0,2,3,3,3,4,3,3,2,4,4,3,1,2,2,1,2,3,3,3,2,3,2,0.147249248,1.430337529,-0.432030667,0,0,0,0,1,0,0,0,1,0,2,0,2,0,1,2,0,0,3,1,0,0,1,0,0,1,1,0,1,0,2,1,0,0,1,0,1,0,2,0,1,0,2,1,0,0,1,1,0,0,0,1
5878,19,1,4.142671466,0,71109,0,1,0,5,0,0,0,0,1,1,5,4,5,5,4,4,5,4,3,4,3,3,3,3,3,3,3,3,2,2,2,0.608176085,1.370184838,-0.349340609,0,0,0,0,1,0,0,0,1,0,1,1,1,1,0,1,0,0,3,1,1,0,0,1,0,1,1,0,1,0,2,1,0,0,1,0,0,1,3,1,0,0,1,1,0,0,1,1,0,0,0,1
5879,49,2,0.153460034,0,98188,1,0,0,3,0,0,1,0,0,1,4,4,4,5,5,5,3,5,5,4,2,2,2,1,2,2,2,2,2,2,3,1.162917337,1.099111268,0.509681301,0,1,0,0,2,1,1,0,0,1,2,0,3,0,1,2,0,0,3,1,0,0,1,1,0,1,1,0,0,1,3,0,0,1,3,0,0,1,3,0,0,1,3,0,0,1,3,0,0,1,0,3
5882,11,2,0.406230529,0,31503,0,1,0,5,0,0,0,0,1,1,5,4,5,5,5,4,4,4,5,5,1,1,3,1,3,3,3,3,1,1,1,0.694979967,1.15332703,0.390736735,0,1,0,0,2,0,0,0,1,0,2,0,2,1,0,1,0,1,2,1,0,0,0,0,0,-9,0,1,0,0,1,1,0,0,1,1,0,0,1,1,0,0,1,1,0,0,1,1,0,0,0,1
5883,3,2,0.048796354,1,85206,0,1,0,1,1,0,0,0,0,1,5,1,5,2,1,1,1,3,5,4,2,2,2,2,2,2,2,2,4,3,3,0.399221726,1.221519787,-0.097136847,0,0,0,0,1,1,1,1,0,0,2,0,4,0,0,3,0,0,3,1,0,0,1,0,0,-9,0,0,1,0,2,0,0,1,3,0,0,1,3,0,0,1,3,1,0,0,1,0,0,1,0,3
5887,49,2,0.261329083,0,98037,1,0,0,2,0,1,0,0,0,2,5,1,5,3,1,1,1,4,5,4,2,2,2,2,2,2,2,2,3,3,3,0.586349989,0.235952074,0.867110911,0,0,0,0,1,0,0,1,0,0,2,0,4,0,0,3,0,0,3,0,0,0,1,1,0,-9,0,0,0,1,3,0,1,0,2,0,1,0,2,0,1,0,2,1,0,0,1,0,0,1,0,3
5888,7,2,2.936792606,0,6905,0,1,0,4,0,0,0,1,0,2,5,5,4,4,2,2,2,4,3,3,2,2,2,2,2,2,3,1,1,1,3,-0.231968673,0.61157134,-0.731307596,0,0,0,0,1,1,1,1,0,0,1,1,1,0,0,3,1,0,1,0,0,0,1,1,0,-9,0,0,1,0,2,0,0,1,3,0,1,0,2,0,0,1,3,0,1,0,2,0,0,0,1,4
5889,25,3,0.376502376,0,39110,0,1,0,3,0,0,1,0,0,2,4,2,5,1,1,1,1,5,5,5,2,2,2,2,2,2,2,2,3,3,3,0.221249416,1.338599054,-1.247498636,0,0,0,0,1,0,0,1,0,0,2,0,4,1,0,1,0,0,3,0,0,0,0,1,0,-9,0,1,0,0,1,0,1,0,2,0,1,0,2,0,0,1,3,1,0,0,1,1,0,0,0,1
5895,49,2,0.001904138,0,20001,1,0,0,3,0,0,1,0,0,3,2,3,4,2,3,3,2,5,5,5,3,1,2,3,3,3,3,1,2,2,2,1.160912057,1.227465859,0.534668839,0,1,0,0,2,0,1,1,0,0,2,0,4,0,1,2,0,0,3,1,0,0,0,1,0,1,1,0,0,1,3,0,0,1,3,0,1,0,2,0,0,1,3,0,0,1,3,0,0,0,1,4
5897,23,2,1.309568877,0,49525,0,1,0,5,0,0,0,0,1,3,5,2,5,4,5,4,5,5,5,4,3,3,2,2,3,2,3,2,2,2,2,0.68734991,1.265084578,0.803496164,0,0,0,0,1,0,0,0,1,0,2,0,2,1,0,1,1,0,1,0,1,0,0,0,0,-9,0,1,0,0,1,0,1,0,2,0,1,0,2,0,1,0,2,1,0,0,1,1,0,0,0,1
5902,25,4,0.471912892,0,39083,0,1,0,3,0,0,1,0,0,3,4,4,4,5,1,2,3,4,5,4,2,2,2,2,2,2,2,2,4,4,4,-1.170280213,-1.05417293,-1.731487141,0,0,0,0,1,0,0,0,1,0,2,0,2,1,0,1,0,0,3,0,0,0,0,1,0,-9,0,1,0,0,1,1,0,0,1,0,1,0,2,0,0,1,3,1,0,0,1,1,0,0,0,1
5903,3,2,2.20E-09,0,20311,0,0,0,3,0,0,1,0,0,5,4,2,2,3,4,4,5,5,1,2,2,1,2,3,2,3,3,2,4,1,2,-2.040124625,1.093419902,0.761185383,0,0,0,0,1,0,0,0,0,1,2,0,3,1,0,1,0,0,3,1,0,0,0,0,1,-9,0,0,0,0,0,0,0,0,0,0,0,0,0,0,0,0,0,0,0,0,0,0,0,0,0,0
5904,30,2,0.224559283,0,3851,0,0,1,4,0,0,0,1,0,3,4,3,4,4,3,5,4,5,5,4,1,1,1,1,1,1,1,3,1,2,1,-0.393087284,-0.019198337,-0.067221917,0,0,0,0,1,1,1,1,0,0,2,0,4,0,1,2,1,0,1,0,0,0,1,1,0,1,1,1,0,0,1,1,0,0,1,0,1,0,2,1,0,0,1,1,0,0,1,1,0,0,0,1
5905,51,2,5.312514321,0,54457,0,1,0,2,0,1,0,0,0,1,1,3,2,5,3,4,3,5,5,4,1,1,2,1,1,3,3,3,2,2,2,0.538060238,0.102557293,-0.38352933,0,1,0,0,2,1,1,1,0,0,2,0,4,0,0,3,0,1,2,0,0,0,1,1,0,-9,0,1,0,0,1,1,0,0,1,1,0,0,1,0,0,1,3,1,0,0,1,1,0,0,0,1
5906,36,3,0.54068415,0,23410,0,0,1,1,1,0,0,0,0,1,4,1,4,5,1,3,1,4,2,2,2,3,3,1,3,2,2,2,3,2,3,-1.064598874,-0.677709752,-1.979695477,0,0,0,0,1,0,0,1,0,0,2,0,4,1,0,1,1,0,1,0,0,0,0,1,0,-9,0,1,0,0,1,1,0,0,1,0,1,0,2,0,0,1,3,1,0,0,1,1,0,0,0,1
5907,23,4,0.327799953,0,48035,0,1,0,5,0,0,0,0,1,1,6,5,4,4,3,4,5,5,3,5,3,2,3,3,3,3,3,3,2,2,2,1.058972669,1.182268835,1.220352723,0,0,0,0,1,0,0,1,0,0,2,0,4,1,0,1,0,0,3,0,1,0,0,1,0,-9,0,0,1,0,2,0,1,0,2,0,1,0,2,0,0,1,3,1,0,0,1,1,0,0,0,1
5909,14,3,1.765134077,0,60608,1,0,0,2,0,1,0,0,0,4,3,5,3,3,3,3,4,3,3,3,2,1,2,2,2,2,2,3,3,3,3,-0.633857779,-0.279462077,0.794942454,0,0,0,0,1,0,0,1,0,0,2,0,4,0,1,2,0,0,3,0,0,0,0,0,0,-9,0,0,0,1,3,0,0,1,3,0,0,1,3,0,1,0,2,0,0,1,3,0,0,0,1,4
5911,39,2,1.646546451,0,16801,1,0,0,2,0,1,0,0,0,1,1,0,5,5,1,1,1,4,4,1,2,2,2,2,2,2,2,2,4,4,4,-2.54368327,-1.265741037,-2.317437682,0,1,0,0,2,1,1,1,0,0,2,0,4,0,0,3,0,1,2,0,0,0,0,1,0,-9,0,0,0,1,3,0,0,1,3,0,1,0,2,0,0,1,3,1,0,0,1,0,0,0,1,4
5912,1,1,1.977491666,0,35005,0,1,0,2,0,1,0,0,0,2,3,1,5,5,2,4,1,1,5,5,1,3,1,1,1,1,3,2,2,2,1,-1.491789402,-0.143320319,0.954725929,0,0,0,0,1,0,0,1,0,0,2,0,4,0,1,2,1,0,1,0,0,0,0,1,0,-9,0,1,0,0,1,1,0,0,1,0,0,1,3,0,1,0,2,1,0,0,1,1,0,0,0,1
5914,11,1,1.804033958,0,31520,0,1,0,3,0,0,1,0,0,1,3,3,5,5,5,5,5,5,5,5,3,3,3,3,3,3,3,3,2,2,2,1.372183674,1.397672426,0.83001106,0,0,0,0,1,0,0,0,1,0,2,0,2,0,1,2,1,0,1,0,0,0,1,1,0,1,1,0,1,0,2,0,0,1,3,1,0,0,1,1,0,0,1,1,0,0,1,0,1,0,0,2
5921,45,3,8.528637045,1,77493,0,1,0,4,0,0,0,1,0,3,6,4,1,5,5,5,5,5,5,5,1,1,2,1,2,1,1,3,2,2,2,0.858798879,-0.649622602,0.200492906,0,0,0,0,1,0,0,0,1,0,2,0,2,0,1,2,0,0,3,1,0,0,0,1,0,-9,0,0,1,0,2,0,1,0,2,0,0,1,3,0,1,0,2,1,0,0,1,1,0,0,0,1
5922,14,4,0.167258348,0,60827,0,1,0,2,0,1,0,0,0,3,4,3,3,4,1,4,1,2,5,4,2,2,3,2,2,3,3,2,3,3,4,0.244748632,0.090523075,1.026469183,0,0,0,0,1,0,0,0,1,0,2,0,2,1,0,1,0,0,3,1,0,0,0,1,0,-9,0,0,0,1,3,0,1,0,2,0,0,1,3,1,0,0,1,0,0,1,3,0,0,0,1,4
5924,33,1,0.597936271,0,12208,1,0,0,1,1,0,0,0,0,1,2,4,1,5,2,2,2,3,3,4,2,2,2,2,2,1,2,3,4,3,3,-0.937484036,-0.542712975,-0.028888083,0,1,0,0,2,0,0,1,0,0,2,0,4,1,0,1,1,0,1,0,1,0,0,0,1,-9,0,0,0,1,3,0,0,1,3,1,0,0,1,0,1,0,2,1,0,0,1,0,0,0,1,4
5928,11,2,0.735297365,0,30033,0,1,0,4,0,0,0,1,0,3,4,4,1,4,3,3,1,3,5,3,1,2,2,2,2,2,2,2,2,1,3,0.031355898,0.247230606,0.179009429,0,0,0,0,1,1,1,0,1,0,2,0,2,0,1,2,0,0,3,1,0,0,1,0,0,-9,0,0,1,0,2,0,1,0,2,0,1,0,2,0,0,1,3,0,1,0,2,0,0,1,0,3
5929,48,2,0.39635336,0,23116,0,1,0,3,0,0,1,0,0,2,6,3,5,4,5,5,3,4,5,5,2,3,2,2,3,2,2,2,3,2,2,0.918920869,0.740788862,-1.235509664,0,0,0,0,1,0,0,1,0,0,2,0,4,1,0,1,0,0,3,0,0,0,0,1,0,1,1,1,0,0,1,1,0,0,1,0,1,0,2,0,1,0,2,1,0,0,1,1,0,0,0,1
5932,33,4,0.348814071,0,10466,1,0,0,1,1,0,0,0,0,1,1,0,3,3,3,3,3,3,3,3,2,2,2,2,2,2,2,2,3,3,3,-0.849085224,0.243209007,-1.040977825,0,0,0,0,1,0,0,0,1,0,2,0,2,1,0,1,1,0,1,0,0,0,0,1,1,1,1,0,0,1,3,0,0,1,3,1,0,0,1,1,0,0,1,0,0,1,3,0,0,1,0,3
5933,1,4,0.31983404,0,35023,0,1,0,5,0,0,0,0,1,1,5,4,5,4,3,1,1,2,3,4,1,3,2,2,2,2,3,1,2,3,4,-0.282260776,1.021541735,-0.920893672,0,0,0,0,1,0,0,0,1,0,2,0,2,1,0,1,0,0,3,1,0,0,0,0,0,-9,0,1,0,0,1,1,0,0,1,1,0,0,1,1,0,0,1,1,0,0,1,1,0,0,0,1
5935,25,2,1.203285504,0,38701,0,1,0,4,0,0,0,1,0,2,5,4,2,5,3,5,5,4,5,5,1,1,2,1,3,3,1,3,2,2,2,0.847940027,1.545063058,0.520998335,0,0,0,0,1,0,0,1,0,0,2,0,4,0,1,2,0,0,3,1,0,0,0,1,0,-9,0,1,0,0,1,0,1,0,2,0,1,0,2,0,0,1,3,1,0,0,1,0,1,0,0,2
5936,45,4,0.581914104,0,79602,0,1,0,3,0,0,1,0,0,2,4,2,2,2,1,3,3,3,4,3,2,2,2,2,2,2,2,2,3,3,3,-0.107072002,0.887843565,-0.087383106,0,0,0,0,1,0,0,1,0,0,2,0,4,1,0,1,0,0,3,0,0,0,0,1,0,-9,0,1,0,0,1,0,1,0,2,0,1,0,2,0,0,1,3,1,0,0,1,0,1,0,0,2
5937,10,2,7.052335289,1,33139,1,0,0,3,0,0,1,0,0,3,4,5,3,3,3,2,2,2,2,2,2,2,2,2,3,2,2,2,4,4,4,-0.342131167,0.328861882,-0.392720295,0,1,0,0,2,0,0,0,0,0,1,1,1,1,0,1,1,0,1,0,0,0,0,0,0,-9,0,0,0,1,3,0,0,1,3,1,0,0,1,0,0,1,3,0,1,0,2,0,0,0,1,4
5941,9,2,0.464471105,0,20002,1,0,0,2,0,1,0,0,0,3,2,4,4,4,3,4,3,4,4,5,2,3,2,2,2,3,2,2,1,3,2,0.126757576,1.567622559,0.495146573,0,0,0,0,1,1,1,0,1,0,2,0,2,0,1,2,0,0,3,1,0,0,1,0,0,-9,0,0,0,1,3,0,0,1,3,1,0,0,1,1,0,0,1,0,0,1,3,0,0,0,1,4
5943,26,2,0.649571268,0,63103,1,0,0,4,0,0,0,1,0,1,5,5,5,4,3,4,5,4,3,4,2,3,2,3,2,3,2,3,3,2,3,0.473802473,0.444067243,0.534622986,0,0,0,0,1,1,1,0,0,1,2,0,3,1,0,1,0,0,3,0,0,0,0,1,0,-9,0,0,0,1,3,0,0,1,3,0,0,1,3,0,0,1,3,0,0,1,3,0,0,0,1,4
5948,22,2,2.334789973,0,1056,0,1,0,1,1,0,0,0,0,3,4,3,3,3,2,3,2,2,4,2,2,2,2,2,2,2,2,2,2,2,4,-0.768421728,-0.886240545,-1.315042396,0,1,0,0,2,0,0,0,0,0,2,0,5,0,1,2,0,0,3,1,1,0,0,1,0,-9,0,1,0,0,1,1,0,0,1,0,1,0,2,0,0,1,3,1,0,0,1,0,1,0,0,2
5956,10,4,24.36898881,1,33412,0,1,0,1,1,0,0,0,0,2,1,4,3,4,1,1,1,5,5,1,2,2,2,2,2,2,2,2,4,4,4,1.350495846,-0.389924016,-1.26912275,0,0,0,0,1,0,0,0,1,0,2,0,2,0,0,3,0,0,3,1,1,0,0,1,0,-9,0,1,0,0,1,1,0,0,1,0,0,1,3,0,0,1,3,1,0,0,1,1,0,0,0,1
5957,11,2,0.561085237,0,30548,0,1,0,3,0,0,1,0,0,3,5,2,2,5,2,3,2,3,5,3,1,1,1,2,2,1,1,3,3,2,3,1.031154949,1.393557231,0.691968978,0,0,0,0,1,0,0,0,1,0,2,0,2,1,0,1,1,0,1,0,0,0,1,1,0,-9,0,1,0,0,1,1,0,0,1,0,1,0,2,0,1,0,2,1,0,0,1,1,0,0,0,1
5958,10,4,0.413882122,1,33065,1,0,0,1,1,0,0,0,0,1,5,0,5,5,1,1,1,2,1,1,1,3,2,3,2,2,2,2,3,2,4,-2.224548242,0.644903302,-0.005942273,0,0,0,0,1,1,1,1,0,0,2,0,4,1,0,1,0,0,3,0,0,0,0,1,0,-9,0,0,0,1,3,0,0,1,3,0,0,1,3,0,0,1,3,1,0,0,1,0,0,1,0,3
5962,1,1,1.258782857,0,35216,0,1,0,2,0,1,0,0,0,1,5,5,4,4,2,4,3,5,3,4,1,1,1,1,2,2,2,2,3,3,3,-0.540718287,-0.338256096,-0.494514691,0,0,0,0,1,0,0,0,1,0,2,0,2,1,0,1,0,0,3,1,0,0,1,0,0,1,1,0,1,0,2,0,0,1,3,0,0,1,3,0,1,0,2,1,0,0,1,0,0,1,0,3
5967,3,2,0.066687697,0,98333,0,1,0,3,0,0,1,0,0,2,4,3,4,3,3,4,2,3,4,5,1,2,1,1,1,1,1,3,2,2,2,0.186335777,0.947181352,0.364115079,0,0,0,0,1,1,1,1,0,0,2,0,4,0,1,2,1,0,1,0,0,0,1,0,0,-9,0,1,0,0,1,1,0,0,1,1,0,0,1,1,0,0,1,1,0,0,1,1,0,0,0,1
5968,16,3,0.778549832,0,50150,0,0,1,3,0,0,1,0,0,3,5,2,4,3,1,1,1,3,2,1,2,2,2,2,2,1,2,3,4,4,4,-2.459848821,-0.261718487,0.055606182,0,0,0,0,1,0,0,1,0,0,2,0,4,0,0,0,0,0,3,0,0,0,0,1,0,-9,0,1,0,0,1,1,0,0,1,1,0,0,1,1,0,0,1,1,0,0,1,1,0,0,0,1
5972,20,3,0.404733409,0,3908,0,0,0,4,0,0,0,1,0,2,5,5,2,5,2,2,1,4,4,2,2,2,3,3,2,2,2,2,3,2,4,0.592694271,-0.948605284,-0.607822992,0,0,0,0,1,0,0,1,0,0,2,0,4,0,0,0,0,0,3,0,0,0,0,1,0,-9,0,0,0,0,0,0,0,0,0,0,0,0,0,0,0,0,0,0,0,0,0,0,0,0,0,0
5978,45,2,0.560547497,1,77331,0,0,1,3,0,0,1,0,0,3,5,3,5,4,2,2,4,2,1,2,2,2,2,1,2,2,2,2,3,1,4,-1.241270017,-0.854728239,-0.938237104,0,1,0,0,2,0,0,1,0,0,2,0,4,1,0,1,0,0,3,0,0,0,0,1,0,-9,0,0,0,0,0,0,0,0,0,0,0,0,0,0,0,0,0,0,0,0,0,0,0,0,0,0
5981,14,2,0.477866564,0,60510,0,1,0,2,0,1,0,0,0,1,2,3,4,5,1,5,1,5,3,3,1,1,2,2,2,2,2,2,2,2,2,-0.539913809,0.22066535,1.424400207,0,1,0,0,2,1,1,1,0,0,2,0,4,1,0,1,1,0,1,0,0,0,1,0,0,-9,0,0,1,0,2,0,1,0,2,1,0,0,1,0,0,1,3,0,1,0,2,0,1,0,0,2
5982,22,3,0.29220249,0,1013,0,1,0,5,0,0,0,0,1,1,1,5,4,5,1,1,1,5,5,3,1,1,1,1,2,2,2,3,4,4,1,0.202013743,-0.289295564,1.557470441,0,1,0,0,2,0,0,1,0,0,2,0,4,1,0,1,1,0,1,0,0,0,0,0,0,-9,0,0,1,0,2,0,1,0,2,0,0,1,3,0,0,1,3,1,0,0,1,0,0,0,1,4
5984,36,2,1.171748542,0,45227,0,1,0,3,0,0,1,0,0,1,4,3,2,4,1,1,2,4,4,2,3,2,2,2,2,2,2,2,2,3,3,-0.261843484,1.354487031,0.350741356,0,0,0,0,1,0,0,1,0,0,2,0,4,0,1,2,0,1,2,0,0,0,1,1,1,-9,0,0,1,0,2,0,0,1,3,0,1,0,2,0,1,0,2,1,0,0,1,0,0,0,1,4
5988,7,4,1.02662712,0,6098,0,1,0,3,0,0,1,0,0,3,5,4,3,3,3,3,3,5,4,1,2,2,2,2,2,2,2,2,3,3,3,-1.685620239,-1.500392094,-0.131722831,0,0,1,0,3,0,0,1,0,0,2,0,4,1,0,1,1,0,1,0,1,0,0,0,1,-9,0,1,0,0,1,1,0,0,1,1,0,0,1,0,1,0,2,1,0,0,1,1,0,0,0,1
5990,45,4,0.226320461,0,78945,0,0,1,2,0,1,0,0,0,2,6,1,5,5,4,5,1,4,5,3,1,1,2,2,2,1,2,2,3,3,1,0.095168644,-0.877886494,0.394844015,1,0,0,1,4,0,0,1,0,0,2,0,4,1,0,1,0,1,2,0,0,0,0,0,0,-9,0,1,0,0,1,1,0,0,1,0,1,0,2,1,0,0,1,1,0,0,1,1,0,0,0,1
5993,45,2,0.715739649,1,75076,0,0,1,1,1,0,0,0,0,1,5,1,5,3,1,1,1,5,1,1,2,2,2,2,2,2,2,2,4,2,2,0.615947326,1.309786082,0.572939485,0,0,0,1,4,0,0,1,0,0,2,0,4,1,0,1,0,1,2,0,0,1,1,1,0,-9,0,1,0,0,1,1,0,0,1,0,1,0,2,1,0,0,1,1,0,0,1,1,0,0,0,1
5994,1,4,0.838092869,0,35750,0,0,1,1,1,0,0,0,0,1,5,2,4,5,1,1,1,1,1,1,2,1,2,2,2,2,2,2,4,3,4,1.09498645,-0.847559054,1.14009592,1,0,0,1,4,0,0,1,0,0,2,0,4,1,0,1,1,0,1,0,0,0,0,1,0,-9,0,1,0,0,1,1,0,0,1,1,0,0,1,1,0,0,1,1,0,0,1,1,0,0,0,1
5995,44,4,0.283403009,0,38583,0,1,0,3,0,0,1,0,0,3,5,5,2,3,3,4,3,5,5,5,2,2,2,2,2,2,2,2,3,2,3,-0.179631897,-0.396827726,0.552267065,1,0,0,1,4,1,1,1,0,0,2,0,4,0,0,0,1,0,1,0,0,0,0,1,1,-9,0,1,0,0,1,1,0,0,1,1,0,0,1,1,0,0,1,1,0,0,1,1,0,0,0,1
6001,7,4,1.092049029,0,6374,0,1,0,1,1,0,0,0,0,1,5,1,5,5,1,1,1,4,5,1,1,1,2,2,2,2,2,3,3,3,3,1.07012605,-0.057425239,-0.086540501,1,0,0,1,4,0,1,1,0,0,2,0,4,0,0,3,0,1,2,0,0,0,0,1,0,0,0,1,0,0,1,1,0,0,1,0,1,0,2,0,0,1,3,1,0,0,1,1,0,0,0,1
6004,24,4,0.273578702,0,55437,0,1,0,2,0,1,0,0,0,3,5,3,2,4,2,3,2,4,4,2,2,2,3,2,1,1,1,3,3,3,2,0.31330066,0.240216637,0.219053257,1,0,0,1,4,0,0,1,0,0,2,0,4,0,1,2,0,0,3,0,0,0,0,1,0,-9,0,0,1,0,2,0,0,1,3,0,1,0,2,1,0,0,1,1,0,0,1,0,1,0,0,2
6012,22,4,0.572355496,0,2115,1,0,0,3,0,0,1,0,0,3,4,3,4,4,2,2,2,2,4,4,1,1,2,2,2,2,2,3,4,2,4,-0.052758923,-0.746858636,-1.616625357,0,0,0,1,4,1,1,1,0,0,2,0,4,0,0,3,0,1,2,0,0,0,0,0,0,-9,0,0,0,1,3,0,0,1,3,0,0,1,3,0,1,0,2,0,0,1,3,0,0,0,1,4
6013,18,4,0.826720008,0,42420,0,1,0,4,0,0,0,1,0,4,5,5,2,4,2,4,2,4,4,4,2,2,2,3,3,2,2,3,2,2,3,0.645946376,0.315114466,-1.756307438,1,0,1,0,3,0,0,1,0,0,2,0,4,1,0,1,1,0,1,0,0,0,0,1,0,-9,0,1,0,0,1,1,0,0,1,0,1,0,2,0,1,0,2,1,0,0,1,1,0,0,0,1
6015,18,4,0.411951111,0,40213,0,1,0,1,1,0,0,0,0,3,4,3,4,5,2,2,1,5,4,3,2,1,2,2,2,2,2,3,3,3,4,0.255356643,-0.359208725,0.036492691,1,0,0,1,4,0,0,1,0,0,2,0,4,1,0,1,0,1,2,0,0,0,0,0,0,1,1,0,1,0,2,0,0,1,3,0,1,0,2,0,0,1,3,1,0,0,1,0,0,1,0,3
6016,18,2,1.206859869,0,40701,0,1,0,4,0,0,0,1,0,1,5,5,5,4,3,4,2,5,4,5,1,1,1,1,2,2,2,2,1,3,3,0.94849458,-1.79846059,0.085261101,0,1,0,0,2,0,0,1,0,0,2,0,4,0,1,2,1,0,1,0,1,1,1,1,0,1,1,1,0,0,1,0,1,0,2,0,1,0,2,0,1,0,2,1,0,0,1,0,1,0,0,2
6017,16,4,1.575747583,0,50248,0,1,0,1,1,0,0,0,0,1,5,1,3,4,1,1,1,2,4,3,2,1,2,1,1,2,2,2,4,2,4,0.60317159,-0.442562196,0.066066449,1,0,0,1,4,0,0,1,0,0,2,0,4,0,1,2,0,1,2,0,0,0,0,1,0,-9,0,1,0,0,1,1,0,0,1,0,1,0,2,0,0,1,3,1,0,0,1,1,0,0,0,1
6027,7,4,0.288107474,0,6109,0,1,0,4,0,0,0,1,0,2,4,5,2,2,4,4,2,5,5,5,2,3,3,3,3,1,1,3,1,2,2,1.163179527,0.615360681,0.002456847,0,0,0,1,4,0,0,1,0,0,2,0,4,1,0,1,0,1,2,0,0,0,0,0,0,1,1,0,1,0,2,0,1,0,2,0,0,1,3,1,0,0,1,1,0,0,1,0,0,1,0,3
6028,41,4,0.201434073,0,2864,0,1,0,2,0,1,0,0,0,3,3,4,2,4,4,3,2,3,4,3,2,2,3,3,2,3,2,3,3,2,3,-0.64674711,0.34536811,-0.801604201,0,0,1,0,3,0,1,1,0,0,2,0,4,1,0,1,1,0,1,0,0,0,0,0,0,-9,0,0,1,0,2,0,1,0,2,1,0,0,1,0,0,1,3,1,0,0,1,0,0,1,0,3
6031,26,2,0.909042112,0,64152,0,1,0,2,0,1,0,0,0,3,4,2,4,4,2,2,2,3,3,3,2,2,2,2,2,2,2,2,3,3,3,-0.52975197,0.836247238,0.163575024,0,0,0,1,4,1,1,1,0,0,2,0,4,0,1,2,0,1,2,0,0,0,0,1,0,-9,0,1,0,0,1,1,0,0,1,0,1,0,2,1,0,0,1,1,0,0,1,1,0,0,0,1
6032,24,4,0.529957645,0,55060,0,1,0,3,0,0,1,0,0,3,6,4,3,3,3,3,1,3,3,3,2,2,2,2,2,2,2,2,4,3,4,-0.476966499,-0.084837541,-1.33892193,1,0,0,1,4,0,0,1,0,0,2,0,4,1,0,1,1,0,1,0,0,0,0,1,0,1,1,1,0,0,1,0,1,0,2,0,1,0,2,1,0,0,1,1,0,0,1,1,0,0,0,1
6034,17,2,3.445150847,0,66061,0,1,0,3,0,0,1,0,0,3,5,4,1,1,2,4,1,3,5,4,2,2,3,1,3,1,2,2,3,2,4,0.665386742,-0.564011451,0.338258293,1,0,0,1,4,0,0,1,0,0,2,0,4,0,1,2,0,0,3,1,0,0,1,1,0,1,1,0,1,0,2,0,0,1,3,0,0,1,3,1,0,0,1,1,0,0,1,0,0,1,0,3
6037,24,4,0.91483373,0,55426,0,1,0,3,0,0,1,0,0,3,5,4,1,5,2,4,5,4,5,5,2,2,1,3,1,3,3,3,2,2,2,1.34640328,1.297298967,0.136606255,1,0,0,1,4,0,0,1,0,0,2,0,4,0,1,2,1,0,1,0,0,0,0,1,0,-9,0,0,1,0,2,0,0,1,3,0,0,1,3,0,1,0,2,1,0,0,1,0,0,0,1,4
6043,34,4,0.873618219,0,28173,0,1,0,2,0,1,0,0,0,2,5,1,4,4,4,4,4,4,4,4,2,2,2,2,2,2,2,2,3,3,3,1.140197657,0.382767527,-0.115238188,0,0,0,1,4,1,1,1,0,0,2,0,4,0,0,3,0,1,2,0,0,0,0,1,0,-9,0,1,0,0,1,1,0,0,1,1,0,0,1,0,1,0,2,1,0,0,1,1,0,0,0,1
6045,50,2,3.924737066,0,26601,0,1,0,2,0,1,0,0,0,2,4,3,1,4,1,1,1,5,5,1,1,1,1,1,1,1,1,1,1,1,1,-0.761763811,0.879874162,-0.704282373,1,1,0,0,2,0,1,1,0,0,2,0,4,0,0,3,0,1,2,0,1,0,0,1,0,1,1,1,0,0,1,1,0,0,1,1,0,0,1,1,0,0,1,1,0,0,1,1,0,0,0,1
6046,33,4,1.096542169,0,14217,1,0,0,3,0,0,1,0,0,3,4,3,2,4,3,3,3,4,4,3,1,1,1,1,1,1,2,3,4,2,4,-1.275520204,-0.026162835,-0.045303885,1,0,0,1,4,0,0,1,0,0,2,0,4,0,1,2,0,1,2,0,0,0,0,1,0,-9,0,0,0,1,3,0,0,1,3,0,1,0,2,0,0,1,3,1,0,0,1,0,0,0,1,4
6048,5,4,0.005939602,0,90810,1,0,0,2,0,1,0,0,0,2,6,3,3,3,3,3,3,3,3,3,2,2,2,2,2,2,2,2,4,3,4,-0.920704368,-0.620901228,-0.879007086,0,0,0,1,4,1,1,1,0,0,2,0,4,0,0,0,0,1,2,0,0,0,0,1,0,0,0,0,0,1,3,0,0,1,3,0,0,1,3,0,1,0,2,0,1,0,2,0,1,0,0,2
6051,5,4,0.001038119,1,95605,0,0,1,3,0,0,1,0,0,3,5,4,4,3,3,4,2,3,4,2,1,1,1,1,2,2,2,3,1,2,1,0.456848466,-1.970647582,-0.589331893,1,0,1,0,3,0,0,1,0,0,2,0,4,1,0,1,0,1,2,0,1,0,0,0,0,-9,0,1,0,0,1,1,0,0,1,0,1,0,2,0,1,0,2,1,0,0,1,1,0,0,0,1
6054,26,4,0.5689055,0,63366,0,1,0,1,1,0,0,0,0,1,5,2,5,4,1,4,1,1,2,3,2,2,2,2,2,2,2,2,3,3,4,0.282897498,0.553210964,-0.107895975,0,0,0,1,4,0,1,1,0,0,2,0,4,0,1,2,1,0,1,0,0,0,0,1,0,1,1,0,1,0,2,0,1,0,2,0,0,1,3,0,0,1,3,1,0,0,1,1,0,0,0,1
6055,23,4,0.347694444,0,48519,0,1,0,2,0,1,0,0,0,3,5,3,2,5,1,1,1,5,5,4,2,2,2,2,2,2,2,3,3,2,3,1.664055684,-0.598370011,0.456316868,1,0,1,1,4,0,1,1,0,0,2,0,4,1,0,1,1,0,1,0,0,0,0,1,0,-9,0,1,0,0,1,1,0,0,1,1,0,0,1,0,1,0,2,1,0,0,1,1,0,0,0,1
6056,38,4,0.083991859,0,97004,0,0,1,2,0,1,0,0,0,3,5,3,4,4,2,2,2,4,4,4,2,3,2,2,2,3,2,3,3,2,2,0.132352233,-0.011872356,0.238054375,1,0,0,1,4,0,0,1,0,0,2,0,4,1,0,1,0,1,2,0,0,0,0,1,0,-9,0,1,0,0,1,1,0,0,1,1,0,0,1,1,0,0,1,1,0,0,1,1,0,0,0,1
6057,29,4,0.005681329,0,89460,0,1,0,2,0,1,0,0,0,3,6,2,4,5,1,1,1,1,4,1,2,2,2,2,2,2,2,2,4,4,4,-0.621027716,-1.2000303,0.397994317,0,0,0,1,4,0,0,1,0,0,2,0,4,1,0,1,1,0,1,0,0,0,0,0,0,1,1,0,1,0,2,1,0,0,1,1,0,0,1,1,0,0,1,1,0,0,1,1,0,0,0,1
6058,3,4,0.092514032,1,85750,0,1,0,1,1,0,0,0,0,1,5,2,1,2,1,4,3,4,4,3,2,2,2,2,2,2,2,2,4,3,3,0.088627783,-0.595594612,-0.6309755,1,0,0,1,4,0,1,1,0,0,2,0,4,0,0,3,0,1,2,0,0,0,0,1,0,-9,0,0,1,0,2,0,1,0,2,1,0,0,1,1,0,0,1,1,0,0,1,1,0,0,0,1
6063,1,4,0.279192717,0,35125,0,0,1,1,1,0,0,0,0,2,2,2,5,5,1,1,1,4,4,3,2,2,2,2,2,2,2,2,3,2,3,-0.140955194,-1.072272449,0.35523113,1,0,1,0,3,0,0,1,0,0,2,0,4,1,0,1,1,0,1,0,0,0,0,0,1,-9,0,1,0,0,1,1,0,0,1,0,1,0,2,0,0,1,3,1,0,0,1,1,0,0,0,1
6064,1,4,2.051392763,0,36701,0,1,0,2,0,1,0,0,0,2,4,4,5,2,1,2,1,4,5,1,1,3,3,3,3,3,2,2,2,2,4,0.37569796,-0.105139303,0.453398713,1,0,0,1,4,0,1,1,0,0,2,0,4,0,0,3,0,1,2,0,0,0,0,1,0,-9,0,1,0,0,1,1,0,0,1,1,0,0,1,0,1,0,2,1,0,0,1,1,0,0,0,1
6065,37,4,1.177571902,0,73173,0,1,0,1,1,0,0,0,0,1,5,1,4,4,1,1,1,1,2,1,2,2,2,2,2,2,2,2,1,3,1,0.183821073,-0.893430824,-0.202927048,0,0,0,1,4,1,1,1,0,0,2,0,4,0,1,2,0,1,2,0,0,0,0,1,0,1,1,1,0,0,1,1,0,0,1,1,0,0,1,0,1,0,2,1,0,0,1,1,0,0,0,1
6068,32,4,3.06E-05,0,87107,0,1,0,5,0,0,0,0,1,4,5,5,1,5,4,1,1,3,4,3,2,2,3,2,2,1,1,3,4,4,4,-0.081704003,-0.235235926,-0.955849152,1,0,1,0,3,0,0,1,0,0,1,1,1,0,0,0,0,1,2,0,0,0,0,1,1,-9,0,0,1,0,2,0,0,1,3,0,1,0,2,0,0,1,3,0,1,0,2,0,0,1,0,3
6074,26,4,0.864848699,0,64481,0,0,1,1,1,0,0,0,0,1,3,1,3,3,3,3,4,4,4,3,1,2,2,2,2,1,2,3,1,3,3,-0.202893636,1.273662101,-0.012369383,1,1,0,0,2,0,0,1,0,0,2,0,4,1,0,1,0,0,3,1,0,0,0,1,0,-9,0,1,0,0,1,1,0,0,1,0,1,0,2,0,0,1,3,1,0,0,1,1,0,0,0,1
6076,1,2,0.424884245,0,36081,0,1,0,2,0,1,0,0,0,3,4,3,4,2,2,3,2,3,4,3,1,1,2,3,2,2,3,2,4,3,2,0.8011287,-0.724501689,-0.221191927,1,0,1,0,3,0,0,1,0,0,2,0,4,1,0,1,0,0,3,0,1,0,0,0,0,1,1,1,0,0,1,1,0,0,1,1,0,0,1,0,0,1,3,1,0,0,1,1,0,0,0,1
6077,45,2,2.370637763,1,78212,1,0,0,4,0,0,0,1,0,1,5,4,5,4,3,4,5,4,5,5,1,2,3,3,1,3,2,2,2,2,3,0.55667193,1.002052805,0.815993273,0,1,0,0,2,0,1,1,0,0,2,0,4,0,0,3,0,0,3,1,0,0,0,1,0,-9,0,0,1,0,2,0,0,1,3,0,1,0,2,0,0,1,3,1,0,0,1,0,0,0,1,4
