sheet,event,activity,n,variable_group,base,comparison,in_model,P_base_less,P_base_same,P_base_more,P_comp_less,P_comp_same,P_comp_more,ATE_abs_less,ATE_abs_same,ATE_abs_more,ATE_pct_less,ATE_pct_same,ATE_pct_more
heat_Car,Extreme Heat,Using a car for traveling,2653,Gender,Male,Female,FALSE,0.1857718489677116,0.6418464870047436,0.172381664027547,0.1857718489677116,0.6418464870047436,0.172381664027547,0.0,0.0,0.0,0.0,0.0,0.0
heat_Car,Extreme Heat,Using a car for traveling,2653,Age Group,18-30,31-50,FALSE,0.1857718489677116,0.6418464870047436,0.172381664027547,0.1857718489677116,0.6418464870047436,0.172381664027547,0.0,0.0,0.0,0.0,0.0,0.0
heat_Car,Extreme Heat,Using a car for traveling,2653,Age Group,18-30,51-65,FALSE,0.1857718489677116,0.6418464870047436,0.172381664027547,0.1857718489677116,0.6418464870047436,0.172381664027547,0.0,0.0,0.0,0.0,0.0,0.0
heat_Car,Extreme Heat,Using a car for traveling,2653,Age Group,18-30,65+,FALSE,0.1857718489677116,0.6418464870047436,0.172381664027547,0.1857718489677116,0.6418464870047436,0.172381664027547,0.0,0.0,0.0,0.0,0.0,0.0
heat_Car,Extreme Heat,Using a car for traveling,2653,Household Income,Less than $50k,$50k-$100k,FALSE,0.1857718489677116,0.6418464870047436,0.172381664027547,0.1857718489677116,0.6418464870047436,0.172381664027547,0.0,0.0,0.0,0.0,0.0,0.0
heat_Car,Extreme Heat,Using a car for traveling,2653,Household Income,Less than $50k,$100k or higher,FALSE,0.1857718489677116,0.6418464870047436,0.172381664027547,0.1857718489677116,0.6418464870047436,0.172381664027547,0.0,0.0,0.0,0.0,0.0,0.0
heat_Car,Extreme Heat,Using a car for traveling,2653,Household Size,3+ persons,1 person,FALSE,0.1751026995455126,0.6433292001429359,0.1815681003115522,0.1751026995455126,0.6433292001429359,0.1815681003115522,0.0,0.0,0.0,0.0,0.0,0.0
heat_Car,Extreme Heat,Using a car for traveling,2653,Household Size,3+ persons,2 persons,TRUE,0.1751026995455126,0.6433292001429359,0.1815681003115522,0.2058844801621902,0.6408860981333676,0.1532294217044439,0.03078178061667761,-0.002443102009568321,-0.02833867860710826,17.57927244786813,-0.3797592288715496,-15.60774087435073
heat_Car,Extreme Heat,Using a car for traveling,2653,Child in household,No child,Has child,FALSE,0.1857718489677116,0.6418464870047436,0.172381664027547,0.1857718489677116,0.6418464870047436,0.172381664027547,0.0,0.0,0.0,0.0,0.0,0.0
heat_Car,Extreme Heat,Using a car for traveling,2653,Disability,No disability,Has disability,FALSE,0.1857718489677116,0.6418464870047436,0.172381664027547,0.1857718489677116,0.6418464870047436,0.172381664027547,0.0,0.0,0.0,0.0,0.0,0.0
heat_Car,Extreme Heat,Using a car for traveling,2653,Works outdoors,No,Yes,FALSE,0.1857718489677116,0.6418464870047436,0.172381664027547,0.1857718489677116,0.6418464870047436,0.172381664027547,0.0,0.0,0.0,0.0,0.0,0.0
heat_Car,Extreme Heat,Using a car for traveling,2653,Zero-vehicle HH,Has vehicle,Zero vehicle,FALSE,0.1857718489677116,0.6418464870047436,0.172381664027547,0.1857718489677116,0.6418464870047436,0.172381664027547,0.0,0.0,0.0,0.0,0.0,0.0
heat_Car,Extreme Heat,Using a car for traveling,2653,Stand-alone house,Not stand-alone,Stand-alone house,TRUE,0.1735587241077186,0.6425522120130828,0.1838890638791993,0.1951702459981769,0.6417128732426559,0.163116880759167,0.0216115218904584,-0.0008393387704268562,-0.02077218312003229,12.4519939873753,-0.130625769351451,-11.29604049410898
heat_Car,Extreme Heat,Using a car for traveling,2653,Rural,Not rural,Rural,FALSE,0.1857718489677116,0.6418464870047436,0.172381664027547,0.1857718489677116,0.6418464870047436,0.172381664027547,0.0,0.0,0.0,0.0,0.0,0.0
heat_Car,Extreme Heat,Using a car for traveling,2653,Population Density,Low,Medium,FALSE,0.1930808396750807,0.6421915179190899,0.1647276424058313,0.1930808396750807,0.6421915179190899,0.1647276424058313,0.0,0.0,0.0,0.0,0.0,0.0
heat_Car,Extreme Heat,Using a car for traveling,2653,Population Density,Low,High,TRUE,0.1930808396750807,0.6421915179190899,0.1647276424058313,0.1702045925333615,0.6426683761353716,0.1871270313312666,-0.02287624714171921,0.0004768582162817392,0.02239938892543533,-11.84801515272862,0.07425482943576013,13.59783251814597
heat_Car,Extreme Heat,Using a car for traveling,2653,Transit Access,Low,Medium,FALSE,0.1857718489677116,0.6418464870047436,0.172381664027547,0.1857718489677116,0.6418464870047436,0.172381664027547,0.0,0.0,0.0,0.0,0.0,0.0
heat_Car,Extreme Heat,Using a car for traveling,2653,Transit Access,Low,High,FALSE,0.1857718489677116,0.6418464870047436,0.172381664027547,0.1857718489677116,0.6418464870047436,0.172381664027547,0.0,0.0,0.0,0.0,0.0,0.0
heat_Car,Extreme Heat,Using a car for traveling,2653,Walkability Index,Very low,Low,FALSE,0.1857718489677116,0.6418464870047436,0.172381664027547,0.1857718489677116,0.6418464870047436,0.172381664027547,0.0,0.0,0.0,0.0,0.0,0.0
heat_Car,Extreme Heat,Using a car for traveling,2653,Walkability Index,Very low,High,FALSE,0.1857718489677116,0.6418464870047436,0.172381664027547,0.1857718489677116,0.6418464870047436,0.172381664027547,0.0,0.0,0.0,0.0,0.0,0.0
heat_Car,Extreme Heat,Using a car for traveling,2653,Walkability Index,Very low,Very high,FALSE,0.1857718489677116,0.6418464870047436,0.172381664027547,0.1857718489677116,0.6418464870047436,0.172381664027547,0.0,0.0,0.0,0.0,0.0,0.0
heat_Car,Extreme Heat,Using a car for traveling,2653,Employment status,Worker,Non-worker,TRUE,0.1640091355074495,0.6445355401485577,0.1914553243439935,0.2060466727147554,0.6425266343033418,0.1514266929819044,0.04203753720730596,-0.002008905845215958,-0.04002863136208917,25.63121686925578,-0.3116827110500267,-20.90755715425732
heat_Car,Extreme Heat,Using a car for traveling,2653,Race,Other race,White,TRUE,0.2343366071838995,0.6334914029443236,0.1321719898717774,0.1853211116347004,0.6425211342954057,0.1721577540698945,-0.04901549554919912,0.009029731351082093,0.03998576419811709,-20.91670445272489,1.425391301146939,30.25282757481978
heat_Car,Extreme Heat,Using a car for traveling,2653,Race,Other race,Black,TRUE,0.2343366071838995,0.6334914029443236,0.1321719898717774,0.1668796583422599,0.6421775590666627,0.1909427825910782,-0.06745694884163961,0.00868615612233914,0.0587707927193008,-28.78634697851611,1.371156117031402,44.4653914769048
heat_Car,Extreme Heat,Using a car for traveling,2653,Race,Other race,Asian,FALSE,0.2343366071838995,0.6334914029443236,0.1321719898717774,0.2343366071838995,0.6334914029443236,0.1321719898717774,0.0,0.0,0.0,0.0,0.0,0.0
heat_Car,Extreme Heat,Using a car for traveling,2653,Hispanic,Not Hispanic,Hispanic,TRUE,0.1885708697453641,0.6425030459292507,0.1689260843253874,0.1500469175804333,0.6396761994714693,0.2102768829480982,-0.03852395216493079,-0.002826846457781418,0.04135079862271079,-20.42942911434383,-0.4399740165734088,24.47863442040153
heat_Car,Extreme Heat,Using a car for traveling,2653,Education (edu_bs),edu_bs = 0,edu_bs = 1,FALSE,0.1857718489677116,0.6418464870047436,0.172381664027547,0.1857718489677116,0.6418464870047436,0.172381664027547,0.0,0.0,0.0,0.0,0.0,0.0
heat_Car,Extreme Heat,Using a car for traveling,2653,Education (bs_grad),bs_grad = 0,bs_grad = 1,FALSE,0.1857718489677116,0.6418464870047436,0.172381664027547,0.1857718489677116,0.6418464870047436,0.172381664027547,0.0,0.0,0.0,0.0,0.0,0.0
heat_Car,Extreme Heat,Using a car for traveling,2653,Telecommute (tcom_no),tcom_no = 0,tcom_no = 1,FALSE,0.1857718489677116,0.6418464870047436,0.172381664027547,0.1857718489677116,0.6418464870047436,0.172381664027547,0.0,0.0,0.0,0.0,0.0,0.0
heat_Car,Extreme Heat,Using a car for traveling,2653,Air conditioning (ac_c),ac_c = 0,ac_c = 1,FALSE,0.1857718489677116,0.6418464870047436,0.172381664027547,0.1857718489677116,0.6418464870047436,0.172381664027547,0.0,0.0,0.0,0.0,0.0,0.0
heat_Car,Extreme Heat,Using a car for traveling,2653,Employment Density,Low,Medium,FALSE,0.1857718489677116,0.6418464870047436,0.172381664027547,0.1857718489677116,0.6418464870047436,0.172381664027547,0.0,0.0,0.0,0.0,0.0,0.0
heat_Car,Extreme Heat,Using a car for traveling,2653,Employment Density,Low,High,FALSE,0.1857718489677116,0.6418464870047436,0.172381664027547,0.1857718489677116,0.6418464870047436,0.172381664027547,0.0,0.0,0.0,0.0,0.0,0.0
heat_Car,Extreme Heat,Using a car for traveling,2653,Land-use Diversity,Not high,High,FALSE,0.1857718489677116,0.6418464870047436,0.172381664027547,0.1857718489677116,0.6418464870047436,0.172381664027547,0.0,0.0,0.0,0.0,0.0,0.0
heat_Car,Extreme Heat,Using a car for traveling,2653,Network Density,Low,Medium,FALSE,0.1857718489677116,0.6418464870047436,0.172381664027547,0.1857718489677116,0.6418464870047436,0.172381664027547,0.0,0.0,0.0,0.0,0.0,0.0
heat_Car,Extreme Heat,Using a car for traveling,2653,Network Density,Low,High,FALSE,0.1857718489677116,0.6418464870047436,0.172381664027547,0.1857718489677116,0.6418464870047436,0.172381664027547,0.0,0.0,0.0,0.0,0.0,0.0
heat_Car,Extreme Heat,Using a car for traveling,2653,Community Resilience,Current value,1 Unit Increase*,FALSE,0.1857718489677116,0.6418464870047436,0.172381664027547,0.1857718489677116,0.6418464870047436,0.172381664027547,0.0,0.0,0.0,0.0,0.0,0.0
heat_Car,Extreme Heat,Using a car for traveling,2653,Social Engagement,Current value,1 Unit Increase*,TRUE,0.1857718489677116,0.6418464870047436,0.172381664027547,0.1664045236841421,0.6414455707855282,0.192149905530328,-0.01936732528356946,-0.0004009162192153415,0.019768241502781,-10.42532837520266,-0.06246294516407917,11.46771706509458
heat_Car,Extreme Heat,Using a car for traveling,2653,Personal Resilience,Current value,1 Unit Increase*,TRUE,0.1857718489677116,0.6418464870047436,0.172381664027547,0.1667895092741845,0.6414809310034055,0.1917295597224096,-0.01898233969352711,-0.0003655560013380299,0.01934789569486267,-10.21809267604715,-0.05695380573693601,11.22387105612975
heat_Delivery,Extreme Heat,Having food delivered,2653,Gender,Male,Female,FALSE,0.1389602349957213,0.633231652663387,0.2278081123408935,0.1389602349957213,0.633231652663387,0.2278081123408935,0.0,0.0,0.0,0.0,0.0,0.0
heat_Delivery,Extreme Heat,Having food delivered,2653,Age Group,18-30,31-50,FALSE,0.1260875320094328,0.6331521766449763,0.2407602913455934,0.1260875320094328,0.6331521766449763,0.2407602913455934,0.0,0.0,0.0,0.0,0.0,0.0
heat_Delivery,Extreme Heat,Having food delivered,2653,Age Group,18-30,51-65,FALSE,0.1260875320094328,0.6331521766449763,0.2407602913455934,0.1260875320094328,0.6331521766449763,0.2407602913455934,0.0,0.0,0.0,0.0,0.0,0.0
heat_Delivery,Extreme Heat,Having food delivered,2653,Age Group,18-30,65+,TRUE,0.1260875320094328,0.6331521766449763,0.2407602913455934,0.1634482685975185,0.6439480393408674,0.1926036920616132,0.03736073658808572,0.01079586269589117,-0.04815659928398025,29.63079377689042,1.705097620148381,-20.00188611453998
heat_Delivery,Extreme Heat,Having food delivered,2653,Household Income,Less than $50k,$50k-$100k,FALSE,0.1389602349957213,0.633231652663387,0.2278081123408935,0.1389602349957213,0.633231652663387,0.2278081123408935,0.0,0.0,0.0,0.0,0.0,0.0
heat_Delivery,Extreme Heat,Having food delivered,2653,Household Income,Less than $50k,$100k or higher,FALSE,0.1389602349957213,0.633231652663387,0.2278081123408935,0.1389602349957213,0.633231652663387,0.2278081123408935,0.0,0.0,0.0,0.0,0.0,0.0
heat_Delivery,Extreme Heat,Having food delivered,2653,Household Size,3+ persons,1 person,FALSE,0.132063806834156,0.6320450860349968,0.2358911071308477,0.132063806834156,0.6320450860349968,0.2358911071308477,0.0,0.0,0.0,0.0,0.0,0.0
heat_Delivery,Extreme Heat,Having food delivered,2653,Household Size,3+ persons,2 persons,TRUE,0.132063806834156,0.6320450860349968,0.2358911071308477,0.151184930609134,0.6383574234763413,0.2104576459145262,0.01912112377497799,0.006312337441344518,-0.02543346121632148,14.47870104107331,0.9987163227458428,-10.7818652113128
heat_Delivery,Extreme Heat,Having food delivered,2653,Child in household,No child,Has child,FALSE,0.1389602349957213,0.633231652663387,0.2278081123408935,0.1389602349957213,0.633231652663387,0.2278081123408935,0.0,0.0,0.0,0.0,0.0,0.0
heat_Delivery,Extreme Heat,Having food delivered,2653,Disability,No disability,Has disability,TRUE,0.1426090343375241,0.6344165050740599,0.2229744605884169,0.1256090991689709,0.6272468697236483,0.2471440311073824,-0.01699993516855325,-0.007169635350411596,0.02416957051896548,-11.92065793554015,-1.130114884002684,10.83961385316658
heat_Delivery,Extreme Heat,Having food delivered,2653,Works outdoors,No,Yes,FALSE,0.1389602349957213,0.633231652663387,0.2278081123408935,0.1389602349957213,0.633231652663387,0.2278081123408935,0.0,0.0,0.0,0.0,0.0,0.0
heat_Delivery,Extreme Heat,Having food delivered,2653,Zero-vehicle HH,Has vehicle,Zero vehicle,TRUE,0.1422631754148401,0.6348196601893147,0.2229171643958469,0.1142942664358649,0.6209225959118516,0.2647831376522837,-0.02796890897897521,-0.01389706427746307,0.04186597325643682,-19.65997799319307,-2.189135773349979,18.78095541449333
heat_Delivery,Extreme Heat,Having food delivered,2653,Stand-alone house,Not stand-alone,Stand-alone house,FALSE,0.1389602349957213,0.633231652663387,0.2278081123408935,0.1389602349957213,0.633231652663387,0.2278081123408935,0.0,0.0,0.0,0.0,0.0,0.0
heat_Delivery,Extreme Heat,Having food delivered,2653,Rural,Not rural,Rural,TRUE,0.1356648113400616,0.6330501765354971,0.2312850121244426,0.1796590014522238,0.6409957455593716,0.1793452529884034,0.04399419011216213,0.007945569023874444,-0.05193975913603924,32.42859344114291,1.255124683379487,-22.45703630293739
heat_Delivery,Extreme Heat,Having food delivered,2653,Population Density,Low,Medium,FALSE,0.1389602349957213,0.633231652663387,0.2278081123408935,0.1389602349957213,0.633231652663387,0.2278081123408935,0.0,0.0,0.0,0.0,0.0,0.0
heat_Delivery,Extreme Heat,Having food delivered,2653,Population Density,Low,High,FALSE,0.1389602349957213,0.633231652663387,0.2278081123408935,0.1389602349957213,0.633231652663387,0.2278081123408935,0.0,0.0,0.0,0.0,0.0,0.0
heat_Delivery,Extreme Heat,Having food delivered,2653,Transit Access,Low,Medium,FALSE,0.142050416925373,0.635864668789984,0.2220849142846451,0.142050416925373,0.635864668789984,0.2220849142846451,0.0,0.0,0.0,0.0,0.0,0.0
heat_Delivery,Extreme Heat,Having food delivered,2653,Transit Access,Low,High,TRUE,0.142050416925373,0.635864668789984,0.2220849142846451,0.1114584353895723,0.6200859283454433,0.2684556362649858,-0.0305919815358007,-0.01577874044454075,0.04637072198034076,-21.53600263762153,-2.481462049867755,20.87972617577601
heat_Delivery,Extreme Heat,Having food delivered,2653,Walkability Index,Very low,Low,FALSE,0.1389602349957213,0.633231652663387,0.2278081123408935,0.1389602349957213,0.633231652663387,0.2278081123408935,0.0,0.0,0.0,0.0,0.0,0.0
heat_Delivery,Extreme Heat,Having food delivered,2653,Walkability Index,Very low,High,FALSE,0.1389602349957213,0.633231652663387,0.2278081123408935,0.1389602349957213,0.633231652663387,0.2278081123408935,0.0,0.0,0.0,0.0,0.0,0.0
heat_Delivery,Extreme Heat,Having food delivered,2653,Walkability Index,Very low,Very high,FALSE,0.1389602349957213,0.633231652663387,0.2278081123408935,0.1389602349957213,0.633231652663387,0.2278081123408935,0.0,0.0,0.0,0.0,0.0,0.0
heat_Delivery,Extreme Heat,Having food delivered,2653,Employment status,Worker,Non-worker,TRUE,0.1094166510239683,0.6261646570704532,0.2644186919055798,0.1654234655140628,0.6469673730753932,0.1876091614105433,0.05600681449009455,0.02080271600493999,-0.0768095304950365,51.18673800190244,3.322243721366625,-29.04844961658918
heat_Delivery,Extreme Heat,Having food delivered,2653,Race,Other race,White,FALSE,0.1389602349957213,0.633231652663387,0.2278081123408935,0.1389602349957213,0.633231652663387,0.2278081123408935,0.0,0.0,0.0,0.0,0.0,0.0
heat_Delivery,Extreme Heat,Having food delivered,2653,Race,Other race,Black,FALSE,0.1389602349957213,0.633231652663387,0.2278081123408935,0.1389602349957213,0.633231652663387,0.2278081123408935,0.0,0.0,0.0,0.0,0.0,0.0
heat_Delivery,Extreme Heat,Having food delivered,2653,Race,Other race,Asian,FALSE,0.1389602349957213,0.633231652663387,0.2278081123408935,0.1389602349957213,0.633231652663387,0.2278081123408935,0.0,0.0,0.0,0.0,0.0,0.0
heat_Delivery,Extreme Heat,Having food delivered,2653,Hispanic,Not Hispanic,Hispanic,FALSE,0.1389602349957213,0.633231652663387,0.2278081123408935,0.1389602349957213,0.633231652663387,0.2278081123408935,0.0,0.0,0.0,0.0,0.0,0.0
heat_Delivery,Extreme Heat,Having food delivered,2653,Education (edu_bs),edu_bs = 0,edu_bs = 1,FALSE,0.1389602349957213,0.633231652663387,0.2278081123408935,0.1389602349957213,0.633231652663387,0.2278081123408935,0.0,0.0,0.0,0.0,0.0,0.0
heat_Delivery,Extreme Heat,Having food delivered,2653,Education (bs_grad),bs_grad = 0,bs_grad = 1,FALSE,0.1389602349957213,0.633231652663387,0.2278081123408935,0.1389602349957213,0.633231652663387,0.2278081123408935,0.0,0.0,0.0,0.0,0.0,0.0
heat_Delivery,Extreme Heat,Having food delivered,2653,Telecommute (tcom_no),tcom_no = 0,tcom_no = 1,FALSE,0.1389602349957213,0.633231652663387,0.2278081123408935,0.1389602349957213,0.633231652663387,0.2278081123408935,0.0,0.0,0.0,0.0,0.0,0.0
heat_Delivery,Extreme Heat,Having food delivered,2653,Air conditioning (ac_c),ac_c = 0,ac_c = 1,TRUE,0.1588667441282365,0.6387476309846591,0.2023856248871035,0.1358278544523782,0.6323985707864003,0.2317735747612239,-0.02303888967585832,-0.006349060198258871,0.02938794987412036,-14.5020216800449,-0.9939857136489884,14.52076939284289
heat_Delivery,Extreme Heat,Having food delivered,2653,Employment Density,Low,Medium,FALSE,0.1389602349957213,0.633231652663387,0.2278081123408935,0.1389602349957213,0.633231652663387,0.2278081123408935,0.0,0.0,0.0,0.0,0.0,0.0
heat_Delivery,Extreme Heat,Having food delivered,2653,Employment Density,Low,High,FALSE,0.1389602349957213,0.633231652663387,0.2278081123408935,0.1389602349957213,0.633231652663387,0.2278081123408935,0.0,0.0,0.0,0.0,0.0,0.0
heat_Delivery,Extreme Heat,Having food delivered,2653,Land-use Diversity,Not high,High,FALSE,0.1389602349957213,0.633231652663387,0.2278081123408935,0.1389602349957213,0.633231652663387,0.2278081123408935,0.0,0.0,0.0,0.0,0.0,0.0
heat_Delivery,Extreme Heat,Having food delivered,2653,Network Density,Low,Medium,TRUE,0.1459140741334813,0.6357649356417113,0.2183209902248085,0.124643410409495,0.627096236923561,0.2482603526669449,-0.02127066372398631,-0.008668698718150347,0.02993936244213638,-14.57752711676602,-1.363506892590824,13.71346035546438
heat_Delivery,Extreme Heat,Having food delivered,2653,Network Density,Low,High,FALSE,0.1459140741334813,0.6357649356417113,0.2183209902248085,0.1459140741334813,0.6357649356417113,0.2183209902248085,0.0,0.0,0.0,0.0,0.0,0.0
heat_Delivery,Extreme Heat,Having food delivered,2653,Community Resilience,Current value,1 Unit Increase*,TRUE,0.1389602349957213,0.633231652663387,0.2278081123408935,0.1250894413056284,0.6270378551506385,0.2478727035437334,-0.01387079369009289,-0.006193797512748511,0.0200645912028399,-9.981843863836286,-0.978125064768518,8.80767194664917
heat_Delivery,Extreme Heat,Having food delivered,2653,Social Engagement,Current value,1 Unit Increase*,FALSE,0.1389602349957213,0.633231652663387,0.2278081123408935,0.1389602349957213,0.633231652663387,0.2278081123408935,0.0,0.0,0.0,0.0,0.0,0.0
heat_Delivery,Extreme Heat,Having food delivered,2653,Personal Resilience,Current value,1 Unit Increase*,TRUE,0.1389602349957213,0.633231652663387,0.2278081123408935,0.1246104670661137,0.626779921926419,0.2486096110074672,-0.01434976792960761,-0.006451730736968031,0.02080149866657371,-10.3265282546834,-1.018857902922556,9.131149217129817
heat_Dine_in,Extreme Heat,Eating indoors at a restaurant,2653,Gender,Male,Female,FALSE,0.2231519772458301,0.6099101962791351,0.1669378264750369,0.2231519772458301,0.6099101962791351,0.1669378264750369,0.0,0.0,0.0,0.0,0.0,0.0
heat_Dine_in,Extreme Heat,Eating indoors at a restaurant,2653,Age Group,18-30,31-50,FALSE,0.2231519772458301,0.6099101962791351,0.1669378264750369,0.2231519772458301,0.6099101962791351,0.1669378264750369,0.0,0.0,0.0,0.0,0.0,0.0
heat_Dine_in,Extreme Heat,Eating indoors at a restaurant,2653,Age Group,18-30,51-65,FALSE,0.2231519772458301,0.6099101962791351,0.1669378264750369,0.2231519772458301,0.6099101962791351,0.1669378264750369,0.0,0.0,0.0,0.0,0.0,0.0
heat_Dine_in,Extreme Heat,Eating indoors at a restaurant,2653,Age Group,18-30,65+,FALSE,0.2231519772458301,0.6099101962791351,0.1669378264750369,0.2231519772458301,0.6099101962791351,0.1669378264750369,0.0,0.0,0.0,0.0,0.0,0.0
heat_Dine_in,Extreme Heat,Eating indoors at a restaurant,2653,Household Income,Less than $50k,$50k-$100k,FALSE,0.2231519772458301,0.6099101962791351,0.1669378264750369,0.2231519772458301,0.6099101962791351,0.1669378264750369,0.0,0.0,0.0,0.0,0.0,0.0
heat_Dine_in,Extreme Heat,Eating indoors at a restaurant,2653,Household Income,Less than $50k,$100k or higher,FALSE,0.2231519772458301,0.6099101962791351,0.1669378264750369,0.2231519772458301,0.6099101962791351,0.1669378264750369,0.0,0.0,0.0,0.0,0.0,0.0
heat_Dine_in,Extreme Heat,Eating indoors at a restaurant,2653,Household Size,3+ persons,1 person,FALSE,0.211710374019722,0.6124313401539945,0.1758582858262859,0.211710374019722,0.6124313401539945,0.1758582858262859,0.0,0.0,0.0,0.0,0.0,0.0
heat_Dine_in,Extreme Heat,Eating indoors at a restaurant,2653,Household Size,3+ persons,2 persons,TRUE,0.211710374019722,0.6124313401539945,0.1758582858262859,0.2452132996275666,0.6061002608026557,0.1486864395697855,0.0335029256078446,-0.006331079351338809,-0.02717184625650043,15.82488612708398,-1.033761490675326,-15.45099005647137
heat_Dine_in,Extreme Heat,Eating indoors at a restaurant,2653,Child in household,No child,Has child,FALSE,0.2231519772458301,0.6099101962791351,0.1669378264750369,0.2231519772458301,0.6099101962791351,0.1669378264750369,0.0,0.0,0.0,0.0,0.0,0.0
heat_Dine_in,Extreme Heat,Eating indoors at a restaurant,2653,Disability,No disability,Has disability,FALSE,0.2231519772458301,0.6099101962791351,0.1669378264750369,0.2231519772458301,0.6099101962791351,0.1669378264750369,0.0,0.0,0.0,0.0,0.0,0.0
heat_Dine_in,Extreme Heat,Eating indoors at a restaurant,2653,Works outdoors,No,Yes,FALSE,0.2231519772458301,0.6099101962791351,0.1669378264750369,0.2231519772458301,0.6099101962791351,0.1669378264750369,0.0,0.0,0.0,0.0,0.0,0.0
heat_Dine_in,Extreme Heat,Eating indoors at a restaurant,2653,Zero-vehicle HH,Has vehicle,Zero vehicle,FALSE,0.2231519772458301,0.6099101962791351,0.1669378264750369,0.2231519772458301,0.6099101962791351,0.1669378264750369,0.0,0.0,0.0,0.0,0.0,0.0
heat_Dine_in,Extreme Heat,Eating indoors at a restaurant,2653,Stand-alone house,Not stand-alone,Stand-alone house,FALSE,0.2231519772458301,0.6099101962791351,0.1669378264750369,0.2231519772458301,0.6099101962791351,0.1669378264750369,0.0,0.0,0.0,0.0,0.0,0.0
heat_Dine_in,Extreme Heat,Eating indoors at a restaurant,2653,Rural,Not rural,Rural,FALSE,0.2231519772458301,0.6099101962791351,0.1669378264750369,0.2231519772458301,0.6099101962791351,0.1669378264750369,0.0,0.0,0.0,0.0,0.0,0.0
heat_Dine_in,Extreme Heat,Eating indoors at a restaurant,2653,Population Density,Low,Medium,FALSE,0.2231519772458301,0.6099101962791351,0.1669378264750369,0.2231519772458301,0.6099101962791351,0.1669378264750369,0.0,0.0,0.0,0.0,0.0,0.0
heat_Dine_in,Extreme Heat,Eating indoors at a restaurant,2653,Population Density,Low,High,FALSE,0.2231519772458301,0.6099101962791351,0.1669378264750369,0.2231519772458301,0.6099101962791351,0.1669378264750369,0.0,0.0,0.0,0.0,0.0,0.0
heat_Dine_in,Extreme Heat,Eating indoors at a restaurant,2653,Transit Access,Low,Medium,FALSE,0.2231519772458301,0.6099101962791351,0.1669378264750369,0.2231519772458301,0.6099101962791351,0.1669378264750369,0.0,0.0,0.0,0.0,0.0,0.0
heat_Dine_in,Extreme Heat,Eating indoors at a restaurant,2653,Transit Access,Low,High,FALSE,0.2231519772458301,0.6099101962791351,0.1669378264750369,0.2231519772458301,0.6099101962791351,0.1669378264750369,0.0,0.0,0.0,0.0,0.0,0.0
heat_Dine_in,Extreme Heat,Eating indoors at a restaurant,2653,Walkability Index,Very low,Low,FALSE,0.2231519772458301,0.6099101962791351,0.1669378264750369,0.2231519772458301,0.6099101962791351,0.1669378264750369,0.0,0.0,0.0,0.0,0.0,0.0
heat_Dine_in,Extreme Heat,Eating indoors at a restaurant,2653,Walkability Index,Very low,High,FALSE,0.2231519772458301,0.6099101962791351,0.1669378264750369,0.2231519772458301,0.6099101962791351,0.1669378264750369,0.0,0.0,0.0,0.0,0.0,0.0
heat_Dine_in,Extreme Heat,Eating indoors at a restaurant,2653,Walkability Index,Very low,Very high,FALSE,0.2231519772458301,0.6099101962791351,0.1669378264750369,0.2231519772458301,0.6099101962791351,0.1669378264750369,0.0,0.0,0.0,0.0,0.0,0.0
heat_Dine_in,Extreme Heat,Eating indoors at a restaurant,2653,Employment status,Worker,Non-worker,TRUE,0.189200264422264,0.6154100106914685,0.1953897248862694,0.2575131969021091,0.6041861214928128,0.1383006816050816,0.06831293247984507,-0.01122388919865569,-0.0570890432811878,36.10615063802543,-1.823806731067738,-29.21803759865963
heat_Dine_in,Extreme Heat,Eating indoors at a restaurant,2653,Race,Other race,White,FALSE,0.2231519772458301,0.6099101962791351,0.1669378264750369,0.2231519772458301,0.6099101962791351,0.1669378264750369,0.0,0.0,0.0,0.0,0.0,0.0
heat_Dine_in,Extreme Heat,Eating indoors at a restaurant,2653,Race,Other race,Black,FALSE,0.2231519772458301,0.6099101962791351,0.1669378264750369,0.2231519772458301,0.6099101962791351,0.1669378264750369,0.0,0.0,0.0,0.0,0.0,0.0
heat_Dine_in,Extreme Heat,Eating indoors at a restaurant,2653,Race,Other race,Asian,FALSE,0.2231519772458301,0.6099101962791351,0.1669378264750369,0.2231519772458301,0.6099101962791351,0.1669378264750369,0.0,0.0,0.0,0.0,0.0,0.0
heat_Dine_in,Extreme Heat,Eating indoors at a restaurant,2653,Hispanic,Not Hispanic,Hispanic,FALSE,0.2231519772458301,0.6099101962791351,0.1669378264750369,0.2231519772458301,0.6099101962791351,0.1669378264750369,0.0,0.0,0.0,0.0,0.0,0.0
heat_Dine_in,Extreme Heat,Eating indoors at a restaurant,2653,Education (edu_bs),edu_bs = 0,edu_bs = 1,TRUE,0.2147150457331582,0.6114496519827108,0.1738353022841331,0.2523004798228522,0.6035777836491849,0.1441217365279641,0.03758543408969398,-0.007871868333525933,-0.02971356575616901,17.50479756151047,-1.287410714520861,-17.09294105727864
heat_Dine_in,Extreme Heat,Eating indoors at a restaurant,2653,Education (bs_grad),bs_grad = 0,bs_grad = 1,FALSE,0.2231519772458301,0.6099101962791351,0.1669378264750369,0.2231519772458301,0.6099101962791351,0.1669378264750369,0.0,0.0,0.0,0.0,0.0,0.0
heat_Dine_in,Extreme Heat,Eating indoors at a restaurant,2653,Telecommute (tcom_no),tcom_no = 0,tcom_no = 1,FALSE,0.2231519772458301,0.6099101962791351,0.1669378264750369,0.2231519772458301,0.6099101962791351,0.1669378264750369,0.0,0.0,0.0,0.0,0.0,0.0
heat_Dine_in,Extreme Heat,Eating indoors at a restaurant,2653,Air conditioning (ac_c),ac_c = 0,ac_c = 1,FALSE,0.2231519772458301,0.6099101962791351,0.1669378264750369,0.2231519772458301,0.6099101962791351,0.1669378264750369,0.0,0.0,0.0,0.0,0.0,0.0
heat_Dine_in,Extreme Heat,Eating indoors at a restaurant,2653,Employment Density,Low,Medium,FALSE,0.2231519772458301,0.6099101962791351,0.1669378264750369,0.2231519772458301,0.6099101962791351,0.1669378264750369,0.0,0.0,0.0,0.0,0.0,0.0
heat_Dine_in,Extreme Heat,Eating indoors at a restaurant,2653,Employment Density,Low,High,FALSE,0.2231519772458301,0.6099101962791351,0.1669378264750369,0.2231519772458301,0.6099101962791351,0.1669378264750369,0.0,0.0,0.0,0.0,0.0,0.0
heat_Dine_in,Extreme Heat,Eating indoors at a restaurant,2653,Land-use Diversity,Not high,High,TRUE,0.210292321047779,0.6125062007836267,0.1772014781686018,0.251218726012647,0.6043861186048658,0.1443951553824793,0.04092640496486805,-0.008120082178760923,-0.03280632278612255,19.46167352233915,-1.325714281483562,-18.51357174058579
heat_Dine_in,Extreme Heat,Eating indoors at a restaurant,2653,Network Density,Low,Medium,FALSE,0.2231519772458301,0.6099101962791351,0.1669378264750369,0.2231519772458301,0.6099101962791351,0.1669378264750369,0.0,0.0,0.0,0.0,0.0,0.0
heat_Dine_in,Extreme Heat,Eating indoors at a restaurant,2653,Network Density,Low,High,FALSE,0.2231519772458301,0.6099101962791351,0.1669378264750369,0.2231519772458301,0.6099101962791351,0.1669378264750369,0.0,0.0,0.0,0.0,0.0,0.0
heat_Dine_in,Extreme Heat,Eating indoors at a restaurant,2653,Community Resilience,Current value,1 Unit Increase*,FALSE,0.2231519772458301,0.6099101962791351,0.1669378264750369,0.2231519772458301,0.6099101962791351,0.1669378264750369,0.0,0.0,0.0,0.0,0.0,0.0
heat_Dine_in,Extreme Heat,Eating indoors at a restaurant,2653,Social Engagement,Current value,1 Unit Increase*,FALSE,0.2231519772458301,0.6099101962791351,0.1669378264750369,0.2231519772458301,0.6099101962791351,0.1669378264750369,0.0,0.0,0.0,0.0,0.0,0.0
heat_Dine_in,Extreme Heat,Eating indoors at a restaurant,2653,Personal Resilience,Current value,1 Unit Increase*,FALSE,0.2231519772458301,0.6099101962791351,0.1669378264750369,0.2231519772458301,0.6099101962791351,0.1669378264750369,0.0,0.0,0.0,0.0,0.0,0.0
heat_Home,Extreme Heat,Staying at home,2653,Gender,Male,Female,FALSE,0.06263857022476862,0.4957927124267222,0.4415687173485088,0.06263857022476862,0.4957927124267222,0.4415687173485088,0.0,0.0,0.0,0.0,0.0,0.0
heat_Home,Extreme Heat,Staying at home,2653,Age Group,18-30,31-50,FALSE,0.06263857022476862,0.4957927124267222,0.4415687173485088,0.06263857022476862,0.4957927124267222,0.4415687173485088,0.0,0.0,0.0,0.0,0.0,0.0
heat_Home,Extreme Heat,Staying at home,2653,Age Group,18-30,51-65,FALSE,0.06263857022476862,0.4957927124267222,0.4415687173485088,0.06263857022476862,0.4957927124267222,0.4415687173485088,0.0,0.0,0.0,0.0,0.0,0.0
heat_Home,Extreme Heat,Staying at home,2653,Age Group,18-30,65+,FALSE,0.06263857022476862,0.4957927124267222,0.4415687173485088,0.06263857022476862,0.4957927124267222,0.4415687173485088,0.0,0.0,0.0,0.0,0.0,0.0
heat_Home,Extreme Heat,Staying at home,2653,Household Income,Less than $50k,$50k-$100k,FALSE,0.06263857022476862,0.4957927124267222,0.4415687173485088,0.06263857022476862,0.4957927124267222,0.4415687173485088,0.0,0.0,0.0,0.0,0.0,0.0
heat_Home,Extreme Heat,Staying at home,2653,Household Income,Less than $50k,$100k or higher,FALSE,0.06263857022476862,0.4957927124267222,0.4415687173485088,0.06263857022476862,0.4957927124267222,0.4415687173485088,0.0,0.0,0.0,0.0,0.0,0.0
heat_Home,Extreme Heat,Staying at home,2653,Household Size,3+ persons,1 person,FALSE,0.05914490384006125,0.4883756445466066,0.4524794516133312,0.05914490384006125,0.4883756445466066,0.4524794516133312,0.0,0.0,0.0,0.0,0.0,0.0
heat_Home,Extreme Heat,Staying at home,2653,Household Size,3+ persons,2 persons,TRUE,0.05914490384006125,0.4883756445466066,0.4524794516133312,0.06950330215041038,0.5105337357149119,0.4199629621346779,0.01035839831034913,0.02215809116830525,-0.03251648947865327,17.5135939663714,4.537099958962155,-7.186290860880995
heat_Home,Extreme Heat,Staying at home,2653,Child in household,No child,Has child,FALSE,0.06263857022476862,0.4957927124267222,0.4415687173485088,0.06263857022476862,0.4957927124267222,0.4415687173485088,0.0,0.0,0.0,0.0,0.0,0.0
heat_Home,Extreme Heat,Staying at home,2653,Disability,No disability,Has disability,TRUE,0.06587921920250138,0.5043705484728337,0.4297502323246655,0.04934407077967971,0.4637176839969444,0.4869382452233759,-0.01653514842282167,-0.04065286447588934,0.05718801289871034,-25.09918700158766,-8.060118616953499,13.30726747705542
heat_Home,Extreme Heat,Staying at home,2653,Works outdoors,No,Yes,TRUE,0.06129776414219549,0.4931584119016954,0.4455438239561089,0.09476097538356636,0.5492438266918405,0.3559951979245934,0.03346321124137087,0.05608541479014506,-0.08954862603151553,54.59124277966254,11.3726975828864,-20.09872457357575
heat_Home,Extreme Heat,Staying at home,2653,Zero-vehicle HH,Has vehicle,Zero vehicle,FALSE,0.06263857022476862,0.4957927124267222,0.4415687173485088,0.06263857022476862,0.4957927124267222,0.4415687173485088,0.0,0.0,0.0,0.0,0.0,0.0
heat_Home,Extreme Heat,Staying at home,2653,Stand-alone house,Not stand-alone,Stand-alone house,FALSE,0.06263857022476862,0.4957927124267222,0.4415687173485088,0.06263857022476862,0.4957927124267222,0.4415687173485088,0.0,0.0,0.0,0.0,0.0,0.0
heat_Home,Extreme Heat,Staying at home,2653,Rural,Not rural,Rural,FALSE,0.06263857022476862,0.4957927124267222,0.4415687173485088,0.06263857022476862,0.4957927124267222,0.4415687173485088,0.0,0.0,0.0,0.0,0.0,0.0
heat_Home,Extreme Heat,Staying at home,2653,Population Density,Low,Medium,FALSE,0.06824040592102237,0.5088783915243039,0.4228812025546728,0.06824040592102237,0.5088783915243039,0.4228812025546728,0.0,0.0,0.0,0.0,0.0,0.0
heat_Home,Extreme Heat,Staying at home,2653,Population Density,Low,High,TRUE,0.06824040592102237,0.5088783915243039,0.4228812025546728,0.05136187933538605,0.4691992786745245,0.47943884199009,-0.01687852658563632,-0.03967911284977937,0.05655763943541725,-24.73391879463698,-7.797366425979263,13.3743564608089
heat_Home,Extreme Heat,Staying at home,2653,Transit Access,Low,Medium,FALSE,0.06263857022476862,0.4957927124267222,0.4415687173485088,0.06263857022476862,0.4957927124267222,0.4415687173485088,0.0,0.0,0.0,0.0,0.0,0.0
heat_Home,Extreme Heat,Staying at home,2653,Transit Access,Low,High,FALSE,0.06263857022476862,0.4957927124267222,0.4415687173485088,0.06263857022476862,0.4957927124267222,0.4415687173485088,0.0,0.0,0.0,0.0,0.0,0.0
heat_Home,Extreme Heat,Staying at home,2653,Walkability Index,Very low,Low,FALSE,0.06263857022476862,0.4957927124267222,0.4415687173485088,0.06263857022476862,0.4957927124267222,0.4415687173485088,0.0,0.0,0.0,0.0,0.0,0.0
heat_Home,Extreme Heat,Staying at home,2653,Walkability Index,Very low,High,FALSE,0.06263857022476862,0.4957927124267222,0.4415687173485088,0.06263857022476862,0.4957927124267222,0.4415687173485088,0.0,0.0,0.0,0.0,0.0,0.0
heat_Home,Extreme Heat,Staying at home,2653,Walkability Index,Very low,Very high,FALSE,0.06263857022476862,0.4957927124267222,0.4415687173485088,0.06263857022476862,0.4957927124267222,0.4415687173485088,0.0,0.0,0.0,0.0,0.0,0.0
heat_Home,Extreme Heat,Staying at home,2653,Employment status,Worker,Non-worker,TRUE,0.07271990303906287,0.5160539617219334,0.4112261352390037,0.05357742713053266,0.4738990505312836,0.4725235223381836,-0.0191424759085302,-0.04215491119064985,0.06129738709917992,-26.32357182633682,-8.168702174088585,14.90600471284589
heat_Home,Extreme Heat,Staying at home,2653,Race,Other race,White,FALSE,0.06263857022476862,0.4957927124267222,0.4415687173485088,0.06263857022476862,0.4957927124267222,0.4415687173485088,0.0,0.0,0.0,0.0,0.0,0.0
heat_Home,Extreme Heat,Staying at home,2653,Race,Other race,Black,FALSE,0.06263857022476862,0.4957927124267222,0.4415687173485088,0.06263857022476862,0.4957927124267222,0.4415687173485088,0.0,0.0,0.0,0.0,0.0,0.0
heat_Home,Extreme Heat,Staying at home,2653,Race,Other race,Asian,FALSE,0.06263857022476862,0.4957927124267222,0.4415687173485088,0.06263857022476862,0.4957927124267222,0.4415687173485088,0.0,0.0,0.0,0.0,0.0,0.0
heat_Home,Extreme Heat,Staying at home,2653,Hispanic,Not Hispanic,Hispanic,TRUE,0.06392553249991674,0.4993645223325582,0.4367099451675237,0.04670325157259561,0.4549066940288114,0.4983900543985946,-0.01722228092732113,-0.04445782830374684,0.06168010923107087,-26.94116146368207,-8.902880824629262,14.12381602791531
heat_Home,Extreme Heat,Staying at home,2653,Education (edu_bs),edu_bs = 0,edu_bs = 1,TRUE,0.06545602885769375,0.5021087088775374,0.4324352622647687,0.05349651898593397,0.4738958862188343,0.4726075947952315,-0.01195950987175978,-0.02821282265870317,0.04017233253046271,-18.27105933627693,-5.618867420517931,9.289791105394695
heat_Home,Extreme Heat,Staying at home,2653,Education (bs_grad),bs_grad = 0,bs_grad = 1,FALSE,0.06263857022476862,0.4957927124267222,0.4415687173485088,0.06263857022476862,0.4957927124267222,0.4415687173485088,0.0,0.0,0.0,0.0,0.0,0.0
heat_Home,Extreme Heat,Staying at home,2653,Telecommute (tcom_no),tcom_no = 0,tcom_no = 1,TRUE,0.06652544088878927,0.5031823599669702,0.4302921991442401,0.05230158069729231,0.4695238515528534,0.4781745677498556,-0.01422386019149696,-0.03365850841411683,0.04788236860561551,-21.38108368988492,-6.68912726120332,11.12787280383967
heat_Home,Extreme Heat,Staying at home,2653,Air conditioning (ac_c),ac_c = 0,ac_c = 1,TRUE,0.08285365601388106,0.5337744392621872,0.3833719047239307,0.05953463579094808,0.4897700057241925,0.450695358484859,-0.02331902022293298,-0.04400443353799466,0.06732345376092824,-28.14482950399458,-8.244012882823696,17.56087311859966
heat_Home,Extreme Heat,Staying at home,2653,Employment Density,Low,Medium,FALSE,0.06263857022476862,0.4957927124267222,0.4415687173485088,0.06263857022476862,0.4957927124267222,0.4415687173485088,0.0,0.0,0.0,0.0,0.0,0.0
heat_Home,Extreme Heat,Staying at home,2653,Employment Density,Low,High,FALSE,0.06263857022476862,0.4957927124267222,0.4415687173485088,0.06263857022476862,0.4957927124267222,0.4415687173485088,0.0,0.0,0.0,0.0,0.0,0.0
heat_Home,Extreme Heat,Staying at home,2653,Land-use Diversity,Not high,High,FALSE,0.06263857022476862,0.4957927124267222,0.4415687173485088,0.06263857022476862,0.4957927124267222,0.4415687173485088,0.0,0.0,0.0,0.0,0.0,0.0
heat_Home,Extreme Heat,Staying at home,2653,Network Density,Low,Medium,FALSE,0.06263857022476862,0.4957927124267222,0.4415687173485088,0.06263857022476862,0.4957927124267222,0.4415687173485088,0.0,0.0,0.0,0.0,0.0,0.0
heat_Home,Extreme Heat,Staying at home,2653,Network Density,Low,High,FALSE,0.06263857022476862,0.4957927124267222,0.4415687173485088,0.06263857022476862,0.4957927124267222,0.4415687173485088,0.0,0.0,0.0,0.0,0.0,0.0
heat_Home,Extreme Heat,Staying at home,2653,Community Resilience,Current value,1 Unit Increase*,TRUE,0.06263857022476862,0.4957927124267222,0.4415687173485088,0.05294118936329006,0.4721353789981317,0.474923431638578,-0.00969738086147856,-0.02365733342859044,0.03335471429006925,-15.48148501263844,-4.771617822455787,7.553685979014676
heat_Home,Extreme Heat,Staying at home,2653,Social Engagement,Current value,1 Unit Increase*,FALSE,0.06263857022476862,0.4957927124267222,0.4415687173485088,0.06263857022476862,0.4957927124267222,0.4415687173485088,0.0,0.0,0.0,0.0,0.0,0.0
heat_Home,Extreme Heat,Staying at home,2653,Personal Resilience,Current value,1 Unit Increase*,FALSE,0.06263857022476862,0.4957927124267222,0.4415687173485088,0.06263857022476862,0.4957927124267222,0.4415687173485088,0.0,0.0,0.0,0.0,0.0,0.0
heat_Pick_up,Extreme Heat,Picking up takeout,2653,Gender,Male,Female,FALSE,0.2264167256622993,0.6090106780127189,0.1645725963249822,0.2264167256622993,0.6090106780127189,0.1645725963249822,0.0,0.0,0.0,0.0,0.0,0.0
heat_Pick_up,Extreme Heat,Picking up takeout,2653,Age Group,18-30,31-50,FALSE,0.1993617771641118,0.6143074652146652,0.1863307576212243,0.1993617771641118,0.6143074652146652,0.1863307576212243,0.0,0.0,0.0,0.0,0.0,0.0
heat_Pick_up,Extreme Heat,Picking up takeout,2653,Age Group,18-30,51-65,TRUE,0.1993617771641118,0.6143074652146652,0.1863307576212243,0.2434905293278771,0.6074192782549607,0.1490901924171613,0.04412875216376533,-0.006888186959704501,-0.03724056520406294,22.13501143072133,-1.121293057589244,-19.98626833244894
heat_Pick_up,Extreme Heat,Picking up takeout,2653,Age Group,18-30,65+,TRUE,0.1993617771641118,0.6143074652146652,0.1863307576212243,0.2526543000650961,0.6048813969568432,0.1424643029780617,0.05329252290098435,-0.009426068257821996,-0.04386645464316252,26.73156492636736,-1.534421896456708,-23.54225099665771
heat_Pick_up,Extreme Heat,Picking up takeout,2653,Household Income,Less than $50k,$50k-$100k,FALSE,0.2264167256622993,0.6090106780127189,0.1645725963249822,0.2264167256622993,0.6090106780127189,0.1645725963249822,0.0,0.0,0.0,0.0,0.0,0.0
heat_Pick_up,Extreme Heat,Picking up takeout,2653,Household Income,Less than $50k,$100k or higher,FALSE,0.2264167256622993,0.6090106780127189,0.1645725963249822,0.2264167256622993,0.6090106780127189,0.1645725963249822,0.0,0.0,0.0,0.0,0.0,0.0
heat_Pick_up,Extreme Heat,Picking up takeout,2653,Household Size,3+ persons,1 person,FALSE,0.2264167256622993,0.6090106780127189,0.1645725963249822,0.2264167256622993,0.6090106780127189,0.1645725963249822,0.0,0.0,0.0,0.0,0.0,0.0
heat_Pick_up,Extreme Heat,Picking up takeout,2653,Household Size,3+ persons,2 persons,FALSE,0.2264167256622993,0.6090106780127189,0.1645725963249822,0.2264167256622993,0.6090106780127189,0.1645725963249822,0.0,0.0,0.0,0.0,0.0,0.0
heat_Pick_up,Extreme Heat,Picking up takeout,2653,Child in household,No child,Has child,FALSE,0.2264167256622993,0.6090106780127189,0.1645725963249822,0.2264167256622993,0.6090106780127189,0.1645725963249822,0.0,0.0,0.0,0.0,0.0,0.0
heat_Pick_up,Extreme Heat,Picking up takeout,2653,Disability,No disability,Has disability,FALSE,0.2264167256622993,0.6090106780127189,0.1645725963249822,0.2264167256622993,0.6090106780127189,0.1645725963249822,0.0,0.0,0.0,0.0,0.0,0.0
heat_Pick_up,Extreme Heat,Picking up takeout,2653,Works outdoors,No,Yes,FALSE,0.2264167256622993,0.6090106780127189,0.1645725963249822,0.2264167256622993,0.6090106780127189,0.1645725963249822,0.0,0.0,0.0,0.0,0.0,0.0
heat_Pick_up,Extreme Heat,Picking up takeout,2653,Zero-vehicle HH,Has vehicle,Zero vehicle,TRUE,0.2213841099426714,0.6103430987735627,0.1682727912837664,0.2639241337372525,0.5998076096079322,0.1362682566548151,0.04254002379458111,-0.01053548916563052,-0.03200453462895125,19.21548199895515,-1.726158481483737,-19.01943527814933
heat_Pick_up,Extreme Heat,Picking up takeout,2653,Stand-alone house,Not stand-alone,Stand-alone house,FALSE,0.2264167256622993,0.6090106780127189,0.1645725963249822,0.2264167256622993,0.6090106780127189,0.1645725963249822,0.0,0.0,0.0,0.0,0.0,0.0
heat_Pick_up,Extreme Heat,Picking up takeout,2653,Rural,Not rural,Rural,FALSE,0.2264167256622993,0.6090106780127189,0.1645725963249822,0.2264167256622993,0.6090106780127189,0.1645725963249822,0.0,0.0,0.0,0.0,0.0,0.0
heat_Pick_up,Extreme Heat,Picking up takeout,2653,Population Density,Low,Medium,FALSE,0.2264167256622993,0.6090106780127189,0.1645725963249822,0.2264167256622993,0.6090106780127189,0.1645725963249822,0.0,0.0,0.0,0.0,0.0,0.0
heat_Pick_up,Extreme Heat,Picking up takeout,2653,Population Density,Low,High,FALSE,0.2264167256622993,0.6090106780127189,0.1645725963249822,0.2264167256622993,0.6090106780127189,0.1645725963249822,0.0,0.0,0.0,0.0,0.0,0.0
heat_Pick_up,Extreme Heat,Picking up takeout,2653,Transit Access,Low,Medium,FALSE,0.2264167256622993,0.6090106780127189,0.1645725963249822,0.2264167256622993,0.6090106780127189,0.1645725963249822,0.0,0.0,0.0,0.0,0.0,0.0
heat_Pick_up,Extreme Heat,Picking up takeout,2653,Transit Access,Low,High,FALSE,0.2264167256622993,0.6090106780127189,0.1645725963249822,0.2264167256622993,0.6090106780127189,0.1645725963249822,0.0,0.0,0.0,0.0,0.0,0.0
heat_Pick_up,Extreme Heat,Picking up takeout,2653,Walkability Index,Very low,Low,FALSE,0.2264167256622993,0.6090106780127189,0.1645725963249822,0.2264167256622993,0.6090106780127189,0.1645725963249822,0.0,0.0,0.0,0.0,0.0,0.0
heat_Pick_up,Extreme Heat,Picking up takeout,2653,Walkability Index,Very low,High,FALSE,0.2264167256622993,0.6090106780127189,0.1645725963249822,0.2264167256622993,0.6090106780127189,0.1645725963249822,0.0,0.0,0.0,0.0,0.0,0.0
heat_Pick_up,Extreme Heat,Picking up takeout,2653,Walkability Index,Very low,Very high,FALSE,0.2264167256622993,0.6090106780127189,0.1645725963249822,0.2264167256622993,0.6090106780127189,0.1645725963249822,0.0,0.0,0.0,0.0,0.0,0.0
heat_Pick_up,Extreme Heat,Picking up takeout,2653,Employment status,Worker,Non-worker,FALSE,0.2264167256622993,0.6090106780127189,0.1645725963249822,0.2264167256622993,0.6090106780127189,0.1645725963249822,0.0,0.0,0.0,0.0,0.0,0.0
heat_Pick_up,Extreme Heat,Picking up takeout,2653,Race,Other race,White,FALSE,0.2264167256622993,0.6090106780127189,0.1645725963249822,0.2264167256622993,0.6090106780127189,0.1645725963249822,0.0,0.0,0.0,0.0,0.0,0.0
heat_Pick_up,Extreme Heat,Picking up takeout,2653,Race,Other race,Black,FALSE,0.2264167256622993,0.6090106780127189,0.1645725963249822,0.2264167256622993,0.6090106780127189,0.1645725963249822,0.0,0.0,0.0,0.0,0.0,0.0
heat_Pick_up,Extreme Heat,Picking up takeout,2653,Race,Other race,Asian,FALSE,0.2264167256622993,0.6090106780127189,0.1645725963249822,0.2264167256622993,0.6090106780127189,0.1645725963249822,0.0,0.0,0.0,0.0,0.0,0.0
heat_Pick_up,Extreme Heat,Picking up takeout,2653,Hispanic,Not Hispanic,Hispanic,FALSE,0.2264167256622993,0.6090106780127189,0.1645725963249822,0.2264167256622993,0.6090106780127189,0.1645725963249822,0.0,0.0,0.0,0.0,0.0,0.0
heat_Pick_up,Extreme Heat,Picking up takeout,2653,Education (edu_bs),edu_bs = 0,edu_bs = 1,FALSE,0.2264167256622993,0.6090106780127189,0.1645725963249822,0.2264167256622993,0.6090106780127189,0.1645725963249822,0.0,0.0,0.0,0.0,0.0,0.0
heat_Pick_up,Extreme Heat,Picking up takeout,2653,Education (bs_grad),bs_grad = 0,bs_grad = 1,FALSE,0.2264167256622993,0.6090106780127189,0.1645725963249822,0.2264167256622993,0.6090106780127189,0.1645725963249822,0.0,0.0,0.0,0.0,0.0,0.0
heat_Pick_up,Extreme Heat,Picking up takeout,2653,Telecommute (tcom_no),tcom_no = 0,tcom_no = 1,FALSE,0.2264167256622993,0.6090106780127189,0.1645725963249822,0.2264167256622993,0.6090106780127189,0.1645725963249822,0.0,0.0,0.0,0.0,0.0,0.0
heat_Pick_up,Extreme Heat,Picking up takeout,2653,Air conditioning (ac_c),ac_c = 0,ac_c = 1,TRUE,0.1959692367157203,0.6121832051157683,0.1918475581685112,0.2313091163463715,0.6082576451029265,0.1604332385507033,0.03533987963065122,-0.003925560012841833,-0.03141431961780783,18.03338127091675,-0.6412394165729329,-16.37462572769092
heat_Pick_up,Extreme Heat,Picking up takeout,2653,Employment Density,Low,Medium,TRUE,0.2166854263339904,0.610988775182736,0.172325798483275,0.2463457647336602,0.6050472790096787,0.1486069562566599,0.02966033839966978,-0.005941496173057281,-0.02371884222661511,13.68820178702397,-0.9724394971544746,-13.76395318366514
heat_Pick_up,Extreme Heat,Picking up takeout,2653,Employment Density,Low,High,FALSE,0.2166854263339904,0.610988775182736,0.172325798483275,0.2166854263339904,0.610988775182736,0.172325798483275,0.0,0.0,0.0,0.0,0.0,0.0
heat_Pick_up,Extreme Heat,Picking up takeout,2653,Land-use Diversity,Not high,High,TRUE,0.2140046603454741,0.611663173353912,0.1743321663006144,0.2535235043876186,0.6033402856949811,0.1431362099174005,0.03951884404214445,-0.008322887658930855,-0.03119595638321396,18.46634740493408,-1.360697851612391,-17.89454983850792
heat_Pick_up,Extreme Heat,Picking up takeout,2653,Network Density,Low,Medium,FALSE,0.2264167256622993,0.6090106780127189,0.1645725963249822,0.2264167256622993,0.6090106780127189,0.1645725963249822,0.0,0.0,0.0,0.0,0.0,0.0
heat_Pick_up,Extreme Heat,Picking up takeout,2653,Network Density,Low,High,FALSE,0.2264167256622993,0.6090106780127189,0.1645725963249822,0.2264167256622993,0.6090106780127189,0.1645725963249822,0.0,0.0,0.0,0.0,0.0,0.0
heat_Pick_up,Extreme Heat,Picking up takeout,2653,Community Resilience,Current value,1 Unit Increase*,FALSE,0.2264167256622993,0.6090106780127189,0.1645725963249822,0.2264167256622993,0.6090106780127189,0.1645725963249822,0.0,0.0,0.0,0.0,0.0,0.0
heat_Pick_up,Extreme Heat,Picking up takeout,2653,Social Engagement,Current value,1 Unit Increase*,TRUE,0.2264167256622993,0.6090106780127189,0.1645725963249822,0.2029269493875628,0.6117639488712314,0.1853091017412054,-0.02348977627473653,0.002753270858512513,0.02073650541622321,-10.37457643909732,0.4520890943155207,12.60021770287609
heat_Pick_up,Extreme Heat,Picking up takeout,2653,Personal Resilience,Current value,1 Unit Increase*,TRUE,0.2264167256622993,0.6090106780127189,0.1645725963249822,0.2120081832312388,0.6110437646004727,0.1769480521682882,-0.01440854243106057,0.002033086587753807,0.01237545584330602,-6.363727056344291,0.3338343088479226,7.519754880009398
heat_Transit,Extreme Heat,Taking public transit,2653,Gender,Male,Female,FALSE,0.2315747538208409,0.6795269406915418,0.08889830548761621,0.2315747538208409,0.6795269406915418,0.08889830548761621,0.0,0.0,0.0,0.0,0.0,0.0
heat_Transit,Extreme Heat,Taking public transit,2653,Age Group,18-30,31-50,TRUE,0.1925330436503796,0.6952540819871865,0.1122128743624343,0.2375362971460599,0.6769470303953645,0.08551667245857446,0.04500325349568035,-0.018307051591822,-0.02669620190385982,23.37430118094517,-2.633145502647965,-23.79067647588659
heat_Transit,Extreme Heat,Taking public transit,2653,Age Group,18-30,51-65,TRUE,0.1925330436503796,0.6952540819871865,0.1122128743624343,0.2366650826431082,0.6773772701952309,0.08595764716166052,0.04413203899272858,-0.01787681179195566,-0.02625522720077376,22.92179989262927,-2.571263118780959,-23.39769598626669
heat_Transit,Extreme Heat,Taking public transit,2653,Age Group,18-30,65+,TRUE,0.1925330436503796,0.6952540819871865,0.1122128743624343,0.2377834427469336,0.6768245098866562,0.08539204736641025,0.04525039909655398,-0.01842957210053031,-0.02682082699602403,23.50266647148845,-2.650767910323462,-23.90173778936982
heat_Transit,Extreme Heat,Taking public transit,2653,Household Income,Less than $50k,$50k-$100k,TRUE,0.2419150418909224,0.6744967749097884,0.08358818319928794,0.2083942100716321,0.6895301034037904,0.1020756865245772,-0.0335208318192903,0.01503332849400196,0.01848750332528923,-13.85644793199944,2.228821404818817,22.11736470119465
heat_Transit,Extreme Heat,Taking public transit,2653,Household Income,Less than $50k,$100k or higher,FALSE,0.2419150418909224,0.6744967749097884,0.08358818319928794,0.2419150418909224,0.6744967749097884,0.08358818319928794,0.0,0.0,0.0,0.0,0.0,0.0
heat_Transit,Extreme Heat,Taking public transit,2653,Household Size,3+ persons,1 person,FALSE,0.2315747538208409,0.6795269406915418,0.08889830548761621,0.2315747538208409,0.6795269406915418,0.08889830548761621,0.0,0.0,0.0,0.0,0.0,0.0
heat_Transit,Extreme Heat,Taking public transit,2653,Household Size,3+ persons,2 persons,FALSE,0.2315747538208409,0.6795269406915418,0.08889830548761621,0.2315747538208409,0.6795269406915418,0.08889830548761621,0.0,0.0,0.0,0.0,0.0,0.0
heat_Transit,Extreme Heat,Taking public transit,2653,Child in household,No child,Has child,FALSE,0.2315747538208409,0.6795269406915418,0.08889830548761621,0.2315747538208409,0.6795269406915418,0.08889830548761621,0.0,0.0,0.0,0.0,0.0,0.0
heat_Transit,Extreme Heat,Taking public transit,2653,Disability,No disability,Has disability,FALSE,0.2315747538208409,0.6795269406915418,0.08889830548761621,0.2315747538208409,0.6795269406915418,0.08889830548761621,0.0,0.0,0.0,0.0,0.0,0.0
heat_Transit,Extreme Heat,Taking public transit,2653,Works outdoors,No,Yes,TRUE,0.2371534889904496,0.6776923448219762,0.0851541661875734,0.1199010504084393,0.6991591697935963,0.1809397797979643,-0.1172524385820103,0.02146682497162011,0.09578561361039087,-49.44158278301026,3.167635747347752,112.4849410179169
heat_Transit,Extreme Heat,Taking public transit,2653,Zero-vehicle HH,Has vehicle,Zero vehicle,TRUE,0.2419121477093716,0.6756904663150249,0.0823973859756019,0.1561437070817293,0.7036380290720415,0.1402182638462288,-0.08576844062764236,0.0279475627570166,0.05782087787062687,-35.45437525141682,4.136148747137524,70.17319443574071
heat_Transit,Extreme Heat,Taking public transit,2653,Stand-alone house,Not stand-alone,Stand-alone house,FALSE,0.2315747538208409,0.6795269406915418,0.08889830548761621,0.2315747538208409,0.6795269406915418,0.08889830548761621,0.0,0.0,0.0,0.0,0.0,0.0
heat_Transit,Extreme Heat,Taking public transit,2653,Rural,Not rural,Rural,FALSE,0.2315747538208409,0.6795269406915418,0.08889830548761621,0.2315747538208409,0.6795269406915418,0.08889830548761621,0.0,0.0,0.0,0.0,0.0,0.0
heat_Transit,Extreme Heat,Taking public transit,2653,Population Density,Low,Medium,FALSE,0.2315747538208409,0.6795269406915418,0.08889830548761621,0.2315747538208409,0.6795269406915418,0.08889830548761621,0.0,0.0,0.0,0.0,0.0,0.0
heat_Transit,Extreme Heat,Taking public transit,2653,Population Density,Low,High,FALSE,0.2315747538208409,0.6795269406915418,0.08889830548761621,0.2315747538208409,0.6795269406915418,0.08889830548761621,0.0,0.0,0.0,0.0,0.0,0.0
heat_Transit,Extreme Heat,Taking public transit,2653,Transit Access,Low,Medium,FALSE,0.2272265158515157,0.6815898930715488,0.09118359107693466,0.2272265158515157,0.6815898930715488,0.09118359107693466,0.0,0.0,0.0,0.0,0.0,0.0
heat_Transit,Extreme Heat,Taking public transit,2653,Transit Access,Low,High,TRUE,0.2272265158515157,0.6815898930715488,0.09118359107693466,0.266318854491324,0.6611463139595266,0.0725348315491498,0.03909233863980829,-0.02044357911202221,-0.01864875952778486,17.20412712104151,-2.999395871305295,-20.45188098815967
heat_Transit,Extreme Heat,Taking public transit,2653,Walkability Index,Very low,Low,FALSE,0.2315747538208409,0.6795269406915418,0.08889830548761621,0.2315747538208409,0.6795269406915418,0.08889830548761621,0.0,0.0,0.0,0.0,0.0,0.0
heat_Transit,Extreme Heat,Taking public transit,2653,Walkability Index,Very low,High,FALSE,0.2315747538208409,0.6795269406915418,0.08889830548761621,0.2315747538208409,0.6795269406915418,0.08889830548761621,0.0,0.0,0.0,0.0,0.0,0.0
heat_Transit,Extreme Heat,Taking public transit,2653,Walkability Index,Very low,Very high,FALSE,0.2315747538208409,0.6795269406915418,0.08889830548761621,0.2315747538208409,0.6795269406915418,0.08889830548761621,0.0,0.0,0.0,0.0,0.0,0.0
heat_Transit,Extreme Heat,Taking public transit,2653,Employment status,Worker,Non-worker,FALSE,0.2315747538208409,0.6795269406915418,0.08889830548761621,0.2315747538208409,0.6795269406915418,0.08889830548761621,0.0,0.0,0.0,0.0,0.0,0.0
heat_Transit,Extreme Heat,Taking public transit,2653,Race,Other race,White,FALSE,0.2315747538208409,0.6795269406915418,0.08889830548761621,0.2315747538208409,0.6795269406915418,0.08889830548761621,0.0,0.0,0.0,0.0,0.0,0.0
heat_Transit,Extreme Heat,Taking public transit,2653,Race,Other race,Black,FALSE,0.2315747538208409,0.6795269406915418,0.08889830548761621,0.2315747538208409,0.6795269406915418,0.08889830548761621,0.0,0.0,0.0,0.0,0.0,0.0
heat_Transit,Extreme Heat,Taking public transit,2653,Race,Other race,Asian,FALSE,0.2315747538208409,0.6795269406915418,0.08889830548761621,0.2315747538208409,0.6795269406915418,0.08889830548761621,0.0,0.0,0.0,0.0,0.0,0.0
heat_Transit,Extreme Heat,Taking public transit,2653,Hispanic,Not Hispanic,Hispanic,FALSE,0.2315747538208409,0.6795269406915418,0.08889830548761621,0.2315747538208409,0.6795269406915418,0.08889830548761621,0.0,0.0,0.0,0.0,0.0,0.0
heat_Transit,Extreme Heat,Taking public transit,2653,Education (edu_bs),edu_bs = 0,edu_bs = 1,FALSE,0.2315747538208409,0.6795269406915418,0.08889830548761621,0.2315747538208409,0.6795269406915418,0.08889830548761621,0.0,0.0,0.0,0.0,0.0,0.0
heat_Transit,Extreme Heat,Taking public transit,2653,Education (bs_grad),bs_grad = 0,bs_grad = 1,FALSE,0.2315747538208409,0.6795269406915418,0.08889830548761621,0.2315747538208409,0.6795269406915418,0.08889830548761621,0.0,0.0,0.0,0.0,0.0,0.0
heat_Transit,Extreme Heat,Taking public transit,2653,Telecommute (tcom_no),tcom_no = 0,tcom_no = 1,TRUE,0.2199723245533047,0.6852099806021524,0.094817694844542,0.269593860931048,0.6595409494544074,0.07086518961454419,0.04962153637774336,-0.02566903114774499,-0.02395250522999781,22.5580815579911,-3.746155466852282,-25.26164052951198
heat_Transit,Extreme Heat,Taking public transit,2653,Air conditioning (ac_c),ac_c = 0,ac_c = 1,FALSE,0.2315747538208409,0.6795269406915418,0.08889830548761621,0.2315747538208409,0.6795269406915418,0.08889830548761621,0.0,0.0,0.0,0.0,0.0,0.0
heat_Transit,Extreme Heat,Taking public transit,2653,Employment Density,Low,Medium,FALSE,0.2315747538208409,0.6795269406915418,0.08889830548761621,0.2315747538208409,0.6795269406915418,0.08889830548761621,0.0,0.0,0.0,0.0,0.0,0.0
heat_Transit,Extreme Heat,Taking public transit,2653,Employment Density,Low,High,FALSE,0.2315747538208409,0.6795269406915418,0.08889830548761621,0.2315747538208409,0.6795269406915418,0.08889830548761621,0.0,0.0,0.0,0.0,0.0,0.0
heat_Transit,Extreme Heat,Taking public transit,2653,Land-use Diversity,Not high,High,FALSE,0.2315747538208409,0.6795269406915418,0.08889830548761621,0.2315747538208409,0.6795269406915418,0.08889830548761621,0.0,0.0,0.0,0.0,0.0,0.0
heat_Transit,Extreme Heat,Taking public transit,2653,Network Density,Low,Medium,FALSE,0.2315747538208409,0.6795269406915418,0.08889830548761621,0.2315747538208409,0.6795269406915418,0.08889830548761621,0.0,0.0,0.0,0.0,0.0,0.0
heat_Transit,Extreme Heat,Taking public transit,2653,Network Density,Low,High,FALSE,0.2315747538208409,0.6795269406915418,0.08889830548761621,0.2315747538208409,0.6795269406915418,0.08889830548761621,0.0,0.0,0.0,0.0,0.0,0.0
heat_Transit,Extreme Heat,Taking public transit,2653,Community Resilience,Current value,1 Unit Increase*,FALSE,0.2315747538208409,0.6795269406915418,0.08889830548761621,0.2315747538208409,0.6795269406915418,0.08889830548761621,0.0,0.0,0.0,0.0,0.0,0.0
heat_Transit,Extreme Heat,Taking public transit,2653,Social Engagement,Current value,1 Unit Increase*,FALSE,0.2315747538208409,0.6795269406915418,0.08889830548761621,0.2315747538208409,0.6795269406915418,0.08889830548761621,0.0,0.0,0.0,0.0,0.0,0.0
heat_Transit,Extreme Heat,Taking public transit,2653,Personal Resilience,Current value,1 Unit Increase*,TRUE,0.2315747538208409,0.6795269406915418,0.08889830548761621,0.2498562028591703,0.6703043338374728,0.07983946330335828,0.01828144903832934,-0.00922260685406906,-0.009058842184257926,7.89440504057402,-1.357209891440564,-10.19011794945838
heat_Usual,Extreme Heat,Go about business as usual,2653,Gender,Male,Female,TRUE,0.2038107403767629,0.1886133531976736,0.607575906425563,0.233971921297238,0.1980256859037527,0.5680023927990091,0.03016118092047504,0.009412332706079135,-0.03957351362655392,14.79862192969778,4.990279079665516,-6.513344786722917
heat_Usual,Extreme Heat,Go about business as usual,2653,Age Group,18-30,31-50,TRUE,0.2466141750866959,0.2010837124324016,0.5523021124809014,0.1954129089962126,0.1853406054289531,0.6192464855748332,-0.05120126609048326,-0.01574310700344844,0.06694437309393175,-20.76168820080343,-7.829130869433699,12.12096995125049
heat_Usual,Extreme Heat,Go about business as usual,2653,Age Group,18-30,51-65,TRUE,0.2466141750866959,0.2010837124324016,0.5523021124809014,0.2159610446077799,0.1924384564304525,0.5916004989617674,-0.03065313047891596,-0.00864525600194907,0.03929838648086592,-12.42958985149171,-4.299331804337634,7.115378629341175
heat_Usual,Extreme Heat,Go about business as usual,2653,Age Group,18-30,65+,FALSE,0.2466141750866959,0.2010837124324016,0.5523021124809014,0.2466141750866959,0.2010837124324016,0.5523021124809014,0.0,0.0,0.0,0.0,0.0,0.0
heat_Usual,Extreme Heat,Go about business as usual,2653,Household Income,Less than $50k,$50k-$100k,FALSE,0.2221779327317057,0.193843745839922,0.5839783214283717,0.2221779327317057,0.193843745839922,0.5839783214283717,0.0,0.0,0.0,0.0,0.0,0.0
heat_Usual,Extreme Heat,Go about business as usual,2653,Household Income,Less than $50k,$100k or higher,FALSE,0.2221779327317057,0.193843745839922,0.5839783214283717,0.2221779327317057,0.193843745839922,0.5839783214283717,0.0,0.0,0.0,0.0,0.0,0.0
heat_Usual,Extreme Heat,Go about business as usual,2653,Household Size,3+ persons,1 person,FALSE,0.2221779327317057,0.193843745839922,0.5839783214283717,0.2221779327317057,0.193843745839922,0.5839783214283717,0.0,0.0,0.0,0.0,0.0,0.0
heat_Usual,Extreme Heat,Go about business as usual,2653,Household Size,3+ persons,2 persons,FALSE,0.2221779327317057,0.193843745839922,0.5839783214283717,0.2221779327317057,0.193843745839922,0.5839783214283717,0.0,0.0,0.0,0.0,0.0,0.0
heat_Usual,Extreme Heat,Go about business as usual,2653,Child in household,No child,Has child,FALSE,0.2221779327317057,0.193843745839922,0.5839783214283717,0.2221779327317057,0.193843745839922,0.5839783214283717,0.0,0.0,0.0,0.0,0.0,0.0
heat_Usual,Extreme Heat,Go about business as usual,2653,Disability,No disability,Has disability,TRUE,0.2137809627509193,0.1924788321368286,0.5937402051122513,0.2496620974141037,0.2025703266698982,0.5477675759159982,0.03588113466318443,0.01009149453306959,-0.04597262919625311,16.78406449361457,5.24291134824415,-7.742886333183656
heat_Usual,Extreme Heat,Go about business as usual,2653,Works outdoors,No,Yes,TRUE,0.2249876250678048,0.1952716374744564,0.5797407374577379,0.1558100854627255,0.1682860333736823,0.6759038811635945,-0.06917753960507933,-0.02698560410077414,0.09616314370585655,-30.74726424808084,-13.8195205662185,16.58726694410822
heat_Usual,Extreme Heat,Go about business as usual,2653,Zero-vehicle HH,Has vehicle,Zero vehicle,TRUE,0.2170312444479497,0.1929872641744906,0.5899814913775587,0.2571758787317897,0.2037582900281597,0.5390658312400505,0.04014463428384002,0.01077102585366913,-0.05091566013750826,18.497168177768,5.581210708251939,-8.63004363384762
heat_Usual,Extreme Heat,Go about business as usual,2653,Stand-alone house,Not stand-alone,Stand-alone house,FALSE,0.2221779327317057,0.193843745839922,0.5839783214283717,0.2221779327317057,0.193843745839922,0.5839783214283717,0.0,0.0,0.0,0.0,0.0,0.0
heat_Usual,Extreme Heat,Go about business as usual,2653,Rural,Not rural,Rural,FALSE,0.2221779327317057,0.193843745839922,0.5839783214283717,0.2221779327317057,0.193843745839922,0.5839783214283717,0.0,0.0,0.0,0.0,0.0,0.0
heat_Usual,Extreme Heat,Go about business as usual,2653,Population Density,Low,Medium,TRUE,0.229491539251896,0.1961779197083834,0.57433054103972,0.207363000233143,0.1892605787936526,0.6033764209732035,-0.02212853901875306,-0.006917340914730785,0.02904587993348351,-9.642420409435742,-3.52605477976999,5.057345528047538
heat_Usual,Extreme Heat,Go about business as usual,2653,Population Density,Low,High,FALSE,0.229491539251896,0.1961779197083834,0.57433054103972,0.229491539251896,0.1961779197083834,0.57433054103972,0.0,0.0,0.0,0.0,0.0,0.0
heat_Usual,Extreme Heat,Go about business as usual,2653,Transit Access,Low,Medium,FALSE,0.2221779327317057,0.193843745839922,0.5839783214283717,0.2221779327317057,0.193843745839922,0.5839783214283717,0.0,0.0,0.0,0.0,0.0,0.0
heat_Usual,Extreme Heat,Go about business as usual,2653,Transit Access,Low,High,FALSE,0.2221779327317057,0.193843745839922,0.5839783214283717,0.2221779327317057,0.193843745839922,0.5839783214283717,0.0,0.0,0.0,0.0,0.0,0.0
heat_Usual,Extreme Heat,Go about business as usual,2653,Walkability Index,Very low,Low,FALSE,0.2221779327317057,0.193843745839922,0.5839783214283717,0.2221779327317057,0.193843745839922,0.5839783214283717,0.0,0.0,0.0,0.0,0.0,0.0
heat_Usual,Extreme Heat,Go about business as usual,2653,Walkability Index,Very low,High,FALSE,0.2221779327317057,0.193843745839922,0.5839783214283717,0.2221779327317057,0.193843745839922,0.5839783214283717,0.0,0.0,0.0,0.0,0.0,0.0
heat_Usual,Extreme Heat,Go about business as usual,2653,Walkability Index,Very low,Very high,FALSE,0.2221779327317057,0.193843745839922,0.5839783214283717,0.2221779327317057,0.193843745839922,0.5839783214283717,0.0,0.0,0.0,0.0,0.0,0.0
heat_Usual,Extreme Heat,Go about business as usual,2653,Employment status,Worker,Non-worker,TRUE,0.193179342349957,0.1859778374926603,0.6208428201573821,0.2496336491886049,0.203313607368843,0.5470527434425514,0.05645430683864791,0.01733576987618277,-0.07379007671483073,29.22378042698646,9.321417062324393,-11.88546832129348
heat_Usual,Extreme Heat,Go about business as usual,2653,Race,Other race,White,FALSE,0.2221779327317057,0.193843745839922,0.5839783214283717,0.2221779327317057,0.193843745839922,0.5839783214283717,0.0,0.0,0.0,0.0,0.0,0.0
heat_Usual,Extreme Heat,Go about business as usual,2653,Race,Other race,Black,FALSE,0.2221779327317057,0.193843745839922,0.5839783214283717,0.2221779327317057,0.193843745839922,0.5839783214283717,0.0,0.0,0.0,0.0,0.0,0.0
heat_Usual,Extreme Heat,Go about business as usual,2653,Race,Other race,Asian,FALSE,0.2221779327317057,0.193843745839922,0.5839783214283717,0.2221779327317057,0.193843745839922,0.5839783214283717,0.0,0.0,0.0,0.0,0.0,0.0
heat_Usual,Extreme Heat,Go about business as usual,2653,Hispanic,Not Hispanic,Hispanic,FALSE,0.2221779327317057,0.193843745839922,0.5839783214283717,0.2221779327317057,0.193843745839922,0.5839783214283717,0.0,0.0,0.0,0.0,0.0,0.0
heat_Usual,Extreme Heat,Go about business as usual,2653,Education (edu_bs),edu_bs = 0,edu_bs = 1,FALSE,0.2221779327317057,0.193843745839922,0.5839783214283717,0.2221779327317057,0.193843745839922,0.5839783214283717,0.0,0.0,0.0,0.0,0.0,0.0
heat_Usual,Extreme Heat,Go about business as usual,2653,Education (bs_grad),bs_grad = 0,bs_grad = 1,FALSE,0.2221779327317057,0.193843745839922,0.5839783214283717,0.2221779327317057,0.193843745839922,0.5839783214283717,0.0,0.0,0.0,0.0,0.0,0.0
heat_Usual,Extreme Heat,Go about business as usual,2653,Telecommute (tcom_no),tcom_no = 0,tcom_no = 1,FALSE,0.2221779327317057,0.193843745839922,0.5839783214283717,0.2221779327317057,0.193843745839922,0.5839783214283717,0.0,0.0,0.0,0.0,0.0,0.0
heat_Usual,Extreme Heat,Go about business as usual,2653,Air conditioning (ac_c),ac_c = 0,ac_c = 1,TRUE,0.2801491491314391,0.2087239621291063,0.5111268887394542,0.2126096513635292,0.1919281464561805,0.5954622021802898,-0.06753949776790985,-0.01679581567292576,0.08433531344083556,-24.10840724567826,-8.046903432456263,16.49987807309924
heat_Usual,Extreme Heat,Go about business as usual,2653,Employment Density,Low,Medium,FALSE,0.2221779327317057,0.193843745839922,0.5839783214283717,0.2221779327317057,0.193843745839922,0.5839783214283717,0.0,0.0,0.0,0.0,0.0,0.0
heat_Usual,Extreme Heat,Go about business as usual,2653,Employment Density,Low,High,FALSE,0.2221779327317057,0.193843745839922,0.5839783214283717,0.2221779327317057,0.193843745839922,0.5839783214283717,0.0,0.0,0.0,0.0,0.0,0.0
heat_Usual,Extreme Heat,Go about business as usual,2653,Land-use Diversity,Not high,High,FALSE,0.2221779327317057,0.193843745839922,0.5839783214283717,0.2221779327317057,0.193843745839922,0.5839783214283717,0.0,0.0,0.0,0.0,0.0,0.0
heat_Usual,Extreme Heat,Go about business as usual,2653,Network Density,Low,Medium,FALSE,0.2221779327317057,0.193843745839922,0.5839783214283717,0.2221779327317057,0.193843745839922,0.5839783214283717,0.0,0.0,0.0,0.0,0.0,0.0
heat_Usual,Extreme Heat,Go about business as usual,2653,Network Density,Low,High,FALSE,0.2221779327317057,0.193843745839922,0.5839783214283717,0.2221779327317057,0.193843745839922,0.5839783214283717,0.0,0.0,0.0,0.0,0.0,0.0
heat_Usual,Extreme Heat,Go about business as usual,2653,Community Resilience,Current value,1 Unit Increase*,TRUE,0.2221779327317057,0.193843745839922,0.5839783214283717,0.2004855783555489,0.1866785406608621,0.6128358809835872,-0.02169235437615677,-0.007165205179059914,0.02885755955521552,-9.763505362322231,-3.696381922467082,4.941546371898167
heat_Usual,Extreme Heat,Go about business as usual,2653,Social Engagement,Current value,1 Unit Increase*,FALSE,0.2221779327317057,0.193843745839922,0.5839783214283717,0.2221779327317057,0.193843745839922,0.5839783214283717,0.0,0.0,0.0,0.0,0.0,0.0
heat_Usual,Extreme Heat,Go about business as usual,2653,Personal Resilience,Current value,1 Unit Increase*,TRUE,0.2221779327317057,0.193843745839922,0.5839783214283717,0.1756103657156724,0.1768891670069571,0.647500467277369,-0.04656756701603332,-0.01695457883296494,0.06352214584899729,-20.95958245874341,-8.746518366894435,10.87748355001028
heat_WFH,Extreme Heat,Working from home,1271,Gender,Male,Female,FALSE,0.07546440663691747,0.6631108745822253,0.2614247187808577,0.07546440663691747,0.6631108745822253,0.2614247187808577,0.0,0.0,0.0,0.0,0.0,0.0
heat_WFH,Extreme Heat,Working from home,1271,Age Group,18-30,31-50,FALSE,0.07546440663691747,0.6631108745822253,0.2614247187808577,0.07546440663691747,0.6631108745822253,0.2614247187808577,0.0,0.0,0.0,0.0,0.0,0.0
heat_WFH,Extreme Heat,Working from home,1271,Age Group,18-30,51-65,FALSE,0.07546440663691747,0.6631108745822253,0.2614247187808577,0.07546440663691747,0.6631108745822253,0.2614247187808577,0.0,0.0,0.0,0.0,0.0,0.0
heat_WFH,Extreme Heat,Working from home,1271,Age Group,18-30,65+,FALSE,0.07546440663691747,0.6631108745822253,0.2614247187808577,0.07546440663691747,0.6631108745822253,0.2614247187808577,0.0,0.0,0.0,0.0,0.0,0.0
heat_WFH,Extreme Heat,Working from home,1271,Household Income,Less than $50k,$50k-$100k,TRUE,0.08236734506090845,0.6747375934460195,0.2428950614930722,0.07850760033970426,0.6704848790251581,0.2510075206351371,-0.003859744721204192,-0.004252714420861392,0.008112459142064904,-4.686013271825155,-0.6302767864381071,3.339902875010197
heat_WFH,Extreme Heat,Working from home,1271,Household Income,Less than $50k,$100k or higher,TRUE,0.08236734506090845,0.6747375934460195,0.2428950614930722,0.05964699759345168,0.6421832618836081,0.2981697405229406,-0.02272034746745678,-0.03255433156241139,0.05527467902986841,-27.58416876330745,-4.824739554846785,22.75660883761729
heat_WFH,Extreme Heat,Working from home,1271,Household Size,3+ persons,1 person,FALSE,0.06846542392718283,0.6562142406900123,0.2753203353828049,0.06846542392718283,0.6562142406900123,0.2753203353828049,0.0,0.0,0.0,0.0,0.0,0.0
heat_WFH,Extreme Heat,Working from home,1271,Household Size,3+ persons,2 persons,TRUE,0.06846542392718283,0.6562142406900123,0.2753203353828049,0.092751688212628,0.6833127155005028,0.2239355962868687,0.02428626428544517,0.02709847481049044,-0.05138473909593619,35.47230542423151,4.129516418600771,-18.66361924355894
heat_WFH,Extreme Heat,Working from home,1271,Child in household,No child,Has child,FALSE,0.07546440663691747,0.6631108745822253,0.2614247187808577,0.07546440663691747,0.6631108745822253,0.2614247187808577,0.0,0.0,0.0,0.0,0.0,0.0
heat_WFH,Extreme Heat,Working from home,1271,Disability,No disability,Has disability,FALSE,0.07546440663691747,0.6631108745822253,0.2614247187808577,0.07546440663691747,0.6631108745822253,0.2614247187808577,0.0,0.0,0.0,0.0,0.0,0.0
heat_WFH,Extreme Heat,Working from home,1271,Works outdoors,No,Yes,FALSE,0.07546440663691747,0.6631108745822253,0.2614247187808577,0.07546440663691747,0.6631108745822253,0.2614247187808577,0.0,0.0,0.0,0.0,0.0,0.0
heat_WFH,Extreme Heat,Working from home,1271,Zero-vehicle HH,Has vehicle,Zero vehicle,FALSE,0.07546440663691747,0.6631108745822253,0.2614247187808577,0.07546440663691747,0.6631108745822253,0.2614247187808577,0.0,0.0,0.0,0.0,0.0,0.0
heat_WFH,Extreme Heat,Working from home,1271,Stand-alone house,Not stand-alone,Stand-alone house,FALSE,0.07546440663691747,0.6631108745822253,0.2614247187808577,0.07546440663691747,0.6631108745822253,0.2614247187808577,0.0,0.0,0.0,0.0,0.0,0.0
heat_WFH,Extreme Heat,Working from home,1271,Rural,Not rural,Rural,FALSE,0.07546440663691747,0.6631108745822253,0.2614247187808577,0.07546440663691747,0.6631108745822253,0.2614247187808577,0.0,0.0,0.0,0.0,0.0,0.0
heat_WFH,Extreme Heat,Working from home,1271,Population Density,Low,Medium,FALSE,0.07546440663691747,0.6631108745822253,0.2614247187808577,0.07546440663691747,0.6631108745822253,0.2614247187808577,0.0,0.0,0.0,0.0,0.0,0.0
heat_WFH,Extreme Heat,Working from home,1271,Population Density,Low,High,FALSE,0.07546440663691747,0.6631108745822253,0.2614247187808577,0.07546440663691747,0.6631108745822253,0.2614247187808577,0.0,0.0,0.0,0.0,0.0,0.0
heat_WFH,Extreme Heat,Working from home,1271,Transit Access,Low,Medium,FALSE,0.07546440663691747,0.6631108745822253,0.2614247187808577,0.07546440663691747,0.6631108745822253,0.2614247187808577,0.0,0.0,0.0,0.0,0.0,0.0
heat_WFH,Extreme Heat,Working from home,1271,Transit Access,Low,High,FALSE,0.07546440663691747,0.6631108745822253,0.2614247187808577,0.07546440663691747,0.6631108745822253,0.2614247187808577,0.0,0.0,0.0,0.0,0.0,0.0
heat_WFH,Extreme Heat,Working from home,1271,Walkability Index,Very low,Low,FALSE,0.07546440663691747,0.6631108745822253,0.2614247187808577,0.07546440663691747,0.6631108745822253,0.2614247187808577,0.0,0.0,0.0,0.0,0.0,0.0
heat_WFH,Extreme Heat,Working from home,1271,Walkability Index,Very low,High,FALSE,0.07546440663691747,0.6631108745822253,0.2614247187808577,0.07546440663691747,0.6631108745822253,0.2614247187808577,0.0,0.0,0.0,0.0,0.0,0.0
heat_WFH,Extreme Heat,Working from home,1271,Walkability Index,Very low,Very high,FALSE,0.07546440663691747,0.6631108745822253,0.2614247187808577,0.07546440663691747,0.6631108745822253,0.2614247187808577,0.0,0.0,0.0,0.0,0.0,0.0
heat_WFH,Extreme Heat,Working from home,1271,Employment status,Worker,Non-worker,FALSE,0.07546440663691747,0.6631108745822253,0.2614247187808577,0.07546440663691747,0.6631108745822253,0.2614247187808577,0.0,0.0,0.0,0.0,0.0,0.0
heat_WFH,Extreme Heat,Working from home,1271,Race,Other race,White,FALSE,0.08030838770828665,0.6708122821658825,0.2488793301258305,0.08030838770828665,0.6708122821658825,0.2488793301258305,0.0,0.0,0.0,0.0,0.0,0.0
heat_WFH,Extreme Heat,Working from home,1271,Race,Other race,Black,TRUE,0.08030838770828665,0.6708122821658825,0.2488793301258305,0.05394781061907275,0.6286662850815968,0.3173859042993302,-0.0263605770892139,-0.04214599708428568,0.0685065741734997,-32.82418915564143,-6.282830264855462,27.52601999485596
heat_WFH,Extreme Heat,Working from home,1271,Race,Other race,Asian,FALSE,0.08030838770828665,0.6708122821658825,0.2488793301258305,0.08030838770828665,0.6708122821658825,0.2488793301258305,0.0,0.0,0.0,0.0,0.0,0.0
heat_WFH,Extreme Heat,Working from home,1271,Hispanic,Not Hispanic,Hispanic,TRUE,0.07885260714984063,0.6698905660183233,0.2512568268318363,0.04584351332933511,0.6090306053763882,0.3451258812942766,-0.03300909382050552,-0.06085996064193511,0.09386905446244026,-41.86176591191156,-9.085060117158065,37.35980257573892
heat_WFH,Extreme Heat,Working from home,1271,Education (edu_bs),edu_bs = 0,edu_bs = 1,TRUE,0.08051987714698207,0.6721314208333503,0.247348702019668,0.0607052829317184,0.6435471412206194,0.2957475758476621,-0.01981459421526367,-0.02858427961273091,0.04839887382799415,-24.60832643732658,-4.252781335127934,19.56706197881956
heat_WFH,Extreme Heat,Working from home,1271,Education (bs_grad),bs_grad = 0,bs_grad = 1,FALSE,0.07546440663691747,0.6631108745822253,0.2614247187808577,0.07546440663691747,0.6631108745822253,0.2614247187808577,0.0,0.0,0.0,0.0,0.0,0.0
heat_WFH,Extreme Heat,Working from home,1271,Telecommute (tcom_no),tcom_no = 0,tcom_no = 1,TRUE,0.04600739845691012,0.6271454549309027,0.3268471466121878,0.1029311585011447,0.7041644148226603,0.1929044266761948,0.05692376004423454,0.07701895989175767,-0.133942719935993,123.7274046206906,12.28087667481277,-40.98023229644998
heat_WFH,Extreme Heat,Working from home,1271,Air conditioning (ac_c),ac_c = 0,ac_c = 1,TRUE,0.1020968753085964,0.6891482444107521,0.2087548802806514,0.07143274522916737,0.6599098153719183,0.2686574393989145,-0.03066413007942906,-0.02923842903883378,0.05990255911826314,-30.03434726747918,-4.242690781840959,28.69516585084371
heat_WFH,Extreme Heat,Working from home,1271,Employment Density,Low,Medium,FALSE,0.07546440663691747,0.6631108745822253,0.2614247187808577,0.07546440663691747,0.6631108745822253,0.2614247187808577,0.0,0.0,0.0,0.0,0.0,0.0
heat_WFH,Extreme Heat,Working from home,1271,Employment Density,Low,High,FALSE,0.07546440663691747,0.6631108745822253,0.2614247187808577,0.07546440663691747,0.6631108745822253,0.2614247187808577,0.0,0.0,0.0,0.0,0.0,0.0
heat_WFH,Extreme Heat,Working from home,1271,Land-use Diversity,Not high,High,FALSE,0.07546440663691747,0.6631108745822253,0.2614247187808577,0.07546440663691747,0.6631108745822253,0.2614247187808577,0.0,0.0,0.0,0.0,0.0,0.0
heat_WFH,Extreme Heat,Working from home,1271,Network Density,Low,Medium,FALSE,0.07546440663691747,0.6631108745822253,0.2614247187808577,0.07546440663691747,0.6631108745822253,0.2614247187808577,0.0,0.0,0.0,0.0,0.0,0.0
heat_WFH,Extreme Heat,Working from home,1271,Network Density,Low,High,FALSE,0.07546440663691747,0.6631108745822253,0.2614247187808577,0.07546440663691747,0.6631108745822253,0.2614247187808577,0.0,0.0,0.0,0.0,0.0,0.0
heat_WFH,Extreme Heat,Working from home,1271,Community Resilience,Current value,1 Unit Increase*,TRUE,0.07546440663691747,0.6631108745822253,0.2614247187808577,0.06050888060032358,0.6399174814340393,0.2995736379656377,-0.0149555260365939,-0.02319339314818603,0.03814891918477997,-19.81798665501942,-3.497664423434224,14.59269779946048
heat_WFH,Extreme Heat,Working from home,1271,Social Engagement,Current value,1 Unit Increase*,FALSE,0.07546440663691747,0.6631108745822253,0.2614247187808577,0.07546440663691747,0.6631108745822253,0.2614247187808577,0.0,0.0,0.0,0.0,0.0,0.0
heat_WFH,Extreme Heat,Working from home,1271,Personal Resilience,Current value,1 Unit Increase*,FALSE,0.07546440663691747,0.6631108745822253,0.2614247187808577,0.07546440663691747,0.6631108745822253,0.2614247187808577,0.0,0.0,0.0,0.0,0.0,0.0
heat_WFO,Extreme Heat,Working from the office,1271,Gender,Male,Female,FALSE,0.1975520621606256,0.6596888318908443,0.1427591059485295,0.1975520621606256,0.6596888318908443,0.1427591059485295,0.0,0.0,0.0,0.0,0.0,0.0
heat_WFO,Extreme Heat,Working from the office,1271,Age Group,18-30,31-50,FALSE,0.1975520621606256,0.6596888318908443,0.1427591059485295,0.1975520621606256,0.6596888318908443,0.1427591059485295,0.0,0.0,0.0,0.0,0.0,0.0
heat_WFO,Extreme Heat,Working from the office,1271,Age Group,18-30,51-65,FALSE,0.1975520621606256,0.6596888318908443,0.1427591059485295,0.1975520621606256,0.6596888318908443,0.1427591059485295,0.0,0.0,0.0,0.0,0.0,0.0
heat_WFO,Extreme Heat,Working from the office,1271,Age Group,18-30,65+,FALSE,0.1975520621606256,0.6596888318908443,0.1427591059485295,0.1975520621606256,0.6596888318908443,0.1427591059485295,0.0,0.0,0.0,0.0,0.0,0.0
heat_WFO,Extreme Heat,Working from the office,1271,Household Income,Less than $50k,$50k-$100k,TRUE,0.2179489715564808,0.6539963430140456,0.1280546854294733,0.1857657074055961,0.6607069233210134,0.1535273692733898,-0.03218326415088466,0.006710580306967806,0.0254726838439164,-14.76642166331327,1.026088353344766,19.89203578024921
heat_WFO,Extreme Heat,Working from the office,1271,Household Income,Less than $50k,$100k or higher,TRUE,0.2179489715564808,0.6539963430140456,0.1280546854294733,0.1857657074055961,0.6607069233210134,0.1535273692733898,-0.03218326415088466,0.006710580306967806,0.0254726838439164,-14.76642166331327,1.026088353344766,19.89203578024921
heat_WFO,Extreme Heat,Working from the office,1271,Household Size,3+ persons,1 person,TRUE,0.2087179824727207,0.658306196706448,0.1329758208208321,0.1617958817656279,0.6636898712193396,0.1745142470150318,-0.04692210070709285,0.005383674512891679,0.04153842619419976,-22.48110112564236,0.8178070538947649,31.23757833400966
heat_WFO,Extreme Heat,Working from the office,1271,Household Size,3+ persons,2 persons,FALSE,0.2087179824727207,0.658306196706448,0.1329758208208321,0.2087179824727207,0.658306196706448,0.1329758208208321,0.0,0.0,0.0,0.0,0.0,0.0
heat_WFO,Extreme Heat,Working from the office,1271,Child in household,No child,Has child,FALSE,0.1975520621606256,0.6596888318908443,0.1427591059485295,0.1975520621606256,0.6596888318908443,0.1427591059485295,0.0,0.0,0.0,0.0,0.0,0.0
heat_WFO,Extreme Heat,Working from the office,1271,Disability,No disability,Has disability,FALSE,0.1975520621606256,0.6596888318908443,0.1427591059485295,0.1975520621606256,0.6596888318908443,0.1427591059485295,0.0,0.0,0.0,0.0,0.0,0.0
heat_WFO,Extreme Heat,Working from the office,1271,Works outdoors,No,Yes,TRUE,0.2025389554404346,0.6594971269290136,0.1379639176305513,0.147792953807183,0.6618155232182411,0.1903915229745756,-0.05474600163325161,0.002318396289227476,0.0524276053440243,-27.02986273144479,0.3515400135286747,38.00095433968347
heat_WFO,Extreme Heat,Working from the office,1271,Zero-vehicle HH,Has vehicle,Zero vehicle,FALSE,0.1975520621606256,0.6596888318908443,0.1427591059485295,0.1975520621606256,0.6596888318908443,0.1427591059485295,0.0,0.0,0.0,0.0,0.0,0.0
heat_WFO,Extreme Heat,Working from the office,1271,Stand-alone house,Not stand-alone,Stand-alone house,FALSE,0.1975520621606256,0.6596888318908443,0.1427591059485295,0.1975520621606256,0.6596888318908443,0.1427591059485295,0.0,0.0,0.0,0.0,0.0,0.0
heat_WFO,Extreme Heat,Working from the office,1271,Rural,Not rural,Rural,FALSE,0.1975520621606256,0.6596888318908443,0.1427591059485295,0.1975520621606256,0.6596888318908443,0.1427591059485295,0.0,0.0,0.0,0.0,0.0,0.0
heat_WFO,Extreme Heat,Working from the office,1271,Population Density,Low,Medium,FALSE,0.1975520621606256,0.6596888318908443,0.1427591059485295,0.1975520621606256,0.6596888318908443,0.1427591059485295,0.0,0.0,0.0,0.0,0.0,0.0
heat_WFO,Extreme Heat,Working from the office,1271,Population Density,Low,High,FALSE,0.1975520621606256,0.6596888318908443,0.1427591059485295,0.1975520621606256,0.6596888318908443,0.1427591059485295,0.0,0.0,0.0,0.0,0.0,0.0
heat_WFO,Extreme Heat,Working from the office,1271,Transit Access,Low,Medium,FALSE,0.1975520621606256,0.6596888318908443,0.1427591059485295,0.1975520621606256,0.6596888318908443,0.1427591059485295,0.0,0.0,0.0,0.0,0.0,0.0
heat_WFO,Extreme Heat,Working from the office,1271,Transit Access,Low,High,FALSE,0.1975520621606256,0.6596888318908443,0.1427591059485295,0.1975520621606256,0.6596888318908443,0.1427591059485295,0.0,0.0,0.0,0.0,0.0,0.0
heat_WFO,Extreme Heat,Working from the office,1271,Walkability Index,Very low,Low,FALSE,0.1975520621606256,0.6596888318908443,0.1427591059485295,0.1975520621606256,0.6596888318908443,0.1427591059485295,0.0,0.0,0.0,0.0,0.0,0.0
heat_WFO,Extreme Heat,Working from the office,1271,Walkability Index,Very low,High,FALSE,0.1975520621606256,0.6596888318908443,0.1427591059485295,0.1975520621606256,0.6596888318908443,0.1427591059485295,0.0,0.0,0.0,0.0,0.0,0.0
heat_WFO,Extreme Heat,Working from the office,1271,Walkability Index,Very low,Very high,FALSE,0.1975520621606256,0.6596888318908443,0.1427591059485295,0.1975520621606256,0.6596888318908443,0.1427591059485295,0.0,0.0,0.0,0.0,0.0,0.0
heat_WFO,Extreme Heat,Working from the office,1271,Employment status,Worker,Non-worker,FALSE,0.1975520621606256,0.6596888318908443,0.1427591059485295,0.1975520621606256,0.6596888318908443,0.1427591059485295,0.0,0.0,0.0,0.0,0.0,0.0
heat_WFO,Extreme Heat,Working from the office,1271,Race,Other race,White,FALSE,0.1975520621606256,0.6596888318908443,0.1427591059485295,0.1975520621606256,0.6596888318908443,0.1427591059485295,0.0,0.0,0.0,0.0,0.0,0.0
heat_WFO,Extreme Heat,Working from the office,1271,Race,Other race,Black,FALSE,0.1975520621606256,0.6596888318908443,0.1427591059485295,0.1975520621606256,0.6596888318908443,0.1427591059485295,0.0,0.0,0.0,0.0,0.0,0.0
heat_WFO,Extreme Heat,Working from the office,1271,Race,Other race,Asian,FALSE,0.1975520621606256,0.6596888318908443,0.1427591059485295,0.1975520621606256,0.6596888318908443,0.1427591059485295,0.0,0.0,0.0,0.0,0.0,0.0
heat_WFO,Extreme Heat,Working from the office,1271,Hispanic,Not Hispanic,Hispanic,FALSE,0.1975520621606256,0.6596888318908443,0.1427591059485295,0.1975520621606256,0.6596888318908443,0.1427591059485295,0.0,0.0,0.0,0.0,0.0,0.0
heat_WFO,Extreme Heat,Working from the office,1271,Education (edu_bs),edu_bs = 0,edu_bs = 1,TRUE,0.1812628055525059,0.6640568731958436,0.1546803212516499,0.239051721535863,0.6492023342956639,0.1117459441684724,0.05778891598335714,-0.01485453890017974,-0.04293437708317746,31.88128739771579,-2.236937753341925,-27.75684504386786
heat_WFO,Extreme Heat,Working from the office,1271,Education (bs_grad),bs_grad = 0,bs_grad = 1,FALSE,0.1975520621606256,0.6596888318908443,0.1427591059485295,0.1975520621606256,0.6596888318908443,0.1427591059485295,0.0,0.0,0.0,0.0,0.0,0.0
heat_WFO,Extreme Heat,Working from the office,1271,Telecommute (tcom_no),tcom_no = 0,tcom_no = 1,TRUE,0.2217724435037132,0.655486959517863,0.1227405969784239,0.1726094306990725,0.6648584551164429,0.1625321141844848,-0.04916301280464069,0.00937149559857997,0.0397915172060609,-22.16822434200106,1.429699777013578,32.4191980368612
heat_WFO,Extreme Heat,Working from the office,1271,Air conditioning (ac_c),ac_c = 0,ac_c = 1,FALSE,0.1975520621606256,0.6596888318908443,0.1427591059485295,0.1975520621606256,0.6596888318908443,0.1427591059485295,0.0,0.0,0.0,0.0,0.0,0.0
heat_WFO,Extreme Heat,Working from the office,1271,Employment Density,Low,Medium,FALSE,0.1975520621606256,0.6596888318908443,0.1427591059485295,0.1975520621606256,0.6596888318908443,0.1427591059485295,0.0,0.0,0.0,0.0,0.0,0.0
heat_WFO,Extreme Heat,Working from the office,1271,Employment Density,Low,High,FALSE,0.1975520621606256,0.6596888318908443,0.1427591059485295,0.1975520621606256,0.6596888318908443,0.1427591059485295,0.0,0.0,0.0,0.0,0.0,0.0
heat_WFO,Extreme Heat,Working from the office,1271,Land-use Diversity,Not high,High,FALSE,0.1975520621606256,0.6596888318908443,0.1427591059485295,0.1975520621606256,0.6596888318908443,0.1427591059485295,0.0,0.0,0.0,0.0,0.0,0.0
heat_WFO,Extreme Heat,Working from the office,1271,Network Density,Low,Medium,FALSE,0.1975520621606256,0.6596888318908443,0.1427591059485295,0.1975520621606256,0.6596888318908443,0.1427591059485295,0.0,0.0,0.0,0.0,0.0,0.0
heat_WFO,Extreme Heat,Working from the office,1271,Network Density,Low,High,FALSE,0.1975520621606256,0.6596888318908443,0.1427591059485295,0.1975520621606256,0.6596888318908443,0.1427591059485295,0.0,0.0,0.0,0.0,0.0,0.0
heat_WFO,Extreme Heat,Working from the office,1271,Community Resilience,Current value,1 Unit Increase*,TRUE,0.1975520621606256,0.6596888318908443,0.1427591059485295,0.2209175235624591,0.6538373008085343,0.1252451756290066,0.02336546140183354,-0.005851531082309958,-0.01751393031952284,11.82749557067927,-0.8870138161256887,-12.26817035813977
heat_WFO,Extreme Heat,Working from the office,1271,Social Engagement,Current value,1 Unit Increase*,FALSE,0.1975520621606256,0.6596888318908443,0.1427591059485295,0.1975520621606256,0.6596888318908443,0.1427591059485295,0.0,0.0,0.0,0.0,0.0,0.0
heat_WFO,Extreme Heat,Working from the office,1271,Personal Resilience,Current value,1 Unit Increase*,FALSE,0.1975520621606256,0.6596888318908443,0.1427591059485295,0.1975520621606256,0.6596888318908443,0.1427591059485295,0.0,0.0,0.0,0.0,0.0,0.0
cold_Car,Extreme Cold,Using a car for traveling,2434,Gender,Male,Female,TRUE,0.2875719485814939,0.5588170514472188,0.1536109999712882,0.3154143107540675,0.5490858648480694,0.1354998243978621,0.02784236217257352,-0.0097311865991494,-0.01811117557342609,9.681876938940508,-1.741390419985874,-11.79028557643091
cold_Car,Extreme Cold,Using a car for traveling,2434,Age Group,18-30,31-50,FALSE,0.2782088965612131,0.5637680571832068,0.1580230462555802,0.2782088965612131,0.5637680571832068,0.1580230462555802,0.0,0.0,0.0,0.0,0.0,0.0
cold_Car,Extreme Cold,Using a car for traveling,2434,Age Group,18-30,51-65,TRUE,0.2782088965612131,0.5637680571832068,0.1580230462555802,0.3227722365388361,0.5480914793648716,0.1291362840962922,0.04456333997762307,-0.0156765778183352,-0.02888676215928804,16.01794210337842,-2.780678617490528,-18.28009448227427
cold_Car,Extreme Cold,Using a car for traveling,2434,Age Group,18-30,65+,TRUE,0.2782088965612131,0.5637680571832068,0.1580230462555802,0.3290124147063816,0.5454529426362719,0.125534642657345,0.05080351814516854,-0.01831511454693491,-0.03248840359823518,18.2609250721752,-3.248696749234778,-20.55928193264274
cold_Car,Extreme Cold,Using a car for traveling,2434,Household Income,Less than $50k,$50k-$100k,TRUE,0.2940814513259052,0.5561887559123896,0.1497297927617046,0.3273334832230525,0.543737713064809,0.1289288037121375,0.03325203189714726,-0.01245104284758058,-0.02080098904956709,11.3070823566825,-2.238636203127749,-13.89235145918617
cold_Car,Extreme Cold,Using a car for traveling,2434,Household Income,Less than $50k,$100k or higher,FALSE,0.2940814513259052,0.5561887559123896,0.1497297927617046,0.2940814513259052,0.5561887559123896,0.1497297927617046,0.0,0.0,0.0,0.0,0.0,0.0
cold_Car,Extreme Cold,Using a car for traveling,2434,Household Size,3+ persons,1 person,FALSE,0.3038488543078769,0.5525024883596726,0.1436486573324504,0.3038488543078769,0.5525024883596726,0.1436486573324504,0.0,0.0,0.0,0.0,0.0,0.0
cold_Car,Extreme Cold,Using a car for traveling,2434,Household Size,3+ persons,2 persons,FALSE,0.3038488543078769,0.5525024883596726,0.1436486573324504,0.3038488543078769,0.5525024883596726,0.1436486573324504,0.0,0.0,0.0,0.0,0.0,0.0
cold_Car,Extreme Cold,Using a car for traveling,2434,Child in household,No child,Has child,FALSE,0.3038488543078769,0.5525024883596726,0.1436486573324504,0.3038488543078769,0.5525024883596726,0.1436486573324504,0.0,0.0,0.0,0.0,0.0,0.0
cold_Car,Extreme Cold,Using a car for traveling,2434,Disability,No disability,Has disability,FALSE,0.3038488543078769,0.5525024883596726,0.1436486573324504,0.3038488543078769,0.5525024883596726,0.1436486573324504,0.0,0.0,0.0,0.0,0.0,0.0
cold_Car,Extreme Cold,Using a car for traveling,2434,Works outdoors,No,Yes,FALSE,0.3038488543078769,0.5525024883596726,0.1436486573324504,0.3038488543078769,0.5525024883596726,0.1436486573324504,0.0,0.0,0.0,0.0,0.0,0.0
cold_Car,Extreme Cold,Using a car for traveling,2434,Zero-vehicle HH,Has vehicle,Zero vehicle,FALSE,0.3038488543078769,0.5525024883596726,0.1436486573324504,0.3038488543078769,0.5525024883596726,0.1436486573324504,0.0,0.0,0.0,0.0,0.0,0.0
cold_Car,Extreme Cold,Using a car for traveling,2434,Stand-alone house,Not stand-alone,Stand-alone house,TRUE,0.2828163796041626,0.5606029072400223,0.1565807131558146,0.3197241511055121,0.5477004954085367,0.1325753534859502,0.03690777150134955,-0.01290241183148555,-0.02400535966986439,13.05008272611603,-2.301524245567528,-15.33098118283348
cold_Car,Extreme Cold,Using a car for traveling,2434,Rural,Not rural,Rural,FALSE,0.3038488543078769,0.5525024883596726,0.1436486573324504,0.3038488543078769,0.5525024883596726,0.1436486573324504,0.0,0.0,0.0,0.0,0.0,0.0
cold_Car,Extreme Cold,Using a car for traveling,2434,Population Density,Low,Medium,FALSE,0.3190440185696867,0.548721128824914,0.1322348526053987,0.3190440185696867,0.548721128824914,0.1322348526053987,0.0,0.0,0.0,0.0,0.0,0.0
cold_Car,Extreme Cold,Using a car for traveling,2434,Population Density,Low,High,TRUE,0.3190440185696867,0.548721128824914,0.1322348526053987,0.2675741167827353,0.5655312959806378,0.166894587236628,-0.05146990178695132,0.01681016715572381,0.03465973463122926,-16.13253933350551,3.063517381173707,26.21074092671861
cold_Car,Extreme Cold,Using a car for traveling,2434,Transit Access,Low,Medium,FALSE,0.3038488543078769,0.5525024883596726,0.1436486573324504,0.3038488543078769,0.5525024883596726,0.1436486573324504,0.0,0.0,0.0,0.0,0.0,0.0
cold_Car,Extreme Cold,Using a car for traveling,2434,Transit Access,Low,High,FALSE,0.3038488543078769,0.5525024883596726,0.1436486573324504,0.3038488543078769,0.5525024883596726,0.1436486573324504,0.0,0.0,0.0,0.0,0.0,0.0
cold_Car,Extreme Cold,Using a car for traveling,2434,Walkability Index,Very low,Low,FALSE,0.3038488543078769,0.5525024883596726,0.1436486573324504,0.3038488543078769,0.5525024883596726,0.1436486573324504,0.0,0.0,0.0,0.0,0.0,0.0
cold_Car,Extreme Cold,Using a car for traveling,2434,Walkability Index,Very low,High,FALSE,0.3038488543078769,0.5525024883596726,0.1436486573324504,0.3038488543078769,0.5525024883596726,0.1436486573324504,0.0,0.0,0.0,0.0,0.0,0.0
cold_Car,Extreme Cold,Using a car for traveling,2434,Walkability Index,Very low,Very high,FALSE,0.3038488543078769,0.5525024883596726,0.1436486573324504,0.3038488543078769,0.5525024883596726,0.1436486573324504,0.0,0.0,0.0,0.0,0.0,0.0
cold_Car,Extreme Cold,Using a car for traveling,2434,Employment status,Worker,Non-worker,TRUE,0.2819521879790084,0.5620592343715228,0.1559885776494693,0.3247161050915264,0.5467250516395666,0.1285588432689061,0.04276391711251798,-0.01533418273195619,-0.02742973438056326,15.16708113494115,-2.728214713721837,-17.58445060137811
cold_Car,Extreme Cold,Using a car for traveling,2434,Race,Other race,White,FALSE,0.3124581411409907,0.5516638866111551,0.1358779722478538,0.3124581411409907,0.5516638866111551,0.1358779722478538,0.0,0.0,0.0,0.0,0.0,0.0
cold_Car,Extreme Cold,Using a car for traveling,2434,Race,Other race,Black,TRUE,0.3124581411409907,0.5516638866111551,0.1358779722478538,0.2443496700127206,0.5704901440024978,0.1851601859847818,-0.06810847112827015,0.01882625739134269,0.04928221373692798,-21.79763051766269,3.412631830405194,36.26946511023341
cold_Car,Extreme Cold,Using a car for traveling,2434,Race,Other race,Asian,FALSE,0.3124581411409907,0.5516638866111551,0.1358779722478538,0.3124581411409907,0.5516638866111551,0.1358779722478538,0.0,0.0,0.0,0.0,0.0,0.0
cold_Car,Extreme Cold,Using a car for traveling,2434,Hispanic,Not Hispanic,Hispanic,FALSE,0.3038488543078769,0.5525024883596726,0.1436486573324504,0.3038488543078769,0.5525024883596726,0.1436486573324504,0.0,0.0,0.0,0.0,0.0,0.0
cold_Car,Extreme Cold,Using a car for traveling,2434,Education (edu_bs),edu_bs = 0,edu_bs = 1,FALSE,0.3038488543078769,0.5525024883596726,0.1436486573324504,0.3038488543078769,0.5525024883596726,0.1436486573324504,0.0,0.0,0.0,0.0,0.0,0.0
cold_Car,Extreme Cold,Using a car for traveling,2434,Education (bs_grad),bs_grad = 0,bs_grad = 1,FALSE,0.3038488543078769,0.5525024883596726,0.1436486573324504,0.3038488543078769,0.5525024883596726,0.1436486573324504,0.0,0.0,0.0,0.0,0.0,0.0
cold_Car,Extreme Cold,Using a car for traveling,2434,Telecommute (tcom_no),tcom_no = 0,tcom_no = 1,FALSE,0.3038488543078769,0.5525024883596726,0.1436486573324504,0.3038488543078769,0.5525024883596726,0.1436486573324504,0.0,0.0,0.0,0.0,0.0,0.0
cold_Car,Extreme Cold,Using a car for traveling,2434,Air conditioning (ac_c),ac_c = 0,ac_c = 1,FALSE,0.3038488543078769,0.5525024883596726,0.1436486573324504,0.3038488543078769,0.5525024883596726,0.1436486573324504,0.0,0.0,0.0,0.0,0.0,0.0
cold_Car,Extreme Cold,Using a car for traveling,2434,Employment Density,Low,Medium,FALSE,0.3038488543078769,0.5525024883596726,0.1436486573324504,0.3038488543078769,0.5525024883596726,0.1436486573324504,0.0,0.0,0.0,0.0,0.0,0.0
cold_Car,Extreme Cold,Using a car for traveling,2434,Employment Density,Low,High,FALSE,0.3038488543078769,0.5525024883596726,0.1436486573324504,0.3038488543078769,0.5525024883596726,0.1436486573324504,0.0,0.0,0.0,0.0,0.0,0.0
cold_Car,Extreme Cold,Using a car for traveling,2434,Land-use Diversity,Not high,High,FALSE,0.3038488543078769,0.5525024883596726,0.1436486573324504,0.3038488543078769,0.5525024883596726,0.1436486573324504,0.0,0.0,0.0,0.0,0.0,0.0
cold_Car,Extreme Cold,Using a car for traveling,2434,Network Density,Low,Medium,FALSE,0.3038488543078769,0.5525024883596726,0.1436486573324504,0.3038488543078769,0.5525024883596726,0.1436486573324504,0.0,0.0,0.0,0.0,0.0,0.0
cold_Car,Extreme Cold,Using a car for traveling,2434,Network Density,Low,High,FALSE,0.3038488543078769,0.5525024883596726,0.1436486573324504,0.3038488543078769,0.5525024883596726,0.1436486573324504,0.0,0.0,0.0,0.0,0.0,0.0
cold_Car,Extreme Cold,Using a car for traveling,2434,Community Resilience,Current value,1 Unit Increase*,FALSE,0.3038488543078769,0.5525024883596726,0.1436486573324504,0.3038488543078769,0.5525024883596726,0.1436486573324504,0.0,0.0,0.0,0.0,0.0,0.0
cold_Car,Extreme Cold,Using a car for traveling,2434,Social Engagement,Current value,1 Unit Increase*,TRUE,0.3038488543078769,0.5525024883596726,0.1436486573324504,0.2764607359984468,0.5610613655957011,0.1624778984058527,-0.02738811830943005,0.00855887723602844,0.01882924107340231,-9.013730978784228,1.549111074854872,13.10784341675066
cold_Car,Extreme Cold,Using a car for traveling,2434,Personal Resilience,Current value,1 Unit Increase*,FALSE,0.3038488543078769,0.5525024883596726,0.1436486573324504,0.3038488543078769,0.5525024883596726,0.1436486573324504,0.0,0.0,0.0,0.0,0.0,0.0
cold_Delivery,Extreme Cold,Having food delivered,2434,Gender,Male,Female,FALSE,0.2040602205947847,0.5597061373752332,0.2362336420299815,0.2040602205947847,0.5597061373752332,0.2362336420299815,0.0,0.0,0.0,0.0,0.0,0.0
cold_Delivery,Extreme Cold,Having food delivered,2434,Age Group,18-30,31-50,FALSE,0.1925351897410749,0.5614824551665115,0.2459823550924123,0.1925351897410749,0.5614824551665115,0.2459823550924123,0.0,0.0,0.0,0.0,0.0,0.0
cold_Delivery,Extreme Cold,Having food delivered,2434,Age Group,18-30,51-65,FALSE,0.1925351897410749,0.5614824551665115,0.2459823550924123,0.1925351897410749,0.5614824551665115,0.2459823550924123,0.0,0.0,0.0,0.0,0.0,0.0
cold_Delivery,Extreme Cold,Having food delivered,2434,Age Group,18-30,65+,TRUE,0.1925351897410749,0.5614824551665115,0.2459823550924123,0.2310828239199884,0.5628728008881076,0.2060443751919037,0.03854763417891344,0.001390345721596131,-0.0399379799005086,20.02108509657536,0.2476205104545635,-16.23611575127184
cold_Delivery,Extreme Cold,Having food delivered,2434,Household Income,Less than $50k,$50k-$100k,FALSE,0.2040602205947847,0.5597061373752332,0.2362336420299815,0.2040602205947847,0.5597061373752332,0.2362336420299815,0.0,0.0,0.0,0.0,0.0,0.0
cold_Delivery,Extreme Cold,Having food delivered,2434,Household Income,Less than $50k,$100k or higher,FALSE,0.2040602205947847,0.5597061373752332,0.2362336420299815,0.2040602205947847,0.5597061373752332,0.2362336420299815,0.0,0.0,0.0,0.0,0.0,0.0
cold_Delivery,Extreme Cold,Having food delivered,2434,Household Size,3+ persons,1 person,TRUE,0.1769273065297504,0.558523530560349,0.2645491629099007,0.2083614953052235,0.563274955548371,0.2283635491464057,0.03143418877547313,0.004751424988022057,-0.03618561376349505,17.76672543770821,0.8507116939648187,-13.6782189614484
cold_Delivery,Extreme Cold,Having food delivered,2434,Household Size,3+ persons,2 persons,TRUE,0.1769273065297504,0.558523530560349,0.2645491629099007,0.226501909015002,0.5633383398666165,0.210159751118381,0.04957460248525161,0.004814809306267542,-0.05438941179151974,28.01975763809846,0.862060243269786,-20.55928327017368
cold_Delivery,Extreme Cold,Having food delivered,2434,Child in household,No child,Has child,FALSE,0.2040602205947847,0.5597061373752332,0.2362336420299815,0.2040602205947847,0.5597061373752332,0.2362336420299815,0.0,0.0,0.0,0.0,0.0,0.0
cold_Delivery,Extreme Cold,Having food delivered,2434,Disability,No disability,Has disability,FALSE,0.2040602205947847,0.5597061373752332,0.2362336420299815,0.2040602205947847,0.5597061373752332,0.2362336420299815,0.0,0.0,0.0,0.0,0.0,0.0
cold_Delivery,Extreme Cold,Having food delivered,2434,Works outdoors,No,Yes,FALSE,0.2040602205947847,0.5597061373752332,0.2362336420299815,0.2040602205947847,0.5597061373752332,0.2362336420299815,0.0,0.0,0.0,0.0,0.0,0.0
cold_Delivery,Extreme Cold,Having food delivered,2434,Zero-vehicle HH,Has vehicle,Zero vehicle,FALSE,0.2040602205947847,0.5597061373752332,0.2362336420299815,0.2040602205947847,0.5597061373752332,0.2362336420299815,0.0,0.0,0.0,0.0,0.0,0.0
cold_Delivery,Extreme Cold,Having food delivered,2434,Stand-alone house,Not stand-alone,Stand-alone house,FALSE,0.2040602205947847,0.5597061373752332,0.2362336420299815,0.2040602205947847,0.5597061373752332,0.2362336420299815,0.0,0.0,0.0,0.0,0.0,0.0
cold_Delivery,Extreme Cold,Having food delivered,2434,Rural,Not rural,Rural,FALSE,0.2040602205947847,0.5597061373752332,0.2362336420299815,0.2040602205947847,0.5597061373752332,0.2362336420299815,0.0,0.0,0.0,0.0,0.0,0.0
cold_Delivery,Extreme Cold,Having food delivered,2434,Population Density,Low,Medium,FALSE,0.2129688179932653,0.5616405112921125,0.225390670714622,0.2129688179932653,0.5616405112921125,0.225390670714622,0.0,0.0,0.0,0.0,0.0,0.0
cold_Delivery,Extreme Cold,Having food delivered,2434,Population Density,Low,High,TRUE,0.2129688179932653,0.5616405112921125,0.225390670714622,0.1825985912682166,0.5579093184460128,0.2594920902857701,-0.03037022672504869,-0.003731192846099685,0.03410141957114812,-14.26041005026805,-0.6643382681772166,15.12991618642707
cold_Delivery,Extreme Cold,Having food delivered,2434,Transit Access,Low,Medium,FALSE,0.2076804233079891,0.561217883111775,0.2311016935802356,0.2076804233079891,0.561217883111775,0.2311016935802356,0.0,0.0,0.0,0.0,0.0,0.0
cold_Delivery,Extreme Cold,Having food delivered,2434,Transit Access,Low,High,TRUE,0.2076804233079891,0.561217883111775,0.2311016935802356,0.1728786775422491,0.5552013403325805,0.2719199821251718,-0.03480174576573994,-0.0060165427791945,0.04081828854493622,-16.75735498387786,-1.072051151655161,17.66247919371678
cold_Delivery,Extreme Cold,Having food delivered,2434,Walkability Index,Very low,Low,FALSE,0.2040602205947847,0.5597061373752332,0.2362336420299815,0.2040602205947847,0.5597061373752332,0.2362336420299815,0.0,0.0,0.0,0.0,0.0,0.0
cold_Delivery,Extreme Cold,Having food delivered,2434,Walkability Index,Very low,High,FALSE,0.2040602205947847,0.5597061373752332,0.2362336420299815,0.2040602205947847,0.5597061373752332,0.2362336420299815,0.0,0.0,0.0,0.0,0.0,0.0
cold_Delivery,Extreme Cold,Having food delivered,2434,Walkability Index,Very low,Very high,FALSE,0.2040602205947847,0.5597061373752332,0.2362336420299815,0.2040602205947847,0.5597061373752332,0.2362336420299815,0.0,0.0,0.0,0.0,0.0,0.0
cold_Delivery,Extreme Cold,Having food delivered,2434,Employment status,Worker,Non-worker,TRUE,0.1748315785209378,0.5601883417284702,0.2649800797505915,0.2313682729381572,0.5649821256133735,0.2036496014484698,0.0565366944172194,0.004793783884903258,-0.06133047830212168,32.33780470068145,0.8557450285580668,-23.14531656864473
cold_Delivery,Extreme Cold,Having food delivered,2434,Race,Other race,White,FALSE,0.2040602205947847,0.5597061373752332,0.2362336420299815,0.2040602205947847,0.5597061373752332,0.2362336420299815,0.0,0.0,0.0,0.0,0.0,0.0
cold_Delivery,Extreme Cold,Having food delivered,2434,Race,Other race,Black,FALSE,0.2040602205947847,0.5597061373752332,0.2362336420299815,0.2040602205947847,0.5597061373752332,0.2362336420299815,0.0,0.0,0.0,0.0,0.0,0.0
cold_Delivery,Extreme Cold,Having food delivered,2434,Race,Other race,Asian,FALSE,0.2040602205947847,0.5597061373752332,0.2362336420299815,0.2040602205947847,0.5597061373752332,0.2362336420299815,0.0,0.0,0.0,0.0,0.0,0.0
cold_Delivery,Extreme Cold,Having food delivered,2434,Hispanic,Not Hispanic,Hispanic,FALSE,0.2040602205947847,0.5597061373752332,0.2362336420299815,0.2040602205947847,0.5597061373752332,0.2362336420299815,0.0,0.0,0.0,0.0,0.0,0.0
cold_Delivery,Extreme Cold,Having food delivered,2434,Education (edu_bs),edu_bs = 0,edu_bs = 1,FALSE,0.2040602205947847,0.5597061373752332,0.2362336420299815,0.2040602205947847,0.5597061373752332,0.2362336420299815,0.0,0.0,0.0,0.0,0.0,0.0
cold_Delivery,Extreme Cold,Having food delivered,2434,Education (bs_grad),bs_grad = 0,bs_grad = 1,FALSE,0.2040602205947847,0.5597061373752332,0.2362336420299815,0.2040602205947847,0.5597061373752332,0.2362336420299815,0.0,0.0,0.0,0.0,0.0,0.0
cold_Delivery,Extreme Cold,Having food delivered,2434,Telecommute (tcom_no),tcom_no = 0,tcom_no = 1,FALSE,0.2040602205947847,0.5597061373752332,0.2362336420299815,0.2040602205947847,0.5597061373752332,0.2362336420299815,0.0,0.0,0.0,0.0,0.0,0.0
cold_Delivery,Extreme Cold,Having food delivered,2434,Air conditioning (ac_c),ac_c = 0,ac_c = 1,FALSE,0.2040602205947847,0.5597061373752332,0.2362336420299815,0.2040602205947847,0.5597061373752332,0.2362336420299815,0.0,0.0,0.0,0.0,0.0,0.0
cold_Delivery,Extreme Cold,Having food delivered,2434,Employment Density,Low,Medium,FALSE,0.2040602205947847,0.5597061373752332,0.2362336420299815,0.2040602205947847,0.5597061373752332,0.2362336420299815,0.0,0.0,0.0,0.0,0.0,0.0
cold_Delivery,Extreme Cold,Having food delivered,2434,Employment Density,Low,High,FALSE,0.2040602205947847,0.5597061373752332,0.2362336420299815,0.2040602205947847,0.5597061373752332,0.2362336420299815,0.0,0.0,0.0,0.0,0.0,0.0
cold_Delivery,Extreme Cold,Having food delivered,2434,Land-use Diversity,Not high,High,FALSE,0.2040602205947847,0.5597061373752332,0.2362336420299815,0.2040602205947847,0.5597061373752332,0.2362336420299815,0.0,0.0,0.0,0.0,0.0,0.0
cold_Delivery,Extreme Cold,Having food delivered,2434,Network Density,Low,Medium,FALSE,0.1962720666648331,0.5588654311589575,0.2448625021762093,0.1962720666648331,0.5588654311589575,0.2448625021762093,0.0,0.0,0.0,0.0,0.0,0.0
cold_Delivery,Extreme Cold,Having food delivered,2434,Network Density,Low,High,TRUE,0.1962720666648331,0.5588654311589575,0.2448625021762093,0.222763734410663,0.5603287837120257,0.2169074818773106,0.02649166774582989,0.001463352553068176,-0.02795502029889871,13.49742130706189,0.2618434548784886,-11.41661955197271
cold_Delivery,Extreme Cold,Having food delivered,2434,Community Resilience,Current value,1 Unit Increase*,TRUE,0.2040602205947847,0.5597061373752332,0.2362336420299815,0.185593259272385,0.5570600333322004,0.2573467073954144,-0.01846696132239972,-0.002646104043032782,0.02111306536543289,-9.04976054057627,-0.4727666656366865,8.937366068611572
cold_Delivery,Extreme Cold,Having food delivered,2434,Social Engagement,Current value,1 Unit Increase*,FALSE,0.2040602205947847,0.5597061373752332,0.2362336420299815,0.2040602205947847,0.5597061373752332,0.2362336420299815,0.0,0.0,0.0,0.0,0.0,0.0
cold_Delivery,Extreme Cold,Having food delivered,2434,Personal Resilience,Current value,1 Unit Increase*,TRUE,0.2040602205947847,0.5597061373752332,0.2362336420299815,0.1798637653504253,0.5557745303029697,0.2643617043466063,-0.02419645524435945,-0.003931607072263477,0.02812806231662485,-11.85750714854312,-0.702441300840638,11.90688255699626
cold_Dine_in,Extreme Cold,Eating indoors at a restaurant,2434,Gender,Male,Female,TRUE,0.3398341879553833,0.5250342197207336,0.1351315923238803,0.3850317151107271,0.504300180593237,0.1106681042960364,0.04519752715534381,-0.02073403912749661,-0.02446348802784387,13.29987645659647,-3.949083383274536,-18.1034557553428
cold_Dine_in,Extreme Cold,Eating indoors at a restaurant,2434,Age Group,18-30,31-50,TRUE,0.3790002411957961,0.5071778380499503,0.1138219207542533,0.3411728794706641,0.5243330713119053,0.134494049217431,-0.03782736172513196,0.01715523326195501,0.02067212846317767,-9.980827876462984,3.382488739633264,18.16181656941964
cold_Dine_in,Extreme Cold,Eating indoors at a restaurant,2434,Age Group,18-30,51-65,FALSE,0.3790002411957961,0.5071778380499503,0.1138219207542533,0.3790002411957961,0.5071778380499503,0.1138219207542533,0.0,0.0,0.0,0.0,0.0,0.0
cold_Dine_in,Extreme Cold,Eating indoors at a restaurant,2434,Age Group,18-30,65+,FALSE,0.3790002411957961,0.5071778380499503,0.1138219207542533,0.3790002411957961,0.5071778380499503,0.1138219207542533,0.0,0.0,0.0,0.0,0.0,0.0
cold_Dine_in,Extreme Cold,Eating indoors at a restaurant,2434,Household Income,Less than $50k,$50k-$100k,TRUE,0.34120784898832,0.5245927880648786,0.1341993629468007,0.4259895391619611,0.4820895131493514,0.0919209476886883,0.08478169017364107,-0.04250327491552719,-0.04227841525811241,24.84752048495322,-8.102146251822019,-31.50418476641533
cold_Dine_in,Extreme Cold,Eating indoors at a restaurant,2434,Household Income,Less than $50k,$100k or higher,FALSE,0.34120784898832,0.5245927880648786,0.1341993629468007,0.34120784898832,0.5245927880648786,0.1341993629468007,0.0,0.0,0.0,0.0,0.0,0.0
cold_Dine_in,Extreme Cold,Eating indoors at a restaurant,2434,Household Size,3+ persons,1 person,FALSE,0.3659334188301872,0.5125688996861917,0.1214976814836206,0.3659334188301872,0.5125688996861917,0.1214976814836206,0.0,0.0,0.0,0.0,0.0,0.0
cold_Dine_in,Extreme Cold,Eating indoors at a restaurant,2434,Household Size,3+ persons,2 persons,FALSE,0.3659334188301872,0.5125688996861917,0.1214976814836206,0.3659334188301872,0.5125688996861917,0.1214976814836206,0.0,0.0,0.0,0.0,0.0,0.0
cold_Dine_in,Extreme Cold,Eating indoors at a restaurant,2434,Child in household,No child,Has child,FALSE,0.3659334188301872,0.5125688996861917,0.1214976814836206,0.3659334188301872,0.5125688996861917,0.1214976814836206,0.0,0.0,0.0,0.0,0.0,0.0
cold_Dine_in,Extreme Cold,Eating indoors at a restaurant,2434,Disability,No disability,Has disability,FALSE,0.3659334188301872,0.5125688996861917,0.1214976814836206,0.3659334188301872,0.5125688996861917,0.1214976814836206,0.0,0.0,0.0,0.0,0.0,0.0
cold_Dine_in,Extreme Cold,Eating indoors at a restaurant,2434,Works outdoors,No,Yes,FALSE,0.3659334188301872,0.5125688996861917,0.1214976814836206,0.3659334188301872,0.5125688996861917,0.1214976814836206,0.0,0.0,0.0,0.0,0.0,0.0
cold_Dine_in,Extreme Cold,Eating indoors at a restaurant,2434,Zero-vehicle HH,Has vehicle,Zero vehicle,FALSE,0.3659334188301872,0.5125688996861917,0.1214976814836206,0.3659334188301872,0.5125688996861917,0.1214976814836206,0.0,0.0,0.0,0.0,0.0,0.0
cold_Dine_in,Extreme Cold,Eating indoors at a restaurant,2434,Stand-alone house,Not stand-alone,Stand-alone house,FALSE,0.3659334188301872,0.5125688996861917,0.1214976814836206,0.3659334188301872,0.5125688996861917,0.1214976814836206,0.0,0.0,0.0,0.0,0.0,0.0
cold_Dine_in,Extreme Cold,Eating indoors at a restaurant,2434,Rural,Not rural,Rural,FALSE,0.3659334188301872,0.5125688996861917,0.1214976814836206,0.3659334188301872,0.5125688996861917,0.1214976814836206,0.0,0.0,0.0,0.0,0.0,0.0
cold_Dine_in,Extreme Cold,Eating indoors at a restaurant,2434,Population Density,Low,Medium,FALSE,0.3764574077348323,0.5082182609329183,0.1153243313322498,0.3764574077348323,0.5082182609329183,0.1153243313322498,0.0,0.0,0.0,0.0,0.0,0.0
cold_Dine_in,Extreme Cold,Eating indoors at a restaurant,2434,Population Density,Low,High,TRUE,0.3764574077348323,0.5082182609329183,0.1153243313322498,0.3416400146764867,0.523907403896968,0.1344525814265457,-0.03481739305834558,0.01568914296404966,0.01912825009429588,-9.24869383440852,3.087087609809545,16.58648255170656
cold_Dine_in,Extreme Cold,Eating indoors at a restaurant,2434,Transit Access,Low,Medium,FALSE,0.3659334188301872,0.5125688996861917,0.1214976814836206,0.3659334188301872,0.5125688996861917,0.1214976814836206,0.0,0.0,0.0,0.0,0.0,0.0
cold_Dine_in,Extreme Cold,Eating indoors at a restaurant,2434,Transit Access,Low,High,FALSE,0.3659334188301872,0.5125688996861917,0.1214976814836206,0.3659334188301872,0.5125688996861917,0.1214976814836206,0.0,0.0,0.0,0.0,0.0,0.0
cold_Dine_in,Extreme Cold,Eating indoors at a restaurant,2434,Walkability Index,Very low,Low,FALSE,0.3769555383945852,0.5079041764658551,0.11514028513956,0.3769555383945852,0.5079041764658551,0.11514028513956,0.0,0.0,0.0,0.0,0.0,0.0
cold_Dine_in,Extreme Cold,Eating indoors at a restaurant,2434,Walkability Index,Very low,High,TRUE,0.3769555383945852,0.5079041764658551,0.11514028513956,0.3225149275416947,0.5312198189902516,0.1462652534680537,-0.05444061085289048,0.02331564252439655,0.03112496832849376,-14.44218357548146,4.590559322948192,27.03221404286746
cold_Dine_in,Extreme Cold,Eating indoors at a restaurant,2434,Walkability Index,Very low,Very high,FALSE,0.3769555383945852,0.5079041764658551,0.11514028513956,0.3769555383945852,0.5079041764658551,0.11514028513956,0.0,0.0,0.0,0.0,0.0,0.0
cold_Dine_in,Extreme Cold,Eating indoors at a restaurant,2434,Employment status,Worker,Non-worker,TRUE,0.3353044544978749,0.5278286583131178,0.1368668871890064,0.3968240835101861,0.4990026746306979,0.1041732418591165,0.06151962901231117,-0.02882598368241984,-0.0326936453298899,18.34739389443485,-5.461238837342503,-23.88718411104184
cold_Dine_in,Extreme Cold,Eating indoors at a restaurant,2434,Race,Other race,White,FALSE,0.3659334188301872,0.5125688996861917,0.1214976814836206,0.3659334188301872,0.5125688996861917,0.1214976814836206,0.0,0.0,0.0,0.0,0.0,0.0
cold_Dine_in,Extreme Cold,Eating indoors at a restaurant,2434,Race,Other race,Black,FALSE,0.3659334188301872,0.5125688996861917,0.1214976814836206,0.3659334188301872,0.5125688996861917,0.1214976814836206,0.0,0.0,0.0,0.0,0.0,0.0
cold_Dine_in,Extreme Cold,Eating indoors at a restaurant,2434,Race,Other race,Asian,FALSE,0.3659334188301872,0.5125688996861917,0.1214976814836206,0.3659334188301872,0.5125688996861917,0.1214976814836206,0.0,0.0,0.0,0.0,0.0,0.0
cold_Dine_in,Extreme Cold,Eating indoors at a restaurant,2434,Hispanic,Not Hispanic,Hispanic,FALSE,0.3659334188301872,0.5125688996861917,0.1214976814836206,0.3659334188301872,0.5125688996861917,0.1214976814836206,0.0,0.0,0.0,0.0,0.0,0.0
cold_Dine_in,Extreme Cold,Eating indoors at a restaurant,2434,Education (edu_bs),edu_bs = 0,edu_bs = 1,FALSE,0.3659334188301872,0.5125688996861917,0.1214976814836206,0.3659334188301872,0.5125688996861917,0.1214976814836206,0.0,0.0,0.0,0.0,0.0,0.0
cold_Dine_in,Extreme Cold,Eating indoors at a restaurant,2434,Education (bs_grad),bs_grad = 0,bs_grad = 1,FALSE,0.3659334188301872,0.5125688996861917,0.1214976814836206,0.3659334188301872,0.5125688996861917,0.1214976814836206,0.0,0.0,0.0,0.0,0.0,0.0
cold_Dine_in,Extreme Cold,Eating indoors at a restaurant,2434,Telecommute (tcom_no),tcom_no = 0,tcom_no = 1,FALSE,0.3659334188301872,0.5125688996861917,0.1214976814836206,0.3659334188301872,0.5125688996861917,0.1214976814836206,0.0,0.0,0.0,0.0,0.0,0.0
cold_Dine_in,Extreme Cold,Eating indoors at a restaurant,2434,Air conditioning (ac_c),ac_c = 0,ac_c = 1,FALSE,0.3659334188301872,0.5125688996861917,0.1214976814836206,0.3659334188301872,0.5125688996861917,0.1214976814836206,0.0,0.0,0.0,0.0,0.0,0.0
cold_Dine_in,Extreme Cold,Eating indoors at a restaurant,2434,Employment Density,Low,Medium,FALSE,0.3659334188301872,0.5125688996861917,0.1214976814836206,0.3659334188301872,0.5125688996861917,0.1214976814836206,0.0,0.0,0.0,0.0,0.0,0.0
cold_Dine_in,Extreme Cold,Eating indoors at a restaurant,2434,Employment Density,Low,High,FALSE,0.3659334188301872,0.5125688996861917,0.1214976814836206,0.3659334188301872,0.5125688996861917,0.1214976814836206,0.0,0.0,0.0,0.0,0.0,0.0
cold_Dine_in,Extreme Cold,Eating indoors at a restaurant,2434,Land-use Diversity,Not high,High,FALSE,0.3659334188301872,0.5125688996861917,0.1214976814836206,0.3659334188301872,0.5125688996861917,0.1214976814836206,0.0,0.0,0.0,0.0,0.0,0.0
cold_Dine_in,Extreme Cold,Eating indoors at a restaurant,2434,Network Density,Low,Medium,FALSE,0.3659334188301872,0.5125688996861917,0.1214976814836206,0.3659334188301872,0.5125688996861917,0.1214976814836206,0.0,0.0,0.0,0.0,0.0,0.0
cold_Dine_in,Extreme Cold,Eating indoors at a restaurant,2434,Network Density,Low,High,FALSE,0.3659334188301872,0.5125688996861917,0.1214976814836206,0.3659334188301872,0.5125688996861917,0.1214976814836206,0.0,0.0,0.0,0.0,0.0,0.0
cold_Dine_in,Extreme Cold,Eating indoors at a restaurant,2434,Community Resilience,Current value,1 Unit Increase*,FALSE,0.3659334188301872,0.5125688996861917,0.1214976814836206,0.3659334188301872,0.5125688996861917,0.1214976814836206,0.0,0.0,0.0,0.0,0.0,0.0
cold_Dine_in,Extreme Cold,Eating indoors at a restaurant,2434,Social Engagement,Current value,1 Unit Increase*,TRUE,0.3659334188301872,0.5125688996861917,0.1214976814836206,0.3349159648523793,0.5258781060164844,0.1392059291311357,-0.03101745397780792,0.01330920633029276,0.01770824764751505,-8.47625616620757,2.596569229705705,14.57496754775715
cold_Dine_in,Extreme Cold,Eating indoors at a restaurant,2434,Personal Resilience,Current value,1 Unit Increase*,FALSE,0.3659334188301872,0.5125688996861917,0.1214976814836206,0.3659334188301872,0.5125688996861917,0.1214976814836206,0.0,0.0,0.0,0.0,0.0,0.0
cold_Home,Extreme Cold,Staying at home,2434,Gender,Male,Female,FALSE,0.04187368296047386,0.4230872437732823,0.5350390732662442,0.04187368296047386,0.4230872437732823,0.5350390732662442,0.0,0.0,0.0,0.0,0.0,0.0
cold_Home,Extreme Cold,Staying at home,2434,Age Group,18-30,31-50,FALSE,0.04187368296047386,0.4230872437732823,0.5350390732662442,0.04187368296047386,0.4230872437732823,0.5350390732662442,0.0,0.0,0.0,0.0,0.0,0.0
cold_Home,Extreme Cold,Staying at home,2434,Age Group,18-30,51-65,FALSE,0.04187368296047386,0.4230872437732823,0.5350390732662442,0.04187368296047386,0.4230872437732823,0.5350390732662442,0.0,0.0,0.0,0.0,0.0,0.0
cold_Home,Extreme Cold,Staying at home,2434,Age Group,18-30,65+,FALSE,0.04187368296047386,0.4230872437732823,0.5350390732662442,0.04187368296047386,0.4230872437732823,0.5350390732662442,0.0,0.0,0.0,0.0,0.0,0.0
cold_Home,Extreme Cold,Staying at home,2434,Household Income,Less than $50k,$50k-$100k,FALSE,0.04187368296047386,0.4230872437732823,0.5350390732662442,0.04187368296047386,0.4230872437732823,0.5350390732662442,0.0,0.0,0.0,0.0,0.0,0.0
cold_Home,Extreme Cold,Staying at home,2434,Household Income,Less than $50k,$100k or higher,FALSE,0.04187368296047386,0.4230872437732823,0.5350390732662442,0.04187368296047386,0.4230872437732823,0.5350390732662442,0.0,0.0,0.0,0.0,0.0,0.0
cold_Home,Extreme Cold,Staying at home,2434,Household Size,3+ persons,1 person,FALSE,0.04187368296047386,0.4230872437732823,0.5350390732662442,0.04187368296047386,0.4230872437732823,0.5350390732662442,0.0,0.0,0.0,0.0,0.0,0.0
cold_Home,Extreme Cold,Staying at home,2434,Household Size,3+ persons,2 persons,FALSE,0.04187368296047386,0.4230872437732823,0.5350390732662442,0.04187368296047386,0.4230872437732823,0.5350390732662442,0.0,0.0,0.0,0.0,0.0,0.0
cold_Home,Extreme Cold,Staying at home,2434,Child in household,No child,Has child,FALSE,0.04187368296047386,0.4230872437732823,0.5350390732662442,0.04187368296047386,0.4230872437732823,0.5350390732662442,0.0,0.0,0.0,0.0,0.0,0.0
cold_Home,Extreme Cold,Staying at home,2434,Disability,No disability,Has disability,TRUE,0.04351776562322154,0.4298728403179403,0.5266093940588391,0.03423600361089298,0.3952979717961359,0.5704660245929706,-0.00928176201232856,-0.03457486852180436,0.04385663053413147,-21.32867319680521,-8.043045589070545,8.328113973833
cold_Home,Extreme Cold,Staying at home,2434,Works outdoors,No,Yes,FALSE,0.04187368296047386,0.4230872437732823,0.5350390732662442,0.04187368296047386,0.4230872437732823,0.5350390732662442,0.0,0.0,0.0,0.0,0.0,0.0
cold_Home,Extreme Cold,Staying at home,2434,Zero-vehicle HH,Has vehicle,Zero vehicle,FALSE,0.04187368296047386,0.4230872437732823,0.5350390732662442,0.04187368296047386,0.4230872437732823,0.5350390732662442,0.0,0.0,0.0,0.0,0.0,0.0
cold_Home,Extreme Cold,Staying at home,2434,Stand-alone house,Not stand-alone,Stand-alone house,FALSE,0.04187368296047386,0.4230872437732823,0.5350390732662442,0.04187368296047386,0.4230872437732823,0.5350390732662442,0.0,0.0,0.0,0.0,0.0,0.0
cold_Home,Extreme Cold,Staying at home,2434,Rural,Not rural,Rural,FALSE,0.04187368296047386,0.4230872437732823,0.5350390732662442,0.04187368296047386,0.4230872437732823,0.5350390732662442,0.0,0.0,0.0,0.0,0.0,0.0
cold_Home,Extreme Cold,Staying at home,2434,Population Density,Low,Medium,FALSE,0.04187368296047386,0.4230872437732823,0.5350390732662442,0.04187368296047386,0.4230872437732823,0.5350390732662442,0.0,0.0,0.0,0.0,0.0,0.0
cold_Home,Extreme Cold,Staying at home,2434,Population Density,Low,High,FALSE,0.04187368296047386,0.4230872437732823,0.5350390732662442,0.04187368296047386,0.4230872437732823,0.5350390732662442,0.0,0.0,0.0,0.0,0.0,0.0
cold_Home,Extreme Cold,Staying at home,2434,Transit Access,Low,Medium,FALSE,0.04187368296047386,0.4230872437732823,0.5350390732662442,0.04187368296047386,0.4230872437732823,0.5350390732662442,0.0,0.0,0.0,0.0,0.0,0.0
cold_Home,Extreme Cold,Staying at home,2434,Transit Access,Low,High,FALSE,0.04187368296047386,0.4230872437732823,0.5350390732662442,0.04187368296047386,0.4230872437732823,0.5350390732662442,0.0,0.0,0.0,0.0,0.0,0.0
cold_Home,Extreme Cold,Staying at home,2434,Walkability Index,Very low,Low,FALSE,0.04187368296047386,0.4230872437732823,0.5350390732662442,0.04187368296047386,0.4230872437732823,0.5350390732662442,0.0,0.0,0.0,0.0,0.0,0.0
cold_Home,Extreme Cold,Staying at home,2434,Walkability Index,Very low,High,FALSE,0.04187368296047386,0.4230872437732823,0.5350390732662442,0.04187368296047386,0.4230872437732823,0.5350390732662442,0.0,0.0,0.0,0.0,0.0,0.0
cold_Home,Extreme Cold,Staying at home,2434,Walkability Index,Very low,Very high,FALSE,0.04187368296047386,0.4230872437732823,0.5350390732662442,0.04187368296047386,0.4230872437732823,0.5350390732662442,0.0,0.0,0.0,0.0,0.0,0.0
cold_Home,Extreme Cold,Staying at home,2434,Employment status,Worker,Non-worker,FALSE,0.04187368296047386,0.4230872437732823,0.5350390732662442,0.04187368296047386,0.4230872437732823,0.5350390732662442,0.0,0.0,0.0,0.0,0.0,0.0
cold_Home,Extreme Cold,Staying at home,2434,Race,Other race,White,FALSE,0.04187368296047386,0.4230872437732823,0.5350390732662442,0.04187368296047386,0.4230872437732823,0.5350390732662442,0.0,0.0,0.0,0.0,0.0,0.0
cold_Home,Extreme Cold,Staying at home,2434,Race,Other race,Black,FALSE,0.04187368296047386,0.4230872437732823,0.5350390732662442,0.04187368296047386,0.4230872437732823,0.5350390732662442,0.0,0.0,0.0,0.0,0.0,0.0
cold_Home,Extreme Cold,Staying at home,2434,Race,Other race,Asian,FALSE,0.04187368296047386,0.4230872437732823,0.5350390732662442,0.04187368296047386,0.4230872437732823,0.5350390732662442,0.0,0.0,0.0,0.0,0.0,0.0
cold_Home,Extreme Cold,Staying at home,2434,Hispanic,Not Hispanic,Hispanic,FALSE,0.04187368296047386,0.4230872437732823,0.5350390732662442,0.04187368296047386,0.4230872437732823,0.5350390732662442,0.0,0.0,0.0,0.0,0.0,0.0
cold_Home,Extreme Cold,Staying at home,2434,Education (edu_bs),edu_bs = 0,edu_bs = 1,FALSE,0.04187368296047386,0.4230872437732823,0.5350390732662442,0.04187368296047386,0.4230872437732823,0.5350390732662442,0.0,0.0,0.0,0.0,0.0,0.0
cold_Home,Extreme Cold,Staying at home,2434,Education (bs_grad),bs_grad = 0,bs_grad = 1,FALSE,0.04187368296047386,0.4230872437732823,0.5350390732662442,0.04187368296047386,0.4230872437732823,0.5350390732662442,0.0,0.0,0.0,0.0,0.0,0.0
cold_Home,Extreme Cold,Staying at home,2434,Telecommute (tcom_no),tcom_no = 0,tcom_no = 1,TRUE,0.03961782143613989,0.4157641313606735,0.5446180472031872,0.04865453656723232,0.4454243191854768,0.5059211442472918,0.009036715131092436,0.02966018782480329,-0.03869690295589534,22.80972250243177,7.133897704867957,-7.105328799627205
cold_Home,Extreme Cold,Staying at home,2434,Air conditioning (ac_c),ac_c = 0,ac_c = 1,FALSE,0.04187368296047386,0.4230872437732823,0.5350390732662442,0.04187368296047386,0.4230872437732823,0.5350390732662442,0.0,0.0,0.0,0.0,0.0,0.0
cold_Home,Extreme Cold,Staying at home,2434,Employment Density,Low,Medium,FALSE,0.04187368296047386,0.4230872437732823,0.5350390732662442,0.04187368296047386,0.4230872437732823,0.5350390732662442,0.0,0.0,0.0,0.0,0.0,0.0
cold_Home,Extreme Cold,Staying at home,2434,Employment Density,Low,High,FALSE,0.04187368296047386,0.4230872437732823,0.5350390732662442,0.04187368296047386,0.4230872437732823,0.5350390732662442,0.0,0.0,0.0,0.0,0.0,0.0
cold_Home,Extreme Cold,Staying at home,2434,Land-use Diversity,Not high,High,FALSE,0.04187368296047386,0.4230872437732823,0.5350390732662442,0.04187368296047386,0.4230872437732823,0.5350390732662442,0.0,0.0,0.0,0.0,0.0,0.0
cold_Home,Extreme Cold,Staying at home,2434,Network Density,Low,Medium,FALSE,0.04187368296047386,0.4230872437732823,0.5350390732662442,0.04187368296047386,0.4230872437732823,0.5350390732662442,0.0,0.0,0.0,0.0,0.0,0.0
cold_Home,Extreme Cold,Staying at home,2434,Network Density,Low,High,FALSE,0.04187368296047386,0.4230872437732823,0.5350390732662442,0.04187368296047386,0.4230872437732823,0.5350390732662442,0.0,0.0,0.0,0.0,0.0,0.0
cold_Home,Extreme Cold,Staying at home,2434,Community Resilience,Current value,1 Unit Increase*,TRUE,0.04187368296047386,0.4230872437732823,0.5350390732662442,0.03560439562961853,0.3997191781017923,0.5646764262685894,-0.006269287330855321,-0.02336806567149002,0.02963735300234516,-14.97190332355799,-5.523226241255374,5.539287592851583
cold_Home,Extreme Cold,Staying at home,2434,Social Engagement,Current value,1 Unit Increase*,TRUE,0.04187368296047386,0.4230872437732823,0.5350390732662442,0.04931299421118328,0.446677570345459,0.5040094354433566,0.007439311250709423,0.02359032657217669,-0.03102963782288759,17.76607817786572,5.575759354450762,-5.799508741195567
cold_Home,Extreme Cold,Staying at home,2434,Personal Resilience,Current value,1 Unit Increase*,FALSE,0.04187368296047386,0.4230872437732823,0.5350390732662442,0.04187368296047386,0.4230872437732823,0.5350390732662442,0.0,0.0,0.0,0.0,0.0,0.0
cold_Pick_up,Extreme Cold,Picking up takeout,2434,Gender,Male,Female,TRUE,0.3074749231786547,0.5299130245970505,0.1626120522242943,0.3642588680984306,0.5085275517746947,0.127213580126876,0.05678394491977584,-0.02138547282235581,-0.03539847209741825,18.46782961444378,-4.035657141776705,-21.76866450746983
cold_Pick_up,Extreme Cold,Picking up takeout,2434,Age Group,18-30,31-50,FALSE,0.3403458861792539,0.516762428391885,0.1428916854288613,0.3403458861792539,0.516762428391885,0.1428916854288613,0.0,0.0,0.0,0.0,0.0,0.0
cold_Pick_up,Extreme Cold,Picking up takeout,2434,Age Group,18-30,51-65,FALSE,0.3403458861792539,0.516762428391885,0.1428916854288613,0.3403458861792539,0.516762428391885,0.1428916854288613,0.0,0.0,0.0,0.0,0.0,0.0
cold_Pick_up,Extreme Cold,Picking up takeout,2434,Age Group,18-30,65+,FALSE,0.3403458861792539,0.516762428391885,0.1428916854288613,0.3403458861792539,0.516762428391885,0.1428916854288613,0.0,0.0,0.0,0.0,0.0,0.0
cold_Pick_up,Extreme Cold,Picking up takeout,2434,Household Income,Less than $50k,$50k-$100k,TRUE,0.3227864353721332,0.5237015638486578,0.1535120007792093,0.3831289497317921,0.4986730589750473,0.1181979912931614,0.06034251435965887,-0.02502850487361058,-0.03531400948604796,18.69425345897555,-4.779154121610272,-23.00407089139487
cold_Pick_up,Extreme Cold,Picking up takeout,2434,Household Income,Less than $50k,$100k or higher,FALSE,0.3227864353721332,0.5237015638486578,0.1535120007792093,0.3227864353721332,0.5237015638486578,0.1535120007792093,0.0,0.0,0.0,0.0,0.0,0.0
cold_Pick_up,Extreme Cold,Picking up takeout,2434,Household Size,3+ persons,1 person,FALSE,0.3403458861792539,0.516762428391885,0.1428916854288613,0.3403458861792539,0.516762428391885,0.1428916854288613,0.0,0.0,0.0,0.0,0.0,0.0
cold_Pick_up,Extreme Cold,Picking up takeout,2434,Household Size,3+ persons,2 persons,FALSE,0.3403458861792539,0.516762428391885,0.1428916854288613,0.3403458861792539,0.516762428391885,0.1428916854288613,0.0,0.0,0.0,0.0,0.0,0.0
cold_Pick_up,Extreme Cold,Picking up takeout,2434,Child in household,No child,Has child,FALSE,0.3403458861792539,0.516762428391885,0.1428916854288613,0.3403458861792539,0.516762428391885,0.1428916854288613,0.0,0.0,0.0,0.0,0.0,0.0
cold_Pick_up,Extreme Cold,Picking up takeout,2434,Disability,No disability,Has disability,FALSE,0.3403458861792539,0.516762428391885,0.1428916854288613,0.3403458861792539,0.516762428391885,0.1428916854288613,0.0,0.0,0.0,0.0,0.0,0.0
cold_Pick_up,Extreme Cold,Picking up takeout,2434,Works outdoors,No,Yes,FALSE,0.3403458861792539,0.516762428391885,0.1428916854288613,0.3403458861792539,0.516762428391885,0.1428916854288613,0.0,0.0,0.0,0.0,0.0,0.0
cold_Pick_up,Extreme Cold,Picking up takeout,2434,Zero-vehicle HH,Has vehicle,Zero vehicle,FALSE,0.3403458861792539,0.516762428391885,0.1428916854288613,0.3403458861792539,0.516762428391885,0.1428916854288613,0.0,0.0,0.0,0.0,0.0,0.0
cold_Pick_up,Extreme Cold,Picking up takeout,2434,Stand-alone house,Not stand-alone,Stand-alone house,FALSE,0.3403458861792539,0.516762428391885,0.1428916854288613,0.3403458861792539,0.516762428391885,0.1428916854288613,0.0,0.0,0.0,0.0,0.0,0.0
cold_Pick_up,Extreme Cold,Picking up takeout,2434,Rural,Not rural,Rural,FALSE,0.3403458861792539,0.516762428391885,0.1428916854288613,0.3403458861792539,0.516762428391885,0.1428916854288613,0.0,0.0,0.0,0.0,0.0,0.0
cold_Pick_up,Extreme Cold,Picking up takeout,2434,Population Density,Low,Medium,FALSE,0.3503507845865592,0.5133888377042205,0.1362603777092218,0.3503507845865592,0.5133888377042205,0.1362603777092218,0.0,0.0,0.0,0.0,0.0,0.0
cold_Pick_up,Extreme Cold,Picking up takeout,2434,Population Density,Low,High,TRUE,0.3503507845865592,0.5133888377042205,0.1362603777092218,0.3172962796352861,0.5255974944586665,0.1571062259060473,-0.0330545049512731,0.01220865675444605,0.02084584819682553,-9.434688433844942,2.378052629472992,15.29853985970181
cold_Pick_up,Extreme Cold,Picking up takeout,2434,Transit Access,Low,Medium,FALSE,0.3403458861792539,0.516762428391885,0.1428916854288613,0.3403458861792539,0.516762428391885,0.1428916854288613,0.0,0.0,0.0,0.0,0.0,0.0
cold_Pick_up,Extreme Cold,Picking up takeout,2434,Transit Access,Low,High,FALSE,0.3403458861792539,0.516762428391885,0.1428916854288613,0.3403458861792539,0.516762428391885,0.1428916854288613,0.0,0.0,0.0,0.0,0.0,0.0
cold_Pick_up,Extreme Cold,Picking up takeout,2434,Walkability Index,Very low,Low,FALSE,0.3403458861792539,0.516762428391885,0.1428916854288613,0.3403458861792539,0.516762428391885,0.1428916854288613,0.0,0.0,0.0,0.0,0.0,0.0
cold_Pick_up,Extreme Cold,Picking up takeout,2434,Walkability Index,Very low,High,FALSE,0.3403458861792539,0.516762428391885,0.1428916854288613,0.3403458861792539,0.516762428391885,0.1428916854288613,0.0,0.0,0.0,0.0,0.0,0.0
cold_Pick_up,Extreme Cold,Picking up takeout,2434,Walkability Index,Very low,Very high,FALSE,0.3403458861792539,0.516762428391885,0.1428916854288613,0.3403458861792539,0.516762428391885,0.1428916854288613,0.0,0.0,0.0,0.0,0.0,0.0
cold_Pick_up,Extreme Cold,Picking up takeout,2434,Employment status,Worker,Non-worker,TRUE,0.3152138150318621,0.5273254196638403,0.1574607653042985,0.3655966301451034,0.5077791278360182,0.1266242420188783,0.05038281511324133,-0.01954629182782208,-0.03083652328542019,15.9836951017355,-3.706684923378521,-19.58362340347294
cold_Pick_up,Extreme Cold,Picking up takeout,2434,Race,Other race,White,FALSE,0.3403458861792539,0.516762428391885,0.1428916854288613,0.3403458861792539,0.516762428391885,0.1428916854288613,0.0,0.0,0.0,0.0,0.0,0.0
cold_Pick_up,Extreme Cold,Picking up takeout,2434,Race,Other race,Black,FALSE,0.3403458861792539,0.516762428391885,0.1428916854288613,0.3403458861792539,0.516762428391885,0.1428916854288613,0.0,0.0,0.0,0.0,0.0,0.0
cold_Pick_up,Extreme Cold,Picking up takeout,2434,Race,Other race,Asian,FALSE,0.3403458861792539,0.516762428391885,0.1428916854288613,0.3403458861792539,0.516762428391885,0.1428916854288613,0.0,0.0,0.0,0.0,0.0,0.0
cold_Pick_up,Extreme Cold,Picking up takeout,2434,Hispanic,Not Hispanic,Hispanic,FALSE,0.3403458861792539,0.516762428391885,0.1428916854288613,0.3403458861792539,0.516762428391885,0.1428916854288613,0.0,0.0,0.0,0.0,0.0,0.0
cold_Pick_up,Extreme Cold,Picking up takeout,2434,Education (edu_bs),edu_bs = 0,edu_bs = 1,FALSE,0.3403458861792539,0.516762428391885,0.1428916854288613,0.3403458861792539,0.516762428391885,0.1428916854288613,0.0,0.0,0.0,0.0,0.0,0.0
cold_Pick_up,Extreme Cold,Picking up takeout,2434,Education (bs_grad),bs_grad = 0,bs_grad = 1,FALSE,0.3403458861792539,0.516762428391885,0.1428916854288613,0.3403458861792539,0.516762428391885,0.1428916854288613,0.0,0.0,0.0,0.0,0.0,0.0
cold_Pick_up,Extreme Cold,Picking up takeout,2434,Telecommute (tcom_no),tcom_no = 0,tcom_no = 1,FALSE,0.3403458861792539,0.516762428391885,0.1428916854288613,0.3403458861792539,0.516762428391885,0.1428916854288613,0.0,0.0,0.0,0.0,0.0,0.0
cold_Pick_up,Extreme Cold,Picking up takeout,2434,Air conditioning (ac_c),ac_c = 0,ac_c = 1,FALSE,0.3403458861792539,0.516762428391885,0.1428916854288613,0.3403458861792539,0.516762428391885,0.1428916854288613,0.0,0.0,0.0,0.0,0.0,0.0
cold_Pick_up,Extreme Cold,Picking up takeout,2434,Employment Density,Low,Medium,FALSE,0.3403458861792539,0.516762428391885,0.1428916854288613,0.3403458861792539,0.516762428391885,0.1428916854288613,0.0,0.0,0.0,0.0,0.0,0.0
cold_Pick_up,Extreme Cold,Picking up takeout,2434,Employment Density,Low,High,FALSE,0.3403458861792539,0.516762428391885,0.1428916854288613,0.3403458861792539,0.516762428391885,0.1428916854288613,0.0,0.0,0.0,0.0,0.0,0.0
cold_Pick_up,Extreme Cold,Picking up takeout,2434,Land-use Diversity,Not high,High,FALSE,0.3403458861792539,0.516762428391885,0.1428916854288613,0.3403458861792539,0.516762428391885,0.1428916854288613,0.0,0.0,0.0,0.0,0.0,0.0
cold_Pick_up,Extreme Cold,Picking up takeout,2434,Network Density,Low,Medium,FALSE,0.3403458861792539,0.516762428391885,0.1428916854288613,0.3403458861792539,0.516762428391885,0.1428916854288613,0.0,0.0,0.0,0.0,0.0,0.0
cold_Pick_up,Extreme Cold,Picking up takeout,2434,Network Density,Low,High,FALSE,0.3403458861792539,0.516762428391885,0.1428916854288613,0.3403458861792539,0.516762428391885,0.1428916854288613,0.0,0.0,0.0,0.0,0.0,0.0
cold_Pick_up,Extreme Cold,Picking up takeout,2434,Community Resilience,Current value,1 Unit Increase*,FALSE,0.3403458861792539,0.516762428391885,0.1428916854288613,0.3403458861792539,0.516762428391885,0.1428916854288613,0.0,0.0,0.0,0.0,0.0,0.0
cold_Pick_up,Extreme Cold,Picking up takeout,2434,Social Engagement,Current value,1 Unit Increase*,TRUE,0.3403458861792539,0.516762428391885,0.1428916854288613,0.3119961652919014,0.5266204481790893,0.1613833865290096,-0.02834972088735244,0.009858019787204242,0.01849170110014828,-8.329679317005514,1.907650255820929,12.94106164725335
cold_Pick_up,Extreme Cold,Picking up takeout,2434,Personal Resilience,Current value,1 Unit Increase*,TRUE,0.3403458861792539,0.516762428391885,0.1428916854288613,0.3083424732647894,0.527729387593401,0.1639281391418089,-0.03200341291446451,0.01096695920151602,0.02103645371294757,-9.403202510756634,2.122243916927967,14.72195785906702
cold_Transit,Extreme Cold,Taking public transit,2434,Gender,Male,Female,FALSE,0.2651479721055998,0.6447286099187493,0.09012341797565059,0.2651479721055998,0.6447286099187493,0.09012341797565059,0.0,0.0,0.0,0.0,0.0,0.0
cold_Transit,Extreme Cold,Taking public transit,2434,Age Group,18-30,31-50,FALSE,0.2651479721055998,0.6447286099187493,0.09012341797565059,0.2651479721055998,0.6447286099187493,0.09012341797565059,0.0,0.0,0.0,0.0,0.0,0.0
cold_Transit,Extreme Cold,Taking public transit,2434,Age Group,18-30,51-65,FALSE,0.2651479721055998,0.6447286099187493,0.09012341797565059,0.2651479721055998,0.6447286099187493,0.09012341797565059,0.0,0.0,0.0,0.0,0.0,0.0
cold_Transit,Extreme Cold,Taking public transit,2434,Age Group,18-30,65+,FALSE,0.2651479721055998,0.6447286099187493,0.09012341797565059,0.2651479721055998,0.6447286099187493,0.09012341797565059,0.0,0.0,0.0,0.0,0.0,0.0
cold_Transit,Extreme Cold,Taking public transit,2434,Household Income,Less than $50k,$50k-$100k,TRUE,0.2773646116547819,0.638541024356506,0.08409436398871258,0.2777726340794838,0.6383206270986653,0.08390673882185098,0.0004080224247019482,-0.000220397257840621,-0.0001876251668615908,0.1471068793771672,-0.03451575536007696,-0.2231126534077533
cold_Transit,Extreme Cold,Taking public transit,2434,Household Income,Less than $50k,$100k or higher,TRUE,0.2773646116547819,0.638541024356506,0.08409436398871258,0.2192191046167053,0.6645449517773663,0.1162359436059272,-0.05814550703807655,0.02600392742086033,0.03214157961721463,-20.96356369732076,4.07239729774073,38.22084869032219
cold_Transit,Extreme Cold,Taking public transit,2434,Household Size,3+ persons,1 person,FALSE,0.25319742544082,0.6506589664402923,0.09614360811888839,0.25319742544082,0.6506589664402923,0.09614360811888839,0.0,0.0,0.0,0.0,0.0,0.0
cold_Transit,Extreme Cold,Taking public transit,2434,Household Size,3+ persons,2 persons,TRUE,0.25319742544082,0.6506589664402923,0.09614360811888839,0.2879882966270275,0.6325989716194326,0.07941273175353945,0.03479087118620749,-0.01805999482085974,-0.01673087636534894,13.74061016838388,-2.775646806139421,-17.40196430391922
cold_Transit,Extreme Cold,Taking public transit,2434,Child in household,No child,Has child,TRUE,0.2501666490898539,0.6523958929753365,0.09743745793480901,0.307489661467555,0.621330065584236,0.07118027294821028,0.05732301237770104,-0.03106582739110053,-0.02625718498659874,22.91393060835698,-4.761806094367145,-26.94773195352267
cold_Transit,Extreme Cold,Taking public transit,2434,Disability,No disability,Has disability,FALSE,0.2651479721055998,0.6447286099187493,0.09012341797565059,0.2651479721055998,0.6447286099187493,0.09012341797565059,0.0,0.0,0.0,0.0,0.0,0.0
cold_Transit,Extreme Cold,Taking public transit,2434,Works outdoors,No,Yes,TRUE,0.268716781242699,0.6433263878423973,0.08795683091490304,0.1859181446370394,0.6733617167872596,0.1407201385757015,-0.08279863660565959,0.03003532894486238,0.05276330766079849,-30.8126035980156,4.668754385405448,59.98773160875501
cold_Transit,Extreme Cold,Taking public transit,2434,Zero-vehicle HH,Has vehicle,Zero vehicle,TRUE,0.2718021961914266,0.6418466000119297,0.08635120379664314,0.2177058172853036,0.6654712167634184,0.1168229659512766,-0.05409637890612304,0.02362461675148864,0.03047176215463343,-19.90284834491318,3.680726321686449,35.28817296675371
cold_Transit,Extreme Cold,Taking public transit,2434,Stand-alone house,Not stand-alone,Stand-alone house,TRUE,0.2381381111884718,0.6579515224274348,0.103910366384094,0.2866278257243696,0.6339034481138452,0.07946872616178491,0.04848971453589784,-0.02404807431358957,-0.02444164022230905,20.36201357854947,-3.654991818373948,-23.52184971801855
cold_Transit,Extreme Cold,Taking public transit,2434,Rural,Not rural,Rural,FALSE,0.2651479721055998,0.6447286099187493,0.09012341797565059,0.2651479721055998,0.6447286099187493,0.09012341797565059,0.0,0.0,0.0,0.0,0.0,0.0
cold_Transit,Extreme Cold,Taking public transit,2434,Population Density,Low,Medium,FALSE,0.2651479721055998,0.6447286099187493,0.09012341797565059,0.2651479721055998,0.6447286099187493,0.09012341797565059,0.0,0.0,0.0,0.0,0.0,0.0
cold_Transit,Extreme Cold,Taking public transit,2434,Population Density,Low,High,FALSE,0.2651479721055998,0.6447286099187493,0.09012341797565059,0.2651479721055998,0.6447286099187493,0.09012341797565059,0.0,0.0,0.0,0.0,0.0,0.0
cold_Transit,Extreme Cold,Taking public transit,2434,Transit Access,Low,Medium,FALSE,0.257999348357985,0.648412668452307,0.09358798318970776,0.257999348357985,0.648412668452307,0.09358798318970776,0.0,0.0,0.0,0.0,0.0,0.0
cold_Transit,Extreme Cold,Taking public transit,2434,Transit Access,Low,High,TRUE,0.257999348357985,0.648412668452307,0.09358798318970776,0.3214705738299902,0.6123361929745962,0.06619323319541207,0.06347122547200523,-0.03607647547771087,-0.0273947499942957,24.60131231957076,-5.563814100643904,-29.27165332622362
cold_Transit,Extreme Cold,Taking public transit,2434,Walkability Index,Very low,Low,FALSE,0.2651479721055998,0.6447286099187493,0.09012341797565059,0.2651479721055998,0.6447286099187493,0.09012341797565059,0.0,0.0,0.0,0.0,0.0,0.0
cold_Transit,Extreme Cold,Taking public transit,2434,Walkability Index,Very low,High,FALSE,0.2651479721055998,0.6447286099187493,0.09012341797565059,0.2651479721055998,0.6447286099187493,0.09012341797565059,0.0,0.0,0.0,0.0,0.0,0.0
cold_Transit,Extreme Cold,Taking public transit,2434,Walkability Index,Very low,Very high,FALSE,0.2651479721055998,0.6447286099187493,0.09012341797565059,0.2651479721055998,0.6447286099187493,0.09012341797565059,0.0,0.0,0.0,0.0,0.0,0.0
cold_Transit,Extreme Cold,Taking public transit,2434,Employment status,Worker,Non-worker,FALSE,0.2651479721055998,0.6447286099187493,0.09012341797565059,0.2651479721055998,0.6447286099187493,0.09012341797565059,0.0,0.0,0.0,0.0,0.0,0.0
cold_Transit,Extreme Cold,Taking public transit,2434,Race,Other race,White,FALSE,0.2626420893891528,0.646287398720467,0.09107051189038029,0.2626420893891528,0.646287398720467,0.09107051189038029,0.0,0.0,0.0,0.0,0.0,0.0
cold_Transit,Extreme Cold,Taking public transit,2434,Race,Other race,Black,FALSE,0.2626420893891528,0.646287398720467,0.09107051189038029,0.2626420893891528,0.646287398720467,0.09107051189038029,0.0,0.0,0.0,0.0,0.0,0.0
cold_Transit,Extreme Cold,Taking public transit,2434,Race,Other race,Asian,TRUE,0.2626420893891528,0.646287398720467,0.09107051189038029,0.3463435247971137,0.5959132163178258,0.05774325888505981,0.08370143540796088,-0.05037418240264124,-0.03332725300532048,31.86901063825369,-7.794393408005955,-36.59499909854006
cold_Transit,Extreme Cold,Taking public transit,2434,Hispanic,Not Hispanic,Hispanic,FALSE,0.2651479721055998,0.6447286099187493,0.09012341797565059,0.2651479721055998,0.6447286099187493,0.09012341797565059,0.0,0.0,0.0,0.0,0.0,0.0
cold_Transit,Extreme Cold,Taking public transit,2434,Education (edu_bs),edu_bs = 0,edu_bs = 1,FALSE,0.2651479721055998,0.6447286099187493,0.09012341797565059,0.2651479721055998,0.6447286099187493,0.09012341797565059,0.0,0.0,0.0,0.0,0.0,0.0
cold_Transit,Extreme Cold,Taking public transit,2434,Education (bs_grad),bs_grad = 0,bs_grad = 1,FALSE,0.2651479721055998,0.6447286099187493,0.09012341797565059,0.2651479721055998,0.6447286099187493,0.09012341797565059,0.0,0.0,0.0,0.0,0.0,0.0
cold_Transit,Extreme Cold,Taking public transit,2434,Telecommute (tcom_no),tcom_no = 0,tcom_no = 1,FALSE,0.2651479721055998,0.6447286099187493,0.09012341797565059,0.2651479721055998,0.6447286099187493,0.09012341797565059,0.0,0.0,0.0,0.0,0.0,0.0
cold_Transit,Extreme Cold,Taking public transit,2434,Air conditioning (ac_c),ac_c = 0,ac_c = 1,FALSE,0.2651479721055998,0.6447286099187493,0.09012341797565059,0.2651479721055998,0.6447286099187493,0.09012341797565059,0.0,0.0,0.0,0.0,0.0,0.0
cold_Transit,Extreme Cold,Taking public transit,2434,Employment Density,Low,Medium,FALSE,0.2651479721055998,0.6447286099187493,0.09012341797565059,0.2651479721055998,0.6447286099187493,0.09012341797565059,0.0,0.0,0.0,0.0,0.0,0.0
cold_Transit,Extreme Cold,Taking public transit,2434,Employment Density,Low,High,FALSE,0.2651479721055998,0.6447286099187493,0.09012341797565059,0.2651479721055998,0.6447286099187493,0.09012341797565059,0.0,0.0,0.0,0.0,0.0,0.0
cold_Transit,Extreme Cold,Taking public transit,2434,Land-use Diversity,Not high,High,FALSE,0.2651479721055998,0.6447286099187493,0.09012341797565059,0.2651479721055998,0.6447286099187493,0.09012341797565059,0.0,0.0,0.0,0.0,0.0,0.0
cold_Transit,Extreme Cold,Taking public transit,2434,Network Density,Low,Medium,FALSE,0.2651479721055998,0.6447286099187493,0.09012341797565059,0.2651479721055998,0.6447286099187493,0.09012341797565059,0.0,0.0,0.0,0.0,0.0,0.0
cold_Transit,Extreme Cold,Taking public transit,2434,Network Density,Low,High,FALSE,0.2651479721055998,0.6447286099187493,0.09012341797565059,0.2651479721055998,0.6447286099187493,0.09012341797565059,0.0,0.0,0.0,0.0,0.0,0.0
cold_Transit,Extreme Cold,Taking public transit,2434,Community Resilience,Current value,1 Unit Increase*,TRUE,0.2651479721055998,0.6447286099187493,0.09012341797565059,0.2374517534140907,0.6574562073748681,0.1050920392110418,-0.02769621869150907,0.01272759745611884,0.01496862123539122,-10.44557062668334,1.97410154603234,16.60902523629921
cold_Transit,Extreme Cold,Taking public transit,2434,Social Engagement,Current value,1 Unit Increase*,FALSE,0.2651479721055998,0.6447286099187493,0.09012341797565059,0.2651479721055998,0.6447286099187493,0.09012341797565059,0.0,0.0,0.0,0.0,0.0,0.0
cold_Transit,Extreme Cold,Taking public transit,2434,Personal Resilience,Current value,1 Unit Increase*,FALSE,0.2651479721055998,0.6447286099187493,0.09012341797565059,0.2651479721055998,0.6447286099187493,0.09012341797565059,0.0,0.0,0.0,0.0,0.0,0.0
cold_Usual,Extreme Cold,Go about business as usual,2434,Gender,Male,Female,TRUE,0.1873526525869831,0.199780926132075,0.612866421280942,0.2242398266545146,0.2131346735411761,0.5626254998043105,0.0368871740675315,0.01335374740910106,-0.05024092147663151,19.68863187053395,6.684195367215839,-8.197695245176556
cold_Usual,Extreme Cold,Go about business as usual,2434,Age Group,18-30,31-50,TRUE,0.2182473341399936,0.2105473393048975,0.5712053265551092,0.1915105628770086,0.2008148829698756,0.6076745541531159,-0.02673677126298499,-0.0097324563350219,0.03646922759800664,-12.250674844823,-4.622455152913687,6.384609159362964
cold_Usual,Extreme Cold,Go about business as usual,2434,Age Group,18-30,51-65,FALSE,0.2182473341399936,0.2105473393048975,0.5712053265551092,0.2182473341399936,0.2105473393048975,0.5712053265551092,0.0,0.0,0.0,0.0,0.0,0.0
cold_Usual,Extreme Cold,Go about business as usual,2434,Age Group,18-30,65+,FALSE,0.2182473341399936,0.2105473393048975,0.5712053265551092,0.2182473341399936,0.2105473393048975,0.5712053265551092,0.0,0.0,0.0,0.0,0.0,0.0
cold_Usual,Extreme Cold,Go about business as usual,2434,Household Income,Less than $50k,$50k-$100k,FALSE,0.2087375812801655,0.2071327018380743,0.5841297168817615,0.2087375812801655,0.2071327018380743,0.5841297168817615,0.0,0.0,0.0,0.0,0.0,0.0
cold_Usual,Extreme Cold,Go about business as usual,2434,Household Income,Less than $50k,$100k or higher,FALSE,0.2087375812801655,0.2071327018380743,0.5841297168817615,0.2087375812801655,0.2071327018380743,0.5841297168817615,0.0,0.0,0.0,0.0,0.0,0.0
cold_Usual,Extreme Cold,Go about business as usual,2434,Household Size,3+ persons,1 person,FALSE,0.2087375812801655,0.2071327018380743,0.5841297168817615,0.2087375812801655,0.2071327018380743,0.5841297168817615,0.0,0.0,0.0,0.0,0.0,0.0
cold_Usual,Extreme Cold,Go about business as usual,2434,Household Size,3+ persons,2 persons,FALSE,0.2087375812801655,0.2071327018380743,0.5841297168817615,0.2087375812801655,0.2071327018380743,0.5841297168817615,0.0,0.0,0.0,0.0,0.0,0.0
cold_Usual,Extreme Cold,Go about business as usual,2434,Child in household,No child,Has child,FALSE,0.2087375812801655,0.2071327018380743,0.5841297168817615,0.2087375812801655,0.2071327018380743,0.5841297168817615,0.0,0.0,0.0,0.0,0.0,0.0
cold_Usual,Extreme Cold,Go about business as usual,2434,Disability,No disability,Has disability,FALSE,0.2087375812801655,0.2071327018380743,0.5841297168817615,0.2087375812801655,0.2071327018380743,0.5841297168817615,0.0,0.0,0.0,0.0,0.0,0.0
cold_Usual,Extreme Cold,Go about business as usual,2434,Works outdoors,No,Yes,FALSE,0.2087375812801655,0.2071327018380743,0.5841297168817615,0.2087375812801655,0.2071327018380743,0.5841297168817615,0.0,0.0,0.0,0.0,0.0,0.0
cold_Usual,Extreme Cold,Go about business as usual,2434,Zero-vehicle HH,Has vehicle,Zero vehicle,FALSE,0.2087375812801655,0.2071327018380743,0.5841297168817615,0.2087375812801655,0.2071327018380743,0.5841297168817615,0.0,0.0,0.0,0.0,0.0,0.0
cold_Usual,Extreme Cold,Go about business as usual,2434,Stand-alone house,Not stand-alone,Stand-alone house,TRUE,0.1971021085567268,0.2026638244948945,0.6002340669483787,0.2184842508528121,0.2102623773900708,0.5712533717571184,0.02138214229608526,0.007598552895176275,-0.02898069519126023,10.84825649641967,3.749338548265528,-4.828232315869641
cold_Usual,Extreme Cold,Go about business as usual,2434,Rural,Not rural,Rural,FALSE,0.2087375812801655,0.2071327018380743,0.5841297168817615,0.2087375812801655,0.2071327018380743,0.5841297168817615,0.0,0.0,0.0,0.0,0.0,0.0
cold_Usual,Extreme Cold,Go about business as usual,2434,Population Density,Low,Medium,FALSE,0.2087375812801655,0.2071327018380743,0.5841297168817615,0.2087375812801655,0.2071327018380743,0.5841297168817615,0.0,0.0,0.0,0.0,0.0,0.0
cold_Usual,Extreme Cold,Go about business as usual,2434,Population Density,Low,High,FALSE,0.2087375812801655,0.2071327018380743,0.5841297168817615,0.2087375812801655,0.2071327018380743,0.5841297168817615,0.0,0.0,0.0,0.0,0.0,0.0
cold_Usual,Extreme Cold,Go about business as usual,2434,Transit Access,Low,Medium,FALSE,0.2087375812801655,0.2071327018380743,0.5841297168817615,0.2087375812801655,0.2071327018380743,0.5841297168817615,0.0,0.0,0.0,0.0,0.0,0.0
cold_Usual,Extreme Cold,Go about business as usual,2434,Transit Access,Low,High,FALSE,0.2087375812801655,0.2071327018380743,0.5841297168817615,0.2087375812801655,0.2071327018380743,0.5841297168817615,0.0,0.0,0.0,0.0,0.0,0.0
cold_Usual,Extreme Cold,Go about business as usual,2434,Walkability Index,Very low,Low,FALSE,0.2087375812801655,0.2071327018380743,0.5841297168817615,0.2087375812801655,0.2071327018380743,0.5841297168817615,0.0,0.0,0.0,0.0,0.0,0.0
cold_Usual,Extreme Cold,Go about business as usual,2434,Walkability Index,Very low,High,FALSE,0.2087375812801655,0.2071327018380743,0.5841297168817615,0.2087375812801655,0.2071327018380743,0.5841297168817615,0.0,0.0,0.0,0.0,0.0,0.0
cold_Usual,Extreme Cold,Go about business as usual,2434,Walkability Index,Very low,Very high,FALSE,0.2087375812801655,0.2071327018380743,0.5841297168817615,0.2087375812801655,0.2071327018380743,0.5841297168817615,0.0,0.0,0.0,0.0,0.0,0.0
cold_Usual,Extreme Cold,Go about business as usual,2434,Employment status,Worker,Non-worker,TRUE,0.179565372122919,0.1968366634895367,0.623597964387545,0.239731035389479,0.2179827127019006,0.5422862519086222,0.06016566326655995,0.02114604921236388,-0.08131171247892277,33.50627270461388,10.7429423144474,-13.03912410278336
cold_Usual,Extreme Cold,Go about business as usual,2434,Race,Other race,White,TRUE,0.2550208047273682,0.2213276501767828,0.5236515450958504,0.19731670465506,0.2035777415207666,0.599105553824175,-0.05770410007230817,-0.01774990865601622,0.07545400872832453,-22.62721276171846,-8.019742965616224,14.40920196550041
cold_Usual,Extreme Cold,Go about business as usual,2434,Race,Other race,Black,FALSE,0.2550208047273682,0.2213276501767828,0.5236515450958504,0.2550208047273682,0.2213276501767828,0.5236515450958504,0.0,0.0,0.0,0.0,0.0,0.0
cold_Usual,Extreme Cold,Go about business as usual,2434,Race,Other race,Asian,FALSE,0.2550208047273682,0.2213276501767828,0.5236515450958504,0.2550208047273682,0.2213276501767828,0.5236515450958504,0.0,0.0,0.0,0.0,0.0,0.0
cold_Usual,Extreme Cold,Go about business as usual,2434,Hispanic,Not Hispanic,Hispanic,FALSE,0.2087375812801655,0.2071327018380743,0.5841297168817615,0.2087375812801655,0.2071327018380743,0.5841297168817615,0.0,0.0,0.0,0.0,0.0,0.0
cold_Usual,Extreme Cold,Go about business as usual,2434,Education (edu_bs),edu_bs = 0,edu_bs = 1,FALSE,0.2087375812801655,0.2071327018380743,0.5841297168817615,0.2087375812801655,0.2071327018380743,0.5841297168817615,0.0,0.0,0.0,0.0,0.0,0.0
cold_Usual,Extreme Cold,Go about business as usual,2434,Education (bs_grad),bs_grad = 0,bs_grad = 1,FALSE,0.2087375812801655,0.2071327018380743,0.5841297168817615,0.2087375812801655,0.2071327018380743,0.5841297168817615,0.0,0.0,0.0,0.0,0.0,0.0
cold_Usual,Extreme Cold,Go about business as usual,2434,Telecommute (tcom_no),tcom_no = 0,tcom_no = 1,FALSE,0.2087375812801655,0.2071327018380743,0.5841297168817615,0.2087375812801655,0.2071327018380743,0.5841297168817615,0.0,0.0,0.0,0.0,0.0,0.0
cold_Usual,Extreme Cold,Go about business as usual,2434,Air conditioning (ac_c),ac_c = 0,ac_c = 1,TRUE,0.2208155633667644,0.2118998261513621,0.5672846104818747,0.1873790277668873,0.1996214838276164,0.6129994884054966,-0.03343653559987705,-0.01227834232374575,0.04571487792362183,-15.14229119092504,-5.79440887081012,8.058543644395668
cold_Usual,Extreme Cold,Go about business as usual,2434,Employment Density,Low,Medium,FALSE,0.2087375812801655,0.2071327018380743,0.5841297168817615,0.2087375812801655,0.2071327018380743,0.5841297168817615,0.0,0.0,0.0,0.0,0.0,0.0
cold_Usual,Extreme Cold,Go about business as usual,2434,Employment Density,Low,High,FALSE,0.2087375812801655,0.2071327018380743,0.5841297168817615,0.2087375812801655,0.2071327018380743,0.5841297168817615,0.0,0.0,0.0,0.0,0.0,0.0
cold_Usual,Extreme Cold,Go about business as usual,2434,Land-use Diversity,Not high,High,FALSE,0.2087375812801655,0.2071327018380743,0.5841297168817615,0.2087375812801655,0.2071327018380743,0.5841297168817615,0.0,0.0,0.0,0.0,0.0,0.0
cold_Usual,Extreme Cold,Go about business as usual,2434,Network Density,Low,Medium,FALSE,0.2087375812801655,0.2071327018380743,0.5841297168817615,0.2087375812801655,0.2071327018380743,0.5841297168817615,0.0,0.0,0.0,0.0,0.0,0.0
cold_Usual,Extreme Cold,Go about business as usual,2434,Network Density,Low,High,FALSE,0.2087375812801655,0.2071327018380743,0.5841297168817615,0.2087375812801655,0.2071327018380743,0.5841297168817615,0.0,0.0,0.0,0.0,0.0,0.0
cold_Usual,Extreme Cold,Go about business as usual,2434,Community Resilience,Current value,1 Unit Increase*,TRUE,0.2087375812801655,0.2071327018380743,0.5841297168817615,0.1856151384885298,0.1981945103180149,0.6161903511934552,-0.02312244279163567,-0.008938191520059396,0.0320606343116937,-11.07727829834387,-4.315200565020783,5.488615522394893
cold_Usual,Extreme Cold,Go about business as usual,2434,Social Engagement,Current value,1 Unit Increase*,FALSE,0.2087375812801655,0.2071327018380743,0.5841297168817615,0.2087375812801655,0.2071327018380743,0.5841297168817615,0.0,0.0,0.0,0.0,0.0,0.0
cold_Usual,Extreme Cold,Go about business as usual,2434,Personal Resilience,Current value,1 Unit Increase*,TRUE,0.2087375812801655,0.2071327018380743,0.5841297168817615,0.1605901479172202,0.1865844175868397,0.6528254344959398,-0.0481474333629453,-0.02054828425123462,0.06869571761417825,-23.06601095387912,-9.920347713756085,11.76035315937941
cold_WFH,Extreme Cold,Working from home,1179,Gender,Male,Female,TRUE,0.06314478555188759,0.5773112200776378,0.3595439943704732,0.08276558411154389,0.6092098234345301,0.3080245924539252,0.0196207985596563,0.03189860335689232,-0.05151940191654802,31.07271390372119,5.525373879378707,-14.32909538838314
cold_WFH,Extreme Cold,Working from home,1179,Age Group,18-30,31-50,FALSE,0.07286777781441302,0.5920835608352809,0.3350486613503055,0.07286777781441302,0.5920835608352809,0.3350486613503055,0.0,0.0,0.0,0.0,0.0,0.0
cold_WFH,Extreme Cold,Working from home,1179,Age Group,18-30,51-65,FALSE,0.07286777781441302,0.5920835608352809,0.3350486613503055,0.07286777781441302,0.5920835608352809,0.3350486613503055,0.0,0.0,0.0,0.0,0.0,0.0
cold_WFH,Extreme Cold,Working from home,1179,Age Group,18-30,65+,FALSE,0.07286777781441302,0.5920835608352809,0.3350486613503055,0.07286777781441302,0.5920835608352809,0.3350486613503055,0.0,0.0,0.0,0.0,0.0,0.0
cold_WFH,Extreme Cold,Working from home,1179,Household Income,Less than $50k,$50k-$100k,TRUE,0.07793251351144243,0.6008295801235323,0.321237906365025,0.06314635314268623,0.5755073615979374,0.3613462852593752,-0.0147861603687562,-0.02532221852559491,0.04010837889435026,-18.97303154040479,-4.214542586333481,12.48556851468669
cold_WFH,Extreme Cold,Working from home,1179,Household Income,Less than $50k,$100k or higher,FALSE,0.07793251351144243,0.6008295801235323,0.321237906365025,0.07793251351144243,0.6008295801235323,0.321237906365025,0.0,0.0,0.0,0.0,0.0,0.0
cold_WFH,Extreme Cold,Working from home,1179,Household Size,3+ persons,1 person,FALSE,0.07286777781441302,0.5920835608352809,0.3350486613503055,0.07286777781441302,0.5920835608352809,0.3350486613503055,0.0,0.0,0.0,0.0,0.0,0.0
cold_WFH,Extreme Cold,Working from home,1179,Household Size,3+ persons,2 persons,FALSE,0.07286777781441302,0.5920835608352809,0.3350486613503055,0.07286777781441302,0.5920835608352809,0.3350486613503055,0.0,0.0,0.0,0.0,0.0,0.0
cold_WFH,Extreme Cold,Working from home,1179,Child in household,No child,Has child,TRUE,0.08200278633871652,0.6121233307726033,0.3058738828886774,0.05616725824977912,0.5662389904672175,0.377593751283005,-0.0258355280889374,-0.0458843403053858,0.07171986839432759,-31.50567101735115,-7.495930639904215,23.4475293271214
cold_WFH,Extreme Cold,Working from home,1179,Disability,No disability,Has disability,FALSE,0.07286777781441302,0.5920835608352809,0.3350486613503055,0.07286777781441302,0.5920835608352809,0.3350486613503055,0.0,0.0,0.0,0.0,0.0,0.0
cold_WFH,Extreme Cold,Working from home,1179,Works outdoors,No,Yes,FALSE,0.07286777781441302,0.5920835608352809,0.3350486613503055,0.07286777781441302,0.5920835608352809,0.3350486613503055,0.0,0.0,0.0,0.0,0.0,0.0
cold_WFH,Extreme Cold,Working from home,1179,Zero-vehicle HH,Has vehicle,Zero vehicle,FALSE,0.07286777781441302,0.5920835608352809,0.3350486613503055,0.07286777781441302,0.5920835608352809,0.3350486613503055,0.0,0.0,0.0,0.0,0.0,0.0
cold_WFH,Extreme Cold,Working from home,1179,Stand-alone house,Not stand-alone,Stand-alone house,FALSE,0.07286777781441302,0.5920835608352809,0.3350486613503055,0.07286777781441302,0.5920835608352809,0.3350486613503055,0.0,0.0,0.0,0.0,0.0,0.0
cold_WFH,Extreme Cold,Working from home,1179,Rural,Not rural,Rural,FALSE,0.07286777781441302,0.5920835608352809,0.3350486613503055,0.07286777781441302,0.5920835608352809,0.3350486613503055,0.0,0.0,0.0,0.0,0.0,0.0
cold_WFH,Extreme Cold,Working from home,1179,Population Density,Low,Medium,FALSE,0.07286777781441302,0.5920835608352809,0.3350486613503055,0.07286777781441302,0.5920835608352809,0.3350486613503055,0.0,0.0,0.0,0.0,0.0,0.0
cold_WFH,Extreme Cold,Working from home,1179,Population Density,Low,High,FALSE,0.07286777781441302,0.5920835608352809,0.3350486613503055,0.07286777781441302,0.5920835608352809,0.3350486613503055,0.0,0.0,0.0,0.0,0.0,0.0
cold_WFH,Extreme Cold,Working from home,1179,Transit Access,Low,Medium,FALSE,0.07286777781441302,0.5920835608352809,0.3350486613503055,0.07286777781441302,0.5920835608352809,0.3350486613503055,0.0,0.0,0.0,0.0,0.0,0.0
cold_WFH,Extreme Cold,Working from home,1179,Transit Access,Low,High,FALSE,0.07286777781441302,0.5920835608352809,0.3350486613503055,0.07286777781441302,0.5920835608352809,0.3350486613503055,0.0,0.0,0.0,0.0,0.0,0.0
cold_WFH,Extreme Cold,Working from home,1179,Walkability Index,Very low,Low,FALSE,0.07286777781441302,0.5920835608352809,0.3350486613503055,0.07286777781441302,0.5920835608352809,0.3350486613503055,0.0,0.0,0.0,0.0,0.0,0.0
cold_WFH,Extreme Cold,Working from home,1179,Walkability Index,Very low,High,FALSE,0.07286777781441302,0.5920835608352809,0.3350486613503055,0.07286777781441302,0.5920835608352809,0.3350486613503055,0.0,0.0,0.0,0.0,0.0,0.0
cold_WFH,Extreme Cold,Working from home,1179,Walkability Index,Very low,Very high,FALSE,0.07286777781441302,0.5920835608352809,0.3350486613503055,0.07286777781441302,0.5920835608352809,0.3350486613503055,0.0,0.0,0.0,0.0,0.0,0.0
cold_WFH,Extreme Cold,Working from home,1179,Employment status,Worker,Non-worker,FALSE,0.07286777781441302,0.5920835608352809,0.3350486613503055,0.07286777781441302,0.5920835608352809,0.3350486613503055,0.0,0.0,0.0,0.0,0.0,0.0
cold_WFH,Extreme Cold,Working from home,1179,Race,Other race,White,TRUE,0.03342449263407545,0.4897884539890735,0.4767870533768497,0.0751395939312092,0.5985610972630175,0.3262993088057707,0.04171510129713375,0.108772643273944,-0.1504877445710789,124.803992550679,22.20808644794444,-31.56288399721591
cold_WFH,Extreme Cold,Working from home,1179,Race,Other race,Black,TRUE,0.03342449263407545,0.4897884539890735,0.4767870533768497,0.0633506216688029,0.5779358119652067,0.3587135663659903,0.02992612903472745,0.08814735797613321,-0.1180734870108593,89.53353267722754,17.99702652404698,-24.76440712360005
cold_WFH,Extreme Cold,Working from home,1179,Race,Other race,Asian,TRUE,0.03342449263407545,0.4897884539890735,0.4767870533768497,0.08716965591045948,0.6147545808271362,0.2980757632624051,0.05374516327638404,0.1249661268380627,-0.1787112901144445,160.7957489879508,25.51430639499119,-37.48241250443354
cold_WFH,Extreme Cold,Working from home,1179,Hispanic,Not Hispanic,Hispanic,FALSE,0.07286777781441302,0.5920835608352809,0.3350486613503055,0.07286777781441302,0.5920835608352809,0.3350486613503055,0.0,0.0,0.0,0.0,0.0,0.0
cold_WFH,Extreme Cold,Working from home,1179,Education (edu_bs),edu_bs = 0,edu_bs = 1,FALSE,0.07286777781441302,0.5920835608352809,0.3350486613503055,0.07286777781441302,0.5920835608352809,0.3350486613503055,0.0,0.0,0.0,0.0,0.0,0.0
cold_WFH,Extreme Cold,Working from home,1179,Education (bs_grad),bs_grad = 0,bs_grad = 1,TRUE,0.0826262374443227,0.6133942938877371,0.3039794686679395,0.0568360621337012,0.5683614124904922,0.3748025253758052,-0.02579017531062149,-0.04503288139724493,0.07082305670786565,-31.2130578715993,-7.341587922480218,23.2986316537158
cold_WFH,Extreme Cold,Working from home,1179,Telecommute (tcom_no),tcom_no = 0,tcom_no = 1,TRUE,0.0423405084024471,0.5428166781891156,0.414842813408438,0.09962680436527822,0.6442038763256817,0.2561693193090377,0.05728629596283113,0.101387198136566,-0.1586734940994003,135.2990271593438,18.67798139047656,-38.24906421680653
cold_WFH,Extreme Cold,Working from home,1179,Air conditioning (ac_c),ac_c = 0,ac_c = 1,FALSE,0.07286777781441302,0.5920835608352809,0.3350486613503055,0.07286777781441302,0.5920835608352809,0.3350486613503055,0.0,0.0,0.0,0.0,0.0,0.0
cold_WFH,Extreme Cold,Working from home,1179,Employment Density,Low,Medium,FALSE,0.07286777781441302,0.5920835608352809,0.3350486613503055,0.07286777781441302,0.5920835608352809,0.3350486613503055,0.0,0.0,0.0,0.0,0.0,0.0
cold_WFH,Extreme Cold,Working from home,1179,Employment Density,Low,High,FALSE,0.07286777781441302,0.5920835608352809,0.3350486613503055,0.07286777781441302,0.5920835608352809,0.3350486613503055,0.0,0.0,0.0,0.0,0.0,0.0
cold_WFH,Extreme Cold,Working from home,1179,Land-use Diversity,Not high,High,FALSE,0.07286777781441302,0.5920835608352809,0.3350486613503055,0.07286777781441302,0.5920835608352809,0.3350486613503055,0.0,0.0,0.0,0.0,0.0,0.0
cold_WFH,Extreme Cold,Working from home,1179,Network Density,Low,Medium,FALSE,0.07286777781441302,0.5920835608352809,0.3350486613503055,0.07286777781441302,0.5920835608352809,0.3350486613503055,0.0,0.0,0.0,0.0,0.0,0.0
cold_WFH,Extreme Cold,Working from home,1179,Network Density,Low,High,FALSE,0.07286777781441302,0.5920835608352809,0.3350486613503055,0.07286777781441302,0.5920835608352809,0.3350486613503055,0.0,0.0,0.0,0.0,0.0,0.0
cold_WFH,Extreme Cold,Working from home,1179,Community Resilience,Current value,1 Unit Increase*,FALSE,0.07286777781441302,0.5920835608352809,0.3350486613503055,0.07286777781441302,0.5920835608352809,0.3350486613503055,0.0,0.0,0.0,0.0,0.0,0.0
cold_WFH,Extreme Cold,Working from home,1179,Social Engagement,Current value,1 Unit Increase*,FALSE,0.07286777781441302,0.5920835608352809,0.3350486613503055,0.07286777781441302,0.5920835608352809,0.3350486613503055,0.0,0.0,0.0,0.0,0.0,0.0
cold_WFH,Extreme Cold,Working from home,1179,Personal Resilience,Current value,1 Unit Increase*,FALSE,0.07286777781441302,0.5920835608352809,0.3350486613503055,0.07286777781441302,0.5920835608352809,0.3350486613503055,0.0,0.0,0.0,0.0,0.0,0.0
cold_WFO,Extreme Cold,Working from the office,1179,Gender,Male,Female,FALSE,0.2784783587997849,0.5866582674732945,0.1348633737269199,0.2784783587997849,0.5866582674732945,0.1348633737269199,0.0,0.0,0.0,0.0,0.0,0.0
cold_WFO,Extreme Cold,Working from the office,1179,Age Group,18-30,31-50,TRUE,0.2557890779774084,0.5946867582780717,0.1495241637445195,0.3004231790663163,0.578811866927028,0.1207649540066565,0.04463410108890792,-0.0158748913510437,-0.02875920973786303,17.44957268771658,-2.669454318607965,-19.23382082042718
cold_WFO,Extreme Cold,Working from the office,1179,Age Group,18-30,51-65,FALSE,0.2557890779774084,0.5946867582780717,0.1495241637445195,0.2557890779774084,0.5946867582780717,0.1495241637445195,0.0,0.0,0.0,0.0,0.0,0.0
cold_WFO,Extreme Cold,Working from the office,1179,Age Group,18-30,65+,FALSE,0.2557890779774084,0.5946867582780717,0.1495241637445195,0.2557890779774084,0.5946867582780717,0.1495241637445195,0.0,0.0,0.0,0.0,0.0,0.0
cold_WFO,Extreme Cold,Working from the office,1179,Household Income,Less than $50k,$50k-$100k,FALSE,0.2784783587997849,0.5866582674732945,0.1348633737269199,0.2784783587997849,0.5866582674732945,0.1348633737269199,0.0,0.0,0.0,0.0,0.0,0.0
cold_WFO,Extreme Cold,Working from the office,1179,Household Income,Less than $50k,$100k or higher,FALSE,0.2784783587997849,0.5866582674732945,0.1348633737269199,0.2784783587997849,0.5866582674732945,0.1348633737269199,0.0,0.0,0.0,0.0,0.0,0.0
cold_WFO,Extreme Cold,Working from the office,1179,Household Size,3+ persons,1 person,FALSE,0.2784783587997849,0.5866582674732945,0.1348633737269199,0.2784783587997849,0.5866582674732945,0.1348633737269199,0.0,0.0,0.0,0.0,0.0,0.0
cold_WFO,Extreme Cold,Working from the office,1179,Household Size,3+ persons,2 persons,FALSE,0.2784783587997849,0.5866582674732945,0.1348633737269199,0.2784783587997849,0.5866582674732945,0.1348633737269199,0.0,0.0,0.0,0.0,0.0,0.0
cold_WFO,Extreme Cold,Working from the office,1179,Child in household,No child,Has child,FALSE,0.2784783587997849,0.5866582674732945,0.1348633737269199,0.2784783587997849,0.5866582674732945,0.1348633737269199,0.0,0.0,0.0,0.0,0.0,0.0
cold_WFO,Extreme Cold,Working from the office,1179,Disability,No disability,Has disability,FALSE,0.2784783587997849,0.5866582674732945,0.1348633737269199,0.2784783587997849,0.5866582674732945,0.1348633737269199,0.0,0.0,0.0,0.0,0.0,0.0
cold_WFO,Extreme Cold,Working from the office,1179,Works outdoors,No,Yes,TRUE,0.2856749826908122,0.5853434770617192,0.1289815402474688,0.2015567118850257,0.604071017383834,0.1943722707311385,-0.08411827080578652,0.01872754032211477,0.0653907304836697,-29.44544531462464,3.199410441220329,50.69774353617472
cold_WFO,Extreme Cold,Working from the office,1179,Zero-vehicle HH,Has vehicle,Zero vehicle,FALSE,0.2784783587997849,0.5866582674732945,0.1348633737269199,0.2784783587997849,0.5866582674732945,0.1348633737269199,0.0,0.0,0.0,0.0,0.0,0.0
cold_WFO,Extreme Cold,Working from the office,1179,Stand-alone house,Not stand-alone,Stand-alone house,FALSE,0.2784783587997849,0.5866582674732945,0.1348633737269199,0.2784783587997849,0.5866582674732945,0.1348633737269199,0.0,0.0,0.0,0.0,0.0,0.0
cold_WFO,Extreme Cold,Working from the office,1179,Rural,Not rural,Rural,FALSE,0.2784783587997849,0.5866582674732945,0.1348633737269199,0.2784783587997849,0.5866582674732945,0.1348633737269199,0.0,0.0,0.0,0.0,0.0,0.0
cold_WFO,Extreme Cold,Working from the office,1179,Population Density,Low,Medium,FALSE,0.2784783587997849,0.5866582674732945,0.1348633737269199,0.2784783587997849,0.5866582674732945,0.1348633737269199,0.0,0.0,0.0,0.0,0.0,0.0
cold_WFO,Extreme Cold,Working from the office,1179,Population Density,Low,High,FALSE,0.2784783587997849,0.5866582674732945,0.1348633737269199,0.2784783587997849,0.5866582674732945,0.1348633737269199,0.0,0.0,0.0,0.0,0.0,0.0
cold_WFO,Extreme Cold,Working from the office,1179,Transit Access,Low,Medium,FALSE,0.2784783587997849,0.5866582674732945,0.1348633737269199,0.2784783587997849,0.5866582674732945,0.1348633737269199,0.0,0.0,0.0,0.0,0.0,0.0
cold_WFO,Extreme Cold,Working from the office,1179,Transit Access,Low,High,FALSE,0.2784783587997849,0.5866582674732945,0.1348633737269199,0.2784783587997849,0.5866582674732945,0.1348633737269199,0.0,0.0,0.0,0.0,0.0,0.0
cold_WFO,Extreme Cold,Working from the office,1179,Walkability Index,Very low,Low,FALSE,0.2784783587997849,0.5866582674732945,0.1348633737269199,0.2784783587997849,0.5866582674732945,0.1348633737269199,0.0,0.0,0.0,0.0,0.0,0.0
cold_WFO,Extreme Cold,Working from the office,1179,Walkability Index,Very low,High,FALSE,0.2784783587997849,0.5866582674732945,0.1348633737269199,0.2784783587997849,0.5866582674732945,0.1348633737269199,0.0,0.0,0.0,0.0,0.0,0.0
cold_WFO,Extreme Cold,Working from the office,1179,Walkability Index,Very low,Very high,FALSE,0.2784783587997849,0.5866582674732945,0.1348633737269199,0.2784783587997849,0.5866582674732945,0.1348633737269199,0.0,0.0,0.0,0.0,0.0,0.0
cold_WFO,Extreme Cold,Working from the office,1179,Employment status,Worker,Non-worker,FALSE,0.2784783587997849,0.5866582674732945,0.1348633737269199,0.2784783587997849,0.5866582674732945,0.1348633737269199,0.0,0.0,0.0,0.0,0.0,0.0
cold_WFO,Extreme Cold,Working from the office,1179,Race,Other race,White,TRUE,0.4444084169087989,0.4963722324476185,0.05921935064358103,0.2792314362215587,0.5888179229374716,0.1319506408409688,-0.1651769806872402,0.09244569048985307,0.07273129019738775,-37.1678335518874,18.62426712187385,122.8167641268646
cold_WFO,Extreme Cold,Working from the office,1179,Race,Other race,Black,TRUE,0.4444084169087989,0.4963722324476185,0.05921935064358103,0.2412146951614574,0.6001901035737188,0.1585952012648248,-0.2031937217473415,0.1038178711261003,0.0993758506212438,-45.72229373167807,20.9153261080244,167.8097607306599
cold_WFO,Extreme Cold,Working from the office,1179,Race,Other race,Asian,TRUE,0.4444084169087989,0.4963722324476185,0.05921935064358103,0.3049630710379397,0.5784001596173365,0.1166367693447242,-0.1394453458708592,0.08202792716971796,0.0574174187011432,-31.37774636241329,16.52548668269317,96.95719064316835
cold_WFO,Extreme Cold,Working from the office,1179,Hispanic,Not Hispanic,Hispanic,TRUE,0.2868426382830933,0.5839523711834409,0.1292049905334652,0.2116119328694102,0.6023484077719542,0.1860396593586366,-0.07523070541368304,0.0183960365885133,0.05683466882517146,-26.22716966486541,3.150263188628175,43.9879826549353
cold_WFO,Extreme Cold,Working from the office,1179,Education (edu_bs),edu_bs = 0,edu_bs = 1,FALSE,0.2784783587997849,0.5866582674732945,0.1348633737269199,0.2784783587997849,0.5866582674732945,0.1348633737269199,0.0,0.0,0.0,0.0,0.0,0.0
cold_WFO,Extreme Cold,Working from the office,1179,Education (bs_grad),bs_grad = 0,bs_grad = 1,TRUE,0.2500824784518491,0.5977618261406927,0.1521556954074565,0.3162368978953233,0.5730173547227188,0.1107457473819586,0.06615441944347428,-0.02474447141797398,-0.04140994802549793,26.45304055406331,-4.139520179421758,-27.21550968868208
cold_WFO,Extreme Cold,Working from the office,1179,Telecommute (tcom_no),tcom_no = 0,tcom_no = 1,FALSE,0.2784783587997849,0.5866582674732945,0.1348633737269199,0.2784783587997849,0.5866582674732945,0.1348633737269199,0.0,0.0,0.0,0.0,0.0,0.0
cold_WFO,Extreme Cold,Working from the office,1179,Air conditioning (ac_c),ac_c = 0,ac_c = 1,FALSE,0.2784783587997849,0.5866582674732945,0.1348633737269199,0.2784783587997849,0.5866582674732945,0.1348633737269199,0.0,0.0,0.0,0.0,0.0,0.0
cold_WFO,Extreme Cold,Working from the office,1179,Employment Density,Low,Medium,FALSE,0.2784783587997849,0.5866582674732945,0.1348633737269199,0.2784783587997849,0.5866582674732945,0.1348633737269199,0.0,0.0,0.0,0.0,0.0,0.0
cold_WFO,Extreme Cold,Working from the office,1179,Employment Density,Low,High,FALSE,0.2784783587997849,0.5866582674732945,0.1348633737269199,0.2784783587997849,0.5866582674732945,0.1348633737269199,0.0,0.0,0.0,0.0,0.0,0.0
cold_WFO,Extreme Cold,Working from the office,1179,Land-use Diversity,Not high,High,FALSE,0.2784783587997849,0.5866582674732945,0.1348633737269199,0.2784783587997849,0.5866582674732945,0.1348633737269199,0.0,0.0,0.0,0.0,0.0,0.0
cold_WFO,Extreme Cold,Working from the office,1179,Network Density,Low,Medium,FALSE,0.2784783587997849,0.5866582674732945,0.1348633737269199,0.2784783587997849,0.5866582674732945,0.1348633737269199,0.0,0.0,0.0,0.0,0.0,0.0
cold_WFO,Extreme Cold,Working from the office,1179,Network Density,Low,High,FALSE,0.2784783587997849,0.5866582674732945,0.1348633737269199,0.2784783587997849,0.5866582674732945,0.1348633737269199,0.0,0.0,0.0,0.0,0.0,0.0
cold_WFO,Extreme Cold,Working from the office,1179,Community Resilience,Current value,1 Unit Increase*,FALSE,0.2784783587997849,0.5866582674732945,0.1348633737269199,0.2784783587997849,0.5866582674732945,0.1348633737269199,0.0,0.0,0.0,0.0,0.0,0.0
cold_WFO,Extreme Cold,Working from the office,1179,Social Engagement,Current value,1 Unit Increase*,FALSE,0.2784783587997849,0.5866582674732945,0.1348633737269199,0.2784783587997849,0.5866582674732945,0.1348633737269199,0.0,0.0,0.0,0.0,0.0,0.0
cold_WFO,Extreme Cold,Working from the office,1179,Personal Resilience,Current value,1 Unit Increase*,FALSE,0.2784783587997849,0.5866582674732945,0.1348633737269199,0.2784783587997849,0.5866582674732945,0.1348633737269199,0.0,0.0,0.0,0.0,0.0,0.0
powerout_Car,Power Outage,Using a car for traveling,2381,Gender,Male,Female,TRUE,0.1537533172530906,0.6115577714529153,0.2346889112939922,0.1966109893448451,0.6166993105598703,0.1866897000952857,0.04285767209175445,0.005141539106954918,-0.04799921119870645,27.87430727182763,0.8407282757179011,-20.45227059687468
powerout_Car,Power Outage,Using a car for traveling,2381,Age Group,18-30,31-50,FALSE,0.1425580431796863,0.6117652050610892,0.2456767517592284,0.1425580431796863,0.6117652050610892,0.2456767517592284,0.0,0.0,0.0,0.0,0.0,0.0
powerout_Car,Power Outage,Using a car for traveling,2381,Age Group,18-30,51-65,TRUE,0.1425580431796863,0.6117652050610892,0.2456767517592284,0.1994770015453731,0.6201233366722968,0.1803996617823337,0.05691895836568672,0.008358131611207575,-0.06527708997689471,39.9268656444334,1.366231937034234,-26.57031628327148
powerout_Car,Power Outage,Using a car for traveling,2381,Age Group,18-30,65+,TRUE,0.1425580431796863,0.6117652050610892,0.2456767517592284,0.209993668992099,0.6191878508856637,0.1708184801222327,0.06743562581241266,0.007422645824574525,-0.07485827163699571,47.30397830125507,1.213316115916288,-30.47023013002035
powerout_Car,Power Outage,Using a car for traveling,2381,Household Income,Less than $50k,$50k-$100k,FALSE,0.1791038882583205,0.6137381280308866,0.2071579837107936,0.1791038882583205,0.6137381280308866,0.2071579837107936,0.0,0.0,0.0,0.0,0.0,0.0
powerout_Car,Power Outage,Using a car for traveling,2381,Household Income,Less than $50k,$100k or higher,FALSE,0.1791038882583205,0.6137381280308866,0.2071579837107936,0.1791038882583205,0.6137381280308866,0.2071579837107936,0.0,0.0,0.0,0.0,0.0,0.0
powerout_Car,Power Outage,Using a car for traveling,2381,Household Size,3+ persons,1 person,FALSE,0.1791038882583205,0.6137381280308866,0.2071579837107936,0.1791038882583205,0.6137381280308866,0.2071579837107936,0.0,0.0,0.0,0.0,0.0,0.0
powerout_Car,Power Outage,Using a car for traveling,2381,Household Size,3+ persons,2 persons,FALSE,0.1791038882583205,0.6137381280308866,0.2071579837107936,0.1791038882583205,0.6137381280308866,0.2071579837107936,0.0,0.0,0.0,0.0,0.0,0.0
powerout_Car,Power Outage,Using a car for traveling,2381,Child in household,No child,Has child,TRUE,0.1861035734771719,0.6169673403969008,0.1969290861259279,0.1544317134937282,0.6120639611489569,0.2335043253573166,-0.03167185998344366,-0.004903379247943929,0.03657523923138867,-17.01840506965259,-0.7947550748455403,18.57279691431683
powerout_Car,Power Outage,Using a car for traveling,2381,Disability,No disability,Has disability,FALSE,0.1791038882583205,0.6137381280308866,0.2071579837107936,0.1791038882583205,0.6137381280308866,0.2071579837107936,0.0,0.0,0.0,0.0,0.0,0.0
powerout_Car,Power Outage,Using a car for traveling,2381,Works outdoors,No,Yes,FALSE,0.1791038882583205,0.6137381280308866,0.2071579837107936,0.1791038882583205,0.6137381280308866,0.2071579837107936,0.0,0.0,0.0,0.0,0.0,0.0
powerout_Car,Power Outage,Using a car for traveling,2381,Zero-vehicle HH,Has vehicle,Zero vehicle,TRUE,0.168116917235269,0.6151980457345732,0.2166850370301591,0.2588623250124705,0.6049598115723733,0.1361778634151576,0.09074540777720153,-0.01023823416219982,-0.08050717361500145,53.97755875466659,-1.664217601662718,-37.15400690256067
powerout_Car,Power Outage,Using a car for traveling,2381,Stand-alone house,Not stand-alone,Stand-alone house,FALSE,0.1791038882583205,0.6137381280308866,0.2071579837107936,0.1791038882583205,0.6137381280308866,0.2071579837107936,0.0,0.0,0.0,0.0,0.0,0.0
powerout_Car,Power Outage,Using a car for traveling,2381,Rural,Not rural,Rural,FALSE,0.1791038882583205,0.6137381280308866,0.2071579837107936,0.1791038882583205,0.6137381280308866,0.2071579837107936,0.0,0.0,0.0,0.0,0.0,0.0
powerout_Car,Power Outage,Using a car for traveling,2381,Population Density,Low,Medium,FALSE,0.1791038882583205,0.6137381280308866,0.2071579837107936,0.1791038882583205,0.6137381280308866,0.2071579837107936,0.0,0.0,0.0,0.0,0.0,0.0
powerout_Car,Power Outage,Using a car for traveling,2381,Population Density,Low,High,FALSE,0.1791038882583205,0.6137381280308866,0.2071579837107936,0.1791038882583205,0.6137381280308866,0.2071579837107936,0.0,0.0,0.0,0.0,0.0,0.0
powerout_Car,Power Outage,Using a car for traveling,2381,Transit Access,Low,Medium,FALSE,0.1791038882583205,0.6137381280308866,0.2071579837107936,0.1791038882583205,0.6137381280308866,0.2071579837107936,0.0,0.0,0.0,0.0,0.0,0.0
powerout_Car,Power Outage,Using a car for traveling,2381,Transit Access,Low,High,FALSE,0.1791038882583205,0.6137381280308866,0.2071579837107936,0.1791038882583205,0.6137381280308866,0.2071579837107936,0.0,0.0,0.0,0.0,0.0,0.0
powerout_Car,Power Outage,Using a car for traveling,2381,Walkability Index,Very low,Low,FALSE,0.1791038882583205,0.6137381280308866,0.2071579837107936,0.1791038882583205,0.6137381280308866,0.2071579837107936,0.0,0.0,0.0,0.0,0.0,0.0
powerout_Car,Power Outage,Using a car for traveling,2381,Walkability Index,Very low,High,FALSE,0.1791038882583205,0.6137381280308866,0.2071579837107936,0.1791038882583205,0.6137381280308866,0.2071579837107936,0.0,0.0,0.0,0.0,0.0,0.0
powerout_Car,Power Outage,Using a car for traveling,2381,Walkability Index,Very low,Very high,FALSE,0.1791038882583205,0.6137381280308866,0.2071579837107936,0.1791038882583205,0.6137381280308866,0.2071579837107936,0.0,0.0,0.0,0.0,0.0,0.0
powerout_Car,Power Outage,Using a car for traveling,2381,Employment status,Worker,Non-worker,FALSE,0.1791038882583205,0.6137381280308866,0.2071579837107936,0.1791038882583205,0.6137381280308866,0.2071579837107936,0.0,0.0,0.0,0.0,0.0,0.0
powerout_Car,Power Outage,Using a car for traveling,2381,Race,Other race,White,FALSE,0.1791038882583205,0.6137381280308866,0.2071579837107936,0.1791038882583205,0.6137381280308866,0.2071579837107936,0.0,0.0,0.0,0.0,0.0,0.0
powerout_Car,Power Outage,Using a car for traveling,2381,Race,Other race,Black,FALSE,0.1791038882583205,0.6137381280308866,0.2071579837107936,0.1791038882583205,0.6137381280308866,0.2071579837107936,0.0,0.0,0.0,0.0,0.0,0.0
powerout_Car,Power Outage,Using a car for traveling,2381,Race,Other race,Asian,FALSE,0.1791038882583205,0.6137381280308866,0.2071579837107936,0.1791038882583205,0.6137381280308866,0.2071579837107936,0.0,0.0,0.0,0.0,0.0,0.0
powerout_Car,Power Outage,Using a car for traveling,2381,Hispanic,Not Hispanic,Hispanic,FALSE,0.1791038882583205,0.6137381280308866,0.2071579837107936,0.1791038882583205,0.6137381280308866,0.2071579837107936,0.0,0.0,0.0,0.0,0.0,0.0
powerout_Car,Power Outage,Using a car for traveling,2381,Education (edu_bs),edu_bs = 0,edu_bs = 1,FALSE,0.1791038882583205,0.6137381280308866,0.2071579837107936,0.1791038882583205,0.6137381280308866,0.2071579837107936,0.0,0.0,0.0,0.0,0.0,0.0
powerout_Car,Power Outage,Using a car for traveling,2381,Education (bs_grad),bs_grad = 0,bs_grad = 1,FALSE,0.1791038882583205,0.6137381280308866,0.2071579837107936,0.1791038882583205,0.6137381280308866,0.2071579837107936,0.0,0.0,0.0,0.0,0.0,0.0
powerout_Car,Power Outage,Using a car for traveling,2381,Telecommute (tcom_no),tcom_no = 0,tcom_no = 1,FALSE,0.1791038882583205,0.6137381280308866,0.2071579837107936,0.1791038882583205,0.6137381280308866,0.2071579837107936,0.0,0.0,0.0,0.0,0.0,0.0
powerout_Car,Power Outage,Using a car for traveling,2381,Air conditioning (ac_c),ac_c = 0,ac_c = 1,FALSE,0.1791038882583205,0.6137381280308866,0.2071579837107936,0.1791038882583205,0.6137381280308866,0.2071579837107936,0.0,0.0,0.0,0.0,0.0,0.0
powerout_Car,Power Outage,Using a car for traveling,2381,Employment Density,Low,Medium,FALSE,0.1791038882583205,0.6137381280308866,0.2071579837107936,0.1791038882583205,0.6137381280308866,0.2071579837107936,0.0,0.0,0.0,0.0,0.0,0.0
powerout_Car,Power Outage,Using a car for traveling,2381,Employment Density,Low,High,FALSE,0.1791038882583205,0.6137381280308866,0.2071579837107936,0.1791038882583205,0.6137381280308866,0.2071579837107936,0.0,0.0,0.0,0.0,0.0,0.0
powerout_Car,Power Outage,Using a car for traveling,2381,Land-use Diversity,Not high,High,FALSE,0.1791038882583205,0.6137381280308866,0.2071579837107936,0.1791038882583205,0.6137381280308866,0.2071579837107936,0.0,0.0,0.0,0.0,0.0,0.0
powerout_Car,Power Outage,Using a car for traveling,2381,Network Density,Low,Medium,FALSE,0.1791038882583205,0.6137381280308866,0.2071579837107936,0.1791038882583205,0.6137381280308866,0.2071579837107936,0.0,0.0,0.0,0.0,0.0,0.0
powerout_Car,Power Outage,Using a car for traveling,2381,Network Density,Low,High,FALSE,0.1791038882583205,0.6137381280308866,0.2071579837107936,0.1791038882583205,0.6137381280308866,0.2071579837107936,0.0,0.0,0.0,0.0,0.0,0.0
powerout_Car,Power Outage,Using a car for traveling,2381,Community Resilience,Current value,1 Unit Increase*,FALSE,0.1791038882583205,0.6137381280308866,0.2071579837107936,0.1791038882583205,0.6137381280308866,0.2071579837107936,0.0,0.0,0.0,0.0,0.0,0.0
powerout_Car,Power Outage,Using a car for traveling,2381,Social Engagement,Current value,1 Unit Increase*,FALSE,0.1791038882583205,0.6137381280308866,0.2071579837107936,0.1791038882583205,0.6137381280308866,0.2071579837107936,0.0,0.0,0.0,0.0,0.0,0.0
powerout_Car,Power Outage,Using a car for traveling,2381,Personal Resilience,Current value,1 Unit Increase*,FALSE,0.1791038882583205,0.6137381280308866,0.2071579837107936,0.1791038882583205,0.6137381280308866,0.2071579837107936,0.0,0.0,0.0,0.0,0.0,0.0
powerout_Delivery,Power Outage,Having food delivered,2381,Gender,Male,Female,FALSE,0.2346845824141438,0.5897632092335732,0.1755522083522827,0.2346845824141438,0.5897632092335732,0.1755522083522827,0.0,0.0,0.0,0.0,0.0,0.0
powerout_Delivery,Power Outage,Having food delivered,2381,Age Group,18-30,31-50,FALSE,0.2247258641641235,0.592054979176984,0.183219156658892,0.2247258641641235,0.592054979176984,0.183219156658892,0.0,0.0,0.0,0.0,0.0,0.0
powerout_Delivery,Power Outage,Having food delivered,2381,Age Group,18-30,51-65,TRUE,0.2247258641641235,0.592054979176984,0.183219156658892,0.2637497652520259,0.5841823202508609,0.1520679144971125,0.03902390108790235,-0.0078726589261231,-0.0311512421617795,17.36511337182004,-1.329717543642127,-17.00217528005289
powerout_Delivery,Power Outage,Having food delivered,2381,Age Group,18-30,65+,FALSE,0.2247258641641235,0.592054979176984,0.183219156658892,0.2247258641641235,0.592054979176984,0.183219156658892,0.0,0.0,0.0,0.0,0.0,0.0
powerout_Delivery,Power Outage,Having food delivered,2381,Household Income,Less than $50k,$50k-$100k,TRUE,0.2399885109069148,0.5900629923074834,0.1699484967856018,0.2512168202475448,0.5877057742870931,0.1610774054653628,0.01122830934062999,-0.002357218020390239,-0.008871091320238944,4.678686199684432,-0.3994858262796944,-5.219870424291105
powerout_Delivery,Power Outage,Having food delivered,2381,Household Income,Less than $50k,$100k or higher,TRUE,0.2399885109069148,0.5900629923074834,0.1699484967856018,0.1998747846981984,0.5936330260154948,0.2064921892863058,-0.04011372620871642,0.003570033708011455,0.03654369250070405,-16.71485274737818,0.6050258624169234,21.50280419767742
powerout_Delivery,Power Outage,Having food delivered,2381,Household Size,3+ persons,1 person,TRUE,0.2096623409515707,0.5939148345153096,0.196422824533121,0.2386855870049238,0.5906397119676662,0.1706747010274095,0.0290232460533531,-0.003275122547643394,-0.02574812350571143,13.8428512825091,-0.5514464965867039,-13.10851911783285
powerout_Delivery,Power Outage,Having food delivered,2381,Household Size,3+ persons,2 persons,TRUE,0.2096623409515707,0.5939148345153096,0.196422824533121,0.2569093432831807,0.5866328849999967,0.1564577717168214,0.04724700233160994,-0.007281949515312913,-0.03996505281629956,22.53480625904267,-1.226093219452191,-20.34644034434024
powerout_Delivery,Power Outage,Having food delivered,2381,Child in household,No child,Has child,FALSE,0.2346845824141438,0.5897632092335732,0.1755522083522827,0.2346845824141438,0.5897632092335732,0.1755522083522827,0.0,0.0,0.0,0.0,0.0,0.0
powerout_Delivery,Power Outage,Having food delivered,2381,Disability,No disability,Has disability,FALSE,0.2346845824141438,0.5897632092335732,0.1755522083522827,0.2346845824141438,0.5897632092335732,0.1755522083522827,0.0,0.0,0.0,0.0,0.0,0.0
powerout_Delivery,Power Outage,Having food delivered,2381,Works outdoors,No,Yes,FALSE,0.2346845824141438,0.5897632092335732,0.1755522083522827,0.2346845824141438,0.5897632092335732,0.1755522083522827,0.0,0.0,0.0,0.0,0.0,0.0
powerout_Delivery,Power Outage,Having food delivered,2381,Zero-vehicle HH,Has vehicle,Zero vehicle,FALSE,0.2346845824141438,0.5897632092335732,0.1755522083522827,0.2346845824141438,0.5897632092335732,0.1755522083522827,0.0,0.0,0.0,0.0,0.0,0.0
powerout_Delivery,Power Outage,Having food delivered,2381,Stand-alone house,Not stand-alone,Stand-alone house,FALSE,0.2346845824141438,0.5897632092335732,0.1755522083522827,0.2346845824141438,0.5897632092335732,0.1755522083522827,0.0,0.0,0.0,0.0,0.0,0.0
powerout_Delivery,Power Outage,Having food delivered,2381,Rural,Not rural,Rural,FALSE,0.2346845824141438,0.5897632092335732,0.1755522083522827,0.2346845824141438,0.5897632092335732,0.1755522083522827,0.0,0.0,0.0,0.0,0.0,0.0
powerout_Delivery,Power Outage,Having food delivered,2381,Population Density,Low,Medium,FALSE,0.2346845824141438,0.5897632092335732,0.1755522083522827,0.2346845824141438,0.5897632092335732,0.1755522083522827,0.0,0.0,0.0,0.0,0.0,0.0
powerout_Delivery,Power Outage,Having food delivered,2381,Population Density,Low,High,FALSE,0.2346845824141438,0.5897632092335732,0.1755522083522827,0.2346845824141438,0.5897632092335732,0.1755522083522827,0.0,0.0,0.0,0.0,0.0,0.0
powerout_Delivery,Power Outage,Having food delivered,2381,Transit Access,Low,Medium,FALSE,0.2346845824141438,0.5897632092335732,0.1755522083522827,0.2346845824141438,0.5897632092335732,0.1755522083522827,0.0,0.0,0.0,0.0,0.0,0.0
powerout_Delivery,Power Outage,Having food delivered,2381,Transit Access,Low,High,FALSE,0.2346845824141438,0.5897632092335732,0.1755522083522827,0.2346845824141438,0.5897632092335732,0.1755522083522827,0.0,0.0,0.0,0.0,0.0,0.0
powerout_Delivery,Power Outage,Having food delivered,2381,Walkability Index,Very low,Low,TRUE,0.2277582057715604,0.5913561684169073,0.1808856258115321,0.2728085474222908,0.5812055962918187,0.1459858562858918,0.04505034165073044,-0.01015057212508863,-0.03489976952564031,19.77989837868479,-1.716490444711563,-19.29383242535976
powerout_Delivery,Power Outage,Having food delivered,2381,Walkability Index,Very low,High,FALSE,0.2277582057715604,0.5913561684169073,0.1808856258115321,0.2277582057715604,0.5913561684169073,0.1808856258115321,0.0,0.0,0.0,0.0,0.0,0.0
powerout_Delivery,Power Outage,Having food delivered,2381,Walkability Index,Very low,Very high,FALSE,0.2277582057715604,0.5913561684169073,0.1808856258115321,0.2277582057715604,0.5913561684169073,0.1808856258115321,0.0,0.0,0.0,0.0,0.0,0.0
powerout_Delivery,Power Outage,Having food delivered,2381,Employment status,Worker,Non-worker,FALSE,0.2346845824141438,0.5897632092335732,0.1755522083522827,0.2346845824141438,0.5897632092335732,0.1755522083522827,0.0,0.0,0.0,0.0,0.0,0.0
powerout_Delivery,Power Outage,Having food delivered,2381,Race,Other race,White,FALSE,0.2346845824141438,0.5897632092335732,0.1755522083522827,0.2346845824141438,0.5897632092335732,0.1755522083522827,0.0,0.0,0.0,0.0,0.0,0.0
powerout_Delivery,Power Outage,Having food delivered,2381,Race,Other race,Black,FALSE,0.2346845824141438,0.5897632092335732,0.1755522083522827,0.2346845824141438,0.5897632092335732,0.1755522083522827,0.0,0.0,0.0,0.0,0.0,0.0
powerout_Delivery,Power Outage,Having food delivered,2381,Race,Other race,Asian,FALSE,0.2346845824141438,0.5897632092335732,0.1755522083522827,0.2346845824141438,0.5897632092335732,0.1755522083522827,0.0,0.0,0.0,0.0,0.0,0.0
powerout_Delivery,Power Outage,Having food delivered,2381,Hispanic,Not Hispanic,Hispanic,FALSE,0.2346845824141438,0.5897632092335732,0.1755522083522827,0.2346845824141438,0.5897632092335732,0.1755522083522827,0.0,0.0,0.0,0.0,0.0,0.0
powerout_Delivery,Power Outage,Having food delivered,2381,Education (edu_bs),edu_bs = 0,edu_bs = 1,FALSE,0.2346845824141438,0.5897632092335732,0.1755522083522827,0.2346845824141438,0.5897632092335732,0.1755522083522827,0.0,0.0,0.0,0.0,0.0,0.0
powerout_Delivery,Power Outage,Having food delivered,2381,Education (bs_grad),bs_grad = 0,bs_grad = 1,FALSE,0.2346845824141438,0.5897632092335732,0.1755522083522827,0.2346845824141438,0.5897632092335732,0.1755522083522827,0.0,0.0,0.0,0.0,0.0,0.0
powerout_Delivery,Power Outage,Having food delivered,2381,Telecommute (tcom_no),tcom_no = 0,tcom_no = 1,FALSE,0.2346845824141438,0.5897632092335732,0.1755522083522827,0.2346845824141438,0.5897632092335732,0.1755522083522827,0.0,0.0,0.0,0.0,0.0,0.0
powerout_Delivery,Power Outage,Having food delivered,2381,Air conditioning (ac_c),ac_c = 0,ac_c = 1,FALSE,0.2346845824141438,0.5897632092335732,0.1755522083522827,0.2346845824141438,0.5897632092335732,0.1755522083522827,0.0,0.0,0.0,0.0,0.0,0.0
powerout_Delivery,Power Outage,Having food delivered,2381,Employment Density,Low,Medium,FALSE,0.2346845824141438,0.5897632092335732,0.1755522083522827,0.2346845824141438,0.5897632092335732,0.1755522083522827,0.0,0.0,0.0,0.0,0.0,0.0
powerout_Delivery,Power Outage,Having food delivered,2381,Employment Density,Low,High,FALSE,0.2346845824141438,0.5897632092335732,0.1755522083522827,0.2346845824141438,0.5897632092335732,0.1755522083522827,0.0,0.0,0.0,0.0,0.0,0.0
powerout_Delivery,Power Outage,Having food delivered,2381,Land-use Diversity,Not high,High,FALSE,0.2346845824141438,0.5897632092335732,0.1755522083522827,0.2346845824141438,0.5897632092335732,0.1755522083522827,0.0,0.0,0.0,0.0,0.0,0.0
powerout_Delivery,Power Outage,Having food delivered,2381,Network Density,Low,Medium,FALSE,0.2346845824141438,0.5897632092335732,0.1755522083522827,0.2346845824141438,0.5897632092335732,0.1755522083522827,0.0,0.0,0.0,0.0,0.0,0.0
powerout_Delivery,Power Outage,Having food delivered,2381,Network Density,Low,High,FALSE,0.2346845824141438,0.5897632092335732,0.1755522083522827,0.2346845824141438,0.5897632092335732,0.1755522083522827,0.0,0.0,0.0,0.0,0.0,0.0
powerout_Delivery,Power Outage,Having food delivered,2381,Community Resilience,Current value,1 Unit Increase*,FALSE,0.2346845824141438,0.5897632092335732,0.1755522083522827,0.2346845824141438,0.5897632092335732,0.1755522083522827,0.0,0.0,0.0,0.0,0.0,0.0
powerout_Delivery,Power Outage,Having food delivered,2381,Social Engagement,Current value,1 Unit Increase*,TRUE,0.2346845824141438,0.5897632092335732,0.1755522083522827,0.2152853872200703,0.5919576089191673,0.1927570038607614,-0.01939919519407349,0.002194399685594095,0.01720479550847873,-8.26607141999642,0.3720814813873906,9.800386830767554
powerout_Delivery,Power Outage,Having food delivered,2381,Personal Resilience,Current value,1 Unit Increase*,TRUE,0.2346845824141438,0.5897632092335732,0.1755522083522827,0.2485458957712402,0.5871333597036648,0.164320744525095,0.01386131335709639,-0.002629849529908412,-0.01123146382718762,5.906358745218113,-0.4459161725815406,-6.397791251164048
powerout_Dine_in,Power Outage,Eating indoors at a restaurant,2381,Gender,Male,Female,TRUE,0.2781753950484832,0.5317123560332431,0.1901122489182736,0.3179557523294057,0.5214963229312339,0.1605479247393598,0.0397803572809225,-0.01021603310200914,-0.02956432417891375,14.30045862754654,-1.921345815287095,-15.55098335174764
powerout_Dine_in,Power Outage,Eating indoors at a restaurant,2381,Age Group,18-30,31-50,FALSE,0.2929454478572353,0.5281819503814386,0.1788726017613267,0.2929454478572353,0.5281819503814386,0.1788726017613267,0.0,0.0,0.0,0.0,0.0,0.0
powerout_Dine_in,Power Outage,Eating indoors at a restaurant,2381,Age Group,18-30,51-65,TRUE,0.2929454478572353,0.5281819503814386,0.1788726017613267,0.3263505955595925,0.5184389570799685,0.1552104473604386,0.0334051477023572,-0.009742993301470104,-0.02366215440088812,11.40319740303216,-1.844628218445174,-13.228495682341
powerout_Dine_in,Power Outage,Eating indoors at a restaurant,2381,Age Group,18-30,65+,FALSE,0.2929454478572353,0.5281819503814386,0.1788726017613267,0.2929454478572353,0.5281819503814386,0.1788726017613267,0.0,0.0,0.0,0.0,0.0,0.0
powerout_Dine_in,Power Outage,Eating indoors at a restaurant,2381,Household Income,Less than $50k,$50k-$100k,TRUE,0.319201727285612,0.5215953984540829,0.1592028742603058,0.3052004551947032,0.5258166553375031,0.1689828894677937,-0.01400127209090879,0.004221256883420232,0.009780015207487947,-4.38633970122,0.8092971862733637,6.143114722600462
powerout_Dine_in,Power Outage,Eating indoors at a restaurant,2381,Household Income,Less than $50k,$100k or higher,TRUE,0.319201727285612,0.5215953984540829,0.1592028742603058,0.2582393638796803,0.5353642072849737,0.2063964288353463,-0.0609623634059317,0.01376880883089082,0.04719355457504054,-19.09838142930362,2.639748907237133,29.64365737384639
powerout_Dine_in,Power Outage,Eating indoors at a restaurant,2381,Household Size,3+ persons,1 person,FALSE,0.2899089796858568,0.5287104681249161,0.1813805521892271,0.2899089796858568,0.5287104681249161,0.1813805521892271,0.0,0.0,0.0,0.0,0.0,0.0
powerout_Dine_in,Power Outage,Eating indoors at a restaurant,2381,Household Size,3+ persons,2 persons,TRUE,0.2899089796858568,0.5287104681249161,0.1813805521892271,0.3224769757802104,0.519564705963247,0.1579583182565443,0.03256799609435362,-0.009145762161669069,-0.02342223393268283,11.23386937846633,-1.729824301399729,-12.91331052308593
powerout_Dine_in,Power Outage,Eating indoors at a restaurant,2381,Child in household,No child,Has child,FALSE,0.3014972531401864,0.5253831092129105,0.1731196376469038,0.3014972531401864,0.5253831092129105,0.1731196376469038,0.0,0.0,0.0,0.0,0.0,0.0
powerout_Dine_in,Power Outage,Eating indoors at a restaurant,2381,Disability,No disability,Has disability,FALSE,0.3014972531401864,0.5253831092129105,0.1731196376469038,0.3014972531401864,0.5253831092129105,0.1731196376469038,0.0,0.0,0.0,0.0,0.0,0.0
powerout_Dine_in,Power Outage,Eating indoors at a restaurant,2381,Works outdoors,No,Yes,FALSE,0.3014972531401864,0.5253831092129105,0.1731196376469038,0.3014972531401864,0.5253831092129105,0.1731196376469038,0.0,0.0,0.0,0.0,0.0,0.0
powerout_Dine_in,Power Outage,Eating indoors at a restaurant,2381,Zero-vehicle HH,Has vehicle,Zero vehicle,FALSE,0.3014972531401864,0.5253831092129105,0.1731196376469038,0.3014972531401864,0.5253831092129105,0.1731196376469038,0.0,0.0,0.0,0.0,0.0,0.0
powerout_Dine_in,Power Outage,Eating indoors at a restaurant,2381,Stand-alone house,Not stand-alone,Stand-alone house,FALSE,0.3014972531401864,0.5253831092129105,0.1731196376469038,0.3014972531401864,0.5253831092129105,0.1731196376469038,0.0,0.0,0.0,0.0,0.0,0.0
powerout_Dine_in,Power Outage,Eating indoors at a restaurant,2381,Rural,Not rural,Rural,FALSE,0.3014972531401864,0.5253831092129105,0.1731196376469038,0.3014972531401864,0.5253831092129105,0.1731196376469038,0.0,0.0,0.0,0.0,0.0,0.0
powerout_Dine_in,Power Outage,Eating indoors at a restaurant,2381,Population Density,Low,Medium,FALSE,0.3014972531401864,0.5253831092129105,0.1731196376469038,0.3014972531401864,0.5253831092129105,0.1731196376469038,0.0,0.0,0.0,0.0,0.0,0.0
powerout_Dine_in,Power Outage,Eating indoors at a restaurant,2381,Population Density,Low,High,FALSE,0.3014972531401864,0.5253831092129105,0.1731196376469038,0.3014972531401864,0.5253831092129105,0.1731196376469038,0.0,0.0,0.0,0.0,0.0,0.0
powerout_Dine_in,Power Outage,Eating indoors at a restaurant,2381,Transit Access,Low,Medium,FALSE,0.3014972531401864,0.5253831092129105,0.1731196376469038,0.3014972531401864,0.5253831092129105,0.1731196376469038,0.0,0.0,0.0,0.0,0.0,0.0
powerout_Dine_in,Power Outage,Eating indoors at a restaurant,2381,Transit Access,Low,High,FALSE,0.3014972531401864,0.5253831092129105,0.1731196376469038,0.3014972531401864,0.5253831092129105,0.1731196376469038,0.0,0.0,0.0,0.0,0.0,0.0
powerout_Dine_in,Power Outage,Eating indoors at a restaurant,2381,Walkability Index,Very low,Low,FALSE,0.3014972531401864,0.5253831092129105,0.1731196376469038,0.3014972531401864,0.5253831092129105,0.1731196376469038,0.0,0.0,0.0,0.0,0.0,0.0
powerout_Dine_in,Power Outage,Eating indoors at a restaurant,2381,Walkability Index,Very low,High,FALSE,0.3014972531401864,0.5253831092129105,0.1731196376469038,0.3014972531401864,0.5253831092129105,0.1731196376469038,0.0,0.0,0.0,0.0,0.0,0.0
powerout_Dine_in,Power Outage,Eating indoors at a restaurant,2381,Walkability Index,Very low,Very high,FALSE,0.3014972531401864,0.5253831092129105,0.1731196376469038,0.3014972531401864,0.5253831092129105,0.1731196376469038,0.0,0.0,0.0,0.0,0.0,0.0
powerout_Dine_in,Power Outage,Eating indoors at a restaurant,2381,Employment status,Worker,Non-worker,FALSE,0.3014972531401864,0.5253831092129105,0.1731196376469038,0.3014972531401864,0.5253831092129105,0.1731196376469038,0.0,0.0,0.0,0.0,0.0,0.0
powerout_Dine_in,Power Outage,Eating indoors at a restaurant,2381,Race,Other race,White,TRUE,0.3574107163187891,0.5066376685251968,0.1359516151560136,0.2890127361823693,0.5290668568219594,0.1819204069956718,-0.06839798013641973,0.02242918829676266,0.04596879183965819,-19.13708151811901,4.42706685471161,33.81261177876107
powerout_Dine_in,Power Outage,Eating indoors at a restaurant,2381,Race,Other race,Black,FALSE,0.3574107163187891,0.5066376685251968,0.1359516151560136,0.3574107163187891,0.5066376685251968,0.1359516151560136,0.0,0.0,0.0,0.0,0.0,0.0
powerout_Dine_in,Power Outage,Eating indoors at a restaurant,2381,Race,Other race,Asian,FALSE,0.3574107163187891,0.5066376685251968,0.1359516151560136,0.3574107163187891,0.5066376685251968,0.1359516151560136,0.0,0.0,0.0,0.0,0.0,0.0
powerout_Dine_in,Power Outage,Eating indoors at a restaurant,2381,Hispanic,Not Hispanic,Hispanic,FALSE,0.3014972531401864,0.5253831092129105,0.1731196376469038,0.3014972531401864,0.5253831092129105,0.1731196376469038,0.0,0.0,0.0,0.0,0.0,0.0
powerout_Dine_in,Power Outage,Eating indoors at a restaurant,2381,Education (edu_bs),edu_bs = 0,edu_bs = 1,FALSE,0.3014972531401864,0.5253831092129105,0.1731196376469038,0.3014972531401864,0.5253831092129105,0.1731196376469038,0.0,0.0,0.0,0.0,0.0,0.0
powerout_Dine_in,Power Outage,Eating indoors at a restaurant,2381,Education (bs_grad),bs_grad = 0,bs_grad = 1,FALSE,0.3014972531401864,0.5253831092129105,0.1731196376469038,0.3014972531401864,0.5253831092129105,0.1731196376469038,0.0,0.0,0.0,0.0,0.0,0.0
powerout_Dine_in,Power Outage,Eating indoors at a restaurant,2381,Telecommute (tcom_no),tcom_no = 0,tcom_no = 1,FALSE,0.3014972531401864,0.5253831092129105,0.1731196376469038,0.3014972531401864,0.5253831092129105,0.1731196376469038,0.0,0.0,0.0,0.0,0.0,0.0
powerout_Dine_in,Power Outage,Eating indoors at a restaurant,2381,Air conditioning (ac_c),ac_c = 0,ac_c = 1,FALSE,0.3014972531401864,0.5253831092129105,0.1731196376469038,0.3014972531401864,0.5253831092129105,0.1731196376469038,0.0,0.0,0.0,0.0,0.0,0.0
powerout_Dine_in,Power Outage,Eating indoors at a restaurant,2381,Employment Density,Low,Medium,FALSE,0.3014972531401864,0.5253831092129105,0.1731196376469038,0.3014972531401864,0.5253831092129105,0.1731196376469038,0.0,0.0,0.0,0.0,0.0,0.0
powerout_Dine_in,Power Outage,Eating indoors at a restaurant,2381,Employment Density,Low,High,FALSE,0.3014972531401864,0.5253831092129105,0.1731196376469038,0.3014972531401864,0.5253831092129105,0.1731196376469038,0.0,0.0,0.0,0.0,0.0,0.0
powerout_Dine_in,Power Outage,Eating indoors at a restaurant,2381,Land-use Diversity,Not high,High,FALSE,0.3014972531401864,0.5253831092129105,0.1731196376469038,0.3014972531401864,0.5253831092129105,0.1731196376469038,0.0,0.0,0.0,0.0,0.0,0.0
powerout_Dine_in,Power Outage,Eating indoors at a restaurant,2381,Network Density,Low,Medium,TRUE,0.2749565203300303,0.5321325841133424,0.192910895556627,0.3242703662405665,0.5192800669315554,0.1564495668278773,0.04931384591053622,-0.01285251718178704,-0.03646132872874969,17.93514329150835,-2.415284755246165,-18.9006062221337
powerout_Dine_in,Power Outage,Eating indoors at a restaurant,2381,Network Density,Low,High,TRUE,0.2749565203300303,0.5321325841133424,0.192910895556627,0.3075834487798775,0.5244644983119366,0.1679520529081867,0.03262692844984721,-0.007668085801405766,-0.02495884264844031,11.86621376015565,-1.441010385444183,-12.93801605991399
powerout_Dine_in,Power Outage,Eating indoors at a restaurant,2381,Community Resilience,Current value,1 Unit Increase*,FALSE,0.3014972531401864,0.5253831092129105,0.1731196376469038,0.3014972531401864,0.5253831092129105,0.1731196376469038,0.0,0.0,0.0,0.0,0.0,0.0
powerout_Dine_in,Power Outage,Eating indoors at a restaurant,2381,Social Engagement,Current value,1 Unit Increase*,TRUE,0.3014972531401864,0.5253831092129105,0.1731196376469038,0.2826185867874308,0.5298434637162559,0.187537949496313,-0.01887866635275554,0.004460354503345365,0.0144183118494092,-6.261637927420045,0.8489718122129074,8.328524738953593
powerout_Dine_in,Power Outage,Eating indoors at a restaurant,2381,Personal Resilience,Current value,1 Unit Increase*,TRUE,0.3014972531401864,0.5253831092129105,0.1731196376469038,0.3214816913191834,0.5194679277837676,0.1590503808970484,0.01998443817899703,-0.005915181429142935,-0.0140692567498554,6.628398093466186,-1.125879634388059,-8.126898219687343
powerout_Home,Power Outage,Staying at home,2381,Gender,Male,Female,FALSE,0.1209886487397003,0.5152469397984799,0.3637644114618206,0.1209886487397003,0.5152469397984799,0.3637644114618206,0.0,0.0,0.0,0.0,0.0,0.0
powerout_Home,Power Outage,Staying at home,2381,Age Group,18-30,31-50,FALSE,0.1460168695479432,0.5349190135773125,0.3190641168747437,0.1460168695479432,0.5349190135773125,0.3190641168747437,0.0,0.0,0.0,0.0,0.0,0.0
powerout_Home,Power Outage,Staying at home,2381,Age Group,18-30,51-65,TRUE,0.1460168695479432,0.5349190135773125,0.3190641168747437,0.1082725550755448,0.5051738407937117,0.3865536041307439,-0.03774431447239843,-0.02974517278360078,0.06748948725600018,-25.84928343502492,-5.560687137418733,21.1523276001904
powerout_Home,Power Outage,Staying at home,2381,Age Group,18-30,65+,TRUE,0.1460168695479432,0.5349190135773125,0.3190641168747437,0.09779359786821909,0.4931150385559034,0.4090913635758765,-0.04822327167972412,-0.04180397502140909,0.09002724670113277,-33.02582217316368,-7.815010115613904,28.21603619452924
powerout_Home,Power Outage,Staying at home,2381,Household Income,Less than $50k,$50k-$100k,TRUE,0.1148402291106753,0.5102993196817518,0.3748604512075728,0.134501178542916,0.5263652478552093,0.3391335736018747,0.0196609494322407,0.01606592817345753,-0.03572687760569809,17.12026315559925,3.148334233225521,-9.530714027208735
powerout_Home,Power Outage,Staying at home,2381,Household Income,Less than $50k,$100k or higher,FALSE,0.1148402291106753,0.5102993196817518,0.3748604512075728,0.1148402291106753,0.5102993196817518,0.3748604512075728,0.0,0.0,0.0,0.0,0.0,0.0
powerout_Home,Power Outage,Staying at home,2381,Household Size,3+ persons,1 person,FALSE,0.1209886487397003,0.5152469397984799,0.3637644114618206,0.1209886487397003,0.5152469397984799,0.3637644114618206,0.0,0.0,0.0,0.0,0.0,0.0
powerout_Home,Power Outage,Staying at home,2381,Household Size,3+ persons,2 persons,FALSE,0.1209886487397003,0.5152469397984799,0.3637644114618206,0.1209886487397003,0.5152469397984799,0.3637644114618206,0.0,0.0,0.0,0.0,0.0,0.0
powerout_Home,Power Outage,Staying at home,2381,Child in household,No child,Has child,FALSE,0.1209886487397003,0.5152469397984799,0.3637644114618206,0.1209886487397003,0.5152469397984799,0.3637644114618206,0.0,0.0,0.0,0.0,0.0,0.0
powerout_Home,Power Outage,Staying at home,2381,Disability,No disability,Has disability,TRUE,0.1262951896841518,0.5211027541077977,0.3526020562080509,0.09639123982161603,0.4906536397337268,0.4129551204446579,-0.02990394986253574,-0.03044911437407094,0.06035306423660702,-23.67782172648199,-5.843207339443863,17.11648107945123
powerout_Home,Power Outage,Staying at home,2381,Works outdoors,No,Yes,FALSE,0.1209886487397003,0.5152469397984799,0.3637644114618206,0.1209886487397003,0.5152469397984799,0.3637644114618206,0.0,0.0,0.0,0.0,0.0,0.0
powerout_Home,Power Outage,Staying at home,2381,Zero-vehicle HH,Has vehicle,Zero vehicle,FALSE,0.1209886487397003,0.5152469397984799,0.3637644114618206,0.1209886487397003,0.5152469397984799,0.3637644114618206,0.0,0.0,0.0,0.0,0.0,0.0
powerout_Home,Power Outage,Staying at home,2381,Stand-alone house,Not stand-alone,Stand-alone house,FALSE,0.1209886487397003,0.5152469397984799,0.3637644114618206,0.1209886487397003,0.5152469397984799,0.3637644114618206,0.0,0.0,0.0,0.0,0.0,0.0
powerout_Home,Power Outage,Staying at home,2381,Rural,Not rural,Rural,FALSE,0.1209886487397003,0.5152469397984799,0.3637644114618206,0.1209886487397003,0.5152469397984799,0.3637644114618206,0.0,0.0,0.0,0.0,0.0,0.0
powerout_Home,Power Outage,Staying at home,2381,Population Density,Low,Medium,FALSE,0.1209886487397003,0.5152469397984799,0.3637644114618206,0.1209886487397003,0.5152469397984799,0.3637644114618206,0.0,0.0,0.0,0.0,0.0,0.0
powerout_Home,Power Outage,Staying at home,2381,Population Density,Low,High,FALSE,0.1209886487397003,0.5152469397984799,0.3637644114618206,0.1209886487397003,0.5152469397984799,0.3637644114618206,0.0,0.0,0.0,0.0,0.0,0.0
powerout_Home,Power Outage,Staying at home,2381,Transit Access,Low,Medium,FALSE,0.1209886487397003,0.5152469397984799,0.3637644114618206,0.1209886487397003,0.5152469397984799,0.3637644114618206,0.0,0.0,0.0,0.0,0.0,0.0
powerout_Home,Power Outage,Staying at home,2381,Transit Access,Low,High,FALSE,0.1209886487397003,0.5152469397984799,0.3637644114618206,0.1209886487397003,0.5152469397984799,0.3637644114618206,0.0,0.0,0.0,0.0,0.0,0.0
powerout_Home,Power Outage,Staying at home,2381,Walkability Index,Very low,Low,FALSE,0.1209886487397003,0.5152469397984799,0.3637644114618206,0.1209886487397003,0.5152469397984799,0.3637644114618206,0.0,0.0,0.0,0.0,0.0,0.0
powerout_Home,Power Outage,Staying at home,2381,Walkability Index,Very low,High,FALSE,0.1209886487397003,0.5152469397984799,0.3637644114618206,0.1209886487397003,0.5152469397984799,0.3637644114618206,0.0,0.0,0.0,0.0,0.0,0.0
powerout_Home,Power Outage,Staying at home,2381,Walkability Index,Very low,Very high,FALSE,0.1209886487397003,0.5152469397984799,0.3637644114618206,0.1209886487397003,0.5152469397984799,0.3637644114618206,0.0,0.0,0.0,0.0,0.0,0.0
powerout_Home,Power Outage,Staying at home,2381,Employment status,Worker,Non-worker,FALSE,0.1209886487397003,0.5152469397984799,0.3637644114618206,0.1209886487397003,0.5152469397984799,0.3637644114618206,0.0,0.0,0.0,0.0,0.0,0.0
powerout_Home,Power Outage,Staying at home,2381,Race,Other race,White,FALSE,0.1250566836309494,0.5190821443955574,0.3558611719734937,0.1250566836309494,0.5190821443955574,0.3558611719734937,0.0,0.0,0.0,0.0,0.0,0.0
powerout_Home,Power Outage,Staying at home,2381,Race,Other race,Black,TRUE,0.1250566836309494,0.5190821443955574,0.3558611719734937,0.09536847027027652,0.4882759104692543,0.4163556192604683,-0.02968821336067286,-0.03080623392630311,0.06049444728697467,-23.73980542158367,-5.93475122558401,16.99945148595211
powerout_Home,Power Outage,Staying at home,2381,Race,Other race,Asian,FALSE,0.1250566836309494,0.5190821443955574,0.3558611719734937,0.1250566836309494,0.5190821443955574,0.3558611719734937,0.0,0.0,0.0,0.0,0.0,0.0
powerout_Home,Power Outage,Staying at home,2381,Hispanic,Not Hispanic,Hispanic,FALSE,0.1209886487397003,0.5152469397984799,0.3637644114618206,0.1209886487397003,0.5152469397984799,0.3637644114618206,0.0,0.0,0.0,0.0,0.0,0.0
powerout_Home,Power Outage,Staying at home,2381,Education (edu_bs),edu_bs = 0,edu_bs = 1,FALSE,0.1209886487397003,0.5152469397984799,0.3637644114618206,0.1209886487397003,0.5152469397984799,0.3637644114618206,0.0,0.0,0.0,0.0,0.0,0.0
powerout_Home,Power Outage,Staying at home,2381,Education (bs_grad),bs_grad = 0,bs_grad = 1,FALSE,0.1209886487397003,0.5152469397984799,0.3637644114618206,0.1209886487397003,0.5152469397984799,0.3637644114618206,0.0,0.0,0.0,0.0,0.0,0.0
powerout_Home,Power Outage,Staying at home,2381,Telecommute (tcom_no),tcom_no = 0,tcom_no = 1,FALSE,0.1209886487397003,0.5152469397984799,0.3637644114618206,0.1209886487397003,0.5152469397984799,0.3637644114618206,0.0,0.0,0.0,0.0,0.0,0.0
powerout_Home,Power Outage,Staying at home,2381,Air conditioning (ac_c),ac_c = 0,ac_c = 1,FALSE,0.1209886487397003,0.5152469397984799,0.3637644114618206,0.1209886487397003,0.5152469397984799,0.3637644114618206,0.0,0.0,0.0,0.0,0.0,0.0
powerout_Home,Power Outage,Staying at home,2381,Employment Density,Low,Medium,FALSE,0.12665551488382,0.5201758958878435,0.3531685892283376,0.12665551488382,0.5201758958878435,0.3531685892283376,0.0,0.0,0.0,0.0,0.0,0.0
powerout_Home,Power Outage,Staying at home,2381,Employment Density,Low,High,TRUE,0.12665551488382,0.5201758958878435,0.3531685892283376,0.1087096122607255,0.5037392111619994,0.387551176577274,-0.01794590262309452,-0.01643668472584414,0.0343825873489364,-14.16906531038631,-3.159832059843868,9.735460173301732
powerout_Home,Power Outage,Staying at home,2381,Land-use Diversity,Not high,High,FALSE,0.1209886487397003,0.5152469397984799,0.3637644114618206,0.1209886487397003,0.5152469397984799,0.3637644114618206,0.0,0.0,0.0,0.0,0.0,0.0
powerout_Home,Power Outage,Staying at home,2381,Network Density,Low,Medium,FALSE,0.1209886487397003,0.5152469397984799,0.3637644114618206,0.1209886487397003,0.5152469397984799,0.3637644114618206,0.0,0.0,0.0,0.0,0.0,0.0
powerout_Home,Power Outage,Staying at home,2381,Network Density,Low,High,FALSE,0.1209886487397003,0.5152469397984799,0.3637644114618206,0.1209886487397003,0.5152469397984799,0.3637644114618206,0.0,0.0,0.0,0.0,0.0,0.0
powerout_Home,Power Outage,Staying at home,2381,Community Resilience,Current value,1 Unit Increase*,FALSE,0.1209886487397003,0.5152469397984799,0.3637644114618206,0.1209886487397003,0.5152469397984799,0.3637644114618206,0.0,0.0,0.0,0.0,0.0,0.0
powerout_Home,Power Outage,Staying at home,2381,Social Engagement,Current value,1 Unit Increase*,FALSE,0.1209886487397003,0.5152469397984799,0.3637644114618206,0.1209886487397003,0.5152469397984799,0.3637644114618206,0.0,0.0,0.0,0.0,0.0,0.0
powerout_Home,Power Outage,Staying at home,2381,Personal Resilience,Current value,1 Unit Increase*,TRUE,0.1209886487397003,0.5152469397984799,0.3637644114618206,0.1066413097043263,0.5012743989280223,0.3920842913676499,-0.014347339035374,-0.01397254087045763,0.02831987990582929,-11.85841745058367,-2.711814431333154,7.785225550796258
powerout_Pick_up,Power Outage,Picking up takeout,2381,Gender,Male,Female,TRUE,0.2247182281635046,0.5406874359578117,0.2345943358786836,0.2630455893859845,0.538171773115559,0.198782637498458,0.03832736122247987,-0.002515662842252686,-0.03581169838022563,17.05574199997383,-0.4652711853376553,-15.26537213530383
powerout_Pick_up,Power Outage,Picking up takeout,2381,Age Group,18-30,31-50,TRUE,0.2553927304901157,0.5388553998101417,0.2057518696997431,0.2284552953987737,0.5403893928065969,0.2311553117946279,-0.026937435091342,0.00153399299645518,0.02540344209488477,-10.54745569290373,0.2846761852986277,12.34663973258489
powerout_Pick_up,Power Outage,Picking up takeout,2381,Age Group,18-30,51-65,FALSE,0.2553927304901157,0.5388553998101417,0.2057518696997431,0.2553927304901157,0.5388553998101417,0.2057518696997431,0.0,0.0,0.0,0.0,0.0,0.0
powerout_Pick_up,Power Outage,Picking up takeout,2381,Age Group,18-30,65+,FALSE,0.2553927304901157,0.5388553998101417,0.2057518696997431,0.2553927304901157,0.5388553998101417,0.2057518696997431,0.0,0.0,0.0,0.0,0.0,0.0
powerout_Pick_up,Power Outage,Picking up takeout,2381,Household Income,Less than $50k,$50k-$100k,TRUE,0.2624482163822839,0.5396783500239075,0.1978734335938092,0.2559362535991913,0.5405520840181428,0.2035116623826657,-0.006511962783092684,0.0008737339942352929,0.005638228788856586,-2.48123720284969,0.1618990263731326,2.849411710533429
powerout_Pick_up,Power Outage,Picking up takeout,2381,Household Income,Less than $50k,$100k or higher,TRUE,0.2624482163822839,0.5396783500239075,0.1978734335938092,0.2005875326731516,0.5401564835529955,0.2592559837738529,-0.06186068370913234,0.0004781335290879873,0.06138255018004379,-23.57062454523433,0.08859601817764345,31.0211174209716
powerout_Pick_up,Power Outage,Picking up takeout,2381,Household Size,3+ persons,1 person,FALSE,0.2472195288683188,0.5388210718696113,0.2139593992620701,0.2472195288683188,0.5388210718696113,0.2139593992620701,0.0,0.0,0.0,0.0,0.0,0.0
powerout_Pick_up,Power Outage,Picking up takeout,2381,Household Size,3+ persons,2 persons,FALSE,0.2472195288683188,0.5388210718696113,0.2139593992620701,0.2472195288683188,0.5388210718696113,0.2139593992620701,0.0,0.0,0.0,0.0,0.0,0.0
powerout_Pick_up,Power Outage,Picking up takeout,2381,Child in household,No child,Has child,FALSE,0.2472195288683188,0.5388210718696113,0.2139593992620701,0.2472195288683188,0.5388210718696113,0.2139593992620701,0.0,0.0,0.0,0.0,0.0,0.0
powerout_Pick_up,Power Outage,Picking up takeout,2381,Disability,No disability,Has disability,FALSE,0.2472195288683188,0.5388210718696113,0.2139593992620701,0.2472195288683188,0.5388210718696113,0.2139593992620701,0.0,0.0,0.0,0.0,0.0,0.0
powerout_Pick_up,Power Outage,Picking up takeout,2381,Works outdoors,No,Yes,FALSE,0.2472195288683188,0.5388210718696113,0.2139593992620701,0.2472195288683188,0.5388210718696113,0.2139593992620701,0.0,0.0,0.0,0.0,0.0,0.0
powerout_Pick_up,Power Outage,Picking up takeout,2381,Zero-vehicle HH,Has vehicle,Zero vehicle,FALSE,0.2472195288683188,0.5388210718696113,0.2139593992620701,0.2472195288683188,0.5388210718696113,0.2139593992620701,0.0,0.0,0.0,0.0,0.0,0.0
powerout_Pick_up,Power Outage,Picking up takeout,2381,Stand-alone house,Not stand-alone,Stand-alone house,FALSE,0.2472195288683188,0.5388210718696113,0.2139593992620701,0.2472195288683188,0.5388210718696113,0.2139593992620701,0.0,0.0,0.0,0.0,0.0,0.0
powerout_Pick_up,Power Outage,Picking up takeout,2381,Rural,Not rural,Rural,FALSE,0.2472195288683188,0.5388210718696113,0.2139593992620701,0.2472195288683188,0.5388210718696113,0.2139593992620701,0.0,0.0,0.0,0.0,0.0,0.0
powerout_Pick_up,Power Outage,Picking up takeout,2381,Population Density,Low,Medium,FALSE,0.2472195288683188,0.5388210718696113,0.2139593992620701,0.2472195288683188,0.5388210718696113,0.2139593992620701,0.0,0.0,0.0,0.0,0.0,0.0
powerout_Pick_up,Power Outage,Picking up takeout,2381,Population Density,Low,High,FALSE,0.2472195288683188,0.5388210718696113,0.2139593992620701,0.2472195288683188,0.5388210718696113,0.2139593992620701,0.0,0.0,0.0,0.0,0.0,0.0
powerout_Pick_up,Power Outage,Picking up takeout,2381,Transit Access,Low,Medium,FALSE,0.2424780749431558,0.5391580846663664,0.2183638403904773,0.2424780749431558,0.5391580846663664,0.2183638403904773,0.0,0.0,0.0,0.0,0.0,0.0
powerout_Pick_up,Power Outage,Picking up takeout,2381,Transit Access,Low,High,TRUE,0.2424780749431558,0.5391580846663664,0.2183638403904773,0.2923985415659612,0.5312492800396716,0.1763521783943682,0.04992046662280542,-0.007908804626694743,-0.04201166199610909,20.5876208125243,-1.466880466345738,-19.23929434515532
powerout_Pick_up,Power Outage,Picking up takeout,2381,Walkability Index,Very low,Low,FALSE,0.2472195288683188,0.5388210718696113,0.2139593992620701,0.2472195288683188,0.5388210718696113,0.2139593992620701,0.0,0.0,0.0,0.0,0.0,0.0
powerout_Pick_up,Power Outage,Picking up takeout,2381,Walkability Index,Very low,High,FALSE,0.2472195288683188,0.5388210718696113,0.2139593992620701,0.2472195288683188,0.5388210718696113,0.2139593992620701,0.0,0.0,0.0,0.0,0.0,0.0
powerout_Pick_up,Power Outage,Picking up takeout,2381,Walkability Index,Very low,Very high,FALSE,0.2472195288683188,0.5388210718696113,0.2139593992620701,0.2472195288683188,0.5388210718696113,0.2139593992620701,0.0,0.0,0.0,0.0,0.0,0.0
powerout_Pick_up,Power Outage,Picking up takeout,2381,Employment status,Worker,Non-worker,TRUE,0.2268721642706682,0.5414432799899633,0.2316845557393682,0.2654361709015996,0.538470926235539,0.1960929028628625,0.03856400663093143,-0.002972353754424284,-0.03559165287650565,16.9981217197377,-0.5489686296373245,-15.36211715231645
powerout_Pick_up,Power Outage,Picking up takeout,2381,Race,Other race,White,TRUE,0.2797285461298585,0.5349294045322286,0.1853420493379125,0.243286019969,0.5399666099763865,0.2167473700546138,-0.0364425261608585,0.005037205444157866,0.03140532071670132,-13.02781809902975,0.9416579835544231,16.9445200529987
powerout_Pick_up,Power Outage,Picking up takeout,2381,Race,Other race,Black,FALSE,0.2797285461298585,0.5349294045322286,0.1853420493379125,0.2797285461298585,0.5349294045322286,0.1853420493379125,0.0,0.0,0.0,0.0,0.0,0.0
powerout_Pick_up,Power Outage,Picking up takeout,2381,Race,Other race,Asian,TRUE,0.2797285461298585,0.5349294045322286,0.1853420493379125,0.1840163020668186,0.534728285491053,0.2812554124421284,-0.09571224406303996,-0.0002011190411755903,0.09591336310421597,-34.21611608370046,-0.03759730526525453,51.74938091320463
powerout_Pick_up,Power Outage,Picking up takeout,2381,Hispanic,Not Hispanic,Hispanic,FALSE,0.2472195288683188,0.5388210718696113,0.2139593992620701,0.2472195288683188,0.5388210718696113,0.2139593992620701,0.0,0.0,0.0,0.0,0.0,0.0
powerout_Pick_up,Power Outage,Picking up takeout,2381,Education (edu_bs),edu_bs = 0,edu_bs = 1,FALSE,0.2472195288683188,0.5388210718696113,0.2139593992620701,0.2472195288683188,0.5388210718696113,0.2139593992620701,0.0,0.0,0.0,0.0,0.0,0.0
powerout_Pick_up,Power Outage,Picking up takeout,2381,Education (bs_grad),bs_grad = 0,bs_grad = 1,FALSE,0.2472195288683188,0.5388210718696113,0.2139593992620701,0.2472195288683188,0.5388210718696113,0.2139593992620701,0.0,0.0,0.0,0.0,0.0,0.0
powerout_Pick_up,Power Outage,Picking up takeout,2381,Telecommute (tcom_no),tcom_no = 0,tcom_no = 1,FALSE,0.2472195288683188,0.5388210718696113,0.2139593992620701,0.2472195288683188,0.5388210718696113,0.2139593992620701,0.0,0.0,0.0,0.0,0.0,0.0
powerout_Pick_up,Power Outage,Picking up takeout,2381,Air conditioning (ac_c),ac_c = 0,ac_c = 1,FALSE,0.2472195288683188,0.5388210718696113,0.2139593992620701,0.2472195288683188,0.5388210718696113,0.2139593992620701,0.0,0.0,0.0,0.0,0.0,0.0
powerout_Pick_up,Power Outage,Picking up takeout,2381,Employment Density,Low,Medium,FALSE,0.2472195288683188,0.5388210718696113,0.2139593992620701,0.2472195288683188,0.5388210718696113,0.2139593992620701,0.0,0.0,0.0,0.0,0.0,0.0
powerout_Pick_up,Power Outage,Picking up takeout,2381,Employment Density,Low,High,FALSE,0.2472195288683188,0.5388210718696113,0.2139593992620701,0.2472195288683188,0.5388210718696113,0.2139593992620701,0.0,0.0,0.0,0.0,0.0,0.0
powerout_Pick_up,Power Outage,Picking up takeout,2381,Land-use Diversity,Not high,High,FALSE,0.2472195288683188,0.5388210718696113,0.2139593992620701,0.2472195288683188,0.5388210718696113,0.2139593992620701,0.0,0.0,0.0,0.0,0.0,0.0
powerout_Pick_up,Power Outage,Picking up takeout,2381,Network Density,Low,Medium,TRUE,0.2339058060256065,0.5405511034381166,0.2255430905362773,0.2737945252856119,0.5362503277456303,0.18995514696876,0.0398887192600054,-0.004300775692486325,-0.03558794356751727,17.0533258399061,-0.7956279554572562,-15.7787780077409
powerout_Pick_up,Power Outage,Picking up takeout,2381,Network Density,Low,High,FALSE,0.2339058060256065,0.5405511034381166,0.2255430905362773,0.2339058060256065,0.5405511034381166,0.2255430905362773,0.0,0.0,0.0,0.0,0.0,0.0
powerout_Pick_up,Power Outage,Picking up takeout,2381,Community Resilience,Current value,1 Unit Increase*,TRUE,0.2472195288683188,0.5388210718696113,0.2139593992620701,0.2326946150613799,0.5395045608094802,0.2278008241291382,-0.01452491380693893,0.0006834889398689148,0.0138414248670681,-5.875310042628392,0.1268489625874007,6.469182898627563
powerout_Pick_up,Power Outage,Picking up takeout,2381,Social Engagement,Current value,1 Unit Increase*,FALSE,0.2472195288683188,0.5388210718696113,0.2139593992620701,0.2472195288683188,0.5388210718696113,0.2139593992620701,0.0,0.0,0.0,0.0,0.0,0.0
powerout_Pick_up,Power Outage,Picking up takeout,2381,Personal Resilience,Current value,1 Unit Increase*,FALSE,0.2472195288683188,0.5388210718696113,0.2139593992620701,0.2472195288683188,0.5388210718696113,0.2139593992620701,0.0,0.0,0.0,0.0,0.0,0.0
powerout_Transit,Power Outage,Taking public transit,2381,Gender,Male,Female,TRUE,0.2037412805253563,0.6893583368999194,0.106900382574725,0.231889685224485,0.6777209662228527,0.09038934855266352,0.02814840469912872,-0.01163737067706672,-0.01651103402206147,13.81575919545944,-1.688145345336735,-15.44525250928827
powerout_Transit,Power Outage,Taking public transit,2381,Age Group,18-30,31-50,TRUE,0.160927677944408,0.7010207022067456,0.1380516198488453,0.2187420438897512,0.6848778041656408,0.09638015194460743,0.05781436594534312,-0.0161428980411048,-0.04167146790423783,35.92568207273512,-2.302770515947463,-30.18542480694144
powerout_Transit,Power Outage,Taking public transit,2381,Age Group,18-30,51-65,TRUE,0.160927677944408,0.7010207022067456,0.1380516198488453,0.232328112752331,0.678765662411996,0.0889062248356733,0.07140043480792291,-0.02225503979474963,-0.04914539501317196,44.36802650727861,-3.174662278117167,-35.59928892321725
powerout_Transit,Power Outage,Taking public transit,2381,Age Group,18-30,65+,TRUE,0.160927677944408,0.7010207022067456,0.1380516198488453,0.2343860922606496,0.6777803219066261,0.0878335858327241,0.07345841431624153,-0.02324038030011955,-0.05021803401612115,45.64684910299738,-3.315220253404938,-36.37627292682666
powerout_Transit,Power Outage,Taking public transit,2381,Household Income,Less than $50k,$50k-$100k,TRUE,0.2320207688410555,0.6773862913917704,0.09059293976717125,0.2286987040234551,0.6789238185441014,0.09237747743244348,-0.003322064817600445,0.00153752715233102,0.001784537665272229,-1.431796314698106,0.2269793723123608,1.969841877146925
powerout_Transit,Power Outage,Taking public transit,2381,Household Income,Less than $50k,$100k or higher,TRUE,0.2320207688410555,0.6773862913917704,0.09059293976717125,0.1853516754200311,0.6947041387640243,0.1199441858159446,-0.04666909342102446,0.01731784737225384,0.02935124604877332,-20.11418790401252,2.556568916780448,32.39904359457547
powerout_Transit,Power Outage,Taking public transit,2381,Household Size,3+ persons,1 person,FALSE,0.2202952495832195,0.6822314916427272,0.09747325877405263,0.2202952495832195,0.6822314916427272,0.09747325877405263,0.0,0.0,0.0,0.0,0.0,0.0
powerout_Transit,Power Outage,Taking public transit,2381,Household Size,3+ persons,2 persons,FALSE,0.2202952495832195,0.6822314916427272,0.09747325877405263,0.2202952495832195,0.6822314916427272,0.09747325877405263,0.0,0.0,0.0,0.0,0.0,0.0
powerout_Transit,Power Outage,Taking public transit,2381,Child in household,No child,Has child,TRUE,0.227148205482441,0.6799276379444126,0.09292415657314729,0.1990913458123469,0.6909813028742947,0.1099273513133574,-0.02805685967009416,0.01105366492988213,0.01700319474021016,-12.35178574732919,1.625711960069761,18.29792743593612
powerout_Transit,Power Outage,Taking public transit,2381,Disability,No disability,Has disability,FALSE,0.2202952495832195,0.6822314916427272,0.09747325877405263,0.2202952495832195,0.6822314916427272,0.09747325877405263,0.0,0.0,0.0,0.0,0.0,0.0
powerout_Transit,Power Outage,Taking public transit,2381,Works outdoors,No,Yes,FALSE,0.2202952495832195,0.6822314916427272,0.09747325877405263,0.2202952495832195,0.6822314916427272,0.09747325877405263,0.0,0.0,0.0,0.0,0.0,0.0
powerout_Transit,Power Outage,Taking public transit,2381,Zero-vehicle HH,Has vehicle,Zero vehicle,TRUE,0.2353811631024106,0.6784218615384132,0.08619697535917488,0.1156351851420076,0.6976995823874425,0.1866652324705489,-0.1197459779604031,0.01927772084902923,0.1004682571113741,-50.87322043196102,2.84155360284446,116.5565922617726
powerout_Transit,Power Outage,Taking public transit,2381,Stand-alone house,Not stand-alone,Stand-alone house,TRUE,0.2052294917234288,0.6888869096769547,0.1058835985996161,0.2309828775271707,0.67820593121182,0.0908111912610084,0.02575338580374187,-0.01068097846513461,-0.01507240733860775,12.54857944025297,-1.550469070481151,-14.2348839083208
powerout_Transit,Power Outage,Taking public transit,2381,Rural,Not rural,Rural,FALSE,0.2202952495832195,0.6822314916427272,0.09747325877405263,0.2202952495832195,0.6822314916427272,0.09747325877405263,0.0,0.0,0.0,0.0,0.0,0.0
powerout_Transit,Power Outage,Taking public transit,2381,Population Density,Low,Medium,FALSE,0.2202952495832195,0.6822314916427272,0.09747325877405263,0.2202952495832195,0.6822314916427272,0.09747325877405263,0.0,0.0,0.0,0.0,0.0,0.0
powerout_Transit,Power Outage,Taking public transit,2381,Population Density,Low,High,FALSE,0.2202952495832195,0.6822314916427272,0.09747325877405263,0.2202952495832195,0.6822314916427272,0.09747325877405263,0.0,0.0,0.0,0.0,0.0,0.0
powerout_Transit,Power Outage,Taking public transit,2381,Transit Access,Low,Medium,FALSE,0.2202952495832195,0.6822314916427272,0.09747325877405263,0.2202952495832195,0.6822314916427272,0.09747325877405263,0.0,0.0,0.0,0.0,0.0,0.0
powerout_Transit,Power Outage,Taking public transit,2381,Transit Access,Low,High,FALSE,0.2202952495832195,0.6822314916427272,0.09747325877405263,0.2202952495832195,0.6822314916427272,0.09747325877405263,0.0,0.0,0.0,0.0,0.0,0.0
powerout_Transit,Power Outage,Taking public transit,2381,Walkability Index,Very low,Low,FALSE,0.2202952495832195,0.6822314916427272,0.09747325877405263,0.2202952495832195,0.6822314916427272,0.09747325877405263,0.0,0.0,0.0,0.0,0.0,0.0
powerout_Transit,Power Outage,Taking public transit,2381,Walkability Index,Very low,High,FALSE,0.2202952495832195,0.6822314916427272,0.09747325877405263,0.2202952495832195,0.6822314916427272,0.09747325877405263,0.0,0.0,0.0,0.0,0.0,0.0
powerout_Transit,Power Outage,Taking public transit,2381,Walkability Index,Very low,Very high,FALSE,0.2202952495832195,0.6822314916427272,0.09747325877405263,0.2202952495832195,0.6822314916427272,0.09747325877405263,0.0,0.0,0.0,0.0,0.0,0.0
powerout_Transit,Power Outage,Taking public transit,2381,Employment status,Worker,Non-worker,FALSE,0.2202952495832195,0.6822314916427272,0.09747325877405263,0.2202952495832195,0.6822314916427272,0.09747325877405263,0.0,0.0,0.0,0.0,0.0,0.0
powerout_Transit,Power Outage,Taking public transit,2381,Race,Other race,White,FALSE,0.2202952495832195,0.6822314916427272,0.09747325877405263,0.2202952495832195,0.6822314916427272,0.09747325877405263,0.0,0.0,0.0,0.0,0.0,0.0
powerout_Transit,Power Outage,Taking public transit,2381,Race,Other race,Black,FALSE,0.2202952495832195,0.6822314916427272,0.09747325877405263,0.2202952495832195,0.6822314916427272,0.09747325877405263,0.0,0.0,0.0,0.0,0.0,0.0
powerout_Transit,Power Outage,Taking public transit,2381,Race,Other race,Asian,FALSE,0.2202952495832195,0.6822314916427272,0.09747325877405263,0.2202952495832195,0.6822314916427272,0.09747325877405263,0.0,0.0,0.0,0.0,0.0,0.0
powerout_Transit,Power Outage,Taking public transit,2381,Hispanic,Not Hispanic,Hispanic,TRUE,0.2158411486511692,0.6841796140148878,0.09997923733394336,0.2800942380017138,0.6510195669229523,0.06888619507533437,0.0642530893505446,-0.03316004709193554,-0.03109304225860898,29.76869320427264,-4.846687392123025,-31.09949934380302
powerout_Transit,Power Outage,Taking public transit,2381,Education (edu_bs),edu_bs = 0,edu_bs = 1,FALSE,0.2202952495832195,0.6822314916427272,0.09747325877405263,0.2202952495832195,0.6822314916427272,0.09747325877405263,0.0,0.0,0.0,0.0,0.0,0.0
powerout_Transit,Power Outage,Taking public transit,2381,Education (bs_grad),bs_grad = 0,bs_grad = 1,FALSE,0.2202952495832195,0.6822314916427272,0.09747325877405263,0.2202952495832195,0.6822314916427272,0.09747325877405263,0.0,0.0,0.0,0.0,0.0,0.0
powerout_Transit,Power Outage,Taking public transit,2381,Telecommute (tcom_no),tcom_no = 0,tcom_no = 1,FALSE,0.2202952495832195,0.6822314916427272,0.09747325877405263,0.2202952495832195,0.6822314916427272,0.09747325877405263,0.0,0.0,0.0,0.0,0.0,0.0
powerout_Transit,Power Outage,Taking public transit,2381,Air conditioning (ac_c),ac_c = 0,ac_c = 1,FALSE,0.2202952495832195,0.6822314916427272,0.09747325877405263,0.2202952495832195,0.6822314916427272,0.09747325877405263,0.0,0.0,0.0,0.0,0.0,0.0
powerout_Transit,Power Outage,Taking public transit,2381,Employment Density,Low,Medium,FALSE,0.2202952495832195,0.6822314916427272,0.09747325877405263,0.2202952495832195,0.6822314916427272,0.09747325877405263,0.0,0.0,0.0,0.0,0.0,0.0
powerout_Transit,Power Outage,Taking public transit,2381,Employment Density,Low,High,FALSE,0.2202952495832195,0.6822314916427272,0.09747325877405263,0.2202952495832195,0.6822314916427272,0.09747325877405263,0.0,0.0,0.0,0.0,0.0,0.0
powerout_Transit,Power Outage,Taking public transit,2381,Land-use Diversity,Not high,High,FALSE,0.2202952495832195,0.6822314916427272,0.09747325877405263,0.2202952495832195,0.6822314916427272,0.09747325877405263,0.0,0.0,0.0,0.0,0.0,0.0
powerout_Transit,Power Outage,Taking public transit,2381,Network Density,Low,Medium,FALSE,0.2202952495832195,0.6822314916427272,0.09747325877405263,0.2202952495832195,0.6822314916427272,0.09747325877405263,0.0,0.0,0.0,0.0,0.0,0.0
powerout_Transit,Power Outage,Taking public transit,2381,Network Density,Low,High,FALSE,0.2202952495832195,0.6822314916427272,0.09747325877405263,0.2202952495832195,0.6822314916427272,0.09747325877405263,0.0,0.0,0.0,0.0,0.0,0.0
powerout_Transit,Power Outage,Taking public transit,2381,Community Resilience,Current value,1 Unit Increase*,TRUE,0.2202952495832195,0.6822314916427272,0.09747325877405263,0.201001098415452,0.6895793011810448,0.1094196004035021,-0.0192941511677675,0.007347809538317596,0.01194634162944949,-8.758314672817706,1.077025852416311,12.25601952751128
powerout_Transit,Power Outage,Taking public transit,2381,Social Engagement,Current value,1 Unit Increase*,TRUE,0.2202952495832195,0.6822314916427272,0.09747325877405263,0.2042340878444872,0.6884652819699262,0.107300630185586,-0.01606116173873234,0.006233790327198951,0.009827371411533406,-7.29074356760699,0.9137353528182599,10.08212050682915
powerout_Transit,Power Outage,Taking public transit,2381,Personal Resilience,Current value,1 Unit Increase*,TRUE,0.2202952495832195,0.6822314916427272,0.09747325877405263,0.2358882109031289,0.6751839049961124,0.08892788410075712,0.01559296131990937,-0.007047586646614867,-0.008545374673295511,7.078210424151209,-1.033019837540066,-8.766891330784448
powerout_Usual,Power Outage,Go about business as usual,2381,Gender,Male,Female,TRUE,0.2760764939890387,0.225431499297205,0.4984920067137555,0.3149686214057305,0.2313521055628279,0.4536792730314412,0.03889212741669179,0.00592060626562288,-0.04481273368231431,14.08744614752894,2.626343826874546,-8.989659428590741
powerout_Usual,Power Outage,Go about business as usual,2381,Age Group,18-30,31-50,FALSE,0.2584388172921175,0.2214631825413148,0.5200980001665669,0.2584388172921175,0.2214631825413148,0.5200980001665669,0.0,0.0,0.0,0.0,0.0,0.0
powerout_Usual,Power Outage,Go about business as usual,2381,Age Group,18-30,51-65,TRUE,0.2584388172921175,0.2214631825413148,0.5200980001665669,0.29710035463469,0.2287563440715752,0.4741433012937338,0.03866153734257249,0.007293161530260328,-0.0459546988728331,14.95964799238063,3.293171102560021,-8.835776883994097
powerout_Usual,Power Outage,Go about business as usual,2381,Age Group,18-30,65+,TRUE,0.2584388172921175,0.2214631825413148,0.5200980001665669,0.3607684925411946,0.2344511380891648,0.4047803693696422,0.1023296752490772,0.01298795554784998,-0.1153176307969248,39.59531943431404,5.86461162474581,-22.17228883018067
powerout_Usual,Power Outage,Go about business as usual,2381,Household Income,Less than $50k,$50k-$100k,TRUE,0.3056327722433086,0.2299892487021312,0.4643779790545594,0.3145681259989944,0.2310946642952739,0.4543372097057314,0.008935353755685715,0.001105415593142672,-0.01004076934882792,2.923558782685924,0.480637942591109,-2.16219756356023
powerout_Usual,Power Outage,Go about business as usual,2381,Household Income,Less than $50k,$100k or higher,TRUE,0.3056327722433086,0.2299892487021312,0.4643779790545594,0.2628886995985695,0.2224879796404573,0.5146233207609724,-0.04274407264473912,-0.007501269061673949,0.05024534170641304,-13.98543498166203,-3.261573792690265,10.81992341857144
powerout_Usual,Power Outage,Go about business as usual,2381,Household Size,3+ persons,1 person,FALSE,0.2991396611245269,0.228350613215693,0.4725097256597791,0.2991396611245269,0.228350613215693,0.4725097256597791,0.0,0.0,0.0,0.0,0.0,0.0
powerout_Usual,Power Outage,Go about business as usual,2381,Household Size,3+ persons,2 persons,FALSE,0.2991396611245269,0.228350613215693,0.4725097256597791,0.2991396611245269,0.228350613215693,0.4725097256597791,0.0,0.0,0.0,0.0,0.0,0.0
powerout_Usual,Power Outage,Go about business as usual,2381,Child in household,No child,Has child,FALSE,0.2991396611245269,0.228350613215693,0.4725097256597791,0.2991396611245269,0.228350613215693,0.4725097256597791,0.0,0.0,0.0,0.0,0.0,0.0
powerout_Usual,Power Outage,Go about business as usual,2381,Disability,No disability,Has disability,FALSE,0.2991396611245269,0.228350613215693,0.4725097256597791,0.2991396611245269,0.228350613215693,0.4725097256597791,0.0,0.0,0.0,0.0,0.0,0.0
powerout_Usual,Power Outage,Go about business as usual,2381,Works outdoors,No,Yes,TRUE,0.3031997651605214,0.22964277884506,0.4671574559944183,0.2075970069883477,0.2065513664867287,0.585851626524923,-0.09560275817217367,-0.02309141235833126,0.1186941705305047,-31.53127711743419,-10.0553618426256,25.40774400739156
powerout_Usual,Power Outage,Go about business as usual,2381,Zero-vehicle HH,Has vehicle,Zero vehicle,FALSE,0.2991396611245269,0.228350613215693,0.4725097256597791,0.2991396611245269,0.228350613215693,0.4725097256597791,0.0,0.0,0.0,0.0,0.0,0.0
powerout_Usual,Power Outage,Go about business as usual,2381,Stand-alone house,Not stand-alone,Stand-alone house,FALSE,0.2991396611245269,0.228350613215693,0.4725097256597791,0.2991396611245269,0.228350613215693,0.4725097256597791,0.0,0.0,0.0,0.0,0.0,0.0
powerout_Usual,Power Outage,Go about business as usual,2381,Rural,Not rural,Rural,TRUE,0.3033615862479603,0.2290457628785404,0.4675926508734989,0.2518628282177407,0.2192826259362436,0.5288545458460148,-0.05149875803021958,-0.009763136942296802,0.06126189497251588,-16.97603136480364,-4.262526763035581,13.10155214331833
powerout_Usual,Power Outage,Go about business as usual,2381,Population Density,Low,Medium,FALSE,0.3069509208688412,0.2296136306943048,0.4634354484368539,0.3069509208688412,0.2296136306943048,0.4634354484368539,0.0,0.0,0.0,0.0,0.0,0.0
powerout_Usual,Power Outage,Go about business as usual,2381,Population Density,Low,High,TRUE,0.3069509208688412,0.2296136306943048,0.4634354484368539,0.2816830706287902,0.2257101619997021,0.4926067673715078,-0.02526785024005102,-0.003903468694602619,0.02917131893465386,-8.231886116688948,-1.700016102179703,6.294580838183042
powerout_Usual,Power Outage,Go about business as usual,2381,Transit Access,Low,Medium,FALSE,0.2991396611245269,0.228350613215693,0.4725097256597791,0.2991396611245269,0.228350613215693,0.4725097256597791,0.0,0.0,0.0,0.0,0.0,0.0
powerout_Usual,Power Outage,Go about business as usual,2381,Transit Access,Low,High,FALSE,0.2991396611245269,0.228350613215693,0.4725097256597791,0.2991396611245269,0.228350613215693,0.4725097256597791,0.0,0.0,0.0,0.0,0.0,0.0
powerout_Usual,Power Outage,Go about business as usual,2381,Walkability Index,Very low,Low,FALSE,0.2991396611245269,0.228350613215693,0.4725097256597791,0.2991396611245269,0.228350613215693,0.4725097256597791,0.0,0.0,0.0,0.0,0.0,0.0
powerout_Usual,Power Outage,Go about business as usual,2381,Walkability Index,Very low,High,FALSE,0.2991396611245269,0.228350613215693,0.4725097256597791,0.2991396611245269,0.228350613215693,0.4725097256597791,0.0,0.0,0.0,0.0,0.0,0.0
powerout_Usual,Power Outage,Go about business as usual,2381,Walkability Index,Very low,Very high,FALSE,0.2991396611245269,0.228350613215693,0.4725097256597791,0.2991396611245269,0.228350613215693,0.4725097256597791,0.0,0.0,0.0,0.0,0.0,0.0
powerout_Usual,Power Outage,Go about business as usual,2381,Employment status,Worker,Non-worker,FALSE,0.2991396611245269,0.228350613215693,0.4725097256597791,0.2991396611245269,0.228350613215693,0.4725097256597791,0.0,0.0,0.0,0.0,0.0,0.0
powerout_Usual,Power Outage,Go about business as usual,2381,Race,Other race,White,FALSE,0.2991396611245269,0.228350613215693,0.4725097256597791,0.2991396611245269,0.228350613215693,0.4725097256597791,0.0,0.0,0.0,0.0,0.0,0.0
powerout_Usual,Power Outage,Go about business as usual,2381,Race,Other race,Black,FALSE,0.2991396611245269,0.228350613215693,0.4725097256597791,0.2991396611245269,0.228350613215693,0.4725097256597791,0.0,0.0,0.0,0.0,0.0,0.0
powerout_Usual,Power Outage,Go about business as usual,2381,Race,Other race,Asian,FALSE,0.2991396611245269,0.228350613215693,0.4725097256597791,0.2991396611245269,0.228350613215693,0.4725097256597791,0.0,0.0,0.0,0.0,0.0,0.0
powerout_Usual,Power Outage,Go about business as usual,2381,Hispanic,Not Hispanic,Hispanic,FALSE,0.2991396611245269,0.228350613215693,0.4725097256597791,0.2991396611245269,0.228350613215693,0.4725097256597791,0.0,0.0,0.0,0.0,0.0,0.0
powerout_Usual,Power Outage,Go about business as usual,2381,Education (edu_bs),edu_bs = 0,edu_bs = 1,FALSE,0.2991396611245269,0.228350613215693,0.4725097256597791,0.2991396611245269,0.228350613215693,0.4725097256597791,0.0,0.0,0.0,0.0,0.0,0.0
powerout_Usual,Power Outage,Go about business as usual,2381,Education (bs_grad),bs_grad = 0,bs_grad = 1,FALSE,0.2991396611245269,0.228350613215693,0.4725097256597791,0.2991396611245269,0.228350613215693,0.4725097256597791,0.0,0.0,0.0,0.0,0.0,0.0
powerout_Usual,Power Outage,Go about business as usual,2381,Telecommute (tcom_no),tcom_no = 0,tcom_no = 1,FALSE,0.2991396611245269,0.228350613215693,0.4725097256597791,0.2991396611245269,0.228350613215693,0.4725097256597791,0.0,0.0,0.0,0.0,0.0,0.0
powerout_Usual,Power Outage,Go about business as usual,2381,Air conditioning (ac_c),ac_c = 0,ac_c = 1,FALSE,0.2991396611245269,0.228350613215693,0.4725097256597791,0.2991396611245269,0.228350613215693,0.4725097256597791,0.0,0.0,0.0,0.0,0.0,0.0
powerout_Usual,Power Outage,Go about business as usual,2381,Employment Density,Low,Medium,FALSE,0.2991396611245269,0.228350613215693,0.4725097256597791,0.2991396611245269,0.228350613215693,0.4725097256597791,0.0,0.0,0.0,0.0,0.0,0.0
powerout_Usual,Power Outage,Go about business as usual,2381,Employment Density,Low,High,FALSE,0.2991396611245269,0.228350613215693,0.4725097256597791,0.2991396611245269,0.228350613215693,0.4725097256597791,0.0,0.0,0.0,0.0,0.0,0.0
powerout_Usual,Power Outage,Go about business as usual,2381,Land-use Diversity,Not high,High,FALSE,0.2991396611245269,0.228350613215693,0.4725097256597791,0.2991396611245269,0.228350613215693,0.4725097256597791,0.0,0.0,0.0,0.0,0.0,0.0
powerout_Usual,Power Outage,Go about business as usual,2381,Network Density,Low,Medium,FALSE,0.2991396611245269,0.228350613215693,0.4725097256597791,0.2991396611245269,0.228350613215693,0.4725097256597791,0.0,0.0,0.0,0.0,0.0,0.0
powerout_Usual,Power Outage,Go about business as usual,2381,Network Density,Low,High,FALSE,0.2991396611245269,0.228350613215693,0.4725097256597791,0.2991396611245269,0.228350613215693,0.4725097256597791,0.0,0.0,0.0,0.0,0.0,0.0
powerout_Usual,Power Outage,Go about business as usual,2381,Community Resilience,Current value,1 Unit Increase*,TRUE,0.2991396611245269,0.228350613215693,0.4725097256597791,0.2721713164243358,0.2237077836104115,0.5041208999652528,-0.02696834470019116,-0.004642829605281507,0.03161117430547367,-9.015302283492485,-2.033202162192589,6.69005791602153
powerout_Usual,Power Outage,Go about business as usual,2381,Social Engagement,Current value,1 Unit Increase*,TRUE,0.2991396611245269,0.228350613215693,0.4725097256597791,0.2673503631455754,0.2227169683835208,0.5099326684709038,-0.03178929797895153,-0.005633644832172185,0.03742294281112468,-10.62690846792066,-2.467103001317897,7.920036515411388
powerout_Usual,Power Outage,Go about business as usual,2381,Personal Resilience,Current value,1 Unit Increase*,TRUE,0.2991396611245269,0.228350613215693,0.4725097256597791,0.2710913320102386,0.2234902046579018,0.5054184633318598,-0.02804832911428834,-0.004860408557791185,0.03290873767208069,-9.376332449147316,-2.128485003541546,6.96466884911824
earthquake_Car,Earthquakes,Using a car for traveling,611,Gender,Male,Female,TRUE,0.2695869278966264,0.541266593572435,0.1891464785309386,0.3436626857899203,0.5190588911459763,0.1372784230641034,0.07407575789329385,-0.02220770242645875,-0.05186805546683526,27.47750362795718,-4.102913922672526,-27.42216290236205
earthquake_Car,Earthquakes,Using a car for traveling,611,Age Group,18-30,31-50,FALSE,0.2333689305003345,0.5526502501825169,0.2139808193171486,0.2333689305003345,0.5526502501825169,0.2139808193171486,0.0,0.0,0.0,0.0,0.0,0.0
earthquake_Car,Earthquakes,Using a car for traveling,611,Age Group,18-30,51-65,TRUE,0.2333689305003345,0.5526502501825169,0.2139808193171486,0.3574586701800381,0.5185026403604549,0.1240386894595074,0.1240897396797035,-0.034147609822062,-0.08994212985764118,53.17320493934632,-6.178882541134198,-42.03280001668502
earthquake_Car,Earthquakes,Using a car for traveling,611,Age Group,18-30,65+,TRUE,0.2333689305003345,0.5526502501825169,0.2139808193171486,0.4027826493463266,0.4959036197639337,0.1013137308897397,0.169413718845992,-0.05674663041858324,-0.1126670884274089,72.59480449380095,-10.26809096708854,-52.65289140725319
earthquake_Car,Earthquakes,Using a car for traveling,611,Household Income,Less than $50k,$50k-$100k,FALSE,0.3079637102972488,0.526852774205796,0.165183515496955,0.3079637102972488,0.526852774205796,0.165183515496955,0.0,0.0,0.0,0.0,0.0,0.0
earthquake_Car,Earthquakes,Using a car for traveling,611,Household Income,Less than $50k,$100k or higher,FALSE,0.3079637102972488,0.526852774205796,0.165183515496955,0.3079637102972488,0.526852774205796,0.165183515496955,0.0,0.0,0.0,0.0,0.0,0.0
earthquake_Car,Earthquakes,Using a car for traveling,611,Household Size,3+ persons,1 person,TRUE,0.3262144078396212,0.5208460144309432,0.1529395777294358,0.254732476439765,0.5377155066363023,0.2075520169239324,-0.07148193139985615,0.01686949220535905,0.05461243919449657,-21.91256108926962,3.238863644524576,35.70850659147954
earthquake_Car,Earthquakes,Using a car for traveling,611,Household Size,3+ persons,2 persons,FALSE,0.3262144078396212,0.5208460144309432,0.1529395777294358,0.3262144078396212,0.5208460144309432,0.1529395777294358,0.0,0.0,0.0,0.0,0.0,0.0
earthquake_Car,Earthquakes,Using a car for traveling,611,Child in household,No child,Has child,FALSE,0.3079637102972488,0.526852774205796,0.165183515496955,0.3079637102972488,0.526852774205796,0.165183515496955,0.0,0.0,0.0,0.0,0.0,0.0
earthquake_Car,Earthquakes,Using a car for traveling,611,Disability,No disability,Has disability,FALSE,0.3079637102972488,0.526852774205796,0.165183515496955,0.3079637102972488,0.526852774205796,0.165183515496955,0.0,0.0,0.0,0.0,0.0,0.0
earthquake_Car,Earthquakes,Using a car for traveling,611,Works outdoors,No,Yes,FALSE,0.3079637102972488,0.526852774205796,0.165183515496955,0.3079637102972488,0.526852774205796,0.165183515496955,0.0,0.0,0.0,0.0,0.0,0.0
earthquake_Car,Earthquakes,Using a car for traveling,611,Zero-vehicle HH,Has vehicle,Zero vehicle,FALSE,0.3079637102972488,0.526852774205796,0.165183515496955,0.3079637102972488,0.526852774205796,0.165183515496955,0.0,0.0,0.0,0.0,0.0,0.0
earthquake_Car,Earthquakes,Using a car for traveling,611,Stand-alone house,Not stand-alone,Stand-alone house,FALSE,0.3079637102972488,0.526852774205796,0.165183515496955,0.3079637102972488,0.526852774205796,0.165183515496955,0.0,0.0,0.0,0.0,0.0,0.0
earthquake_Car,Earthquakes,Using a car for traveling,611,Rural,Not rural,Rural,FALSE,0.3079637102972488,0.526852774205796,0.165183515496955,0.3079637102972488,0.526852774205796,0.165183515496955,0.0,0.0,0.0,0.0,0.0,0.0
earthquake_Car,Earthquakes,Using a car for traveling,611,Population Density,Low,Medium,FALSE,0.3079637102972488,0.526852774205796,0.165183515496955,0.3079637102972488,0.526852774205796,0.165183515496955,0.0,0.0,0.0,0.0,0.0,0.0
earthquake_Car,Earthquakes,Using a car for traveling,611,Population Density,Low,High,FALSE,0.3079637102972488,0.526852774205796,0.165183515496955,0.3079637102972488,0.526852774205796,0.165183515496955,0.0,0.0,0.0,0.0,0.0,0.0
earthquake_Car,Earthquakes,Using a car for traveling,611,Transit Access,Low,Medium,FALSE,0.3079637102972488,0.526852774205796,0.165183515496955,0.3079637102972488,0.526852774205796,0.165183515496955,0.0,0.0,0.0,0.0,0.0,0.0
earthquake_Car,Earthquakes,Using a car for traveling,611,Transit Access,Low,High,FALSE,0.3079637102972488,0.526852774205796,0.165183515496955,0.3079637102972488,0.526852774205796,0.165183515496955,0.0,0.0,0.0,0.0,0.0,0.0
earthquake_Car,Earthquakes,Using a car for traveling,611,Walkability Index,Very low,Low,FALSE,0.3079637102972488,0.526852774205796,0.165183515496955,0.3079637102972488,0.526852774205796,0.165183515496955,0.0,0.0,0.0,0.0,0.0,0.0
earthquake_Car,Earthquakes,Using a car for traveling,611,Walkability Index,Very low,High,FALSE,0.3079637102972488,0.526852774205796,0.165183515496955,0.3079637102972488,0.526852774205796,0.165183515496955,0.0,0.0,0.0,0.0,0.0,0.0
earthquake_Car,Earthquakes,Using a car for traveling,611,Walkability Index,Very low,Very high,FALSE,0.3079637102972488,0.526852774205796,0.165183515496955,0.3079637102972488,0.526852774205796,0.165183515496955,0.0,0.0,0.0,0.0,0.0,0.0
earthquake_Car,Earthquakes,Using a car for traveling,611,Employment status,Worker,Non-worker,FALSE,0.3079637102972488,0.526852774205796,0.165183515496955,0.3079637102972488,0.526852774205796,0.165183515496955,0.0,0.0,0.0,0.0,0.0,0.0
earthquake_Car,Earthquakes,Using a car for traveling,611,Race,Other race,White,FALSE,0.3079637102972488,0.526852774205796,0.165183515496955,0.3079637102972488,0.526852774205796,0.165183515496955,0.0,0.0,0.0,0.0,0.0,0.0
earthquake_Car,Earthquakes,Using a car for traveling,611,Race,Other race,Black,FALSE,0.3079637102972488,0.526852774205796,0.165183515496955,0.3079637102972488,0.526852774205796,0.165183515496955,0.0,0.0,0.0,0.0,0.0,0.0
earthquake_Car,Earthquakes,Using a car for traveling,611,Race,Other race,Asian,FALSE,0.3079637102972488,0.526852774205796,0.165183515496955,0.3079637102972488,0.526852774205796,0.165183515496955,0.0,0.0,0.0,0.0,0.0,0.0
earthquake_Car,Earthquakes,Using a car for traveling,611,Hispanic,Not Hispanic,Hispanic,FALSE,0.3079637102972488,0.526852774205796,0.165183515496955,0.3079637102972488,0.526852774205796,0.165183515496955,0.0,0.0,0.0,0.0,0.0,0.0
earthquake_Car,Earthquakes,Using a car for traveling,611,Education (edu_bs),edu_bs = 0,edu_bs = 1,FALSE,0.3079637102972488,0.526852774205796,0.165183515496955,0.3079637102972488,0.526852774205796,0.165183515496955,0.0,0.0,0.0,0.0,0.0,0.0
earthquake_Car,Earthquakes,Using a car for traveling,611,Education (bs_grad),bs_grad = 0,bs_grad = 1,FALSE,0.3079637102972488,0.526852774205796,0.165183515496955,0.3079637102972488,0.526852774205796,0.165183515496955,0.0,0.0,0.0,0.0,0.0,0.0
earthquake_Car,Earthquakes,Using a car for traveling,611,Telecommute (tcom_no),tcom_no = 0,tcom_no = 1,FALSE,0.3079637102972488,0.526852774205796,0.165183515496955,0.3079637102972488,0.526852774205796,0.165183515496955,0.0,0.0,0.0,0.0,0.0,0.0
earthquake_Car,Earthquakes,Using a car for traveling,611,Air conditioning (ac_c),ac_c = 0,ac_c = 1,FALSE,0.3079637102972488,0.526852774205796,0.165183515496955,0.3079637102972488,0.526852774205796,0.165183515496955,0.0,0.0,0.0,0.0,0.0,0.0
earthquake_Car,Earthquakes,Using a car for traveling,611,Employment Density,Low,Medium,FALSE,0.3079637102972488,0.526852774205796,0.165183515496955,0.3079637102972488,0.526852774205796,0.165183515496955,0.0,0.0,0.0,0.0,0.0,0.0
earthquake_Car,Earthquakes,Using a car for traveling,611,Employment Density,Low,High,FALSE,0.3079637102972488,0.526852774205796,0.165183515496955,0.3079637102972488,0.526852774205796,0.165183515496955,0.0,0.0,0.0,0.0,0.0,0.0
earthquake_Car,Earthquakes,Using a car for traveling,611,Land-use Diversity,Not high,High,FALSE,0.3079637102972488,0.526852774205796,0.165183515496955,0.3079637102972488,0.526852774205796,0.165183515496955,0.0,0.0,0.0,0.0,0.0,0.0
earthquake_Car,Earthquakes,Using a car for traveling,611,Network Density,Low,Medium,FALSE,0.3079637102972488,0.526852774205796,0.165183515496955,0.3079637102972488,0.526852774205796,0.165183515496955,0.0,0.0,0.0,0.0,0.0,0.0
earthquake_Car,Earthquakes,Using a car for traveling,611,Network Density,Low,High,FALSE,0.3079637102972488,0.526852774205796,0.165183515496955,0.3079637102972488,0.526852774205796,0.165183515496955,0.0,0.0,0.0,0.0,0.0,0.0
earthquake_Car,Earthquakes,Using a car for traveling,611,Community Resilience,Current value,1 Unit Increase*,FALSE,0.3079637102972488,0.526852774205796,0.165183515496955,0.3079637102972488,0.526852774205796,0.165183515496955,0.0,0.0,0.0,0.0,0.0,0.0
earthquake_Car,Earthquakes,Using a car for traveling,611,Social Engagement,Current value,1 Unit Increase*,FALSE,0.3079637102972488,0.526852774205796,0.165183515496955,0.3079637102972488,0.526852774205796,0.165183515496955,0.0,0.0,0.0,0.0,0.0,0.0
earthquake_Car,Earthquakes,Using a car for traveling,611,Personal Resilience,Current value,1 Unit Increase*,TRUE,0.3079637102972488,0.526852774205796,0.165183515496955,0.2702992482644699,0.5357098534807733,0.193990898254757,-0.03766446203277896,0.008857079274977253,0.02880738275780206,-12.23016244232963,1.681129854223289,17.43962324033061
earthquake_Home,Earthquakes,Staying at home,611,Gender,Male,Female,FALSE,0.07525604380437319,0.4877466108000011,0.4369973453956257,0.07525604380437319,0.4877466108000011,0.4369973453956257,0.0,0.0,0.0,0.0,0.0,0.0
earthquake_Home,Earthquakes,Staying at home,611,Age Group,18-30,31-50,FALSE,0.07525604380437319,0.4877466108000011,0.4369973453956257,0.07525604380437319,0.4877466108000011,0.4369973453956257,0.0,0.0,0.0,0.0,0.0,0.0
earthquake_Home,Earthquakes,Staying at home,611,Age Group,18-30,51-65,FALSE,0.07525604380437319,0.4877466108000011,0.4369973453956257,0.07525604380437319,0.4877466108000011,0.4369973453956257,0.0,0.0,0.0,0.0,0.0,0.0
earthquake_Home,Earthquakes,Staying at home,611,Age Group,18-30,65+,FALSE,0.07525604380437319,0.4877466108000011,0.4369973453956257,0.07525604380437319,0.4877466108000011,0.4369973453956257,0.0,0.0,0.0,0.0,0.0,0.0
earthquake_Home,Earthquakes,Staying at home,611,Household Income,Less than $50k,$50k-$100k,FALSE,0.07525604380437319,0.4877466108000011,0.4369973453956257,0.07525604380437319,0.4877466108000011,0.4369973453956257,0.0,0.0,0.0,0.0,0.0,0.0
earthquake_Home,Earthquakes,Staying at home,611,Household Income,Less than $50k,$100k or higher,FALSE,0.07525604380437319,0.4877466108000011,0.4369973453956257,0.07525604380437319,0.4877466108000011,0.4369973453956257,0.0,0.0,0.0,0.0,0.0,0.0
earthquake_Home,Earthquakes,Staying at home,611,Household Size,3+ persons,1 person,FALSE,0.07525604380437319,0.4877466108000011,0.4369973453956257,0.07525604380437319,0.4877466108000011,0.4369973453956257,0.0,0.0,0.0,0.0,0.0,0.0
earthquake_Home,Earthquakes,Staying at home,611,Household Size,3+ persons,2 persons,FALSE,0.07525604380437319,0.4877466108000011,0.4369973453956257,0.07525604380437319,0.4877466108000011,0.4369973453956257,0.0,0.0,0.0,0.0,0.0,0.0
earthquake_Home,Earthquakes,Staying at home,611,Child in household,No child,Has child,FALSE,0.07525604380437319,0.4877466108000011,0.4369973453956257,0.07525604380437319,0.4877466108000011,0.4369973453956257,0.0,0.0,0.0,0.0,0.0,0.0
earthquake_Home,Earthquakes,Staying at home,611,Disability,No disability,Has disability,FALSE,0.07525604380437319,0.4877466108000011,0.4369973453956257,0.07525604380437319,0.4877466108000011,0.4369973453956257,0.0,0.0,0.0,0.0,0.0,0.0
earthquake_Home,Earthquakes,Staying at home,611,Works outdoors,No,Yes,FALSE,0.07525604380437319,0.4877466108000011,0.4369973453956257,0.07525604380437319,0.4877466108000011,0.4369973453956257,0.0,0.0,0.0,0.0,0.0,0.0
earthquake_Home,Earthquakes,Staying at home,611,Zero-vehicle HH,Has vehicle,Zero vehicle,FALSE,0.07525604380437319,0.4877466108000011,0.4369973453956257,0.07525604380437319,0.4877466108000011,0.4369973453956257,0.0,0.0,0.0,0.0,0.0,0.0
earthquake_Home,Earthquakes,Staying at home,611,Stand-alone house,Not stand-alone,Stand-alone house,FALSE,0.07525604380437319,0.4877466108000011,0.4369973453956257,0.07525604380437319,0.4877466108000011,0.4369973453956257,0.0,0.0,0.0,0.0,0.0,0.0
earthquake_Home,Earthquakes,Staying at home,611,Rural,Not rural,Rural,FALSE,0.07525604380437319,0.4877466108000011,0.4369973453956257,0.07525604380437319,0.4877466108000011,0.4369973453956257,0.0,0.0,0.0,0.0,0.0,0.0
earthquake_Home,Earthquakes,Staying at home,611,Population Density,Low,Medium,FALSE,0.07525604380437319,0.4877466108000011,0.4369973453956257,0.07525604380437319,0.4877466108000011,0.4369973453956257,0.0,0.0,0.0,0.0,0.0,0.0
earthquake_Home,Earthquakes,Staying at home,611,Population Density,Low,High,FALSE,0.07525604380437319,0.4877466108000011,0.4369973453956257,0.07525604380437319,0.4877466108000011,0.4369973453956257,0.0,0.0,0.0,0.0,0.0,0.0
earthquake_Home,Earthquakes,Staying at home,611,Transit Access,Low,Medium,FALSE,0.07525604380437319,0.4877466108000011,0.4369973453956257,0.07525604380437319,0.4877466108000011,0.4369973453956257,0.0,0.0,0.0,0.0,0.0,0.0
earthquake_Home,Earthquakes,Staying at home,611,Transit Access,Low,High,FALSE,0.07525604380437319,0.4877466108000011,0.4369973453956257,0.07525604380437319,0.4877466108000011,0.4369973453956257,0.0,0.0,0.0,0.0,0.0,0.0
earthquake_Home,Earthquakes,Staying at home,611,Walkability Index,Very low,Low,FALSE,0.07525604380437319,0.4877466108000011,0.4369973453956257,0.07525604380437319,0.4877466108000011,0.4369973453956257,0.0,0.0,0.0,0.0,0.0,0.0
earthquake_Home,Earthquakes,Staying at home,611,Walkability Index,Very low,High,FALSE,0.07525604380437319,0.4877466108000011,0.4369973453956257,0.07525604380437319,0.4877466108000011,0.4369973453956257,0.0,0.0,0.0,0.0,0.0,0.0
earthquake_Home,Earthquakes,Staying at home,611,Walkability Index,Very low,Very high,FALSE,0.07525604380437319,0.4877466108000011,0.4369973453956257,0.07525604380437319,0.4877466108000011,0.4369973453956257,0.0,0.0,0.0,0.0,0.0,0.0
earthquake_Home,Earthquakes,Staying at home,611,Employment status,Worker,Non-worker,TRUE,0.08764378429560911,0.5101685950341153,0.4021876206702755,0.05778378202161462,0.4540005823414516,0.4882156356369342,-0.02986000227399449,-0.05616801269266369,0.08602801496665868,-34.06973182865,-11.00969625323717,21.39002061358493
earthquake_Home,Earthquakes,Staying at home,611,Race,Other race,White,TRUE,0.1010132651971561,0.5300268847545845,0.3689598500482565,0.07174941590927247,0.48685637208023,0.4413942120104983,-0.02926384928788359,-0.04317051267435446,0.07243436196224173,-28.9703032871642,-8.144966588693602,19.63204450369545
earthquake_Home,Earthquakes,Staying at home,611,Race,Other race,Black,FALSE,0.1010132651971561,0.5300268847545845,0.3689598500482565,0.1010132651971561,0.5300268847545845,0.3689598500482565,0.0,0.0,0.0,0.0,0.0,0.0
earthquake_Home,Earthquakes,Staying at home,611,Race,Other race,Asian,TRUE,0.1010132651971561,0.5300268847545845,0.3689598500482565,0.0333185904591906,0.3780768589421258,0.5886045505986864,-0.06769467473796545,-0.1519500258124586,0.2196447005504299,-67.01562869573623,-28.66836196107585,59.53078648576597
earthquake_Home,Earthquakes,Staying at home,611,Hispanic,Not Hispanic,Hispanic,FALSE,0.07525604380437319,0.4877466108000011,0.4369973453956257,0.07525604380437319,0.4877466108000011,0.4369973453956257,0.0,0.0,0.0,0.0,0.0,0.0
earthquake_Home,Earthquakes,Staying at home,611,Education (edu_bs),edu_bs = 0,edu_bs = 1,FALSE,0.07525604380437319,0.4877466108000011,0.4369973453956257,0.07525604380437319,0.4877466108000011,0.4369973453956257,0.0,0.0,0.0,0.0,0.0,0.0
earthquake_Home,Earthquakes,Staying at home,611,Education (bs_grad),bs_grad = 0,bs_grad = 1,FALSE,0.07525604380437319,0.4877466108000011,0.4369973453956257,0.07525604380437319,0.4877466108000011,0.4369973453956257,0.0,0.0,0.0,0.0,0.0,0.0
earthquake_Home,Earthquakes,Staying at home,611,Telecommute (tcom_no),tcom_no = 0,tcom_no = 1,FALSE,0.07525604380437319,0.4877466108000011,0.4369973453956257,0.07525604380437319,0.4877466108000011,0.4369973453956257,0.0,0.0,0.0,0.0,0.0,0.0
earthquake_Home,Earthquakes,Staying at home,611,Air conditioning (ac_c),ac_c = 0,ac_c = 1,FALSE,0.07525604380437319,0.4877466108000011,0.4369973453956257,0.07525604380437319,0.4877466108000011,0.4369973453956257,0.0,0.0,0.0,0.0,0.0,0.0
earthquake_Home,Earthquakes,Staying at home,611,Employment Density,Low,Medium,FALSE,0.07525604380437319,0.4877466108000011,0.4369973453956257,0.07525604380437319,0.4877466108000011,0.4369973453956257,0.0,0.0,0.0,0.0,0.0,0.0
earthquake_Home,Earthquakes,Staying at home,611,Employment Density,Low,High,FALSE,0.07525604380437319,0.4877466108000011,0.4369973453956257,0.07525604380437319,0.4877466108000011,0.4369973453956257,0.0,0.0,0.0,0.0,0.0,0.0
earthquake_Home,Earthquakes,Staying at home,611,Land-use Diversity,Not high,High,FALSE,0.07525604380437319,0.4877466108000011,0.4369973453956257,0.07525604380437319,0.4877466108000011,0.4369973453956257,0.0,0.0,0.0,0.0,0.0,0.0
earthquake_Home,Earthquakes,Staying at home,611,Network Density,Low,Medium,FALSE,0.07525604380437319,0.4877466108000011,0.4369973453956257,0.07525604380437319,0.4877466108000011,0.4369973453956257,0.0,0.0,0.0,0.0,0.0,0.0
earthquake_Home,Earthquakes,Staying at home,611,Network Density,Low,High,FALSE,0.07525604380437319,0.4877466108000011,0.4369973453956257,0.07525604380437319,0.4877466108000011,0.4369973453956257,0.0,0.0,0.0,0.0,0.0,0.0
earthquake_Home,Earthquakes,Staying at home,611,Community Resilience,Current value,1 Unit Increase*,FALSE,0.07525604380437319,0.4877466108000011,0.4369973453956257,0.07525604380437319,0.4877466108000011,0.4369973453956257,0.0,0.0,0.0,0.0,0.0,0.0
earthquake_Home,Earthquakes,Staying at home,611,Social Engagement,Current value,1 Unit Increase*,FALSE,0.07525604380437319,0.4877466108000011,0.4369973453956257,0.07525604380437319,0.4877466108000011,0.4369973453956257,0.0,0.0,0.0,0.0,0.0,0.0
earthquake_Home,Earthquakes,Staying at home,611,Personal Resilience,Current value,1 Unit Increase*,FALSE,0.07525604380437319,0.4877466108000011,0.4369973453956257,0.07525604380437319,0.4877466108000011,0.4369973453956257,0.0,0.0,0.0,0.0,0.0,0.0
earthquake_Transit,Earthquakes,Taking public transit,611,Gender,Male,Female,TRUE,0.2065117531709104,0.6084174245089322,0.1850708223201576,0.2652432546010099,0.5961045029161779,0.1386522424828125,0.05873150143009953,-0.01231292159275432,-0.04641857983734513,28.43978636968569,-2.023762156827176,-25.08152244390243
earthquake_Transit,Earthquakes,Taking public transit,611,Age Group,18-30,31-50,FALSE,0.2356047752315489,0.6026161852071508,0.1617790395613005,0.2356047752315489,0.6026161852071508,0.1617790395613005,0.0,0.0,0.0,0.0,0.0,0.0
earthquake_Transit,Earthquakes,Taking public transit,611,Age Group,18-30,51-65,FALSE,0.2356047752315489,0.6026161852071508,0.1617790395613005,0.2356047752315489,0.6026161852071508,0.1617790395613005,0.0,0.0,0.0,0.0,0.0,0.0
earthquake_Transit,Earthquakes,Taking public transit,611,Age Group,18-30,65+,FALSE,0.2356047752315489,0.6026161852071508,0.1617790395613005,0.2356047752315489,0.6026161852071508,0.1617790395613005,0.0,0.0,0.0,0.0,0.0,0.0
earthquake_Transit,Earthquakes,Taking public transit,611,Household Income,Less than $50k,$50k-$100k,FALSE,0.2356047752315489,0.6026161852071508,0.1617790395613005,0.2356047752315489,0.6026161852071508,0.1617790395613005,0.0,0.0,0.0,0.0,0.0,0.0
earthquake_Transit,Earthquakes,Taking public transit,611,Household Income,Less than $50k,$100k or higher,FALSE,0.2356047752315489,0.6026161852071508,0.1617790395613005,0.2356047752315489,0.6026161852071508,0.1617790395613005,0.0,0.0,0.0,0.0,0.0,0.0
earthquake_Transit,Earthquakes,Taking public transit,611,Household Size,3+ persons,1 person,TRUE,0.2559056151544354,0.6005662037333345,0.14352818111223,0.1725044281430538,0.6091331687665106,0.2183624030904359,-0.08340118701138158,0.00856696503317611,0.07483422197820597,-32.59060453247583,1.426481373730455,52.13904433143365
earthquake_Transit,Earthquakes,Taking public transit,611,Household Size,3+ persons,2 persons,FALSE,0.2559056151544354,0.6005662037333345,0.14352818111223,0.2559056151544354,0.6005662037333345,0.14352818111223,0.0,0.0,0.0,0.0,0.0,0.0
earthquake_Transit,Earthquakes,Taking public transit,611,Child in household,No child,Has child,FALSE,0.2356047752315489,0.6026161852071508,0.1617790395613005,0.2356047752315489,0.6026161852071508,0.1617790395613005,0.0,0.0,0.0,0.0,0.0,0.0
earthquake_Transit,Earthquakes,Taking public transit,611,Disability,No disability,Has disability,FALSE,0.2356047752315489,0.6026161852071508,0.1617790395613005,0.2356047752315489,0.6026161852071508,0.1617790395613005,0.0,0.0,0.0,0.0,0.0,0.0
earthquake_Transit,Earthquakes,Taking public transit,611,Works outdoors,No,Yes,FALSE,0.2356047752315489,0.6026161852071508,0.1617790395613005,0.2356047752315489,0.6026161852071508,0.1617790395613005,0.0,0.0,0.0,0.0,0.0,0.0
earthquake_Transit,Earthquakes,Taking public transit,611,Zero-vehicle HH,Has vehicle,Zero vehicle,FALSE,0.2356047752315489,0.6026161852071508,0.1617790395613005,0.2356047752315489,0.6026161852071508,0.1617790395613005,0.0,0.0,0.0,0.0,0.0,0.0
earthquake_Transit,Earthquakes,Taking public transit,611,Stand-alone house,Not stand-alone,Stand-alone house,FALSE,0.2356047752315489,0.6026161852071508,0.1617790395613005,0.2356047752315489,0.6026161852071508,0.1617790395613005,0.0,0.0,0.0,0.0,0.0,0.0
earthquake_Transit,Earthquakes,Taking public transit,611,Rural,Not rural,Rural,FALSE,0.2356047752315489,0.6026161852071508,0.1617790395613005,0.2356047752315489,0.6026161852071508,0.1617790395613005,0.0,0.0,0.0,0.0,0.0,0.0
earthquake_Transit,Earthquakes,Taking public transit,611,Population Density,Low,Medium,FALSE,0.2356047752315489,0.6026161852071508,0.1617790395613005,0.2356047752315489,0.6026161852071508,0.1617790395613005,0.0,0.0,0.0,0.0,0.0,0.0
earthquake_Transit,Earthquakes,Taking public transit,611,Population Density,Low,High,FALSE,0.2356047752315489,0.6026161852071508,0.1617790395613005,0.2356047752315489,0.6026161852071508,0.1617790395613005,0.0,0.0,0.0,0.0,0.0,0.0
earthquake_Transit,Earthquakes,Taking public transit,611,Transit Access,Low,Medium,FALSE,0.2356047752315489,0.6026161852071508,0.1617790395613005,0.2356047752315489,0.6026161852071508,0.1617790395613005,0.0,0.0,0.0,0.0,0.0,0.0
earthquake_Transit,Earthquakes,Taking public transit,611,Transit Access,Low,High,FALSE,0.2356047752315489,0.6026161852071508,0.1617790395613005,0.2356047752315489,0.6026161852071508,0.1617790395613005,0.0,0.0,0.0,0.0,0.0,0.0
earthquake_Transit,Earthquakes,Taking public transit,611,Walkability Index,Very low,Low,FALSE,0.2356047752315489,0.6026161852071508,0.1617790395613005,0.2356047752315489,0.6026161852071508,0.1617790395613005,0.0,0.0,0.0,0.0,0.0,0.0
earthquake_Transit,Earthquakes,Taking public transit,611,Walkability Index,Very low,High,FALSE,0.2356047752315489,0.6026161852071508,0.1617790395613005,0.2356047752315489,0.6026161852071508,0.1617790395613005,0.0,0.0,0.0,0.0,0.0,0.0
earthquake_Transit,Earthquakes,Taking public transit,611,Walkability Index,Very low,Very high,FALSE,0.2356047752315489,0.6026161852071508,0.1617790395613005,0.2356047752315489,0.6026161852071508,0.1617790395613005,0.0,0.0,0.0,0.0,0.0,0.0
earthquake_Transit,Earthquakes,Taking public transit,611,Employment status,Worker,Non-worker,TRUE,0.2041689448268847,0.6068701098758935,0.1889609452972212,0.2856128612603872,0.5875518229295823,0.1268353158100307,0.08144391643350246,-0.01931828694631121,-0.06212562948719044,39.8904527339155,-3.183265517931317,-32.87749719365108
earthquake_Transit,Earthquakes,Taking public transit,611,Race,Other race,White,FALSE,0.2356047752315489,0.6026161852071508,0.1617790395613005,0.2356047752315489,0.6026161852071508,0.1617790395613005,0.0,0.0,0.0,0.0,0.0,0.0
earthquake_Transit,Earthquakes,Taking public transit,611,Race,Other race,Black,FALSE,0.2356047752315489,0.6026161852071508,0.1617790395613005,0.2356047752315489,0.6026161852071508,0.1617790395613005,0.0,0.0,0.0,0.0,0.0,0.0
earthquake_Transit,Earthquakes,Taking public transit,611,Race,Other race,Asian,FALSE,0.2356047752315489,0.6026161852071508,0.1617790395613005,0.2356047752315489,0.6026161852071508,0.1617790395613005,0.0,0.0,0.0,0.0,0.0,0.0
earthquake_Transit,Earthquakes,Taking public transit,611,Hispanic,Not Hispanic,Hispanic,TRUE,0.2461407399072098,0.6041429083779518,0.1497163517148386,0.1476190628600596,0.6037404575483204,0.2486404795916201,-0.09852167704715023,-0.0004024508296314178,0.09892412787678145,-40.02656247977923,-0.066615170690648,66.07436445232116
earthquake_Transit,Earthquakes,Taking public transit,611,Education (edu_bs),edu_bs = 0,edu_bs = 1,FALSE,0.2356047752315489,0.6026161852071508,0.1617790395613005,0.2356047752315489,0.6026161852071508,0.1617790395613005,0.0,0.0,0.0,0.0,0.0,0.0
earthquake_Transit,Earthquakes,Taking public transit,611,Education (bs_grad),bs_grad = 0,bs_grad = 1,TRUE,0.2086645072532471,0.6068622748005815,0.1844732179461718,0.2705207424700939,0.5931656962623788,0.1363135612675268,0.06185623521684688,-0.01369657853820272,-0.04815965667864502,29.64386997630347,-2.256950070376923,-26.10658458438001
earthquake_Transit,Earthquakes,Taking public transit,611,Telecommute (tcom_no),tcom_no = 0,tcom_no = 1,TRUE,0.2175802178360921,0.606747194923315,0.1756725872405932,0.3191678028133039,0.5734473388893742,0.1073848582973213,0.1015875849772117,-0.03329985603394081,-0.06828772894327191,46.6897156311057,-5.488258752996704,-38.87215986051832
earthquake_Transit,Earthquakes,Taking public transit,611,Air conditioning (ac_c),ac_c = 0,ac_c = 1,FALSE,0.2356047752315489,0.6026161852071508,0.1617790395613005,0.2356047752315489,0.6026161852071508,0.1617790395613005,0.0,0.0,0.0,0.0,0.0,0.0
earthquake_Transit,Earthquakes,Taking public transit,611,Employment Density,Low,Medium,FALSE,0.2356047752315489,0.6026161852071508,0.1617790395613005,0.2356047752315489,0.6026161852071508,0.1617790395613005,0.0,0.0,0.0,0.0,0.0,0.0
earthquake_Transit,Earthquakes,Taking public transit,611,Employment Density,Low,High,FALSE,0.2356047752315489,0.6026161852071508,0.1617790395613005,0.2356047752315489,0.6026161852071508,0.1617790395613005,0.0,0.0,0.0,0.0,0.0,0.0
earthquake_Transit,Earthquakes,Taking public transit,611,Land-use Diversity,Not high,High,FALSE,0.2356047752315489,0.6026161852071508,0.1617790395613005,0.2356047752315489,0.6026161852071508,0.1617790395613005,0.0,0.0,0.0,0.0,0.0,0.0
earthquake_Transit,Earthquakes,Taking public transit,611,Network Density,Low,Medium,FALSE,0.2356047752315489,0.6026161852071508,0.1617790395613005,0.2356047752315489,0.6026161852071508,0.1617790395613005,0.0,0.0,0.0,0.0,0.0,0.0
earthquake_Transit,Earthquakes,Taking public transit,611,Network Density,Low,High,FALSE,0.2356047752315489,0.6026161852071508,0.1617790395613005,0.2356047752315489,0.6026161852071508,0.1617790395613005,0.0,0.0,0.0,0.0,0.0,0.0
earthquake_Transit,Earthquakes,Taking public transit,611,Community Resilience,Current value,1 Unit Increase*,FALSE,0.2356047752315489,0.6026161852071508,0.1617790395613005,0.2356047752315489,0.6026161852071508,0.1617790395613005,0.0,0.0,0.0,0.0,0.0,0.0
earthquake_Transit,Earthquakes,Taking public transit,611,Social Engagement,Current value,1 Unit Increase*,TRUE,0.2356047752315489,0.6026161852071508,0.1617790395613005,0.2746619754629845,0.5914156684448063,0.1339223560922096,0.03905720023143555,-0.01120051676234446,-0.0278566834690909,16.57742301404999,-1.858648512484651,-17.21896949359474
earthquake_Transit,Earthquakes,Taking public transit,611,Personal Resilience,Current value,1 Unit Increase*,FALSE,0.2356047752315489,0.6026161852071508,0.1617790395613005,0.2356047752315489,0.6026161852071508,0.1617790395613005,0.0,0.0,0.0,0.0,0.0,0.0
earthquake_Usual,Earthquakes,Go about business as usual,611,Gender,Male,Female,TRUE,0.2383398365830095,0.2418148741701059,0.5198452892468847,0.3263547699079836,0.2574680034798723,0.4161772266121441,0.08801493332497407,0.01565312930976639,-0.1036680626347405,36.92833501390777,6.473187128578006,-19.94209907815603
earthquake_Usual,Earthquakes,Go about business as usual,611,Age Group,18-30,31-50,FALSE,0.2108640171549446,0.2345637552218713,0.5545722276231843,0.2108640171549446,0.2345637552218713,0.5545722276231843,0.0,0.0,0.0,0.0,0.0,0.0
earthquake_Usual,Earthquakes,Go about business as usual,611,Age Group,18-30,51-65,TRUE,0.2108640171549446,0.2345637552218713,0.5545722276231843,0.3508756638219644,0.260692331633311,0.3884320045447242,0.1400116466670199,0.02612857641143967,-0.16614022307846,66.39902272379558,11.13922156759681,-29.95826599368541
earthquake_Usual,Earthquakes,Go about business as usual,611,Age Group,18-30,65+,TRUE,0.2108640171549446,0.2345637552218713,0.5545722276231843,0.367148350284265,0.2610056079993749,0.3718460417163596,0.1562843331293204,0.0264418527775036,-0.1827261859068247,74.11616986054167,11.27277858955342,-32.949032931195
earthquake_Usual,Earthquakes,Go about business as usual,611,Household Income,Less than $50k,$50k-$100k,FALSE,0.2833398729388855,0.2480774540727252,0.4685826729883896,0.2833398729388855,0.2480774540727252,0.4685826729883896,0.0,0.0,0.0,0.0,0.0,0.0
earthquake_Usual,Earthquakes,Go about business as usual,611,Household Income,Less than $50k,$100k or higher,FALSE,0.2833398729388855,0.2480774540727252,0.4685826729883896,0.2833398729388855,0.2480774540727252,0.4685826729883896,0.0,0.0,0.0,0.0,0.0,0.0
earthquake_Usual,Earthquakes,Go about business as usual,611,Household Size,3+ persons,1 person,FALSE,0.2833398729388855,0.2480774540727252,0.4685826729883896,0.2833398729388855,0.2480774540727252,0.4685826729883896,0.0,0.0,0.0,0.0,0.0,0.0
earthquake_Usual,Earthquakes,Go about business as usual,611,Household Size,3+ persons,2 persons,FALSE,0.2833398729388855,0.2480774540727252,0.4685826729883896,0.2833398729388855,0.2480774540727252,0.4685826729883896,0.0,0.0,0.0,0.0,0.0,0.0
earthquake_Usual,Earthquakes,Go about business as usual,611,Child in household,No child,Has child,FALSE,0.2833398729388855,0.2480774540727252,0.4685826729883896,0.2833398729388855,0.2480774540727252,0.4685826729883896,0.0,0.0,0.0,0.0,0.0,0.0
earthquake_Usual,Earthquakes,Go about business as usual,611,Disability,No disability,Has disability,FALSE,0.2833398729388855,0.2480774540727252,0.4685826729883896,0.2833398729388855,0.2480774540727252,0.4685826729883896,0.0,0.0,0.0,0.0,0.0,0.0
earthquake_Usual,Earthquakes,Go about business as usual,611,Works outdoors,No,Yes,FALSE,0.2833398729388855,0.2480774540727252,0.4685826729883896,0.2833398729388855,0.2480774540727252,0.4685826729883896,0.0,0.0,0.0,0.0,0.0,0.0
earthquake_Usual,Earthquakes,Go about business as usual,611,Zero-vehicle HH,Has vehicle,Zero vehicle,FALSE,0.2833398729388855,0.2480774540727252,0.4685826729883896,0.2833398729388855,0.2480774540727252,0.4685826729883896,0.0,0.0,0.0,0.0,0.0,0.0
earthquake_Usual,Earthquakes,Go about business as usual,611,Stand-alone house,Not stand-alone,Stand-alone house,FALSE,0.2833398729388855,0.2480774540727252,0.4685826729883896,0.2833398729388855,0.2480774540727252,0.4685826729883896,0.0,0.0,0.0,0.0,0.0,0.0
earthquake_Usual,Earthquakes,Go about business as usual,611,Rural,Not rural,Rural,TRUE,0.2887684841064952,0.2496690078098636,0.4615625080836415,0.1629736428785711,0.2083463104032847,0.6286800467181445,-0.1257948412279241,-0.04132269740657893,0.167117538634503,-43.5625243582787,-16.55099195894125,36.20691362657624
earthquake_Usual,Earthquakes,Go about business as usual,611,Population Density,Low,Medium,FALSE,0.2833398729388855,0.2480774540727252,0.4685826729883896,0.2833398729388855,0.2480774540727252,0.4685826729883896,0.0,0.0,0.0,0.0,0.0,0.0
earthquake_Usual,Earthquakes,Go about business as usual,611,Population Density,Low,High,FALSE,0.2833398729388855,0.2480774540727252,0.4685826729883896,0.2833398729388855,0.2480774540727252,0.4685826729883896,0.0,0.0,0.0,0.0,0.0,0.0
earthquake_Usual,Earthquakes,Go about business as usual,611,Transit Access,Low,Medium,FALSE,0.2833398729388855,0.2480774540727252,0.4685826729883896,0.2833398729388855,0.2480774540727252,0.4685826729883896,0.0,0.0,0.0,0.0,0.0,0.0
earthquake_Usual,Earthquakes,Go about business as usual,611,Transit Access,Low,High,FALSE,0.2833398729388855,0.2480774540727252,0.4685826729883896,0.2833398729388855,0.2480774540727252,0.4685826729883896,0.0,0.0,0.0,0.0,0.0,0.0
earthquake_Usual,Earthquakes,Go about business as usual,611,Walkability Index,Very low,Low,FALSE,0.2833398729388855,0.2480774540727252,0.4685826729883896,0.2833398729388855,0.2480774540727252,0.4685826729883896,0.0,0.0,0.0,0.0,0.0,0.0
earthquake_Usual,Earthquakes,Go about business as usual,611,Walkability Index,Very low,High,FALSE,0.2833398729388855,0.2480774540727252,0.4685826729883896,0.2833398729388855,0.2480774540727252,0.4685826729883896,0.0,0.0,0.0,0.0,0.0,0.0
earthquake_Usual,Earthquakes,Go about business as usual,611,Walkability Index,Very low,Very high,FALSE,0.2833398729388855,0.2480774540727252,0.4685826729883896,0.2833398729388855,0.2480774540727252,0.4685826729883896,0.0,0.0,0.0,0.0,0.0,0.0
earthquake_Usual,Earthquakes,Go about business as usual,611,Employment status,Worker,Non-worker,FALSE,0.2833398729388855,0.2480774540727252,0.4685826729883896,0.2833398729388855,0.2480774540727252,0.4685826729883896,0.0,0.0,0.0,0.0,0.0,0.0
earthquake_Usual,Earthquakes,Go about business as usual,611,Race,Other race,White,TRUE,0.3303644657521494,0.2536848873200166,0.4159506469278336,0.2698490059802248,0.2453370848631843,0.4848139091565908,-0.06051545977192463,-0.008347802456832365,0.06886326222875727,-18.31778718517668,-3.290618745570696,16.55563291880271
earthquake_Usual,Earthquakes,Go about business as usual,611,Race,Other race,Black,FALSE,0.3303644657521494,0.2536848873200166,0.4159506469278336,0.3303644657521494,0.2536848873200166,0.4159506469278336,0.0,0.0,0.0,0.0,0.0,0.0
earthquake_Usual,Earthquakes,Go about business as usual,611,Race,Other race,Asian,FALSE,0.3303644657521494,0.2536848873200166,0.4159506469278336,0.3303644657521494,0.2536848873200166,0.4159506469278336,0.0,0.0,0.0,0.0,0.0,0.0
earthquake_Usual,Earthquakes,Go about business as usual,611,Hispanic,Not Hispanic,Hispanic,FALSE,0.2833398729388855,0.2480774540727252,0.4685826729883896,0.2833398729388855,0.2480774540727252,0.4685826729883896,0.0,0.0,0.0,0.0,0.0,0.0
earthquake_Usual,Earthquakes,Go about business as usual,611,Education (edu_bs),edu_bs = 0,edu_bs = 1,FALSE,0.2833398729388855,0.2480774540727252,0.4685826729883896,0.2833398729388855,0.2480774540727252,0.4685826729883896,0.0,0.0,0.0,0.0,0.0,0.0
earthquake_Usual,Earthquakes,Go about business as usual,611,Education (bs_grad),bs_grad = 0,bs_grad = 1,FALSE,0.2833398729388855,0.2480774540727252,0.4685826729883896,0.2833398729388855,0.2480774540727252,0.4685826729883896,0.0,0.0,0.0,0.0,0.0,0.0
earthquake_Usual,Earthquakes,Go about business as usual,611,Telecommute (tcom_no),tcom_no = 0,tcom_no = 1,TRUE,0.2712601714171939,0.2460310379598601,0.4827087906229462,0.3374718615484529,0.2546243221704768,0.4079038162810702,0.066211690131259,0.008593284210616753,-0.07480497434187605,24.40892438625885,3.492764279610423,-15.49691569638469
earthquake_Usual,Earthquakes,Go about business as usual,611,Air conditioning (ac_c),ac_c = 0,ac_c = 1,FALSE,0.2833398729388855,0.2480774540727252,0.4685826729883896,0.2833398729388855,0.2480774540727252,0.4685826729883896,0.0,0.0,0.0,0.0,0.0,0.0
earthquake_Usual,Earthquakes,Go about business as usual,611,Employment Density,Low,Medium,FALSE,0.2833398729388855,0.2480774540727252,0.4685826729883896,0.2833398729388855,0.2480774540727252,0.4685826729883896,0.0,0.0,0.0,0.0,0.0,0.0
earthquake_Usual,Earthquakes,Go about business as usual,611,Employment Density,Low,High,FALSE,0.2833398729388855,0.2480774540727252,0.4685826729883896,0.2833398729388855,0.2480774540727252,0.4685826729883896,0.0,0.0,0.0,0.0,0.0,0.0
earthquake_Usual,Earthquakes,Go about business as usual,611,Land-use Diversity,Not high,High,FALSE,0.2833398729388855,0.2480774540727252,0.4685826729883896,0.2833398729388855,0.2480774540727252,0.4685826729883896,0.0,0.0,0.0,0.0,0.0,0.0
earthquake_Usual,Earthquakes,Go about business as usual,611,Network Density,Low,Medium,FALSE,0.2833398729388855,0.2480774540727252,0.4685826729883896,0.2833398729388855,0.2480774540727252,0.4685826729883896,0.0,0.0,0.0,0.0,0.0,0.0
earthquake_Usual,Earthquakes,Go about business as usual,611,Network Density,Low,High,FALSE,0.2833398729388855,0.2480774540727252,0.4685826729883896,0.2833398729388855,0.2480774540727252,0.4685826729883896,0.0,0.0,0.0,0.0,0.0,0.0
earthquake_Usual,Earthquakes,Go about business as usual,611,Community Resilience,Current value,1 Unit Increase*,FALSE,0.2833398729388855,0.2480774540727252,0.4685826729883896,0.2833398729388855,0.2480774540727252,0.4685826729883896,0.0,0.0,0.0,0.0,0.0,0.0
earthquake_Usual,Earthquakes,Go about business as usual,611,Social Engagement,Current value,1 Unit Increase*,FALSE,0.2833398729388855,0.2480774540727252,0.4685826729883896,0.2833398729388855,0.2480774540727252,0.4685826729883896,0.0,0.0,0.0,0.0,0.0,0.0
earthquake_Usual,Earthquakes,Go about business as usual,611,Personal Resilience,Current value,1 Unit Increase*,TRUE,0.2833398729388855,0.2480774540727252,0.4685826729883896,0.2302714688750024,0.235444770495471,0.5342837606295263,-0.05306840406388302,-0.01263268357725425,0.06570108764113669,-18.7295926667298,-5.092233643106847,14.02123711107956
earthquake_WFH,Earthquakes,Working from home,343,Gender,Male,Female,FALSE,0.105736962335972,0.5993303871961181,0.2949326504679104,0.105736962335972,0.5993303871961181,0.2949326504679104,0.0,0.0,0.0,0.0,0.0,0.0
earthquake_WFH,Earthquakes,Working from home,343,Age Group,18-30,31-50,FALSE,0.105736962335972,0.5993303871961181,0.2949326504679104,0.105736962335972,0.5993303871961181,0.2949326504679104,0.0,0.0,0.0,0.0,0.0,0.0
earthquake_WFH,Earthquakes,Working from home,343,Age Group,18-30,51-65,FALSE,0.105736962335972,0.5993303871961181,0.2949326504679104,0.105736962335972,0.5993303871961181,0.2949326504679104,0.0,0.0,0.0,0.0,0.0,0.0
earthquake_WFH,Earthquakes,Working from home,343,Age Group,18-30,65+,FALSE,0.105736962335972,0.5993303871961181,0.2949326504679104,0.105736962335972,0.5993303871961181,0.2949326504679104,0.0,0.0,0.0,0.0,0.0,0.0
earthquake_WFH,Earthquakes,Working from home,343,Household Income,Less than $50k,$50k-$100k,FALSE,0.105736962335972,0.5993303871961181,0.2949326504679104,0.105736962335972,0.5993303871961181,0.2949326504679104,0.0,0.0,0.0,0.0,0.0,0.0
earthquake_WFH,Earthquakes,Working from home,343,Household Income,Less than $50k,$100k or higher,FALSE,0.105736962335972,0.5993303871961181,0.2949326504679104,0.105736962335972,0.5993303871961181,0.2949326504679104,0.0,0.0,0.0,0.0,0.0,0.0
earthquake_WFH,Earthquakes,Working from home,343,Household Size,3+ persons,1 person,FALSE,0.105736962335972,0.5993303871961181,0.2949326504679104,0.105736962335972,0.5993303871961181,0.2949326504679104,0.0,0.0,0.0,0.0,0.0,0.0
earthquake_WFH,Earthquakes,Working from home,343,Household Size,3+ persons,2 persons,FALSE,0.105736962335972,0.5993303871961181,0.2949326504679104,0.105736962335972,0.5993303871961181,0.2949326504679104,0.0,0.0,0.0,0.0,0.0,0.0
earthquake_WFH,Earthquakes,Working from home,343,Child in household,No child,Has child,FALSE,0.105736962335972,0.5993303871961181,0.2949326504679104,0.105736962335972,0.5993303871961181,0.2949326504679104,0.0,0.0,0.0,0.0,0.0,0.0
earthquake_WFH,Earthquakes,Working from home,343,Disability,No disability,Has disability,FALSE,0.105736962335972,0.5993303871961181,0.2949326504679104,0.105736962335972,0.5993303871961181,0.2949326504679104,0.0,0.0,0.0,0.0,0.0,0.0
earthquake_WFH,Earthquakes,Working from home,343,Works outdoors,No,Yes,FALSE,0.105736962335972,0.5993303871961181,0.2949326504679104,0.105736962335972,0.5993303871961181,0.2949326504679104,0.0,0.0,0.0,0.0,0.0,0.0
earthquake_WFH,Earthquakes,Working from home,343,Zero-vehicle HH,Has vehicle,Zero vehicle,FALSE,0.105736962335972,0.5993303871961181,0.2949326504679104,0.105736962335972,0.5993303871961181,0.2949326504679104,0.0,0.0,0.0,0.0,0.0,0.0
earthquake_WFH,Earthquakes,Working from home,343,Stand-alone house,Not stand-alone,Stand-alone house,FALSE,0.105736962335972,0.5993303871961181,0.2949326504679104,0.105736962335972,0.5993303871961181,0.2949326504679104,0.0,0.0,0.0,0.0,0.0,0.0
earthquake_WFH,Earthquakes,Working from home,343,Rural,Not rural,Rural,FALSE,0.105736962335972,0.5993303871961181,0.2949326504679104,0.105736962335972,0.5993303871961181,0.2949326504679104,0.0,0.0,0.0,0.0,0.0,0.0
earthquake_WFH,Earthquakes,Working from home,343,Population Density,Low,Medium,FALSE,0.105736962335972,0.5993303871961181,0.2949326504679104,0.105736962335972,0.5993303871961181,0.2949326504679104,0.0,0.0,0.0,0.0,0.0,0.0
earthquake_WFH,Earthquakes,Working from home,343,Population Density,Low,High,FALSE,0.105736962335972,0.5993303871961181,0.2949326504679104,0.105736962335972,0.5993303871961181,0.2949326504679104,0.0,0.0,0.0,0.0,0.0,0.0
earthquake_WFH,Earthquakes,Working from home,343,Transit Access,Low,Medium,FALSE,0.105736962335972,0.5993303871961181,0.2949326504679104,0.105736962335972,0.5993303871961181,0.2949326504679104,0.0,0.0,0.0,0.0,0.0,0.0
earthquake_WFH,Earthquakes,Working from home,343,Transit Access,Low,High,FALSE,0.105736962335972,0.5993303871961181,0.2949326504679104,0.105736962335972,0.5993303871961181,0.2949326504679104,0.0,0.0,0.0,0.0,0.0,0.0
earthquake_WFH,Earthquakes,Working from home,343,Walkability Index,Very low,Low,FALSE,0.105736962335972,0.5993303871961181,0.2949326504679104,0.105736962335972,0.5993303871961181,0.2949326504679104,0.0,0.0,0.0,0.0,0.0,0.0
earthquake_WFH,Earthquakes,Working from home,343,Walkability Index,Very low,High,FALSE,0.105736962335972,0.5993303871961181,0.2949326504679104,0.105736962335972,0.5993303871961181,0.2949326504679104,0.0,0.0,0.0,0.0,0.0,0.0
earthquake_WFH,Earthquakes,Working from home,343,Walkability Index,Very low,Very high,FALSE,0.105736962335972,0.5993303871961181,0.2949326504679104,0.105736962335972,0.5993303871961181,0.2949326504679104,0.0,0.0,0.0,0.0,0.0,0.0
earthquake_WFH,Earthquakes,Working from home,343,Employment status,Worker,Non-worker,FALSE,0.105736962335972,0.5993303871961181,0.2949326504679104,0.105736962335972,0.5993303871961181,0.2949326504679104,0.0,0.0,0.0,0.0,0.0,0.0
earthquake_WFH,Earthquakes,Working from home,343,Race,Other race,White,FALSE,0.105736962335972,0.5993303871961181,0.2949326504679104,0.105736962335972,0.5993303871961181,0.2949326504679104,0.0,0.0,0.0,0.0,0.0,0.0
earthquake_WFH,Earthquakes,Working from home,343,Race,Other race,Black,FALSE,0.105736962335972,0.5993303871961181,0.2949326504679104,0.105736962335972,0.5993303871961181,0.2949326504679104,0.0,0.0,0.0,0.0,0.0,0.0
earthquake_WFH,Earthquakes,Working from home,343,Race,Other race,Asian,FALSE,0.105736962335972,0.5993303871961181,0.2949326504679104,0.105736962335972,0.5993303871961181,0.2949326504679104,0.0,0.0,0.0,0.0,0.0,0.0
earthquake_WFH,Earthquakes,Working from home,343,Hispanic,Not Hispanic,Hispanic,FALSE,0.105736962335972,0.5993303871961181,0.2949326504679104,0.105736962335972,0.5993303871961181,0.2949326504679104,0.0,0.0,0.0,0.0,0.0,0.0
earthquake_WFH,Earthquakes,Working from home,343,Education (edu_bs),edu_bs = 0,edu_bs = 1,FALSE,0.105736962335972,0.5993303871961181,0.2949326504679104,0.105736962335972,0.5993303871961181,0.2949326504679104,0.0,0.0,0.0,0.0,0.0,0.0
earthquake_WFH,Earthquakes,Working from home,343,Education (bs_grad),bs_grad = 0,bs_grad = 1,FALSE,0.105736962335972,0.5993303871961181,0.2949326504679104,0.105736962335972,0.5993303871961181,0.2949326504679104,0.0,0.0,0.0,0.0,0.0,0.0
earthquake_WFH,Earthquakes,Working from home,343,Telecommute (tcom_no),tcom_no = 0,tcom_no = 1,TRUE,0.0749971916464634,0.5785714148799544,0.3464313934735834,0.1679098109062939,0.6403449184566379,0.1917452706370697,0.09291261925983052,0.06177350357668343,-0.1546861228365137,123.8881313020632,10.67690210542126,-44.65130058956653
earthquake_WFH,Earthquakes,Working from home,343,Air conditioning (ac_c),ac_c = 0,ac_c = 1,FALSE,0.105736962335972,0.5993303871961181,0.2949326504679104,0.105736962335972,0.5993303871961181,0.2949326504679104,0.0,0.0,0.0,0.0,0.0,0.0
earthquake_WFH,Earthquakes,Working from home,343,Employment Density,Low,Medium,FALSE,0.105736962335972,0.5993303871961181,0.2949326504679104,0.105736962335972,0.5993303871961181,0.2949326504679104,0.0,0.0,0.0,0.0,0.0,0.0
earthquake_WFH,Earthquakes,Working from home,343,Employment Density,Low,High,FALSE,0.105736962335972,0.5993303871961181,0.2949326504679104,0.105736962335972,0.5993303871961181,0.2949326504679104,0.0,0.0,0.0,0.0,0.0,0.0
earthquake_WFH,Earthquakes,Working from home,343,Land-use Diversity,Not high,High,FALSE,0.105736962335972,0.5993303871961181,0.2949326504679104,0.105736962335972,0.5993303871961181,0.2949326504679104,0.0,0.0,0.0,0.0,0.0,0.0
earthquake_WFH,Earthquakes,Working from home,343,Network Density,Low,Medium,FALSE,0.105736962335972,0.5993303871961181,0.2949326504679104,0.105736962335972,0.5993303871961181,0.2949326504679104,0.0,0.0,0.0,0.0,0.0,0.0
earthquake_WFH,Earthquakes,Working from home,343,Network Density,Low,High,FALSE,0.105736962335972,0.5993303871961181,0.2949326504679104,0.105736962335972,0.5993303871961181,0.2949326504679104,0.0,0.0,0.0,0.0,0.0,0.0
earthquake_WFH,Earthquakes,Working from home,343,Community Resilience,Current value,1 Unit Increase*,FALSE,0.105736962335972,0.5993303871961181,0.2949326504679104,0.105736962335972,0.5993303871961181,0.2949326504679104,0.0,0.0,0.0,0.0,0.0,0.0
earthquake_WFH,Earthquakes,Working from home,343,Social Engagement,Current value,1 Unit Increase*,FALSE,0.105736962335972,0.5993303871961181,0.2949326504679104,0.105736962335972,0.5993303871961181,0.2949326504679104,0.0,0.0,0.0,0.0,0.0,0.0
earthquake_WFH,Earthquakes,Working from home,343,Personal Resilience,Current value,1 Unit Increase*,FALSE,0.105736962335972,0.5993303871961181,0.2949326504679104,0.105736962335972,0.5993303871961181,0.2949326504679104,0.0,0.0,0.0,0.0,0.0,0.0
flooding_Car,Flooding,Using a car for traveling,1077,Gender,Male,Female,FALSE,0.3981803650077163,0.4822608227301775,0.1195588122621068,0.3981803650077163,0.4822608227301775,0.1195588122621068,0.0,0.0,0.0,0.0,0.0,0.0
flooding_Car,Flooding,Using a car for traveling,1077,Age Group,18-30,31-50,FALSE,0.3739849255902157,0.4967518773600142,0.1292631970497708,0.3739849255902157,0.4967518773600142,0.1292631970497708,0.0,0.0,0.0,0.0,0.0,0.0
flooding_Car,Flooding,Using a car for traveling,1077,Age Group,18-30,51-65,FALSE,0.3739849255902157,0.4967518773600142,0.1292631970497708,0.3739849255902157,0.4967518773600142,0.1292631970497708,0.0,0.0,0.0,0.0,0.0,0.0
flooding_Car,Flooding,Using a car for traveling,1077,Age Group,18-30,65+,TRUE,0.3739849255902157,0.4967518773600142,0.1292631970497708,0.4747239872803459,0.4423447425269941,0.08293127019265988,0.1007390616901302,-0.05440713483302007,-0.04633192685711092,26.93666369871613,-10.95257759712285,-35.84309216742606
flooding_Car,Flooding,Using a car for traveling,1077,Household Income,Less than $50k,$50k-$100k,FALSE,0.3981803650077163,0.4822608227301775,0.1195588122621068,0.3981803650077163,0.4822608227301775,0.1195588122621068,0.0,0.0,0.0,0.0,0.0,0.0
flooding_Car,Flooding,Using a car for traveling,1077,Household Income,Less than $50k,$100k or higher,FALSE,0.3981803650077163,0.4822608227301775,0.1195588122621068,0.3981803650077163,0.4822608227301775,0.1195588122621068,0.0,0.0,0.0,0.0,0.0,0.0
flooding_Car,Flooding,Using a car for traveling,1077,Household Size,3+ persons,1 person,FALSE,0.3981803650077163,0.4822608227301775,0.1195588122621068,0.3981803650077163,0.4822608227301775,0.1195588122621068,0.0,0.0,0.0,0.0,0.0,0.0
flooding_Car,Flooding,Using a car for traveling,1077,Household Size,3+ persons,2 persons,FALSE,0.3981803650077163,0.4822608227301775,0.1195588122621068,0.3981803650077163,0.4822608227301775,0.1195588122621068,0.0,0.0,0.0,0.0,0.0,0.0
flooding_Car,Flooding,Using a car for traveling,1077,Child in household,No child,Has child,TRUE,0.413122150980706,0.4765473115902444,0.1103305374290499,0.3656601913412585,0.499073720647245,0.1352660880114978,-0.04746195963944749,0.02252640905700065,0.02493555058244795,-11.48860198533971,4.727003701233722,22.60076961782519
flooding_Car,Flooding,Using a car for traveling,1077,Disability,No disability,Has disability,FALSE,0.3981803650077163,0.4822608227301775,0.1195588122621068,0.3981803650077163,0.4822608227301775,0.1195588122621068,0.0,0.0,0.0,0.0,0.0,0.0
flooding_Car,Flooding,Using a car for traveling,1077,Works outdoors,No,Yes,TRUE,0.4095169142771539,0.4809473370912538,0.1095357486315931,0.2062843118364049,0.5320516338863721,0.2616640542772224,-0.2032326024407489,0.05110429679511835,0.1521283056456293,-49.6274013002561,10.62575730311653,138.8846176213119
flooding_Car,Flooding,Using a car for traveling,1077,Zero-vehicle HH,Has vehicle,Zero vehicle,TRUE,0.4090484495006881,0.4769455786373915,0.1140059718619208,0.3252814450073769,0.5123098845556368,0.162408670436986,-0.08376700449331126,0.03536430591824524,0.04840269857506521,-20.47850434234939,7.41474656695198,42.45628346003533
flooding_Car,Flooding,Using a car for traveling,1077,Stand-alone house,Not stand-alone,Stand-alone house,FALSE,0.3981803650077163,0.4822608227301775,0.1195588122621068,0.3981803650077163,0.4822608227301775,0.1195588122621068,0.0,0.0,0.0,0.0,0.0,0.0
flooding_Car,Flooding,Using a car for traveling,1077,Rural,Not rural,Rural,FALSE,0.3981803650077163,0.4822608227301775,0.1195588122621068,0.3981803650077163,0.4822608227301775,0.1195588122621068,0.0,0.0,0.0,0.0,0.0,0.0
flooding_Car,Flooding,Using a car for traveling,1077,Population Density,Low,Medium,FALSE,0.3981803650077163,0.4822608227301775,0.1195588122621068,0.3981803650077163,0.4822608227301775,0.1195588122621068,0.0,0.0,0.0,0.0,0.0,0.0
flooding_Car,Flooding,Using a car for traveling,1077,Population Density,Low,High,FALSE,0.3981803650077163,0.4822608227301775,0.1195588122621068,0.3981803650077163,0.4822608227301775,0.1195588122621068,0.0,0.0,0.0,0.0,0.0,0.0
flooding_Car,Flooding,Using a car for traveling,1077,Transit Access,Low,Medium,FALSE,0.3891190538887925,0.4864540990387717,0.1244268470724364,0.3891190538887925,0.4864540990387717,0.1244268470724364,0.0,0.0,0.0,0.0,0.0,0.0
flooding_Car,Flooding,Using a car for traveling,1077,Transit Access,Low,High,TRUE,0.3891190538887925,0.4864540990387717,0.1244268470724364,0.4579302274520936,0.4498877226739763,0.09218204987393012,0.06881117356330113,-0.03656637636479537,-0.03224479719850631,17.68383554483222,-7.516922241389302,-25.91466227520388
flooding_Car,Flooding,Using a car for traveling,1077,Walkability Index,Very low,Low,FALSE,0.3981803650077163,0.4822608227301775,0.1195588122621068,0.3981803650077163,0.4822608227301775,0.1195588122621068,0.0,0.0,0.0,0.0,0.0,0.0
flooding_Car,Flooding,Using a car for traveling,1077,Walkability Index,Very low,High,FALSE,0.3981803650077163,0.4822608227301775,0.1195588122621068,0.3981803650077163,0.4822608227301775,0.1195588122621068,0.0,0.0,0.0,0.0,0.0,0.0
flooding_Car,Flooding,Using a car for traveling,1077,Walkability Index,Very low,Very high,FALSE,0.3981803650077163,0.4822608227301775,0.1195588122621068,0.3981803650077163,0.4822608227301775,0.1195588122621068,0.0,0.0,0.0,0.0,0.0,0.0
flooding_Car,Flooding,Using a car for traveling,1077,Employment status,Worker,Non-worker,FALSE,0.3981803650077163,0.4822608227301775,0.1195588122621068,0.3981803650077163,0.4822608227301775,0.1195588122621068,0.0,0.0,0.0,0.0,0.0,0.0
flooding_Car,Flooding,Using a car for traveling,1077,Race,Other race,White,FALSE,0.3981803650077163,0.4822608227301775,0.1195588122621068,0.3981803650077163,0.4822608227301775,0.1195588122621068,0.0,0.0,0.0,0.0,0.0,0.0
flooding_Car,Flooding,Using a car for traveling,1077,Race,Other race,Black,FALSE,0.3981803650077163,0.4822608227301775,0.1195588122621068,0.3981803650077163,0.4822608227301775,0.1195588122621068,0.0,0.0,0.0,0.0,0.0,0.0
flooding_Car,Flooding,Using a car for traveling,1077,Race,Other race,Asian,FALSE,0.3981803650077163,0.4822608227301775,0.1195588122621068,0.3981803650077163,0.4822608227301775,0.1195588122621068,0.0,0.0,0.0,0.0,0.0,0.0
flooding_Car,Flooding,Using a car for traveling,1077,Hispanic,Not Hispanic,Hispanic,FALSE,0.3981803650077163,0.4822608227301775,0.1195588122621068,0.3981803650077163,0.4822608227301775,0.1195588122621068,0.0,0.0,0.0,0.0,0.0,0.0
flooding_Car,Flooding,Using a car for traveling,1077,Education (edu_bs),edu_bs = 0,edu_bs = 1,FALSE,0.3981803650077163,0.4822608227301775,0.1195588122621068,0.3981803650077163,0.4822608227301775,0.1195588122621068,0.0,0.0,0.0,0.0,0.0,0.0
flooding_Car,Flooding,Using a car for traveling,1077,Education (bs_grad),bs_grad = 0,bs_grad = 1,FALSE,0.3981803650077163,0.4822608227301775,0.1195588122621068,0.3981803650077163,0.4822608227301775,0.1195588122621068,0.0,0.0,0.0,0.0,0.0,0.0
flooding_Car,Flooding,Using a car for traveling,1077,Telecommute (tcom_no),tcom_no = 0,tcom_no = 1,FALSE,0.3981803650077163,0.4822608227301775,0.1195588122621068,0.3981803650077163,0.4822608227301775,0.1195588122621068,0.0,0.0,0.0,0.0,0.0,0.0
flooding_Car,Flooding,Using a car for traveling,1077,Air conditioning (ac_c),ac_c = 0,ac_c = 1,FALSE,0.3981803650077163,0.4822608227301775,0.1195588122621068,0.3981803650077163,0.4822608227301775,0.1195588122621068,0.0,0.0,0.0,0.0,0.0,0.0
flooding_Car,Flooding,Using a car for traveling,1077,Employment Density,Low,Medium,FALSE,0.3981803650077163,0.4822608227301775,0.1195588122621068,0.3981803650077163,0.4822608227301775,0.1195588122621068,0.0,0.0,0.0,0.0,0.0,0.0
flooding_Car,Flooding,Using a car for traveling,1077,Employment Density,Low,High,FALSE,0.3981803650077163,0.4822608227301775,0.1195588122621068,0.3981803650077163,0.4822608227301775,0.1195588122621068,0.0,0.0,0.0,0.0,0.0,0.0
flooding_Car,Flooding,Using a car for traveling,1077,Land-use Diversity,Not high,High,FALSE,0.3981803650077163,0.4822608227301775,0.1195588122621068,0.3981803650077163,0.4822608227301775,0.1195588122621068,0.0,0.0,0.0,0.0,0.0,0.0
flooding_Car,Flooding,Using a car for traveling,1077,Network Density,Low,Medium,FALSE,0.3981803650077163,0.4822608227301775,0.1195588122621068,0.3981803650077163,0.4822608227301775,0.1195588122621068,0.0,0.0,0.0,0.0,0.0,0.0
flooding_Car,Flooding,Using a car for traveling,1077,Network Density,Low,High,FALSE,0.3981803650077163,0.4822608227301775,0.1195588122621068,0.3981803650077163,0.4822608227301775,0.1195588122621068,0.0,0.0,0.0,0.0,0.0,0.0
flooding_Car,Flooding,Using a car for traveling,1077,Community Resilience,Current value,1 Unit Increase*,FALSE,0.3981803650077163,0.4822608227301775,0.1195588122621068,0.3981803650077163,0.4822608227301775,0.1195588122621068,0.0,0.0,0.0,0.0,0.0,0.0
flooding_Car,Flooding,Using a car for traveling,1077,Social Engagement,Current value,1 Unit Increase*,TRUE,0.3981803650077163,0.4822608227301775,0.1195588122621068,0.3467590459284682,0.5046019424168128,0.1486390116547184,-0.05142131907924813,0.02234111968663532,0.02908019939261158,-12.91407703598133,4.632580262306538,24.3229242934093
flooding_Car,Flooding,Using a car for traveling,1077,Personal Resilience,Current value,1 Unit Increase*,TRUE,0.3981803650077163,0.4822608227301775,0.1195588122621068,0.4420779474107134,0.4591517798852156,0.09877027270407143,0.04389758240299713,-0.02310904284496185,-0.02078853955803533,11.0245472305362,-4.791814253983314,-17.38771000205403
flooding_Home,Flooding,Staying at home,1077,Gender,Male,Female,TRUE,0.07053021988879682,0.4839625895305368,0.4455071905806651,0.05071694399998158,0.4377394177409737,0.5115436382590453,-0.01981327588881523,-0.04622317178956303,0.06603644767838018,-28.09189581438186,-9.550980342179212,14.82275686556475
flooding_Home,Flooding,Staying at home,1077,Age Group,18-30,31-50,FALSE,0.05978903579715594,0.4596143565617671,0.4805966076410768,0.05978903579715594,0.4596143565617671,0.4805966076410768,0.0,0.0,0.0,0.0,0.0,0.0
flooding_Home,Flooding,Staying at home,1077,Age Group,18-30,51-65,FALSE,0.05978903579715594,0.4596143565617671,0.4805966076410768,0.05978903579715594,0.4596143565617671,0.4805966076410768,0.0,0.0,0.0,0.0,0.0,0.0
flooding_Home,Flooding,Staying at home,1077,Age Group,18-30,65+,FALSE,0.05978903579715594,0.4596143565617671,0.4805966076410768,0.05978903579715594,0.4596143565617671,0.4805966076410768,0.0,0.0,0.0,0.0,0.0,0.0
flooding_Home,Flooding,Staying at home,1077,Household Income,Less than $50k,$50k-$100k,FALSE,0.05978903579715594,0.4596143565617671,0.4805966076410768,0.05978903579715594,0.4596143565617671,0.4805966076410768,0.0,0.0,0.0,0.0,0.0,0.0
flooding_Home,Flooding,Staying at home,1077,Household Income,Less than $50k,$100k or higher,FALSE,0.05978903579715594,0.4596143565617671,0.4805966076410768,0.05978903579715594,0.4596143565617671,0.4805966076410768,0.0,0.0,0.0,0.0,0.0,0.0
flooding_Home,Flooding,Staying at home,1077,Household Size,3+ persons,1 person,FALSE,0.05978903579715594,0.4596143565617671,0.4805966076410768,0.05978903579715594,0.4596143565617671,0.4805966076410768,0.0,0.0,0.0,0.0,0.0,0.0
flooding_Home,Flooding,Staying at home,1077,Household Size,3+ persons,2 persons,FALSE,0.05978903579715594,0.4596143565617671,0.4805966076410768,0.05978903579715594,0.4596143565617671,0.4805966076410768,0.0,0.0,0.0,0.0,0.0,0.0
flooding_Home,Flooding,Staying at home,1077,Child in household,No child,Has child,FALSE,0.05978903579715594,0.4596143565617671,0.4805966076410768,0.05978903579715594,0.4596143565617671,0.4805966076410768,0.0,0.0,0.0,0.0,0.0,0.0
flooding_Home,Flooding,Staying at home,1077,Disability,No disability,Has disability,FALSE,0.05978903579715594,0.4596143565617671,0.4805966076410768,0.05978903579715594,0.4596143565617671,0.4805966076410768,0.0,0.0,0.0,0.0,0.0,0.0
flooding_Home,Flooding,Staying at home,1077,Works outdoors,No,Yes,FALSE,0.05978903579715594,0.4596143565617671,0.4805966076410768,0.05978903579715594,0.4596143565617671,0.4805966076410768,0.0,0.0,0.0,0.0,0.0,0.0
flooding_Home,Flooding,Staying at home,1077,Zero-vehicle HH,Has vehicle,Zero vehicle,FALSE,0.05978903579715594,0.4596143565617671,0.4805966076410768,0.05978903579715594,0.4596143565617671,0.4805966076410768,0.0,0.0,0.0,0.0,0.0,0.0
flooding_Home,Flooding,Staying at home,1077,Stand-alone house,Not stand-alone,Stand-alone house,FALSE,0.05978903579715594,0.4596143565617671,0.4805966076410768,0.05978903579715594,0.4596143565617671,0.4805966076410768,0.0,0.0,0.0,0.0,0.0,0.0
flooding_Home,Flooding,Staying at home,1077,Rural,Not rural,Rural,FALSE,0.05978903579715594,0.4596143565617671,0.4805966076410768,0.05978903579715594,0.4596143565617671,0.4805966076410768,0.0,0.0,0.0,0.0,0.0,0.0
flooding_Home,Flooding,Staying at home,1077,Population Density,Low,Medium,FALSE,0.05978903579715594,0.4596143565617671,0.4805966076410768,0.05978903579715594,0.4596143565617671,0.4805966076410768,0.0,0.0,0.0,0.0,0.0,0.0
flooding_Home,Flooding,Staying at home,1077,Population Density,Low,High,FALSE,0.05978903579715594,0.4596143565617671,0.4805966076410768,0.05978903579715594,0.4596143565617671,0.4805966076410768,0.0,0.0,0.0,0.0,0.0,0.0
flooding_Home,Flooding,Staying at home,1077,Transit Access,Low,Medium,FALSE,0.06267850663061764,0.46780894959953,0.4695125437698522,0.06267850663061764,0.46780894959953,0.4695125437698522,0.0,0.0,0.0,0.0,0.0,0.0
flooding_Home,Flooding,Staying at home,1077,Transit Access,Low,High,TRUE,0.06267850663061764,0.46780894959953,0.4695125437698522,0.041074871893726,0.4074734811175467,0.5514516469887276,-0.02160363473689163,-0.06033546848198329,0.08193910321887543,-34.46737310479975,-12.89745921569772,17.45195188204401
flooding_Home,Flooding,Staying at home,1077,Walkability Index,Very low,Low,FALSE,0.05978903579715594,0.4596143565617671,0.4805966076410768,0.05978903579715594,0.4596143565617671,0.4805966076410768,0.0,0.0,0.0,0.0,0.0,0.0
flooding_Home,Flooding,Staying at home,1077,Walkability Index,Very low,High,FALSE,0.05978903579715594,0.4596143565617671,0.4805966076410768,0.05978903579715594,0.4596143565617671,0.4805966076410768,0.0,0.0,0.0,0.0,0.0,0.0
flooding_Home,Flooding,Staying at home,1077,Walkability Index,Very low,Very high,FALSE,0.05978903579715594,0.4596143565617671,0.4805966076410768,0.05978903579715594,0.4596143565617671,0.4805966076410768,0.0,0.0,0.0,0.0,0.0,0.0
flooding_Home,Flooding,Staying at home,1077,Employment status,Worker,Non-worker,FALSE,0.05978903579715594,0.4596143565617671,0.4805966076410768,0.05978903579715594,0.4596143565617671,0.4805966076410768,0.0,0.0,0.0,0.0,0.0,0.0
flooding_Home,Flooding,Staying at home,1077,Race,Other race,White,FALSE,0.05978903579715594,0.4596143565617671,0.4805966076410768,0.05978903579715594,0.4596143565617671,0.4805966076410768,0.0,0.0,0.0,0.0,0.0,0.0
flooding_Home,Flooding,Staying at home,1077,Race,Other race,Black,FALSE,0.05978903579715594,0.4596143565617671,0.4805966076410768,0.05978903579715594,0.4596143565617671,0.4805966076410768,0.0,0.0,0.0,0.0,0.0,0.0
flooding_Home,Flooding,Staying at home,1077,Race,Other race,Asian,FALSE,0.05978903579715594,0.4596143565617671,0.4805966076410768,0.05978903579715594,0.4596143565617671,0.4805966076410768,0.0,0.0,0.0,0.0,0.0,0.0
flooding_Home,Flooding,Staying at home,1077,Hispanic,Not Hispanic,Hispanic,FALSE,0.05978903579715594,0.4596143565617671,0.4805966076410768,0.05978903579715594,0.4596143565617671,0.4805966076410768,0.0,0.0,0.0,0.0,0.0,0.0
flooding_Home,Flooding,Staying at home,1077,Education (edu_bs),edu_bs = 0,edu_bs = 1,FALSE,0.05978903579715594,0.4596143565617671,0.4805966076410768,0.05978903579715594,0.4596143565617671,0.4805966076410768,0.0,0.0,0.0,0.0,0.0,0.0
flooding_Home,Flooding,Staying at home,1077,Education (bs_grad),bs_grad = 0,bs_grad = 1,TRUE,0.06717507954754919,0.4788775843512508,0.4539473361011997,0.04564508928027945,0.424125916365974,0.530228994353747,-0.02152999026726973,-0.05475166798527681,0.07628165825254735,-32.05056162535684,-11.43333281290467,16.80407663754671
flooding_Home,Flooding,Staying at home,1077,Telecommute (tcom_no),tcom_no = 0,tcom_no = 1,FALSE,0.05978903579715594,0.4596143565617671,0.4805966076410768,0.05978903579715594,0.4596143565617671,0.4805966076410768,0.0,0.0,0.0,0.0,0.0,0.0
flooding_Home,Flooding,Staying at home,1077,Air conditioning (ac_c),ac_c = 0,ac_c = 1,FALSE,0.05978903579715594,0.4596143565617671,0.4805966076410768,0.05978903579715594,0.4596143565617671,0.4805966076410768,0.0,0.0,0.0,0.0,0.0,0.0
flooding_Home,Flooding,Staying at home,1077,Employment Density,Low,Medium,FALSE,0.05978903579715594,0.4596143565617671,0.4805966076410768,0.05978903579715594,0.4596143565617671,0.4805966076410768,0.0,0.0,0.0,0.0,0.0,0.0
flooding_Home,Flooding,Staying at home,1077,Employment Density,Low,High,FALSE,0.05978903579715594,0.4596143565617671,0.4805966076410768,0.05978903579715594,0.4596143565617671,0.4805966076410768,0.0,0.0,0.0,0.0,0.0,0.0
flooding_Home,Flooding,Staying at home,1077,Land-use Diversity,Not high,High,FALSE,0.05978903579715594,0.4596143565617671,0.4805966076410768,0.05978903579715594,0.4596143565617671,0.4805966076410768,0.0,0.0,0.0,0.0,0.0,0.0
flooding_Home,Flooding,Staying at home,1077,Network Density,Low,Medium,FALSE,0.05978903579715594,0.4596143565617671,0.4805966076410768,0.05978903579715594,0.4596143565617671,0.4805966076410768,0.0,0.0,0.0,0.0,0.0,0.0
flooding_Home,Flooding,Staying at home,1077,Network Density,Low,High,FALSE,0.05978903579715594,0.4596143565617671,0.4805966076410768,0.05978903579715594,0.4596143565617671,0.4805966076410768,0.0,0.0,0.0,0.0,0.0,0.0
flooding_Home,Flooding,Staying at home,1077,Community Resilience,Current value,1 Unit Increase*,TRUE,0.05978903579715594,0.4596143565617671,0.4805966076410768,0.04724626017205896,0.4260553549822411,0.5266983848456986,-0.01254277562509699,-0.03355900157952602,0.04610177720462183,-20.97838752183661,-7.301556424514353,9.592613945176232
flooding_Home,Flooding,Staying at home,1077,Social Engagement,Current value,1 Unit Increase*,FALSE,0.05978903579715594,0.4596143565617671,0.4805966076410768,0.05978903579715594,0.4596143565617671,0.4805966076410768,0.0,0.0,0.0,0.0,0.0,0.0
flooding_Home,Flooding,Staying at home,1077,Personal Resilience,Current value,1 Unit Increase*,FALSE,0.05978903579715594,0.4596143565617671,0.4805966076410768,0.05978903579715594,0.4596143565617671,0.4805966076410768,0.0,0.0,0.0,0.0,0.0,0.0
flooding_Transit,Flooding,Taking public transit,1077,Gender,Male,Female,FALSE,0.233106214490076,0.6363440519616561,0.1305497335482675,0.233106214490076,0.6363440519616561,0.1305497335482675,0.0,0.0,0.0,0.0,0.0,0.0
flooding_Transit,Flooding,Taking public transit,1077,Age Group,18-30,31-50,TRUE,0.2171419454343008,0.6407766894282488,0.1420813651374497,0.2602349225656145,0.6265879714838009,0.113177105950584,0.04309297713131369,-0.01418871794444798,-0.02890425918686573,19.8455333192877,-2.21429995481082,-20.34345542703909
flooding_Transit,Flooding,Taking public transit,1077,Age Group,18-30,51-65,FALSE,0.2171419454343008,0.6407766894282488,0.1420813651374497,0.2171419454343008,0.6407766894282488,0.1420813651374497,0.0,0.0,0.0,0.0,0.0,0.0
flooding_Transit,Flooding,Taking public transit,1077,Age Group,18-30,65+,FALSE,0.2171419454343008,0.6407766894282488,0.1420813651374497,0.2171419454343008,0.6407766894282488,0.1420813651374497,0.0,0.0,0.0,0.0,0.0,0.0
flooding_Transit,Flooding,Taking public transit,1077,Household Income,Less than $50k,$50k-$100k,FALSE,0.233106214490076,0.6363440519616561,0.1305497335482675,0.233106214490076,0.6363440519616561,0.1305497335482675,0.0,0.0,0.0,0.0,0.0,0.0
flooding_Transit,Flooding,Taking public transit,1077,Household Income,Less than $50k,$100k or higher,FALSE,0.233106214490076,0.6363440519616561,0.1305497335482675,0.233106214490076,0.6363440519616561,0.1305497335482675,0.0,0.0,0.0,0.0,0.0,0.0
flooding_Transit,Flooding,Taking public transit,1077,Household Size,3+ persons,1 person,FALSE,0.233106214490076,0.6363440519616561,0.1305497335482675,0.233106214490076,0.6363440519616561,0.1305497335482675,0.0,0.0,0.0,0.0,0.0,0.0
flooding_Transit,Flooding,Taking public transit,1077,Household Size,3+ persons,2 persons,FALSE,0.233106214490076,0.6363440519616561,0.1305497335482675,0.233106214490076,0.6363440519616561,0.1305497335482675,0.0,0.0,0.0,0.0,0.0,0.0
flooding_Transit,Flooding,Taking public transit,1077,Child in household,No child,Has child,TRUE,0.2488812737001329,0.6318898007903,0.1192289255095664,0.2008660376478847,0.6449414748551524,0.1541924874969623,-0.04801523605224814,0.01305167406485241,0.03496356198739582,-19.29242619920846,2.065498453769752,29.32473125792825
flooding_Transit,Flooding,Taking public transit,1077,Disability,No disability,Has disability,FALSE,0.233106214490076,0.6363440519616561,0.1305497335482675,0.233106214490076,0.6363440519616561,0.1305497335482675,0.0,0.0,0.0,0.0,0.0,0.0
flooding_Transit,Flooding,Taking public transit,1077,Works outdoors,No,Yes,FALSE,0.233106214490076,0.6363440519616561,0.1305497335482675,0.233106214490076,0.6363440519616561,0.1305497335482675,0.0,0.0,0.0,0.0,0.0,0.0
flooding_Transit,Flooding,Taking public transit,1077,Zero-vehicle HH,Has vehicle,Zero vehicle,FALSE,0.233106214490076,0.6363440519616561,0.1305497335482675,0.233106214490076,0.6363440519616561,0.1305497335482675,0.0,0.0,0.0,0.0,0.0,0.0
flooding_Transit,Flooding,Taking public transit,1077,Stand-alone house,Not stand-alone,Stand-alone house,FALSE,0.233106214490076,0.6363440519616561,0.1305497335482675,0.233106214490076,0.6363440519616561,0.1305497335482675,0.0,0.0,0.0,0.0,0.0,0.0
flooding_Transit,Flooding,Taking public transit,1077,Rural,Not rural,Rural,FALSE,0.233106214490076,0.6363440519616561,0.1305497335482675,0.233106214490076,0.6363440519616561,0.1305497335482675,0.0,0.0,0.0,0.0,0.0,0.0
flooding_Transit,Flooding,Taking public transit,1077,Population Density,Low,Medium,FALSE,0.233106214490076,0.6363440519616561,0.1305497335482675,0.233106214490076,0.6363440519616561,0.1305497335482675,0.0,0.0,0.0,0.0,0.0,0.0
flooding_Transit,Flooding,Taking public transit,1077,Population Density,Low,High,FALSE,0.233106214490076,0.6363440519616561,0.1305497335482675,0.233106214490076,0.6363440519616561,0.1305497335482675,0.0,0.0,0.0,0.0,0.0,0.0
flooding_Transit,Flooding,Taking public transit,1077,Transit Access,Low,Medium,FALSE,0.233106214490076,0.6363440519616561,0.1305497335482675,0.233106214490076,0.6363440519616561,0.1305497335482675,0.0,0.0,0.0,0.0,0.0,0.0
flooding_Transit,Flooding,Taking public transit,1077,Transit Access,Low,High,FALSE,0.233106214490076,0.6363440519616561,0.1305497335482675,0.233106214490076,0.6363440519616561,0.1305497335482675,0.0,0.0,0.0,0.0,0.0,0.0
flooding_Transit,Flooding,Taking public transit,1077,Walkability Index,Very low,Low,FALSE,0.2512120936231461,0.6318840086578585,0.1169038977189949,0.2512120936231461,0.6318840086578585,0.1169038977189949,0.0,0.0,0.0,0.0,0.0,0.0
flooding_Transit,Flooding,Taking public transit,1077,Walkability Index,Very low,High,FALSE,0.2512120936231461,0.6318840086578585,0.1169038977189949,0.2512120936231461,0.6318840086578585,0.1169038977189949,0.0,0.0,0.0,0.0,0.0,0.0
flooding_Transit,Flooding,Taking public transit,1077,Walkability Index,Very low,Very high,TRUE,0.2512120936231461,0.6318840086578585,0.1169038977189949,0.1850871736096548,0.6477806927819529,0.1671321336083931,-0.06612492001349124,0.0158966841240944,0.05022823588939822,-26.32234740764035,2.51575983982558,42.96540737258669
flooding_Transit,Flooding,Taking public transit,1077,Employment status,Worker,Non-worker,FALSE,0.233106214490076,0.6363440519616561,0.1305497335482675,0.233106214490076,0.6363440519616561,0.1305497335482675,0.0,0.0,0.0,0.0,0.0,0.0
flooding_Transit,Flooding,Taking public transit,1077,Race,Other race,White,FALSE,0.233106214490076,0.6363440519616561,0.1305497335482675,0.233106214490076,0.6363440519616561,0.1305497335482675,0.0,0.0,0.0,0.0,0.0,0.0
flooding_Transit,Flooding,Taking public transit,1077,Race,Other race,Black,FALSE,0.233106214490076,0.6363440519616561,0.1305497335482675,0.233106214490076,0.6363440519616561,0.1305497335482675,0.0,0.0,0.0,0.0,0.0,0.0
flooding_Transit,Flooding,Taking public transit,1077,Race,Other race,Asian,FALSE,0.233106214490076,0.6363440519616561,0.1305497335482675,0.233106214490076,0.6363440519616561,0.1305497335482675,0.0,0.0,0.0,0.0,0.0,0.0
flooding_Transit,Flooding,Taking public transit,1077,Hispanic,Not Hispanic,Hispanic,FALSE,0.233106214490076,0.6363440519616561,0.1305497335482675,0.233106214490076,0.6363440519616561,0.1305497335482675,0.0,0.0,0.0,0.0,0.0,0.0
flooding_Transit,Flooding,Taking public transit,1077,Education (edu_bs),edu_bs = 0,edu_bs = 1,TRUE,0.2477945135087161,0.6338441810235579,0.1183613054677253,0.1756562345413177,0.6489020527287741,0.1754417127299084,-0.07213827896739844,0.01505787170521622,0.05708040726218308,-29.11213728905301,2.375642493222884,48.22556412048678
flooding_Transit,Flooding,Taking public transit,1077,Education (bs_grad),bs_grad = 0,bs_grad = 1,FALSE,0.233106214490076,0.6363440519616561,0.1305497335482675,0.233106214490076,0.6363440519616561,0.1305497335482675,0.0,0.0,0.0,0.0,0.0,0.0
flooding_Transit,Flooding,Taking public transit,1077,Telecommute (tcom_no),tcom_no = 0,tcom_no = 1,FALSE,0.233106214490076,0.6363440519616561,0.1305497335482675,0.233106214490076,0.6363440519616561,0.1305497335482675,0.0,0.0,0.0,0.0,0.0,0.0
flooding_Transit,Flooding,Taking public transit,1077,Air conditioning (ac_c),ac_c = 0,ac_c = 1,TRUE,0.2455177182856533,0.6332594913734162,0.1212227903409304,0.2005424099328452,0.6451752737762062,0.1542823162909486,-0.04497530835280808,0.01191578240279001,0.0330595259500182,-18.3185591112738,1.881658714178449,27.27170844446053
flooding_Transit,Flooding,Taking public transit,1077,Employment Density,Low,Medium,FALSE,0.233106214490076,0.6363440519616561,0.1305497335482675,0.233106214490076,0.6363440519616561,0.1305497335482675,0.0,0.0,0.0,0.0,0.0,0.0
flooding_Transit,Flooding,Taking public transit,1077,Employment Density,Low,High,FALSE,0.233106214490076,0.6363440519616561,0.1305497335482675,0.233106214490076,0.6363440519616561,0.1305497335482675,0.0,0.0,0.0,0.0,0.0,0.0
flooding_Transit,Flooding,Taking public transit,1077,Land-use Diversity,Not high,High,FALSE,0.233106214490076,0.6363440519616561,0.1305497335482675,0.233106214490076,0.6363440519616561,0.1305497335482675,0.0,0.0,0.0,0.0,0.0,0.0
flooding_Transit,Flooding,Taking public transit,1077,Network Density,Low,Medium,FALSE,0.233106214490076,0.6363440519616561,0.1305497335482675,0.233106214490076,0.6363440519616561,0.1305497335482675,0.0,0.0,0.0,0.0,0.0,0.0
flooding_Transit,Flooding,Taking public transit,1077,Network Density,Low,High,FALSE,0.233106214490076,0.6363440519616561,0.1305497335482675,0.233106214490076,0.6363440519616561,0.1305497335482675,0.0,0.0,0.0,0.0,0.0,0.0
flooding_Transit,Flooding,Taking public transit,1077,Community Resilience,Current value,1 Unit Increase*,TRUE,0.233106214490076,0.6363440519616561,0.1305497335482675,0.2101483703386383,0.6422470544680295,0.1476045751933326,-0.02295784415143767,0.005903002506373434,0.01705484164506513,-9.848662422689317,0.9276432282467736,13.06386553348233
flooding_Transit,Flooding,Taking public transit,1077,Social Engagement,Current value,1 Unit Increase*,FALSE,0.233106214490076,0.6363440519616561,0.1305497335482675,0.233106214490076,0.6363440519616561,0.1305497335482675,0.0,0.0,0.0,0.0,0.0,0.0
flooding_Transit,Flooding,Taking public transit,1077,Personal Resilience,Current value,1 Unit Increase*,FALSE,0.233106214490076,0.6363440519616561,0.1305497335482675,0.233106214490076,0.6363440519616561,0.1305497335482675,0.0,0.0,0.0,0.0,0.0,0.0
flooding_Usual,Flooding,Go about business as usual,1077,Gender,Male,Female,TRUE,0.2658633102803334,0.2384142682070065,0.4957224215126603,0.3237630205383362,0.247128880665063,0.4291080987966008,0.05789971025800283,0.008714612458056548,-0.06661432271605955,21.7779994527834,3.655239480252065,-13.43782726486142
flooding_Usual,Flooding,Go about business as usual,1077,Age Group,18-30,31-50,TRUE,0.3223729203949833,0.2468279336109194,0.4307991459940972,0.2556509732928849,0.2359404429920375,0.5084085837150782,-0.06672194710209844,-0.01088749061888192,0.07760943772098106,-20.69713145271266,-4.410963726676139,18.01522552740726
flooding_Usual,Flooding,Go about business as usual,1077,Age Group,18-30,51-65,FALSE,0.3223729203949833,0.2468279336109194,0.4307991459940972,0.3223729203949833,0.2468279336109194,0.4307991459940972,0.0,0.0,0.0,0.0,0.0,0.0
flooding_Usual,Flooding,Go about business as usual,1077,Age Group,18-30,65+,FALSE,0.3223729203949833,0.2468279336109194,0.4307991459940972,0.3223729203949833,0.2468279336109194,0.4307991459940972,0.0,0.0,0.0,0.0,0.0,0.0
flooding_Usual,Flooding,Go about business as usual,1077,Household Income,Less than $50k,$50k-$100k,FALSE,0.2965599158072599,0.2429771388166617,0.4604629453760783,0.2965599158072599,0.2429771388166617,0.4604629453760783,0.0,0.0,0.0,0.0,0.0,0.0
flooding_Usual,Flooding,Go about business as usual,1077,Household Income,Less than $50k,$100k or higher,FALSE,0.2965599158072599,0.2429771388166617,0.4604629453760783,0.2965599158072599,0.2429771388166617,0.4604629453760783,0.0,0.0,0.0,0.0,0.0,0.0
flooding_Usual,Flooding,Go about business as usual,1077,Household Size,3+ persons,1 person,FALSE,0.2965599158072599,0.2429771388166617,0.4604629453760783,0.2965599158072599,0.2429771388166617,0.4604629453760783,0.0,0.0,0.0,0.0,0.0,0.0
flooding_Usual,Flooding,Go about business as usual,1077,Household Size,3+ persons,2 persons,FALSE,0.2965599158072599,0.2429771388166617,0.4604629453760783,0.2965599158072599,0.2429771388166617,0.4604629453760783,0.0,0.0,0.0,0.0,0.0,0.0
flooding_Usual,Flooding,Go about business as usual,1077,Child in household,No child,Has child,FALSE,0.2965599158072599,0.2429771388166617,0.4604629453760783,0.2965599158072599,0.2429771388166617,0.4604629453760783,0.0,0.0,0.0,0.0,0.0,0.0
flooding_Usual,Flooding,Go about business as usual,1077,Disability,No disability,Has disability,FALSE,0.2965599158072599,0.2429771388166617,0.4604629453760783,0.2965599158072599,0.2429771388166617,0.4604629453760783,0.0,0.0,0.0,0.0,0.0,0.0
flooding_Usual,Flooding,Go about business as usual,1077,Works outdoors,No,Yes,FALSE,0.2965599158072599,0.2429771388166617,0.4604629453760783,0.2965599158072599,0.2429771388166617,0.4604629453760783,0.0,0.0,0.0,0.0,0.0,0.0
flooding_Usual,Flooding,Go about business as usual,1077,Zero-vehicle HH,Has vehicle,Zero vehicle,FALSE,0.2965599158072599,0.2429771388166617,0.4604629453760783,0.2965599158072599,0.2429771388166617,0.4604629453760783,0.0,0.0,0.0,0.0,0.0,0.0
flooding_Usual,Flooding,Go about business as usual,1077,Stand-alone house,Not stand-alone,Stand-alone house,FALSE,0.2965599158072599,0.2429771388166617,0.4604629453760783,0.2965599158072599,0.2429771388166617,0.4604629453760783,0.0,0.0,0.0,0.0,0.0,0.0
flooding_Usual,Flooding,Go about business as usual,1077,Rural,Not rural,Rural,FALSE,0.2965599158072599,0.2429771388166617,0.4604629453760783,0.2965599158072599,0.2429771388166617,0.4604629453760783,0.0,0.0,0.0,0.0,0.0,0.0
flooding_Usual,Flooding,Go about business as usual,1077,Population Density,Low,Medium,FALSE,0.2965599158072599,0.2429771388166617,0.4604629453760783,0.2965599158072599,0.2429771388166617,0.4604629453760783,0.0,0.0,0.0,0.0,0.0,0.0
flooding_Usual,Flooding,Go about business as usual,1077,Population Density,Low,High,FALSE,0.2965599158072599,0.2429771388166617,0.4604629453760783,0.2965599158072599,0.2429771388166617,0.4604629453760783,0.0,0.0,0.0,0.0,0.0,0.0
flooding_Usual,Flooding,Go about business as usual,1077,Transit Access,Low,Medium,FALSE,0.2965599158072599,0.2429771388166617,0.4604629453760783,0.2965599158072599,0.2429771388166617,0.4604629453760783,0.0,0.0,0.0,0.0,0.0,0.0
flooding_Usual,Flooding,Go about business as usual,1077,Transit Access,Low,High,FALSE,0.2965599158072599,0.2429771388166617,0.4604629453760783,0.2965599158072599,0.2429771388166617,0.4604629453760783,0.0,0.0,0.0,0.0,0.0,0.0
flooding_Usual,Flooding,Go about business as usual,1077,Walkability Index,Very low,Low,FALSE,0.2965599158072599,0.2429771388166617,0.4604629453760783,0.2965599158072599,0.2429771388166617,0.4604629453760783,0.0,0.0,0.0,0.0,0.0,0.0
flooding_Usual,Flooding,Go about business as usual,1077,Walkability Index,Very low,High,FALSE,0.2965599158072599,0.2429771388166617,0.4604629453760783,0.2965599158072599,0.2429771388166617,0.4604629453760783,0.0,0.0,0.0,0.0,0.0,0.0
flooding_Usual,Flooding,Go about business as usual,1077,Walkability Index,Very low,Very high,FALSE,0.2965599158072599,0.2429771388166617,0.4604629453760783,0.2965599158072599,0.2429771388166617,0.4604629453760783,0.0,0.0,0.0,0.0,0.0,0.0
flooding_Usual,Flooding,Go about business as usual,1077,Employment status,Worker,Non-worker,TRUE,0.2735476506505772,0.2388587600438419,0.4875935893055811,0.3287630620990962,0.2464501523049145,0.4247867855959892,0.05521541144851899,0.00759139226107261,-0.06280680370959185,20.18493352701089,3.17819294535366,-12.88097405034381
flooding_Usual,Flooding,Go about business as usual,1077,Race,Other race,White,TRUE,0.3449955306928684,0.2481977895250812,0.4068066797820502,0.2839409285154186,0.2414527197883887,0.4746063516961929,-0.06105460217744973,-0.006745069736692505,0.06779967191414271,-17.69721539720567,-2.717618778796937,16.66631235024629
flooding_Usual,Flooding,Go about business as usual,1077,Race,Other race,Black,FALSE,0.3449955306928684,0.2481977895250812,0.4068066797820502,0.3449955306928684,0.2481977895250812,0.4068066797820502,0.0,0.0,0.0,0.0,0.0,0.0
flooding_Usual,Flooding,Go about business as usual,1077,Race,Other race,Asian,FALSE,0.3449955306928684,0.2481977895250812,0.4068066797820502,0.3449955306928684,0.2481977895250812,0.4068066797820502,0.0,0.0,0.0,0.0,0.0,0.0
flooding_Usual,Flooding,Go about business as usual,1077,Hispanic,Not Hispanic,Hispanic,FALSE,0.2965599158072599,0.2429771388166617,0.4604629453760783,0.2965599158072599,0.2429771388166617,0.4604629453760783,0.0,0.0,0.0,0.0,0.0,0.0
flooding_Usual,Flooding,Go about business as usual,1077,Education (edu_bs),edu_bs = 0,edu_bs = 1,FALSE,0.2965599158072599,0.2429771388166617,0.4604629453760783,0.2965599158072599,0.2429771388166617,0.4604629453760783,0.0,0.0,0.0,0.0,0.0,0.0
flooding_Usual,Flooding,Go about business as usual,1077,Education (bs_grad),bs_grad = 0,bs_grad = 1,FALSE,0.2965599158072599,0.2429771388166617,0.4604629453760783,0.2965599158072599,0.2429771388166617,0.4604629453760783,0.0,0.0,0.0,0.0,0.0,0.0
flooding_Usual,Flooding,Go about business as usual,1077,Telecommute (tcom_no),tcom_no = 0,tcom_no = 1,TRUE,0.2706905345328245,0.238328100402373,0.4909813650648023,0.3867325025810412,0.2482338656276662,0.3650336317912927,0.1160419680482167,0.009905765225293184,-0.1259477332735096,42.86886804094925,4.156356387924516,-25.65224308602554
flooding_Usual,Flooding,Go about business as usual,1077,Air conditioning (ac_c),ac_c = 0,ac_c = 1,FALSE,0.2965599158072599,0.2429771388166617,0.4604629453760783,0.2965599158072599,0.2429771388166617,0.4604629453760783,0.0,0.0,0.0,0.0,0.0,0.0
flooding_Usual,Flooding,Go about business as usual,1077,Employment Density,Low,Medium,FALSE,0.2965599158072599,0.2429771388166617,0.4604629453760783,0.2965599158072599,0.2429771388166617,0.4604629453760783,0.0,0.0,0.0,0.0,0.0,0.0
flooding_Usual,Flooding,Go about business as usual,1077,Employment Density,Low,High,FALSE,0.2965599158072599,0.2429771388166617,0.4604629453760783,0.2965599158072599,0.2429771388166617,0.4604629453760783,0.0,0.0,0.0,0.0,0.0,0.0
flooding_Usual,Flooding,Go about business as usual,1077,Land-use Diversity,Not high,High,FALSE,0.2965599158072599,0.2429771388166617,0.4604629453760783,0.2965599158072599,0.2429771388166617,0.4604629453760783,0.0,0.0,0.0,0.0,0.0,0.0
flooding_Usual,Flooding,Go about business as usual,1077,Network Density,Low,Medium,FALSE,0.2965599158072599,0.2429771388166617,0.4604629453760783,0.2965599158072599,0.2429771388166617,0.4604629453760783,0.0,0.0,0.0,0.0,0.0,0.0
flooding_Usual,Flooding,Go about business as usual,1077,Network Density,Low,High,FALSE,0.2965599158072599,0.2429771388166617,0.4604629453760783,0.2965599158072599,0.2429771388166617,0.4604629453760783,0.0,0.0,0.0,0.0,0.0,0.0
flooding_Usual,Flooding,Go about business as usual,1077,Community Resilience,Current value,1 Unit Increase*,TRUE,0.2965599158072599,0.2429771388166617,0.4604629453760783,0.269027474670869,0.2381301112218036,0.4928424141073275,-0.02753244113639097,-0.004847027594858083,0.03237946873124919,-9.283938816021529,-1.994849234979019,7.031937978158828
flooding_Usual,Flooding,Go about business as usual,1077,Social Engagement,Current value,1 Unit Increase*,FALSE,0.2965599158072599,0.2429771388166617,0.4604629453760783,0.2965599158072599,0.2429771388166617,0.4604629453760783,0.0,0.0,0.0,0.0,0.0,0.0
flooding_Usual,Flooding,Go about business as usual,1077,Personal Resilience,Current value,1 Unit Increase*,TRUE,0.2965599158072599,0.2429771388166617,0.4604629453760783,0.2615433635556724,0.2365163733830859,0.5019402630612411,-0.03501655225158756,-0.006460765433575794,0.04147731768516272,-11.80758099295709,-2.659001363272601,9.007742773153343
flooding_WFH,Flooding,Working from home,585,Gender,Male,Female,FALSE,0.0950473287073975,0.611865139294053,0.2930875319985498,0.0950473287073975,0.611865139294053,0.2930875319985498,0.0,0.0,0.0,0.0,0.0,0.0
flooding_WFH,Flooding,Working from home,585,Age Group,18-30,31-50,FALSE,0.0950473287073975,0.611865139294053,0.2930875319985498,0.0950473287073975,0.611865139294053,0.2930875319985498,0.0,0.0,0.0,0.0,0.0,0.0
flooding_WFH,Flooding,Working from home,585,Age Group,18-30,51-65,FALSE,0.0950473287073975,0.611865139294053,0.2930875319985498,0.0950473287073975,0.611865139294053,0.2930875319985498,0.0,0.0,0.0,0.0,0.0,0.0
flooding_WFH,Flooding,Working from home,585,Age Group,18-30,65+,FALSE,0.0950473287073975,0.611865139294053,0.2930875319985498,0.0950473287073975,0.611865139294053,0.2930875319985498,0.0,0.0,0.0,0.0,0.0,0.0
flooding_WFH,Flooding,Working from home,585,Household Income,Less than $50k,$50k-$100k,FALSE,0.0950473287073975,0.611865139294053,0.2930875319985498,0.0950473287073975,0.611865139294053,0.2930875319985498,0.0,0.0,0.0,0.0,0.0,0.0
flooding_WFH,Flooding,Working from home,585,Household Income,Less than $50k,$100k or higher,FALSE,0.0950473287073975,0.611865139294053,0.2930875319985498,0.0950473287073975,0.611865139294053,0.2930875319985498,0.0,0.0,0.0,0.0,0.0,0.0
flooding_WFH,Flooding,Working from home,585,Household Size,3+ persons,1 person,FALSE,0.0950473287073975,0.611865139294053,0.2930875319985498,0.0950473287073975,0.611865139294053,0.2930875319985498,0.0,0.0,0.0,0.0,0.0,0.0
flooding_WFH,Flooding,Working from home,585,Household Size,3+ persons,2 persons,FALSE,0.0950473287073975,0.611865139294053,0.2930875319985498,0.0950473287073975,0.611865139294053,0.2930875319985498,0.0,0.0,0.0,0.0,0.0,0.0
flooding_WFH,Flooding,Working from home,585,Child in household,No child,Has child,FALSE,0.0950473287073975,0.611865139294053,0.2930875319985498,0.0950473287073975,0.611865139294053,0.2930875319985498,0.0,0.0,0.0,0.0,0.0,0.0
flooding_WFH,Flooding,Working from home,585,Disability,No disability,Has disability,FALSE,0.0950473287073975,0.611865139294053,0.2930875319985498,0.0950473287073975,0.611865139294053,0.2930875319985498,0.0,0.0,0.0,0.0,0.0,0.0
flooding_WFH,Flooding,Working from home,585,Works outdoors,No,Yes,FALSE,0.0950473287073975,0.611865139294053,0.2930875319985498,0.0950473287073975,0.611865139294053,0.2930875319985498,0.0,0.0,0.0,0.0,0.0,0.0
flooding_WFH,Flooding,Working from home,585,Zero-vehicle HH,Has vehicle,Zero vehicle,FALSE,0.0950473287073975,0.611865139294053,0.2930875319985498,0.0950473287073975,0.611865139294053,0.2930875319985498,0.0,0.0,0.0,0.0,0.0,0.0
flooding_WFH,Flooding,Working from home,585,Stand-alone house,Not stand-alone,Stand-alone house,FALSE,0.0950473287073975,0.611865139294053,0.2930875319985498,0.0950473287073975,0.611865139294053,0.2930875319985498,0.0,0.0,0.0,0.0,0.0,0.0
flooding_WFH,Flooding,Working from home,585,Rural,Not rural,Rural,FALSE,0.0950473287073975,0.611865139294053,0.2930875319985498,0.0950473287073975,0.611865139294053,0.2930875319985498,0.0,0.0,0.0,0.0,0.0,0.0
flooding_WFH,Flooding,Working from home,585,Population Density,Low,Medium,FALSE,0.0950473287073975,0.611865139294053,0.2930875319985498,0.0950473287073975,0.611865139294053,0.2930875319985498,0.0,0.0,0.0,0.0,0.0,0.0
flooding_WFH,Flooding,Working from home,585,Population Density,Low,High,FALSE,0.0950473287073975,0.611865139294053,0.2930875319985498,0.0950473287073975,0.611865139294053,0.2930875319985498,0.0,0.0,0.0,0.0,0.0,0.0
flooding_WFH,Flooding,Working from home,585,Transit Access,Low,Medium,FALSE,0.0950473287073975,0.611865139294053,0.2930875319985498,0.0950473287073975,0.611865139294053,0.2930875319985498,0.0,0.0,0.0,0.0,0.0,0.0
flooding_WFH,Flooding,Working from home,585,Transit Access,Low,High,FALSE,0.0950473287073975,0.611865139294053,0.2930875319985498,0.0950473287073975,0.611865139294053,0.2930875319985498,0.0,0.0,0.0,0.0,0.0,0.0
flooding_WFH,Flooding,Working from home,585,Walkability Index,Very low,Low,FALSE,0.0950473287073975,0.611865139294053,0.2930875319985498,0.0950473287073975,0.611865139294053,0.2930875319985498,0.0,0.0,0.0,0.0,0.0,0.0
flooding_WFH,Flooding,Working from home,585,Walkability Index,Very low,High,FALSE,0.0950473287073975,0.611865139294053,0.2930875319985498,0.0950473287073975,0.611865139294053,0.2930875319985498,0.0,0.0,0.0,0.0,0.0,0.0
flooding_WFH,Flooding,Working from home,585,Walkability Index,Very low,Very high,FALSE,0.0950473287073975,0.611865139294053,0.2930875319985498,0.0950473287073975,0.611865139294053,0.2930875319985498,0.0,0.0,0.0,0.0,0.0,0.0
flooding_WFH,Flooding,Working from home,585,Employment status,Worker,Non-worker,FALSE,0.0950473287073975,0.611865139294053,0.2930875319985498,0.0950473287073975,0.611865139294053,0.2930875319985498,0.0,0.0,0.0,0.0,0.0,0.0
flooding_WFH,Flooding,Working from home,585,Race,Other race,White,FALSE,0.0950473287073975,0.611865139294053,0.2930875319985498,0.0950473287073975,0.611865139294053,0.2930875319985498,0.0,0.0,0.0,0.0,0.0,0.0
flooding_WFH,Flooding,Working from home,585,Race,Other race,Black,FALSE,0.0950473287073975,0.611865139294053,0.2930875319985498,0.0950473287073975,0.611865139294053,0.2930875319985498,0.0,0.0,0.0,0.0,0.0,0.0
flooding_WFH,Flooding,Working from home,585,Race,Other race,Asian,FALSE,0.0950473287073975,0.611865139294053,0.2930875319985498,0.0950473287073975,0.611865139294053,0.2930875319985498,0.0,0.0,0.0,0.0,0.0,0.0
flooding_WFH,Flooding,Working from home,585,Hispanic,Not Hispanic,Hispanic,FALSE,0.0950473287073975,0.611865139294053,0.2930875319985498,0.0950473287073975,0.611865139294053,0.2930875319985498,0.0,0.0,0.0,0.0,0.0,0.0
flooding_WFH,Flooding,Working from home,585,Education (edu_bs),edu_bs = 0,edu_bs = 1,FALSE,0.0950473287073975,0.611865139294053,0.2930875319985498,0.0950473287073975,0.611865139294053,0.2930875319985498,0.0,0.0,0.0,0.0,0.0,0.0
flooding_WFH,Flooding,Working from home,585,Education (bs_grad),bs_grad = 0,bs_grad = 1,TRUE,0.1089555126651507,0.6300250607280434,0.2610194266068063,0.07578126257966235,0.5937247808070377,0.3304939566133,-0.03317425008548831,-0.03630027992100571,0.06947453000649367,-30.44751869273621,-5.761719998734318,26.61661275930566
flooding_WFH,Flooding,Working from home,585,Telecommute (tcom_no),tcom_no = 0,tcom_no = 1,TRUE,0.08355039130720672,0.6019980219630029,0.3144515867297907,0.108410694901637,0.6271023388928055,0.2644869662055581,0.02486030359443031,0.02510431692980264,-0.04996462052423262,29.75486195273626,4.170166016151043,-15.88944773465792
flooding_WFH,Flooding,Working from home,585,Air conditioning (ac_c),ac_c = 0,ac_c = 1,FALSE,0.0950473287073975,0.611865139294053,0.2930875319985498,0.0950473287073975,0.611865139294053,0.2930875319985498,0.0,0.0,0.0,0.0,0.0,0.0
flooding_WFH,Flooding,Working from home,585,Employment Density,Low,Medium,FALSE,0.0950473287073975,0.611865139294053,0.2930875319985498,0.0950473287073975,0.611865139294053,0.2930875319985498,0.0,0.0,0.0,0.0,0.0,0.0
flooding_WFH,Flooding,Working from home,585,Employment Density,Low,High,FALSE,0.0950473287073975,0.611865139294053,0.2930875319985498,0.0950473287073975,0.611865139294053,0.2930875319985498,0.0,0.0,0.0,0.0,0.0,0.0
flooding_WFH,Flooding,Working from home,585,Land-use Diversity,Not high,High,FALSE,0.0950473287073975,0.611865139294053,0.2930875319985498,0.0950473287073975,0.611865139294053,0.2930875319985498,0.0,0.0,0.0,0.0,0.0,0.0
flooding_WFH,Flooding,Working from home,585,Network Density,Low,Medium,FALSE,0.0950473287073975,0.611865139294053,0.2930875319985498,0.0950473287073975,0.611865139294053,0.2930875319985498,0.0,0.0,0.0,0.0,0.0,0.0
flooding_WFH,Flooding,Working from home,585,Network Density,Low,High,FALSE,0.0950473287073975,0.611865139294053,0.2930875319985498,0.0950473287073975,0.611865139294053,0.2930875319985498,0.0,0.0,0.0,0.0,0.0,0.0
flooding_WFH,Flooding,Working from home,585,Community Resilience,Current value,1 Unit Increase*,TRUE,0.0950473287073975,0.611865139294053,0.2930875319985498,0.07526303690209663,0.5865059630185366,0.3382310000793673,-0.01978429180530088,-0.02535917627551632,0.04514346808081754,-20.81520025271481,-4.144569554129981,15.40272551786369
flooding_WFH,Flooding,Working from home,585,Social Engagement,Current value,1 Unit Increase*,FALSE,0.0950473287073975,0.611865139294053,0.2930875319985498,0.0950473287073975,0.611865139294053,0.2930875319985498,0.0,0.0,0.0,0.0,0.0,0.0
flooding_WFH,Flooding,Working from home,585,Personal Resilience,Current value,1 Unit Increase*,FALSE,0.0950473287073975,0.611865139294053,0.2930875319985498,0.0950473287073975,0.611865139294053,0.2930875319985498,0.0,0.0,0.0,0.0,0.0,0.0
