event,event_label,activity,activity_label,base_level,base_label,comp_level,comp_label,response,P_base,P_comp,ATE_abs,ATE_pct,n
heat,Extreme Heat,Car,Using a car for traveling,1,Not severe at all,2,Slightly severe,Do less,0.21041019242045045,0.19564859716414787,-0.014761595256302579,-7.015627468656718,2653
heat,Extreme Heat,Car,Using a car for traveling,1,Not severe at all,2,Slightly severe,About the same,0.6402323523507155,0.6425226594931263,0.0022903071424107413,0.35773061670524964,2653
heat,Extreme Heat,Car,Using a car for traveling,1,Not severe at all,2,Slightly severe,Do more,0.14935745522883562,0.16182874334272726,0.012471288113891643,8.349960231167545,2653
heat,Extreme Heat,Car,Using a car for traveling,1,Not severe at all,3,Moderately severe,Do less,0.21041019242045045,0.17604847193652176,-0.03436172048392869,-16.33082508439784,2653
heat,Extreme Heat,Car,Using a car for traveling,1,Not severe at all,3,Moderately severe,About the same,0.6402323523507155,0.6435330114649681,0.003300659114252591,0.5155408192250349,2653
heat,Extreme Heat,Car,Using a car for traveling,1,Not severe at all,3,Moderately severe,Do more,0.14935745522883562,0.18041851659851105,0.03106106136967543,20.79645861807549,2653
heat,Extreme Heat,Car,Using a car for traveling,1,Not severe at all,4,Very severe,Do less,0.21041019242045045,0.16869047014847438,-0.04171972227197607,-19.827804818794124,2653
heat,Extreme Heat,Car,Using a car for traveling,1,Not severe at all,4,Very severe,About the same,0.6402323523507155,0.6432240105734617,0.002991658222746163,0.4672769521505452,2653
heat,Extreme Heat,Car,Using a car for traveling,1,Not severe at all,4,Very severe,Do more,0.14935745522883562,0.18808551927806397,0.03872806404922835,25.929783009419765,2653
heat,Extreme Heat,Car,Using a car for traveling,1,Not severe at all,5,Extremely severe,Do less,0.21041019242045045,0.16609570840469803,-0.044314484015752414,-21.060996858555864,2653
heat,Extreme Heat,Car,Using a car for traveling,1,Not severe at all,5,Extremely severe,About the same,0.6402323523507155,0.6430156173672498,0.002783265016534253,0.43472733083778886,2653
heat,Extreme Heat,Car,Using a car for traveling,1,Not severe at all,5,Extremely severe,Do more,0.14935745522883562,0.19088867422805283,0.04153121899921722,27.80659253706876,2653
heat,Extreme Heat,Car,Using a car for traveling,2,Slightly severe,1,Not severe at all,Do less,0.19564859716414787,0.21041019242045045,0.014761595256302579,7.544953283727201,2653
heat,Extreme Heat,Car,Using a car for traveling,2,Slightly severe,1,Not severe at all,About the same,0.6425226594931263,0.6402323523507155,-0.0022903071424107413,-0.3564554663671349,2653
heat,Extreme Heat,Car,Using a car for traveling,2,Slightly severe,1,Not severe at all,Do more,0.16182874334272726,0.14935745522883562,-0.012471288113891643,-7.7064728158207725,2653
heat,Extreme Heat,Car,Using a car for traveling,2,Slightly severe,3,Moderately severe,Do less,0.19564859716414787,0.17604847193652176,-0.01960012522762611,-10.01802492413566,2653
heat,Extreme Heat,Car,Using a car for traveling,2,Slightly severe,3,Moderately severe,About the same,0.6425226594931263,0.6435330114649681,0.0010103519718418497,0.15724767942641849,2653
heat,Extreme Heat,Car,Using a car for traveling,2,Slightly severe,3,Moderately severe,Do more,0.16182874334272726,0.18041851659851105,0.018589773255783787,11.487312372199316,2653
heat,Extreme Heat,Car,Using a car for traveling,2,Slightly severe,4,Very severe,Do less,0.19564859716414787,0.16869047014847438,-0.02695812701567349,-13.778850145833552,2653
heat,Extreme Heat,Car,Using a car for traveling,2,Slightly severe,4,Very severe,About the same,0.6425226594931263,0.6432240105734617,0.0007013510803354217,0.10915585154439597,2653
heat,Extreme Heat,Car,Using a car for traveling,2,Slightly severe,4,Very severe,Do more,0.16182874334272726,0.18808551927806397,0.026256775935336707,16.225038514776745,2653
heat,Extreme Heat,Car,Using a car for traveling,2,Slightly severe,5,Extremely severe,Do less,0.19564859716414787,0.16609570840469803,-0.029552888759449836,-15.105085948893954,2653
heat,Extreme Heat,Car,Using a car for traveling,2,Slightly severe,5,Extremely severe,About the same,0.6425226594931263,0.6430156173672498,0.0004929578741235119,0.07672225513609074,2653
heat,Extreme Heat,Car,Using a car for traveling,2,Slightly severe,5,Extremely severe,Do more,0.16182874334272726,0.19088867422805283,0.029059930885325574,17.957212226372736,2653
heat,Extreme Heat,Car,Using a car for traveling,3,Moderately severe,1,Not severe at all,Do less,0.17604847193652176,0.21041019242045045,0.03436172048392869,19.518329302124577,2653
heat,Extreme Heat,Car,Using a car for traveling,3,Moderately severe,1,Not severe at all,About the same,0.6435330114649681,0.6402323523507155,-0.003300659114252591,-0.5128966277485625,2653
heat,Extreme Heat,Car,Using a car for traveling,3,Moderately severe,1,Not severe at all,Do more,0.18041851659851105,0.14935745522883562,-0.03106106136967543,-17.216116147765607,2653
heat,Extreme Heat,Car,Using a car for traveling,3,Moderately severe,2,Slightly severe,Do less,0.17604847193652176,0.19564859716414787,0.01960012522762611,11.133368561525133,2653
heat,Extreme Heat,Car,Using a car for traveling,3,Moderately severe,2,Slightly severe,About the same,0.6435330114649681,0.6425226594931263,-0.0010103519718418497,-0.15700079931281816,2653
heat,Extreme Heat,Car,Using a car for traveling,3,Moderately severe,2,Slightly severe,Do more,0.18041851659851105,0.16182874334272726,-0.018589773255783787,-10.303694768288103,2653
heat,Extreme Heat,Car,Using a car for traveling,3,Moderately severe,4,Very severe,Do less,0.17604847193652176,0.16869047014847438,-0.00735800178804738,-4.179531754584313,2653
heat,Extreme Heat,Car,Using a car for traveling,3,Moderately severe,4,Very severe,About the same,0.6435330114649681,0.6432240105734617,-0.00030900089150642795,-0.04801632332784361,2653
heat,Extreme Heat,Car,Using a car for traveling,3,Moderately severe,4,Very severe,Do more,0.18041851659851105,0.18808551927806397,0.00766700267955292,4.249565301888861,2653
heat,Extreme Heat,Car,Using a car for traveling,3,Moderately severe,5,Extremely severe,Do less,0.17604847193652176,0.16609570840469803,-0.009952763531823727,-5.653422277594332,2653
heat,Extreme Heat,Car,Using a car for traveling,3,Moderately severe,5,Extremely severe,About the same,0.6435330114649681,0.6430156173672498,-0.0005173940977183378,-0.0803989987305419,2653
heat,Extreme Heat,Car,Using a car for traveling,3,Moderately severe,5,Extremely severe,Do more,0.18041851659851105,0.19088867422805283,0.010470157629541788,5.803261121385473,2653
heat,Extreme Heat,Car,Using a car for traveling,4,Very severe,1,Not severe at all,Do less,0.16869047014847438,0.21041019242045045,0.04171972227197607,24.731522910130067,2653
heat,Extreme Heat,Car,Using a car for traveling,4,Very severe,1,Not severe at all,About the same,0.6432240105734617,0.6402323523507155,-0.002991658222746163,-0.46510363008354927,2653
heat,Extreme Heat,Car,Using a car for traveling,4,Very severe,1,Not severe at all,Do more,0.18808551927806397,0.14935745522883562,-0.03872806404922835,-20.590667584553984,2653
heat,Extreme Heat,Car,Using a car for traveling,4,Very severe,2,Slightly severe,Do less,0.16869047014847438,0.19564859716414787,0.02695812701567349,15.980823926773136,2653
heat,Extreme Heat,Car,Using a car for traveling,4,Very severe,2,Slightly severe,About the same,0.6432240105734617,0.6425226594931263,-0.0007013510803354217,-0.10903683146251603,2653
heat,Extreme Heat,Car,Using a car for traveling,4,Very severe,2,Slightly severe,Do more,0.18808551927806397,0.16182874334272726,-0.026256775935336707,-13.960019908028604,2653
heat,Extreme Heat,Car,Using a car for traveling,4,Very severe,3,Moderately severe,Do less,0.16869047014847438,0.17604847193652176,0.00735800178804738,4.361836078571108,2653
heat,Extreme Heat,Car,Using a car for traveling,4,Very severe,3,Moderately severe,About the same,0.6432240105734617,0.6435330114649681,0.00030900089150642795,0.048039390076707565,2653
heat,Extreme Heat,Car,Using a car for traveling,4,Very severe,3,Moderately severe,Do more,0.18808551927806397,0.18041851659851105,-0.00766700267955292,-4.076338629885744,2653
heat,Extreme Heat,Car,Using a car for traveling,4,Very severe,5,Extremely severe,Do less,0.16869047014847438,0.16609570840469803,-0.002594761743776347,-1.5381792116013104,2653
heat,Extreme Heat,Car,Using a car for traveling,4,Very severe,5,Extremely severe,About the same,0.6432240105734617,0.6430156173672498,-0.00020839320621190982,-0.03239823184245227,2653
heat,Extreme Heat,Car,Using a car for traveling,4,Very severe,5,Extremely severe,Do more,0.18808551927806397,0.19088867422805283,0.0028031549499888675,1.490361916615552,2653
heat,Extreme Heat,Car,Using a car for traveling,5,Extremely severe,1,Not severe at all,Do less,0.16609570840469803,0.21041019242045045,0.044314484015752414,26.680089715369775,2653
heat,Extreme Heat,Car,Using a car for traveling,5,Extremely severe,1,Not severe at all,About the same,0.6430156173672498,0.6402323523507155,-0.002783265016534253,-0.4328456325726578,2653
heat,Extreme Heat,Car,Using a car for traveling,5,Extremely severe,1,Not severe at all,Do more,0.19088867422805283,0.14935745522883562,-0.04153121899921722,-21.75677481504234,2653
heat,Extreme Heat,Car,Using a car for traveling,5,Extremely severe,2,Slightly severe,Do less,0.16609570840469803,0.19564859716414787,0.029552888759449836,17.79268654397932,2653
heat,Extreme Heat,Car,Using a car for traveling,5,Extremely severe,2,Slightly severe,About the same,0.6430156173672498,0.6425226594931263,-0.0004929578741235119,-0.0766634372181921,2653
heat,Extreme Heat,Car,Using a car for traveling,5,Extremely severe,2,Slightly severe,Do more,0.19088867422805283,0.16182874334272726,-0.029059930885325574,-15.223496628515507,2653
heat,Extreme Heat,Car,Using a car for traveling,5,Extremely severe,3,Moderately severe,Do less,0.16609570840469803,0.17604847193652176,0.009952763531823727,5.99218584719448,2653
heat,Extreme Heat,Car,Using a car for traveling,5,Extremely severe,3,Moderately severe,About the same,0.6430156173672498,0.6435330114649681,0.0005173940977183378,0.08046369073223227,2653
heat,Extreme Heat,Car,Using a car for traveling,5,Extremely severe,3,Moderately severe,Do more,0.19088867422805283,0.18041851659851105,-0.010470157629541788,-5.484954868004999,2653
heat,Extreme Heat,Car,Using a car for traveling,5,Extremely severe,4,Very severe,Do less,0.16609570840469803,0.16869047014847438,0.002594761743776347,1.562208782332966,2653
heat,Extreme Heat,Car,Using a car for traveling,5,Extremely severe,4,Very severe,About the same,0.6430156173672498,0.6432240105734617,0.00020839320621190982,0.03240873169848514,2653
heat,Extreme Heat,Car,Using a car for traveling,5,Extremely severe,4,Very severe,Do more,0.19088867422805283,0.18808551927806397,-0.0028031549499888675,-1.4684763050111425,2653
heat,Extreme Heat,Delivery,Having food delivered,1,Not severe at all,2,Slightly severe,Do less,0.17744526155984297,0.14083021389723122,-0.036615047662611755,-20.63455926675361,2653
heat,Extreme Heat,Delivery,Having food delivered,1,Not severe at all,2,Slightly severe,About the same,0.6453172840382668,0.6397957321631934,-0.005521551875073416,-0.8556336567526359,2653
heat,Extreme Heat,Delivery,Having food delivered,1,Not severe at all,2,Slightly severe,Do more,0.17723745440188782,0.2193740539395755,0.04213659953768767,23.774094296199085,2653
heat,Extreme Heat,Delivery,Having food delivered,1,Not severe at all,3,Moderately severe,Do less,0.17744526155984297,0.14298260305171687,-0.034462658508126104,-19.42157159068666,2653
heat,Extreme Heat,Delivery,Having food delivered,1,Not severe at all,3,Moderately severe,About the same,0.6453172840382668,0.6404685797290297,-0.004848704309237117,-0.7513674945903964,2653
heat,Extreme Heat,Delivery,Having food delivered,1,Not severe at all,3,Moderately severe,Do more,0.17723745440188782,0.2165488172192533,0.03931136281736547,22.180053843600426,2653
heat,Extreme Heat,Delivery,Having food delivered,1,Not severe at all,4,Very severe,Do less,0.17744526155984297,0.10530550983862196,-0.07213975172122102,-40.6546509538053,2653
heat,Extreme Heat,Delivery,Having food delivered,1,Not severe at all,4,Very severe,About the same,0.6453172840382668,0.6200538248821662,-0.02526345915610062,-3.914889587027165,2653
heat,Extreme Heat,Delivery,Having food delivered,1,Not severe at all,4,Very severe,Do more,0.17723745440188782,0.27464066527921216,0.09740321087732434,54.95633595394658,2653
heat,Extreme Heat,Delivery,Having food delivered,1,Not severe at all,5,Extremely severe,Do less,0.17744526155984297,0.08872878012539563,-0.08871648143444734,-49.996534511307836,2653
heat,Extreme Heat,Delivery,Having food delivered,1,Not severe at all,5,Extremely severe,About the same,0.6453172840382668,0.6034424676951616,-0.04187481634310519,-6.489027549527411,2653
heat,Extreme Heat,Delivery,Having food delivered,1,Not severe at all,5,Extremely severe,Do more,0.17723745440188782,0.3078287521794441,0.1305912977775563,73.68154672400064,2653
heat,Extreme Heat,Delivery,Having food delivered,2,Slightly severe,1,Not severe at all,Do less,0.14083021389723122,0.17744526155984297,0.036615047662611755,25.999426294510247,2653
heat,Extreme Heat,Delivery,Having food delivered,2,Slightly severe,1,Not severe at all,About the same,0.6397957321631934,0.6453172840382668,0.005521551875073416,0.8630179286136639,2653
heat,Extreme Heat,Delivery,Having food delivered,2,Slightly severe,1,Not severe at all,Do more,0.2193740539395755,0.17723745440188782,-0.04213659953768767,-19.20764957431739,2653
heat,Extreme Heat,Delivery,Having food delivered,2,Slightly severe,3,Moderately severe,Do less,0.14083021389723122,0.14298260305171687,0.002152389154485651,1.528357512867463,2653
heat,Extreme Heat,Delivery,Having food delivered,2,Slightly severe,3,Moderately severe,About the same,0.6397957321631934,0.6404685797290297,0.0006728475658362987,0.10516599783517698,2653
heat,Extreme Heat,Delivery,Having food delivered,2,Slightly severe,3,Moderately severe,Do more,0.2193740539395755,0.2165488172192533,-0.0028252367203221995,-1.2878627483906482,2653
heat,Extreme Heat,Delivery,Having food delivered,2,Slightly severe,4,Very severe,Do less,0.14083021389723122,0.10530550983862196,-0.03552470405860926,-25.225200669320074,2653
heat,Extreme Heat,Delivery,Having food delivered,2,Slightly severe,4,Very severe,About the same,0.6397957321631934,0.6200538248821662,-0.019741907281027204,-3.085657857434975,2653
heat,Extreme Heat,Delivery,Having food delivered,2,Slightly severe,4,Very severe,Do more,0.2193740539395755,0.27464066527921216,0.05526661133963667,25.192865950710537,2653
heat,Extreme Heat,Delivery,Having food delivered,2,Slightly severe,5,Extremely severe,Do less,0.14083021389723122,0.08872878012539563,-0.052101433771835584,-36.99592035687444,2653
heat,Extreme Heat,Delivery,Having food delivered,2,Slightly severe,5,Extremely severe,About the same,0.6397957321631934,0.6034424676951616,-0.036353264468031776,-5.68201109205885,2653
heat,Extreme Heat,Delivery,Having food delivered,2,Slightly severe,5,Extremely severe,Do more,0.2193740539395755,0.3078287521794441,0.08845469823986862,40.32140385400027,2653
heat,Extreme Heat,Delivery,Having food delivered,3,Moderately severe,1,Not severe at all,Do less,0.14298260305171687,0.17744526155984297,0.034462658508126104,24.102693455413554,2653
heat,Extreme Heat,Delivery,Having food delivered,3,Moderately severe,1,Not severe at all,About the same,0.6404685797290297,0.6453172840382668,0.004848704309237117,0.7570557655285001,2653
heat,Extreme Heat,Delivery,Having food delivered,3,Moderately severe,1,Not severe at all,Do more,0.2165488172192533,0.17723745440188782,-0.03931136281736547,-18.15358002051018,2653
heat,Extreme Heat,Delivery,Having food delivered,3,Moderately severe,2,Slightly severe,Do less,0.14298260305171687,0.14083021389723122,-0.002152389154485651,-1.5053503772813055,2653
heat,Extreme Heat,Delivery,Having food delivered,3,Moderately severe,2,Slightly severe,About the same,0.6404685797290297,0.6397957321631934,-0.0006728475658362987,-0.105055515154384,2653
heat,Extreme Heat,Delivery,Having food delivered,3,Moderately severe,2,Slightly severe,Do more,0.2165488172192533,0.2193740539395755,0.0028252367203221995,1.3046650434768612,2653
heat,Extreme Heat,Delivery,Having food delivered,3,Moderately severe,4,Very severe,Do less,0.14298260305171687,0.10530550983862196,-0.03767709321309491,-26.350823393155803,2653
heat,Extreme Heat,Delivery,Having food delivered,3,Moderately severe,4,Very severe,About the same,0.6404685797290297,0.6200538248821662,-0.020414754846863503,-3.1874717188313286,2653
heat,Extreme Heat,Delivery,Having food delivered,3,Moderately severe,4,Very severe,Do more,0.2165488172192533,0.27464066527921216,0.05809184805995887,26.826213509696302,2653
heat,Extreme Heat,Delivery,Having food delivered,3,Moderately severe,5,Extremely severe,Do less,0.14298260305171687,0.08872878012539563,-0.054253822926321235,-37.944352507484844,2653
heat,Extreme Heat,Delivery,Having food delivered,3,Moderately severe,5,Extremely severe,About the same,0.6404685797290297,0.6034424676951616,-0.037026112033868075,-5.781097341189342,2653
heat,Extreme Heat,Delivery,Having food delivered,3,Moderately severe,5,Extremely severe,Do more,0.2165488172192533,0.3078287521794441,0.09127993496019082,42.1521281585994,2653
heat,Extreme Heat,Delivery,Having food delivered,4,Very severe,1,Not severe at all,Do less,0.10530550983862196,0.17744526155984297,0.07213975172122102,68.5052015148812,2653
heat,Extreme Heat,Delivery,Having food delivered,4,Very severe,1,Not severe at all,About the same,0.6200538248821662,0.6453172840382668,0.02526345915610062,4.074397760694668,2653
heat,Extreme Heat,Delivery,Having food delivered,4,Very severe,1,Not severe at all,Do more,0.27464066527921216,0.17723745440188782,-0.09740321087732434,-35.465691425666996,2653
heat,Extreme Heat,Delivery,Having food delivered,4,Very severe,2,Slightly severe,Do less,0.10530550983862196,0.14083021389723122,0.03552470405860926,33.73489584073044,2653
heat,Extreme Heat,Delivery,Having food delivered,4,Very severe,2,Slightly severe,About the same,0.6200538248821662,0.6397957321631934,0.019741907281027204,3.183902185391553,2653
heat,Extreme Heat,Delivery,Having food delivered,4,Very severe,2,Slightly severe,Do more,0.27464066527921216,0.2193740539395755,-0.05526661133963667,-20.123244051804974,2653
heat,Extreme Heat,Delivery,Having food delivered,4,Very severe,3,Moderately severe,Do less,0.10530550983862196,0.14298260305171687,0.03767709321309491,35.77884316863772,2653
heat,Extreme Heat,Delivery,Having food delivered,4,Very severe,3,Moderately severe,About the same,0.6200538248821662,0.6404685797290297,0.020414754846863503,3.2924165657300932,2653
heat,Extreme Heat,Delivery,Having food delivered,4,Very severe,3,Moderately severe,Do more,0.27464066527921216,0.2165488172192533,-0.05809184805995887,-21.15194703628469,2653
heat,Extreme Heat,Delivery,Having food delivered,4,Very severe,5,Extremely severe,Do less,0.10530550983862196,0.08872878012539563,-0.016576729713226324,-15.741559713855185,2653
heat,Extreme Heat,Delivery,Having food delivered,4,Very severe,5,Extremely severe,About the same,0.6200538248821662,0.6034424676951616,-0.016611357187004572,-2.679018582001548,2653
heat,Extreme Heat,Delivery,Having food delivered,4,Very severe,5,Extremely severe,Do more,0.27464066527921216,0.3078287521794441,0.03318808690023195,12.084185299540923,2653
heat,Extreme Heat,Delivery,Having food delivered,5,Extremely severe,1,Not severe at all,Do less,0.08872878012539563,0.17744526155984297,0.08871648143444734,99.98613900593368,2653
heat,Extreme Heat,Delivery,Having food delivered,5,Extremely severe,1,Not severe at all,About the same,0.6034424676951616,0.6453172840382668,0.04187481634310519,6.939322070427916,2653
heat,Extreme Heat,Delivery,Having food delivered,5,Extremely severe,1,Not severe at all,Do more,0.3078287521794441,0.17723745440188782,-0.1305912977775563,-42.42335936879284,2653
heat,Extreme Heat,Delivery,Having food delivered,5,Extremely severe,2,Slightly severe,Do less,0.08872878012539563,0.14083021389723122,0.052101433771835584,58.719880627462054,2653
heat,Extreme Heat,Delivery,Having food delivered,5,Extremely severe,2,Slightly severe,About the same,0.6034424676951616,0.6397957321631934,0.036353264468031776,6.024313238490234,2653
heat,Extreme Heat,Delivery,Having food delivered,5,Extremely severe,2,Slightly severe,Do more,0.3078287521794441,0.2193740539395755,-0.08845469823986862,-28.73503453254597,2653
heat,Extreme Heat,Delivery,Having food delivered,5,Extremely severe,3,Moderately severe,Do less,0.08872878012539563,0.14298260305171687,0.054253822926321235,61.145687847446126,2653
heat,Extreme Heat,Delivery,Having food delivered,5,Extremely severe,3,Moderately severe,About the same,0.6034424676951616,0.6404685797290297,0.037026112033868075,6.135814765455386,2653
heat,Extreme Heat,Delivery,Having food delivered,5,Extremely severe,3,Moderately severe,Do more,0.3078287521794441,0.2165488172192533,-0.09127993496019082,-29.652829475454773,2653
heat,Extreme Heat,Delivery,Having food delivered,5,Extremely severe,4,Very severe,Do less,0.08872878012539563,0.10530550983862196,0.016576729713226324,18.682472237079466,2653
heat,Extreme Heat,Delivery,Having food delivered,5,Extremely severe,4,Very severe,About the same,0.6034424676951616,0.6200538248821662,0.016611357187004572,2.7527656862552896,2653
heat,Extreme Heat,Delivery,Having food delivered,5,Extremely severe,4,Very severe,Do more,0.3078287521794441,0.27464066527921216,-0.03318808690023195,-10.781347312510125,2653
heat,Extreme Heat,Dine in,Eating indoors at a restaurant,1,Not severe at all,2,Slightly severe,Do less,0.2345725560779769,0.20501810563114037,-0.029554450446836522,-12.599278850426131,2653
heat,Extreme Heat,Dine in,Eating indoors at a restaurant,1,Not severe at all,2,Slightly severe,About the same,0.6092751694975738,0.6136780000093868,0.004402830511813005,0.722634161415721,2653
heat,Extreme Heat,Dine in,Eating indoors at a restaurant,1,Not severe at all,2,Slightly severe,Do more,0.15615227442444854,0.18130389435947628,0.025151619935027736,16.107110849158264,2653
heat,Extreme Heat,Dine in,Eating indoors at a restaurant,1,Not severe at all,3,Moderately severe,Do less,0.2345725560779769,0.232924712722233,-0.0016478433557438887,-0.7024877007334612,2653
heat,Extreme Heat,Dine in,Eating indoors at a restaurant,1,Not severe at all,3,Moderately severe,About the same,0.6092751694975738,0.6096312590100419,0.00035608951246812737,0.05844477672736429,2653
heat,Extreme Heat,Dine in,Eating indoors at a restaurant,1,Not severe at all,3,Moderately severe,Do more,0.15615227442444854,0.1574440282677293,0.0012917538432807574,0.8272398516396564,2653
heat,Extreme Heat,Dine in,Eating indoors at a restaurant,1,Not severe at all,4,Very severe,Do less,0.2345725560779769,0.2632277504667693,0.028655194388792382,12.215919401614393,2653
heat,Extreme Heat,Dine in,Eating indoors at a restaurant,1,Not severe at all,4,Very severe,About the same,0.6092751694975738,0.6012963279119452,-0.00797884158562856,-1.3095629011450027,2653
heat,Extreme Heat,Dine in,Eating indoors at a restaurant,1,Not severe at all,4,Very severe,Do more,0.15615227442444854,0.13547592162128144,-0.020676352803167097,-13.241147386022211,2653
heat,Extreme Heat,Dine in,Eating indoors at a restaurant,1,Not severe at all,5,Extremely severe,Do less,0.2345725560779769,0.16357539267667676,-0.07099716340130013,-30.2666111451244,2653
heat,Extreme Heat,Dine in,Eating indoors at a restaurant,1,Not severe at all,5,Extremely severe,About the same,0.6092751694975738,0.6110966792746463,0.0018215097770725164,0.29896340245977643,2653
heat,Extreme Heat,Dine in,Eating indoors at a restaurant,1,Not severe at all,5,Extremely severe,Do more,0.15615227442444854,0.22532792804868104,0.0691756536242325,44.30012555321562,2653
heat,Extreme Heat,Dine in,Eating indoors at a restaurant,2,Slightly severe,1,Not severe at all,Do less,0.20501810563114037,0.2345725560779769,0.029554450446836522,14.415531914049387,2653
heat,Extreme Heat,Dine in,Eating indoors at a restaurant,2,Slightly severe,1,Not severe at all,About the same,0.6136780000093868,0.6092751694975738,-0.004402830511813005,-0.7174496253321221,2653
heat,Extreme Heat,Dine in,Eating indoors at a restaurant,2,Slightly severe,1,Not severe at all,Do more,0.18130389435947628,0.15615227442444854,-0.025151619935027736,-13.872630824553012,2653
heat,Extreme Heat,Dine in,Eating indoors at a restaurant,2,Slightly severe,3,Moderately severe,Do less,0.20501810563114037,0.232924712722233,0.027906607091092633,13.61177687462442,2653
heat,Extreme Heat,Dine in,Eating indoors at a restaurant,2,Slightly severe,3,Moderately severe,About the same,0.6136780000093868,0.6096312590100419,-0.004046740999344878,-0.6594241604364144,2653
heat,Extreme Heat,Dine in,Eating indoors at a restaurant,2,Slightly severe,3,Moderately severe,Do more,0.18130389435947628,0.1574440282677293,-0.02385986609174698,-13.160150903564904,2653
heat,Extreme Heat,Dine in,Eating indoors at a restaurant,2,Slightly severe,4,Very severe,Do less,0.20501810563114037,0.2632277504667693,0.058209644835628904,28.39244107559805,2653
heat,Extreme Heat,Dine in,Eating indoors at a restaurant,2,Slightly severe,4,Very severe,About the same,0.6136780000093868,0.6012963279119452,-0.012381672097441565,-2.017617072349372,2653
heat,Extreme Heat,Dine in,Eating indoors at a restaurant,2,Slightly severe,4,Very severe,Do more,0.18130389435947628,0.13547592162128144,-0.04582797273819483,-25.27688271677741,2653
heat,Extreme Heat,Dine in,Eating indoors at a restaurant,2,Slightly severe,5,Extremely severe,Do less,0.20501810563114037,0.16357539267667676,-0.04144271295446361,-20.21417222000165,2653
heat,Extreme Heat,Dine in,Eating indoors at a restaurant,2,Slightly severe,5,Extremely severe,About the same,0.6136780000093868,0.6110966792746463,-0.0025813207347404887,-0.4206311346831734,2653
heat,Extreme Heat,Dine in,Eating indoors at a restaurant,2,Slightly severe,5,Extremely severe,Do more,0.18130389435947628,0.22532792804868104,0.04402403368920477,24.28190185585153,2653
heat,Extreme Heat,Dine in,Eating indoors at a restaurant,3,Moderately severe,1,Not severe at all,Do less,0.232924712722233,0.2345725560779769,0.0016478433557438887,0.707457502677688,2653
heat,Extreme Heat,Dine in,Eating indoors at a restaurant,3,Moderately severe,1,Not severe at all,About the same,0.6096312590100419,0.6092751694975738,-0.00035608951246812737,-0.058410638759956016,2653
heat,Extreme Heat,Dine in,Eating indoors at a restaurant,3,Moderately severe,1,Not severe at all,Do more,0.1574440282677293,0.15615227442444854,-0.0012917538432807574,-0.8204527396137026,2653
heat,Extreme Heat,Dine in,Eating indoors at a restaurant,3,Moderately severe,2,Slightly severe,Do less,0.232924712722233,0.20501810563114037,-0.027906607091092633,-11.980955891259068,2653
heat,Extreme Heat,Dine in,Eating indoors at a restaurant,3,Moderately severe,2,Slightly severe,About the same,0.6096312590100419,0.6136780000093868,0.004046740999344878,0.6638014274261844,2653
heat,Extreme Heat,Dine in,Eating indoors at a restaurant,3,Moderately severe,2,Slightly severe,Do more,0.1574440282677293,0.18130389435947628,0.02385986609174698,15.154506877310025,2653
heat,Extreme Heat,Dine in,Eating indoors at a restaurant,3,Moderately severe,4,Very severe,Do less,0.232924712722233,0.2632277504667693,0.03030303774453627,13.009799342619862,2653
heat,Extreme Heat,Dine in,Eating indoors at a restaurant,3,Moderately severe,4,Very severe,About the same,0.6096312590100419,0.6012963279119452,-0.008334931098096687,-1.3672086158494365,2653
heat,Extreme Heat,Dine in,Eating indoors at a restaurant,3,Moderately severe,4,Very severe,Do more,0.1574440282677293,0.13547592162128144,-0.021968106646447855,-13.952962769151005,2653
heat,Extreme Heat,Dine in,Eating indoors at a restaurant,3,Moderately severe,5,Extremely severe,Do less,0.232924712722233,0.16357539267667676,-0.06934932004555625,-29.773277053799173,2653
heat,Extreme Heat,Dine in,Eating indoors at a restaurant,3,Moderately severe,5,Extremely severe,About the same,0.6096312590100419,0.6110966792746463,0.001465420264604389,0.24037813726678517,2653
heat,Extreme Heat,Dine in,Eating indoors at a restaurant,3,Moderately severe,5,Extremely severe,Do more,0.1574440282677293,0.22532792804868104,0.06788389978095175,43.116211219848246,2653
heat,Extreme Heat,Dine in,Eating indoors at a restaurant,4,Very severe,1,Not severe at all,Do less,0.2632277504667693,0.2345725560779769,-0.028655194388792382,-10.886084137397932,2653
heat,Extreme Heat,Dine in,Eating indoors at a restaurant,4,Very severe,1,Not severe at all,About the same,0.6012963279119452,0.6092751694975738,0.00797884158562856,1.3269400153058966,2653
heat,Extreme Heat,Dine in,Eating indoors at a restaurant,4,Very severe,1,Not severe at all,Do more,0.13547592162128144,0.15615227442444854,0.020676352803167097,15.262013024696133,2653
heat,Extreme Heat,Dine in,Eating indoors at a restaurant,4,Very severe,2,Slightly severe,Do less,0.2632277504667693,0.20501810563114037,-0.058209644835628904,-22.113794891461293,2653
heat,Extreme Heat,Dine in,Eating indoors at a restaurant,4,Very severe,2,Slightly severe,About the same,0.6012963279119452,0.6136780000093868,0.012381672097441565,2.059163098573713,2653
heat,Extreme Heat,Dine in,Eating indoors at a restaurant,4,Very severe,2,Slightly severe,Do more,0.13547592162128144,0.18130389435947628,0.04582797273819483,33.82739322955518,2653
heat,Extreme Heat,Dine in,Eating indoors at a restaurant,4,Very severe,3,Moderately severe,Do less,0.2632277504667693,0.232924712722233,-0.03030303774453627,-11.512098435974677,2653
heat,Extreme Heat,Dine in,Eating indoors at a restaurant,4,Very severe,3,Moderately severe,About the same,0.6012963279119452,0.6096312590100419,0.008334931098096687,1.3861603191625125,2653
heat,Extreme Heat,Dine in,Eating indoors at a restaurant,4,Very severe,3,Moderately severe,Do more,0.13547592162128144,0.1574440282677293,0.021968106646447855,16.21550633023851,2653
heat,Extreme Heat,Dine in,Eating indoors at a restaurant,4,Very severe,5,Extremely severe,Do less,0.2632277504667693,0.16357539267667676,-0.09965235779009252,-37.85784652772503,2653
heat,Extreme Heat,Dine in,Eating indoors at a restaurant,4,Very severe,5,Extremely severe,About the same,0.6012963279119452,0.6110966792746463,0.009800351362701076,1.6298704827840318,2653
heat,Extreme Heat,Dine in,Eating indoors at a restaurant,4,Very severe,5,Extremely severe,Do more,0.13547592162128144,0.22532792804868104,0.0898520064273996,66.32322950980026,2653
heat,Extreme Heat,Dine in,Eating indoors at a restaurant,5,Extremely severe,1,Not severe at all,Do less,0.16357539267667676,0.2345725560779769,0.07099716340130013,43.40332750515426,2653
heat,Extreme Heat,Dine in,Eating indoors at a restaurant,5,Extremely severe,1,Not severe at all,About the same,0.6110966792746463,0.6092751694975738,-0.0018215097770725164,-0.2980722754433218,2653
heat,Extreme Heat,Dine in,Eating indoors at a restaurant,5,Extremely severe,1,Not severe at all,Do more,0.22532792804868104,0.15615227442444854,-0.0691756536242325,-30.699990996805077,2653
heat,Extreme Heat,Dine in,Eating indoors at a restaurant,5,Extremely severe,2,Slightly severe,Do less,0.16357539267667676,0.20501810563114037,0.04144271295446361,25.33554239199004,2653
heat,Extreme Heat,Dine in,Eating indoors at a restaurant,5,Extremely severe,2,Slightly severe,About the same,0.6110966792746463,0.6136780000093868,0.0025813207347404887,0.4224079138843366,2653
heat,Extreme Heat,Dine in,Eating indoors at a restaurant,5,Extremely severe,2,Slightly severe,Do more,0.22532792804868104,0.18130389435947628,-0.04402403368920477,-19.537761728183813,2653
heat,Extreme Heat,Dine in,Eating indoors at a restaurant,5,Extremely severe,3,Moderately severe,Do less,0.16357539267667676,0.232924712722233,0.06934932004555625,42.39593676698803,2653
heat,Extreme Heat,Dine in,Eating indoors at a restaurant,5,Extremely severe,3,Moderately severe,About the same,0.6110966792746463,0.6096312590100419,-0.001465420264604389,-0.23980170639182652,2653
heat,Extreme Heat,Dine in,Eating indoors at a restaurant,5,Extremely severe,3,Moderately severe,Do more,0.22532792804868104,0.1574440282677293,-0.06788389978095175,-30.12671370514078,2653
heat,Extreme Heat,Dine in,Eating indoors at a restaurant,5,Extremely severe,4,Very severe,Do less,0.16357539267667676,0.2632277504667693,0.09965235779009252,60.92136241241703,2653
heat,Extreme Heat,Dine in,Eating indoors at a restaurant,5,Extremely severe,4,Very severe,About the same,0.6110966792746463,0.6012963279119452,-0.009800351362701076,-1.60373173265052,2653
heat,Extreme Heat,Dine in,Eating indoors at a restaurant,5,Extremely severe,4,Very severe,Do more,0.22532792804868104,0.13547592162128144,-0.0898520064273996,-39.87610732744478,2653
heat,Extreme Heat,Home,Staying at home,1,Not severe at all,2,Slightly severe,Do less,0.10088895593618738,0.06117230023216773,-0.03971665570401965,-39.366703060283996,2653
heat,Extreme Heat,Home,Staying at home,1,Not severe at all,2,Slightly severe,About the same,0.561972381279165,0.4990998561081169,-0.06287252517104813,-11.18783186959069,2653
heat,Extreme Heat,Home,Staying at home,1,Not severe at all,2,Slightly severe,Do more,0.3371386627846482,0.43972784365971496,0.10258918087506674,30.429372895922334,2653
heat,Extreme Heat,Home,Staying at home,1,Not severe at all,3,Moderately severe,Do less,0.10088895593618738,0.05894585421370775,-0.04194310172247963,-41.573531347681694,2653
heat,Extreme Heat,Home,Staying at home,1,Not severe at all,3,Moderately severe,About the same,0.561972381279165,0.49394679959022797,-0.06802558168893708,-12.104790903442057,2653
heat,Extreme Heat,Home,Staying at home,1,Not severe at all,3,Moderately severe,Do more,0.3371386627846482,0.44710734619606496,0.10996868341141675,32.618235625399244,2653
heat,Extreme Heat,Home,Staying at home,1,Not severe at all,4,Very severe,Do less,0.10088895593618738,0.040158519905102955,-0.060730436031084425,-60.19532610635463,2653
heat,Extreme Heat,Home,Staying at home,1,Not severe at all,4,Very severe,About the same,0.561972381279165,0.43899411927882215,-0.1229782620003429,-21.883328451198793,2653
heat,Extreme Heat,Home,Staying at home,1,Not severe at all,4,Very severe,Do more,0.3371386627846482,0.5208473608160747,0.18370869803142653,54.49054597122043,2653
heat,Extreme Heat,Home,Staying at home,1,Not severe at all,5,Extremely severe,Do less,0.10088895593618738,0.0486487061057235,-0.05224024983046388,-51.779948900954054,2653
heat,Extreme Heat,Home,Staying at home,1,Not severe at all,5,Extremely severe,About the same,0.561972381279165,0.4667121518338012,-0.09526022944536383,-16.951051798761338,2653
heat,Extreme Heat,Home,Staying at home,1,Not severe at all,5,Extremely severe,Do more,0.3371386627846482,0.4846391420604753,0.1475004792758271,43.75068645569286,2653
heat,Extreme Heat,Home,Staying at home,2,Slightly severe,1,Not severe at all,Do less,0.06117230023216773,0.10088895593618738,0.03971665570401965,64.92588239004043,2653
heat,Extreme Heat,Home,Staying at home,2,Slightly severe,1,Not severe at all,About the same,0.4990998561081169,0.561972381279165,0.06287252517104813,12.597183589936447,2653
heat,Extreme Heat,Home,Staying at home,2,Slightly severe,1,Not severe at all,Do more,0.43972784365971496,0.3371386627846482,-0.10258918087506674,-23.33015349249882,2653
heat,Extreme Heat,Home,Staying at home,2,Slightly severe,3,Moderately severe,Do less,0.06117230023216773,0.05894585421370775,-0.0022264460184599766,-3.639631025823662,2653
heat,Extreme Heat,Home,Staying at home,2,Slightly severe,3,Moderately severe,About the same,0.4990998561081169,0.49394679959022797,-0.005153056517888943,-1.0324700467901293,2653
heat,Extreme Heat,Home,Staying at home,2,Slightly severe,3,Moderately severe,Do more,0.43972784365971496,0.44710734619606496,0.007379502536350002,1.6781976949498467,2653
heat,Extreme Heat,Home,Staying at home,2,Slightly severe,4,Very severe,Do less,0.06117230023216773,0.040158519905102955,-0.021013780327064774,-34.351790348427315,2653
heat,Extreme Heat,Home,Staying at home,2,Slightly severe,4,Very severe,About the same,0.4990998561081169,0.43899411927882215,-0.060105736829294765,-12.042827921848655,2653
heat,Extreme Heat,Home,Staying at home,2,Slightly severe,4,Very severe,Do more,0.43972784365971496,0.5208473608160747,0.08111951715635979,18.447664464735244,2653
heat,Extreme Heat,Home,Staying at home,2,Slightly severe,5,Extremely severe,Do less,0.06117230023216773,0.0486487061057235,-0.012523594126444229,-20.472655235970088,2653
heat,Extreme Heat,Home,Staying at home,2,Slightly severe,5,Extremely severe,About the same,0.4990998561081169,0.4667121518338012,-0.0323877042743157,-6.489223324340079,2653
heat,Extreme Heat,Home,Staying at home,2,Slightly severe,5,Extremely severe,Do more,0.43972784365971496,0.4846391420604753,0.04491129840076036,10.213430659059,2653
heat,Extreme Heat,Home,Staying at home,3,Moderately severe,1,Not severe at all,Do less,0.05894585421370775,0.10088895593618738,0.04194310172247963,71.15530393437888,2653
heat,Extreme Heat,Home,Staying at home,3,Moderately severe,1,Not severe at all,About the same,0.49394679959022797,0.561972381279165,0.06802558168893708,13.771843798840328,2653
heat,Extreme Heat,Home,Staying at home,3,Moderately severe,1,Not severe at all,Do more,0.44710734619606496,0.3371386627846482,-0.10996868341141675,-24.59558858672687,2653
heat,Extreme Heat,Home,Staying at home,3,Moderately severe,2,Slightly severe,Do less,0.05894585421370775,0.06117230023216773,0.0022264460184599766,3.777103662605369,2653
heat,Extreme Heat,Home,Staying at home,3,Moderately severe,2,Slightly severe,About the same,0.49394679959022797,0.4990998561081169,0.005153056517888943,1.0432411996927309,2653
heat,Extreme Heat,Home,Staying at home,3,Moderately severe,2,Slightly severe,Do more,0.44710734619606496,0.43972784365971496,-0.007379502536350002,-1.650499057806568,2653
heat,Extreme Heat,Home,Staying at home,3,Moderately severe,4,Very severe,Do less,0.05894585421370775,0.040158519905102955,-0.018787334308604797,-31.872189417242915,2653
heat,Extreme Heat,Home,Staying at home,3,Moderately severe,4,Very severe,About the same,0.49394679959022797,0.43899411927882215,-0.05495268031140582,-11.125222464644748,2653
heat,Extreme Heat,Home,Staying at home,3,Moderately severe,4,Very severe,Do more,0.44710734619606496,0.5208473608160747,0.07374001462000979,16.492686878750902,2653
heat,Extreme Heat,Home,Staying at home,3,Moderately severe,5,Extremely severe,Do less,0.05894585421370775,0.0486487061057235,-0.010297148107984253,-17.468824984115116,2653
heat,Extreme Heat,Home,Staying at home,3,Moderately severe,5,Extremely severe,About the same,0.49394679959022797,0.4667121518338012,-0.027234647756426755,-5.513680375906935,2653
heat,Extreme Heat,Home,Staying at home,3,Moderately severe,5,Extremely severe,Do more,0.44710734619606496,0.4846391420604753,0.037531795864410356,8.394359024454937,2653
heat,Extreme Heat,Home,Staying at home,4,Very severe,1,Not severe at all,Do less,0.040158519905102955,0.10088895593618738,0.060730436031084425,151.22677871244798,2653
heat,Extreme Heat,Home,Staying at home,4,Very severe,1,Not severe at all,About the same,0.43899411927882215,0.561972381279165,0.1229782620003429,28.01364678924882,2653
heat,Extreme Heat,Home,Staying at home,4,Very severe,1,Not severe at all,Do more,0.5208473608160747,0.3371386627846482,-0.18370869803142653,-35.271120073179944,2653
heat,Extreme Heat,Home,Staying at home,4,Very severe,2,Slightly severe,Do less,0.040158519905102955,0.06117230023216773,0.021013780327064774,52.32707872880182,2653
heat,Extreme Heat,Home,Staying at home,4,Very severe,2,Slightly severe,About the same,0.43899411927882215,0.4990998561081169,0.060105736829294765,13.691695216335981,2653
heat,Extreme Heat,Home,Staying at home,4,Very severe,2,Slightly severe,Do more,0.5208473608160747,0.43972784365971496,-0.08111951715635979,-15.574527828894055,2653
heat,Extreme Heat,Home,Staying at home,4,Very severe,3,Moderately severe,Do less,0.040158519905102955,0.05894585421370775,0.018787334308604797,46.78293511065751,2653
heat,Extreme Heat,Home,Staying at home,4,Very severe,3,Moderately severe,About the same,0.43899411927882215,0.49394679959022797,0.05495268031140582,12.517862517539385,2653
heat,Extreme Heat,Home,Staying at home,4,Very severe,3,Moderately severe,Do more,0.5208473608160747,0.44710734619606496,-0.07374001462000979,-14.157701500968031,2653
heat,Extreme Heat,Home,Staying at home,4,Very severe,5,Extremely severe,Do less,0.040158519905102955,0.0486487061057235,0.008490186200620545,21.1416810696295,2653
heat,Extreme Heat,Home,Staying at home,4,Very severe,5,Extremely severe,About the same,0.43899411927882215,0.4667121518338012,0.027718032554979066,6.313987212519873,2653
heat,Extreme Heat,Home,Staying at home,4,Very severe,5,Extremely severe,Do more,0.5208473608160747,0.4846391420604753,-0.03620821875559943,-6.951790770114995,2653
heat,Extreme Heat,Home,Staying at home,5,Extremely severe,1,Not severe at all,Do less,0.0486487061057235,0.10088895593618738,0.05224024983046388,107.38260893709122,2653
heat,Extreme Heat,Home,Staying at home,5,Extremely severe,1,Not severe at all,About the same,0.4667121518338012,0.561972381279165,0.09526022944536383,20.410916894078756,2653
heat,Extreme Heat,Home,Staying at home,5,Extremely severe,1,Not severe at all,Do more,0.4846391420604753,0.3371386627846482,-0.1475004792758271,-30.435114804949322,2653
heat,Extreme Heat,Home,Staying at home,5,Extremely severe,2,Slightly severe,Do less,0.0486487061057235,0.06117230023216773,0.012523594126444229,25.742913078156533,2653
heat,Extreme Heat,Home,Staying at home,5,Extremely severe,2,Slightly severe,About the same,0.4667121518338012,0.4990998561081169,0.0323877042743157,6.939545959336653,2653
heat,Extreme Heat,Home,Staying at home,5,Extremely severe,2,Slightly severe,Do more,0.4846391420604753,0.43972784365971496,-0.04491129840076036,-9.266956484327082,2653
heat,Extreme Heat,Home,Staying at home,5,Extremely severe,3,Moderately severe,Do less,0.0486487061057235,0.05894585421370775,0.010297148107984253,21.166335000989466,2653
heat,Extreme Heat,Home,Staying at home,5,Extremely severe,3,Moderately severe,About the same,0.4667121518338012,0.49394679959022797,0.027234647756426755,5.835427179133138,2653
heat,Extreme Heat,Home,Staying at home,5,Extremely severe,3,Moderately severe,Do more,0.4846391420604753,0.44710734619606496,-0.037531795864410356,-7.744276639489218,2653
heat,Extreme Heat,Home,Staying at home,5,Extremely severe,4,Very severe,Do less,0.0486487061057235,0.040158519905102955,-0.008490186200620545,-17.452028800456993,2653
heat,Extreme Heat,Home,Staying at home,5,Extremely severe,4,Very severe,About the same,0.4667121518338012,0.43899411927882215,-0.027718032554979066,-5.9389995409525165,2653
heat,Extreme Heat,Home,Staying at home,5,Extremely severe,4,Very severe,Do more,0.4846391420604753,0.5208473608160747,0.03620821875559943,7.471170942086476,2653
heat,Extreme Heat,Pick up,Picking up takeout,1,Not severe at all,2,Slightly severe,Do less,0.22621059448653824,0.24100791537566216,0.014797320889123916,6.541391627881736,2653
heat,Extreme Heat,Pick up,Picking up takeout,1,Not severe at all,2,Slightly severe,About the same,0.6096476770503287,0.6065248626495187,-0.003122814400810081,-0.5122326416331577,2653
heat,Extreme Heat,Pick up,Picking up takeout,1,Not severe at all,2,Slightly severe,Do more,0.16414172846313183,0.15246722197482046,-0.011674506488311365,-7.112454948306211,2653
heat,Extreme Heat,Pick up,Picking up takeout,1,Not severe at all,3,Moderately severe,Do less,0.22621059448653824,0.2212556475400588,-0.004954946946479438,-2.1904132994859826,2653
heat,Extreme Heat,Pick up,Picking up takeout,1,Not severe at all,3,Moderately severe,About the same,0.6096476770503287,0.6104679387316799,0.0008202616813511865,0.1345468394663416,2653
heat,Extreme Heat,Pick up,Picking up takeout,1,Not severe at all,3,Moderately severe,Do more,0.16414172846313183,0.16827641372825983,0.004134685265128002,2.5189726609079184,2653
heat,Extreme Heat,Pick up,Picking up takeout,1,Not severe at all,4,Very severe,Do less,0.22621059448653824,0.21037660400679525,-0.015833990479742988,-6.999667949100087,2653
heat,Extreme Heat,Pick up,Picking up takeout,1,Not severe at all,4,Very severe,About the same,0.6096476770503287,0.611837144857066,0.002189467806737233,0.3591365782496837,2653
heat,Extreme Heat,Pick up,Picking up takeout,1,Not severe at all,4,Very severe,Do more,0.16414172846313183,0.17778625113613822,0.013644522673006393,8.312647125603476,2653
heat,Extreme Heat,Pick up,Picking up takeout,1,Not severe at all,5,Extremely severe,Do less,0.22621059448653824,0.21750385581834447,-0.00870673866819377,-3.8489526487283543,2653
heat,Extreme Heat,Pick up,Picking up takeout,1,Not severe at all,5,Extremely severe,About the same,0.6096476770503287,0.6110088076191583,0.0013611305688295827,0.2232651119766698,2653
heat,Extreme Heat,Pick up,Picking up takeout,1,Not severe at all,5,Extremely severe,Do more,0.16414172846313183,0.1714873365624993,0.007345608099367462,4.475161903158204,2653
heat,Extreme Heat,Pick up,Picking up takeout,2,Slightly severe,1,Not severe at all,Do less,0.24100791537566216,0.22621059448653824,-0.014797320889123916,-6.139765520173535,2653
heat,Extreme Heat,Pick up,Picking up takeout,2,Slightly severe,1,Not severe at all,About the same,0.6065248626495187,0.6096476770503287,0.003122814400810081,0.5148699737004193,2653
heat,Extreme Heat,Pick up,Picking up takeout,2,Slightly severe,1,Not severe at all,Do more,0.15246722197482046,0.16414172846313183,0.011674506488311365,7.657059882837884,2653
heat,Extreme Heat,Pick up,Picking up takeout,2,Slightly severe,3,Moderately severe,Do less,0.24100791537566216,0.2212556475400588,-0.019752267835603354,-8.19569257914838,2653
heat,Extreme Heat,Pick up,Picking up takeout,2,Slightly severe,3,Moderately severe,About the same,0.6065248626495187,0.6104679387316799,0.003943076082161268,0.650109554443736,2653
heat,Extreme Heat,Pick up,Picking up takeout,2,Slightly severe,3,Moderately severe,Do more,0.15246722197482046,0.16827641372825983,0.015809191753439367,10.368911788823837,2653
heat,Extreme Heat,Pick up,Picking up takeout,2,Slightly severe,4,Very severe,Do less,0.24100791537566216,0.21037660400679525,-0.030631311368866904,-12.709670270008136,2653
heat,Extreme Heat,Pick up,Picking up takeout,2,Slightly severe,4,Very severe,About the same,0.6065248626495187,0.611837144857066,0.005312282207547314,0.8758556383560857,2653
heat,Extreme Heat,Pick up,Picking up takeout,2,Slightly severe,4,Very severe,Do more,0.15246722197482046,0.17778625113613822,0.025319029161317758,16.60621137669782,2653
heat,Extreme Heat,Pick up,Picking up takeout,2,Slightly severe,5,Extremely severe,Do less,0.24100791537566216,0.21750385581834447,-0.023504059557317686,-9.75240150128746,2653
heat,Extreme Heat,Pick up,Picking up takeout,2,Slightly severe,5,Extremely severe,About the same,0.6065248626495187,0.6110088076191583,0.004483944969639664,0.7392846107004056,2653
heat,Extreme Heat,Pick up,Picking up takeout,2,Slightly severe,5,Extremely severe,Do more,0.15246722197482046,0.1714873365624993,0.019020114587678827,12.47488761277486,2653
heat,Extreme Heat,Pick up,Picking up takeout,3,Moderately severe,1,Not severe at all,Do less,0.2212556475400588,0.22621059448653824,0.004954946946479438,2.23946687986002,2653
heat,Extreme Heat,Pick up,Picking up takeout,3,Moderately severe,1,Not severe at all,About the same,0.6104679387316799,0.6096476770503287,-0.0008202616813511865,-0.1343660541871172,2653
heat,Extreme Heat,Pick up,Picking up takeout,3,Moderately severe,1,Not severe at all,Do more,0.16827641372825983,0.16414172846313183,-0.004134685265128002,-2.4570795000450114,2653
heat,Extreme Heat,Pick up,Picking up takeout,3,Moderately severe,2,Slightly severe,Do less,0.2212556475400588,0.24100791537566216,0.019752267835603354,8.927350806730104,2653
heat,Extreme Heat,Pick up,Picking up takeout,3,Moderately severe,2,Slightly severe,About the same,0.6104679387316799,0.6065248626495187,-0.003943076082161268,-0.645910429031454,2653
heat,Extreme Heat,Pick up,Picking up takeout,3,Moderately severe,2,Slightly severe,Do more,0.16827641372825983,0.15246722197482046,-0.015809191753439367,-9.394775775866455,2653
heat,Extreme Heat,Pick up,Picking up takeout,3,Moderately severe,4,Very severe,Do less,0.2212556475400588,0.21037660400679525,-0.01087904353326355,-4.916956314660341,2653
heat,Extreme Heat,Pick up,Picking up takeout,3,Moderately severe,4,Very severe,About the same,0.6104679387316799,0.611837144857066,0.0013692061253860466,0.2242879664132298,2653
heat,Extreme Heat,Pick up,Picking up takeout,3,Moderately severe,4,Very severe,Do more,0.16827641372825983,0.17778625113613822,0.009509837407878391,5.651319277124181,2653
heat,Extreme Heat,Pick up,Picking up takeout,3,Moderately severe,5,Extremely severe,Do less,0.2212556475400588,0.21750385581834447,-0.0037517917217143315,-1.6956817886581006,2653
heat,Extreme Heat,Pick up,Picking up takeout,3,Moderately severe,5,Extremely severe,About the same,0.6104679387316799,0.6110088076191583,0.0005408688874783962,0.0885990652682131,2653
heat,Extreme Heat,Pick up,Picking up takeout,3,Moderately severe,5,Extremely severe,Do more,0.16827641372825983,0.1714873365624993,0.0032109228342394602,1.9081241173968682,2653
heat,Extreme Heat,Pick up,Picking up takeout,4,Very severe,1,Not severe at all,Do less,0.21037660400679525,0.22621059448653824,0.015833990479742988,7.526497803544515,2653
heat,Extreme Heat,Pick up,Picking up takeout,4,Very severe,1,Not severe at all,About the same,0.611837144857066,0.6096476770503287,-0.002189467806737233,-0.3578514029658537,2653
heat,Extreme Heat,Pick up,Picking up takeout,4,Very severe,1,Not severe at all,Do more,0.17778625113613822,0.16414172846313183,-0.013644522673006393,-7.674678208135578,2653
heat,Extreme Heat,Pick up,Picking up takeout,4,Very severe,2,Slightly severe,Do less,0.21037660400679525,0.24100791537566216,0.030631311368866904,14.560227128620015,2653
heat,Extreme Heat,Pick up,Picking up takeout,4,Very severe,2,Slightly severe,About the same,0.611837144857066,0.6065248626495187,-0.005312282207547314,-0.8682510129044781,2653
heat,Extreme Heat,Pick up,Picking up takeout,4,Very severe,2,Slightly severe,Do more,0.17778625113613822,0.15246722197482046,-0.025319029161317758,-14.241275126460673,2653
heat,Extreme Heat,Pick up,Picking up takeout,4,Very severe,3,Moderately severe,Do less,0.21037660400679525,0.2212556475400588,0.01087904353326355,5.171223095184174,2653
heat,Extreme Heat,Pick up,Picking up takeout,4,Very severe,3,Moderately severe,About the same,0.611837144857066,0.6104679387316799,-0.0013692061253860466,-0.2237860412521886,2653
heat,Extreme Heat,Pick up,Picking up takeout,4,Very severe,3,Moderately severe,Do more,0.17778625113613822,0.16827641372825983,-0.009509837407878391,-5.349028593103253,2653
heat,Extreme Heat,Pick up,Picking up takeout,4,Very severe,5,Extremely severe,Do less,0.21037660400679525,0.21750385581834447,0.007127251811549218,3.3878538182501536,2653
heat,Extreme Heat,Pick up,Picking up takeout,4,Very severe,5,Extremely severe,About the same,0.611837144857066,0.6110088076191583,-0.0008283372379076503,-0.13538524832472568,2653
heat,Extreme Heat,Pick up,Picking up takeout,4,Very severe,5,Extremely severe,Do more,0.17778625113613822,0.1714873365624993,-0.006298914573638931,-3.5429705803378426,2653
heat,Extreme Heat,Pick up,Picking up takeout,5,Extremely severe,1,Not severe at all,Do less,0.21750385581834447,0.22621059448653824,0.00870673866819377,4.003027272981078,2653
heat,Extreme Heat,Pick up,Picking up takeout,5,Extremely severe,1,Not severe at all,About the same,0.6110088076191583,0.6096476770503287,-0.0013611305688295827,-0.22276774931172105,2653
heat,Extreme Heat,Pick up,Picking up takeout,5,Extremely severe,1,Not severe at all,Do more,0.1714873365624993,0.16414172846313183,-0.007345608099367462,-4.283469699052865,2653
heat,Extreme Heat,Pick up,Picking up takeout,5,Extremely severe,2,Slightly severe,Do less,0.21750385581834447,0.24100791537566216,0.023504059557317686,10.80627259175942,2653
heat,Extreme Heat,Pick up,Picking up takeout,5,Extremely severe,2,Slightly severe,About the same,0.6110088076191583,0.6065248626495187,-0.004483944969639664,-0.7338593018178726,2653
heat,Extreme Heat,Pick up,Picking up takeout,5,Extremely severe,2,Slightly severe,Do more,0.1714873365624993,0.15246722197482046,-0.019020114587678827,-11.091264794789595,2653
heat,Extreme Heat,Pick up,Picking up takeout,5,Extremely severe,3,Moderately severe,Do less,0.21750385581834447,0.2212556475400588,0.0037517917217143315,1.7249311317256666,2653
heat,Extreme Heat,Pick up,Picking up takeout,5,Extremely severe,3,Moderately severe,About the same,0.6110088076191583,0.6104679387316799,-0.0005408688874783962,-0.0885206368114287,2653
heat,Extreme Heat,Pick up,Picking up takeout,5,Extremely severe,3,Moderately severe,Do more,0.1714873365624993,0.16827641372825983,-0.0032109228342394602,-1.872396468802363,2653
heat,Extreme Heat,Pick up,Picking up takeout,5,Extremely severe,4,Very severe,Do less,0.21750385581834447,0.21037660400679525,-0.007127251811549218,-3.2768392931396018,2653
heat,Extreme Heat,Pick up,Picking up takeout,5,Extremely severe,4,Very severe,About the same,0.6110088076191583,0.611837144857066,0.0008283372379076503,0.13556878846564072,2653
heat,Extreme Heat,Pick up,Picking up takeout,5,Extremely severe,4,Very severe,Do more,0.1714873365624993,0.17778625113613822,0.006298914573638931,3.6731077057361983,2653
heat,Extreme Heat,Transit,Taking public transit,1,Not severe at all,2,Slightly severe,Do less,0.2026109199409834,0.22825896805636167,0.02564804811537827,12.65876889698198,2653
heat,Extreme Heat,Transit,Taking public transit,1,Not severe at all,2,Slightly severe,About the same,0.6917981742357704,0.6812640498014148,-0.01053412443435564,-1.522716426072198,2653
heat,Extreme Heat,Transit,Taking public transit,1,Not severe at all,2,Slightly severe,Do more,0.10559090582324594,0.09047698214222569,-0.015113923681020255,-14.313660407762985,2653
heat,Extreme Heat,Transit,Taking public transit,1,Not severe at all,3,Moderately severe,Do less,0.2026109199409834,0.2440469960067278,0.0414360760657444,20.451057661558377,2653
heat,Extreme Heat,Transit,Taking public transit,1,Not severe at all,3,Moderately severe,About the same,0.6917981742357704,0.673526337274513,-0.018271836961257337,-2.6412091910248594,2653
heat,Extreme Heat,Transit,Taking public transit,1,Not severe at all,3,Moderately severe,Do more,0.10559090582324594,0.08242666671875985,-0.02316423910448609,-21.937721742118494,2653
heat,Extreme Heat,Transit,Taking public transit,1,Not severe at all,4,Very severe,Do less,0.2026109199409834,0.2335099844063056,0.0308990644653222,15.250443793613144,2653
heat,Extreme Heat,Transit,Taking public transit,1,Not severe at all,4,Very severe,About the same,0.6917981742357704,0.678786472708579,-0.013011701527191444,-1.880852250234033,2653
heat,Extreme Heat,Transit,Taking public transit,1,Not severe at all,4,Very severe,Do more,0.10559090582324594,0.08770354288511638,-0.017887362938129564,-16.940249540118675,2653
heat,Extreme Heat,Transit,Taking public transit,1,Not severe at all,5,Extremely severe,Do less,0.2026109199409834,0.24558157902506644,0.04297065908408304,21.208461565941043,2653
heat,Extreme Heat,Transit,Taking public transit,1,Not severe at all,5,Extremely severe,About the same,0.6917981742357704,0.6727297794570154,-0.019068394778754993,-2.7563522843667307,2653
heat,Extreme Heat,Transit,Taking public transit,1,Not severe at all,5,Extremely severe,Do more,0.10559090582324594,0.0816886415179168,-0.023902264305329143,-22.636669435661794,2653
heat,Extreme Heat,Transit,Taking public transit,2,Slightly severe,1,Not severe at all,Do less,0.22825896805636167,0.2026109199409834,-0.02564804811537827,-11.236381349557865,2653
heat,Extreme Heat,Transit,Taking public transit,2,Slightly severe,1,Not severe at all,About the same,0.6812640498014148,0.6917981742357704,0.01053412443435564,1.5462616055296456,2653
heat,Extreme Heat,Transit,Taking public transit,2,Slightly severe,1,Not severe at all,Do more,0.09047698214222569,0.10559090582324594,0.015113923681020255,16.704716849708646,2653
heat,Extreme Heat,Transit,Taking public transit,2,Slightly severe,3,Moderately severe,Do less,0.22825896805636167,0.2440469960067278,0.01578802795036613,6.916717483129842,2653
heat,Extreme Heat,Transit,Taking public transit,2,Slightly severe,3,Moderately severe,About the same,0.6812640498014148,0.673526337274513,-0.007737712526901697,-1.1357875891377511,2653
heat,Extreme Heat,Transit,Taking public transit,2,Slightly severe,3,Moderately severe,Do more,0.09047698214222569,0.08242666671875985,-0.008050315423465834,-8.897639192707716,2653
heat,Extreme Heat,Transit,Taking public transit,2,Slightly severe,4,Very severe,Do less,0.22825896805636167,0.2335099844063056,0.005251016349943932,2.300464421904927,2653
heat,Extreme Heat,Transit,Taking public transit,2,Slightly severe,4,Very severe,About the same,0.6812640498014148,0.678786472708579,-0.002477577092835803,-0.36367354090649656,2653
heat,Extreme Heat,Transit,Taking public transit,2,Slightly severe,4,Very severe,Do more,0.09047698214222569,0.08770354288511638,-0.0027734392571093086,-3.065353409720926,2653
heat,Extreme Heat,Transit,Taking public transit,2,Slightly severe,5,Extremely severe,Do less,0.22825896805636167,0.24558157902506644,0.01732261096870477,7.58901659645963,2653
heat,Extreme Heat,Transit,Taking public transit,2,Slightly severe,5,Extremely severe,About the same,0.6812640498014148,0.6727297794570154,-0.008534270344399353,-1.2527110959233871,2653
heat,Extreme Heat,Transit,Taking public transit,2,Slightly severe,5,Extremely severe,Do more,0.09047698214222569,0.0816886415179168,-0.008788340624308888,-9.713344119384992,2653
heat,Extreme Heat,Transit,Taking public transit,3,Moderately severe,1,Not severe at all,Do less,0.2440469960067278,0.2026109199409834,-0.0414360760657444,-16.978728172750017,2653
heat,Extreme Heat,Transit,Taking public transit,3,Moderately severe,1,Not severe at all,About the same,0.673526337274513,0.6917981742357704,0.018271836961257337,2.7128615393417315,2653
heat,Extreme Heat,Transit,Taking public transit,3,Moderately severe,1,Not severe at all,Do more,0.08242666671875985,0.10559090582324594,0.02316423910448609,28.102845870891002,2653
heat,Extreme Heat,Transit,Taking public transit,3,Moderately severe,2,Slightly severe,Do less,0.2440469960067278,0.22825896805636167,-0.01578802795036613,-6.46925723680323,2653
heat,Extreme Heat,Transit,Taking public transit,3,Moderately severe,2,Slightly severe,About the same,0.673526337274513,0.6812640498014148,0.007737712526901697,1.148835924993382,2653
heat,Extreme Heat,Transit,Taking public transit,3,Moderately severe,2,Slightly severe,Do more,0.08242666671875985,0.09047698214222569,0.008050315423465834,9.766639540251635,2653
heat,Extreme Heat,Transit,Taking public transit,3,Moderately severe,4,Very severe,Do less,0.2440469960067278,0.2335099844063056,-0.010537011600422197,-4.317615775992472,2653
heat,Extreme Heat,Transit,Taking public transit,3,Moderately severe,4,Very severe,About the same,0.673526337274513,0.678786472708579,0.0052601354340658935,0.780984371799256,2653
heat,Extreme Heat,Transit,Taking public transit,3,Moderately severe,4,Very severe,Do more,0.08242666671875985,0.08770354288511638,0.0052768761663565256,6.401904112368452,2653
heat,Extreme Heat,Transit,Taking public transit,3,Moderately severe,5,Extremely severe,Do less,0.2440469960067278,0.24558157902506644,0.0015345830183386422,0.6288063542877362,2653
heat,Extreme Heat,Transit,Taking public transit,3,Moderately severe,5,Extremely severe,About the same,0.673526337274513,0.6727297794570154,-0.0007965578174976562,-0.11826676603635153,2653
heat,Extreme Heat,Transit,Taking public transit,3,Moderately severe,5,Extremely severe,Do more,0.08242666671875985,0.0816886415179168,-0.0007380252008430538,-0.8953718865779191,2653
heat,Extreme Heat,Transit,Taking public transit,4,Very severe,1,Not severe at all,Do less,0.2335099844063056,0.2026109199409834,-0.0308990644653222,-13.232438237654994,2653
heat,Extreme Heat,Transit,Taking public transit,4,Very severe,1,Not severe at all,About the same,0.678786472708579,0.6917981742357704,0.013011701527191444,1.9169064279184176,2653
heat,Extreme Heat,Transit,Taking public transit,4,Very severe,1,Not severe at all,Do more,0.08770354288511638,0.10559090582324594,0.017887362938129564,20.395256964203114,2653
heat,Extreme Heat,Transit,Taking public transit,4,Very severe,2,Slightly severe,Do less,0.2335099844063056,0.22825896805636167,-0.005251016349943932,-2.2487331166136366,2653
heat,Extreme Heat,Transit,Taking public transit,4,Very severe,2,Slightly severe,About the same,0.678786472708579,0.6812640498014148,0.002477577092835803,0.36500095279587175,2653
heat,Extreme Heat,Transit,Taking public transit,4,Very severe,2,Slightly severe,Do more,0.08770354288511638,0.09047698214222569,0.0027734392571093086,3.162288735293465,2653
heat,Extreme Heat,Transit,Taking public transit,4,Very severe,3,Moderately severe,Do less,0.2335099844063056,0.2440469960067278,0.010537011600422197,4.51244584989046,2653
heat,Extreme Heat,Transit,Taking public transit,4,Very severe,3,Moderately severe,About the same,0.678786472708579,0.673526337274513,-0.0052601354340658935,-0.7749322718639694,2653
heat,Extreme Heat,Transit,Taking public transit,4,Very severe,3,Moderately severe,Do more,0.08770354288511638,0.08242666671875985,-0.0052768761663565256,-6.016719499312304,2653
heat,Extreme Heat,Transit,Taking public transit,4,Very severe,5,Extremely severe,Do less,0.2335099844063056,0.24558157902506644,0.01207159461876084,5.1696267504161,2653
heat,Extreme Heat,Transit,Taking public transit,4,Very severe,5,Extremely severe,About the same,0.678786472708579,0.6727297794570154,-0.00605669325156355,-0.8922825505634153,2653
heat,Extreme Heat,Transit,Taking public transit,4,Very severe,5,Extremely severe,Do more,0.08770354288511638,0.0816886415179168,-0.006014901367199579,-6.858219370999128,2653
heat,Extreme Heat,Transit,Taking public transit,5,Extremely severe,1,Not severe at all,Do less,0.24558157902506644,0.2026109199409834,-0.04297065908408304,-17.497509078112504,2653
heat,Extreme Heat,Transit,Taking public transit,5,Extremely severe,1,Not severe at all,About the same,0.6727297794570154,0.6917981742357704,0.019068394778754993,2.834480553863066,2653
heat,Extreme Heat,Transit,Taking public transit,5,Extremely severe,1,Not severe at all,Do more,0.0816886415179168,0.10559090582324594,0.023902264305329143,29.26020541067102,2653
heat,Extreme Heat,Transit,Taking public transit,5,Extremely severe,2,Slightly severe,Do less,0.24558157902506644,0.22825896805636167,-0.01732261096870477,-7.05370941805723,2653
heat,Extreme Heat,Transit,Taking public transit,5,Extremely severe,2,Slightly severe,About the same,0.6727297794570154,0.6812640498014148,0.008534270344399353,1.268603026803373,2653
heat,Extreme Heat,Transit,Taking public transit,5,Extremely severe,2,Slightly severe,Do more,0.0816886415179168,0.09047698214222569,0.008788340624308888,10.758338565810693,2653
heat,Extreme Heat,Transit,Taking public transit,5,Extremely severe,3,Moderately severe,Do less,0.24558157902506644,0.2440469960067278,-0.0015345830183386422,-0.6248770874553289,2653
heat,Extreme Heat,Transit,Taking public transit,5,Extremely severe,3,Moderately severe,About the same,0.6727297794570154,0.673526337274513,0.0007965578174976562,0.1184068019317633,2653
heat,Extreme Heat,Transit,Taking public transit,5,Extremely severe,3,Moderately severe,Do more,0.0816886415179168,0.08242666671875985,0.0007380252008430538,0.9034612243872148,2653
heat,Extreme Heat,Transit,Taking public transit,5,Extremely severe,4,Very severe,Do less,0.24558157902506644,0.2335099844063056,-0.01207159461876084,-4.915513071739267,2653
heat,Extreme Heat,Transit,Taking public transit,5,Extremely severe,4,Very severe,About the same,0.6727297794570154,0.678786472708579,0.00605669325156355,0.9003159123492536,2653
heat,Extreme Heat,Transit,Taking public transit,5,Extremely severe,4,Very severe,Do more,0.0816886415179168,0.08770354288511638,0.006014901367199579,7.363204058033366,2653
heat,Extreme Heat,Usual,Go about business as usual,1,Not severe at all,2,Slightly severe,Do less,0.06645326003442775,0.1913624413822358,0.12490918134780804,187.96546818485015,2653
heat,Extreme Heat,Usual,Go about business as usual,1,Not severe at all,2,Slightly severe,About the same,0.11072211456249562,0.19220483109277836,0.08148271653028274,73.59208849311753,2653
heat,Extreme Heat,Usual,Go about business as usual,1,Not severe at all,2,Slightly severe,Do more,0.8228246254030773,0.6164327275249857,-0.20639189787809165,-25.08333993735134,2653
heat,Extreme Heat,Usual,Go about business as usual,1,Not severe at all,3,Moderately severe,Do less,0.06645326003442775,0.2625614575388539,0.19610819750442615,295.10696300351174,2653
heat,Extreme Heat,Usual,Go about business as usual,1,Not severe at all,3,Moderately severe,About the same,0.11072211456249562,0.21406580075022907,0.10334368618773346,93.33608430084895,2653
heat,Extreme Heat,Usual,Go about business as usual,1,Not severe at all,3,Moderately severe,Do more,0.8228246254030773,0.5233727417109154,-0.2994518836921619,-36.39316015189377,2653
heat,Extreme Heat,Usual,Go about business as usual,1,Not severe at all,4,Very severe,Do less,0.06645326003442775,0.3219532576430014,0.25549999760857367,384.4807575673573,2653
heat,Extreme Heat,Usual,Go about business as usual,1,Not severe at all,4,Very severe,About the same,0.11072211456249562,0.2236940331010461,0.11297191853855049,102.03193732791745,2653
heat,Extreme Heat,Usual,Go about business as usual,1,Not severe at all,4,Very severe,Do more,0.8228246254030773,0.4543527092559516,-0.3684719161471257,-44.78134280031085,2653
heat,Extreme Heat,Usual,Go about business as usual,1,Not severe at all,5,Extremely severe,Do less,0.06645326003442775,0.3027657382248574,0.23631247819042966,355.6070508324229,2653
heat,Extreme Heat,Usual,Go about business as usual,1,Not severe at all,5,Extremely severe,About the same,0.11072211456249562,0.22132828393613704,0.11060616937364143,99.89528271808,2653
heat,Extreme Heat,Usual,Go about business as usual,1,Not severe at all,5,Extremely severe,Do more,0.8228246254030773,0.47590597783900535,-0.346918647564072,-42.16191845183618,2653
heat,Extreme Heat,Usual,Go about business as usual,2,Slightly severe,1,Not severe at all,Do less,0.1913624413822358,0.06645326003442775,-0.12490918134780804,-65.2736140099242,2653
heat,Extreme Heat,Usual,Go about business as usual,2,Slightly severe,1,Not severe at all,About the same,0.19220483109277836,0.11072211456249562,-0.08148271653028274,-42.39368806029156,2653
heat,Extreme Heat,Usual,Go about business as usual,2,Slightly severe,1,Not severe at all,Do more,0.6164327275249857,0.8228246254030773,0.20639189787809165,33.48165804024836,2653
heat,Extreme Heat,Usual,Go about business as usual,2,Slightly severe,3,Moderately severe,Do less,0.1913624413822358,0.2625614575388539,0.07119901615661811,37.206369046265486,2653
heat,Extreme Heat,Usual,Go about business as usual,2,Slightly severe,3,Moderately severe,About the same,0.19220483109277836,0.21406580075022907,0.021860969657450713,11.373787814364718,2653
heat,Extreme Heat,Usual,Go about business as usual,2,Slightly severe,3,Moderately severe,Do more,0.6164327275249857,0.5233727417109154,-0.09305998581407027,-15.096535543742409,2653
heat,Extreme Heat,Usual,Go about business as usual,2,Slightly severe,4,Very severe,Do less,0.1913624413822358,0.3219532576430014,0.13059081626076563,68.24265792048386,2653
heat,Extreme Heat,Usual,Go about business as usual,2,Slightly severe,4,Very severe,About the same,0.19220483109277836,0.2236940331010461,0.03148920200826774,16.383148034956378,2653
heat,Extreme Heat,Usual,Go about business as usual,2,Slightly severe,4,Very severe,Do more,0.6164327275249857,0.4543527092559516,-0.16208001826903407,-26.29322082229395,2653
heat,Extreme Heat,Usual,Go about business as usual,2,Slightly severe,5,Extremely severe,Do less,0.1913624413822358,0.3027657382248574,0.11140329684262162,58.21586307006805,2653
heat,Extreme Heat,Usual,Go about business as usual,2,Slightly severe,5,Extremely severe,About the same,0.19220483109277836,0.22132828393613704,0.029123452843358683,15.15230011533926,2653
heat,Extreme Heat,Usual,Go about business as usual,2,Slightly severe,5,Extremely severe,Do more,0.6164327275249857,0.47590597783900535,-0.14052674968598033,-22.796769770839983,2653
heat,Extreme Heat,Usual,Go about business as usual,3,Moderately severe,1,Not severe at all,Do less,0.2625614575388539,0.06645326003442775,-0.19610819750442615,-74.69039795203226,2653
heat,Extreme Heat,Usual,Go about business as usual,3,Moderately severe,1,Not severe at all,About the same,0.21406580075022907,0.11072211456249562,-0.10334368618773346,-48.276598048613266,2653
heat,Extreme Heat,Usual,Go about business as usual,3,Moderately severe,1,Not severe at all,Do more,0.5233727417109154,0.8228246254030773,0.2994518836921619,57.215796664008145,2653
heat,Extreme Heat,Usual,Go about business as usual,3,Moderately severe,2,Slightly severe,Do less,0.2625614575388539,0.1913624413822358,-0.07119901615661811,-27.11708596684723,2653
heat,Extreme Heat,Usual,Go about business as usual,3,Moderately severe,2,Slightly severe,About the same,0.21406580075022907,0.19220483109277836,-0.021860969657450713,-10.212266312897867,2653
heat,Extreme Heat,Usual,Go about business as usual,3,Moderately severe,2,Slightly severe,Do more,0.5233727417109154,0.6164327275249857,0.09305998581407027,17.780823951559917,2653
heat,Extreme Heat,Usual,Go about business as usual,3,Moderately severe,4,Very severe,Do less,0.2625614575388539,0.3219532576430014,0.05939180010414752,22.62015173927754,2653
heat,Extreme Heat,Usual,Go about business as usual,3,Moderately severe,4,Very severe,About the same,0.21406580075022907,0.2236940331010461,0.009628232350817029,4.497791014292471,2653
heat,Extreme Heat,Usual,Go about business as usual,3,Moderately severe,4,Very severe,Do more,0.5233727417109154,0.4543527092559516,-0.0690200324549638,-13.187548176341016,2653
heat,Extreme Heat,Usual,Go about business as usual,3,Moderately severe,5,Extremely severe,Do less,0.2625614575388539,0.3027657382248574,0.04020428068600351,15.312331468168392,2653
heat,Extreme Heat,Usual,Go about business as usual,3,Moderately severe,5,Extremely severe,About the same,0.21406580075022907,0.22132828393613704,0.00726248318590797,3.392640562133416,2653
heat,Extreme Heat,Usual,Go about business as usual,3,Moderately severe,5,Extremely severe,Do more,0.5233727417109154,0.47590597783900535,-0.04746676387191007,-9.069399318875552,2653
heat,Extreme Heat,Usual,Go about business as usual,4,Very severe,1,Not severe at all,Do less,0.3219532576430014,0.06645326003442775,-0.25549999760857367,-79.35934535313366,2653
heat,Extreme Heat,Usual,Go about business as usual,4,Very severe,1,Not severe at all,About the same,0.2236940331010461,0.11072211456249562,-0.11297191853855049,-50.5028752767488,2653
heat,Extreme Heat,Usual,Go about business as usual,4,Very severe,1,Not severe at all,Do more,0.4543527092559516,0.8228246254030773,0.3684719161471257,81.09821040806285,2653
heat,Extreme Heat,Usual,Go about business as usual,4,Very severe,2,Slightly severe,Do less,0.3219532576430014,0.1913624413822358,-0.13059081626076563,-40.56204220973329,2653
heat,Extreme Heat,Usual,Go about business as usual,4,Very severe,2,Slightly severe,About the same,0.2236940331010461,0.19220483109277836,-0.03148920200826774,-14.07690744886502,2653
heat,Extreme Heat,Usual,Go about business as usual,4,Very severe,2,Slightly severe,Do more,0.4543527092559516,0.6164327275249857,0.16208001826903407,35.67273067094867,2653
heat,Extreme Heat,Usual,Go about business as usual,4,Very severe,3,Moderately severe,Do less,0.3219532576430014,0.2625614575388539,-0.05939180010414752,-18.44733628072316,2653
heat,Extreme Heat,Usual,Go about business as usual,4,Very severe,3,Moderately severe,About the same,0.2236940331010461,0.21406580075022907,-0.009628232350817029,-4.304197218558711,2653
heat,Extreme Heat,Usual,Go about business as usual,4,Very severe,3,Moderately severe,Do more,0.4543527092559516,0.5233727417109154,0.0690200324549638,15.190848662042988,2653
heat,Extreme Heat,Usual,Go about business as usual,4,Very severe,5,Extremely severe,Do less,0.3219532576430014,0.3027657382248574,-0.019187519418144006,-5.959722090906789,2653
heat,Extreme Heat,Usual,Go about business as usual,4,Very severe,5,Extremely severe,About the same,0.2236940331010461,0.22132828393613704,-0.002365749164909059,-1.0575825971363362,2653
heat,Extreme Heat,Usual,Go about business as usual,4,Very severe,5,Extremely severe,Do more,0.4543527092559516,0.47590597783900535,0.02155326858305373,4.7437306180806935,2653
heat,Extreme Heat,Usual,Go about business as usual,5,Extremely severe,1,Not severe at all,Do less,0.3027657382248574,0.06645326003442775,-0.23631247819042966,-78.05126153835994,2653
heat,Extreme Heat,Usual,Go about business as usual,5,Extremely severe,1,Not severe at all,About the same,0.22132828393613704,0.11072211456249562,-0.11060616937364143,-49.973806965202954,2653
heat,Extreme Heat,Usual,Go about business as usual,5,Extremely severe,1,Not severe at all,Do more,0.47590597783900535,0.8228246254030773,0.346918647564072,72.89646773073974,2653
heat,Extreme Heat,Usual,Go about business as usual,5,Extremely severe,2,Slightly severe,Do less,0.3027657382248574,0.1913624413822358,-0.11140329684262162,-36.79521252826991,2653
heat,Extreme Heat,Usual,Go about business as usual,5,Extremely severe,2,Slightly severe,About the same,0.22132828393613704,0.19220483109277836,-0.029123452843358683,-13.158486717297317,2653
heat,Extreme Heat,Usual,Go about business as usual,5,Extremely severe,2,Slightly severe,Do more,0.47590597783900535,0.6164327275249857,0.14052674968598033,29.528258990165334,2653
heat,Extreme Heat,Usual,Go about business as usual,5,Extremely severe,3,Moderately severe,Do less,0.3027657382248574,0.2625614575388539,-0.04020428068600351,-13.279006046630244,2653
heat,Extreme Heat,Usual,Go about business as usual,5,Extremely severe,3,Moderately severe,About the same,0.22132828393613704,0.21406580075022907,-0.00726248318590797,-3.281317261739361,2653
heat,Extreme Heat,Usual,Go about business as usual,5,Extremely severe,3,Moderately severe,Do more,0.47590597783900535,0.5233727417109154,0.04746676387191007,9.9739793325243,2653
heat,Extreme Heat,Usual,Go about business as usual,5,Extremely severe,4,Very severe,Do less,0.3027657382248574,0.3219532576430014,0.019187519418144006,6.337414375431694,2653
heat,Extreme Heat,Usual,Go about business as usual,5,Extremely severe,4,Very severe,About the same,0.22132828393613704,0.2236940331010461,0.002365749164909059,1.0688869596041695,2653
heat,Extreme Heat,Usual,Go about business as usual,5,Extremely severe,4,Very severe,Do more,0.47590597783900535,0.4543527092559516,-0.02155326858305373,-4.528892173391654,2653
heat,Extreme Heat,WFH,Working from home,1,Not severe at all,2,Slightly severe,Do less,0.08318787544329026,0.08308941019575974,-9.846524753051589e-05,-0.11836490234402046,1271
heat,Extreme Heat,WFH,Working from home,1,Not severe at all,2,Slightly severe,About the same,0.6782703019873818,0.6781700190607872,-0.00010028292659458593,-0.014785097666925647,1271
heat,Extreme Heat,WFH,Working from home,1,Not severe at all,2,Slightly severe,Do more,0.23854182256932788,0.23874057074345284,0.00019874817412496304,0.08331795740648391,1271
heat,Extreme Heat,WFH,Working from home,1,Not severe at all,3,Moderately severe,Do less,0.08318787544329026,0.07939627000788818,-0.003791605435402079,-4.557882281759729,1271
heat,Extreme Heat,WFH,Working from home,1,Not severe at all,3,Moderately severe,About the same,0.6782703019873818,0.6742100507584539,-0.004060251228927947,-0.5986184588992195,1271
heat,Extreme Heat,WFH,Working from home,1,Not severe at all,3,Moderately severe,Do more,0.23854182256932788,0.24639367923365754,0.007851856664329665,3.291605882673955,1271
heat,Extreme Heat,WFH,Working from home,1,Not severe at all,4,Very severe,Do less,0.08318787544329026,0.04421969934499727,-0.03896817609829299,-46.843576531603894,1271
heat,Extreme Heat,WFH,Working from home,1,Not severe at all,4,Very severe,About the same,0.6782703019873818,0.6084029680458596,-0.06986733394152222,-10.30080983006418,1271
heat,Extreme Heat,WFH,Working from home,1,Not severe at all,4,Very severe,Do more,0.23854182256932788,0.34737733260914216,0.10883551003981429,45.6253368350882,1271
heat,Extreme Heat,WFH,Working from home,1,Not severe at all,5,Extremely severe,Do less,0.08318787544329026,0.07370544531107118,-0.009482430132219083,-11.398812725639711,1271
heat,Extreme Heat,WFH,Working from home,1,Not severe at all,5,Extremely severe,About the same,0.6782703019873818,0.6672911431954744,-0.010979158791907362,-1.6186996186826432,1271
heat,Extreme Heat,WFH,Working from home,1,Not severe at all,5,Extremely severe,Do more,0.23854182256932788,0.2590034114934536,0.020461588924125695,8.577778396984833,1271
heat,Extreme Heat,WFH,Working from home,2,Slightly severe,1,Not severe at all,Do less,0.08308941019575974,0.08318787544329026,9.846524753051589e-05,0.11850517087379783,1271
heat,Extreme Heat,WFH,Working from home,2,Slightly severe,1,Not severe at all,About the same,0.6781700190607872,0.6782703019873818,0.00010028292659458593,0.014787283981304569,1271
heat,Extreme Heat,WFH,Working from home,2,Slightly severe,1,Not severe at all,Do more,0.23874057074345284,0.23854182256932788,-0.00019874817412496304,-0.08324859637641352,1271
heat,Extreme Heat,WFH,Working from home,2,Slightly severe,3,Moderately severe,Do less,0.08308941019575974,0.07939627000788818,-0.003693140187871563,-4.444778437072157,1271
heat,Extreme Heat,WFH,Working from home,2,Slightly severe,3,Moderately severe,About the same,0.6781700190607872,0.6742100507584539,-0.003959968302333361,-0.5839196943293968,1271
heat,Extreme Heat,WFH,Working from home,2,Slightly severe,3,Moderately severe,Do more,0.23874057074345284,0.24639367923365754,0.007653108490204702,3.2056170706019724,1271
heat,Extreme Heat,WFH,Working from home,2,Slightly severe,4,Very severe,Do less,0.08308941019575974,0.04421969934499727,-0.038869710850762476,-46.78058342114227,1271
heat,Extreme Heat,WFH,Working from home,2,Slightly severe,4,Very severe,About the same,0.6781700190607872,0.6084029680458596,-0.06976705101492764,-10.287545756084821,1271
heat,Extreme Heat,WFH,Working from home,2,Slightly severe,4,Very severe,Do more,0.23874057074345284,0.34737733260914216,0.10863676186568932,45.50410578620456,1271
heat,Extreme Heat,WFH,Working from home,2,Slightly severe,5,Extremely severe,Do less,0.08308941019575974,0.07370544531107118,-0.009383964884688567,-11.293815737264017,1271
heat,Extreme Heat,WFH,Working from home,2,Slightly severe,5,Extremely severe,About the same,0.6781700190607872,0.6672911431954744,-0.010878875865312776,-1.6041516964107574,1271
heat,Extreme Heat,WFH,Working from home,2,Slightly severe,5,Extremely severe,Do more,0.23874057074345284,0.2590034114934536,0.020262840750000732,8.48738892049265,1271
heat,Extreme Heat,WFH,Working from home,3,Moderately severe,1,Not severe at all,Do less,0.07939627000788818,0.08318787544329026,0.003791605435402079,4.77554604898363,1271
heat,Extreme Heat,WFH,Working from home,3,Moderately severe,1,Not severe at all,About the same,0.6742100507584539,0.6782703019873818,0.004060251228927947,0.6022234798132066,1271
heat,Extreme Heat,WFH,Working from home,3,Moderately severe,1,Not severe at all,Do more,0.24639367923365754,0.23854182256932788,-0.007851856664329665,-3.1867118867459547,1271
heat,Extreme Heat,WFH,Working from home,3,Moderately severe,2,Slightly severe,Do less,0.07939627000788818,0.08308941019575974,0.003693140187871563,4.651528576222336,1271
heat,Extreme Heat,WFH,Working from home,3,Moderately severe,2,Slightly severe,About the same,0.6742100507584539,0.6781700190607872,0.003959968302333361,0.5873493428166173,1271
heat,Extreme Heat,WFH,Working from home,3,Moderately severe,2,Slightly severe,Do more,0.24639367923365754,0.23874057074345284,-0.007653108490204702,-3.1060490325919377,1271
heat,Extreme Heat,WFH,Working from home,3,Moderately severe,4,Very severe,Do less,0.07939627000788818,0.04421969934499727,-0.03517657066289091,-44.305067050877895,1271
heat,Extreme Heat,WFH,Working from home,3,Moderately severe,4,Very severe,About the same,0.6742100507584539,0.6084029680458596,-0.06580708271259428,-9.760620245658528,1271
heat,Extreme Heat,WFH,Working from home,3,Moderately severe,4,Very severe,Do more,0.24639367923365754,0.34737733260914216,0.10098365337548462,40.9846769160506,1271
heat,Extreme Heat,WFH,Working from home,3,Moderately severe,5,Extremely severe,Do less,0.07939627000788818,0.07370544531107118,-0.005690824696817004,-7.167622227406412,1271
heat,Extreme Heat,WFH,Working from home,3,Moderately severe,5,Extremely severe,About the same,0.6742100507584539,0.6672911431954744,-0.006918907562979415,-1.0262243280407903,1271
heat,Extreme Heat,WFH,Working from home,3,Moderately severe,5,Extremely severe,Do more,0.24639367923365754,0.2590034114934536,0.01260973225979603,5.117717426443435,1271
heat,Extreme Heat,WFH,Working from home,4,Very severe,1,Not severe at all,Do less,0.04421969934499727,0.08318787544329026,0.03896817609829299,88.12401865120685,1271
heat,Extreme Heat,WFH,Working from home,4,Very severe,1,Not severe at all,About the same,0.6084029680458596,0.6782703019873818,0.06986733394152222,11.48372667640501,1271
heat,Extreme Heat,WFH,Working from home,4,Very severe,1,Not severe at all,Do more,0.34737733260914216,0.23854182256932788,-0.10883551003981429,-31.330630937359555,1271
heat,Extreme Heat,WFH,Working from home,4,Very severe,2,Slightly severe,Do less,0.04421969934499727,0.08308941019575974,0.038869710850762476,87.90134584024472,1271
heat,Extreme Heat,WFH,Working from home,4,Very severe,2,Slightly severe,About the same,0.6084029680458596,0.6781700190607872,0.06976705101492764,11.467243698533174,1271
heat,Extreme Heat,WFH,Working from home,4,Very severe,2,Slightly severe,Do more,0.34737733260914216,0.23874057074345284,-0.10863676186568932,-31.27341702169264,1271
heat,Extreme Heat,WFH,Working from home,4,Very severe,3,Moderately severe,Do less,0.04421969934499727,0.07939627000788818,0.03517657066289091,79.54954733736915,1271
heat,Extreme Heat,WFH,Working from home,4,Very severe,3,Moderately severe,About the same,0.6084029680458596,0.6742100507584539,0.06580708271259428,10.816364509851297,1271
heat,Extreme Heat,WFH,Working from home,4,Very severe,3,Moderately severe,Do more,0.34737733260914216,0.24639367923365754,-0.10098365337548462,-29.07030594569859,1271
heat,Extreme Heat,WFH,Working from home,4,Very severe,5,Extremely severe,Do less,0.04421969934499727,0.07370544531107118,0.02948574596607391,66.68011407320827,1271
heat,Extreme Heat,WFH,Working from home,4,Very severe,5,Extremely severe,About the same,0.6084029680458596,0.6672911431954744,0.05888817514961486,9.679140017800842,1271
heat,Extreme Heat,WFH,Working from home,4,Very severe,5,Extremely severe,Do more,0.34737733260914216,0.2590034114934536,-0.08837392111568859,-25.440324632558593,1271
heat,Extreme Heat,WFH,Working from home,5,Extremely severe,1,Not severe at all,Do less,0.07370544531107118,0.08318787544329026,0.009482430132219083,12.865304716902296,1271
heat,Extreme Heat,WFH,Working from home,5,Extremely severe,1,Not severe at all,About the same,0.6672911431954744,0.6782703019873818,0.010979158791907362,1.6453326113892626,1271
heat,Extreme Heat,WFH,Working from home,5,Extremely severe,1,Not severe at all,Do more,0.2590034114934536,0.23854182256932788,-0.020461588924125695,-7.900123325071674,1271
heat,Extreme Heat,WFH,Working from home,5,Extremely severe,2,Slightly severe,Do less,0.07370544531107118,0.08308941019575974,0.009383964884688567,12.731711809193854,1271
heat,Extreme Heat,WFH,Working from home,5,Extremely severe,2,Slightly severe,About the same,0.6672911431954744,0.6781700190607872,0.010878875865312776,1.6303042496887972,1271
heat,Extreme Heat,WFH,Working from home,5,Extremely severe,2,Slightly severe,Do more,0.2590034114934536,0.23874057074345284,-0.020262840750000732,-7.823387589052233,1271
heat,Extreme Heat,WFH,Working from home,5,Extremely severe,3,Moderately severe,Do less,0.07370544531107118,0.07939627000788818,0.005690824696817004,7.72103699095648,1271
heat,Extreme Heat,WFH,Working from home,5,Extremely severe,3,Moderately severe,About the same,0.6672911431954744,0.6742100507584539,0.006918907562979415,1.0368648877679782,1271
heat,Extreme Heat,WFH,Working from home,5,Extremely severe,3,Moderately severe,Do more,0.2590034114934536,0.24639367923365754,-0.01260973225979603,-4.868558366504275,1271
heat,Extreme Heat,WFH,Working from home,5,Extremely severe,4,Very severe,Do less,0.07370544531107118,0.04421969934499727,-0.02948574596607391,-40.00484067578777,1271
heat,Extreme Heat,WFH,Working from home,5,Extremely severe,4,Very severe,About the same,0.6672911431954744,0.6084029680458596,-0.05888817514961486,-8.824959802046155,1271
heat,Extreme Heat,WFH,Working from home,5,Extremely severe,4,Very severe,Do more,0.2590034114934536,0.34737733260914216,0.08837392111568859,34.120755632565206,1271
heat,Extreme Heat,WFO,Working from the office,1,Not severe at all,2,Slightly severe,Do less,0.19501095385172532,0.20340583047261476,0.008394876620889447,4.304823116383713,1271
heat,Extreme Heat,WFO,Working from the office,1,Not severe at all,2,Slightly severe,About the same,0.6625119689207982,0.6607767686935595,-0.0017352002272387201,-0.26191228364753655,1271
heat,Extreme Heat,WFO,Working from the office,1,Not severe at all,2,Slightly severe,Do more,0.1424770772274765,0.13581740083382482,-0.00665967639365167,-4.674209018913929,1271
heat,Extreme Heat,WFO,Working from the office,1,Not severe at all,3,Moderately severe,Do less,0.19501095385172532,0.2044622757399575,0.009451321888232195,4.846559488867695,1271
heat,Extreme Heat,WFO,Working from the office,1,Not severe at all,3,Moderately severe,About the same,0.6625119689207982,0.6605315266255197,-0.001980442295278495,-0.29892928553495346,1271
heat,Extreme Heat,WFO,Working from the office,1,Not severe at all,3,Moderately severe,Do more,0.1424770772274765,0.13500619763452212,-0.007470879592954366,-5.243566009587974,1271
heat,Extreme Heat,WFO,Working from the office,1,Not severe at all,4,Very severe,Do less,0.19501095385172532,0.2184190147022048,0.023408060850479473,12.003459491961443,1271
heat,Extreme Heat,WFO,Working from the office,1,Not severe at all,4,Very severe,About the same,0.6625119689207982,0.65676845114967,-0.005743517771128248,-0.8669304164397478,1271
heat,Extreme Heat,WFO,Working from the office,1,Not severe at all,4,Very severe,Do more,0.1424770772274765,0.12481253414812495,-0.017664543079351544,-12.398164970178769,1271
heat,Extreme Heat,WFO,Working from the office,1,Not severe at all,5,Extremely severe,Do less,0.19501095385172532,0.12038340773125523,-0.07462754612047008,-38.26838679903715,1271
heat,Extreme Heat,WFO,Working from the office,1,Not severe at all,5,Extremely severe,About the same,0.6625119689207982,0.6547569128369437,-0.007755056083854517,-1.1705533556604495,1271
heat,Extreme Heat,WFO,Working from the office,1,Not severe at all,5,Extremely severe,Do more,0.1424770772274765,0.2248596794317998,0.08238260220432331,57.82165370559409,1271
heat,Extreme Heat,WFO,Working from the office,2,Slightly severe,1,Not severe at all,Do less,0.20340583047261476,0.19501095385172532,-0.008394876620889447,-4.127156336366513,1271
heat,Extreme Heat,WFO,Working from the office,2,Slightly severe,1,Not severe at all,About the same,0.6607767686935595,0.6625119689207982,0.0017352002272387201,0.2626000654758843,1271
heat,Extreme Heat,WFO,Working from the office,2,Slightly severe,1,Not severe at all,Do more,0.13581740083382482,0.1424770772274765,0.00665967639365167,4.903404389103213,1271
heat,Extreme Heat,WFO,Working from the office,2,Slightly severe,3,Moderately severe,Do less,0.20340583047261476,0.2044622757399575,0.0010564452673427482,0.5193780654606069,1271
heat,Extreme Heat,WFO,Working from the office,2,Slightly severe,3,Moderately severe,About the same,0.6607767686935595,0.6605315266255197,-0.0002452420680397749,-0.03711420855861049,1271
heat,Extreme Heat,WFO,Working from the office,2,Slightly severe,3,Moderately severe,Do more,0.13581740083382482,0.13500619763452212,-0.0008112031993026958,-0.5972748663444225,1271
heat,Extreme Heat,WFO,Working from the office,2,Slightly severe,4,Very severe,Do less,0.20340583047261476,0.2184190147022048,0.015013184229590026,7.380901616589257,1271
heat,Extreme Heat,WFO,Working from the office,2,Slightly severe,4,Very severe,About the same,0.6607767686935595,0.65676845114967,-0.004008317543889528,-0.6066069108050645,1271
heat,Extreme Heat,WFO,Working from the office,2,Slightly severe,4,Very severe,Do more,0.13581740083382482,0.12481253414812495,-0.011004866685699874,-8.10269274639156,1271
heat,Extreme Heat,WFO,Working from the office,2,Slightly severe,5,Extremely severe,Do less,0.20340583047261476,0.12038340773125523,-0.08302242274135953,-40.816146984801954,1271
heat,Extreme Heat,WFO,Working from the office,2,Slightly severe,5,Extremely severe,About the same,0.6607767686935595,0.6547569128369437,-0.006019855856615797,-0.9110271640629595,1271
heat,Extreme Heat,WFO,Working from the office,2,Slightly severe,5,Extremely severe,Do more,0.13581740083382482,0.2248596794317998,0.08904227859797498,65.56028760034947,1271
heat,Extreme Heat,WFO,Working from the office,3,Moderately severe,1,Not severe at all,Do less,0.2044622757399575,0.19501095385172532,-0.009451321888232195,-4.622526015631718,1271
heat,Extreme Heat,WFO,Working from the office,3,Moderately severe,1,Not severe at all,About the same,0.6605315266255197,0.6625119689207982,0.001980442295278495,0.29982555191514465,1271
heat,Extreme Heat,WFO,Working from the office,3,Moderately severe,1,Not severe at all,Do more,0.13500619763452212,0.1424770772274765,0.007470879592954366,5.533730838919653,1271
heat,Extreme Heat,WFO,Working from the office,3,Moderately severe,2,Slightly severe,Do less,0.2044622757399575,0.20340583047261476,-0.0010564452673427482,-0.51669446772977,1271
heat,Extreme Heat,WFO,Working from the office,3,Moderately severe,2,Slightly severe,About the same,0.6605315266255197,0.6607767686935595,0.0002452420680397749,0.03712798831762831,1271
heat,Extreme Heat,WFO,Working from the office,3,Moderately severe,2,Slightly severe,Do more,0.13500619763452212,0.13581740083382482,0.0008112031993026958,0.6008636740505199,1271
heat,Extreme Heat,WFO,Working from the office,3,Moderately severe,4,Very severe,Do less,0.2044622757399575,0.2184190147022048,0.013956738962247278,6.826070438537993,1271
heat,Extreme Heat,WFO,Working from the office,3,Moderately severe,4,Very severe,About the same,0.6605315266255197,0.65676845114967,-0.003763075475849753,-0.5697041434304139,1271
heat,Extreme Heat,WFO,Working from the office,3,Moderately severe,4,Very severe,Do more,0.13500619763452212,0.12481253414812495,-0.010193663486397178,-7.550515209674033,1271
heat,Extreme Heat,WFO,Working from the office,3,Moderately severe,5,Extremely severe,Do less,0.2044622757399575,0.12038340773125523,-0.08407886800870228,-41.1219466791208,1271
heat,Extreme Heat,WFO,Working from the office,3,Moderately severe,5,Extremely severe,About the same,0.6605315266255197,0.6547569128369437,-0.005774613788576022,-0.8742374218043749,1271
heat,Extreme Heat,WFO,Working from the office,3,Moderately severe,5,Extremely severe,Do more,0.13500619763452212,0.2248596794317998,0.08985348179727767,66.55507922719353,1271
heat,Extreme Heat,WFO,Working from the office,4,Very severe,1,Not severe at all,Do less,0.2184190147022048,0.19501095385172532,-0.023408060850479473,-10.717043514912984,1271
heat,Extreme Heat,WFO,Working from the office,4,Very severe,1,Not severe at all,About the same,0.65676845114967,0.6625119689207982,0.005743517771128248,0.8745118254499357,1271
heat,Extreme Heat,WFO,Working from the office,4,Very severe,1,Not severe at all,Do more,0.12481253414812495,0.1424770772274765,0.017664543079351544,14.152859886962657,1271
heat,Extreme Heat,WFO,Working from the office,4,Very severe,2,Slightly severe,Do less,0.2184190147022048,0.20340583047261476,-0.015013184229590026,-6.873570165152146,1271
heat,Extreme Heat,WFO,Working from the office,4,Very severe,2,Slightly severe,About the same,0.65676845114967,0.6607767686935595,0.004008317543889528,0.6103090879095955,1271
heat,Extreme Heat,WFO,Working from the office,4,Very severe,2,Slightly severe,Do more,0.12481253414812495,0.13581740083382482,0.011004866685699874,8.817116614778067,1271
heat,Extreme Heat,WFO,Working from the office,4,Very severe,3,Moderately severe,Do less,0.2184190147022048,0.2044622757399575,-0.013956738962247278,-6.389891915443383,1271
heat,Extreme Heat,WFO,Working from the office,4,Very severe,3,Moderately severe,About the same,0.65676845114967,0.6605315266255197,0.003763075475849753,0.572968367963246,1271
heat,Extreme Heat,WFO,Working from the office,4,Very severe,3,Moderately severe,Do more,0.12481253414812495,0.13500619763452212,0.010193663486397178,8.167179326957298,1271
heat,Extreme Heat,WFO,Working from the office,4,Very severe,5,Extremely severe,Do less,0.2184190147022048,0.12038340773125523,-0.09803560697094955,-44.884190648242104,1271
heat,Extreme Heat,WFO,Working from the office,4,Very severe,5,Extremely severe,About the same,0.65676845114967,0.6547569128369437,-0.0020115383127262687,-0.30627815772896533,1271
heat,Extreme Heat,WFO,Working from the office,4,Very severe,5,Extremely severe,Do more,0.12481253414812495,0.2248596794317998,0.10004714528367485,80.15793122583422,1271
heat,Extreme Heat,WFO,Working from the office,5,Extremely severe,1,Not severe at all,Do less,0.12038340773125523,0.19501095385172532,0.07462754612047008,61.99155475567625,1271
heat,Extreme Heat,WFO,Working from the office,5,Extremely severe,1,Not severe at all,About the same,0.6547569128369437,0.6625119689207982,0.007755056083854517,1.1844175955704317,1271
heat,Extreme Heat,WFO,Working from the office,5,Extremely severe,1,Not severe at all,Do more,0.2248596794317998,0.1424770772274765,-0.08238260220432331,-36.637338633807865,1271
heat,Extreme Heat,WFO,Working from the office,5,Extremely severe,2,Slightly severe,Do less,0.12038340773125523,0.20340583047261476,0.08302242274135953,68.96500465138797,1271
heat,Extreme Heat,WFO,Working from the office,5,Extremely severe,2,Slightly severe,About the same,0.6547569128369437,0.6607767686935595,0.006019855856615797,0.9194031767504135,1271
heat,Extreme Heat,WFO,Working from the office,5,Extremely severe,2,Slightly severe,Do more,0.2248596794317998,0.13581740083382482,-0.08904227859797498,-39.59904186601031,1271
heat,Extreme Heat,WFO,Working from the office,5,Extremely severe,3,Moderately severe,Do less,0.12038340773125523,0.2044622757399575,0.08407886800870228,69.84257182385178,1271
heat,Extreme Heat,WFO,Working from the office,5,Extremely severe,3,Moderately severe,About the same,0.6547569128369437,0.6605315266255197,0.005774613788576022,0.8819477389792895,1271
heat,Extreme Heat,WFO,Working from the office,5,Extremely severe,3,Moderately severe,Do more,0.2248596794317998,0.13500619763452212,-0.08985348179727767,-39.95980160797585,1271
heat,Extreme Heat,WFO,Working from the office,5,Extremely severe,4,Very severe,Do less,0.12038340773125523,0.2184190147022048,0.09803560697094955,81.43614541117239,1271
heat,Extreme Heat,WFO,Working from the office,5,Extremely severe,4,Very severe,About the same,0.6547569128369437,0.65676845114967,0.0020115383127262687,0.3072191027370197,1271
heat,Extreme Heat,WFO,Working from the office,5,Extremely severe,4,Very severe,Do more,0.2248596794317998,0.12481253414812495,-0.10004714528367485,-44.49314591948409,1271
cold,Extreme Cold,Car,Using a car for traveling,1,Not severe at all,2,Slightly severe,Do less,0.29629221624200724,0.3166558588404683,0.020363642598461074,6.872824017026604,2434
cold,Extreme Cold,Car,Using a car for traveling,1,Not severe at all,2,Slightly severe,About the same,0.5564372673428084,0.5490003586591335,-0.007436908683674859,-1.3365223934746175,2434
cold,Extreme Cold,Car,Using a car for traveling,1,Not severe at all,2,Slightly severe,Do more,0.14727051641518404,0.13434378250039833,-0.012926733914785715,-8.777543685894843,2434
cold,Extreme Cold,Car,Using a car for traveling,1,Not severe at all,3,Moderately severe,Do less,0.29629221624200724,0.3154351750415835,0.019142958799576282,6.460837561774012,2434
cold,Extreme Cold,Car,Using a car for traveling,1,Not severe at all,3,Moderately severe,About the same,0.5564372673428084,0.5494789591969577,-0.0069583081458507445,-1.250510804044311,2434
cold,Extreme Cold,Car,Using a car for traveling,1,Not severe at all,3,Moderately severe,Do more,0.14727051641518404,0.13508586576146012,-0.012184650653723927,-8.273652425698733,2434
cold,Extreme Cold,Car,Using a car for traveling,1,Not severe at all,4,Very severe,Do less,0.29629221624200724,0.2891638605571659,-0.007128355684841325,-2.405853172672949,2434
cold,Extreme Cold,Car,Using a car for traveling,1,Not severe at all,4,Very severe,About the same,0.5564372673428084,0.5587506228002267,0.002313355457418287,0.41574416258375463,2434
cold,Extreme Cold,Car,Using a car for traveling,1,Not severe at all,4,Very severe,Do more,0.14727051641518404,0.1520855166426072,0.00481500022742315,3.269493680492525,2434
cold,Extreme Cold,Car,Using a car for traveling,1,Not severe at all,5,Extremely severe,Do less,0.29629221624200724,0.2362835839872015,-0.06000863225480574,-20.253192276165482,2434
cold,Extreme Cold,Car,Using a car for traveling,1,Not severe at all,5,Extremely severe,About the same,0.5564372673428084,0.5703259059260403,0.01388863858323186,2.4959936004206176,2434
cold,Extreme Cold,Car,Using a car for traveling,1,Not severe at all,5,Extremely severe,Do more,0.14727051641518404,0.1933905100867589,0.04611999367157485,31.316515209027767,2434
cold,Extreme Cold,Car,Using a car for traveling,2,Slightly severe,1,Not severe at all,Do less,0.3166558588404683,0.29629221624200724,-0.020363642598461074,-6.430843463003886,2434
cold,Extreme Cold,Car,Using a car for traveling,2,Slightly severe,1,Not severe at all,About the same,0.5490003586591335,0.5564372673428084,0.007436908683674859,1.3546272905610848,2434
cold,Extreme Cold,Car,Using a car for traveling,2,Slightly severe,1,Not severe at all,Do more,0.13434378250039833,0.14727051641518404,0.012926733914785715,9.622130383851138,2434
cold,Extreme Cold,Car,Using a car for traveling,2,Slightly severe,3,Moderately severe,Do less,0.3166558588404683,0.3154351750415835,-0.0012206837988847918,-0.38549225122651976,2434
cold,Extreme Cold,Car,Using a car for traveling,2,Slightly severe,3,Moderately severe,About the same,0.5490003586591335,0.5494789591969577,0.00047860053782411427,0.08717672589377495,2434
cold,Extreme Cold,Car,Using a car for traveling,2,Slightly severe,3,Moderately severe,Do more,0.13434378250039833,0.13508586576146012,0.0007420832610617878,0.5523763342450088,2434
cold,Extreme Cold,Car,Using a car for traveling,2,Slightly severe,4,Very severe,Do less,0.3166558588404683,0.2891638605571659,-0.0274919982833024,-8.681979984192525,2434
cold,Extreme Cold,Car,Using a car for traveling,2,Slightly severe,4,Very severe,About the same,0.5490003586591335,0.5587506228002267,0.009750264141093146,1.7760032370301135,2434
cold,Extreme Cold,Car,Using a car for traveling,2,Slightly severe,4,Very severe,Do more,0.13434378250039833,0.1520855166426072,0.017741734142208865,13.206219009172425,2434
cold,Extreme Cold,Car,Using a car for traveling,2,Slightly severe,5,Extremely severe,Do less,0.3166558588404683,0.2362835839872015,-0.08037227485326681,-25.381584647627975,2434
cold,Extreme Cold,Car,Using a car for traveling,2,Slightly severe,5,Extremely severe,About the same,0.5490003586591335,0.5703259059260403,0.02132554726690672,3.8844323014636584,2434
cold,Extreme Cold,Car,Using a car for traveling,2,Slightly severe,5,Extremely severe,Do more,0.13434378250039833,0.1933905100867589,0.059046727586360565,43.951961517970126,2434
cold,Extreme Cold,Car,Using a car for traveling,3,Moderately severe,1,Not severe at all,Do less,0.3154351750415835,0.29629221624200724,-0.019142958799576282,-6.068745756414986,2434
cold,Extreme Cold,Car,Using a car for traveling,3,Moderately severe,1,Not severe at all,About the same,0.5494789591969577,0.5564372673428084,0.0069583081458507445,1.2663466051584658,2434
cold,Extreme Cold,Car,Using a car for traveling,3,Moderately severe,1,Not severe at all,Do more,0.13508586576146012,0.14727051641518404,0.012184650653723927,9.019930090421198,2434
cold,Extreme Cold,Car,Using a car for traveling,3,Moderately severe,2,Slightly severe,Do less,0.3154351750415835,0.3166558588404683,0.0012206837988847918,0.3869840447324463,2434
cold,Extreme Cold,Car,Using a car for traveling,3,Moderately severe,2,Slightly severe,About the same,0.5494789591969577,0.5490003586591335,-0.00047860053782411427,-0.0871007942731002,2434
cold,Extreme Cold,Car,Using a car for traveling,3,Moderately severe,2,Slightly severe,Do more,0.13508586576146012,0.13434378250039833,-0.0007420832610617878,-0.5493418995975399,2434
cold,Extreme Cold,Car,Using a car for traveling,3,Moderately severe,4,Very severe,Do less,0.3154351750415835,0.2891638605571659,-0.026271314484417607,-8.32859381676577,2434
cold,Extreme Cold,Car,Using a car for traveling,3,Moderately severe,4,Very severe,About the same,0.5494789591969577,0.5587506228002267,0.009271663603269031,1.6873555298312444,2434
cold,Extreme Cold,Car,Using a car for traveling,3,Moderately severe,4,Very severe,Do more,0.13508586576146012,0.1520855166426072,0.016999650881147077,12.584329815204889,2434
cold,Extreme Cold,Car,Using a car for traveling,3,Moderately severe,5,Extremely severe,Do less,0.3154351750415835,0.2362835839872015,-0.07915159105438202,-25.092823285782107,2434
cold,Extreme Cold,Car,Using a car for traveling,3,Moderately severe,5,Extremely severe,About the same,0.5494789591969577,0.5703259059260403,0.020846946729082605,3.7939481358029825,2434
cold,Extreme Cold,Car,Using a car for traveling,3,Moderately severe,5,Extremely severe,Do more,0.13508586576146012,0.1933905100867589,0.05830464432529878,43.16117307805939,2434
cold,Extreme Cold,Car,Using a car for traveling,4,Very severe,1,Not severe at all,Do less,0.2891638605571659,0.29629221624200724,0.007128355684841325,2.465161334859165,2434
cold,Extreme Cold,Car,Using a car for traveling,4,Very severe,1,Not severe at all,About the same,0.5587506228002267,0.5564372673428084,-0.002313355457418287,-0.4140228866009505,2434
cold,Extreme Cold,Car,Using a car for traveling,4,Very severe,1,Not severe at all,Do more,0.1520855166426072,0.14727051641518404,-0.00481500022742315,-3.165982095940235,2434
cold,Extreme Cold,Car,Using a car for traveling,4,Very severe,2,Slightly severe,Do less,0.2891638605571659,0.3166558588404683,0.0274919982833024,9.507411552166422,2434
cold,Extreme Cold,Car,Using a car for traveling,4,Very severe,2,Slightly severe,About the same,0.5587506228002267,0.5490003586591335,-0.009750264141093146,-1.7450117714820361,2434
cold,Extreme Cold,Car,Using a car for traveling,4,Very severe,2,Slightly severe,Do more,0.1520855166426072,0.13434378250039833,-0.017741734142208865,-11.665630320276314,2434
cold,Extreme Cold,Car,Using a car for traveling,4,Very severe,3,Moderately severe,Do less,0.2891638605571659,0.3154351750415835,0.026271314484417607,9.085268966114086,2434
cold,Extreme Cold,Car,Using a car for traveling,4,Very severe,3,Moderately severe,About the same,0.5587506228002267,0.5494789591969577,-0.009271663603269031,-1.6593562897171004,2434
cold,Extreme Cold,Car,Using a car for traveling,4,Very severe,3,Moderately severe,Do more,0.1520855166426072,0.13508586576146012,-0.016999650881147077,-11.177692167161023,2434
cold,Extreme Cold,Car,Using a car for traveling,4,Very severe,5,Extremely severe,Do less,0.2891638605571659,0.2362835839872015,-0.05288027656996441,-18.28730480637303,2434
cold,Extreme Cold,Car,Using a car for traveling,4,Very severe,5,Extremely severe,About the same,0.5587506228002267,0.5703259059260403,0.011575283125813574,2.0716367290658306,2434
cold,Extreme Cold,Car,Using a car for traveling,4,Very severe,5,Extremely severe,Do more,0.1520855166426072,0.1933905100867589,0.0413049934441517,27.159057848497316,2434
cold,Extreme Cold,Car,Using a car for traveling,5,Extremely severe,1,Not severe at all,Do less,0.2362835839872015,0.29629221624200724,0.06000863225480574,25.39686898352454,2434
cold,Extreme Cold,Car,Using a car for traveling,5,Extremely severe,1,Not severe at all,About the same,0.5703259059260403,0.5564372673428084,-0.01388863858323186,-2.435210892389822,2434
cold,Extreme Cold,Car,Using a car for traveling,5,Extremely severe,1,Not severe at all,Do more,0.1933905100867589,0.14727051641518404,-0.04611999367157485,-23.84811625497264,2434
cold,Extreme Cold,Car,Using a car for traveling,5,Extremely severe,2,Slightly severe,Do less,0.2362835839872015,0.3166558588404683,0.08037227485326681,34.015175111623606,2434
cold,Extreme Cold,Car,Using a car for traveling,5,Extremely severe,2,Slightly severe,About the same,0.5703259059260403,0.5490003586591335,-0.02132554726690672,-3.739186146959316,2434
cold,Extreme Cold,Car,Using a car for traveling,5,Extremely severe,2,Slightly severe,Do more,0.1933905100867589,0.13434378250039833,-0.059046727586360565,-30.53238111832427,2434
cold,Extreme Cold,Car,Using a car for traveling,5,Extremely severe,3,Moderately severe,Do less,0.2362835839872015,0.3154351750415835,0.07915159105438202,33.49855699610064,2434
cold,Extreme Cold,Car,Using a car for traveling,5,Extremely severe,3,Moderately severe,About the same,0.5703259059260403,0.5494789591969577,-0.020846946729082605,-3.655269121123534,2434
cold,Extreme Cold,Car,Using a car for traveling,5,Extremely severe,3,Moderately severe,Do more,0.1933905100867589,0.13508586576146012,-0.05830464432529878,-30.148658431658376,2434
cold,Extreme Cold,Car,Using a car for traveling,5,Extremely severe,4,Very severe,Do less,0.2362835839872015,0.2891638605571659,0.05288027656996441,22.380004432651877,2434
cold,Extreme Cold,Car,Using a car for traveling,5,Extremely severe,4,Very severe,About the same,0.5703259059260403,0.5587506228002267,-0.011575283125813574,-2.0295909769377816,2434
cold,Extreme Cold,Car,Using a car for traveling,5,Extremely severe,4,Very severe,Do more,0.1933905100867589,0.1520855166426072,-0.0413049934441517,-21.358335228352953,2434
cold,Extreme Cold,Delivery,Having food delivered,1,Not severe at all,2,Slightly severe,Do less,0.20801718921318962,0.2054429929119419,-0.002574196301247722,-1.2374921086975736,2434
cold,Extreme Cold,Delivery,Having food delivered,1,Not severe at all,2,Slightly severe,About the same,0.5616987791953743,0.5615256104389733,-0.0001731687564009432,-0.030829469960573005,2434
cold,Extreme Cold,Delivery,Having food delivered,1,Not severe at all,2,Slightly severe,Do more,0.23028403159143537,0.23303139664908643,0.002747365057651052,1.193033246232793,2434
cold,Extreme Cold,Delivery,Having food delivered,1,Not severe at all,3,Moderately severe,Do less,0.20801718921318962,0.2132820619450618,0.005264872731872178,2.5309796521076877,2434
cold,Extreme Cold,Delivery,Having food delivered,1,Not severe at all,3,Moderately severe,About the same,0.5616987791953743,0.5619354959471365,0.00023671675176228923,0.042143006274890385,2434
cold,Extreme Cold,Delivery,Having food delivered,1,Not severe at all,3,Moderately severe,Do more,0.23028403159143537,0.22478244210780202,-0.005501589483633357,-2.389045148121321,2434
cold,Extreme Cold,Delivery,Having food delivered,1,Not severe at all,4,Very severe,Do less,0.20801718921318962,0.20278278251800452,-0.005234406695185101,-2.5163337294306665,2434
cold,Extreme Cold,Delivery,Having food delivered,1,Not severe at all,4,Very severe,About the same,0.5616987791953743,0.5613058649862579,-0.0003929142091163573,-0.06995105271177579,2434
cold,Extreme Cold,Delivery,Having food delivered,1,Not severe at all,4,Very severe,Do more,0.23028403159143537,0.2359113524957373,0.00562732090430193,2.443643558527668,2434
cold,Extreme Cold,Delivery,Having food delivered,1,Not severe at all,5,Extremely severe,Do less,0.20801718921318962,0.1420958596444558,-0.06592132956873381,-31.690328005140632,2434
cold,Extreme Cold,Delivery,Having food delivered,1,Not severe at all,5,Extremely severe,About the same,0.5616987791953743,0.5424316522762019,-0.019267126919172317,-3.43015289204869,2434
cold,Extreme Cold,Delivery,Having food delivered,1,Not severe at all,5,Extremely severe,Do more,0.23028403159143537,0.31547248807934053,0.08518845648790516,36.99277622472953,2434
cold,Extreme Cold,Delivery,Having food delivered,2,Slightly severe,1,Not severe at all,Do less,0.2054429929119419,0.20801718921318962,0.002574196301247722,1.2529978583163885,2434
cold,Extreme Cold,Delivery,Having food delivered,2,Slightly severe,1,Not severe at all,About the same,0.5615256104389733,0.5616987791953743,0.0001731687564009432,0.030838977453863294,2434
cold,Extreme Cold,Delivery,Having food delivered,2,Slightly severe,1,Not severe at all,Do more,0.23303139664908643,0.23028403159143537,-0.002747365057651052,-1.178967768788774,2434
cold,Extreme Cold,Delivery,Having food delivered,2,Slightly severe,3,Moderately severe,Do less,0.2054429929119419,0.2132820619450618,0.0078390690331199,3.815690631259409,2434
cold,Extreme Cold,Delivery,Having food delivered,2,Slightly severe,3,Moderately severe,About the same,0.5615256104389733,0.5619354959471365,0.00040988550816323244,0.07299498020095717,2434
cold,Extreme Cold,Delivery,Having food delivered,2,Slightly severe,3,Moderately severe,Do more,0.23303139664908643,0.22478244210780202,-0.008248954541284409,-3.539846844631932,2434
cold,Extreme Cold,Delivery,Having food delivered,2,Slightly severe,4,Very severe,Do less,0.2054429929119419,0.20278278251800452,-0.002660210393937379,-1.2948654788521372,2434
cold,Extreme Cold,Delivery,Having food delivered,2,Slightly severe,4,Very severe,About the same,0.5615256104389733,0.5613058649862579,-0.00021974545271541412,-0.039133647447287014,2434
cold,Extreme Cold,Delivery,Having food delivered,2,Slightly severe,4,Very severe,Do more,0.23303139664908643,0.2359113524957373,0.002879955846650878,1.2358660197997695,2434
cold,Extreme Cold,Delivery,Having food delivered,2,Slightly severe,5,Extremely severe,Do less,0.2054429929119419,0.1420958596444558,-0.06334713326748609,-30.834409278022097,2434
cold,Extreme Cold,Delivery,Having food delivered,2,Slightly severe,5,Extremely severe,About the same,0.5615256104389733,0.5424316522762019,-0.019093958162771374,-3.400371738671839,2434
cold,Extreme Cold,Delivery,Having food delivered,2,Slightly severe,5,Extremely severe,Do more,0.23303139664908643,0.31547248807934053,0.0824410914302541,35.37767554747104,2434
cold,Extreme Cold,Delivery,Having food delivered,3,Moderately severe,1,Not severe at all,Do less,0.2132820619450618,0.20801718921318962,-0.005264872731872178,-2.468502359672577,2434
cold,Extreme Cold,Delivery,Having food delivered,3,Moderately severe,1,Not severe at all,About the same,0.5619354959471365,0.5616987791953743,-0.00023671675176228923,-0.04212525342669546,2434
cold,Extreme Cold,Delivery,Having food delivered,3,Moderately severe,1,Not severe at all,Do more,0.22478244210780202,0.23028403159143537,0.005501589483633357,2.4475174448878367,2434
cold,Extreme Cold,Delivery,Having food delivered,3,Moderately severe,2,Slightly severe,Do less,0.2132820619450618,0.2054429929119419,-0.0078390690331199,-3.675446946466189,2434
cold,Extreme Cold,Delivery,Having food delivered,3,Moderately severe,2,Slightly severe,About the same,0.5619354959471365,0.5615256104389733,-0.00040988550816323244,-0.07294173639491747,2434
cold,Extreme Cold,Delivery,Having food delivered,3,Moderately severe,2,Slightly severe,Do more,0.22478244210780202,0.23303139664908643,0.008248954541284409,3.669750387945489,2434
cold,Extreme Cold,Delivery,Having food delivered,3,Moderately severe,4,Very severe,Do less,0.2132820619450618,0.20278278251800452,-0.010499279427057279,-4.92272033161501,2434
cold,Extreme Cold,Delivery,Having food delivered,3,Moderately severe,4,Very severe,About the same,0.5619354959471365,0.5613058649862579,-0.0006296309608786466,-0.11204683908024177,2434
cold,Extreme Cold,Delivery,Having food delivered,3,Moderately severe,4,Very severe,Do more,0.22478244210780202,0.2359113524957373,0.011128910387935287,4.9509696058013475,2434
cold,Extreme Cold,Delivery,Having food delivered,3,Moderately severe,5,Extremely severe,Do less,0.2132820619450618,0.1420958596444558,-0.07118620230060599,-33.37655387021833,2434
cold,Extreme Cold,Delivery,Having food delivered,3,Moderately severe,5,Extremely severe,About the same,0.5619354959471365,0.5424316522762019,-0.019503843670934606,-3.470833184876687,2434
cold,Extreme Cold,Delivery,Having food delivered,3,Moderately severe,5,Extremely severe,Do more,0.22478244210780202,0.31547248807934053,0.09069004597153851,40.345698321065946,2434
cold,Extreme Cold,Delivery,Having food delivered,4,Very severe,1,Not severe at all,Do less,0.20278278251800452,0.20801718921318962,0.005234406695185101,2.5812875384133527,2434
cold,Extreme Cold,Delivery,Having food delivered,4,Very severe,1,Not severe at all,About the same,0.5613058649862579,0.5616987791953743,0.0003929142091163573,0.07000001846158811,2434
cold,Extreme Cold,Delivery,Having food delivered,4,Very severe,1,Not severe at all,Do more,0.2359113524957373,0.23028403159143537,-0.00562732090430193,-2.385354008940121,2434
cold,Extreme Cold,Delivery,Having food delivered,4,Very severe,2,Slightly severe,Do less,0.20278278251800452,0.2054429929119419,0.002660210393937379,1.3118522001251198,2434
cold,Extreme Cold,Delivery,Having food delivered,4,Very severe,2,Slightly severe,About the same,0.5613058649862579,0.5615256104389733,0.00021974545271541412,0.03914896786635109,2434
cold,Extreme Cold,Delivery,Having food delivered,4,Very severe,2,Slightly severe,Do more,0.2359113524957373,0.23303139664908643,-0.002879955846650878,-1.2207788290743304,2434
cold,Extreme Cold,Delivery,Having food delivered,4,Very severe,3,Moderately severe,Do less,0.20278278251800452,0.2132820619450618,0.010499279427057279,5.177599052880674,2434
cold,Extreme Cold,Delivery,Having food delivered,4,Very severe,3,Moderately severe,About the same,0.5613058649862579,0.5619354959471365,0.0006296309608786466,0.11217252484865119,2434
cold,Extreme Cold,Delivery,Having food delivered,4,Very severe,3,Moderately severe,Do more,0.2359113524957373,0.22478244210780202,-0.011128910387935287,-4.7174119728453405,2434
cold,Extreme Cold,Delivery,Having food delivered,4,Very severe,5,Extremely severe,Do less,0.20278278251800452,0.1420958596444558,-0.06068692287354871,-29.927058954406295,2434
cold,Extreme Cold,Delivery,Having food delivered,4,Very severe,5,Extremely severe,About the same,0.5613058649862579,0.5424316522762019,-0.01887421271005596,-3.362553981244797,2434
cold,Extreme Cold,Delivery,Having food delivered,4,Very severe,5,Extremely severe,Do more,0.2359113524957373,0.31547248807934053,0.07956113558360323,33.725013545094576,2434
cold,Extreme Cold,Delivery,Having food delivered,5,Extremely severe,1,Not severe at all,Do less,0.1420958596444558,0.20801718921318962,0.06592132956873381,46.392153672653386,2434
cold,Extreme Cold,Delivery,Having food delivered,5,Extremely severe,1,Not severe at all,About the same,0.5424316522762019,0.5616987791953743,0.019267126919172317,3.551991635871877,2434
cold,Extreme Cold,Delivery,Having food delivered,5,Extremely severe,1,Not severe at all,Do more,0.31547248807934053,0.23028403159143537,-0.08518845648790516,-27.00345028707558,2434
cold,Extreme Cold,Delivery,Having food delivered,5,Extremely severe,2,Slightly severe,Do less,0.1420958596444558,0.2054429929119419,0.06334713326748609,44.580562323201875,2434
cold,Extreme Cold,Delivery,Having food delivered,5,Extremely severe,2,Slightly severe,About the same,0.5424316522762019,0.5615256104389733,0.019093958162771374,3.520067105716921,2434
cold,Extreme Cold,Delivery,Having food delivered,5,Extremely severe,2,Slightly severe,Do more,0.31547248807934053,0.23303139664908643,-0.0824410914302541,-26.132577180397544,2434
cold,Extreme Cold,Delivery,Having food delivered,5,Extremely severe,3,Moderately severe,Do less,0.1420958596444558,0.2132820619450618,0.07118620230060599,50.097309294390456,2434
cold,Extreme Cold,Delivery,Having food delivered,5,Extremely severe,3,Moderately severe,About the same,0.5424316522762019,0.5619354959471365,0.019503843670934606,3.5956315582047567,2434
cold,Extreme Cold,Delivery,Having food delivered,5,Extremely severe,3,Moderately severe,Do more,0.31547248807934053,0.22478244210780202,-0.09069004597153851,-28.74737081628817,2434
cold,Extreme Cold,Delivery,Having food delivered,5,Extremely severe,4,Very severe,Do less,0.1420958596444558,0.20278278251800452,0.06068692287354871,42.708438532548435,2434
cold,Extreme Cold,Delivery,Having food delivered,5,Extremely severe,4,Very severe,About the same,0.5424316522762019,0.5613058649862579,0.01887421271005596,3.4795559276185744,2434
cold,Extreme Cold,Delivery,Having food delivered,5,Extremely severe,4,Very severe,Do more,0.31547248807934053,0.2359113524957373,-0.07956113558360323,-25.219674802068255,2434
cold,Extreme Cold,Dine in,Eating indoors at a restaurant,1,Not severe at all,2,Slightly severe,Do less,0.32120276975923734,0.3707791457109347,0.04957637595169734,15.434604125256485,2434
cold,Extreme Cold,Dine in,Eating indoors at a restaurant,1,Not severe at all,2,Slightly severe,About the same,0.5324512850013757,0.5115527503310732,-0.02089853467030256,-3.924966519753739,2434
cold,Extreme Cold,Dine in,Eating indoors at a restaurant,1,Not severe at all,2,Slightly severe,Do more,0.14634594523938788,0.11766810395799215,-0.028677841281395722,-19.595924734699995,2434
cold,Extreme Cold,Dine in,Eating indoors at a restaurant,1,Not severe at all,3,Moderately severe,Do less,0.32120276975923734,0.4035378956503134,0.08233512589107606,25.63337979706453,2434
cold,Extreme Cold,Dine in,Eating indoors at a restaurant,1,Not severe at all,3,Moderately severe,About the same,0.5324512850013757,0.4948254358650493,-0.03762584913632644,-7.066533633443897,2434
cold,Extreme Cold,Dine in,Eating indoors at a restaurant,1,Not severe at all,3,Moderately severe,Do more,0.14634594523938788,0.10163666848463618,-0.0447092767547517,-30.550403485124058,2434
cold,Extreme Cold,Dine in,Eating indoors at a restaurant,1,Not severe at all,4,Very severe,Do less,0.32120276975923734,0.3758506055406305,0.05464783578139315,17.013500793394563,2434
cold,Extreme Cold,Dine in,Eating indoors at a restaurant,1,Not severe at all,4,Very severe,About the same,0.5324512850013757,0.509101621220862,-0.02334966378051373,-4.385314570224654,2434
cold,Extreme Cold,Dine in,Eating indoors at a restaurant,1,Not severe at all,4,Very severe,Do more,0.14634594523938788,0.1150477732385074,-0.031298172000880475,-21.38642922404441,2434
cold,Extreme Cold,Dine in,Eating indoors at a restaurant,1,Not severe at all,5,Extremely severe,Do less,0.32120276975923734,0.27766038193611003,-0.043542387823127304,-13.556043696561272,2434
cold,Extreme Cold,Dine in,Eating indoors at a restaurant,1,Not severe at all,5,Extremely severe,About the same,0.5324512850013757,0.5453308311144555,0.012879546113079732,2.41891539674779,2434
cold,Extreme Cold,Dine in,Eating indoors at a restaurant,1,Not severe at all,5,Extremely severe,Do more,0.14634594523938788,0.1770087869494333,0.030662841710045435,20.95230015419161,2434
cold,Extreme Cold,Dine in,Eating indoors at a restaurant,2,Slightly severe,1,Not severe at all,Do less,0.3707791457109347,0.32120276975923734,-0.04957637595169734,-13.370864172158125,2434
cold,Extreme Cold,Dine in,Eating indoors at a restaurant,2,Slightly severe,1,Not severe at all,About the same,0.5115527503310732,0.5324512850013757,0.02089853467030256,4.085313715306424,2434
cold,Extreme Cold,Dine in,Eating indoors at a restaurant,2,Slightly severe,1,Not severe at all,Do more,0.11766810395799215,0.14634594523938788,0.028677841281395722,24.371805371856585,2434
cold,Extreme Cold,Dine in,Eating indoors at a restaurant,2,Slightly severe,3,Moderately severe,Do less,0.3707791457109347,0.4035378956503134,0.03275874993937872,8.835111229507486,2434
cold,Extreme Cold,Dine in,Eating indoors at a restaurant,2,Slightly severe,3,Moderately severe,About the same,0.5115527503310732,0.4948254358650493,-0.01672731446602388,-3.269909985861299,2434
cold,Extreme Cold,Dine in,Eating indoors at a restaurant,2,Slightly severe,3,Moderately severe,Do more,0.11766810395799215,0.10163666848463618,-0.016031435473355976,-13.624282990978799,2434
cold,Extreme Cold,Dine in,Eating indoors at a restaurant,2,Slightly severe,4,Very severe,Do less,0.3707791457109347,0.3758506055406305,0.0050714598296958124,1.3677845392226031,2434
cold,Extreme Cold,Dine in,Eating indoors at a restaurant,2,Slightly severe,4,Very severe,About the same,0.5115527503310732,0.509101621220862,-0.00245112911021117,-0.47915471251494923,2434
cold,Extreme Cold,Dine in,Eating indoors at a restaurant,2,Slightly severe,4,Very severe,Do more,0.11766810395799215,0.1150477732385074,-0.0026203307194847536,-2.2268827586617856,2434
cold,Extreme Cold,Dine in,Eating indoors at a restaurant,2,Slightly severe,5,Extremely severe,Do less,0.3707791457109347,0.27766038193611003,-0.09311876377482464,-25.114347678933786,2434
cold,Extreme Cold,Dine in,Eating indoors at a restaurant,2,Slightly severe,5,Extremely severe,About the same,0.5115527503310732,0.5453308311144555,0.03377808078338229,6.60304939451921,2434
cold,Extreme Cold,Dine in,Eating indoors at a restaurant,2,Slightly severe,5,Extremely severe,Do more,0.11766810395799215,0.1770087869494333,0.05934068299144116,50.43055934055498,2434
cold,Extreme Cold,Dine in,Eating indoors at a restaurant,3,Moderately severe,1,Not severe at all,Do less,0.4035378956503134,0.32120276975923734,-0.08233512589107606,-20.40331943506583,2434
cold,Extreme Cold,Dine in,Eating indoors at a restaurant,3,Moderately severe,1,Not severe at all,About the same,0.4948254358650493,0.5324512850013757,0.03762584913632644,7.603863182689724,2434
cold,Extreme Cold,Dine in,Eating indoors at a restaurant,3,Moderately severe,1,Not severe at all,Do more,0.10163666848463618,0.14634594523938788,0.0447092767547517,43.989317459288955,2434
cold,Extreme Cold,Dine in,Eating indoors at a restaurant,3,Moderately severe,2,Slightly severe,Do less,0.4035378956503134,0.3707791457109347,-0.03275874993937872,-8.117886893023272,2434
cold,Extreme Cold,Dine in,Eating indoors at a restaurant,3,Moderately severe,2,Slightly severe,About the same,0.4948254358650493,0.5115527503310732,0.01672731446602388,3.3804475788075328,2434
cold,Extreme Cold,Dine in,Eating indoors at a restaurant,3,Moderately severe,2,Slightly severe,Do more,0.10163666848463618,0.11766810395799215,0.016031435473355976,15.773279183958449,2434
cold,Extreme Cold,Dine in,Eating indoors at a restaurant,3,Moderately severe,4,Very severe,Do less,0.4035378956503134,0.3758506055406305,-0.027687290109682905,-6.861137555635019,2434
cold,Extreme Cold,Dine in,Eating indoors at a restaurant,3,Moderately severe,4,Very severe,About the same,0.4948254358650493,0.509101621220862,0.01427618535581271,2.8850952924146296,2434
cold,Extreme Cold,Dine in,Eating indoors at a restaurant,3,Moderately severe,4,Very severe,Do more,0.10163666848463618,0.1150477732385074,0.013411104753871222,13.195143990673506,2434
cold,Extreme Cold,Dine in,Eating indoors at a restaurant,3,Moderately severe,5,Extremely severe,Do less,0.4035378956503134,0.27766038193611003,-0.12587751371420336,-31.193480233460598,2434
cold,Extreme Cold,Dine in,Eating indoors at a restaurant,3,Moderately severe,5,Extremely severe,About the same,0.4948254358650493,0.5453308311144555,0.05050539524940617,10.206709596711233,2434
cold,Extreme Cold,Dine in,Eating indoors at a restaurant,3,Moderately severe,5,Extremely severe,Do more,0.10163666848463618,0.1770087869494333,0.07537211846479713,74.15839144333101,2434
cold,Extreme Cold,Dine in,Eating indoors at a restaurant,4,Very severe,1,Not severe at all,Do less,0.3758506055406305,0.32120276975923734,-0.05464783578139315,-14.539775904521077,2434
cold,Extreme Cold,Dine in,Eating indoors at a restaurant,4,Very severe,1,Not severe at all,About the same,0.509101621220862,0.5324512850013757,0.02334966378051373,4.586444593226706,2434
cold,Extreme Cold,Dine in,Eating indoors at a restaurant,4,Very severe,1,Not severe at all,Do more,0.1150477732385074,0.14634594523938788,0.031298172000880475,27.204500460861357,2434
cold,Extreme Cold,Dine in,Eating indoors at a restaurant,4,Very severe,2,Slightly severe,Do less,0.3758506055406305,0.3707791457109347,-0.0050714598296958124,-1.3493286308268495,2434
cold,Extreme Cold,Dine in,Eating indoors at a restaurant,4,Very severe,2,Slightly severe,About the same,0.509101621220862,0.5115527503310732,0.00245112911021117,0.4814616587417631,2434
cold,Extreme Cold,Dine in,Eating indoors at a restaurant,4,Very severe,2,Slightly severe,Do more,0.1150477732385074,0.11766810395799215,0.0026203307194847536,2.2776022913998553,2434
cold,Extreme Cold,Dine in,Eating indoors at a restaurant,4,Very severe,3,Moderately severe,Do less,0.3758506055406305,0.4035378956503134,0.027687290109682905,7.366567913295495,2434
cold,Extreme Cold,Dine in,Eating indoors at a restaurant,4,Very severe,3,Moderately severe,About the same,0.509101621220862,0.4948254358650493,-0.01427618535581271,-2.804191689976826,2434
cold,Extreme Cold,Dine in,Eating indoors at a restaurant,4,Very severe,3,Moderately severe,Do more,0.1150477732385074,0.10163666848463618,-0.013411104753871222,-11.656987681168278,2434
cold,Extreme Cold,Dine in,Eating indoors at a restaurant,4,Very severe,5,Extremely severe,Do less,0.3758506055406305,0.27766038193611003,-0.09819022360452045,-26.124801226083385,2434
cold,Extreme Cold,Dine in,Eating indoors at a restaurant,4,Very severe,5,Extremely severe,About the same,0.509101621220862,0.5453308311144555,0.03622920989359346,7.116302204403363,2434
cold,Extreme Cold,Dine in,Eating indoors at a restaurant,4,Very severe,5,Extremely severe,Do more,0.1150477732385074,0.1770087869494333,0.06196101371092591,53.856769207061085,2434
cold,Extreme Cold,Dine in,Eating indoors at a restaurant,5,Extremely severe,1,Not severe at all,Do less,0.27766038193611003,0.32120276975923734,0.043542387823127304,15.681887174363412,2434
cold,Extreme Cold,Dine in,Eating indoors at a restaurant,5,Extremely severe,1,Not severe at all,About the same,0.5453308311144555,0.5324512850013757,-0.012879546113079732,-2.361785796478567,2434
cold,Extreme Cold,Dine in,Eating indoors at a restaurant,5,Extremely severe,1,Not severe at all,Do more,0.1770087869494333,0.14634594523938788,-0.030662841710045435,-17.322779415919612,2434
cold,Extreme Cold,Dine in,Eating indoors at a restaurant,5,Extremely severe,2,Slightly severe,Do less,0.27766038193611003,0.3707791457109347,0.09311876377482464,33.53692850435226,2434
cold,Extreme Cold,Dine in,Eating indoors at a restaurant,5,Extremely severe,2,Slightly severe,About the same,0.5453308311144555,0.5115527503310732,-0.03377808078338229,-6.194053014452224,2434
cold,Extreme Cold,Dine in,Eating indoors at a restaurant,5,Extremely severe,2,Slightly severe,Do more,0.1770087869494333,0.11766810395799215,-0.05934068299144116,-33.5241453343179,2434
cold,Extreme Cold,Dine in,Eating indoors at a restaurant,5,Extremely severe,3,Moderately severe,Do less,0.27766038193611003,0.4035378956503134,0.12587751371420336,45.33506467017967,2434
cold,Extreme Cold,Dine in,Eating indoors at a restaurant,5,Extremely severe,3,Moderately severe,About the same,0.5453308311144555,0.4948254358650493,-0.05050539524940617,-9.261423042264406,2434
cold,Extreme Cold,Dine in,Eating indoors at a restaurant,5,Extremely severe,3,Moderately severe,Do more,0.1770087869494333,0.10163666848463618,-0.07537211846479713,-42.58100389464221,2434
cold,Extreme Cold,Dine in,Eating indoors at a restaurant,5,Extremely severe,4,Very severe,Do less,0.27766038193611003,0.3758506055406305,0.09819022360452045,35.36342596658753,2434
cold,Extreme Cold,Dine in,Eating indoors at a restaurant,5,Extremely severe,4,Very severe,About the same,0.5453308311144555,0.509101621220862,-0.03622920989359346,-6.64352863005275,2434
cold,Extreme Cold,Dine in,Eating indoors at a restaurant,5,Extremely severe,4,Very severe,Do more,0.1770087869494333,0.1150477732385074,-0.06196101371092591,-35.00448468054104,2434
cold,Extreme Cold,Home,Staying at home,1,Not severe at all,2,Slightly severe,Do less,0.0740002940057244,0.04072223066126764,-0.03327806334445676,-44.97017720211015,2434
cold,Extreme Cold,Home,Staying at home,1,Not severe at all,2,Slightly severe,About the same,0.5107664573324481,0.42676315498830025,-0.08400330234414782,-16.44651897911763,2434
cold,Extreme Cold,Home,Staying at home,1,Not severe at all,2,Slightly severe,Do more,0.41523324866182704,0.532514614350432,0.11728136568860498,28.244695256598035,2434
cold,Extreme Cold,Home,Staying at home,1,Not severe at all,3,Moderately severe,Do less,0.0740002940057244,0.028632307460215996,-0.0453679865455084,-61.30784634720355,2434
cold,Extreme Cold,Home,Staying at home,1,Not severe at all,3,Moderately severe,About the same,0.5107664573324481,0.37634256932357296,-0.13442388800887511,-26.31807278632261,2434
cold,Extreme Cold,Home,Staying at home,1,Not severe at all,3,Moderately severe,Do more,0.41523324866182704,0.5950251232162105,0.17979187455438345,43.29900727694592,2434
cold,Extreme Cold,Home,Staying at home,1,Not severe at all,4,Very severe,Do less,0.0740002940057244,0.03768751905452557,-0.036312774951198834,-49.07112253958046,2434
cold,Extreme Cold,Home,Staying at home,1,Not severe at all,4,Very severe,About the same,0.5107664573324481,0.41558506622433783,-0.09518139110811025,-18.63501209637157,2434
cold,Extreme Cold,Home,Staying at home,1,Not severe at all,4,Very severe,Do more,0.41523324866182704,0.5467274147211371,0.13149416605931002,31.667542636115126,2434
cold,Extreme Cold,Home,Staying at home,1,Not severe at all,5,Extremely severe,Do less,0.0740002940057244,0.03046623658529849,-0.04353405742042591,-58.82957359204312,2434
cold,Extreme Cold,Home,Staying at home,1,Not severe at all,5,Extremely severe,About the same,0.5107664573324481,0.3851215543298741,-0.12564490300257397,-24.5992862684783,2434
cold,Extreme Cold,Home,Staying at home,1,Not severe at all,5,Extremely severe,Do more,0.41523324866182704,0.5844122090848266,0.16917896042299957,40.74311509692755,2434
cold,Extreme Cold,Home,Staying at home,2,Slightly severe,1,Not severe at all,Do less,0.04072223066126764,0.0740002940057244,0.03327806334445676,81.71964748509886,2434
cold,Extreme Cold,Home,Staying at home,2,Slightly severe,1,Not severe at all,About the same,0.42676315498830025,0.5107664573324481,0.08400330234414782,19.683822598614633,2434
cold,Extreme Cold,Home,Staying at home,2,Slightly severe,1,Not severe at all,Do more,0.532514614350432,0.41523324866182704,-0.11728136568860498,-22.024065167050157,2434
cold,Extreme Cold,Home,Staying at home,2,Slightly severe,3,Moderately severe,Do less,0.04072223066126764,0.028632307460215996,-0.012089923201051647,-29.688754777745512,2434
cold,Extreme Cold,Home,Staying at home,2,Slightly severe,3,Moderately severe,About the same,0.42676315498830025,0.37634256932357296,-0.05042058566472729,-11.814652946342,2434
cold,Extreme Cold,Home,Staying at home,2,Slightly severe,3,Moderately severe,Do more,0.532514614350432,0.5950251232162105,0.06251050886577847,11.738740530535404,2434
cold,Extreme Cold,Home,Staying at home,2,Slightly severe,4,Very severe,Do less,0.04072223066126764,0.03768751905452557,-0.0030347116067420757,-7.452223410807644,2434
cold,Extreme Cold,Home,Staying at home,2,Slightly severe,4,Very severe,About the same,0.42676315498830025,0.41558506622433783,-0.011178088763962424,-2.6192722200371006,2434
cold,Extreme Cold,Home,Staying at home,2,Slightly severe,4,Very severe,Do more,0.532514614350432,0.5467274147211371,0.014212800370705048,2.668997242083581,2434
cold,Extreme Cold,Home,Staying at home,2,Slightly severe,5,Extremely severe,Do less,0.04072223066126764,0.03046623658529849,-0.010255994075969152,-25.18524626334871,2434
cold,Extreme Cold,Home,Staying at home,2,Slightly severe,5,Extremely severe,About the same,0.42676315498830025,0.3851215543298741,-0.04164160065842615,-9.757543539476305,2434
cold,Extreme Cold,Home,Staying at home,2,Slightly severe,5,Extremely severe,Do more,0.532514614350432,0.5844122090848266,0.05189759473439459,9.745759709843819,2434
cold,Extreme Cold,Home,Staying at home,3,Moderately severe,1,Not severe at all,Do less,0.028632307460215996,0.0740002940057244,0.0453679865455084,158.4503331020257,2434
cold,Extreme Cold,Home,Staying at home,3,Moderately severe,1,Not severe at all,About the same,0.37634256932357296,0.5107664573324481,0.13442388800887511,35.718491333702865,2434
cold,Extreme Cold,Home,Staying at home,3,Moderately severe,1,Not severe at all,Do more,0.5950251232162105,0.41523324866182704,-0.17979187455438345,-30.215845943206272,2434
cold,Extreme Cold,Home,Staying at home,3,Moderately severe,2,Slightly severe,Do less,0.028632307460215996,0.04072223066126764,0.012089923201051647,42.2247603266008,2434
cold,Extreme Cold,Home,Staying at home,3,Moderately severe,2,Slightly severe,About the same,0.37634256932357296,0.42676315498830025,0.05042058566472729,13.397523898333311,2434
cold,Extreme Cold,Home,Staying at home,3,Moderately severe,2,Slightly severe,Do more,0.5950251232162105,0.532514614350432,-0.06251050886577847,-10.505524292469987,2434
cold,Extreme Cold,Home,Staying at home,3,Moderately severe,4,Very severe,Do less,0.028632307460215996,0.03768751905452557,0.00905521159430957,31.625853441576794,2434
cold,Extreme Cold,Home,Staying at home,3,Moderately severe,4,Very severe,About the same,0.37634256932357296,0.41558506622433783,0.03924249690076487,10.427334056654333,2434
cold,Extreme Cold,Home,Staying at home,3,Moderately severe,4,Very severe,Do more,0.5950251232162105,0.5467274147211371,-0.04829770849507342,-8.116919204018853,2434
cold,Extreme Cold,Home,Staying at home,3,Moderately severe,5,Extremely severe,Do less,0.028632307460215996,0.03046623658529849,0.0018339291250824945,6.405104190888916,2434
cold,Extreme Cold,Home,Staying at home,3,Moderately severe,5,Extremely severe,About the same,0.37634256932357296,0.3851215543298741,0.008778985006301143,2.332711131265387,2434
cold,Extreme Cold,Home,Staying at home,3,Moderately severe,5,Extremely severe,Do more,0.5950251232162105,0.5844122090848266,-0.010612914131383877,-1.7836077364295642,2434
cold,Extreme Cold,Home,Staying at home,4,Very severe,1,Not severe at all,Do less,0.03768751905452557,0.0740002940057244,0.036312774951198834,96.3522562964737,2434
cold,Extreme Cold,Home,Staying at home,4,Very severe,1,Not severe at all,About the same,0.41558506622433783,0.5107664573324481,0.09518139110811025,22.902986378420582,2434
cold,Extreme Cold,Home,Staying at home,4,Very severe,1,Not severe at all,Do more,0.5467274147211371,0.41523324866182704,-0.13149416605931002,-24.05113819404497,2434
cold,Extreme Cold,Home,Staying at home,4,Very severe,2,Slightly severe,Do less,0.03768751905452557,0.04072223066126764,0.0030347116067420757,8.05229869960799,2434
cold,Extreme Cold,Home,Staying at home,4,Very severe,2,Slightly severe,About the same,0.41558506622433783,0.42676315498830025,0.011178088763962424,2.6897233977912856,2434
cold,Extreme Cold,Home,Staying at home,4,Very severe,2,Slightly severe,Do more,0.5467274147211371,0.532514614350432,-0.014212800370705048,-2.5996136260981912,2434
cold,Extreme Cold,Home,Staying at home,4,Very severe,3,Moderately severe,Do less,0.03768751905452557,0.028632307460215996,-0.00905521159430957,-24.027083293035734,2434
cold,Extreme Cold,Home,Staying at home,4,Very severe,3,Moderately severe,About the same,0.41558506622433783,0.37634256932357296,-0.03924249690076487,-9.442711033216312,2434
cold,Extreme Cold,Home,Staying at home,4,Very severe,3,Moderately severe,Do more,0.5467274147211371,0.5950251232162105,0.04829770849507342,8.833965006073104,2434
cold,Extreme Cold,Home,Staying at home,4,Very severe,5,Extremely severe,Do less,0.03768751905452557,0.03046623658529849,-0.007221282469227076,-19.16093882109742,2434
cold,Extreme Cold,Home,Staying at home,4,Very severe,5,Extremely severe,About the same,0.41558506622433783,0.3851215543298741,-0.030463511894463724,-7.330271073315988,2434
cold,Extreme Cold,Home,Staying at home,4,Very severe,5,Extremely severe,Do more,0.5467274147211371,0.5844122090848266,0.037684794363689544,6.892793986361739,2434
cold,Extreme Cold,Home,Staying at home,5,Extremely severe,1,Not severe at all,Do less,0.03046623658529849,0.0740002940057244,0.04353405742042591,142.89279641921152,2434
cold,Extreme Cold,Home,Staying at home,5,Extremely severe,1,Not severe at all,About the same,0.3851215543298741,0.5107664573324481,0.12564490300257397,32.624739277758884,2434
cold,Extreme Cold,Home,Staying at home,5,Extremely severe,1,Not severe at all,Do more,0.5844122090848266,0.41523324866182704,-0.16917896042299957,-28.948567088960914,2434
cold,Extreme Cold,Home,Staying at home,5,Extremely severe,2,Slightly severe,Do less,0.03046623658529849,0.04072223066126764,0.010255994075969152,33.66347545833144,2434
cold,Extreme Cold,Home,Staying at home,5,Extremely severe,2,Slightly severe,About the same,0.3851215543298741,0.42676315498830025,0.04164160065842615,10.812586361436999,2434
cold,Extreme Cold,Home,Staying at home,5,Extremely severe,2,Slightly severe,Do more,0.5844122090848266,0.532514614350432,-0.05189759473439459,-8.880306387791725,2434
cold,Extreme Cold,Home,Staying at home,5,Extremely severe,3,Moderately severe,Do less,0.03046623658529849,0.028632307460215996,-0.0018339291250824945,-6.01954599790464,2434
cold,Extreme Cold,Home,Staying at home,5,Extremely severe,3,Moderately severe,About the same,0.3851215543298741,0.37634256932357296,-0.008778985006301143,-2.2795361380322907,2434
cold,Extreme Cold,Home,Staying at home,5,Extremely severe,3,Moderately severe,Do more,0.5844122090848266,0.5950251232162105,0.010612914131383877,1.8159980175642476,2434
cold,Extreme Cold,Home,Staying at home,5,Extremely severe,4,Very severe,Do less,0.03046623658529849,0.03768751905452557,0.007221282469227076,23.702574648526532,2434
cold,Extreme Cold,Home,Staying at home,5,Extremely severe,4,Very severe,About the same,0.3851215543298741,0.41558506622433783,0.030463511894463724,7.910103070567258,2434
cold,Extreme Cold,Home,Staying at home,5,Extremely severe,4,Very severe,Do more,0.5844122090848266,0.5467274147211371,-0.037684794363689544,-6.448324278286878,2434
cold,Extreme Cold,Pick up,Picking up takeout,1,Not severe at all,2,Slightly severe,Do less,0.32825962381683,0.33362923780915943,0.005369613992329436,1.6357826557815407,2434
cold,Extreme Cold,Pick up,Picking up takeout,1,Not severe at all,2,Slightly severe,About the same,0.5216528443317702,0.5197100185820721,-0.0019428257496980628,-0.3724365295442402,2434
cold,Extreme Cold,Pick up,Picking up takeout,1,Not severe at all,2,Slightly severe,Do more,0.15008753185140022,0.14666074360876954,-0.0034267882426306795,-2.2831931475983622,2434
cold,Extreme Cold,Pick up,Picking up takeout,1,Not severe at all,3,Moderately severe,Do less,0.32825962381683,0.3640719327145972,0.03581230889776721,10.909751397799262,2434
cold,Extreme Cold,Pick up,Picking up takeout,1,Not severe at all,3,Moderately severe,About the same,0.5216528443317702,0.5073529082601493,-0.014299936071620833,-2.7412744370135367,2434
cold,Extreme Cold,Pick up,Picking up takeout,1,Not severe at all,3,Moderately severe,Do more,0.15008753185140022,0.12857515902525424,-0.021512372826145987,-14.333217796828798,2434
cold,Extreme Cold,Pick up,Picking up takeout,1,Not severe at all,4,Very severe,Do less,0.32825962381683,0.3445072195520628,0.016247595735232823,4.949617484573442,2434
cold,Extreme Cold,Pick up,Picking up takeout,1,Not severe at all,4,Very severe,About the same,0.5216528443317702,0.5155492823875442,-0.00610356194422601,-1.1700428763202826,2434
cold,Extreme Cold,Pick up,Picking up takeout,1,Not severe at all,4,Very severe,Do more,0.15008753185140022,0.13994349806039313,-0.01014403379100709,-6.758745157492875,2434
cold,Extreme Cold,Pick up,Picking up takeout,1,Not severe at all,5,Extremely severe,Do less,0.32825962381683,0.29187901637630465,-0.03638060744052535,-11.082876114189984,2434
cold,Extreme Cold,Pick up,Picking up takeout,1,Not severe at all,5,Extremely severe,About the same,0.5216528443317702,0.5326894893930842,0.011036645061314077,2.115706869278526,2434
cold,Extreme Cold,Pick up,Picking up takeout,1,Not severe at all,5,Extremely severe,Do more,0.15008753185140022,0.17543149423061105,0.025343962379210827,16.88612109652357,2434
cold,Extreme Cold,Pick up,Picking up takeout,2,Slightly severe,1,Not severe at all,Do less,0.33362923780915943,0.32825962381683,-0.005369613992329436,-1.6094554624738646,2434
cold,Extreme Cold,Pick up,Picking up takeout,2,Slightly severe,1,Not severe at all,About the same,0.5197100185820721,0.5216528443317702,0.0019428257496980628,0.373828804570419,2434
cold,Extreme Cold,Pick up,Picking up takeout,2,Slightly severe,1,Not severe at all,Do more,0.14666074360876954,0.15008753185140022,0.0034267882426306795,2.3365408890684063,2434
cold,Extreme Cold,Pick up,Picking up takeout,2,Slightly severe,3,Moderately severe,Do less,0.33362923780915943,0.3640719327145972,0.030442694905437773,9.124708345511198,2434
cold,Extreme Cold,Pick up,Picking up takeout,2,Slightly severe,3,Moderately severe,About the same,0.5197100185820721,0.5073529082601493,-0.01235711032192277,-2.377693305901,2434
cold,Extreme Cold,Pick up,Picking up takeout,2,Slightly severe,3,Moderately severe,Do more,0.14666074360876954,0.12857515902525424,-0.018085584583515307,-12.331578402302526,2434
cold,Extreme Cold,Pick up,Picking up takeout,2,Slightly severe,4,Very severe,Do less,0.33362923780915943,0.3445072195520628,0.010877981742903386,3.2605001331225485,2434
cold,Extreme Cold,Pick up,Picking up takeout,2,Slightly severe,4,Very severe,About the same,0.5197100185820721,0.5155492823875442,-0.0041607361945279475,-0.800588029047373,2434
cold,Extreme Cold,Pick up,Picking up takeout,2,Slightly severe,4,Very severe,Do more,0.14666074360876954,0.13994349806039313,-0.00671724554837641,-4.580125112617221,2434
cold,Extreme Cold,Pick up,Picking up takeout,2,Slightly severe,5,Extremely severe,Do less,0.33362923780915943,0.29187901637630465,-0.041750221432854784,-12.513957621644806,2434
cold,Extreme Cold,Pick up,Picking up takeout,2,Slightly severe,5,Extremely severe,About the same,0.5197100185820721,0.5326894893930842,0.01297947081101214,2.497444795546583,2434
cold,Extreme Cold,Pick up,Picking up takeout,2,Slightly severe,5,Extremely severe,Do more,0.14666074360876954,0.17543149423061105,0.028770750621841507,19.617213109589855,2434
cold,Extreme Cold,Pick up,Picking up takeout,3,Moderately severe,1,Not severe at all,Do less,0.3640719327145972,0.32825962381683,-0.03581230889776721,-9.836602517184742,2434
cold,Extreme Cold,Pick up,Picking up takeout,3,Moderately severe,1,Not severe at all,About the same,0.5073529082601493,0.5216528443317702,0.014299936071620833,2.8185383071241654,2434
cold,Extreme Cold,Pick up,Picking up takeout,3,Moderately severe,1,Not severe at all,Do more,0.12857515902525424,0.15008753185140022,0.021512372826145987,16.73136007704304,2434
cold,Extreme Cold,Pick up,Picking up takeout,3,Moderately severe,2,Slightly severe,Do less,0.3640719327145972,0.33362923780915943,-0.030442694905437773,-8.36172529929748,2434
cold,Extreme Cold,Pick up,Picking up takeout,3,Moderately severe,2,Slightly severe,About the same,0.5073529082601493,0.5197100185820721,0.01235711032192277,2.435604511324997,2434
cold,Extreme Cold,Pick up,Picking up takeout,3,Moderately severe,2,Slightly severe,Do more,0.12857515902525424,0.14666074360876954,0.018085584583515307,14.06615766266562,2434
cold,Extreme Cold,Pick up,Picking up takeout,3,Moderately severe,4,Very severe,Do less,0.3640719327145972,0.3445072195520628,-0.019564713162534386,-5.373859230689868,2434
cold,Extreme Cold,Pick up,Picking up takeout,3,Moderately severe,4,Very severe,About the same,0.5073529082601493,0.5155492823875442,0.008196374127394823,1.615517324125018,2434
cold,Extreme Cold,Pick up,Picking up takeout,3,Moderately severe,4,Very severe,Do more,0.12857515902525424,0.13994349806039313,0.011368339035138897,8.84178493056032,2434
cold,Extreme Cold,Pick up,Picking up takeout,3,Moderately severe,5,Extremely severe,Do less,0.3640719327145972,0.29187901637630465,-0.07219291633829256,-19.82930016054985,2434
cold,Extreme Cold,Pick up,Picking up takeout,3,Moderately severe,5,Extremely severe,About the same,0.5073529082601493,0.5326894893930842,0.02533658113293491,4.993877184979764,2434
cold,Extreme Cold,Pick up,Picking up takeout,3,Moderately severe,5,Extremely severe,Do more,0.12857515902525424,0.17543149423061105,0.046856335205356814,36.442758897271496,2434
cold,Extreme Cold,Pick up,Picking up takeout,4,Very severe,1,Not severe at all,Do less,0.3445072195520628,0.32825962381683,-0.016247595735232823,-4.716184397052221,2434
cold,Extreme Cold,Pick up,Picking up takeout,4,Very severe,1,Not severe at all,About the same,0.5155492823875442,0.5216528443317702,0.00610356194422601,1.1838949549032431,2434
cold,Extreme Cold,Pick up,Picking up takeout,4,Very severe,1,Not severe at all,Do more,0.13994349806039313,0.15008753185140022,0.01014403379100709,7.2486638762090925,2434
cold,Extreme Cold,Pick up,Picking up takeout,4,Very severe,2,Slightly severe,Do less,0.3445072195520628,0.33362923780915943,-0.010877981742903386,-3.157548267652335,2434
cold,Extreme Cold,Pick up,Picking up takeout,4,Very severe,2,Slightly severe,About the same,0.5155492823875442,0.5197100185820721,0.0041607361945279475,0.807049168075512,2434
cold,Extreme Cold,Pick up,Picking up takeout,4,Very severe,2,Slightly severe,Do more,0.13994349806039313,0.14666074360876954,0.00671724554837641,4.799969731696687,2434
cold,Extreme Cold,Pick up,Picking up takeout,4,Very severe,3,Moderately severe,Do less,0.3445072195520628,0.3640719327145972,0.019564713162534386,5.679043007566846,2434
cold,Extreme Cold,Pick up,Picking up takeout,4,Very severe,3,Moderately severe,About the same,0.5155492823875442,0.5073529082601493,-0.008196374127394823,-1.5898332918701488,2434
cold,Extreme Cold,Pick up,Picking up takeout,4,Very severe,3,Moderately severe,Do more,0.13994349806039313,0.12857515902525424,-0.011368339035138897,-8.123520701356806,2434
cold,Extreme Cold,Pick up,Picking up takeout,4,Very severe,5,Extremely severe,Do less,0.3445072195520628,0.29187901637630465,-0.05262820317575817,-15.276371637200148,2434
cold,Extreme Cold,Pick up,Picking up takeout,4,Very severe,5,Extremely severe,About the same,0.5155492823875442,0.5326894893930842,0.017140207005540087,3.324649571067699,2434
cold,Extreme Cold,Pick up,Picking up takeout,4,Very severe,5,Extremely severe,Do more,0.13994349806039313,0.17543149423061105,0.03548799617021792,25.35880313274929,2434
cold,Extreme Cold,Pick up,Picking up takeout,5,Extremely severe,1,Not severe at all,Do less,0.29187901637630465,0.32825962381683,0.03638060744052535,12.464276429389393,2434
cold,Extreme Cold,Pick up,Picking up takeout,5,Extremely severe,1,Not severe at all,About the same,0.5326894893930842,0.5216528443317702,-0.011036645061314077,-2.0718721283366404,2434
cold,Extreme Cold,Pick up,Picking up takeout,5,Extremely severe,1,Not severe at all,Do more,0.17543149423061105,0.15008753185140022,-0.025343962379210827,-14.446643397960957,2434
cold,Extreme Cold,Pick up,Picking up takeout,5,Extremely severe,2,Slightly severe,Do less,0.29187901637630465,0.33362923780915943,0.041750221432854784,14.303947557171554,2434
cold,Extreme Cold,Pick up,Picking up takeout,5,Extremely severe,2,Slightly severe,About the same,0.5326894893930842,0.5197100185820721,-0.01297947081101214,-2.436592249229509,2434
cold,Extreme Cold,Pick up,Picking up takeout,5,Extremely severe,2,Slightly severe,Do more,0.17543149423061105,0.14666074360876954,-0.028770750621841507,-16.3999917734391,2434
cold,Extreme Cold,Pick up,Picking up takeout,5,Extremely severe,3,Moderately severe,Do less,0.29187901637630465,0.3640719327145972,0.07219291633829256,24.73384939916953,2434
cold,Extreme Cold,Pick up,Picking up takeout,5,Extremely severe,3,Moderately severe,About the same,0.5326894893930842,0.5073529082601493,-0.02533658113293491,-4.756350864328477,2434
cold,Extreme Cold,Pick up,Picking up takeout,5,Extremely severe,3,Moderately severe,Do more,0.17543149423061105,0.12857515902525424,-0.046856335205356814,-26.70919233222882,2434
cold,Extreme Cold,Pick up,Picking up takeout,5,Extremely severe,4,Very severe,Do less,0.29187901637630465,0.3445072195520628,0.05262820317575817,18.03082791943746,2434
cold,Extreme Cold,Pick up,Picking up takeout,5,Extremely severe,4,Very severe,About the same,0.5326894893930842,0.5155492823875442,-0.017140207005540087,-3.217673212412855,2434
cold,Extreme Cold,Pick up,Picking up takeout,5,Extremely severe,4,Very severe,Do more,0.17543149423061105,0.13994349806039313,-0.03548799617021792,-20.22897674437388,2434
cold,Extreme Cold,Transit,Taking public transit,1,Not severe at all,2,Slightly severe,Do less,0.2351523042513024,0.2602182678825663,0.0250659636312639,10.659459073161546,2434
cold,Extreme Cold,Transit,Taking public transit,1,Not severe at all,2,Slightly severe,About the same,0.6598592285630441,0.6485055083355165,-0.011353720227527675,-1.7206276332987471,2434
cold,Extreme Cold,Transit,Taking public transit,1,Not severe at all,2,Slightly severe,Do more,0.1049884671856514,0.09127622378191674,-0.013712243403734656,-13.060713972980725,2434
cold,Extreme Cold,Transit,Taking public transit,1,Not severe at all,3,Moderately severe,Do less,0.2351523042513024,0.2895013174614425,0.054349013210140074,23.112260533946717,2434
cold,Extreme Cold,Transit,Taking public transit,1,Not severe at all,3,Moderately severe,About the same,0.6598592285630441,0.6328059891372495,-0.02705323942579463,-4.099850127838276,2434
cold,Extreme Cold,Transit,Taking public transit,1,Not severe at all,3,Moderately severe,Do more,0.1049884671856514,0.07769269340130822,-0.027295773784343183,-25.998830648775918,2434
cold,Extreme Cold,Transit,Taking public transit,1,Not severe at all,4,Very severe,Do less,0.2351523042513024,0.29538507471672304,0.06023277046542064,25.61436540339027,2434
cold,Extreme Cold,Transit,Taking public transit,1,Not severe at all,4,Very severe,About the same,0.6598592285630441,0.6293815846071075,-0.030477643955936662,-4.61880998804956,2434
cold,Extreme Cold,Transit,Taking public transit,1,Not severe at all,4,Very severe,Do more,0.1049884671856514,0.07523334067616924,-0.029755126509482158,-28.341328630759115,2434
cold,Extreme Cold,Transit,Taking public transit,1,Not severe at all,5,Extremely severe,Do less,0.2351523042513024,0.19800614192759167,-0.037146162323710735,-15.796639731845197,2434
cold,Extreme Cold,Transit,Taking public transit,1,Not severe at all,5,Extremely severe,About the same,0.6598592285630441,0.6720910678956554,0.012231839332611294,1.853704366497716,2434
cold,Extreme Cold,Transit,Taking public transit,1,Not severe at all,5,Extremely severe,Do more,0.1049884671856514,0.1299027901767538,0.024914322991102397,23.730533132792893,2434
cold,Extreme Cold,Transit,Taking public transit,2,Slightly severe,1,Not severe at all,Do less,0.2602182678825663,0.2351523042513024,-0.0250659636312639,-9.632668695871843,2434
cold,Extreme Cold,Transit,Taking public transit,2,Slightly severe,1,Not severe at all,About the same,0.6485055083355165,0.6598592285630441,0.011353720227527675,1.7507515482279628,2434
cold,Extreme Cold,Transit,Taking public transit,2,Slightly severe,1,Not severe at all,Do more,0.09127622378191674,0.1049884671856514,0.013712243403734656,15.022798748222609,2434
cold,Extreme Cold,Transit,Taking public transit,2,Slightly severe,3,Moderately severe,Do less,0.2602182678825663,0.2895013174614425,0.029283049578876175,11.253264352713046,2434
cold,Extreme Cold,Transit,Taking public transit,2,Slightly severe,3,Moderately severe,About the same,0.6485055083355165,0.6328059891372495,-0.015699519198266954,-2.420876769198468,2434
cold,Extreme Cold,Transit,Taking public transit,2,Slightly severe,3,Moderately severe,Do more,0.09127622378191674,0.07769269340130822,-0.013583530380608527,-14.881783905810133,2434
cold,Extreme Cold,Transit,Taking public transit,2,Slightly severe,4,Very severe,Do less,0.2602182678825663,0.29538507471672304,0.03516680683415674,13.514349749659827,2434
cold,Extreme Cold,Transit,Taking public transit,2,Slightly severe,4,Very severe,About the same,0.6485055083355165,0.6293815846071075,-0.019123923728408987,-2.9489223271970832,2434
cold,Extreme Cold,Transit,Taking public transit,2,Slightly severe,4,Very severe,Do more,0.09127622378191674,0.07523334067616924,-0.016042883105747502,-17.57619064530784,2434
cold,Extreme Cold,Transit,Taking public transit,2,Slightly severe,5,Extremely severe,Do less,0.2602182678825663,0.19800614192759167,-0.062212125954974634,-23.907670457267933,2434
cold,Extreme Cold,Transit,Taking public transit,2,Slightly severe,5,Extremely severe,About the same,0.6485055083355165,0.6720910678956554,0.02358555956013897,3.636909672621707,2434
cold,Extreme Cold,Transit,Taking public transit,2,Slightly severe,5,Extremely severe,Do more,0.09127622378191674,0.1299027901767538,0.03862656639483705,42.318322115435265,2434
cold,Extreme Cold,Transit,Taking public transit,3,Moderately severe,1,Not severe at all,Do less,0.2895013174614425,0.2351523042513024,-0.054349013210140074,-18.773321547104395,2434
cold,Extreme Cold,Transit,Taking public transit,3,Moderately severe,1,Not severe at all,About the same,0.6328059891372495,0.6598592285630441,0.02705323942579463,4.275123796264678,2434
cold,Extreme Cold,Transit,Taking public transit,3,Moderately severe,1,Not severe at all,Do more,0.07769269340130822,0.1049884671856514,0.027295773784343183,35.132999757585395,2434
cold,Extreme Cold,Transit,Taking public transit,3,Moderately severe,2,Slightly severe,Do less,0.2895013174614425,0.2602182678825663,-0.029283049578876175,-10.114997000929456,2434
cold,Extreme Cold,Transit,Taking public transit,3,Moderately severe,2,Slightly severe,About the same,0.6328059891372495,0.6485055083355165,0.015699519198266954,2.4809372015696707,2434
cold,Extreme Cold,Transit,Taking public transit,3,Moderately severe,2,Slightly severe,Do more,0.07769269340130822,0.09127622378191674,0.013583530380608527,17.483665176138434,2434
cold,Extreme Cold,Transit,Taking public transit,3,Moderately severe,4,Very severe,Do less,0.2895013174614425,0.29538507471672304,0.005883757255280564,2.0323766768571607,2434
cold,Extreme Cold,Transit,Taking public transit,3,Moderately severe,4,Very severe,About the same,0.6328059891372495,0.6293815846071075,-0.0034244045301420334,-0.5411460366882389,2434
cold,Extreme Cold,Transit,Taking public transit,3,Moderately severe,4,Very severe,Do more,0.07769269340130822,0.07523334067616924,-0.0024593527251389746,-3.1654877923147957,2434
cold,Extreme Cold,Transit,Taking public transit,3,Moderately severe,5,Extremely severe,Do less,0.2895013174614425,0.19800614192759167,-0.09149517553385081,-31.604407308452643,2434
cold,Extreme Cold,Transit,Taking public transit,3,Moderately severe,5,Extremely severe,About the same,0.6328059891372495,0.6720910678956554,0.03928507875840592,6.208076319246936,2434
cold,Extreme Cold,Transit,Taking public transit,3,Moderately severe,5,Extremely severe,Do more,0.07769269340130822,0.1299027901767538,0.05221009677544558,67.20078103839614,2434
cold,Extreme Cold,Transit,Taking public transit,4,Very severe,1,Not severe at all,Do less,0.29538507471672304,0.2351523042513024,-0.06023277046542064,-20.39127079226478,2434
cold,Extreme Cold,Transit,Taking public transit,4,Very severe,1,Not severe at all,About the same,0.6293815846071075,0.6598592285630441,0.030477643955936662,4.842474692830802,2434
cold,Extreme Cold,Transit,Taking public transit,4,Very severe,1,Not severe at all,Do more,0.07523334067616924,0.1049884671856514,0.029755126509482158,39.55045228891096,2434
cold,Extreme Cold,Transit,Taking public transit,4,Very severe,2,Slightly severe,Do less,0.29538507471672304,0.2602182678825663,-0.03516680683415674,-11.90541088370224,2434
cold,Extreme Cold,Transit,Taking public transit,4,Very severe,2,Slightly severe,About the same,0.6293815846071075,0.6485055083355165,0.019123923728408987,3.03852610183171,2434
cold,Extreme Cold,Transit,Taking public transit,4,Very severe,2,Slightly severe,Do more,0.07523334067616924,0.09127622378191674,0.016042883105747502,21.324166867455364,2434
cold,Extreme Cold,Transit,Taking public transit,4,Very severe,3,Moderately severe,Do less,0.29538507471672304,0.2895013174614425,-0.005883757255280564,-1.9918938900088774,2434
cold,Extreme Cold,Transit,Taking public transit,4,Very severe,3,Moderately severe,About the same,0.6293815846071075,0.6328059891372495,0.0034244045301420334,0.544090360107966,2434
cold,Extreme Cold,Transit,Taking public transit,4,Very severe,3,Moderately severe,Do more,0.07523334067616924,0.07769269340130822,0.0024593527251389746,3.2689665287161627,2434
cold,Extreme Cold,Transit,Taking public transit,4,Very severe,5,Extremely severe,Do less,0.29538507471672304,0.19800614192759167,-0.09737893278913137,-32.966774940310934,2434
cold,Extreme Cold,Transit,Taking public transit,4,Very severe,5,Extremely severe,About the same,0.6293815846071075,0.6720910678956554,0.042709483288547956,6.7859442241560695,2434
cold,Extreme Cold,Transit,Taking public transit,4,Very severe,5,Extremely severe,Do more,0.07523334067616924,0.1299027901767538,0.054669449500584555,72.66651860629331,2434
cold,Extreme Cold,Transit,Taking public transit,5,Extremely severe,1,Not severe at all,Do less,0.19800614192759167,0.2351523042513024,0.037146162323710735,18.76010610685734,2434
cold,Extreme Cold,Transit,Taking public transit,5,Extremely severe,1,Not severe at all,About the same,0.6720910678956554,0.6598592285630441,-0.012231839332611294,-1.819967548580832,2434
cold,Extreme Cold,Transit,Taking public transit,5,Extremely severe,1,Not severe at all,Do more,0.1299027901767538,0.1049884671856514,-0.024914322991102397,-19.17920543292598,2434
cold,Extreme Cold,Transit,Taking public transit,5,Extremely severe,2,Slightly severe,Do less,0.19800614192759167,0.2602182678825663,0.062212125954974634,31.419291012561025,2434
cold,Extreme Cold,Transit,Taking public transit,5,Extremely severe,2,Slightly severe,About the same,0.6720910678956554,0.6485055083355165,-0.02358555956013897,-3.509280317321627,2434
cold,Extreme Cold,Transit,Taking public transit,5,Extremely severe,2,Slightly severe,Do more,0.1299027901767538,0.09127622378191674,-0.03862656639483705,-29.73497824202186,2434
cold,Extreme Cold,Transit,Taking public transit,5,Extremely severe,3,Moderately severe,Do less,0.19800614192759167,0.2895013174614425,0.09149517553385081,46.208251240665774,2434
cold,Extreme Cold,Transit,Taking public transit,5,Extremely severe,3,Moderately severe,About the same,0.6720910678956554,0.6328059891372495,-0.03928507875840592,-5.845201734552002,2434
cold,Extreme Cold,Transit,Taking public transit,5,Extremely severe,3,Moderately severe,Do more,0.1299027901767538,0.07769269340130822,-0.05221009677544558,-40.19166694141464,2434
cold,Extreme Cold,Transit,Taking public transit,5,Extremely severe,4,Very severe,Do less,0.19800614192759167,0.29538507471672304,0.09737893278913137,49.17975363852178,2434
cold,Extreme Cold,Transit,Taking public transit,5,Extremely severe,4,Very severe,About the same,0.6720910678956554,0.6293815846071075,-0.042709483288547956,-6.35471669371728,2434
cold,Extreme Cold,Transit,Taking public transit,5,Extremely severe,4,Very severe,Do more,0.1299027901767538,0.07523334067616924,-0.054669449500584555,-42.084892423171134,2434
cold,Extreme Cold,Usual,Go about business as usual,1,Not severe at all,2,Slightly severe,Do less,0.07539242382275442,0.19126301324769956,0.11587058942494514,153.68996452130764,2434
cold,Extreme Cold,Usual,Go about business as usual,1,Not severe at all,2,Slightly severe,About the same,0.13176129270887102,0.20903750724881617,0.07727621453994515,58.64864631427711,2434
cold,Extreme Cold,Usual,Go about business as usual,1,Not severe at all,2,Slightly severe,Do more,0.7928462834683745,0.5996994795034855,-0.19314680396488904,-24.36119182144005,2434
cold,Extreme Cold,Usual,Go about business as usual,1,Not severe at all,3,Moderately severe,Do less,0.07539242382275442,0.25290236476515127,0.17750994094239686,235.44798262451144,2434
cold,Extreme Cold,Usual,Go about business as usual,1,Not severe at all,3,Moderately severe,About the same,0.13176129270887102,0.22931139368927328,0.09755010098040226,74.03547656134567,2434
cold,Extreme Cold,Usual,Go about business as usual,1,Not severe at all,3,Moderately severe,Do more,0.7928462834683745,0.5177862415455764,-0.2750600419227981,-34.69273270974094,2434
cold,Extreme Cold,Usual,Go about business as usual,1,Not severe at all,4,Very severe,Do less,0.07539242382275442,0.28780885414366464,0.21241643032091023,281.74771356376016,2434
cold,Extreme Cold,Usual,Go about business as usual,1,Not severe at all,4,Very severe,About the same,0.13176129270887102,0.23652897591409422,0.1047676832052232,79.51324782211215,2434
cold,Extreme Cold,Usual,Go about business as usual,1,Not severe at all,4,Very severe,Do more,0.7928462834683745,0.47566216994224053,-0.31718411352613396,-40.005751447630516,2434
cold,Extreme Cold,Usual,Go about business as usual,1,Not severe at all,5,Extremely severe,Do less,0.07539242382275442,0.3082457196728257,0.2328532958500713,308.85503349448373,2434
cold,Extreme Cold,Usual,Go about business as usual,1,Not severe at all,5,Extremely severe,About the same,0.13176129270887102,0.23952992957881827,0.10776863686994725,81.79081629691052,2434
cold,Extreme Cold,Usual,Go about business as usual,1,Not severe at all,5,Extremely severe,Do more,0.7928462834683745,0.45222435074835743,-0.34062193272001706,-42.96191327654802,2434
cold,Extreme Cold,Usual,Go about business as usual,2,Slightly severe,1,Not severe at all,Do less,0.19126301324769956,0.07539242382275442,-0.11587058942494514,-60.581806935606664,2434
cold,Extreme Cold,Usual,Go about business as usual,2,Slightly severe,1,Not severe at all,About the same,0.20903750724881617,0.13176129270887102,-0.07727621453994515,-36.967631099792875,2434
cold,Extreme Cold,Usual,Go about business as usual,2,Slightly severe,1,Not severe at all,Do more,0.5996994795034855,0.7928462834683745,0.19314680396488904,32.207265566547235,2434
cold,Extreme Cold,Usual,Go about business as usual,2,Slightly severe,3,Moderately severe,Do less,0.19126301324769956,0.25290236476515127,0.0616393515174517,32.22753342154253,2434
cold,Extreme Cold,Usual,Go about business as usual,2,Slightly severe,3,Moderately severe,About the same,0.20903750724881617,0.22931139368927328,0.020273886440457106,9.698683603380905,2434
cold,Extreme Cold,Usual,Go about business as usual,2,Slightly severe,3,Moderately severe,Do more,0.5996994795034855,0.5177862415455764,-0.08191323795790906,-13.659047699312366,2434
cold,Extreme Cold,Usual,Go about business as usual,2,Slightly severe,4,Very severe,Do less,0.19126301324769956,0.28780885414366464,0.09654584089596507,50.47805075147026,2434
cold,Extreme Cold,Usual,Go about business as usual,2,Slightly severe,4,Very severe,About the same,0.20903750724881617,0.23652897591409422,0.027491468665278046,13.151452591976762,2434
cold,Extreme Cold,Usual,Go about business as usual,2,Slightly severe,4,Very severe,Do more,0.5996994795034855,0.47566216994224053,-0.12403730956124492,-20.683244491714454,2434
cold,Extreme Cold,Usual,Go about business as usual,2,Slightly severe,5,Extremely severe,Do less,0.19126301324769956,0.3082457196728257,0.11698270642512615,61.163266456345646,2434
cold,Extreme Cold,Usual,Go about business as usual,2,Slightly severe,5,Extremely severe,About the same,0.20903750724881617,0.23952992957881827,0.0304924223300021,14.587057954966493,2434
cold,Extreme Cold,Usual,Go about business as usual,2,Slightly severe,5,Extremely severe,Do more,0.5996994795034855,0.45222435074835743,-0.14747512875512803,-24.59150521144831,2434
cold,Extreme Cold,Usual,Go about business as usual,3,Moderately severe,1,Not severe at all,Do less,0.25290236476515127,0.07539242382275442,-0.17750994094239686,-70.18911867717613,2434
cold,Extreme Cold,Usual,Go about business as usual,3,Moderately severe,1,Not severe at all,About the same,0.22931139368927328,0.13176129270887102,-0.09755010098040226,-42.540450961013654,2434
cold,Extreme Cold,Usual,Go about business as usual,3,Moderately severe,1,Not severe at all,Do more,0.5177862415455764,0.7928462834683745,0.2750600419227981,53.12231570729885,2434
cold,Extreme Cold,Usual,Go about business as usual,3,Moderately severe,2,Slightly severe,Do less,0.25290236476515127,0.19126301324769956,-0.0616393515174517,-24.372785748638957,2434
cold,Extreme Cold,Usual,Go about business as usual,3,Moderately severe,2,Slightly severe,About the same,0.22931139368927328,0.20903750724881617,-0.020273886440457106,-8.841203271359943,2434
cold,Extreme Cold,Usual,Go about business as usual,3,Moderately severe,2,Slightly severe,Do more,0.5177862415455764,0.5996994795034855,0.08191323795790906,15.81989465641275,2434
cold,Extreme Cold,Usual,Go about business as usual,3,Moderately severe,4,Very severe,Do less,0.25290236476515127,0.28780885414366464,0.03490648937851337,13.802357843086218,2434
cold,Extreme Cold,Usual,Go about business as usual,3,Moderately severe,4,Very severe,About the same,0.22931139368927328,0.23652897591409422,0.00721758222482094,3.1475026638236177,2434
cold,Extreme Cold,Usual,Go about business as usual,3,Moderately severe,4,Very severe,Do more,0.5177862415455764,0.47566216994224053,-0.042124071603335866,-8.135417325419226,2434
cold,Extreme Cold,Usual,Go about business as usual,3,Moderately severe,5,Extremely severe,Do less,0.25290236476515127,0.3082457196728257,0.05534335490767445,21.8832888174324,2434
cold,Extreme Cold,Usual,Go about business as usual,3,Moderately severe,5,Extremely severe,About the same,0.22931139368927328,0.23952992957881827,0.010218535889544994,4.456183238496882,2434
cold,Extreme Cold,Usual,Go about business as usual,3,Moderately severe,5,Extremely severe,Do more,0.5177862415455764,0.45222435074835743,-0.06556189079721897,-12.661960773912936,2434
cold,Extreme Cold,Usual,Go about business as usual,4,Very severe,1,Not severe at all,Do less,0.28780885414366464,0.07539242382275442,-0.21241643032091023,-73.80468921045737,2434
cold,Extreme Cold,Usual,Go about business as usual,4,Very severe,1,Not severe at all,About the same,0.23652897591409422,0.13176129270887102,-0.1047676832052232,-44.293804934611536,2434
cold,Extreme Cold,Usual,Go about business as usual,4,Very severe,1,Not severe at all,Do more,0.47566216994224053,0.7928462834683745,0.31718411352613396,66.6826444416737,2434
cold,Extreme Cold,Usual,Go about business as usual,4,Very severe,2,Slightly severe,Do less,0.28780885414366464,0.19126301324769956,-0.09654584089596507,-33.54512535176301,2434
cold,Extreme Cold,Usual,Go about business as usual,4,Very severe,2,Slightly severe,About the same,0.23652897591409422,0.20903750724881617,-0.027491468665278046,-11.622875615570571,2434
cold,Extreme Cold,Usual,Go about business as usual,4,Very severe,2,Slightly severe,Do more,0.47566216994224053,0.5996994795034855,0.12403730956124492,26.076765696188687,2434
cold,Extreme Cold,Usual,Go about business as usual,4,Very severe,3,Moderately severe,Do less,0.28780885414366464,0.25290236476515127,-0.03490648937851337,-12.128358414258239,2434
cold,Extreme Cold,Usual,Go about business as usual,4,Very severe,3,Moderately severe,About the same,0.23652897591409422,0.22931139368927328,-0.00721758222482094,-3.0514579437583658,2434
cold,Extreme Cold,Usual,Go about business as usual,4,Very severe,3,Moderately severe,Do more,0.47566216994224053,0.5177862415455764,0.042124071603335866,8.855880131995987,2434
cold,Extreme Cold,Usual,Go about business as usual,4,Very severe,5,Extremely severe,Do less,0.28780885414366464,0.3082457196728257,0.020436865529161075,7.100846702568667,2434
cold,Extreme Cold,Usual,Go about business as usual,4,Very severe,5,Extremely severe,About the same,0.23652897591409422,0.23952992957881827,0.0030009536647240542,1.268746737318975,2434
cold,Extreme Cold,Usual,Go about business as usual,4,Very severe,5,Extremely severe,Do more,0.47566216994224053,0.45222435074835743,-0.023437819193883103,-4.92740871041503,2434
cold,Extreme Cold,Usual,Go about business as usual,5,Extremely severe,1,Not severe at all,Do less,0.3082457196728257,0.07539242382275442,-0.2328532958500713,-75.54145312941361,2434
cold,Extreme Cold,Usual,Go about business as usual,5,Extremely severe,1,Not severe at all,About the same,0.23952992957881827,0.13176129270887102,-0.10776863686994725,-44.9917206836925,2434
cold,Extreme Cold,Usual,Go about business as usual,5,Extremely severe,1,Not severe at all,Do more,0.45222435074835743,0.7928462834683745,0.34062193272001706,75.32144878008967,2434
cold,Extreme Cold,Usual,Go about business as usual,5,Extremely severe,2,Slightly severe,Do less,0.3082457196728257,0.19126301324769956,-0.11698270642512615,-37.951121121581984,2434
cold,Extreme Cold,Usual,Go about business as usual,5,Extremely severe,2,Slightly severe,About the same,0.23952992957881827,0.20903750724881617,-0.0304924223300021,-12.73010950390166,2434
cold,Extreme Cold,Usual,Go about business as usual,5,Extremely severe,2,Slightly severe,Do more,0.45222435074835743,0.5996994795034855,0.14747512875512803,32.61105433864425,2434
cold,Extreme Cold,Usual,Go about business as usual,5,Extremely severe,3,Moderately severe,Do less,0.3082457196728257,0.25290236476515127,-0.05534335490767445,-17.95429794334737,2434
cold,Extreme Cold,Usual,Go about business as usual,5,Extremely severe,3,Moderately severe,About the same,0.23952992957881827,0.22931139368927328,-0.010218535889544994,-4.2660789436681,2434
cold,Extreme Cold,Usual,Go about business as usual,5,Extremely severe,3,Moderately severe,Do more,0.45222435074835743,0.5177862415455764,0.06556189079721897,14.497647171967795,2434
cold,Extreme Cold,Usual,Go about business as usual,5,Extremely severe,4,Very severe,Do less,0.3082457196728257,0.28780885414366464,-0.020436865529161075,-6.630056550615825,2434
cold,Extreme Cold,Usual,Go about business as usual,5,Extremely severe,4,Very severe,About the same,0.23952992957881827,0.23652897591409422,-0.0030009536647240542,-1.252851228237254,2434
cold,Extreme Cold,Usual,Go about business as usual,5,Extremely severe,4,Very severe,Do more,0.45222435074835743,0.47566216994224053,0.023437819193883103,5.182785746742152,2434
cold,Extreme Cold,WFH,Working from home,1,Not severe at all,2,Slightly severe,Do less,0.08772042827632653,0.07994557124422122,-0.0077748570321053145,-8.863222837460253,1179
cold,Extreme Cold,WFH,Working from home,1,Not severe at all,2,Slightly severe,About the same,0.615974242320221,0.6061058507553128,-0.009868391564908263,-1.6020786076600377,1179
cold,Extreme Cold,WFH,Working from home,1,Not severe at all,2,Slightly severe,Do more,0.2963053294034486,0.31394857800046505,0.017643248597016437,5.954414870815041,1179
cold,Extreme Cold,WFH,Working from home,1,Not severe at all,3,Moderately severe,Do less,0.08772042827632653,0.056573232138102336,-0.031147196138224198,-35.50734617951018,1179
cold,Extreme Cold,WFH,Working from home,1,Not severe at all,3,Moderately severe,About the same,0.615974242320221,0.5638193980886187,-0.052154844231602326,-8.467049536868306,1179
cold,Extreme Cold,WFH,Working from home,1,Not severe at all,3,Moderately severe,Do more,0.2963053294034486,0.37960736977327486,0.08330204036982625,28.11358153346017,1179
cold,Extreme Cold,WFH,Working from home,1,Not severe at all,4,Very severe,Do less,0.08772042827632653,0.08237509939170133,-0.005345328884625203,-6.093596428630033,1179
cold,Extreme Cold,WFH,Working from home,1,Not severe at all,4,Very severe,About the same,0.615974242320221,0.6093717819591282,-0.006602460361092799,-1.0718728004312292,1179
cold,Extreme Cold,WFH,Working from home,1,Not severe at all,4,Very severe,Do more,0.2963053294034486,0.30825311864917054,0.01194778924572193,4.0322559401062446,1179
cold,Extreme Cold,WFH,Working from home,1,Not severe at all,5,Extremely severe,Do less,0.08772042827632653,0.06083994676547627,-0.026880481510850263,-30.64335416395203,1179
cold,Extreme Cold,WFH,Working from home,1,Not severe at all,5,Extremely severe,About the same,0.615974242320221,0.5732958187504824,-0.04267842356973861,-6.928605230143983,1179
cold,Extreme Cold,WFH,Working from home,1,Not severe at all,5,Extremely severe,Do more,0.2963053294034486,0.3658642344840425,0.06955890508059387,23.475414775912665,1179
cold,Extreme Cold,WFH,Working from home,2,Slightly severe,1,Not severe at all,Do less,0.07994557124422122,0.08772042827632653,0.0077748570321053145,9.725187913604797,1179
cold,Extreme Cold,WFH,Working from home,2,Slightly severe,1,Not severe at all,About the same,0.6061058507553128,0.615974242320221,0.009868391564908263,1.628163059737922,1179
cold,Extreme Cold,WFH,Working from home,2,Slightly severe,1,Not severe at all,Do more,0.31394857800046505,0.2963053294034486,-0.017643248597016437,-5.619789300969632,1179
cold,Extreme Cold,WFH,Working from home,2,Slightly severe,3,Moderately severe,Do less,0.07994557124422122,0.056573232138102336,-0.023372339106118883,-29.23531440499692,1179
cold,Extreme Cold,WFH,Working from home,2,Slightly severe,3,Moderately severe,About the same,0.6061058507553128,0.5638193980886187,-0.04228645266669406,-6.976743849939384,1179
cold,Extreme Cold,WFH,Working from home,2,Slightly severe,3,Moderately severe,Do more,0.31394857800046505,0.37960736977327486,0.06565879177280981,20.913868185353763,1179
cold,Extreme Cold,WFH,Working from home,2,Slightly severe,4,Very severe,Do less,0.07994557124422122,0.08237509939170133,0.0024295281474801117,3.0389777815937835,1179
cold,Extreme Cold,WFH,Working from home,2,Slightly severe,4,Very severe,About the same,0.6061058507553128,0.6093717819591282,0.003265931203815464,0.5388384223226931,1179
cold,Extreme Cold,WFH,Working from home,2,Slightly severe,4,Very severe,Do more,0.31394857800046505,0.30825311864917054,-0.005695459351294507,-1.8141376487731917,1179
cold,Extreme Cold,WFH,Working from home,2,Slightly severe,5,Extremely severe,Do less,0.07994557124422122,0.06083994676547627,-0.019105624478744948,-23.89829002582301,1179
cold,Extreme Cold,WFH,Working from home,2,Slightly severe,5,Extremely severe,About the same,0.6061058507553128,0.5732958187504824,-0.03281003200483035,-5.413251161318336,1179
cold,Extreme Cold,WFH,Working from home,2,Slightly severe,5,Extremely severe,Do more,0.31394857800046505,0.3658642344840425,0.05191565648357743,16.536356627008047,1179
cold,Extreme Cold,WFH,Working from home,3,Moderately severe,1,Not severe at all,Do less,0.056573232138102336,0.08772042827632653,0.031147196138224198,55.056419725480765,1179
cold,Extreme Cold,WFH,Working from home,3,Moderately severe,1,Not severe at all,About the same,0.5638193980886187,0.615974242320221,0.052154844231602326,9.250274894480457,1179
cold,Extreme Cold,WFH,Working from home,3,Moderately severe,1,Not severe at all,Do more,0.37960736977327486,0.2963053294034486,-0.08330204036982625,-21.94426320531643,1179
cold,Extreme Cold,WFH,Working from home,3,Moderately severe,2,Slightly severe,Do less,0.056573232138102336,0.07994557124422122,0.023372339106118883,41.31342372142373,1179
cold,Extreme Cold,WFH,Working from home,3,Moderately severe,2,Slightly severe,About the same,0.5638193980886187,0.6061058507553128,0.04228645266669406,7.499999611586201,1179
cold,Extreme Cold,WFH,Working from home,3,Moderately severe,2,Slightly severe,Do more,0.37960736977327486,0.31394857800046505,-0.06565879177280981,-17.296500806089547,1179
cold,Extreme Cold,WFH,Working from home,3,Moderately severe,4,Very severe,Do less,0.056573232138102336,0.08237509939170133,0.025801867253598995,45.607907270727274,1179
cold,Extreme Cold,WFH,Working from home,3,Moderately severe,4,Very severe,About the same,0.5638193980886187,0.6093717819591282,0.04555238387050953,8.079250913490174,1179
cold,Extreme Cold,WFH,Working from home,3,Moderately severe,4,Very severe,Do more,0.37960736977327486,0.30825311864917054,-0.07135425112410432,-18.796856121819108,1179
cold,Extreme Cold,WFH,Working from home,3,Moderately severe,5,Extremely severe,Do less,0.056573232138102336,0.06083994676547627,0.004266714627373935,7.541931875057715,1179
cold,Extreme Cold,WFH,Working from home,3,Moderately severe,5,Extremely severe,About the same,0.5638193980886187,0.5732958187504824,0.009476420661863716,1.6807546341948052,1179
cold,Extreme Cold,WFH,Working from home,3,Moderately severe,5,Extremely severe,Do more,0.37960736977327486,0.3658642344840425,-0.013743135289232378,-3.620355236369787,1179
cold,Extreme Cold,WFH,Working from home,4,Very severe,1,Not severe at all,Do less,0.08237509939170133,0.08772042827632653,0.005345328884625203,6.489010543353231,1179
cold,Extreme Cold,WFH,Working from home,4,Very severe,1,Not severe at all,About the same,0.6093717819591282,0.615974242320221,0.006602460361092799,1.0834863964107284,1179
cold,Extreme Cold,WFH,Working from home,4,Very severe,1,Not severe at all,Do more,0.30825311864917054,0.2963053294034486,-0.01194778924572193,-3.875967029329544,1179
cold,Extreme Cold,WFH,Working from home,4,Very severe,2,Slightly severe,Do less,0.08237509939170133,0.07994557124422122,-0.0024295281474801117,-2.949347758510709,1179
cold,Extreme Cold,WFH,Working from home,4,Very severe,2,Slightly severe,About the same,0.6093717819591282,0.6061058507553128,-0.003265931203815464,-0.5359505150231122,1179
cold,Extreme Cold,WFH,Working from home,4,Very severe,2,Slightly severe,Do more,0.30825311864917054,0.31394857800046505,0.005695459351294507,1.847656684303211,1179
cold,Extreme Cold,WFH,Working from home,4,Very severe,3,Moderately severe,Do less,0.08237509939170133,0.056573232138102336,-0.025801867253598995,-31.322411073410294,1179
cold,Extreme Cold,WFH,Working from home,4,Very severe,3,Moderately severe,About the same,0.6093717819591282,0.5638193980886187,-0.04555238387050953,-7.475302470366903,1179
cold,Extreme Cold,WFH,Working from home,4,Very severe,3,Moderately severe,Do more,0.30825311864917054,0.37960736977327486,0.07135425112410432,23.147941353130026,1179
cold,Extreme Cold,WFH,Working from home,4,Very severe,5,Extremely severe,Do less,0.08237509939170133,0.06083994676547627,-0.02153515262622506,-26.14279410313472,1179
cold,Extreme Cold,WFH,Working from home,4,Very severe,5,Extremely severe,About the same,0.6093717819591282,0.5732958187504824,-0.03607596320864581,-5.920189328862867,1179
cold,Extreme Cold,WFH,Working from home,4,Very severe,5,Extremely severe,Do more,0.30825311864917054,0.3658642344840425,0.05761111583487194,18.68954840987039,1179
cold,Extreme Cold,WFH,Working from home,5,Extremely severe,1,Not severe at all,Do less,0.06083994676547627,0.08772042827632653,0.026880481510850263,44.18228966318497,1179
cold,Extreme Cold,WFH,Working from home,5,Extremely severe,1,Not severe at all,About the same,0.5732958187504824,0.615974242320221,0.04267842356973861,7.444398192674365,1179
cold,Extreme Cold,WFH,Working from home,5,Extremely severe,1,Not severe at all,Do more,0.3658642344840425,0.2963053294034486,-0.06955890508059387,-19.012217791304153,1179
cold,Extreme Cold,WFH,Working from home,5,Extremely severe,2,Slightly severe,Do less,0.06083994676547627,0.07994557124422122,0.019105624478744948,31.403092038184464,1179
cold,Extreme Cold,WFH,Working from home,5,Extremely severe,2,Slightly severe,About the same,0.5732958187504824,0.6061058507553128,0.03281003200483035,5.72305447410046,1179
cold,Extreme Cold,WFH,Working from home,5,Extremely severe,2,Slightly severe,Do more,0.3658642344840425,0.31394857800046505,-0.05191565648357743,-14.189869243926271,1179
cold,Extreme Cold,WFH,Working from home,5,Extremely severe,3,Moderately severe,Do less,0.06083994676547627,0.056573232138102336,-0.004266714627373935,-7.013015057066239,1179
cold,Extreme Cold,WFH,Working from home,5,Extremely severe,3,Moderately severe,About the same,0.5732958187504824,0.5638193980886187,-0.009476420661863716,-1.6529722268894085,1179
cold,Extreme Cold,WFH,Working from home,5,Extremely severe,3,Moderately severe,Do more,0.3658642344840425,0.37960736977327486,0.013743135289232378,3.756348392078701,1179
cold,Extreme Cold,WFH,Working from home,5,Extremely severe,4,Very severe,Do less,0.06083994676547627,0.08237509939170133,0.02153515262622506,35.39640280955212,1179
cold,Extreme Cold,WFH,Working from home,5,Extremely severe,4,Very severe,About the same,0.5732958187504824,0.6093717819591282,0.03607596320864581,6.292730912860065,1179
cold,Extreme Cold,WFH,Working from home,5,Extremely severe,4,Very severe,Do more,0.3658642344840425,0.30825311864917054,-0.05761111583487194,-15.746583132433706,1179
cold,Extreme Cold,WFO,Working from the office,1,Not severe at all,2,Slightly severe,Do less,0.2570276479699495,0.27151997848269743,0.014492330512747953,5.638432529422801,1179
cold,Extreme Cold,WFO,Working from the office,1,Not severe at all,2,Slightly severe,About the same,0.5964729901271631,0.5918948568752123,-0.004578133251950889,-0.7675340422329715,1179
cold,Extreme Cold,WFO,Working from the office,1,Not severe at all,2,Slightly severe,Do more,0.1464993619028837,0.13658516464209225,-0.009914197260791457,-6.767399620050021,1179
cold,Extreme Cold,WFO,Working from the office,1,Not severe at all,3,Moderately severe,Do less,0.2570276479699495,0.31576103203867417,0.05873338406872469,22.850998533664182,1179
cold,Extreme Cold,WFO,Working from the office,1,Not severe at all,3,Moderately severe,About the same,0.5964729901271631,0.5737926282167426,-0.022680361910420554,-3.8024122275151617,1179
cold,Extreme Cold,WFO,Working from the office,1,Not severe at all,3,Moderately severe,Do more,0.1464993619028837,0.11044633974458262,-0.036053022158301085,-24.609678629317916,1179
cold,Extreme Cold,WFO,Working from the office,1,Not severe at all,4,Very severe,Do less,0.2570276479699495,0.2847101907054533,0.0276825427355038,10.770258746148711,1179
cold,Extreme Cold,WFO,Working from the office,1,Not severe at all,4,Very severe,About the same,0.5964729901271631,0.5871078643049189,-0.009365125822244247,-1.570083805512749,1179
cold,Extreme Cold,WFO,Working from the office,1,Not severe at all,4,Very severe,Do more,0.1464993619028837,0.12818194498962815,-0.018317416913255558,-12.503410714784142,1179
cold,Extreme Cold,WFO,Working from the office,1,Not severe at all,5,Extremely severe,Do less,0.2570276479699495,0.17974327738285584,-0.07728437058709364,-30.068504768844704,1179
cold,Extreme Cold,WFO,Working from the office,1,Not severe at all,5,Extremely severe,About the same,0.5964729901271631,0.6049805646024866,0.008507574475323465,1.4263134485787394,1179
cold,Extreme Cold,WFO,Working from the office,1,Not severe at all,5,Extremely severe,Do more,0.1464993619028837,0.21527615801465505,0.06877679611177134,46.94682298846077,1179
cold,Extreme Cold,WFO,Working from the office,2,Slightly severe,1,Not severe at all,Do less,0.27151997848269743,0.2570276479699495,-0.014492330512747953,-5.337482196976335,1179
cold,Extreme Cold,WFO,Working from the office,2,Slightly severe,1,Not severe at all,About the same,0.5918948568752123,0.5964729901271631,0.004578133251950889,0.7734706931092806,1179
cold,Extreme Cold,WFO,Working from the office,2,Slightly severe,1,Not severe at all,Do more,0.13658516464209225,0.1464993619028837,0.009914197260791457,7.25861940187327,1179
cold,Extreme Cold,WFO,Working from the office,2,Slightly severe,3,Moderately severe,Do less,0.27151997848269743,0.31576103203867417,0.04424105355597674,16.293848358122197,1179
cold,Extreme Cold,WFO,Working from the office,2,Slightly severe,3,Moderately severe,About the same,0.5918948568752123,0.5737926282167426,-0.018102228658469666,-3.0583520786169145,1179
cold,Extreme Cold,WFO,Working from the office,2,Slightly severe,3,Moderately severe,Do more,0.13658516464209225,0.11044633974458262,-0.026138824897509627,-19.137382135170977,1179
cold,Extreme Cold,WFO,Working from the office,2,Slightly severe,4,Very severe,Do less,0.27151997848269743,0.2847101907054533,0.013190212222755848,4.8579159060284,1179
cold,Extreme Cold,WFO,Working from the office,2,Slightly severe,4,Very severe,About the same,0.5918948568752123,0.5871078643049189,-0.004786992570293358,-0.8087572504963644,1179
cold,Extreme Cold,WFO,Working from the office,2,Slightly severe,4,Very severe,Do more,0.13658516464209225,0.12818194498962815,-0.0084032196524641,-6.152366308950094,1179
cold,Extreme Cold,WFO,Working from the office,2,Slightly severe,5,Extremely severe,Do less,0.27151997848269743,0.17974327738285584,-0.0917767010998416,-33.80108587688698,1179
cold,Extreme Cold,WFO,Working from the office,2,Slightly severe,5,Extremely severe,About the same,0.5918948568752123,0.6049805646024866,0.013085707727274354,2.210816258204653,1179
cold,Extreme Cold,WFO,Working from the office,2,Slightly severe,5,Extremely severe,Do more,0.13658516464209225,0.21527615801465505,0.0786909933725628,57.61313359233755,1179
cold,Extreme Cold,WFO,Working from the office,3,Moderately severe,1,Not severe at all,Do less,0.31576103203867417,0.2570276479699495,-0.05873338406872469,-18.600580220275905,1179
cold,Extreme Cold,WFO,Working from the office,3,Moderately severe,1,Not severe at all,About the same,0.5737926282167426,0.5964729901271631,0.022680361910420554,3.952710577845442,1179
cold,Extreme Cold,WFO,Working from the office,3,Moderately severe,1,Not severe at all,Do more,0.11044633974458262,0.1464993619028837,0.036053022158301085,32.6430212550973,1179
cold,Extreme Cold,WFO,Working from the office,3,Moderately severe,2,Slightly severe,Do less,0.31576103203867417,0.27151997848269743,-0.04424105355597674,-14.010928856654525,1179
cold,Extreme Cold,WFO,Working from the office,3,Moderately severe,2,Slightly severe,About the same,0.5737926282167426,0.5918948568752123,0.018102228658469666,3.154838136336563,1179
cold,Extreme Cold,WFO,Working from the office,3,Moderately severe,2,Slightly severe,Do more,0.11044633974458262,0.13658516464209225,0.026138824897509627,23.66653793865698,1179
cold,Extreme Cold,WFO,Working from the office,3,Moderately severe,4,Very severe,Do less,0.31576103203867417,0.2847101907054533,-0.03105084133322089,-9.833652092135868,1179
cold,Extreme Cold,WFO,Working from the office,3,Moderately severe,4,Very severe,About the same,0.5737926282167426,0.5871078643049189,0.013315236088176308,2.3205659036711523,1179
cold,Extreme Cold,WFO,Working from the office,3,Moderately severe,4,Very severe,Do more,0.11044633974458262,0.12818194498962815,0.017735605245045527,16.058119523074062,1179
cold,Extreme Cold,WFO,Working from the office,3,Moderately severe,5,Extremely severe,Do less,0.31576103203867417,0.17974327738285584,-0.13601775465581833,-43.076168638554165,1179
cold,Extreme Cold,WFO,Working from the office,3,Moderately severe,5,Extremely severe,About the same,0.5737926282167426,0.6049805646024866,0.03118793638574402,5.435402068979386,1179
cold,Extreme Cold,WFO,Working from the office,3,Moderately severe,5,Extremely severe,Do more,0.11044633974458262,0.21527615801465505,0.10482981827007243,94.91470565027423,1179
cold,Extreme Cold,WFO,Working from the office,4,Very severe,1,Not severe at all,Do less,0.2847101907054533,0.2570276479699495,-0.0276825427355038,-9.723060023567177,1179
cold,Extreme Cold,WFO,Working from the office,4,Very severe,1,Not severe at all,About the same,0.5871078643049189,0.5964729901271631,0.009365125822244247,1.5951286623168786,1179
cold,Extreme Cold,WFO,Working from the office,4,Very severe,1,Not severe at all,Do more,0.12818194498962815,0.1464993619028837,0.018317416913255558,14.290169270514433,1179
cold,Extreme Cold,WFO,Working from the office,4,Very severe,2,Slightly severe,Do less,0.2847101907054533,0.27151997848269743,-0.013190212222755848,-4.632855673368494,1179
cold,Extreme Cold,WFO,Working from the office,4,Very severe,2,Slightly severe,About the same,0.5871078643049189,0.5918948568752123,0.004786992570293358,0.8153514645832093,1179
cold,Extreme Cold,WFO,Working from the office,4,Very severe,2,Slightly severe,Do more,0.12818194498962815,0.13658516464209225,0.0084032196524641,6.555696789547113,1179
cold,Extreme Cold,WFO,Working from the office,4,Very severe,3,Moderately severe,Do less,0.2847101907054533,0.31576103203867417,0.03105084133322089,10.906122206684381,1179
cold,Extreme Cold,WFO,Working from the office,4,Very severe,3,Moderately severe,About the same,0.5871078643049189,0.5737926282167426,-0.013315236088176308,-2.2679369324988192,1179
cold,Extreme Cold,WFO,Working from the office,4,Very severe,3,Moderately severe,Do more,0.12818194498962815,0.11044633974458262,-0.017735605245045527,-13.836274091862629,1179
cold,Extreme Cold,WFO,Working from the office,4,Very severe,5,Extremely severe,Do less,0.2847101907054533,0.17974327738285584,-0.10496691332259744,-36.86798602554796,1179
cold,Extreme Cold,WFO,Working from the office,4,Very severe,5,Extremely severe,About the same,0.5871078643049189,0.6049805646024866,0.017872700297567712,3.044193645528378,1179
cold,Extreme Cold,WFO,Working from the office,4,Very severe,5,Extremely severe,Do more,0.12818194498962815,0.21527615801465505,0.0870942130250269,67.94577273115503,1179
cold,Extreme Cold,WFO,Working from the office,5,Extremely severe,1,Not severe at all,Do less,0.17974327738285584,0.2570276479699495,0.07728437058709364,42.9970854612141,1179
cold,Extreme Cold,WFO,Working from the office,5,Extremely severe,1,Not severe at all,About the same,0.6049805646024866,0.5964729901271631,-0.008507574475323465,-1.4062558325181107,1179
cold,Extreme Cold,WFO,Working from the office,5,Extremely severe,1,Not severe at all,Do more,0.21527615801465505,0.1464993619028837,-0.06877679611177134,-31.94817147707055,1179
cold,Extreme Cold,WFO,Working from the office,5,Extremely severe,2,Slightly severe,Do less,0.17974327738285584,0.27151997848269743,0.0917767010998416,51.05987964398572,1179
cold,Extreme Cold,WFO,Working from the office,5,Extremely severe,2,Slightly severe,About the same,0.6049805646024866,0.5918948568752123,-0.013085707727274354,-2.1629963825156193,1179
cold,Extreme Cold,WFO,Working from the office,5,Extremely severe,2,Slightly severe,Do more,0.21527615801465505,0.13658516464209225,-0.0786909933725628,-36.55351066196836,1179
cold,Extreme Cold,WFO,Working from the office,5,Extremely severe,3,Moderately severe,Do less,0.17974327738285584,0.31576103203867417,0.13601775465581833,75.67334736313866,1179
cold,Extreme Cold,WFO,Working from the office,5,Extremely severe,3,Moderately severe,About the same,0.6049805646024866,0.5737926282167426,-0.03118793638574402,-5.155196416307459,1179
cold,Extreme Cold,WFO,Working from the office,5,Extremely severe,3,Moderately severe,Do more,0.21527615801465505,0.11044633974458262,-0.10482981827007243,-48.69550777793799,1179
cold,Extreme Cold,WFO,Working from the office,5,Extremely severe,4,Very severe,Do less,0.17974327738285584,0.2847101907054533,0.10496691332259744,58.39824156483826,1179
cold,Extreme Cold,WFO,Working from the office,5,Extremely severe,4,Very severe,About the same,0.6049805646024866,0.5871078643049189,-0.017872700297567712,-2.9542602429404146,1179
cold,Extreme Cold,WFO,Working from the office,5,Extremely severe,4,Very severe,Do more,0.21527615801465505,0.12818194498962815,-0.0870942130250269,-40.45697109621304,1179
powerout,Power Outage,Car,Using a car for traveling,1,Not severe at all,2,Slightly severe,Do less,0.1882889252196986,0.19118999456606633,0.002901069346367746,1.5407541059479368,2381
powerout,Power Outage,Car,Using a car for traveling,1,Not severe at all,2,Slightly severe,About the same,0.6159077003098057,0.6159504697977704,4.276948796466673e-05,0.006944139185652882,2381
powerout,Power Outage,Car,Using a car for traveling,1,Not severe at all,2,Slightly severe,Do more,0.19580337447049706,0.19285953563617209,-0.0029438388343249744,-1.5034668540753577,2381
powerout,Power Outage,Car,Using a car for traveling,1,Not severe at all,3,Moderately severe,Do less,0.1882889252196986,0.1713314192981423,-0.016957505921556287,-9.006109043200492,2381
powerout,Power Outage,Car,Using a car for traveling,1,Not severe at all,3,Moderately severe,About the same,0.6159077003098057,0.614491347417911,-0.0014163528918946788,-0.2299618743493942,2381
powerout,Power Outage,Car,Using a car for traveling,1,Not severe at all,3,Moderately severe,Do more,0.19580337447049706,0.21417723328395086,0.018373858813453797,9.383831541791075,2381
powerout,Power Outage,Car,Using a car for traveling,1,Not severe at all,4,Very severe,Do less,0.1882889252196986,0.16579794922232333,-0.022490975997375262,-11.944927706784892,2381
powerout,Power Outage,Car,Using a car for traveling,1,Not severe at all,4,Very severe,About the same,0.6159077003098057,0.6135592622254147,-0.0023484380843910024,-0.3812970812363155,2381
powerout,Power Outage,Car,Using a car for traveling,1,Not severe at all,4,Very severe,Do more,0.19580337447049706,0.22064278855225072,0.024839414081753663,12.68589683345645,2381
powerout,Power Outage,Car,Using a car for traveling,1,Not severe at all,5,Extremely severe,Do less,0.1882889252196986,0.141018647913741,-0.04727027730595759,-25.105181970103587,2381
powerout,Power Outage,Car,Using a car for traveling,1,Not severe at all,5,Extremely severe,About the same,0.6159077003098057,0.6060143044816025,-0.009893395828203144,-1.6063114364744426,2381
powerout,Power Outage,Car,Using a car for traveling,1,Not severe at all,5,Extremely severe,Do more,0.19580337447049706,0.2529670476046499,0.057163673134152826,29.194426954457846,2381
powerout,Power Outage,Car,Using a car for traveling,2,Slightly severe,1,Not severe at all,Do less,0.19118999456606633,0.1882889252196986,-0.002901069346367746,-1.5173750869924691,2381
powerout,Power Outage,Car,Using a car for traveling,2,Slightly severe,1,Not severe at all,About the same,0.6159504697977704,0.6159077003098057,-4.276948796466673e-05,-0.0069436570084456415,2381
powerout,Power Outage,Car,Using a car for traveling,2,Slightly severe,1,Not severe at all,Do more,0.19285953563617209,0.19580337447049706,0.0029438388343249744,1.526416012884373,2381
powerout,Power Outage,Car,Using a car for traveling,2,Slightly severe,3,Moderately severe,Do less,0.19118999456606633,0.1713314192981423,-0.019858575267924033,-10.386827675264062,2381
powerout,Power Outage,Car,Using a car for traveling,2,Slightly severe,3,Moderately severe,About the same,0.6159504697977704,0.614491347417911,-0.0014591223798593456,-0.23688956359403485,2381
powerout,Power Outage,Car,Using a car for traveling,2,Slightly severe,3,Moderately severe,Do more,0.19285953563617209,0.21417723328395086,0.02131769764777877,11.053483861951442,2381
powerout,Power Outage,Car,Using a car for traveling,2,Slightly severe,4,Very severe,Do less,0.19118999456606633,0.16579794922232333,-0.025392045343743008,-13.281053436595347,2381
powerout,Power Outage,Car,Using a car for traveling,2,Slightly severe,4,Very severe,About the same,0.6159504697977704,0.6135592622254147,-0.002391207572355669,-0.3882142622832569,2381
powerout,Power Outage,Car,Using a car for traveling,2,Slightly severe,4,Very severe,Do more,0.19285953563617209,0.22064278855225072,0.027783252916078638,14.405952406984696,2381
powerout,Power Outage,Car,Using a car for traveling,2,Slightly severe,5,Extremely severe,Do less,0.19118999456606633,0.141018647913741,-0.05017134665232534,-26.241617280337575,2381
powerout,Power Outage,Car,Using a car for traveling,2,Slightly severe,5,Extremely severe,About the same,0.6159504697977704,0.6060143044816025,-0.009936165316167811,-1.6131435567262522,2381
powerout,Power Outage,Car,Using a car for traveling,2,Slightly severe,5,Extremely severe,Do more,0.19285953563617209,0.2529670476046499,0.0601075119684778,31.166471375244896,2381
powerout,Power Outage,Car,Using a car for traveling,3,Moderately severe,1,Not severe at all,Do less,0.1713314192981423,0.1882889252196986,0.016957505921556287,9.8974875659249,2381
powerout,Power Outage,Car,Using a car for traveling,3,Moderately severe,1,Not severe at all,About the same,0.614491347417911,0.6159077003098057,0.0014163528918946788,0.23049191788398407,2381
powerout,Power Outage,Car,Using a car for traveling,3,Moderately severe,1,Not severe at all,Do more,0.21417723328395086,0.19580337447049706,-0.018373858813453797,-8.578810423372213,2381
powerout,Power Outage,Car,Using a car for traveling,3,Moderately severe,2,Slightly severe,Do less,0.1713314192981423,0.19118999456606633,0.019858575267924033,11.590737617930511,2381
powerout,Power Outage,Car,Using a car for traveling,3,Moderately severe,2,Slightly severe,About the same,0.614491347417911,0.6159504697977704,0.0014591223798593456,0.23745206274922653,2381
powerout,Power Outage,Car,Using a car for traveling,3,Moderately severe,2,Slightly severe,Do more,0.21417723328395086,0.19285953563617209,-0.02131769764777877,-9.953297706258207,2381
powerout,Power Outage,Car,Using a car for traveling,3,Moderately severe,4,Very severe,Do less,0.1713314192981423,0.16579794922232333,-0.005533470075818975,-3.229687875397745,2381
powerout,Power Outage,Car,Using a car for traveling,3,Moderately severe,4,Very severe,About the same,0.614491347417911,0.6135592622254147,-0.0009320851924963236,-0.15168402230770867,2381
powerout,Power Outage,Car,Using a car for traveling,3,Moderately severe,4,Very severe,Do more,0.21417723328395086,0.22064278855225072,0.006465555268299866,3.01878737023743,2381
powerout,Power Outage,Car,Using a car for traveling,3,Moderately severe,5,Extremely severe,Do less,0.1713314192981423,0.141018647913741,-0.030312771384401305,-17.69247666807251,2381
powerout,Power Outage,Car,Using a car for traveling,3,Moderately severe,5,Extremely severe,About the same,0.614491347417911,0.6060143044816025,-0.008477042936308465,-1.3795219366275782,2381
powerout,Power Outage,Car,Using a car for traveling,3,Moderately severe,5,Extremely severe,Do more,0.21417723328395086,0.2529670476046499,0.03878981432069903,18.111081988472815,2381
powerout,Power Outage,Car,Using a car for traveling,4,Very severe,1,Not severe at all,Do less,0.16579794922232333,0.1882889252196986,0.022490975997375262,13.56529203338725,2381
powerout,Power Outage,Car,Using a car for traveling,4,Very severe,1,Not severe at all,About the same,0.6135592622254147,0.6159077003098057,0.0023484380843910024,0.38275652067790206,2381
powerout,Power Outage,Car,Using a car for traveling,4,Very severe,1,Not severe at all,Do more,0.22064278855225072,0.19580337447049706,-0.024839414081753663,-11.257750250863698,2381
powerout,Power Outage,Car,Using a car for traveling,4,Very severe,2,Slightly severe,Do less,0.16579794922232333,0.19118999456606633,0.025392045343743008,15.315053933323428,2381
powerout,Power Outage,Car,Using a car for traveling,4,Very severe,2,Slightly severe,About the same,0.6135592622254147,0.6159504697977704,0.002391207572355669,0.38972723900909295,2381
powerout,Power Outage,Car,Using a car for traveling,4,Very severe,2,Slightly severe,Do more,0.22064278855225072,0.19285953563617209,-0.027783252916078638,-12.591960561402734,2381
powerout,Power Outage,Car,Using a car for traveling,4,Very severe,3,Moderately severe,Do less,0.16579794922232333,0.1713314192981423,0.005533470075818975,3.3374779976313116,2381
powerout,Power Outage,Car,Using a car for traveling,4,Very severe,3,Moderately severe,About the same,0.6135592622254147,0.614491347417911,0.0009320851924963236,0.15191445225936237,2381
powerout,Power Outage,Car,Using a car for traveling,4,Very severe,3,Moderately severe,Do more,0.22064278855225072,0.21417723328395086,-0.006465555268299866,-2.9303270280092337,2381
powerout,Power Outage,Car,Using a car for traveling,4,Very severe,5,Extremely severe,Do less,0.16579794922232333,0.141018647913741,-0.02477930130858233,-14.945481186474169,2381
powerout,Power Outage,Car,Using a car for traveling,4,Very severe,5,Extremely severe,About the same,0.6135592622254147,0.6060143044816025,-0.007544957743812142,-1.2297031775620413,2381
powerout,Power Outage,Car,Using a car for traveling,4,Very severe,5,Extremely severe,Do more,0.22064278855225072,0.2529670476046499,0.03232425905239916,14.65004102989045,2381
powerout,Power Outage,Car,Using a car for traveling,5,Extremely severe,1,Not severe at all,Do less,0.141018647913741,0.1882889252196986,0.04727027730595759,33.52058611062,2381
powerout,Power Outage,Car,Using a car for traveling,5,Extremely severe,1,Not severe at all,About the same,0.6060143044816025,0.6159077003098057,0.009893395828203144,1.6325350334207318,2381
powerout,Power Outage,Car,Using a car for traveling,5,Extremely severe,1,Not severe at all,Do more,0.2529670476046499,0.19580337447049706,-0.057163673134152826,-22.597280426615566,2381
powerout,Power Outage,Car,Using a car for traveling,5,Extremely severe,2,Slightly severe,Do less,0.141018647913741,0.19118999456606633,0.05017134665232534,35.577810023405135,2381
powerout,Power Outage,Car,Using a car for traveling,5,Extremely severe,2,Slightly severe,About the same,0.6060143044816025,0.6159504697977704,0.009936165316167811,1.6395925381113599,2381
powerout,Power Outage,Car,Using a car for traveling,5,Extremely severe,2,Slightly severe,Do more,0.2529670476046499,0.19285953563617209,-0.0601075119684778,-23.7610046595543,2381
powerout,Power Outage,Car,Using a car for traveling,5,Extremely severe,3,Moderately severe,Do less,0.141018647913741,0.1713314192981423,0.030312771384401305,21.495576530377157,2381
powerout,Power Outage,Car,Using a car for traveling,5,Extremely severe,3,Moderately severe,About the same,0.6060143044816025,0.614491347417911,0.008477042936308465,1.3988189509090727,2381
powerout,Power Outage,Car,Using a car for traveling,5,Extremely severe,3,Moderately severe,Do more,0.2529670476046499,0.21417723328395086,-0.03878981432069903,-15.33393961308422,2381
powerout,Power Outage,Car,Using a car for traveling,5,Extremely severe,4,Very severe,Do less,0.141018647913741,0.16579794922232333,0.02477930130858233,17.571648626030974,2381
powerout,Power Outage,Car,Using a car for traveling,5,Extremely severe,4,Very severe,About the same,0.6060143044816025,0.6135592622254147,0.007544957743812142,1.2450131437518226,2381
powerout,Power Outage,Car,Using a car for traveling,5,Extremely severe,4,Very severe,Do more,0.2529670476046499,0.22064278855225072,-0.03232425905239916,-12.778051275246414,2381
powerout,Power Outage,Delivery,Having food delivered,1,Not severe at all,2,Slightly severe,Do less,0.24700026894347663,0.25429894457224045,0.007298675628763823,2.954926186916034,2381
powerout,Power Outage,Delivery,Having food delivered,1,Not severe at all,2,Slightly severe,About the same,0.5885851615488896,0.5869018087649316,-0.0016833527839580364,-0.28599986780642145,2381
powerout,Power Outage,Delivery,Having food delivered,1,Not severe at all,2,Slightly severe,Do more,0.16441456950763464,0.1587992466628276,-0.005615322844807036,-3.4153438236179468,2381
powerout,Power Outage,Delivery,Having food delivered,1,Not severe at all,3,Moderately severe,Do less,0.24700026894347663,0.21529345476895367,-0.03170681417452295,-12.83675289510665,2381
powerout,Power Outage,Delivery,Having food delivered,1,Not severe at all,3,Moderately severe,About the same,0.5885851615488896,0.5931787659154952,0.004593604366605608,0.7804485513221776,2381
powerout,Power Outage,Delivery,Having food delivered,1,Not severe at all,3,Moderately severe,Do more,0.16441456950763464,0.19152777931555148,0.027113209807916844,16.490758628697947,2381
powerout,Power Outage,Delivery,Having food delivered,1,Not severe at all,4,Very severe,Do less,0.24700026894347663,0.22693270874469412,-0.020067560198782503,-8.124509452811466,2381
powerout,Power Outage,Delivery,Having food delivered,1,Not severe at all,4,Very severe,About the same,0.5885851615488896,0.5920431385159695,0.0034579769670798344,0.5875066503511581,2381
powerout,Power Outage,Delivery,Having food delivered,1,Not severe at all,4,Very severe,Do more,0.16441456950763464,0.18102415273933736,0.016609583231702724,10.102257531946677,2381
powerout,Power Outage,Delivery,Having food delivered,1,Not severe at all,5,Extremely severe,Do less,0.24700026894347663,0.19388288123675596,-0.05311738770672067,-21.50499185038378,2381
powerout,Power Outage,Delivery,Having food delivered,1,Not severe at all,5,Extremely severe,About the same,0.5885851615488896,0.593338128513948,0.004752966965058336,0.8075240892160243,2381
powerout,Power Outage,Delivery,Having food delivered,1,Not severe at all,5,Extremely severe,Do more,0.16441456950763464,0.21277899024929633,0.048364420741661696,29.416140483472102,2381
powerout,Power Outage,Delivery,Having food delivered,2,Slightly severe,1,Not severe at all,Do less,0.25429894457224045,0.24700026894347663,-0.007298675628763823,-2.870116366798541,2381
powerout,Power Outage,Delivery,Having food delivered,2,Slightly severe,1,Not severe at all,About the same,0.5869018087649316,0.5885851615488896,0.0016833527839580364,0.2868201731223936,2381
powerout,Power Outage,Delivery,Having food delivered,2,Slightly severe,1,Not severe at all,Do more,0.1587992466628276,0.16441456950763464,0.005615322844807036,3.536114284427203,2381
powerout,Power Outage,Delivery,Having food delivered,2,Slightly severe,3,Moderately severe,Do less,0.25429894457224045,0.21529345476895367,-0.039005489803286775,-15.338439516097251,2381
powerout,Power Outage,Delivery,Having food delivered,2,Slightly severe,3,Moderately severe,About the same,0.5869018087649316,0.5931787659154952,0.0062769571505636446,1.0695072083306048,2381
powerout,Power Outage,Delivery,Having food delivered,2,Slightly severe,3,Moderately severe,Do more,0.1587992466628276,0.19152777931555148,0.03272853265272388,20.610004984604952,2381
powerout,Power Outage,Delivery,Having food delivered,2,Slightly severe,4,Very severe,Do less,0.25429894457224045,0.22693270874469412,-0.027366235827546326,-10.76144294408277,2381
powerout,Power Outage,Delivery,Having food delivered,2,Slightly severe,4,Very severe,About the same,0.5869018087649316,0.5920431385159695,0.005141329751037871,0.8760119110651946,2381
powerout,Power Outage,Delivery,Having food delivered,2,Slightly severe,4,Very severe,Do more,0.1587992466628276,0.18102415273933736,0.02222490607650976,13.995599188010669,2381
powerout,Power Outage,Delivery,Having food delivered,2,Slightly severe,5,Extremely severe,Do less,0.25429894457224045,0.19388288123675596,-0.06041606333548449,-23.757889926405763,2381
powerout,Power Outage,Delivery,Having food delivered,2,Slightly severe,5,Extremely severe,About the same,0.5869018087649316,0.593338128513948,0.006436319749016373,1.0966604043291124,2381
powerout,Power Outage,Delivery,Having food delivered,2,Slightly severe,5,Extremely severe,Do more,0.1587992466628276,0.21277899024929633,0.05397974358646873,33.99244311346254,2381
powerout,Power Outage,Delivery,Having food delivered,3,Moderately severe,1,Not severe at all,Do less,0.21529345476895367,0.24700026894347663,0.03170681417452295,14.727254113948671,2381
powerout,Power Outage,Delivery,Having food delivered,3,Moderately severe,1,Not severe at all,About the same,0.5931787659154952,0.5885851615488896,-0.004593604366605608,-0.7744047208965699,2381
powerout,Power Outage,Delivery,Having food delivered,3,Moderately severe,1,Not severe at all,Do more,0.19152777931555148,0.16441456950763464,-0.027113209807916844,-14.156280569225673,2381
powerout,Power Outage,Delivery,Having food delivered,3,Moderately severe,2,Slightly severe,Do less,0.21529345476895367,0.25429894457224045,0.039005489803286775,18.11735978929144,2381
powerout,Power Outage,Delivery,Having food delivered,3,Moderately severe,2,Slightly severe,About the same,0.5931787659154952,0.5869018087649316,-0.0062769571505636446,-1.0581897922249404,2381
powerout,Power Outage,Delivery,Having food delivered,3,Moderately severe,2,Slightly severe,Do more,0.19152777931555148,0.1587992466628276,-0.03272853265272388,-17.088138738768542,2381
powerout,Power Outage,Delivery,Having food delivered,3,Moderately severe,4,Very severe,Do less,0.21529345476895367,0.22693270874469412,0.011639253975740449,5.40622750850988,2381
powerout,Power Outage,Delivery,Having food delivered,3,Moderately severe,4,Very severe,About the same,0.5931787659154952,0.5920431385159695,-0.0011356273995257737,-0.19144774978131232,2381
powerout,Power Outage,Delivery,Having food delivered,3,Moderately severe,4,Very severe,Do more,0.19152777931555148,0.18102415273933736,-0.01050362657621412,-5.484126957327102,2381
powerout,Power Outage,Delivery,Having food delivered,3,Moderately severe,5,Extremely severe,Do less,0.21529345476895367,0.19388288123675596,-0.02141057353219772,-9.944832533425082,2381
powerout,Power Outage,Delivery,Having food delivered,3,Moderately severe,5,Extremely severe,About the same,0.5931787659154952,0.593338128513948,0.00015936259845272804,0.026865863650188546,2381
powerout,Power Outage,Delivery,Having food delivered,3,Moderately severe,5,Extremely severe,Do more,0.19152777931555148,0.21277899024929633,0.021251210933744852,11.095628534768542,2381
powerout,Power Outage,Delivery,Having food delivered,4,Very severe,1,Not severe at all,Do less,0.22693270874469412,0.24700026894347663,0.020067560198782503,8.84295627095303,2381
powerout,Power Outage,Delivery,Having food delivered,4,Very severe,1,Not severe at all,About the same,0.5920431385159695,0.5885851615488896,-0.0034579769670798344,-0.5840751698850338,2381
powerout,Power Outage,Delivery,Having food delivered,4,Very severe,1,Not severe at all,Do more,0.18102415273933736,0.16441456950763464,-0.016609583231702724,-9.175340958849514,2381
powerout,Power Outage,Delivery,Having food delivered,4,Very severe,2,Slightly severe,Do less,0.22693270874469412,0.25429894457224045,0.027366235827546326,12.059185288416987,2381
powerout,Power Outage,Delivery,Having food delivered,4,Very severe,2,Slightly severe,About the same,0.5920431385159695,0.5869018087649316,-0.005141329751037871,-0.8684045834776938,2381
powerout,Power Outage,Delivery,Having food delivered,4,Very severe,2,Slightly severe,Do more,0.18102415273933736,0.1587992466628276,-0.02222490607650976,-12.277315341733505,2381
powerout,Power Outage,Delivery,Having food delivered,4,Very severe,3,Moderately severe,Do less,0.22693270874469412,0.21529345476895367,-0.011639253975740449,-5.128945069278201,2381
powerout,Power Outage,Delivery,Having food delivered,4,Very severe,3,Moderately severe,About the same,0.5920431385159695,0.5931787659154952,0.0011356273995257737,0.1918149752351436,2381
powerout,Power Outage,Delivery,Having food delivered,4,Very severe,3,Moderately severe,Do more,0.18102415273933736,0.19152777931555148,0.01050362657621412,5.802334338964502,2381
powerout,Power Outage,Delivery,Having food delivered,4,Very severe,5,Extremely severe,Do less,0.22693270874469412,0.19388288123675596,-0.03304982750793817,-14.563712604832201,2381
powerout,Power Outage,Delivery,Having food delivered,4,Very severe,5,Extremely severe,About the same,0.5920431385159695,0.593338128513948,0.0012949899979785018,0.21873237163503945,2381
powerout,Power Outage,Delivery,Having food delivered,4,Very severe,5,Extremely severe,Do more,0.18102415273933736,0.21277899024929633,0.03175483750995897,17.541768338329863,2381
powerout,Power Outage,Delivery,Having food delivered,5,Extremely severe,1,Not severe at all,Do less,0.19388288123675596,0.24700026894347663,0.05311738770672067,27.396636241369603,2381
powerout,Power Outage,Delivery,Having food delivered,5,Extremely severe,1,Not severe at all,About the same,0.593338128513948,0.5885851615488896,-0.004752966965058336,-0.8010553741021895,2381
powerout,Power Outage,Delivery,Having food delivered,5,Extremely severe,1,Not severe at all,Do more,0.21277899024929633,0.16441456950763464,-0.048364420741661696,-22.72988544827519,2381
powerout,Power Outage,Delivery,Having food delivered,5,Extremely severe,2,Slightly severe,Do less,0.19388288123675596,0.25429894457224045,0.06041606333548449,31.161112806915998,2381
powerout,Power Outage,Delivery,Having food delivered,5,Extremely severe,2,Slightly severe,About the same,0.593338128513948,0.5869018087649316,-0.006436319749016373,-1.0847642245976226,2381
powerout,Power Outage,Delivery,Having food delivered,5,Extremely severe,2,Slightly severe,Do more,0.21277899024929633,0.1587992466628276,-0.05397974358646873,-25.368925533120034,2381
powerout,Power Outage,Delivery,Having food delivered,5,Extremely severe,3,Moderately severe,Do less,0.19388288123675596,0.21529345476895367,0.02141057353219772,11.043044850387101,2381
powerout,Power Outage,Delivery,Having food delivered,5,Extremely severe,3,Moderately severe,About the same,0.593338128513948,0.5931787659154952,-0.00015936259845272804,-0.0268586478424809,2381
powerout,Power Outage,Delivery,Having food delivered,5,Extremely severe,3,Moderately severe,Do more,0.21277899024929633,0.19152777931555148,-0.021251210933744852,-9.987457365431844,2381
powerout,Power Outage,Delivery,Having food delivered,5,Extremely severe,4,Very severe,Do less,0.19388288123675596,0.22693270874469412,0.03304982750793817,17.046284487375694,2381
powerout,Power Outage,Delivery,Having food delivered,5,Extremely severe,4,Very severe,About the same,0.593338128513948,0.5920431385159695,-0.0012949899979785018,-0.2182549773468771,2381
powerout,Power Outage,Delivery,Having food delivered,5,Extremely severe,4,Very severe,Do more,0.21277899024929633,0.18102415273933736,-0.03175483750995897,-14.923859481029748,2381
powerout,Power Outage,Dine in,Eating indoors at a restaurant,1,Not severe at all,2,Slightly severe,Do less,0.3310298433100635,0.3252148327370407,-0.005815010573022805,-1.7566423966119868,2381
powerout,Power Outage,Dine in,Eating indoors at a restaurant,1,Not severe at all,2,Slightly severe,About the same,0.5181267945102345,0.5201449785296229,0.0020181840193884693,0.38951547010730875,2381
powerout,Power Outage,Dine in,Eating indoors at a restaurant,1,Not severe at all,2,Slightly severe,Do more,0.150843362179702,0.15464018873333718,0.0037968265536351686,2.5170657155678824,2381
powerout,Power Outage,Dine in,Eating indoors at a restaurant,1,Not severe at all,3,Moderately severe,Do less,0.3310298433100635,0.29003952142825,-0.04099032188181351,-12.38266661154758,2381
powerout,Power Outage,Dine in,Eating indoors at a restaurant,1,Not severe at all,3,Moderately severe,About the same,0.5181267945102345,0.5302990022384351,0.012172207728200601,2.349272003912966,2381
powerout,Power Outage,Dine in,Eating indoors at a restaurant,1,Not severe at all,3,Moderately severe,Do more,0.150843362179702,0.1796614763333154,0.028818114153613378,19.10466177443189,2381
powerout,Power Outage,Dine in,Eating indoors at a restaurant,1,Not severe at all,4,Very severe,Do less,0.3310298433100635,0.2407093273901714,-0.09032051591989212,-27.284704912629948,2381
powerout,Power Outage,Dine in,Eating indoors at a restaurant,1,Not severe at all,4,Very severe,About the same,0.5181267945102345,0.5374354870637632,0.01930869255352874,3.7266346303862767,2381
powerout,Power Outage,Dine in,Eating indoors at a restaurant,1,Not severe at all,4,Very severe,Do more,0.150843362179702,0.22185518554606426,0.07101182336636225,47.07653180109097,2381
powerout,Power Outage,Dine in,Eating indoors at a restaurant,1,Not severe at all,5,Extremely severe,Do less,0.3310298433100635,0.2455601476321446,-0.08546969567791893,-25.819332427337255,2381
powerout,Power Outage,Dine in,Eating indoors at a restaurant,1,Not severe at all,5,Extremely severe,About the same,0.5181267945102345,0.5371659790911344,0.019039184580899926,3.674618796523917,2381
powerout,Power Outage,Dine in,Eating indoors at a restaurant,1,Not severe at all,5,Extremely severe,Do more,0.150843362179702,0.21727387327672132,0.0664305110970193,44.039399637538985,2381
powerout,Power Outage,Dine in,Eating indoors at a restaurant,2,Slightly severe,1,Not severe at all,Do less,0.3252148327370407,0.3310298433100635,0.005815010573022805,1.7880520774784754,2381
powerout,Power Outage,Dine in,Eating indoors at a restaurant,2,Slightly severe,1,Not severe at all,About the same,0.5201449785296229,0.5181267945102345,-0.0020181840193884693,-0.38800413398079764,2381
powerout,Power Outage,Dine in,Eating indoors at a restaurant,2,Slightly severe,1,Not severe at all,Do more,0.15464018873333718,0.150843362179702,-0.0037968265536351686,-2.455265080012575,2381
powerout,Power Outage,Dine in,Eating indoors at a restaurant,2,Slightly severe,3,Moderately severe,Do less,0.3252148327370407,0.29003952142825,-0.0351753113087907,-10.816023061664115,2381
powerout,Power Outage,Dine in,Eating indoors at a restaurant,2,Slightly severe,3,Moderately severe,About the same,0.5201449785296229,0.5302990022384351,0.010154023708812132,1.9521525974385328,2381
powerout,Power Outage,Dine in,Eating indoors at a restaurant,2,Slightly severe,3,Moderately severe,Do more,0.15464018873333718,0.1796614763333154,0.02502128759997821,16.180326605217175,2381
powerout,Power Outage,Dine in,Eating indoors at a restaurant,2,Slightly severe,4,Very severe,Do less,0.3252148327370407,0.2407093273901714,-0.08450550534686932,-25.984517568175626,2381
powerout,Power Outage,Dine in,Eating indoors at a restaurant,2,Slightly severe,4,Very severe,About the same,0.5201449785296229,0.5374354870637632,0.01729050853414027,3.32417099998122,2381
powerout,Power Outage,Dine in,Eating indoors at a restaurant,2,Slightly severe,4,Very severe,Do more,0.15464018873333718,0.22185518554606426,0.06721499681272708,43.4654130748852,2381
powerout,Power Outage,Dine in,Eating indoors at a restaurant,2,Slightly severe,5,Extremely severe,Do less,0.3252148327370407,0.2455601476321446,-0.07965468510489612,-24.492943459716855,2381
powerout,Power Outage,Dine in,Eating indoors at a restaurant,2,Slightly severe,5,Extremely severe,About the same,0.5201449785296229,0.5371659790911344,0.017021000561511457,3.272356989704571,2381
powerout,Power Outage,Dine in,Eating indoors at a restaurant,2,Slightly severe,5,Extremely severe,Do more,0.15464018873333718,0.21727387327672132,0.06263368454338414,40.50285055677873,2381
powerout,Power Outage,Dine in,Eating indoors at a restaurant,3,Moderately severe,1,Not severe at all,Do less,0.29003952142825,0.3310298433100635,0.04099032188181351,14.132667741266319,2381
powerout,Power Outage,Dine in,Eating indoors at a restaurant,3,Moderately severe,1,Not severe at all,About the same,0.5302990022384351,0.5181267945102345,-0.012172207728200601,-2.2953480351312607,2381
powerout,Power Outage,Dine in,Eating indoors at a restaurant,3,Moderately severe,1,Not severe at all,Do more,0.1796614763333154,0.150843362179702,-0.028818114153613378,-16.040230071442153,2381
powerout,Power Outage,Dine in,Eating indoors at a restaurant,3,Moderately severe,2,Slightly severe,Do less,0.29003952142825,0.3252148327370407,0.0351753113087907,12.127764911338943,2381
powerout,Power Outage,Dine in,Eating indoors at a restaurant,3,Moderately severe,2,Slightly severe,About the same,0.5302990022384351,0.5201449785296229,-0.010154023708812132,-1.9147733007135928,2381
powerout,Power Outage,Dine in,Eating indoors at a restaurant,3,Moderately severe,2,Slightly severe,Do more,0.1796614763333154,0.15464018873333718,-0.02502128759997821,-13.926907487700749,2381
powerout,Power Outage,Dine in,Eating indoors at a restaurant,3,Moderately severe,4,Very severe,Do less,0.29003952142825,0.2407093273901714,-0.04933019403807862,-17.008093860850586,2381
powerout,Power Outage,Dine in,Eating indoors at a restaurant,3,Moderately severe,4,Very severe,About the same,0.5302990022384351,0.5374354870637632,0.007136484825328138,1.345747360489923,2381
powerout,Power Outage,Dine in,Eating indoors at a restaurant,3,Moderately severe,4,Very severe,Do more,0.1796614763333154,0.22185518554606426,0.04219370921274887,23.4851177190982,2381
powerout,Power Outage,Dine in,Eating indoors at a restaurant,3,Moderately severe,5,Extremely severe,Do less,0.29003952142825,0.2455601476321446,-0.04447937379610542,-15.335625151039538,2381
powerout,Power Outage,Dine in,Eating indoors at a restaurant,3,Moderately severe,5,Extremely severe,About the same,0.5302990022384351,0.5371659790911344,0.006866976852699325,1.2949254710480802,2381
powerout,Power Outage,Dine in,Eating indoors at a restaurant,3,Moderately severe,5,Extremely severe,Do more,0.1796614763333154,0.21727387327672132,0.03761239694340593,20.93514854215372,2381
powerout,Power Outage,Dine in,Eating indoors at a restaurant,4,Very severe,1,Not severe at all,Do less,0.2407093273901714,0.3310298433100635,0.09032051591989212,37.52264895555521,2381
powerout,Power Outage,Dine in,Eating indoors at a restaurant,4,Very severe,1,Not severe at all,About the same,0.5374354870637632,0.5181267945102345,-0.01930869255352874,-3.592746109681047,2381
powerout,Power Outage,Dine in,Eating indoors at a restaurant,4,Very severe,1,Not severe at all,Do more,0.22185518554606426,0.150843362179702,-0.07101182336636225,-32.00818731893824,2381
powerout,Power Outage,Dine in,Eating indoors at a restaurant,4,Very severe,2,Slightly severe,Do less,0.2407093273901714,0.3252148327370407,0.08450550534686932,35.10686779905806,2381
powerout,Power Outage,Dine in,Eating indoors at a restaurant,4,Very severe,2,Slightly severe,About the same,0.5374354870637632,0.5201449785296229,-0.01729050853414027,-3.2172249414726246,2381
powerout,Power Outage,Dine in,Eating indoors at a restaurant,4,Very severe,2,Slightly severe,Do more,0.22185518554606426,0.15464018873333718,-0.06721499681272708,-30.2967887125501,2381
powerout,Power Outage,Dine in,Eating indoors at a restaurant,4,Very severe,3,Moderately severe,Do less,0.2407093273901714,0.29003952142825,0.04933019403807862,20.49367782001989,2381
powerout,Power Outage,Dine in,Eating indoors at a restaurant,4,Very severe,3,Moderately severe,About the same,0.5374354870637632,0.5302990022384351,-0.007136484825328138,-1.32787748429449,2381
powerout,Power Outage,Dine in,Eating indoors at a restaurant,4,Very severe,3,Moderately severe,Do more,0.22185518554606426,0.1796614763333154,-0.04219370921274887,-19.018581471916104,2381
powerout,Power Outage,Dine in,Eating indoors at a restaurant,4,Very severe,5,Extremely severe,Do less,0.2407093273901714,0.2455601476321446,0.004850820241973197,2.01521905884037,2381
powerout,Power Outage,Dine in,Eating indoors at a restaurant,4,Very severe,5,Extremely severe,About the same,0.5374354870637632,0.5371659790911344,-0.000269507972628813,-0.05014703701485154,2381
powerout,Power Outage,Dine in,Eating indoors at a restaurant,4,Very severe,5,Extremely severe,Do more,0.22185518554606426,0.21727387327672132,-0.004581312269342941,-2.065001211518544,2381
powerout,Power Outage,Dine in,Eating indoors at a restaurant,5,Extremely severe,1,Not severe at all,Do less,0.2455601476321446,0.3310298433100635,0.08546969567791893,34.806012499208435,2381
powerout,Power Outage,Dine in,Eating indoors at a restaurant,5,Extremely severe,1,Not severe at all,About the same,0.5371659790911344,0.5181267945102345,-0.019039184580899926,-3.5443764724477793,2381
powerout,Power Outage,Dine in,Eating indoors at a restaurant,5,Extremely severe,1,Not severe at all,Do more,0.21727387327672132,0.150843362179702,-0.0664305110970193,-30.574550955058,2381
powerout,Power Outage,Dine in,Eating indoors at a restaurant,5,Extremely severe,2,Slightly severe,Do less,0.2455601476321446,0.3252148327370407,0.07965468510489612,32.437952930465286,2381
powerout,Power Outage,Dine in,Eating indoors at a restaurant,5,Extremely severe,2,Slightly severe,About the same,0.5371659790911344,0.5201449785296229,-0.017021000561511457,-3.1686668970194987,2381
powerout,Power Outage,Dine in,Eating indoors at a restaurant,5,Extremely severe,2,Slightly severe,Do more,0.21727387327672132,0.15464018873333718,-0.06263368454338414,-28.82706677926872,2381
powerout,Power Outage,Dine in,Eating indoors at a restaurant,5,Extremely severe,3,Moderately severe,Do less,0.2455601476321446,0.29003952142825,0.04447937379610542,18.113433399110292,2381
powerout,Power Outage,Dine in,Eating indoors at a restaurant,5,Extremely severe,3,Moderately severe,About the same,0.5371659790911344,0.5302990022384351,-0.006866976852699325,-1.278371512715307,2381
powerout,Power Outage,Dine in,Eating indoors at a restaurant,5,Extremely severe,3,Moderately severe,Do more,0.21727387327672132,0.1796614763333154,-0.03761239694340593,-17.311053729641277,2381
powerout,Power Outage,Dine in,Eating indoors at a restaurant,5,Extremely severe,4,Very severe,Do less,0.2455601476321446,0.2407093273901714,-0.004850820241973197,-1.9754102156836337,2381
powerout,Power Outage,Dine in,Eating indoors at a restaurant,5,Extremely severe,4,Very severe,About the same,0.5371659790911344,0.5374354870637632,0.000269507972628813,0.05017219688499462,2381
powerout,Power Outage,Dine in,Eating indoors at a restaurant,5,Extremely severe,4,Very severe,Do more,0.21727387327672132,0.22185518554606426,0.004581312269342941,2.108542642634328,2381
powerout,Power Outage,Home,Staying at home,1,Not severe at all,2,Slightly severe,Do less,0.1462398084487673,0.11513534637732654,-0.031104462071440755,-21.26949043586698,2381
powerout,Power Outage,Home,Staying at home,1,Not severe at all,2,Slightly severe,About the same,0.5343304726928214,0.5112711607614102,-0.023059311931411197,-4.315552473584574,2381
powerout,Power Outage,Home,Staying at home,1,Not severe at all,2,Slightly severe,Do more,0.3194297188584123,0.3735934928612637,0.054163774002851384,16.956397856913107,2381
powerout,Power Outage,Home,Staying at home,1,Not severe at all,3,Moderately severe,Do less,0.1462398084487673,0.11119934112123508,-0.035040467327532215,-23.960963638575926,2381
powerout,Power Outage,Home,Staying at home,1,Not severe at all,3,Moderately severe,About the same,0.5343304726928214,0.5074140216462801,-0.02691645104654128,-5.037416434606968,2381
powerout,Power Outage,Home,Staying at home,1,Not severe at all,3,Moderately severe,Do more,0.3194297188584123,0.38138663723248334,0.061956918374071024,19.396103341759982,2381
powerout,Power Outage,Home,Staying at home,1,Not severe at all,4,Very severe,Do less,0.1462398084487673,0.12521547844458064,-0.02102433000418666,-14.37661210528198,2381
powerout,Power Outage,Home,Staying at home,1,Not severe at all,4,Very severe,About the same,0.5343304726928214,0.5200994162453214,-0.014231056447500001,-2.6633436000348087,2381
powerout,Power Outage,Home,Staying at home,1,Not severe at all,4,Very severe,Do more,0.3194297188584123,0.35468510531009806,0.035255386451685744,11.036977579194108,2381
powerout,Power Outage,Home,Staying at home,1,Not severe at all,5,Extremely severe,Do less,0.1462398084487673,0.09377662355369554,-0.05246318489507176,-35.8747631384182,2381
powerout,Power Outage,Home,Staying at home,1,Not severe at all,5,Extremely severe,About the same,0.5343304726928214,0.48711635816178683,-0.04721411453103458,-8.836126132408936,2381
powerout,Power Outage,Home,Staying at home,1,Not severe at all,5,Extremely severe,Do more,0.3194297188584123,0.4191070182845178,0.09967729942610548,31.20476697732924,2381
powerout,Power Outage,Home,Staying at home,2,Slightly severe,1,Not severe at all,Do less,0.11513534637732654,0.1462398084487673,0.031104462071440755,27.015563030925243,2381
powerout,Power Outage,Home,Staying at home,2,Slightly severe,1,Not severe at all,About the same,0.5112711607614102,0.5343304726928214,0.023059311931411197,4.510192183942105,2381
powerout,Power Outage,Home,Staying at home,2,Slightly severe,1,Not severe at all,Do more,0.3735934928612637,0.3194297188584123,-0.054163774002851384,-14.498050698909108,2381
powerout,Power Outage,Home,Staying at home,2,Slightly severe,3,Moderately severe,Do less,0.11513534637732654,0.11119934112123508,-0.00393600525609146,-3.418589842247239,2381
powerout,Power Outage,Home,Staying at home,2,Slightly severe,3,Moderately severe,About the same,0.5112711607614102,0.5074140216462801,-0.0038571391151300816,-0.7544214129711209,2381
powerout,Power Outage,Home,Staying at home,2,Slightly severe,3,Moderately severe,Do more,0.3735934928612637,0.38138663723248334,0.00779314437121964,2.0859957467497097,2381
powerout,Power Outage,Home,Staying at home,2,Slightly severe,4,Very severe,Do less,0.11513534637732654,0.12521547844458064,0.010080132067254097,8.755028220629182,2381
powerout,Power Outage,Home,Staying at home,2,Slightly severe,4,Very severe,About the same,0.5112711607614102,0.5200994162453214,0.008828255483911196,1.7267266690270038,2381
powerout,Power Outage,Home,Staying at home,2,Slightly severe,4,Very severe,Do more,0.3735934928612637,0.35468510531009806,-0.01890838755116564,-5.06121972477379,2381
powerout,Power Outage,Home,Staying at home,2,Slightly severe,5,Extremely severe,Do less,0.11513534637732654,0.09377662355369554,-0.021358722823631007,-18.550969355347465,2381
powerout,Power Outage,Home,Staying at home,2,Slightly severe,5,Extremely severe,About the same,0.5112711607614102,0.48711635816178683,-0.02415480259962338,-4.724460218654003,2381
powerout,Power Outage,Home,Staying at home,2,Slightly severe,5,Extremely severe,Do more,0.3735934928612637,0.4191070182845178,0.0455135254232541,12.182633341570495,2381
powerout,Power Outage,Home,Staying at home,3,Moderately severe,1,Not severe at all,Do less,0.11119934112123508,0.1462398084487673,0.035040467327532215,31.511398335831274,2381
powerout,Power Outage,Home,Staying at home,3,Moderately severe,1,Not severe at all,About the same,0.5074140216462801,0.5343304726928214,0.02691645104654128,5.304632883264078,2381
powerout,Power Outage,Home,Staying at home,3,Moderately severe,1,Not severe at all,Do more,0.38138663723248334,0.3194297188584123,-0.061956918374071024,-16.245172831344824,2381
powerout,Power Outage,Home,Staying at home,3,Moderately severe,2,Slightly severe,Do less,0.11119934112123508,0.11513534637732654,0.00393600525609146,3.539594044716713,2381
powerout,Power Outage,Home,Staying at home,3,Moderately severe,2,Slightly severe,About the same,0.5074140216462801,0.5112711607614102,0.0038571391151300816,0.7601561940712204,2381
powerout,Power Outage,Home,Staying at home,3,Moderately severe,2,Slightly severe,Do more,0.38138663723248334,0.3735934928612637,-0.00779314437121964,-2.0433711122577014,2381
powerout,Power Outage,Home,Staying at home,3,Moderately severe,4,Very severe,Do less,0.11119934112123508,0.12521547844458064,0.014016137323345557,12.604514722856553,2381
powerout,Power Outage,Home,Staying at home,3,Moderately severe,4,Very severe,About the same,0.5074140216462801,0.5200994162453214,0.012685394599041278,2.5000086828275125,2381
powerout,Power Outage,Home,Staying at home,3,Moderately severe,4,Very severe,Do more,0.38138663723248334,0.35468510531009806,-0.02670153192238528,-7.001171335247575,2381
powerout,Power Outage,Home,Staying at home,3,Moderately severe,5,Extremely severe,Do less,0.11119934112123508,0.09377662355369554,-0.017422717567539547,-15.668004317169856,2381
powerout,Power Outage,Home,Staying at home,3,Moderately severe,5,Extremely severe,About the same,0.5074140216462801,0.48711635816178683,-0.0202976634844933,-4.000217301571312,2381
powerout,Power Outage,Home,Staying at home,3,Moderately severe,5,Extremely severe,Do more,0.38138663723248334,0.4191070182845178,0.03772038105203446,9.890325818898866,2381
powerout,Power Outage,Home,Staying at home,4,Very severe,1,Not severe at all,Do less,0.12521547844458064,0.1462398084487673,0.02102433000418666,16.790520042210165,2381
powerout,Power Outage,Home,Staying at home,4,Very severe,1,Not severe at all,About the same,0.5200994162453214,0.5343304726928214,0.014231056447500001,2.736218500346763,2381
powerout,Power Outage,Home,Staying at home,4,Very severe,1,Not severe at all,Do more,0.35468510531009806,0.3194297188584123,-0.035255386451685744,-9.939911748158206,2381
powerout,Power Outage,Home,Staying at home,4,Very severe,2,Slightly severe,Do less,0.12521547844458064,0.11513534637732654,-0.010080132067254097,-8.050228448167038,2381
powerout,Power Outage,Home,Staying at home,4,Very severe,2,Slightly severe,About the same,0.5200994162453214,0.5112711607614102,-0.008828255483911196,-1.6974169184122039,2381
powerout,Power Outage,Home,Staying at home,4,Very severe,2,Slightly severe,Do more,0.35468510531009806,0.3735934928612637,0.01890838755116564,5.331035126111146,2381
powerout,Power Outage,Home,Staying at home,4,Very severe,3,Moderately severe,Do less,0.12521547844458064,0.11119934112123508,-0.014016137323345557,-11.193613998407542,2381
powerout,Power Outage,Home,Staying at home,4,Very severe,3,Moderately severe,About the same,0.5200994162453214,0.5074140216462801,-0.012685394599041278,-2.4390326546834284,2381
powerout,Power Outage,Home,Staying at home,4,Very severe,3,Moderately severe,Do more,0.35468510531009806,0.38138663723248334,0.02670153192238528,7.5282360388492675,2381
powerout,Power Outage,Home,Staying at home,4,Very severe,5,Extremely severe,Do less,0.12521547844458064,0.09377662355369554,-0.031438854890885104,-25.107802391059575,2381
powerout,Power Outage,Home,Staying at home,4,Very severe,5,Extremely severe,About the same,0.5200994162453214,0.48711635816178683,-0.03298305808353458,-6.341683350011119,2381
powerout,Power Outage,Home,Staying at home,4,Very severe,5,Extremely severe,Do more,0.35468510531009806,0.4191070182845178,0.06442191297441974,18.163128930406092,2381
powerout,Power Outage,Home,Staying at home,5,Extremely severe,1,Not severe at all,Do less,0.09377662355369554,0.1462398084487673,0.05246318489507176,55.94484308238277,2381
powerout,Power Outage,Home,Staying at home,5,Extremely severe,1,Not severe at all,About the same,0.48711635816178683,0.5343304726928214,0.04721411453103458,9.692574215574437,2381
powerout,Power Outage,Home,Staying at home,5,Extremely severe,1,Not severe at all,Do more,0.4191070182845178,0.3194297188584123,-0.09967729942610548,-23.783257038763754,2381
powerout,Power Outage,Home,Staying at home,5,Extremely severe,2,Slightly severe,Do less,0.09377662355369554,0.11513534637732654,0.021358722823631007,22.77616959774759,2381
powerout,Power Outage,Home,Staying at home,5,Extremely severe,2,Slightly severe,About the same,0.48711635816178683,0.5112711607614102,0.02415480259962338,4.958733615675621,2381
powerout,Power Outage,Home,Staying at home,5,Extremely severe,2,Slightly severe,Do more,0.4191070182845178,0.3735934928612637,-0.0455135254232541,-10.859642868675722,2381
powerout,Power Outage,Home,Staying at home,5,Extremely severe,3,Moderately severe,Do less,0.09377662355369554,0.11119934112123508,0.017422717567539547,18.578955935178744,2381
powerout,Power Outage,Home,Staying at home,5,Extremely severe,3,Moderately severe,About the same,0.48711635816178683,0.5074140216462801,0.0202976634844933,4.166902454495647,2381
powerout,Power Outage,Home,Staying at home,5,Extremely severe,3,Moderately severe,Do more,0.4191070182845178,0.38138663723248334,-0.03772038105203446,-9.000178810278797,2381
powerout,Power Outage,Home,Staying at home,5,Extremely severe,4,Very severe,Do less,0.09377662355369554,0.12521547844458064,0.031438854890885104,33.52525789423794,2381
powerout,Power Outage,Home,Staying at home,5,Extremely severe,4,Very severe,About the same,0.48711635816178683,0.5200994162453214,0.03298305808353458,6.7710840604905025,2381
powerout,Power Outage,Home,Staying at home,5,Extremely severe,4,Very severe,Do more,0.4191070182845178,0.35468510531009806,-0.06442191297441974,-15.371232206540109,2381
powerout,Power Outage,Pick up,Picking up takeout,1,Not severe at all,2,Slightly severe,Do less,0.254061497542596,0.2682812964518964,0.014219798909300418,5.596990904501901,2381
powerout,Power Outage,Pick up,Picking up takeout,1,Not severe at all,2,Slightly severe,About the same,0.5394522947306609,0.5374756002092204,-0.0019766945214405585,-0.3664261957449801,2381
powerout,Power Outage,Pick up,Picking up takeout,1,Not severe at all,2,Slightly severe,Do more,0.2064862077267434,0.1942431033388835,-0.012243104387859888,-5.929260129597607,2381
powerout,Power Outage,Pick up,Picking up takeout,1,Not severe at all,3,Moderately severe,Do less,0.254061497542596,0.24036497947638893,-0.013696518066207058,-5.391024692323046,2381
powerout,Power Outage,Pick up,Picking up takeout,1,Not severe at all,3,Moderately severe,About the same,0.5394522947306609,0.5405714497852477,0.0011191550545868179,0.2074613576619583,2381
powerout,Power Outage,Pick up,Picking up takeout,1,Not severe at all,3,Moderately severe,Do more,0.2064862077267434,0.21906357073836286,0.012577363011619463,6.091139524565197,2381
powerout,Power Outage,Pick up,Picking up takeout,1,Not severe at all,4,Very severe,Do less,0.254061497542596,0.2069332738064946,-0.0471282237361014,-18.549927553741146,2381
powerout,Power Outage,Pick up,Picking up takeout,1,Not severe at all,4,Very severe,About the same,0.5394522947306609,0.5395656645148126,0.00011336978415166232,0.02101572006626941,2381
powerout,Power Outage,Pick up,Picking up takeout,1,Not severe at all,4,Very severe,Do more,0.2064862077267434,0.2535010616786929,0.047014853951949515,22.769004511026385,2381
powerout,Power Outage,Pick up,Picking up takeout,1,Not severe at all,5,Extremely severe,Do less,0.254061497542596,0.22562328912805207,-0.02843820841454392,-11.19343493194043,2381
powerout,Power Outage,Pick up,Picking up takeout,1,Not severe at all,5,Extremely severe,About the same,0.5394522947306609,0.5408272533807511,0.0013749586500901856,0.25488048962266036,2381
powerout,Power Outage,Pick up,Picking up takeout,1,Not severe at all,5,Extremely severe,Do more,0.2064862077267434,0.23354945749119713,0.027063249764453734,13.10656535484844,2381
powerout,Power Outage,Pick up,Picking up takeout,2,Slightly severe,1,Not severe at all,Do less,0.2682812964518964,0.254061497542596,-0.014219798909300418,-5.300331814912811,2381
powerout,Power Outage,Pick up,Picking up takeout,2,Slightly severe,1,Not severe at all,About the same,0.5374756002092204,0.5394522947306609,0.0019766945214405585,0.3677738153454968,2381
powerout,Power Outage,Pick up,Picking up takeout,2,Slightly severe,1,Not severe at all,Do more,0.1942431033388835,0.2064862077267434,0.012243104387859888,6.302980222932357,2381
powerout,Power Outage,Pick up,Picking up takeout,2,Slightly severe,3,Moderately severe,Do less,0.2682812964518964,0.24036497947638893,-0.027916316975507477,-10.405614310318853,2381
powerout,Power Outage,Pick up,Picking up takeout,2,Slightly severe,3,Moderately severe,About the same,0.5374756002092204,0.5405714497852477,0.0030958495760273763,0.575998161557896,2381
powerout,Power Outage,Pick up,Picking up takeout,2,Slightly severe,3,Moderately severe,Do more,0.1942431033388835,0.21906357073836286,0.02482046739947935,12.778043067082114,2381
powerout,Power Outage,Pick up,Picking up takeout,2,Slightly severe,4,Very severe,Do less,0.2682812964518964,0.2069332738064946,-0.06134802264540182,-22.867051656879735,2381
powerout,Power Outage,Pick up,Picking up takeout,2,Slightly severe,4,Very severe,About the same,0.5374756002092204,0.5395656645148126,0.002090064305592221,0.3888668257272762,2381
powerout,Power Outage,Pick up,Picking up takeout,2,Slightly severe,4,Very severe,Do more,0.1942431033388835,0.2535010616786929,0.0592579583398094,30.50711058524731,2381
powerout,Power Outage,Pick up,Picking up takeout,2,Slightly severe,5,Extremely severe,Do less,0.2682812964518964,0.22562328912805207,-0.04265800732384434,-15.900477553974039,2381
powerout,Power Outage,Pick up,Picking up takeout,2,Slightly severe,5,Extremely severe,About the same,0.5374756002092204,0.5408272533807511,0.003351653171530744,0.6235916886694137,2381
powerout,Power Outage,Pick up,Picking up takeout,2,Slightly severe,5,Extremely severe,Do more,0.1942431033388835,0.23354945749119713,0.03930635415231362,20.2356498000026,2381
powerout,Power Outage,Pick up,Picking up takeout,3,Moderately severe,1,Not severe at all,Do less,0.24036497947638893,0.254061497542596,0.013696518066207058,5.698216976551057,2381
powerout,Power Outage,Pick up,Picking up takeout,3,Moderately severe,1,Not severe at all,About the same,0.5405714497852477,0.5394522947306609,-0.0011191550545868179,-0.20703184658224616,2381
powerout,Power Outage,Pick up,Picking up takeout,3,Moderately severe,1,Not severe at all,Do more,0.21906357073836286,0.2064862077267434,-0.012577363011619463,-5.741421528566772,2381
powerout,Power Outage,Pick up,Picking up takeout,3,Moderately severe,2,Slightly severe,Do less,0.24036497947638893,0.2682812964518964,0.027916316975507477,11.614136566949304,2381
powerout,Power Outage,Pick up,Picking up takeout,3,Moderately severe,2,Slightly severe,About the same,0.5405714497852477,0.5374756002092204,-0.0030958495760273763,-0.5726994234078143,2381
powerout,Power Outage,Pick up,Picking up takeout,3,Moderately severe,2,Slightly severe,Do more,0.21906357073836286,0.1942431033388835,-0.02482046739947935,-11.330257840598936,2381
powerout,Power Outage,Pick up,Picking up takeout,3,Moderately severe,4,Very severe,Do less,0.24036497947638893,0.2069332738064946,-0.03343170566989434,-13.90872569819529,2381
powerout,Power Outage,Pick up,Picking up takeout,3,Moderately severe,4,Very severe,About the same,0.5405714497852477,0.5395656645148126,-0.0010057852704351555,-0.18605963574930248,2381
powerout,Power Outage,Pick up,Picking up takeout,3,Moderately severe,4,Very severe,Do more,0.21906357073836286,0.2535010616786929,0.03443749094033005,15.720318455623206,2381
powerout,Power Outage,Pick up,Picking up takeout,3,Moderately severe,5,Extremely severe,Do less,0.24036497947638893,0.22562328912805207,-0.014741690348336861,-6.1330441649404,2381
powerout,Power Outage,Pick up,Picking up takeout,3,Moderately severe,5,Extremely severe,About the same,0.5405714497852477,0.5408272533807511,0.00025580359550336773,0.04732095925617059,2381
powerout,Power Outage,Pick up,Picking up takeout,3,Moderately severe,5,Extremely severe,Do more,0.21906357073836286,0.23354945749119713,0.01448588675283427,6.612640661342726,2381
powerout,Power Outage,Pick up,Picking up takeout,4,Very severe,1,Not severe at all,Do less,0.2069332738064946,0.254061497542596,0.0471282237361014,22.774599207361636,2381
powerout,Power Outage,Pick up,Picking up takeout,4,Very severe,1,Not severe at all,About the same,0.5395656645148126,0.5394522947306609,-0.00011336978415166232,-0.021011304389356673,2381
powerout,Power Outage,Pick up,Picking up takeout,4,Very severe,1,Not severe at all,Do more,0.2535010616786929,0.2064862077267434,-0.047014853951949515,-18.54621579910376,2381
powerout,Power Outage,Pick up,Picking up takeout,4,Very severe,2,Slightly severe,Do less,0.2069332738064946,0.2682812964518964,0.06134802264540182,29.64628235803633,2381
powerout,Power Outage,Pick up,Picking up takeout,4,Very severe,2,Slightly severe,About the same,0.5395656645148126,0.5374756002092204,-0.002090064305592221,-0.38736050921098647,2381
powerout,Power Outage,Pick up,Picking up takeout,4,Very severe,2,Slightly severe,Do more,0.2535010616786929,0.1942431033388835,-0.0592579583398094,-23.375822549775975,2381
powerout,Power Outage,Pick up,Picking up takeout,4,Very severe,3,Moderately severe,Do less,0.2069332738064946,0.24036497947638893,0.03343170566989434,16.155790248192115,2381
powerout,Power Outage,Pick up,Picking up takeout,4,Very severe,3,Moderately severe,About the same,0.5395656645148126,0.5405714497852477,0.0010057852704351555,0.18640646293525298,2381
powerout,Power Outage,Pick up,Picking up takeout,4,Very severe,3,Moderately severe,Do more,0.2535010616786929,0.21906357073836286,-0.03443749094033005,-13.58475215538893,2381
powerout,Power Outage,Pick up,Picking up takeout,4,Very severe,5,Extremely severe,Do less,0.2069332738064946,0.22562328912805207,0.01869001532155748,9.031904332134957,2381
powerout,Power Outage,Pick up,Picking up takeout,4,Very severe,5,Extremely severe,About the same,0.5395656645148126,0.5408272533807511,0.0012615888659385233,0.23381563151780002,2381
powerout,Power Outage,Pick up,Picking up takeout,4,Very severe,5,Extremely severe,Do more,0.2535010616786929,0.23354945749119713,-0.01995160418749578,-7.870422338816081,2381
powerout,Power Outage,Pick up,Picking up takeout,5,Extremely severe,1,Not severe at all,Do less,0.22562328912805207,0.254061497542596,0.02843820841454392,12.604287671031985,2381
powerout,Power Outage,Pick up,Picking up takeout,5,Extremely severe,1,Not severe at all,About the same,0.5408272533807511,0.5394522947306609,-0.0013749586500901856,-0.25423250058040114,2381
powerout,Power Outage,Pick up,Picking up takeout,5,Extremely severe,1,Not severe at all,Do more,0.23354945749119713,0.2064862077267434,-0.027063249764453734,-11.587802453137273,2381
powerout,Power Outage,Pick up,Picking up takeout,5,Extremely severe,2,Slightly severe,Do less,0.22562328912805207,0.2682812964518964,0.04265800732384434,18.9067394100588,2381
powerout,Power Outage,Pick up,Picking up takeout,5,Extremely severe,2,Slightly severe,About the same,0.5408272533807511,0.5374756002092204,-0.003351653171530744,-0.6197271218451571,2381
powerout,Power Outage,Pick up,Picking up takeout,5,Extremely severe,2,Slightly severe,Do more,0.23354945749119713,0.1942431033388835,-0.03930635415231362,-16.829991631984477,2381
powerout,Power Outage,Pick up,Picking up takeout,5,Extremely severe,3,Moderately severe,Do less,0.22562328912805207,0.24036497947638893,0.014741690348336861,6.533762718072176,2381
powerout,Power Outage,Pick up,Picking up takeout,5,Extremely severe,3,Moderately severe,About the same,0.5408272533807511,0.5405714497852477,-0.00025580359550336773,-0.04729857711576489,2381
powerout,Power Outage,Pick up,Picking up takeout,5,Extremely severe,3,Moderately severe,Do more,0.23354945749119713,0.21906357073836286,-0.01448588675283427,-6.202492143823656,2381
powerout,Power Outage,Pick up,Picking up takeout,5,Extremely severe,4,Very severe,Do less,0.22562328912805207,0.2069332738064946,-0.01869001532155748,-8.28372611435072,2381
powerout,Power Outage,Pick up,Picking up takeout,5,Extremely severe,4,Very severe,About the same,0.5408272533807511,0.5395656645148126,-0.0012615888659385233,-0.2332702093047712,2381
powerout,Power Outage,Pick up,Picking up takeout,5,Extremely severe,4,Very severe,Do more,0.23354945749119713,0.2535010616786929,0.01995160418749578,8.54277479460546,2381
powerout,Power Outage,Transit,Taking public transit,1,Not severe at all,2,Slightly severe,Do less,0.21022163668943283,0.23585286379148837,0.025631227102055537,12.19247814149662,2381
powerout,Power Outage,Transit,Taking public transit,1,Not severe at all,2,Slightly severe,About the same,0.6871193192841577,0.6759647276986555,-0.01115459158550225,-1.6233849452993296,2381
powerout,Power Outage,Transit,Taking public transit,1,Not severe at all,2,Slightly severe,Do more,0.10265904402640744,0.08818240850985701,-0.014476635516550429,-14.101666008916409,2381
powerout,Power Outage,Transit,Taking public transit,1,Not severe at all,3,Moderately severe,Do less,0.21022163668943283,0.2258015976754802,0.015579960986047359,7.411207158026334,2381
powerout,Power Outage,Transit,Taking public transit,1,Not severe at all,3,Moderately severe,About the same,0.6871193192841577,0.680642361045329,-0.006476958238828656,-0.942624964405944,2381
powerout,Power Outage,Transit,Taking public transit,1,Not severe at all,3,Moderately severe,Do more,0.10265904402640744,0.09355604127919033,-0.009103002747217107,-8.867219477394999,2381
powerout,Power Outage,Transit,Taking public transit,1,Not severe at all,4,Very severe,Do less,0.21022163668943283,0.21436687748689182,0.004145240797458982,1.971843080825633,2381
powerout,Power Outage,Transit,Taking public transit,1,Not severe at all,4,Very severe,About the same,0.6871193192841577,0.6854942949890146,-0.001625024295143107,-0.23649812332973852,2381
powerout,Power Outage,Transit,Taking public transit,1,Not severe at all,4,Very severe,Do more,0.10265904402640744,0.10013882752409234,-0.002520216502315098,-2.454938604013117,2381
powerout,Power Outage,Transit,Taking public transit,1,Not severe at all,5,Extremely severe,Do less,0.21022163668943283,0.16902960222905006,-0.041192034460382776,-19.594574140452103,2381
powerout,Power Outage,Transit,Taking public transit,1,Not severe at all,5,Extremely severe,About the same,0.6871193192841577,0.698544662874539,0.011425343590381276,1.6627888737409133,2381
powerout,Power Outage,Transit,Taking public transit,1,Not severe at all,5,Extremely severe,Do more,0.10265904402640744,0.13242573489641166,0.02976669087000422,28.995682896040996,2381
powerout,Power Outage,Transit,Taking public transit,2,Slightly severe,1,Not severe at all,Do less,0.23585286379148837,0.21022163668943283,-0.025631227102055537,-10.867464863481779,2381
powerout,Power Outage,Transit,Taking public transit,2,Slightly severe,1,Not severe at all,About the same,0.6759647276986555,0.6871193192841577,0.01115459158550225,1.650173615342095,2381
powerout,Power Outage,Transit,Taking public transit,2,Slightly severe,1,Not severe at all,Do more,0.08818240850985701,0.10265904402640744,0.014476635516550429,16.416693262502843,2381
powerout,Power Outage,Transit,Taking public transit,2,Slightly severe,3,Moderately severe,Do less,0.23585286379148837,0.2258015976754802,-0.010051266116008178,-4.261668039313804,2381
powerout,Power Outage,Transit,Taking public transit,2,Slightly severe,3,Moderately severe,About the same,0.6759647276986555,0.680642361045329,0.004677633346673593,0.6919937024818962,2381
powerout,Power Outage,Transit,Taking public transit,2,Slightly severe,3,Moderately severe,Do more,0.08818240850985701,0.09355604127919033,0.0053736327693333225,6.093769562591,2381
powerout,Power Outage,Transit,Taking public transit,2,Slightly severe,4,Very severe,Do less,0.23585286379148837,0.21436687748689182,-0.021485986304596555,-9.109911136627867,2381
powerout,Power Outage,Transit,Taking public transit,2,Slightly severe,4,Very severe,About the same,0.6759647276986555,0.6854942949890146,0.009529567290359142,1.4097728623803898,2381
powerout,Power Outage,Transit,Taking public transit,2,Slightly severe,4,Very severe,Do more,0.08818240850985701,0.10013882752409234,0.011956419014235331,13.558734918086124,2381
powerout,Power Outage,Transit,Taking public transit,2,Slightly severe,5,Extremely severe,Do less,0.23585286379148837,0.16902960222905006,-0.06682326156243831,-28.33260554407136,2381
powerout,Power Outage,Transit,Taking public transit,2,Slightly severe,5,Extremely severe,About the same,0.6759647276986555,0.698544662874539,0.022579935175883525,3.340401392356325,2381
powerout,Power Outage,Transit,Taking public transit,2,Slightly severe,5,Extremely severe,Do more,0.08818240850985701,0.13242573489641166,0.04424332638655465,50.17250847895489,2381
powerout,Power Outage,Transit,Taking public transit,3,Moderately severe,1,Not severe at all,Do less,0.2258015976754802,0.21022163668943283,-0.015579960986047359,-6.899845327241096,2381
powerout,Power Outage,Transit,Taking public transit,3,Moderately severe,1,Not severe at all,About the same,0.680642361045329,0.6871193192841577,0.006476958238828656,0.9515949358311108,2381
powerout,Power Outage,Transit,Taking public transit,3,Moderately severe,1,Not severe at all,Do more,0.09355604127919033,0.10265904402640744,0.009103002747217107,9.729999925982211,2381
powerout,Power Outage,Transit,Taking public transit,3,Moderately severe,2,Slightly severe,Do less,0.2258015976754802,0.23585286379148837,0.010051266116008178,4.451370680934578,2381
powerout,Power Outage,Transit,Taking public transit,3,Moderately severe,2,Slightly severe,About the same,0.680642361045329,0.6759647276986555,-0.004677633346673593,-0.6872380583967319,2381
powerout,Power Outage,Transit,Taking public transit,3,Moderately severe,2,Slightly severe,Do more,0.09355604127919033,0.08818240850985701,-0.0053736327693333225,-5.743758175164023,2381
powerout,Power Outage,Transit,Taking public transit,3,Moderately severe,4,Very severe,Do less,0.2258015976754802,0.21436687748689182,-0.011434720188588376,-5.064056369088337,2381
powerout,Power Outage,Transit,Taking public transit,3,Moderately severe,4,Very severe,About the same,0.680642361045329,0.6854942949890146,0.004851933943685549,0.7128463083364308,2381
powerout,Power Outage,Transit,Taking public transit,3,Moderately severe,4,Very severe,Do more,0.09355604127919033,0.10013882752409234,0.006582786244902009,7.036195797615711,2381
powerout,Power Outage,Transit,Taking public transit,3,Moderately severe,5,Extremely severe,Do less,0.2258015976754802,0.16902960222905006,-0.056771995446430135,-25.142424159470423,2381
powerout,Power Outage,Transit,Taking public transit,3,Moderately severe,5,Extremely severe,About the same,0.680642361045329,0.698544662874539,0.017902301829209932,2.6302068242881056,2381
powerout,Power Outage,Transit,Taking public transit,3,Moderately severe,5,Extremely severe,Do more,0.09355604127919033,0.13242573489641166,0.038869693617221326,41.54696274634604,2381
powerout,Power Outage,Transit,Taking public transit,4,Very severe,1,Not severe at all,Do less,0.21436687748689182,0.21022163668943283,-0.004145240797458982,-1.9337132891309,2381
powerout,Power Outage,Transit,Taking public transit,4,Very severe,1,Not severe at all,About the same,0.6854942949890146,0.6871193192841577,0.001625024295143107,0.23705876285507946,2381
powerout,Power Outage,Transit,Taking public transit,4,Very severe,1,Not severe at all,Do more,0.10013882752409234,0.10265904402640744,0.002520216502315098,2.5167225986431294,2381
powerout,Power Outage,Transit,Taking public transit,4,Very severe,2,Slightly severe,Do less,0.21436687748689182,0.23585286379148837,0.021485986304596555,10.02299728226922,2381
powerout,Power Outage,Transit,Taking public transit,4,Very severe,2,Slightly severe,About the same,0.6854942949890146,0.6759647276986555,-0.009529567290359142,-1.3901745587119523,2381
powerout,Power Outage,Transit,Taking public transit,4,Very severe,2,Slightly severe,Do more,0.10013882752409234,0.08818240850985701,-0.011956419014235331,-11.939843225504857,2381
powerout,Power Outage,Transit,Taking public transit,4,Very severe,3,Moderately severe,Do less,0.21436687748689182,0.2258015976754802,0.011434720188588376,5.334182371195658,2381
powerout,Power Outage,Transit,Taking public transit,4,Very severe,3,Moderately severe,About the same,0.6854942949890146,0.680642361045329,-0.004851933943685549,-0.7078007766298484,2381
powerout,Power Outage,Transit,Taking public transit,4,Very severe,3,Moderately severe,Do more,0.10013882752409234,0.09355604127919033,-0.006582786244902009,-6.573660195210754,2381
powerout,Power Outage,Transit,Taking public transit,4,Very severe,5,Extremely severe,Do less,0.21436687748689182,0.16902960222905006,-0.04533727525784176,-21.149384545480473,2381
powerout,Power Outage,Transit,Taking public transit,4,Very severe,5,Extremely severe,About the same,0.6854942949890146,0.698544662874539,0.013050367885524383,1.9037894233289747,2381
powerout,Power Outage,Transit,Taking public transit,4,Very severe,5,Extremely severe,Do more,0.10013882752409234,0.13242573489641166,0.03228690737231932,32.242146398759694,2381
powerout,Power Outage,Transit,Taking public transit,5,Extremely severe,1,Not severe at all,Do less,0.16902960222905006,0.21022163668943283,0.041192034460382776,24.36971626103925,2381
powerout,Power Outage,Transit,Taking public transit,5,Extremely severe,1,Not severe at all,About the same,0.698544662874539,0.6871193192841577,-0.011425343590381276,-1.6355924248802551,2381
powerout,Power Outage,Transit,Taking public transit,5,Extremely severe,1,Not severe at all,Do more,0.13242573489641166,0.10265904402640744,-0.02976669087000422,-22.478025810684635,2381
powerout,Power Outage,Transit,Taking public transit,5,Extremely severe,2,Slightly severe,Do less,0.16902960222905006,0.23585286379148837,0.06682326156243831,39.53346673080783,2381
powerout,Power Outage,Transit,Taking public transit,5,Extremely severe,2,Slightly severe,About the same,0.698544662874539,0.6759647276986555,-0.022579935175883525,-3.232425408987623,2381
powerout,Power Outage,Transit,Taking public transit,5,Extremely severe,2,Slightly severe,Do more,0.13242573489641166,0.08818240850985701,-0.04424332638655465,-33.409915694380274,2381
powerout,Power Outage,Transit,Taking public transit,5,Extremely severe,3,Moderately severe,Do less,0.16902960222905006,0.2258015976754802,0.056771995446430135,33.58701357499444,2381
powerout,Power Outage,Transit,Taking public transit,5,Extremely severe,3,Moderately severe,About the same,0.698544662874539,0.680642361045329,-0.017902301829209932,-2.5627998867733455,2381
powerout,Power Outage,Transit,Taking public transit,5,Extremely severe,3,Moderately severe,Do more,0.13242573489641166,0.09355604127919033,-0.038869693617221326,-29.35206940526073,2381
powerout,Power Outage,Transit,Taking public transit,5,Extremely severe,4,Very severe,Do less,0.16902960222905006,0.21436687748689182,0.04533727525784176,26.822091905775025,2381
powerout,Power Outage,Transit,Taking public transit,5,Extremely severe,4,Very severe,About the same,0.698544662874539,0.6854942949890146,-0.013050367885524383,-1.8682224028198284,2381
powerout,Power Outage,Transit,Taking public transit,5,Extremely severe,4,Very severe,Do more,0.13242573489641166,0.10013882752409234,-0.03228690737231932,-24.381142681651223,2381
powerout,Power Outage,Usual,Go about business as usual,1,Not severe at all,2,Slightly severe,Do less,0.16918468605773265,0.29100650046758275,0.1218218144098501,72.00522532416413,2381
powerout,Power Outage,Usual,Go about business as usual,1,Not severe at all,2,Slightly severe,About the same,0.19561547258016734,0.23317027622614395,0.0375548036459766,19.198278720302074,2381
powerout,Power Outage,Usual,Go about business as usual,1,Not severe at all,2,Slightly severe,Do more,0.635199841362099,0.4758232233062728,-0.15937661805582615,-25.090783668028767,2381
powerout,Power Outage,Usual,Go about business as usual,1,Not severe at all,3,Moderately severe,Do less,0.16918468605773265,0.3318737653039596,0.16268907924622697,96.1606413896769,2381
powerout,Power Outage,Usual,Go about business as usual,1,Not severe at all,3,Moderately severe,About the same,0.19561547258016734,0.23803847713032067,0.042423004550153326,21.686937127515556,2381
powerout,Power Outage,Usual,Go about business as usual,1,Not severe at all,3,Moderately severe,Do more,0.635199841362099,0.4300877575657194,-0.20511208379637957,-32.29095324654755,2381
powerout,Power Outage,Usual,Go about business as usual,1,Not severe at all,4,Very severe,Do less,0.16918468605773265,0.4162456336015251,0.24706094754379246,146.03032538032744,2381
powerout,Power Outage,Usual,Go about business as usual,1,Not severe at all,4,Very severe,About the same,0.19561547258016734,0.23881290260692725,0.04319743002675991,22.082828856524472,2381
powerout,Power Outage,Usual,Go about business as usual,1,Not severe at all,4,Very severe,Do more,0.635199841362099,0.3449414637915478,-0.2902583775705512,-45.695599820700814,2381
powerout,Power Outage,Usual,Go about business as usual,1,Not severe at all,5,Extremely severe,Do less,0.16918468605773265,0.47357392237955265,0.30438923632182,179.9153596076362,2381
powerout,Power Outage,Usual,Go about business as usual,1,Not severe at all,5,Extremely severe,About the same,0.19561547258016734,0.23319994180379017,0.037584469223622824,19.213443971422002,2381
powerout,Power Outage,Usual,Go about business as usual,1,Not severe at all,5,Extremely severe,Do more,0.635199841362099,0.2932261358166561,-0.3419737055454429,-53.83718371404614,2381
powerout,Power Outage,Usual,Go about business as usual,2,Slightly severe,1,Not severe at all,Do less,0.29100650046758275,0.16918468605773265,-0.1218218144098501,-41.862231329578385,2381
powerout,Power Outage,Usual,Go about business as usual,2,Slightly severe,1,Not severe at all,About the same,0.23317027622614395,0.19561547258016734,-0.0375548036459766,-16.10617110113704,2381
powerout,Power Outage,Usual,Go about business as usual,2,Slightly severe,1,Not severe at all,Do more,0.4758232233062728,0.635199841362099,0.15937661805582615,33.49492211590528,2381
powerout,Power Outage,Usual,Go about business as usual,2,Slightly severe,3,Moderately severe,Do less,0.29100650046758275,0.3318737653039596,0.04086726483637687,14.043419913545662,2381
powerout,Power Outage,Usual,Go about business as usual,2,Slightly severe,3,Moderately severe,About the same,0.23317027622614395,0.23803847713032067,0.004868200904176723,2.087830826024849,2381
powerout,Power Outage,Usual,Go about business as usual,2,Slightly severe,3,Moderately severe,Do more,0.4758232233062728,0.4300877575657194,-0.04573546574055343,-9.611860771056758,2381
powerout,Power Outage,Usual,Go about business as usual,2,Slightly severe,4,Very severe,Do less,0.29100650046758275,0.4162456336015251,0.12523913313394236,43.03654142870036,2381
powerout,Power Outage,Usual,Go about business as usual,2,Slightly severe,4,Very severe,About the same,0.23317027622614395,0.23881290260692725,0.0056426263807833055,2.419959555784337,2381
powerout,Power Outage,Usual,Go about business as usual,2,Slightly severe,4,Very severe,Do more,0.4758232233062728,0.3449414637915478,-0.13088175951472503,-27.506383275135033,2381
powerout,Power Outage,Usual,Go about business as usual,2,Slightly severe,5,Extremely severe,Do less,0.29100650046758275,0.47357392237955265,0.1825674219119699,62.7365442416663,2381
powerout,Power Outage,Usual,Go about business as usual,2,Slightly severe,5,Extremely severe,About the same,0.23317027622614395,0.23319994180379017,2.9665577646220687e-05,0.012722709826637186,2381
powerout,Power Outage,Usual,Go about business as usual,2,Slightly severe,5,Extremely severe,Do more,0.4758232233062728,0.2932261358166561,-0.18259708748961673,-38.37498435255746,2381
powerout,Power Outage,Usual,Go about business as usual,3,Moderately severe,1,Not severe at all,Do less,0.3318737653039596,0.16918468605773265,-0.16268907924622697,-49.02137386401175,2381
powerout,Power Outage,Usual,Go about business as usual,3,Moderately severe,1,Not severe at all,About the same,0.23803847713032067,0.19561547258016734,-0.042423004550153326,-17.82191058419841,2381
powerout,Power Outage,Usual,Go about business as usual,3,Moderately severe,1,Not severe at all,Do more,0.4300877575657194,0.635199841362099,0.20511208379637957,47.69075152413226,2381
powerout,Power Outage,Usual,Go about business as usual,3,Moderately severe,2,Slightly severe,Do less,0.3318737653039596,0.29100650046758275,-0.04086726483637687,-12.314099247630189,2381
powerout,Power Outage,Usual,Go about business as usual,3,Moderately severe,2,Slightly severe,About the same,0.23803847713032067,0.23317027622614395,-0.004868200904176723,-2.045131931133761,2381
powerout,Power Outage,Usual,Go about business as usual,3,Moderately severe,2,Slightly severe,Do more,0.4300877575657194,0.4758232233062728,0.04573546574055343,10.633984561526338,2381
powerout,Power Outage,Usual,Go about business as usual,3,Moderately severe,4,Very severe,Do less,0.3318737653039596,0.4162456336015251,0.08437186829756549,25.422879756792526,2381
powerout,Power Outage,Usual,Go about business as usual,3,Moderately severe,4,Very severe,About the same,0.23803847713032067,0.23881290260692725,0.0007744254766065828,0.32533625905470837,2381
powerout,Power Outage,Usual,Go about business as usual,3,Moderately severe,4,Very severe,Do more,0.4300877575657194,0.3449414637915478,-0.0851462937741716,-19.797423264520813,2381
powerout,Power Outage,Usual,Go about business as usual,3,Moderately severe,5,Extremely severe,Do less,0.3318737653039596,0.47357392237955265,0.14170015707559303,42.6970046715839,2381
powerout,Power Outage,Usual,Go about business as usual,3,Moderately severe,5,Extremely severe,About the same,0.23803847713032067,0.23319994180379017,-0.004838535326530502,-2.0326694175082936,2381
powerout,Power Outage,Usual,Go about business as usual,3,Moderately severe,5,Extremely severe,Do more,0.4300877575657194,0.2932261358166561,-0.1368616217490633,-31.82178970257023,2381
powerout,Power Outage,Usual,Go about business as usual,4,Very severe,1,Not severe at all,Do less,0.4162456336015251,0.16918468605773265,-0.24706094754379246,-59.354604012568615,2381
powerout,Power Outage,Usual,Go about business as usual,4,Very severe,1,Not severe at all,About the same,0.23881290260692725,0.19561547258016734,-0.04319743002675991,-18.088398723523106,2381
powerout,Power Outage,Usual,Go about business as usual,4,Very severe,1,Not severe at all,Do more,0.3449414637915478,0.635199841362099,0.2902583775705512,84.14714032348334,2381
powerout,Power Outage,Usual,Go about business as usual,4,Very severe,2,Slightly severe,Do less,0.4162456336015251,0.29100650046758275,-0.12523913313394236,-30.08779504791987,2381
powerout,Power Outage,Usual,Go about business as usual,4,Very severe,2,Slightly severe,About the same,0.23881290260692725,0.23317027622614395,-0.0056426263807833055,-2.3627812062025617,2381
powerout,Power Outage,Usual,Go about business as usual,4,Very severe,2,Slightly severe,Do more,0.3449414637915478,0.4758232233062728,0.13088175951472503,37.94317971405677,2381
powerout,Power Outage,Usual,Go about business as usual,4,Very severe,3,Moderately severe,Do less,0.4162456336015251,0.3318737653039596,-0.08437186829756549,-20.26973053568059,2381
powerout,Power Outage,Usual,Go about business as usual,4,Very severe,3,Moderately severe,About the same,0.23881290260692725,0.23803847713032067,-0.0007744254766065828,-0.32428125455233214,2381
powerout,Power Outage,Usual,Go about business as usual,4,Very severe,3,Moderately severe,Do more,0.3449414637915478,0.4300877575657194,0.0851462937741716,24.684273336773025,2381
powerout,Power Outage,Usual,Go about business as usual,4,Very severe,5,Extremely severe,Do less,0.4162456336015251,0.47357392237955265,0.057328288778027536,13.772706342166297,2381
powerout,Power Outage,Usual,Go about business as usual,4,Very severe,5,Extremely severe,About the same,0.23881290260692725,0.23319994180379017,-0.005612960803137085,-2.3503591061726286,2381
powerout,Power Outage,Usual,Go about business as usual,4,Very severe,5,Extremely severe,Do more,0.3449414637915478,0.2932261358166561,-0.0517153279748917,-14.992493916632732,2381
powerout,Power Outage,Usual,Go about business as usual,5,Extremely severe,1,Not severe at all,Do less,0.47357392237955265,0.16918468605773265,-0.30438923632182,-64.27491505283159,2381
powerout,Power Outage,Usual,Go about business as usual,5,Extremely severe,1,Not severe at all,About the same,0.23319994180379017,0.19561547258016734,-0.037584469223622824,-16.116843311755908,2381
powerout,Power Outage,Usual,Go about business as usual,5,Extremely severe,1,Not severe at all,Do more,0.2932261358166561,0.635199841362099,0.3419737055454429,116.62456506239502,2381
powerout,Power Outage,Usual,Go about business as usual,5,Extremely severe,2,Slightly severe,Do less,0.47357392237955265,0.29100650046758275,-0.1825674219119699,-38.5509871393739,2381
powerout,Power Outage,Usual,Go about business as usual,5,Extremely severe,2,Slightly severe,About the same,0.23319994180379017,0.23317027622614395,-2.9665577646220687e-05,-0.012721091359096787,2381
powerout,Power Outage,Usual,Go about business as usual,5,Extremely severe,2,Slightly severe,Do more,0.2932261358166561,0.4758232233062728,0.18259708748961673,62.271764070781266,2381
powerout,Power Outage,Usual,Go about business as usual,5,Extremely severe,3,Moderately severe,Do less,0.47357392237955265,0.3318737653039596,-0.14170015707559303,-29.921444230627504,2381
powerout,Power Outage,Usual,Go about business as usual,5,Extremely severe,3,Moderately severe,About the same,0.23319994180379017,0.23803847713032067,0.004838535326530502,2.07484413979895,2381
powerout,Power Outage,Usual,Go about business as usual,5,Extremely severe,3,Moderately severe,Do more,0.2932261358166561,0.4300877575657194,0.1368616217490633,46.67442803756007,2381
powerout,Power Outage,Usual,Go about business as usual,5,Extremely severe,4,Very severe,Do less,0.47357392237955265,0.4162456336015251,-0.057328288778027536,-12.105457262083142,2381
powerout,Power Outage,Usual,Go about business as usual,5,Extremely severe,4,Very severe,About the same,0.23319994180379017,0.23881290260692725,0.005612960803137085,2.4069306191592963,2381
powerout,Power Outage,Usual,Go about business as usual,5,Extremely severe,4,Very severe,Do more,0.2932261358166561,0.3449414637915478,0.0517153279748917,17.636670698149317,2381
earthquake,Earthquakes,Car,Using a car for traveling,1,Not severe at all,2,Slightly severe,Do less,0.3135535770677792,0.389227499164863,0.07567392209708379,24.134287608757134,611
earthquake,Earthquakes,Car,Using a car for traveling,1,Not severe at all,2,Slightly severe,About the same,0.5328674108879329,0.5006427510120905,-0.03222465987584233,-6.047406769001959,611
earthquake,Earthquakes,Car,Using a car for traveling,1,Not severe at all,2,Slightly severe,Do more,0.15357901204428834,0.11012974982304585,-0.043449262221242485,-28.291145803641975,611
earthquake,Earthquakes,Car,Using a car for traveling,1,Not severe at all,3,Moderately severe,Do less,0.3135535770677792,0.2874660057738396,-0.026087571293939626,-8.319972471020613,611
earthquake,Earthquakes,Car,Using a car for traveling,1,Not severe at all,3,Moderately severe,About the same,0.5328674108879329,0.5405014745704642,0.007634063682531278,1.432638500037075,611
earthquake,Earthquakes,Car,Using a car for traveling,1,Not severe at all,3,Moderately severe,Do more,0.15357901204428834,0.1720325196556962,0.01845350761140785,12.015644172842002,611
earthquake,Earthquakes,Car,Using a car for traveling,1,Not severe at all,4,Very severe,Do less,0.3135535770677792,0.21080530349045817,-0.10274827357732103,-32.768968716025995,611
earthquake,Earthquakes,Car,Using a car for traveling,1,Not severe at all,4,Very severe,About the same,0.5328674108879329,0.5482564701974947,0.015389059309561803,2.887971565744386,611
earthquake,Earthquakes,Car,Using a car for traveling,1,Not severe at all,4,Very severe,Do more,0.15357901204428834,0.24093822631204734,0.087359214267759,56.882260866847346,611
earthquake,Earthquakes,Car,Using a car for traveling,1,Not severe at all,5,Extremely severe,Do less,0.3135535770677792,0.24784329245013828,-0.06571028461764092,-20.9566368950837,611
earthquake,Earthquakes,Car,Using a car for traveling,1,Not severe at all,5,Extremely severe,About the same,0.5328674108879329,0.5476510996377004,0.014783688749767543,2.7743653388622587,611
earthquake,Earthquakes,Car,Using a car for traveling,1,Not severe at all,5,Extremely severe,Do more,0.15357901204428834,0.20450560791216144,0.0509265958678731,33.15986682684685,611
earthquake,Earthquakes,Car,Using a car for traveling,2,Slightly severe,1,Not severe at all,Do less,0.389227499164863,0.3135535770677792,-0.07567392209708379,-19.442080084128637,611
earthquake,Earthquakes,Car,Using a car for traveling,2,Slightly severe,1,Not severe at all,About the same,0.5006427510120905,0.5328674108879329,0.03222465987584233,6.436657638744898,611
earthquake,Earthquakes,Car,Using a car for traveling,2,Slightly severe,1,Not severe at all,Do more,0.11012974982304585,0.15357901204428834,0.043449262221242485,39.452792992861454,611
earthquake,Earthquakes,Car,Using a car for traveling,2,Slightly severe,3,Moderately severe,Do less,0.389227499164863,0.2874660057738396,-0.10176149339102342,-26.144476844355967,611
earthquake,Earthquakes,Car,Using a car for traveling,2,Slightly severe,3,Moderately severe,About the same,0.5006427510120905,0.5405014745704642,0.03985872355837361,7.96151017423021,611
earthquake,Earthquakes,Car,Using a car for traveling,2,Slightly severe,3,Moderately severe,Do more,0.11012974982304585,0.1720325196556962,0.061902769832650334,56.20894438797364,611
earthquake,Earthquakes,Car,Using a car for traveling,2,Slightly severe,4,Very severe,Do less,0.389227499164863,0.21080530349045817,-0.17842219567440482,-45.8400796596418,611
earthquake,Earthquakes,Car,Using a car for traveling,2,Slightly severe,4,Very severe,About the same,0.5006427510120905,0.5482564701974947,0.047613719185404135,9.51051804688055,611
earthquake,Earthquakes,Car,Using a car for traveling,2,Slightly severe,4,Very severe,Do more,0.11012974982304585,0.24093822631204734,0.13080847648900149,118.77669448916552,611
earthquake,Earthquakes,Car,Using a car for traveling,2,Slightly severe,5,Extremely severe,Do less,0.389227499164863,0.24784329245013828,-0.1413842067147247,-36.324310851130114,611
earthquake,Earthquakes,Car,Using a car for traveling,2,Slightly severe,5,Extremely severe,About the same,0.5006427510120905,0.5476510996377004,0.047008348625609875,9.389599376117726,611
earthquake,Earthquakes,Car,Using a car for traveling,2,Slightly severe,5,Extremely severe,Do more,0.11012974982304585,0.20450560791216144,0.09437585808911558,85.69515343561272,611
earthquake,Earthquakes,Car,Using a car for traveling,3,Moderately severe,1,Not severe at all,Do less,0.2874660057738396,0.3135535770677792,0.026087571293939626,9.075010877795307,611
earthquake,Earthquakes,Car,Using a car for traveling,3,Moderately severe,1,Not severe at all,About the same,0.5405014745704642,0.5328674108879329,-0.007634063682531278,-1.4124038585830054,611
earthquake,Earthquakes,Car,Using a car for traveling,3,Moderately severe,1,Not severe at all,Do more,0.1720325196556962,0.15357901204428834,-0.01845350761140785,-10.726755411325996,611
earthquake,Earthquakes,Car,Using a car for traveling,3,Moderately severe,2,Slightly severe,Do less,0.2874660057738396,0.389227499164863,0.10176149339102342,35.39948771232556,611
earthquake,Earthquakes,Car,Using a car for traveling,3,Moderately severe,2,Slightly severe,About the same,0.5405014745704642,0.5006427510120905,-0.03985872355837361,-7.37439682103537,611
earthquake,Earthquakes,Car,Using a car for traveling,3,Moderately severe,2,Slightly severe,Do more,0.1720325196556962,0.11012974982304585,-0.061902769832650334,-35.98317920154968,611
earthquake,Earthquakes,Car,Using a car for traveling,3,Moderately severe,4,Very severe,Do less,0.2874660057738396,0.21080530349045817,-0.0766607022833814,-26.66774531375139,611
earthquake,Earthquakes,Car,Using a car for traveling,3,Moderately severe,4,Very severe,About the same,0.5405014745704642,0.5482564701974947,0.007754995627030525,1.434777885332026,611
earthquake,Earthquakes,Car,Using a car for traveling,3,Moderately severe,4,Very severe,Do more,0.1720325196556962,0.24093822631204734,0.06890570665635115,40.053884459902235,611
earthquake,Earthquakes,Car,Using a car for traveling,3,Moderately severe,5,Extremely severe,Do less,0.2874660057738396,0.24784329245013828,-0.03962271332370129,-13.783443095137304,611
earthquake,Earthquakes,Car,Using a car for traveling,3,Moderately severe,5,Extremely severe,About the same,0.5405014745704642,0.5476510996377004,0.007149625067236265,1.322776237181973,611
earthquake,Earthquakes,Car,Using a car for traveling,3,Moderately severe,5,Extremely severe,Do more,0.1720325196556962,0.20450560791216144,0.03247308825646525,18.876133606283567,611
earthquake,Earthquakes,Car,Using a car for traveling,4,Very severe,1,Not severe at all,Do less,0.21080530349045817,0.3135535770677792,0.10274827357732103,48.7408389997986,611
earthquake,Earthquakes,Car,Using a car for traveling,4,Very severe,1,Not severe at all,About the same,0.5482564701974947,0.5328674108879329,-0.015389059309561803,-2.80690883666513,611
earthquake,Earthquakes,Car,Using a car for traveling,4,Very severe,1,Not severe at all,Do more,0.24093822631204734,0.15357901204428834,-0.087359214267759,-36.25793034377911,611
earthquake,Earthquakes,Car,Using a car for traveling,4,Very severe,2,Slightly severe,Do less,0.21080530349045817,0.389227499164863,0.17842219567440482,84.63838087568838,611
earthquake,Earthquakes,Car,Using a car for traveling,4,Very severe,2,Slightly severe,About the same,0.5482564701974947,0.5006427510120905,-0.047613719185404135,-8.684570410678887,611
earthquake,Earthquakes,Car,Using a car for traveling,4,Very severe,2,Slightly severe,Do more,0.24093822631204734,0.11012974982304585,-0.13080847648900149,-54.29129220847959,611
earthquake,Earthquakes,Car,Using a car for traveling,4,Very severe,3,Moderately severe,Do less,0.21080530349045817,0.2874660057738396,0.0766607022833814,36.365642141850266,611
earthquake,Earthquakes,Car,Using a car for traveling,4,Very severe,3,Moderately severe,About the same,0.5482564701974947,0.5405014745704642,-0.007754995627030525,-1.4144831932830626,611
earthquake,Earthquakes,Car,Using a car for traveling,4,Very severe,3,Moderately severe,Do more,0.24093822631204734,0.1720325196556962,-0.06890570665635115,-28.59891006548252,611
earthquake,Earthquakes,Car,Using a car for traveling,4,Very severe,5,Extremely severe,Do less,0.21080530349045817,0.24784329245013828,0.03703798895968011,17.569761455909756,611
earthquake,Earthquakes,Car,Using a car for traveling,4,Very severe,5,Extremely severe,About the same,0.5482564701974947,0.5476510996377004,-0.0006053705597942605,-0.11041740366077066,611
earthquake,Earthquakes,Car,Using a car for traveling,4,Very severe,5,Extremely severe,Do more,0.24093822631204734,0.20450560791216144,-0.0364326183998859,-15.12114493310031,611
earthquake,Earthquakes,Car,Using a car for traveling,5,Extremely severe,1,Not severe at all,Do less,0.24784329245013828,0.3135535770677792,0.06571028461764092,26.512835577690964,611
earthquake,Earthquakes,Car,Using a car for traveling,5,Extremely severe,1,Not severe at all,About the same,0.5476510996377004,0.5328674108879329,-0.014783688749767543,-2.699472120031845,611
earthquake,Earthquakes,Car,Using a car for traveling,5,Extremely severe,1,Not severe at all,Do more,0.20450560791216144,0.15357901204428834,-0.0509265958678731,-24.902297979890566,611
earthquake,Earthquakes,Car,Using a car for traveling,5,Extremely severe,2,Slightly severe,Do less,0.24784329245013828,0.389227499164863,0.1413842067147247,57.045807178004914,611
earthquake,Earthquakes,Car,Using a car for traveling,5,Extremely severe,2,Slightly severe,About the same,0.5476510996377004,0.5006427510120905,-0.047008348625609875,-8.583630829319677,611
earthquake,Earthquakes,Car,Using a car for traveling,5,Extremely severe,2,Slightly severe,Do more,0.20450560791216144,0.11012974982304585,-0.09437585808911558,-46.14829835358431,611
earthquake,Earthquakes,Car,Using a car for traveling,5,Extremely severe,3,Moderately severe,Do less,0.24784329245013828,0.2874660057738396,0.03962271332370129,15.987002485319504,611
earthquake,Earthquakes,Car,Using a car for traveling,5,Extremely severe,3,Moderately severe,About the same,0.5476510996377004,0.5405014745704642,-0.007149625067236265,-1.3055072968841133,611
earthquake,Earthquakes,Car,Using a car for traveling,5,Extremely severe,3,Moderately severe,Do more,0.20450560791216144,0.1720325196556962,-0.03247308825646525,-15.878825323173034,611
earthquake,Earthquakes,Car,Using a car for traveling,5,Extremely severe,4,Very severe,Do less,0.24784329245013828,0.21080530349045817,-0.03703798895968011,-14.944115934519994,611
earthquake,Earthquakes,Car,Using a car for traveling,5,Extremely severe,4,Very severe,About the same,0.5476510996377004,0.5482564701974947,0.0006053705597942605,0.11053945846082378,611
earthquake,Earthquakes,Car,Using a car for traveling,5,Extremely severe,4,Very severe,Do more,0.20450560791216144,0.24093822631204734,0.0364326183998859,17.814972788195774,611
earthquake,Earthquakes,Home,Staying at home,1,Not severe at all,2,Slightly severe,Do less,0.10558960282660887,0.06266811571099924,-0.04292148711560963,-40.64934990435753,611
earthquake,Earthquakes,Home,Staying at home,1,Not severe at all,2,Slightly severe,About the same,0.533868511364217,0.4672352967487904,-0.0666332146154266,-12.481203366940653,611
earthquake,Earthquakes,Home,Staying at home,1,Not severe at all,2,Slightly severe,Do more,0.3605418858091818,0.4700965875402097,0.10955470173102794,30.386123233684476,611
earthquake,Earthquakes,Home,Staying at home,1,Not severe at all,3,Moderately severe,Do less,0.10558960282660887,0.06397285371017725,-0.04161674911643162,-39.41368089505124,611
earthquake,Earthquakes,Home,Staying at home,1,Not severe at all,3,Moderately severe,About the same,0.533868511364217,0.4701004125221213,-0.06376809884209567,-11.944532686362477,611
earthquake,Earthquakes,Home,Staying at home,1,Not severe at all,3,Moderately severe,Do more,0.3605418858091818,0.4659267337676976,0.10538484795851583,29.229571405273884,611
earthquake,Earthquakes,Home,Staying at home,1,Not severe at all,4,Very severe,Do less,0.10558960282660887,0.06505196644399928,-0.040537636382609585,-38.391693213561354,611
earthquake,Earthquakes,Home,Staying at home,1,Not severe at all,4,Very severe,About the same,0.533868511364217,0.4724176303827821,-0.06145088098143486,-11.510489881564059,611
earthquake,Earthquakes,Home,Staying at home,1,Not severe at all,4,Very severe,Do more,0.3605418858091818,0.46253040317322014,0.10198851736403836,28.287564185542696,611
earthquake,Earthquakes,Home,Staying at home,1,Not severe at all,5,Extremely severe,Do less,0.10558960282660887,0.05439945018830481,-0.05119015263830406,-48.480296608714966,611
earthquake,Earthquakes,Home,Staying at home,1,Not severe at all,5,Extremely severe,About the same,0.533868511364217,0.4473055731546467,-0.08656293820957028,-16.21428055166099,611
earthquake,Earthquakes,Home,Staying at home,1,Not severe at all,5,Extremely severe,Do more,0.3605418858091818,0.49829497665705214,0.13775309084787035,38.20723645983721,611
earthquake,Earthquakes,Home,Staying at home,2,Slightly severe,1,Not severe at all,Do less,0.06266811571099924,0.10558960282660887,0.04292148711560963,68.49015105791067,611
earthquake,Earthquakes,Home,Staying at home,2,Slightly severe,1,Not severe at all,About the same,0.4672352967487904,0.533868511364217,0.0666332146154266,14.261168854127051,611
earthquake,Earthquakes,Home,Staying at home,2,Slightly severe,1,Not severe at all,Do more,0.4700965875402097,0.3605418858091818,-0.10955470173102794,-23.304721760324874,611
earthquake,Earthquakes,Home,Staying at home,2,Slightly severe,3,Moderately severe,Do less,0.06266811571099924,0.06397285371017725,0.0013047379991780045,2.081980580355957,611
earthquake,Earthquakes,Home,Staying at home,2,Slightly severe,3,Moderately severe,About the same,0.4672352967487904,0.4701004125221213,0.0028651157733309285,0.6132061925260243,611
earthquake,Earthquakes,Home,Staying at home,2,Slightly severe,3,Moderately severe,Do more,0.4700965875402097,0.4659267337676976,-0.004169853772512111,-0.8870206427855515,611
earthquake,Earthquakes,Home,Staying at home,2,Slightly severe,4,Very severe,Do less,0.06266811571099924,0.06505196644399928,0.0023838507330000425,3.8039291686915027,611
earthquake,Earthquakes,Home,Staying at home,2,Slightly severe,4,Very severe,About the same,0.4672352967487904,0.4724176303827821,0.005182333633991731,1.1091485746159324,611
earthquake,Earthquakes,Home,Staying at home,2,Slightly severe,4,Very severe,Do more,0.4700965875402097,0.46253040317322014,-0.007566184366989581,-1.6094957009962145,611
earthquake,Earthquakes,Home,Staying at home,2,Slightly severe,5,Extremely severe,Do less,0.06266811571099924,0.05439945018830481,-0.00826866552269443,-13.194373931436317,611
earthquake,Earthquakes,Home,Staying at home,2,Slightly severe,5,Extremely severe,About the same,0.4672352967487904,0.4473055731546467,-0.01992972359414369,-4.265457625488198,611
earthquake,Earthquakes,Home,Staying at home,2,Slightly severe,5,Extremely severe,Do more,0.4700965875402097,0.49829497665705214,0.028198389116842415,5.998424550237873,611
earthquake,Earthquakes,Home,Staying at home,3,Moderately severe,1,Not severe at all,Do less,0.06397285371017725,0.10558960282660887,0.04161674911643162,65.05376374949948,611
earthquake,Earthquakes,Home,Staying at home,3,Moderately severe,1,Not severe at all,About the same,0.4701004125221213,0.533868511364217,0.06376809884209567,13.56478257484936,611
earthquake,Earthquakes,Home,Staying at home,3,Moderately severe,1,Not severe at all,Do more,0.4659267337676976,0.3605418858091818,-0.10538484795851583,-22.61833037703708,611
earthquake,Earthquakes,Home,Staying at home,3,Moderately severe,2,Slightly severe,Do less,0.06397285371017725,0.06266811571099924,-0.0013047379991780045,-2.0395182073461853,611
earthquake,Earthquakes,Home,Staying at home,3,Moderately severe,2,Slightly severe,About the same,0.4701004125221213,0.4672352967487904,-0.0028651157733309285,-0.6094688915415716,611
earthquake,Earthquakes,Home,Staying at home,3,Moderately severe,2,Slightly severe,Do more,0.4659267337676976,0.4700965875402097,0.004169853772512111,0.8949591148790191,611
earthquake,Earthquakes,Home,Staying at home,3,Moderately severe,4,Very severe,Do less,0.06397285371017725,0.06505196644399928,0.001079112733822038,1.6868291333553018,611
earthquake,Earthquakes,Home,Staying at home,3,Moderately severe,4,Very severe,About the same,0.4701004125221213,0.4724176303827821,0.002317217860660803,0.4929197675511001,611
earthquake,Earthquakes,Home,Staying at home,3,Moderately severe,4,Very severe,Do more,0.4659267337676976,0.46253040317322014,-0.00339633059447747,-0.7289409145968467,611
earthquake,Earthquakes,Home,Staying at home,3,Moderately severe,5,Extremely severe,Do less,0.06397285371017725,0.05439945018830481,-0.009573403521872435,-14.964790480105519,611
earthquake,Earthquakes,Home,Staying at home,3,Moderately severe,5,Extremely severe,About the same,0.4701004125221213,0.4473055731546467,-0.022794839367474617,-4.848929879720531,611
earthquake,Earthquakes,Home,Staying at home,3,Moderately severe,5,Extremely severe,Do more,0.4659267337676976,0.49829497665705214,0.032368242889354526,6.947067112378387,611
earthquake,Earthquakes,Home,Staying at home,4,Very severe,1,Not severe at all,Do less,0.06505196644399928,0.10558960282660887,0.040537636382609585,62.315773985874614,611
earthquake,Earthquakes,Home,Staying at home,4,Very severe,1,Not severe at all,About the same,0.4724176303827821,0.533868511364217,0.06145088098143486,13.007745060582,611
earthquake,Earthquakes,Home,Staying at home,4,Very severe,1,Not severe at all,Do more,0.46253040317322014,0.3605418858091818,-0.10198851736403836,-22.050121822120115,611
earthquake,Earthquakes,Home,Staying at home,4,Very severe,2,Slightly severe,Do less,0.06505196644399928,0.06266811571099924,-0.0023838507330000425,-3.664532931609696,611
earthquake,Earthquakes,Home,Staying at home,4,Very severe,2,Slightly severe,About the same,0.4724176303827821,0.4672352967487904,-0.005182333633991731,-1.096981420823072,611
earthquake,Earthquakes,Home,Staying at home,4,Very severe,2,Slightly severe,Do more,0.46253040317322014,0.4700965875402097,0.007566184366989581,1.6358242215173915,611
earthquake,Earthquakes,Home,Staying at home,4,Very severe,3,Moderately severe,Do less,0.06505196644399928,0.06397285371017725,-0.001079112733822038,-1.6588472152506017,611
earthquake,Earthquakes,Home,Staying at home,4,Very severe,3,Moderately severe,About the same,0.4724176303827821,0.4701004125221213,-0.002317217860660803,-0.4905019863003946,611
earthquake,Earthquakes,Home,Staying at home,4,Very severe,3,Moderately severe,Do more,0.46253040317322014,0.4659267337676976,0.00339633059447747,0.7342934802072949,611
earthquake,Earthquakes,Home,Staying at home,4,Very severe,5,Extremely severe,Do less,0.06505196644399928,0.05439945018830481,-0.010652516255694473,-16.375394685208803,611
earthquake,Earthquakes,Home,Staying at home,4,Very severe,5,Extremely severe,About the same,0.4724176303827821,0.4473055731546467,-0.02511205722813542,-5.315647768646583,611
earthquake,Earthquakes,Home,Staying at home,4,Very severe,5,Extremely severe,Do more,0.46253040317322014,0.49829497665705214,0.035764573483831996,7.732372453457502,611
earthquake,Earthquakes,Home,Staying at home,5,Extremely severe,1,Not severe at all,Do less,0.05439945018830481,0.10558960282660887,0.05119015263830406,94.10049634896731,611
earthquake,Earthquakes,Home,Staying at home,5,Extremely severe,1,Not severe at all,About the same,0.4473055731546467,0.533868511364217,0.08656293820957028,19.352081307433863,611
earthquake,Earthquakes,Home,Staying at home,5,Extremely severe,1,Not severe at all,Do more,0.49829497665705214,0.3605418858091818,-0.13775309084787035,-27.644888530088053,611
earthquake,Earthquakes,Home,Staying at home,5,Extremely severe,2,Slightly severe,Do less,0.05439945018830481,0.06266811571099924,0.00826866552269443,15.199906421980877,611
earthquake,Earthquakes,Home,Staying at home,5,Extremely severe,2,Slightly severe,About the same,0.4473055731546467,0.4672352967487904,0.01992972359414369,4.45550531677668,611
earthquake,Earthquakes,Home,Staying at home,5,Extremely severe,2,Slightly severe,Do more,0.49829497665705214,0.4700965875402097,-0.028198389116842415,-5.658975192970839,611
earthquake,Earthquakes,Home,Staying at home,5,Extremely severe,3,Moderately severe,Do less,0.05439945018830481,0.06397285371017725,0.009573403521872435,17.598346102274753,611
earthquake,Earthquakes,Home,Staying at home,5,Extremely severe,3,Moderately severe,About the same,0.4473055731546467,0.4701004125221213,0.022794839367474617,5.096032943813507,611
earthquake,Earthquakes,Home,Staying at home,5,Extremely severe,3,Moderately severe,Do more,0.49829497665705214,0.4659267337676976,-0.032368242889354526,-6.495799557624626,611
earthquake,Earthquakes,Home,Staying at home,5,Extremely severe,4,Very severe,Do less,0.05439945018830481,0.06505196644399928,0.010652516255694473,19.58202926467192,611
earthquake,Earthquakes,Home,Staying at home,5,Extremely severe,4,Very severe,About the same,0.4473055731546467,0.4724176303827821,0.02511205722813542,5.614072065105579,611
earthquake,Earthquakes,Home,Staying at home,5,Extremely severe,4,Very severe,Do more,0.49829497665705214,0.46253040317322014,-0.035764573483831996,-7.177389931515746,611
earthquake,Earthquakes,Transit,Taking public transit,1,Not severe at all,2,Slightly severe,Do less,0.27710411584740885,0.25397359142876463,-0.023130524418644216,-8.34723235629649,611
earthquake,Earthquakes,Transit,Taking public transit,1,Not severe at all,2,Slightly severe,About the same,0.5928378777523681,0.6005331720702478,0.007695294317879742,1.2980436316004276,611
earthquake,Earthquakes,Transit,Taking public transit,1,Not severe at all,2,Slightly severe,Do more,0.13005800640022327,0.1454932365009874,0.015435230100764114,11.867958404087622,611
earthquake,Earthquakes,Transit,Taking public transit,1,Not severe at all,3,Moderately severe,Do less,0.27710411584740885,0.21046451400408397,-0.06663960184332487,-24.048578867020826,611
earthquake,Earthquakes,Transit,Taking public transit,1,Not severe at all,3,Moderately severe,About the same,0.5928378777523681,0.6091808412422529,0.016342963489884843,2.7567340251345067,611
earthquake,Earthquakes,Transit,Taking public transit,1,Not severe at all,3,Moderately severe,Do more,0.13005800640022327,0.18035464475366356,0.05029663835344028,38.67246603693438,611
earthquake,Earthquakes,Transit,Taking public transit,1,Not severe at all,4,Very severe,Do less,0.27710411584740885,0.17563371917023518,-0.10147039667717367,-36.618148513192686,611
earthquake,Earthquakes,Transit,Taking public transit,1,Not severe at all,4,Very severe,About the same,0.5928378777523681,0.6088469891448851,0.01600911139251704,2.7004197932177574,611
earthquake,Earthquakes,Transit,Taking public transit,1,Not severe at all,4,Very severe,Do more,0.13005800640022327,0.21551929168488013,0.08546128528465685,65.71013015659307,611
earthquake,Earthquakes,Transit,Taking public transit,1,Not severe at all,5,Extremely severe,Do less,0.27710411584740885,0.21143688560142554,-0.06566723024598331,-23.69767408368047,611
earthquake,Earthquakes,Transit,Taking public transit,1,Not severe at all,5,Extremely severe,About the same,0.5928378777523681,0.6090861179091431,0.016248240156775062,2.7407560762441783,611
earthquake,Earthquakes,Transit,Taking public transit,1,Not severe at all,5,Extremely severe,Do more,0.13005800640022327,0.17947699648943152,0.04941899008920825,37.997653091139036,611
earthquake,Earthquakes,Transit,Taking public transit,2,Slightly severe,1,Not severe at all,Do less,0.25397359142876463,0.27710411584740885,0.023130524418644216,9.107452585333835,611
earthquake,Earthquakes,Transit,Taking public transit,2,Slightly severe,1,Not severe at all,About the same,0.6005331720702478,0.5928378777523681,-0.007695294317879742,-1.281410365950539,611
earthquake,Earthquakes,Transit,Taking public transit,2,Slightly severe,1,Not severe at all,Do more,0.1454932365009874,0.13005800640022327,-0.015435230100764114,-10.608898717198695,611
earthquake,Earthquakes,Transit,Taking public transit,2,Slightly severe,3,Moderately severe,Do less,0.25397359142876463,0.21046451400408397,-0.04350907742468066,-17.131339199447527,611
earthquake,Earthquakes,Transit,Taking public transit,2,Slightly severe,3,Moderately severe,About the same,0.6005331720702478,0.6091808412422529,0.008647669172005101,1.4399985836242088,611
earthquake,Earthquakes,Transit,Taking public transit,2,Slightly severe,3,Moderately severe,Do more,0.1454932365009874,0.18035464475366356,0.03486140825267617,23.96084456643425,611
earthquake,Earthquakes,Transit,Taking public transit,2,Slightly severe,4,Very severe,Do less,0.25397359142876463,0.17563371917023518,-0.07833987225852945,-30.845676441324997,611
earthquake,Earthquakes,Transit,Taking public transit,2,Slightly severe,4,Very severe,About the same,0.6005331720702478,0.6088469891448851,0.008313817074637297,1.384405968112746,611
earthquake,Earthquakes,Transit,Taking public transit,2,Slightly severe,4,Very severe,Do more,0.1454932365009874,0.21551929168488013,0.07002605518389274,48.13011028414198,611
earthquake,Earthquakes,Transit,Taking public transit,2,Slightly severe,5,Extremely severe,Do less,0.25397359142876463,0.21143688560142554,-0.042536705827339094,-16.748475929344778,611
earthquake,Earthquakes,Transit,Taking public transit,2,Slightly severe,5,Extremely severe,About the same,0.6005331720702478,0.6090861179091431,0.00855294583889532,1.4242253778272274,611
earthquake,Earthquakes,Transit,Taking public transit,2,Slightly severe,5,Extremely severe,Do more,0.1454932365009874,0.17947699648943152,0.033983759988444134,23.357621842588884,611
earthquake,Earthquakes,Transit,Taking public transit,3,Moderately severe,1,Not severe at all,Do less,0.21046451400408397,0.27710411584740885,0.06663960184332487,31.66310584882341,611
earthquake,Earthquakes,Transit,Taking public transit,3,Moderately severe,1,Not severe at all,About the same,0.6091808412422529,0.5928378777523681,-0.016342963489884843,-2.6827769987903705,611
earthquake,Earthquakes,Transit,Taking public transit,3,Moderately severe,1,Not severe at all,Do more,0.18035464475366356,0.13005800640022327,-0.05029663835344028,-27.88763129562739,611
earthquake,Earthquakes,Transit,Taking public transit,3,Moderately severe,2,Slightly severe,Do less,0.21046451400408397,0.25397359142876463,0.04350907742468066,20.672880476105526,611
earthquake,Earthquakes,Transit,Taking public transit,3,Moderately severe,2,Slightly severe,About the same,0.6091808412422529,0.6005331720702478,-0.008647669172005101,-1.4195569831727821,611
earthquake,Earthquakes,Transit,Taking public transit,3,Moderately severe,2,Slightly severe,Do more,0.18035464475366356,0.1454932365009874,-0.03486140825267617,-19.32936537359015,611
earthquake,Earthquakes,Transit,Taking public transit,3,Moderately severe,4,Very severe,Do less,0.21046451400408397,0.17563371917023518,-0.034830794833848794,-16.549485787980828,611
earthquake,Earthquakes,Transit,Taking public transit,3,Moderately severe,4,Very severe,About the same,0.6091808412422529,0.6088469891448851,-0.00033385209736780386,-0.05480344665584139,611
earthquake,Earthquakes,Transit,Taking public transit,3,Moderately severe,4,Very severe,Do more,0.18035464475366356,0.21551929168488013,0.03516464693121657,19.497500039018135,611
earthquake,Earthquakes,Transit,Taking public transit,3,Moderately severe,5,Extremely severe,Do less,0.21046451400408397,0.21143688560142554,0.0009723715973415648,0.46201213631800003,611
earthquake,Earthquakes,Transit,Taking public transit,3,Moderately severe,5,Extremely severe,About the same,0.6091808412422529,0.6090861179091431,-9.472333310978076e-05,-0.015549296152620162,611
earthquake,Earthquakes,Transit,Taking public transit,3,Moderately severe,5,Extremely severe,Do more,0.18035464475366356,0.17947699648943152,-0.0008776482642320338,-0.48662359953677103,611
earthquake,Earthquakes,Transit,Taking public transit,4,Very severe,1,Not severe at all,Do less,0.17563371917023518,0.27710411584740885,0.10147039667717367,57.77387004987477,611
earthquake,Earthquakes,Transit,Taking public transit,4,Very severe,1,Not severe at all,About the same,0.6088469891448851,0.5928378777523681,-0.01600911139251704,-2.6294145619413434,611
earthquake,Earthquakes,Transit,Taking public transit,4,Very severe,1,Not severe at all,Do more,0.21551929168488013,0.13005800640022327,-0.08546128528465685,-39.653659130252436,611
earthquake,Earthquakes,Transit,Taking public transit,4,Very severe,2,Slightly severe,Do less,0.17563371917023518,0.25397359142876463,0.07833987225852945,44.60411851929045,611
earthquake,Earthquakes,Transit,Taking public transit,4,Very severe,2,Slightly severe,About the same,0.6088469891448851,0.6005331720702478,-0.008313817074637297,-1.3655018786105697,611
earthquake,Earthquakes,Transit,Taking public transit,4,Very severe,2,Slightly severe,Do more,0.21551929168488013,0.1454932365009874,-0.07002605518389274,-32.491780497441866,611
earthquake,Earthquakes,Transit,Taking public transit,4,Very severe,3,Moderately severe,Do less,0.17563371917023518,0.21046451400408397,0.034830794833848794,19.831496479379684,611
earthquake,Earthquakes,Transit,Taking public transit,4,Very severe,3,Moderately severe,About the same,0.6088469891448851,0.6091808412422529,0.00033385209736780386,0.05483349730228497,611
earthquake,Earthquakes,Transit,Taking public transit,4,Very severe,3,Moderately severe,Do more,0.21551929168488013,0.18035464475366356,-0.03516464693121657,-16.316240952866664,611
earthquake,Earthquakes,Transit,Taking public transit,4,Very severe,5,Extremely severe,Do less,0.17563371917023518,0.21143688560142554,0.03580316643119036,20.385132536245898,611
earthquake,Earthquakes,Transit,Taking public transit,4,Very severe,5,Extremely severe,About the same,0.6088469891448851,0.6090861179091431,0.0002391287642580231,0.03927567492677844,611
earthquake,Earthquakes,Transit,Taking public transit,4,Very severe,5,Extremely severe,Do more,0.21551929168488013,0.17947699648943152,-0.036042295195448604,-16.723465873369502,611
earthquake,Earthquakes,Transit,Taking public transit,5,Extremely severe,1,Not severe at all,Do less,0.21143688560142554,0.27710411584740885,0.06566723024598331,31.057603813636845,611
earthquake,Earthquakes,Transit,Taking public transit,5,Extremely severe,1,Not severe at all,About the same,0.6090861179091431,0.5928378777523681,-0.016248240156775062,-2.6676425022707213,611
earthquake,Earthquakes,Transit,Taking public transit,5,Extremely severe,1,Not severe at all,Do more,0.17947699648943152,0.13005800640022327,-0.04941899008920825,-27.53499950179871,611
earthquake,Earthquakes,Transit,Taking public transit,5,Extremely severe,2,Slightly severe,Do less,0.21143688560142554,0.25397359142876463,0.042536705827339094,20.11792110271809,611
earthquake,Earthquakes,Transit,Taking public transit,5,Extremely severe,2,Slightly severe,About the same,0.6090861179091431,0.6005331720702478,-0.00855294583889532,-1.4042260342848853,611
earthquake,Earthquakes,Transit,Taking public transit,5,Extremely severe,2,Slightly severe,Do more,0.17947699648943152,0.1454932365009874,-0.033983759988444134,-18.934883385150286,611
earthquake,Earthquakes,Transit,Taking public transit,5,Extremely severe,3,Moderately severe,Do less,0.21143688560142554,0.21046451400408397,-0.0009723715973415648,-0.4598874007133072,611
earthquake,Earthquakes,Transit,Taking public transit,5,Extremely severe,3,Moderately severe,About the same,0.6090861179091431,0.6091808412422529,9.472333310978076e-05,0.015551714334738878,611
earthquake,Earthquakes,Transit,Taking public transit,5,Extremely severe,3,Moderately severe,Do more,0.17947699648943152,0.18035464475366356,0.0008776482642320338,0.48900320453251733,611
earthquake,Earthquakes,Transit,Taking public transit,5,Extremely severe,4,Very severe,Do less,0.21143688560142554,0.17563371917023518,-0.03580316643119036,-16.93326418867237,611
earthquake,Earthquakes,Transit,Taking public transit,5,Extremely severe,4,Very severe,About the same,0.6090861179091431,0.6088469891448851,-0.0002391287642580231,-0.03926025519657201,611
earthquake,Earthquakes,Transit,Taking public transit,5,Extremely severe,4,Very severe,Do more,0.17947699648943152,0.21551929168488013,0.036042295195448604,20.08184664354518,611
earthquake,Earthquakes,Usual,Go about business as usual,1,Not severe at all,2,Slightly severe,Do less,0.2252712143019951,0.3082616699744822,0.08299045567248708,36.84023985471636,611
earthquake,Earthquakes,Usual,Go about business as usual,1,Not severe at all,2,Slightly severe,About the same,0.23610335507758423,0.25395700934476484,0.017853654267180608,7.561796087698053,611
earthquake,Earthquakes,Usual,Go about business as usual,1,Not severe at all,2,Slightly severe,Do more,0.5386254306204209,0.43778132068075304,-0.10084410993966786,-18.722493259092797,611
earthquake,Earthquakes,Usual,Go about business as usual,1,Not severe at all,3,Moderately severe,Do less,0.2252712143019951,0.3373733242475109,0.11210210994551578,49.76317559829612,611
earthquake,Earthquakes,Usual,Go about business as usual,1,Not severe at all,3,Moderately severe,About the same,0.23610335507758423,0.256572106485408,0.020468751407823782,8.669403025254637,611
earthquake,Earthquakes,Usual,Go about business as usual,1,Not severe at all,3,Moderately severe,Do more,0.5386254306204209,0.40605456926708133,-0.13257086135333956,-24.612811393000243,611
earthquake,Earthquakes,Usual,Go about business as usual,1,Not severe at all,4,Very severe,Do less,0.2252712143019951,0.28174388896621605,0.056472674664220956,25.06874872548721,611
earthquake,Earthquakes,Usual,Go about business as usual,1,Not severe at all,4,Very severe,About the same,0.23610335507758423,0.2500383173049026,0.013934962227318382,5.902060232367013,611
earthquake,Earthquakes,Usual,Go about business as usual,1,Not severe at all,4,Very severe,Do more,0.5386254306204209,0.46821779372888106,-0.07040763689153984,-13.071725338040597,611
earthquake,Earthquakes,Usual,Go about business as usual,1,Not severe at all,5,Extremely severe,Do less,0.2252712143019951,0.24126345590466852,0.01599224160267343,7.099105694540484,611
earthquake,Earthquakes,Usual,Go about business as usual,1,Not severe at all,5,Extremely severe,About the same,0.23610335507758423,0.24089204473276923,0.004788689655185002,2.0282175378708303,611
earthquake,Earthquakes,Usual,Go about business as usual,1,Not severe at all,5,Extremely severe,Do more,0.5386254306204209,0.5178444993625619,-0.02078093125785896,-3.8581414980577953,611
earthquake,Earthquakes,Usual,Go about business as usual,2,Slightly severe,1,Not severe at all,Do less,0.3082616699744822,0.2252712143019951,-0.08299045567248708,-26.922080737237625,611
earthquake,Earthquakes,Usual,Go about business as usual,2,Slightly severe,1,Not severe at all,About the same,0.25395700934476484,0.23610335507758423,-0.017853654267180608,-7.0301876342160705,611
earthquake,Earthquakes,Usual,Go about business as usual,2,Slightly severe,1,Not severe at all,Do more,0.43778132068075304,0.5386254306204209,0.10084410993966786,23.035270162476223,611
earthquake,Earthquakes,Usual,Go about business as usual,2,Slightly severe,3,Moderately severe,Do less,0.3082616699744822,0.3373733242475109,0.029111654273028698,9.443812549071883,611
earthquake,Earthquakes,Usual,Go about business as usual,2,Slightly severe,3,Moderately severe,About the same,0.25395700934476484,0.256572106485408,0.0026150971406431744,1.0297400915967603,611
earthquake,Earthquakes,Usual,Go about business as usual,2,Slightly severe,3,Moderately severe,Do more,0.43778132068075304,0.40605456926708133,-0.031726751413671705,-7.247168829482351,611
earthquake,Earthquakes,Usual,Go about business as usual,2,Slightly severe,4,Very severe,Do less,0.3082616699744822,0.28174388896621605,-0.026517781008266128,-8.60236078344131,611
earthquake,Earthquakes,Usual,Go about business as usual,2,Slightly severe,4,Very severe,About the same,0.25395700934476484,0.2500383173049026,-0.003918692039862226,-1.5430533104689073,611
earthquake,Earthquakes,Usual,Go about business as usual,2,Slightly severe,4,Very severe,Do more,0.43778132068075304,0.46821779372888106,0.03043647304812802,6.952437577921117,611
earthquake,Earthquakes,Usual,Go about business as usual,2,Slightly severe,5,Extremely severe,Do less,0.3082616699744822,0.24126345590466852,-0.06699821406981366,-21.734202009403162,611
earthquake,Earthquakes,Usual,Go about business as usual,2,Slightly severe,5,Extremely severe,About the same,0.25395700934476484,0.24089204473276923,-0.013064964611995605,-5.144557594887637,611
earthquake,Earthquakes,Usual,Go about business as usual,2,Slightly severe,5,Extremely severe,Do more,0.43778132068075304,0.5178444993625619,0.0800631786818089,18.28839534709021,611
earthquake,Earthquakes,Usual,Go about business as usual,3,Moderately severe,1,Not severe at all,Do less,0.3373733242475109,0.2252712143019951,-0.11210210994551578,-33.22791160076221,611
earthquake,Earthquakes,Usual,Go about business as usual,3,Moderately severe,1,Not severe at all,About the same,0.256572106485408,0.23610335507758423,-0.020468751407823782,-7.977777353980565,611
earthquake,Earthquakes,Usual,Go about business as usual,3,Moderately severe,1,Not severe at all,Do more,0.40605456926708133,0.5386254306204209,0.13257086135333956,32.64853332216573,611
earthquake,Earthquakes,Usual,Go about business as usual,3,Moderately severe,2,Slightly severe,Do less,0.3373733242475109,0.3082616699744822,-0.029111654273028698,-8.628914078479779,611
earthquake,Earthquakes,Usual,Go about business as usual,3,Moderately severe,2,Slightly severe,About the same,0.256572106485408,0.25395700934476484,-0.0026150971406431744,-1.0192445221210757,611
earthquake,Earthquakes,Usual,Go about business as usual,3,Moderately severe,2,Slightly severe,Do more,0.40605456926708133,0.43778132068075304,0.031726751413671705,7.813420612637785,611
earthquake,Earthquakes,Usual,Go about business as usual,3,Moderately severe,4,Very severe,Do less,0.3373733242475109,0.28174388896621605,-0.055629435281294826,-16.488984541197098,611
earthquake,Earthquakes,Usual,Go about business as usual,3,Moderately severe,4,Very severe,About the same,0.256572106485408,0.2500383173049026,-0.0065337891805054005,-2.5465703462496205,611
earthquake,Earthquakes,Usual,Go about business as usual,3,Moderately severe,4,Very severe,Do more,0.40605456926708133,0.46821779372888106,0.062163224461799726,15.309081381352966,611
earthquake,Earthquakes,Usual,Go about business as usual,3,Moderately severe,5,Extremely severe,Do less,0.3373733242475109,0.24126345590466852,-0.09610986834284235,-28.48769047084832,611
earthquake,Earthquakes,Usual,Go about business as usual,3,Moderately severe,5,Extremely severe,About the same,0.256572106485408,0.24089204473276923,-0.01568006175263878,-6.1113664955354565,611
earthquake,Earthquakes,Usual,Go about business as usual,3,Moderately severe,5,Extremely severe,Do more,0.40605456926708133,0.5178444993625619,0.1117899300954806,27.530765211498228,611
earthquake,Earthquakes,Usual,Go about business as usual,4,Very severe,1,Not severe at all,Do less,0.28174388896621605,0.2252712143019951,-0.056472674664220956,-20.043974998511008,611
earthquake,Earthquakes,Usual,Go about business as usual,4,Very severe,1,Not severe at all,About the same,0.2500383173049026,0.23610335507758423,-0.013934962227318382,-5.573130701533941,611
earthquake,Earthquakes,Usual,Go about business as usual,4,Very severe,1,Not severe at all,Do more,0.46821779372888106,0.5386254306204209,0.07040763689153984,15.037368898523534,611
earthquake,Earthquakes,Usual,Go about business as usual,4,Very severe,2,Slightly severe,Do less,0.28174388896621605,0.3082616699744822,0.026517781008266128,9.412016390334514,611
earthquake,Earthquakes,Usual,Go about business as usual,4,Very severe,2,Slightly severe,About the same,0.2500383173049026,0.25395700934476484,0.003918692039862226,1.567236606813219,611
earthquake,Earthquakes,Usual,Go about business as usual,4,Very severe,2,Slightly severe,Do more,0.46821779372888106,0.43778132068075304,-0.03043647304812802,-6.500494738940249,611
earthquake,Earthquakes,Usual,Go about business as usual,4,Very severe,3,Moderately severe,Do less,0.28174388896621605,0.3373733242475109,0.055629435281294826,19.74468212439751,611
earthquake,Earthquakes,Usual,Go about business as usual,4,Very severe,3,Moderately severe,About the same,0.2500383173049026,0.256572106485408,0.0065337891805054005,2.6131151620805158,611
earthquake,Earthquakes,Usual,Go about business as usual,4,Very severe,3,Moderately severe,Do more,0.46821779372888106,0.40605456926708133,-0.062163224461799726,-13.276561739939982,611
earthquake,Earthquakes,Usual,Go about business as usual,4,Very severe,5,Extremely severe,Do less,0.28174388896621605,0.24126345590466852,-0.04048043306154753,-14.36781227450209,611
earthquake,Earthquakes,Usual,Go about business as usual,4,Very severe,5,Extremely severe,About the same,0.2500383173049026,0.24089204473276923,-0.00914627257213338,-3.6579483779600865,611
earthquake,Earthquakes,Usual,Go about business as usual,4,Very severe,5,Extremely severe,Do more,0.46821779372888106,0.5178444993625619,0.04962670563368088,10.599064430775766,611
earthquake,Earthquakes,Usual,Go about business as usual,5,Extremely severe,1,Not severe at all,Do less,0.24126345590466852,0.2252712143019951,-0.01599224160267343,-6.628538724485698,611
earthquake,Earthquakes,Usual,Go about business as usual,5,Extremely severe,1,Not severe at all,About the same,0.24089204473276923,0.23610335507758423,-0.004788689655185002,-1.9878986292375402,611
earthquake,Earthquakes,Usual,Go about business as usual,5,Extremely severe,1,Not severe at all,Do more,0.5178444993625619,0.5386254306204209,0.02078093125785896,4.012967460973157,611
earthquake,Earthquakes,Usual,Go about business as usual,5,Extremely severe,2,Slightly severe,Do less,0.24126345590466852,0.3082616699744822,0.06699821406981366,27.76973156526737,611
earthquake,Earthquakes,Usual,Go about business as usual,5,Extremely severe,2,Slightly severe,About the same,0.24089204473276923,0.25395700934476484,0.013064964611995605,5.423576617687425,611
earthquake,Earthquakes,Usual,Go about business as usual,5,Extremely severe,2,Slightly severe,Do more,0.5178444993625619,0.43778132068075304,-0.0800631786818089,-15.46085336048993,611
earthquake,Earthquakes,Usual,Go about business as usual,5,Extremely severe,3,Moderately severe,Do less,0.24126345590466852,0.3373733242475109,0.09610986834284235,39.836065508743545,611
earthquake,Earthquakes,Usual,Go about business as usual,5,Extremely severe,3,Moderately severe,About the same,0.24089204473276923,0.256572106485408,0.01568006175263878,6.50916545211498,611
earthquake,Earthquakes,Usual,Go about business as usual,5,Extremely severe,3,Moderately severe,Do more,0.5178444993625619,0.40605456926708133,-0.1117899300954806,-21.587548044458877,611
earthquake,Earthquakes,Usual,Go about business as usual,5,Extremely severe,4,Very severe,Do less,0.24126345590466852,0.28174388896621605,0.04048043306154753,16.77851828398858,611
earthquake,Earthquakes,Usual,Go about business as usual,5,Extremely severe,4,Very severe,About the same,0.24089204473276923,0.2500383173049026,0.00914627257213338,3.7968346286734747,611
earthquake,Earthquakes,Usual,Go about business as usual,5,Extremely severe,4,Very severe,Do more,0.5178444993625619,0.46821779372888106,-0.04962670563368088,-9.583321961470794,611
earthquake,Earthquakes,WFH,Working from home,1,Not severe at all,2,Slightly severe,Do less,0.13109723007154736,0.12683088410096693,-0.004266345970580426,-3.254337233709693,343
earthquake,Earthquakes,WFH,Working from home,1,Not severe at all,2,Slightly severe,About the same,0.6226498540776843,0.6204487885214884,-0.0022010655561958137,-0.35349973051165284,343
earthquake,Earthquakes,WFH,Working from home,1,Not severe at all,2,Slightly severe,Do more,0.24625291585077097,0.2527203273775447,0.006467411526773714,2.626328912463704,343
earthquake,Earthquakes,WFH,Working from home,1,Not severe at all,3,Moderately severe,Do less,0.13109723007154736,0.0699876814089836,-0.061109548662563754,-46.61391291731544,343
earthquake,Earthquakes,WFH,Working from home,1,Not severe at all,3,Moderately severe,About the same,0.6226498540776843,0.5593681352534416,-0.0632817188242426,-10.16329136027507,343
earthquake,Earthquakes,WFH,Working from home,1,Not severe at all,3,Moderately severe,Do more,0.24625291585077097,0.37064418333757454,0.12439126748680357,50.51362216648211,343
earthquake,Earthquakes,WFH,Working from home,1,Not severe at all,4,Very severe,Do less,0.13109723007154736,0.09701141636015886,-0.034085813711388496,-26.000407249478798,343
earthquake,Earthquakes,WFH,Working from home,1,Not severe at all,4,Very severe,About the same,0.6226498540776843,0.5972561576039703,-0.025393696473713923,-4.078326897117638,343
earthquake,Earthquakes,WFH,Working from home,1,Not severe at all,4,Very severe,Do more,0.24625291585077097,0.30573242603587264,0.05947951018510167,24.15382980526663,343
earthquake,Earthquakes,WFH,Working from home,1,Not severe at all,5,Extremely severe,Do less,0.13109723007154736,0.12166079366484107,-0.009436436406706286,-7.198044078853745,343
earthquake,Earthquakes,WFH,Working from home,1,Not severe at all,5,Extremely severe,About the same,0.6226498540776843,0.6174523323407296,-0.005197521736954647,-0.8347423038673326,343
earthquake,Earthquakes,WFH,Working from home,1,Not severe at all,5,Extremely severe,Do more,0.24625291585077097,0.2608868739944325,0.01463395814366153,5.94265375218123,343
earthquake,Earthquakes,WFH,Working from home,2,Slightly severe,1,Not severe at all,Do less,0.12683088410096693,0.13109723007154736,0.004266345970580426,3.3638068525833926,343
earthquake,Earthquakes,WFH,Working from home,2,Slightly severe,1,Not severe at all,About the same,0.6204487885214884,0.6226498540776843,0.0022010655561958137,0.3547537841827187,343
earthquake,Earthquakes,WFH,Working from home,2,Slightly severe,1,Not severe at all,Do more,0.2527203273775447,0.24625291585077097,-0.006467411526773714,-2.5591180550790833,343
earthquake,Earthquakes,WFH,Working from home,2,Slightly severe,3,Moderately severe,Do less,0.12683088410096693,0.0699876814089836,-0.05684320269198333,-44.818108061701956,343
earthquake,Earthquakes,WFH,Working from home,2,Slightly severe,3,Moderately severe,About the same,0.6204487885214884,0.5593681352534416,-0.06108065326804679,-9.84459223679044,343
earthquake,Earthquakes,WFH,Working from home,2,Slightly severe,3,Moderately severe,Do more,0.2527203273775447,0.37064418333757454,0.11792385596002986,46.66180088626615,343
earthquake,Earthquakes,WFH,Working from home,2,Slightly severe,4,Very severe,Do less,0.12683088410096693,0.09701141636015886,-0.02981946774080807,-23.51120387765296,343
earthquake,Earthquakes,WFH,Working from home,2,Slightly severe,4,Very severe,About the same,0.6204487885214884,0.5972561576039703,-0.02319263091751811,-3.7380411319337865,343
earthquake,Earthquakes,WFH,Working from home,2,Slightly severe,4,Very severe,Do more,0.2527203273775447,0.30573242603587264,0.053012098658327955,20.976586730647895,343
earthquake,Earthquakes,WFH,Working from home,2,Slightly severe,5,Extremely severe,Do less,0.12683088410096693,0.12166079366484107,-0.00517009043612586,-4.076365526246808,343
earthquake,Earthquakes,WFH,Working from home,2,Slightly severe,5,Extremely severe,About the same,0.6204487885214884,0.6174523323407296,-0.002996456180758833,-0.48294979959575735,343
earthquake,Earthquakes,WFH,Working from home,2,Slightly severe,5,Extremely severe,Do more,0.2527203273775447,0.2608868739944325,0.008166546616887815,3.2314561719792425,343
earthquake,Earthquakes,WFH,Working from home,3,Moderately severe,1,Not severe at all,Do less,0.0699876814089836,0.13109723007154736,0.061109548662563754,87.31472086560613,343
earthquake,Earthquakes,WFH,Working from home,3,Moderately severe,1,Not severe at all,About the same,0.5593681352534416,0.6226498540776843,0.0632817188242426,11.313071810136373,343
earthquake,Earthquakes,WFH,Working from home,3,Moderately severe,1,Not severe at all,Do more,0.37064418333757454,0.24625291585077097,-0.12439126748680357,-33.56083086659713,343
earthquake,Earthquakes,WFH,Working from home,3,Moderately severe,2,Slightly severe,Do less,0.0699876814089836,0.12683088410096693,0.05684320269198333,81.21886816025733,343
earthquake,Earthquakes,WFH,Working from home,3,Moderately severe,2,Slightly severe,About the same,0.5593681352534416,0.6204487885214884,0.06108065326804679,10.919580401263298,343
earthquake,Earthquakes,WFH,Working from home,3,Moderately severe,2,Slightly severe,Do more,0.37064418333757454,0.2527203273775447,-0.11792385596002986,-31.815919758445908,343
earthquake,Earthquakes,WFH,Working from home,3,Moderately severe,4,Very severe,Do less,0.0699876814089836,0.09701141636015886,0.027023734951175257,38.6121306023241,343
earthquake,Earthquakes,WFH,Working from home,3,Moderately severe,4,Very severe,About the same,0.5593681352534416,0.5972561576039703,0.03788802235052868,6.77336086249571,343
earthquake,Earthquakes,WFH,Working from home,3,Moderately severe,4,Very severe,Do more,0.37064418333757454,0.30573242603587264,-0.0649117573017019,-17.51322703008176,343
earthquake,Earthquakes,WFH,Working from home,3,Moderately severe,5,Extremely severe,Do less,0.0699876814089836,0.12166079366484107,0.05167311225585747,73.83172469151795,343
earthquake,Earthquakes,WFH,Working from home,3,Moderately severe,5,Extremely severe,About the same,0.5593681352534416,0.6174523323407296,0.05808419708728796,10.383894510002941,343
earthquake,Earthquakes,WFH,Working from home,3,Moderately severe,5,Extremely severe,Do more,0.37064418333757454,0.2608868739944325,-0.10975730934314204,-29.612581089172927,343
earthquake,Earthquakes,WFH,Working from home,4,Very severe,1,Not severe at all,Do less,0.09701141636015886,0.13109723007154736,0.034085813711388496,35.135878838057074,343
earthquake,Earthquakes,WFH,Working from home,4,Very severe,1,Not severe at all,About the same,0.5972561576039703,0.6226498540776843,0.025393696473713923,4.251726189912641,343
earthquake,Earthquakes,WFH,Working from home,4,Very severe,1,Not severe at all,Do more,0.30573242603587264,0.24625291585077097,-0.05947951018510167,-19.454760149688124,343
earthquake,Earthquakes,WFH,Working from home,4,Very severe,2,Slightly severe,Do less,0.09701141636015886,0.12683088410096693,0.02981946774080807,30.738101616929363,343
earthquake,Earthquakes,WFH,Working from home,4,Very severe,2,Slightly severe,About the same,0.5972561576039703,0.6204487885214884,0.02319263091751811,3.8831966187775526,343
earthquake,Earthquakes,WFH,Working from home,4,Very severe,2,Slightly severe,Do more,0.30573242603587264,0.2527203273775447,-0.053012098658327955,-17.339377227886146,343
earthquake,Earthquakes,WFH,Working from home,4,Very severe,3,Moderately severe,Do less,0.09701141636015886,0.0699876814089836,-0.027023734951175257,-27.85624204356375,343
earthquake,Earthquakes,WFH,Working from home,4,Very severe,3,Moderately severe,About the same,0.5972561576039703,0.5593681352534416,-0.03788802235052868,-6.343680490884372,343
earthquake,Earthquakes,WFH,Working from home,4,Very severe,3,Moderately severe,Do more,0.30573242603587264,0.37064418333757454,0.0649117573017019,21.231557981385194,343
earthquake,Earthquakes,WFH,Working from home,4,Very severe,5,Extremely severe,Do less,0.09701141636015886,0.12166079366484107,0.02464937730468221,25.408738712947336,343
earthquake,Earthquakes,WFH,Working from home,4,Very severe,5,Extremely severe,About the same,0.5972561576039703,0.6174523323407296,0.020196174736759276,3.3814929288935,343
earthquake,Earthquakes,WFH,Working from home,4,Very severe,5,Extremely severe,Do more,0.30573242603587264,0.2608868739944325,-0.04484555204144014,-14.668235431520193,343
earthquake,Earthquakes,WFH,Working from home,5,Extremely severe,1,Not severe at all,Do less,0.12166079366484107,0.13109723007154736,0.009436436406706286,7.756349537470866,343
earthquake,Earthquakes,WFH,Working from home,5,Extremely severe,1,Not severe at all,About the same,0.6174523323407296,0.6226498540776843,0.005197521736954647,0.8417689050183215,343
earthquake,Earthquakes,WFH,Working from home,5,Extremely severe,1,Not severe at all,Do more,0.2608868739944325,0.24625291585077097,-0.01463395814366153,-5.609311775483893,343
earthquake,Earthquakes,WFH,Working from home,5,Extremely severe,2,Slightly severe,Do less,0.12166079366484107,0.12683088410096693,0.00517009043612586,4.249594532786589,343
earthquake,Earthquakes,WFH,Working from home,5,Extremely severe,2,Slightly severe,About the same,0.6174523323407296,0.6204487885214884,0.002996456180758833,0.48529352369589795,343
earthquake,Earthquakes,WFH,Working from home,5,Extremely severe,2,Slightly severe,Do more,0.2608868739944325,0.2527203273775447,-0.008166546616887815,-3.130301839969954,343
earthquake,Earthquakes,WFH,Working from home,5,Extremely severe,3,Moderately severe,Do less,0.12166079366484107,0.0699876814089836,-0.05167311225585747,-42.47310139880384,343
earthquake,Earthquakes,WFH,Working from home,5,Extremely severe,3,Moderately severe,About the same,0.6174523323407296,0.5593681352534416,-0.05808419708728796,-9.407073881653956,343
earthquake,Earthquakes,WFH,Working from home,5,Extremely severe,3,Moderately severe,Do more,0.2608868739944325,0.37064418333757454,0.10975730934314204,42.070843834590285,343
earthquake,Earthquakes,WFH,Working from home,5,Extremely severe,4,Very severe,Do less,0.12166079366484107,0.09701141636015886,-0.02464937730468221,-20.26074017944342,343
earthquake,Earthquakes,WFH,Working from home,5,Extremely severe,4,Very severe,About the same,0.6174523323407296,0.5972561576039703,-0.020196174736759276,-3.270888079764252,343
earthquake,Earthquakes,WFH,Working from home,5,Extremely severe,4,Very severe,Do more,0.2608868739944325,0.30573242603587264,0.04484555204144014,17.189654410285577,343
flooding,Flooding,Car,Using a car for traveling,1,Not severe at all,2,Slightly severe,Do less,0.39729398578253267,0.42154550296831594,0.024251517185783278,6.10417425222688,1077
flooding,Flooding,Car,Using a car for traveling,1,Not severe at all,2,Slightly severe,About the same,0.4842665456353015,0.47186219345867,-0.01240435217663155,-2.5614720422940795,1077
flooding,Flooding,Car,Using a car for traveling,1,Not severe at all,2,Slightly severe,Do more,0.1184394685821663,0.1065923035730144,-0.011847165009151894,-10.002717127131513,1077
flooding,Flooding,Car,Using a car for traveling,1,Not severe at all,3,Moderately severe,Do less,0.39729398578253267,0.409807535669575,0.012513549887042341,3.1496952722289384,1077
flooding,Flooding,Car,Using a car for traveling,1,Not severe at all,3,Moderately severe,About the same,0.4842665456353015,0.4779986311202178,-0.006267914515083739,-1.2943108648690491,1077
flooding,Flooding,Car,Using a car for traveling,1,Not severe at all,3,Moderately severe,Do more,0.1184394685821663,0.11219383321020723,-0.00624563537195906,-5.273272032309237,1077
flooding,Flooding,Car,Using a car for traveling,1,Not severe at all,4,Very severe,Do less,0.39729398578253267,0.3694988829016875,-0.02779510288084519,-6.996104616609886,1077
flooding,Flooding,Car,Using a car for traveling,1,Not severe at all,4,Very severe,About the same,0.4842665456353015,0.49709636986567923,0.012829824230377707,2.6493311061879083,1077
flooding,Flooding,Car,Using a car for traveling,1,Not severe at all,4,Very severe,Do more,0.1184394685821663,0.1334047472326334,0.01496527865046711,12.635381456549752,1077
flooding,Flooding,Car,Using a car for traveling,1,Not severe at all,5,Extremely severe,Do less,0.39729398578253267,0.3029012520662814,-0.09439273371625129,-23.75891332216621,1077
flooding,Flooding,Car,Using a car for traveling,1,Not severe at all,5,Extremely severe,About the same,0.4842665456353015,0.5205527153526828,0.036286169717381245,7.4930159938630485,1077
flooding,Flooding,Car,Using a car for traveling,1,Not severe at all,5,Extremely severe,Do more,0.1184394685821663,0.17654603258103563,0.058106563998869334,49.06013569164103,1077
flooding,Flooding,Car,Using a car for traveling,2,Slightly severe,1,Not severe at all,Do less,0.42154550296831594,0.39729398578253267,-0.024251517185783278,-5.753001043781995,1077
flooding,Flooding,Car,Using a car for traveling,2,Slightly severe,1,Not severe at all,About the same,0.47186219345867,0.4842665456353015,0.01240435217663155,2.6288082301550264,1077
flooding,Flooding,Car,Using a car for traveling,2,Slightly severe,1,Not severe at all,Do more,0.1065923035730144,0.1184394685821663,0.011847165009151894,11.114465690327007,1077
flooding,Flooding,Car,Using a car for traveling,2,Slightly severe,3,Moderately severe,Do less,0.42154550296831594,0.409807535669575,-0.011737967298740937,-2.78450777344034,1077
flooding,Flooding,Car,Using a car for traveling,2,Slightly severe,3,Moderately severe,About the same,0.47186219345867,0.4779986311202178,0.006136437661547811,1.3004724147465094,1077
flooding,Flooding,Car,Using a car for traveling,2,Slightly severe,3,Moderately severe,Do more,0.1065923035730144,0.11219383321020723,0.005601529637192834,5.255097647229151,1077
flooding,Flooding,Car,Using a car for traveling,2,Slightly severe,4,Very severe,Do less,0.42154550296831594,0.3694988829016875,-0.05204662006662847,-12.346619688774235,1077
flooding,Flooding,Car,Using a car for traveling,2,Slightly severe,4,Very severe,About the same,0.47186219345867,0.49709636986567923,0.025234176407009257,5.3477851705064605,1077
flooding,Flooding,Car,Using a car for traveling,2,Slightly severe,4,Very severe,Do more,0.1065923035730144,0.1334047472326334,0.026812443659619004,25.154202283706923,1077
flooding,Flooding,Car,Using a car for traveling,2,Slightly severe,5,Extremely severe,Do less,0.42154550296831594,0.3029012520662814,-0.11864425090203456,-28.145063834532724,1077
flooding,Flooding,Car,Using a car for traveling,2,Slightly severe,5,Extremely severe,About the same,0.47186219345867,0.5205527153526828,0.048690521894012795,10.318801245151581,1077
flooding,Flooding,Car,Using a car for traveling,2,Slightly severe,5,Extremely severe,Do more,0.1065923035730144,0.17654603258103563,0.06995372900802123,65.62737333104336,1077
flooding,Flooding,Car,Using a car for traveling,3,Moderately severe,1,Not severe at all,Do less,0.409807535669575,0.39729398578253267,-0.012513549887042341,-3.0535187369350694,1077
flooding,Flooding,Car,Using a car for traveling,3,Moderately severe,1,Not severe at all,About the same,0.4779986311202178,0.4842665456353015,0.006267914515083739,1.3112829424625159,1077
flooding,Flooding,Car,Using a car for traveling,3,Moderately severe,1,Not severe at all,Do more,0.11219383321020723,0.1184394685821663,0.00624563537195906,5.566825905891984,1077
flooding,Flooding,Car,Using a car for traveling,3,Moderately severe,2,Slightly severe,Do less,0.409807535669575,0.42154550296831594,0.011737967298740937,2.864263410764896,1077
flooding,Flooding,Car,Using a car for traveling,3,Moderately severe,2,Slightly severe,About the same,0.4779986311202178,0.47186219345867,-0.006136437661547811,-1.2837772457981125,1077
flooding,Flooding,Car,Using a car for traveling,3,Moderately severe,2,Slightly severe,Do more,0.11219383321020723,0.1065923035730144,-0.005601529637192834,-4.99272506956578,1077
flooding,Flooding,Car,Using a car for traveling,3,Moderately severe,4,Very severe,Do less,0.409807535669575,0.3694988829016875,-0.04030865276788753,-9.835995988221192,1077
flooding,Flooding,Car,Using a car for traveling,3,Moderately severe,4,Very severe,About the same,0.4779986311202178,0.49709636986567923,0.019097738745461446,3.99535427553522,1077
flooding,Flooding,Car,Using a car for traveling,3,Moderately severe,4,Very severe,Do more,0.11219383321020723,0.1334047472326334,0.02121091402242617,18.90559705067322,1077
flooding,Flooding,Car,Using a car for traveling,3,Moderately severe,5,Extremely severe,Do less,0.409807535669575,0.3029012520662814,-0.10690628360329363,-26.08694918911677,1077
flooding,Flooding,Car,Using a car for traveling,3,Moderately severe,5,Extremely severe,About the same,0.4779986311202178,0.5205527153526828,0.042554084232464984,8.902553576929078,1077
flooding,Flooding,Car,Using a car for traveling,3,Moderately severe,5,Extremely severe,Do more,0.11219383321020723,0.17654603258103563,0.0643521993708284,57.35805394068105,1077
flooding,Flooding,Car,Using a car for traveling,4,Very severe,1,Not severe at all,Do less,0.3694988829016875,0.39729398578253267,0.02779510288084519,7.522378054994183,1077
flooding,Flooding,Car,Using a car for traveling,4,Very severe,1,Not severe at all,About the same,0.49709636986567923,0.4842665456353015,-0.012829824230377707,-2.580953112541229,1077
flooding,Flooding,Car,Using a car for traveling,4,Very severe,1,Not severe at all,Do more,0.1334047472326334,0.1184394685821663,-0.01496527865046711,-11.217950605888415,1077
flooding,Flooding,Car,Using a car for traveling,4,Very severe,2,Slightly severe,Do less,0.3694988829016875,0.42154550296831594,0.05204662006662847,14.085731371609182,1077
flooding,Flooding,Car,Using a car for traveling,4,Very severe,2,Slightly severe,About the same,0.49709636986567923,0.47186219345867,-0.025234176407009257,-5.076314762432846,1077
flooding,Flooding,Car,Using a car for traveling,4,Very severe,2,Slightly severe,Do more,0.1334047472326334,0.1065923035730144,-0.026812443659619004,-20.098567866451575,1077
flooding,Flooding,Car,Using a car for traveling,4,Very severe,3,Moderately severe,Do less,0.3694988829016875,0.409807535669575,0.04030865276788753,10.90900531318046,1077
flooding,Flooding,Car,Using a car for traveling,4,Very severe,3,Moderately severe,About the same,0.49709636986567923,0.4779986311202178,-0.019097738745461446,-3.841858420857481,1077
flooding,Flooding,Car,Using a car for traveling,4,Very severe,3,Moderately severe,Do more,0.1334047472326334,0.11219383321020723,-0.02121091402242617,-15.899669586299076,1077
flooding,Flooding,Car,Using a car for traveling,4,Very severe,5,Extremely severe,Do less,0.3694988829016875,0.3029012520662814,-0.0665976308354061,-18.023770549023748,1077
flooding,Flooding,Car,Using a car for traveling,4,Very severe,5,Extremely severe,About the same,0.49709636986567923,0.5205527153526828,0.023456345487003538,4.718671651805,1077
flooding,Flooding,Car,Using a car for traveling,4,Very severe,5,Extremely severe,Do more,0.1334047472326334,0.17654603258103563,0.043141285348402225,32.3386432966825,1077
flooding,Flooding,Car,Using a car for traveling,5,Extremely severe,1,Not severe at all,Do less,0.3029012520662814,0.39729398578253267,0.09439273371625129,31.162873402582075,1077
flooding,Flooding,Car,Using a car for traveling,5,Extremely severe,1,Not severe at all,About the same,0.5205527153526828,0.4842665456353015,-0.036286169717381245,-6.970700305116416,1077
flooding,Flooding,Car,Using a car for traveling,5,Extremely severe,1,Not severe at all,Do more,0.17654603258103563,0.1184394685821663,-0.058106563998869334,-32.91298204177887,1077
flooding,Flooding,Car,Using a car for traveling,5,Extremely severe,2,Slightly severe,Do less,0.3029012520662814,0.42154550296831594,0.11864425090203456,39.16928374930343,1077
flooding,Flooding,Car,Using a car for traveling,5,Extremely severe,2,Slightly severe,About the same,0.5205527153526828,0.47186219345867,-0.048690521894012795,-9.35361980794283,1077
flooding,Flooding,Car,Using a car for traveling,5,Extremely severe,2,Slightly severe,Do more,0.17654603258103563,0.1065923035730144,-0.06995372900802123,-39.623506677167654,1077
flooding,Flooding,Car,Using a car for traveling,5,Extremely severe,3,Moderately severe,Do less,0.3029012520662814,0.409807535669575,0.10690628360329363,35.294104225062824,1077
flooding,Flooding,Car,Using a car for traveling,5,Extremely severe,3,Moderately severe,About the same,0.5205527153526828,0.4779986311202178,-0.042554084232464984,-8.174788638578882,1077
flooding,Flooding,Car,Using a car for traveling,5,Extremely severe,3,Moderately severe,Do more,0.17654603258103563,0.11219383321020723,-0.0643521993708284,-36.45066299708002,1077
flooding,Flooding,Car,Using a car for traveling,5,Extremely severe,4,Very severe,Do less,0.3029012520662814,0.3694988829016875,0.0665976308354061,21.98658156118585,1077
flooding,Flooding,Car,Using a car for traveling,5,Extremely severe,4,Very severe,About the same,0.5205527153526828,0.49709636986567923,-0.023456345487003538,-4.506046130431092,1077
flooding,Flooding,Car,Using a car for traveling,5,Extremely severe,4,Very severe,Do more,0.17654603258103563,0.1334047472326334,-0.043141285348402225,-24.4362814149336,1077
flooding,Flooding,Home,Staying at home,1,Not severe at all,2,Slightly severe,Do less,0.07743440610510088,0.05078090753280381,-0.026653498572297075,-34.42074384366114,1077
flooding,Flooding,Home,Staying at home,1,Not severe at all,2,Slightly severe,About the same,0.4981031088786357,0.4395423098282073,-0.05856079905042838,-11.75676240653557,1077
flooding,Flooding,Home,Staying at home,1,Not severe at all,2,Slightly severe,Do more,0.4244624850162633,0.5096767826389892,0.08521429762272587,20.07581367749399,1077
flooding,Flooding,Home,Staying at home,1,Not severe at all,3,Moderately severe,Do less,0.07743440610510088,0.05253626106980296,-0.02489814503529792,-32.153852902938176,1077
flooding,Flooding,Home,Staying at home,1,Not severe at all,3,Moderately severe,About the same,0.4981031088786357,0.44440112729459996,-0.05370198158403572,-10.781298214526979,1077
flooding,Flooding,Home,Staying at home,1,Not severe at all,3,Moderately severe,Do more,0.4244624850162633,0.503062611635597,0.07860012661933363,18.51756736907434,1077
flooding,Flooding,Home,Staying at home,1,Not severe at all,4,Very severe,Do less,0.07743440610510088,0.06556888994228871,-0.011865516162812173,-15.32331267151095,1077
flooding,Flooding,Home,Staying at home,1,Not severe at all,4,Very severe,About the same,0.4981031088786357,0.47561527253522584,-0.02248783634340984,-4.514695038550556,1077
flooding,Flooding,Home,Staying at home,1,Not severe at all,4,Very severe,Do more,0.4244624850162633,0.45881583752248467,0.034353352506221346,8.093377794012843,1077
flooding,Flooding,Home,Staying at home,1,Not severe at all,5,Extremely severe,Do less,0.07743440610510088,0.04730586940376288,-0.030128536701338006,-38.908462293163154,1077
flooding,Flooding,Home,Staying at home,1,Not severe at all,5,Extremely severe,About the same,0.4981031088786357,0.4293770572058289,-0.06872605167280676,-13.797555254679624,1077
flooding,Flooding,Home,Staying at home,1,Not severe at all,5,Extremely severe,Do more,0.4244624850162633,0.523317073390408,0.09885458837414468,23.289358156200084,1077
flooding,Flooding,Home,Staying at home,2,Slightly severe,1,Not severe at all,Do less,0.05078090753280381,0.07743440610510088,0.026653498572297075,52.48724346857973,1077
flooding,Flooding,Home,Staying at home,2,Slightly severe,1,Not severe at all,About the same,0.4395423098282073,0.4981031088786357,0.05856079905042838,13.323131298399135,1077
flooding,Flooding,Home,Staying at home,2,Slightly severe,1,Not severe at all,Do more,0.5096767826389892,0.4244624850162633,-0.08521429762272587,-16.719281812584406,1077
flooding,Flooding,Home,Staying at home,2,Slightly severe,3,Moderately severe,Do less,0.05078090753280381,0.05253626106980296,0.0017553535369991546,3.4567195079473896,1077
flooding,Flooding,Home,Staying at home,2,Slightly severe,3,Moderately severe,About the same,0.4395423098282073,0.44440112729459996,0.004858817466392662,1.105426567078765,1077
flooding,Flooding,Home,Staying at home,2,Slightly severe,3,Moderately severe,Do more,0.5096767826389892,0.503062611635597,-0.006614171003392233,-1.2977187167807755,1077
flooding,Flooding,Home,Staying at home,2,Slightly severe,4,Very severe,Do less,0.05078090753280381,0.06556888994228871,0.014787982409484902,29.12114636772109,1077
flooding,Flooding,Home,Staying at home,2,Slightly severe,4,Very severe,About the same,0.4395423098282073,0.47561527253522584,0.03607296270701854,8.206937512140176,1077
flooding,Flooding,Home,Staying at home,2,Slightly severe,4,Very severe,Do more,0.5096767826389892,0.45881583752248467,-0.05086094511650452,-9.979058660109695,1077
flooding,Flooding,Home,Staying at home,2,Slightly severe,5,Extremely severe,Do less,0.05078090753280381,0.04730586940376288,-0.0034750381290409305,-6.843198158276516,1077
flooding,Flooding,Home,Staying at home,2,Slightly severe,5,Extremely severe,About the same,0.4395423098282073,0.4293770572058289,-0.010165252622378385,-2.3126903588306247,1077
flooding,Flooding,Home,Staying at home,2,Slightly severe,5,Extremely severe,Do more,0.5096767826389892,0.523317073390408,0.013640290751418815,2.6762629211384765,1077
flooding,Flooding,Home,Staying at home,3,Moderately severe,1,Not severe at all,Do less,0.05253626106980296,0.07743440610510088,0.02489814503529792,47.39230491149092,1077
flooding,Flooding,Home,Staying at home,3,Moderately severe,1,Not severe at all,About the same,0.44440112729459996,0.4981031088786357,0.05370198158403572,12.084123618443456,1077
flooding,Flooding,Home,Staying at home,3,Moderately severe,1,Not severe at all,Do more,0.503062611635597,0.4244624850162633,-0.07860012661933363,-15.624322857900866,1077
flooding,Flooding,Home,Staying at home,3,Moderately severe,2,Slightly severe,Do less,0.05253626106980296,0.05078090753280381,-0.0017553535369991546,-3.3412228073613424,1077
flooding,Flooding,Home,Staying at home,3,Moderately severe,2,Slightly severe,About the same,0.44440112729459996,0.4395423098282073,-0.004858817466392662,-1.0933404908245612,1077
flooding,Flooding,Home,Staying at home,3,Moderately severe,2,Slightly severe,Do more,0.503062611635597,0.5096767826389892,0.006614171003392233,1.3147808742708422,1077
flooding,Flooding,Home,Staying at home,3,Moderately severe,4,Very severe,Do less,0.05253626106980296,0.06556888994228871,0.013032628872485748,24.806921176156376,1077
flooding,Flooding,Home,Staying at home,3,Moderately severe,4,Very severe,About the same,0.44440112729459996,0.47561527253522584,0.03121414524062588,7.023867250438716,1077
flooding,Flooding,Home,Staying at home,3,Moderately severe,4,Very severe,Do more,0.503062611635597,0.45881583752248467,-0.044246774113112286,-8.795480540534244,1077
flooding,Flooding,Home,Staying at home,3,Moderately severe,5,Extremely severe,Do less,0.05253626106980296,0.04730586940376288,-0.005230391666040085,-9.955774468020593,1077
flooding,Flooding,Home,Staying at home,3,Moderately severe,5,Extremely severe,About the same,0.44440112729459996,0.4293770572058289,-0.015024070088771047,-3.3807452695346947,1077
flooding,Flooding,Home,Staying at home,3,Moderately severe,5,Extremely severe,Do more,0.503062611635597,0.523317073390408,0.02025446175481105,4.02623078844165,1077
flooding,Flooding,Home,Staying at home,4,Very severe,1,Not severe at all,Do less,0.06556888994228871,0.07743440610510088,0.011865516162812173,18.096259023533502,1077
flooding,Flooding,Home,Staying at home,4,Very severe,1,Not severe at all,About the same,0.47561527253522584,0.4981031088786357,0.02248783634340984,4.728156903696633,1077
flooding,Flooding,Home,Staying at home,4,Very severe,1,Not severe at all,Do more,0.45881583752248467,0.4244624850162633,-0.034353352506221346,-7.487394657456179,1077
flooding,Flooding,Home,Staying at home,4,Very severe,2,Slightly severe,Do less,0.06556888994228871,0.05078090753280381,-0.014787982409484902,-22.553351783903512,1077
flooding,Flooding,Home,Staying at home,4,Very severe,2,Slightly severe,About the same,0.47561527253522584,0.4395423098282073,-0.03607296270701854,-7.584483676214759,1077
flooding,Flooding,Home,Staying at home,4,Very severe,2,Slightly severe,Do more,0.45881583752248467,0.5096767826389892,0.05086094511650452,11.085263619308266,1077
flooding,Flooding,Home,Staying at home,4,Very severe,3,Moderately severe,Do less,0.06556888994228871,0.05253626106980296,-0.013032628872485748,-19.876238386766317,1077
flooding,Flooding,Home,Staying at home,4,Very severe,3,Moderately severe,About the same,0.47561527253522584,0.44440112729459996,-0.03121414524062588,-6.562898006668624,1077
flooding,Flooding,Home,Staying at home,4,Very severe,3,Moderately severe,Do more,0.45881583752248467,0.503062611635597,0.044246774113112286,9.643689361735237,1077
flooding,Flooding,Home,Staying at home,4,Very severe,5,Extremely severe,Do less,0.06556888994228871,0.04730586940376288,-0.018263020538525833,-27.85317938827432,1077
flooding,Flooding,Home,Staying at home,4,Very severe,5,Extremely severe,About the same,0.47561527253522584,0.4293770572058289,-0.046238215329396926,-9.721768412298482,1077
flooding,Flooding,Home,Staying at home,4,Very severe,5,Extremely severe,Do more,0.45881583752248467,0.523317073390408,0.06450123586792333,14.058197340400744,1077
flooding,Flooding,Home,Staying at home,5,Extremely severe,1,Not severe at all,Do less,0.04730586940376288,0.07743440610510088,0.030128536701338006,63.68879185833434,1077
flooding,Flooding,Home,Staying at home,5,Extremely severe,1,Not severe at all,About the same,0.4293770572058289,0.4981031088786357,0.06872605167280676,16.005990660060306,1077
flooding,Flooding,Home,Staying at home,5,Extremely severe,1,Not severe at all,Do more,0.523317073390408,0.4244624850162633,-0.09885458837414468,-18.889998702640572,1077
flooding,Flooding,Home,Staying at home,5,Extremely severe,2,Slightly severe,Do less,0.04730586940376288,0.05078090753280381,0.0034750381290409305,7.34589211199343,1077
flooding,Flooding,Home,Staying at home,5,Extremely severe,2,Slightly severe,About the same,0.4293770572058289,0.4395423098282073,0.010165252622378385,2.3674419608091695,1077
flooding,Flooding,Home,Staying at home,5,Extremely severe,2,Slightly severe,Do more,0.523317073390408,0.5096767826389892,-0.013640290751418815,-2.606505968369736,1077
flooding,Flooding,Home,Staying at home,5,Extremely severe,3,Moderately severe,Do less,0.04730586940376288,0.05253626106980296,0.005230391666040085,11.056538505608865,1077
flooding,Flooding,Home,Staying at home,5,Extremely severe,3,Moderately severe,About the same,0.4293770572058289,0.44440112729459996,0.015024070088771047,3.4990388602828895,1077
flooding,Flooding,Home,Staying at home,5,Extremely severe,3,Moderately severe,Do more,0.523317073390408,0.503062611635597,-0.02025446175481105,-3.8703995693449693,1077
flooding,Flooding,Home,Staying at home,5,Extremely severe,4,Very severe,Do less,0.04730586940376288,0.06556888994228871,0.018263020538525833,38.606246473663006,1077
flooding,Flooding,Home,Staying at home,5,Extremely severe,4,Very severe,About the same,0.4293770572058289,0.47561527253522584,0.046238215329396926,10.76867395530914,1077
flooding,Flooding,Home,Staying at home,5,Extremely severe,4,Very severe,Do more,0.523317073390408,0.45881583752248467,-0.06450123586792333,-12.325459868916555,1077
flooding,Flooding,Transit,Taking public transit,1,Not severe at all,2,Slightly severe,Do less,0.23017360286009572,0.24795768702466217,0.01778408416456645,7.7263786740028495,1077
flooding,Flooding,Transit,Taking public transit,1,Not severe at all,2,Slightly severe,About the same,0.638001945716395,0.6320495624077132,-0.005952383308681863,-0.9329725949343454,1077
flooding,Flooding,Transit,Taking public transit,1,Not severe at all,2,Slightly severe,Do more,0.13182445142350974,0.119992750567624,-0.011831700855885738,-8.975346172975355,1077
flooding,Flooding,Transit,Taking public transit,1,Not severe at all,3,Moderately severe,Do less,0.23017360286009572,0.23000267945680736,-0.00017092340328836442,-0.0742584732412844,1077
flooding,Flooding,Transit,Taking public transit,1,Not severe at all,3,Moderately severe,About the same,0.638001945716395,0.6380528982228978,5.095250650277716e-05,0.007986261929901166,1077
flooding,Flooding,Transit,Taking public transit,1,Not severe at all,3,Moderately severe,Do more,0.13182445142350974,0.13194442232029563,0.00011997089678589257,0.09100807588454475,1077
flooding,Flooding,Transit,Taking public transit,1,Not severe at all,4,Very severe,Do less,0.23017360286009572,0.2050176082993281,-0.025155994560767614,-10.929139679000441,1077
flooding,Flooding,Transit,Taking public transit,1,Not severe at all,4,Very severe,About the same,0.638001945716395,0.6440506189814706,0.0060486732650756325,0.9480650185609923,1077
flooding,Flooding,Transit,Taking public transit,1,Not severe at all,4,Very severe,Do more,0.13182445142350974,0.15093177271920144,0.019107321295691704,14.494519862863681,1077
flooding,Flooding,Transit,Taking public transit,1,Not severe at all,5,Extremely severe,Do less,0.23017360286009572,0.23707782924339224,0.006904226383296519,2.999573494747376,1077
flooding,Flooding,Transit,Taking public transit,1,Not severe at all,5,Extremely severe,About the same,0.638001945716395,0.6358411983700802,-0.002160747346314773,-0.3386740997926783,1077
flooding,Flooding,Transit,Taking public transit,1,Not severe at all,5,Extremely severe,Do more,0.13182445142350974,0.12708097238652766,-0.004743479036982079,-3.5983301927370066,1077
flooding,Flooding,Transit,Taking public transit,2,Slightly severe,1,Not severe at all,Do less,0.24795768702466217,0.23017360286009572,-0.01778408416456645,-7.172225381662647,1077
flooding,Flooding,Transit,Taking public transit,2,Slightly severe,1,Not severe at all,About the same,0.6320495624077132,0.638001945716395,0.005952383308681863,0.9417589478279219,1077
flooding,Flooding,Transit,Taking public transit,2,Slightly severe,1,Not severe at all,Do more,0.119992750567624,0.13182445142350974,0.011831700855885738,9.86034639585812,1077
flooding,Flooding,Transit,Taking public transit,2,Slightly severe,3,Moderately severe,Do less,0.24795768702466217,0.23000267945680736,-0.017955007567854814,-7.241157869838085,1077
flooding,Flooding,Transit,Taking public transit,2,Slightly severe,3,Moderately severe,About the same,0.6320495624077132,0.6380528982228978,0.0060033358151846405,0.9498204210941448,1077
flooding,Flooding,Transit,Taking public transit,2,Slightly severe,3,Moderately severe,Do more,0.119992750567624,0.13194442232029563,0.01195167175267163,9.960328183273088,1077
flooding,Flooding,Transit,Taking public transit,2,Slightly severe,4,Very severe,Do less,0.24795768702466217,0.2050176082993281,-0.04294007872533406,-17.317502530608454,1077
flooding,Flooding,Transit,Taking public transit,2,Slightly severe,4,Very severe,About the same,0.6320495624077132,0.6440506189814706,0.012001056573757496,1.8987524535324387,1077
flooding,Flooding,Transit,Taking public transit,2,Slightly severe,4,Very severe,Do more,0.119992750567624,0.15093177271920144,0.03093902215157744,25.78407612561662,1077
flooding,Flooding,Transit,Taking public transit,2,Slightly severe,5,Extremely severe,Do less,0.24795768702466217,0.23707782924339224,-0.01087985778126993,-4.3877880584471685,1077
flooding,Flooding,Transit,Taking public transit,2,Slightly severe,5,Extremely severe,About the same,0.6320495624077132,0.6358411983700802,0.0037916359623670903,0.5998953543964702,1077
flooding,Flooding,Transit,Taking public transit,2,Slightly severe,5,Extremely severe,Do more,0.119992750567624,0.12708097238652766,0.007088221818903659,5.907208381650497,1077
flooding,Flooding,Transit,Taking public transit,3,Moderately severe,1,Not severe at all,Do less,0.23000267945680736,0.23017360286009572,0.00017092340328836442,0.07431365742870072,1077
flooding,Flooding,Transit,Taking public transit,3,Moderately severe,1,Not severe at all,About the same,0.6380528982228978,0.638001945716395,-5.095250650277716e-05,-0.00798562417703765,1077
flooding,Flooding,Transit,Taking public transit,3,Moderately severe,1,Not severe at all,Do more,0.13194442232029563,0.13182445142350974,-0.00011997089678589257,-0.09092532649441044,1077
flooding,Flooding,Transit,Taking public transit,3,Moderately severe,2,Slightly severe,Do less,0.23000267945680736,0.24795768702466217,0.017955007567854814,7.806434086010993,1077
flooding,Flooding,Transit,Taking public transit,3,Moderately severe,2,Slightly severe,About the same,0.6380528982228978,0.6320495624077132,-0.0060033358151846405,-0.9408837154262767,1077
flooding,Flooding,Transit,Taking public transit,3,Moderately severe,2,Slightly severe,Do more,0.13194442232029563,0.119992750567624,-0.01195167175267163,-9.058110636657984,1077
flooding,Flooding,Transit,Taking public transit,3,Moderately severe,4,Very severe,Do less,0.23000267945680736,0.2050176082993281,-0.02498507115747925,-10.862947864992696,1077
flooding,Flooding,Transit,Taking public transit,3,Moderately severe,4,Very severe,About the same,0.6380528982228978,0.6440506189814706,0.005997720758572855,0.9400036854746184,1077
flooding,Flooding,Transit,Taking public transit,3,Moderately severe,4,Very severe,Do more,0.13194442232029563,0.15093177271920144,0.01898735039890581,14.390415346860163,1077
flooding,Flooding,Transit,Taking public transit,3,Moderately severe,5,Extremely severe,Do less,0.23000267945680736,0.23707782924339224,0.007075149786584883,3.0761162449472854,1077
flooding,Flooding,Transit,Taking public transit,3,Moderately severe,5,Extremely severe,About the same,0.6380528982228978,0.6358411983700802,-0.00221169985281755,-0.34663267872892156,1077
flooding,Flooding,Transit,Taking public transit,3,Moderately severe,5,Extremely severe,Do more,0.13194442232029563,0.12708097238652766,-0.0048634499337679715,-3.6859837257553236,1077
flooding,Flooding,Transit,Taking public transit,4,Very severe,1,Not severe at all,Do less,0.2050176082993281,0.23017360286009572,0.025155994560767614,12.270162923781438,1077
flooding,Flooding,Transit,Taking public transit,4,Very severe,1,Not severe at all,About the same,0.6440506189814706,0.638001945716395,-0.0060486732650756325,-0.9391611601338516,1077
flooding,Flooding,Transit,Taking public transit,4,Very severe,1,Not severe at all,Do more,0.15093177271920144,0.13182445142350974,-0.019107321295691704,-12.659575218293902,1077
flooding,Flooding,Transit,Taking public transit,4,Very severe,2,Slightly severe,Do less,0.2050176082993281,0.24795768702466217,0.04294007872533406,20.944580849192743,1077
flooding,Flooding,Transit,Taking public transit,4,Very severe,2,Slightly severe,About the same,0.6440506189814706,0.6320495624077132,-0.012001056573757496,-1.8633716388218806,1077
flooding,Flooding,Transit,Taking public transit,4,Very severe,2,Slightly severe,Do more,0.15093177271920144,0.119992750567624,-0.03093902215157744,-20.49868069139918,1077
flooding,Flooding,Transit,Taking public transit,4,Very severe,3,Moderately severe,Do less,0.2050176082993281,0.23000267945680736,0.02498507115747925,12.186792814888735,1077
flooding,Flooding,Transit,Taking public transit,4,Very severe,3,Moderately severe,About the same,0.6440506189814706,0.6380528982228978,-0.005997720758572855,-0.9312499020741428,1077
flooding,Flooding,Transit,Taking public transit,4,Very severe,3,Moderately severe,Do more,0.15093177271920144,0.13194442232029563,-0.01898735039890581,-12.580088378230684,1077
flooding,Flooding,Transit,Taking public transit,4,Very severe,5,Extremely severe,Do less,0.2050176082993281,0.23707782924339224,0.03206022094406413,15.637788973352881,1077
flooding,Flooding,Transit,Taking public transit,4,Very severe,5,Extremely severe,About the same,0.6440506189814706,0.6358411983700802,-0.008209420611390406,-1.274654564321844,1077
flooding,Flooding,Transit,Taking public transit,4,Very severe,5,Extremely severe,Do more,0.15093177271920144,0.12708097238652766,-0.023850800332673783,-15.802372093678787,1077
flooding,Flooding,Transit,Taking public transit,5,Extremely severe,1,Not severe at all,Do less,0.23707782924339224,0.23017360286009572,-0.006904226383296519,-2.9122193354522423,1077
flooding,Flooding,Transit,Taking public transit,5,Extremely severe,1,Not severe at all,About the same,0.6358411983700802,0.638001945716395,0.002160747346314773,0.33982499904907826,1077
flooding,Flooding,Transit,Taking public transit,5,Extremely severe,1,Not severe at all,Do more,0.12708097238652766,0.13182445142350974,0.004743479036982079,3.732643013270611,1077
flooding,Flooding,Transit,Taking public transit,5,Extremely severe,2,Slightly severe,Do less,0.23707782924339224,0.24795768702466217,0.01087985778126993,4.589150244876039,1077
flooding,Flooding,Transit,Taking public transit,5,Extremely severe,2,Slightly severe,About the same,0.6358411983700802,0.6320495624077132,-0.0037916359623670903,-0.5963180699971308,1077
flooding,Flooding,Transit,Taking public transit,5,Extremely severe,2,Slightly severe,Do more,0.12708097238652766,0.119992750567624,-0.007088221818903659,-5.5777207915471605,1077
flooding,Flooding,Transit,Taking public transit,5,Extremely severe,3,Moderately severe,Do less,0.23707782924339224,0.23000267945680736,-0.007075149786584883,-2.9843152390775822,1077
flooding,Flooding,Transit,Taking public transit,5,Extremely severe,3,Moderately severe,About the same,0.6358411983700802,0.6380528982228978,0.00221169985281755,0.34783840029350677,1077
flooding,Flooding,Transit,Taking public transit,5,Extremely severe,3,Moderately severe,Do more,0.12708097238652766,0.13194442232029563,0.0048634499337679715,3.8270480957411723,1077
flooding,Flooding,Transit,Taking public transit,5,Extremely severe,4,Very severe,Do less,0.23707782924339224,0.2050176082993281,-0.03206022094406413,-13.523078495522247,1077
flooding,Flooding,Transit,Taking public transit,5,Extremely severe,4,Very severe,About the same,0.6358411983700802,0.6440506189814706,0.008209420611390406,1.2911117795503801,1077
flooding,Flooding,Transit,Taking public transit,5,Extremely severe,4,Very severe,Do more,0.12708097238652766,0.15093177271920144,0.023850800332673783,18.768191559102597,1077
flooding,Flooding,Usual,Go about business as usual,1,Not severe at all,2,Slightly severe,Do less,0.17497238070801124,0.3188672036792647,0.14389482297125344,82.23859239326514,1077
flooding,Flooding,Usual,Go about business as usual,1,Not severe at all,2,Slightly severe,About the same,0.2116257190334544,0.25073539443596565,0.03910967540251126,18.48058713332886,1077
flooding,Flooding,Usual,Go about business as usual,1,Not severe at all,2,Slightly severe,Do more,0.6134019002585345,0.43039740188476944,-0.18300449837376503,-29.834354653390044,1077
flooding,Flooding,Usual,Go about business as usual,1,Not severe at all,3,Moderately severe,Do less,0.17497238070801124,0.34034388431021456,0.16537150360220332,94.51291851493431,1077
flooding,Flooding,Usual,Go about business as usual,1,Not severe at all,3,Moderately severe,About the same,0.2116257190334544,0.2524247904855805,0.04079907145212608,19.27888143202313,1077
flooding,Flooding,Usual,Go about business as usual,1,Not severe at all,3,Moderately severe,Do more,0.6134019002585345,0.4072313252042055,-0.20617057505432895,-33.6110101659993,1077
flooding,Flooding,Usual,Go about business as usual,1,Not severe at all,4,Very severe,Do less,0.17497238070801124,0.3864893596016563,0.21151697889364507,120.88592384567161,1077
flooding,Flooding,Usual,Go about business as usual,1,Not severe at all,4,Very severe,About the same,0.2116257190334544,0.2532071454993399,0.04158142646588553,19.648569491363297,1077
flooding,Flooding,Usual,Go about business as usual,1,Not severe at all,4,Very severe,Do more,0.6134019002585345,0.36030349489900376,-0.2530984053595307,-41.261431575750855,1077
flooding,Flooding,Usual,Go about business as usual,1,Not severe at all,5,Extremely severe,Do less,0.17497238070801124,0.3690656992069275,0.19409331849891626,110.9279748686814,1077
flooding,Flooding,Usual,Go about business as usual,1,Not severe at all,5,Extremely severe,About the same,0.2116257190334544,0.25334764095454976,0.04172192192109536,19.714958140083077,1077
flooding,Flooding,Usual,Go about business as usual,1,Not severe at all,5,Extremely severe,Do more,0.6134019002585345,0.37758665983852335,-0.23581524042001112,-38.44383923829068,1077
flooding,Flooding,Usual,Go about business as usual,2,Slightly severe,1,Not severe at all,Do less,0.3188672036792647,0.17497238070801124,-0.14389482297125344,-45.126880817756124,1077
flooding,Flooding,Usual,Go about business as usual,2,Slightly severe,1,Not severe at all,About the same,0.25073539443596565,0.2116257190334544,-0.03910967540251126,-15.59798746821894,1077
flooding,Flooding,Usual,Go about business as usual,2,Slightly severe,1,Not severe at all,Do more,0.43039740188476944,0.6134019002585345,0.18300449837376503,42.51988919365293,1077
flooding,Flooding,Usual,Go about business as usual,2,Slightly severe,3,Moderately severe,Do less,0.3188672036792647,0.34034388431021456,0.021476680630949874,6.735305601560823,1077
flooding,Flooding,Usual,Go about business as usual,2,Slightly severe,3,Moderately severe,About the same,0.25073539443596565,0.2524247904855805,0.001689396049614822,0.6737764540244319,1077
flooding,Flooding,Usual,Go about business as usual,2,Slightly severe,3,Moderately severe,Do more,0.43039740188476944,0.4072313252042055,-0.02316607668056392,-5.382485251796707,1077
flooding,Flooding,Usual,Go about business as usual,2,Slightly severe,4,Very severe,Do less,0.3188672036792647,0.3864893596016563,0.06762215592239162,21.206996248635825,1077
flooding,Flooding,Usual,Go about business as usual,2,Slightly severe,4,Very severe,About the same,0.25073539443596565,0.2532071454993399,0.0024717510633742723,0.985800616197217,1077
flooding,Flooding,Usual,Go about business as usual,2,Slightly severe,4,Very severe,Do more,0.43039740188476944,0.36030349489900376,-0.07009390698576567,-16.285857367822114,1077
flooding,Flooding,Usual,Go about business as usual,2,Slightly severe,5,Extremely severe,Do less,0.3188672036792647,0.3690656992069275,0.05019849552766281,15.742759038384957,1077
flooding,Flooding,Usual,Go about business as usual,2,Slightly severe,5,Extremely severe,About the same,0.25073539443596565,0.25334764095454976,0.002612246518584105,1.0418339718093674,1077
flooding,Flooding,Usual,Go about business as usual,2,Slightly severe,5,Extremely severe,Do more,0.43039740188476944,0.37758665983852335,-0.052810742046246084,-12.270227890545012,1077
flooding,Flooding,Usual,Go about business as usual,3,Moderately severe,1,Not severe at all,Do less,0.34034388431021456,0.17497238070801124,-0.16537150360220332,-48.58953288887998,1077
flooding,Flooding,Usual,Go about business as usual,3,Moderately severe,1,Not severe at all,About the same,0.2524247904855805,0.2116257190334544,-0.04079907145212608,-16.16286236135618,1077
flooding,Flooding,Usual,Go about business as usual,3,Moderately severe,1,Not severe at all,Do more,0.4072313252042055,0.6134019002585345,0.20617057505432895,50.627386031991776,1077
flooding,Flooding,Usual,Go about business as usual,3,Moderately severe,2,Slightly severe,Do less,0.34034388431021456,0.3188672036792647,-0.021476680630949874,-6.31028839389235,1077
flooding,Flooding,Usual,Go about business as usual,3,Moderately severe,2,Slightly severe,About the same,0.2524247904855805,0.25073539443596565,-0.001689396049614822,-0.669267089957762,1077
flooding,Flooding,Usual,Go about business as usual,3,Moderately severe,2,Slightly severe,Do more,0.4072313252042055,0.43039740188476944,0.02316607668056392,5.688677478076453,1077
flooding,Flooding,Usual,Go about business as usual,3,Moderately severe,4,Very severe,Do less,0.34034388431021456,0.3864893596016563,0.04614547529144175,13.558485231772627,1077
flooding,Flooding,Usual,Go about business as usual,3,Moderately severe,4,Very severe,About the same,0.2524247904855805,0.2532071454993399,0.0007823550137594504,0.3099358871426464,1077
flooding,Flooding,Usual,Go about business as usual,3,Moderately severe,4,Very severe,Do more,0.4072313252042055,0.36030349489900376,-0.046927830305201756,-11.523629789940612,1077
flooding,Flooding,Usual,Go about business as usual,3,Moderately severe,5,Extremely severe,Do less,0.34034388431021456,0.3690656992069275,0.02872181489671294,8.439057148014962,1077
flooding,Flooding,Usual,Go about business as usual,3,Moderately severe,5,Extremely severe,About the same,0.2524247904855805,0.25334764095454976,0.0009228504689692829,0.36559422994628565,1077
flooding,Flooding,Usual,Go about business as usual,3,Moderately severe,5,Extremely severe,Do more,0.4072313252042055,0.37758665983852335,-0.029644665365682166,-7.279564102986649,1077
flooding,Flooding,Usual,Go about business as usual,4,Very severe,1,Not severe at all,Do less,0.3864893596016563,0.17497238070801124,-0.21151697889364507,-54.72776252149597,1077
flooding,Flooding,Usual,Go about business as usual,4,Very severe,1,Not severe at all,About the same,0.2532071454993399,0.2116257190334544,-0.04158142646588553,-16.421900884307362,1077
flooding,Flooding,Usual,Go about business as usual,4,Very severe,1,Not severe at all,Do more,0.36030349489900376,0.6134019002585345,0.2530984053595307,70.24589240536687,1077
flooding,Flooding,Usual,Go about business as usual,4,Very severe,2,Slightly severe,Do less,0.3864893596016563,0.3188672036792647,-0.06762215592239162,-17.49651167423804,1077
flooding,Flooding,Usual,Go about business as usual,4,Very severe,2,Slightly severe,About the same,0.2532071454993399,0.25073539443596565,-0.0024717510633742723,-0.9761774528518256,1077
flooding,Flooding,Usual,Go about business as usual,4,Very severe,2,Slightly severe,Do more,0.36030349489900376,0.43039740188476944,0.07009390698576567,19.454129082320897,1077
flooding,Flooding,Usual,Go about business as usual,4,Very severe,3,Moderately severe,Do less,0.3864893596016563,0.34034388431021456,-0.04614547529144175,-11.939649603549912,1077
flooding,Flooding,Usual,Go about business as usual,4,Very severe,3,Moderately severe,About the same,0.2532071454993399,0.2524247904855805,-0.0007823550137594504,-0.30897825265420475,1077
flooding,Flooding,Usual,Go about business as usual,4,Very severe,3,Moderately severe,Do more,0.36030349489900376,0.4072313252042055,0.046927830305201756,13.02452820180277,1077
flooding,Flooding,Usual,Go about business as usual,4,Very severe,5,Extremely severe,Do less,0.3864893596016563,0.3690656992069275,-0.017423660394728813,-4.5081863088512675,1077
flooding,Flooding,Usual,Go about business as usual,4,Very severe,5,Extremely severe,About the same,0.2532071454993399,0.25334764095454976,0.00014049545520983253,0.05548637062858828,1077
flooding,Flooding,Usual,Go about business as usual,4,Very severe,5,Extremely severe,Do more,0.36030349489900376,0.37758665983852335,0.01728316493951959,4.796835219254316,1077
flooding,Flooding,Usual,Go about business as usual,5,Extremely severe,1,Not severe at all,Do less,0.3690656992069275,0.17497238070801124,-0.19409331849891626,-52.59045175858842,1077
flooding,Flooding,Usual,Go about business as usual,5,Extremely severe,1,Not severe at all,About the same,0.25334764095454976,0.2116257190334544,-0.04172192192109536,-16.46824962091525,1077
flooding,Flooding,Usual,Go about business as usual,5,Extremely severe,1,Not severe at all,Do more,0.37758665983852335,0.6134019002585345,0.23581524042001112,62.45327642688928,1077
flooding,Flooding,Usual,Go about business as usual,5,Extremely severe,2,Slightly severe,Do less,0.3690656992069275,0.3188672036792647,-0.05019849552766281,-13.601506624845555,1077
flooding,Flooding,Usual,Go about business as usual,5,Extremely severe,2,Slightly severe,About the same,0.25334764095454976,0.25073539443596565,-0.002612246518584105,-1.0310917081137292,1077
flooding,Flooding,Usual,Go about business as usual,5,Extremely severe,2,Slightly severe,Do more,0.37758665983852335,0.43039740188476944,0.052810742046246084,13.986389791639048,1077
flooding,Flooding,Usual,Go about business as usual,5,Extremely severe,3,Moderately severe,Do less,0.3690656992069275,0.34034388431021456,-0.02872181489671294,-7.782304060884621,1077
flooding,Flooding,Usual,Go about business as usual,5,Extremely severe,3,Moderately severe,About the same,0.25334764095454976,0.2524247904855805,-0.0009228504689692829,-0.364262507237966,1077
flooding,Flooding,Usual,Go about business as usual,5,Extremely severe,3,Moderately severe,Do more,0.37758665983852335,0.4072313252042055,0.029644665365682166,7.851089172048568,1077
flooding,Flooding,Usual,Go about business as usual,5,Extremely severe,4,Very severe,Do less,0.3690656992069275,0.3864893596016563,0.017423660394728813,4.721018624101322,1077
flooding,Flooding,Usual,Go about business as usual,5,Extremely severe,4,Very severe,About the same,0.25334764095454976,0.2532071454993399,-0.00014049545520983253,-0.05545560032865561,1077
flooding,Flooding,Usual,Go about business as usual,5,Extremely severe,4,Very severe,Do more,0.37758665983852335,0.36030349489900376,-0.01728316493951959,-4.5772710685570335,1077
flooding,Flooding,WFH,Working from home,1,Not severe at all,2,Slightly severe,Do less,0.12105309464931999,0.09427008338198498,-0.02678301126733501,-22.125011628098402,585
flooding,Flooding,WFH,Working from home,1,Not severe at all,2,Slightly severe,About the same,0.6382914073264974,0.6176337049204096,-0.020657702406087775,-3.2364061569641334,585
flooding,Flooding,WFH,Working from home,1,Not severe at all,2,Slightly severe,Do more,0.24065549802418365,0.28809621169760646,0.04744071367342281,19.713122726435888,585
flooding,Flooding,WFH,Working from home,1,Not severe at all,3,Moderately severe,Do less,0.12105309464931999,0.08828600144474832,-0.03276709320457166,-27.068364753082115,585
flooding,Flooding,WFH,Working from home,1,Not severe at all,3,Moderately severe,About the same,0.6382914073264974,0.6110401354676129,-0.02725127185888443,-4.2694091673624746,585
flooding,Flooding,WFH,Working from home,1,Not severe at all,3,Moderately severe,Do more,0.24065549802418365,0.30067386308763877,0.06001836506345512,24.93953620682451,585
flooding,Flooding,WFH,Working from home,1,Not severe at all,4,Very severe,Do less,0.12105309464931999,0.09236291089654644,-0.028690183752773546,-23.70049591535553,585
flooding,Flooding,WFH,Working from home,1,Not severe at all,4,Very severe,About the same,0.6382914073264974,0.6156249416190425,-0.022666465707454897,-3.55111559505306,585
flooding,Flooding,WFH,Working from home,1,Not severe at all,4,Very severe,Do more,0.24065549802418365,0.2920121474844112,0.05135664946022753,21.340318372891133,585
flooding,Flooding,WFH,Working from home,1,Not severe at all,5,Extremely severe,Do less,0.12105309464931999,0.046297543710659785,-0.07475555093866021,-61.754349325162124,585
flooding,Flooding,WFH,Working from home,1,Not severe at all,5,Extremely severe,About the same,0.6382914073264974,0.529776616557946,-0.10851479076855142,-17.000822746943886,585
flooding,Flooding,WFH,Working from home,1,Not severe at all,5,Extremely severe,Do more,0.24065549802418365,0.4239258397313932,0.18327034170720954,76.15464562907786,585
flooding,Flooding,WFH,Working from home,2,Slightly severe,1,Not severe at all,Do less,0.09427008338198498,0.12105309464931999,0.02678301126733501,28.410934101765363,585
flooding,Flooding,WFH,Working from home,2,Slightly severe,1,Not severe at all,About the same,0.6176337049204096,0.6382914073264974,0.020657702406087775,3.3446527029721924,585
flooding,Flooding,WFH,Working from home,2,Slightly severe,1,Not severe at all,Do more,0.28809621169760646,0.24065549802418365,-0.04744071367342281,-16.46696893162131,585
flooding,Flooding,WFH,Working from home,2,Slightly severe,3,Moderately severe,Do less,0.09427008338198498,0.08828600144474832,-0.005984081937236652,-6.3478059237403945,585
flooding,Flooding,WFH,Working from home,2,Slightly severe,3,Moderately severe,About the same,0.6176337049204096,0.6110401354676129,-0.006593569452796655,-1.0675533735074132,585
flooding,Flooding,WFH,Working from home,2,Slightly severe,3,Moderately severe,Do more,0.28809621169760646,0.30067386308763877,0.012577651390032307,4.365781596334959,585
flooding,Flooding,WFH,Working from home,2,Slightly severe,4,Very severe,Do less,0.09427008338198498,0.09236291089654644,-0.0019071724854385352,-2.023094089893418,585
flooding,Flooding,WFH,Working from home,2,Slightly severe,4,Very severe,About the same,0.6176337049204096,0.6156249416190425,-0.0020087633013671224,-0.3252353758164766,585
flooding,Flooding,WFH,Working from home,2,Slightly severe,4,Very severe,Do more,0.28809621169760646,0.2920121474844112,0.003915935786804714,1.3592458448967686,585
flooding,Flooding,WFH,Working from home,2,Slightly severe,5,Extremely severe,Do less,0.09427008338198498,0.046297543710659785,-0.04797253967132519,-50.888402715142554,585
flooding,Flooding,WFH,Working from home,2,Slightly severe,5,Extremely severe,About the same,0.6176337049204096,0.529776616557946,-0.08785708836246364,-14.224788521504864,585
flooding,Flooding,WFH,Working from home,2,Slightly severe,5,Extremely severe,Do more,0.28809621169760646,0.4239258397313932,0.13582962803378673,47.14731486173,585
flooding,Flooding,WFH,Working from home,3,Moderately severe,1,Not severe at all,Do less,0.08828600144474832,0.12105309464931999,0.03276709320457166,37.11470977092349,585
flooding,Flooding,WFH,Working from home,3,Moderately severe,1,Not severe at all,About the same,0.6110401354676129,0.6382914073264974,0.02725127185888443,4.459817003351138,585
flooding,Flooding,WFH,Working from home,3,Moderately severe,1,Not severe at all,Do more,0.30067386308763877,0.24065549802418365,-0.06001836506345512,-19.961284445253327,585
flooding,Flooding,WFH,Working from home,3,Moderately severe,2,Slightly severe,Do less,0.08828600144474832,0.09427008338198498,0.005984081937236652,6.778064290273295,585
flooding,Flooding,WFH,Working from home,3,Moderately severe,2,Slightly severe,About the same,0.6110401354676129,0.6176337049204096,0.006593569452796655,1.0790730543012155,585
flooding,Flooding,WFH,Working from home,3,Moderately severe,2,Slightly severe,Do more,0.30067386308763877,0.28809621169760646,-0.012577651390032307,-4.1831542192831845,585
flooding,Flooding,WFH,Working from home,3,Moderately severe,4,Very severe,Do less,0.08828600144474832,0.09236291089654644,0.004076909451798116,4.6178435823141815,585
flooding,Flooding,WFH,Working from home,3,Moderately severe,4,Very severe,About the same,0.6110401354676129,0.6156249416190425,0.004584806151429532,0.7503281511812478,585
flooding,Flooding,WFH,Working from home,3,Moderately severe,4,Very severe,Do more,0.30067386308763877,0.2920121474844112,-0.008661715603227593,-2.8807677242976464,585
flooding,Flooding,WFH,Working from home,3,Moderately severe,5,Extremely severe,Do less,0.08828600144474832,0.046297543710659785,-0.04198845773408854,-47.559587077194806,585
flooding,Flooding,WFH,Working from home,3,Moderately severe,5,Extremely severe,About the same,0.6110401354676129,0.529776616557946,-0.08126351890966699,-13.299211327170541,585
flooding,Flooding,WFH,Working from home,3,Moderately severe,5,Extremely severe,Do more,0.30067386308763877,0.4239258397313932,0.12325197664375442,40.99191575152963,585
flooding,Flooding,WFH,Working from home,4,Very severe,1,Not severe at all,Do less,0.09236291089654644,0.12105309464931999,0.028690183752773546,31.062450797927703,585
flooding,Flooding,WFH,Working from home,4,Very severe,1,Not severe at all,About the same,0.6156249416190425,0.6382914073264974,0.022666465707454897,3.68186279910037,585
flooding,Flooding,WFH,Working from home,4,Very severe,1,Not severe at all,Do more,0.2920121474844112,0.24065549802418365,-0.05135664946022753,-17.587162007693244,585
flooding,Flooding,WFH,Working from home,4,Very severe,2,Slightly severe,Do less,0.09236291089654644,0.09427008338198498,0.0019071724854385352,2.064868318815455,585
flooding,Flooding,WFH,Working from home,4,Very severe,2,Slightly severe,About the same,0.6156249416190425,0.6176337049204096,0.0020087633013671224,0.3262966078151808,585
flooding,Flooding,WFH,Working from home,4,Very severe,2,Slightly severe,Do more,0.2920121474844112,0.28809621169760646,-0.003915935786804714,-1.341018111931033,585
flooding,Flooding,WFH,Working from home,4,Very severe,3,Moderately severe,Do less,0.09236291089654644,0.08828600144474832,-0.004076909451798116,-4.414011438384146,585
flooding,Flooding,WFH,Working from home,4,Very severe,3,Moderately severe,About the same,0.6156249416190425,0.6110401354676129,-0.004584806151429532,-0.7447401561366037,585
flooding,Flooding,WFH,Working from home,4,Very severe,3,Moderately severe,Do more,0.2920121474844112,0.30067386308763877,0.008661715603227593,2.9662175624697227,585
flooding,Flooding,WFH,Working from home,4,Very severe,5,Extremely severe,Do less,0.09236291089654644,0.046297543710659785,-0.046065367185886656,-49.8743129019433,585
flooding,Flooding,WFH,Working from home,4,Very severe,5,Extremely severe,About the same,0.6156249416190425,0.529776616557946,-0.08584832506109652,-13.944906916104236,585
flooding,Flooding,WFH,Working from home,4,Very severe,5,Extremely severe,Do more,0.2920121474844112,0.4239258397313932,0.13191369224698202,45.17404271821401,585
flooding,Flooding,WFH,Working from home,5,Extremely severe,1,Not severe at all,Do less,0.046297543710659785,0.12105309464931999,0.07475555093866021,161.46763941916882,585
flooding,Flooding,WFH,Working from home,5,Extremely severe,1,Not severe at all,About the same,0.529776616557946,0.6382914073264974,0.10851479076855142,20.483122013499113,585
flooding,Flooding,WFH,Working from home,5,Extremely severe,1,Not severe at all,Do more,0.4239258397313932,0.24065549802418365,-0.18327034170720954,-43.23169869129299,585
flooding,Flooding,WFH,Working from home,5,Extremely severe,2,Slightly severe,Do less,0.046297543710659785,0.09427008338198498,0.04797253967132519,103.6178937939633,585
flooding,Flooding,WFH,Working from home,5,Extremely severe,2,Slightly severe,About the same,0.529776616557946,0.6176337049204096,0.08785708836246364,16.58379883455162,585
flooding,Flooding,WFH,Working from home,5,Extremely severe,2,Slightly severe,Do more,0.4239258397313932,0.28809621169760646,-0.13582962803378673,-32.04089378459467,585
flooding,Flooding,WFH,Working from home,5,Extremely severe,3,Moderately severe,Do less,0.046297543710659785,0.08828600144474832,0.04198845773408854,90.69262506991468,585
flooding,Flooding,WFH,Working from home,5,Extremely severe,3,Moderately severe,About the same,0.529776616557946,0.6110401354676129,0.08126351890966699,15.339204557130268,585
flooding,Flooding,WFH,Working from home,5,Extremely severe,3,Moderately severe,Do more,0.4239258397313932,0.30067386308763877,-0.12325197664375442,-29.07394763240878,585
flooding,Flooding,WFH,Working from home,5,Extremely severe,4,Very severe,Do less,0.046297543710659785,0.09236291089654644,0.046065367185886656,99.49851221865217,585
flooding,Flooding,WFH,Working from home,5,Extremely severe,4,Very severe,About the same,0.529776616557946,0.6156249416190425,0.08584832506109652,16.204627078270942,585
flooding,Flooding,WFH,Working from home,5,Extremely severe,4,Very severe,Do more,0.4239258397313932,0.2920121474844112,-0.13191369224698202,-31.117162457132792,585
